instrument,side,signal_time,entry_time,exit_time,entry_open,exit_price,stop,exit_reason,gross,net,side_cost_bps,fees_slippage,bars_held
ADA,short,2023-01-22 00:00:00+00:00,2023-01-22 04:00:00+00:00,2023-01-22 08:00:00+00:00,0.36491,0.37639,0.37639,stop,-0.030500278965966077,-0.03243516921235412,9.988775255673833,0.0019348902463880435,1
ETH,long,2023-01-22 12:00:00+00:00,2023-01-22 16:00:00+00:00,2023-01-22 20:00:00+00:00,1635.25,1616.08,1616.08,stop,-0.011722978137899465,-0.012719039470822646,5.041924062981029,0.0009960613329231816,1
LINK,long,2023-01-22 12:00:00+00:00,2023-01-22 16:00:00+00:00,2023-01-22 20:00:00+00:00,7.039,6.828,6.828,stop,-0.029975848842164976,-0.03124316961872975,6.536688716426203,0.0012673207765647732,1
ETH,short,2023-01-23 12:00:00+00:00,2023-01-23 16:00:00+00:00,2023-01-24 04:00:00+00:00,1620.84,1639.19,1650.0,timeout,-0.011194553407475771,-0.012191147327345386,5.041924062981029,0.000996593919869615,3
ADA,long,2023-01-24 00:00:00+00:00,2023-01-24 04:00:00+00:00,2023-01-24 12:00:00+00:00,0.37896,0.37259,0.37259,stop,-0.016809161916825133,-0.01877137636791959,9.988775255673833,0.0019622144510944572,2
BNB,long,2023-01-24 00:00:00+00:00,2023-01-24 04:00:00+00:00,2023-01-24 16:00:00+00:00,322.21,316.14,303.14,timeout,-0.018838645603798776,-0.02010468848373237,6.455921962584254,0.0012660428799335932,3
ADA,long,2023-01-24 16:00:00+00:00,2023-01-24 20:00:00+00:00,2023-01-24 20:00:00+00:00,0.37896,0.37141,0.37141,stop,-0.019922947012877334,-0.021878947091465095,9.988775255673833,0.0019560000785877607,0
BTC,short,2023-01-24 20:00:00+00:00,2023-01-25 00:00:00+00:00,2023-01-25 12:00:00+00:00,22633.0,22601.1,23084.9,timeout,0.0014114357265797572,0.00040793184144027883,5.012959217987713,0.0010035038851394784,3
DOT,short,2023-01-24 20:00:00+00:00,2023-01-25 00:00:00+00:00,2023-01-25 12:00:00+00:00,6.192,6.176,6.525,timeout,0.002590673575129543,0.0007782908841726943,9.046674492363598,0.0018123826909568486,3
XRP,short,2023-01-24 20:00:00+00:00,2023-01-25 00:00:00+00:00,2023-01-25 12:00:00+00:00,0.4077,0.40532,0.42458,timeout,0.005871903681042179,0.004717270028524068,5.742762706652812,0.0011546336525181111,3
ETH,short,2023-01-26 12:00:00+00:00,2023-01-26 16:00:00+00:00,2023-01-27 04:00:00+00:00,1590.25,1565.87,1621.0,timeout,0.015569619444781635,0.014546050540068522,5.041924062981029,0.0010235689047131125,3
ADA,long,2023-01-29 00:00:00+00:00,2023-01-29 04:00:00+00:00,2023-01-29 16:00:00+00:00,0.38632,0.38894,0.37673,timeout,0.006781942431145271,0.004772645761547567,9.988775255673833,0.0020092966695977044,3
AVAX,short,2023-01-29 00:00:00+00:00,2023-01-29 04:00:00+00:00,2023-01-29 16:00:00+00:00,20.29,20.57,20.87,timeout,-0.01361205639280516,-0.015132039137875863,7.710732744665526,0.0015199827450707026,3
LINK,long,2023-01-29 16:00:00+00:00,2023-01-29 20:00:00+00:00,2023-01-30 00:00:00+00:00,7.453,7.266,7.266,stop,-0.025090567556688592,-0.026364270873796447,6.536688716426203,0.001273703317107855,1
XRP,long,2023-01-29 16:00:00+00:00,2023-01-29 20:00:00+00:00,2023-01-30 00:00:00+00:00,0.416,0.4103,0.4103,stop,-0.013701923076923084,-0.014834088064195838,5.742762706652812,0.0011321649872727546,1
DOT,long,2023-01-29 16:00:00+00:00,2023-01-29 20:00:00+00:00,2023-01-30 04:00:00+00:00,6.682,6.518,6.518,stop,-0.024543549835378764,-0.026306882003387266,9.046674492363598,0.0017633321680085023,2
AVAX,short,2023-01-30 08:00:00+00:00,2023-01-30 12:00:00+00:00,2023-01-31 00:00:00+00:00,19.97,19.73,21.31,timeout,0.012164216928535199,0.010604514019674216,7.710732744665526,0.0015597029088609826,3
DOT,short,2023-01-30 16:00:00+00:00,2023-01-30 20:00:00+00:00,2023-01-31 08:00:00+00:00,6.141,6.255,6.342,timeout,-0.018225419664268605,-0.02000017311322766,9.046674492363598,0.0017747534489590544,3
LINK,short,2023-01-30 16:00:00+00:00,2023-01-30 20:00:00+00:00,2023-01-31 08:00:00+00:00,6.893,7.035,7.103,timeout,-0.020184790334044078,-0.02146490296930348,6.536688716426203,0.0012801126352594006,3
ETH,long,2023-01-31 04:00:00+00:00,2023-01-31 08:00:00+00:00,2023-01-31 20:00:00+00:00,1579.94,1597.48,1561.51,timeout,0.011101687405850935,0.010082621625508326,5.041924062981029,0.0010190657803426095,3
ADA,short,2023-02-01 12:00:00+00:00,2023-02-01 16:00:00+00:00,2023-02-01 16:00:00+00:00,0.37515,0.38329,0.38329,stop,-0.021237183333768228,-0.02319056051006574,9.988775255673833,0.0019533771762975105,0
AVAX,short,2023-02-01 12:00:00+00:00,2023-02-01 16:00:00+00:00,2023-02-01 16:00:00+00:00,18.84,19.3,19.3,stop,-0.023834196891191706,-0.025338427743433756,7.710732744665526,0.00150423085224205,0
SOL,short,2023-02-01 12:00:00+00:00,2023-02-01 16:00:00+00:00,2023-02-01 16:00:00+00:00,22.815,23.68,23.68,stop,-0.03652871621621612,-0.03768436666706587,6.000925858297193,0.0011556504508497545,0
BTC,long,2023-02-01 16:00:00+00:00,2023-02-01 20:00:00+00:00,2023-02-02 08:00:00+00:00,23379.7,23787.1,22750.9,timeout,0.017425373293925794,0.016405822010092885,5.012959217987713,0.001019551283832909,3
DOT,long,2023-02-01 16:00:00+00:00,2023-02-01 20:00:00+00:00,2023-02-02 08:00:00+00:00,6.298,6.496,6.024,timeout,0.031438551921245006,0.029574020934115763,9.046674492363598,0.0018645309871292426,3
ETH,long,2023-02-01 16:00:00+00:00,2023-02-01 20:00:00+00:00,2023-02-02 08:00:00+00:00,1617.52,1665.3,1555.0,timeout,0.029539047430634513,0.02850139906565685,5.041924062981029,0.0010376483649776613,3
LINK,long,2023-02-01 16:00:00+00:00,2023-02-01 20:00:00+00:00,2023-02-02 08:00:00+00:00,7.007,7.24,6.667,timeout,0.03325246182389052,0.031902534287814976,6.536688716426203,0.0013499275360755458,3
ETH,long,2023-02-02 12:00:00+00:00,2023-02-02 16:00:00+00:00,2023-02-02 20:00:00+00:00,1677.88,1650.0,1650.0,stop,-0.01661620616492243,-0.017607335727579776,5.041924062981029,0.0009911295626573446,1
ADA,long,2023-02-03 08:00:00+00:00,2023-02-03 12:00:00+00:00,2023-02-03 12:00:00+00:00,0.40318,0.39799,0.39799,stop,-0.012872662334441176,-0.014842733099964311,9.988775255673833,0.0019700707655231353,0
AVAX,short,2023-02-02 20:00:00+00:00,2023-02-03 00:00:00+00:00,2023-02-03 12:00:00+00:00,21.2,21.33,22.44,timeout,-0.006094702297233856,-0.007626268971921646,7.710732744665526,0.0015315666746877898,3
ETH,long,2023-02-03 08:00:00+00:00,2023-02-03 12:00:00+00:00,2023-02-03 12:00:00+00:00,1648.74,1630.6,1630.6,stop,-0.011002341181750919,-0.011999128827834604,5.041924062981029,0.0009967876460836855,0
LINK,long,2023-02-03 08:00:00+00:00,2023-02-03 12:00:00+00:00,2023-02-03 12:00:00+00:00,7.221,7.07,7.07,stop,-0.020911231131422237,-0.02219039468359496,6.536688716426203,0.001279163552172724,0
BTC,long,2023-02-03 12:00:00+00:00,2023-02-03 16:00:00+00:00,2023-02-03 20:00:00+00:00,23601.8,23234.0,23234.0,stop,-0.015583557186316321,-0.016570030567501504,5.012959217987713,0.0009864733811851822,1
SOL,long,2023-02-03 12:00:00+00:00,2023-02-03 16:00:00+00:00,2023-02-04 04:00:00+00:00,24.872,24.47,24.04,timeout,-0.016162753296880106,-0.01734283201520992,6.000925858297193,0.0011800787183298134,3
DOT,short,2023-02-04 00:00:00+00:00,2023-02-04 04:00:00+00:00,2023-02-04 12:00:00+00:00,6.881,7.042,7.042,stop,-0.022862823061630122,-0.024629193478640343,9.046674492363598,0.0017663704170102212,2
LINK,short,2023-02-04 00:00:00+00:00,2023-02-04 04:00:00+00:00,2023-02-04 16:00:00+00:00,7.171,7.265,7.322,timeout,-0.012938747419132701,-0.014228326891607357,6.536688716426203,0.0012895794724746557,3
AVAX,short,2023-02-04 20:00:00+00:00,2023-02-05 00:00:00+00:00,2023-02-05 12:00:00+00:00,21.02,20.88,21.37,timeout,0.006704980842911823,0.0051536903895206265,7.710732744665526,0.0015512904533911964,3
DOT,short,2023-02-04 20:00:00+00:00,2023-02-05 00:00:00+00:00,2023-02-05 12:00:00+00:00,6.874,6.816,6.987,timeout,0.0085093896713615,0.006686307720090268,9.046674492363598,0.0018230819512712326,3
ETH,short,2023-02-04 20:00:00+00:00,2023-02-05 00:00:00+00:00,2023-02-05 12:00:00+00:00,1666.76,1662.68,1691.68,timeout,0.002453869656217522,0.001443519809448457,5.041924062981029,0.0010103498467690653,3
LINK,short,2023-02-05 08:00:00+00:00,2023-02-05 12:00:00+00:00,2023-02-06 00:00:00+00:00,7.179,6.984,7.245,timeout,0.027920962199312838,0.026578000180782935,6.536688716426203,0.001342962018529903,3
SOL,short,2023-02-05 08:00:00+00:00,2023-02-05 12:00:00+00:00,2023-02-06 00:00:00+00:00,24.202,23.476,24.464,timeout,0.03092520020446421,0.029688641116029757,6.000925858297193,0.0012365590884344524,3
ETH,long,2023-02-06 12:00:00+00:00,2023-02-06 16:00:00+00:00,2023-02-06 20:00:00+00:00,1648.37,1620.16,1620.16,stop,-0.017113876132178962,-0.01810450410489739,5.041924062981029,0.0009906279727184275,1
SOL,long,2023-02-06 12:00:00+00:00,2023-02-06 16:00:00+00:00,2023-02-06 20:00:00+00:00,23.489,22.803,22.803,stop,-0.029205159862063068,-0.03036959466522815,6.000925858297193,0.001164434803165082,1
ETH,long,2023-02-07 08:00:00+00:00,2023-02-07 12:00:00+00:00,2023-02-07 12:00:00+00:00,1640.85,1628.24,1628.24,stop,-0.007685041289575478,-0.00868517236475752,5.041924062981029,0.0010001310751820425,0
AVAX,long,2023-02-07 08:00:00+00:00,2023-02-07 12:00:00+00:00,2023-02-07 16:00:00+00:00,20.15,19.88,19.88,stop,-0.013399503722084316,-0.0149198140019694,7.710732744665526,0.0015203102798850843,1
LINK,long,2023-02-07 08:00:00+00:00,2023-02-07 12:00:00+00:00,2023-02-08 00:00:00+00:00,7.029,7.197,6.905,timeout,0.023900981647460462,0.022563271668138762,6.536688716426203,0.0013377099793216995,3
ADA,long,2023-02-07 16:00:00+00:00,2023-02-07 20:00:00+00:00,2023-02-08 08:00:00+00:00,0.39244,0.40013,0.3829,timeout,0.019595352155743484,0.01756048297595214,9.988775255673833,0.002034869179791343,3
BNB,long,2023-02-07 16:00:00+00:00,2023-02-07 20:00:00+00:00,2023-02-08 08:00:00+00:00,330.79,331.75,325.94,timeout,0.002902143353789244,0.001608047217436015,6.455921962584254,0.0012940961363532288,3
BTC,long,2023-02-07 16:00:00+00:00,2023-02-07 20:00:00+00:00,2023-02-08 08:00:00+00:00,23093.9,23238.0,22770.3,timeout,0.006239742962427242,0.005231400681302789,5.012959217987713,0.0010083422811244525,3
DOT,long,2023-02-07 16:00:00+00:00,2023-02-07 20:00:00+00:00,2023-02-08 08:00:00+00:00,6.777,6.904,6.59,timeout,0.018739855393241855,0.016898279833877483,9.046674492363598,0.0018415755593643723,3
ETH,long,2023-02-07 16:00:00+00:00,2023-02-07 20:00:00+00:00,2023-02-08 08:00:00+00:00,1656.34,1677.55,1624.1,timeout,0.012805341898402434,0.011784559044479392,5.041924062981029,0.0010207828539230412,3
XRP,long,2023-02-07 16:00:00+00:00,2023-02-07 20:00:00+00:00,2023-02-08 08:00:00+00:00,0.4001,0.40196,0.3911,timeout,0.0046488377905522515,0.003495608087216384,5.742762706652812,0.0011532297033358674,3
ADA,short,2023-02-08 12:00:00+00:00,2023-02-08 16:00:00+00:00,2023-02-09 04:00:00+00:00,0.39251,0.38203,0.40064,timeout,0.027432400596811846,0.02538189053723472,9.988775255673833,0.0020505100595771264,3
AVAX,short,2023-02-08 12:00:00+00:00,2023-02-08 16:00:00+00:00,2023-02-09 04:00:00+00:00,20.08,19.28,20.81,timeout,0.04149377593360981,0.03988887739568936,7.710732744665526,0.0016048985379204517,3
BNB,short,2023-02-08 12:00:00+00:00,2023-02-08 16:00:00+00:00,2023-02-09 04:00:00+00:00,327.3,319.82,332.54,timeout,0.02338815583765874,0.022067625547404823,6.455921962584254,0.0013205302902539184,3
DOT,short,2023-02-08 12:00:00+00:00,2023-02-08 16:00:00+00:00,2023-02-09 04:00:00+00:00,6.761,6.564,6.915,timeout,0.03001218769043268,0.028150235141255475,9.046674492363598,0.0018619525491772038,3
ETH,short,2023-02-08 12:00:00+00:00,2023-02-08 16:00:00+00:00,2023-02-09 04:00:00+00:00,1653.81,1619.51,1683.79,timeout,0.021179245574278527,0.020150022858380856,5.041924062981029,0.0010292227158976708,3
LINK,short,2023-02-08 12:00:00+00:00,2023-02-08 16:00:00+00:00,2023-02-09 04:00:00+00:00,7.089,6.941,7.303,timeout,0.021322575997694937,0.01998823466341837,6.536688716426203,0.0013343413342765675,3
SOL,short,2023-02-08 12:00:00+00:00,2023-02-08 16:00:00+00:00,2023-02-09 04:00:00+00:00,23.276,22.341,23.965,timeout,0.04185130477597232,0.040601640203350886,6.000925858297193,0.001249664572621434,3
XRP,short,2023-02-08 12:00:00+00:00,2023-02-08 16:00:00+00:00,2023-02-09 04:00:00+00:00,0.39732,0.39075,0.40227,timeout,0.0168138195777352,0.015646625772904432,5.742762706652812,0.0011671938048307684,3
BTC,short,2023-02-09 00:00:00+00:00,2023-02-09 04:00:00+00:00,2023-02-09 16:00:00+00:00,22521.4,22615.9,23016.6,timeout,-0.004178476204793946,-0.0051763784978801075,5.012959217987713,0.0009979022930861614,3
AVAX,short,2023-02-09 12:00:00+00:00,2023-02-09 16:00:00+00:00,2023-02-10 04:00:00+00:00,19.61,17.77,19.97,timeout,0.10354530106921778,0.10184478371506711,7.710732744665526,0.0017005173541506657,3
SOL,short,2023-02-09 12:00:00+00:00,2023-02-09 16:00:00+00:00,2023-02-10 04:00:00+00:00,22.675,20.787,23.0,timeout,0.0908259970173666,0.08951758899683826,6.000925858297193,0.00130840802052834,3
DOT,long,2023-02-10 04:00:00+00:00,2023-02-10 08:00:00+00:00,2023-02-10 12:00:00+00:00,6.286,6.163,6.163,stop,-0.01956729239580013,-0.02133962014205104,9.046674492363598,0.0017723277462509124,1
ADA,long,2023-02-10 04:00:00+00:00,2023-02-10 08:00:00+00:00,2023-02-10 20:00:00+00:00,0.36457,0.36497,0.35384,timeout,0.0010971829826920132,-0.000900768262692142,9.988775255673833,0.0019979512453841552,3
BNB,long,2023-02-10 04:00:00+00:00,2023-02-10 08:00:00+00:00,2023-02-10 20:00:00+00:00,307.76,308.5,302.2,timeout,0.0024044710163764194,0.0011110170521964058,6.455921962584254,0.0012934539641800136,3
DOT,long,2023-02-11 12:00:00+00:00,2023-02-11 16:00:00+00:00,2023-02-11 16:00:00+00:00,6.235,6.185,6.185,stop,-0.008019246190858142,-0.009812449334824058,9.046674492363598,0.0017932031439659157,0
SOL,long,2023-02-12 12:00:00+00:00,2023-02-12 16:00:00+00:00,2023-02-13 00:00:00+00:00,21.418,20.775,20.775,stop,-0.030021477262116014,-0.031184932920819475,6.000925858297193,0.0011634556587034606,2
ADA,short,2023-02-12 20:00:00+00:00,2023-02-13 00:00:00+00:00,2023-02-13 12:00:00+00:00,0.36446,0.35177,0.37374,timeout,0.03607470790573375,0.03400694986170083,9.988775255673833,0.002067758044032919,3
XRP,long,2023-02-13 16:00:00+00:00,2023-02-13 20:00:00+00:00,2023-02-14 08:00:00+00:00,0.37135,0.37037,0.36311,timeout,-0.002639019792648578,-0.0037838838128497754,5.742762706652812,0.0011448640202011973,3
BTC,long,2023-02-14 08:00:00+00:00,2023-02-14 12:00:00+00:00,2023-02-14 12:00:00+00:00,21805.0,21668.7,21668.7,stop,-0.006250859894519567,-0.0072466854736696895,5.012959217987713,0.0009958255791501225,0
ADA,long,2023-02-14 04:00:00+00:00,2023-02-14 08:00:00+00:00,2023-02-14 20:00:00+00:00,0.35968,0.38919,0.35441,timeout,0.08204515124555156,0.07988564715919311,9.988775255673833,0.0021595040863584547,3
SOL,long,2023-02-14 08:00:00+00:00,2023-02-14 12:00:00+00:00,2023-02-15 00:00:00+00:00,21.355,21.844,20.765,timeout,0.022898618590494024,0.021671687108836046,6.000925858297193,0.001226931481657978,3
AVAX,long,2023-02-14 12:00:00+00:00,2023-02-14 16:00:00+00:00,2023-02-15 04:00:00+00:00,18.01,18.04,17.25,timeout,0.0016657412548581885,0.00012221605982398742,7.710732744665526,0.001543525195034201,3
DOT,long,2023-02-14 12:00:00+00:00,2023-02-14 16:00:00+00:00,2023-02-15 04:00:00+00:00,6.204,6.181,6.008,timeout,-0.003707285622179146,-0.005508283495245236,9.046674492363598,0.0018009978730660903,3
ETH,long,2023-02-14 12:00:00+00:00,2023-02-14 16:00:00+00:00,2023-02-15 04:00:00+00:00,1544.7,1549.22,1485.0,timeout,0.0029261345245030768,0.001915308693001272,5.041924062981029,0.0010108258315018048,3
LINK,long,2023-02-14 12:00:00+00:00,2023-02-14 16:00:00+00:00,2023-02-15 04:00:00+00:00,6.752,6.782,6.528,timeout,0.004443127962085347,0.0031308393521318756,6.536688716426203,0.0013122886099534714,3
XRP,long,2023-02-14 12:00:00+00:00,2023-02-14 16:00:00+00:00,2023-02-15 04:00:00+00:00,0.3756,0.38025,0.36439,timeout,0.012380191693290632,0.011218087220351336,5.742762706652812,0.001162104472939296,3
ADA,long,2023-02-15 08:00:00+00:00,2023-02-15 12:00:00+00:00,2023-02-16 00:00:00+00:00,0.38989,0.41961,0.38185,timeout,0.07622662802328861,0.07407873632173745,9.988775255673833,0.0021478917015511634,3
AVAX,long,2023-02-15 08:00:00+00:00,2023-02-15 12:00:00+00:00,2023-02-16 00:00:00+00:00,18.37,19.95,17.91,timeout,0.08600979858464886,0.08433630270959824,7.710732744665526,0.0016734958750506124,3
DOT,long,2023-02-15 08:00:00+00:00,2023-02-15 12:00:00+00:00,2023-02-16 00:00:00+00:00,6.269,6.612,6.168,timeout,0.05471367044185671,0.05280706503388122,9.046674492363598,0.0019066054079754924,3
LINK,long,2023-02-15 08:00:00+00:00,2023-02-15 12:00:00+00:00,2023-02-16 00:00:00+00:00,6.849,7.284,6.745,timeout,0.06351292159439326,0.0621234592597979,6.536688716426203,0.0013894623345953594,3
SOL,long,2023-02-15 08:00:00+00:00,2023-02-15 12:00:00+00:00,2023-02-16 00:00:00+00:00,22.105,23.878,21.467,timeout,0.0802080977154489,0.07891242549755595,6.000925858297193,0.0012956722178929514,3
BNB,long,2023-02-15 16:00:00+00:00,2023-02-15 20:00:00+00:00,2023-02-16 08:00:00+00:00,307.45,319.97,301.1,timeout,0.04072206862904548,0.03937917150099013,6.455921962584254,0.0013428971280553537,3
XRP,long,2023-02-15 16:00:00+00:00,2023-02-15 20:00:00+00:00,2023-02-16 08:00:00+00:00,0.39406,0.40007,0.38473,timeout,0.015251484545500515,0.014086084134637966,5.742762706652812,0.0011654004108625493,3
ADA,long,2023-02-16 12:00:00+00:00,2023-02-16 16:00:00+00:00,2023-02-16 20:00:00+00:00,0.41249,0.39745,0.39745,stop,-0.03646148997551457,-0.0383844830662986,9.988775255673833,0.001922993090784031,1
AVAX,long,2023-02-16 12:00:00+00:00,2023-02-16 16:00:00+00:00,2023-02-16 20:00:00+00:00,20.03,19.31,19.31,stop,-0.03594608087868212,-0.03743164782207309,7.710732744665526,0.0014855669433909702,1
BNB,long,2023-02-16 12:00:00+00:00,2023-02-16 16:00:00+00:00,2023-02-16 20:00:00+00:00,324.94,315.2,315.2,stop,-0.029974764571921053,-0.0312264379456908,6.455921962584254,0.001251673373769746,1
BTC,long,2023-02-16 12:00:00+00:00,2023-02-16 16:00:00+00:00,2023-02-16 20:00:00+00:00,25072.6,24290.3,24290.3,stop,-0.031201391160071146,-0.03217221407381532,5.012959217987713,0.0009708229137441737,1
DOT,long,2023-02-16 12:00:00+00:00,2023-02-16 16:00:00+00:00,2023-02-16 20:00:00+00:00,6.65,6.468,6.468,stop,-0.027368421052631597,-0.02912664670226417,9.046674492363598,0.001758225649632572,1
ETH,long,2023-02-16 12:00:00+00:00,2023-02-16 16:00:00+00:00,2023-02-16 20:00:00+00:00,1724.19,1666.0,1666.0,stop,-0.03374918077474065,-0.03472304241236346,5.041924062981029,0.0009738616376228082,1
LINK,long,2023-02-16 12:00:00+00:00,2023-02-16 16:00:00+00:00,2023-02-16 20:00:00+00:00,7.385,7.138,7.138,stop,-0.03344617467840216,-0.03470896153070491,6.536688716426203,0.0012627868523027441,1
SOL,long,2023-02-17 12:00:00+00:00,2023-02-17 16:00:00+00:00,2023-02-18 04:00:00+00:00,22.788,23.357,22.432,timeout,0.024969282078286748,0.023739866907458884,6.000925858297193,0.0012294151708278633,3
BNB,long,2023-02-17 16:00:00+00:00,2023-02-17 20:00:00+00:00,2023-02-18 08:00:00+00:00,314.85,316.7,307.02,timeout,0.0058758138796251025,0.004577880663489298,6.455921962584254,0.0012979332161358048,3
BTC,short,2023-02-19 04:00:00+00:00,2023-02-19 08:00:00+00:00,2023-02-19 12:00:00+00:00,24583.4,24850.0,24850.0,stop,-0.010728370221327888,-0.011719708934392448,5.012959217987713,0.0009913387130645601,1
XRP,short,2023-02-19 00:00:00+00:00,2023-02-19 04:00:00+00:00,2023-02-19 12:00:00+00:00,0.3909,0.39572,0.39572,stop,-0.012180329525927402,-0.013314241140293559,5.742762706652812,0.0011339116143661565,2
AVAX,short,2023-02-19 16:00:00+00:00,2023-02-19 20:00:00+00:00,2023-02-20 04:00:00+00:00,19.67,20.43,20.43,stop,-0.03720019579050404,-0.03868383019504085,7.710732744665526,0.0014836344045368044,2
BTC,short,2023-02-19 16:00:00+00:00,2023-02-19 20:00:00+00:00,2023-02-20 08:00:00+00:00,24517.3,24503.8,25200.0,timeout,0.0005509349570271826,-0.00045170662932636496,5.012959217987713,0.0010026415863535476,3
DOT,short,2023-02-19 16:00:00+00:00,2023-02-19 20:00:00+00:00,2023-02-20 08:00:00+00:00,7.554,7.496,7.91,timeout,0.00773745997865527,0.005915773444328032,9.046674492363598,0.0018216865343272381,3
ETH,short,2023-02-19 16:00:00+00:00,2023-02-19 20:00:00+00:00,2023-02-20 08:00:00+00:00,1685.06,1695.57,1728.0,timeout,-0.006198505517318709,-0.007200134837193395,5.041924062981029,0.0010016293198746862,3
XRP,short,2023-02-19 16:00:00+00:00,2023-02-19 20:00:00+00:00,2023-02-20 08:00:00+00:00,0.38794,0.39098,0.39806,timeout,-0.007775333776663729,-0.008914301856284279,5.742762706652812,0.0011389680796205504,3
BNB,long,2023-02-20 00:00:00+00:00,2023-02-20 04:00:00+00:00,2023-02-20 16:00:00+00:00,316.4,317.24,307.44,timeout,0.0026548672566373277,0.0013610901933303055,6.455921962584254,0.0012937770633070222,3
AVAX,short,2023-02-21 08:00:00+00:00,2023-02-21 12:00:00+00:00,2023-02-21 16:00:00+00:00,20.11,20.95,20.95,stop,-0.040095465393794716,-0.041574638308440215,7.710732744665526,0.001479172914645499,1
DOT,short,2023-02-21 00:00:00+00:00,2023-02-21 04:00:00+00:00,2023-02-21 16:00:00+00:00,7.454,7.274,7.575,timeout,0.024745669507836077,0.022893237241110365,9.046674492363598,0.001852432266725712,3
ADA,short,2023-02-21 08:00:00+00:00,2023-02-21 12:00:00+00:00,2023-02-22 00:00:00+00:00,0.39469,0.39266,0.40614,timeout,0.005169867060561328,0.0031637877089714106,9.988775255673833,0.002006079351589918,3
BNB,short,2023-02-21 08:00:00+00:00,2023-02-21 12:00:00+00:00,2023-02-22 00:00:00+00:00,311.53,311.52,317.42,timeout,3.2100667693768514e-05,-0.0012582921051997875,6.455921962584254,0.001290392772893556,3
BTC,short,2023-02-21 08:00:00+00:00,2023-02-21 12:00:00+00:00,2023-02-22 00:00:00+00:00,24569.0,24454.4,25333.0,timeout,0.004686273226903959,0.0036794876614902883,5.012959217987713,0.0010067855654136704,3
ETH,short,2023-02-21 08:00:00+00:00,2023-02-21 12:00:00+00:00,2023-02-22 00:00:00+00:00,1669.7,1659.5,1715.0,timeout,0.006146429647484242,0.005132358155725436,5.041924062981029,0.0010140714917588056,3
LINK,short,2023-02-21 08:00:00+00:00,2023-02-21 12:00:00+00:00,2023-02-22 00:00:00+00:00,7.76,7.643,8.019,timeout,0.015308125081774149,0.013981641529797306,6.536688716426203,0.0013264835519768425,3
XRP,short,2023-02-21 08:00:00+00:00,2023-02-21 12:00:00+00:00,2023-02-22 00:00:00+00:00,0.39018,0.39191,0.40265,timeout,-0.004414278788497206,-0.005557105000732143,5.742762706652812,0.0011428262122349375,3
AVAX,long,2023-02-22 00:00:00+00:00,2023-02-22 04:00:00+00:00,2023-02-22 08:00:00+00:00,21.36,20.31,20.31,stop,-0.0491573033707865,-0.05062251237047044,7.710732744665526,0.0014652089996839424,1
BTC,short,2023-02-22 12:00:00+00:00,2023-02-22 16:00:00+00:00,2023-02-23 00:00:00+00:00,23718.0,24231.8,24231.8,stop,-0.021203542452479796,-0.022184384105438437,5.012959217987713,0.0009808416529586417,2
ETH,short,2023-02-22 12:00:00+00:00,2023-02-22 16:00:00+00:00,2023-02-23 00:00:00+00:00,1614.12,1649.99,1649.99,stop,-0.021739525694095208,-0.022725491582634594,5.041924062981029,0.0009859658885393863,2
LINK,long,2023-02-22 16:00:00+00:00,2023-02-22 20:00:00+00:00,2023-02-23 08:00:00+00:00,7.57,7.916,7.295,timeout,0.04570673712021134,0.04434053827602358,6.536688716426203,0.0013661988441877604,3
AVAX,short,2023-02-23 08:00:00+00:00,2023-02-23 12:00:00+00:00,2023-02-24 00:00:00+00:00,19.92,19.71,20.74,timeout,0.010654490106544845,0.009097113623847353,7.710732744665526,0.0015573764826974923,3
ETH,short,2023-02-23 08:00:00+00:00,2023-02-23 12:00:00+00:00,2023-02-24 00:00:00+00:00,1638.0,1650.75,1673.25,timeout,-0.007723761926397121,-0.008723853975953544,5.041924062981029,0.0010000920495564225,3
SOL,short,2023-02-23 08:00:00+00:00,2023-02-23 12:00:00+00:00,2023-02-24 00:00:00+00:00,23.756,23.928,24.633,timeout,-0.007188231360748976,-0.00837907470745558,6.000925858297193,0.0011908433467066049,3
ADA,short,2023-02-24 12:00:00+00:00,2023-02-24 16:00:00+00:00,2023-02-25 04:00:00+00:00,0.37203,0.36386,0.38517,timeout,0.022453690980047236,0.020413117237591205,9.988775255673833,0.002040573742456031,3
BTC,short,2023-02-24 12:00:00+00:00,2023-02-24 16:00:00+00:00,2023-02-25 04:00:00+00:00,23346.3,23078.9,24028.5,timeout,0.011586340770140646,0.010572640719491044,5.012959217987713,0.0010137000506496019,3
XRP,short,2023-02-24 12:00:00+00:00,2023-02-24 16:00:00+00:00,2023-02-25 04:00:00+00:00,0.38143,0.37781,0.39035,timeout,0.009581535692543941,0.00842264377817048,5.742762706652812,0.001158891914373461,3
SOL,long,2023-02-24 20:00:00+00:00,2023-02-25 00:00:00+00:00,2023-02-25 12:00:00+00:00,23.069,22.781,22.449,timeout,-0.012484286271619904,-0.013668777183803216,6.000925858297193,0.0011844909121833114,3
BTC,short,2023-02-25 08:00:00+00:00,2023-02-25 12:00:00+00:00,2023-02-25 20:00:00+00:00,22984.6,23150.0,23150.0,stop,-0.0071447084233261515,-0.008139638286250861,5.012959217987713,0.0009949298629247094,2
ADA,short,2023-02-25 16:00:00+00:00,2023-02-25 20:00:00+00:00,2023-02-26 08:00:00+00:00,0.35836,0.36171,0.36568,timeout,-0.009261563130684713,-0.011238840789078886,9.988775255673833,0.001977277658394172,3
XRP,short,2023-02-26 08:00:00+00:00,2023-02-26 12:00:00+00:00,2023-02-26 16:00:00+00:00,0.37676,0.37845,0.37845,stop,-0.004465583300303888,-0.005608350620431524,5.742762706652812,0.0011427673201276356,1
ADA,long,2023-02-26 16:00:00+00:00,2023-02-26 20:00:00+00:00,2023-02-27 08:00:00+00:00,0.36723,0.36277,0.35859,timeout,-0.012144977262206313,-0.014116500313602343,9.988775255673833,0.001971523051396029,3
LINK,long,2023-02-26 16:00:00+00:00,2023-02-26 20:00:00+00:00,2023-02-27 08:00:00+00:00,7.482,7.332,7.303,timeout,-0.020048115477145245,-0.021328406675881983,6.536688716426203,0.0012802911987367382,3
BNB,short,2023-02-28 16:00:00+00:00,2023-02-28 20:00:00+00:00,2023-03-01 04:00:00+00:00,302.11,304.97,304.97,stop,-0.009377971603764301,-0.010656222077182531,6.455921962584254,0.0012782504734182298,2
BTC,short,2023-02-28 16:00:00+00:00,2023-02-28 20:00:00+00:00,2023-03-01 04:00:00+00:00,23263.4,23599.8,23599.8,stop,-0.014254358087780306,-0.01524216344542595,5.012959217987713,0.0009878053576456436,2
LINK,short,2023-02-28 16:00:00+00:00,2023-02-28 20:00:00+00:00,2023-03-01 04:00:00+00:00,7.261,7.424,7.424,stop,-0.021955818965517238,-0.023233617780674454,6.536688716426203,0.0012777988151572162,2
ETH,long,2023-03-01 00:00:00+00:00,2023-03-01 04:00:00+00:00,2023-03-01 16:00:00+00:00,1638.0,1657.33,1593.3,timeout,0.011800976800976803,0.010781206223182238,5.041924062981029,0.0010197705777945654,3
SOL,long,2023-03-01 00:00:00+00:00,2023-03-01 04:00:00+00:00,2023-03-01 16:00:00+00:00,22.327,22.66,21.653,timeout,0.014914677296546719,0.013697322276077895,6.000925858297193,0.0012173550204688244,3
BNB,short,2023-03-02 00:00:00+00:00,2023-03-02 04:00:00+00:00,2023-03-02 16:00:00+00:00,299.73,297.88,303.87,timeout,0.006210554585739381,0.004912189436480752,6.455921962584254,0.001298365149258629,3
SOL,short,2023-03-02 00:00:00+00:00,2023-03-02 04:00:00+00:00,2023-03-02 16:00:00+00:00,22.045,21.825,22.66,timeout,0.010080183276059751,0.008868627063804757,6.000925858297193,0.0012115562122549939,3
XRP,short,2023-03-02 00:00:00+00:00,2023-03-02 04:00:00+00:00,2023-03-02 16:00:00+00:00,0.37771,0.37592,0.38462,timeout,0.00476165141519469,0.003608292213851172,5.742762706652812,0.0011533592013435179,3
DOT,short,2023-03-03 00:00:00+00:00,2023-03-03 04:00:00+00:00,2023-03-03 16:00:00+00:00,6.037,6.048,6.341,timeout,-0.0018187830687831363,-0.003623194787030215,9.046674492363598,0.0018044117182470787,3
SOL,long,2023-03-03 12:00:00+00:00,2023-03-03 16:00:00+00:00,2023-03-04 04:00:00+00:00,21.267,21.322,21.014,timeout,0.0025861663610287078,0.0013835989626309608,6.000925858297193,0.001202567398397747,3
AVAX,long,2023-03-03 20:00:00+00:00,2023-03-04 00:00:00+00:00,2023-03-04 12:00:00+00:00,16.66,16.74,16.36,timeout,0.004801920768307211,0.003253562851242009,7.710732744665526,0.0015483579170652018,3
LINK,long,2023-03-03 20:00:00+00:00,2023-03-04 00:00:00+00:00,2023-03-04 12:00:00+00:00,6.959,6.973,6.855,timeout,0.002011783302198644,0.0007026712044988503,6.536688716426203,0.0013091120976997939,3
BTC,short,2023-03-04 12:00:00+00:00,2023-03-04 16:00:00+00:00,2023-03-05 00:00:00+00:00,22318.1,22400.0,22400.0,stop,-0.0036562500000000275,-0.004654675610482717,5.012959217987713,0.0009984256104826894,2
ETH,short,2023-03-04 12:00:00+00:00,2023-03-04 16:00:00+00:00,2023-03-05 00:00:00+00:00,1562.5,1572.4,1572.4,stop,-0.0062961078605953125,-0.007297638809347418,5.041924062981029,0.0010015309487521051,2
XRP,short,2023-03-04 16:00:00+00:00,2023-03-04 20:00:00+00:00,2023-03-05 08:00:00+00:00,0.37279,0.37258,0.37926,timeout,0.0005636373396318284,-0.0005849029893409963,5.742762706652812,0.0011485403289728247,3
AVAX,short,2023-03-05 20:00:00+00:00,2023-03-06 00:00:00+00:00,2023-03-06 12:00:00+00:00,16.13,16.14,16.46,timeout,-0.0006195786864933162,-0.002159582298665197,7.710732744665526,0.0015400036121718808,3
DOT,short,2023-03-05 20:00:00+00:00,2023-03-06 00:00:00+00:00,2023-03-06 12:00:00+00:00,5.978,5.93,6.051,timeout,0.008094435075885364,0.006272103237842108,9.046674492363598,0.0018223318380432563,3
SOL,short,2023-03-05 20:00:00+00:00,2023-03-06 00:00:00+00:00,2023-03-06 12:00:00+00:00,20.967,20.691,21.33,timeout,0.013339132956357913,0.012123667746781752,6.000925858297193,0.0012154652095761609,3
ADA,long,2023-03-06 12:00:00+00:00,2023-03-06 16:00:00+00:00,2023-03-07 00:00:00+00:00,0.33585,0.32902,0.32902,stop,-0.02033645972904574,-0.02229163453486238,9.988775255673833,0.0019551748058166396,2
BNB,long,2023-03-06 12:00:00+00:00,2023-03-06 16:00:00+00:00,2023-03-07 04:00:00+00:00,287.89,288.48,283.09,timeout,0.0020493938657126787,0.0007563980758140687,6.455921962584254,0.00129299578989861,3
LINK,long,2023-03-07 00:00:00+00:00,2023-03-07 04:00:00+00:00,2023-03-07 08:00:00+00:00,6.946,6.833,6.833,stop,-0.016268355888280905,-0.017553585281445017,6.536688716426203,0.0012852293931641112,1
SOL,long,2023-03-07 00:00:00+00:00,2023-03-07 04:00:00+00:00,2023-03-07 08:00:00+00:00,20.795,20.431,20.431,stop,-0.017504207742245814,-0.0186826774324077,6.000925858297193,0.0011784696901618874,1
BTC,short,2023-03-07 12:00:00+00:00,2023-03-07 16:00:00+00:00,2023-03-08 04:00:00+00:00,22320.2,22154.0,22495.3,timeout,0.007502031235894213,0.006492424028944566,5.012959217987713,0.0010096072069496476,3
ETH,short,2023-03-07 12:00:00+00:00,2023-03-07 16:00:00+00:00,2023-03-08 04:00:00+00:00,1560.99,1562.69,1573.66,timeout,-0.0010878677152857952,-0.0020946479276618968,5.041924062981029,0.0010067802123761016,3
LINK,long,2023-03-07 20:00:00+00:00,2023-03-08 00:00:00+00:00,2023-03-08 12:00:00+00:00,6.886,6.798,6.663,timeout,-0.012779552715655007,-0.014069340173420541,6.536688716426203,0.0012897874577655344,3
BNB,long,2023-03-08 12:00:00+00:00,2023-03-08 16:00:00+00:00,2023-03-09 04:00:00+00:00,292.89,289.66,285.11,timeout,-0.011028031001399707,-0.012304152318443506,6.455921962584254,0.001276121317043799,3
DOT,short,2023-03-08 20:00:00+00:00,2023-03-09 00:00:00+00:00,2023-03-09 12:00:00+00:00,5.596,5.684,5.767,timeout,-0.015482054890921915,-0.017261767519096693,9.046674492363598,0.0017797126281747788,3
AVAX,long,2023-03-09 08:00:00+00:00,2023-03-09 12:00:00+00:00,2023-03-09 16:00:00+00:00,15.45,15.22,15.22,stop,-0.014886731391585695,-0.0164047499155644,7.710732744665526,0.0015180185239787036,1
DOT,short,2023-03-09 16:00:00+00:00,2023-03-09 20:00:00+00:00,2023-03-10 08:00:00+00:00,5.496,5.379,5.801,timeout,0.021751254880089332,0.01990423561528365,9.046674492363598,0.0018470192648056827,3
DOT,long,2023-03-10 20:00:00+00:00,2023-03-11 00:00:00+00:00,2023-03-11 04:00:00+00:00,5.55,5.436,5.436,stop,-0.020540540540540553,-0.022311108946576175,9.046674492363598,0.001770568406035622,1
BTC,long,2023-03-11 16:00:00+00:00,2023-03-11 20:00:00+00:00,2023-03-12 08:00:00+00:00,20223.6,20348.7,19990.7,timeout,0.006185842283273013,0.005177554015453278,5.012959217987713,0.0010082882678197347,3
DOT,long,2023-03-11 16:00:00+00:00,2023-03-11 20:00:00+00:00,2023-03-12 08:00:00+00:00,5.377,5.475,5.23,timeout,0.018225776455272458,0.016385130196163722,9.046674492363598,0.0018406462591087358,3
ETH,long,2023-03-11 16:00:00+00:00,2023-03-11 20:00:00+00:00,2023-03-12 08:00:00+00:00,1449.91,1462.99,1422.52,timeout,0.009021249594802327,0.008004280639149153,5.041924062981029,0.0010169689556531747,3
LINK,long,2023-03-11 16:00:00+00:00,2023-03-11 20:00:00+00:00,2023-03-12 08:00:00+00:00,6.104,6.17,5.924,timeout,0.010812581913499208,0.009491971715554381,6.536688716426203,0.001320610197944827,3
SOL,long,2023-03-11 16:00:00+00:00,2023-03-11 20:00:00+00:00,2023-03-12 08:00:00+00:00,17.966,17.906,17.007,timeout,-0.003339641545140992,-0.00453510114209843,6.000925858297193,0.0011954595969574378,3
BNB,long,2023-03-12 16:00:00+00:00,2023-03-12 20:00:00+00:00,2023-03-13 08:00:00+00:00,277.86,304.93,273.23,timeout,0.09742316274382778,0.09600710128233558,6.455921962584254,0.0014160614614922018,3
BTC,short,2023-03-13 08:00:00+00:00,2023-03-13 12:00:00+00:00,2023-03-13 12:00:00+00:00,22110.2,22541.4,22541.4,stop,-0.01912924663064408,-0.02011216691366624,5.012959217987713,0.0009829202830221595,0
ADA,long,2023-03-13 12:00:00+00:00,2023-03-13 16:00:00+00:00,2023-03-14 04:00:00+00:00,0.34641,0.34462,0.32761,timeout,-0.005167287318495473,-0.00715273617504808,9.988775255673833,0.0019854488565526074,3
DOT,long,2023-03-13 12:00:00+00:00,2023-03-13 16:00:00+00:00,2023-03-14 04:00:00+00:00,6.027,6.143,5.708,timeout,0.019246723079475725,0.017404231255632396,9.046674492363598,0.0018424918238433285,3
LINK,long,2023-03-13 12:00:00+00:00,2023-03-13 16:00:00+00:00,2023-03-14 04:00:00+00:00,6.765,6.756,6.394,timeout,-0.001330376940132938,-0.0026351225598345573,6.536688716426203,0.0013047456197016194,3
SOL,long,2023-03-13 12:00:00+00:00,2023-03-13 16:00:00+00:00,2023-03-14 04:00:00+00:00,20.739,20.424,18.877,timeout,-0.0151887747721684,-0.016370021744020802,6.000925858297193,0.001181246971852401,3
AVAX,short,2023-03-14 04:00:00+00:00,2023-03-14 08:00:00+00:00,2023-03-14 12:00:00+00:00,16.29,16.65,16.65,stop,-0.021621621621621623,-0.02312926196021592,7.710732744665526,0.001507640338594296,1
XRP,short,2023-03-14 04:00:00+00:00,2023-03-14 08:00:00+00:00,2023-03-14 12:00:00+00:00,0.36787,0.37327,0.37327,stop,-0.01446673989337477,-0.01559802695252277,5.742762706652812,0.0011312870591480007,1
BNB,long,2023-03-16 00:00:00+00:00,2023-03-16 04:00:00+00:00,2023-03-16 16:00:00+00:00,309.78,325.69,302.89,timeout,0.05135902898831435,0.050002406444080716,6.455921962584254,0.0013566225442336322,3
ADA,long,2023-03-18 08:00:00+00:00,2023-03-18 12:00:00+00:00,2023-03-18 12:00:00+00:00,0.35513,0.34623,0.34623,stop,-0.025061245177822267,-0.027006990438603662,9.988775255673833,0.0019457452607813952,0
ETH,short,2023-03-18 12:00:00+00:00,2023-03-18 16:00:00+00:00,2023-03-19 04:00:00+00:00,1786.4,1782.31,1845.0,timeout,0.00229477475859996,0.0012845852598630803,5.041924062981029,0.0010101894987368798,3
XRP,short,2023-03-19 20:00:00+00:00,2023-03-20 00:00:00+00:00,2023-03-20 12:00:00+00:00,0.386,0.38234,0.39726,timeout,0.00957263168907252,0.00841374999554545,5.742762706652812,0.0011588816935270696,3
ETH,long,2023-03-20 04:00:00+00:00,2023-03-20 08:00:00+00:00,2023-03-20 20:00:00+00:00,1791.38,1752.81,1736.0,timeout,-0.0215308868023536,-0.022517062973159918,5.041924062981029,0.0009861761708063188,3
SOL,long,2023-03-20 04:00:00+00:00,2023-03-20 08:00:00+00:00,2023-03-20 20:00:00+00:00,23.099,22.145,21.361,timeout,-0.04130048919866669,-0.04245041607301603,6.000925858297193,0.0011499268743493385,3
BTC,short,2023-03-21 04:00:00+00:00,2023-03-21 08:00:00+00:00,2023-03-21 08:00:00+00:00,27500.6,27962.4,27962.4,stop,-0.016515034474866352,-0.01750057443244124,5.012959217987713,0.000985539957574888,0
LINK,short,2023-03-20 16:00:00+00:00,2023-03-20 20:00:00+00:00,2023-03-21 08:00:00+00:00,7.11,6.886,7.446,timeout,0.032529770548939796,0.03118078719726114,6.536688716426203,0.0013489833516786565,3
AVAX,long,2023-03-21 08:00:00+00:00,2023-03-21 12:00:00+00:00,2023-03-22 00:00:00+00:00,16.94,17.43,16.32,timeout,0.02892561983471076,0.02734008830196455,7.710732744665526,0.0015855315327462094,3
BTC,short,2023-03-22 16:00:00+00:00,2023-03-22 20:00:00+00:00,2023-03-23 08:00:00+00:00,26660.5,27625.8,28910.1,timeout,-0.0349419745310543,-0.03590904904547765,5.012959217987713,0.0009670745144233495,3
ADA,long,2023-03-23 12:00:00+00:00,2023-03-23 16:00:00+00:00,2023-03-24 00:00:00+00:00,0.37955,0.36611,0.36611,stop,-0.03541035436701356,-0.03733544527380761,9.988775255673833,0.001925090906794047,2
BNB,long,2023-03-23 12:00:00+00:00,2023-03-23 16:00:00+00:00,2023-03-24 04:00:00+00:00,330.54,327.36,321.46,timeout,-0.00962062080232351,-0.010898558173020101,6.455921962584254,0.0012779373706965913,3
BTC,long,2023-03-23 12:00:00+00:00,2023-03-23 16:00:00+00:00,2023-03-24 04:00:00+00:00,28583.6,28225.0,27281.4,timeout,-0.01254565555073539,-0.013535173181252413,5.012959217987713,0.0009895176305170228,3
DOT,long,2023-03-23 12:00:00+00:00,2023-03-23 16:00:00+00:00,2023-03-24 04:00:00+00:00,6.38,6.284,6.096,timeout,-0.015047021943573657,-0.016827520980603583,9.046674492363598,0.0017804990370299256,3
ETH,long,2023-03-23 12:00:00+00:00,2023-03-23 16:00:00+00:00,2023-03-24 04:00:00+00:00,1837.73,1812.39,1741.67,timeout,-0.013788750251669146,-0.014782729541117035,5.041924062981029,0.0009939792894478883,3
SOL,long,2023-03-23 12:00:00+00:00,2023-03-23 16:00:00+00:00,2023-03-24 04:00:00+00:00,22.408,22.083,21.374,timeout,-0.014503748661192528,-0.01568581729815044,6.000925858297193,0.0011820686369579114,3
DOT,short,2023-03-24 08:00:00+00:00,2023-03-24 12:00:00+00:00,2023-03-25 00:00:00+00:00,6.088,6.022,6.331,timeout,0.010959814015277347,0.009132302433067396,9.046674492363598,0.0018275115822099508,3
ADA,long,2023-03-25 04:00:00+00:00,2023-03-25 08:00:00+00:00,2023-03-25 12:00:00+00:00,0.36121,0.35706,0.35706,stop,-0.011489161429639183,-0.013461993333044542,9.988775255673833,0.0019728319034053587,1
ETH,long,2023-03-26 20:00:00+00:00,2023-03-27 00:00:00+00:00,2023-03-27 04:00:00+00:00,1773.89,1754.01,1754.01,stop,-0.0112070083263337,-0.012203589693181471,5.041924062981029,0.0009965813668477708,1
ADA,short,2023-03-27 12:00:00+00:00,2023-03-27 16:00:00+00:00,2023-03-28 04:00:00+00:00,0.34339,0.34606,0.357,timeout,-0.007715425070797033,-0.009695788452050769,9.988775255673833,0.001980363381253736,3
AVAX,short,2023-03-27 12:00:00+00:00,2023-03-27 16:00:00+00:00,2023-03-28 04:00:00+00:00,16.44,16.42,16.97,timeout,0.0012180267965895553,-0.0003248084891088743,7.710732744665526,0.0015428352856984295,3
BNB,short,2023-03-27 12:00:00+00:00,2023-03-27 16:00:00+00:00,2023-03-28 04:00:00+00:00,314.18,307.82,329.98,timeout,0.0206614255084141,0.01934441365832651,6.455921962584254,0.0013170118500875905,3
DOT,short,2023-03-27 12:00:00+00:00,2023-03-27 16:00:00+00:00,2023-03-28 04:00:00+00:00,5.849,5.815,6.118,timeout,0.0058469475494411505,0.004028678493546378,9.046674492363598,0.0018182690558947723,3
SOL,short,2023-03-27 12:00:00+00:00,2023-03-27 16:00:00+00:00,2023-03-28 04:00:00+00:00,19.778,19.725,20.722,timeout,0.0026869455006335308,0.0014842572211468674,6.000925858297193,0.0012026882794866633,3
XRP,short,2023-03-27 12:00:00+00:00,2023-03-27 16:00:00+00:00,2023-03-28 04:00:00+00:00,0.45775,0.4733,0.48877,timeout,-0.032854426368054135,-0.03396460632448062,5.742762706652812,0.0011101799564264825,3
SOL,long,2023-03-28 08:00:00+00:00,2023-03-28 12:00:00+00:00,2023-03-29 00:00:00+00:00,20.091,20.45,19.611,timeout,0.01786869742670838,0.016647799161357613,6.000925858297193,0.0012208982653507672,3
AVAX,long,2023-03-28 16:00:00+00:00,2023-03-28 20:00:00+00:00,2023-03-29 08:00:00+00:00,16.78,17.2,16.34,timeout,0.02502979737783062,0.023450269145257163,7.710732744665526,0.0015795282325734572,3
BTC,long,2023-03-28 16:00:00+00:00,2023-03-28 20:00:00+00:00,2023-03-29 08:00:00+00:00,27426.5,28087.9,26742.9,timeout,0.024115362878967428,0.02308910762681471,5.012959217987713,0.001026255252152719,3
ETH,long,2023-03-28 16:00:00+00:00,2023-03-28 20:00:00+00:00,2023-03-29 08:00:00+00:00,1785.96,1804.78,1727.09,timeout,0.0105377500055992,0.009519252604593964,5.041924062981029,0.0010184974010052361,3
LINK,long,2023-03-28 16:00:00+00:00,2023-03-28 20:00:00+00:00,2023-03-29 08:00:00+00:00,7.014,7.169,6.773,timeout,0.022098659823210687,0.020763304548038652,6.536688716426203,0.0013353552751720343,3
BNB,long,2023-03-29 04:00:00+00:00,2023-03-29 08:00:00+00:00,2023-03-29 20:00:00+00:00,316.34,316.0,312.37,timeout,-0.0010747929443003512,-0.0023637574355256374,6.455921962584254,0.0012889644912252862,3
ADA,long,2023-03-30 08:00:00+00:00,2023-03-30 12:00:00+00:00,2023-03-30 16:00:00+00:00,0.38217,0.37436,0.37436,stop,-0.020435931653452588,-0.022390907937029247,9.988775255673833,0.0019549762835766593,1
AVAX,long,2023-03-30 08:00:00+00:00,2023-03-30 12:00:00+00:00,2023-03-31 00:00:00+00:00,17.37,17.23,17.08,timeout,-0.008059873344847479,-0.009588411772786243,7.710732744665526,0.0015285384279387637,3
AVAX,long,2023-03-31 12:00:00+00:00,2023-03-31 16:00:00+00:00,2023-04-01 04:00:00+00:00,17.55,17.77,17.07,timeout,0.012535612535612417,0.010975337321587064,7.710732744665526,0.0015602752140253529,3
ADA,short,2023-04-01 04:00:00+00:00,2023-04-01 08:00:00+00:00,2023-04-01 20:00:00+00:00,0.39116,0.39439,0.40297,timeout,-0.00818986282613654,-0.010169279342770121,9.988775255673833,0.001979416516633581,3
XRP,long,2023-04-02 00:00:00+00:00,2023-04-02 04:00:00+00:00,2023-04-02 16:00:00+00:00,0.51259,0.52196,0.5012,timeout,0.01827971673267137,0.01711084023426901,5.742762706652812,0.0011688764984023603,3
BNB,short,2023-04-03 00:00:00+00:00,2023-04-03 04:00:00+00:00,2023-04-03 16:00:00+00:00,309.83,310.41,314.21,timeout,-0.0018684965046230628,-0.0031564368393862674,6.455921962584254,0.0012879403347632046,3
XRP,short,2023-04-03 00:00:00+00:00,2023-04-03 04:00:00+00:00,2023-04-03 16:00:00+00:00,0.51244,0.50857,0.52495,timeout,0.007609571936999959,0.006452943626674923,5.742762706652812,0.0011566283103250363,3
DOT,long,2023-04-05 00:00:00+00:00,2023-04-05 04:00:00+00:00,2023-04-05 12:00:00+00:00,6.563,6.397,6.397,stop,-0.025293310985829542,-0.027055287810957673,9.046674492363598,0.001761976825128131,2
LINK,long,2023-04-05 00:00:00+00:00,2023-04-05 04:00:00+00:00,2023-04-05 12:00:00+00:00,7.6,7.334,7.334,stop,-0.03500000000000003,-0.03626075680479224,6.536688716426203,0.0012607568047922069,2
ADA,long,2023-04-05 00:00:00+00:00,2023-04-05 04:00:00+00:00,2023-04-05 16:00:00+00:00,0.39545,0.39234,0.38677,timeout,-0.007864458212163417,-0.009844524158806989,9.988775255673833,0.001980065946643572,3
BNB,long,2023-04-05 00:00:00+00:00,2023-04-05 04:00:00+00:00,2023-04-05 16:00:00+00:00,314.52,312.05,310.16,timeout,-0.007853236678112552,-0.009133454595303125,6.455921962584254,0.0012802179171905737,3
AVAX,short,2023-04-05 12:00:00+00:00,2023-04-05 16:00:00+00:00,2023-04-06 04:00:00+00:00,17.83,17.91,18.37,timeout,-0.004466778336125188,-0.00600085357384561,7.710732744665526,0.0015340752377204225,3
BTC,short,2023-04-05 12:00:00+00:00,2023-04-05 16:00:00+00:00,2023-04-06 04:00:00+00:00,28029.5,28136.8,28766.0,timeout,-0.003813511131329772,-0.0048117791520839726,5.012959217987713,0.0009982680207542005,3
ETH,short,2023-04-05 12:00:00+00:00,2023-04-05 16:00:00+00:00,2023-04-06 04:00:00+00:00,1897.44,1899.27,1947.0,timeout,-0.0009635280923723233,-0.0019704336237507114,5.041924062981029,0.0010069055313783881,3
AVAX,long,2023-04-06 08:00:00+00:00,2023-04-06 12:00:00+00:00,2023-04-07 00:00:00+00:00,17.92,17.98,17.71,timeout,0.0033482142857141906,0.001802096469802228,7.710732744665526,0.0015461178159119626,3
ETH,long,2023-04-07 12:00:00+00:00,2023-04-07 16:00:00+00:00,2023-04-08 04:00:00+00:00,1860.86,1868.31,1842.25,timeout,0.004003525251765394,0.0029916135433076807,5.041924062981029,0.0010119117084577134,3
LINK,long,2023-04-07 20:00:00+00:00,2023-04-08 00:00:00+00:00,2023-04-08 12:00:00+00:00,7.267,7.213,7.2,timeout,-0.007430851795789173,-0.008727627244312863,6.536688716426203,0.0012967754485236904,3
ADA,short,2023-04-08 16:00:00+00:00,2023-04-08 20:00:00+00:00,2023-04-09 00:00:00+00:00,0.38435,0.38927,0.38927,stop,-0.01263904230996471,-0.014609579325345234,9.988775255673833,0.0019705370153805246,1
BNB,short,2023-04-08 16:00:00+00:00,2023-04-08 20:00:00+00:00,2023-04-09 08:00:00+00:00,310.72,309.84,312.67,timeout,0.0028401755744902335,0.001546159398344793,6.455921962584254,0.0012940161761454405,3
SOL,short,2023-04-09 04:00:00+00:00,2023-04-09 08:00:00+00:00,2023-04-09 12:00:00+00:00,20.011,20.255,20.255,stop,-0.0120464082942483,-0.013231424425906635,6.000925858297193,0.001185016131658334,1
XRP,short,2023-04-09 12:00:00+00:00,2023-04-09 16:00:00+00:00,2023-04-09 16:00:00+00:00,0.50193,0.50554,0.50554,stop,-0.007140879060015037,-0.008280575425975267,5.742762706652812,0.00113969636596023,0
BNB,short,2023-04-10 12:00:00+00:00,2023-04-10 16:00:00+00:00,2023-04-10 16:00:00+00:00,312.23,313.45,313.45,stop,-0.003892167809857905,-0.005177496897616929,6.455921962584254,0.001285329087759024,0
BTC,long,2023-04-10 12:00:00+00:00,2023-04-10 16:00:00+00:00,2023-04-11 04:00:00+00:00,28437.0,30102.4,28160.4,timeout,0.05856454618982321,0.057503769772783375,5.012959217987713,0.0010607764170398326,3
BTC,long,2023-04-11 12:00:00+00:00,2023-04-11 16:00:00+00:00,2023-04-11 20:00:00+00:00,30195.8,29976.1,29976.1,stop,-0.0072758463097517545,-0.008270644760777324,5.012959217987713,0.0009947984510255692,1
SOL,long,2023-04-11 12:00:00+00:00,2023-04-11 16:00:00+00:00,2023-04-12 04:00:00+00:00,23.31,22.568,22.138,timeout,-0.03183183183183169,-0.03299311603290078,6.000925858297193,0.0011612842010690905,3
ADA,short,2023-04-12 00:00:00+00:00,2023-04-12 04:00:00+00:00,2023-04-12 12:00:00+00:00,0.39067,0.40433,0.40433,stop,-0.03378428511364484,-0.03571262126689956,9.988775255673833,0.0019283361532547172,2
ETH,short,2023-04-12 00:00:00+00:00,2023-04-12 04:00:00+00:00,2023-04-12 12:00:00+00:00,1863.07,1897.98,1897.98,stop,-0.018393239127915018,-0.019382577660544742,5.041924062981029,0.0009893385326297244,2
DOT,short,2023-04-12 00:00:00+00:00,2023-04-12 04:00:00+00:00,2023-04-12 16:00:00+00:00,6.247,6.393,6.471,timeout,-0.022837478492100716,-0.024603894724477327,9.046674492363598,0.0017664162323766108,3
LINK,long,2023-04-12 12:00:00+00:00,2023-04-12 16:00:00+00:00,2023-04-12 16:00:00+00:00,7.292,7.144,7.144,stop,-0.020296215030169984,-0.021576182090876195,6.536688716426203,0.0012799670607062108,0
BNB,long,2023-04-12 12:00:00+00:00,2023-04-12 16:00:00+00:00,2023-04-13 04:00:00+00:00,319.41,319.93,317.46,timeout,0.0016280016280014742,0.0003355495821464327,6.455921962584254,0.0012924520458550415,3
SOL,long,2023-04-14 00:00:00+00:00,2023-04-14 04:00:00+00:00,2023-04-14 12:00:00+00:00,25.091,24.178,24.178,stop,-0.0363875493204735,-0.037543369096127654,6.000925858297193,0.0011558197756541544,2
ADA,short,2023-04-14 12:00:00+00:00,2023-04-14 16:00:00+00:00,2023-04-15 04:00:00+00:00,0.42719,0.43673,0.4439,timeout,-0.02184416000732714,-0.02379632580293012,9.988775255673833,0.001952165795602978,3
BNB,short,2023-04-14 12:00:00+00:00,2023-04-14 16:00:00+00:00,2023-04-15 04:00:00+00:00,325.48,328.98,334.49,timeout,-0.010638944616694013,-0.011915567991880316,6.455921962584254,0.0012766233751863032,3
BTC,short,2023-04-14 12:00:00+00:00,2023-04-14 16:00:00+00:00,2023-04-15 04:00:00+00:00,30232.7,30386.7,30863.6,timeout,-0.005068006726627106,-0.006065017630517033,5.012959217987713,0.0009970109038899277,3
ETH,short,2023-04-14 12:00:00+00:00,2023-04-14 16:00:00+00:00,2023-04-15 04:00:00+00:00,2059.3,2088.69,2125.0,timeout,-0.014071020591854166,-0.015064715387617444,5.041924062981029,0.000993694795763278,3
AVAX,long,2023-04-16 00:00:00+00:00,2023-04-16 04:00:00+00:00,2023-04-16 16:00:00+00:00,19.15,19.18,18.83,timeout,0.0015665796344648264,2.320724335813651e-05,7.710732744665526,0.0015433723911066899,3
XRP,short,2023-04-16 00:00:00+00:00,2023-04-16 04:00:00+00:00,2023-04-16 16:00:00+00:00,0.51639,0.51985,0.52423,timeout,-0.006655766086371084,-0.007796019310279512,5.742762706652812,0.0011402532239084273,3
AVAX,long,2023-04-16 20:00:00+00:00,2023-04-17 00:00:00+00:00,2023-04-17 12:00:00+00:00,20.17,20.37,19.13,timeout,0.009915716410510589,0.008359478347313987,7.710732744665526,0.0015562380631966022,3
LINK,long,2023-04-17 00:00:00+00:00,2023-04-17 04:00:00+00:00,2023-04-17 16:00:00+00:00,8.212,8.053,7.861,timeout,-0.019361909400876676,-0.020643097116691322,6.536688716426203,0.0012811877158146467,3
ADA,short,2023-04-17 12:00:00+00:00,2023-04-17 16:00:00+00:00,2023-04-18 04:00:00+00:00,0.434,0.43471,0.44666,timeout,-0.0016332727565503413,-0.0036257746634112964,9.988775255673833,0.001992501906860955,3
SOL,short,2023-04-17 12:00:00+00:00,2023-04-17 16:00:00+00:00,2023-04-18 04:00:00+00:00,24.519,24.43,25.464,timeout,0.0036430618092508915,0.002439226701351327,6.000925858297193,0.0012038351078995646,3
AVAX,long,2023-04-18 00:00:00+00:00,2023-04-18 04:00:00+00:00,2023-04-18 16:00:00+00:00,20.85,21.14,20.27,timeout,0.013908872901678526,0.012346481550615573,7.710732744665526,0.0015623913510629528,3
DOT,short,2023-04-20 08:00:00+00:00,2023-04-20 12:00:00+00:00,2023-04-21 00:00:00+00:00,6.339,6.113,6.438,timeout,0.03697039097006383,0.03509586008007748,9.046674492363598,0.0018745308899863478,3
BNB,short,2023-04-20 12:00:00+00:00,2023-04-20 16:00:00+00:00,2023-04-21 04:00:00+00:00,322.75,319.67,326.77,timeout,0.00963493602777854,0.008332152223297529,6.455921962584254,0.0013027838044810114,3
SOL,short,2023-04-20 12:00:00+00:00,2023-04-20 16:00:00+00:00,2023-04-21 04:00:00+00:00,22.125,22.306,23.179,timeout,-0.00811440867927915,-0.009304141108355202,6.000925858297193,0.0011897324290760514,3
ADA,long,2023-04-21 04:00:00+00:00,2023-04-21 08:00:00+00:00,2023-04-21 12:00:00+00:00,0.40545,0.39855,0.39855,stop,-0.017018128005919286,-0.018979925410532172,9.988775255673833,0.001961797404612886,1
ADA,long,2023-04-22 08:00:00+00:00,2023-04-22 12:00:00+00:00,2023-04-23 00:00:00+00:00,0.38924,0.39563,0.38409,timeout,0.01641660672078915,0.014388081558849741,9.988775255673833,0.0020285251619394096,3
BNB,short,2023-04-23 12:00:00+00:00,2023-04-23 16:00:00+00:00,2023-04-24 00:00:00+00:00,328.24,331.77,331.77,stop,-0.010639901136329288,-0.01191652327726922,6.455921962584254,0.0012766221409399314,2
ETH,short,2023-04-23 12:00:00+00:00,2023-04-23 16:00:00+00:00,2023-04-24 00:00:00+00:00,1859.73,1882.99,1882.99,stop,-0.01235269438499409,-0.013348121041616423,5.041924062981029,0.0009954266566223335,2
AVAX,short,2023-04-23 12:00:00+00:00,2023-04-23 16:00:00+00:00,2023-04-24 04:00:00+00:00,16.87,16.88,17.26,timeout,-0.0005924170616112834,-0.002132462528716128,7.710732744665526,0.0015400454671048447,3
SOL,short,2023-04-23 12:00:00+00:00,2023-04-23 16:00:00+00:00,2023-04-24 04:00:00+00:00,21.641,21.726,22.253,timeout,-0.003912363067292701,-0.00510713570461141,6.000925858297193,0.0011947726373187084,3
AVAX,long,2023-04-24 08:00:00+00:00,2023-04-24 12:00:00+00:00,2023-04-25 00:00:00+00:00,17.04,16.92,16.54,timeout,-0.00704225352112664,-0.008572360058837214,7.710732744665526,0.0015301065377105738,3
DOT,short,2023-04-24 12:00:00+00:00,2023-04-24 16:00:00+00:00,2023-04-25 04:00:00+00:00,5.852,5.864,5.991,timeout,-0.0020463847203273655,-0.0038503850031754716,9.046674492363598,0.001804000282848106,3
BNB,short,2023-04-25 00:00:00+00:00,2023-04-25 04:00:00+00:00,2023-04-25 12:00:00+00:00,330.2,332.33,332.33,stop,-0.006409291968826114,-0.0076913730820240556,6.455921962584254,0.0012820811131979415,2
DOT,short,2023-04-25 12:00:00+00:00,2023-04-25 16:00:00+00:00,2023-04-25 20:00:00+00:00,5.796,5.892,5.892,stop,-0.016293279022403295,-0.01807152520109545,9.046674492363598,0.0017782461786921555,1
BNB,long,2023-04-27 12:00:00+00:00,2023-04-27 16:00:00+00:00,2023-04-28 00:00:00+00:00,331.48,327.04,327.04,stop,-0.013394473271388874,-0.01466754104645085,6.455921962584254,0.0012730677750619757,2
ADA,long,2023-04-27 12:00:00+00:00,2023-04-27 16:00:00+00:00,2023-04-28 04:00:00+00:00,0.41354,0.40803,0.4026,timeout,-0.013323983169705511,-0.015293153206468069,9.988775255673833,0.0019691700367625575,3
AVAX,long,2023-04-27 12:00:00+00:00,2023-04-27 16:00:00+00:00,2023-04-28 04:00:00+00:00,17.66,17.67,17.2,timeout,0.0005662514156286047,-0.0009755795113494115,7.710732744665526,0.0015418309269780162,3
DOT,long,2023-04-27 12:00:00+00:00,2023-04-27 16:00:00+00:00,2023-04-28 04:00:00+00:00,5.949,5.923,5.842,timeout,-0.0043704824340224935,-0.006170281446522319,9.046674492363598,0.0017997990124998253,3
ETH,long,2023-04-27 12:00:00+00:00,2023-04-27 16:00:00+00:00,2023-04-28 04:00:00+00:00,1900.0,1905.78,1861.56,timeout,0.003042105263157957,0.0020311625474565,5.041924062981029,0.0010109427157014572,3
LINK,long,2023-04-27 12:00:00+00:00,2023-04-27 16:00:00+00:00,2023-04-28 04:00:00+00:00,7.123,7.112,6.98,timeout,-0.001544293134915109,-0.0028487592765873426,6.536688716426203,0.0013044661416722336,3
SOL,long,2023-04-27 12:00:00+00:00,2023-04-27 16:00:00+00:00,2023-04-28 04:00:00+00:00,22.245,22.309,21.333,timeout,0.0028770510227016377,0.0016741347182223087,6.000925858297193,0.001202916304479329,3
DOT,long,2023-04-29 16:00:00+00:00,2023-04-29 20:00:00+00:00,2023-04-30 08:00:00+00:00,6.053,6.009,5.921,timeout,-0.0072691227490500054,-0.009063681890810305,9.046674492363598,0.001794559141760299,3
AVAX,long,2023-04-30 12:00:00+00:00,2023-04-30 16:00:00+00:00,2023-04-30 16:00:00+00:00,17.62,17.32,17.32,stop,-0.017026106696935384,-0.01854082853265837,7.710732744665526,0.0015147218357229875,0
ETH,long,2023-04-30 12:00:00+00:00,2023-04-30 16:00:00+00:00,2023-04-30 16:00:00+00:00,1919.87,1898.0,1898.0,stop,-0.011391396292457223,-0.012387791818979643,5.041924062981029,0.00099639552652242,0
BNB,long,2023-04-30 12:00:00+00:00,2023-04-30 16:00:00+00:00,2023-05-01 04:00:00+00:00,324.17,333.91,321.33,timeout,0.03004596353764999,0.02871684233623073,6.455921962584254,0.0013291212014192588,3
XRP,short,2023-05-01 12:00:00+00:00,2023-05-01 16:00:00+00:00,2023-05-02 04:00:00+00:00,0.46032,0.46377,0.46734,timeout,-0.00743903227893139,-0.008578386396799198,5.742762706652812,0.001139354117867808,3
BNB,long,2023-05-02 12:00:00+00:00,2023-05-02 16:00:00+00:00,2023-05-02 20:00:00+00:00,324.8,321.51,321.51,stop,-0.010129310344827669,-0.011406591327285609,6.455921962584254,0.00127728098245794,1
SOL,long,2023-05-02 12:00:00+00:00,2023-05-02 16:00:00+00:00,2023-05-03 00:00:00+00:00,22.185,21.761,21.761,stop,-0.019112012621140373,-0.020288553805010046,6.000925858297193,0.0011765411838696727,2
ADA,long,2023-05-02 12:00:00+00:00,2023-05-02 16:00:00+00:00,2023-05-03 04:00:00+00:00,0.38997,0.3864,0.38154,timeout,-0.00915455035002688,-0.011132041580411922,9.988775255673833,0.0019774912303850423,3
AVAX,long,2023-05-02 12:00:00+00:00,2023-05-02 16:00:00+00:00,2023-05-03 04:00:00+00:00,16.83,16.71,16.5,timeout,-0.007130124777183444,-0.008660095908947563,7.710732744665526,0.0015299711317641185,3
BTC,long,2023-05-02 12:00:00+00:00,2023-05-02 16:00:00+00:00,2023-05-03 04:00:00+00:00,28537.0,28520.3,27900.1,timeout,-0.0005852051722325946,-0.001586708244491808,5.012959217987713,0.0010015030722592133,3
ETH,long,2023-05-02 12:00:00+00:00,2023-05-02 16:00:00+00:00,2023-05-03 04:00:00+00:00,1858.74,1862.68,1823.97,timeout,0.002119715506203157,0.0011097024455990478,5.041924062981029,0.0010100130606041091,3
ADA,long,2023-05-05 12:00:00+00:00,2023-05-05 16:00:00+00:00,2023-05-06 04:00:00+00:00,0.39258,0.38918,0.38223,timeout,-0.00866065515308967,-0.010639132080508595,9.988775255673833,0.0019784769274189262,3
BNB,long,2023-05-05 12:00:00+00:00,2023-05-05 16:00:00+00:00,2023-05-06 04:00:00+00:00,326.86,325.52,320.72,timeout,-0.004099614513859207,-0.005384675922483262,6.455921962584254,0.0012850614086240553,3
BTC,long,2023-05-05 12:00:00+00:00,2023-05-05 16:00:00+00:00,2023-05-06 04:00:00+00:00,29358.1,29370.4,28700.0,timeout,0.00041896444252187415,-0.0005835448975647362,5.012959217987713,0.0010025093400866103,3
DOT,long,2023-05-05 12:00:00+00:00,2023-05-05 16:00:00+00:00,2023-05-06 04:00:00+00:00,5.822,5.809,5.666,timeout,-0.002232909653040127,-0.004036572754854917,9.046674492363598,0.0018036631018147897,3
ETH,long,2023-05-05 12:00:00+00:00,2023-05-05 16:00:00+00:00,2023-05-06 04:00:00+00:00,1953.21,1971.02,1887.57,timeout,0.009118323170575593,0.00810125637673198,5.041924062981029,0.0010170667938436129,3
LINK,long,2023-05-05 12:00:00+00:00,2023-05-05 16:00:00+00:00,2023-05-06 04:00:00+00:00,7.141,7.16,6.825,timeout,0.002660691779862834,0.0013507318937910906,6.536688716426203,0.0013099598860717432,3
SOL,long,2023-05-05 12:00:00+00:00,2023-05-05 16:00:00+00:00,2023-05-06 04:00:00+00:00,22.313,22.722,21.513,timeout,0.018330121453861148,0.0171086697263636,6.000925858297193,0.0012214517274975467,3
XRP,long,2023-05-05 12:00:00+00:00,2023-05-05 16:00:00+00:00,2023-05-06 04:00:00+00:00,0.46279,0.46316,0.4533,timeout,0.0007994986927117864,-0.00034931237993574005,5.742762706652812,0.0011488110726475265,3
AVAX,short,2023-05-06 00:00:00+00:00,2023-05-06 04:00:00+00:00,2023-05-06 16:00:00+00:00,17.18,16.47,17.5,timeout,0.04310868245294475,0.04150129541132719,7.710732744665526,0.0016073870416175584,3
SOL,short,2023-05-06 12:00:00+00:00,2023-05-06 16:00:00+00:00,2023-05-07 04:00:00+00:00,21.774,21.87,22.695,timeout,-0.0043895747599451695,-0.005583774998358715,6.000925858297193,0.0011942002384135453,3
DOT,short,2023-05-07 00:00:00+00:00,2023-05-07 04:00:00+00:00,2023-05-07 12:00:00+00:00,5.615,5.682,5.682,stop,-0.011791622668074653,-0.01357800648884977,9.046674492363598,0.001786383820775117,2
LINK,short,2023-05-07 00:00:00+00:00,2023-05-07 04:00:00+00:00,2023-05-07 12:00:00+00:00,6.888,6.98,6.98,stop,-0.01318051575931245,-0.014469779365382851,6.536688716426203,0.001289263606070401,2
DOT,short,2023-05-07 20:00:00+00:00,2023-05-08 00:00:00+00:00,2023-05-08 12:00:00+00:00,5.629,5.433,5.705,timeout,0.03607583287318228,0.0342029190754487,9.046674492363598,0.0018729137977335775,3
BNB,short,2023-05-08 16:00:00+00:00,2023-05-08 20:00:00+00:00,2023-05-09 08:00:00+00:00,311.56,315.39,318.47,timeout,-0.012143695107644459,-0.013418376826000888,6.455921962584254,0.0012746817183564296,3
BTC,short,2023-05-09 12:00:00+00:00,2023-05-09 16:00:00+00:00,2023-05-10 00:00:00+00:00,27401.5,27821.3,27821.3,stop,-0.015089158306764938,-0.016076127119876493,5.012959217987713,0.000986968813111555,2
ADA,short,2023-05-09 12:00:00+00:00,2023-05-09 16:00:00+00:00,2023-05-10 04:00:00+00:00,0.36106,0.36428,0.36744,timeout,-0.008839354342813244,-0.010817474629263857,9.988775255673833,0.001978120286450613,3
LINK,short,2023-05-09 12:00:00+00:00,2023-05-09 16:00:00+00:00,2023-05-10 04:00:00+00:00,6.477,6.505,6.601,timeout,-0.004304381245195943,-0.005605241376643533,6.536688716426203,0.0013008601314475898,3
LINK,long,2023-05-10 08:00:00+00:00,2023-05-10 12:00:00+00:00,2023-05-10 16:00:00+00:00,6.538,6.465,6.465,stop,-0.011165494034873102,-0.012457390234053234,6.536688716426203,0.0012918961991801314,1
AVAX,short,2023-05-11 12:00:00+00:00,2023-05-11 16:00:00+00:00,2023-05-12 04:00:00+00:00,15.08,14.69,15.48,timeout,0.026548672566371723,0.024966803810382965,7.710732744665526,0.0015818687559887579,3
BTC,short,2023-05-11 12:00:00+00:00,2023-05-11 16:00:00+00:00,2023-05-12 04:00:00+00:00,27179.3,26591.5,27630.0,timeout,0.02210480792734515,0.021080567431199126,5.012959217987713,0.0010242404961460227,3
LINK,short,2023-05-11 12:00:00+00:00,2023-05-11 16:00:00+00:00,2023-05-12 04:00:00+00:00,6.371,6.261,6.519,timeout,0.017569078421977302,0.016239640971234648,6.536688716426203,0.0013294374507426543,3
SOL,short,2023-05-11 12:00:00+00:00,2023-05-11 16:00:00+00:00,2023-05-12 04:00:00+00:00,20.161,19.99,20.771,timeout,0.008554277138569377,0.007344551197901783,6.000925858297193,0.0012097259406675942,3
XRP,short,2023-05-11 12:00:00+00:00,2023-05-11 16:00:00+00:00,2023-05-12 04:00:00+00:00,0.41948,0.41714,0.42767,timeout,0.005609627463201816,0.004455294875805871,5.742762706652812,0.0011543325873959454,3
BNB,short,2023-05-12 00:00:00+00:00,2023-05-12 04:00:00+00:00,2023-05-12 16:00:00+00:00,304.36,305.15,309.08,timeout,-0.0025888907094869795,-0.003875901482614297,6.455921962584254,0.0012870107731273173,3
DOT,short,2023-05-12 00:00:00+00:00,2023-05-12 04:00:00+00:00,2023-05-12 16:00:00+00:00,5.183,5.223,5.313,timeout,-0.007658433850277646,-0.009452289234542555,9.046674492363598,0.0017938553842649085,3
ETH,short,2023-05-12 00:00:00+00:00,2023-05-12 04:00:00+00:00,2023-05-12 16:00:00+00:00,1763.78,1765.47,1802.2,timeout,-0.0009572521764742437,-0.001964164033201765,5.041924062981029,0.0010069118567275215,3
AVAX,short,2023-05-12 12:00:00+00:00,2023-05-12 16:00:00+00:00,2023-05-12 20:00:00+00:00,14.82,15.07,15.07,stop,-0.016589250165892522,-0.01810464517933774,7.710732744665526,0.0015153950134452199,1
ADA,short,2023-05-13 08:00:00+00:00,2023-05-13 12:00:00+00:00,2023-05-14 00:00:00+00:00,0.36472,0.36458,0.36859,timeout,0.0003840035108890749,-0.001612524398341253,9.988775255673833,0.001996527909230328,3
LINK,short,2023-05-13 08:00:00+00:00,2023-05-13 12:00:00+00:00,2023-05-14 00:00:00+00:00,6.552,6.492,6.612,timeout,0.009242144177449063,0.007923585730863936,6.536688716426203,0.0013185584465851274,3
BNB,long,2023-05-14 12:00:00+00:00,2023-05-14 16:00:00+00:00,2023-05-14 16:00:00+00:00,313.93,311.57,311.57,stop,-0.0075175994648488675,-0.008798250471971247,6.455921962584254,0.0012806510071223798,0
DOT,long,2023-05-14 00:00:00+00:00,2023-05-14 04:00:00+00:00,2023-05-14 16:00:00+00:00,5.376,5.419,5.312,timeout,0.007998511904761862,0.006176353466989859,9.046674492363598,0.0018221584377720035,3
ETH,long,2023-05-14 12:00:00+00:00,2023-05-14 16:00:00+00:00,2023-05-14 16:00:00+00:00,1818.66,1797.05,1797.05,stop,-0.011882374935392015,-0.012878275616005186,5.041924062981029,0.000995900680613171,0
LINK,long,2023-05-14 12:00:00+00:00,2023-05-14 16:00:00+00:00,2023-05-14 16:00:00+00:00,6.591,6.508,6.508,stop,-0.012592929752693105,-0.013882961030324381,6.536688716426203,0.0012900312776312761,0
XRP,long,2023-05-14 00:00:00+00:00,2023-05-14 04:00:00+00:00,2023-05-14 16:00:00+00:00,0.42616,0.42928,0.4208,timeout,0.007321193917777302,0.006164896634658357,5.742762706652812,0.0011562972831189455,3
SOL,long,2023-05-14 12:00:00+00:00,2023-05-14 16:00:00+00:00,2023-05-14 20:00:00+00:00,21.182,20.85,20.85,stop,-0.015673685204418697,-0.016854350542994667,6.000925858297193,0.0011806653385759702,1
BTC,long,2023-05-14 12:00:00+00:00,2023-05-14 16:00:00+00:00,2023-05-15 00:00:00+00:00,27082.4,26738.3,26738.3,stop,-0.012705668626118882,-0.013695025909213121,5.012959217987713,0.0009893572830942388,2
ADA,long,2023-05-14 12:00:00+00:00,2023-05-14 16:00:00+00:00,2023-05-15 04:00:00+00:00,0.3724,0.3716,0.36587,timeout,-0.002148227712137518,-0.004139701891708758,9.988775255673833,0.00199147417957124,3
AVAX,long,2023-05-15 00:00:00+00:00,2023-05-15 04:00:00+00:00,2023-05-15 16:00:00+00:00,15.12,15.3,14.79,timeout,0.011904761904762085,0.010345458805288477,7.710732744665526,0.001559303099473608,3
BNB,long,2023-05-15 00:00:00+00:00,2023-05-15 04:00:00+00:00,2023-05-15 16:00:00+00:00,313.96,315.06,310.41,timeout,0.0035036310358007583,0.00220875876900406,6.455921962584254,0.0012948722667966983,3
DOT,long,2023-05-15 00:00:00+00:00,2023-05-15 04:00:00+00:00,2023-05-15 16:00:00+00:00,5.385,5.377,5.264,timeout,-0.0014856081708449764,-0.0032906221691988424,9.046674492363598,0.001805013998353866,3
ETH,long,2023-05-15 00:00:00+00:00,2023-05-15 04:00:00+00:00,2023-05-15 16:00:00+00:00,1825.77,1827.59,1784.48,timeout,0.000996839689555662,-1.2041650733429776e-05,5.041924062981029,0.0010088813402890917,3
LINK,long,2023-05-15 00:00:00+00:00,2023-05-15 04:00:00+00:00,2023-05-15 16:00:00+00:00,6.626,6.658,6.454,timeout,0.004829459704195571,0.0035166663581047697,6.536688716426203,0.0013127933460908014,3
SOL,long,2023-05-15 00:00:00+00:00,2023-05-15 04:00:00+00:00,2023-05-15 16:00:00+00:00,21.226,21.383,20.585,timeout,0.0073965890888532115,0.006188251754923657,6.000925858297193,0.0012083373339295544,3
XRP,long,2023-05-15 00:00:00+00:00,2023-05-15 04:00:00+00:00,2023-05-15 16:00:00+00:00,0.4278,0.42609,0.42111,timeout,-0.0039971949509116644,-0.005140499930903042,5.742762706652812,0.0011433049799913775,3
BNB,short,2023-05-16 08:00:00+00:00,2023-05-16 12:00:00+00:00,2023-05-17 00:00:00+00:00,310.49,311.29,313.42,timeout,-0.002569950849690028,-0.003856986061890888,6.455921962584254,0.00128703521220086,3
ADA,long,2023-05-16 20:00:00+00:00,2023-05-17 00:00:00+00:00,2023-05-17 12:00:00+00:00,0.36832,0.36496,0.36429,timeout,-0.00912250217202426,-0.01110005736292996,9.988775255673833,0.0019775551909057,3
XRP,short,2023-05-17 12:00:00+00:00,2023-05-17 16:00:00+00:00,2023-05-17 16:00:00+00:00,0.44087,0.44992,0.44992,stop,-0.020114687055476588,-0.02123949087372956,5.742762706652812,0.001124803818252973,0
ADA,long,2023-05-18 08:00:00+00:00,2023-05-18 12:00:00+00:00,2023-05-18 12:00:00+00:00,0.37911,0.37475,0.37475,stop,-0.011500619872860107,-0.013473428907945229,9.988775255673833,0.0019728090350851213,0
BTC,short,2023-05-18 12:00:00+00:00,2023-05-18 16:00:00+00:00,2023-05-19 04:00:00+00:00,27092.1,26835.2,27476.3,timeout,0.009573247078463964,0.008561564327865812,5.012959217987713,0.001011682750598153,3
ETH,long,2023-05-19 12:00:00+00:00,2023-05-19 16:00:00+00:00,2023-05-20 04:00:00+00:00,1815.56,1813.36,1800.0,timeout,-0.0012117473396637823,-0.002218402696659183,5.041924062981029,0.0010066553569954007,3
DOT,short,2023-05-21 00:00:00+00:00,2023-05-21 04:00:00+00:00,2023-05-21 16:00:00+00:00,5.387,5.289,5.432,timeout,0.01852902249952737,0.016687828062686316,9.046674492363598,0.0018411944368410538,3
BNB,short,2023-05-21 08:00:00+00:00,2023-05-21 12:00:00+00:00,2023-05-22 00:00:00+00:00,309.39,306.37,311.62,timeout,0.009857362013251825,0.008554291201099407,6.455921962584254,0.0013030708121524182,3
SOL,short,2023-05-21 08:00:00+00:00,2023-05-21 12:00:00+00:00,2023-05-22 00:00:00+00:00,20.142,19.61,20.337,timeout,0.027129015808261103,0.025897010111590957,6.000925858297193,0.0012320056966701465,3
LINK,long,2023-05-22 00:00:00+00:00,2023-05-22 04:00:00+00:00,2023-05-22 16:00:00+00:00,6.47,6.512,6.331,timeout,0.006491499227202491,0.005176534453506854,6.536688716426203,0.0013149647736956371,3
SOL,short,2023-05-22 12:00:00+00:00,2023-05-22 16:00:00+00:00,2023-05-23 00:00:00+00:00,19.667,20.035,20.035,stop,-0.018367856251559678,-0.019545290025232864,6.000925858297193,0.0011774337736731866,2
XRP,short,2023-05-22 12:00:00+00:00,2023-05-22 16:00:00+00:00,2023-05-23 00:00:00+00:00,0.457,0.4638,0.4638,stop,-0.014661492022423395,-0.01579255552690073,5.742762706652812,0.0011310635044773365,2
ADA,long,2023-05-23 00:00:00+00:00,2023-05-23 04:00:00+00:00,2023-05-23 16:00:00+00:00,0.37395,0.371,0.3657,timeout,-0.007888755181173934,-0.0098687726368617,9.988775255673833,0.001980017455687766,3
AVAX,long,2023-05-23 00:00:00+00:00,2023-05-23 04:00:00+00:00,2023-05-23 16:00:00+00:00,14.92,14.78,14.6,timeout,-0.009383378016085797,-0.010909876978440813,7.710732744665526,0.0015264989623550163,3
BNB,long,2023-05-23 00:00:00+00:00,2023-05-23 04:00:00+00:00,2023-05-23 16:00:00+00:00,314.67,314.54,309.06,timeout,-0.000413131216830287,-0.0017029494841598325,6.455921962584254,0.0012898182673295455,3
BTC,long,2023-05-23 00:00:00+00:00,2023-05-23 04:00:00+00:00,2023-05-23 16:00:00+00:00,27369.8,27322.0,26800.0,timeout,-0.0017464504673033732,-0.0027467898678451563,5.012959217987713,0.0010003394005417832,3
DOT,long,2023-05-23 00:00:00+00:00,2023-05-23 04:00:00+00:00,2023-05-23 16:00:00+00:00,5.423,5.39,5.29,timeout,-0.00608519269776886,-0.007881892029328208,9.046674492363598,0.0017966993315593482,3
ADA,short,2023-05-25 12:00:00+00:00,2023-05-25 16:00:00+00:00,2023-05-25 16:00:00+00:00,0.35636,0.36063,0.36063,stop,-0.011840390427862335,-0.013812521361944996,9.988775255673833,0.001972130934082661,0
BTC,long,2023-05-25 08:00:00+00:00,2023-05-25 12:00:00+00:00,2023-05-26 00:00:00+00:00,26300.8,26470.5,26132.2,timeout,0.0064522752159630326,0.005443719958498905,5.012959217987713,0.0010085552574641277,3
AVAX,short,2023-05-25 12:00:00+00:00,2023-05-25 16:00:00+00:00,2023-05-26 04:00:00+00:00,14.05,14.08,14.25,timeout,-0.0021306818181817677,-0.003668356883354651,7.710732744665526,0.0015376750651728832,3
BNB,short,2023-05-25 12:00:00+00:00,2023-05-25 16:00:00+00:00,2023-05-26 04:00:00+00:00,303.99,303.42,306.99,timeout,0.0018785841407948922,0.0005858087554557745,6.455921962584254,0.0012927753853391177,3
DOT,short,2023-05-25 12:00:00+00:00,2023-05-25 16:00:00+00:00,2023-05-26 04:00:00+00:00,5.232,5.216,5.299,timeout,0.0030674846625766694,0.0012542400404405019,9.046674492363598,0.0018132446221361675,3
LINK,short,2023-05-25 12:00:00+00:00,2023-05-25 16:00:00+00:00,2023-05-26 04:00:00+00:00,6.246,6.285,6.348,timeout,-0.006205250596658662,-0.0075036272732152964,6.536688716426203,0.001298376676556634,3
SOL,short,2023-05-25 12:00:00+00:00,2023-05-25 16:00:00+00:00,2023-05-26 04:00:00+00:00,19.232,19.293,19.618,timeout,-0.0031617685170787224,-0.004357441466575684,6.000925858297193,0.001195672949496962,3
ADA,long,2023-05-26 12:00:00+00:00,2023-05-26 16:00:00+00:00,2023-05-27 04:00:00+00:00,0.36043,0.36579,0.35589,timeout,0.014871126154870629,0.01284568540358988,9.988775255673833,0.0020254407512807493,3
BTC,long,2023-05-26 12:00:00+00:00,2023-05-26 16:00:00+00:00,2023-05-27 04:00:00+00:00,26755.8,26753.6,26360.0,timeout,-8.222516239475564e-05,-0.0010842322656405834,5.012959217987713,0.0010020071032458278,3
DOT,long,2023-05-26 12:00:00+00:00,2023-05-26 16:00:00+00:00,2023-05-27 04:00:00+00:00,5.265,5.265,5.206,timeout,0.0,-0.0018076995315485789,9.046674492363598,0.0018076995315485789,3
ETH,long,2023-05-26 12:00:00+00:00,2023-05-26 16:00:00+00:00,2023-05-27 04:00:00+00:00,1830.54,1833.99,1808.64,timeout,0.0018846897636763948,0.0008749135800298902,5.041924062981029,0.0010097761836465047,3
LINK,long,2023-05-26 12:00:00+00:00,2023-05-26 16:00:00+00:00,2023-05-27 04:00:00+00:00,6.352,6.359,6.274,timeout,0.0011020151133500633,-0.00020590838700773606,6.536688716426203,0.0013079235003577994,3
SOL,long,2023-05-26 12:00:00+00:00,2023-05-26 16:00:00+00:00,2023-05-27 04:00:00+00:00,19.429,19.474,19.209,timeout,0.0023161253795873638,0.001113881885998369,6.000925858297193,0.0012022434935889947,3
DOT,long,2023-05-27 12:00:00+00:00,2023-05-27 16:00:00+00:00,2023-05-28 04:00:00+00:00,5.323,5.373,5.254,timeout,0.009393199323689538,0.0075685197101240664,9.046674492363598,0.001824679613565472,3
LINK,long,2023-05-27 12:00:00+00:00,2023-05-27 16:00:00+00:00,2023-05-28 04:00:00+00:00,6.4,6.526,6.323,timeout,0.019687499999999858,0.01835529486592069,6.536688716426203,0.0013322051340791674,3
SOL,long,2023-05-27 12:00:00+00:00,2023-05-27 16:00:00+00:00,2023-05-28 04:00:00+00:00,19.612,20.481,19.416,timeout,0.04430960636345116,0.043056993143178346,6.000925858297193,0.0012526132202728135,3
ETH,long,2023-05-28 00:00:00+00:00,2023-05-28 04:00:00+00:00,2023-05-28 16:00:00+00:00,1850.5,1844.4,1822.85,timeout,-0.003296406376654959,-0.004300960654486152,5.041924062981029,0.0010045542778311933,3
ADA,long,2023-05-28 08:00:00+00:00,2023-05-28 12:00:00+00:00,2023-05-29 00:00:00+00:00,0.37545,0.38272,0.36673,timeout,0.019363430550006555,0.01732902423043381,9.988775255673833,0.0020344063195727458,3
LINK,short,2023-05-29 12:00:00+00:00,2023-05-29 16:00:00+00:00,2023-05-29 20:00:00+00:00,6.559,6.63,6.63,stop,-0.010708898944193024,-0.01200139167743286,6.536688716426203,0.0012924927332398362,1
DOT,short,2023-05-29 12:00:00+00:00,2023-05-29 16:00:00+00:00,2023-05-30 00:00:00+00:00,5.432,5.49,5.49,stop,-0.010564663023679421,-0.012353264818828924,9.046674492363598,0.0017886017951495026,2
SOL,short,2023-05-29 12:00:00+00:00,2023-05-29 16:00:00+00:00,2023-05-30 00:00:00+00:00,20.483,20.795,20.795,stop,-0.015003606636210698,-0.016185075710831942,6.000925858297193,0.0011814690746212442,2
XRP,long,2023-05-29 16:00:00+00:00,2023-05-29 20:00:00+00:00,2023-05-30 08:00:00+00:00,0.4847,0.5011,0.4754,timeout,0.03383536207963678,0.03264862935964352,5.742762706652812,0.0011867327199932554,3
ADA,long,2023-05-31 00:00:00+00:00,2023-05-31 04:00:00+00:00,2023-05-31 04:00:00+00:00,0.37928,0.37613,0.37613,stop,-0.008305209871335095,-0.010284396182773325,9.988775255673833,0.00197918631143823,0
BTC,short,2023-05-31 12:00:00+00:00,2023-05-31 16:00:00+00:00,2023-05-31 20:00:00+00:00,26910.0,27232.2,27232.2,stop,-0.011831581730451513,-0.012821814926846198,5.012959217987713,0.0009902331963946853,1
ETH,short,2023-05-31 12:00:00+00:00,2023-05-31 16:00:00+00:00,2023-05-31 20:00:00+00:00,1858.3,1875.82,1875.82,stop,-0.00933991534368972,-0.010338378509956003,5.041924062981029,0.0009984631662662835,1
ADA,long,2023-05-31 16:00:00+00:00,2023-05-31 20:00:00+00:00,2023-06-01 00:00:00+00:00,0.37572,0.3703,0.3703,stop,-0.014425636111998208,-0.016392607512199397,9.988775255673833,0.0019669714002011895,1
BNB,short,2023-06-01 00:00:00+00:00,2023-06-01 04:00:00+00:00,2023-06-01 16:00:00+00:00,304.81,304.98,307.64,timeout,-0.0005574136008918984,-0.001847045693252114,6.455921962584254,0.0012896320923602156,3
BTC,short,2023-06-01 00:00:00+00:00,2023-06-01 04:00:00+00:00,2023-06-01 16:00:00+00:00,26778.3,26902.6,27357.2,timeout,-0.004620371265230849,-0.005617830739916618,5.012959217987713,0.000997459474685769,3
DOT,short,2023-06-01 00:00:00+00:00,2023-06-01 04:00:00+00:00,2023-06-01 16:00:00+00:00,5.238,5.228,5.336,timeout,0.0019127773527163328,0.00010162009444325548,9.046674492363598,0.0018111572582730773,3
ETH,short,2023-06-01 00:00:00+00:00,2023-06-01 04:00:00+00:00,2023-06-01 16:00:00+00:00,1855.79,1863.67,1893.07,timeout,-0.004228216368777793,-0.005231831497076733,5.041924062981029,0.0010036151282989403,3
ADA,long,2023-06-02 00:00:00+00:00,2023-06-02 04:00:00+00:00,2023-06-02 16:00:00+00:00,0.37209,0.3754,0.36175,timeout,0.00889569727754047,0.0068821820573370385,9.988775255673833,0.0020135152202034323,3
AVAX,long,2023-06-02 00:00:00+00:00,2023-06-02 04:00:00+00:00,2023-06-02 16:00:00+00:00,14.26,14.48,13.96,timeout,0.015427769985974837,0.01386303807775624,7.710732744665526,0.0015647319082185973,3
BNB,long,2023-06-02 00:00:00+00:00,2023-06-02 04:00:00+00:00,2023-06-02 16:00:00+00:00,306.77,306.17,303.35,timeout,-0.001955862698438504,-0.0032436903001155093,6.455921962584254,0.0012878276016770052,3
BTC,long,2023-06-02 00:00:00+00:00,2023-06-02 04:00:00+00:00,2023-06-02 16:00:00+00:00,26998.1,27098.9,26480.5,timeout,0.003733596067871492,0.002727765170235985,5.012959217987713,0.0010058308976355068,3
DOT,long,2023-06-02 00:00:00+00:00,2023-06-02 04:00:00+00:00,2023-06-02 16:00:00+00:00,5.255,5.244,5.155,timeout,-0.002093244529020044,-0.0038971601034141212,9.046674492363598,0.0018039155743940771,3
ETH,long,2023-06-02 00:00:00+00:00,2023-06-02 04:00:00+00:00,2023-06-02 16:00:00+00:00,1878.73,1891.85,1847.61,timeout,0.006983440941487062,0.005968525845590156,5.041924062981029,0.0010149150958969066,3
LINK,long,2023-06-02 00:00:00+00:00,2023-06-02 04:00:00+00:00,2023-06-02 16:00:00+00:00,6.448,6.392,6.301,timeout,-0.008684863523573227,-0.009980000626170216,6.536688716426203,0.0012951371025969882,3
SOL,long,2023-06-02 00:00:00+00:00,2023-06-02 04:00:00+00:00,2023-06-02 16:00:00+00:00,20.765,21.199,20.284,timeout,0.02090055381651812,0.01967601894438653,6.000925858297193,0.0012245348721315885,3
XRP,long,2023-06-02 00:00:00+00:00,2023-06-02 04:00:00+00:00,2023-06-02 16:00:00+00:00,0.51584,0.51894,0.50338,timeout,0.006009615384615419,0.004854823653750895,5.742762706652812,0.001154791730864524,3
ADA,long,2023-06-03 12:00:00+00:00,2023-06-03 16:00:00+00:00,2023-06-03 16:00:00+00:00,0.37737,0.37501,0.37501,stop,-0.0062538092588175775,-0.008237089676680243,9.988775255673833,0.001983280417862665,0
SOL,short,2023-06-03 16:00:00+00:00,2023-06-03 20:00:00+00:00,2023-06-04 04:00:00+00:00,21.054,21.346,21.346,stop,-0.013679377869390108,-0.014862435310574185,6.000925858297193,0.0011830574411840766,2
BNB,short,2023-06-03 16:00:00+00:00,2023-06-03 20:00:00+00:00,2023-06-04 08:00:00+00:00,306.12,306.97,308.25,timeout,-0.00276900022803539,-0.004055778596602,6.455921962584254,0.00128677836856661,3
AVAX,long,2023-06-04 08:00:00+00:00,2023-06-04 12:00:00+00:00,2023-06-05 00:00:00+00:00,14.74,14.78,14.52,timeout,0.0027137042062415073,0.001168564143939177,7.710732744665526,0.0015451400623023304,3
BNB,short,2023-06-04 20:00:00+00:00,2023-06-05 00:00:00+00:00,2023-06-05 12:00:00+00:00,305.13,300.9,309.53,timeout,0.014057826520438743,0.012749335633231551,6.455921962584254,0.001308490887207192,3
BTC,short,2023-06-04 20:00:00+00:00,2023-06-05 00:00:00+00:00,2023-06-05 12:00:00+00:00,27116.5,26771.1,27478.8,timeout,0.012901972649611126,0.011886954218068846,5.012959217987713,0.0010150184315422806,3
ETH,short,2023-06-04 20:00:00+00:00,2023-06-05 00:00:00+00:00,2023-06-05 12:00:00+00:00,1889.89,1870.02,1913.65,timeout,0.010625554806900528,0.009606968909486424,5.041924062981029,0.0010185858974141038,3
LINK,short,2023-06-04 20:00:00+00:00,2023-06-05 00:00:00+00:00,2023-06-05 12:00:00+00:00,6.449,6.377,6.532,timeout,0.011290575505723766,0.009969340816924799,6.536688716426203,0.0013212346887989668,3
AVAX,short,2023-06-05 12:00:00+00:00,2023-06-05 16:00:00+00:00,2023-06-06 04:00:00+00:00,13.98,13.99,14.88,timeout,-0.0007147962830592602,-0.002254653168880183,7.710732744665526,0.0015398568858209227,3
XRP,short,2023-06-05 12:00:00+00:00,2023-06-05 16:00:00+00:00,2023-06-06 04:00:00+00:00,0.50379,0.50621,0.5394,timeout,-0.004780624641947173,-0.005923030328218948,5.742762706652812,0.0011424056862717746,3
SOL,short,2023-06-06 08:00:00+00:00,2023-06-06 12:00:00+00:00,2023-06-06 12:00:00+00:00,19.881,20.121,20.121,stop,-0.011927836588638607,-0.013112994942953038,6.000925858297193,0.0011851583543144306,0
AVAX,long,2023-06-06 12:00:00+00:00,2023-06-06 16:00:00+00:00,2023-06-07 04:00:00+00:00,14.19,14.6,13.8,timeout,0.028893587033121948,0.027308104861589078,7.710732744665526,0.0015854821715328704,3
BTC,long,2023-06-06 12:00:00+00:00,2023-06-06 16:00:00+00:00,2023-06-07 04:00:00+00:00,26065.6,26909.8,25343.7,timeout,0.03238751457860167,0.03135296989008651,5.012959217987713,0.00103454468851516,3
ETH,long,2023-06-06 12:00:00+00:00,2023-06-06 16:00:00+00:00,2023-06-07 04:00:00+00:00,1841.86,1878.04,1797.45,timeout,0.019643186778582455,0.018615512220476305,5.041924062981029,0.0010276745581061508,3
LINK,long,2023-06-06 12:00:00+00:00,2023-06-06 16:00:00+00:00,2023-06-07 04:00:00+00:00,6.228,6.179,6.019,timeout,-0.007867694283879123,-0.009163899004796972,6.536688716426203,0.0012962047209178484,3
XRP,short,2023-06-07 12:00:00+00:00,2023-06-07 16:00:00+00:00,2023-06-08 04:00:00+00:00,0.51759,0.51774,0.53432,timeout,-0.00028972070923627413,-0.0014372814741934192,5.742762706652812,0.001147560764957145,3
BTC,long,2023-06-08 12:00:00+00:00,2023-06-08 16:00:00+00:00,2023-06-09 00:00:00+00:00,26726.2,26299.0,26299.0,stop,-0.015984315016725148,-0.01697038680269658,5.012959217987713,0.0009860717859714319,2
ETH,long,2023-06-08 12:00:00+00:00,2023-06-08 16:00:00+00:00,2023-06-09 00:00:00+00:00,1855.93,1837.08,1837.08,stop,-0.010156633062669451,-0.011154273078218147,5.041924062981029,0.0009976400155486953,2
ADA,short,2023-06-09 12:00:00+00:00,2023-06-09 16:00:00+00:00,2023-06-10 04:00:00+00:00,0.31116,0.2763,0.3256,timeout,0.12616720955483163,0.1239196483618843,9.988775255673833,0.002247561192947334,3
BTC,short,2023-06-09 12:00:00+00:00,2023-06-09 16:00:00+00:00,2023-06-10 04:00:00+00:00,26477.9,26322.7,26788.0,timeout,0.0058960516968245,0.004888053825108596,5.012959217987713,0.0010079978717159044,3
ETH,short,2023-06-10 00:00:00+00:00,2023-06-10 04:00:00+00:00,2023-06-10 16:00:00+00:00,1827.37,1737.73,1845.66,timeout,0.05158453844958655,0.050524670948998374,5.041924062981029,0.0010598675005881741,3
LINK,short,2023-06-10 00:00:00+00:00,2023-06-10 04:00:00+00:00,2023-06-10 16:00:00+00:00,5.772,5.017,6.008,timeout,0.15048833964520636,0.14898524534153612,6.536688716426203,0.0015030943036702382,3
BTC,long,2023-06-10 16:00:00+00:00,2023-06-10 20:00:00+00:00,2023-06-11 08:00:00+00:00,25747.0,25741.8,25344.6,timeout,-0.00020196527750804272,-0.0012038523904418508,5.012959217987713,0.001001887112933808,3
DOT,long,2023-06-10 16:00:00+00:00,2023-06-10 20:00:00+00:00,2023-06-11 08:00:00+00:00,4.5,4.442,4.374,timeout,-0.012888888888888839,-0.014673289182030702,9.046674492363598,0.0017844002931418634,3
XRP,long,2023-06-10 16:00:00+00:00,2023-06-10 20:00:00+00:00,2023-06-11 08:00:00+00:00,0.50508,0.50578,0.48172,timeout,0.0013859190623268791,0.0002364348416463713,5.742762706652812,0.0011494842206805078,3
ADA,long,2023-06-11 08:00:00+00:00,2023-06-11 12:00:00+00:00,2023-06-12 00:00:00+00:00,0.269,0.27213,0.25869,timeout,0.011635687732341804,0.0096167041445967,9.988775255673833,0.0020189835877451046,3
BNB,long,2023-06-12 08:00:00+00:00,2023-06-12 12:00:00+00:00,2023-06-13 00:00:00+00:00,233.65,231.23,219.93,timeout,-0.01035737213781307,-0.011634358840428183,6.455921962584254,0.0012769867026151127,3
XRP,long,2023-06-12 08:00:00+00:00,2023-06-12 12:00:00+00:00,2023-06-13 00:00:00+00:00,0.51891,0.52491,0.51116,timeout,0.011562698733884602,0.010401532655663459,5.742762706652812,0.001161166078221143,3
ETH,long,2023-06-13 00:00:00+00:00,2023-06-13 04:00:00+00:00,2023-06-13 12:00:00+00:00,1747.24,1728.09,1728.09,stop,-0.010960142853872479,-0.011956973030665341,5.041924062981029,0.0009968301767928622,2
AVAX,long,2023-06-13 00:00:00+00:00,2023-06-13 04:00:00+00:00,2023-06-13 16:00:00+00:00,11.65,11.62,11.42,timeout,-0.0025751072961374133,-0.004112097520155844,7.710732744665526,0.0015369902240184308,3
DOT,long,2023-06-13 00:00:00+00:00,2023-06-13 04:00:00+00:00,2023-06-13 16:00:00+00:00,4.601,4.555,4.494,timeout,-0.009997826559443701,-0.011787453024604044,9.046674492363598,0.0017896264651603433,3
LINK,long,2023-06-13 00:00:00+00:00,2023-06-13 04:00:00+00:00,2023-06-13 16:00:00+00:00,5.211,5.186,5.108,timeout,-0.004797543657647396,-0.006097759480424014,6.536688716426203,0.001300215822776618,3
ADA,short,2023-06-13 12:00:00+00:00,2023-06-13 16:00:00+00:00,2023-06-14 04:00:00+00:00,0.26983,0.27605,0.28974,timeout,-0.02253214997283104,-0.024482942704527888,9.988775255673833,0.0019507927316968487,3
BTC,short,2023-06-13 12:00:00+00:00,2023-06-13 16:00:00+00:00,2023-06-14 04:00:00+00:00,25760.8,25988.2,26440.0,timeout,-0.008750125056756541,-0.0097434461485294,5.012959217987713,0.0009933210917728585,3
SOL,short,2023-06-13 12:00:00+00:00,2023-06-13 16:00:00+00:00,2023-06-14 04:00:00+00:00,14.801,15.239,16.014,timeout,-0.028742043441170706,-0.029907033736450206,6.000925858297193,0.0011649902952795,3
LINK,long,2023-06-14 16:00:00+00:00,2023-06-14 20:00:00+00:00,2023-06-14 20:00:00+00:00,5.448,5.336,5.336,stop,-0.02055800293685761,-0.02183762797592148,6.536688716426203,0.0012796250390638697,0
BTC,short,2023-06-14 16:00:00+00:00,2023-06-14 20:00:00+00:00,2023-06-15 08:00:00+00:00,25870.2,24984.0,26108.6,timeout,0.03547070124879936,0.034433066931294665,5.012959217987713,0.0010376343175046987,3
XRP,short,2023-06-15 04:00:00+00:00,2023-06-15 08:00:00+00:00,2023-06-15 20:00:00+00:00,0.47046,0.48082,0.48547,timeout,-0.02154652468699314,-0.022669684908374288,5.742762706652812,0.0011231602213811476,3
AVAX,long,2023-06-15 16:00:00+00:00,2023-06-15 20:00:00+00:00,2023-06-16 08:00:00+00:00,11.46,11.41,11.13,timeout,-0.0043630017452007674,-0.005897236898326219,7.710732744665526,0.0015342351531254517,3
BNB,long,2023-06-15 16:00:00+00:00,2023-06-15 20:00:00+00:00,2023-06-16 08:00:00+00:00,236.64,239.03,231.0,timeout,0.010099729546991343,0.008796345995564225,6.455921962584254,0.0013033835514271175,3
ETH,long,2023-06-15 16:00:00+00:00,2023-06-15 20:00:00+00:00,2023-06-16 08:00:00+00:00,1668.65,1670.68,1633.76,timeout,0.0012165523027596326,0.00020744951925832922,5.041924062981029,0.0010091027835013033,3
LINK,long,2023-06-15 16:00:00+00:00,2023-06-15 20:00:00+00:00,2023-06-16 08:00:00+00:00,5.348,5.263,5.157,timeout,-0.015893792071802526,-0.01717951082650071,6.536688716426203,0.001285718754698184,3
BTC,long,2023-06-16 12:00:00+00:00,2023-06-16 16:00:00+00:00,2023-06-17 04:00:00+00:00,25838.1,26263.8,25158.0,timeout,0.016475669650632296,0.01545707005484842,5.012959217987713,0.0010185995957838756,3
ETH,long,2023-06-16 12:00:00+00:00,2023-06-16 16:00:00+00:00,2023-06-17 04:00:00+00:00,1682.4,1718.73,1648.79,timeout,0.02159415121255348,0.02056451032295148,5.041924062981029,0.0010296408896020015,3
SOL,long,2023-06-16 12:00:00+00:00,2023-06-16 16:00:00+00:00,2023-06-17 04:00:00+00:00,15.008,15.425,14.352,timeout,0.02778518123667384,0.026552388492288026,6.000925858297193,0.0012327927443858133,3
LINK,long,2023-06-17 04:00:00+00:00,2023-06-17 08:00:00+00:00,2023-06-17 20:00:00+00:00,5.349,5.281,5.221,timeout,-0.012712656571321812,-0.014002531427811826,6.536688716426203,0.0012898748564900142,3
DOT,long,2023-06-17 12:00:00+00:00,2023-06-17 16:00:00+00:00,2023-06-18 00:00:00+00:00,4.552,4.491,4.491,stop,-0.013400702987697688,-0.015184178074732935,9.046674492363598,0.0017834750870352467,2
BTC,short,2023-06-18 20:00:00+00:00,2023-06-19 00:00:00+00:00,2023-06-19 12:00:00+00:00,26351.0,26445.5,26720.1,timeout,-0.003573386776578258,-0.004571895423426953,5.012959217987713,0.0009985086468486948,3
DOT,short,2023-06-18 20:00:00+00:00,2023-06-19 00:00:00+00:00,2023-06-19 12:00:00+00:00,4.538,4.523,4.609,timeout,0.003316382931682682,0.0015026883762623289,9.046674492363598,0.0018136945554203532,3
SOL,short,2023-06-18 20:00:00+00:00,2023-06-19 00:00:00+00:00,2023-06-19 12:00:00+00:00,15.441,15.563,15.837,timeout,-0.007839105570905391,-0.009029168216529326,6.000925858297193,0.001190062645623935,3
BNB,short,2023-06-19 12:00:00+00:00,2023-06-19 16:00:00+00:00,2023-06-19 16:00:00+00:00,241.34,243.97,243.97,stop,-0.010780013936139698,-0.012056455282339007,6.455921962584254,0.0012764413461993085,0
AVAX,long,2023-06-19 16:00:00+00:00,2023-06-19 20:00:00+00:00,2023-06-20 08:00:00+00:00,11.39,11.45,11.17,timeout,0.005267778753292207,0.0037187029684717654,7.710732744665526,0.0015490757848204417,3
BTC,long,2023-06-19 16:00:00+00:00,2023-06-19 20:00:00+00:00,2023-06-20 08:00:00+00:00,26683.2,26835.4,26303.0,timeout,0.005703963542603718,0.0046961581604101355,5.012959217987713,0.0010078053821935828,3
SOL,long,2023-06-19 16:00:00+00:00,2023-06-19 20:00:00+00:00,2023-06-20 08:00:00+00:00,15.86,15.977,15.435,timeout,0.007377049180327999,0.006168735283842208,6.000925858297193,0.001208313896485791,3
ADA,short,2023-06-20 00:00:00+00:00,2023-06-20 04:00:00+00:00,2023-06-20 16:00:00+00:00,0.25958,0.25709,0.2649,timeout,0.009685324205531032,0.007670233078281852,9.988775255673833,0.00201509112724918,3
DOT,short,2023-06-20 12:00:00+00:00,2023-06-20 16:00:00+00:00,2023-06-20 16:00:00+00:00,4.42,4.49,4.49,stop,-0.015590200445434355,-0.017369717578940902,9.046674492363598,0.0017795171335065474,0
XRP,short,2023-06-20 00:00:00+00:00,2023-06-20 04:00:00+00:00,2023-06-20 16:00:00+00:00,0.49053,0.47846,0.49697,timeout,0.025226769217907563,0.024049918244270385,5.742762706652812,0.001176850973637178,3
BTC,long,2023-06-20 12:00:00+00:00,2023-06-20 16:00:00+00:00,2023-06-21 04:00:00+00:00,27068.6,28724.2,26651.9,timeout,0.061163118890522616,0.06009973847106398,5.012959217987713,0.0010633804194586371,3
ETH,long,2023-06-21 08:00:00+00:00,2023-06-21 12:00:00+00:00,2023-06-22 00:00:00+00:00,1829.02,1889.2,1807.0,timeout,0.03290286601568049,0.031861827336500115,5.041924062981029,0.0010410386791803727,3
ADA,long,2023-06-21 12:00:00+00:00,2023-06-21 16:00:00+00:00,2023-06-22 04:00:00+00:00,0.2822,0.29804,0.27557,timeout,0.05613040396881641,0.05402261953812726,9.988775255673833,0.0021077844306891524,3
AVAX,long,2023-06-21 12:00:00+00:00,2023-06-21 16:00:00+00:00,2023-06-22 04:00:00+00:00,12.47,13.1,12.14,timeout,0.05052125100240579,0.04890244150133416,7.710732744665526,0.0016188095010716275,3
ADA,short,2023-06-22 08:00:00+00:00,2023-06-22 12:00:00+00:00,2023-06-23 00:00:00+00:00,0.29278,0.29,0.30496,timeout,0.009586206896551763,0.007571313583814687,9.988775255673833,0.002014893312737076,3
AVAX,short,2023-06-22 08:00:00+00:00,2023-06-22 12:00:00+00:00,2023-06-23 00:00:00+00:00,12.78,12.64,13.14,timeout,0.011075949367088445,0.00951792343322122,7.710732744665526,0.0015580259338672242,3
XRP,long,2023-06-23 00:00:00+00:00,2023-06-23 04:00:00+00:00,2023-06-23 04:00:00+00:00,0.50038,0.49227,0.49227,stop,-0.016207682161557324,-0.017336970804681773,5.742762706652812,0.0011292886431244487,0
BTC,long,2023-06-23 08:00:00+00:00,2023-06-23 12:00:00+00:00,2023-06-24 00:00:00+00:00,30140.0,30693.2,29911.3,timeout,0.018354346383543385,0.0173338641855314,5.012959217987713,0.001020482198011985,3
ADA,long,2023-06-23 12:00:00+00:00,2023-06-23 16:00:00+00:00,2023-06-24 04:00:00+00:00,0.29948,0.29515,0.2867,timeout,-0.01445839455055431,-0.016425300572723955,9.988775255673833,0.0019669060221696455,3
AVAX,long,2023-06-23 12:00:00+00:00,2023-06-23 16:00:00+00:00,2023-06-24 04:00:00+00:00,13.16,13.36,12.62,timeout,0.015197568389057725,0.013633191211913642,7.710732744665526,0.0015643771771440829,3
BNB,long,2023-06-23 12:00:00+00:00,2023-06-23 16:00:00+00:00,2023-06-24 04:00:00+00:00,247.73,246.15,240.83,timeout,-0.0063779114358373246,-0.007660033040948533,6.455921962584254,0.0012821216051112083,3
ETH,long,2023-06-23 12:00:00+00:00,2023-06-23 16:00:00+00:00,2023-06-24 04:00:00+00:00,1918.03,1894.0,1861.11,timeout,-0.012528479742235477,-0.013523729228901216,5.041924062981029,0.000995249486665739,3
LINK,long,2023-06-23 12:00:00+00:00,2023-06-23 16:00:00+00:00,2023-06-24 04:00:00+00:00,6.007,6.08,5.762,timeout,0.012152488763109703,0.010830127998658678,6.536688716426203,0.001322360764451025,3
SOL,long,2023-06-23 12:00:00+00:00,2023-06-23 16:00:00+00:00,2023-06-24 04:00:00+00:00,16.968,17.372,16.141,timeout,0.023809523809523725,0.022581499728590027,6.000925858297193,0.0012280240809336984,3
XRP,long,2023-06-23 12:00:00+00:00,2023-06-23 16:00:00+00:00,2023-06-24 04:00:00+00:00,0.49824,0.49217,0.48364,timeout,-0.012182883750802898,-0.013316792433191393,5.742762706652812,0.0011339086823884958,3
ADA,short,2023-06-24 12:00:00+00:00,2023-06-24 16:00:00+00:00,2023-06-25 00:00:00+00:00,0.28684,0.29676,0.29676,stop,-0.03342768567192356,-0.03535673351262569,9.988775255673833,0.001929047840702136,2
AVAX,short,2023-06-24 12:00:00+00:00,2023-06-24 16:00:00+00:00,2023-06-25 00:00:00+00:00,12.86,13.23,13.23,stop,-0.027966742252456656,-0.02946460502438797,7.710732744665526,0.0014978627719313131,2
DOT,short,2023-06-24 12:00:00+00:00,2023-06-24 16:00:00+00:00,2023-06-25 00:00:00+00:00,4.99,5.067,5.067,stop,-0.01519636865995655,-0.01697659772299731,9.046674492363598,0.0017802290630407613,2
BTC,short,2023-06-24 12:00:00+00:00,2023-06-24 16:00:00+00:00,2023-06-25 04:00:00+00:00,30404.7,30750.0,30799.0,timeout,-0.011229268292682892,-0.012220105061049424,5.012959217987713,0.000990836768366532,3
ETH,short,2023-06-24 12:00:00+00:00,2023-06-24 16:00:00+00:00,2023-06-25 04:00:00+00:00,1873.99,1894.98,1906.56,timeout,-0.011076634054185241,-0.012073346822217612,5.041924062981029,0.0009967127680323706,3
SOL,short,2023-06-24 12:00:00+00:00,2023-06-24 16:00:00+00:00,2023-06-25 04:00:00+00:00,16.617,16.985,17.392,timeout,-0.021666176037680174,-0.02283965359095319,6.000925858297193,0.0011734775532730168,3
XRP,short,2023-06-24 12:00:00+00:00,2023-06-24 16:00:00+00:00,2023-06-25 04:00:00+00:00,0.48405,0.48952,0.49484,timeout,-0.011174211472462892,-0.012309278003035384,5.742762706652812,0.0011350665305724927,3
XRP,short,2023-06-25 12:00:00+00:00,2023-06-25 16:00:00+00:00,2023-06-26 04:00:00+00:00,0.48899,0.4843,0.498,timeout,0.009684080115630822,0.008525070491197662,5.742762706652812,0.0011590096244331605,3
BNB,short,2023-06-26 00:00:00+00:00,2023-06-26 04:00:00+00:00,2023-06-26 12:00:00+00:00,236.37,239.45,239.45,stop,-0.012862810607642494,-0.014136564414341302,6.455921962584254,0.0012737538066988074,2
LINK,long,2023-06-26 12:00:00+00:00,2023-06-26 16:00:00+00:00,2023-06-26 16:00:00+00:00,6.23,6.128,6.128,stop,-0.01637239165329063,-0.017657485125419647,6.536688716426203,0.0012850934721290175,0
ADA,short,2023-06-27 12:00:00+00:00,2023-06-27 16:00:00+00:00,2023-06-27 20:00:00+00:00,0.28006,0.28617,0.28617,stop,-0.021350945242338493,-0.023304095376995404,9.988775255673833,0.0019531501346569113,1
SOL,short,2023-06-27 12:00:00+00:00,2023-06-27 16:00:00+00:00,2023-06-27 20:00:00+00:00,16.397,16.86,16.86,stop,-0.027461447212336898,-0.02862797353846047,6.000925858297193,0.0011665263261235737,1
AVAX,short,2023-06-27 12:00:00+00:00,2023-06-27 16:00:00+00:00,2023-06-28 04:00:00+00:00,13.18,12.99,13.47,timeout,0.014626635873749017,0.013063138479835867,7.710732744665526,0.0015634973939131491,3
BNB,long,2023-06-28 12:00:00+00:00,2023-06-28 16:00:00+00:00,2023-06-28 16:00:00+00:00,235.05,231.23,231.23,stop,-0.01625186130610512,-0.017521242046654173,6.455921962584254,0.0012693807405490531,0
BTC,long,2023-06-28 12:00:00+00:00,2023-06-28 16:00:00+00:00,2023-06-28 16:00:00+00:00,30410.1,30003.6,30003.6,stop,-0.013367269426933781,-0.014355963726812249,5.012959217987713,0.0009886942998784676,0
AVAX,long,2023-06-30 00:00:00+00:00,2023-06-30 04:00:00+00:00,2023-06-30 12:00:00+00:00,13.02,12.57,12.57,stop,-0.034562211981566726,-0.036049911409299806,7.710732744665526,0.0014876994277330802,2
BNB,long,2023-06-30 00:00:00+00:00,2023-06-30 04:00:00+00:00,2023-06-30 12:00:00+00:00,236.76,231.59,231.59,stop,-0.02183645886129404,-0.023098633508838673,6.455921962584254,0.0012621746475446338,2
DOT,long,2023-06-30 00:00:00+00:00,2023-06-30 04:00:00+00:00,2023-06-30 12:00:00+00:00,5.099,4.906,4.906,stop,-0.03785055893312428,-0.039589836027020486,9.046674492363598,0.0017392770938962077,2
ETH,long,2023-06-30 00:00:00+00:00,2023-06-30 04:00:00+00:00,2023-06-30 12:00:00+00:00,1873.56,1841.22,1841.22,stop,-0.017261256645103362,-0.01825173607644437,5.041924062981029,0.000990479431341007,2
LINK,long,2023-06-30 00:00:00+00:00,2023-06-30 04:00:00+00:00,2023-06-30 12:00:00+00:00,6.1,5.838,5.838,stop,-0.0429508196721311,-0.044201188860337415,6.536688716426203,0.0012503691882063128,2
SOL,long,2023-06-29 20:00:00+00:00,2023-06-30 00:00:00+00:00,2023-06-30 12:00:00+00:00,17.997,18.873,17.431,timeout,0.04867477912985496,0.047416930035965255,6.000925858297193,0.001257849093889707,3
XRP,long,2023-06-30 00:00:00+00:00,2023-06-30 04:00:00+00:00,2023-06-30 12:00:00+00:00,0.47953,0.46852,0.46852,stop,-0.022959981648697725,-0.024081519372255555,5.742762706652812,0.0011215377235578305,2
BTC,short,2023-06-30 12:00:00+00:00,2023-06-30 16:00:00+00:00,2023-07-01 04:00:00+00:00,30066.4,30403.3,31133.0,timeout,-0.011081033966707454,-0.012072019279135704,5.012959217987713,0.0009909853124282497,3
LINK,short,2023-07-01 00:00:00+00:00,2023-07-01 04:00:00+00:00,2023-07-01 16:00:00+00:00,6.217,6.34,6.357,timeout,-0.019400630914826578,-0.020681768041613258,6.536688716426203,0.00128113712678668,3
BTC,short,2023-07-02 00:00:00+00:00,2023-07-02 04:00:00+00:00,2023-07-02 16:00:00+00:00,30518.0,30498.0,30662.2,timeout,0.000655780706931619,-0.0003469659442471018,5.012959217987713,0.0010027466511787209,3
XRP,long,2023-07-02 00:00:00+00:00,2023-07-02 04:00:00+00:00,2023-07-02 16:00:00+00:00,0.49371,0.48397,0.46896,timeout,-0.019728180510826143,-0.020853427997365004,5.742762706652812,0.0011252474865388606,3
BTC,long,2023-07-03 12:00:00+00:00,2023-07-03 16:00:00+00:00,2023-07-04 04:00:00+00:00,31065.5,31198.3,30572.0,timeout,0.004274838647374102,0.003268465376232488,5.012959217987713,0.001006373271141614,3
XRP,long,2023-07-03 16:00:00+00:00,2023-07-03 20:00:00+00:00,2023-07-04 08:00:00+00:00,0.49019,0.48752,0.4785,timeout,-0.00544686754115753,-0.006588508451646935,5.742762706652812,0.0011416409104894054,3
DOT,long,2023-07-04 08:00:00+00:00,2023-07-04 12:00:00+00:00,2023-07-04 16:00:00+00:00,5.497,5.392,5.392,stop,-0.01910132799708919,-0.020874498066965508,9.046674492363598,0.0017731700698763175,1
LINK,short,2023-07-04 16:00:00+00:00,2023-07-04 20:00:00+00:00,2023-07-04 20:00:00+00:00,6.454,6.554,6.554,stop,-0.015257857796765362,-0.01654440738925078,6.536688716426203,0.0012865495924854198,0
AVAX,short,2023-07-04 16:00:00+00:00,2023-07-04 20:00:00+00:00,2023-07-05 08:00:00+00:00,13.08,13.11,13.41,timeout,-0.0022883295194507935,-0.0038257616560808394,7.710732744665526,0.0015374321366300459,3
BTC,short,2023-07-04 16:00:00+00:00,2023-07-04 20:00:00+00:00,2023-07-05 08:00:00+00:00,30699.7,30779.2,31136.4,timeout,-0.002582913136143894,-0.0035824143262279673,5.012959217987713,0.0009995011900840733,3
ETH,short,2023-07-04 16:00:00+00:00,2023-07-04 20:00:00+00:00,2023-07-05 08:00:00+00:00,1934.7,1936.46,1966.51,timeout,-0.0009088749573964439,-0.0019158355723934983,5.041924062981029,0.0010069606149970545,3
BNB,long,2023-07-06 00:00:00+00:00,2023-07-06 04:00:00+00:00,2023-07-06 12:00:00+00:00,240.1,237.45,237.45,stop,-0.011037067888379881,-0.012313177544664433,6.455921962584254,0.001276109656284552,2
XRP,short,2023-07-06 08:00:00+00:00,2023-07-06 12:00:00+00:00,2023-07-07 00:00:00+00:00,0.47514,0.46193,0.48419,timeout,0.028597406533457548,0.02741668642771633,5.742762706652812,0.0011807201057412176,3
ETH,long,2023-07-07 12:00:00+00:00,2023-07-07 16:00:00+00:00,2023-07-08 04:00:00+00:00,1872.4,1864.24,1850.59,timeout,-0.004358043153172453,-0.005361527432086954,5.041924062981029,0.0010034842789145015,3
SOL,long,2023-07-08 04:00:00+00:00,2023-07-08 08:00:00+00:00,2023-07-08 20:00:00+00:00,21.98,21.619,21.32,timeout,-0.016424021838034597,-0.017603787173794183,6.000925858297193,0.001179765335759586,3
BNB,short,2023-07-08 16:00:00+00:00,2023-07-08 20:00:00+00:00,2023-07-09 00:00:00+00:00,234.87,237.05,237.05,stop,-0.009196372073402292,-0.010474856874019833,6.455921962584254,0.0012784848006175409,1
BTC,short,2023-07-08 16:00:00+00:00,2023-07-08 20:00:00+00:00,2023-07-09 00:00:00+00:00,30109.6,30327.3,30327.3,stop,-0.0071783508587972555,-0.00817324700899047,5.012959217987713,0.000994896150193214,1
ETH,short,2023-07-08 16:00:00+00:00,2023-07-08 20:00:00+00:00,2023-07-09 00:00:00+00:00,1846.99,1866.77,1866.77,stop,-0.010595842015888368,-0.011593039362988944,5.041924062981029,0.0009971973471005757,1
BTC,long,2023-07-09 12:00:00+00:00,2023-07-09 16:00:00+00:00,2023-07-09 20:00:00+00:00,30345.4,30174.3,30174.3,stop,-0.005638416366236854,-0.006634855668616102,5.012959217987713,0.0009964393023792484,1
BNB,short,2023-07-09 12:00:00+00:00,2023-07-09 16:00:00+00:00,2023-07-10 04:00:00+00:00,234.2,233.49,235.42,timeout,0.0030408154524819153,0.0017465403803984536,6.455921962584254,0.0012942750720834617,3
DOT,short,2023-07-09 12:00:00+00:00,2023-07-09 16:00:00+00:00,2023-07-10 04:00:00+00:00,5.09,5.034,5.126,timeout,0.011124354390146918,0.00929654536837865,9.046674492363598,0.0018278090217682674,3
LINK,short,2023-07-09 12:00:00+00:00,2023-07-09 16:00:00+00:00,2023-07-10 04:00:00+00:00,6.162,6.093,6.231,timeout,0.011324470704086709,0.010003191731762229,6.536688716426203,0.00132127897232448,3
BNB,long,2023-07-10 08:00:00+00:00,2023-07-10 12:00:00+00:00,2023-07-11 00:00:00+00:00,241.99,246.05,231.3,timeout,0.016777552791437778,0.015465552501760405,6.455921962584254,0.001312000289677373,3
BTC,long,2023-07-10 08:00:00+00:00,2023-07-10 12:00:00+00:00,2023-07-11 00:00:00+00:00,30242.1,30413.9,30000.1,timeout,0.0056808224296593934,0.00467304023693238,5.012959217987713,0.0010077821927270136,3
DOT,long,2023-07-10 08:00:00+00:00,2023-07-10 12:00:00+00:00,2023-07-11 00:00:00+00:00,5.09,5.13,4.997,timeout,0.007858546168958647,0.0060366407471821315,9.046674492363598,0.0018219054217765152,3
ETH,long,2023-07-10 08:00:00+00:00,2023-07-10 12:00:00+00:00,2023-07-11 00:00:00+00:00,1864.31,1880.61,1848.83,timeout,0.008743181123310961,0.0077264924263769075,5.041924062981029,0.0010166886969340538,3
LINK,long,2023-07-10 08:00:00+00:00,2023-07-10 12:00:00+00:00,2023-07-11 00:00:00+00:00,6.123,6.168,6.016,timeout,0.007349338559529572,0.006033253032698749,6.536688716426203,0.0013160855268308236,3
BNB,short,2023-07-11 08:00:00+00:00,2023-07-11 12:00:00+00:00,2023-07-11 20:00:00+00:00,245.18,248.67,248.67,stop,-0.014034664414686038,-0.015306906118240926,6.455921962584254,0.0012722417035548883,2
BTC,long,2023-07-11 12:00:00+00:00,2023-07-11 16:00:00+00:00,2023-07-12 04:00:00+00:00,30594.3,30598.4,30283.8,timeout,0.00013401189110395784,-0.0008682119010228195,5.012959217987713,0.0010022237921267774,3
ADA,short,2023-07-12 12:00:00+00:00,2023-07-12 16:00:00+00:00,2023-07-13 04:00:00+00:00,0.29057,0.28659,0.29519,timeout,0.013887435011689098,0.011863957473349007,9.988775255673833,0.0020234775383400905,3
AVAX,short,2023-07-12 12:00:00+00:00,2023-07-12 16:00:00+00:00,2023-07-13 04:00:00+00:00,13.04,12.95,13.37,timeout,0.006949806949806847,0.005398139229580323,7.710732744665526,0.0015516677202265239,3
BTC,short,2023-07-12 12:00:00+00:00,2023-07-12 16:00:00+00:00,2023-07-13 04:00:00+00:00,30523.6,30304.7,30983.8,timeout,0.0072233019960599165,0.006213974100754971,5.012959217987713,0.0010093278953049456,3
DOT,short,2023-07-12 12:00:00+00:00,2023-07-12 16:00:00+00:00,2023-07-13 04:00:00+00:00,5.178,5.114,5.289,timeout,0.012514665623777788,0.010684343337043822,9.046674492363598,0.0018303222867339652,3
ETH,short,2023-07-12 12:00:00+00:00,2023-07-12 16:00:00+00:00,2023-07-13 04:00:00+00:00,1883.84,1867.92,1902.56,timeout,0.008522848944280126,0.007506382315004334,5.041924062981029,0.0010164666292757918,3
LINK,short,2023-07-12 16:00:00+00:00,2023-07-12 20:00:00+00:00,2023-07-13 04:00:00+00:00,6.209,6.344,6.344,stop,-0.02127994955863821,-0.022558631386182748,6.536688716426203,0.0012786818275445366,2
XRP,short,2023-07-12 12:00:00+00:00,2023-07-12 16:00:00+00:00,2023-07-13 04:00:00+00:00,0.47104,0.47204,0.47634,timeout,-0.0021184645369036748,-0.003263926099012604,5.742762706652812,0.0011454615621089292,3
SOL,short,2023-07-14 08:00:00+00:00,2023-07-14 12:00:00+00:00,2023-07-15 00:00:00+00:00,28.07,26.665,29.762,timeout,0.05269079317457348,0.051428127010865854,6.000925858297193,0.0012626661637076264,3
BNB,short,2023-07-14 16:00:00+00:00,2023-07-14 20:00:00+00:00,2023-07-15 08:00:00+00:00,244.22,250.22,257.11,timeout,-0.023978898569259055,-0.025238308716830415,6.455921962584254,0.0012594101475713604,3
DOT,short,2023-07-14 16:00:00+00:00,2023-07-14 20:00:00+00:00,2023-07-15 08:00:00+00:00,5.33,5.549,5.687,timeout,-0.03946657055325287,-0.04120292638370038,9.046674492363598,0.0017363558304475113,3
LINK,short,2023-07-14 16:00:00+00:00,2023-07-14 20:00:00+00:00,2023-07-15 08:00:00+00:00,6.784,6.983,7.18,timeout,-0.02849778032364314,-0.02976703217268739,6.536688716426203,0.0012692518490442506,3
SOL,short,2023-07-16 00:00:00+00:00,2023-07-16 04:00:00+00:00,2023-07-16 04:00:00+00:00,27.032,27.937,27.937,stop,-0.032394315781937966,-0.03355492530298143,6.000925858297193,0.0011606095210434653,0
BTC,short,2023-07-16 00:00:00+00:00,2023-07-16 04:00:00+00:00,2023-07-16 08:00:00+00:00,30187.9,30339.4,30339.4,stop,-0.004993506793146918,-0.00599059235263788,5.012959217987713,0.0009970855594909622,1
ETH,short,2023-07-16 00:00:00+00:00,2023-07-16 04:00:00+00:00,2023-07-16 12:00:00+00:00,1923.47,1938.0,1938.0,stop,-0.0074974200206398,-0.00849774019491778,5.041924062981029,0.00100032017427798,2
LINK,long,2023-07-17 00:00:00+00:00,2023-07-17 04:00:00+00:00,2023-07-17 08:00:00+00:00,6.708,6.56,6.56,stop,-0.022063208109719845,-0.023340866622706735,6.536688716426203,0.00127765851298689,1
AVAX,short,2023-07-17 08:00:00+00:00,2023-07-17 12:00:00+00:00,2023-07-18 00:00:00+00:00,14.14,14.39,14.62,timeout,-0.0173731758165393,-0.018887362833201915,7.710732744665526,0.001514187016662616,3
LINK,long,2023-07-19 12:00:00+00:00,2023-07-19 16:00:00+00:00,2023-07-20 04:00:00+00:00,6.902,6.952,6.775,timeout,0.007244277021153156,0.005928328755513412,6.536688716426203,0.0013159482656397437,3
ADA,long,2023-07-19 16:00:00+00:00,2023-07-19 20:00:00+00:00,2023-07-20 08:00:00+00:00,0.32414,0.32564,0.31009,timeout,0.004627630036404096,0.0026226328606069327,9.988775255673833,0.002004997175797163,3
DOT,short,2023-07-20 12:00:00+00:00,2023-07-20 16:00:00+00:00,2023-07-21 00:00:00+00:00,5.3,5.489,5.489,stop,-0.034432501366369106,-0.036177957281327444,9.046674492363598,0.0017454559149583382,2
ADA,short,2023-07-20 12:00:00+00:00,2023-07-20 16:00:00+00:00,2023-07-21 04:00:00+00:00,0.31761,0.317,0.32811,timeout,0.0019242902208200796,-7.531173337083086e-05,9.988775255673833,0.0019996019541909105,3
XRP,long,2023-07-21 16:00:00+00:00,2023-07-21 20:00:00+00:00,2023-07-21 20:00:00+00:00,0.78389,0.77049,0.77049,stop,-0.017094235160545423,-0.018222506135392558,5.742762706652812,0.0011282709748471342,0
SOL,long,2023-07-21 16:00:00+00:00,2023-07-21 20:00:00+00:00,2023-07-22 08:00:00+00:00,25.793,25.775,25.176,timeout,-0.0006978637614857286,-0.001896492079439982,6.000925858297193,0.0011986283179542534,3
DOT,short,2023-07-22 00:00:00+00:00,2023-07-22 04:00:00+00:00,2023-07-22 16:00:00+00:00,5.443,5.37,5.518,timeout,0.013594040968342602,0.011761767495303665,9.046674492363598,0.0018322734730389367,3
DOT,short,2023-07-22 20:00:00+00:00,2023-07-23 00:00:00+00:00,2023-07-23 00:00:00+00:00,5.314,5.379,5.379,stop,-0.012084030488938358,-0.013869885724232756,9.046674492363598,0.001785855235294398,0
LINK,short,2023-07-22 08:00:00+00:00,2023-07-22 12:00:00+00:00,2023-07-23 00:00:00+00:00,7.971,7.884,8.38,timeout,0.011035007610350034,0.009714106816849588,6.536688716426203,0.0013209007935004458,3
LINK,short,2023-07-23 16:00:00+00:00,2023-07-23 20:00:00+00:00,2023-07-24 08:00:00+00:00,7.949,7.736,8.099,timeout,0.02753360910031022,0.026191153152304247,6.536688716426203,0.0013424559480059717,3
ADA,short,2023-07-24 00:00:00+00:00,2023-07-24 04:00:00+00:00,2023-07-24 16:00:00+00:00,0.31198,0.30272,0.31911,timeout,0.03058932346723031,0.02853251294243586,9.988775255673833,0.00205681052479445,3
BNB,short,2023-07-24 00:00:00+00:00,2023-07-24 04:00:00+00:00,2023-07-24 16:00:00+00:00,240.75,237.01,243.09,timeout,0.01577992489768376,0.014469211898507695,6.455921962584254,0.0013107129991760669,3
XRP,short,2023-07-24 00:00:00+00:00,2023-07-24 04:00:00+00:00,2023-07-24 16:00:00+00:00,0.72818,0.69424,0.74256,timeout,0.048887992625028964,0.04768398109078209,5.742762706652812,0.0012040115342468738,3
AVAX,short,2023-07-24 08:00:00+00:00,2023-07-24 12:00:00+00:00,2023-07-25 00:00:00+00:00,13.11,13.1,13.49,timeout,0.0007633587786259888,-0.0007787758825903435,7.710732744665526,0.0015421346612163322,3
BNB,long,2023-07-26 00:00:00+00:00,2023-07-26 04:00:00+00:00,2023-07-26 16:00:00+00:00,238.36,238.21,236.37,timeout,-0.0006293002181574359,-0.0019188395515239431,6.455921962584254,0.0012895393333665073,3
AVAX,long,2023-07-26 16:00:00+00:00,2023-07-26 20:00:00+00:00,2023-07-27 08:00:00+00:00,13.34,13.27,13.07,timeout,-0.005247376311844132,-0.0067802486805902396,7.710732744665526,0.0015328723687461077,3
LINK,long,2023-07-26 16:00:00+00:00,2023-07-26 20:00:00+00:00,2023-07-27 08:00:00+00:00,7.813,7.943,7.46,timeout,0.016638935108153063,0.015310712874521792,6.536688716426203,0.001328222233631271,3
XRP,long,2023-07-26 16:00:00+00:00,2023-07-26 20:00:00+00:00,2023-07-27 08:00:00+00:00,0.71412,0.71176,0.69471,timeout,-0.0033047667058757613,-0.004448866519633499,5.742762706652812,0.0011440998137577374,3
XRP,long,2023-07-27 12:00:00+00:00,2023-07-27 16:00:00+00:00,2023-07-28 04:00:00+00:00,0.72117,0.71446,0.70616,timeout,-0.009304324916455164,-0.01044153787733948,5.742762706652812,0.0011372129608843151,3
DOT,long,2023-07-28 08:00:00+00:00,2023-07-28 12:00:00+00:00,2023-07-29 00:00:00+00:00,5.225,5.218,5.158,timeout,-0.0013397129186601964,-0.003144990651793189,9.046674492363598,0.0018052777331329928,3
SOL,long,2023-07-29 00:00:00+00:00,2023-07-29 04:00:00+00:00,2023-07-29 16:00:00+00:00,25.133,25.085,24.748,timeout,-0.0019098396530456974,-0.003107014247875184,6.000925858297193,0.0011971745948294865,3
AVAX,long,2023-07-30 00:00:00+00:00,2023-07-30 04:00:00+00:00,2023-07-30 12:00:00+00:00,13.33,13.19,13.19,stop,-0.010502625656414133,-0.01202739990476398,7.710732744665526,0.0015247742483498472,2
BNB,short,2023-07-30 16:00:00+00:00,2023-07-30 20:00:00+00:00,2023-07-31 00:00:00+00:00,241.64,243.89,243.89,stop,-0.00922547049899547,-0.010503917752420322,6.455921962584254,0.0012784472534248525,1
LINK,short,2023-07-30 12:00:00+00:00,2023-07-30 16:00:00+00:00,2023-07-31 04:00:00+00:00,7.72,7.616,7.8,timeout,0.013655462184873901,0.012331137810092319,6.536688716426203,0.0013243243747815825,3
AVAX,short,2023-07-30 16:00:00+00:00,2023-07-30 20:00:00+00:00,2023-07-31 08:00:00+00:00,13.12,13.06,13.41,timeout,0.004594180704440953,0.0030461429061634515,7.710732744665526,0.0015480377982775018,3
ADA,long,2023-07-30 20:00:00+00:00,2023-07-31 00:00:00+00:00,2023-07-31 12:00:00+00:00,0.31575,0.31358,0.30469,timeout,-0.006872525732383061,-0.008854571339710127,9.988775255673833,0.0019820456073270654,3
XRP,short,2023-07-31 12:00:00+00:00,2023-07-31 16:00:00+00:00,2023-07-31 16:00:00+00:00,0.69619,0.70711,0.70711,stop,-0.015443141802548466,-0.016573308056454072,5.742762706652812,0.0011301662539056068,0
BNB,short,2023-08-01 00:00:00+00:00,2023-08-01 04:00:00+00:00,2023-08-01 04:00:00+00:00,239.24,242.19,242.19,stop,-0.012180519426896241,-0.01345515362894234,6.455921962584254,0.0012746342020460988,0
BTC,short,2023-07-31 12:00:00+00:00,2023-07-31 16:00:00+00:00,2023-08-01 04:00:00+00:00,29247.5,28837.0,29477.6,timeout,0.014235183965044973,0.013218829536441934,5.012959217987713,0.001016354428603039,3
ETH,short,2023-07-31 12:00:00+00:00,2023-07-31 16:00:00+00:00,2023-08-01 04:00:00+00:00,1857.71,1827.2,1873.82,timeout,0.0166976795096323,0.01567297365952136,5.041924062981029,0.0010247058501109407,3
SOL,short,2023-07-31 12:00:00+00:00,2023-07-31 16:00:00+00:00,2023-08-01 04:00:00+00:00,23.937,23.403,24.685,timeout,0.022817587488783486,0.021590753201127022,6.000925858297193,0.0012268342876564642,3
LINK,short,2023-07-31 16:00:00+00:00,2023-07-31 20:00:00+00:00,2023-08-01 08:00:00+00:00,7.485,7.441,7.673,timeout,0.005913183711866665,0.004598974497986186,6.536688716426203,0.0013142092138804795,3
DOT,short,2023-08-01 00:00:00+00:00,2023-08-01 04:00:00+00:00,2023-08-01 16:00:00+00:00,5.031,5.101,5.132,timeout,-0.013722799451088119,-0.015505692284497163,9.046674492363598,0.0017828928334090444,3
XRP,long,2023-08-01 12:00:00+00:00,2023-08-01 16:00:00+00:00,2023-08-02 04:00:00+00:00,0.69394,0.70054,0.68071,timeout,0.009510908724097211,0.008352097881950016,5.742762706652812,0.0011588108421471954,3
ADA,long,2023-08-02 08:00:00+00:00,2023-08-02 12:00:00+00:00,2023-08-02 12:00:00+00:00,0.30804,0.30466,0.30466,stop,-0.010972600960914125,-0.012946463795830865,9.988775255673833,0.0019738628349167398,0
LINK,long,2023-08-02 08:00:00+00:00,2023-08-02 12:00:00+00:00,2023-08-02 12:00:00+00:00,7.655,7.576,7.576,stop,-0.010320052253429246,-0.011613053008546204,6.536688716426203,0.0012930007551169576,0
BNB,short,2023-08-02 12:00:00+00:00,2023-08-02 16:00:00+00:00,2023-08-03 04:00:00+00:00,243.16,240.22,246.09,timeout,0.012238781117309028,0.010932637437796933,6.455921962584254,0.001306143679512095,3
BTC,short,2023-08-02 12:00:00+00:00,2023-08-02 16:00:00+00:00,2023-08-03 04:00:00+00:00,29328.4,29186.0,29611.4,timeout,0.004879051600082285,0.00387207285348512,5.012959217987713,0.0010069787465971647,3
SOL,short,2023-08-02 12:00:00+00:00,2023-08-02 16:00:00+00:00,2023-08-03 04:00:00+00:00,23.253,23.254,23.718,timeout,-4.3003354261661464e-05,-0.0012424171546040474,6.000925858297193,0.001199413800342386,3
SOL,short,2023-08-03 20:00:00+00:00,2023-08-04 00:00:00+00:00,2023-08-04 12:00:00+00:00,22.642,22.914,23.115,timeout,-0.011870472200401605,-0.013055699361313788,6.000925858297193,0.0011852271609121834,3
XRP,short,2023-08-03 20:00:00+00:00,2023-08-04 00:00:00+00:00,2023-08-04 12:00:00+00:00,0.66307,0.65801,0.67779,timeout,0.007689852737800429,0.006533132273679687,5.742762706652812,0.0011567204641207418,3
BTC,long,2023-08-04 12:00:00+00:00,2023-08-04 16:00:00+00:00,2023-08-04 16:00:00+00:00,29271.2,29126.8,29126.8,stop,-0.004933176637787362,-0.0059303226534936915,5.012959217987713,0.0009971460157063294,0
ETH,long,2023-08-04 12:00:00+00:00,2023-08-04 16:00:00+00:00,2023-08-04 16:00:00+00:00,1847.2,1831.4,1831.4,stop,-0.008553486357730566,-0.009552742147407645,5.041924062981029,0.0009992557896770782,0
BNB,short,2023-08-04 16:00:00+00:00,2023-08-04 20:00:00+00:00,2023-08-05 08:00:00+00:00,241.47,241.17,243.3,timeout,0.0012439358129121558,-4.8020653099389854e-05,6.455921962584254,0.0012919564660115457,3
LINK,short,2023-08-04 16:00:00+00:00,2023-08-04 20:00:00+00:00,2023-08-05 08:00:00+00:00,7.096,7.182,7.268,timeout,-0.011974380395433082,-0.013265219797739314,6.536688716426203,0.001290839402306232,3
XRP,short,2023-08-04 16:00:00+00:00,2023-08-04 20:00:00+00:00,2023-08-05 08:00:00+00:00,0.65407,0.62381,0.66778,timeout,0.04850835991728264,0.047304784160890234,5.742762706652812,0.0012035757563924054,3
ADA,long,2023-08-07 00:00:00+00:00,2023-08-07 04:00:00+00:00,2023-08-07 04:00:00+00:00,0.29441,0.2909,0.2909,stop,-0.011922149383512881,-0.013894117146217022,9.988775255673833,0.001971967762704141,0
ETH,long,2023-08-07 00:00:00+00:00,2023-08-07 04:00:00+00:00,2023-08-07 12:00:00+00:00,1838.72,1826.58,1826.58,stop,-0.00660241907413861,-0.0076036412989710644,5.041924062981029,0.0010012222248324543,2
XRP,short,2023-08-06 20:00:00+00:00,2023-08-07 00:00:00+00:00,2023-08-07 12:00:00+00:00,0.6242,0.61998,0.63211,timeout,0.006806671182941315,0.005650964517039725,5.742762706652812,0.0011557066659015902,3
BTC,short,2023-08-07 12:00:00+00:00,2023-08-07 16:00:00+00:00,2023-08-07 16:00:00+00:00,28859.9,29154.0,29154.0,stop,-0.010087809563010142,-0.01107979017518479,5.012959217987713,0.0009919806121746477,0
SOL,short,2023-08-07 12:00:00+00:00,2023-08-07 16:00:00+00:00,2023-08-08 00:00:00+00:00,22.768,23.171,23.171,stop,-0.017392430192913477,-0.01857103395637627,6.000925858297193,0.0011786037634627933,2
ADA,short,2023-08-07 12:00:00+00:00,2023-08-07 16:00:00+00:00,2023-08-08 04:00:00+00:00,0.28923,0.2913,0.29519,timeout,-0.007106076210092738,-0.009087655706360942,9.988775255673833,0.0019815794962682043,3
AVAX,short,2023-08-07 12:00:00+00:00,2023-08-07 16:00:00+00:00,2023-08-08 04:00:00+00:00,12.42,12.43,12.75,timeout,-0.0008045052292839916,-0.0023442238773545565,7.710732744665526,0.001539718648070565,3
BTC,long,2023-08-08 08:00:00+00:00,2023-08-08 12:00:00+00:00,2023-08-09 00:00:00+00:00,29439.0,29773.4,29175.9,timeout,0.011359081490539769,0.010345609174028159,5.012959217987713,0.00101347231651161,3
ETH,short,2023-08-09 12:00:00+00:00,2023-08-09 16:00:00+00:00,2023-08-10 04:00:00+00:00,1853.56,1853.06,1871.99,timeout,0.0002698239668439406,-0.0007383246312747671,5.041924062981029,0.0010081485981187077,3
BTC,short,2023-08-10 12:00:00+00:00,2023-08-10 16:00:00+00:00,2023-08-11 04:00:00+00:00,29468.0,29416.1,29740.8,timeout,0.0017643399362934353,0.0007604824095506224,5.012959217987713,0.001003857526742813,3
ETH,short,2023-08-11 00:00:00+00:00,2023-08-11 04:00:00+00:00,2023-08-11 12:00:00+00:00,1847.2,1855.25,1855.25,stop,-0.004339037865516704,-0.005342541299416914,5.041924062981029,0.0010035034339002102,2
BNB,short,2023-08-11 00:00:00+00:00,2023-08-11 04:00:00+00:00,2023-08-11 16:00:00+00:00,240.47,238.73,242.16,timeout,0.007288568675910101,0.0059888125097129485,6.455921962584254,0.0012997561661971524,3
DOT,short,2023-08-11 12:00:00+00:00,2023-08-11 16:00:00+00:00,2023-08-12 00:00:00+00:00,4.973,5.015,5.015,stop,-0.008374875373878377,-0.010167435647136736,9.046674492363598,0.001792560273258359,2
ADA,short,2023-08-11 12:00:00+00:00,2023-08-11 16:00:00+00:00,2023-08-12 04:00:00+00:00,0.29428,0.29307,0.29724,timeout,0.0041287064523833905,0.0021247050090815733,9.988775255673833,0.002004001443301817,3
LINK,short,2023-08-11 12:00:00+00:00,2023-08-11 16:00:00+00:00,2023-08-12 04:00:00+00:00,7.495,7.474,7.592,timeout,0.0028097404335027942,0.0014995858177895283,6.536688716426203,0.001310154615713266,3
XRP,short,2023-08-12 00:00:00+00:00,2023-08-12 04:00:00+00:00,2023-08-12 16:00:00+00:00,0.62988,0.63077,0.63361,timeout,-0.0014109738890563106,-0.0025572475749634505,5.742762706652812,0.0011462736859071398,3
LINK,short,2023-08-12 16:00:00+00:00,2023-08-12 20:00:00+00:00,2023-08-12 20:00:00+00:00,7.391,7.468,7.468,stop,-0.010310658810926632,-0.01160367183842348,6.536688716426203,0.0012930130274968477,0
BNB,long,2023-08-13 16:00:00+00:00,2023-08-13 20:00:00+00:00,2023-08-13 20:00:00+00:00,241.52,240.16,240.16,stop,-0.005631003643590704,-0.006914089022181047,6.455921962584254,0.0012830853785903429,0
BTC,long,2023-08-13 16:00:00+00:00,2023-08-13 20:00:00+00:00,2023-08-13 20:00:00+00:00,29442.1,29330.2,29330.2,stop,-0.003800679978669952,-0.004798960857387402,5.012959217987713,0.0009982808787174502,0
DOT,long,2023-08-13 16:00:00+00:00,2023-08-13 20:00:00+00:00,2023-08-13 20:00:00+00:00,5.038,4.997,4.997,stop,-0.008138150059547544,-0.009931138261045636,9.046674492363598,0.0017929882014980913,0
ETH,long,2023-08-13 16:00:00+00:00,2023-08-13 20:00:00+00:00,2023-08-13 20:00:00+00:00,1858.71,1846.53,1846.53,stop,-0.006552931872104928,-0.007554203973932916,5.041924062981029,0.001001272101827988,0
LINK,long,2023-08-13 16:00:00+00:00,2023-08-13 20:00:00+00:00,2023-08-13 20:00:00+00:00,7.54,7.404,7.404,stop,-0.018037135278514582,-0.01932005379017354,6.536688716426203,0.0012829185116589592,0
ADA,long,2023-08-14 12:00:00+00:00,2023-08-14 16:00:00+00:00,2023-08-14 16:00:00+00:00,0.29163,0.28952,0.28952,stop,-0.007235195281692586,-0.009216517087085041,9.988775255673833,0.0019813218053924553,0
AVAX,long,2023-08-14 12:00:00+00:00,2023-08-14 16:00:00+00:00,2023-08-14 16:00:00+00:00,12.4,12.28,12.28,stop,-0.00967741935483879,-0.01120346521173543,7.710732744665526,0.0015260458568966406,0
BTC,long,2023-08-14 12:00:00+00:00,2023-08-14 16:00:00+00:00,2023-08-14 16:00:00+00:00,29607.7,29331.0,29331.0,stop,-0.00934554186917591,-0.010338266300012777,5.012959217987713,0.0009927244308368666,0
DOT,long,2023-08-14 12:00:00+00:00,2023-08-14 16:00:00+00:00,2023-08-14 16:00:00+00:00,5.041,4.98,4.98,stop,-0.01210077365602058,-0.013886598624699653,9.046674492363598,0.0017858249686790728,0
ETH,long,2023-08-14 12:00:00+00:00,2023-08-14 16:00:00+00:00,2023-08-14 16:00:00+00:00,1853.3,1844.45,1844.45,stop,-0.004775265742189561,-0.005778329512199143,5.041924062981029,0.0010030637700095824,0
SOL,long,2023-08-14 12:00:00+00:00,2023-08-14 16:00:00+00:00,2023-08-15 04:00:00+00:00,24.817,24.998,24.324,timeout,0.0072933875972116535,0.006085174049898612,6.000925858297193,0.0012082135473130418,3
BNB,short,2023-08-15 00:00:00+00:00,2023-08-15 04:00:00+00:00,2023-08-15 16:00:00+00:00,239.73,239.05,240.74,timeout,0.0028445931813427805,0.0015505713049321912,6.455921962584254,0.0012940218764105893,3
ADA,short,2023-08-15 08:00:00+00:00,2023-08-15 12:00:00+00:00,2023-08-16 00:00:00+00:00,0.28848,0.28181,0.2907,timeout,0.023668429083425035,0.021625431013393426,9.988775255673833,0.0020429980700316097,3
BTC,short,2023-08-15 12:00:00+00:00,2023-08-15 16:00:00+00:00,2023-08-16 04:00:00+00:00,29334.0,29233.2,29508.4,timeout,0.003448134313041251,0.002442589473633072,5.012959217987713,0.001005544839408179,3
XRP,short,2023-08-16 04:00:00+00:00,2023-08-16 08:00:00+00:00,2023-08-16 20:00:00+00:00,0.60279,0.59616,0.61714,timeout,0.011121175523349569,0.009960516266678487,5.742762706652812,0.0011606592566710816,3
ADA,short,2023-08-17 12:00:00+00:00,2023-08-17 16:00:00+00:00,2023-08-18 04:00:00+00:00,0.26892,0.25963,0.27815,timeout,0.035781689327119226,0.03371451607829301,9.988775255673833,0.002067173248826215,3
DOT,short,2023-08-17 12:00:00+00:00,2023-08-17 16:00:00+00:00,2023-08-18 04:00:00+00:00,4.672,4.403,4.798,timeout,0.061094708153531796,0.059176567746674014,9.046674492363598,0.0019181404068577823,3
LINK,short,2023-08-17 12:00:00+00:00,2023-08-17 16:00:00+00:00,2023-08-18 04:00:00+00:00,6.608,6.139,6.85,timeout,0.07639680729760534,0.07499051237588827,6.536688716426203,0.0014062949217170662,3
SOL,short,2023-08-17 12:00:00+00:00,2023-08-17 16:00:00+00:00,2023-08-18 04:00:00+00:00,22.861,21.547,23.43,timeout,0.060982967466468585,0.059710355126761705,6.000925858297193,0.00127261233970688,3
BNB,long,2023-08-19 12:00:00+00:00,2023-08-19 16:00:00+00:00,2023-08-20 04:00:00+00:00,217.36,216.55,214.51,timeout,-0.003726536621273424,-0.005012079431460648,6.455921962584254,0.0012855428101872235,3
BTC,long,2023-08-19 12:00:00+00:00,2023-08-19 16:00:00+00:00,2023-08-20 04:00:00+00:00,26206.0,26100.8,25868.3,timeout,-0.0040143478592689075,-0.005012414623646766,5.012959217987713,0.0009980667643778585,3
DOT,long,2023-08-19 12:00:00+00:00,2023-08-19 16:00:00+00:00,2023-08-20 04:00:00+00:00,4.53,4.495,4.469,timeout,-0.007726269315673329,-0.009520002073799216,9.046674492363598,0.0017937327581258877,3
ETH,long,2023-08-19 12:00:00+00:00,2023-08-19 16:00:00+00:00,2023-08-20 04:00:00+00:00,1683.39,1668.15,1658.07,timeout,-0.00905316058667327,-0.01005191276636308,5.041924062981029,0.0009987521796898102,3
XRP,long,2023-08-19 12:00:00+00:00,2023-08-19 16:00:00+00:00,2023-08-20 04:00:00+00:00,0.52142,0.51849,0.50282,timeout,-0.005619270453760872,-0.006760713464096124,5.742762706652812,0.0011414430103352524,3
ADA,long,2023-08-20 08:00:00+00:00,2023-08-20 12:00:00+00:00,2023-08-21 00:00:00+00:00,0.26813,0.27035,0.26467,timeout,0.00827956588222123,0.006267280313354107,9.988775255673833,0.0020122855688671226,3
DOT,short,2023-08-21 00:00:00+00:00,2023-08-21 04:00:00+00:00,2023-08-21 16:00:00+00:00,4.494,4.393,4.536,timeout,0.022991122239927053,0.021141861667475892,9.046674492363598,0.0018492605724511613,3
BNB,short,2023-08-21 04:00:00+00:00,2023-08-21 08:00:00+00:00,2023-08-21 20:00:00+00:00,214.46,210.76,216.76,timeout,0.017555513380148158,0.016242509247973436,6.455921962584254,0.0013130041321747221,3
ETH,short,2023-08-21 04:00:00+00:00,2023-08-21 08:00:00+00:00,2023-08-21 20:00:00+00:00,1672.0,1672.48,1688.95,timeout,-0.0002869989476705914,-0.0012945863369763222,5.041924062981029,0.0010075873893057308,3
ADA,short,2023-08-21 12:00:00+00:00,2023-08-21 16:00:00+00:00,2023-08-22 04:00:00+00:00,0.26143,0.26188,0.26913,timeout,-0.0017183442798228699,-0.0037106764042104112,9.988775255673833,0.0019923321243875414,3
LINK,short,2023-08-21 12:00:00+00:00,2023-08-21 16:00:00+00:00,2023-08-22 04:00:00+00:00,6.104,6.14,6.235,timeout,-0.005863192182410382,-0.007162015752721684,6.536688716426203,0.0012988235703113027,3
SOL,short,2023-08-21 12:00:00+00:00,2023-08-21 16:00:00+00:00,2023-08-22 04:00:00+00:00,20.721,21.106,21.42,timeout,-0.01824125840993085,-0.019418844033332716,6.000925858297193,0.0011775856234018667,3
XRP,short,2023-08-21 12:00:00+00:00,2023-08-21 16:00:00+00:00,2023-08-22 04:00:00+00:00,0.51064,0.52128,0.53067,timeout,-0.020411295273173646,-0.02153575861683099,5.742762706652812,0.0011244633436573448,3
XRP,short,2023-08-22 12:00:00+00:00,2023-08-22 16:00:00+00:00,2023-08-22 20:00:00+00:00,0.51147,0.52093,0.52093,stop,-0.018159829535638217,-0.019286877321805895,5.742762706652812,0.0011270477861676786,1
ADA,short,2023-08-22 08:00:00+00:00,2023-08-22 12:00:00+00:00,2023-08-23 00:00:00+00:00,0.25908,0.25852,0.26213,timeout,0.0021661766981275754,0.00016609199621053783,9.988775255673833,0.0020000847019170376,3
DOT,short,2023-08-22 08:00:00+00:00,2023-08-22 12:00:00+00:00,2023-08-23 00:00:00+00:00,4.396,4.421,4.44,timeout,-0.005654829224157498,-0.007452306523566543,9.046674492363598,0.0017974772994090449,3
SOL,short,2023-08-22 08:00:00+00:00,2023-08-22 12:00:00+00:00,2023-08-23 00:00:00+00:00,20.932,20.582,21.211,timeout,0.017005150131182534,0.01578528766091769,6.000925858297193,0.001219862470264843,3
LINK,short,2023-08-22 12:00:00+00:00,2023-08-22 16:00:00+00:00,2023-08-23 04:00:00+00:00,6.125,6.12,6.257,timeout,0.0008169934640522847,-0.0004905576601564876,6.536688716426203,0.0013075511242087723,3
AVAX,long,2023-08-22 20:00:00+00:00,2023-08-23 00:00:00+00:00,2023-08-23 12:00:00+00:00,10.14,10.12,9.69,timeout,-0.0019723865877713243,-0.0035103055793023197,7.710732744665526,0.0015379189915309954,3
BTC,long,2023-08-22 20:00:00+00:00,2023-08-23 00:00:00+00:00,2023-08-23 12:00:00+00:00,26055.4,25940.1,25300.0,timeout,-0.0044251863337351205,-0.005422841401191425,5.012959217987713,0.0009976550674563045,3
ADA,long,2023-08-23 12:00:00+00:00,2023-08-23 16:00:00+00:00,2023-08-24 04:00:00+00:00,0.26281,0.26875,0.25853,timeout,0.022601879684943427,0.020561010193171025,9.988775255673833,0.0020408694917724013,3
DOT,long,2023-08-23 12:00:00+00:00,2023-08-23 16:00:00+00:00,2023-08-24 04:00:00+00:00,4.457,4.507,4.388,timeout,0.011218308279111522,0.009390329416942178,9.046674492363598,0.0018279788621693438,3
ETH,long,2023-08-23 12:00:00+00:00,2023-08-23 16:00:00+00:00,2023-08-24 04:00:00+00:00,1657.17,1675.43,1633.61,timeout,0.01101878503714171,0.00999980281216084,5.041924062981029,0.0010189822249808689,3
LINK,long,2023-08-23 12:00:00+00:00,2023-08-23 16:00:00+00:00,2023-08-24 04:00:00+00:00,6.356,6.339,6.199,timeout,-0.0026746381371931527,-0.003977627501504544,6.536688716426203,0.001302989364311391,3
XRP,long,2023-08-23 12:00:00+00:00,2023-08-23 16:00:00+00:00,2023-08-24 04:00:00+00:00,0.52319,0.52863,0.51555,timeout,0.010397752250616454,0.00923792340669749,5.742762706652812,0.0011598288439189641,3
BNB,long,2023-08-24 20:00:00+00:00,2023-08-25 00:00:00+00:00,2023-08-25 04:00:00+00:00,219.12,215.4,215.4,stop,-0.016976998904709717,-0.018245443962978003,6.455921962584254,0.001268445058268286,1
AVAX,short,2023-08-25 12:00:00+00:00,2023-08-25 16:00:00+00:00,2023-08-25 20:00:00+00:00,9.963,10.068,10.068,stop,-0.010429082240762888,-0.011953969816453691,7.710732744665526,0.0015248875756908031,1
ADA,short,2023-08-25 12:00:00+00:00,2023-08-25 16:00:00+00:00,2023-08-26 04:00:00+00:00,0.26033,0.26022,0.26576,timeout,0.0004227192375683142,-0.001573885939020303,9.988775255673833,0.0019966051765886172,3
BTC,short,2023-08-25 12:00:00+00:00,2023-08-25 16:00:00+00:00,2023-08-26 04:00:00+00:00,25930.0,26086.0,26319.1,timeout,-0.005980219274706711,-0.006976316059980281,5.012959217987713,0.0009960967852735703,3
ETH,short,2023-08-25 12:00:00+00:00,2023-08-25 16:00:00+00:00,2023-08-26 04:00:00+00:00,1646.21,1654.67,1677.97,timeout,-0.005112801948424783,-0.0061155255235741945,5.041924062981029,0.0010027235751494112,3
SOL,short,2023-08-25 12:00:00+00:00,2023-08-25 16:00:00+00:00,2023-08-26 04:00:00+00:00,20.342,20.395,20.911,timeout,-0.0025986761461143093,-0.0037950245054167997,6.000925858297193,0.0011963483593024904,3
BNB,short,2023-08-27 00:00:00+00:00,2023-08-27 04:00:00+00:00,2023-08-27 04:00:00+00:00,216.02,216.77,216.77,stop,-0.0034598883609355813,-0.004745775241065897,6.455921962584254,0.0012858868801303158,0
SOL,long,2023-08-26 12:00:00+00:00,2023-08-26 16:00:00+00:00,2023-08-27 04:00:00+00:00,20.37,20.294,20.179,timeout,-0.0037309769268532023,-0.004925967130568032,6.000925858297193,0.0011949902037148297,3
XRP,short,2023-08-26 20:00:00+00:00,2023-08-27 00:00:00+00:00,2023-08-27 04:00:00+00:00,0.52311,0.52755,0.52755,stop,-0.008416263861245388,-0.009554496221494735,5.742762706652812,0.0011382323602493472,1
LINK,short,2023-08-27 00:00:00+00:00,2023-08-27 04:00:00+00:00,2023-08-27 12:00:00+00:00,5.958,6.023,6.023,stop,-0.010791964137472965,-0.012084348347388696,6.536688716426203,0.0012923842099157312,2
DOT,short,2023-08-27 12:00:00+00:00,2023-08-27 16:00:00+00:00,2023-08-28 04:00:00+00:00,4.504,4.472,4.544,timeout,0.007155635062611632,0.005335000292912451,9.046674492363598,0.001820634769699181,3
BTC,short,2023-08-30 08:00:00+00:00,2023-08-30 12:00:00+00:00,2023-08-31 00:00:00+00:00,27343.0,27297.0,27498.0,timeout,0.0016851668681541199,0.000681388679911521,5.012959217987713,0.001003778188242599,3
ETH,short,2023-08-30 12:00:00+00:00,2023-08-30 16:00:00+00:00,2023-08-31 04:00:00+00:00,1703.94,1699.53,1722.61,timeout,0.002594835042629473,0.00158434312013922,5.041924062981029,0.001010491922490253,3
BTC,long,2023-08-31 08:00:00+00:00,2023-08-31 12:00:00+00:00,2023-08-31 12:00:00+00:00,27303.7,27190.4,27190.4,stop,-0.004149620747371241,-0.005147551956208196,5.012959217987713,0.0009979312088369552,0
ADA,long,2023-09-01 08:00:00+00:00,2023-09-01 12:00:00+00:00,2023-09-01 12:00:00+00:00,0.25805,0.25566,0.25566,stop,-0.009261770974617334,-0.01123904821820465,9.988775255673833,0.0019772772435873165,0
AVAX,short,2023-09-01 12:00:00+00:00,2023-09-01 16:00:00+00:00,2023-09-02 04:00:00+00:00,9.916,9.91,10.064,timeout,0.0006054490413722746,-0.0009364422875146605,7.710732744665526,0.0015418913288869351,3
BNB,short,2023-09-01 12:00:00+00:00,2023-09-01 16:00:00+00:00,2023-09-02 04:00:00+00:00,213.39,214.69,215.89,timeout,-0.006055242442591702,-0.007337780404074401,6.455921962584254,0.0012825379614826993,3
BTC,short,2023-09-01 12:00:00+00:00,2023-09-01 16:00:00+00:00,2023-09-02 04:00:00+00:00,25810.9,25799.8,26155.8,timeout,0.00043023589330148937,-0.0005722847417874988,5.012959217987713,0.0010025206350889881,3
DOT,short,2023-09-01 12:00:00+00:00,2023-09-01 16:00:00+00:00,2023-09-02 04:00:00+00:00,4.219,4.232,4.282,timeout,-0.0030718336483931408,-0.004873980227694363,9.046674492363598,0.0018021465793012226,3
ETH,short,2023-09-01 12:00:00+00:00,2023-09-01 16:00:00+00:00,2023-09-02 04:00:00+00:00,1634.49,1631.99,1652.73,timeout,0.0015318721315693562,0.0005224515445756417,5.041924062981029,0.0010094205869937145,3
SOL,short,2023-09-01 12:00:00+00:00,2023-09-01 16:00:00+00:00,2023-09-02 04:00:00+00:00,19.4,19.57,19.931,timeout,-0.008686765457332712,-0.00987581136426785,6.000925858297193,0.0011890459069351378,3
XRP,short,2023-09-01 12:00:00+00:00,2023-09-01 16:00:00+00:00,2023-09-02 04:00:00+00:00,0.50167,0.49791,0.5083,timeout,0.007551565543973737,0.00639500381880076,5.742762706652812,0.0011565617251729776,3
ADA,short,2023-09-03 12:00:00+00:00,2023-09-03 16:00:00+00:00,2023-09-03 20:00:00+00:00,0.25395,0.2559,0.2559,stop,-0.007620164126612039,-0.009600717625993793,9.988775255673833,0.001980553499381754,1
BTC,short,2023-09-03 12:00:00+00:00,2023-09-03 16:00:00+00:00,2023-09-03 20:00:00+00:00,25868.5,26085.0,26085.0,stop,-0.008299789150852943,-0.009293561519508775,5.012959217987713,0.000993772368655832,1
AVAX,short,2023-09-03 12:00:00+00:00,2023-09-03 16:00:00+00:00,2023-09-04 00:00:00+00:00,9.873,9.957,9.957,stop,-0.008436275986743125,-0.009964234393885274,7.710732744665526,0.0015279584071421493,2
BNB,short,2023-09-03 12:00:00+00:00,2023-09-03 16:00:00+00:00,2023-09-04 00:00:00+00:00,213.74,215.17,215.17,stop,-0.006645907886787095,-0.007927683682315445,6.455921962584254,0.0012817757955283504,2
ETH,short,2023-09-04 08:00:00+00:00,2023-09-04 12:00:00+00:00,2023-09-05 00:00:00+00:00,1632.35,1630.65,1640.79,timeout,0.0010425290528315312,3.360166330024228e-05,5.041924062981029,0.001008927389531289,3
SOL,short,2023-09-04 08:00:00+00:00,2023-09-04 12:00:00+00:00,2023-09-05 00:00:00+00:00,19.587,19.526,19.882,timeout,0.0031240397418825783,0.0019208271829849188,6.000925858297193,0.0012032125588976594,3
BTC,long,2023-09-05 08:00:00+00:00,2023-09-05 12:00:00+00:00,2023-09-05 12:00:00+00:00,25780.2,25650.0,25650.0,stop,-0.0050503875066911785,-0.006047416066616629,5.012959217987713,0.0009970285599254503,0
ADA,long,2023-09-05 12:00:00+00:00,2023-09-05 16:00:00+00:00,2023-09-06 04:00:00+00:00,0.25772,0.25872,0.25526,timeout,0.0038801800403538422,0.001876674596504424,9.988775255673833,0.002003505443849418,3
ADA,short,2023-09-06 12:00:00+00:00,2023-09-06 16:00:00+00:00,2023-09-06 16:00:00+00:00,0.25517,0.25711,0.25711,stop,-0.007545408579985202,-0.009526111273610915,9.988775255673833,0.0019807026936257133,0
BNB,short,2023-09-06 12:00:00+00:00,2023-09-06 16:00:00+00:00,2023-09-06 16:00:00+00:00,213.53,215.2,215.2,stop,-0.007760223048327131,-0.009040560985780433,6.455921962584254,0.001280337937453302,0
BTC,short,2023-09-06 12:00:00+00:00,2023-09-06 16:00:00+00:00,2023-09-06 16:00:00+00:00,25589.6,25782.9,25782.9,stop,-0.007497217147799606,-0.008491793765432853,5.012959217987713,0.0009945766176332471,0
DOT,short,2023-09-06 12:00:00+00:00,2023-09-06 16:00:00+00:00,2023-09-06 16:00:00+00:00,4.217,4.256,4.256,stop,-0.009163533834586568,-0.01095466845031512,9.046674492363598,0.0017911346157285513,0
LINK,long,2023-09-06 12:00:00+00:00,2023-09-06 16:00:00+00:00,2023-09-06 16:00:00+00:00,6.176,6.103,6.103,stop,-0.01181994818652854,-0.013110989352003943,6.536688716426203,0.001291041165475404,0
XRP,short,2023-09-06 12:00:00+00:00,2023-09-06 16:00:00+00:00,2023-09-06 16:00:00+00:00,0.49755,0.50282,0.50282,stop,-0.010480887792848392,-0.011616750185050595,5.742762706652812,0.0011358623922022026,0
DOT,short,2023-09-07 04:00:00+00:00,2023-09-07 08:00:00+00:00,2023-09-07 20:00:00+00:00,4.255,4.272,4.286,timeout,-0.003979400749063777,-0.005779906719742378,9.046674492363598,0.0018005059706786009,3
SOL,short,2023-09-07 04:00:00+00:00,2023-09-07 08:00:00+00:00,2023-09-07 20:00:00+00:00,19.556,19.658,19.825,timeout,-0.00518872723573105,-0.0063819689184155814,6.000925858297193,0.0011932416826845316,3
BTC,long,2023-09-07 12:00:00+00:00,2023-09-07 16:00:00+00:00,2023-09-08 04:00:00+00:00,25784.2,26253.0,25616.4,timeout,0.01818167715112362,0.017161367983136167,5.012959217987713,0.0010203091679874543,3
AVAX,long,2023-09-10 12:00:00+00:00,2023-09-10 16:00:00+00:00,2023-09-10 16:00:00+00:00,9.554,9.461,9.461,stop,-0.009734142767427234,-0.011260101215907148,7.710732744665526,0.0015259584484799138,0
ADA,short,2023-09-10 12:00:00+00:00,2023-09-10 16:00:00+00:00,2023-09-11 04:00:00+00:00,0.24792,0.2479,0.25094,timeout,8.067769261788094e-05,-0.0019152448506135622,9.988775255673833,0.001995922543231443,3
DOT,short,2023-09-10 12:00:00+00:00,2023-09-10 16:00:00+00:00,2023-09-11 04:00:00+00:00,4.135,4.119,4.195,timeout,0.0038844379703810716,0.002069716542133282,9.046674492363598,0.0018147214282477897,3
SOL,short,2023-09-13 00:00:00+00:00,2023-09-13 04:00:00+00:00,2023-09-13 04:00:00+00:00,17.834,18.175,18.175,stop,-0.01876203576341129,-0.019938996732406178,6.000925858297193,0.001176960968994889,0
ADA,short,2023-09-12 16:00:00+00:00,2023-09-12 20:00:00+00:00,2023-09-13 08:00:00+00:00,0.2472,0.24535,0.25141,timeout,0.007540248624414048,0.005529438556488131,9.988775255673833,0.0020108100679259167,3
ETH,short,2023-09-13 04:00:00+00:00,2023-09-13 08:00:00+00:00,2023-09-13 08:00:00+00:00,1584.29,1603.49,1603.49,stop,-0.011973881969953082,-0.012969690422762747,5.041924062981029,0.0009958084528096656,0
AVAX,short,2023-09-13 04:00:00+00:00,2023-09-13 08:00:00+00:00,2023-09-13 20:00:00+00:00,9.16,9.27,9.567,timeout,-0.011866235167205974,-0.013388908150084533,7.710732744665526,0.001522672982878559,3
XRP,short,2023-09-13 04:00:00+00:00,2023-09-13 08:00:00+00:00,2023-09-13 20:00:00+00:00,0.47475,0.4818,0.49885,timeout,-0.014632627646326224,-0.015763724284028613,5.742762706652812,0.001131096637702389,3
BNB,short,2023-09-14 00:00:00+00:00,2023-09-14 04:00:00+00:00,2023-09-14 16:00:00+00:00,211.91,213.05,215.16,timeout,-0.005350856606430532,-0.0066343034731290995,6.455921962584254,0.0012834468666985677,3
ETH,long,2023-09-14 12:00:00+00:00,2023-09-14 16:00:00+00:00,2023-09-15 04:00:00+00:00,1634.41,1634.3,1617.0,timeout,-6.730257401765805e-05,-0.0010751113901681375,5.041924062981029,0.0010078088161504795,3
SOL,long,2023-09-15 00:00:00+00:00,2023-09-15 04:00:00+00:00,2023-09-15 16:00:00+00:00,19.142,18.886,18.71,timeout,-0.013373733152230671,-0.014557157203672011,6.000925858297193,0.0011834240514413397,3
BTC,short,2023-09-15 08:00:00+00:00,2023-09-15 12:00:00+00:00,2023-09-15 20:00:00+00:00,26432.0,26699.9,26699.9,stop,-0.010033745444739561,-0.01102578023399936,5.012959217987713,0.0009920347892597992,2
ADA,short,2023-09-16 12:00:00+00:00,2023-09-16 16:00:00+00:00,2023-09-17 04:00:00+00:00,0.2497,0.24943,0.25164,timeout,0.0010824680271017684,-0.0009154538507401,9.988775255673833,0.0019979218778418684,3
ADA,long,2023-09-18 00:00:00+00:00,2023-09-18 04:00:00+00:00,2023-09-18 16:00:00+00:00,0.24942,0.25422,0.24378,timeout,0.019244647582391083,0.01721047832529532,9.988775255673833,0.0020341692570957637,3
BNB,long,2023-09-18 08:00:00+00:00,2023-09-18 12:00:00+00:00,2023-09-18 16:00:00+00:00,219.74,216.37,216.37,stop,-0.015336306544097567,-0.016606868671971253,6.455921962584254,0.0012705621278736867,1
BTC,long,2023-09-18 00:00:00+00:00,2023-09-18 04:00:00+00:00,2023-09-18 16:00:00+00:00,26655.7,27267.6,26367.7,timeout,0.0229556905277295,0.02193059737106351,5.012959217987713,0.0010250931566659904,3
DOT,long,2023-09-18 00:00:00+00:00,2023-09-18 04:00:00+00:00,2023-09-18 16:00:00+00:00,4.121,4.18,4.009,timeout,0.014316913370540973,0.01248333316139938,9.046674492363598,0.0018335802091415943,3
ETH,long,2023-09-18 00:00:00+00:00,2023-09-18 04:00:00+00:00,2023-09-18 16:00:00+00:00,1629.84,1655.59,1600.0,timeout,0.015799096843861937,0.014775296654236936,5.041924062981029,0.0010238001896250015,3
SOL,long,2023-09-18 00:00:00+00:00,2023-09-18 04:00:00+00:00,2023-09-18 16:00:00+00:00,19.208,19.948,18.58,timeout,0.03852561432736379,0.03727993880530445,6.000925858297193,0.0012456755220593418,3
XRP,long,2023-09-18 00:00:00+00:00,2023-09-18 04:00:00+00:00,2023-09-18 16:00:00+00:00,0.4975,0.50406,0.48632,timeout,0.013185929648241057,0.012022900274075043,5.742762706652812,0.0011630293741660136,3
LINK,long,2023-09-18 08:00:00+00:00,2023-09-18 12:00:00+00:00,2023-09-19 00:00:00+00:00,6.733,6.562,6.509,timeout,-0.02539729689588588,-0.02667059947610073,6.536688716426203,0.0012733025802148523,3
DOT,long,2023-09-19 08:00:00+00:00,2023-09-19 12:00:00+00:00,2023-09-19 12:00:00+00:00,4.129,4.092,4.092,stop,-0.0089610075078711,-0.010752508230345459,9.046674492363598,0.0017915007224743595,0
ADA,long,2023-09-19 00:00:00+00:00,2023-09-19 04:00:00+00:00,2023-09-19 16:00:00+00:00,0.25454,0.25705,0.25067,timeout,0.009860925591262726,0.007845484005523096,9.988775255673833,0.00201544158573963,3
SOL,long,2023-09-19 00:00:00+00:00,2023-09-19 04:00:00+00:00,2023-09-19 16:00:00+00:00,19.969,20.133,19.567,timeout,0.008212729731083002,0.007003413464706565,6.000925858297193,0.0012093162663764367,3
XRP,long,2023-09-19 00:00:00+00:00,2023-09-19 04:00:00+00:00,2023-09-19 16:00:00+00:00,0.50882,0.51168,0.50051,timeout,0.005620848237097631,0.0044665027694499315,5.742762706652812,0.0011543454676476994,3
LINK,long,2023-09-20 12:00:00+00:00,2023-09-20 16:00:00+00:00,2023-09-21 04:00:00+00:00,6.919,6.878,6.741,timeout,-0.005925711808064671,-0.007224453697501909,6.536688716426203,0.0012987418894372382,3
ADA,short,2023-09-20 16:00:00+00:00,2023-09-20 20:00:00+00:00,2023-09-21 08:00:00+00:00,0.25117,0.24963,0.2566,timeout,0.006169130312863036,0.004161056670116237,9.988775255673833,0.0020080736427467993,3
AVAX,short,2023-09-20 16:00:00+00:00,2023-09-20 20:00:00+00:00,2023-09-21 08:00:00+00:00,8.965,8.964,9.127,timeout,0.00011155734047285648,-0.0014295729218699593,7.710732744665526,0.0015411302623428158,3
BNB,short,2023-09-20 16:00:00+00:00,2023-09-20 20:00:00+00:00,2023-09-21 08:00:00+00:00,214.28,213.21,216.92,timeout,0.005018526335537787,0.0037216993215429817,6.455921962584254,0.0012968270139948057,3
BTC,short,2023-09-20 16:00:00+00:00,2023-09-20 20:00:00+00:00,2023-09-21 08:00:00+00:00,26928.0,26995.2,27300.0,timeout,-0.0024893314366999375,-0.003488926404022319,5.012959217987713,0.0009995949673223814,3
ETH,short,2023-09-20 16:00:00+00:00,2023-09-20 20:00:00+00:00,2023-09-21 08:00:00+00:00,1615.9,1618.32,1641.0,timeout,-0.0014953779227839803,-0.002501747415137756,5.041924062981029,0.0010063694923537758,3
BNB,long,2023-09-22 00:00:00+00:00,2023-09-22 04:00:00+00:00,2023-09-22 16:00:00+00:00,211.84,210.57,209.57,timeout,-0.005995090634441147,-0.0072777062128907,6.455921962584254,0.001282615578449553,3
BTC,long,2023-09-22 00:00:00+00:00,2023-09-22 04:00:00+00:00,2023-09-22 16:00:00+00:00,26628.9,26635.0,26460.1,timeout,0.00022907442665665023,-0.0007732446266387472,5.012959217987713,0.0010023190532953974,3
ETH,long,2023-09-22 00:00:00+00:00,2023-09-22 04:00:00+00:00,2023-09-22 16:00:00+00:00,1594.59,1593.46,1576.0,timeout,-0.0007086461096582619,-0.0017158085306352433,5.041924062981029,0.0010071624209769814,3
SOL,long,2023-09-22 00:00:00+00:00,2023-09-22 04:00:00+00:00,2023-09-22 16:00:00+00:00,19.667,19.458,19.224,timeout,-0.01062693852646579,-0.011813657262970567,6.000925858297193,0.001186718736504777,3
XRP,long,2023-09-22 00:00:00+00:00,2023-09-22 04:00:00+00:00,2023-09-22 16:00:00+00:00,0.51252,0.51057,0.50356,timeout,-0.0038047295715288865,-0.004948255481246222,5.742762706652812,0.0011435259097173356,3
DOT,short,2023-09-22 12:00:00+00:00,2023-09-22 16:00:00+00:00,2023-09-23 00:00:00+00:00,4.008,4.035,4.035,stop,-0.006691449814126393,-0.008487053214980667,9.046674492363598,0.0017956034008542732,2
BNB,short,2023-09-23 00:00:00+00:00,2023-09-23 04:00:00+00:00,2023-09-23 16:00:00+00:00,210.08,210.52,211.69,timeout,-0.002090062701881057,-0.00337771713840207,6.455921962584254,0.001287654436521013,3
LINK,short,2023-09-23 12:00:00+00:00,2023-09-23 16:00:00+00:00,2023-09-23 16:00:00+00:00,6.936,7.058,7.058,stop,-0.017285349957494978,-0.01856925066444859,6.536688716426203,0.0012839007069536112,0
ETH,short,2023-09-23 12:00:00+00:00,2023-09-23 16:00:00+00:00,2023-09-23 20:00:00+00:00,1590.83,1595.41,1595.41,stop,-0.0028707354222426984,-0.0038757187238889212,5.041924062981029,0.0010049833016462228,1
AVAX,short,2023-09-23 12:00:00+00:00,2023-09-23 16:00:00+00:00,2023-09-24 04:00:00+00:00,8.904,8.917,8.986,timeout,-0.0014578894246943808,-0.0029966012349286197,7.710732744665526,0.001538711810234239,3
ETH,short,2023-09-24 12:00:00+00:00,2023-09-24 16:00:00+00:00,2023-09-24 16:00:00+00:00,1590.86,1596.44,1596.44,stop,-0.003495276991305807,-0.004499630832088264,5.041924062981029,0.001004353840782457,0
DOT,short,2023-09-24 16:00:00+00:00,2023-09-24 20:00:00+00:00,2023-09-25 04:00:00+00:00,4.015,4.059,4.059,stop,-0.01084010840108418,-0.01262821227375388,9.046674492363598,0.0017881038726696996,2
ADA,short,2023-09-24 16:00:00+00:00,2023-09-24 20:00:00+00:00,2023-09-25 08:00:00+00:00,0.24423,0.24516,0.24637,timeout,-0.0037934410181105216,-0.005781631744257387,9.988775255673833,0.0019881907261468657,3
BNB,short,2023-09-24 16:00:00+00:00,2023-09-24 20:00:00+00:00,2023-09-25 08:00:00+00:00,209.47,209.42,211.27,timeout,0.00023875465571587817,-0.0010519047734306453,6.455921962584254,0.0012906594291465234,3
BTC,short,2023-09-24 16:00:00+00:00,2023-09-24 20:00:00+00:00,2023-09-25 08:00:00+00:00,26448.4,26186.6,26741.1,timeout,0.009997479626984829,0.008985371757404215,5.012959217987713,0.001012107869580614,3
ETH,short,2023-09-25 08:00:00+00:00,2023-09-25 12:00:00+00:00,2023-09-25 12:00:00+00:00,1569.08,1583.38,1583.38,stop,-0.009031312761308197,-0.010030086960911011,5.041924062981029,0.0009987741996028143,0
LINK,long,2023-09-25 00:00:00+00:00,2023-09-25 04:00:00+00:00,2023-09-25 16:00:00+00:00,7.162,7.391,6.906,timeout,0.03197430885227592,0.030626051202269577,6.536688716426203,0.001348257650006346,3
BTC,long,2023-09-25 12:00:00+00:00,2023-09-25 16:00:00+00:00,2023-09-26 04:00:00+00:00,26243.8,26351.2,25990.6,timeout,0.00409239515618931,0.0030862047097548473,5.012959217987713,0.0010061904464344629,3
LINK,long,2023-09-26 00:00:00+00:00,2023-09-26 04:00:00+00:00,2023-09-26 08:00:00+00:00,7.521,7.411,7.411,stop,-0.014625714665603029,-0.01591309014280784,6.536688716426203,0.0012873754772048107,1
AVAX,short,2023-09-26 12:00:00+00:00,2023-09-26 16:00:00+00:00,2023-09-26 20:00:00+00:00,8.925,9.055,9.055,stop,-0.014356709000552081,-0.01587554426696358,7.710732744665526,0.0015188352664115001,1
ADA,long,2023-09-27 08:00:00+00:00,2023-09-27 12:00:00+00:00,2023-09-27 12:00:00+00:00,0.24764,0.24422,0.24422,stop,-0.013810369891778418,-0.015778569216632343,9.988775255673833,0.0019681993248539253,0
AVAX,long,2023-09-27 08:00:00+00:00,2023-09-27 12:00:00+00:00,2023-09-27 12:00:00+00:00,9.13,8.975,8.975,stop,-0.016976998904709828,-0.01849179641349563,7.710732744665526,0.0015147975087858034,0
BNB,long,2023-09-26 20:00:00+00:00,2023-09-27 00:00:00+00:00,2023-09-27 12:00:00+00:00,212.62,215.4,210.66,timeout,0.013074969429028416,0.011767746772797683,6.455921962584254,0.0013072226562307332,3
BTC,long,2023-09-27 08:00:00+00:00,2023-09-27 12:00:00+00:00,2023-09-27 12:00:00+00:00,26765.9,26218.0,26218.0,stop,-0.020470075730687265,-0.021451652382946662,5.012959217987713,0.0009815766522593972,0
SOL,long,2023-09-27 08:00:00+00:00,2023-09-27 12:00:00+00:00,2023-09-27 12:00:00+00:00,19.399,18.866,18.866,stop,-0.027475643074385325,-0.02864215237306378,6.000925858297193,0.001166509298678453,0
ETH,long,2023-09-27 08:00:00+00:00,2023-09-27 12:00:00+00:00,2023-09-27 16:00:00+00:00,1629.8,1590.3,1590.3,stop,-0.024236102589274777,-0.02521955223625949,5.041924062981029,0.0009834496469847132,1
ADA,short,2023-09-28 00:00:00+00:00,2023-09-28 04:00:00+00:00,2023-09-28 08:00:00+00:00,0.24394,0.2459,0.2459,stop,-0.007970719804798798,-0.009950573678643826,9.988775255673833,0.0019798538738450278,1
SOL,short,2023-09-28 08:00:00+00:00,2023-09-28 12:00:00+00:00,2023-09-28 12:00:00+00:00,19.168,19.325,19.325,stop,-0.00812419146183696,-0.009313912156804105,6.000925858297193,0.0011897206949671446,0
XRP,short,2023-09-27 20:00:00+00:00,2023-09-28 00:00:00+00:00,2023-09-28 12:00:00+00:00,0.49931,0.50181,0.50528,timeout,-0.004981965285665857,-0.006124139854355115,5.742762706652812,0.0011421745686892582,3
DOT,long,2023-09-28 04:00:00+00:00,2023-09-28 08:00:00+00:00,2023-09-28 20:00:00+00:00,4.024,4.08,3.981,timeout,0.013916500994035852,0.012083644610159316,9.046674492363598,0.0018328563838765355,3
LINK,long,2023-09-28 12:00:00+00:00,2023-09-28 16:00:00+00:00,2023-09-29 00:00:00+00:00,7.885,7.685,7.685,stop,-0.025364616360177616,-0.026637961636980845,6.536688716426203,0.0012733452768032283,2
ADA,long,2023-09-29 12:00:00+00:00,2023-09-29 16:00:00+00:00,2023-09-29 16:00:00+00:00,0.25493,0.25082,0.25082,stop,-0.016122072725846315,-0.018085658443115604,9.988775255673833,0.0019635857172692894,0
BNB,long,2023-09-29 04:00:00+00:00,2023-09-29 08:00:00+00:00,2023-09-29 20:00:00+00:00,216.88,215.57,214.35,timeout,-0.0060402065658429205,-0.007322763928889531,6.455921962584254,0.0012825573630466103,3
LINK,long,2023-09-29 12:00:00+00:00,2023-09-29 16:00:00+00:00,2023-09-30 04:00:00+00:00,7.816,8.021,7.67,timeout,0.026228249744114862,0.024887499226876608,6.536688716426203,0.001340750517238254,3
SOL,long,2023-09-29 12:00:00+00:00,2023-09-29 16:00:00+00:00,2023-09-30 04:00:00+00:00,20.335,20.219,20.007,timeout,-0.005704450454880772,-0.006897073545417576,6.000925858297193,0.001192623090536804,3
XRP,short,2023-09-29 20:00:00+00:00,2023-09-30 00:00:00+00:00,2023-09-30 12:00:00+00:00,0.52132,0.51728,0.5372,timeout,0.007810083513764443,0.0066532250375375135,5.742762706652812,0.0011568584762269296,3
ADA,long,2023-09-30 12:00:00+00:00,2023-09-30 16:00:00+00:00,2023-10-01 04:00:00+00:00,0.25282,0.25539,0.24976,timeout,0.010165335020963617,0.008149285906594805,9.988775255673833,0.002016049114368812,3
AVAX,long,2023-09-30 12:00:00+00:00,2023-09-30 16:00:00+00:00,2023-10-01 04:00:00+00:00,9.241,9.337,9.145,timeout,0.01038848609457843,0.008831519512986219,7.710732744665526,0.0015569665815922118,3
BTC,short,2023-09-30 20:00:00+00:00,2023-10-01 00:00:00+00:00,2023-10-01 04:00:00+00:00,26963.0,27084.0,27084.0,stop,-0.00446758233643485,-0.005465194919301752,5.012959217987713,0.0009976125828669025,1
BNB,long,2023-10-01 08:00:00+00:00,2023-10-01 12:00:00+00:00,2023-10-01 16:00:00+00:00,216.19,214.58,214.58,stop,-0.007447152967297255,-0.008727894875152797,6.455921962584254,0.0012807419078555426,1
ADA,long,2023-10-01 08:00:00+00:00,2023-10-01 12:00:00+00:00,2023-10-02 00:00:00+00:00,0.26229,0.26598,0.255,timeout,0.014068397575202951,0.01204455887874012,9.988775255673833,0.002023838696462832,3
BTC,long,2023-10-01 20:00:00+00:00,2023-10-02 00:00:00+00:00,2023-10-02 12:00:00+00:00,28005.2,28198.9,27027.2,timeout,0.006916572636510354,0.005907552111475978,5.012959217987713,0.0010090205250343764,3
ETH,long,2023-10-01 20:00:00+00:00,2023-10-02 00:00:00+00:00,2023-10-02 12:00:00+00:00,1734.0,1725.4,1667.66,timeout,-0.004959630911188007,-0.00596250886384897,5.041924062981029,0.0010028779526609632,3
LINK,long,2023-10-01 20:00:00+00:00,2023-10-02 00:00:00+00:00,2023-10-02 12:00:00+00:00,8.053,7.89,7.763,timeout,-0.020240904010927707,-0.021520943334580878,6.536688716426203,0.0012800393236531704,3
DOT,short,2023-10-02 08:00:00+00:00,2023-10-02 12:00:00+00:00,2023-10-03 00:00:00+00:00,4.23,4.119,4.299,timeout,0.02694828841951935,0.025091874479619136,9.046674492363598,0.0018564139399002144,3
AVAX,long,2023-10-03 04:00:00+00:00,2023-10-03 08:00:00+00:00,2023-10-03 12:00:00+00:00,9.343,9.257,9.257,stop,-0.009204752220914103,-0.010731526438180872,7.710732744665526,0.0015267742172667687,1
BNB,short,2023-10-04 12:00:00+00:00,2023-10-04 16:00:00+00:00,2023-10-04 16:00:00+00:00,211.83,213.41,213.41,stop,-0.007403589335082672,-0.008684387455329956,6.455921962584254,0.001280798120247284,0
LINK,long,2023-10-04 12:00:00+00:00,2023-10-04 16:00:00+00:00,2023-10-05 04:00:00+00:00,7.637,7.612,7.467,timeout,-0.0032735367290820383,-0.004575743642123764,6.536688716426203,0.0013022069130417258,3
ADA,long,2023-10-05 08:00:00+00:00,2023-10-05 12:00:00+00:00,2023-10-06 00:00:00+00:00,0.26123,0.26026,0.25658,timeout,-0.003713202924625958,-0.0057015537868727595,9.988775255673833,0.0019883508622468016,3
LINK,short,2023-10-05 20:00:00+00:00,2023-10-06 00:00:00+00:00,2023-10-06 00:00:00+00:00,7.468,7.566,7.566,stop,-0.012952683055775793,-0.014242244321567843,6.536688716426203,0.0012895612657920497,0
BNB,short,2023-10-05 12:00:00+00:00,2023-10-05 16:00:00+00:00,2023-10-06 04:00:00+00:00,211.04,211.64,213.36,timeout,-0.00283500283500282,-0.004121696037016176,6.455921962584254,0.001286693202013356,3
BTC,short,2023-10-05 12:00:00+00:00,2023-10-05 16:00:00+00:00,2023-10-06 04:00:00+00:00,27550.6,27557.1,28131.9,timeout,-0.00023587387642387547,-0.0012377270099067639,5.012959217987713,0.0010018531334828884,3
ETH,short,2023-10-05 12:00:00+00:00,2023-10-05 16:00:00+00:00,2023-10-06 04:00:00+00:00,1618.34,1624.41,1649.8,timeout,-0.0037367413399327365,-0.004740851814436842,5.041924062981029,0.0010041104745041052,3
SOL,short,2023-10-05 12:00:00+00:00,2023-10-05 16:00:00+00:00,2023-10-06 04:00:00+00:00,22.801,23.18,23.597,timeout,-0.016350301984469406,-0.01753015574464134,6.000925858297193,0.0011798537601719339,3
XRP,short,2023-10-05 12:00:00+00:00,2023-10-05 16:00:00+00:00,2023-10-06 04:00:00+00:00,0.51897,0.52546,0.52733,timeout,-0.0123510828607315,-0.01348479846848294,5.742762706652812,0.0011337156077514399,3
BNB,long,2023-10-06 12:00:00+00:00,2023-10-06 16:00:00+00:00,2023-10-07 04:00:00+00:00,212.61,213.25,210.04,timeout,0.0030102064813508633,0.0017159709055947214,6.455921962584254,0.001294235575756142,3
BTC,long,2023-10-06 12:00:00+00:00,2023-10-06 16:00:00+00:00,2023-10-07 04:00:00+00:00,27940.2,27902.0,27169.1,timeout,-0.0013672056749772787,-0.0023679251127436407,5.012959217987713,0.001000719437766362,3
DOT,long,2023-10-06 12:00:00+00:00,2023-10-06 16:00:00+00:00,2023-10-07 04:00:00+00:00,4.061,4.065,3.995,timeout,0.0009849790691949245,-0.0008245010085555782,9.046674492363598,0.0018094800777505027,3
ETH,long,2023-10-06 12:00:00+00:00,2023-10-06 16:00:00+00:00,2023-10-07 04:00:00+00:00,1642.66,1641.35,1610.92,timeout,-0.0007974870027882552,-0.0018045598831036846,5.041924062981029,0.0010070728803154294,3
LINK,long,2023-10-06 12:00:00+00:00,2023-10-06 16:00:00+00:00,2023-10-07 04:00:00+00:00,7.66,7.6,7.43,timeout,-0.007832898172323799,-0.009129148353795524,6.536688716426203,0.0012962501814717253,3
XRP,long,2023-10-06 12:00:00+00:00,2023-10-06 16:00:00+00:00,2023-10-07 04:00:00+00:00,0.52435,0.52367,0.51656,timeout,-0.0012968437112615971,-0.002443248406439058,5.742762706652812,0.001146404695177461,3
ADA,short,2023-10-07 16:00:00+00:00,2023-10-07 20:00:00+00:00,2023-10-08 08:00:00+00:00,0.25706,0.25627,0.25991,timeout,0.0030826862293675816,0.0010807723929859847,9.988775255673833,0.002001913836381597,3
BNB,short,2023-10-08 04:00:00+00:00,2023-10-08 08:00:00+00:00,2023-10-08 12:00:00+00:00,211.71,212.78,212.78,stop,-0.00502866810790481,-0.006312530710967934,6.455921962584254,0.001283862603063124,1
LINK,short,2023-10-08 08:00:00+00:00,2023-10-08 12:00:00+00:00,2023-10-08 16:00:00+00:00,7.564,7.707,7.707,stop,-0.01855456078889317,-0.019836803292538452,6.536688716426203,0.0012822425036452811,1
SOL,short,2023-10-09 04:00:00+00:00,2023-10-09 08:00:00+00:00,2023-10-09 20:00:00+00:00,22.986,22.196,23.372,timeout,0.03559199855829864,0.0343498418067969,6.000925858297193,0.001242156751501744,3
ADA,long,2023-10-09 16:00:00+00:00,2023-10-09 20:00:00+00:00,2023-10-10 08:00:00+00:00,0.25254,0.25243,0.2482,timeout,-0.00043557456244558423,-0.0024304667892868226,9.988775255673833,0.0019948922268412383,3
BTC,long,2023-10-09 16:00:00+00:00,2023-10-09 20:00:00+00:00,2023-10-10 08:00:00+00:00,27621.8,27649.5,27260.0,timeout,0.001002831097176804,-2.63329553829017e-07,5.012959217987713,0.001003094426730633,3
ETH,short,2023-10-10 08:00:00+00:00,2023-10-10 12:00:00+00:00,2023-10-11 00:00:00+00:00,1579.39,1567.92,1594.98,timeout,0.0073154242563395755,0.006300174562212213,5.041924062981029,0.0010152496941273625,3
SOL,short,2023-10-10 12:00:00+00:00,2023-10-10 16:00:00+00:00,2023-10-11 04:00:00+00:00,21.975,21.974,22.481,timeout,4.55083280241908e-05,-0.0011540116390171828,6.000925858297193,0.0011995199670413736,3
LINK,short,2023-10-11 00:00:00+00:00,2023-10-11 04:00:00+00:00,2023-10-11 08:00:00+00:00,7.165,7.331,7.331,stop,-0.022643568408129866,-0.023920468689826113,6.536688716426203,0.0012769002816962471,1
BTC,short,2023-10-11 00:00:00+00:00,2023-10-11 04:00:00+00:00,2023-10-11 16:00:00+00:00,27010.0,26780.1,27483.8,timeout,0.008584732693305952,0.007574040522593917,5.012959217987713,0.0010106921707120353,3
DOT,short,2023-10-11 12:00:00+00:00,2023-10-11 16:00:00+00:00,2023-10-12 04:00:00+00:00,3.731,3.721,3.786,timeout,0.0026874496103197476,0.0008748919773695629,9.046674492363598,0.0018125576329501847,3
SOL,short,2023-10-12 00:00:00+00:00,2023-10-12 04:00:00+00:00,2023-10-12 16:00:00+00:00,21.705,21.283,22.057,timeout,0.019828031762439302,0.018604783343382225,6.000925858297193,0.001223248419057077,3
XRP,long,2023-10-12 16:00:00+00:00,2023-10-12 20:00:00+00:00,2023-10-13 08:00:00+00:00,0.48123,0.48231,0.47294,timeout,0.002244249111651442,0.0010937796196295313,5.742762706652812,0.0011504694920219105,3
LINK,short,2023-10-13 00:00:00+00:00,2023-10-13 04:00:00+00:00,2023-10-13 12:00:00+00:00,7.123,7.253,7.253,stop,-0.017923617813318637,-0.019206684633699456,6.536688716426203,0.0012830668203808182,2
AVAX,short,2023-10-13 12:00:00+00:00,2023-10-13 16:00:00+00:00,2023-10-13 20:00:00+00:00,9.029,9.194,9.194,stop,-0.017946486839243048,-0.019459790407494015,7.710732744665526,0.0015133035682509677,1
BTC,short,2023-10-13 12:00:00+00:00,2023-10-13 16:00:00+00:00,2023-10-13 20:00:00+00:00,26707.5,26980.0,26980.0,stop,-0.010100074128984393,-0.011092042450966177,5.012959217987713,0.0009919683219817843,1
DOT,long,2023-10-13 04:00:00+00:00,2023-10-13 08:00:00+00:00,2023-10-13 20:00:00+00:00,3.693,3.705,3.666,timeout,0.0032493907392363575,0.0014358172855708506,9.046674492363598,0.0018135734536655068,3
ETH,short,2023-10-13 12:00:00+00:00,2023-10-13 16:00:00+00:00,2023-10-13 20:00:00+00:00,1539.38,1553.73,1553.73,stop,-0.009235838916671457,-0.010234406979138133,5.041924062981029,0.000998568062466676,1
DOT,short,2023-10-15 00:00:00+00:00,2023-10-15 04:00:00+00:00,2023-10-15 08:00:00+00:00,3.728,3.749,3.749,stop,-0.005601493731661744,-0.007399067445615581,9.046674492363598,0.0017975737139538372,1
XRP,short,2023-10-15 00:00:00+00:00,2023-10-15 04:00:00+00:00,2023-10-15 08:00:00+00:00,0.48567,0.48792,0.48792,stop,-0.00461141170683721,-0.005754011631509348,5.742762706652812,0.0011425999246721386,1
BTC,short,2023-10-15 08:00:00+00:00,2023-10-15 12:00:00+00:00,2023-10-15 12:00:00+00:00,26856.3,26925.0,26925.0,stop,-0.0025515320334261737,-0.0035510646701838455,5.012959217987713,0.0009995326367576718,0
ADA,short,2023-10-15 08:00:00+00:00,2023-10-15 12:00:00+00:00,2023-10-15 20:00:00+00:00,0.24656,0.24828,0.24828,stop,-0.006927662316739136,-0.008909597884592224,9.988775255673833,0.001981935567853088,2
AVAX,short,2023-10-15 08:00:00+00:00,2023-10-15 12:00:00+00:00,2023-10-16 00:00:00+00:00,9.114,9.179,9.224,timeout,-0.00708138141409731,-0.008611427657354231,7.710732744665526,0.0015300462432569217,3
BNB,long,2023-10-15 12:00:00+00:00,2023-10-15 16:00:00+00:00,2023-10-16 04:00:00+00:00,209.23,210.48,206.34,timeout,0.005974286670171525,0.004676226389537241,6.455921962584254,0.0012980602806342834,3
XRP,long,2023-10-16 04:00:00+00:00,2023-10-16 08:00:00+00:00,2023-10-16 20:00:00+00:00,0.49312,0.49629,0.48391,timeout,0.006428455548345147,0.005273183033649209,5.742762706652812,0.0011552725146959375,3
ADA,short,2023-10-16 12:00:00+00:00,2023-10-16 16:00:00+00:00,2023-10-17 04:00:00+00:00,0.25018,0.24994,0.26047,timeout,0.0009602304553093521,-0.001037447465489505,9.988775255673833,0.001997677920798857,3
AVAX,short,2023-10-16 12:00:00+00:00,2023-10-16 16:00:00+00:00,2023-10-17 04:00:00+00:00,9.315,9.315,9.833,timeout,0.0,-0.0015409583571268648,7.710732744665526,0.0015409583571268648,3
LINK,short,2023-10-16 12:00:00+00:00,2023-10-16 16:00:00+00:00,2023-10-17 04:00:00+00:00,7.436,7.459,7.838,timeout,-0.0030835232604906615,-0.004385978423038672,6.536688716426203,0.0013024551625480107,3
BNB,short,2023-10-19 00:00:00+00:00,2023-10-19 04:00:00+00:00,2023-10-19 08:00:00+00:00,209.16,210.91,210.91,stop,-0.008297378028543023,-0.009577022847341521,6.455921962584254,0.0012796448187984977,1
ADA,short,2023-10-19 00:00:00+00:00,2023-10-19 04:00:00+00:00,2023-10-19 12:00:00+00:00,0.24092,0.24446,0.24446,stop,-0.014480896670211907,-0.016447757783516814,9.988775255673833,0.0019668611133049074,2
ETH,short,2023-10-19 00:00:00+00:00,2023-10-19 04:00:00+00:00,2023-10-19 16:00:00+00:00,1549.26,1560.99,1567.59,timeout,-0.007514461976053655,-0.008514764974142608,5.041924062981029,0.0010003029980889533,3
BNB,long,2023-10-19 20:00:00+00:00,2023-10-20 00:00:00+00:00,2023-10-20 12:00:00+00:00,211.17,214.04,209.99,timeout,0.013590945683572553,0.012283057236684547,6.455921962584254,0.0013078884468880059,3
BTC,long,2023-10-20 00:00:00+00:00,2023-10-20 04:00:00+00:00,2023-10-20 16:00:00+00:00,29237.2,29554.7,28571.3,timeout,0.010859453025597432,0.009846481381524663,5.012959217987713,0.0010129716440727687,3
ETH,long,2023-10-20 00:00:00+00:00,2023-10-20 04:00:00+00:00,2023-10-20 16:00:00+00:00,1586.69,1605.74,1560.71,timeout,0.01200612596033257,0.010986148617490699,5.041924062981029,0.0010199773428418712,3
LINK,long,2023-10-20 00:00:00+00:00,2023-10-20 04:00:00+00:00,2023-10-20 16:00:00+00:00,7.427,7.633,7.262,timeout,0.027736636596203068,0.026393915396075718,6.536688716426203,0.0013427212001273503,3
SOL,long,2023-10-20 00:00:00+00:00,2023-10-20 04:00:00+00:00,2023-10-20 16:00:00+00:00,25.65,26.905,24.73,timeout,0.04892787524366482,0.04766972256974844,6.000925858297193,0.0012581526739163795,3
ADA,short,2023-10-21 00:00:00+00:00,2023-10-21 04:00:00+00:00,2023-10-21 04:00:00+00:00,0.25048,0.25212,0.25212,stop,-0.0065048389655720795,-0.00848761838800327,9.988775255673833,0.001982779422431191,0
BNB,long,2023-10-21 12:00:00+00:00,2023-10-21 16:00:00+00:00,2023-10-22 04:00:00+00:00,214.33,214.22,212.27,timeout,-0.0005132272663650461,-0.0018029163746219323,6.455921962584254,0.0012896891082568862,3
ETH,long,2023-10-21 12:00:00+00:00,2023-10-21 16:00:00+00:00,2023-10-22 04:00:00+00:00,1628.52,1629.93,1601.77,timeout,0.0008658168152679835,-0.00014293247012575616,5.041924062981029,0.0010087492853937396,3
XRP,long,2023-10-21 12:00:00+00:00,2023-10-21 16:00:00+00:00,2023-10-22 04:00:00+00:00,0.5236,0.52011,0.51475,timeout,-0.006665393430099309,-0.0078056356028443075,5.742762706652812,0.0011402421727449985,3
ADA,short,2023-10-22 04:00:00+00:00,2023-10-22 08:00:00+00:00,2023-10-22 20:00:00+00:00,0.25747,0.26031,0.26338,timeout,-0.010910068764165892,-0.012884056398435262,9.988775255673833,0.0019739876342693696,3
BTC,short,2023-10-22 04:00:00+00:00,2023-10-22 08:00:00+00:00,2023-10-22 20:00:00+00:00,29816.0,29850.4,30323.7,timeout,-0.0011524133679950976,-0.002153348046876946,5.012959217987713,0.0010009346788818485,3
SOL,short,2023-10-22 04:00:00+00:00,2023-10-22 08:00:00+00:00,2023-10-22 20:00:00+00:00,28.812,28.689,30.02,timeout,0.004287357523789614,0.0030827496054850467,6.000925858297193,0.0012046079183045677,3
ADA,short,2023-10-24 12:00:00+00:00,2023-10-24 16:00:00+00:00,2023-10-25 04:00:00+00:00,0.27791,0.28032,0.29392,timeout,-0.0085973173515983,-0.010575920686164864,9.988775255673833,0.0019786033345665643,3
AVAX,short,2023-10-24 12:00:00+00:00,2023-10-24 16:00:00+00:00,2023-10-25 04:00:00+00:00,10.226,10.392,10.807,timeout,-0.01597382602001529,-0.01749016937644121,7.710732744665526,0.0015163433564259199,3
BNB,short,2023-10-24 12:00:00+00:00,2023-10-24 16:00:00+00:00,2023-10-25 04:00:00+00:00,223.85,227.2,233.43,timeout,-0.014744718309859128,-0.016016043794410573,6.455921962584254,0.0012713254845514443,3
DOT,short,2023-10-24 12:00:00+00:00,2023-10-24 16:00:00+00:00,2023-10-25 04:00:00+00:00,4.154,4.208,4.381,timeout,-0.012832699619771959,-0.014617201486229137,9.046674492363598,0.0017845018664571777,3
ETH,short,2023-10-24 12:00:00+00:00,2023-10-24 16:00:00+00:00,2023-10-25 04:00:00+00:00,1778.16,1789.09,1855.0,timeout,-0.006109251071773847,-0.007110970349120005,5.041924062981029,0.001001719277346158,3
SOL,short,2023-10-24 12:00:00+00:00,2023-10-24 16:00:00+00:00,2023-10-25 04:00:00+00:00,30.905,31.054,32.634,timeout,-0.004798093643330836,-0.005991803877486324,6.000925858297193,0.0011937102341554873,3
DOT,long,2023-10-26 04:00:00+00:00,2023-10-26 08:00:00+00:00,2023-10-26 12:00:00+00:00,4.385,4.248,4.248,stop,-0.031242873432154927,-0.032994095236035914,9.046674492363598,0.0017512218038809868,1
LINK,short,2023-10-26 08:00:00+00:00,2023-10-26 12:00:00+00:00,2023-10-27 00:00:00+00:00,10.865,10.928,11.349,timeout,-0.005765007320644222,-0.007063959167880607,6.536688716426203,0.0012989518472363848,3
LINK,long,2023-10-28 00:00:00+00:00,2023-10-28 04:00:00+00:00,2023-10-28 16:00:00+00:00,11.394,11.164,11.026,timeout,-0.02018606284009128,-0.021466173812842215,6.536688716426203,0.0012801109727509363,3
AVAX,short,2023-10-29 00:00:00+00:00,2023-10-29 04:00:00+00:00,2023-10-29 12:00:00+00:00,10.836,11.136,11.136,stop,-0.0269396551724137,-0.02843910064276456,7.710732744665526,0.0014994454703508575,2
AVAX,short,2023-10-30 00:00:00+00:00,2023-10-30 04:00:00+00:00,2023-10-30 08:00:00+00:00,11.202,11.449,11.449,stop,-0.021573936588348275,-0.023081650407593357,7.710732744665526,0.0015077138192450823,1
DOT,long,2023-10-30 16:00:00+00:00,2023-10-30 20:00:00+00:00,2023-10-31 08:00:00+00:00,4.376,4.428,4.265,timeout,0.011882998171846237,0.010053817750069305,9.046674492363598,0.0018291804217769325,3
BNB,short,2023-10-31 00:00:00+00:00,2023-10-31 04:00:00+00:00,2023-10-31 16:00:00+00:00,226.41,224.49,229.43,timeout,0.008552719497527672,0.00725133213260909,6.455921962584254,0.0013013873649185825,3
BTC,short,2023-10-31 00:00:00+00:00,2023-10-31 04:00:00+00:00,2023-10-31 16:00:00+00:00,34214.7,34271.8,34617.9,timeout,-0.0016660928226707172,-0.0026665127487645046,5.012959217987713,0.0010004199260937874,3
ETH,short,2023-10-31 00:00:00+00:00,2023-10-31 04:00:00+00:00,2023-10-31 16:00:00+00:00,1795.35,1791.68,1820.26,timeout,0.0020483568494373827,0.0010384157095570945,5.041924062981029,0.0010099411398802882,3
XRP,long,2023-10-31 08:00:00+00:00,2023-10-31 12:00:00+00:00,2023-11-01 00:00:00+00:00,0.60389,0.5995,0.56168,timeout,-0.007269535842620356,-0.008409084524317545,5.742762706652812,0.001139548681697189,3
BNB,short,2023-11-01 12:00:00+00:00,2023-11-01 16:00:00+00:00,2023-11-01 16:00:00+00:00,223.35,226.86,226.86,stop,-0.015472097328749101,-0.016742484238800204,6.455921962584254,0.0012703869100511023,0
LINK,short,2023-11-01 00:00:00+00:00,2023-11-01 04:00:00+00:00,2023-11-01 16:00:00+00:00,11.219,10.827,11.464,timeout,0.0362057818416921,0.03485199584104759,6.536688716426203,0.001353786000644508,3
BTC,short,2023-11-01 12:00:00+00:00,2023-11-01 16:00:00+00:00,2023-11-01 20:00:00+00:00,34283.5,35230.7,35230.7,stop,-0.02688564235169888,-0.027860790032009475,5.012959217987713,0.0009751476803105952,1
SOL,long,2023-11-02 04:00:00+00:00,2023-11-02 08:00:00+00:00,2023-11-02 12:00:00+00:00,43.082,41.115,41.115,stop,-0.04565711898240565,-0.046801820230150004,6.000925858297193,0.0011447012477443508,1
XRP,long,2023-11-02 08:00:00+00:00,2023-11-02 12:00:00+00:00,2023-11-02 12:00:00+00:00,0.61705,0.60123,0.60123,stop,-0.025638116846284698,-0.02675658035630324,5.742762706652812,0.0011184635100185414,0
ADA,short,2023-11-02 12:00:00+00:00,2023-11-02 16:00:00+00:00,2023-11-02 16:00:00+00:00,0.29988,0.31243,0.31243,stop,-0.04016899785551964,-0.04208459164470546,9.988775255673833,0.001915593789185821,0
LINK,short,2023-11-02 04:00:00+00:00,2023-11-02 08:00:00+00:00,2023-11-02 20:00:00+00:00,11.178,11.08,11.752,timeout,0.008844765342960415,0.007526726065359313,6.536688716426203,0.0013180392776011018,3
AVAX,short,2023-11-02 12:00:00+00:00,2023-11-02 16:00:00+00:00,2023-11-03 04:00:00+00:00,11.522,11.726,12.126,timeout,-0.017397236909432068,-0.01891138684895244,7.710732744665526,0.0015141499395203706,3
DOT,short,2023-11-02 12:00:00+00:00,2023-11-02 16:00:00+00:00,2023-11-03 04:00:00+00:00,4.588,4.516,4.787,timeout,0.01594331266607618,0.014106792415690128,9.046674492363598,0.0018365202503860534,3
ETH,short,2023-11-02 12:00:00+00:00,2023-11-02 16:00:00+00:00,2023-11-03 04:00:00+00:00,1803.01,1798.1,1843.48,timeout,0.0027306601412602216,0.001720031323824589,5.041924062981029,0.0010106288174356326,3
ADA,long,2023-11-03 16:00:00+00:00,2023-11-03 20:00:00+00:00,2023-11-04 08:00:00+00:00,0.32287,0.3252,0.31405,timeout,0.007216526775482457,0.0052063627791687495,9.988775255673833,0.0020101639963137075,3
SOL,long,2023-11-04 00:00:00+00:00,2023-11-04 04:00:00+00:00,2023-11-04 16:00:00+00:00,41.104,41.288,39.016,timeout,0.0044764499805372004,0.003271615252376847,6.000925858297193,0.0012048347281603533,3
LINK,short,2023-11-04 04:00:00+00:00,2023-11-04 08:00:00+00:00,2023-11-04 20:00:00+00:00,11.229,11.363,11.514,timeout,-0.011792660388981857,-0.013083737205520807,6.536688716426203,0.0012910768165389497,3
AVAX,long,2023-11-04 20:00:00+00:00,2023-11-05 00:00:00+00:00,2023-11-05 12:00:00+00:00,12.221,12.567,12.031,timeout,0.028311922101301068,0.026727336251205713,7.710732744665526,0.0015845858500953547,3
DOT,long,2023-11-04 20:00:00+00:00,2023-11-05 00:00:00+00:00,2023-11-05 12:00:00+00:00,4.687,4.805,4.635,timeout,0.025176018775335818,0.0233228085664412,9.046674492363598,0.0018532102088946178,3
ETH,short,2023-11-05 12:00:00+00:00,2023-11-05 16:00:00+00:00,2023-11-05 16:00:00+00:00,1874.85,1900.98,1900.98,stop,-0.013745541773190761,-0.014739564611455203,5.041924062981029,0.0009940228382644412,0
SOL,short,2023-11-05 12:00:00+00:00,2023-11-05 16:00:00+00:00,2023-11-06 04:00:00+00:00,40.731,41.109,41.878,timeout,-0.00919506677369919,-0.01038350299080193,6.000925858297193,0.0011884362171027396,3
ADA,long,2023-11-06 16:00:00+00:00,2023-11-06 20:00:00+00:00,2023-11-07 08:00:00+00:00,0.36788,0.35306,0.34943,timeout,-0.0402848755028814,-0.04220023802791628,9.988775255673833,0.0019153625250348805,3
BTC,short,2023-11-07 08:00:00+00:00,2023-11-07 12:00:00+00:00,2023-11-07 16:00:00+00:00,34631.3,34982.0,34982.0,stop,-0.010025155794408436,-0.011017199191266647,5.012959217987713,0.000992043396858211,1
ADA,long,2023-11-07 16:00:00+00:00,2023-11-07 20:00:00+00:00,2023-11-08 08:00:00+00:00,0.35163,0.35612,0.33342,timeout,0.012769103887609212,0.01074785827150393,9.988775255673833,0.0020212456161052827,3
AVAX,long,2023-11-07 16:00:00+00:00,2023-11-07 20:00:00+00:00,2023-11-08 08:00:00+00:00,12.828,12.809,12.275,timeout,-0.0014811350171499704,-0.0030198110068940798,7.710732744665526,0.0015386759897441094,3
ETH,long,2023-11-07 16:00:00+00:00,2023-11-07 20:00:00+00:00,2023-11-08 08:00:00+00:00,1894.5,1875.0,1850.0,timeout,-0.010292953285827355,-0.011290455907406183,5.041924062981029,0.0009975026215788274,3
LINK,long,2023-11-08 00:00:00+00:00,2023-11-08 04:00:00+00:00,2023-11-08 16:00:00+00:00,13.249,13.731,12.809,timeout,0.03638010415880433,0.03502609040888771,6.536688716426203,0.001354013749916616,3
AVAX,long,2023-11-09 00:00:00+00:00,2023-11-09 04:00:00+00:00,2023-11-09 16:00:00+00:00,13.226,13.732,12.906,timeout,0.038257976712535724,0.036658064406466906,7.710732744665526,0.001599912306068818,3
BNB,long,2023-11-09 12:00:00+00:00,2023-11-09 16:00:00+00:00,2023-11-09 16:00:00+00:00,251.81,247.01,247.01,stop,-0.01906199118382912,-0.020327745869491598,6.455921962584254,0.001265754685662479,0
ETH,long,2023-11-09 00:00:00+00:00,2023-11-09 04:00:00+00:00,2023-11-09 16:00:00+00:00,1919.05,2037.87,1882.0,timeout,0.06191605221333463,0.06084577182127693,5.041924062981029,0.0010702803920576986,3
SOL,long,2023-11-09 00:00:00+00:00,2023-11-09 04:00:00+00:00,2023-11-09 16:00:00+00:00,44.108,46.428,42.481,timeout,0.052598168132764966,0.05133561306958856,6.000925858297193,0.001262555063176407,3
ADA,long,2023-11-10 08:00:00+00:00,2023-11-10 12:00:00+00:00,2023-11-10 12:00:00+00:00,0.3784,0.3675,0.3675,stop,-0.028805496828752664,-0.030743769456131442,9.988775255673833,0.0019382726273787787,0
DOT,long,2023-11-10 08:00:00+00:00,2023-11-10 12:00:00+00:00,2023-11-10 12:00:00+00:00,5.18,5.001,5.001,stop,-0.03455598455598441,-0.03630121725043889,9.046674492363598,0.0017452326944544794,0
BTC,long,2023-11-10 08:00:00+00:00,2023-11-10 12:00:00+00:00,2023-11-11 00:00:00+00:00,37077.7,37307.4,36331.6,timeout,0.006195098401465149,0.005186800858186569,5.012959217987713,0.0010082975432785801,3
LINK,long,2023-11-10 08:00:00+00:00,2023-11-10 12:00:00+00:00,2023-11-11 00:00:00+00:00,14.715,15.507,14.12,timeout,0.05382262996941889,0.05244582784322427,6.536688716426203,0.0013768021261946206,3
SOL,long,2023-11-10 08:00:00+00:00,2023-11-10 12:00:00+00:00,2023-11-11 00:00:00+00:00,50.73,56.68,46.57,timeout,0.11728760102503455,0.11594745322656297,6.000925858297193,0.0013401477984715804,3
XRP,short,2023-11-11 00:00:00+00:00,2023-11-11 04:00:00+00:00,2023-11-11 08:00:00+00:00,0.6489,0.6656,0.6656,stop,-0.025090144230769162,-0.026209236754899834,5.742762706652812,0.0011190925241306715,1
BNB,short,2023-11-11 00:00:00+00:00,2023-11-11 04:00:00+00:00,2023-11-11 12:00:00+00:00,248.1,252.8,252.8,stop,-0.018591772151898778,-0.019858133585324844,6.455921962584254,0.0012663614334260664,2
BTC,long,2023-11-12 12:00:00+00:00,2023-11-12 16:00:00+00:00,2023-11-13 00:00:00+00:00,37158.7,36936.1,36936.1,stop,-0.005990521735152132,-0.006986608196438371,5.012959217987713,0.0009960864612862386,2
ETH,short,2023-11-12 20:00:00+00:00,2023-11-13 00:00:00+00:00,2023-11-13 00:00:00+00:00,2044.98,2067.16,2067.16,stop,-0.010729696782058373,-0.011726759220065941,5.041924062981029,0.0009970624380075677,0
ADA,short,2023-11-13 00:00:00+00:00,2023-11-13 04:00:00+00:00,2023-11-13 16:00:00+00:00,0.3765,0.3696,0.389,timeout,0.018668831168831224,0.016635811103981935,9.988775255673833,0.002033020064849289,3
AVAX,short,2023-11-13 00:00:00+00:00,2023-11-13 04:00:00+00:00,2023-11-13 16:00:00+00:00,18.204,17.594,19.77,timeout,0.03467091053768323,0.033076525751214225,7.710732744665526,0.0015943847864690053,3
BNB,short,2023-11-13 00:00:00+00:00,2023-11-13 04:00:00+00:00,2023-11-13 16:00:00+00:00,245.5,247.1,250.2,timeout,-0.006475111290975333,-0.00775710747412206,6.455921962584254,0.0012819961831467275,3
XRP,short,2023-11-13 00:00:00+00:00,2023-11-13 04:00:00+00:00,2023-11-13 16:00:00+00:00,0.6539,0.6502,0.6681,timeout,0.005690556751768661,0.004536131266181798,5.742762706652812,0.001154425485586863,3
SOL,short,2023-11-13 12:00:00+00:00,2023-11-13 16:00:00+00:00,2023-11-14 04:00:00+00:00,55.64,54.02,60.0,timeout,0.029988893002591555,0.028753456982231862,6.000925858297193,0.0012354360203596926,3
ADA,short,2023-11-14 08:00:00+00:00,2023-11-14 12:00:00+00:00,2023-11-14 12:00:00+00:00,0.3568,0.3696,0.3696,stop,-0.03463203463203457,-0.03655867887941355,9.988775255673833,0.0019266442473789835,0
SOL,short,2023-11-14 08:00:00+00:00,2023-11-14 12:00:00+00:00,2023-11-14 12:00:00+00:00,52.69,55.85,55.85,stop,-0.056580125335720766,-0.05771172481548381,6.000925858297193,0.0011315994797630458,0
XRP,long,2023-11-13 20:00:00+00:00,2023-11-14 00:00:00+00:00,2023-11-14 12:00:00+00:00,0.6702,0.6505,0.6403,timeout,-0.02939421068337822,-0.030508362598321237,5.742762706652812,0.001114151914943018,3
BTC,short,2023-11-14 08:00:00+00:00,2023-11-14 12:00:00+00:00,2023-11-15 00:00:00+00:00,36271.8,35538.5,36754.7,timeout,0.020633960352856917,0.01961119377762155,5.012959217987713,0.0010227665752353676,3
DOT,short,2023-11-14 08:00:00+00:00,2023-11-14 12:00:00+00:00,2023-11-15 00:00:00+00:00,5.294,5.2,5.521,timeout,0.01807692307692288,0.016236545899996457,9.046674492363598,0.0018403771769264221,3
ETH,short,2023-11-14 08:00:00+00:00,2023-11-14 12:00:00+00:00,2023-11-15 00:00:00+00:00,2032.76,1979.11,2064.68,timeout,0.027108144570034076,0.026072946255285112,5.041924062981029,0.001035198314748964,3
LINK,short,2023-11-14 08:00:00+00:00,2023-11-14 12:00:00+00:00,2023-11-15 00:00:00+00:00,14.306,13.951,14.914,timeout,0.025446204573148723,0.02410647578520697,6.536688716426203,0.0013397287879417519,3
ADA,long,2023-11-15 04:00:00+00:00,2023-11-15 08:00:00+00:00,2023-11-15 20:00:00+00:00,0.3629,0.3757,0.3536,timeout,0.03527142463488553,0.033205269752702105,9.988775255673833,0.002066154882183424,3
ETH,long,2023-11-15 16:00:00+00:00,2023-11-15 20:00:00+00:00,2023-11-16 08:00:00+00:00,2052.22,2053.76,2002.0,timeout,0.0007504068764558891,-0.0002582260899552935,5.041924062981029,0.0010086329664111826,3
SOL,long,2023-11-15 16:00:00+00:00,2023-11-15 20:00:00+00:00,2023-11-16 08:00:00+00:00,65.39,65.69,60.64,timeout,0.004587857470561119,0.003382889112973242,6.000925858297193,0.0012049683575878767,3
XRP,long,2023-11-15 16:00:00+00:00,2023-11-15 20:00:00+00:00,2023-11-16 08:00:00+00:00,0.6463,0.6514,0.6321,timeout,0.007891072257465659,0.006734120814799738,5.742762706652812,0.001156951442665921,3
SOL,short,2023-11-16 20:00:00+00:00,2023-11-17 00:00:00+00:00,2023-11-17 12:00:00+00:00,57.77,58.16,62.88,timeout,-0.006705639614855485,-0.007897061813654793,6.000925858297193,0.0011914221987993079,3
BTC,short,2023-11-17 12:00:00+00:00,2023-11-17 16:00:00+00:00,2023-11-17 16:00:00+00:00,36049.9,36620.0,36620.0,stop,-0.0155679956308028,-0.01655448460605946,5.012959217987713,0.0009864889752566608,0
ADA,short,2023-11-17 12:00:00+00:00,2023-11-17 16:00:00+00:00,2023-11-18 04:00:00+00:00,0.3554,0.3596,0.3751,timeout,-0.011679644048943172,-0.013652095794464802,9.988775255673833,0.0019724517455216306,3
ADA,long,2023-11-18 12:00:00+00:00,2023-11-18 16:00:00+00:00,2023-11-19 04:00:00+00:00,0.3668,0.3769,0.3544,timeout,0.02753544165757904,0.025484725952616527,9.988775255673833,0.0020507157049625135,3
AVAX,long,2023-11-18 12:00:00+00:00,2023-11-18 16:00:00+00:00,2023-11-19 04:00:00+00:00,22.207,21.101,20.638,timeout,-0.0498041158193363,-0.051268328107972105,7.710732744665526,0.0014642122886358022,3
BNB,long,2023-11-18 12:00:00+00:00,2023-11-18 16:00:00+00:00,2023-11-19 04:00:00+00:00,244.4,244.2,241.1,timeout,-0.0008183306055646877,-0.0021076260233154898,6.455921962584254,0.001289295417750802,3
BTC,long,2023-11-18 12:00:00+00:00,2023-11-18 16:00:00+00:00,2023-11-19 04:00:00+00:00,36662.3,36522.1,36355.0,timeout,-0.003824091778202754,-0.004822349196201836,5.012959217987713,0.0009982574179990822,3
DOT,long,2023-11-18 12:00:00+00:00,2023-11-18 16:00:00+00:00,2023-11-19 04:00:00+00:00,5.227,5.287,5.057,timeout,0.011478859766596461,0.009650409905625157,9.046674492363598,0.001828449860971304,3
LINK,long,2023-11-18 12:00:00+00:00,2023-11-18 16:00:00+00:00,2023-11-19 04:00:00+00:00,13.541,14.107,13.099,timeout,0.041798980872904457,0.04043788744869614,6.536688716426203,0.001361093424208315,3
SOL,long,2023-11-18 12:00:00+00:00,2023-11-18 16:00:00+00:00,2023-11-19 04:00:00+00:00,57.96,58.22,55.41,timeout,0.00448585231193932,0.0032810063060078054,6.000925858297193,0.0012048460059315147,3
BNB,short,2023-11-19 08:00:00+00:00,2023-11-19 12:00:00+00:00,2023-11-19 16:00:00+00:00,243.1,245.0,245.0,stop,-0.0077551020408163085,-0.009035446586168727,6.455921962584254,0.0012803445453524187,1
BTC,short,2023-11-19 08:00:00+00:00,2023-11-19 12:00:00+00:00,2023-11-19 16:00:00+00:00,36461.3,36710.0,36710.0,stop,-0.006774720784527344,-0.007770021408180061,5.012959217987713,0.0009953006236527173,1
DOT,short,2023-11-19 08:00:00+00:00,2023-11-19 12:00:00+00:00,2023-11-19 16:00:00+00:00,5.231,5.315,5.315,stop,-0.015804327375352867,-0.017583457431708527,9.046674492363598,0.00177913005635566,1
ETH,long,2023-11-19 12:00:00+00:00,2023-11-19 16:00:00+00:00,2023-11-20 04:00:00+00:00,1967.23,2000.36,1945.13,timeout,0.01684093878194215,0.015816088544155837,5.041924062981029,0.0010248502377863122,3
BTC,long,2023-11-20 12:00:00+00:00,2023-11-20 16:00:00+00:00,2023-11-21 04:00:00+00:00,37460.0,37467.6,36567.4,timeout,0.00020288307528026905,-0.0007994097319369287,5.012959217987713,0.0010022928072171977,3
BNB,long,2023-11-20 16:00:00+00:00,2023-11-20 20:00:00+00:00,2023-11-21 08:00:00+00:00,257.7,257.3,238.3,timeout,-0.0015521924718664426,-0.0028405409499659973,6.455921962584254,0.0012883484780995547,3
BNB,long,2023-11-21 12:00:00+00:00,2023-11-21 16:00:00+00:00,2023-11-21 16:00:00+00:00,264.9,247.3,247.3,stop,-0.06644016610041514,-0.06764478629403048,6.455921962584254,0.0012046201936153356,0
AVAX,long,2023-11-22 16:00:00+00:00,2023-11-22 20:00:00+00:00,2023-11-23 08:00:00+00:00,20.925,21.072,19.737,timeout,0.007025089605734669,0.005473305878070489,7.710732744665526,0.00155178372766418,3
BNB,long,2023-11-22 16:00:00+00:00,2023-11-22 20:00:00+00:00,2023-11-23 08:00:00+00:00,235.2,235.2,229.8,timeout,0.0,-0.0012903513517537046,6.455921962584254,0.0012903513517537046,3
SOL,short,2023-11-23 12:00:00+00:00,2023-11-23 16:00:00+00:00,2023-11-24 04:00:00+00:00,56.61,57.28,59.65,timeout,-0.011696927374301724,-0.012882362696224892,6.000925858297193,0.0011854353219231673,3
ADA,short,2023-11-24 16:00:00+00:00,2023-11-24 20:00:00+00:00,2023-11-25 08:00:00+00:00,0.386,0.3929,0.3943,timeout,-0.017561720539577497,-0.019522433063123845,9.988775255673833,0.0019607125235463485,3
AVAX,short,2023-11-24 16:00:00+00:00,2023-11-24 20:00:00+00:00,2023-11-25 08:00:00+00:00,21.011,21.175,21.884,timeout,-0.007744982290436853,-0.009274005952377595,7.710732744665526,0.0015290236619407427,3
SOL,long,2023-11-25 00:00:00+00:00,2023-11-25 04:00:00+00:00,2023-11-25 16:00:00+00:00,58.83,58.54,55.57,timeout,-0.004929457759646372,-0.006123010427092068,6.000925858297193,0.0011935526674456964,3
XRP,short,2023-11-25 08:00:00+00:00,2023-11-25 12:00:00+00:00,2023-11-25 20:00:00+00:00,0.6176,0.6228,0.6228,stop,-0.008349389852279954,-0.009487698976758274,5.742762706652812,0.0011383091244783206,2
BNB,short,2023-11-25 08:00:00+00:00,2023-11-25 12:00:00+00:00,2023-11-26 00:00:00+00:00,233.1,234.3,235.8,timeout,-0.00512163892445594,-0.006405381562500367,6.455921962584254,0.0012837426380444272,3
ETH,short,2023-11-25 08:00:00+00:00,2023-11-25 12:00:00+00:00,2023-11-26 00:00:00+00:00,2070.71,2082.63,2090.62,timeout,-0.005723532264492515,-0.0067256402988175035,5.041924062981029,0.0010021080343249889,3
AVAX,short,2023-11-26 00:00:00+00:00,2023-11-26 04:00:00+00:00,2023-11-26 04:00:00+00:00,21.037,21.427,21.427,stop,-0.018201334764549437,-0.01971424562276003,7.710732744665526,0.0015129108582105921,0
DOT,short,2023-11-26 12:00:00+00:00,2023-11-26 16:00:00+00:00,2023-11-26 20:00:00+00:00,5.276,5.373,5.373,stop,-0.018053229108505597,-0.01982829382625173,9.046674492363598,0.0017750647177461332,1
BTC,short,2023-11-26 08:00:00+00:00,2023-11-26 12:00:00+00:00,2023-11-27 00:00:00+00:00,37680.2,37449.9,37826.3,timeout,0.0061495491309722095,0.005141297232139186,5.012959217987713,0.0010082518988330236,3
BNB,short,2023-11-27 00:00:00+00:00,2023-11-27 04:00:00+00:00,2023-11-27 16:00:00+00:00,229.0,222.7,233.0,timeout,0.0282891782667265,0.02696232393555653,6.455921962584254,0.0013268543311699688,3
AVAX,short,2023-11-27 12:00:00+00:00,2023-11-27 16:00:00+00:00,2023-11-28 04:00:00+00:00,20.117,20.219,20.721,timeout,-0.005044759879321403,-0.006577944471552688,7.710732744665526,0.0015331845922312848,3
BNB,long,2023-11-30 00:00:00+00:00,2023-11-30 04:00:00+00:00,2023-11-30 16:00:00+00:00,228.8,226.6,225.1,timeout,-0.009615384615384692,-0.010893328742602293,6.455921962584254,0.0012779441272176006,3
LINK,long,2023-11-30 08:00:00+00:00,2023-11-30 12:00:00+00:00,2023-11-30 20:00:00+00:00,14.768,14.286,14.286,stop,-0.03263813651137604,-0.033901979052401665,6.536688716426203,0.0012638425410256282,2
XRP,short,2023-11-30 04:00:00+00:00,2023-11-30 08:00:00+00:00,2023-11-30 20:00:00+00:00,0.6039,0.6032,0.6096,timeout,0.0011604774535809437,1.1252015820417682e-05,5.742762706652812,0.001149225437760526,3
DOT,long,2023-11-30 08:00:00+00:00,2023-11-30 12:00:00+00:00,2023-12-01 00:00:00+00:00,5.199,5.477,5.127,timeout,0.05347182150413543,0.051567460985902924,9.046674492363598,0.0019043605182325063,3
ETH,long,2023-11-30 08:00:00+00:00,2023-11-30 12:00:00+00:00,2023-12-01 00:00:00+00:00,2045.32,2051.81,2020.5,timeout,0.003173097608198283,0.002162022868370972,5.041924062981029,0.0010110747398273112,3
ADA,long,2023-12-01 00:00:00+00:00,2023-12-01 04:00:00+00:00,2023-12-01 16:00:00+00:00,0.3791,0.3812,0.3735,timeout,0.005539435505143686,0.0035326185830695245,9.988775255673833,0.0020068169220741616,3
SOL,long,2023-12-01 00:00:00+00:00,2023-12-01 04:00:00+00:00,2023-12-01 16:00:00+00:00,60.78,60.14,58.59,timeout,-0.010529779532741035,-0.011716614808095271,6.000925858297193,0.0011868352753542366,3
LINK,long,2023-12-01 12:00:00+00:00,2023-12-01 16:00:00+00:00,2023-12-02 04:00:00+00:00,14.933,15.345,14.692,timeout,0.02758990156030272,0.02624737206711325,6.536688716426203,0.0013425294931894705,3
BTC,long,2023-12-02 16:00:00+00:00,2023-12-02 20:00:00+00:00,2023-12-03 08:00:00+00:00,39433.4,39481.3,38700.0,timeout,0.0012147063149512416,0.0002113995702894833,5.012959217987713,0.0010033067446617583,3
DOT,long,2023-12-02 16:00:00+00:00,2023-12-02 20:00:00+00:00,2023-12-03 08:00:00+00:00,5.553,5.538,5.455,timeout,-0.0027012425715828847,-0.004504059068200172,9.046674492363598,0.0018028164966172877,3
SOL,long,2023-12-02 16:00:00+00:00,2023-12-02 20:00:00+00:00,2023-12-03 08:00:00+00:00,63.0,63.96,61.36,timeout,0.015238095238095273,0.01402035228900167,6.000925858297193,0.0012177429490936031,3
BNB,short,2023-12-03 00:00:00+00:00,2023-12-03 04:00:00+00:00,2023-12-03 16:00:00+00:00,228.5,226.8,231.9,timeout,0.007495590828924037,0.006195567531412038,6.455921962584254,0.0013000232975119985,3
BTC,long,2023-12-03 12:00:00+00:00,2023-12-03 16:00:00+00:00,2023-12-04 04:00:00+00:00,39767.7,40711.3,39376.7,timeout,0.02372779919381829,0.02270193231516493,5.012959217987713,0.0010258668786533587,3
LINK,short,2023-12-03 20:00:00+00:00,2023-12-04 00:00:00+00:00,2023-12-04 04:00:00+00:00,15.712,16.149,16.149,stop,-0.027060499102111613,-0.02833162873569528,6.536688716426203,0.0012711296335836675,1
AVAX,short,2023-12-04 08:00:00+00:00,2023-12-04 12:00:00+00:00,2023-12-05 00:00:00+00:00,22.011,22.7,23.217,timeout,-0.030352422907488963,-0.031846609444877605,7.710732744665526,0.001494186537388642,3
DOT,short,2023-12-04 08:00:00+00:00,2023-12-04 12:00:00+00:00,2023-12-05 00:00:00+00:00,5.575,5.637,5.722,timeout,-0.01099875820471874,-0.012786575286212964,9.046674492363598,0.0017878170814942251,3
XRP,short,2023-12-04 08:00:00+00:00,2023-12-04 12:00:00+00:00,2023-12-05 00:00:00+00:00,0.6195,0.6248,0.6446,timeout,-0.008482714468629915,-0.009620870550670069,5.742762706652812,0.0011381560820401537,3
DOT,short,2023-12-05 08:00:00+00:00,2023-12-05 12:00:00+00:00,2023-12-05 16:00:00+00:00,5.533,5.737,5.737,stop,-0.03555865434896288,-0.03730207451770218,9.046674492363598,0.0017434201687392958,1
SOL,short,2023-12-05 00:00:00+00:00,2023-12-05 04:00:00+00:00,2023-12-05 16:00:00+00:00,60.59,60.98,62.22,timeout,-0.0063955395211543475,-0.007587333674280772,6.000925858297193,0.0011917941531264242,3
AVAX,long,2023-12-05 12:00:00+00:00,2023-12-05 16:00:00+00:00,2023-12-06 04:00:00+00:00,22.349,26.707,21.786,timeout,0.194997539039778,0.19315609759524843,7.710732744665526,0.001841441444529579,3
XRP,long,2023-12-05 12:00:00+00:00,2023-12-05 16:00:00+00:00,2023-12-06 04:00:00+00:00,0.6142,0.6227,0.6078,timeout,0.013839140345164536,0.01267536115479384,5.742762706652812,0.001163779190370695,3
BNB,long,2023-12-06 04:00:00+00:00,2023-12-06 08:00:00+00:00,2023-12-06 20:00:00+00:00,233.2,230.9,228.3,timeout,-0.009862778730703181,-0.011140403632589724,6.455921962584254,0.0012776249018865427,3
ADA,short,2023-12-06 20:00:00+00:00,2023-12-07 00:00:00+00:00,2023-12-07 00:00:00+00:00,0.4429,0.4554,0.4554,stop,-0.027448397013614456,-0.02938937808859632,9.988775255673833,0.0019409810749818623,0
ETH,short,2023-12-06 08:00:00+00:00,2023-12-06 12:00:00+00:00,2023-12-07 00:00:00+00:00,2252.74,2233.31,2288.99,timeout,0.008700090896472057,0.007683445629171226,5.041924062981029,0.0010166452673008308,3
LINK,short,2023-12-06 20:00:00+00:00,2023-12-07 00:00:00+00:00,2023-12-07 12:00:00+00:00,15.265,15.102,15.809,timeout,0.010793272414249877,0.009472687443851324,6.536688716426203,0.0013205849703985528,3
SOL,short,2023-12-06 20:00:00+00:00,2023-12-07 00:00:00+00:00,2023-12-07 12:00:00+00:00,61.84,64.26,64.61,timeout,-0.037659508247743556,-0.038813802352697935,6.000925858297193,0.0011542941049543787,3
BTC,short,2023-12-08 04:00:00+00:00,2023-12-08 08:00:00+00:00,2023-12-08 08:00:00+00:00,43182.7,43581.2,43581.2,stop,-0.009143851018329041,-0.010136777561449706,5.012959217987713,0.0009929265431206646,0
SOL,long,2023-12-08 08:00:00+00:00,2023-12-08 12:00:00+00:00,2023-12-09 00:00:00+00:00,72.97,74.94,70.55,timeout,0.02699739619021524,0.025765548366720514,6.000925858297193,0.001231847823494725,3
ETH,short,2023-12-09 08:00:00+00:00,2023-12-09 12:00:00+00:00,2023-12-10 00:00:00+00:00,2358.38,2340.99,2407.39,timeout,0.007428481112691676,0.00641311747119877,5.041924062981029,0.0010153636414929057,3
BTC,short,2023-12-09 20:00:00+00:00,2023-12-10 00:00:00+00:00,2023-12-10 12:00:00+00:00,43719.1,43745.4,44117.0,timeout,-0.0006012060696668486,-0.0016026931075945328,5.012959217987713,0.0010014870379276841,3
XRP,long,2023-12-10 16:00:00+00:00,2023-12-10 20:00:00+00:00,2023-12-11 00:00:00+00:00,0.6628,0.6543,0.6543,stop,-0.012824381412190666,-0.01395755372369023,5.742762706652812,0.001133172311499564,1
BNB,short,2023-12-11 00:00:00+00:00,2023-12-11 04:00:00+00:00,2023-12-11 12:00:00+00:00,233.1,241.6,241.6,stop,-0.03518211920529801,-0.03642707326197758,6.455921962584254,0.0012449540566795703,2
DOT,short,2023-12-11 00:00:00+00:00,2023-12-11 04:00:00+00:00,2023-12-11 16:00:00+00:00,6.842,6.682,7.363,timeout,0.023944926668661992,0.022093941904391512,9.046674492363598,0.0018509847642704802,3
LINK,short,2023-12-11 00:00:00+00:00,2023-12-11 04:00:00+00:00,2023-12-11 16:00:00+00:00,15.091,14.787,16.466,timeout,0.020558598769188974,0.019225255558735777,6.536688716426203,0.0013333432104531973,3
SOL,short,2023-12-11 00:00:00+00:00,2023-12-11 04:00:00+00:00,2023-12-11 16:00:00+00:00,70.82,69.23,74.98,timeout,0.022966921854687072,0.02173990844562823,6.000925858297193,0.0012270134090588414,3
ETH,long,2023-12-12 20:00:00+00:00,2023-12-13 00:00:00+00:00,2023-12-13 00:00:00+00:00,2203.3,2165.0,2165.0,stop,-0.017383016384514227,-0.018373373097057,5.041924062981029,0.0009903567125427726,0
LINK,short,2023-12-12 12:00:00+00:00,2023-12-12 16:00:00+00:00,2023-12-13 04:00:00+00:00,14.652,14.079,15.08,timeout,0.040698913275090565,0.0393392570713067,6.536688716426203,0.0013596562037838655,3
ADA,short,2023-12-13 00:00:00+00:00,2023-12-13 04:00:00+00:00,2023-12-13 12:00:00+00:00,0.5562,0.5875,0.5875,stop,-0.0532765957446808,-0.055166029894251234,9.988775255673833,0.0018894341495704348,2
DOT,short,2023-12-13 00:00:00+00:00,2023-12-13 04:00:00+00:00,2023-12-13 16:00:00+00:00,6.774,7.045,7.248,timeout,-0.03846699787083041,-0.04020516062834767,9.046674492363598,0.0017381627575172587,3
AVAX,long,2023-12-14 08:00:00+00:00,2023-12-14 12:00:00+00:00,2023-12-14 12:00:00+00:00,39.609,37.686,37.686,stop,-0.04854957206695454,-0.05001571755526979,7.710732744665526,0.0014661454883152514,0
BTC,long,2023-12-14 08:00:00+00:00,2023-12-14 12:00:00+00:00,2023-12-14 12:00:00+00:00,43262.0,42680.0,42680.0,stop,-0.013452914798206317,-0.014441523273757584,5.012959217987713,0.000988608475551267,0
DOT,long,2023-12-14 08:00:00+00:00,2023-12-14 12:00:00+00:00,2023-12-14 12:00:00+00:00,7.537,7.271,7.271,stop,-0.03529255672018039,-0.03703645791347876,9.046674492363598,0.0017439011932983695,0
ADA,short,2023-12-14 12:00:00+00:00,2023-12-14 16:00:00+00:00,2023-12-15 04:00:00+00:00,0.6354,0.638,0.6631,timeout,-0.004075235109717967,-0.00606286344205742,9.988775255673833,0.001987628332339453,3
ETH,short,2023-12-15 20:00:00+00:00,2023-12-16 00:00:00+00:00,2023-12-16 00:00:00+00:00,2221.01,2252.86,2252.86,stop,-0.014137585114032736,-0.01513121282096852,5.041924062981029,0.0009936277069357846,0
SOL,short,2023-12-15 12:00:00+00:00,2023-12-15 16:00:00+00:00,2023-12-16 04:00:00+00:00,76.04,74.23,79.6,timeout,0.02438367236966199,0.023154959617406545,6.000925858297193,0.0012287127522554453,3
BTC,long,2023-12-16 00:00:00+00:00,2023-12-16 04:00:00+00:00,2023-12-16 16:00:00+00:00,42325.8,42606.8,41600.0,timeout,0.006638976699790744,0.005630234350729957,5.012959217987713,0.0010087423490607872,3
ETH,long,2023-12-16 12:00:00+00:00,2023-12-16 16:00:00+00:00,2023-12-16 16:00:00+00:00,2256.9,2239.19,2239.19,stop,-0.007847046834153049,-0.008847014627729743,5.041924062981029,0.0009999677935766949,0
AVAX,short,2023-12-16 16:00:00+00:00,2023-12-16 20:00:00+00:00,2023-12-17 08:00:00+00:00,42.513,41.476,45.391,timeout,0.025002411032886362,0.023422925001530093,7.710732744665526,0.0015794860313562697,3
BNB,short,2023-12-16 16:00:00+00:00,2023-12-16 20:00:00+00:00,2023-12-17 08:00:00+00:00,244.9,240.5,247.5,timeout,0.018295218295218296,0.016981259683806593,6.455921962584254,0.001313958611411703,3
DOT,short,2023-12-16 16:00:00+00:00,2023-12-16 20:00:00+00:00,2023-12-17 08:00:00+00:00,7.056,6.974,7.355,timeout,0.011757958130197865,0.009929003743245346,9.046674492363598,0.0018289543869525193,3
LINK,short,2023-12-16 16:00:00+00:00,2023-12-16 20:00:00+00:00,2023-12-17 08:00:00+00:00,14.394,14.037,14.806,timeout,0.025432784783073314,0.024093073527868825,6.536688716426203,0.0013397112552044899,3
XRP,short,2023-12-16 16:00:00+00:00,2023-12-16 20:00:00+00:00,2023-12-17 08:00:00+00:00,0.6194,0.6136,0.6259,timeout,0.009452411994784748,0.008293668300643153,5.742762706652812,0.0011587436941415952,3
SOL,short,2023-12-17 04:00:00+00:00,2023-12-17 08:00:00+00:00,2023-12-17 16:00:00+00:00,72.34,74.27,74.27,stop,-0.025986266325568774,-0.027154562080097366,6.000925858297193,0.0011682957545285921,2
ADA,short,2023-12-17 04:00:00+00:00,2023-12-17 08:00:00+00:00,2023-12-17 20:00:00+00:00,0.5938,0.5943,0.6184,timeout,-0.0008413259296652376,-0.0028354083735371294,9.988775255673833,0.001994082443871892,3
ETH,long,2023-12-17 12:00:00+00:00,2023-12-17 16:00:00+00:00,2023-12-17 20:00:00+00:00,2222.15,2198.91,2198.91,stop,-0.01045833989604672,-0.011455675828323297,5.041924062981029,0.0009973359322765774,1
LINK,long,2023-12-18 08:00:00+00:00,2023-12-18 12:00:00+00:00,2023-12-19 00:00:00+00:00,14.179,14.666,13.771,timeout,0.03434656886945486,0.0329952119003194,6.536688716426203,0.0013513569691354643,3
DOT,short,2023-12-19 08:00:00+00:00,2023-12-19 12:00:00+00:00,2023-12-20 00:00:00+00:00,6.835,6.707,7.048,timeout,0.019084538541821905,0.01724233989889168,9.046674492363598,0.0018421986429302262,3
AVAX,short,2023-12-19 12:00:00+00:00,2023-12-19 16:00:00+00:00,2023-12-20 04:00:00+00:00,39.781,40.272,41.664,timeout,-0.01219209376241559,-0.013714264610768412,7.710732744665526,0.0015221708483528218,3
ETH,long,2023-12-20 12:00:00+00:00,2023-12-20 16:00:00+00:00,2023-12-20 16:00:00+00:00,2248.0,2203.0,2203.0,stop,-0.020017793594306,-0.021005494776424216,5.041924062981029,0.000987701182118217,0
XRP,long,2023-12-20 00:00:00+00:00,2023-12-20 04:00:00+00:00,2023-12-20 16:00:00+00:00,0.6084,0.6221,0.6008,timeout,0.022518080210387703,0.021344338522804707,5.742762706652812,0.0011737416875829965,3
BNB,short,2023-12-22 04:00:00+00:00,2023-12-22 08:00:00+00:00,2023-12-22 20:00:00+00:00,265.4,269.8,276.2,timeout,-0.01630837657524109,-0.01757768439123608,6.455921962584254,0.001269307815994991,3
BTC,short,2023-12-22 04:00:00+00:00,2023-12-22 08:00:00+00:00,2023-12-22 20:00:00+00:00,43601.6,43655.8,44444.0,timeout,-0.00124153033503005,-0.002242375710734934,5.012959217987713,0.001000845375704884,3
LINK,short,2023-12-23 00:00:00+00:00,2023-12-23 04:00:00+00:00,2023-12-23 12:00:00+00:00,14.985,15.541,15.541,stop,-0.03577633356926846,-0.03703607610687909,6.536688716426203,0.0012597425376106308,2
ETH,short,2023-12-23 00:00:00+00:00,2023-12-23 04:00:00+00:00,2023-12-23 16:00:00+00:00,2273.19,2285.66,2331.16,timeout,-0.005455754574171023,-0.0064581324953773,5.041924062981029,0.0010023779212062767,3
BTC,long,2023-12-24 00:00:00+00:00,2023-12-24 04:00:00+00:00,2023-12-24 04:00:00+00:00,43845.5,43617.0,43617.0,stop,-0.005211481223842851,-0.006208348353445636,5.012959217987713,0.0009968671296027853,0
XRP,long,2023-12-24 00:00:00+00:00,2023-12-24 04:00:00+00:00,2023-12-24 04:00:00+00:00,0.6206,0.6167,0.6167,stop,-0.006284241057041617,-0.007424920752054698,5.742762706652812,0.0011406796950130804,0
ADA,long,2023-12-23 20:00:00+00:00,2023-12-24 00:00:00+00:00,2023-12-24 12:00:00+00:00,0.613,0.6146,0.5998,timeout,0.002610114192495905,0.0006091434972059773,9.988775255673833,0.0020009706952899275,3
BNB,short,2023-12-24 00:00:00+00:00,2023-12-24 04:00:00+00:00,2023-12-24 16:00:00+00:00,269.9,269.3,272.4,timeout,0.002227998514667595,0.0009347722620185461,6.455921962584254,0.001293226252649049,3
XRP,short,2023-12-24 20:00:00+00:00,2023-12-25 00:00:00+00:00,2023-12-25 08:00:00+00:00,0.6124,0.6297,0.6297,stop,-0.02747340003176113,-0.028589756832446134,5.742762706652812,0.0011163568006850033,2
ADA,short,2023-12-24 20:00:00+00:00,2023-12-25 00:00:00+00:00,2023-12-25 12:00:00+00:00,0.5917,0.6066,0.6208,timeout,-0.024563138806462326,-0.02650987816877759,9.988775255673833,0.001946739362315264,3
LINK,long,2023-12-25 20:00:00+00:00,2023-12-26 00:00:00+00:00,2023-12-26 04:00:00+00:00,15.594,15.189,15.189,stop,-0.02597152751058096,-0.02724407986783728,6.536688716426203,0.001272552357256318,1
BNB,long,2023-12-26 04:00:00+00:00,2023-12-26 08:00:00+00:00,2023-12-26 20:00:00+00:00,273.4,295.8,264.2,timeout,0.08193123628383336,0.08053516485059009,6.455921962584254,0.0013960714332432733,3
SOL,short,2023-12-26 12:00:00+00:00,2023-12-26 16:00:00+00:00,2023-12-27 04:00:00+00:00,110.59,108.61,117.12,timeout,0.01823036552803603,0.017009033454318256,6.000925858297193,0.0012213320737177735,3
AVAX,short,2023-12-27 00:00:00+00:00,2023-12-27 04:00:00+00:00,2023-12-27 08:00:00+00:00,42.75,44.859,44.859,stop,-0.04701397712833544,-0.04848248890450457,7.710732744665526,0.0014685117761691346,1
DOT,short,2023-12-28 00:00:00+00:00,2023-12-28 04:00:00+00:00,2023-12-28 16:00:00+00:00,8.582,8.379,8.917,timeout,0.024227234753550597,0.022375739661087524,9.046674492363598,0.0018514950924630735,3
XRP,long,2023-12-28 20:00:00+00:00,2023-12-29 00:00:00+00:00,2023-12-29 00:00:00+00:00,0.635,0.6256,0.6256,stop,-0.014803149606299137,-0.015934050502980357,5.742762706652812,0.0011309008966812195,0
ETH,short,2023-12-28 12:00:00+00:00,2023-12-28 16:00:00+00:00,2023-12-29 04:00:00+00:00,2359.43,2352.81,2415.0,timeout,0.0028136568613699176,0.0018029443934783895,5.041924062981029,0.001010712467891528,3
AVAX,long,2023-12-29 00:00:00+00:00,2023-12-29 04:00:00+00:00,2023-12-29 16:00:00+00:00,41.048,39.87,38.5,timeout,-0.02869810953030605,-0.030194845295718475,7.710732744665526,0.001496735765412427,3
ADA,short,2023-12-29 12:00:00+00:00,2023-12-29 16:00:00+00:00,2023-12-30 04:00:00+00:00,0.6037,0.605,0.6265,timeout,-0.0021487603305784253,-0.004140233447170183,9.988775255673833,0.0019914731165917576,3
BNB,short,2023-12-29 12:00:00+00:00,2023-12-29 16:00:00+00:00,2023-12-30 04:00:00+00:00,311.5,315.9,321.6,timeout,-0.013928458372902797,-0.015200837119567212,6.455921962584254,0.0012723787466644154,3
BTC,short,2023-12-29 12:00:00+00:00,2023-12-29 16:00:00+00:00,2023-12-30 04:00:00+00:00,42272.3,41994.0,43141.2,timeout,0.006627137210077683,0.005618406725245162,5.012959217987713,0.0010087304848325207,3
ETH,short,2023-12-29 12:00:00+00:00,2023-12-29 16:00:00+00:00,2023-12-30 04:00:00+00:00,2327.34,2298.6,2387.72,timeout,0.012503262855651398,0.011482784460141282,5.041924062981029,0.001020478395510116,3
LINK,short,2023-12-31 00:00:00+00:00,2023-12-31 04:00:00+00:00,2023-12-31 08:00:00+00:00,15.031,15.347,15.347,stop,-0.02059034338958743,-0.021869926176375842,6.536688716426203,0.0012795827867884135,1
SOL,short,2023-12-31 12:00:00+00:00,2023-12-31 16:00:00+00:00,2024-01-01 04:00:00+00:00,102.53,103.13,105.27,timeout,-0.005817899738194465,-0.007010386750243458,6.000925858297193,0.0011924870120489928,3
ADA,short,2023-12-31 20:00:00+00:00,2024-01-01 00:00:00+00:00,2024-01-01 08:00:00+00:00,0.5935,0.6048,0.6048,stop,-0.01868386243386244,-0.020642335429785108,9.988775255673833,0.0019584729959226665,2
LINK,long,2024-01-01 04:00:00+00:00,2024-01-01 08:00:00+00:00,2024-01-01 20:00:00+00:00,15.224,15.46,14.807,timeout,0.015501839201261136,0.014175102564937925,6.536688716426203,0.0013267366363232114,3
BNB,short,2024-01-02 12:00:00+00:00,2024-01-02 16:00:00+00:00,2024-01-03 04:00:00+00:00,308.6,312.6,321.2,timeout,-0.012795905310300726,-0.014069745448340498,6.455921962584254,0.0012738401380397724,3
ADA,short,2024-01-03 08:00:00+00:00,2024-01-03 12:00:00+00:00,2024-01-04 00:00:00+00:00,0.5953,0.557,0.6188,timeout,0.06876122082585279,0.06662822829679049,9.988775255673833,0.002132992529062294,3
AVAX,short,2024-01-03 08:00:00+00:00,2024-01-03 12:00:00+00:00,2024-01-04 00:00:00+00:00,39.356,36.798,41.449,timeout,0.06951464753519221,0.06786657000100305,7.710732744665526,0.001648077534189163,3
BTC,short,2024-01-03 08:00:00+00:00,2024-01-03 12:00:00+00:00,2024-01-04 00:00:00+00:00,43705.2,42851.0,45535.5,timeout,0.01993419056731449,0.01891212522403407,5.012959217987713,0.0010220653432804205,3
ETH,short,2024-01-03 08:00:00+00:00,2024-01-03 12:00:00+00:00,2024-01-04 00:00:00+00:00,2308.28,2210.57,2386.2,timeout,0.044201269355867545,0.043148843279791294,5.041924062981029,0.0010524260760762516,3
ADA,short,2024-01-05 08:00:00+00:00,2024-01-05 12:00:00+00:00,2024-01-06 00:00:00+00:00,0.542,0.5414,0.5587,timeout,0.0011082379017364197,-0.0008897354066299545,9.988775255673833,0.001997973308366374,3
AVAX,short,2024-01-05 08:00:00+00:00,2024-01-05 12:00:00+00:00,2024-01-06 00:00:00+00:00,36.424,36.473,37.742,timeout,-0.0013434595454171472,-0.0028823476873302,7.710732744665526,0.001538888141913053,3
SOL,short,2024-01-05 08:00:00+00:00,2024-01-05 12:00:00+00:00,2024-01-06 00:00:00+00:00,99.64,99.94,103.23,timeout,-0.003001801080648403,-0.0041976659055475984,6.000925858297193,0.0011958648248991954,3
XRP,short,2024-01-05 08:00:00+00:00,2024-01-05 12:00:00+00:00,2024-01-06 00:00:00+00:00,0.5692,0.5758,0.579,timeout,-0.01146231330323022,-0.012597049123631687,5.742762706652812,0.0011347358204014668,3
BTC,long,2024-01-06 12:00:00+00:00,2024-01-06 16:00:00+00:00,2024-01-07 04:00:00+00:00,43866.8,43933.0,43526.0,timeout,0.0015091139540608367,0.000505512186595114,5.012959217987713,0.0010036017674657227,3
ETH,long,2024-01-06 12:00:00+00:00,2024-01-06 16:00:00+00:00,2024-01-07 04:00:00+00:00,2246.31,2242.07,2228.0,timeout,-0.001887540010060862,-0.002893514251404161,5.041924062981029,0.0010059742413432993,3
ETH,short,2024-01-07 08:00:00+00:00,2024-01-07 12:00:00+00:00,2024-01-07 12:00:00+00:00,2237.19,2253.0,2253.0,stop,-0.007017310252996012,-0.0080181143186977,5.041924062981029,0.0010008040657016881,0
ADA,short,2024-01-07 08:00:00+00:00,2024-01-07 12:00:00+00:00,2024-01-08 00:00:00+00:00,0.5204,0.4946,0.5302,timeout,0.052163364334816054,0.05006349716921554,9.988775255673833,0.002099867165600511,3
BNB,short,2024-01-07 08:00:00+00:00,2024-01-07 12:00:00+00:00,2024-01-08 00:00:00+00:00,305.8,302.1,309.5,timeout,0.012247600132406555,0.010941445073266332,6.455921962584254,0.0013061550591402238,3
LINK,short,2024-01-07 20:00:00+00:00,2024-01-08 00:00:00+00:00,2024-01-08 12:00:00+00:00,13.154,13.498,13.615,timeout,-0.02548525707512217,-0.026758444736793452,6.536688716426203,0.0012731876616712823,3
SOL,short,2024-01-07 20:00:00+00:00,2024-01-08 00:00:00+00:00,2024-01-08 12:00:00+00:00,89.42,92.22,95.31,timeout,-0.030362177401865087,-0.03152522440254557,6.000925858297193,0.0011630470006804838,3
DOT,short,2024-01-09 00:00:00+00:00,2024-01-09 04:00:00+00:00,2024-01-09 16:00:00+00:00,7.32,7.137,7.528,timeout,0.025641025641025772,0.023786974839437702,9.046674492363598,0.0018540508015880697,3
SOL,long,2024-01-09 00:00:00+00:00,2024-01-09 04:00:00+00:00,2024-01-09 16:00:00+00:00,99.8,99.8,95.23,timeout,0.0,-0.0011994653813771627,6.000925858297193,0.0011994653813771627,3
AVAX,short,2024-01-09 20:00:00+00:00,2024-01-10 00:00:00+00:00,2024-01-10 12:00:00+00:00,34.641,34.936,35.779,timeout,-0.008444011907488003,-0.009971958393898417,7.710732744665526,0.0015279464864104142,3
BTC,short,2024-01-09 20:00:00+00:00,2024-01-10 00:00:00+00:00,2024-01-10 12:00:00+00:00,46119.0,45529.9,48515.9,timeout,0.012938750140017774,0.0119236948541388,5.012959217987713,0.001015055285878974,3
LINK,long,2024-01-10 08:00:00+00:00,2024-01-10 12:00:00+00:00,2024-01-11 00:00:00+00:00,14.22,15.077,13.566,timeout,0.06026722925457095,0.05888200736422822,6.536688716426203,0.001385221890342736,3
ETH,long,2024-01-10 12:00:00+00:00,2024-01-10 16:00:00+00:00,2024-01-11 04:00:00+00:00,2449.41,2612.09,2341.0,timeout,0.06641599405571141,0.06534117827734964,5.041924062981029,0.0010748157783617707,3
XRP,long,2024-01-10 12:00:00+00:00,2024-01-10 16:00:00+00:00,2024-01-11 04:00:00+00:00,0.5707,0.6027,0.5476,timeout,0.0560714911512179,0.054859233726901824,5.742762706652812,0.0012122574243160766,3
AVAX,long,2024-01-10 20:00:00+00:00,2024-01-11 00:00:00+00:00,2024-01-11 12:00:00+00:00,38.57,39.705,34.389,timeout,0.029427015815400415,0.0278407116523276,7.710732744665526,0.0015863041630728159,3
BNB,long,2024-01-10 20:00:00+00:00,2024-01-11 00:00:00+00:00,2024-01-11 12:00:00+00:00,305.7,314.6,291.1,timeout,0.029113509977101826,0.027785591968394918,6.455921962584254,0.0013279180087069076,3
SOL,long,2024-01-10 20:00:00+00:00,2024-01-11 00:00:00+00:00,2024-01-11 12:00:00+00:00,102.07,104.48,92.67,timeout,0.02361124718330565,0.022383460928320886,6.000925858297193,0.001227786254984764,3
DOT,long,2024-01-11 04:00:00+00:00,2024-01-11 08:00:00+00:00,2024-01-11 20:00:00+00:00,8.333,8.228,7.858,timeout,-0.012600504020160885,-0.014385425626494697,9.046674492363598,0.0017849216063338114,3
BNB,long,2024-01-12 00:00:00+00:00,2024-01-12 04:00:00+00:00,2024-01-12 12:00:00+00:00,310.5,305.4,305.4,stop,-0.01642512077294689,-0.017694277947908454,6.455921962584254,0.001269157174961566,2
ETH,long,2024-01-12 08:00:00+00:00,2024-01-12 12:00:00+00:00,2024-01-12 16:00:00+00:00,2646.73,2585.0,2585.0,stop,-0.023323119471952203,-0.02430748929330151,5.041924062981029,0.0009843698213493068,1
ADA,short,2024-01-12 12:00:00+00:00,2024-01-12 16:00:00+00:00,2024-01-13 04:00:00+00:00,0.5663,0.5457,0.5879,timeout,0.037749679310976836,0.03567857842344968,9.988775255673833,0.0020711008875271553,3
DOT,short,2024-01-12 12:00:00+00:00,2024-01-12 16:00:00+00:00,2024-01-13 04:00:00+00:00,7.895,7.584,8.217,timeout,0.041007383966244815,0.03912555540591045,9.046674492363598,0.0018818285603343643,3
SOL,short,2024-01-12 12:00:00+00:00,2024-01-12 16:00:00+00:00,2024-01-13 04:00:00+00:00,95.36,91.08,99.34,timeout,0.04699165568730779,0.04573582544172017,6.000925858297193,0.0012558302455876191,3
LINK,long,2024-01-14 00:00:00+00:00,2024-01-14 04:00:00+00:00,2024-01-14 16:00:00+00:00,14.44,15.219,14.262,timeout,0.05394736842105252,0.052570403326099635,6.536688716426203,0.0013769650949528867,3
SOL,long,2024-01-14 12:00:00+00:00,2024-01-14 16:00:00+00:00,2024-01-14 16:00:00+00:00,99.52,96.3,96.3,stop,-0.03235530546623788,-0.03351596177880456,6.000925858297193,0.001160656312566677,0
AVAX,long,2024-01-14 12:00:00+00:00,2024-01-14 16:00:00+00:00,2024-01-14 20:00:00+00:00,37.194,35.898,35.898,stop,-0.0348443297306017,-0.03633159442663181,7.710732744665526,0.0014872646960301106,1
BTC,long,2024-01-14 04:00:00+00:00,2024-01-14 08:00:00+00:00,2024-01-14 20:00:00+00:00,43022.1,42659.7,42561.0,timeout,-0.008423577649626646,-0.009417225971127374,5.012959217987713,0.0009936483215007286,3
ADA,short,2024-01-14 16:00:00+00:00,2024-01-14 20:00:00+00:00,2024-01-15 08:00:00+00:00,0.5356,0.537,0.5486,timeout,-0.0026070763500932737,-0.004597634777204762,9.988775255673833,0.0019905584271114884,3
DOT,short,2024-01-14 16:00:00+00:00,2024-01-14 20:00:00+00:00,2024-01-15 08:00:00+00:00,7.473,7.533,7.696,timeout,-0.007964954201513441,-0.009758255489083156,9.046674492363598,0.0017933012875697152,3
BTC,short,2024-01-15 12:00:00+00:00,2024-01-15 16:00:00+00:00,2024-01-15 16:00:00+00:00,42280.0,42969.3,42969.3,stop,-0.016041685575515663,-0.01702769987105235,5.012959217987713,0.0009860142955366857,0
LINK,short,2024-01-15 12:00:00+00:00,2024-01-15 16:00:00+00:00,2024-01-16 04:00:00+00:00,15.311,15.331,16.02,timeout,-0.0013045463440088945,-0.002609325710964061,6.536688716426203,0.0013047793669551666,3
ADA,long,2024-01-16 12:00:00+00:00,2024-01-16 16:00:00+00:00,2024-01-17 04:00:00+00:00,0.5421,0.535,0.5252,timeout,-0.013097214536063495,-0.015066837148941081,9.988775255673833,0.0019696226128775862,3
BTC,long,2024-01-16 12:00:00+00:00,2024-01-16 16:00:00+00:00,2024-01-17 04:00:00+00:00,43256.2,42850.1,42042.1,timeout,-0.00938824954572981,-0.010380931179652442,5.012959217987713,0.0009926816339226319,3
ETH,long,2024-01-16 12:00:00+00:00,2024-01-16 16:00:00+00:00,2024-01-17 04:00:00+00:00,2559.89,2571.98,2500.51,timeout,0.004722859185355643,0.0037102224770235726,5.041924062981029,0.0010126367083320709,3
AVAX,long,2024-01-17 08:00:00+00:00,2024-01-17 12:00:00+00:00,2024-01-17 16:00:00+00:00,36.282,35.298,35.298,stop,-0.027120886389945253,-0.028620052590537015,7.710732744665526,0.0014991662005917616,1
SOL,long,2024-01-17 08:00:00+00:00,2024-01-17 12:00:00+00:00,2024-01-18 00:00:00+00:00,102.03,102.14,96.64,timeout,0.001078114280113729,-0.0001226442620195778,6.000925858297193,0.0012007585421333067,3
BTC,short,2024-01-17 12:00:00+00:00,2024-01-17 16:00:00+00:00,2024-01-18 04:00:00+00:00,42483.0,42599.9,42941.0,timeout,-0.002744137897037313,-0.00374347752548132,5.012959217987713,0.000999339628444007,3
DOT,short,2024-01-17 12:00:00+00:00,2024-01-17 16:00:00+00:00,2024-01-18 04:00:00+00:00,7.342,7.347,7.467,timeout,-0.0006805498843066582,-0.0024870191861480206,9.046674492363598,0.0018064693018413625,3
BNB,long,2024-01-18 12:00:00+00:00,2024-01-18 16:00:00+00:00,2024-01-18 16:00:00+00:00,314.6,309.6,309.6,stop,-0.015893197711379536,-0.017163041253982825,6.455921962584254,0.0012698435426032884,0
ADA,short,2024-01-18 08:00:00+00:00,2024-01-18 12:00:00+00:00,2024-01-19 00:00:00+00:00,0.5172,0.5025,0.5259,timeout,0.029253731343283684,0.027199586341869253,9.988775255673833,0.0020541450014144313,3
ETH,short,2024-01-18 08:00:00+00:00,2024-01-18 12:00:00+00:00,2024-01-19 00:00:00+00:00,2523.03,2470.97,2549.89,timeout,0.021068649153976216,0.020039537905627736,5.041924062981029,0.0010291112483484799,3
XRP,short,2024-01-18 08:00:00+00:00,2024-01-18 12:00:00+00:00,2024-01-19 00:00:00+00:00,0.5633,0.5522,0.569,timeout,0.0201014125316914,0.01893044492082585,5.742762706652812,0.0011709676108655476,3
BTC,long,2024-01-19 16:00:00+00:00,2024-01-19 20:00:00+00:00,2024-01-20 08:00:00+00:00,41820.2,41653.3,40244.0,timeout,-0.003990894352489782,-0.0049889846193805765,5.012959217987713,0.0009980902668907943,3
BNB,long,2024-01-20 08:00:00+00:00,2024-01-20 12:00:00+00:00,2024-01-21 00:00:00+00:00,314.7,317.3,312.0,timeout,0.008261836669844369,0.006960824645975583,6.455921962584254,0.0013010120238687861,3
BNB,long,2024-01-21 08:00:00+00:00,2024-01-21 12:00:00+00:00,2024-01-21 12:00:00+00:00,319.0,317.1,317.1,stop,-0.005956112852664508,-0.007238778726147421,6.455921962584254,0.0012826658734829133,0
AVAX,long,2024-01-21 00:00:00+00:00,2024-01-21 04:00:00+00:00,2024-01-21 16:00:00+00:00,33.006,32.964,31.486,timeout,-0.0012724959098345812,-0.002811493403754861,7.710732744665526,0.00153899749392028,3
DOT,short,2024-01-21 12:00:00+00:00,2024-01-21 16:00:00+00:00,2024-01-22 04:00:00+00:00,6.885,6.726,6.97,timeout,0.023639607493309622,0.02178917465436947,9.046674492363598,0.0018504328389401525,3
DOT,short,2024-01-22 08:00:00+00:00,2024-01-22 12:00:00+00:00,2024-01-23 00:00:00+00:00,6.582,6.343,6.812,timeout,0.03767933154658687,0.03580351910505253,9.046674492363598,0.0018758124415343413,3
DOT,short,2024-01-23 04:00:00+00:00,2024-01-23 08:00:00+00:00,2024-01-23 20:00:00+00:00,6.313,6.197,6.457,timeout,0.01871873487171216,0.01687719749190464,9.046674492363598,0.001841537379807523,3
SOL,short,2024-01-23 04:00:00+00:00,2024-01-23 08:00:00+00:00,2024-01-23 20:00:00+00:00,82.82,80.94,85.95,timeout,0.023227081788979476,0.02199975632708573,6.000925858297193,0.0012273254618937468,3
LINK,long,2024-01-23 20:00:00+00:00,2024-01-24 00:00:00+00:00,2024-01-24 12:00:00+00:00,14.295,14.271,13.794,timeout,-0.0016789087093388444,-0.002983198977952628,6.536688716426203,0.0013042902686137836,3
XRP,long,2024-01-23 20:00:00+00:00,2024-01-24 00:00:00+00:00,2024-01-24 12:00:00+00:00,0.5181,0.5169,0.5061,timeout,-0.0023161551823971394,-0.0034613898167320523,5.742762706652812,0.001145234634334913,3
SOL,long,2024-01-24 04:00:00+00:00,2024-01-24 08:00:00+00:00,2024-01-24 20:00:00+00:00,86.12,86.35,83.24,timeout,0.0026706920575938486,0.0014680232735495569,6.000925858297193,0.0012026687840442918,3
DOT,long,2024-01-25 04:00:00+00:00,2024-01-25 08:00:00+00:00,2024-01-25 12:00:00+00:00,6.507,6.405,6.405,stop,-0.01567542646380815,-0.017454789534281145,9.046674492363598,0.0017793630704729946,1
SOL,long,2024-01-25 08:00:00+00:00,2024-01-25 12:00:00+00:00,2024-01-25 12:00:00+00:00,88.99,86.5,86.5,stop,-0.027980671985616268,-0.029146575519599205,6.000925858297193,0.0011659035339829371,0
XRP,long,2024-01-25 16:00:00+00:00,2024-01-25 20:00:00+00:00,2024-01-26 08:00:00+00:00,0.514,0.5114,0.5038,timeout,-0.005058365758754957,-0.006200452627850517,5.742762706652812,0.00114208686909556,3
AVAX,long,2024-01-26 00:00:00+00:00,2024-01-26 04:00:00+00:00,2024-01-26 16:00:00+00:00,30.742,32.139,30.124,timeout,0.04544271680437184,0.043831733113014915,7.710732744665526,0.0016109836913569264,3
BNB,long,2024-01-26 00:00:00+00:00,2024-01-26 04:00:00+00:00,2024-01-26 16:00:00+00:00,293.7,302.7,290.6,timeout,0.0306435137895813,0.02931362153838646,6.455921962584254,0.0013298922511948419,3
SOL,long,2024-01-26 00:00:00+00:00,2024-01-26 04:00:00+00:00,2024-01-26 16:00:00+00:00,87.94,92.38,85.97,timeout,0.050488969752103596,0.04922894459936744,6.000925858297193,0.001260025152736155,3
ETH,long,2024-01-26 08:00:00+00:00,2024-01-26 12:00:00+00:00,2024-01-27 00:00:00+00:00,2253.5,2267.74,2195.81,timeout,0.006319059241180369,0.005304813760085292,5.041924062981029,0.0010142454810950774,3
LINK,short,2024-01-27 04:00:00+00:00,2024-01-27 08:00:00+00:00,2024-01-27 16:00:00+00:00,14.132,14.351,14.351,stop,-0.015260260609016862,-0.016546807062267077,6.536688716426203,0.0012865464532502147,2
AVAX,short,2024-01-27 04:00:00+00:00,2024-01-27 08:00:00+00:00,2024-01-27 20:00:00+00:00,32.08,32.734,32.883,timeout,-0.01997922649233219,-0.021489397693426837,7.710732744665526,0.0015101712010946455,3
XRP,short,2024-01-27 04:00:00+00:00,2024-01-27 08:00:00+00:00,2024-01-27 20:00:00+00:00,0.5286,0.5299,0.535,timeout,-0.002453293074165086,-0.0035983702888283675,5.742762706652812,0.0011450772146632815,3
BNB,long,2024-01-27 16:00:00+00:00,2024-01-27 20:00:00+00:00,2024-01-28 08:00:00+00:00,305.4,305.8,302.7,timeout,0.0013097576948266632,1.771629546087894e-05,6.455921962584254,0.0012920413993657842,3
XRP,long,2024-01-28 00:00:00+00:00,2024-01-28 04:00:00+00:00,2024-01-28 12:00:00+00:00,0.533,0.5289,0.5289,stop,-0.007692307692307665,-0.008831371077017036,5.742762706652812,0.0011390633847093712,2
LINK,long,2024-01-28 00:00:00+00:00,2024-01-28 04:00:00+00:00,2024-01-28 16:00:00+00:00,14.562,14.407,14.26,timeout,-0.01064414228814714,-0.011936719624904946,6.536688716426203,0.0012925773367578053,3
BNB,long,2024-01-29 08:00:00+00:00,2024-01-29 12:00:00+00:00,2024-01-29 12:00:00+00:00,308.0,305.3,305.3,stop,-0.008766233766233755,-0.010045273596397508,6.455921962584254,0.0012790398301637529,0
DOT,long,2024-01-28 20:00:00+00:00,2024-01-29 00:00:00+00:00,2024-01-29 12:00:00+00:00,6.868,6.824,6.564,timeout,-0.006406523005241804,-0.008202641468154748,9.046674492363598,0.0017961184629129434,3
ADA,long,2024-01-29 12:00:00+00:00,2024-01-29 16:00:00+00:00,2024-01-30 04:00:00+00:00,0.4981,0.5307,0.4837,timeout,0.06544870507930134,0.06332232354173284,9.988775255673833,0.0021263815375685002,3
AVAX,long,2024-01-29 12:00:00+00:00,2024-01-29 16:00:00+00:00,2024-01-30 04:00:00+00:00,35.8,35.748,34.327,timeout,-0.0014525139664803843,-0.0029912340600718457,7.710732744665526,0.0015387200935914613,3
BTC,long,2024-01-29 12:00:00+00:00,2024-01-29 16:00:00+00:00,2024-01-30 04:00:00+00:00,42649.8,43511.6,41788.3,timeout,0.02020642535252204,0.019184087205621703,5.012959217987713,0.0010223381469003368,3
SOL,long,2024-01-29 12:00:00+00:00,2024-01-29 16:00:00+00:00,2024-01-30 04:00:00+00:00,99.94,102.16,95.54,timeout,0.022213327996797982,0.02098721849748353,6.000925858297193,0.001226109499314454,3
BNB,short,2024-01-30 12:00:00+00:00,2024-01-30 16:00:00+00:00,2024-01-31 04:00:00+00:00,309.3,306.9,312.0,timeout,0.007820136852395132,0.006519694776482954,6.455921962584254,0.0013004420759121782,3
ETH,long,2024-01-30 12:00:00+00:00,2024-01-30 16:00:00+00:00,2024-01-31 04:00:00+00:00,2340.87,2343.21,2295.55,timeout,0.0009996283433082453,-9.255807599806154e-06,5.041924062981029,0.0010088841509080515,3
XRP,short,2024-01-30 12:00:00+00:00,2024-01-30 16:00:00+00:00,2024-01-31 04:00:00+00:00,0.5259,0.5105,0.5356,timeout,0.03016650342801186,0.028983982166406186,5.742762706652812,0.0011825212616056735,3
ADA,short,2024-01-30 20:00:00+00:00,2024-01-31 00:00:00+00:00,2024-01-31 12:00:00+00:00,0.5138,0.502,0.5293,timeout,0.023505976095617553,0.02146330224300952,9.988775255673833,0.0020426738526080346,3
BTC,short,2024-01-30 20:00:00+00:00,2024-01-31 00:00:00+00:00,2024-01-31 12:00:00+00:00,42942.2,42650.0,43775.0,timeout,0.006851113716295432,0.005842158786957707,5.012959217987713,0.0010089549293377242,3
DOT,short,2024-01-30 20:00:00+00:00,2024-01-31 00:00:00+00:00,2024-01-31 12:00:00+00:00,6.836,6.759,7.04,timeout,0.011392217783695813,0.009563924545396452,9.046674492363598,0.001828293238299361,3
LINK,long,2024-01-31 00:00:00+00:00,2024-01-31 04:00:00+00:00,2024-01-31 12:00:00+00:00,15.851,15.371,15.371,stop,-0.03028200113557511,-0.03154892192914793,6.536688716426203,0.0012669207935728233,2
SOL,short,2024-01-31 08:00:00+00:00,2024-01-31 12:00:00+00:00,2024-01-31 16:00:00+00:00,99.14,101.97,101.97,stop,-0.027753260762969467,-0.02891943706884126,6.000925858297193,0.001166176305871791,1
BNB,short,2024-01-31 08:00:00+00:00,2024-01-31 12:00:00+00:00,2024-02-01 00:00:00+00:00,303.1,300.4,307.5,timeout,0.008988015978695252,0.007686066928373814,6.455921962584254,0.0013019490503214382,3
BTC,long,2024-02-01 12:00:00+00:00,2024-02-01 16:00:00+00:00,2024-02-02 04:00:00+00:00,42512.2,43032.8,41952.6,timeout,0.012245896472071749,0.011231535487578492,5.012959217987713,0.0010143609844932566,3
DOT,long,2024-02-01 12:00:00+00:00,2024-02-01 16:00:00+00:00,2024-02-02 04:00:00+00:00,6.731,6.792,6.629,timeout,0.009062546426979567,0.007238464534500499,9.046674492363598,0.001824081892479068,3
ETH,long,2024-02-01 12:00:00+00:00,2024-02-01 16:00:00+00:00,2024-02-02 04:00:00+00:00,2288.55,2301.55,2263.01,timeout,0.005680452688383575,0.004666850843920711,5.041924062981029,0.0010136018444628636,3
LINK,long,2024-02-02 12:00:00+00:00,2024-02-02 16:00:00+00:00,2024-02-02 20:00:00+00:00,18.738,17.667,17.667,stop,-0.057156580211335184,-0.05838838980444616,6.536688716426203,0.0012318095931109774,1
BTC,long,2024-02-02 12:00:00+00:00,2024-02-02 16:00:00+00:00,2024-02-03 04:00:00+00:00,43232.2,43181.0,42551.0,timeout,-0.0011843024412359071,-0.0021852051644123405,5.012959217987713,0.0010009027231764334,3
DOT,long,2024-02-02 12:00:00+00:00,2024-02-02 16:00:00+00:00,2024-02-03 04:00:00+00:00,6.992,6.913,6.762,timeout,-0.011298627002288342,-0.013085902011097605,9.046674492363598,0.0017872750088092637,3
AVAX,short,2024-02-03 00:00:00+00:00,2024-02-03 04:00:00+00:00,2024-02-03 16:00:00+00:00,36.025,35.788,37.627,timeout,0.006622331507768031,0.0050711684135607005,7.710732744665526,0.0015511630942073307,3
ETH,long,2024-02-04 08:00:00+00:00,2024-02-04 12:00:00+00:00,2024-02-04 16:00:00+00:00,2305.63,2286.18,2286.18,stop,-0.008435872191114857,-0.009435246521364182,5.041924062981029,0.0009993743302493252,1
DOT,short,2024-02-04 20:00:00+00:00,2024-02-05 00:00:00+00:00,2024-02-05 00:00:00+00:00,6.668,6.792,6.792,stop,-0.018256772673733712,-0.020031469445872307,9.046674492363598,0.0017746967721385953,0
ADA,short,2024-02-05 12:00:00+00:00,2024-02-05 16:00:00+00:00,2024-02-06 04:00:00+00:00,0.4952,0.4947,0.506,timeout,0.0010107135637760223,-0.0009870651092684923,9.988775255673833,0.0019977786730445146,3
AVAX,short,2024-02-05 12:00:00+00:00,2024-02-05 16:00:00+00:00,2024-02-06 04:00:00+00:00,34.644,34.459,35.908,timeout,0.005368699033634128,0.0038194677348644124,7.710732744665526,0.0015492312987697154,3
BTC,short,2024-02-05 12:00:00+00:00,2024-02-05 16:00:00+00:00,2024-02-06 04:00:00+00:00,42641.5,42854.9,43575.0,timeout,-0.004979593932082471,-0.005976693433505487,5.012959217987713,0.0009970995014230155,3
DOT,short,2024-02-05 12:00:00+00:00,2024-02-05 16:00:00+00:00,2024-02-06 04:00:00+00:00,6.796,6.754,6.975,timeout,0.006218537163162674,0.004399596384897508,9.046674492363598,0.0018189407782651656,3
ETH,short,2024-02-05 12:00:00+00:00,2024-02-05 16:00:00+00:00,2024-02-06 04:00:00+00:00,2298.0,2316.55,2338.76,timeout,-0.008007597504910424,-0.00900740348321516,5.041924062981029,0.0009998059783047353,3
SOL,short,2024-02-05 12:00:00+00:00,2024-02-05 16:00:00+00:00,2024-02-06 04:00:00+00:00,95.59,96.03,98.71,timeout,-0.004581901489117968,-0.005775871038278035,6.000925858297193,0.0011939695491600677,3
SOL,short,2024-02-06 08:00:00+00:00,2024-02-06 12:00:00+00:00,2024-02-06 16:00:00+00:00,94.31,96.34,96.34,stop,-0.02107120614490343,-0.022245397343966022,6.000925858297193,0.0011741911990625908,1
LINK,short,2024-02-06 08:00:00+00:00,2024-02-06 12:00:00+00:00,2024-02-07 00:00:00+00:00,18.77,18.295,19.323,timeout,0.025963377972123336,0.024622973505547208,6.536688716426203,0.0013404044665761283,3
BTC,long,2024-02-06 12:00:00+00:00,2024-02-06 16:00:00+00:00,2024-02-07 04:00:00+00:00,43253.8,42811.0,42658.7,timeout,-0.01023725083114091,-0.011229081689789644,5.012959217987713,0.0009918308586487345,3
AVAX,short,2024-02-08 04:00:00+00:00,2024-02-08 08:00:00+00:00,2024-02-08 12:00:00+00:00,35.243,35.763,35.763,stop,-0.014540167211922861,-0.016058719776870567,7.710732744665526,0.001518552564947706,1
DOT,long,2024-02-08 12:00:00+00:00,2024-02-08 16:00:00+00:00,2024-02-09 04:00:00+00:00,7.043,7.052,6.87,timeout,0.0012778645463580318,-0.000532144980332272,9.046674492363598,0.0018100095266903038,3
ETH,long,2024-02-10 00:00:00+00:00,2024-02-10 04:00:00+00:00,2024-02-10 08:00:00+00:00,2512.8,2483.55,2483.55,stop,-0.011640401146131851,-0.012636545706476654,5.041924062981029,0.0009961445603448027,1
DOT,long,2024-02-11 08:00:00+00:00,2024-02-11 12:00:00+00:00,2024-02-11 12:00:00+00:00,7.303,7.234,7.234,stop,-0.009448171984116072,-0.011238792059594882,9.046674492363598,0.0017906200754788104,0
XRP,long,2024-02-11 00:00:00+00:00,2024-02-11 04:00:00+00:00,2024-02-11 16:00:00+00:00,0.5271,0.5293,0.5218,timeout,0.004173781066211246,0.003021096677322088,5.742762706652812,0.001152684388889158,3
AVAX,short,2024-02-12 00:00:00+00:00,2024-02-12 04:00:00+00:00,2024-02-12 12:00:00+00:00,38.754,40.147,40.147,stop,-0.03469748673624429,-0.03618497771121376,7.710732744665526,0.0014874909749694742,2
LINK,short,2024-02-12 00:00:00+00:00,2024-02-12 04:00:00+00:00,2024-02-12 12:00:00+00:00,20.022,20.634,20.634,stop,-0.029659784821169044,-0.030927518530236675,6.536688716426203,0.001267733709067631,2
SOL,short,2024-02-12 00:00:00+00:00,2024-02-12 04:00:00+00:00,2024-02-12 16:00:00+00:00,106.3,108.82,109.39,timeout,-0.02315750781106407,-0.024329196563502964,6.000925858297193,0.001171688752438893,3
ADA,short,2024-02-13 00:00:00+00:00,2024-02-13 04:00:00+00:00,2024-02-13 16:00:00+00:00,0.5498,0.5397,0.5648,timeout,0.018714100426162616,0.016680990014670938,9.988775255673833,0.0020331104114916787,3
BTC,long,2024-02-14 04:00:00+00:00,2024-02-14 08:00:00+00:00,2024-02-14 20:00:00+00:00,49839.7,51681.2,49221.1,timeout,0.036948456752347925,0.035909341591569666,5.012959217987713,0.001039115160778259,3
XRP,long,2024-02-14 08:00:00+00:00,2024-02-14 12:00:00+00:00,2024-02-15 00:00:00+00:00,0.5318,0.5378,0.5204,timeout,0.011282437006393087,0.010121592638741017,5.742762706652812,0.0011608443676520697,3
ADA,long,2024-02-15 00:00:00+00:00,2024-02-15 04:00:00+00:00,2024-02-15 04:00:00+00:00,0.5826,0.5717,0.5717,stop,-0.01870923446618611,-0.020667656825582692,9.988775255673833,0.0019584223593965833,0
SOL,long,2024-02-15 00:00:00+00:00,2024-02-15 04:00:00+00:00,2024-02-15 04:00:00+00:00,117.31,115.93,115.93,stop,-0.011763703009121107,-0.012949058235982025,6.000925858297193,0.001185355226860918,0
AVAX,long,2024-02-15 04:00:00+00:00,2024-02-15 08:00:00+00:00,2024-02-15 16:00:00+00:00,42.941,41.399,41.399,stop,-0.035909736615356014,-0.0373953595637434,7.710732744665526,0.0014856229483873884,2
SOL,short,2024-02-15 12:00:00+00:00,2024-02-15 16:00:00+00:00,2024-02-16 04:00:00+00:00,114.1,113.84,117.32,timeout,0.0022839072382290215,0.0010817023891853683,6.000925858297193,0.0012022048490436532,3
BTC,short,2024-02-16 04:00:00+00:00,2024-02-16 08:00:00+00:00,2024-02-16 08:00:00+00:00,51767.4,52347.6,52347.6,stop,-0.011083602686656091,-0.012074585424996953,5.012959217987713,0.000990982738340862,0
ADA,short,2024-02-16 12:00:00+00:00,2024-02-16 16:00:00+00:00,2024-02-17 04:00:00+00:00,0.5897,0.5916,0.6144,timeout,-0.003211629479378031,-0.005200981362611268,9.988775255673833,0.001989351883233237,3
AVAX,short,2024-02-16 12:00:00+00:00,2024-02-16 16:00:00+00:00,2024-02-17 04:00:00+00:00,40.083,40.225,41.339,timeout,-0.0035301429459292377,-0.005065661499781826,7.710732744665526,0.0015355185538525884,3
DOT,short,2024-02-16 12:00:00+00:00,2024-02-16 16:00:00+00:00,2024-02-17 04:00:00+00:00,7.646,7.583,7.866,timeout,0.008308057497032895,0.006485339493838893,9.046674492363598,0.0018227180031940016,3
ETH,short,2024-02-16 12:00:00+00:00,2024-02-16 16:00:00+00:00,2024-02-17 04:00:00+00:00,2776.46,2793.4,2848.75,timeout,-0.006064294408248072,-0.007066058996365587,5.041924062981029,0.0010017645881175152,3
LINK,short,2024-02-16 12:00:00+00:00,2024-02-16 16:00:00+00:00,2024-02-17 04:00:00+00:00,19.501,19.54,20.206,timeout,-0.0019959058341861846,-0.003299781951212055,6.536688716426203,0.0013038761170258706,3
BNB,short,2024-02-18 20:00:00+00:00,2024-02-19 00:00:00+00:00,2024-02-19 00:00:00+00:00,349.9,353.6,353.6,stop,-0.01046380090497745,-0.011740650277089038,6.455921962584254,0.0012768493721115881,0
SOL,long,2024-02-19 04:00:00+00:00,2024-02-19 08:00:00+00:00,2024-02-19 08:00:00+00:00,113.22,111.18,111.18,stop,-0.018018018018017945,-0.019195871410541576,6.000925858297193,0.0011778533925236312,0
XRP,long,2024-02-19 04:00:00+00:00,2024-02-19 08:00:00+00:00,2024-02-19 08:00:00+00:00,0.5638,0.5563,0.5563,stop,-0.013302589570769685,-0.014435212950312026,5.742762706652812,0.0011326233795423413,0
BTC,long,2024-02-18 20:00:00+00:00,2024-02-19 00:00:00+00:00,2024-02-19 12:00:00+00:00,52164.5,52348.1,51607.9,timeout,0.003519635000814647,0.002514018511317939,5.012959217987713,0.001005616489496708,3
ETH,long,2024-02-19 16:00:00+00:00,2024-02-19 20:00:00+00:00,2024-02-20 08:00:00+00:00,2934.15,2920.76,2886.8,timeout,-0.00456350220677193,-0.005566779408304079,5.041924062981029,0.001003277201532149,3
XRP,long,2024-02-19 16:00:00+00:00,2024-02-19 20:00:00+00:00,2024-02-20 08:00:00+00:00,0.5625,0.5673,0.5536,timeout,0.008533333333333282,0.0073756446434603,5.742762706652812,0.0011576886898729821,3
ADA,short,2024-02-20 12:00:00+00:00,2024-02-20 16:00:00+00:00,2024-02-21 04:00:00+00:00,0.6093,0.6122,0.6415,timeout,-0.004737014047696886,-0.0067233216270906615,9.988775255673833,0.0019863075793937757,3
AVAX,short,2024-02-20 12:00:00+00:00,2024-02-20 16:00:00+00:00,2024-02-21 04:00:00+00:00,37.708,38.02,39.743,timeout,-0.008206207259337295,-0.009734520192807627,7.710732744665526,0.0015283129334703327,3
BNB,short,2024-02-20 12:00:00+00:00,2024-02-20 16:00:00+00:00,2024-02-21 04:00:00+00:00,351.2,353.4,360.2,timeout,-0.006225240520656428,-0.007507559124889429,6.455921962584254,0.0012823186042330015,3
DOT,short,2024-02-20 12:00:00+00:00,2024-02-20 16:00:00+00:00,2024-02-21 04:00:00+00:00,7.568,7.617,7.94,timeout,-0.006432978863069483,-0.008229049501740637,9.046674492363598,0.0017960706386711545,3
LINK,short,2024-02-20 12:00:00+00:00,2024-02-20 16:00:00+00:00,2024-02-21 04:00:00+00:00,18.969,18.999,19.733,timeout,-0.001579030475288068,-0.0028834512331902262,6.536688716426203,0.0013044207579021583,3
SOL,short,2024-02-20 12:00:00+00:00,2024-02-20 16:00:00+00:00,2024-02-21 04:00:00+00:00,106.61,106.65,110.87,timeout,-0.00037505860290676374,-0.0015740741144737447,6.000925858297193,0.001199015511566981,3
XRP,short,2024-02-20 12:00:00+00:00,2024-02-20 16:00:00+00:00,2024-02-21 04:00:00+00:00,0.5546,0.559,0.5754,timeout,-0.007871198568873083,-0.009010056605937677,5.742762706652812,0.001138858037064594,3
ADA,short,2024-02-22 20:00:00+00:00,2024-02-23 00:00:00+00:00,2024-02-23 12:00:00+00:00,0.5858,0.5844,0.6037,timeout,0.0023956194387404484,0.00039507682382855513,9.988775255673833,0.0020005426149118932,3
AVAX,short,2024-02-22 20:00:00+00:00,2024-02-23 00:00:00+00:00,2024-02-23 12:00:00+00:00,36.785,36.785,37.781,timeout,0.0,-0.0015409583571269758,7.710732744665526,0.0015409583571269758,3
BTC,short,2024-02-22 20:00:00+00:00,2024-02-23 00:00:00+00:00,2024-02-23 12:00:00+00:00,51285.0,51220.7,52108.3,timeout,0.0012553518401741126,0.00025200436505823376,5.012959217987713,0.0010033474751158789,3
DOT,short,2024-02-22 20:00:00+00:00,2024-02-23 00:00:00+00:00,2024-02-23 12:00:00+00:00,7.483,7.357,7.686,timeout,0.01712654614652709,0.015287886965532405,9.046674492363598,0.001838659180994684,3
LINK,short,2024-02-22 20:00:00+00:00,2024-02-23 00:00:00+00:00,2024-02-23 12:00:00+00:00,18.125,17.965,18.631,timeout,0.008906206512663495,0.007588086963173701,6.536688716426203,0.0013181195494897935,3
ADA,long,2024-02-23 16:00:00+00:00,2024-02-23 20:00:00+00:00,2024-02-24 08:00:00+00:00,0.5914,0.5858,0.568,timeout,-0.009469056476158366,-0.011445920027316148,9.988775255673833,0.0019768635511577815,3
BNB,long,2024-02-23 16:00:00+00:00,2024-02-23 20:00:00+00:00,2024-02-24 08:00:00+00:00,377.2,379.4,368.6,timeout,0.005832449628843994,0.004534572367827616,6.455921962584254,0.001297877261016378,3
LINK,long,2024-02-23 16:00:00+00:00,2024-02-23 20:00:00+00:00,2024-02-24 08:00:00+00:00,18.144,18.444,17.591,timeout,0.016534391534391624,0.015206305885238969,6.536688716426203,0.001328085649152655,3
XRP,long,2024-02-23 16:00:00+00:00,2024-02-23 20:00:00+00:00,2024-02-24 08:00:00+00:00,0.5386,0.5426,0.525,timeout,0.0074266617155589465,0.006270243366657935,5.742762706652812,0.0011564183489010116,3
BNB,long,2024-02-25 16:00:00+00:00,2024-02-25 20:00:00+00:00,2024-02-26 00:00:00+00:00,388.8,382.9,382.9,stop,-0.015174897119341613,-0.01644566752208465,6.455921962584254,0.0012707704027430378,1
DOT,long,2024-02-25 16:00:00+00:00,2024-02-25 20:00:00+00:00,2024-02-26 08:00:00+00:00,7.836,7.749,7.699,timeout,-0.011102603369065878,-0.012890232729705131,9.046674492363598,0.0017876293606392535,3
ETH,long,2024-02-25 16:00:00+00:00,2024-02-25 20:00:00+00:00,2024-02-26 08:00:00+00:00,3082.19,3088.56,3026.0,timeout,0.0020667123052116043,0.0010567526652958126,5.041924062981029,0.0010099596399157917,3
DOT,long,2024-02-26 12:00:00+00:00,2024-02-26 16:00:00+00:00,2024-02-27 04:00:00+00:00,7.86,8.05,7.586,timeout,0.024173027989822016,0.022321630886900312,9.046674492363598,0.0018513971029217036,3
SOL,long,2024-02-26 12:00:00+00:00,2024-02-26 16:00:00+00:00,2024-02-27 04:00:00+00:00,105.04,110.3,100.28,timeout,0.050076161462299984,0.04881663145881654,6.000925858297193,0.0012595300034834445,3
XRP,long,2024-02-26 12:00:00+00:00,2024-02-26 16:00:00+00:00,2024-02-27 04:00:00+00:00,0.5413,0.5532,0.5291,timeout,0.021984112322187332,0.02081098357278366,5.742762706652812,0.0011731287494036735,3
ADA,short,2024-02-27 12:00:00+00:00,2024-02-27 16:00:00+00:00,2024-02-27 16:00:00+00:00,0.6129,0.6292,0.6292,stop,-0.025905912269548637,-0.027849971776243154,9.988775255673833,0.0019440595066945177,0
AVAX,short,2024-02-27 12:00:00+00:00,2024-02-27 16:00:00+00:00,2024-02-28 04:00:00+00:00,38.659,39.16,39.885,timeout,-0.012793667007150122,-0.014314910856183971,7.710732744665526,0.0015212438490338487,3
BNB,short,2024-02-27 12:00:00+00:00,2024-02-27 16:00:00+00:00,2024-02-28 04:00:00+00:00,392.3,395.4,400.2,timeout,-0.007840161861406125,-0.009120396649703988,6.455921962584254,0.0012802347882978626,3
AVAX,short,2024-02-28 16:00:00+00:00,2024-02-28 20:00:00+00:00,2024-02-29 00:00:00+00:00,38.512,41.382,41.382,stop,-0.06935382533468648,-0.0707879123350652,7.710732744665526,0.0014340870003787254,1
ADA,short,2024-02-28 16:00:00+00:00,2024-02-28 20:00:00+00:00,2024-02-29 04:00:00+00:00,0.6182,0.6625,0.6625,stop,-0.06686792452830193,-0.06873023362674724,9.988775255673833,0.001862309098445314,2
XRP,short,2024-02-28 16:00:00+00:00,2024-02-28 20:00:00+00:00,2024-02-29 04:00:00+00:00,0.5652,0.6072,0.6072,stop,-0.06916996047430823,-0.07023845407123419,5.742762706652812,0.0010684935969259568,2
DOT,short,2024-02-28 16:00:00+00:00,2024-02-28 20:00:00+00:00,2024-02-29 08:00:00+00:00,8.125,8.641,8.73,timeout,-0.05971531072792502,-0.061415062920244234,9.046674492363598,0.001699752192319215,3
BNB,short,2024-02-29 08:00:00+00:00,2024-02-29 12:00:00+00:00,2024-03-01 00:00:00+00:00,410.4,399.2,418.0,timeout,0.028056112224448926,0.026729558630361305,6.455921962584254,0.0013265535940876205,3
XRP,short,2024-03-01 04:00:00+00:00,2024-03-01 08:00:00+00:00,2024-03-01 12:00:00+00:00,0.585,0.5969,0.5969,stop,-0.01993633774501591,-0.02106134628925349,5.742762706652812,0.0011250085442375823,1
BTC,short,2024-03-01 12:00:00+00:00,2024-03-01 16:00:00+00:00,2024-03-01 20:00:00+00:00,61305.3,62715.0,62715.0,stop,-0.022477876106194672,-0.023457440762779225,5.012959217987713,0.0009795646565845528,1
DOT,short,2024-03-01 12:00:00+00:00,2024-03-01 16:00:00+00:00,2024-03-01 20:00:00+00:00,8.3,8.53,8.53,stop,-0.026963657678780617,-0.02872261501897444,9.046674492363598,0.001758957340193823,1
ADA,long,2024-03-01 08:00:00+00:00,2024-03-01 12:00:00+00:00,2024-03-02 00:00:00+00:00,0.6858,0.7201,0.662,timeout,0.05001458151064453,0.04791900280314043,9.988775255673833,0.0020955787075040977,3
ETH,long,2024-03-01 08:00:00+00:00,2024-03-01 12:00:00+00:00,2024-03-02 00:00:00+00:00,3412.68,3433.05,3355.2,timeout,0.005968915925314011,0.004955023345490472,5.041924062981029,0.0010138925798235388,3
BNB,short,2024-03-03 04:00:00+00:00,2024-03-03 08:00:00+00:00,2024-03-03 12:00:00+00:00,407.0,413.7,413.7,stop,-0.016195310611554214,-0.01746476432236832,6.455921962584254,0.0012694537108141057,1
BTC,short,2024-03-03 04:00:00+00:00,2024-03-03 08:00:00+00:00,2024-03-03 12:00:00+00:00,61616.2,62143.8,62143.8,stop,-0.008489986128946136,-0.009483567903207146,5.012959217987713,0.0009935817742610098,1
ETH,short,2024-03-03 04:00:00+00:00,2024-03-03 08:00:00+00:00,2024-03-03 12:00:00+00:00,3394.01,3446.89,3446.89,stop,-0.015341365694872655,-0.01633378013947062,5.041924062981029,0.0009924144445979666,1
AVAX,short,2024-03-04 00:00:00+00:00,2024-03-04 04:00:00+00:00,2024-03-04 08:00:00+00:00,42.269,43.472,43.472,stop,-0.02767298490982706,-0.02917130034959048,7.710732744665526,0.0014983154397634202,1
SOL,short,2024-03-04 00:00:00+00:00,2024-03-04 04:00:00+00:00,2024-03-04 08:00:00+00:00,129.0,133.2,133.2,stop,-0.03153153153153143,-0.03269317593241472,6.000925858297193,0.0011616444008832882,1
ADA,long,2024-03-04 00:00:00+00:00,2024-03-04 04:00:00+00:00,2024-03-04 16:00:00+00:00,0.7551,0.7882,0.7236,timeout,0.04383525360879359,0.04175200736619589,9.988775255673833,0.0020832462425977027,3
BTC,long,2024-03-04 00:00:00+00:00,2024-03-04 04:00:00+00:00,2024-03-04 16:00:00+00:00,63500.0,66463.3,62259.9,timeout,0.04666614173228356,0.04561728858142011,5.012959217987713,0.001048853150863449,3
LINK,short,2024-03-04 00:00:00+00:00,2024-03-04 04:00:00+00:00,2024-03-04 16:00:00+00:00,20.256,20.505,20.92,timeout,-0.012143379663496656,-0.013433998271007774,6.536688716426203,0.0012906186075111181,3
XRP,long,2024-03-04 00:00:00+00:00,2024-03-04 04:00:00+00:00,2024-03-04 16:00:00+00:00,0.6351,0.662,0.6126,timeout,0.04235553456148633,0.04115902159230145,5.742762706652812,0.001196512969184882,3
ETH,long,2024-03-04 12:00:00+00:00,2024-03-04 16:00:00+00:00,2024-03-05 04:00:00+00:00,3560.86,3693.12,3457.0,timeout,0.03714271271546754,0.03609740079380375,5.041924062981029,0.001045311921663794,3
AVAX,long,2024-03-05 12:00:00+00:00,2024-03-05 16:00:00+00:00,2024-03-05 16:00:00+00:00,44.139,41.889,41.889,stop,-0.05097532794127646,-0.05243773544080488,7.710732744665526,0.0014624074995284175,0
DOT,long,2024-03-05 04:00:00+00:00,2024-03-05 08:00:00+00:00,2024-03-05 16:00:00+00:00,10.539,9.648,9.648,stop,-0.08454312553373189,-0.08619799649685733,9.046674492363598,0.0016548709631254432,2
BNB,short,2024-03-05 12:00:00+00:00,2024-03-05 16:00:00+00:00,2024-03-06 04:00:00+00:00,416.1,391.5,422.4,timeout,0.06283524904214555,0.06146381814185253,6.455921962584254,0.0013714309002930136,3
XRP,long,2024-03-07 00:00:00+00:00,2024-03-07 04:00:00+00:00,2024-03-07 16:00:00+00:00,0.6277,0.6256,0.6063,timeout,-0.0033455472359407157,-0.0044896002379998246,5.742762706652812,0.0011440530020591089,3
BNB,long,2024-03-07 04:00:00+00:00,2024-03-07 08:00:00+00:00,2024-03-07 20:00:00+00:00,434.3,467.9,423.1,timeout,0.07736587612249579,0.07597569560790784,6.455921962584254,0.0013901805145879464,3
ADA,long,2024-03-07 12:00:00+00:00,2024-03-07 16:00:00+00:00,2024-03-08 04:00:00+00:00,0.744,0.7392,0.7252,timeout,-0.006451612903225823,-0.0084344985521847,9.988775255673833,0.0019828856489588764,3
ETH,long,2024-03-07 12:00:00+00:00,2024-03-07 16:00:00+00:00,2024-03-08 04:00:00+00:00,3837.6,3902.88,3766.13,timeout,0.017010631644778007,0.015985610377518,5.041924062981029,0.0010250212672600068,3
LINK,long,2024-03-07 12:00:00+00:00,2024-03-07 16:00:00+00:00,2024-03-08 04:00:00+00:00,20.095,19.989,19.667,timeout,-0.00527494401592421,-0.00657453612289749,6.536688716426203,0.0012995921069732796,3
DOT,short,2024-03-08 12:00:00+00:00,2024-03-08 16:00:00+00:00,2024-03-08 16:00:00+00:00,10.218,10.573,10.573,stop,-0.03357609004066964,-0.035323094089980356,9.046674492363598,0.0017470040493107186,0
ADA,short,2024-03-08 12:00:00+00:00,2024-03-08 16:00:00+00:00,2024-03-09 04:00:00+00:00,0.7187,0.7293,0.7431,timeout,-0.014534485122720375,-0.016501239286253244,9.988775255673833,0.001966754163532869,3
AVAX,short,2024-03-08 12:00:00+00:00,2024-03-08 16:00:00+00:00,2024-03-09 04:00:00+00:00,42.385,42.616,43.999,timeout,-0.005420499342969842,-0.006953104936334276,7.710732744665526,0.0015326055933644334,3
ETH,short,2024-03-08 12:00:00+00:00,2024-03-08 16:00:00+00:00,2024-03-09 04:00:00+00:00,3902.37,3925.0,3999.0,timeout,-0.005765605095541471,-0.0067676707256425495,5.041924062981029,0.0010020656301010789,3
LINK,short,2024-03-08 12:00:00+00:00,2024-03-08 16:00:00+00:00,2024-03-09 04:00:00+00:00,19.694,20.058,20.256,timeout,-0.0181473726194038,-0.019430147107769802,6.536688716426203,0.0012827744883660008,3
XRP,short,2024-03-08 12:00:00+00:00,2024-03-08 16:00:00+00:00,2024-03-09 04:00:00+00:00,0.6141,0.6263,0.6317,timeout,-0.019479482676033832,-0.020605015641159352,5.742762706652812,0.0011255329651255197,3
AVAX,short,2024-03-09 16:00:00+00:00,2024-03-09 20:00:00+00:00,2024-03-10 04:00:00+00:00,42.926,43.594,43.594,stop,-0.015323209616002198,-0.016840555545213354,7.710732744665526,0.0015173459292111557,2
LINK,short,2024-03-09 16:00:00+00:00,2024-03-09 20:00:00+00:00,2024-03-10 08:00:00+00:00,19.906,20.056,20.345,timeout,-0.007479058635819769,-0.008775771102890961,6.536688716426203,0.0012967124670711927,3
SOL,long,2024-03-10 00:00:00+00:00,2024-03-10 04:00:00+00:00,2024-03-10 12:00:00+00:00,146.82,143.86,143.86,stop,-0.020160741043454444,-0.021336024313887036,6.000925858297193,0.0011752832704325922,2
BTC,long,2024-03-10 00:00:00+00:00,2024-03-10 04:00:00+00:00,2024-03-10 16:00:00+00:00,69172.8,69188.0,68203.7,timeout,0.0002197395508061195,-0.0007825701481083414,5.012959217987713,0.0010023096989144609,3
AVAX,short,2024-03-10 08:00:00+00:00,2024-03-10 12:00:00+00:00,2024-03-11 00:00:00+00:00,42.674,42.054,43.976,timeout,0.014742949541066253,0.01317927291263521,7.710732744665526,0.0015636766284310433,3
DOT,short,2024-03-10 08:00:00+00:00,2024-03-10 12:00:00+00:00,2024-03-11 00:00:00+00:00,10.413,10.259,10.568,timeout,0.01501120966955849,0.013176374381322242,9.046674492363598,0.0018348352882362473,3
XRP,short,2024-03-10 08:00:00+00:00,2024-03-10 12:00:00+00:00,2024-03-11 00:00:00+00:00,0.6191,0.6083,0.6281,timeout,0.017754397501233088,0.016586124013274306,5.742762706652812,0.001168273487958782,3
ADA,long,2024-03-11 12:00:00+00:00,2024-03-11 16:00:00+00:00,2024-03-12 04:00:00+00:00,0.7588,0.7581,0.7282,timeout,-0.0009225092250922939,-0.002916429646466212,9.988775255673833,0.001993920421373918,3
XRP,long,2024-03-11 12:00:00+00:00,2024-03-11 16:00:00+00:00,2024-03-12 04:00:00+00:00,0.6933,0.6897,0.6154,timeout,-0.005192557334487313,-0.0063344901659675434,5.742762706652812,0.0011419328314802302,3
BNB,long,2024-03-12 12:00:00+00:00,2024-03-12 16:00:00+00:00,2024-03-12 16:00:00+00:00,541.6,519.1,519.1,stop,-0.041543574593796206,-0.04278032013791622,6.455921962584254,0.0012367455441200104,0
XRP,long,2024-03-13 00:00:00+00:00,2024-03-13 04:00:00+00:00,2024-03-13 12:00:00+00:00,0.6995,0.6822,0.6822,stop,-0.024731951393852758,-0.025851455085153074,5.742762706652812,0.0011195036913003165,2
SOL,long,2024-03-13 12:00:00+00:00,2024-03-13 16:00:00+00:00,2024-03-14 04:00:00+00:00,157.29,167.5,149.78,timeout,0.06491194608684592,0.06363462107329987,6.000925858297193,0.001277325013546049,3
ADA,long,2024-03-14 04:00:00+00:00,2024-03-14 08:00:00+00:00,2024-03-14 12:00:00+00:00,0.7835,0.7441,0.7441,stop,-0.050287172941927194,-0.05218257326652376,9.988775255673833,0.0018954003245965634,1
LINK,long,2024-03-13 20:00:00+00:00,2024-03-14 00:00:00+00:00,2024-03-14 12:00:00+00:00,20.757,21.624,20.26,timeout,0.041769041769041726,0.04040798745978558,6.536688716426203,0.001361054309256149,3
ADA,short,2024-03-15 00:00:00+00:00,2024-03-15 04:00:00+00:00,2024-03-15 16:00:00+00:00,0.7207,0.7173,0.7648,timeout,0.0047399972117663225,0.0027347757778832804,9.988775255673833,0.002005221433883042,3
BTC,short,2024-03-15 00:00:00+00:00,2024-03-15 04:00:00+00:00,2024-03-15 16:00:00+00:00,68238.6,68166.2,72442.3,timeout,0.0010621099606551443,5.895613119788479e-05,5.012959217987713,0.0010031538294572595,3
DOT,short,2024-03-15 00:00:00+00:00,2024-03-15 04:00:00+00:00,2024-03-15 16:00:00+00:00,10.777,10.415,11.71,timeout,0.034757561209793675,0.032887030451128396,9.046674492363598,0.0018705307586652786,3
ETH,short,2024-03-15 00:00:00+00:00,2024-03-15 04:00:00+00:00,2024-03-15 16:00:00+00:00,3723.57,3690.35,3938.93,timeout,0.009001856192502045,0.00798490678300623,5.041924062981029,0.0010169494094958154,3
XRP,short,2024-03-15 00:00:00+00:00,2024-03-15 04:00:00+00:00,2024-03-15 16:00:00+00:00,0.6366,0.6273,0.6765,timeout,0.01482544237207084,0.0136605310121789,5.742762706652812,0.0011649113598919403,3
ADA,long,2024-03-16 04:00:00+00:00,2024-03-16 08:00:00+00:00,2024-03-16 12:00:00+00:00,0.734,0.7076,0.7076,stop,-0.03596730245231605,-0.037891281823547396,9.988775255673833,0.0019239793712313435,1
BNB,long,2024-03-15 20:00:00+00:00,2024-03-16 00:00:00+00:00,2024-03-16 12:00:00+00:00,635.0,608.8,581.6,timeout,-0.041259842519685064,-0.04249695417787036,6.455921962584254,0.001237111658185297,3
AVAX,long,2024-03-16 04:00:00+00:00,2024-03-16 08:00:00+00:00,2024-03-16 16:00:00+00:00,60.654,55.201,55.201,stop,-0.08990338642134077,-0.09130580740382765,7.710732744665526,0.001402420982486885,2
XRP,short,2024-03-16 08:00:00+00:00,2024-03-16 12:00:00+00:00,2024-03-17 00:00:00+00:00,0.6303,0.6031,0.6428,timeout,0.04510031503896528,0.043900651354568776,5.742762706652812,0.0011996636843965014,3
LINK,short,2024-03-17 04:00:00+00:00,2024-03-17 08:00:00+00:00,2024-03-17 08:00:00+00:00,17.669,18.417,18.417,stop,-0.04061464950860627,-0.041868070865134666,6.536688716426203,0.0012534213565283947,0
AVAX,long,2024-03-18 00:00:00+00:00,2024-03-18 04:00:00+00:00,2024-03-18 16:00:00+00:00,60.528,61.768,55.265,timeout,0.020486386465767836,0.018913859440209402,7.710732744665526,0.0015725270255584345,3
LINK,long,2024-03-18 00:00:00+00:00,2024-03-18 04:00:00+00:00,2024-03-18 16:00:00+00:00,18.912,18.598,18.201,timeout,-0.016603214890016926,-0.017888006795341416,6.536688716426203,0.0012847919053244894,3
SOL,long,2024-03-18 08:00:00+00:00,2024-03-18 12:00:00+00:00,2024-03-18 16:00:00+00:00,208.11,198.3,198.3,stop,-0.0471385325068473,-0.04828145685035379,6.000925858297193,0.0011429243435064906,1
BNB,short,2024-03-19 00:00:00+00:00,2024-03-19 04:00:00+00:00,2024-03-19 16:00:00+00:00,534.1,529.3,560.6,timeout,0.009068581144908494,0.0077665281372159,6.455921962584254,0.001302053007692594,3
BTC,short,2024-03-19 00:00:00+00:00,2024-03-19 04:00:00+00:00,2024-03-19 16:00:00+00:00,65884.0,64054.1,68144.5,timeout,0.028568038579887878,0.027537321348167554,5.012959217987713,0.001030717231720324,3
XRP,long,2024-03-20 04:00:00+00:00,2024-03-20 08:00:00+00:00,2024-03-20 16:00:00+00:00,0.5951,0.5682,0.5682,stop,-0.045202486976978484,-0.0462984926769513,5.742762706652812,0.001096005699972813,2
ADA,long,2024-03-20 04:00:00+00:00,2024-03-20 08:00:00+00:00,2024-03-20 20:00:00+00:00,0.609,0.6318,0.5568,timeout,0.03743842364532024,0.03536794394987641,9.988775255673833,0.0020704796954438276,3
BNB,long,2024-03-20 04:00:00+00:00,2024-03-20 08:00:00+00:00,2024-03-20 20:00:00+00:00,531.9,540.9,499.8,timeout,0.016920473773265554,0.015608289065306202,6.455921962584254,0.0013121847079593518,3
DOT,long,2024-03-20 04:00:00+00:00,2024-03-20 08:00:00+00:00,2024-03-20 20:00:00+00:00,9.083,9.285,8.485,timeout,0.022239348232962586,0.02039144664203163,9.046674492363598,0.001847901590930956,3
LINK,long,2024-03-20 04:00:00+00:00,2024-03-20 08:00:00+00:00,2024-03-20 20:00:00+00:00,17.333,18.08,16.257,timeout,0.04309698263428152,0.04173419339188311,6.536688716426203,0.00136278924239841,3
AVAX,long,2024-03-20 16:00:00+00:00,2024-03-20 20:00:00+00:00,2024-03-21 08:00:00+00:00,55.375,54.428,50.5,timeout,-0.017101580135440275,-0.01861618566973744,7.710732744665526,0.0015146055342971643,3
BTC,long,2024-03-20 16:00:00+00:00,2024-03-20 20:00:00+00:00,2024-03-21 08:00:00+00:00,65808.5,66984.2,62028.8,timeout,0.017865473305120005,0.016845481001686924,5.012959217987713,0.0010199923034330816,3
SOL,long,2024-03-20 16:00:00+00:00,2024-03-20 20:00:00+00:00,2024-03-21 08:00:00+00:00,182.67,188.61,165.5,timeout,0.032517654787321604,0.03127918560474341,6.000925858297193,0.0012384691825781946,3
BNB,short,2024-03-21 16:00:00+00:00,2024-03-21 20:00:00+00:00,2024-03-22 00:00:00+00:00,551.8,567.1,567.1,stop,-0.026979368718039298,-0.028234907204898296,6.455921962584254,0.001255538486858998,1
BTC,short,2024-03-21 12:00:00+00:00,2024-03-21 16:00:00+00:00,2024-03-22 04:00:00+00:00,66577.5,65975.8,67730.5,timeout,0.009120010670579104,0.00810878210342647,5.012959217987713,0.0010112285671526333,3
AVAX,short,2024-03-21 16:00:00+00:00,2024-03-21 20:00:00+00:00,2024-03-22 08:00:00+00:00,53.701,55.827,56.406,timeout,-0.03808193168180263,-0.039564207368049,7.710732744665526,0.0014822756862463704,3
DOT,short,2024-03-21 16:00:00+00:00,2024-03-21 20:00:00+00:00,2024-03-22 08:00:00+00:00,9.22,9.296,9.533,timeout,-0.008175559380378505,-0.009968479957064957,9.046674492363598,0.001792920576686452,3
BNB,short,2024-03-22 08:00:00+00:00,2024-03-22 12:00:00+00:00,2024-03-23 00:00:00+00:00,565.5,553.9,587.7,timeout,0.020942408376963373,0.019625033960251503,6.455921962584254,0.0013173744167118695,3
AVAX,short,2024-03-22 12:00:00+00:00,2024-03-22 16:00:00+00:00,2024-03-23 04:00:00+00:00,53.632,53.32,57.77,timeout,0.0058514628657164725,0.004301487647984992,7.710732744665526,0.0015499752177314807,3
SOL,long,2024-03-22 20:00:00+00:00,2024-03-23 00:00:00+00:00,2024-03-23 12:00:00+00:00,175.12,175.9,168.16,timeout,0.004454088624942898,0.003249280718454317,6.000925858297193,0.0012048079064885808,3
ADA,long,2024-03-23 12:00:00+00:00,2024-03-23 16:00:00+00:00,2024-03-24 04:00:00+00:00,0.6329,0.6272,0.6177,timeout,-0.009006162110918092,-0.010983949488842182,9.988775255673833,0.0019777873779240895,3
SOL,short,2024-03-24 00:00:00+00:00,2024-03-24 04:00:00+00:00,2024-03-24 16:00:00+00:00,171.81,176.27,177.5,timeout,-0.025302093379474755,-0.026471209775767002,6.000925858297193,0.0011691163962922468,3
XRP,long,2024-03-24 04:00:00+00:00,2024-03-24 08:00:00+00:00,2024-03-24 20:00:00+00:00,0.6271,0.6299,0.6131,timeout,0.004464997608037091,0.003311978933621118,5.742762706652812,0.0011530186744159732,3
ADA,long,2024-03-25 12:00:00+00:00,2024-03-25 16:00:00+00:00,2024-03-26 04:00:00+00:00,0.6616,0.6661,0.6379,timeout,0.006801692865779918,0.004792356779024898,9.988775255673833,0.0020093360867550203,3
BNB,long,2024-03-25 12:00:00+00:00,2024-03-25 16:00:00+00:00,2024-03-26 04:00:00+00:00,593.1,592.8,573.9,timeout,-0.0005058168942844166,-0.001795515564524841,6.455921962584254,0.0012896986702404245,3
ETH,long,2024-03-25 12:00:00+00:00,2024-03-25 16:00:00+00:00,2024-03-26 04:00:00+00:00,3582.43,3625.57,3428.0,timeout,0.012042105498223377,0.011022091892445518,5.041924062981029,0.0010200136057778586,3
BNB,short,2024-03-27 12:00:00+00:00,2024-03-27 16:00:00+00:00,2024-03-28 00:00:00+00:00,570.0,585.2,585.2,stop,-0.025974025974026094,-0.027230861706253773,6.455921962584254,0.001256835732227679,2
ADA,short,2024-03-27 12:00:00+00:00,2024-03-27 16:00:00+00:00,2024-03-28 04:00:00+00:00,0.6339,0.6401,0.6664,timeout,-0.009685986564599292,-0.011662417175031803,9.988775255673833,0.0019764306104325113,3
AVAX,short,2024-03-27 12:00:00+00:00,2024-03-27 16:00:00+00:00,2024-03-28 04:00:00+00:00,53.334,53.732,55.479,timeout,-0.007407131690612578,-0.008936675966258467,7.710732744665526,0.0015295442756458888,3
BTC,short,2024-03-27 12:00:00+00:00,2024-03-27 16:00:00+00:00,2024-03-28 04:00:00+00:00,68887.9,69312.1,71842.0,timeout,-0.006120143524723898,-0.007116100093375599,5.012959217987713,0.0009959565686517013,3
DOT,short,2024-03-28 00:00:00+00:00,2024-03-28 04:00:00+00:00,2024-03-28 04:00:00+00:00,9.367,9.52,9.52,stop,-0.016071428571428403,-0.017850075789077047,9.046674492363598,0.0017786472176486434,0
ETH,short,2024-03-27 12:00:00+00:00,2024-03-27 16:00:00+00:00,2024-03-28 04:00:00+00:00,3514.81,3497.51,3671.5,timeout,0.004946376136165442,0.003933514150318063,5.041924062981029,0.0010128619858473797,3
LINK,short,2024-03-27 12:00:00+00:00,2024-03-27 16:00:00+00:00,2024-03-28 04:00:00+00:00,19.151,19.203,19.979,timeout,-0.002707910222361054,-0.004010856117234285,6.536688716426203,0.0013029458948732309,3
SOL,short,2024-03-27 12:00:00+00:00,2024-03-27 16:00:00+00:00,2024-03-28 04:00:00+00:00,181.2,182.23,191.3,timeout,-0.005652197772046286,-0.0068448835378672745,6.000925858297193,0.0011926857658209888,3
XRP,short,2024-03-27 12:00:00+00:00,2024-03-27 16:00:00+00:00,2024-03-28 04:00:00+00:00,0.6112,0.6095,0.6301,timeout,0.002789171452009631,0.0016380764472663234,5.742762706652812,0.0011510950047433077,3
ADA,long,2024-03-28 12:00:00+00:00,2024-03-28 16:00:00+00:00,2024-03-29 00:00:00+00:00,0.6553,0.6434,0.6434,stop,-0.01815962154738293,-0.02011914080309929,9.988775255673833,0.0019595192557163577,2
AVAX,short,2024-03-29 12:00:00+00:00,2024-03-29 16:00:00+00:00,2024-03-30 04:00:00+00:00,53.085,53.331,54.153,timeout,-0.004612701805704056,-0.006146552181434561,7.710732744665526,0.0015338503757305055,3
BTC,short,2024-03-29 12:00:00+00:00,2024-03-29 16:00:00+00:00,2024-03-30 04:00:00+00:00,69202.2,69809.9,70669.0,timeout,-0.008705069051810677,-0.009698435293732932,5.012959217987713,0.0009933662419222555,3
ADA,long,2024-03-29 20:00:00+00:00,2024-03-30 00:00:00+00:00,2024-03-30 12:00:00+00:00,0.6648,0.6582,0.6422,timeout,-0.009927797833934937,-0.01190374584673859,9.988775255673833,0.001975948012803652,3
DOT,short,2024-03-30 04:00:00+00:00,2024-03-30 08:00:00+00:00,2024-03-30 20:00:00+00:00,9.519,9.499,9.705,timeout,0.0021054847878723137,0.0002939791724589913,9.046674492363598,0.0018115056154133224,3
BTC,short,2024-03-30 16:00:00+00:00,2024-03-30 20:00:00+00:00,2024-03-31 04:00:00+00:00,69922.6,70333.0,70333.0,stop,-0.0058350987445436875,-0.006831340953576737,5.012959217987713,0.0009962422090330492,2
XRP,long,2024-03-31 16:00:00+00:00,2024-03-31 20:00:00+00:00,2024-04-01 04:00:00+00:00,0.6291,0.6249,0.6249,stop,-0.0066762041010968165,-0.007816433864344385,5.742762706652812,0.0011402297632475689,2
DOT,short,2024-04-01 04:00:00+00:00,2024-04-01 08:00:00+00:00,2024-04-01 20:00:00+00:00,9.34,9.158,9.749,timeout,0.019873334789255237,0.018029710239718,9.046674492363598,0.0018436245495372372,3
AVAX,short,2024-04-01 12:00:00+00:00,2024-04-01 16:00:00+00:00,2024-04-02 04:00:00+00:00,51.297,47.939,53.399,timeout,0.07004735184296695,0.06839845343362327,7.710732744665526,0.0016488984093436798,3
BNB,short,2024-04-01 12:00:00+00:00,2024-04-01 16:00:00+00:00,2024-04-02 04:00:00+00:00,574.4,561.2,593.4,timeout,0.023521026372059772,0.022200324632132284,6.455921962584254,0.0013207017399274878,3
BTC,short,2024-04-01 12:00:00+00:00,2024-04-01 16:00:00+00:00,2024-04-02 04:00:00+00:00,68244.5,66711.8,70122.5,timeout,0.022974945961584003,0.02194983350924984,5.012959217987713,0.0010251124523341648,3
ETH,short,2024-04-01 12:00:00+00:00,2024-04-01 16:00:00+00:00,2024-04-02 04:00:00+00:00,3443.79,3366.62,3572.41,timeout,0.0229220999102957,0.021891120612210546,5.041924062981029,0.001030979298085155,3
XRP,short,2024-04-02 00:00:00+00:00,2024-04-02 04:00:00+00:00,2024-04-02 16:00:00+00:00,0.5953,0.5815,0.6187,timeout,0.023731728288908016,0.02255659346278649,5.742762706652812,0.0011751348261215266,3
AVAX,long,2024-04-03 00:00:00+00:00,2024-04-03 04:00:00+00:00,2024-04-03 16:00:00+00:00,47.667,46.269,45.145,timeout,-0.029328466234501915,-0.030824230646482986,7.710732744665526,0.001495764411981071,3
BNB,long,2024-04-03 00:00:00+00:00,2024-04-03 04:00:00+00:00,2024-04-03 16:00:00+00:00,560.3,556.5,539.2,timeout,-0.006782081028020581,-0.008063681112352117,6.455921962584254,0.0012816000843315356,3
BTC,long,2024-04-03 00:00:00+00:00,2024-04-03 04:00:00+00:00,2024-04-03 16:00:00+00:00,66233.0,65848.3,64425.0,timeout,-0.00580828288013524,-0.006804551961064664,5.012959217987713,0.000996269080929424,3
ETH,long,2024-04-03 00:00:00+00:00,2024-04-03 04:00:00+00:00,2024-04-03 16:00:00+00:00,3315.9,3329.0,3200.1,timeout,0.003950661962061508,0.002938803533279133,5.041924062981029,0.001011858428782375,3
SOL,long,2024-04-03 00:00:00+00:00,2024-04-03 04:00:00+00:00,2024-04-03 16:00:00+00:00,188.45,189.04,176.87,timeout,0.0031308039267710086,0.0019275832544678462,6.000925858297193,0.0012032206723031624,3
XRP,short,2024-04-03 08:00:00+00:00,2024-04-03 12:00:00+00:00,2024-04-04 00:00:00+00:00,0.5827,0.5743,0.593,timeout,0.01462650182831271,0.013461818830944772,5.742762706652812,0.0011646829973679385,3
ADA,short,2024-04-04 00:00:00+00:00,2024-04-04 04:00:00+00:00,2024-04-04 04:00:00+00:00,0.5664,0.5779,0.5779,stop,-0.01989963661533134,-0.02185568321591369,9.988775255673833,0.0019560466005823507,0
ETH,short,2024-04-04 00:00:00+00:00,2024-04-04 04:00:00+00:00,2024-04-04 04:00:00+00:00,3274.72,3334.63,3334.63,stop,-0.01796601122163488,-0.01895578034729517,5.041924062981029,0.0009897691256602892,0
SOL,short,2024-04-04 00:00:00+00:00,2024-04-04 04:00:00+00:00,2024-04-04 12:00:00+00:00,181.59,187.42,187.42,stop,-0.031106605485006877,-0.03226875956997266,6.000925858297193,0.001162154084965783,2
BTC,long,2024-04-05 12:00:00+00:00,2024-04-05 16:00:00+00:00,2024-04-06 04:00:00+00:00,68208.7,67800.1,65931.4,timeout,-0.005990438169910739,-0.00698652471493677,5.012959217987713,0.0009960865450260314,3
ETH,long,2024-04-05 12:00:00+00:00,2024-04-05 16:00:00+00:00,2024-04-06 04:00:00+00:00,3327.13,3331.74,3208.0,timeout,0.0013855785617031824,0.00037630542058253447,5.041924062981029,0.001009273141120648,3
LINK,long,2024-04-05 12:00:00+00:00,2024-04-05 16:00:00+00:00,2024-04-06 04:00:00+00:00,17.494,17.37,16.858,timeout,-0.007088144506687932,-0.008385367696710944,6.536688716426203,0.0012972231900230113,3
DOT,long,2024-04-06 00:00:00+00:00,2024-04-06 04:00:00+00:00,2024-04-06 12:00:00+00:00,8.449,8.335,8.335,stop,-0.013492721032074662,-0.015276029778134137,9.046674492363598,0.0017833087460594754,2
ADA,long,2024-04-06 00:00:00+00:00,2024-04-06 04:00:00+00:00,2024-04-06 16:00:00+00:00,0.5806,0.5839,0.5714,timeout,0.0056837754047536215,0.0036766704146604656,9.988775255673833,0.002007104990093156,3
AVAX,long,2024-04-06 00:00:00+00:00,2024-04-06 04:00:00+00:00,2024-04-06 16:00:00+00:00,46.649,48.124,45.045,timeout,0.031619112949902384,0.030029430856430395,7.710732744665526,0.001589682093471989,3
XRP,long,2024-04-06 12:00:00+00:00,2024-04-06 16:00:00+00:00,2024-04-07 04:00:00+00:00,0.5942,0.5949,0.5868,timeout,0.0011780545270954068,2.8808912729161307e-05,5.742762706652812,0.0011492456143662455,3
AVAX,short,2024-04-07 12:00:00+00:00,2024-04-07 16:00:00+00:00,2024-04-07 16:00:00+00:00,48.248,48.883,48.883,stop,-0.012990201092404452,-0.014511142090597118,7.710732744665526,0.0015209409981926658,0
BNB,short,2024-04-07 12:00:00+00:00,2024-04-07 16:00:00+00:00,2024-04-08 04:00:00+00:00,584.2,581.5,589.2,timeout,0.0046431642304385345,0.003346821565443747,6.455921962584254,0.0012963426649947873,3
BTC,short,2024-04-07 16:00:00+00:00,2024-04-07 20:00:00+00:00,2024-04-08 04:00:00+00:00,69073.3,70345.0,70345.0,stop,-0.01807804392636292,-0.01906201760857751,5.012959217987713,0.0009839736822145895,2
LINK,short,2024-04-07 16:00:00+00:00,2024-04-07 20:00:00+00:00,2024-04-08 04:00:00+00:00,17.62,17.969,17.969,stop,-0.019422338471812628,-0.02070344723802897,6.536688716426203,0.0012811087662163434,2
ADA,short,2024-04-07 16:00:00+00:00,2024-04-07 20:00:00+00:00,2024-04-08 08:00:00+00:00,0.584,0.5949,0.5973,timeout,-0.018322407127248308,-0.02028160150176672,9.988775255673833,0.0019591943745184137,3
SOL,short,2024-04-07 16:00:00+00:00,2024-04-07 20:00:00+00:00,2024-04-08 08:00:00+00:00,178.36,180.12,182.65,timeout,-0.009771263602043057,-0.010959008690997418,6.000925858297193,0.0011877450889543617,3
AVAX,long,2024-04-07 20:00:00+00:00,2024-04-08 00:00:00+00:00,2024-04-08 12:00:00+00:00,49.321,50.437,47.898,timeout,0.022627278441232024,0.021051452390292047,7.710732744665526,0.0015758260509399769,3
XRP,short,2024-04-09 04:00:00+00:00,2024-04-09 08:00:00+00:00,2024-04-09 08:00:00+00:00,0.6083,0.621,0.621,stop,-0.02045088566827702,-0.021575303566383708,5.742762706652812,0.0011244178981066888,0
DOT,short,2024-04-09 00:00:00+00:00,2024-04-09 04:00:00+00:00,2024-04-09 16:00:00+00:00,8.976,8.873,9.111,timeout,0.011608249746421828,0.00977956598724461,9.046674492363598,0.0018286837591772187,3
SOL,short,2024-04-09 12:00:00+00:00,2024-04-09 16:00:00+00:00,2024-04-09 16:00:00+00:00,172.48,176.57,176.57,stop,-0.023163617828623195,-0.024335299252307485,6.000925858297193,0.0011716814236842898,0
BTC,short,2024-04-09 12:00:00+00:00,2024-04-09 16:00:00+00:00,2024-04-10 04:00:00+00:00,69274.7,69165.5,70983.5,timeout,0.0015788218114523023,0.0005751501904744938,5.012959217987713,0.0010036716209778085,3
AVAX,short,2024-04-10 12:00:00+00:00,2024-04-10 16:00:00+00:00,2024-04-10 16:00:00+00:00,46.61,47.642,47.642,stop,-0.021661559128500096,-0.02316913792505948,7.710732744665526,0.0015075787965593834,0
BNB,long,2024-04-10 12:00:00+00:00,2024-04-10 16:00:00+00:00,2024-04-11 04:00:00+00:00,593.5,616.6,573.9,timeout,0.0389216512215671,0.03758107726454707,6.455921962584254,0.0013405739570200303,3
ADA,long,2024-04-11 04:00:00+00:00,2024-04-11 08:00:00+00:00,2024-04-11 08:00:00+00:00,0.5916,0.583,0.583,stop,-0.01453684922244769,-0.016503598667801267,9.988775255673833,0.001966749445353577,0
LINK,long,2024-04-11 04:00:00+00:00,2024-04-11 08:00:00+00:00,2024-04-11 08:00:00+00:00,17.512,17.326,17.326,stop,-0.010621288259479167,-0.0119138954546536,6.536688716426203,0.0012926071951744333,0
ETH,short,2024-04-11 08:00:00+00:00,2024-04-11 12:00:00+00:00,2024-04-12 00:00:00+00:00,3523.39,3502.94,3618.1,timeout,0.005837953262116891,0.00482419267650358,5.041924062981029,0.0010137605856133103,3
XRP,short,2024-04-11 08:00:00+00:00,2024-04-11 12:00:00+00:00,2024-04-12 00:00:00+00:00,0.609,0.6087,0.6216,timeout,0.0004928536224739766,-0.0006556054543415124,5.742762706652812,0.001148459076815489,3
ADA,short,2024-04-12 04:00:00+00:00,2024-04-12 08:00:00+00:00,2024-04-12 20:00:00+00:00,0.5817,0.4816,0.5924,timeout,0.20784883720930236,0.20543825896619095,9.988775255673833,0.0024105782431114164,3
DOT,short,2024-04-12 12:00:00+00:00,2024-04-12 16:00:00+00:00,2024-04-13 04:00:00+00:00,8.128,7.144,8.464,timeout,0.1377379619260919,0.13568127354529325,9.046674492363598,0.0020566883807986436,3
LINK,short,2024-04-13 12:00:00+00:00,2024-04-13 16:00:00+00:00,2024-04-14 04:00:00+00:00,14.887,13.102,15.292,timeout,0.136238742176767,0.13475426474042718,6.536688716426203,0.0014844774363398372,3
BTC,long,2024-04-15 04:00:00+00:00,2024-04-15 08:00:00+00:00,2024-04-15 12:00:00+00:00,66251.6,64688.0,64688.0,stop,-0.02360093944900965,-0.024579378695610332,5.012959217987713,0.000978439246600682,1
SOL,long,2024-04-15 04:00:00+00:00,2024-04-15 08:00:00+00:00,2024-04-15 12:00:00+00:00,153.75,146.05,146.05,stop,-0.0500813008130081,-0.051220695407805605,6.000925858297193,0.0011393945947975048,1
AVAX,long,2024-04-15 04:00:00+00:00,2024-04-15 08:00:00+00:00,2024-04-15 16:00:00+00:00,37.753,35.506,35.506,stop,-0.059518448864990914,-0.06096769177093597,7.710732744665526,0.0014492429059450584,2
LINK,long,2024-04-15 04:00:00+00:00,2024-04-15 08:00:00+00:00,2024-04-15 16:00:00+00:00,14.413,13.701,13.701,stop,-0.04939984736002223,-0.050641790998444236,6.536688716426203,0.001241943638422005,2
ADA,long,2024-04-16 04:00:00+00:00,2024-04-16 08:00:00+00:00,2024-04-16 12:00:00+00:00,0.4739,0.4454,0.4454,stop,-0.060139269888161984,-0.06201500777668545,9.988775255673833,0.0018757378885234655,1
AVAX,long,2024-04-16 04:00:00+00:00,2024-04-16 08:00:00+00:00,2024-04-16 12:00:00+00:00,35.691,33.659,33.659,stop,-0.05693312039449727,-0.05838634718395497,7.710732744665526,0.0014532267894576956,1
DOT,long,2024-04-16 04:00:00+00:00,2024-04-16 08:00:00+00:00,2024-04-16 12:00:00+00:00,6.763,6.425,6.425,stop,-0.04997782049386368,-0.05169517514271749,9.046674492363598,0.0017173546488538083,1
LINK,long,2024-04-16 04:00:00+00:00,2024-04-16 08:00:00+00:00,2024-04-16 12:00:00+00:00,13.692,12.973,12.973,stop,-0.05251241600934853,-0.05375029312745461,6.536688716426203,0.0012378771181060788,1
SOL,short,2024-04-16 00:00:00+00:00,2024-04-16 04:00:00+00:00,2024-04-16 16:00:00+00:00,134.63,127.6,140.72,timeout,0.05509404388714745,0.053828495107407504,6.000925858297193,0.0012655487797399445,3
XRP,long,2024-04-16 04:00:00+00:00,2024-04-16 08:00:00+00:00,2024-04-16 20:00:00+00:00,0.4987,0.4915,0.4754,timeout,-0.014437537597754124,-0.015568858178022449,5.742762706652812,0.0011313205802683246,3
BTC,short,2024-04-17 04:00:00+00:00,2024-04-17 08:00:00+00:00,2024-04-17 20:00:00+00:00,63297.3,61020.9,64540.7,timeout,0.03730525115165473,0.0362657784509548,5.012959217987713,0.0010394727006999283,3
BNB,short,2024-04-17 08:00:00+00:00,2024-04-17 12:00:00+00:00,2024-04-18 00:00:00+00:00,532.1,534.1,547.7,timeout,-0.003744617112900195,-0.005030136592900636,6.455921962584254,0.001285519480000441,3
LINK,short,2024-04-17 08:00:00+00:00,2024-04-17 12:00:00+00:00,2024-04-18 00:00:00+00:00,13.233,13.133,13.606,timeout,0.00761440645701672,0.00629797462328896,6.536688716426203,0.0013164318337277603,3
AVAX,long,2024-04-17 16:00:00+00:00,2024-04-17 20:00:00+00:00,2024-04-18 08:00:00+00:00,34.188,33.339,32.23,timeout,-0.02483327483327491,-0.0263359661480127,7.710732744665526,0.0015026913147377918,3
DOT,long,2024-04-17 16:00:00+00:00,2024-04-17 20:00:00+00:00,2024-04-18 08:00:00+00:00,6.626,6.525,6.325,timeout,-0.015242982191367327,-0.01702312699114905,9.046674492363598,0.0017801447997817244,3
SOL,short,2024-04-18 04:00:00+00:00,2024-04-18 08:00:00+00:00,2024-04-18 08:00:00+00:00,129.45,136.86,136.86,stop,-0.05414291977203001,-0.05527744259549383,6.000925858297193,0.0011345228234638238,0
XRP,long,2024-04-17 16:00:00+00:00,2024-04-17 20:00:00+00:00,2024-04-18 08:00:00+00:00,0.4991,0.4901,0.4715,timeout,-0.01803245842516532,-0.01915965241978168,5.742762706652812,0.00112719399461636,3
ETH,long,2024-04-18 00:00:00+00:00,2024-04-18 04:00:00+00:00,2024-04-18 16:00:00+00:00,3025.26,3068.77,2951.0,timeout,0.01438223491534596,0.013359862747773343,5.041924062981029,0.001022372167572616,3
SOL,long,2024-04-19 12:00:00+00:00,2024-04-19 16:00:00+00:00,2024-04-19 20:00:00+00:00,146.16,141.66,141.66,stop,-0.030788177339901468,-0.031950713368403716,6.000925858297193,0.001162536028502248,1
BNB,short,2024-04-19 20:00:00+00:00,2024-04-20 00:00:00+00:00,2024-04-20 04:00:00+00:00,553.7,562.0,562.0,stop,-0.014768683274021255,-0.016039977835348718,6.455921962584254,0.0012712945613274629,1
ADA,long,2024-04-22 00:00:00+00:00,2024-04-22 04:00:00+00:00,2024-04-22 16:00:00+00:00,0.5074,0.5157,0.4947,timeout,0.01635790303508089,0.014329495031699002,9.988775255673833,0.0020284080033818874,3
AVAX,long,2024-04-22 00:00:00+00:00,2024-04-22 04:00:00+00:00,2024-04-22 16:00:00+00:00,38.068,39.011,36.761,timeout,0.02477146159504051,0.023192331447150716,7.710732744665526,0.0015791301478897957,3
ETH,long,2024-04-22 00:00:00+00:00,2024-04-22 04:00:00+00:00,2024-04-22 16:00:00+00:00,3190.01,3183.75,3128.09,timeout,-0.0019623762934912747,-0.0029682751090922554,5.041924062981029,0.0010058988156009807,3
AVAX,short,2024-04-23 00:00:00+00:00,2024-04-23 04:00:00+00:00,2024-04-23 16:00:00+00:00,38.868,38.971,39.924,timeout,-0.0026429909419823927,-0.004179876560129414,7.710732744665526,0.0015368856181470214,3
BTC,long,2024-04-23 12:00:00+00:00,2024-04-23 16:00:00+00:00,2024-04-24 04:00:00+00:00,66416.0,66624.4,65810.0,timeout,0.0031377981209346206,0.002132564266166037,5.012959217987713,0.0010052338547685835,3
XRP,short,2024-04-24 08:00:00+00:00,2024-04-24 12:00:00+00:00,2024-04-25 00:00:00+00:00,0.5447,0.5275,0.5519,timeout,0.03260663507109007,0.031421312798638246,5.742762706652812,0.0011853222724518275,3
ETH,short,2024-04-24 12:00:00+00:00,2024-04-24 16:00:00+00:00,2024-04-25 04:00:00+00:00,3175.93,3148.1,3293.88,timeout,0.008840252850925934,0.007823466317664396,5.041924062981029,0.0010167865332615378,3
LINK,short,2024-04-24 12:00:00+00:00,2024-04-24 16:00:00+00:00,2024-04-25 04:00:00+00:00,14.726,14.546,15.645,timeout,0.0123745359549019,0.01105188508940591,6.536688716426203,0.001322650865495989,3
SOL,short,2024-04-24 12:00:00+00:00,2024-04-24 16:00:00+00:00,2024-04-25 04:00:00+00:00,151.54,146.06,159.66,timeout,0.037518827878953775,0.036274359962385816,6.000925858297193,0.0012444679165679595,3
SOL,long,2024-04-25 12:00:00+00:00,2024-04-25 16:00:00+00:00,2024-04-26 00:00:00+00:00,147.76,142.02,142.02,stop,-0.038846778559826656,-0.039999648575143265,6.000925858297193,0.0011528700153166094,2
AVAX,long,2024-04-25 12:00:00+00:00,2024-04-25 16:00:00+00:00,2024-04-26 04:00:00+00:00,35.64,35.472,34.687,timeout,-0.00471380471380467,-0.006247499294164016,7.710732744665526,0.001533694580359346,3
DOT,long,2024-04-25 12:00:00+00:00,2024-04-25 16:00:00+00:00,2024-04-26 04:00:00+00:00,6.916,6.842,6.702,timeout,-0.010699826489300235,-0.01248818394951634,9.046674492363598,0.0017883574602161056,3
LINK,short,2024-04-25 20:00:00+00:00,2024-04-26 00:00:00+00:00,2024-04-26 04:00:00+00:00,14.593,14.859,14.859,stop,-0.01790160845278954,-0.019184704028041955,6.536688716426203,0.0012830955752524131,1
ETH,short,2024-04-26 08:00:00+00:00,2024-04-26 12:00:00+00:00,2024-04-26 12:00:00+00:00,3129.06,3158.47,3158.47,stop,-0.009311470427137092,-0.010309962262370465,5.041924062981029,0.0009984918352333727,0
BTC,short,2024-04-26 12:00:00+00:00,2024-04-26 16:00:00+00:00,2024-04-27 04:00:00+00:00,63497.7,63074.3,64823.0,timeout,0.006712718175231336,0.00570390193061221,5.012959217987713,0.0010088162446191262,3
DOT,short,2024-04-26 12:00:00+00:00,2024-04-26 16:00:00+00:00,2024-04-27 04:00:00+00:00,6.809,6.715,6.953,timeout,0.013998510796723762,0.012165506163765771,9.046674492363598,0.0018330046329579908,3
BNB,short,2024-04-28 20:00:00+00:00,2024-04-29 00:00:00+00:00,2024-04-29 12:00:00+00:00,599.9,584.2,606.9,timeout,0.02687435809654226,0.025549329380490926,6.455921962584254,0.0013250287160513352,3
DOT,long,2024-04-29 12:00:00+00:00,2024-04-29 16:00:00+00:00,2024-04-30 00:00:00+00:00,6.629,6.466,6.466,stop,-0.024588927440036157,-0.026352177578969904,9.046674492363598,0.0017632501389337474,2
BTC,long,2024-04-29 12:00:00+00:00,2024-04-29 16:00:00+00:00,2024-04-30 04:00:00+00:00,63038.3,63668.1,61787.6,timeout,0.009990751654153085,0.008978650526603404,5.012959217987713,0.0010121011275496805,3
AVAX,long,2024-04-29 20:00:00+00:00,2024-04-30 00:00:00+00:00,2024-04-30 08:00:00+00:00,35.283,34.127,34.127,stop,-0.03276365388430691,-0.03425412481517065,7.710732744665526,0.001490470930863741,2
XRP,long,2024-05-01 00:00:00+00:00,2024-05-01 04:00:00+00:00,2024-05-01 04:00:00+00:00,0.5034,0.4958,0.4958,stop,-0.015097338100913626,-0.016227901300583047,5.742762706652812,0.001130563199669421,0
DOT,short,2024-05-01 04:00:00+00:00,2024-05-01 08:00:00+00:00,2024-05-01 12:00:00+00:00,6.294,6.559,6.559,stop,-0.04040250038115578,-0.04213716433169179,9.046674492363598,0.0017346639505360084,1
ADA,short,2024-05-01 04:00:00+00:00,2024-05-01 08:00:00+00:00,2024-05-01 16:00:00+00:00,0.4278,0.4445,0.4445,stop,-0.03757030371203596,-0.03949108387502098,9.988775255673833,0.0019207801629850252,2
LINK,short,2024-05-01 04:00:00+00:00,2024-05-01 08:00:00+00:00,2024-05-01 16:00:00+00:00,12.716,13.262,13.262,stop,-0.041170260895792565,-0.04242295635508042,6.536688716426203,0.0012526954592878559,2
DOT,long,2024-05-01 16:00:00+00:00,2024-05-01 20:00:00+00:00,2024-05-02 08:00:00+00:00,6.725,6.871,6.433,timeout,0.02171003717472142,0.01986309241914208,9.046674492363598,0.0018469447555793383,3
XRP,short,2024-05-02 20:00:00+00:00,2024-05-03 00:00:00+00:00,2024-05-03 08:00:00+00:00,0.518,0.5247,0.5247,stop,-0.012769201448446843,-0.013902437100659082,5.742762706652812,0.0011332356522122389,2
LINK,short,2024-05-03 04:00:00+00:00,2024-05-03 08:00:00+00:00,2024-05-03 12:00:00+00:00,13.504,13.813,13.813,stop,-0.02237023094186641,-0.023647488334516686,6.536688716426203,0.0012772573926502773,1
DOT,short,2024-05-04 08:00:00+00:00,2024-05-04 12:00:00+00:00,2024-05-05 00:00:00+00:00,7.136,7.122,7.241,timeout,0.0019657399606851644,0.00015448696193054445,9.046674492363598,0.00181125299875462,3
ETH,long,2024-05-04 08:00:00+00:00,2024-05-04 12:00:00+00:00,2024-05-05 00:00:00+00:00,3131.0,3117.34,3095.46,timeout,-0.004362823379112091,-0.005366302840148496,5.041924062981029,0.001003479461036405,3
ADA,short,2024-05-04 20:00:00+00:00,2024-05-05 00:00:00+00:00,2024-05-05 12:00:00+00:00,0.4631,0.4585,0.4709,timeout,0.010032715376226742,0.00801693093904321,9.988775255673833,0.002015784437183532,3
BNB,short,2024-05-04 20:00:00+00:00,2024-05-05 00:00:00+00:00,2024-05-05 12:00:00+00:00,584.9,586.4,591.7,timeout,-0.0025579809004092624,-0.0038450315580503824,6.455921962584254,0.00128705065764112,3
AVAX,long,2024-05-05 12:00:00+00:00,2024-05-05 16:00:00+00:00,2024-05-06 04:00:00+00:00,37.413,37.229,36.651,timeout,-0.00491807660438881,-0.006451456410271228,7.710732744665526,0.0015333798058824177,3
DOT,long,2024-05-05 12:00:00+00:00,2024-05-05 16:00:00+00:00,2024-05-06 04:00:00+00:00,7.245,7.249,7.014,timeout,0.0005521048999308498,-0.0012565926713865583,9.046674492363598,0.001808697571317408,3
LINK,long,2024-05-05 12:00:00+00:00,2024-05-05 16:00:00+00:00,2024-05-06 04:00:00+00:00,14.518,14.374,14.216,timeout,-0.009918721586995471,-0.011212246674100701,6.536688716426203,0.0012935250871052295,3
XRP,long,2024-05-06 12:00:00+00:00,2024-05-06 16:00:00+00:00,2024-05-07 04:00:00+00:00,0.5595,0.5387,0.5246,timeout,-0.03717605004468283,-0.03828126923810149,5.742762706652812,0.0011052191934186606,3
BNB,short,2024-05-07 00:00:00+00:00,2024-05-07 04:00:00+00:00,2024-05-07 08:00:00+00:00,586.5,593.9,593.9,stop,-0.012460010102710806,-0.013734283663585756,6.455921962584254,0.00127427356087495,1
ETH,short,2024-05-07 00:00:00+00:00,2024-05-07 04:00:00+00:00,2024-05-07 08:00:00+00:00,3049.2,3097.8,3097.8,stop,-0.015688553166763652,-0.016680617689216026,5.041924062981029,0.0009920645224523739,1
AVAX,short,2024-05-07 08:00:00+00:00,2024-05-07 12:00:00+00:00,2024-05-08 00:00:00+00:00,36.441,35.31,37.505,timeout,0.032030586236193814,0.030440270079522547,7.710732744665526,0.0015903161566712676,3
DOT,short,2024-05-08 08:00:00+00:00,2024-05-08 12:00:00+00:00,2024-05-08 12:00:00+00:00,6.952,7.127,7.127,stop,-0.024554511014452052,-0.026317823367942306,9.046674492363598,0.001763312353490254,0
XRP,long,2024-05-08 12:00:00+00:00,2024-05-08 16:00:00+00:00,2024-05-08 20:00:00+00:00,0.5276,0.5177,0.5177,stop,-0.018764215314632127,-0.01989056933039346,5.742762706652812,0.0011263540157613328,1
ADA,long,2024-05-08 12:00:00+00:00,2024-05-08 16:00:00+00:00,2024-05-09 04:00:00+00:00,0.4614,0.4633,0.4364,timeout,0.00411790203727791,0.002113922157012116,9.988775255673833,0.0020039798802657938,3
LINK,long,2024-05-08 12:00:00+00:00,2024-05-08 16:00:00+00:00,2024-05-09 04:00:00+00:00,14.002,14.0,13.687,timeout,-0.00014283673760895343,-0.0014491338592703684,6.536688716426203,0.001306297121661415,3
DOT,short,2024-05-09 04:00:00+00:00,2024-05-09 08:00:00+00:00,2024-05-09 20:00:00+00:00,6.923,7.038,7.069,timeout,-0.016339869281045805,-0.01811803123854927,9.046674492363598,0.0017781619575034657,3
XRP,short,2024-05-09 04:00:00+00:00,2024-05-09 08:00:00+00:00,2024-05-09 20:00:00+00:00,0.5158,0.5194,0.5236,timeout,-0.006931074316518959,-0.00807101151594558,5.742762706652812,0.0011399371994266216,3
DOT,long,2024-05-10 00:00:00+00:00,2024-05-10 04:00:00+00:00,2024-05-10 12:00:00+00:00,7.108,6.998,6.998,stop,-0.015475520540236265,-0.017255244980553752,9.046674492363598,0.0017797244403174872,2
ADA,short,2024-05-10 12:00:00+00:00,2024-05-10 16:00:00+00:00,2024-05-11 04:00:00+00:00,0.4494,0.4462,0.4666,timeout,0.007171671896010867,0.0051615974193401915,9.988775255673833,0.0020100744766706757,3
BNB,short,2024-05-10 12:00:00+00:00,2024-05-10 16:00:00+00:00,2024-05-11 04:00:00+00:00,585.8,583.6,596.8,timeout,0.003769705277587354,0.0024744896815329653,6.455921962584254,0.0012952155960543887,3
BTC,short,2024-05-10 12:00:00+00:00,2024-05-10 16:00:00+00:00,2024-05-11 04:00:00+00:00,60920.1,60730.8,63475.0,timeout,0.003117034519551698,0.0021118214717701367,5.012959217987713,0.0010052130477815613,3
LINK,short,2024-05-10 12:00:00+00:00,2024-05-10 16:00:00+00:00,2024-05-11 04:00:00+00:00,13.828,13.621,14.365,timeout,0.015197122090889081,0.013870783562514477,6.536688716426203,0.0013263385283746043,3
SOL,short,2024-05-10 12:00:00+00:00,2024-05-10 16:00:00+00:00,2024-05-11 04:00:00+00:00,146.92,143.68,155.47,timeout,0.02255011135857443,0.021323597899276514,6.000925858297193,0.0012265134592979177,3
ADA,short,2024-05-12 04:00:00+00:00,2024-05-12 08:00:00+00:00,2024-05-12 08:00:00+00:00,0.4382,0.4421,0.4421,stop,-0.008821533589685626,-0.010799689442109739,9.988775255673833,0.0019781558524241127,0
AVAX,short,2024-05-12 04:00:00+00:00,2024-05-12 08:00:00+00:00,2024-05-12 08:00:00+00:00,33.251,33.768,33.768,stop,-0.015310352996920296,-0.01682771873764599,7.710732744665526,0.0015173657407256957,0
ETH,short,2024-05-12 04:00:00+00:00,2024-05-12 08:00:00+00:00,2024-05-12 08:00:00+00:00,2908.48,2933.36,2933.36,stop,-0.00848174107508115,-0.009481069175153456,5.041924062981029,0.0009993281000723053,0
SOL,short,2024-05-12 04:00:00+00:00,2024-05-12 08:00:00+00:00,2024-05-12 20:00:00+00:00,144.21,144.98,147.8,timeout,-0.005311077389984709,-0.006504172317894796,6.000925858297193,0.0011930949279100878,3
XRP,short,2024-05-12 04:00:00+00:00,2024-05-12 08:00:00+00:00,2024-05-12 20:00:00+00:00,0.5041,0.5012,0.5088,timeout,0.005786113328012821,0.0046315781536692135,5.742762706652812,0.0011545351743436072,3
LINK,long,2024-05-12 08:00:00+00:00,2024-05-12 12:00:00+00:00,2024-05-13 00:00:00+00:00,13.467,13.561,13.281,timeout,0.00698002524689989,0.005664422221905108,6.536688716426203,0.0013156030249947825,3
ADA,short,2024-05-12 16:00:00+00:00,2024-05-12 20:00:00+00:00,2024-05-13 04:00:00+00:00,0.4381,0.4435,0.4435,stop,-0.012175873731679832,-0.014147335121090787,9.988775255673833,0.0019714613894109556,2
ETH,short,2024-05-13 00:00:00+00:00,2024-05-13 04:00:00+00:00,2024-05-13 04:00:00+00:00,2890.0,2943.73,2943.73,stop,-0.018252353306859037,-0.019241833835017874,5.041924062981029,0.000989480528158837,0
XRP,short,2024-05-13 00:00:00+00:00,2024-05-13 04:00:00+00:00,2024-05-13 04:00:00+00:00,0.4932,0.5029,0.5029,stop,-0.01928812885265463,-0.020413881471558426,5.742762706652812,0.001125752618903797,0
AVAX,short,2024-05-12 16:00:00+00:00,2024-05-12 20:00:00+00:00,2024-05-13 08:00:00+00:00,33.462,33.485,33.909,timeout,-0.0006868747200238223,-0.0022267746318106463,7.710732744665526,0.001539899911786824,3
DOT,short,2024-05-12 16:00:00+00:00,2024-05-12 20:00:00+00:00,2024-05-13 08:00:00+00:00,6.684,6.694,6.791,timeout,-0.0014938751120405769,-0.0032988741662489662,9.046674492363598,0.0018049990542083894,3
SOL,short,2024-05-13 00:00:00+00:00,2024-05-13 04:00:00+00:00,2024-05-13 08:00:00+00:00,140.14,145.88,145.88,stop,-0.03934740882917476,-0.04049967835581436,6.000925858297193,0.0011522695266396044,1
ADA,short,2024-05-13 16:00:00+00:00,2024-05-13 20:00:00+00:00,2024-05-14 08:00:00+00:00,0.4416,0.4373,0.4493,timeout,0.00983306654470617,0.007817680558980022,9.988775255673833,0.002015385985726148,3
LINK,long,2024-05-14 04:00:00+00:00,2024-05-14 08:00:00+00:00,2024-05-14 16:00:00+00:00,13.531,13.092,13.092,stop,-0.03244401744143077,-0.03370811359586412,6.536688716426203,0.0012640961544333473,2
AVAX,long,2024-05-14 04:00:00+00:00,2024-05-14 08:00:00+00:00,2024-05-14 20:00:00+00:00,32.669,31.927,31.583,timeout,-0.022712663381186937,-0.02421862246986406,7.710732744665526,0.0015059590886771224,3
SOL,short,2024-05-14 12:00:00+00:00,2024-05-14 16:00:00+00:00,2024-05-15 04:00:00+00:00,142.89,143.91,148.47,timeout,-0.007087763185324225,-0.008278727040129219,6.000925858297193,0.001190963854804994,3
AVAX,long,2024-05-15 00:00:00+00:00,2024-05-15 04:00:00+00:00,2024-05-15 16:00:00+00:00,32.318,34.074,31.352,timeout,0.054335045485488065,0.05271035908593524,7.710732744665526,0.0016246863995528216,3
BNB,long,2024-05-15 00:00:00+00:00,2024-05-15 04:00:00+00:00,2024-05-15 16:00:00+00:00,569.4,579.5,560.9,timeout,0.01773796979276443,0.016424730227711182,6.455921962584254,0.001313239565053248,3
BTC,long,2024-05-15 00:00:00+00:00,2024-05-15 04:00:00+00:00,2024-05-15 16:00:00+00:00,61950.0,64723.1,61334.0,timeout,0.044763518966908666,0.04371657241434135,5.012959217987713,0.0010469465525673183,3
LINK,long,2024-05-15 04:00:00+00:00,2024-05-15 08:00:00+00:00,2024-05-15 20:00:00+00:00,13.096,13.874,12.841,timeout,0.059407452657300075,0.05802335405109771,6.536688716426203,0.0013840986062023664,3
BTC,short,2024-05-16 12:00:00+00:00,2024-05-16 16:00:00+00:00,2024-05-17 04:00:00+00:00,65830.2,65582.1,66799.0,timeout,0.003783044458777418,0.0027771640094289562,5.012959217987713,0.0010058804493484619,3
BTC,long,2024-05-17 12:00:00+00:00,2024-05-17 16:00:00+00:00,2024-05-18 04:00:00+00:00,67200.0,66941.7,65814.4,timeout,-0.0038437500000000346,-0.004841987718701257,5.012959217987713,0.0009982377187012226,3
ADA,long,2024-05-18 00:00:00+00:00,2024-05-18 04:00:00+00:00,2024-05-18 12:00:00+00:00,0.4855,0.4789,0.4789,stop,-0.013594232749742474,-0.015562863432789786,9.988775255673833,0.001968630683047312,2
BNB,long,2024-05-18 00:00:00+00:00,2024-05-18 04:00:00+00:00,2024-05-18 12:00:00+00:00,581.7,577.6,577.6,stop,-0.0070483066872959466,-0.008329563246988081,6.455921962584254,0.0012812565596921344,2
LINK,long,2024-05-18 12:00:00+00:00,2024-05-18 16:00:00+00:00,2024-05-19 04:00:00+00:00,16.463,16.461,16.071,timeout,-0.00012148454109228712,-0.0014278095590510853,6.536688716426203,0.0013063250179587982,3
LINK,long,2024-05-19 12:00:00+00:00,2024-05-19 16:00:00+00:00,2024-05-20 04:00:00+00:00,16.972,16.935,16.273,timeout,-0.0021800612773982264,-0.003483696798332714,6.536688716426203,0.0013036355209344874,3
ETH,long,2024-05-20 00:00:00+00:00,2024-05-20 04:00:00+00:00,2024-05-20 16:00:00+00:00,3087.49,3118.15,3048.0,timeout,0.009930396535697383,0.008912511272072043,5.041924062981029,0.00101788526362534,3
SOL,long,2024-05-20 00:00:00+00:00,2024-05-20 04:00:00+00:00,2024-05-20 16:00:00+00:00,172.12,178.93,167.63,timeout,0.03956541947478498,0.03831849674244814,6.000925858297193,0.0012469227323368415,3
XRP,long,2024-05-20 04:00:00+00:00,2024-05-20 08:00:00+00:00,2024-05-20 20:00:00+00:00,0.5139,0.534,0.5059,timeout,0.03911266783420908,0.0379198773301217,5.742762706652812,0.001192790504087382,3
AVAX,long,2024-05-20 12:00:00+00:00,2024-05-20 16:00:00+00:00,2024-05-21 04:00:00+00:00,36.668,39.775,35.687,timeout,0.08473328242609357,0.08306175360928547,7.710732744665526,0.0016715288168080988,3
LINK,long,2024-05-20 16:00:00+00:00,2024-05-20 20:00:00+00:00,2024-05-21 08:00:00+00:00,17.066,16.966,16.348,timeout,-0.005859603890776888,-0.0071584321491328096,6.536688716426203,0.0012988282583559219,3
BNB,long,2024-05-21 04:00:00+00:00,2024-05-21 08:00:00+00:00,2024-05-21 20:00:00+00:00,630.5,609.7,593.0,timeout,-0.03298969072164937,-0.03423747378138642,6.455921962584254,0.001247783059737051,3
AVAX,short,2024-05-21 12:00:00+00:00,2024-05-21 16:00:00+00:00,2024-05-22 00:00:00+00:00,40.176,41.424,41.424,stop,-0.030127462340671984,-0.031621995532925884,7.710732744665526,0.0014945331922538996,2
ADA,short,2024-05-21 12:00:00+00:00,2024-05-21 16:00:00+00:00,2024-05-22 04:00:00+00:00,0.4976,0.492,0.5111,timeout,0.011382113821138296,0.009363636306449985,9.988775255673833,0.0020184775146883105,3
LINK,short,2024-05-21 12:00:00+00:00,2024-05-21 16:00:00+00:00,2024-05-22 04:00:00+00:00,16.611,16.889,17.114,timeout,-0.01646041802356557,-0.017745396490673415,6.536688716426203,0.0012849784671078446,3
ETH,short,2024-05-21 16:00:00+00:00,2024-05-21 20:00:00+00:00,2024-05-22 08:00:00+00:00,3713.92,3748.17,3845.0,timeout,-0.00913779257611047,-0.010136459457194325,5.041924062981029,0.000998666881083854,3
BTC,long,2024-05-22 12:00:00+00:00,2024-05-22 16:00:00+00:00,2024-05-22 16:00:00+00:00,70458.4,69452.0,69452.0,stop,-0.014283605645316833,-0.015271381694292319,5.012959217987713,0.000987776048975486,0
SOL,long,2024-05-22 04:00:00+00:00,2024-05-22 08:00:00+00:00,2024-05-22 20:00:00+00:00,179.86,178.35,175.14,timeout,-0.008395418658957099,-0.009584814026290744,6.000925858297193,0.0011893953673336455,3
LINK,long,2024-05-23 04:00:00+00:00,2024-05-23 08:00:00+00:00,2024-05-23 12:00:00+00:00,16.673,16.209,16.209,stop,-0.02782942481856887,-0.02909954986321006,6.536688716426203,0.0012701250446411905,1
ADA,short,2024-05-23 12:00:00+00:00,2024-05-23 16:00:00+00:00,2024-05-24 04:00:00+00:00,0.4679,0.4673,0.4887,timeout,0.0012839717526214045,-0.0007143522786040579,9.988775255673833,0.0019983240312254624,3
AVAX,short,2024-05-23 12:00:00+00:00,2024-05-23 16:00:00+00:00,2024-05-24 04:00:00+00:00,38.363,38.915,40.484,timeout,-0.014184761660028244,-0.015703861890131288,7.710732744665526,0.0015191002301030432,3
BTC,short,2024-05-23 12:00:00+00:00,2024-05-23 16:00:00+00:00,2024-05-24 04:00:00+00:00,68073.5,67894.3,70118.0,timeout,0.002639396827126772,0.0016346624150616051,5.012959217987713,0.001004734412065167,3
SOL,long,2024-05-23 20:00:00+00:00,2024-05-24 00:00:00+00:00,2024-05-24 08:00:00+00:00,176.17,165.0,165.0,stop,-0.06340466594766414,-0.0645280796272194,6.000925858297193,0.001123413679555263,2
BNB,long,2024-05-23 20:00:00+00:00,2024-05-24 00:00:00+00:00,2024-05-24 12:00:00+00:00,599.3,596.5,577.3,timeout,-0.004672117470381987,-0.005956440149042397,6.455921962584254,0.00128432267866041,3
LINK,long,2024-05-23 20:00:00+00:00,2024-05-24 00:00:00+00:00,2024-05-24 12:00:00+00:00,16.598,17.569,15.416,timeout,0.058501024219785425,0.057118109847594356,6.536688716426203,0.0013829143721910686,3
BNB,long,2024-05-24 16:00:00+00:00,2024-05-24 20:00:00+00:00,2024-05-25 08:00:00+00:00,601.7,601.5,594.6,timeout,-0.00033239155725450775,-0.0016223140071129905,6.455921962584254,0.0012899224498584827,3
ETH,long,2024-05-24 16:00:00+00:00,2024-05-24 20:00:00+00:00,2024-05-25 08:00:00+00:00,3743.49,3746.79,3655.55,timeout,0.0008815303366644933,-0.0001272347860202805,5.041924062981029,0.0010087651226847738,3
ADA,long,2024-05-25 00:00:00+00:00,2024-05-25 04:00:00+00:00,2024-05-25 12:00:00+00:00,0.4621,0.4574,0.4574,stop,-0.010170958666955277,-0.012146421388722795,9.988775255673833,0.001975462721767518,2
SOL,long,2024-05-25 00:00:00+00:00,2024-05-25 04:00:00+00:00,2024-05-25 16:00:00+00:00,169.65,167.81,165.8,timeout,-0.010845859121721202,-0.012032315270550709,6.000925858297193,0.0011864561488295067,3
ETH,short,2024-05-28 00:00:00+00:00,2024-05-28 04:00:00+00:00,2024-05-28 08:00:00+00:00,3850.62,3914.7,3914.7,stop,-0.01636907042685265,-0.017360449071849415,5.041924062981029,0.0009913786449967654,1
SOL,short,2024-05-28 00:00:00+00:00,2024-05-28 04:00:00+00:00,2024-05-28 12:00:00+00:00,167.45,172.12,172.12,stop,-0.027132233325586896,-0.02829915453237064,6.000925858297193,0.0011669212067837442,2
SOL,long,2024-05-29 00:00:00+00:00,2024-05-29 04:00:00+00:00,2024-05-29 12:00:00+00:00,172.38,167.49,167.49,stop,-0.028367560041768103,-0.02953299951692112,6.000925858297193,0.0011654394751530184,2
ETH,short,2024-05-29 04:00:00+00:00,2024-05-29 08:00:00+00:00,2024-05-29 20:00:00+00:00,3822.86,3750.06,3891.94,timeout,0.01941302272496981,0.018385580143838398,5.041924062981029,0.0010274425811314103,3
LINK,long,2024-05-29 08:00:00+00:00,2024-05-29 12:00:00+00:00,2024-05-30 00:00:00+00:00,18.718,18.458,18.027,timeout,-0.013890372903088033,-0.015178709092345533,6.536688716426203,0.0012883361892574996,3
ADA,long,2024-05-30 00:00:00+00:00,2024-05-30 04:00:00+00:00,2024-05-30 04:00:00+00:00,0.4546,0.4502,0.4502,stop,-0.009678838539375345,-0.011655283415561657,9.988775255673833,0.001976444876186312,0
AVAX,long,2024-05-30 00:00:00+00:00,2024-05-30 04:00:00+00:00,2024-05-30 04:00:00+00:00,36.816,35.976,35.976,stop,-0.022816166883963596,-0.02432196647805307,7.710732744665526,0.0015057995940894742,0
BNB,short,2024-05-29 12:00:00+00:00,2024-05-29 16:00:00+00:00,2024-05-30 04:00:00+00:00,595.3,597.5,601.3,timeout,-0.003682008368200873,-0.004967608635479515,6.455921962584254,0.0012856002672786415,3
BTC,short,2024-05-29 12:00:00+00:00,2024-05-29 16:00:00+00:00,2024-05-30 04:00:00+00:00,67383.4,68137.6,68290.8,timeout,-0.011068778471798435,-0.012059776065329375,5.012959217987713,0.00099099759353094,3
ETH,short,2024-05-30 04:00:00+00:00,2024-05-30 08:00:00+00:00,2024-05-30 16:00:00+00:00,3721.12,3803.27,3803.27,stop,-0.02159983382720665,-0.022585940507916624,5.041924062981029,0.000986106680709975,2
XRP,short,2024-05-30 04:00:00+00:00,2024-05-30 08:00:00+00:00,2024-05-30 20:00:00+00:00,0.5159,0.5219,0.5285,timeout,-0.01149645525962828,-0.012631151888705783,5.742762706652812,0.001134696629077503,3
LINK,short,2024-05-31 12:00:00+00:00,2024-05-31 16:00:00+00:00,2024-05-31 16:00:00+00:00,17.569,18.244,18.244,stop,-0.03699846524884898,-0.03825661109129752,6.536688716426203,0.0012581458424485437,0
AVAX,short,2024-05-31 12:00:00+00:00,2024-05-31 16:00:00+00:00,2024-06-01 04:00:00+00:00,35.528,36.006,36.794,timeout,-0.013275565183580529,-0.014796066447592238,7.710732744665526,0.0015205012640117088,3
BNB,short,2024-05-31 12:00:00+00:00,2024-05-31 16:00:00+00:00,2024-06-01 04:00:00+00:00,591.1,595.3,598.9,timeout,-0.007055266252309678,-0.00833651383171774,6.455921962584254,0.0012812475794080624,3
BTC,short,2024-05-31 12:00:00+00:00,2024-05-31 16:00:00+00:00,2024-06-01 04:00:00+00:00,67219.6,67735.8,69062.8,timeout,-0.007620785463521518,-0.00861523825464272,5.012959217987713,0.000994452791121203,3
DOT,short,2024-05-31 12:00:00+00:00,2024-05-31 16:00:00+00:00,2024-06-01 04:00:00+00:00,6.861,6.998,7.055,timeout,-0.019577022006287526,-0.021349332164326218,9.046674492363598,0.0017723101580386924,3
SOL,short,2024-05-31 12:00:00+00:00,2024-05-31 16:00:00+00:00,2024-06-01 04:00:00+00:00,164.89,167.02,170.97,timeout,-0.012752963716920251,-0.013937132359808979,6.000925858297193,0.0011841686428887277,3
AVAX,short,2024-06-01 20:00:00+00:00,2024-06-02 00:00:00+00:00,2024-06-02 04:00:00+00:00,35.767,36.125,36.125,stop,-0.009910034602076068,-0.011435722008563576,7.710732744665526,0.0015256874064875081,1
DOT,short,2024-06-02 04:00:00+00:00,2024-06-02 08:00:00+00:00,2024-06-02 12:00:00+00:00,7.041,7.121,7.121,stop,-0.011234377194214273,-0.013021768347371565,9.046674492363598,0.0017873911531572917,1
SOL,short,2024-06-01 20:00:00+00:00,2024-06-02 00:00:00+00:00,2024-06-02 12:00:00+00:00,166.14,166.1,167.76,timeout,0.00024081878386517097,-0.0009589354513064308,6.000925858297193,0.0011997542351716017,3
BTC,long,2024-06-02 08:00:00+00:00,2024-06-02 12:00:00+00:00,2024-06-02 16:00:00+00:00,68266.1,67380.0,67380.0,stop,-0.012980088213622953,-0.01396917050372981,5.012959217987713,0.0009890822901068574,1
ETH,long,2024-06-03 00:00:00+00:00,2024-06-03 04:00:00+00:00,2024-06-03 12:00:00+00:00,3800.78,3762.56,3762.56,stop,-0.0100558306452887,-0.011053572257239908,5.041924062981029,0.0009977416119512084,2
DOT,long,2024-06-03 00:00:00+00:00,2024-06-03 04:00:00+00:00,2024-06-03 16:00:00+00:00,7.074,7.136,6.932,timeout,0.008764489680520349,0.006940946585082042,9.046674492363598,0.001823543095438307,3
BTC,long,2024-06-03 12:00:00+00:00,2024-06-03 16:00:00+00:00,2024-06-04 04:00:00+00:00,69622.5,69175.0,68512.0,timeout,-0.006427519839132478,-0.007423168389207091,5.012959217987713,0.0009956485500746126,3
AVAX,short,2024-06-03 20:00:00+00:00,2024-06-04 00:00:00+00:00,2024-06-04 12:00:00+00:00,35.031,34.873,36.072,timeout,0.004530725776388689,0.0029827857595126073,7.710732744665526,0.0015479400168760815,3
BNB,long,2024-06-04 08:00:00+00:00,2024-06-04 12:00:00+00:00,2024-06-05 00:00:00+00:00,646.0,686.1,625.0,timeout,0.06207430340557285,0.06070385439251047,6.455921962584254,0.0013704490130623803,3
BTC,long,2024-06-05 12:00:00+00:00,2024-06-05 16:00:00+00:00,2024-06-06 04:00:00+00:00,71574.6,71048.4,70403.0,timeout,-0.007351770041327699,-0.00834649240997909,5.012959217987713,0.0009947223686513906,3
ETH,long,2024-06-05 12:00:00+00:00,2024-06-05 16:00:00+00:00,2024-06-06 04:00:00+00:00,3814.48,3862.29,3782.18,timeout,0.012533818502128646,0.011513309310296371,5.041924062981029,0.001020509191832275,3
SOL,long,2024-06-05 12:00:00+00:00,2024-06-05 16:00:00+00:00,2024-06-06 04:00:00+00:00,174.81,173.88,171.31,timeout,-0.005320061781362684,-0.006513145932806275,6.000925858297193,0.0011930841514435908,3
BNB,long,2024-06-06 04:00:00+00:00,2024-06-06 08:00:00+00:00,2024-06-06 20:00:00+00:00,704.6,706.2,692.2,timeout,0.002270791938688621,0.000977510467487397,6.455921962584254,0.0012932814712012242,3
ETH,long,2024-06-07 08:00:00+00:00,2024-06-07 12:00:00+00:00,2024-06-07 12:00:00+00:00,3835.63,3801.51,3801.51,stop,-0.008895539976483624,-0.009894451018305772,5.041924062981029,0.000998911041822148,0
SOL,short,2024-06-07 12:00:00+00:00,2024-06-07 16:00:00+00:00,2024-06-08 04:00:00+00:00,170.2,162.69,172.88,timeout,0.04616141127297313,0.04490657687681843,6.000925858297193,0.0012548343961547026,3
BTC,long,2024-06-08 04:00:00+00:00,2024-06-08 08:00:00+00:00,2024-06-08 12:00:00+00:00,69577.8,69232.9,69232.9,stop,-0.004957040895228193,-0.0059541629968127285,5.012959217987713,0.0009971221015845355,1
BNB,short,2024-06-09 12:00:00+00:00,2024-06-09 16:00:00+00:00,2024-06-10 04:00:00+00:00,676.6,669.3,684.8,timeout,0.010906917675183037,0.009602492567463816,6.455921962584254,0.0013044251077192204,3
BTC,long,2024-06-09 12:00:00+00:00,2024-06-09 16:00:00+00:00,2024-06-10 04:00:00+00:00,69508.4,69609.9,69248.8,timeout,0.0014602551634046446,0.000456702356820049,5.012959217987713,0.0010035528065845956,3
XRP,long,2024-06-10 00:00:00+00:00,2024-06-10 04:00:00+00:00,2024-06-10 04:00:00+00:00,0.5009,0.4967,0.4967,stop,-0.008384907167099276,-0.009523175521488625,5.742762706652812,0.001138268354389349,0
DOT,short,2024-06-10 00:00:00+00:00,2024-06-10 04:00:00+00:00,2024-06-10 12:00:00+00:00,6.464,6.542,6.542,stop,-0.011922959339651373,-0.013709105743186845,9.046674492363598,0.0017861464035354713,2
BNB,long,2024-06-10 12:00:00+00:00,2024-06-10 16:00:00+00:00,2024-06-10 20:00:00+00:00,650.7,635.2,635.2,stop,-0.023820500998924188,-0.025080115535014547,6.455921962584254,0.0012596145360903588,1
LINK,long,2024-06-10 12:00:00+00:00,2024-06-10 16:00:00+00:00,2024-06-11 00:00:00+00:00,16.177,15.761,15.761,stop,-0.025715522037460636,-0.02698840886170384,6.536688716426203,0.0012728868242432023,2
ADA,short,2024-06-11 00:00:00+00:00,2024-06-11 04:00:00+00:00,2024-06-11 16:00:00+00:00,0.4347,0.4189,0.4418,timeout,0.03771783241823812,0.035646795089514294,9.988775255673833,0.0020710373287238237,3
ADA,long,2024-06-12 00:00:00+00:00,2024-06-12 04:00:00+00:00,2024-06-12 16:00:00+00:00,0.4244,0.4404,0.4142,timeout,0.03770028275212067,0.035629280448345346,9.988775255673833,0.0020710023037753267,3
AVAX,long,2024-06-12 00:00:00+00:00,2024-06-12 04:00:00+00:00,2024-06-12 16:00:00+00:00,31.776,33.498,30.797,timeout,0.0541918429003021,0.05256737716996973,7.710732744665526,0.0016244657303323695,3
ETH,long,2024-06-12 00:00:00+00:00,2024-06-12 04:00:00+00:00,2024-06-12 16:00:00+00:00,3509.91,3618.48,3461.18,timeout,0.030932417070523188,0.02989336436082235,5.041924062981029,0.0010390527097008384,3
LINK,long,2024-06-12 00:00:00+00:00,2024-06-12 04:00:00+00:00,2024-06-12 16:00:00+00:00,15.176,16.073,14.726,timeout,0.059106483921982145,0.05772277852653751,6.536688716426203,0.0013837053954446343,3
XRP,long,2024-06-12 00:00:00+00:00,2024-06-12 04:00:00+00:00,2024-06-12 16:00:00+00:00,0.4817,0.4963,0.4738,timeout,0.03030932115424534,0.029126635953123703,5.742762706652812,0.001182685201121636,3
BTC,long,2024-06-13 08:00:00+00:00,2024-06-13 12:00:00+00:00,2024-06-13 12:00:00+00:00,67735.2,67172.4,67172.4,stop,-0.008308826134712843,-0.009302589447501841,5.012959217987713,0.0009937633127889978,0
AVAX,short,2024-06-13 00:00:00+00:00,2024-06-13 04:00:00+00:00,2024-06-13 16:00:00+00:00,32.501,31.301,33.445,timeout,0.038337433308839985,0.03673739856346514,7.710732744665526,0.0016000347453748454,3
ADA,short,2024-06-13 12:00:00+00:00,2024-06-13 16:00:00+00:00,2024-06-14 04:00:00+00:00,0.4208,0.4206,0.4343,timeout,0.0004755111745127216,-0.0015211993621926378,9.988775255673833,0.0019967105367053595,3
BNB,short,2024-06-13 12:00:00+00:00,2024-06-13 16:00:00+00:00,2024-06-14 04:00:00+00:00,597.1,600.6,610.6,timeout,-0.005827505827505797,-0.007110337649237519,6.455921962584254,0.0012828318217317225,3
DOT,short,2024-06-13 12:00:00+00:00,2024-06-13 16:00:00+00:00,2024-06-14 04:00:00+00:00,6.38,6.354,6.566,timeout,0.004091910607491256,0.0022768141310545165,9.046674492363598,0.0018150964764367394,3
ETH,short,2024-06-13 12:00:00+00:00,2024-06-13 16:00:00+00:00,2024-06-14 04:00:00+00:00,3443.11,3491.1,3538.42,timeout,-0.013746383661310091,-0.014740405651055166,5.041924062981029,0.0009940219897450753,3
LINK,short,2024-06-13 12:00:00+00:00,2024-06-13 16:00:00+00:00,2024-06-14 04:00:00+00:00,15.103,15.279,15.609,timeout,-0.011519078473722133,-0.012810512720583755,6.536688716426203,0.0012914342468616224,3
XRP,short,2024-06-13 12:00:00+00:00,2024-06-13 16:00:00+00:00,2024-06-14 04:00:00+00:00,0.4804,0.4786,0.489,timeout,0.003760969494358557,0.002608758969120606,5.742762706652812,0.001152210525237951,3
BNB,short,2024-06-14 12:00:00+00:00,2024-06-14 16:00:00+00:00,2024-06-15 04:00:00+00:00,602.6,605.5,612.1,timeout,-0.0047894302229561925,-0.006073601526947692,6.455921962584254,0.0012841713039914993,3
BTC,short,2024-06-14 12:00:00+00:00,2024-06-14 16:00:00+00:00,2024-06-15 04:00:00+00:00,66392.7,66272.1,67377.4,timeout,0.0018197703105831131,0.000815857237644213,5.012959217987713,0.0010039130729389,3
LINK,short,2024-06-14 12:00:00+00:00,2024-06-14 16:00:00+00:00,2024-06-15 04:00:00+00:00,15.201,14.874,15.465,timeout,0.021984671238402642,0.020649464887462443,6.536688716426203,0.001335206350940199,3
SOL,short,2024-06-14 12:00:00+00:00,2024-06-14 16:00:00+00:00,2024-06-15 04:00:00+00:00,143.82,144.94,149.03,timeout,-0.007727335449151385,-0.008917532159167019,6.000925858297193,0.001190196710015634,3
XRP,short,2024-06-14 12:00:00+00:00,2024-06-14 16:00:00+00:00,2024-06-15 04:00:00+00:00,0.4742,0.477,0.4808,timeout,-0.005870020964360512,-0.007011176139856468,5.742762706652812,0.001141155175495956,3
AVAX,long,2024-06-16 04:00:00+00:00,2024-06-16 08:00:00+00:00,2024-06-16 16:00:00+00:00,30.362,29.81,29.81,stop,-0.018180620512482704,-0.01969356329049321,7.710732744665526,0.0015129427780105065,2
AVAX,short,2024-06-17 00:00:00+00:00,2024-06-17 04:00:00+00:00,2024-06-17 16:00:00+00:00,29.412,28.068,30.348,timeout,0.04788371098760136,0.04626896582585793,7.710732744665526,0.001614745161743425,3
BNB,short,2024-06-17 00:00:00+00:00,2024-06-17 04:00:00+00:00,2024-06-17 16:00:00+00:00,605.3,597.4,612.7,timeout,0.013223970539002261,0.011916555618987967,6.455921962584254,0.0013074149200142937,3
SOL,short,2024-06-17 00:00:00+00:00,2024-06-17 04:00:00+00:00,2024-06-17 16:00:00+00:00,147.39,141.25,151.75,timeout,0.043469026548672574,0.04221742157478792,6.000925858297193,0.0012516049738846569,3
ADA,long,2024-06-17 16:00:00+00:00,2024-06-17 20:00:00+00:00,2024-06-18 00:00:00+00:00,0.4123,0.3898,0.3898,stop,-0.05457191365510561,-0.05645876265902161,9.988775255673833,0.0018868490039160024,1
DOT,long,2024-06-17 16:00:00+00:00,2024-06-17 20:00:00+00:00,2024-06-18 00:00:00+00:00,6.246,5.983,5.983,stop,-0.04210694844700624,-0.0438385312675722,9.046674492363598,0.0017315828205659578,1
ETH,long,2024-06-17 16:00:00+00:00,2024-06-17 20:00:00+00:00,2024-06-18 00:00:00+00:00,3553.62,3465.75,3465.75,stop,-0.024726898205210457,-0.02570985319075425,5.041924062981029,0.0009829549855437936,1
LINK,long,2024-06-17 16:00:00+00:00,2024-06-17 20:00:00+00:00,2024-06-18 00:00:00+00:00,14.699,14.007,14.007,stop,-0.04707803251921905,-0.04832300957096769,6.536688716426203,0.0012449770517486414,1
SOL,short,2024-06-20 00:00:00+00:00,2024-06-20 04:00:00+00:00,2024-06-20 04:00:00+00:00,133.08,137.24,137.24,stop,-0.030311862430778214,-0.03147496978252473,6.000925858297193,0.0011631073517465174,0
XRP,long,2024-06-21 08:00:00+00:00,2024-06-21 12:00:00+00:00,2024-06-21 12:00:00+00:00,0.4941,0.4843,0.4843,stop,-0.01983404169196512,-0.020959167661160016,5.742762706652812,0.0011251259691948956,0
LINK,long,2024-06-21 08:00:00+00:00,2024-06-21 12:00:00+00:00,2024-06-21 16:00:00+00:00,14.52,14.043,14.043,stop,-0.032851239669421495,-0.03411480379463716,6.536688716426203,0.001263564125215666,1
SOL,short,2024-06-21 00:00:00+00:00,2024-06-21 04:00:00+00:00,2024-06-21 16:00:00+00:00,132.71,131.4,134.9,timeout,0.009969558599695505,0.008758135077910456,6.000925858297193,0.0012114235217850489,3
XRP,long,2024-06-23 00:00:00+00:00,2024-06-23 04:00:00+00:00,2024-06-23 08:00:00+00:00,0.4887,0.486,0.486,stop,-0.005524861878453136,-0.0066664132597626935,5.742762706652812,0.001141551381309558,1
DOT,long,2024-06-23 00:00:00+00:00,2024-06-23 04:00:00+00:00,2024-06-23 12:00:00+00:00,5.772,5.726,5.726,stop,-0.007969507969508016,-0.009762801025233303,9.046674492363598,0.0017932930557252869,2
ADA,long,2024-06-23 00:00:00+00:00,2024-06-23 04:00:00+00:00,2024-06-23 16:00:00+00:00,0.3894,0.3868,0.3832,timeout,-0.006676938880328831,-0.008659374832370781,9.988775255673833,0.00198243595204195,3
BTC,short,2024-06-23 12:00:00+00:00,2024-06-23 16:00:00+00:00,2024-06-24 04:00:00+00:00,64103.5,62868.0,64439.1,timeout,0.019652287332188045,0.018630504481179422,5.012959217987713,0.0010217828510086235,3
BTC,short,2024-06-24 08:00:00+00:00,2024-06-24 12:00:00+00:00,2024-06-25 00:00:00+00:00,61282.0,60280.2,62963.2,timeout,0.01661905567665678,0.015600312395241955,5.012959217987713,0.0010187432814148245,3
SOL,long,2024-06-24 08:00:00+00:00,2024-06-24 12:00:00+00:00,2024-06-25 00:00:00+00:00,127.07,132.27,121.5,timeout,0.040922326276855436,0.03967377598178379,6.000925858297193,0.0012485502950716487,3
ADA,long,2024-06-24 20:00:00+00:00,2024-06-25 00:00:00+00:00,2024-06-25 12:00:00+00:00,0.3778,0.3931,0.3639,timeout,0.040497617787188966,0.03842103266976449,9.988775255673833,0.0020765851174244787,3
AVAX,long,2024-06-24 20:00:00+00:00,2024-06-25 00:00:00+00:00,2024-06-25 12:00:00+00:00,24.793,25.21,23.505,timeout,0.016819263501794968,0.01525238736001433,7.710732744665526,0.0015668761417806376,3
BNB,long,2024-06-24 20:00:00+00:00,2024-06-25 00:00:00+00:00,2024-06-25 12:00:00+00:00,568.2,571.9,551.1,timeout,0.006511791622668017,0.0052130377717916065,6.455921962584254,0.0012987538508764107,3
DOT,long,2024-06-24 20:00:00+00:00,2024-06-25 00:00:00+00:00,2024-06-25 12:00:00+00:00,5.727,5.863,5.529,timeout,0.023747162563296786,0.021896535297107,9.046674492363598,0.001850627266189786,3
LINK,long,2024-06-24 20:00:00+00:00,2024-06-25 00:00:00+00:00,2024-06-25 12:00:00+00:00,13.614,13.92,13.001,timeout,0.022476862053768087,0.021141012663532965,6.536688716426203,0.001335849390235122,3
SOL,long,2024-06-25 08:00:00+00:00,2024-06-25 12:00:00+00:00,2024-06-26 00:00:00+00:00,137.76,136.57,133.52,timeout,-0.008638211382113847,-0.009827315527981106,6.000925858297193,0.001189104145867259,3
BNB,long,2024-06-26 00:00:00+00:00,2024-06-26 04:00:00+00:00,2024-06-26 08:00:00+00:00,580.1,573.7,573.7,stop,-0.011032580589553476,-0.012308696036030131,6.455921962584254,0.0012761154464766555,1
DOT,long,2024-06-26 04:00:00+00:00,2024-06-26 08:00:00+00:00,2024-06-26 16:00:00+00:00,5.879,5.785,5.785,stop,-0.015989113794863008,-0.017767909812894445,9.046674492363598,0.0017787960180314366,2
AVAX,long,2024-06-26 16:00:00+00:00,2024-06-26 20:00:00+00:00,2024-06-27 00:00:00+00:00,26.522,25.531,25.531,stop,-0.03736520624387296,-0.03884858637417277,7.710732744665526,0.001483380130299805,1
LINK,long,2024-06-26 16:00:00+00:00,2024-06-26 20:00:00+00:00,2024-06-27 00:00:00+00:00,14.079,13.854,13.854,stop,-0.015981248668229364,-0.017266853162306584,6.536688716426203,0.0012856044940772193,1
ETH,long,2024-06-26 16:00:00+00:00,2024-06-26 20:00:00+00:00,2024-06-27 08:00:00+00:00,3408.16,3375.19,3325.54,timeout,-0.009673841603680566,-0.01067196821346672,5.041924062981029,0.000998126609786154,3
DOT,long,2024-06-27 04:00:00+00:00,2024-06-27 08:00:00+00:00,2024-06-27 20:00:00+00:00,5.801,6.343,5.706,timeout,0.09343216686778133,0.09145557005195437,9.046674492363598,0.0019765968158269587,3
BNB,long,2024-06-28 00:00:00+00:00,2024-06-28 04:00:00+00:00,2024-06-28 04:00:00+00:00,582.9,578.4,578.4,stop,-0.00772002058672161,-0.009000410399475745,6.455921962584254,0.0012803898127541347,0
ETH,long,2024-06-28 00:00:00+00:00,2024-06-28 04:00:00+00:00,2024-06-28 04:00:00+00:00,3459.68,3436.0,3436.0,stop,-0.006844563659066716,-0.00784554183202646,5.041924062981029,0.0010009781729597433,0
SOL,short,2024-06-28 00:00:00+00:00,2024-06-28 04:00:00+00:00,2024-06-28 16:00:00+00:00,147.55,143.16,150.92,timeout,0.030664990220732102,0.02942874324516498,6.000925858297193,0.0012362469755671235,3
AVAX,long,2024-06-28 08:00:00+00:00,2024-06-28 12:00:00+00:00,2024-06-29 00:00:00+00:00,28.597,27.96,27.791,timeout,-0.022275063817883023,-0.023781697229264154,7.710732744665526,0.0015066334113811308,3
BTC,short,2024-06-28 12:00:00+00:00,2024-06-28 16:00:00+00:00,2024-06-29 04:00:00+00:00,61058.8,60755.4,61880.0,timeout,0.004993794790257411,0.003986701060713971,5.012959217987713,0.0010070937295434401,3
ETH,short,2024-06-28 12:00:00+00:00,2024-06-28 16:00:00+00:00,2024-06-29 04:00:00+00:00,3413.61,3386.15,3476.2,timeout,0.008109504894939779,0.007093454865479076,5.041924062981029,0.0010160500294607022,3
BTC,long,2024-06-30 04:00:00+00:00,2024-06-30 08:00:00+00:00,2024-06-30 20:00:00+00:00,61528.9,62022.7,60709.9,timeout,0.008025496961590273,0.0070153651951332385,5.012959217987713,0.0010101317664570342,3
ETH,long,2024-06-30 12:00:00+00:00,2024-06-30 16:00:00+00:00,2024-07-01 04:00:00+00:00,3399.92,3498.09,3378.27,timeout,0.028874208804912982,0.027837230515261435,5.041924062981029,0.0010369782896515467,3
SOL,short,2024-07-01 08:00:00+00:00,2024-07-01 12:00:00+00:00,2024-07-01 16:00:00+00:00,146.17,149.09,149.09,stop,-0.01958548527734938,-0.02076145854715905,6.000925858297193,0.0011759732698096714,1
LINK,short,2024-07-01 20:00:00+00:00,2024-07-02 00:00:00+00:00,2024-07-02 04:00:00+00:00,14.337,14.579,14.579,stop,-0.016599218053364506,-0.017884015180490986,6.536688716426203,0.0012847971271264802,1
DOT,long,2024-07-02 00:00:00+00:00,2024-07-02 04:00:00+00:00,2024-07-02 12:00:00+00:00,6.45,6.323,6.323,stop,-0.01968992248062007,-0.021462028548524192,9.046674492363598,0.0017721060679041223,2
BNB,short,2024-07-02 12:00:00+00:00,2024-07-02 16:00:00+00:00,2024-07-02 16:00:00+00:00,575.5,581.8,581.8,stop,-0.010828463389480847,-0.012104842218862655,6.455921962584254,0.001276378829381808,0
AVAX,long,2024-07-02 16:00:00+00:00,2024-07-02 20:00:00+00:00,2024-07-03 00:00:00+00:00,28.737,28.111,28.111,stop,-0.021783763092876662,-0.023291153578215873,7.710732744665526,0.0015073904853392106,1
BTC,short,2024-07-02 12:00:00+00:00,2024-07-02 16:00:00+00:00,2024-07-03 04:00:00+00:00,61958.5,60990.0,63165.0,timeout,0.01587965240203304,0.014861650068876076,5.012959217987713,0.0010180023331569643,3
ETH,short,2024-07-02 12:00:00+00:00,2024-07-02 16:00:00+00:00,2024-07-03 04:00:00+00:00,3416.55,3360.93,3463.31,timeout,0.016548990904303285,0.015524434913965601,5.041924062981029,0.0010245559903376833,3
ADA,short,2024-07-03 00:00:00+00:00,2024-07-03 04:00:00+00:00,2024-07-03 16:00:00+00:00,0.4161,0.4065,0.4235,timeout,0.023616236162361748,0.021573342256953953,9.988775255673833,0.0020428939054077944,3
BNB,short,2024-07-03 00:00:00+00:00,2024-07-03 04:00:00+00:00,2024-07-03 16:00:00+00:00,570.0,558.0,580.9,timeout,0.021505376344086002,0.020187275500896718,6.455921962584254,0.0013181008431892849,3
XRP,short,2024-07-03 00:00:00+00:00,2024-07-03 04:00:00+00:00,2024-07-03 16:00:00+00:00,0.4807,0.4716,0.4869,timeout,0.019296013570822668,0.01812597047205511,5.742762706652812,0.0011700430987675592,3
ADA,short,2024-07-04 00:00:00+00:00,2024-07-04 04:00:00+00:00,2024-07-04 16:00:00+00:00,0.3971,0.3862,0.4138,timeout,0.028223718280683707,0.02617162893971492,9.988775255673833,0.002052089340968788,3
BTC,short,2024-07-04 00:00:00+00:00,2024-07-04 04:00:00+00:00,2024-07-04 16:00:00+00:00,59105.7,58140.2,60503.8,timeout,0.01660641002266927,0.01558767941333139,5.012959217987713,0.0010187306093378812,3
DOT,short,2024-07-04 00:00:00+00:00,2024-07-04 04:00:00+00:00,2024-07-04 16:00:00+00:00,5.908,5.837,6.135,timeout,0.012163782765119091,0.01033409476916436,9.046674492363598,0.0018296879959547319,3
ETH,short,2024-07-04 00:00:00+00:00,2024-07-04 04:00:00+00:00,2024-07-04 16:00:00+00:00,3242.92,3138.47,3313.78,timeout,0.03328054752793563,0.032239128192378175,5.041924062981029,0.0010414193355574586,3
SOL,short,2024-07-04 00:00:00+00:00,2024-07-04 04:00:00+00:00,2024-07-04 16:00:00+00:00,137.08,135.32,142.73,timeout,0.013006207508128975,0.01179114163110273,6.000925858297193,0.0012150658770262446,3
XRP,short,2024-07-04 00:00:00+00:00,2024-07-04 04:00:00+00:00,2024-07-04 16:00:00+00:00,0.4596,0.4445,0.4696,timeout,0.03397075365579294,0.032783865520712,5.742762706652812,0.0011868881350809435,3
BNB,short,2024-07-04 20:00:00+00:00,2024-07-05 00:00:00+00:00,2024-07-05 12:00:00+00:00,513.2,485.2,529.6,timeout,0.057708161582852524,0.05634334642679306,6.455921962584254,0.0013648151560594624,3
BTC,short,2024-07-04 20:00:00+00:00,2024-07-05 00:00:00+00:00,2024-07-05 12:00:00+00:00,57065.2,55489.9,58821.8,timeout,0.02838895006118225,0.02735841229218594,5.012959217987713,0.0010305377689963091,3
ETH,short,2024-07-04 20:00:00+00:00,2024-07-05 00:00:00+00:00,2024-07-05 12:00:00+00:00,3060.32,2947.5,3169.96,timeout,0.038276505513146875,0.03723005086819753,5.041924062981029,0.0010464546449493461,3
LINK,short,2024-07-04 20:00:00+00:00,2024-07-05 00:00:00+00:00,2024-07-05 12:00:00+00:00,12.528,11.981,13.147,timeout,0.045655621400551016,0.04428948933821952,6.536688716426203,0.0013661320623314932,3
XRP,short,2024-07-04 20:00:00+00:00,2024-07-05 00:00:00+00:00,2024-07-05 12:00:00+00:00,0.4328,0.4169,0.4471,timeout,0.03813864236027831,0.036946969933538965,5.742762706652812,0.001191672426739343,3
DOT,long,2024-07-06 04:00:00+00:00,2024-07-06 08:00:00+00:00,2024-07-06 20:00:00+00:00,5.829,6.263,5.629,timeout,0.07445530965860359,0.07251301729866388,9.046674492363598,0.0019422923599397013,3
ADA,short,2024-07-07 04:00:00+00:00,2024-07-07 08:00:00+00:00,2024-07-07 20:00:00+00:00,0.3652,0.3559,0.3712,timeout,0.026130935656083265,0.02408302301016718,9.988775255673833,0.0020479126459160835,3
SOL,short,2024-07-07 12:00:00+00:00,2024-07-07 16:00:00+00:00,2024-07-08 04:00:00+00:00,137.07,130.68,140.8,timeout,0.04889807162534421,0.047639954699836284,6.000925858297193,0.0012581169255079239,3
LINK,long,2024-07-09 08:00:00+00:00,2024-07-09 12:00:00+00:00,2024-07-09 12:00:00+00:00,13.174,12.895,12.895,stop,-0.02117807803248828,-0.022456892953524932,6.536688716426203,0.0012788149210366528,0
XRP,long,2024-07-09 00:00:00+00:00,2024-07-09 04:00:00+00:00,2024-07-09 16:00:00+00:00,0.433,0.4317,0.4269,timeout,-0.003002309468822184,-0.004146756471226087,5.742762706652812,0.0011444470024039033,3
AVAX,long,2024-07-10 00:00:00+00:00,2024-07-10 04:00:00+00:00,2024-07-10 16:00:00+00:00,26.865,26.303,26.033,timeout,-0.020919411874185667,-0.022428134288758894,7.710732744665526,0.001508722414573227,3
DOT,long,2024-07-10 00:00:00+00:00,2024-07-10 04:00:00+00:00,2024-07-10 16:00:00+00:00,6.174,6.127,6.05,timeout,-0.007612568837058742,-0.009406507131486497,9.046674492363598,0.0017939382944277549,3
ETH,long,2024-07-10 00:00:00+00:00,2024-07-10 04:00:00+00:00,2024-07-10 16:00:00+00:00,3080.04,3122.8,3023.92,timeout,0.013882936585239314,0.012861067648794355,5.041924062981029,0.0010218689364449585,3
ETH,short,2024-07-11 00:00:00+00:00,2024-07-11 04:00:00+00:00,2024-07-11 08:00:00+00:00,3077.0,3131.57,3131.57,stop,-0.017425764073611738,-0.018416077701756906,5.041924062981029,0.0009903136281451674,1
LINK,short,2024-07-11 00:00:00+00:00,2024-07-11 04:00:00+00:00,2024-07-11 08:00:00+00:00,12.624,12.933,12.933,stop,-0.023892368360009186,-0.025167637104879348,6.536688716426203,0.0012752687448701616,1
ADA,long,2024-07-10 20:00:00+00:00,2024-07-11 00:00:00+00:00,2024-07-11 12:00:00+00:00,0.3885,0.3958,0.3826,timeout,0.018790218790218693,0.016756956464624606,9.988775255673833,0.0020332623255940874,3
AVAX,short,2024-07-11 12:00:00+00:00,2024-07-11 16:00:00+00:00,2024-07-12 04:00:00+00:00,25.133,25.419,26.373,timeout,-0.011251426098587758,-0.012775046476638519,7.710732744665526,0.0015236203780507607,3
BNB,short,2024-07-11 12:00:00+00:00,2024-07-11 16:00:00+00:00,2024-07-12 04:00:00+00:00,524.3,521.5,545.6,timeout,0.005369127516778427,0.0040718481040755705,6.455921962584254,0.0012972794127028564,3
BTC,short,2024-07-11 12:00:00+00:00,2024-07-11 16:00:00+00:00,2024-07-12 04:00:00+00:00,57405.7,56921.6,59671.5,timeout,0.00850468012143013,0.007494068170559975,5.012959217987713,0.001010611950870155,3
DOT,short,2024-07-11 12:00:00+00:00,2024-07-11 16:00:00+00:00,2024-07-12 04:00:00+00:00,6.004,5.893,6.245,timeout,0.018835907008314834,0.016994157816491162,9.046674492363598,0.0018417491918236717,3
LINK,short,2024-07-11 12:00:00+00:00,2024-07-11 16:00:00+00:00,2024-07-12 04:00:00+00:00,12.717,12.477,13.166,timeout,0.019235393123346878,0.01790377865954862,6.536688716426203,0.0013316144637982585,3
SOL,short,2024-07-11 12:00:00+00:00,2024-07-11 16:00:00+00:00,2024-07-12 04:00:00+00:00,138.48,136.52,146.19,timeout,0.014356870788162723,0.01314018483729007,6.000925858297193,0.0012166859508726535,3
XRP,short,2024-07-11 12:00:00+00:00,2024-07-11 16:00:00+00:00,2024-07-12 04:00:00+00:00,0.4405,0.4518,0.4547,timeout,-0.025011066843736107,-0.02613025014027226,5.742762706652812,0.0011191832965361526,3
BNB,long,2024-07-12 08:00:00+00:00,2024-07-12 12:00:00+00:00,2024-07-13 00:00:00+00:00,524.0,533.8,517.8,timeout,0.018702290076335837,0.01738780619930136,6.455921962584254,0.001314483877034478,3
AVAX,long,2024-07-12 20:00:00+00:00,2024-07-13 00:00:00+00:00,2024-07-13 12:00:00+00:00,25.974,25.786,25.097,timeout,-0.00723800723800716,-0.00876781212739186,7.710732744665526,0.0015298048893847005,3
BNB,long,2024-07-13 04:00:00+00:00,2024-07-13 08:00:00+00:00,2024-07-13 12:00:00+00:00,535.9,531.8,531.8,stop,-0.007650681097219669,-0.008931160382277814,6.455921962584254,0.0012804792850581448,1
ADA,long,2024-07-13 04:00:00+00:00,2024-07-13 08:00:00+00:00,2024-07-13 20:00:00+00:00,0.4245,0.4455,0.4113,timeout,0.049469964664311084,0.04737547288215738,9.988775255673833,0.002094491782153707,3
BTC,long,2024-07-13 20:00:00+00:00,2024-07-14 00:00:00+00:00,2024-07-14 12:00:00+00:00,59205.2,60110.1,58238.2,timeout,0.015284130448001143,0.014266724881141668,5.012959217987713,0.001017405566859475,3
ETH,long,2024-07-13 20:00:00+00:00,2024-07-14 00:00:00+00:00,2024-07-14 12:00:00+00:00,3175.96,3203.06,3143.0,timeout,0.00853285305860263,0.007516376346413445,5.041924062981029,0.001016476712189185,3
SOL,long,2024-07-13 20:00:00+00:00,2024-07-14 00:00:00+00:00,2024-07-14 12:00:00+00:00,141.83,144.86,139.05,timeout,0.02136360431502493,0.02013851402985023,6.000925858297193,0.0012250902851747014,3
LINK,long,2024-07-14 12:00:00+00:00,2024-07-14 16:00:00+00:00,2024-07-15 04:00:00+00:00,13.273,13.803,12.985,timeout,0.039930686355759804,0.03857203382795138,6.536688716426203,0.0013586525278084238,3
BTC,long,2024-07-14 20:00:00+00:00,2024-07-15 00:00:00+00:00,2024-07-15 12:00:00+00:00,60789.7,62466.0,59864.5,timeout,0.027575395173853545,0.026545672659667563,5.012959217987713,0.0010297225141859823,3
AVAX,short,2024-07-16 04:00:00+00:00,2024-07-16 08:00:00+00:00,2024-07-16 12:00:00+00:00,26.852,28.115,28.115,stop,-0.04492263916059036,-0.04639437360147858,7.710732744665526,0.0014717344408882171,1
BTC,short,2024-07-16 04:00:00+00:00,2024-07-16 08:00:00+00:00,2024-07-16 16:00:00+00:00,62920.1,65000.0,65000.0,stop,-0.03199846153846153,-0.03296848571634858,5.012959217987713,0.0009700241778870522,2
XRP,short,2024-07-17 12:00:00+00:00,2024-07-17 16:00:00+00:00,2024-07-17 20:00:00+00:00,0.6025,0.6347,0.6347,stop,-0.05073262958878211,-0.05182228727491778,5.742762706652812,0.00108965768613567,1
DOT,short,2024-07-17 12:00:00+00:00,2024-07-17 16:00:00+00:00,2024-07-18 04:00:00+00:00,6.38,6.367,6.535,timeout,0.002041777917386467,0.00023038746485326556,9.046674492363598,0.0018113904525332014,3
BTC,long,2024-07-18 00:00:00+00:00,2024-07-18 04:00:00+00:00,2024-07-18 12:00:00+00:00,64861.6,63906.9,63906.9,stop,-0.014719032524637021,-0.015706372236908517,5.012959217987713,0.0009873397122714955,2
ETH,long,2024-07-18 00:00:00+00:00,2024-07-18 04:00:00+00:00,2024-07-18 16:00:00+00:00,3431.88,3389.52,3383.61,timeout,-0.012343088919193002,-0.013338525256940015,5.041924062981029,0.0009954363377470132,3
SOL,short,2024-07-18 12:00:00+00:00,2024-07-18 16:00:00+00:00,2024-07-19 00:00:00+00:00,156.38,161.64,161.64,stop,-0.03254145013610488,-0.033701883174584,6.000925858297193,0.001160433038479125,2
AVAX,short,2024-07-18 12:00:00+00:00,2024-07-18 16:00:00+00:00,2024-07-19 04:00:00+00:00,26.886,27.284,27.775,timeout,-0.01458730391438201,-0.016105783843634147,7.710732744665526,0.0015184799292521367,3
BNB,short,2024-07-18 12:00:00+00:00,2024-07-18 16:00:00+00:00,2024-07-19 04:00:00+00:00,565.4,572.8,579.4,timeout,-0.012918994413407825,-0.014192675723256887,6.455921962584254,0.0012736813098490618,3
LINK,short,2024-07-18 12:00:00+00:00,2024-07-18 16:00:00+00:00,2024-07-19 04:00:00+00:00,13.531,13.649,13.961,timeout,-0.008645322001611722,-0.009940510764564037,6.536688716426203,0.0012951887629523151,3
XRP,short,2024-07-18 12:00:00+00:00,2024-07-18 16:00:00+00:00,2024-07-19 04:00:00+00:00,0.563,0.5559,0.5875,timeout,0.012772081309587957,0.011609526989170726,5.742762706652812,0.0011625543204172306,3
BTC,long,2024-07-19 00:00:00+00:00,2024-07-19 04:00:00+00:00,2024-07-19 16:00:00+00:00,64330.0,65841.5,63300.0,timeout,0.023496036064044823,0.022470401432790554,5.012959217987713,0.0010256346312542686,3
DOT,long,2024-07-19 00:00:00+00:00,2024-07-19 04:00:00+00:00,2024-07-19 16:00:00+00:00,6.132,6.245,5.979,timeout,0.018427919112850688,0.016586907440554466,9.046674492363598,0.0018410116722962222,3
AVAX,long,2024-07-20 12:00:00+00:00,2024-07-20 16:00:00+00:00,2024-07-21 04:00:00+00:00,28.402,29.2,27.766,timeout,0.02809661291458343,0.02651235884697889,7.710732744665526,0.0015842540676045402,3
BNB,long,2024-07-20 12:00:00+00:00,2024-07-20 16:00:00+00:00,2024-07-21 04:00:00+00:00,594.9,595.6,587.4,timeout,0.0011766683476215345,-0.00011520131972508896,6.455921962584254,0.0012918696673466235,3
BTC,long,2024-07-20 12:00:00+00:00,2024-07-20 16:00:00+00:00,2024-07-21 04:00:00+00:00,66829.4,67182.5,66281.1,timeout,0.005283602725746572,0.0042762185827138754,5.012959217987713,0.0010073841430326969,3
LINK,short,2024-07-21 00:00:00+00:00,2024-07-21 04:00:00+00:00,2024-07-21 08:00:00+00:00,14.171,14.339,14.339,stop,-0.011716298207685383,-0.01300747479017239,6.536688716426203,0.001291176582487008,1
BNB,long,2024-07-21 12:00:00+00:00,2024-07-21 16:00:00+00:00,2024-07-21 16:00:00+00:00,599.1,591.8,591.8,stop,-0.012184944082790916,-0.013459572575476364,6.455921962584254,0.0012746284926854479,0
BTC,long,2024-07-21 12:00:00+00:00,2024-07-21 16:00:00+00:00,2024-07-21 16:00:00+00:00,67164.1,66603.2,66603.2,stop,-0.00835118761362108,-0.009344908476416891,5.012959217987713,0.0009937208627958105,0
SOL,long,2024-07-21 16:00:00+00:00,2024-07-21 20:00:00+00:00,2024-07-22 08:00:00+00:00,178.03,178.4,170.3,timeout,0.002078301409874861,0.000876343177904193,6.000925858297193,0.0012019582319706679,3
XRP,long,2024-07-21 16:00:00+00:00,2024-07-21 20:00:00+00:00,2024-07-22 08:00:00+00:00,0.5912,0.5979,0.5718,timeout,0.011332882273342504,0.01017197999990449,5.742762706652812,0.0011609022734380137,3
ADA,short,2024-07-22 12:00:00+00:00,2024-07-22 16:00:00+00:00,2024-07-23 04:00:00+00:00,0.4298,0.426,0.439,timeout,0.008920187793427292,0.006906623695994263,9.988775255673833,0.0020135640974330293,3
ETH,short,2024-07-22 12:00:00+00:00,2024-07-22 16:00:00+00:00,2024-07-23 04:00:00+00:00,3456.92,3475.66,3507.89,timeout,-0.005391781704769727,-0.006394224102737045,5.041924062981029,0.001002442397967318,3
LINK,short,2024-07-22 12:00:00+00:00,2024-07-22 16:00:00+00:00,2024-07-23 04:00:00+00:00,14.15,14.046,14.396,timeout,0.007404243200911376,0.00608808594205934,6.536688716426203,0.0013161572588520354,3
BNB,short,2024-07-22 20:00:00+00:00,2024-07-23 00:00:00+00:00,2024-07-23 12:00:00+00:00,587.1,584.8,596.5,timeout,0.003932968536251913,0.002637542273230986,6.455921962584254,0.0012954262630209268,3
DOT,short,2024-07-22 20:00:00+00:00,2024-07-23 00:00:00+00:00,2024-07-23 12:00:00+00:00,6.099,6.051,6.241,timeout,0.00793257312840856,0.006110533888131764,9.046674492363598,0.001822039240276796,3
XRP,short,2024-07-23 04:00:00+00:00,2024-07-23 08:00:00+00:00,2024-07-23 20:00:00+00:00,0.6001,0.5947,0.6169,timeout,0.00908020850849156,0.007921892064250535,5.742762706652812,0.0011583164442410254,3
XRP,long,2024-07-24 00:00:00+00:00,2024-07-24 04:00:00+00:00,2024-07-24 16:00:00+00:00,0.6045,0.6238,0.5914,timeout,0.03192721257237374,0.030742670204479294,5.742762706652812,0.0011845423678944478,3
LINK,short,2024-07-24 12:00:00+00:00,2024-07-24 16:00:00+00:00,2024-07-25 04:00:00+00:00,13.734,12.966,13.959,timeout,0.05923183711244806,0.05784796794509872,6.536688716426203,0.0013838691673493386,3
BTC,long,2024-07-25 12:00:00+00:00,2024-07-25 16:00:00+00:00,2024-07-26 04:00:00+00:00,64786.0,67046.6,63433.6,timeout,0.03489334115395315,0.03385628540293739,5.012959217987713,0.0010370557510157585,3
ETH,long,2024-07-25 20:00:00+00:00,2024-07-26 00:00:00+00:00,2024-07-26 12:00:00+00:00,3175.0,3247.09,3087.0,timeout,0.02270551181102376,0.021674750807026077,5.041924062981029,0.0010307610039976822,3
LINK,long,2024-07-25 20:00:00+00:00,2024-07-26 00:00:00+00:00,2024-07-26 12:00:00+00:00,12.937,13.328,12.461,timeout,0.030223390275952777,0.02887742017258854,6.536688716426203,0.0013459701033642357,3
BTC,long,2024-07-26 12:00:00+00:00,2024-07-26 16:00:00+00:00,2024-07-27 04:00:00+00:00,67574.4,67802.1,66855.2,timeout,0.0033696192641001765,0.0023641531037978947,5.012959217987713,0.0010054661603022819,3
BNB,long,2024-07-27 00:00:00+00:00,2024-07-27 04:00:00+00:00,2024-07-27 16:00:00+00:00,583.1,585.6,577.7,timeout,0.004287429257417319,0.002991545615525615,6.455921962584254,0.0012958836418917041,3
DOT,short,2024-07-27 12:00:00+00:00,2024-07-27 16:00:00+00:00,2024-07-28 04:00:00+00:00,5.834,5.788,5.943,timeout,0.007947477539737235,0.006125411356763033,9.046674492363598,0.0018220661829742024,3
SOL,short,2024-07-27 12:00:00+00:00,2024-07-27 16:00:00+00:00,2024-07-28 04:00:00+00:00,182.56,184.33,188.36,timeout,-0.009602343622850396,-0.010790291325471824,6.000925858297193,0.001187947702621428,3
BNB,long,2024-07-28 16:00:00+00:00,2024-07-28 20:00:00+00:00,2024-07-29 08:00:00+00:00,583.9,593.6,579.1,timeout,0.016612433635896595,0.015300646407944818,6.455921962584254,0.0013117872279517773,3
BTC,short,2024-07-29 12:00:00+00:00,2024-07-29 16:00:00+00:00,2024-07-30 04:00:00+00:00,68100.0,66623.7,70098.0,timeout,0.022158781334570277,0.02113448675223939,5.012959217987713,0.0010242945823308869,3
SOL,short,2024-07-29 12:00:00+00:00,2024-07-29 16:00:00+00:00,2024-07-30 04:00:00+00:00,186.97,182.54,193.22,timeout,0.024268653445820076,0.02304007865478197,6.000925858297193,0.0012285747910381062,3
LINK,long,2024-07-30 00:00:00+00:00,2024-07-30 04:00:00+00:00,2024-07-30 16:00:00+00:00,13.76,13.55,13.407,timeout,-0.015261627906976716,-0.01654817257387442,6.536688716426203,0.0012865446668977043,3
DOT,short,2024-07-30 12:00:00+00:00,2024-07-30 16:00:00+00:00,2024-07-31 04:00:00+00:00,5.648,5.516,5.709,timeout,0.02393038433647554,0.02207942586037248,9.046674492363598,0.0018509584761030595,3
ETH,short,2024-07-30 12:00:00+00:00,2024-07-30 16:00:00+00:00,2024-07-31 04:00:00+00:00,3321.54,3294.11,3366.67,timeout,0.00832698361621187,0.007310714395026396,5.041924062981029,0.001016269221185473,3
BNB,long,2024-07-30 20:00:00+00:00,2024-07-31 00:00:00+00:00,2024-07-31 12:00:00+00:00,588.2,586.8,569.6,timeout,-0.002380142808568686,-0.0036674229398319103,6.455921962584254,0.0012872801312632243,3
DOT,short,2024-07-31 12:00:00+00:00,2024-07-31 16:00:00+00:00,2024-08-01 04:00:00+00:00,5.46,5.363,5.56,timeout,0.01808689166511268,0.016246496467974048,9.046674492363598,0.0018403951971386334,3
ETH,short,2024-07-31 12:00:00+00:00,2024-07-31 16:00:00+00:00,2024-08-01 04:00:00+00:00,3303.0,3178.9,3351.0,timeout,0.03903866117210342,0.03799143836826291,5.041924062981029,0.0010472228038405085,3
BNB,short,2024-07-31 16:00:00+00:00,2024-07-31 20:00:00+00:00,2024-08-01 08:00:00+00:00,582.1,568.9,592.8,timeout,0.02320267182281599,0.021882380872111362,6.455921962584254,0.0013202909507046279,3
AVAX,short,2024-08-01 12:00:00+00:00,2024-08-01 16:00:00+00:00,2024-08-01 20:00:00+00:00,24.592,25.705,25.705,stop,-0.043298969072164906,-0.04477320552104502,7.710732744665526,0.0014742364488801174,1
BNB,short,2024-08-01 12:00:00+00:00,2024-08-01 16:00:00+00:00,2024-08-01 20:00:00+00:00,558.9,575.0,575.0,stop,-0.028000000000000025,-0.029254221513904555,6.455921962584254,0.0012542215139045298,1
BTC,short,2024-08-01 12:00:00+00:00,2024-08-01 16:00:00+00:00,2024-08-01 20:00:00+00:00,62906.8,64944.9,64944.9,stop,-0.03138198688426652,-0.03235262882493162,5.012959217987713,0.0009706419406650957,1
ETH,short,2024-08-01 12:00:00+00:00,2024-08-01 16:00:00+00:00,2024-08-01 20:00:00+00:00,3116.68,3207.6,3207.6,stop,-0.028345180197032027,-0.029324488400647497,5.041924062981029,0.0009793082036154699,1
ADA,short,2024-08-01 12:00:00+00:00,2024-08-01 16:00:00+00:00,2024-08-02 04:00:00+00:00,0.3781,0.3853,0.3956,timeout,-0.01868673760705941,-0.02064520486482213,9.988775255673833,0.0019584672577627193,3
LINK,short,2024-08-01 12:00:00+00:00,2024-08-01 16:00:00+00:00,2024-08-02 04:00:00+00:00,12.511,12.777,13.101,timeout,-0.02081865852704079,-0.022097943023815514,6.536688716426203,0.0012792844967747241,3
SOL,short,2024-08-01 12:00:00+00:00,2024-08-01 16:00:00+00:00,2024-08-02 04:00:00+00:00,162.62,164.31,171.41,timeout,-0.010285436065972875,-0.011472564422856601,6.000925858297193,0.0011871283568837265,3
XRP,short,2024-08-01 12:00:00+00:00,2024-08-01 16:00:00+00:00,2024-08-02 04:00:00+00:00,0.5856,0.5875,0.6144,timeout,-0.003234042553191485,-0.004378223550732696,5.742762706652812,0.001144180997541211,3
AVAX,short,2024-08-02 12:00:00+00:00,2024-08-02 16:00:00+00:00,2024-08-03 04:00:00+00:00,24.114,23.721,25.341,timeout,0.01656759833059307,0.015001109994361217,7.710732744665526,0.0015664883362318527,3
BNB,short,2024-08-02 12:00:00+00:00,2024-08-02 16:00:00+00:00,2024-08-03 04:00:00+00:00,558.8,542.0,576.6,timeout,0.030996309963099655,0.029665962480885488,6.455921962584254,0.001330347482214167,3
BTC,short,2024-08-02 12:00:00+00:00,2024-08-02 16:00:00+00:00,2024-08-03 04:00:00+00:00,63410.1,61889.9,65555.0,timeout,0.02456297392627871,0.023536270127795245,5.012959217987713,0.0010267037984834637,3
DOT,short,2024-08-02 12:00:00+00:00,2024-08-02 16:00:00+00:00,2024-08-03 04:00:00+00:00,5.125,5.135,5.291,timeout,-0.0019474196689386325,-0.0037515988508637355,9.046674492363598,0.001804179181925103,3
ETH,short,2024-08-02 12:00:00+00:00,2024-08-02 16:00:00+00:00,2024-08-03 04:00:00+00:00,3038.66,2982.11,3183.51,timeout,0.0189630831860661,0.017936094088489618,5.041924062981029,0.0010269890975764806,3
LINK,short,2024-08-02 12:00:00+00:00,2024-08-02 16:00:00+00:00,2024-08-03 04:00:00+00:00,12.094,11.961,12.676,timeout,0.011119471616085619,0.009798460471735382,6.536688716426203,0.001321011144350237,3
SOL,short,2024-08-02 12:00:00+00:00,2024-08-02 16:00:00+00:00,2024-08-03 04:00:00+00:00,156.7,153.51,167.66,timeout,0.020780405185329975,0.01955601442732191,6.000925858297193,0.0012243907580080649,3
XRP,short,2024-08-02 12:00:00+00:00,2024-08-02 16:00:00+00:00,2024-08-03 04:00:00+00:00,0.5617,0.5638,0.5809,timeout,-0.003724725079815472,-0.004868342826155447,5.742762706652812,0.0011436177463399755,3
AVAX,long,2024-08-03 08:00:00+00:00,2024-08-03 12:00:00+00:00,2024-08-03 12:00:00+00:00,23.93,23.47,23.47,stop,-0.019222732971165946,-0.020734069897274,7.710732744665526,0.0015113369261080534,0
ADA,short,2024-08-03 12:00:00+00:00,2024-08-03 16:00:00+00:00,2024-08-04 04:00:00+00:00,0.3597,0.3626,0.3723,timeout,-0.007997793712079315,-0.009977593552861763,9.988775255673833,0.001979799840782448,3
BNB,short,2024-08-03 12:00:00+00:00,2024-08-03 16:00:00+00:00,2024-08-04 04:00:00+00:00,531.9,528.3,545.0,timeout,0.006814310051107331,0.00551516584516798,6.455921962584254,0.001299144205939351,3
BTC,short,2024-08-03 12:00:00+00:00,2024-08-03 16:00:00+00:00,2024-08-04 04:00:00+00:00,60875.9,60746.3,62206.2,timeout,0.0021334632726601743,0.0011292358512977607,5.012959217987713,0.0010042274213624136,3
DOT,short,2024-08-03 12:00:00+00:00,2024-08-03 16:00:00+00:00,2024-08-04 04:00:00+00:00,5.058,5.069,5.204,timeout,-0.0021700532649437942,-0.0039738299922217335,9.046674492363598,0.0018037767272779393,3
ETH,short,2024-08-03 12:00:00+00:00,2024-08-03 16:00:00+00:00,2024-08-04 04:00:00+00:00,2942.58,2916.26,3018.74,timeout,0.00902525837888235,0.008008285382869351,5.041924062981029,0.0010169729960129992,3
LINK,short,2024-08-03 12:00:00+00:00,2024-08-03 16:00:00+00:00,2024-08-04 04:00:00+00:00,11.813,11.735,12.135,timeout,0.00664678312739686,0.005331615477811358,6.536688716426203,0.0013151676495855025,3
SOL,short,2024-08-03 12:00:00+00:00,2024-08-03 16:00:00+00:00,2024-08-04 04:00:00+00:00,146.17,144.35,153.58,timeout,0.01260824385174919,0.011393655318351792,6.000925858297193,0.0012145885333973983,3
BTC,short,2024-08-04 12:00:00+00:00,2024-08-04 16:00:00+00:00,2024-08-05 04:00:00+00:00,59097.8,53881.7,61095.0,timeout,0.09680652243711707,0.09570742413721245,5.012959217987713,0.0010990982999046217,3
ETH,short,2024-08-04 12:00:00+00:00,2024-08-04 16:00:00+00:00,2024-08-05 04:00:00+00:00,2827.81,2312.85,2926.44,timeout,0.22265170676870527,0.22141942466378484,5.041924062981029,0.0012322821049204347,3
SOL,short,2024-08-04 12:00:00+00:00,2024-08-04 16:00:00+00:00,2024-08-05 04:00:00+00:00,135.24,126.09,145.07,timeout,0.072567213894837,0.07128070665257003,6.000925858297193,0.0012865072422669765,3
ADA,long,2024-08-05 12:00:00+00:00,2024-08-05 16:00:00+00:00,2024-08-06 04:00:00+00:00,0.3194,0.3254,0.2816,timeout,0.018785222291797243,0.016751969938022304,9.988775255673833,0.002033252353774939,3
AVAX,long,2024-08-05 12:00:00+00:00,2024-08-05 16:00:00+00:00,2024-08-06 04:00:00+00:00,19.723,20.405,17.424,timeout,0.03457891801450086,0.03298467498467916,7.710732744665526,0.0015942430298216959,3
BNB,long,2024-08-05 12:00:00+00:00,2024-08-05 16:00:00+00:00,2024-08-06 04:00:00+00:00,462.0,478.6,408.7,timeout,0.035930735930735924,0.03459402130530442,6.455921962584254,0.001336714625431501,3
BTC,long,2024-08-05 12:00:00+00:00,2024-08-05 16:00:00+00:00,2024-08-06 04:00:00+00:00,54320.2,55666.7,49555.0,timeout,0.02478820033799578,0.023761270842490134,5.012959217987713,0.0010269294955056463,3
ETH,long,2024-08-05 12:00:00+00:00,2024-08-05 16:00:00+00:00,2024-08-06 04:00:00+00:00,2450.15,2492.12,2180.12,timeout,0.017129563496112388,0.016104422360216475,5.041924062981029,0.0010251411358959128,3
LINK,long,2024-08-05 12:00:00+00:00,2024-08-05 16:00:00+00:00,2024-08-06 04:00:00+00:00,9.439,9.938,8.111,timeout,0.05286576967899137,0.05149021767520323,6.536688716426203,0.0013755520037881386,3
SOL,long,2024-08-05 12:00:00+00:00,2024-08-05 16:00:00+00:00,2024-08-06 04:00:00+00:00,130.44,138.59,110.03,timeout,0.06248083409996941,0.06120642512108976,6.000925858297193,0.0012744089788796487,3
XRP,long,2024-08-05 12:00:00+00:00,2024-08-05 16:00:00+00:00,2024-08-06 04:00:00+00:00,0.4887,0.5111,0.4316,timeout,0.0458358911397585,0.04463538309245951,5.742762706652812,0.001200508047298987,3
AVAX,long,2024-08-06 12:00:00+00:00,2024-08-06 16:00:00+00:00,2024-08-07 04:00:00+00:00,21.111,21.206,20.016,timeout,0.004500023684335108,0.00295213097810465,7.710732744665526,0.0015478927062304582,3
BTC,long,2024-08-06 12:00:00+00:00,2024-08-06 16:00:00+00:00,2024-08-07 04:00:00+00:00,56407.7,56854.0,54354.5,timeout,0.007912040377466178,0.006902022304660971,5.012959217987713,0.0010100180728052077,3
DOT,long,2024-08-06 12:00:00+00:00,2024-08-06 16:00:00+00:00,2024-08-07 04:00:00+00:00,4.484,4.542,4.265,timeout,0.012934879571810942,0.011103797664519854,9.046674492363598,0.0018310819072910878,3
ETH,long,2024-08-06 12:00:00+00:00,2024-08-06 16:00:00+00:00,2024-08-07 04:00:00+00:00,2527.19,2506.89,2411.31,timeout,-0.00803263703955781,-0.009032417781100421,5.041924062981029,0.0009997807415426108,3
LINK,long,2024-08-06 12:00:00+00:00,2024-08-06 16:00:00+00:00,2024-08-07 04:00:00+00:00,10.373,10.315,9.765,timeout,-0.00559143931360262,-0.006890617924617093,6.536688716426203,0.0012991786110144732,3
SOL,long,2024-08-06 12:00:00+00:00,2024-08-06 16:00:00+00:00,2024-08-07 04:00:00+00:00,145.88,151.57,136.11,timeout,0.039004661365505955,0.037758411243108414,6.000925858297193,0.0012462501223975408,3
ADA,long,2024-08-07 00:00:00+00:00,2024-08-07 04:00:00+00:00,2024-08-07 12:00:00+00:00,0.3366,0.3266,0.3266,stop,-0.029708853238265,-0.03164532298167411,9.988775255673833,0.0019364697434091083,2
XRP,long,2024-08-07 00:00:00+00:00,2024-08-07 04:00:00+00:00,2024-08-07 12:00:00+00:00,0.5153,0.4997,0.4997,stop,-0.030273627013390314,-0.03138676945219088,5.742762706652812,0.0011131424388005629,2
DOT,short,2024-08-07 12:00:00+00:00,2024-08-07 16:00:00+00:00,2024-08-08 00:00:00+00:00,4.509,4.639,4.639,stop,-0.0280232808794999,-0.029780322739330067,9.046674492363598,0.0017570418598301663,2
ETH,short,2024-08-07 08:00:00+00:00,2024-08-07 12:00:00+00:00,2024-08-08 00:00:00+00:00,2473.49,2342.32,2553.26,timeout,0.05600003415417176,0.054935716378569976,5.041924062981029,0.0010643177756017863,3
AVAX,long,2024-08-08 00:00:00+00:00,2024-08-08 04:00:00+00:00,2024-08-08 16:00:00+00:00,20.646,21.949,19.524,timeout,0.06311149859536958,0.06147328804705121,7.710732744665526,0.001638210548318364,3
BNB,long,2024-08-08 00:00:00+00:00,2024-08-08 04:00:00+00:00,2024-08-08 16:00:00+00:00,485.2,498.8,467.5,timeout,0.028029678483099785,0.02670315899782616,6.455921962584254,0.001326519485273625,3
LINK,long,2024-08-08 00:00:00+00:00,2024-08-08 04:00:00+00:00,2024-08-08 16:00:00+00:00,9.957,10.199,9.345,timeout,0.024304509390378426,0.022966272208623906,6.536688716426203,0.0013382371817545202,3
SOL,long,2024-08-08 00:00:00+00:00,2024-08-08 04:00:00+00:00,2024-08-08 16:00:00+00:00,153.16,160.57,141.38,timeout,0.048380778271089,0.04712328182105163,6.000925858297193,0.0012574964500373653,3
ETH,long,2024-08-08 08:00:00+00:00,2024-08-08 12:00:00+00:00,2024-08-09 00:00:00+00:00,2447.31,2682.84,2406.18,timeout,0.0962403618667027,0.09513548680445783,5.041924062981029,0.001104875062244881,3
ADA,long,2024-08-08 12:00:00+00:00,2024-08-08 16:00:00+00:00,2024-08-09 04:00:00+00:00,0.3396,0.3519,0.3284,timeout,0.03621908127208484,0.034151035093241244,9.988775255673833,0.0020680461788435966,3
BTC,long,2024-08-08 12:00:00+00:00,2024-08-08 16:00:00+00:00,2024-08-09 04:00:00+00:00,59423.0,61360.0,56670.2,timeout,0.03259680595055792,0.03156205153335634,5.012959217987713,0.0010347544172015777,3
DOT,long,2024-08-08 12:00:00+00:00,2024-08-08 16:00:00+00:00,2024-08-09 04:00:00+00:00,4.749,4.829,4.574,timeout,0.016845651716150822,0.015007500307886446,9.046674492363598,0.0018381514082643768,3
AVAX,short,2024-08-09 12:00:00+00:00,2024-08-09 16:00:00+00:00,2024-08-10 00:00:00+00:00,21.36,21.963,21.963,stop,-0.02745526567408829,-0.028953916610127584,7.710732744665526,0.001498650936039292,2
BNB,short,2024-08-09 12:00:00+00:00,2024-08-09 16:00:00+00:00,2024-08-10 00:00:00+00:00,501.7,511.7,511.7,stop,-0.019542700801250756,-0.02080783520260865,6.455921962584254,0.0012651344013578925,2
DOT,short,2024-08-10 00:00:00+00:00,2024-08-10 04:00:00+00:00,2024-08-10 16:00:00+00:00,4.744,4.748,4.831,timeout,-0.0008424599831509116,-0.0026486366001824413,9.046674492363598,0.0018061766170315297,3
SOL,long,2024-08-11 00:00:00+00:00,2024-08-11 04:00:00+00:00,2024-08-11 08:00:00+00:00,155.71,153.61,153.61,stop,-0.013486609723203369,-0.014669898383105395,6.000925858297193,0.0011832886599020265,1
ADA,long,2024-08-11 00:00:00+00:00,2024-08-11 04:00:00+00:00,2024-08-11 12:00:00+00:00,0.3497,0.345,0.345,stop,-0.013440091507006091,-0.015409029819215658,9.988775255673833,0.001968938312209567,2
AVAX,short,2024-08-11 08:00:00+00:00,2024-08-11 12:00:00+00:00,2024-08-12 00:00:00+00:00,21.766,20.402,22.376,timeout,0.06685619056955194,0.06521220960684104,7.710732744665526,0.0016439809627109003,3
BNB,short,2024-08-11 08:00:00+00:00,2024-08-11 12:00:00+00:00,2024-08-12 00:00:00+00:00,525.0,503.4,535.9,timeout,0.042908224076281254,0.04156250603958922,6.455921962584254,0.001345718036692034,3
BTC,short,2024-08-11 08:00:00+00:00,2024-08-11 12:00:00+00:00,2024-08-12 00:00:00+00:00,60676.2,58727.8,61951.3,timeout,0.03317679191115608,0.03214145629611331,5.012959217987713,0.001035335615042765,3
DOT,short,2024-08-11 08:00:00+00:00,2024-08-11 12:00:00+00:00,2024-08-12 00:00:00+00:00,4.714,4.497,4.829,timeout,0.04825439181676683,0.04635946284373604,9.046674492363598,0.001894928973030785,3
LINK,short,2024-08-11 08:00:00+00:00,2024-08-11 12:00:00+00:00,2024-08-12 00:00:00+00:00,10.575,9.997,10.837,timeout,0.05781734520356108,0.05643532404688467,6.536688716426203,0.0013820211566764051,3
LINK,long,2024-08-12 04:00:00+00:00,2024-08-12 08:00:00+00:00,2024-08-12 20:00:00+00:00,10.234,10.371,9.94,timeout,0.0133867500488567,0.012062776742110204,6.536688716426203,0.0013239733067464954,3
BNB,long,2024-08-12 12:00:00+00:00,2024-08-12 16:00:00+00:00,2024-08-13 04:00:00+00:00,519.6,516.3,500.2,timeout,-0.006351039260970137,-0.007633195540628468,6.455921962584254,0.0012821562796583308,3
BTC,long,2024-08-12 12:00:00+00:00,2024-08-12 16:00:00+00:00,2024-08-13 04:00:00+00:00,60207.3,59045.1,57765.4,timeout,-0.01930330707405925,-0.020286052932938614,5.012959217987713,0.0009827458588793636,3
XRP,long,2024-08-13 04:00:00+00:00,2024-08-13 08:00:00+00:00,2024-08-13 20:00:00+00:00,0.573,0.5774,0.5624,timeout,0.0076788830715532885,0.006522175199439317,5.742762706652812,0.0011567078721139712,3
BNB,short,2024-08-13 12:00:00+00:00,2024-08-13 16:00:00+00:00,2024-08-14 04:00:00+00:00,517.1,525.4,527.5,timeout,-0.01579748762847344,-0.017067454670711357,6.455921962584254,0.0012699670422379183,3
ADA,long,2024-08-14 08:00:00+00:00,2024-08-14 12:00:00+00:00,2024-08-14 12:00:00+00:00,0.3418,0.3379,0.3379,stop,-0.011410181392627283,-0.013383170921352106,9.988775255673833,0.0019729895287248223,0
BNB,long,2024-08-14 08:00:00+00:00,2024-08-14 12:00:00+00:00,2024-08-14 12:00:00+00:00,529.6,524.3,524.3,stop,-0.010007552870090808,-0.011284990962470931,6.455921962584254,0.0012774380923801232,0
BTC,short,2024-08-14 12:00:00+00:00,2024-08-14 16:00:00+00:00,2024-08-15 04:00:00+00:00,59435.4,58448.8,61847.0,timeout,0.016879730636043755,0.015860726134989234,5.012959217987713,0.0010190045010545212,3
DOT,short,2024-08-14 12:00:00+00:00,2024-08-14 16:00:00+00:00,2024-08-15 04:00:00+00:00,4.441,4.397,4.554,timeout,0.010006822833750206,0.008181033973252871,9.046674492363598,0.001825788860497335,3
ETH,short,2024-08-14 12:00:00+00:00,2024-08-14 16:00:00+00:00,2024-08-15 04:00:00+00:00,2673.9,2652.64,2785.13,timeout,0.008014657096326872,0.0069987026617477355,5.041924062981029,0.001015954434579136,3
LINK,short,2024-08-14 12:00:00+00:00,2024-08-14 16:00:00+00:00,2024-08-15 04:00:00+00:00,10.467,10.467,10.741,timeout,0.0,-0.0013064837355358794,6.536688716426203,0.0013064837355358794,3
BNB,short,2024-08-15 16:00:00+00:00,2024-08-15 20:00:00+00:00,2024-08-16 08:00:00+00:00,513.7,523.9,533.9,timeout,-0.019469364382515564,-0.020734593413620495,6.455921962584254,0.0012652290311049308,3
BTC,short,2024-08-15 16:00:00+00:00,2024-08-15 20:00:00+00:00,2024-08-16 08:00:00+00:00,57044.2,58457.3,59861.5,timeout,-0.024173199925415778,-0.025151065715801613,5.012959217987713,0.0009778657903858345,3
SOL,short,2024-08-15 16:00:00+00:00,2024-08-15 20:00:00+00:00,2024-08-16 08:00:00+00:00,139.95,144.56,147.66,timeout,-0.03188987271721089,-0.033051087300247306,6.000925858297193,0.0011612145830364184,3
BTC,short,2024-08-16 12:00:00+00:00,2024-08-16 16:00:00+00:00,2024-08-16 16:00:00+00:00,58063.6,58929.6,58929.6,stop,-0.014695501072466088,-0.015682864365358706,5.012959217987713,0.000987363292892618,0
LINK,short,2024-08-18 00:00:00+00:00,2024-08-18 04:00:00+00:00,2024-08-18 08:00:00+00:00,10.081,10.226,10.226,stop,-0.014179542343047302,-0.015467500737134654,6.536688716426203,0.0012879583940873518,1
DOT,long,2024-08-18 16:00:00+00:00,2024-08-18 20:00:00+00:00,2024-08-19 00:00:00+00:00,4.503,4.376,4.376,stop,-0.02820341994226061,-0.02996013616479154,9.046674492363598,0.0017567162225309296,1
AVAX,short,2024-08-18 20:00:00+00:00,2024-08-19 00:00:00+00:00,2024-08-19 12:00:00+00:00,20.817,20.716,21.516,timeout,0.004875458582737968,0.0033269873469632394,7.710732744665526,0.0015484712357747288,3
SOL,short,2024-08-18 20:00:00+00:00,2024-08-19 00:00:00+00:00,2024-08-19 12:00:00+00:00,142.4,142.34,147.09,timeout,0.000421525923844257,-0.0007784450632860596,6.000925858297193,0.0011999709871303166,3
ADA,short,2024-08-20 12:00:00+00:00,2024-08-20 16:00:00+00:00,2024-08-20 16:00:00+00:00,0.3393,0.3464,0.3464,stop,-0.02049653579676669,-0.0224513911289258,9.988775255673833,0.001954855332159111,0
AVAX,short,2024-08-20 12:00:00+00:00,2024-08-20 16:00:00+00:00,2024-08-20 16:00:00+00:00,21.782,22.227,22.227,stop,-0.020020695550456713,-0.02153080284945963,7.710732744665526,0.0015101072990029163,0
BNB,short,2024-08-20 12:00:00+00:00,2024-08-20 16:00:00+00:00,2024-08-20 16:00:00+00:00,561.7,573.4,573.4,stop,-0.020404604115800362,-0.021668626359051313,6.455921962584254,0.0012640222432509507,0
ETH,short,2024-08-21 08:00:00+00:00,2024-08-21 12:00:00+00:00,2024-08-21 12:00:00+00:00,2577.61,2608.23,2608.23,stop,-0.011739762214221905,-0.012735806630866486,5.041924062981029,0.0009960444166445814,0
ADA,long,2024-08-21 00:00:00+00:00,2024-08-21 04:00:00+00:00,2024-08-21 16:00:00+00:00,0.3488,0.3576,0.3422,timeout,0.025229357798165042,0.023183244486653987,9.988775255673833,0.0020461133115110552,3
LINK,short,2024-08-21 08:00:00+00:00,2024-08-21 12:00:00+00:00,2024-08-21 16:00:00+00:00,10.294,10.458,10.458,stop,-0.015681774717919317,-0.01696777046984188,6.536688716426203,0.001285995751922564,1
DOT,long,2024-08-22 08:00:00+00:00,2024-08-22 12:00:00+00:00,2024-08-22 12:00:00+00:00,4.689,4.643,4.643,stop,-0.009810194071230627,-0.011600159719551972,9.046674492363598,0.0017899656483213455,0
ETH,short,2024-08-22 12:00:00+00:00,2024-08-22 16:00:00+00:00,2024-08-23 00:00:00+00:00,2599.5,2644.5,2644.5,stop,-0.017016449234259823,-0.018007175401273612,5.041924062981029,0.000990726167013789,2
LINK,short,2024-08-23 08:00:00+00:00,2024-08-23 12:00:00+00:00,2024-08-23 12:00:00+00:00,11.518,11.733,11.733,stop,-0.018324384215460676,-0.0196069274410553,6.536688716426203,0.0012825432255946234,0
ADA,long,2024-08-23 04:00:00+00:00,2024-08-23 08:00:00+00:00,2024-08-23 20:00:00+00:00,0.3824,0.3893,0.3737,timeout,0.018043933054393113,0.01601216013716078,9.988775255673833,0.002031772917232333,3
BNB,long,2024-08-23 12:00:00+00:00,2024-08-23 16:00:00+00:00,2024-08-24 04:00:00+00:00,580.5,579.1,574.1,timeout,-0.002411714039620927,-0.0036989534329037177,6.455921962584254,0.0012872393932827908,3
DOT,long,2024-08-23 12:00:00+00:00,2024-08-23 16:00:00+00:00,2024-08-24 04:00:00+00:00,4.79,4.863,4.684,timeout,0.01524008350730699,0.013404834483941475,9.046674492363598,0.001835249023365515,3
ETH,short,2024-08-25 20:00:00+00:00,2024-08-26 00:00:00+00:00,2024-08-26 12:00:00+00:00,2746.32,2737.37,2793.66,timeout,0.0032695616595492805,0.0022583896958572325,5.041924062981029,0.001011171963692048,3
BTC,short,2024-08-28 04:00:00+00:00,2024-08-28 08:00:00+00:00,2024-08-28 08:00:00+00:00,58601.1,59669.1,59669.1,stop,-0.01789871139333421,-0.018882864782797437,5.012959217987713,0.000984153389463227,0
DOT,short,2024-08-28 04:00:00+00:00,2024-08-28 08:00:00+00:00,2024-08-28 08:00:00+00:00,4.301,4.381,4.381,stop,-0.018260671079662227,-0.02003536080465418,9.046674492363598,0.0017746897249919513,0
LINK,short,2024-08-28 04:00:00+00:00,2024-08-28 08:00:00+00:00,2024-08-28 08:00:00+00:00,10.981,11.212,11.212,stop,-0.020602925437031794,-0.02188249178557966,6.536688716426203,0.001279566348547867,0
XRP,long,2024-08-28 08:00:00+00:00,2024-08-28 12:00:00+00:00,2024-08-28 12:00:00+00:00,0.5806,0.5645,0.5645,stop,-0.02772993455046502,-0.02884599687688605,5.742762706652812,0.00111606232642103,0
ADA,long,2024-08-28 08:00:00+00:00,2024-08-28 12:00:00+00:00,2024-08-28 16:00:00+00:00,0.3578,0.3438,0.3438,stop,-0.039128004471772004,-0.04104567583550578,9.988775255673833,0.001917671363733775,1
AVAX,long,2024-08-28 08:00:00+00:00,2024-08-28 12:00:00+00:00,2024-08-28 16:00:00+00:00,24.676,23.466,23.466,stop,-0.04903550008105029,-0.0505008967745314,7.710732744665526,0.0014653966934811136,1
BNB,long,2024-08-28 08:00:00+00:00,2024-08-28 12:00:00+00:00,2024-08-28 16:00:00+00:00,543.4,530.2,530.2,stop,-0.024291497975708398,-0.025550504760213144,6.455921962584254,0.001259006784504746,1
SOL,short,2024-08-28 04:00:00+00:00,2024-08-28 08:00:00+00:00,2024-08-28 20:00:00+00:00,143.97,144.27,149.5,timeout,-0.0020794343938449478,-0.003276405565653895,6.000925858297193,0.001196971171808947,3
ETH,long,2024-08-28 08:00:00+00:00,2024-08-28 12:00:00+00:00,2024-08-29 00:00:00+00:00,2522.84,2528.29,2427.94,timeout,0.002160263829652287,0.0011502099013396272,5.041924062981029,0.0010100539283126597,3
XRP,short,2024-08-29 16:00:00+00:00,2024-08-29 20:00:00+00:00,2024-08-30 08:00:00+00:00,0.5625,0.5644,0.5763,timeout,-0.0033664068036853845,-0.004510435861185824,5.742762706652812,0.0011440290575004397,3
ADA,short,2024-08-30 08:00:00+00:00,2024-08-30 12:00:00+00:00,2024-08-31 00:00:00+00:00,0.3513,0.3469,0.3595,timeout,0.012683770539060335,0.010662695227969365,9.988775255673833,0.0020210753110909696,3
XRP,short,2024-08-30 12:00:00+00:00,2024-08-30 16:00:00+00:00,2024-08-31 00:00:00+00:00,0.5483,0.5678,0.5678,stop,-0.03434307854878471,-0.035451549691297046,5.742762706652812,0.001108471142512335,2
BNB,short,2024-08-30 12:00:00+00:00,2024-08-30 16:00:00+00:00,2024-08-31 04:00:00+00:00,523.6,537.3,543.4,timeout,-0.025497859668713763,-0.026755309822777185,6.455921962584254,0.001257450154063422,3
BTC,short,2024-08-30 12:00:00+00:00,2024-08-30 16:00:00+00:00,2024-08-31 04:00:00+00:00,58095.9,59232.6,59951.0,timeout,-0.019190445801805067,-0.02017330475778034,5.012959217987713,0.0009828589559752743,3
ETH,short,2024-08-30 12:00:00+00:00,2024-08-30 16:00:00+00:00,2024-08-31 04:00:00+00:00,2448.79,2523.83,2556.1,timeout,-0.029732588962014028,-0.03071049882873289,5.041924062981029,0.0009779098667188624,3
SOL,short,2024-08-30 12:00:00+00:00,2024-08-30 16:00:00+00:00,2024-08-31 04:00:00+00:00,133.34,138.27,140.75,timeout,-0.03565487813697843,-0.036811576726353046,6.000925858297193,0.0011566985893746162,3
XRP,long,2024-08-31 08:00:00+00:00,2024-08-31 12:00:00+00:00,2024-08-31 16:00:00+00:00,0.5692,0.5642,0.5642,stop,-0.008784258608573459,-0.009922068550105467,5.742762706652812,0.0011378099415320087,1
SOL,long,2024-09-01 12:00:00+00:00,2024-09-01 16:00:00+00:00,2024-09-01 20:00:00+00:00,134.27,129.75,129.75,stop,-0.03366351381544652,-0.03482260097738665,6.000925858297193,0.001159087161940131,1
ETH,short,2024-09-01 20:00:00+00:00,2024-09-02 00:00:00+00:00,2024-09-02 08:00:00+00:00,2425.68,2517.38,2517.38,stop,-0.0364267611564405,-0.03739792412332121,5.041924062981029,0.000971162966880712,2
LINK,short,2024-09-01 20:00:00+00:00,2024-09-02 00:00:00+00:00,2024-09-02 08:00:00+00:00,10.361,10.773,10.773,stop,-0.03824375754200304,-0.03950027643032472,6.536688716426203,0.0012565188883216782,2
XRP,short,2024-09-01 20:00:00+00:00,2024-09-02 00:00:00+00:00,2024-09-02 12:00:00+00:00,0.547,0.555,0.562,timeout,-0.014414414414414378,-0.015545761537630765,5.742762706652812,0.0011313471232163863,3
BNB,short,2024-09-03 12:00:00+00:00,2024-09-03 16:00:00+00:00,2024-09-04 04:00:00+00:00,522.2,512.7,538.2,timeout,0.018529354398283626,0.017215093669034953,6.455921962584254,0.001314260729248673,3
BTC,short,2024-09-03 12:00:00+00:00,2024-09-03 16:00:00+00:00,2024-09-04 04:00:00+00:00,57721.2,56665.9,59385.0,timeout,0.01862319313731886,0.017602441530797597,5.012959217987713,0.001020751606521264,3
DOT,short,2024-09-03 12:00:00+00:00,2024-09-03 16:00:00+00:00,2024-09-04 04:00:00+00:00,4.107,4.036,4.285,timeout,0.017591674925669043,0.015752174931598306,9.046674492363598,0.0018394999940707368,3
LINK,short,2024-09-03 12:00:00+00:00,2024-09-03 16:00:00+00:00,2024-09-04 04:00:00+00:00,10.291,10.25,10.737,timeout,0.0040000000000000036,0.002688290329522003,6.536688716426203,0.0013117096704780007,3
SOL,short,2024-09-03 12:00:00+00:00,2024-09-03 16:00:00+00:00,2024-09-04 04:00:00+00:00,129.8,127.67,135.5,timeout,0.016683637502937332,0.015464160675939809,6.000925858297193,0.0012194768269975231,3
ADA,short,2024-09-03 20:00:00+00:00,2024-09-04 00:00:00+00:00,2024-09-04 12:00:00+00:00,0.3184,0.3175,0.3261,timeout,0.002834645669291369,0.0008332268627178063,9.988775255673833,0.0020014188065735627,3
XRP,short,2024-09-03 20:00:00+00:00,2024-09-04 00:00:00+00:00,2024-09-04 12:00:00+00:00,0.5573,0.5504,0.5676,timeout,0.012536337209302362,0.011374053497966274,5.742762706652812,0.0011622837113360873,3
AVAX,long,2024-09-04 12:00:00+00:00,2024-09-04 16:00:00+00:00,2024-09-05 04:00:00+00:00,22.034,21.702,21.323,timeout,-0.015067622764817878,-0.016585362542723248,7.710732744665526,0.0015177397779053692,3
BTC,long,2024-09-04 12:00:00+00:00,2024-09-04 16:00:00+00:00,2024-09-05 04:00:00+00:00,58132.7,57122.5,56170.8,timeout,-0.01737748289688934,-0.018362158603955847,5.012959217987713,0.0009846757070665069,3
DOT,long,2024-09-04 12:00:00+00:00,2024-09-04 16:00:00+00:00,2024-09-05 04:00:00+00:00,4.156,4.016,4.004,timeout,-0.03368623676612115,-0.035433041703248014,9.046674492363598,0.0017468049371268668,3
LINK,long,2024-09-04 12:00:00+00:00,2024-09-04 16:00:00+00:00,2024-09-05 04:00:00+00:00,10.39,10.163,10.057,timeout,-0.021847930702598717,-0.02312587047201642,6.536688716426203,0.001277939769417702,3
SOL,long,2024-09-04 12:00:00+00:00,2024-09-04 16:00:00+00:00,2024-09-05 04:00:00+00:00,133.79,131.61,127.86,timeout,-0.016294192391060447,-0.017474113452747186,6.000925858297193,0.0011799210616867395,3
AVAX,short,2024-09-05 12:00:00+00:00,2024-09-05 16:00:00+00:00,2024-09-06 04:00:00+00:00,21.41,21.608,22.036,timeout,-0.009163272861902994,-0.010690110997134683,7.710732744665526,0.0015268381352316895,3
BNB,short,2024-09-05 12:00:00+00:00,2024-09-05 16:00:00+00:00,2024-09-06 04:00:00+00:00,501.5,505.4,510.3,timeout,-0.007716660071230619,-0.008997054220230338,6.455921962584254,0.0012803941489997195,3
BTC,short,2024-09-05 12:00:00+00:00,2024-09-05 16:00:00+00:00,2024-09-06 04:00:00+00:00,55973.1,56585.0,57362.0,timeout,-0.010813819916939194,-0.011805073001761035,5.012959217987713,0.0009912530848218415,3
SOL,short,2024-09-05 12:00:00+00:00,2024-09-05 16:00:00+00:00,2024-09-06 04:00:00+00:00,130.6,130.72,135.8,timeout,-0.0009179926560587415,-0.0021163569370246105,6.000925858297193,0.001198364280965869,3
XRP,short,2024-09-05 12:00:00+00:00,2024-09-05 16:00:00+00:00,2024-09-06 04:00:00+00:00,0.5461,0.5455,0.5555,timeout,0.0010999083409717336,-4.9247569908317246e-05,5.742762706652812,0.0011491559108800509,3
ADA,short,2024-09-06 04:00:00+00:00,2024-09-06 08:00:00+00:00,2024-09-06 20:00:00+00:00,0.3199,0.3131,0.3318,timeout,0.021718300862344497,0.019679194783194465,9.988775255673833,0.0020391060791500326,3
BNB,short,2024-09-06 12:00:00+00:00,2024-09-06 16:00:00+00:00,2024-09-07 04:00:00+00:00,492.4,486.4,510.0,timeout,0.01233552631578938,0.01102925780097963,6.455921962584254,0.0013062685148097497,3
BTC,short,2024-09-06 12:00:00+00:00,2024-09-06 16:00:00+00:00,2024-09-07 04:00:00+00:00,54040.6,53818.1,57048.1,timeout,0.004134296825789141,0.0031280643901314686,5.012959217987713,0.0010062324356576724,3
ETH,short,2024-09-06 12:00:00+00:00,2024-09-06 16:00:00+00:00,2024-09-07 04:00:00+00:00,2290.13,2238.01,2409.96,timeout,0.023288546521239795,0.022257197890172442,5.041924062981029,0.0010313486310673525,3
LINK,short,2024-09-06 12:00:00+00:00,2024-09-06 16:00:00+00:00,2024-09-07 04:00:00+00:00,9.684,9.656,10.097,timeout,0.0028997514498756427,0.0015894792362332044,6.536688716426203,0.0013102722136424383,3
XRP,short,2024-09-06 12:00:00+00:00,2024-09-06 16:00:00+00:00,2024-09-07 04:00:00+00:00,0.5263,0.522,0.5451,timeout,0.008237547892720354,0.00708019873298249,5.742762706652812,0.0011573491597378638,3
ADA,short,2024-09-08 12:00:00+00:00,2024-09-08 16:00:00+00:00,2024-09-09 00:00:00+00:00,0.3322,0.341,0.341,stop,-0.02580645161290329,-0.02775070961935,9.988775255673833,0.0019442580064467085,2
DOT,long,2024-09-09 04:00:00+00:00,2024-09-09 08:00:00+00:00,2024-09-09 20:00:00+00:00,4.188,4.319,4.111,timeout,0.031279847182426046,0.029415603085779063,9.046674492363598,0.001864244096646983,3
ETH,long,2024-09-10 04:00:00+00:00,2024-09-10 08:00:00+00:00,2024-09-10 12:00:00+00:00,2363.6,2329.72,2329.72,stop,-0.014334066677948898,-0.015327496355704628,5.041924062981029,0.0009934296777557305,1
BNB,short,2024-09-10 12:00:00+00:00,2024-09-10 16:00:00+00:00,2024-09-10 16:00:00+00:00,514.0,523.0,523.0,stop,-0.017208413001912004,-0.01847655945468729,6.455921962584254,0.0012681464527752873,0
BTC,long,2024-09-10 04:00:00+00:00,2024-09-10 08:00:00+00:00,2024-09-10 20:00:00+00:00,57218.5,57950.1,56388.0,timeout,0.012786074433968064,0.01177117214281087,5.012959217987713,0.0010149022911571937,3
AVAX,short,2024-09-11 12:00:00+00:00,2024-09-11 16:00:00+00:00,2024-09-12 00:00:00+00:00,23.332,23.784,23.784,stop,-0.019004372687520976,-0.020516046097733054,7.710732744665526,0.0015116734102120777,2
BNB,long,2024-09-11 12:00:00+00:00,2024-09-11 16:00:00+00:00,2024-09-12 04:00:00+00:00,517.9,543.0,508.7,timeout,0.04846495462444489,0.04711206645297894,6.455921962584254,0.001352888171465949,3
LINK,short,2024-09-12 12:00:00+00:00,2024-09-12 16:00:00+00:00,2024-09-12 16:00:00+00:00,10.541,10.712,10.712,stop,-0.01596340552651232,-0.01724903333236405,6.536688716426203,0.00128562780585173,0
ETH,short,2024-09-12 12:00:00+00:00,2024-09-12 16:00:00+00:00,2024-09-12 20:00:00+00:00,2322.93,2367.59,2367.59,stop,-0.018863063283761305,-0.01985192829159521,5.041924062981029,0.0009888650078339056,1
ADA,short,2024-09-12 12:00:00+00:00,2024-09-12 16:00:00+00:00,2024-09-13 04:00:00+00:00,0.3557,0.3539,0.3616,timeout,0.005086182537439976,0.003080270200201962,9.988775255673833,0.002005912337238014,3
BNB,short,2024-09-12 12:00:00+00:00,2024-09-12 16:00:00+00:00,2024-09-13 04:00:00+00:00,535.6,542.7,548.8,timeout,-0.013082734475769353,-0.014356204503407577,6.455921962584254,0.0012734700276382238,3
BTC,short,2024-09-12 12:00:00+00:00,2024-09-12 16:00:00+00:00,2024-09-13 04:00:00+00:00,57511.8,57859.9,58586.8,timeout,-0.006016256509257634,-0.007012317181996797,5.012959217987713,0.000996060672739163,3
SOL,short,2024-09-12 12:00:00+00:00,2024-09-12 16:00:00+00:00,2024-09-13 04:00:00+00:00,133.56,134.46,136.76,timeout,-0.006693440428380271,-0.007884877259681233,6.000925858297193,0.0011914368313009627,3
XRP,long,2024-09-12 12:00:00+00:00,2024-09-12 16:00:00+00:00,2024-09-13 04:00:00+00:00,0.5579,0.5608,0.5357,timeout,0.005198064169205985,0.00404420401257144,5.742762706652812,0.0011538601566345452,3
ADA,short,2024-09-13 08:00:00+00:00,2024-09-13 12:00:00+00:00,2024-09-13 12:00:00+00:00,0.3528,0.3579,0.3579,stop,-0.014249790444258115,-0.016217112790478105,9.988775255673833,0.0019673223462199907,0
AVAX,long,2024-09-13 12:00:00+00:00,2024-09-13 16:00:00+00:00,2024-09-14 04:00:00+00:00,24.706,25.042,23.674,timeout,0.013599935238403749,0.012038019947414824,7.710732744665526,0.0015619152909889245,3
BTC,long,2024-09-13 12:00:00+00:00,2024-09-13 16:00:00+00:00,2024-09-14 04:00:00+00:00,59658.4,60328.1,57623.5,timeout,0.01122557762192744,0.010212239088240871,5.012959217987713,0.0010133385336865697,3
DOT,long,2024-09-13 12:00:00+00:00,2024-09-13 16:00:00+00:00,2024-09-14 04:00:00+00:00,4.421,4.426,4.271,timeout,0.0011309658448315218,-0.000678778133144986,9.046674492363598,0.0018097439779765079,3
SOL,long,2024-09-13 12:00:00+00:00,2024-09-13 16:00:00+00:00,2024-09-14 04:00:00+00:00,136.6,139.4,131.66,timeout,0.02049780380673516,0.019273752019297374,6.000925858297193,0.0012240517874377854,3
LINK,short,2024-09-14 08:00:00+00:00,2024-09-14 12:00:00+00:00,2024-09-15 00:00:00+00:00,11.263,11.298,11.435,timeout,-0.0030978934324659146,-0.004400329820617888,6.536688716426203,0.001302436388151973,3
AVAX,long,2024-09-14 12:00:00+00:00,2024-09-14 16:00:00+00:00,2024-09-15 04:00:00+00:00,25.475,25.068,24.616,timeout,-0.015976447497546564,-0.01749278681438493,7.710732744665526,0.0015163393168383665,3
DOT,long,2024-09-15 12:00:00+00:00,2024-09-15 16:00:00+00:00,2024-09-15 16:00:00+00:00,4.54,4.477,4.477,stop,-0.013876651982378752,-0.015659266696639307,9.046674492363598,0.0017826147142605553,0
ADA,short,2024-09-15 08:00:00+00:00,2024-09-15 12:00:00+00:00,2024-09-16 00:00:00+00:00,0.3493,0.3384,0.3556,timeout,0.032210401891253015,0.030150356080502982,9.988775255673833,0.002060045810750033,3
XRP,short,2024-09-15 08:00:00+00:00,2024-09-15 12:00:00+00:00,2024-09-16 00:00:00+00:00,0.5835,0.5707,0.5906,timeout,0.022428596460487116,0.02125495749070394,5.742762706652812,0.001173638969783175,3
ADA,short,2024-09-16 08:00:00+00:00,2024-09-16 12:00:00+00:00,2024-09-17 00:00:00+00:00,0.3328,0.3301,0.3376,timeout,0.008179339594062363,0.006167254052964921,9.988775255673833,0.0020120855410974414,3
AVAX,long,2024-09-17 12:00:00+00:00,2024-09-17 16:00:00+00:00,2024-09-18 00:00:00+00:00,24.402,23.621,23.621,stop,-0.03200557331366294,-0.033497212415117605,7.710732744665526,0.001491639101454667,2
LINK,long,2024-09-17 12:00:00+00:00,2024-09-17 16:00:00+00:00,2024-09-18 00:00:00+00:00,10.855,10.512,10.512,stop,-0.031598341777982486,-0.03286354279391557,6.536688716426203,0.0012652010159330818,2
SOL,long,2024-09-17 12:00:00+00:00,2024-09-17 16:00:00+00:00,2024-09-18 00:00:00+00:00,134.65,130.86,130.86,stop,-0.02814704790196798,-0.02931275187379867,6.000925858297193,0.0011657039718306894,2
XRP,long,2024-09-17 12:00:00+00:00,2024-09-17 16:00:00+00:00,2024-09-18 00:00:00+00:00,0.5907,0.5803,0.5803,stop,-0.01760622989673266,-0.018733913156235293,5.742762706652812,0.001127683259502632,2
ADA,long,2024-09-18 00:00:00+00:00,2024-09-18 04:00:00+00:00,2024-09-18 08:00:00+00:00,0.3366,0.3306,0.3306,stop,-0.017825311942959,-0.01978549840092303,9.988775255673833,0.0019601864579640305,1
ADA,long,2024-09-18 16:00:00+00:00,2024-09-18 20:00:00+00:00,2024-09-19 08:00:00+00:00,0.3341,0.3476,0.327,timeout,0.040407063753367334,0.03833065936019997,9.988775255673833,0.0020764043931673637,3
AVAX,long,2024-09-18 16:00:00+00:00,2024-09-18 20:00:00+00:00,2024-09-19 08:00:00+00:00,23.379,25.903,22.781,timeout,0.10796013516403602,0.10625281473439152,7.710732744665526,0.0017073204296444988,3
BNB,long,2024-09-18 16:00:00+00:00,2024-09-18 20:00:00+00:00,2024-09-19 08:00:00+00:00,544.8,557.1,536.8,timeout,0.022577092511013364,0.021257608777419224,6.455921962584254,0.00131948373359414,3
AVAX,long,2024-09-19 20:00:00+00:00,2024-09-20 00:00:00+00:00,2024-09-20 12:00:00+00:00,26.662,28.132,26.119,timeout,0.0551346485634987,0.05350873000890055,7.710732744665526,0.0016259185545981492,3
BTC,long,2024-09-20 00:00:00+00:00,2024-09-20 04:00:00+00:00,2024-09-20 12:00:00+00:00,63766.1,62609.0,62609.0,stop,-0.018146005479400484,-0.019129911058056503,5.012959217987713,0.0009839055786560191,2
ADA,long,2024-09-20 00:00:00+00:00,2024-09-20 04:00:00+00:00,2024-09-20 16:00:00+00:00,0.3588,0.3547,0.3486,timeout,-0.01142697881828314,-0.013399934823352111,9.988775255673833,0.001972956005068971,3
BNB,long,2024-09-20 00:00:00+00:00,2024-09-20 04:00:00+00:00,2024-09-20 16:00:00+00:00,571.4,569.9,558.9,timeout,-0.0026251312565628293,-0.003912095266651039,6.455921962584254,0.0012869640100882096,3
DOT,long,2024-09-20 00:00:00+00:00,2024-09-20 04:00:00+00:00,2024-09-20 16:00:00+00:00,4.332,4.309,4.188,timeout,-0.005309325946444954,-0.007107427811967271,9.046674492363598,0.0017981018655223169,3
ETH,long,2024-09-20 00:00:00+00:00,2024-09-20 04:00:00+00:00,2024-09-20 16:00:00+00:00,2521.04,2560.48,2437.0,timeout,0.015644337257639807,0.014620693046587752,5.041924062981029,0.001023644211052055,3
LINK,long,2024-09-20 00:00:00+00:00,2024-09-20 04:00:00+00:00,2024-09-20 16:00:00+00:00,11.428,11.533,11.124,timeout,0.009187959397969792,0.007869471742917522,6.536688716426203,0.0013184876550522695,3
SOL,short,2024-09-21 00:00:00+00:00,2024-09-21 04:00:00+00:00,2024-09-21 12:00:00+00:00,145.99,147.99,147.99,stop,-0.01351442665044933,-0.014697681944910168,6.000925858297193,0.0011832552944608388,2
ADA,long,2024-09-21 00:00:00+00:00,2024-09-21 04:00:00+00:00,2024-09-21 16:00:00+00:00,0.3547,0.3557,0.3506,timeout,0.0028192839018890137,0.0008178957537396947,9.988775255673833,0.002001388148149319,3
AVAX,long,2024-09-21 20:00:00+00:00,2024-09-22 00:00:00+00:00,2024-09-22 00:00:00+00:00,27.784,27.332,27.332,stop,-0.016268355888280905,-0.017784245386444963,7.710732744665526,0.001515889498164058,0
ADA,short,2024-09-22 00:00:00+00:00,2024-09-22 04:00:00+00:00,2024-09-22 16:00:00+00:00,0.3552,0.3476,0.3594,timeout,0.021864211737629535,0.019824814455167816,9.988775255673833,0.002039397282461719,3
BNB,short,2024-09-22 08:00:00+00:00,2024-09-22 12:00:00+00:00,2024-09-22 16:00:00+00:00,581.4,585.8,585.8,stop,-0.007511095937179912,-0.008791755336137852,6.455921962584254,0.0012806593989579396,1
DOT,short,2024-09-22 00:00:00+00:00,2024-09-22 04:00:00+00:00,2024-09-22 16:00:00+00:00,4.407,4.323,4.483,timeout,0.019430950728660523,0.017588125876582428,9.046674492363598,0.0018428248520780954,3
ADA,long,2024-09-22 20:00:00+00:00,2024-09-23 00:00:00+00:00,2024-09-23 12:00:00+00:00,0.3517,0.3537,0.3427,timeout,0.0056866647711117935,0.00367955401453246,9.988775255673833,0.0020071107565793334,3
AVAX,long,2024-09-22 20:00:00+00:00,2024-09-23 00:00:00+00:00,2024-09-23 12:00:00+00:00,27.295,27.337,26.439,timeout,0.0015387433595897004,-4.586136976736377e-06,7.710732744665526,0.0015433294965664368,3
BNB,long,2024-09-22 20:00:00+00:00,2024-09-23 00:00:00+00:00,2024-09-23 12:00:00+00:00,588.6,592.3,575.7,timeout,0.006286102616377631,0.004987639983615733,6.455921962584254,0.0012984626327618987,3
BTC,long,2024-09-22 20:00:00+00:00,2024-09-23 00:00:00+00:00,2024-09-23 12:00:00+00:00,63589.1,63436.1,62356.0,timeout,-0.002406072738881382,-0.0034057511388707606,5.012959217987713,0.0009996783999893788,3
DOT,long,2024-09-23 00:00:00+00:00,2024-09-23 04:00:00+00:00,2024-09-23 16:00:00+00:00,4.399,4.42,4.233,timeout,0.004773812230052243,0.0029574830803718033,9.046674492363598,0.0018163291496804401,3
ETH,long,2024-09-23 12:00:00+00:00,2024-09-23 16:00:00+00:00,2024-09-24 00:00:00+00:00,2675.78,2630.66,2630.66,stop,-0.016862372840816597,-0.01785325429782969,5.041924062981029,0.000990881457013093,2
XRP,short,2024-09-24 12:00:00+00:00,2024-09-24 16:00:00+00:00,2024-09-24 16:00:00+00:00,0.5832,0.5911,0.5911,stop,-0.01336491287430197,-0.014497464713339792,5.742762706652812,0.0011325518390378209,0
AVAX,short,2024-09-24 12:00:00+00:00,2024-09-24 16:00:00+00:00,2024-09-24 20:00:00+00:00,27.142,27.821,27.821,stop,-0.02440602422630389,-0.025909373916435108,7.710732744665526,0.0015033496901312171,1
DOT,short,2024-09-24 12:00:00+00:00,2024-09-24 16:00:00+00:00,2024-09-24 20:00:00+00:00,4.496,4.611,4.611,stop,-0.024940360008674722,-0.0267029748631189,9.046674492363598,0.0017626148544441778,1
ADA,long,2024-09-24 12:00:00+00:00,2024-09-24 16:00:00+00:00,2024-09-25 04:00:00+00:00,0.3719,0.3906,0.3654,timeout,0.05028233396074211,0.04818622088319868,9.988775255673833,0.0020961130775434267,3
DOT,short,2024-09-25 04:00:00+00:00,2024-09-25 08:00:00+00:00,2024-09-25 12:00:00+00:00,4.606,4.686,4.686,stop,-0.01707212974818606,-0.018848967998786326,9.046674492363598,0.0017768382506002656,1
XRP,short,2024-09-25 12:00:00+00:00,2024-09-25 16:00:00+00:00,2024-09-26 04:00:00+00:00,0.5852,0.5822,0.5922,timeout,0.005152868430092772,0.003999060153345946,5.742762706652812,0.001153808276746826,3
LINK,short,2024-09-25 16:00:00+00:00,2024-09-25 20:00:00+00:00,2024-09-26 08:00:00+00:00,12.136,12.254,12.559,timeout,-0.009629508731842651,-0.010923411670839323,6.536688716426203,0.0012939029389966716,3
ADA,long,2024-09-26 00:00:00+00:00,2024-09-26 04:00:00+00:00,2024-09-26 16:00:00+00:00,0.3857,0.4015,0.3781,timeout,0.04096448016593213,0.03888696330253261,9.988775255673833,0.00207751686339952,3
BNB,long,2024-09-26 12:00:00+00:00,2024-09-26 16:00:00+00:00,2024-09-26 20:00:00+00:00,601.5,592.1,592.1,stop,-0.01562759767248545,-0.016897783932457888,6.455921962584254,0.001270186259972439,1
DOT,long,2024-09-26 12:00:00+00:00,2024-09-26 16:00:00+00:00,2024-09-27 04:00:00+00:00,4.836,4.929,4.755,timeout,0.019230769230769162,0.017388306246691076,9.046674492363598,0.001842462984078086,3
ETH,long,2024-09-26 12:00:00+00:00,2024-09-26 16:00:00+00:00,2024-09-27 04:00:00+00:00,2652.1,2638.92,2606.05,timeout,-0.004969646695071717,-0.005972514553058139,5.041924062981029,0.0010028678579864225,3
DOT,short,2024-09-27 16:00:00+00:00,2024-09-27 20:00:00+00:00,2024-09-28 08:00:00+00:00,4.864,4.821,4.942,timeout,0.008919311346193837,0.0070954883797031965,9.046674492363598,0.0018238229664906402,3
XRP,long,2024-09-28 04:00:00+00:00,2024-09-28 08:00:00+00:00,2024-09-28 20:00:00+00:00,0.6078,0.6228,0.5853,timeout,0.024679170779861925,0.02350294839082112,5.742762706652812,0.0011762223890408041,3
BTC,long,2024-09-28 20:00:00+00:00,2024-09-29 00:00:00+00:00,2024-09-29 12:00:00+00:00,65857.2,65701.0,65430.0,timeout,-0.0023717983758798633,-0.003371511121848525,5.012959217987713,0.0009997127459686617,3
ADA,long,2024-09-29 12:00:00+00:00,2024-09-29 16:00:00+00:00,2024-09-30 00:00:00+00:00,0.4004,0.3925,0.3925,stop,-0.01973026973026959,-0.021686654346765644,9.988775255673833,0.001956384616496054,2
DOT,long,2024-09-29 12:00:00+00:00,2024-09-29 16:00:00+00:00,2024-09-30 00:00:00+00:00,4.779,4.683,4.683,stop,-0.020087884494664143,-0.021859271166821848,9.046674492363598,0.0017713866721577043,2
XRP,long,2024-09-29 12:00:00+00:00,2024-09-29 16:00:00+00:00,2024-09-30 04:00:00+00:00,0.6596,0.6449,0.6207,timeout,-0.02228623408126129,-0.023408545195160002,5.742762706652812,0.0011223111138987107,3
BNB,short,2024-09-29 20:00:00+00:00,2024-09-30 00:00:00+00:00,2024-09-30 12:00:00+00:00,595.6,574.7,601.1,timeout,0.03636680006960158,0.035029522768219135,6.455921962584254,0.0013372773013824446,3
BTC,short,2024-09-29 20:00:00+00:00,2024-09-30 00:00:00+00:00,2024-09-30 12:00:00+00:00,65604.2,63826.1,66100.0,timeout,0.0278585092932202,0.026828503073347942,5.012959217987713,0.0010300062198722593,3
LINK,short,2024-09-29 20:00:00+00:00,2024-09-30 00:00:00+00:00,2024-09-30 12:00:00+00:00,12.464,12.085,12.725,timeout,0.031361191559784896,0.030013734937549108,6.536688716426203,0.0013474566222357875,3
AVAX,short,2024-09-30 08:00:00+00:00,2024-09-30 12:00:00+00:00,2024-10-01 00:00:00+00:00,28.324,27.708,29.016,timeout,0.022231846398152344,0.02065662969152382,7.710732744665526,0.0015752167066285239,3
BNB,short,2024-09-30 20:00:00+00:00,2024-10-01 00:00:00+00:00,2024-10-01 00:00:00+00:00,567.3,575.6,575.6,stop,-0.014419735927727717,-0.015691480753735276,6.455921962584254,0.0012717448260075592,0
LINK,short,2024-09-30 20:00:00+00:00,2024-10-01 00:00:00+00:00,2024-10-01 00:00:00+00:00,11.848,12.052,12.052,stop,-0.01692665117822756,-0.018211020519302012,6.536688716426203,0.0012843693410744539,0
XRP,short,2024-09-30 08:00:00+00:00,2024-09-30 12:00:00+00:00,2024-10-01 00:00:00+00:00,0.6299,0.6115,0.655,timeout,0.03008994276369581,0.028907509385566188,5.742762706652812,0.0011824333781296215,3
SOL,short,2024-09-30 20:00:00+00:00,2024-10-01 00:00:00+00:00,2024-10-01 04:00:00+00:00,152.51,156.97,156.97,stop,-0.028413072561636055,-0.029578457446097106,6.000925858297193,0.0011653848844610515,1
ADA,short,2024-10-02 16:00:00+00:00,2024-10-02 20:00:00+00:00,2024-10-03 08:00:00+00:00,0.3392,0.3425,0.3552,timeout,-0.009635036496350446,-0.01161156879096914,9.988775255673833,0.0019765322946186936,3
AVAX,short,2024-10-02 16:00:00+00:00,2024-10-02 20:00:00+00:00,2024-10-03 08:00:00+00:00,25.226,24.882,26.466,timeout,0.013825255204565456,0.01226299270489184,7.710732744665526,0.0015622624996736167,3
BTC,short,2024-10-02 16:00:00+00:00,2024-10-02 20:00:00+00:00,2024-10-03 08:00:00+00:00,60190.0,60929.8,62368.4,timeout,-0.01214184192299994,-0.013131764210913333,5.012959217987713,0.0009899222879133918,3
DOT,short,2024-10-02 16:00:00+00:00,2024-10-02 20:00:00+00:00,2024-10-03 08:00:00+00:00,4.06,4.081,4.199,timeout,-0.005145797598627988,-0.0069441950742679115,9.046674492363598,0.0017983974756399235,3
ETH,short,2024-10-02 16:00:00+00:00,2024-10-02 20:00:00+00:00,2024-10-03 08:00:00+00:00,2371.63,2365.0,2478.69,timeout,0.002803382663847831,0.0017926805510799504,5.041924062981029,0.0010107021127678806,3
SOL,short,2024-10-02 16:00:00+00:00,2024-10-02 20:00:00+00:00,2024-10-03 08:00:00+00:00,139.97,139.9,148.43,timeout,0.0005003573981414711,-0.0006997081446131759,6.000925858297193,0.001200065542754647,3
ADA,short,2024-10-05 00:00:00+00:00,2024-10-05 04:00:00+00:00,2024-10-05 04:00:00+00:00,0.3496,0.3549,0.3549,stop,-0.014933784164553265,-0.01689974142241979,9.988775255673833,0.001965957257866524,0
BNB,short,2024-10-05 00:00:00+00:00,2024-10-05 04:00:00+00:00,2024-10-05 04:00:00+00:00,553.6,558.0,558.0,stop,-0.007885304659498216,-0.009165481197725533,6.455921962584254,0.0012801765382273178,0
BTC,long,2024-10-04 12:00:00+00:00,2024-10-04 16:00:00+00:00,2024-10-05 04:00:00+00:00,61886.9,61868.4,60786.0,timeout,-0.0002989324073430222,-0.0013007223505341337,5.012959217987713,0.0010017899431911115,3
DOT,long,2024-10-04 12:00:00+00:00,2024-10-04 16:00:00+00:00,2024-10-05 04:00:00+00:00,4.174,4.16,4.117,timeout,-0.0033540967896502627,-0.0051557331220032365,9.046674492363598,0.0018016363323529738,3
ETH,long,2024-10-04 12:00:00+00:00,2024-10-04 16:00:00+00:00,2024-10-05 04:00:00+00:00,2417.53,2399.5,2352.0,timeout,-0.0074580253399131324,-0.008458385219169973,5.041924062981029,0.0010003598792568402,3
LINK,long,2024-10-04 12:00:00+00:00,2024-10-04 16:00:00+00:00,2024-10-05 04:00:00+00:00,11.168,11.046,10.891,timeout,-0.010924068767908302,-0.012216280385273115,6.536688716426203,0.0012922116173648135,3
SOL,long,2024-10-04 12:00:00+00:00,2024-10-04 16:00:00+00:00,2024-10-05 04:00:00+00:00,142.47,141.85,138.09,timeout,-0.004351793360005685,-0.005546038915900664,6.000925858297193,0.0011942455558949794,3
AVAX,short,2024-10-05 00:00:00+00:00,2024-10-05 04:00:00+00:00,2024-10-05 16:00:00+00:00,25.849,25.732,26.434,timeout,0.004546867713353109,0.002998902822424654,7.710732744665526,0.001547964890928455,3
DOT,short,2024-10-05 12:00:00+00:00,2024-10-05 16:00:00+00:00,2024-10-06 04:00:00+00:00,4.175,4.122,4.213,timeout,0.012857836001940681,0.011026893366274937,9.046674492363598,0.0018309426356657443,3
XRP,long,2024-10-05 16:00:00+00:00,2024-10-05 20:00:00+00:00,2024-10-06 08:00:00+00:00,0.5337,0.5312,0.5257,timeout,-0.004684279557803928,-0.005826795837955534,5.742762706652812,0.0011425162801516064,3
DOT,long,2024-10-06 20:00:00+00:00,2024-10-07 00:00:00+00:00,2024-10-07 08:00:00+00:00,4.191,4.147,4.147,stop,-0.010498687664041939,-0.012287408722818083,9.046674492363598,0.0017887210587761437,2
BNB,long,2024-10-06 20:00:00+00:00,2024-10-07 00:00:00+00:00,2024-10-07 12:00:00+00:00,570.4,571.9,563.4,timeout,0.0026297335203366856,0.0013359888883801574,6.455921962584254,0.0012937446319565282,3
XRP,short,2024-10-08 04:00:00+00:00,2024-10-08 08:00:00+00:00,2024-10-08 20:00:00+00:00,0.5271,0.53,0.5345,timeout,-0.005471698113207579,-0.006613310520849014,5.742762706652812,0.0011416124076414347,3
AVAX,short,2024-10-08 12:00:00+00:00,2024-10-08 16:00:00+00:00,2024-10-09 04:00:00+00:00,26.335,26.329,26.854,timeout,0.00022788560142816827,-0.0013134239179208862,7.710732744665526,0.0015413095193490545,3
LINK,short,2024-10-08 12:00:00+00:00,2024-10-08 16:00:00+00:00,2024-10-09 04:00:00+00:00,10.936,10.864,11.195,timeout,0.006627393225331346,0.005312250908337424,6.536688716426203,0.0013151423169939225,3
BTC,long,2024-10-09 12:00:00+00:00,2024-10-09 16:00:00+00:00,2024-10-09 16:00:00+00:00,62311.8,61637.3,61637.3,stop,-0.010824595020525796,-0.011815837307729393,5.012959217987713,0.0009912422872035975,0
ETH,long,2024-10-09 12:00:00+00:00,2024-10-09 16:00:00+00:00,2024-10-09 16:00:00+00:00,2461.32,2423.0,2423.0,stop,-0.015568881738254325,-0.016561066874745123,5.041924062981029,0.0009921851364907974,0
BTC,long,2024-10-10 08:00:00+00:00,2024-10-10 12:00:00+00:00,2024-10-10 12:00:00+00:00,61262.5,60626.4,60626.4,stop,-0.010383187104672453,-0.011374871722113822,5.012959217987713,0.0009916846174413685,0
XRP,long,2024-10-10 08:00:00+00:00,2024-10-10 12:00:00+00:00,2024-10-11 00:00:00+00:00,0.5299,0.5305,0.5229,timeout,0.0011322891111529287,-1.6903969397241703e-05,5.742762706652812,0.0011491930805501704,3
ETH,short,2024-10-10 16:00:00+00:00,2024-10-10 20:00:00+00:00,2024-10-11 08:00:00+00:00,2367.16,2407.32,2421.77,timeout,-0.01668245185517514,-0.017673514650348277,5.041924062981029,0.0009910627951731366,3
LINK,long,2024-10-11 12:00:00+00:00,2024-10-11 16:00:00+00:00,2024-10-12 04:00:00+00:00,10.863,10.869,10.619,timeout,0.000552333609500133,-0.0007548717409131545,6.536688716426203,0.0013072053504132874,3
ADA,short,2024-10-12 16:00:00+00:00,2024-10-12 20:00:00+00:00,2024-10-13 04:00:00+00:00,0.3524,0.3568,0.3568,stop,-0.012331838565022513,-0.014302988685818918,9.988775255673833,0.0019711501207964055,2
BNB,short,2024-10-13 00:00:00+00:00,2024-10-13 04:00:00+00:00,2024-10-13 16:00:00+00:00,573.3,566.6,578.6,timeout,0.011824920578891618,0.01051931092488445,6.455921962584254,0.0013056096540071671,3
ADA,long,2024-10-14 00:00:00+00:00,2024-10-14 04:00:00+00:00,2024-10-14 16:00:00+00:00,0.3559,0.3634,0.3422,timeout,0.021073335206518662,0.01903551632501288,9.988775255673833,0.002037818881505782,3
BTC,long,2024-10-14 00:00:00+00:00,2024-10-14 04:00:00+00:00,2024-10-14 16:00:00+00:00,64315.1,65892.8,62457.4,timeout,0.024530786704832996,0.0235041151608264,5.012959217987713,0.0010266715440065965,3
ETH,long,2024-10-14 00:00:00+00:00,2024-10-14 04:00:00+00:00,2024-10-14 16:00:00+00:00,2521.26,2635.84,2443.06,timeout,0.04544553120265271,0.04439185106411592,5.041924062981029,0.0010536801385367944,3
LINK,long,2024-10-14 00:00:00+00:00,2024-10-14 04:00:00+00:00,2024-10-14 16:00:00+00:00,11.018,11.264,10.607,timeout,0.02232710110727898,0.020991447377284533,6.536688716426203,0.001335653729994446,3
ADA,short,2024-10-15 00:00:00+00:00,2024-10-15 04:00:00+00:00,2024-10-15 08:00:00+00:00,0.3601,0.3661,0.3661,stop,-0.016388964763725755,-0.01835201782813345,9.988775255673833,0.0019630530644076938,1
BNB,short,2024-10-15 00:00:00+00:00,2024-10-15 04:00:00+00:00,2024-10-15 12:00:00+00:00,585.0,592.4,592.4,stop,-0.012491559756920956,-0.013765792607656868,6.455921962584254,0.0012742328507359124,2
AVAX,short,2024-10-15 12:00:00+00:00,2024-10-15 16:00:00+00:00,2024-10-16 04:00:00+00:00,28.116,27.661,29.626,timeout,0.016449152236000186,0.014882846420267493,7.710732744665526,0.0015663058157326937,3
BTC,long,2024-10-15 12:00:00+00:00,2024-10-15 16:00:00+00:00,2024-10-16 04:00:00+00:00,66022.7,67103.2,64765.0,timeout,0.016365583352392354,0.015347094072932332,5.012959217987713,0.001018489279460022,3
ETH,short,2024-10-15 12:00:00+00:00,2024-10-15 16:00:00+00:00,2024-10-16 04:00:00+00:00,2573.36,2617.0,2689.96,timeout,-0.01667558272831482,-0.0176666524467205,5.041924062981029,0.0009910697184056794,3
LINK,short,2024-10-15 12:00:00+00:00,2024-10-15 16:00:00+00:00,2024-10-16 04:00:00+00:00,11.139,11.296,11.696,timeout,-0.013898725212464602,-0.015187050489565701,6.536688716426203,0.001288325277101099,3
ETH,long,2024-10-17 12:00:00+00:00,2024-10-17 16:00:00+00:00,2024-10-17 16:00:00+00:00,2630.82,2582.92,2582.92,stop,-0.018207250971180144,-0.019196776956929895,5.041924062981029,0.0009895259857497507,0
LINK,short,2024-10-17 04:00:00+00:00,2024-10-17 08:00:00+00:00,2024-10-17 20:00:00+00:00,11.157,11.003,11.352,timeout,0.013996182859220108,0.012671413338418924,6.536688716426203,0.0013247695208011834,3
BTC,long,2024-10-17 12:00:00+00:00,2024-10-17 16:00:00+00:00,2024-10-18 04:00:00+00:00,67583.0,67543.0,66666.0,timeout,-0.0005918648180756048,-0.0015933612167734479,5.012959217987713,0.0010014963986978431,3
LINK,long,2024-10-18 00:00:00+00:00,2024-10-18 04:00:00+00:00,2024-10-18 16:00:00+00:00,11.164,11.459,10.981,timeout,0.026424220709423185,0.025083214159306033,6.536688716426203,0.001341006550117152,3
ADA,long,2024-10-18 12:00:00+00:00,2024-10-18 16:00:00+00:00,2024-10-19 04:00:00+00:00,0.3494,0.3549,0.3438,timeout,0.015741270749856984,0.013714093397467986,9.988775255673833,0.002027177352388998,3
AVAX,long,2024-10-18 12:00:00+00:00,2024-10-18 16:00:00+00:00,2024-10-19 04:00:00+00:00,27.797,28.27,27.334,timeout,0.017016224772457456,0.015449045121560534,7.710732744665526,0.0015671796508969216,3
BNB,long,2024-10-18 12:00:00+00:00,2024-10-18 16:00:00+00:00,2024-10-19 04:00:00+00:00,600.6,598.9,594.0,timeout,-0.002830502830502901,-0.004117201839103024,6.455921962584254,0.0012866990086001229,3
BTC,long,2024-10-18 12:00:00+00:00,2024-10-18 16:00:00+00:00,2024-10-19 04:00:00+00:00,68741.8,68454.1,67645.9,timeout,-0.004185226456100866,-0.005183121984831063,5.012959217987713,0.0009978955287301972,3
ETH,long,2024-10-18 12:00:00+00:00,2024-10-18 16:00:00+00:00,2024-10-19 04:00:00+00:00,2653.26,2646.67,2612.6,timeout,-0.0024837369877057647,-0.003489110336037382,5.041924062981029,0.0010053733483316174,3
SOL,long,2024-10-18 12:00:00+00:00,2024-10-18 16:00:00+00:00,2024-10-19 04:00:00+00:00,154.74,154.58,152.15,timeout,-0.001033992503554293,-0.0022322176467191035,6.000925858297193,0.0011982251431648105,3
AVAX,short,2024-10-20 00:00:00+00:00,2024-10-20 04:00:00+00:00,2024-10-20 12:00:00+00:00,27.824,28.218,28.218,stop,-0.013962718831951215,-0.015482161220805701,7.710732744665526,0.0015194423888544861,2
BNB,short,2024-10-20 00:00:00+00:00,2024-10-20 04:00:00+00:00,2024-10-20 12:00:00+00:00,594.7,598.4,598.4,stop,-0.006183155080213831,-0.007465527989451659,6.455921962584254,0.0012823729092378278,2
BTC,long,2024-10-20 12:00:00+00:00,2024-10-20 16:00:00+00:00,2024-10-21 04:00:00+00:00,68635.2,68942.2,68186.4,timeout,0.004472923514464933,0.003466351744557894,5.012959217987713,0.0010065717699070387,3
ETH,long,2024-10-20 12:00:00+00:00,2024-10-20 16:00:00+00:00,2024-10-21 04:00:00+00:00,2706.88,2734.77,2641.5,timeout,0.010303375103440038,0.009285113923425792,5.041924062981029,0.001018261180014246,3
SOL,long,2024-10-20 12:00:00+00:00,2024-10-20 16:00:00+00:00,2024-10-21 04:00:00+00:00,160.03,169.56,157.66,timeout,0.059551334124851696,0.05828043897977664,6.000925858297193,0.0012708951450750572,3
LINK,long,2024-10-22 00:00:00+00:00,2024-10-22 04:00:00+00:00,2024-10-22 16:00:00+00:00,11.88,12.14,11.587,timeout,0.02188552188552184,0.020550445071598755,6.536688716426203,0.0013350768139230862,3
SOL,long,2024-10-23 16:00:00+00:00,2024-10-23 20:00:00+00:00,2024-10-24 08:00:00+00:00,173.0,173.52,164.72,timeout,0.0030057803468208633,0.0018027096359736205,6.000925858297193,0.0012030707108472427,3
DOT,long,2024-10-24 16:00:00+00:00,2024-10-24 20:00:00+00:00,2024-10-25 00:00:00+00:00,4.224,4.168,4.168,stop,-0.013257575757575801,-0.015041309575637873,9.046674492363598,0.001783733818062072,1
ADA,short,2024-10-25 20:00:00+00:00,2024-10-26 00:00:00+00:00,2024-10-26 12:00:00+00:00,0.326,0.3305,0.3458,timeout,-0.013615733736762503,-0.015584321508967047,9.988775255673833,0.001968587772204544,3
ETH,short,2024-10-26 12:00:00+00:00,2024-10-26 16:00:00+00:00,2024-10-26 16:00:00+00:00,2457.78,2479.03,2479.03,stop,-0.008571901106481206,-0.009571138336363028,5.041924062981029,0.000999237229881822,0
AVAX,short,2024-10-26 12:00:00+00:00,2024-10-26 16:00:00+00:00,2024-10-27 04:00:00+00:00,25.087,25.584,25.679,timeout,-0.01942620387742333,-0.020937227263338132,7.710732744665526,0.0015110233859148003,3
DOT,short,2024-10-28 00:00:00+00:00,2024-10-28 04:00:00+00:00,2024-10-28 04:00:00+00:00,4.096,4.143,4.143,stop,-0.011344436398744828,-0.013131628597929712,9.046674492363598,0.0017871921991848838,0
ADA,short,2024-10-28 12:00:00+00:00,2024-10-28 16:00:00+00:00,2024-10-28 16:00:00+00:00,0.3336,0.3408,0.3408,stop,-0.021126760563380254,-0.023080358117194888,9.988775255673833,0.0019535975538146344,0
AVAX,short,2024-10-28 12:00:00+00:00,2024-10-28 16:00:00+00:00,2024-10-28 20:00:00+00:00,25.568,26.315,26.315,stop,-0.028386851605548213,-0.029884067006460957,7.710732744665526,0.0014972154009127436,1
BNB,long,2024-10-28 04:00:00+00:00,2024-10-28 08:00:00+00:00,2024-10-28 20:00:00+00:00,591.6,596.5,585.3,timeout,0.008282623394185284,0.006981584548138686,6.455921962584254,0.0013010388460465983,3
BTC,long,2024-10-28 04:00:00+00:00,2024-10-28 08:00:00+00:00,2024-10-28 20:00:00+00:00,68423.5,69635.9,67619.7,timeout,0.017719058510599295,0.016699212927894447,5.012959217987713,0.001019845582704848,3
LINK,short,2024-10-28 12:00:00+00:00,2024-10-28 16:00:00+00:00,2024-10-28 20:00:00+00:00,10.814,11.188,11.188,stop,-0.0334286735788345,-0.034691483296039105,6.536688716426203,0.0012628097172046049,1
XRP,short,2024-10-28 12:00:00+00:00,2024-10-28 16:00:00+00:00,2024-10-29 00:00:00+00:00,0.5138,0.5217,0.5217,stop,-0.015142802376844955,-0.01627331338837512,5.742762706652812,0.0011305110115301664,2
ETH,long,2024-10-29 12:00:00+00:00,2024-10-29 16:00:00+00:00,2024-10-29 20:00:00+00:00,2648.26,2611.53,2611.53,stop,-0.013869484114097608,-0.0148633820337708,5.041924062981029,0.0009938979196731923,1
BTC,long,2024-10-29 12:00:00+00:00,2024-10-29 16:00:00+00:00,2024-10-30 04:00:00+00:00,72410.9,72271.7,70939.0,timeout,-0.001922362517245313,-0.0029225256381688602,5.012959217987713,0.0010001631209235473,3
BNB,short,2024-10-29 16:00:00+00:00,2024-10-29 20:00:00+00:00,2024-10-30 08:00:00+00:00,603.9,602.3,612.7,timeout,0.0026564834799933656,0.0013627043311903453,6.455921962584254,0.0012937791488030204,3
SOL,short,2024-10-29 16:00:00+00:00,2024-10-29 20:00:00+00:00,2024-10-30 08:00:00+00:00,178.17,178.73,183.55,timeout,-0.0031332177026800467,-0.004328924897890496,6.000925858297193,0.0011957071952104492,3
LINK,long,2024-10-29 20:00:00+00:00,2024-10-30 00:00:00+00:00,2024-10-30 12:00:00+00:00,11.799,11.958,11.466,timeout,0.013475718281210414,0.012151628738915177,6.536688716426203,0.001324089542295237,3
DOT,short,2024-10-30 08:00:00+00:00,2024-10-30 12:00:00+00:00,2024-10-31 00:00:00+00:00,4.144,4.191,4.219,timeout,-0.011214507277499286,-0.013001934349495703,9.046674492363598,0.001787427071996417,3
LINK,long,2024-10-30 20:00:00+00:00,2024-10-31 00:00:00+00:00,2024-10-31 08:00:00+00:00,12.392,12.094,12.094,stop,-0.02404777275661718,-0.02532283846817074,6.536688716426203,0.001275065711553558,2
ADA,long,2024-10-31 08:00:00+00:00,2024-10-31 12:00:00+00:00,2024-10-31 12:00:00+00:00,0.3588,0.3525,0.3525,stop,-0.01755852842809369,-0.019519247322333455,9.988775255673833,0.0019607188942397658,0
BNB,short,2024-10-30 20:00:00+00:00,2024-10-31 00:00:00+00:00,2024-10-31 12:00:00+00:00,595.6,586.7,600.6,timeout,0.015169592636781859,0.013859667180663893,6.455921962584254,0.0013099254561179663,3
BTC,long,2024-10-30 20:00:00+00:00,2024-10-31 00:00:00+00:00,2024-10-31 12:00:00+00:00,72343.1,72230.4,71647.9,timeout,-0.0015578541699210469,-0.0025583825608324062,5.012959217987713,0.0010005283909113594,3
BNB,long,2024-11-01 00:00:00+00:00,2024-11-01 04:00:00+00:00,2024-11-01 12:00:00+00:00,578.8,570.0,570.0,stop,-0.01520387007601931,-0.016474603093468376,6.455921962584254,0.001270733017449066,2
XRP,long,2024-11-01 00:00:00+00:00,2024-11-01 04:00:00+00:00,2024-11-01 16:00:00+00:00,0.5193,0.5162,0.5024,timeout,-0.005969574427113433,-0.007110615325853109,5.742762706652812,0.0011410408987396758,3
DOT,short,2024-11-01 12:00:00+00:00,2024-11-01 16:00:00+00:00,2024-11-02 04:00:00+00:00,3.892,3.913,3.995,timeout,-0.005366726296958779,-0.007164724399894351,9.046674492363598,0.0017979981029355718,3
SOL,short,2024-11-01 12:00:00+00:00,2024-11-01 16:00:00+00:00,2024-11-02 04:00:00+00:00,164.12,167.04,174.06,timeout,-0.017480842911877348,-0.018659340627344534,6.000925858297193,0.001178497715467186,3
DOT,short,2024-11-03 00:00:00+00:00,2024-11-03 04:00:00+00:00,2024-11-03 16:00:00+00:00,3.79,3.733,3.929,timeout,0.01526922046611312,0.013433918771880826,9.046674492363598,0.0018353016942322942,3
XRP,short,2024-11-03 00:00:00+00:00,2024-11-03 04:00:00+00:00,2024-11-03 16:00:00+00:00,0.5019,0.4969,0.511,timeout,0.010062386798148637,0.008902942917996537,5.742762706652812,0.0011594438801521,3
BNB,long,2024-11-04 00:00:00+00:00,2024-11-04 04:00:00+00:00,2024-11-04 16:00:00+00:00,562.4,559.6,553.1,timeout,-0.004978662873399653,-0.0062625900007846624,6.455921962584254,0.0012839271273850095,3
SOL,long,2024-11-04 08:00:00+00:00,2024-11-04 12:00:00+00:00,2024-11-04 16:00:00+00:00,164.06,160.04,160.04,stop,-0.024503230525417585,-0.02567330513004762,6.000925858297193,0.0011700746046300337,1
ADA,short,2024-11-04 12:00:00+00:00,2024-11-04 16:00:00+00:00,2024-11-05 04:00:00+00:00,0.328,0.3303,0.335,timeout,-0.006963366636391077,-0.008945230946936444,9.988775255673833,0.001981864310545367,3
ETH,short,2024-11-04 12:00:00+00:00,2024-11-04 16:00:00+00:00,2024-11-05 04:00:00+00:00,2442.51,2421.18,2486.41,timeout,0.008809753921641628,0.007792998127538864,5.041924062981029,0.0010167557941027638,3
LINK,short,2024-11-04 12:00:00+00:00,2024-11-04 16:00:00+00:00,2024-11-05 04:00:00+00:00,10.395,10.422,10.72,timeout,-0.002590673575129654,-0.003893772637775461,6.536688716426203,0.0013030990626458072,3
XRP,short,2024-11-04 16:00:00+00:00,2024-11-04 20:00:00+00:00,2024-11-05 04:00:00+00:00,0.5064,0.5139,0.5139,stop,-0.014594279042615455,-0.01572541970042418,5.742762706652812,0.0011311406578087269,2
AVAX,short,2024-11-04 20:00:00+00:00,2024-11-05 00:00:00+00:00,2024-11-05 12:00:00+00:00,22.726,23.3,23.518,timeout,-0.024635193133047295,-0.026138189683436397,7.710732744665526,0.0015029965503891018,3
ADA,short,2024-11-05 16:00:00+00:00,2024-11-05 20:00:00+00:00,2024-11-06 00:00:00+00:00,0.3299,0.3382,0.3382,stop,-0.024541691306918856,-0.02648847347332861,9.988775255673833,0.001946782166409755,1
AVAX,long,2024-11-07 12:00:00+00:00,2024-11-07 16:00:00+00:00,2024-11-08 04:00:00+00:00,27.284,27.402,26.517,timeout,0.004324879049992791,0.0027772562343502116,7.710732744665526,0.0015476228156425798,3
BNB,long,2024-11-07 12:00:00+00:00,2024-11-07 16:00:00+00:00,2024-11-08 04:00:00+00:00,598.0,596.8,587.0,timeout,-0.0020066889632107676,-0.0032944509811481115,6.455921962584254,0.001287762017937344,3
BTC,long,2024-11-07 12:00:00+00:00,2024-11-07 16:00:00+00:00,2024-11-08 04:00:00+00:00,76060.0,75903.5,74508.1,timeout,-0.002057586116224086,-0.003057613730998887,5.012959217987713,0.001000027614774801,3
ETH,long,2024-11-07 12:00:00+00:00,2024-11-07 16:00:00+00:00,2024-11-08 04:00:00+00:00,2847.64,2903.22,2772.98,timeout,0.01951791659058033,0.01849036828937134,5.041924062981029,0.0010275483012089914,3
LINK,long,2024-11-07 12:00:00+00:00,2024-11-07 16:00:00+00:00,2024-11-08 04:00:00+00:00,12.448,12.632,12.123,timeout,0.014781491002570535,0.01345569548945269,6.536688716426203,0.0013257955131178445,3
XRP,short,2024-11-08 00:00:00+00:00,2024-11-08 04:00:00+00:00,2024-11-08 16:00:00+00:00,0.5497,0.5523,0.5603,timeout,-0.004707586456635937,-0.0058500759829537285,5.742762706652812,0.0011424895263177914,3
BTC,long,2024-11-08 12:00:00+00:00,2024-11-08 16:00:00+00:00,2024-11-09 04:00:00+00:00,76415.1,76346.2,75600.1,timeout,-0.0009016542541985251,-0.001902840216155277,5.012959217987713,0.001001185961956752,3
LINK,long,2024-11-08 16:00:00+00:00,2024-11-08 20:00:00+00:00,2024-11-09 08:00:00+00:00,13.514,13.503,12.979,timeout,-0.0008139706970548,-0.0021193909931139787,6.536688716426203,0.0013054202960591788,3
BTC,short,2024-11-09 16:00:00+00:00,2024-11-09 20:00:00+00:00,2024-11-09 20:00:00+00:00,76216.1,76765.2,76765.2,stop,-0.007152980777748175,-0.008147902351033132,5.012959217987713,0.000994921573284957,0
ETH,long,2024-11-09 04:00:00+00:00,2024-11-09 08:00:00+00:00,2024-11-09 20:00:00+00:00,3030.75,3071.27,2954.05,timeout,0.013369627979872956,0.012348276395184987,5.041924062981029,0.0010213515846879684,3
SOL,long,2024-11-10 12:00:00+00:00,2024-11-10 16:00:00+00:00,2024-11-10 20:00:00+00:00,212.46,203.54,203.54,stop,-0.04198437352913498,-0.04313348010790519,6.000925858297193,0.0011491065787702093,1
BNB,short,2024-11-10 16:00:00+00:00,2024-11-10 20:00:00+00:00,2024-11-11 08:00:00+00:00,629.7,616.2,644.3,timeout,0.02190847127555995,0.020589850298281087,6.455921962584254,0.0013186209772788615,3
ETH,short,2024-11-10 16:00:00+00:00,2024-11-10 20:00:00+00:00,2024-11-11 08:00:00+00:00,3165.01,3139.9,3252.48,timeout,0.007997069970381299,0.006981133261455552,5.041924062981029,0.0010159367089257465,3
LINK,short,2024-11-10 16:00:00+00:00,2024-11-10 20:00:00+00:00,2024-11-11 08:00:00+00:00,14.409,13.798,14.854,timeout,0.044281779968111445,0.042917442807266504,6.536688716426203,0.0013643371608449417,3
XRP,long,2024-11-11 12:00:00+00:00,2024-11-11 16:00:00+00:00,2024-11-12 04:00:00+00:00,0.5906,0.6065,0.5758,timeout,0.02692177446664412,0.025742977807781786,5.742762706652812,0.0011787966588623355,3
LINK,long,2024-11-11 20:00:00+00:00,2024-11-12 00:00:00+00:00,2024-11-12 08:00:00+00:00,14.915,14.3,14.3,stop,-0.041233657391887224,-0.04248627002468408,6.536688716426203,0.0012526126327968568,2
AVAX,short,2024-11-12 08:00:00+00:00,2024-11-12 12:00:00+00:00,2024-11-13 00:00:00+00:00,34.46,33.954,37.716,timeout,0.014902515167579677,0.01333859265516324,7.710732744665526,0.001563922512416438,3
BNB,short,2024-11-12 08:00:00+00:00,2024-11-12 12:00:00+00:00,2024-11-13 00:00:00+00:00,626.8,625.4,658.2,timeout,0.002238567316917184,0.0009453274268000911,6.455921962584254,0.0012932398901170927,3
DOT,short,2024-11-12 08:00:00+00:00,2024-11-12 12:00:00+00:00,2024-11-13 00:00:00+00:00,5.371,5.309,5.844,timeout,0.011678282162365772,0.009849471805623011,9.046674492363598,0.0018288103567427605,3
ETH,short,2024-11-12 08:00:00+00:00,2024-11-12 12:00:00+00:00,2024-11-13 00:00:00+00:00,3284.41,3244.34,3450.0,timeout,0.012350740058070242,0.011330415386726411,5.041924062981029,0.0010203246713438308,3
SOL,short,2024-11-12 08:00:00+00:00,2024-11-12 12:00:00+00:00,2024-11-13 00:00:00+00:00,211.43,211.68,225.54,timeout,-0.001181027966742243,-0.0023790767459589413,6.000925858297193,0.0011980487792166983,3
XRP,short,2024-11-13 00:00:00+00:00,2024-11-13 04:00:00+00:00,2024-11-13 16:00:00+00:00,0.6673,0.7131,0.7413,timeout,-0.06422661618286352,-0.06530078421174657,5.742762706652812,0.001074168028883049,3
BTC,long,2024-11-14 04:00:00+00:00,2024-11-14 08:00:00+00:00,2024-11-14 12:00:00+00:00,90800.0,89100.1,89100.1,stop,-0.018721365638766474,-0.019704694655048094,5.012959217987713,0.00098332901628162,1
DOT,long,2024-11-15 04:00:00+00:00,2024-11-15 08:00:00+00:00,2024-11-15 20:00:00+00:00,4.859,5.05,4.706,timeout,0.03930849969129446,0.03742974220326811,9.046674492363598,0.0018787574880263502,3
BNB,short,2024-11-15 12:00:00+00:00,2024-11-15 16:00:00+00:00,2024-11-16 04:00:00+00:00,606.4,624.5,626.8,timeout,-0.02898318654923948,-0.030236139407051166,6.455921962584254,0.0012529528578116844,3
BNB,long,2024-11-16 08:00:00+00:00,2024-11-16 12:00:00+00:00,2024-11-16 12:00:00+00:00,630.6,620.8,620.8,stop,-0.015540754836663617,-0.016811053154406452,6.455921962584254,0.001270298317742835,0
AVAX,short,2024-11-17 00:00:00+00:00,2024-11-17 04:00:00+00:00,2024-11-17 04:00:00+00:00,34.422,35.724,35.724,stop,-0.03644608666442728,-0.037930883119724035,7.710732744665526,0.0014847964552967552,0
SOL,short,2024-11-16 12:00:00+00:00,2024-11-16 16:00:00+00:00,2024-11-17 04:00:00+00:00,215.03,221.5,221.93,timeout,-0.029209932279909756,-0.030374361358724733,6.000925858297193,0.001164429078814977,3
ADA,short,2024-11-17 00:00:00+00:00,2024-11-17 04:00:00+00:00,2024-11-17 16:00:00+00:00,0.715,0.7257,0.7729,timeout,-0.014744384731982918,-0.01671071998595064,9.988775255673833,0.0019663352539677215,3
LINK,short,2024-11-17 00:00:00+00:00,2024-11-17 04:00:00+00:00,2024-11-17 16:00:00+00:00,14.138,13.93,14.899,timeout,0.014931801866475247,0.013605809974658545,6.536688716426203,0.0013259918918167024,3
DOT,short,2024-11-17 16:00:00+00:00,2024-11-17 20:00:00+00:00,2024-11-18 00:00:00+00:00,5.438,5.6,5.6,stop,-0.028928571428571415,-0.030683976795100043,9.046674492363598,0.0017554053665286284,1
BTC,long,2024-11-18 12:00:00+00:00,2024-11-18 16:00:00+00:00,2024-11-19 04:00:00+00:00,92368.0,91466.0,89400.0,timeout,-0.00976528667936949,-0.010757590488339352,5.012959217987713,0.0009923038089698633,3
LINK,long,2024-11-18 12:00:00+00:00,2024-11-18 16:00:00+00:00,2024-11-19 04:00:00+00:00,15.156,15.084,14.231,timeout,-0.004750593824228044,-0.006050870986198609,6.536688716426203,0.0013002771619705644,3
ADA,long,2024-11-19 00:00:00+00:00,2024-11-19 04:00:00+00:00,2024-11-19 12:00:00+00:00,0.7532,0.7288,0.7288,stop,-0.032395114179500806,-0.034326222786664196,9.988775255673833,0.0019311086071633898,2
BTC,long,2024-11-19 12:00:00+00:00,2024-11-19 16:00:00+00:00,2024-11-20 04:00:00+00:00,92398.0,92051.4,90951.1,timeout,-0.003751163445096295,-0.004749493943812078,5.012959217987713,0.0009983304987157826,3
SOL,short,2024-11-19 12:00:00+00:00,2024-11-19 16:00:00+00:00,2024-11-20 04:00:00+00:00,240.6,233.88,247.65,timeout,0.028732683427398653,0.02749875418693626,6.000925858297193,0.0012339292404623947,3
XRP,short,2024-11-21 12:00:00+00:00,2024-11-21 16:00:00+00:00,2024-11-21 16:00:00+00:00,1.1033,1.1661,1.1661,stop,-0.05385472944001368,-0.054940803288543894,5.742762706652812,0.0010860738485302113,0
SOL,long,2024-11-22 00:00:00+00:00,2024-11-22 04:00:00+00:00,2024-11-22 12:00:00+00:00,262.55,252.55,252.55,stop,-0.03808798324128737,-0.03924176340532015,6.000925858297193,0.0011537801640327805,2
