instrument,signal_time,entry_time,exit_time,entry_open,exit_price,pattern_high,pattern_low,exit_reason,gross,net,fees_slippage,side_cost_bps,bars_held
AVAX,2023-01-22 12:00:00+00:00,2023-01-22 16:00:00+00:00,2023-01-23 16:00:00+00:00,18.13,17.49,17.57,16.78,timeout,-0.03530060672917823,-0.03678716832135409,0.0014865615921758613,7.710732744665526,6
XRP,2023-01-23 08:00:00+00:00,2023-01-23 12:00:00+00:00,2023-01-24 12:00:00+00:00,0.42318,0.42182,0.41463,0.39591,timeout,-0.0032137624651449315,-0.004357966742063901,0.0011442042769189698,5.742762706652812,6
DOT,2023-01-23 12:00:00+00:00,2023-01-23 16:00:00+00:00,2023-01-24 16:00:00+00:00,6.543,6.486,6.461,6.08,timeout,-0.008711600183402113,-0.010503551759380003,0.0017919515759778903,9.046674492363598,6
AVAX,2023-01-24 00:00:00+00:00,2023-01-24 04:00:00+00:00,2023-01-25 04:00:00+00:00,18.7,16.98,18.33,17.19,timeout,-0.0919786096256684,-0.09337783277561562,0.0013992231499472263,7.710732744665526,6
BNB,2023-01-24 00:00:00+00:00,2023-01-24 04:00:00+00:00,2023-01-25 04:00:00+00:00,322.21,300.15,307.01,300.69,timeout,-0.06846466590112044,-0.0696666737786813,0.0012020078775608622,6.455921962584254,6
LINK,2023-01-24 00:00:00+00:00,2023-01-24 04:00:00+00:00,2023-01-25 04:00:00+00:00,7.179,6.689,7.164,6.82,timeout,-0.0682546315642848,-0.069471941733807,0.001217310169522201,6.536688716426203,6
SOL,2023-01-24 00:00:00+00:00,2023-01-24 04:00:00+00:00,2023-01-25 04:00:00+00:00,25.014,22.908,24.829,23.68,timeout,-0.0841928520028783,-0.08529133097291863,0.0010984789700403397,6.000925858297193,6
ADA,2023-01-24 04:00:00+00:00,2023-01-24 08:00:00+00:00,2023-01-25 08:00:00+00:00,0.38223,0.35945,0.38059,0.3697,timeout,-0.059597624466944055,-0.06147444335056196,0.0018768188836179034,9.988775255673833,6
ADA,2023-01-26 16:00:00+00:00,2023-01-26 20:00:00+00:00,2023-01-27 20:00:00+00:00,0.3809,0.38317,0.37982,0.35221,timeout,0.005959569440798118,0.003951914031577797,0.0020076554092203214,9.988775255673833,6
AVAX,2023-01-27 16:00:00+00:00,2023-01-27 20:00:00+00:00,2023-01-27 20:00:00+00:00,19.23,20.099999999999998,18.32,17.45,target,0.04524180967238678,0.04363113557055365,0.0016106741018331316,7.710732744665526,0
LINK,2023-01-26 16:00:00+00:00,2023-01-26 20:00:00+00:00,2023-01-27 20:00:00+00:00,7.128,7.404,7.1,6.613,timeout,0.03872053872053871,0.03736346723093309,0.0013570714896056213,6.536688716426203,6
BNB,2023-01-27 16:00:00+00:00,2023-01-27 20:00:00+00:00,2023-01-28 20:00:00+00:00,308.96,306.65,307.13,298.6,timeout,-0.007476696012428841,-0.008757399799376175,0.0012807037869473348,6.455921962584254,6
BTC,2023-01-27 16:00:00+00:00,2023-01-27 20:00:00+00:00,2023-01-28 20:00:00+00:00,23253.6,23041.6,23170.0,22520.2,timeout,-0.009116867925826555,-0.01010982150842099,0.0009929535825944358,5.012959217987713,6
DOT,2023-01-27 16:00:00+00:00,2023-01-27 20:00:00+00:00,2023-01-28 20:00:00+00:00,6.532,6.422,6.518,6.266,timeout,-0.01684017146356409,-0.018617429025046595,0.0017772575614825037,9.046674492363598,6
BTC,2023-01-29 00:00:00+00:00,2023-01-29 04:00:00+00:00,2023-01-29 08:00:00+00:00,23196.9,23454.4,23137.5,22880.0,target,0.01110062120369526,0.010087407887523492,0.0010132133161717682,5.012959217987713,1
BNB,2023-01-29 08:00:00+00:00,2023-01-29 12:00:00+00:00,2023-01-30 12:00:00+00:00,316.75,306.71,313.81,303.6,timeout,-0.031696921862667815,-0.032946373048449606,0.0012494511857817914,6.455921962584254,6
DOT,2023-01-29 08:00:00+00:00,2023-01-29 12:00:00+00:00,2023-01-30 12:00:00+00:00,6.59,6.269,6.522,6.321,timeout,-0.04871016691957508,-0.05042981310520145,0.0017196461856263667,9.046674492363598,6
ADA,2023-01-29 16:00:00+00:00,2023-01-29 20:00:00+00:00,2023-01-30 20:00:00+00:00,0.39621,0.3725,0.3913,0.37673,timeout,-0.05984200297821862,-0.06171833414060501,0.001876331162386391,9.988775255673833,6
AVAX,2023-01-29 16:00:00+00:00,2023-01-29 20:00:00+00:00,2023-01-30 20:00:00+00:00,20.99,20.24,20.87,20.15,timeout,-0.0357313006193426,-0.03721719853016903,0.001485897910826428,7.710732744665526,6
ETH,2023-01-29 16:00:00+00:00,2023-01-29 20:00:00+00:00,2023-01-30 20:00:00+00:00,1655.21,1554.62,1620.0,1555.0,timeout,-0.060771744974957964,-0.06171837120113166,0.0009466262261736968,5.041924062981029,6
LINK,2023-01-29 16:00:00+00:00,2023-01-29 20:00:00+00:00,2023-01-30 20:00:00+00:00,7.453,6.893,7.417,7.119,timeout,-0.07513752851200861,-0.0763458462886153,0.0012083177766066822,6.536688716426203,6
SOL,2023-01-29 16:00:00+00:00,2023-01-29 20:00:00+00:00,2023-01-30 20:00:00+00:00,26.341,23.6,24.724,23.717,timeout,-0.10405831213697281,-0.10513296317529708,0.0010746510383242702,6.000925858297193,6
XRP,2023-01-29 16:00:00+00:00,2023-01-29 20:00:00+00:00,2023-01-30 20:00:00+00:00,0.416,0.3951,0.41418,0.40519,timeout,-0.0502403846153846,-0.05133060734624373,0.001090222730859125,5.742762706652812,6
ADA,2023-01-31 12:00:00+00:00,2023-01-31 16:00:00+00:00,2023-02-01 16:00:00+00:00,0.39641,0.37515,0.38563,0.36534,timeout,-0.05363134128806035,-0.0555200674501225,0.0018887261620621487,9.988775255673833,6
BNB,2023-01-31 16:00:00+00:00,2023-01-31 20:00:00+00:00,2023-02-01 20:00:00+00:00,313.7,314.52,313.58,301.29,timeout,0.002613962384443669,0.0013202381027936916,0.0012937242816499772,6.455921962584254,6
AVAX,2023-02-01 20:00:00+00:00,2023-02-02 00:00:00+00:00,2023-02-02 00:00:00+00:00,20.96,21.790000000000003,20.13,19.3,target,0.03959923664122145,0.03799725750945626,0.0016019791317651855,7.710732744665526,0
BTC,2023-02-01 16:00:00+00:00,2023-02-01 20:00:00+00:00,2023-02-02 00:00:00+00:00,23379.7,23921.699999999997,23360.0,22818.0,target,0.023182504480382393,0.02215718403583611,0.001025320444546285,5.012959217987713,1
ETH,2023-02-01 16:00:00+00:00,2023-02-01 20:00:00+00:00,2023-02-02 00:00:00+00:00,1617.52,1660.24,1606.0,1563.28,target,0.026410801721153288,0.025376306241978286,0.0010344954791750016,5.041924062981029,1
LINK,2023-02-01 20:00:00+00:00,2023-02-02 00:00:00+00:00,2023-02-02 16:00:00+00:00,7.218,7.405,7.073,6.886,target,0.025907453588251528,0.024567122185973567,0.001340331402277961,6.536688716426203,4
SOL,2023-02-01 20:00:00+00:00,2023-02-02 00:00:00+00:00,2023-02-02 16:00:00+00:00,25.007,26.023000000000003,24.498,23.482,target,0.04062862398528422,0.0393804259759436,0.0012481980093406175,6.000925858297193,4
XRP,2023-02-01 20:00:00+00:00,2023-02-02 00:00:00+00:00,2023-02-03 00:00:00+00:00,0.41326,0.40986,0.41189,0.38468,timeout,-0.008227266127861399,-0.009365715437348876,0.001138449309487477,5.742762706652812,6
DOT,2023-02-02 00:00:00+00:00,2023-02-02 04:00:00+00:00,2023-02-03 04:00:00+00:00,6.541,6.625,6.503,6.0,timeout,0.012842073077510952,0.011011158936476306,0.0018309141410346452,9.046674492363598,6
DOT,2023-02-03 12:00:00+00:00,2023-02-03 16:00:00+00:00,2023-02-04 16:00:00+00:00,6.959,6.948,6.94,6.46,timeout,-0.0015806868802987761,-0.0033855290049142894,0.0018048421246155133,9.046674492363598,6
ETH,2023-02-04 12:00:00+00:00,2023-02-04 16:00:00+00:00,2023-02-05 16:00:00+00:00,1680.53,1645.06,1676.47,1625.99,timeout,-0.021106436659863226,-0.022093040624056814,0.0009866039641935886,5.041924062981029,6
XRP,2023-02-04 16:00:00+00:00,2023-02-04 20:00:00+00:00,2023-02-05 20:00:00+00:00,0.41656,0.39783,0.41395,0.40552,timeout,-0.04496351065872861,-0.04605979067802379,0.0010962800192951816,5.742762706652812,6
LINK,2023-02-07 16:00:00+00:00,2023-02-07 20:00:00+00:00,2023-02-08 20:00:00+00:00,7.078,7.08,7.065,6.763,timeout,0.0002825656965244061,-0.0010242872064982755,0.0013068529030226816,6.536688716426203,6
ADA,2023-02-07 20:00:00+00:00,2023-02-08 00:00:00+00:00,2023-02-09 00:00:00+00:00,0.39911,0.39412,0.39656,0.37925,timeout,-0.012502818771767177,-0.01447362765684479,0.001970808885077613,9.988775255673833,6
AVAX,2023-02-07 20:00:00+00:00,2023-02-08 00:00:00+00:00,2023-02-09 00:00:00+00:00,20.85,20.09,20.43,19.41,timeout,-0.03645083932853721,-0.03793562846017662,0.001484789131639408,7.710732744665526,6
BNB,2023-02-07 20:00:00+00:00,2023-02-08 00:00:00+00:00,2023-02-09 00:00:00+00:00,333.02,328.28,331.92,323.31,timeout,-0.014233379376614064,-0.015505364668048971,0.0012719852914349072,6.455921962584254,6
BTC,2023-02-07 20:00:00+00:00,2023-02-08 00:00:00+00:00,2023-02-09 00:00:00+00:00,23240.7,22966.0,23165.6,22633.4,timeout,-0.011819781676111307,-0.012810026697216648,0.0009902450211053404,5.012959217987713,6
DOT,2023-02-07 20:00:00+00:00,2023-02-08 00:00:00+00:00,2023-02-09 00:00:00+00:00,6.941,6.756,6.776,6.413,timeout,-0.02665321999711856,-0.028412738515363856,0.0017595185182452955,9.046674492363598,6
ETH,2023-02-07 20:00:00+00:00,2023-02-08 00:00:00+00:00,2023-02-09 00:00:00+00:00,1670.13,1650.03,1659.0,1605.0,timeout,-0.01203499128810337,-0.013030738150258458,0.0009957468621550891,5.041924062981029,6
SOL,2023-02-07 20:00:00+00:00,2023-02-08 00:00:00+00:00,2023-02-09 00:00:00+00:00,23.822,23.217,23.621,22.49,timeout,-0.025396692133322185,-0.026565695061683936,0.001169002928361751,6.000925858297193,6
XRP,2023-02-07 20:00:00+00:00,2023-02-08 00:00:00+00:00,2023-02-09 00:00:00+00:00,0.40363,0.39763,0.40363,0.39006,timeout,-0.014865099224537381,-0.015995929009664733,0.0011308297851273519,5.742762706652812,6
XRP,2023-02-09 12:00:00+00:00,2023-02-09 16:00:00+00:00,2023-02-10 16:00:00+00:00,0.40197,0.37994,0.39945,0.38504,timeout,-0.05480508495658876,-0.055890067898357154,0.0010849829417683976,5.742762706652812,6
BNB,2023-02-12 12:00:00+00:00,2023-02-12 16:00:00+00:00,2023-02-12 16:00:00+00:00,312.83,317.53999999999996,311.31,306.6,target,0.0150561007576,0.013746321745881307,0.0013097790117186925,6.455921962584254,0
SOL,2023-02-12 08:00:00+00:00,2023-02-12 12:00:00+00:00,2023-02-12 16:00:00+00:00,21.052,22.391999999999996,21.007,19.667,target,0.0636519095572865,0.06237609591393678,0.0012758136433497214,6.000925858297193,1
ADA,2023-02-11 20:00:00+00:00,2023-02-12 00:00:00+00:00,2023-02-13 00:00:00+00:00,0.3685,0.36446,0.36576,0.35432,timeout,-0.010963364993215707,-0.012937246260921298,0.0019738812677055906,9.988775255673833,6
DOT,2023-02-12 08:00:00+00:00,2023-02-12 12:00:00+00:00,2023-02-13 12:00:00+00:00,6.322,6.046,6.291,6.166,timeout,-0.043657070547295174,-0.045385851212866424,0.00172878066557125,9.046674492363598,6
AVAX,2023-02-12 12:00:00+00:00,2023-02-12 16:00:00+00:00,2023-02-13 16:00:00+00:00,18.23,17.28,18.18,17.61,timeout,-0.052111903455841935,-0.053572559539832754,0.001460656083990819,7.710732744665526,6
BTC,2023-02-12 12:00:00+00:00,2023-02-12 16:00:00+00:00,2023-02-13 16:00:00+00:00,21940.0,21565.0,21899.0,21622.0,timeout,-0.017092069279854183,-0.018077030996909493,0.0009849617170553104,5.012959217987713,6
BTC,2023-02-14 12:00:00+00:00,2023-02-14 16:00:00+00:00,2023-02-15 12:00:00+00:00,22041.8,22572.799999999996,21876.9,21345.9,target,0.024090591512489823,0.023064361083463325,0.0010262304290264979,5.012959217987713,5
SOL,2023-02-14 08:00:00+00:00,2023-02-14 12:00:00+00:00,2023-02-15 12:00:00+00:00,21.355,22.105,21.188,19.734,timeout,0.03512058066026702,0.03387898935821365,0.0012415913020533687,6.000925858297193,6
ADA,2023-02-14 12:00:00+00:00,2023-02-14 16:00:00+00:00,2023-02-15 16:00:00+00:00,0.37901,0.39079,0.3629,0.34507,timeout,0.031080974116777904,0.02902318237453083,0.0020577917422470726,9.988775255673833,6
AVAX,2023-02-14 12:00:00+00:00,2023-02-14 16:00:00+00:00,2023-02-15 16:00:00+00:00,18.01,18.54,17.77,16.83,timeout,0.029428095502498586,0.027841789675672635,0.0015863058268259511,7.710732744665526,6
ETH,2023-02-14 12:00:00+00:00,2023-02-14 16:00:00+00:00,2023-02-15 16:00:00+00:00,1544.7,1579.53,1523.19,1460.03,timeout,0.02254806758593908,0.021517465266299274,0.0010306023196398062,5.041924062981029,6
DOT,2023-02-14 16:00:00+00:00,2023-02-14 20:00:00+00:00,2023-02-15 20:00:00+00:00,6.253,6.424,6.22,5.876,timeout,0.027346873500719626,0.02548973903875451,0.0018571344619651153,9.046674492363598,6
LINK,2023-02-15 08:00:00+00:00,2023-02-15 12:00:00+00:00,2023-02-15 20:00:00+00:00,6.849,7.152,6.831,6.528,target,0.04424003504161189,0.042875752419834656,0.0013642826217772352,6.536688716426203,2
XRP,2023-02-14 16:00:00+00:00,2023-02-14 20:00:00+00:00,2023-02-15 20:00:00+00:00,0.37947,0.39406,0.37813,0.36103,timeout,0.03844836218936942,0.037256334237303124,0.001192027952066299,5.742762706652812,6
BNB,2023-02-15 16:00:00+00:00,2023-02-15 20:00:00+00:00,2023-02-16 20:00:00+00:00,307.45,319.29,307.31,282.46,timeout,0.038510326882420065,0.037170283678316984,0.0013400432041030808,6.455921962584254,6
ADA,2023-02-15 20:00:00+00:00,2023-02-16 00:00:00+00:00,2023-02-17 00:00:00+00:00,0.41961,0.38754,0.39844,0.38185,timeout,-0.07642811181811682,-0.07827134106255151,0.0018432292444346965,9.988775255673833,6
DOT,2023-02-17 12:00:00+00:00,2023-02-17 16:00:00+00:00,2023-02-17 16:00:00+00:00,6.836,7.372999999999999,6.829,6.292,target,0.07855471035693373,0.07660500751227195,0.0019497028446617826,9.046674492363598,0
LINK,2023-02-17 20:00:00+00:00,2023-02-18 00:00:00+00:00,2023-02-18 12:00:00+00:00,7.654,8.177,7.493,6.97,target,0.06833028481839554,0.06693452867709992,0.001395756141295612,6.536688716426203,3
DOT,2023-02-19 04:00:00+00:00,2023-02-19 08:00:00+00:00,2023-02-19 08:00:00+00:00,7.399,7.663000000000001,7.378,7.114,target,0.035680497364508845,0.03380829821458908,0.001872199149919762,9.046674492363598,0
SOL,2023-02-19 12:00:00+00:00,2023-02-19 16:00:00+00:00,2023-02-20 00:00:00+00:00,25.288,26.108,24.022,23.202,target,0.03242644732679523,0.031188087544408605,0.0012383597823866221,6.000925858297193,2
AVAX,2023-02-19 12:00:00+00:00,2023-02-19 16:00:00+00:00,2023-02-20 04:00:00+00:00,20.16,20.68,19.81,19.29,target,0.025793650793650702,0.024212945494772597,0.0015807052988781045,7.710732744665526,3
LINK,2023-02-20 04:00:00+00:00,2023-02-20 08:00:00+00:00,2023-02-21 08:00:00+00:00,8.37,7.976,8.286,7.941,timeout,-0.04707287933094373,-0.04831786311524888,0.0012449837843051537,6.536688716426203,6
BNB,2023-02-20 08:00:00+00:00,2023-02-20 12:00:00+00:00,2023-02-21 12:00:00+00:00,317.98,311.53,317.28,307.02,timeout,-0.02028429460972403,-0.02154847209450861,0.0012641774847845788,6.455921962584254,6
AVAX,2023-02-20 12:00:00+00:00,2023-02-20 16:00:00+00:00,2023-02-21 16:00:00+00:00,21.11,20.6,20.94,19.02,timeout,-0.02415916627190895,-0.02566289635986785,0.0015037300879588988,7.710732744665526,6
XRP,2023-02-20 12:00:00+00:00,2023-02-20 16:00:00+00:00,2023-02-21 16:00:00+00:00,0.4028,0.38917,0.39806,0.37643,timeout,-0.03383813306852035,-0.034947183834583284,0.0011090507660629356,5.742762706652812,6
XRP,2023-02-22 20:00:00+00:00,2023-02-23 00:00:00+00:00,2023-02-24 00:00:00+00:00,0.39529,0.38827,0.3949,0.3825,timeout,-0.017759113562194728,-0.01888662132755703,0.0011275077653623011,5.742762706652812,6
ADA,2023-02-23 00:00:00+00:00,2023-02-23 04:00:00+00:00,2023-02-24 04:00:00+00:00,0.39171,0.37988,0.38909,0.37683,timeout,-0.030200913941436314,-0.03213640164902354,0.0019354877075872245,9.988775255673833,6
BNB,2023-02-23 00:00:00+00:00,2023-02-23 04:00:00+00:00,2023-02-24 04:00:00+00:00,313.29,309.54,312.99,303.39,timeout,-0.01196974049602606,-0.013244646676950467,0.0012749061809244067,6.455921962584254,6
DOT,2023-02-23 00:00:00+00:00,2023-02-23 04:00:00+00:00,2023-02-24 04:00:00+00:00,7.328,7.054,7.2,6.881,timeout,-0.03739082969432317,-0.039130937840548996,0.0017401081462258272,9.046674492363598,6
LINK,2023-02-23 12:00:00+00:00,2023-02-23 16:00:00+00:00,2023-02-24 16:00:00+00:00,7.972,7.59,7.968,7.295,timeout,-0.04791771199197192,-0.04916159201614634,0.0012438800241744152,6.536688716426203,6
BTC,2023-02-26 08:00:00+00:00,2023-02-26 12:00:00+00:00,2023-02-27 12:00:00+00:00,23252.1,23431.2,23250.0,22722.6,timeout,0.0077025300940560815,0.006692721969306037,0.0010098081247500446,5.012959217987713,6
LINK,2023-02-26 08:00:00+00:00,2023-02-26 12:00:00+00:00,2023-02-27 12:00:00+00:00,7.436,7.291,7.43,7.169,timeout,-0.01949973103819247,-0.02078073869227981,0.0012810076540873405,6.536688716426203,6
SOL,2023-02-26 08:00:00+00:00,2023-02-26 12:00:00+00:00,2023-02-27 12:00:00+00:00,22.842,22.778,22.84,21.41,timeout,-0.0028018562297522642,-0.003997960881578222,0.0011961046518259577,6.000925858297193,6
BNB,2023-02-26 12:00:00+00:00,2023-02-26 16:00:00+00:00,2023-02-27 16:00:00+00:00,304.35,305.05,303.67,295.4,timeout,0.002299983571545816,0.0010066644328816654,0.0012933191386641507,6.455921962584254,6
ADA,2023-02-26 16:00:00+00:00,2023-02-26 20:00:00+00:00,2023-02-27 20:00:00+00:00,0.36723,0.35986,0.36568,0.35111,timeout,-0.02006916646243495,-0.022024874721870424,0.0019557082594354736,9.988775255673833,6
AVAX,2023-02-26 16:00:00+00:00,2023-02-26 20:00:00+00:00,2023-02-27 20:00:00+00:00,18.46,17.88,18.26,17.44,timeout,-0.031419284940411796,-0.032911827487834944,0.001492542547423148,7.710732744665526,6
DOT,2023-02-26 16:00:00+00:00,2023-02-26 20:00:00+00:00,2023-02-27 20:00:00+00:00,6.693,6.526,6.62,6.335,timeout,-0.024951441804870744,-0.026714036626757087,0.001762594821886343,9.046674492363598,6
ETH,2023-02-26 16:00:00+00:00,2023-02-26 20:00:00+00:00,2023-02-27 20:00:00+00:00,1633.39,1622.02,1606.58,1556.66,timeout,-0.0069609829863046535,-0.00796184382294296,0.0010008608366383065,5.041924062981029,6
XRP,2023-02-26 16:00:00+00:00,2023-02-26 20:00:00+00:00,2023-02-27 20:00:00+00:00,0.37905,0.37713,0.37865,0.36905,timeout,-0.005065294815987276,-0.006207373731264121,0.0011420789152768451,5.742762706652812,6
ETH,2023-03-01 04:00:00+00:00,2023-03-01 08:00:00+00:00,2023-03-02 08:00:00+00:00,1650.99,1644.71,1647.69,1616.2,timeout,-0.0038037783390572066,-0.004807821248535071,0.0010040429094778647,5.041924062981029,6
XRP,2023-03-01 04:00:00+00:00,2023-03-01 08:00:00+00:00,2023-03-02 08:00:00+00:00,0.38218,0.37894,0.38053,0.372,timeout,-0.008477680674027988,-0.009615842534327346,0.0011381618602993582,5.742762706652812,6
AVAX,2023-03-01 08:00:00+00:00,2023-03-01 12:00:00+00:00,2023-03-02 12:00:00+00:00,17.76,17.33,17.74,16.92,timeout,-0.02421171171171188,-0.025715360829336342,0.0015036491176244615,7.710732744665526,6
LINK,2023-03-01 08:00:00+00:00,2023-03-01 12:00:00+00:00,2023-03-02 12:00:00+00:00,7.474,7.325,7.431,7.079,timeout,-0.01993577736151997,-0.021216215328177745,0.001280437966657777,6.536688716426203,6
AVAX,2023-03-06 12:00:00+00:00,2023-03-06 16:00:00+00:00,2023-03-07 16:00:00+00:00,16.55,16.19,16.46,15.81,timeout,-0.021752265861027187,-0.023259704882289123,0.001507439021261936,7.710732744665526,6
XRP,2023-03-07 12:00:00+00:00,2023-03-07 16:00:00+00:00,2023-03-08 12:00:00+00:00,0.37871,0.39381,0.37415,0.35905,target,0.03987219772385209,0.038678535360467725,0.0011936623633843624,5.742762706652812,5
BNB,2023-03-07 20:00:00+00:00,2023-03-08 00:00:00+00:00,2023-03-09 00:00:00+00:00,289.36,286.94,288.87,283.09,timeout,-0.008363284489908862,-0.009642844266215755,0.0012795597763068933,6.455921962584254,6
BNB,2023-03-10 20:00:00+00:00,2023-03-11 00:00:00+00:00,2023-03-12 00:00:00+00:00,277.2,275.98,277.24,264.77,timeout,-0.004401154401154295,-0.005685826717377274,0.001284672316222979,6.455921962584254,6
SOL,2023-03-10 20:00:00+00:00,2023-03-11 00:00:00+00:00,2023-03-12 00:00:00+00:00,18.172,18.117,17.974,15.993,timeout,-0.003026634382566562,-0.004222469420779751,0.0011958350382131888,6.000925858297193,6
BTC,2023-03-11 00:00:00+00:00,2023-03-11 04:00:00+00:00,2023-03-12 04:00:00+00:00,20390.8,20377.0,20363.5,19525.0,timeout,-0.000676775800851348,-0.0016781871111452018,0.0010014113102938538,5.012959217987713,6
DOT,2023-03-11 00:00:00+00:00,2023-03-11 04:00:00+00:00,2023-03-12 04:00:00+00:00,5.592,5.475,5.561,5.141,timeout,-0.02092274678111583,-0.022692624273109474,0.0017698774919936433,9.046674492363598,6
ETH,2023-03-11 00:00:00+00:00,2023-03-11 04:00:00+00:00,2023-03-12 04:00:00+00:00,1458.87,1466.91,1438.77,1367.0,timeout,0.005511114766908687,0.004497683594182789,0.0010134311727258982,5.041924062981029,6
AVAX,2023-03-12 16:00:00+00:00,2023-03-12 20:00:00+00:00,2023-03-12 20:00:00+00:00,14.78,15.430000000000001,14.57,13.92,target,0.04397834912043308,0.042369621958696424,0.001608727161736656,7.710732744665526,0
BTC,2023-03-12 16:00:00+00:00,2023-03-12 20:00:00+00:00,2023-03-12 20:00:00+00:00,20778.2,21698.299999999996,20686.5,19766.4,target,0.044281987852653026,0.0432355238373594,0.0010464640152936244,5.012959217987713,0
DOT,2023-03-12 16:00:00+00:00,2023-03-12 20:00:00+00:00,2023-03-12 20:00:00+00:00,5.594,5.878,5.514,5.23,target,0.05076868072935281,0.04886920667743255,0.001899474051920258,9.046674492363598,0
ETH,2023-03-12 16:00:00+00:00,2023-03-12 20:00:00+00:00,2023-03-12 20:00:00+00:00,1515.82,1584.4,1477.7,1409.12,target,0.045242838859495205,0.04418936300983822,0.0010534758496569818,5.041924062981029,0
LINK,2023-03-12 16:00:00+00:00,2023-03-12 20:00:00+00:00,2023-03-12 20:00:00+00:00,6.263,6.5360000000000005,6.197,5.924,target,0.04358933418489541,0.04222590169320406,0.001363432491691352,6.536688716426203,0
SOL,2023-03-12 16:00:00+00:00,2023-03-12 20:00:00+00:00,2023-03-12 20:00:00+00:00,18.443,19.012000000000008,18.341,17.772,target,0.03085181369625367,0.02961534263239507,0.0012364710638586018,6.000925858297193,0
BNB,2023-03-12 20:00:00+00:00,2023-03-13 00:00:00+00:00,2023-03-13 04:00:00+00:00,288.19,296.25,278.31,270.25,target,0.027967660224157642,0.026641220764228146,0.001326439459929496,6.455921962584254,1
ADA,2023-03-12 20:00:00+00:00,2023-03-13 00:00:00+00:00,2023-03-13 12:00:00+00:00,0.33063,0.35144,0.31818,0.29737,target,0.06294044702537582,0.06081907137273812,0.0021213756526377026,9.988775255673833,3
XRP,2023-03-12 20:00:00+00:00,2023-03-13 00:00:00+00:00,2023-03-13 12:00:00+00:00,0.37147,0.37940000000000007,0.3661,0.35817,target,0.02134761891942838,0.020175220796558202,0.0011723981228701774,5.742762706652812,3
ETH,2023-03-13 04:00:00+00:00,2023-03-13 08:00:00+00:00,2023-03-14 08:00:00+00:00,1606.55,1667.44,1600.0,1450.04,timeout,0.037901092402975456,0.03685501612813358,0.0010460762748418784,5.041924062981029,6
LINK,2023-03-13 04:00:00+00:00,2023-03-13 08:00:00+00:00,2023-03-14 08:00:00+00:00,6.636,6.687,6.586,6.08,timeout,0.007685352622061492,0.006368828098322954,0.0013165245237385381,6.536688716426203,6
AVAX,2023-03-13 12:00:00+00:00,2023-03-13 16:00:00+00:00,2023-03-14 16:00:00+00:00,16.47,17.77,16.32,14.22,timeout,0.0789313904068003,0.07726880206398645,0.0016625883428138533,7.710732744665526,6
DOT,2023-03-13 12:00:00+00:00,2023-03-13 16:00:00+00:00,2023-03-14 16:00:00+00:00,6.027,6.515,5.923,5.372,timeout,0.08096897295503558,0.07901490584900639,0.001954067106029189,9.046674492363598,6
BTC,2023-03-14 08:00:00+00:00,2023-03-14 12:00:00+00:00,2023-03-15 12:00:00+00:00,24746.1,24769.1,24537.3,21811.3,timeout,0.0009294393864083261,-7.358149525960034e-05,0.0010030208816679265,5.012959217987713,6
ADA,2023-03-14 12:00:00+00:00,2023-03-14 16:00:00+00:00,2023-03-15 16:00:00+00:00,0.36472,0.32714,0.35169,0.32761,timeout,-0.1030379469181838,-0.1048280692774115,0.0017901223592277082,9.988775255673833,6
ETH,2023-03-14 12:00:00+00:00,2023-03-14 16:00:00+00:00,2023-03-15 16:00:00+00:00,1770.29,1634.39,1699.0,1566.21,timeout,-0.07676708335922355,-0.07769758825734929,0.0009305048981257391,5.041924062981029,6
LINK,2023-03-14 12:00:00+00:00,2023-03-14 16:00:00+00:00,2023-03-15 16:00:00+00:00,7.151,6.581,6.888,6.394,timeout,-0.07970913158998738,-0.08091147664152731,0.0012023450515399325,6.536688716426203,6
SOL,2023-03-14 12:00:00+00:00,2023-03-14 16:00:00+00:00,2023-03-15 16:00:00+00:00,21.924,19.243,21.427,18.877,timeout,-0.1222860791826309,-0.12333886664540417,0.0010527874627732636,6.000925858297193,6
XRP,2023-03-14 12:00:00+00:00,2023-03-14 16:00:00+00:00,2023-03-15 16:00:00+00:00,0.38476,0.36043,0.3797,0.35537,timeout,-0.06323422393180167,-0.0643095311211338,0.0010753071893321309,5.742762706652812,6
ADA,2023-03-17 00:00:00+00:00,2023-03-17 04:00:00+00:00,2023-03-17 08:00:00+00:00,0.33076,0.34072,0.32912,0.31916,target,0.030112468254928082,0.028056609419421452,0.00205585883550663,9.988775255673833,1
AVAX,2023-03-17 00:00:00+00:00,2023-03-17 04:00:00+00:00,2023-03-17 08:00:00+00:00,16.16,16.909999999999997,15.99,15.24,target,0.046410891089108786,0.04479841548149621,0.0016124756076125735,7.710732744665526,1
BNB,2023-03-16 04:00:00+00:00,2023-03-16 08:00:00+00:00,2023-03-17 08:00:00+00:00,321.76,329.97,313.8,300.17,timeout,0.025515912481352654,0.024192636637437648,0.001323275843915006,6.455921962584254,6
DOT,2023-03-16 16:00:00+00:00,2023-03-16 20:00:00+00:00,2023-03-17 08:00:00+00:00,6.119,6.441999999999999,6.087,5.764,target,0.052786403007027305,0.05088328151949084,0.0019031214875364633,9.046674492363598,3
LINK,2023-03-17 00:00:00+00:00,2023-03-17 04:00:00+00:00,2023-03-17 12:00:00+00:00,6.918,7.133,6.681,6.466,target,0.031078346342873653,0.029731259253313436,0.0013470870895602172,6.536688716426203,2
XRP,2023-03-17 00:00:00+00:00,2023-03-17 04:00:00+00:00,2023-03-17 12:00:00+00:00,0.3688,0.378,0.367,0.3578,target,0.024945770065075923,0.023769241648492923,0.0011765284165830003,5.742762706652812,2
BTC,2023-03-17 00:00:00+00:00,2023-03-17 04:00:00+00:00,2023-03-17 20:00:00+00:00,25776.0,27147.0,25221.0,23850.0,target,0.053189013035381816,0.05213362338367422,0.0010553896517075945,5.012959217987713,4
ETH,2023-03-17 00:00:00+00:00,2023-03-17 04:00:00+00:00,2023-03-17 20:00:00+00:00,1708.25,1766.2200000000003,1693.97,1636.0,target,0.033935313917752286,0.032893234658440074,0.001042079259312212,5.041924062981029,4
SOL,2023-03-17 00:00:00+00:00,2023-03-17 04:00:00+00:00,2023-03-17 20:00:00+00:00,19.989,20.898,19.929,19.02,target,0.0454750112561908,0.04422100017309427,0.001254011083096529,6.000925858297193,4
BNB,2023-03-18 00:00:00+00:00,2023-03-18 04:00:00+00:00,2023-03-19 04:00:00+00:00,343.42,333.81,339.9,328.01,timeout,-0.027983227534797095,-0.029237470691074963,0.0012542431562778678,6.455921962584254,6
SOL,2023-03-18 00:00:00+00:00,2023-03-18 04:00:00+00:00,2023-03-19 04:00:00+00:00,22.664,21.819,21.709,19.808,timeout,-0.03728379809389348,-0.03843854285017079,0.0011547447562773039,6.000925858297193,6
XRP,2023-03-19 08:00:00+00:00,2023-03-19 12:00:00+00:00,2023-03-20 12:00:00+00:00,0.39339,0.38234,0.38398,0.36901,timeout,-0.02808917359363483,-0.029204823551953085,0.0011156499583182544,5.742762706652812,6
AVAX,2023-03-19 16:00:00+00:00,2023-03-19 20:00:00+00:00,2023-03-20 20:00:00+00:00,17.83,16.8,17.73,16.86,timeout,-0.05776780706674134,-0.05921974763879578,0.0014519405720544443,7.710732744665526,6
BTC,2023-03-19 16:00:00+00:00,2023-03-19 20:00:00+00:00,2023-03-20 20:00:00+00:00,28249.9,27783.5,27656.0,26560.0,timeout,-0.01650979295501931,-0.0174953381650661,0.0009855452100467899,5.012959217987713,6
SOL,2023-03-20 04:00:00+00:00,2023-03-20 08:00:00+00:00,2023-03-21 08:00:00+00:00,23.099,21.937,22.537,21.061,timeout,-0.05030520801766303,-0.05144433404352,0.0011391260258569735,6.000925858297193,6
LINK,2023-03-20 08:00:00+00:00,2023-03-20 12:00:00+00:00,2023-03-21 12:00:00+00:00,7.29,7.099,7.271,6.839,timeout,-0.026200274348422425,-0.02747252785165566,0.0012722535032332338,6.536688716426203,6
XRP,2023-03-21 04:00:00+00:00,2023-03-21 08:00:00+00:00,2023-03-21 12:00:00+00:00,0.38669,0.40084,0.3849,0.37075,target,0.03659261941089764,0.03540272165359526,0.0011898977573023828,5.742762706652812,1
ADA,2023-03-21 16:00:00+00:00,2023-03-21 20:00:00+00:00,2023-03-22 20:00:00+00:00,0.36285,0.35036,0.35494,0.3291,timeout,-0.034421937439713335,-0.03634900099098637,0.0019270635512730339,9.988775255673833,6
DOT,2023-03-21 20:00:00+00:00,2023-03-22 00:00:00+00:00,2023-03-23 00:00:00+00:00,6.367,6.055,6.353,6.0,timeout,-0.04900267001727665,-0.05072178744519029,0.0017191174279136412,9.046674492363598,6
LINK,2023-03-21 20:00:00+00:00,2023-03-22 00:00:00+00:00,2023-03-23 00:00:00+00:00,7.378,7.174,7.368,6.834,timeout,-0.027649769585253448,-0.028920129346534873,0.0012703597612814255,6.536688716426203,6
AVAX,2023-03-22 12:00:00+00:00,2023-03-22 16:00:00+00:00,2023-03-23 16:00:00+00:00,17.63,17.67,17.56,16.32,timeout,0.0022688598979014873,0.0007244053221540092,0.0015444545757474781,7.710732744665526,6
BTC,2023-03-22 12:00:00+00:00,2023-03-22 16:00:00+00:00,2023-03-23 16:00:00+00:00,28593.1,28583.6,28254.8,27300.0,timeout,-0.00033224798989961446,-0.00133400454789534,0.0010017565579957255,5.012959217987713,6
ETH,2023-03-23 12:00:00+00:00,2023-03-23 16:00:00+00:00,2023-03-24 16:00:00+00:00,1837.73,1767.0,1819.89,1710.0,timeout,-0.038487699498838235,-0.039456785294088914,0.0009690857952506793,5.041924062981029,6
XRP,2023-03-25 04:00:00+00:00,2023-03-25 08:00:00+00:00,2023-03-26 08:00:00+00:00,0.44507,0.45679,0.43448,0.41402,timeout,0.02633293639202816,0.025154815656466045,0.001178120735562116,5.742762706652812,6
BNB,2023-03-26 08:00:00+00:00,2023-03-26 12:00:00+00:00,2023-03-27 12:00:00+00:00,327.15,328.61,325.28,318.8,timeout,0.004462784655356877,0.0031666747433907183,0.001296109911966159,6.455921962584254,6
BTC,2023-03-26 08:00:00+00:00,2023-03-26 12:00:00+00:00,2023-03-27 12:00:00+00:00,27858.5,27887.4,27800.6,27150.1,timeout,0.0010373853581493453,3.425630495645926e-05,0.001003129053192886,5.012959217987713,6
ETH,2023-03-26 08:00:00+00:00,2023-03-26 12:00:00+00:00,2023-03-27 12:00:00+00:00,1777.94,1765.42,1763.7,1713.04,timeout,-0.007041857430509446,-0.008042636755684174,0.0010007793251747277,5.041924062981029,6
LINK,2023-03-26 08:00:00+00:00,2023-03-26 12:00:00+00:00,2023-03-27 12:00:00+00:00,7.218,7.177,7.19,6.971,timeout,-0.005680243834857324,-0.006979306424209186,0.0012990625893518626,6.536688716426203,6
XRP,2023-03-27 08:00:00+00:00,2023-03-27 12:00:00+00:00,2023-03-28 08:00:00+00:00,0.47743,0.4963200000000001,0.46049,0.4416,target,0.03956600967681134,0.03837269878464511,0.0011933108921662328,5.742762706652812,5
ADA,2023-03-28 12:00:00+00:00,2023-03-28 16:00:00+00:00,2023-03-29 04:00:00+00:00,0.3584,0.37897000000000003,0.357,0.33643,target,0.057393973214285854,0.055283667000706194,0.00211030621357966,9.988775255673833,3
ETH,2023-03-28 16:00:00+00:00,2023-03-28 20:00:00+00:00,2023-03-29 20:00:00+00:00,1785.96,1809.45,1770.79,1685.8,timeout,0.013152590203588055,0.0121314573662068,0.0010211328373812556,5.041924062981029,6
LINK,2023-03-29 04:00:00+00:00,2023-03-29 08:00:00+00:00,2023-03-29 20:00:00+00:00,7.169,7.462999999999999,7.044,6.75,target,0.04100990375226665,0.039649841244482564,0.0013600625077840878,6.536688716426203,3
BTC,2023-03-29 04:00:00+00:00,2023-03-29 08:00:00+00:00,2023-03-30 00:00:00+00:00,28087.9,28992.4,27525.0,26620.5,target,0.03220247864738912,0.03116811938143771,0.0010343592659514123,5.012959217987713,4
AVAX,2023-03-29 04:00:00+00:00,2023-03-29 08:00:00+00:00,2023-03-30 08:00:00+00:00,17.2,17.25,16.83,16.34,timeout,0.0029069767441860517,0.0013615388569512277,0.001545437887234824,7.710732744665526,6
DOT,2023-03-29 04:00:00+00:00,2023-03-29 08:00:00+00:00,2023-03-30 08:00:00+00:00,6.224,6.187,6.118,5.74,timeout,-0.005944730077120819,-0.007741683322893822,0.001796953245773003,9.046674492363598,6
SOL,2023-03-29 04:00:00+00:00,2023-03-29 08:00:00+00:00,2023-03-30 08:00:00+00:00,21.209,21.017,20.746,19.323,timeout,-0.009052760620491318,-0.01024136752889826,0.0011886069084069417,6.000925858297193,6
ADA,2023-03-31 04:00:00+00:00,2023-03-31 08:00:00+00:00,2023-03-31 08:00:00+00:00,0.38437,0.39756,0.38292,0.36973,target,0.03431589354007869,0.03225164567009453,0.0020642478699841593,9.988775255673833,0
LINK,2023-03-31 04:00:00+00:00,2023-03-31 08:00:00+00:00,2023-04-01 08:00:00+00:00,7.516,7.568,7.413,7.13,timeout,0.006918573709419951,0.005603050969859469,0.0013155227395604818,6.536688716426203,6
DOT,2023-03-31 12:00:00+00:00,2023-03-31 16:00:00+00:00,2023-04-01 16:00:00+00:00,6.328,6.261,6.255,6.025,timeout,-0.010587863463969671,-0.01237642331969424,0.0017885598557245697,9.046674492363598,6
ETH,2023-03-31 12:00:00+00:00,2023-03-31 16:00:00+00:00,2023-04-01 16:00:00+00:00,1830.74,1821.04,1817.7,1762.56,timeout,-0.0052984039240963066,-0.006300940435348346,0.001002536511252039,5.041924062981029,6
AVAX,2023-03-31 16:00:00+00:00,2023-03-31 20:00:00+00:00,2023-04-01 20:00:00+00:00,17.73,17.63,17.56,16.89,timeout,-0.005640157924421962,-0.007172425033059704,0.0015322671086377415,7.710732744665526,6
SOL,2023-03-31 20:00:00+00:00,2023-04-01 00:00:00+00:00,2023-04-02 00:00:00+00:00,21.171,21.084,20.99,20.026,timeout,-0.00410939492702278,-0.005303931231446679,0.0011945363044238988,6.000925858297193,6
XRP,2023-04-02 12:00:00+00:00,2023-04-02 16:00:00+00:00,2023-04-03 16:00:00+00:00,0.52196,0.50857,0.52043,0.5012,timeout,-0.02565330676680211,-0.026771752840412,0.0011184460736098911,5.742762706652812,6
DOT,2023-04-03 16:00:00+00:00,2023-04-03 20:00:00+00:00,2023-04-04 20:00:00+00:00,6.449,6.516,6.398,6.088,timeout,0.010389207629089903,0.008562727531777004,0.0018264800973128992,9.046674492363598,6
SOL,2023-04-03 16:00:00+00:00,2023-04-03 20:00:00+00:00,2023-04-04 20:00:00+00:00,20.902,20.948,20.677,19.972,timeout,0.0022007463400630645,0.0009986412396376654,0.001202105100425399,6.000925858297193,6
AVAX,2023-04-04 16:00:00+00:00,2023-04-04 20:00:00+00:00,2023-04-05 12:00:00+00:00,17.52,18.330000000000005,17.46,16.65,target,0.04623287671232901,0.04462067541745851,0.0016122012948704967,7.710732744665526,4
ETH,2023-04-04 08:00:00+00:00,2023-04-04 12:00:00+00:00,2023-04-05 12:00:00+00:00,1864.31,1914.0,1840.27,1768.7,timeout,0.026653292639099657,0.02561855275899072,0.001034739880108937,5.041924062981029,6
BNB,2023-04-05 00:00:00+00:00,2023-04-05 04:00:00+00:00,2023-04-06 04:00:00+00:00,314.52,314.06,312.83,298.18,timeout,-0.0014625461019965869,-0.0027510102554106908,0.001288464153414104,6.455921962584254,6
BTC,2023-04-05 00:00:00+00:00,2023-04-05 04:00:00+00:00,2023-04-06 04:00:00+00:00,28545.6,28136.8,28388.0,27192.6,timeout,-0.014320946135306323,-0.015308684765768743,0.0009877386304624203,5.012959217987713,6
LINK,2023-04-05 00:00:00+00:00,2023-04-05 04:00:00+00:00,2023-04-06 04:00:00+00:00,7.6,7.309,7.438,7.024,timeout,-0.03828947368421043,-0.039545932845135745,0.0012564591609253162,6.536688716426203,6
SOL,2023-04-05 00:00:00+00:00,2023-04-05 04:00:00+00:00,2023-04-06 04:00:00+00:00,21.143,20.821,21.0,20.045,timeout,-0.015229626826845699,-0.016410824798072876,0.001181197971227177,6.000925858297193,6
XRP,2023-04-05 04:00:00+00:00,2023-04-05 08:00:00+00:00,2023-04-06 08:00:00+00:00,0.52239,0.49776,0.5165,0.48148,timeout,-0.0471486820191811,-0.04824245369483937,0.0010937716756582727,5.742762706652812,6
ADA,2023-04-05 08:00:00+00:00,2023-04-05 12:00:00+00:00,2023-04-06 12:00:00+00:00,0.39855,0.38136,0.39793,0.37532,timeout,-0.04313135114791122,-0.04504103278635829,0.0019096816384470694,9.988775255673833,6
AVAX,2023-04-06 12:00:00+00:00,2023-04-06 16:00:00+00:00,2023-04-07 16:00:00+00:00,18.24,17.66,18.05,17.63,timeout,-0.03179824561403499,-0.0332902041988411,0.0014919585848061079,7.710732744665526,6
LINK,2023-04-07 16:00:00+00:00,2023-04-07 20:00:00+00:00,2023-04-08 20:00:00+00:00,7.236,7.118,7.233,7.104,timeout,-0.01630735212824752,-0.01759253057345833,0.0012851784452108106,6.536688716426203,6
ADA,2023-04-08 00:00:00+00:00,2023-04-08 04:00:00+00:00,2023-04-09 04:00:00+00:00,0.38589,0.38799,0.38514,0.3756,timeout,0.0054419653269066615,0.0034353429320646,0.0020066223948420614,9.988775255673833,6
BTC,2023-04-09 16:00:00+00:00,2023-04-09 20:00:00+00:00,2023-04-09 20:00:00+00:00,28145.3,28404.7,28122.2,27862.8,target,0.00921645887590472,0.008205133659018315,0.001011325216886405,5.012959217987713,0
ETH,2023-04-10 12:00:00+00:00,2023-04-10 16:00:00+00:00,2023-04-10 16:00:00+00:00,1861.11,1900.35,1860.93,1821.69,target,0.021084191692054777,0.02005506477874519,0.001029126913309586,5.041924062981029,0
ADA,2023-04-09 16:00:00+00:00,2023-04-09 20:00:00+00:00,2023-04-10 20:00:00+00:00,0.39075,0.39103,0.39011,0.38234,timeout,0.0007165706973768504,-0.0012806209366506005,0.001997191634027451,9.988775255673833,6
BNB,2023-04-09 20:00:00+00:00,2023-04-10 00:00:00+00:00,2023-04-10 20:00:00+00:00,312.74,316.02,312.56,309.28,target,0.010487945258041753,0.009184060771947333,0.0013038844860944199,6.455921962584254,5
AVAX,2023-04-10 16:00:00+00:00,2023-04-10 20:00:00+00:00,2023-04-11 04:00:00+00:00,17.76,18.090000000000003,17.58,17.25,target,0.01858108108108114,0.017011490051777933,0.0015695910293032078,7.710732744665526,2
DOT,2023-04-10 20:00:00+00:00,2023-04-11 00:00:00+00:00,2023-04-11 04:00:00+00:00,6.29,6.460000000000001,6.263,6.093,target,0.027027027027027195,0.02517047075138268,0.0018565562756445164,9.046674492363598,1
SOL,2023-04-10 16:00:00+00:00,2023-04-10 20:00:00+00:00,2023-04-11 04:00:00+00:00,20.692,21.421,20.576,19.847,target,0.035231007152522587,0.03398928339771512,0.0012417237548074667,6.000925858297193,2
XRP,2023-04-10 16:00:00+00:00,2023-04-10 20:00:00+00:00,2023-04-11 04:00:00+00:00,0.51288,0.52156,0.50848,0.4998,target,0.016924036811729826,0.015756716489270906,0.0011673203224589201,5.742762706652812,2
LINK,2023-04-10 16:00:00+00:00,2023-04-10 20:00:00+00:00,2023-04-11 20:00:00+00:00,7.29,7.324,7.255,7.044,timeout,0.004663923182441687,0.0033513461071241757,0.0013125770753175114,6.536688716426203,6
BNB,2023-04-11 00:00:00+00:00,2023-04-11 04:00:00+00:00,2023-04-12 04:00:00+00:00,327.7,317.28,318.56,311.64,timeout,-0.03179737564845897,-0.03304669721356246,0.0012493215651034895,6.455921962584254,6
BTC,2023-04-11 00:00:00+00:00,2023-04-11 04:00:00+00:00,2023-04-12 04:00:00+00:00,30102.4,29920.6,29850.0,28160.4,timeout,-0.00603938556394179,-0.007035423059298163,0.0009960374953563722,5.012959217987713,6
ETH,2023-04-11 00:00:00+00:00,2023-04-11 04:00:00+00:00,2023-04-12 04:00:00+00:00,1922.65,1863.07,1919.98,1847.22,timeout,-0.030988479442436323,-0.03196512352646652,0.0009766440840301982,5.041924062981029,6
ETH,2023-04-12 20:00:00+00:00,2023-04-13 00:00:00+00:00,2023-04-13 08:00:00+00:00,1918.01,1983.9099999999999,1917.9,1852.0,target,0.03435852784917692,0.033316022042425786,0.0010425058067511372,5.041924062981029,2
ADA,2023-04-13 00:00:00+00:00,2023-04-13 04:00:00+00:00,2023-04-13 16:00:00+00:00,0.40671,0.42396999999999996,0.40585,0.38859,target,0.04243810085810518,0.040357642999218735,0.002080457858886442,9.988775255673833,3
LINK,2023-04-13 12:00:00+00:00,2023-04-13 16:00:00+00:00,2023-04-14 00:00:00+00:00,7.409,7.643999999999999,7.375,7.14,target,0.03171818059117282,0.03037025756857381,0.0013479230225990069,6.536688716426203,2
AVAX,2023-04-13 00:00:00+00:00,2023-04-13 04:00:00+00:00,2023-04-14 04:00:00+00:00,18.54,19.2,18.47,17.67,timeout,0.03559870550161803,0.03400289102174536,0.0015958144798726703,7.710732744665526,6
XRP,2023-04-13 16:00:00+00:00,2023-04-13 20:00:00+00:00,2023-04-14 04:00:00+00:00,0.51226,0.5248999999999999,0.51031,0.49767,target,0.024674969741927733,0.023498752175230342,0.0011762175666973906,5.742762706652812,2
SOL,2023-04-13 04:00:00+00:00,2023-04-13 08:00:00+00:00,2023-04-14 08:00:00+00:00,24.124,24.912,24.083,22.315,timeout,0.03266456640689763,0.031425921008917834,0.0012386453979797984,6.000925858297193,6
DOT,2023-04-13 12:00:00+00:00,2023-04-13 16:00:00+00:00,2023-04-14 16:00:00+00:00,6.558,6.558,6.494,6.206,timeout,0.0,-0.0018076995315483568,0.0018076995315483568,9.046674492363598,6
BNB,2023-04-14 00:00:00+00:00,2023-04-14 04:00:00+00:00,2023-04-15 04:00:00+00:00,331.5,328.98,324.8,317.7,timeout,-0.007601809954751126,-0.008882352300753849,0.001280542346002722,6.455921962584254,6
BTC,2023-04-14 00:00:00+00:00,2023-04-14 04:00:00+00:00,2023-04-15 04:00:00+00:00,30706.5,30386.7,30475.0,29640.0,timeout,-0.010414733036979151,-0.011406386042572936,0.0009916530055937844,5.012959217987713,6
ADA,2023-04-15 04:00:00+00:00,2023-04-15 08:00:00+00:00,2023-04-16 08:00:00+00:00,0.44657,0.45093,0.4439,0.42426,timeout,0.009763306984347242,0.007748060222068087,0.0020152467622791548,9.988775255673833,6
AVAX,2023-04-15 08:00:00+00:00,2023-04-15 12:00:00+00:00,2023-04-16 12:00:00+00:00,19.45,19.07,19.32,18.46,timeout,-0.01953727506426728,-0.021048127294108432,0.001510852229841153,7.710732744665526,6
LINK,2023-04-15 12:00:00+00:00,2023-04-15 16:00:00+00:00,2023-04-16 16:00:00+00:00,7.966,7.961,7.842,7.531,timeout,-0.0006276675872457504,-0.0019333312852877205,0.00130566369804197,6.536688716426203,6
DOT,2023-04-15 16:00:00+00:00,2023-04-15 20:00:00+00:00,2023-04-16 20:00:00+00:00,6.785,6.801,6.781,6.539,timeout,0.002358142962417098,0.0005461806169402283,0.0018119623454768696,9.046674492363598,6
SOL,2023-04-16 16:00:00+00:00,2023-04-16 20:00:00+00:00,2023-04-16 20:00:00+00:00,24.543,25.268000000000004,24.526,23.801,target,0.02953999103614091,0.028305093458149466,0.001234897577991445,6.000925858297193,0
AVAX,2023-04-16 20:00:00+00:00,2023-04-17 00:00:00+00:00,2023-04-17 00:00:00+00:00,20.17,20.770000000000003,19.43,18.83,target,0.02974714923153199,0.028160351756196134,0.001586797475335855,7.710732744665526,0
BNB,2023-04-16 12:00:00+00:00,2023-04-16 16:00:00+00:00,2023-04-17 16:00:00+00:00,345.98,338.81,336.61,329.82,timeout,-0.020723741256720052,-0.021987351700929914,0.0012636104442098617,6.455921962584254,6
ETH,2023-04-16 16:00:00+00:00,2023-04-16 20:00:00+00:00,2023-04-17 20:00:00+00:00,2115.24,2078.2,2110.33,2072.51,timeout,-0.01751101529850041,-0.01850124300392686,0.0009902277054264497,5.041924062981029,6
LINK,2023-04-17 00:00:00+00:00,2023-04-17 04:00:00+00:00,2023-04-18 04:00:00+00:00,8.212,8.078,8.197,7.902,timeout,-0.01631758402338046,-0.01760274910078652,0.0012851650774060586,6.536688716426203,6
XRP,2023-04-18 08:00:00+00:00,2023-04-18 12:00:00+00:00,2023-04-18 20:00:00+00:00,0.52012,0.5298400000000001,0.51602,0.5063,target,0.01868799507805896,0.017518649919665785,0.0011693451583931758,5.742762706652812,2
BNB,2023-04-18 08:00:00+00:00,2023-04-18 12:00:00+00:00,2023-04-19 12:00:00+00:00,346.02,326.82,345.82,335.87,timeout,-0.05548812207386855,-0.05670687425229792,0.001218752178429372,6.455921962584254,6
BTC,2023-04-18 08:00:00+00:00,2023-04-18 12:00:00+00:00,2023-04-19 12:00:00+00:00,30382.1,29309.3,30010.0,29232.0,timeout,-0.03531026492572931,-0.036276970380215046,0.000966705454485739,5.012959217987713,6
DOT,2023-04-18 08:00:00+00:00,2023-04-18 12:00:00+00:00,2023-04-19 12:00:00+00:00,6.947,6.473,6.88,6.623,timeout,-0.06823089103210023,-0.06991524961389284,0.001684358581792611,9.046674492363598,6
ETH,2023-04-18 08:00:00+00:00,2023-04-18 12:00:00+00:00,2023-04-19 12:00:00+00:00,2118.07,1982.36,2103.0,2056.6,timeout,-0.06407248107947339,-0.06501578057080315,0.0009432994913297632,5.041924062981029,6
BNB,2023-04-21 04:00:00+00:00,2023-04-21 08:00:00+00:00,2023-04-22 08:00:00+00:00,329.74,322.0,326.77,315.29,timeout,-0.023473039364347748,-0.024733102248027827,0.0012600628836800798,6.455921962584254,6
XRP,2023-04-22 20:00:00+00:00,2023-04-23 00:00:00+00:00,2023-04-24 00:00:00+00:00,0.47178,0.46462,0.4704,0.44014,timeout,-0.01517656534825551,-0.016307037603496055,0.0011304722552405444,5.742762706652812,6
BTC,2023-04-24 00:00:00+00:00,2023-04-24 04:00:00+00:00,2023-04-25 04:00:00+00:00,27784.7,27354.0,27772.9,27305.0,timeout,-0.015501337066803011,-0.016487892839906815,0.0009865557731038033,5.012959217987713,6
DOT,2023-04-24 00:00:00+00:00,2023-04-24 04:00:00+00:00,2023-04-25 04:00:00+00:00,5.978,5.864,5.975,5.846,timeout,-0.01906992305118771,-0.02084314989176972,0.0017732268405820095,9.046674492363598,6
ADA,2023-04-25 20:00:00+00:00,2023-04-26 00:00:00+00:00,2023-04-26 08:00:00+00:00,0.39444,0.4066100000000001,0.38811,0.37594,target,0.030853868775986282,0.028796530281841592,0.0020573384941446893,9.988775255673833,2
BTC,2023-04-25 20:00:00+00:00,2023-04-26 00:00:00+00:00,2023-04-26 08:00:00+00:00,28295.5,28906.2,27795.0,27184.3,target,0.02158293721616511,0.02055921968117924,0.0010237175349858685,5.012959217987713,2
BNB,2023-04-25 20:00:00+00:00,2023-04-26 00:00:00+00:00,2023-04-26 12:00:00+00:00,338.22,344.12000000000006,333.94,328.04,target,0.0174442670451187,0.01613140645980282,0.0013128605853158781,6.455921962584254,3
DOT,2023-04-25 20:00:00+00:00,2023-04-26 00:00:00+00:00,2023-04-26 12:00:00+00:00,5.998,6.195000000000001,5.991,5.794,target,0.032844281427142574,0.030977209303444164,0.00186707212369841,9.046674492363598,3
LINK,2023-04-25 20:00:00+00:00,2023-04-26 00:00:00+00:00,2023-04-26 12:00:00+00:00,7.273,7.468,7.144,6.949,target,0.02681149456895371,0.025469982051838036,0.0013415125171156728,6.536688716426203,3
SOL,2023-04-25 20:00:00+00:00,2023-04-26 00:00:00+00:00,2023-04-26 12:00:00+00:00,21.93,22.656999999999996,21.462,20.735,target,0.0331509347925214,0.03191170601250026,0.00123922878002114,6.000925858297193,3
XRP,2023-04-25 20:00:00+00:00,2023-04-26 00:00:00+00:00,2023-04-26 12:00:00+00:00,0.46957,0.48295000000000005,0.46404,0.45066,target,0.028494154226207158,0.027313552643101202,0.0011806015831059558,5.742762706652812,3
AVAX,2023-04-25 20:00:00+00:00,2023-04-26 00:00:00+00:00,2023-04-27 00:00:00+00:00,17.62,17.18,17.24,16.54,timeout,-0.024971623155505163,-0.026474101281239726,0.0015024781257345632,7.710732744665526,6
ETH,2023-04-26 08:00:00+00:00,2023-04-26 12:00:00+00:00,2023-04-27 12:00:00+00:00,1913.98,1881.11,1877.97,1800.0,timeout,-0.01717363817803741,-0.0181642059179854,0.0009905677399479895,5.041924062981029,6
SOL,2023-04-28 04:00:00+00:00,2023-04-28 08:00:00+00:00,2023-04-29 08:00:00+00:00,22.613,23.272,22.532,21.333,timeout,0.029142528633971487,0.02790810779837205,0.0012344208355994368,6.000925858297193,6
XRP,2023-04-28 04:00:00+00:00,2023-04-28 08:00:00+00:00,2023-04-29 08:00:00+00:00,0.4762,0.47838,0.46919,0.45511,timeout,0.004577908441831147,0.0034247601578216713,0.0011531482840094753,5.742762706652812,6
DOT,2023-04-29 00:00:00+00:00,2023-04-29 04:00:00+00:00,2023-04-30 04:00:00+00:00,5.982,5.977,5.969,5.772,timeout,-0.0008358408559010488,-0.0026420294383259213,0.0018061885824248725,9.046674492363598,6
ADA,2023-04-30 12:00:00+00:00,2023-04-30 16:00:00+00:00,2023-04-30 16:00:00+00:00,0.40697,0.41375999999999996,0.40525,0.39846,target,0.016684276482295868,0.014655217115343788,0.0020290593669520796,9.988775255673833,0
BNB,2023-04-30 12:00:00+00:00,2023-04-30 16:00:00+00:00,2023-04-30 16:00:00+00:00,324.17,327.31,323.43,320.29,target,0.009686275719529736,0.008383425668807787,0.0013028500507219487,6.455921962584254,0
LINK,2023-04-29 16:00:00+00:00,2023-04-29 20:00:00+00:00,2023-04-30 20:00:00+00:00,7.199,7.129,7.187,6.945,timeout,-0.00972357271843316,-0.01101735276436111,0.0012937800459279503,6.536688716426203,6
BTC,2023-04-30 12:00:00+00:00,2023-04-30 16:00:00+00:00,2023-05-01 16:00:00+00:00,29653.8,28172.2,29399.9,29014.1,timeout,-0.04996324248494288,-0.05091526434446969,0.0009520218595268082,5.012959217987713,6
ETH,2023-04-30 12:00:00+00:00,2023-04-30 16:00:00+00:00,2023-05-01 16:00:00+00:00,1919.87,1834.08,1918.0,1883.09,timeout,-0.044685317235021116,-0.045648156596077016,0.0009628393610559005,5.041924062981029,6
ETH,2023-05-02 12:00:00+00:00,2023-05-02 16:00:00+00:00,2023-05-03 16:00:00+00:00,1858.74,1853.32,1852.88,1806.12,timeout,-0.0029159538181779965,-0.0039208915452587645,0.001004937727080768,5.041924062981029,6
ADA,2023-05-02 16:00:00+00:00,2023-05-02 20:00:00+00:00,2023-05-03 20:00:00+00:00,0.3928,0.38257,0.39129,0.38026,timeout,-0.02604378818737263,-0.027987572526614435,0.0019437843392418053,9.988775255673833,6
BTC,2023-05-02 16:00:00+00:00,2023-05-02 20:00:00+00:00,2023-05-03 20:00:00+00:00,28687.9,28320.6,28634.6,27666.0,timeout,-0.012803307317719392,-0.01379256675810614,0.0009892594403867472,5.012959217987713,6
AVAX,2023-05-03 20:00:00+00:00,2023-05-04 00:00:00+00:00,2023-05-05 00:00:00+00:00,17.21,16.92,16.97,16.5,timeout,-0.01685066821615333,-0.018365660395269434,0.0015149921791161036,7.710732744665526,6
DOT,2023-05-03 20:00:00+00:00,2023-05-04 00:00:00+00:00,2023-05-05 00:00:00+00:00,5.779,5.671,5.757,5.618,timeout,-0.018688354386572015,-0.0204622709886505,0.0017739166020784847,9.046674492363598,6
ETH,2023-05-03 20:00:00+00:00,2023-05-04 00:00:00+00:00,2023-05-05 00:00:00+00:00,1904.98,1877.36,1881.75,1823.97,timeout,-0.014498839882833514,-0.015492103489523457,0.0009932636066899425,5.041924062981029,6
LINK,2023-05-03 20:00:00+00:00,2023-05-04 00:00:00+00:00,2023-05-05 00:00:00+00:00,7.129,6.997,7.012,6.8,timeout,-0.018515920886519766,-0.019798213872569193,0.001282292986049427,6.536688716426203,6
ETH,2023-05-05 12:00:00+00:00,2023-05-05 16:00:00+00:00,2023-05-05 16:00:00+00:00,1953.21,2006.46,1919.65,1866.4,target,0.0272628135223556,0.026227459320381286,0.0010353542019743145,5.041924062981029,0
BNB,2023-05-05 12:00:00+00:00,2023-05-05 16:00:00+00:00,2023-05-06 16:00:00+00:00,326.86,320.06,326.71,323.21,timeout,-0.020804013950927014,-0.022067520815157393,0.0012635068642303793,6.455921962584254,6
DOT,2023-05-05 12:00:00+00:00,2023-05-05 16:00:00+00:00,2023-05-06 16:00:00+00:00,5.822,5.602,5.787,5.618,timeout,-0.03778770182068014,-0.03952709254134923,0.0017393907206690873,9.046674492363598,6
LINK,2023-05-05 12:00:00+00:00,2023-05-05 16:00:00+00:00,2023-05-06 16:00:00+00:00,7.141,6.906,7.124,6.957,timeout,-0.03290855622461841,-0.03417204546668695,0.0012634892420685384,6.536688716426203,6
AVAX,2023-05-05 16:00:00+00:00,2023-05-05 20:00:00+00:00,2023-05-06 20:00:00+00:00,17.37,16.66,17.17,16.78,timeout,-0.040875071963154874,-0.04235304353654212,0.001477971573387249,7.710732744665526,6
BTC,2023-05-05 16:00:00+00:00,2023-05-05 20:00:00+00:00,2023-05-06 20:00:00+00:00,29562.0,28840.1,29393.8,28669.4,timeout,-0.024419863338069225,-0.02539748194963909,0.0009776186115698637,5.012959217987713,6
SOL,2023-05-05 16:00:00+00:00,2023-05-05 20:00:00+00:00,2023-05-06 20:00:00+00:00,22.873,21.98,22.47,21.615,timeout,-0.03904166484501381,-0.0401943011009781,0.00115263625596429,6.000925858297193,6
XRP,2023-05-05 16:00:00+00:00,2023-05-05 20:00:00+00:00,2023-05-06 20:00:00+00:00,0.46704,0.4575,0.46515,0.45493,timeout,-0.02042651593011302,-0.021550961802079716,0.001124445871966695,5.742762706652812,6
SOL,2023-05-07 12:00:00+00:00,2023-05-07 16:00:00+00:00,2023-05-08 16:00:00+00:00,22.461,21.159,22.253,21.717,timeout,-0.05796714304794981,-0.05909707884798354,0.0011299358000337323,6.000925858297193,6
ADA,2023-05-10 12:00:00+00:00,2023-05-10 16:00:00+00:00,2023-05-11 16:00:00+00:00,0.37032,0.3546,0.36744,0.35987,timeout,-0.042449773169150884,-0.04436081507470757,0.0019110419055566874,9.988775255673833,6
AVAX,2023-05-10 12:00:00+00:00,2023-05-10 16:00:00+00:00,2023-05-11 16:00:00+00:00,15.55,15.08,15.5,15.2,timeout,-0.030225080385852143,-0.03171946315276364,0.001494382766911495,7.710732744665526,6
BTC,2023-05-10 12:00:00+00:00,2023-05-10 16:00:00+00:00,2023-05-11 16:00:00+00:00,28153.8,27179.3,28090.2,27260.5,timeout,-0.03461344472149408,-0.035580848452190006,0.000967403730695926,5.012959217987713,6
DOT,2023-05-10 12:00:00+00:00,2023-05-10 16:00:00+00:00,2023-05-11 16:00:00+00:00,5.481,5.299,5.379,5.29,timeout,-0.033205619412515874,-0.03495329316140772,0.0017476737488918426,9.046674492363598,6
LINK,2023-05-10 12:00:00+00:00,2023-05-10 16:00:00+00:00,2023-05-11 16:00:00+00:00,6.614,6.371,6.601,6.454,timeout,-0.03674024795887498,-0.03799873115801322,0.0012584831991382384,6.536688716426203,6
SOL,2023-05-10 12:00:00+00:00,2023-05-10 16:00:00+00:00,2023-05-11 16:00:00+00:00,21.084,20.161,20.992,20.413,timeout,-0.0437772718649212,-0.04492422792420536,0.0011469560592841654,6.000925858297193,6
XRP,2023-05-10 12:00:00+00:00,2023-05-10 16:00:00+00:00,2023-05-11 16:00:00+00:00,0.42969,0.41948,0.42887,0.42036,timeout,-0.023761316297796098,-0.024881934174652343,0.0011206178768562447,5.742762706652812,6
XRP,2023-05-12 08:00:00+00:00,2023-05-12 12:00:00+00:00,2023-05-13 12:00:00+00:00,0.42792,0.42634,0.42767,0.41127,timeout,-0.0036922789306412795,-0.0048359339216997865,0.001143654991058507,5.742762706652812,6
ADA,2023-05-12 20:00:00+00:00,2023-05-13 00:00:00+00:00,2023-05-14 00:00:00+00:00,0.37028,0.36458,0.36445,0.3484,timeout,-0.015393756076482634,-0.017358795340102207,0.0019650392636195724,9.988775255673833,6
AVAX,2023-05-12 20:00:00+00:00,2023-05-13 00:00:00+00:00,2023-05-14 00:00:00+00:00,15.17,14.92,15.13,14.56,timeout,-0.016479894528675043,-0.01799545805460334,0.0015155635259282985,7.710732744665526,6
DOT,2023-05-12 20:00:00+00:00,2023-05-13 00:00:00+00:00,2023-05-14 00:00:00+00:00,5.339,5.347,5.313,5.144,timeout,0.0014984079415620855,-0.0003120002613203887,0.0018104082028824742,9.046674492363598,6
ETH,2023-05-12 20:00:00+00:00,2023-05-13 00:00:00+00:00,2023-05-14 00:00:00+00:00,1807.45,1795.08,1802.2,1735.01,timeout,-0.0068438960967108775,-0.007844874942491198,0.0010009788457803204,5.041924062981029,6
LINK,2023-05-12 20:00:00+00:00,2023-05-13 00:00:00+00:00,2023-05-14 00:00:00+00:00,6.623,6.492,6.481,6.225,timeout,-0.019779556092405337,-0.021060198159610355,0.0012806420672050178,6.536688716426203,6
SOL,2023-05-12 20:00:00+00:00,2023-05-13 00:00:00+00:00,2023-05-14 00:00:00+00:00,20.904,20.841,20.763,19.794,timeout,-0.0030137772675085106,-0.0042096277273862,0.0011958504598776898,6.000925858297193,6
BNB,2023-05-13 00:00:00+00:00,2023-05-13 04:00:00+00:00,2023-05-14 04:00:00+00:00,309.87,311.33,309.08,301.21,timeout,0.004711653273953509,0.003415222234028903,0.001296431039924606,6.455921962584254,6
LINK,2023-05-14 12:00:00+00:00,2023-05-14 16:00:00+00:00,2023-05-15 04:00:00+00:00,6.591,6.702,6.55,6.439,target,0.016841147018661795,0.01551266059845835,0.0013284864202034452,6.536688716426203,3
ADA,2023-05-14 12:00:00+00:00,2023-05-14 16:00:00+00:00,2023-05-15 16:00:00+00:00,0.3724,0.37072,0.36859,0.36221,timeout,-0.004511278195488799,-0.00649803628981227,0.001986758094323471,9.988775255673833,6
AVAX,2023-05-14 12:00:00+00:00,2023-05-14 16:00:00+00:00,2023-05-15 16:00:00+00:00,15.12,15.3,15.02,14.78,timeout,0.011904761904762085,0.010345458805288477,0.001559303099473608,7.710732744665526,6
BTC,2023-05-14 12:00:00+00:00,2023-05-14 16:00:00+00:00,2023-05-15 16:00:00+00:00,27082.4,27399.7,27055.0,26552.6,timeout,0.011716096062387438,0.01070226598532198,0.0010138300770654585,5.012959217987713,6
DOT,2023-05-14 12:00:00+00:00,2023-05-14 16:00:00+00:00,2023-05-15 16:00:00+00:00,5.419,5.377,5.386,5.312,timeout,-0.0077505074737036495,-0.009544196416522599,0.0017936889428189495,9.046674492363598,6
ETH,2023-05-14 12:00:00+00:00,2023-05-14 16:00:00+00:00,2023-05-15 16:00:00+00:00,1818.66,1827.59,1811.94,1785.0,timeout,0.004910208615134026,0.003897383081686634,0.0010128255334473923,5.041924062981029,6
XRP,2023-05-14 12:00:00+00:00,2023-05-14 16:00:00+00:00,2023-05-15 16:00:00+00:00,0.42928,0.42609,0.42763,0.4208,timeout,-0.007431047335072605,-0.008570410618804258,0.0011393632837316536,5.742762706652812,6
SOL,2023-05-15 00:00:00+00:00,2023-05-15 04:00:00+00:00,2023-05-16 04:00:00+00:00,21.226,20.871,21.187,20.625,timeout,-0.016724771506642866,-0.01790417610358641,0.0011794045969435452,6.000925858297193,6
XRP,2023-05-16 20:00:00+00:00,2023-05-17 00:00:00+00:00,2023-05-17 00:00:00+00:00,0.44251,0.45146000000000003,0.429,0.42005,target,0.020225531626403948,0.01905442154005721,0.0011711100863467383,5.742762706652812,0
ADA,2023-05-17 00:00:00+00:00,2023-05-17 04:00:00+00:00,2023-05-17 16:00:00+00:00,0.37279,0.37954,0.37045,0.3637,target,0.01810670887094612,0.01607481066815386,0.0020318982027922594,9.988775255673833,3
DOT,2023-05-17 00:00:00+00:00,2023-05-17 04:00:00+00:00,2023-05-17 16:00:00+00:00,5.344,5.422,5.31,5.232,target,0.014595808383233377,0.012761724015708076,0.0018340843675253016,9.046674492363598,3
AVAX,2023-05-17 16:00:00+00:00,2023-05-17 20:00:00+00:00,2023-05-18 20:00:00+00:00,15.23,14.57,15.06,14.71,timeout,-0.04333552199606039,-0.04480970211840696,0.001474180122346569,7.710732744665526,6
BNB,2023-05-17 16:00:00+00:00,2023-05-17 20:00:00+00:00,2023-05-18 20:00:00+00:00,313.83,307.96,313.42,309.25,timeout,-0.018704394098715826,-0.019970610210260586,0.00126621611154476,6.455921962584254,6
BTC,2023-05-17 16:00:00+00:00,2023-05-17 20:00:00+00:00,2023-05-18 20:00:00+00:00,27383.5,26733.3,27281.0,26878.8,timeout,-0.023744225537276176,-0.024722521198392244,0.0009782956611160687,5.012959217987713,6
LINK,2023-05-17 16:00:00+00:00,2023-05-17 20:00:00+00:00,2023-05-18 20:00:00+00:00,6.776,6.491,6.727,6.563,timeout,-0.042060212514758,-0.043311745266730206,0.0012515327519722064,6.536688716426203,6
DOT,2023-05-18 00:00:00+00:00,2023-05-18 04:00:00+00:00,2023-05-19 04:00:00+00:00,5.456,5.351,5.438,5.219,timeout,-0.019244868035190654,-0.021017778627807182,0.0017729105926165278,9.046674492363598,6
XRP,2023-05-18 08:00:00+00:00,2023-05-18 12:00:00+00:00,2023-05-19 12:00:00+00:00,0.46535,0.46302,0.46037,0.43739,timeout,-0.005006983990544778,-0.006149129840429368,0.0011421458498845904,5.742762706652812,6
BNB,2023-05-20 12:00:00+00:00,2023-05-20 16:00:00+00:00,2023-05-21 16:00:00+00:00,310.13,309.36,310.04,307.76,timeout,-0.0024828297810595146,-0.00376997741004903,0.0012871476289895156,6.455921962584254,6
DOT,2023-05-20 12:00:00+00:00,2023-05-20 16:00:00+00:00,2023-05-21 16:00:00+00:00,5.422,5.289,5.394,5.306,timeout,-0.024529693839911437,-0.026293051055396477,0.0017633572154850397,9.046674492363598,6
ADA,2023-05-22 08:00:00+00:00,2023-05-22 12:00:00+00:00,2023-05-23 00:00:00+00:00,0.36818,0.3719300000000001,0.36763,0.36388,target,0.010185235482644606,0.00816914665170021,0.002016088830944396,9.988775255673833,3
LINK,2023-05-22 08:00:00+00:00,2023-05-22 12:00:00+00:00,2023-05-23 12:00:00+00:00,6.529,6.537,6.524,6.351,timeout,0.0012253024965538373,-8.278207676504223e-05,0.0013080845733188795,6.536688716426203,6
AVAX,2023-05-22 16:00:00+00:00,2023-05-22 20:00:00+00:00,2023-05-23 20:00:00+00:00,14.68,14.67,14.63,14.07,timeout,-0.0006811989100817817,-0.0022211075680552694,0.0015399086579734877,7.710732744665526,6
BNB,2023-05-22 16:00:00+00:00,2023-05-22 20:00:00+00:00,2023-05-23 20:00:00+00:00,310.15,312.74,309.66,304.19,timeout,0.008350798000967385,0.0070496711857246375,0.001301126815242748,6.455921962584254,6
BTC,2023-05-23 00:00:00+00:00,2023-05-23 04:00:00+00:00,2023-05-24 04:00:00+00:00,27369.8,26787.1,26931.4,26527.3,timeout,-0.021289888855600014,-0.022270643981734728,0.0009807551261347136,5.012959217987713,6
DOT,2023-05-23 00:00:00+00:00,2023-05-23 04:00:00+00:00,2023-05-24 04:00:00+00:00,5.423,5.296,5.338,5.22,timeout,-0.023418771897473656,-0.02518413732603364,0.001765365428559984,9.046674492363598,6
ETH,2023-05-23 00:00:00+00:00,2023-05-23 04:00:00+00:00,2023-05-24 04:00:00+00:00,1865.24,1822.19,1819.99,1792.19,timeout,-0.02308013982114898,-0.024064754536014643,0.0009846147148656614,5.041924062981029,6
XRP,2023-05-26 00:00:00+00:00,2023-05-26 04:00:00+00:00,2023-05-27 04:00:00+00:00,0.46459,0.47381,0.45471,0.44273,timeout,0.01984545513248248,0.01867478133340894,0.0011706737990735405,5.742762706652812,6
BTC,2023-05-26 04:00:00+00:00,2023-05-26 08:00:00+00:00,2023-05-27 08:00:00+00:00,26500.1,26726.6,26498.8,25860.4,timeout,0.00854713755797154,0.0075364830609498945,0.0010106544970216458,5.012959217987713,6
ETH,2023-05-26 04:00:00+00:00,2023-05-26 08:00:00+00:00,2023-05-27 08:00:00+00:00,1816.34,1829.94,1809.65,1758.82,timeout,0.007487584923527635,0.006472161712683722,0.0010154232108439132,5.041924062981029,6
DOT,2023-05-27 04:00:00+00:00,2023-05-27 08:00:00+00:00,2023-05-27 12:00:00+00:00,5.275,5.3629999999999995,5.274,5.186,target,0.01668246445497612,0.014844608040247342,0.001837856414728778,9.046674492363598,1
AVAX,2023-05-26 12:00:00+00:00,2023-05-26 16:00:00+00:00,2023-05-27 16:00:00+00:00,14.27,14.36,14.25,13.99,timeout,0.006306937631394449,0.004756260546016522,0.0015506770853779273,7.710732744665526,6
BNB,2023-05-26 12:00:00+00:00,2023-05-26 16:00:00+00:00,2023-05-27 16:00:00+00:00,307.42,304.96,306.61,302.14,timeout,-0.008002081842430675,-0.00928210769706217,0.0012800258546314947,6.455921962584254,6
LINK,2023-05-26 12:00:00+00:00,2023-05-26 16:00:00+00:00,2023-05-27 16:00:00+00:00,6.352,6.4,6.338,6.232,timeout,0.007556675062972307,0.0062403186543718014,0.0013163564086005053,6.536688716426203,6
ADA,2023-05-26 16:00:00+00:00,2023-05-26 20:00:00+00:00,2023-05-27 20:00:00+00:00,0.36423,0.36471,0.36115,0.35357,timeout,0.0013178486121405708,-0.0006805430292178283,0.001998391641358399,9.988775255673833,6
SOL,2023-05-27 12:00:00+00:00,2023-05-27 16:00:00+00:00,2023-05-27 20:00:00+00:00,19.612,20.091,19.564,19.085,target,0.0244238221497044,0.023195061239177583,0.001228760910526816,6.000925858297193,1
AVAX,2023-05-27 20:00:00+00:00,2023-05-28 00:00:00+00:00,2023-05-28 00:00:00+00:00,14.56,14.770000000000001,14.47,14.26,target,0.014423076923076872,0.012859893205029893,0.0015631837180469788,7.710732744665526,0
BTC,2023-05-28 00:00:00+00:00,2023-05-28 04:00:00+00:00,2023-05-28 16:00:00+00:00,27183.4,27534.600000000006,26896.7,26545.5,target,0.012919649491969443,0.011904613346649384,0.0010150361453200585,5.012959217987713,3
ADA,2023-05-28 00:00:00+00:00,2023-05-28 04:00:00+00:00,2023-05-28 20:00:00+00:00,0.37264,0.37947000000000003,0.3673,0.36047,target,0.018328681837698646,0.016296340629798678,0.002032341207899968,9.988775255673833,4
BNB,2023-05-28 00:00:00+00:00,2023-05-28 04:00:00+00:00,2023-05-28 20:00:00+00:00,308.82,312.65999999999997,307.74,303.9,target,0.01243442782203208,0.011128031689529916,0.0013063961325021634,6.455921962584254,4
DOT,2023-05-28 04:00:00+00:00,2023-05-28 08:00:00+00:00,2023-05-28 20:00:00+00:00,5.379,5.4990000000000006,5.374,5.254,target,0.02230897936419418,0.020460951901099866,0.001848027463094315,9.046674492363598,3
ETH,2023-05-28 00:00:00+00:00,2023-05-28 04:00:00+00:00,2023-05-28 20:00:00+00:00,1850.5,1873.5,1835.0,1812.0,target,0.012429073223453102,0.01140866960194109,0.0010204036215120116,5.041924062981029,4
LINK,2023-05-28 00:00:00+00:00,2023-05-28 04:00:00+00:00,2023-05-28 20:00:00+00:00,6.526,6.643000000000001,6.44,6.323,target,0.017928286852589848,0.016598380101874755,0.001329906750715093,6.536688716426203,4
SOL,2023-05-28 16:00:00+00:00,2023-05-28 20:00:00+00:00,2023-05-29 20:00:00+00:00,20.763,20.502,20.55,19.416,timeout,-0.012570437798006151,-0.013754825374415969,0.0011843875764098177,6.000925858297193,6
AVAX,2023-05-28 20:00:00+00:00,2023-05-29 00:00:00+00:00,2023-05-30 00:00:00+00:00,14.91,14.47,14.82,14.24,timeout,-0.02951039570757874,-0.03100587977381808,0.0014954840662393387,7.710732744665526,6
XRP,2023-05-28 20:00:00+00:00,2023-05-29 00:00:00+00:00,2023-05-30 00:00:00+00:00,0.48213,0.49434,0.47956,0.46417,timeout,0.02532511978097185,0.0241481559113792,0.001176963869592651,5.742762706652812,6
XRP,2023-05-30 04:00:00+00:00,2023-05-30 08:00:00+00:00,2023-05-30 16:00:00+00:00,0.5011,0.5244,0.4987,0.4754,target,0.04649770504889239,0.045296437309819026,0.001201267739073364,5.742762706652812,2
ADA,2023-05-30 08:00:00+00:00,2023-05-30 12:00:00+00:00,2023-05-31 12:00:00+00:00,0.38191,0.37342,0.38143,0.37561,timeout,-0.02223036841140602,-0.024181763427133518,0.0019513950157274973,9.988775255673833,6
AVAX,2023-05-30 08:00:00+00:00,2023-05-30 12:00:00+00:00,2023-05-31 12:00:00+00:00,14.7,14.09,14.7,14.34,timeout,-0.04149659863945576,-0.04297361246611675,0.001477013826660989,7.710732744665526,6
BTC,2023-05-30 08:00:00+00:00,2023-05-30 12:00:00+00:00,2023-05-31 12:00:00+00:00,28024.2,27102.4,27980.0,27525.0,timeout,-0.0328929996217554,-0.03386212739242156,0.0009691277706661561,5.012959217987713,6
DOT,2023-05-30 08:00:00+00:00,2023-05-30 12:00:00+00:00,2023-05-31 12:00:00+00:00,5.502,5.312,5.494,5.412,timeout,-0.034532897128316864,-0.03627817155790347,0.0017452744295866074,9.046674492363598,6
ETH,2023-05-30 08:00:00+00:00,2023-05-30 12:00:00+00:00,2023-05-31 12:00:00+00:00,1915.32,1865.57,1913.0,1873.12,timeout,-0.025974771839692545,-0.026956469122539573,0.0009816972828470272,5.041924062981029,6
SOL,2023-05-30 08:00:00+00:00,2023-05-30 12:00:00+00:00,2023-05-31 12:00:00+00:00,21.28,20.622,21.172,20.259,timeout,-0.03092105263157896,-0.032083429280768794,0.0011623766491898335,6.000925858297193,6
AVAX,2023-06-01 12:00:00+00:00,2023-06-01 16:00:00+00:00,2023-06-02 16:00:00+00:00,14.21,14.48,14.18,13.82,timeout,0.0190007037297677,0.0174304660794371,0.001570237650330597,7.710732744665526,6
XRP,2023-06-02 00:00:00+00:00,2023-06-02 04:00:00+00:00,2023-06-02 16:00:00+00:00,0.51584,0.5246599999999999,0.5099,0.50108,target,0.01709832506203468,0.015930804675255095,0.0011675203867795858,5.742762706652812,3
SOL,2023-06-02 04:00:00+00:00,2023-06-02 08:00:00+00:00,2023-06-03 08:00:00+00:00,20.987,21.171,20.979,20.41,timeout,0.008767332158002628,0.007557350665214901,0.0012099814927877262,6.000925858297193,6
ETH,2023-06-02 08:00:00+00:00,2023-06-02 12:00:00+00:00,2023-06-03 12:00:00+00:00,1894.66,1903.99,1893.07,1837.0,timeout,0.004924366377080824,0.003911526574355673,0.0010128398027251517,5.041924062981029,6
ADA,2023-06-02 16:00:00+00:00,2023-06-02 20:00:00+00:00,2023-06-03 20:00:00+00:00,0.37864,0.37385,0.37799,0.36175,timeout,-0.01265053877033584,-0.014621052841523041,0.0019705140711872016,9.988775255673833,6
BTC,2023-06-02 16:00:00+00:00,2023-06-02 20:00:00+00:00,2023-06-03 20:00:00+00:00,27248.9,27096.4,27220.0,26480.5,timeout,-0.005596556191259094,-0.006593037441280369,0.000996481250021275,5.012959217987713,6
SOL,2023-06-04 04:00:00+00:00,2023-06-04 08:00:00+00:00,2023-06-04 12:00:00+00:00,21.612,21.95,21.367,21.029,target,0.015639459559503965,0.014421235187801917,0.001218224371702048,6.000925858297193,1
AVAX,2023-06-04 04:00:00+00:00,2023-06-04 08:00:00+00:00,2023-06-04 20:00:00+00:00,14.71,14.910000000000004,14.63,14.43,target,0.01359619306594162,0.012034283541484836,0.0015619095244567838,7.710732744665526,3
XRP,2023-06-04 12:00:00+00:00,2023-06-04 16:00:00+00:00,2023-06-04 20:00:00+00:00,0.5358,0.5471600000000001,0.52536,0.514,target,0.021201941022769732,0.02002971012258592,0.0011722309001838127,5.742762706652812,1
DOT,2023-06-03 20:00:00+00:00,2023-06-04 00:00:00+00:00,2023-06-05 00:00:00+00:00,5.339,5.313,5.303,5.203,timeout,-0.004869825810076889,-0.006668722159789753,0.001798896349712864,9.046674492363598,6
ADA,2023-06-04 04:00:00+00:00,2023-06-04 08:00:00+00:00,2023-06-05 08:00:00+00:00,0.38043,0.37504,0.37982,0.37269,timeout,-0.014168178114239205,-0.016135663339207684,0.0019674852249684793,9.988775255673833,6
LINK,2023-06-04 04:00:00+00:00,2023-06-04 08:00:00+00:00,2023-06-05 08:00:00+00:00,6.484,6.397,6.473,6.358,timeout,-0.013417643429981418,-0.014706597232607033,0.0012889538026256142,6.536688716426203,6
BTC,2023-06-06 16:00:00+00:00,2023-06-06 20:00:00+00:00,2023-06-07 20:00:00+00:00,27082.0,26479.8,26847.7,25371.0,timeout,-0.02223617162691094,-0.023215978493016265,0.000979806866105326,5.012959217987713,6
ETH,2023-06-06 16:00:00+00:00,2023-06-06 20:00:00+00:00,2023-06-07 20:00:00+00:00,1892.17,1850.43,1873.78,1773.17,timeout,-0.02205932870725147,-0.023044972273801645,0.0009856435665501762,5.041924062981029,6
XRP,2023-06-07 08:00:00+00:00,2023-06-07 12:00:00+00:00,2023-06-08 12:00:00+00:00,0.53315,0.5187,0.53266,0.49508,timeout,-0.02710306667917084,-0.028219848583042495,0.0011167819038716553,5.742762706652812,6
BTC,2023-06-11 16:00:00+00:00,2023-06-11 20:00:00+00:00,2023-06-12 20:00:00+00:00,26030.3,25825.4,25930.2,25640.0,timeout,-0.007871595794132102,-0.00886579725085479,0.0009942014567226876,5.012959217987713,6
XRP,2023-06-11 16:00:00+00:00,2023-06-11 20:00:00+00:00,2023-06-12 20:00:00+00:00,0.52518,0.52204,0.51168,0.48172,timeout,-0.005978902471533654,-0.00711993266267319,0.001141030191139536,5.742762706652812,6
ADA,2023-06-12 04:00:00+00:00,2023-06-12 08:00:00+00:00,2023-06-13 08:00:00+00:00,0.27805,0.27936,0.27701,0.25869,timeout,0.004711382844811984,0.002706218518381931,0.0020051643264300534,9.988775255673833,6
DOT,2023-06-13 00:00:00+00:00,2023-06-13 04:00:00+00:00,2023-06-14 04:00:00+00:00,4.601,4.639,4.555,4.407,timeout,0.00825907411432314,0.006436444658367124,0.0018226294559560152,9.046674492363598,6
AVAX,2023-06-13 08:00:00+00:00,2023-06-13 12:00:00+00:00,2023-06-14 12:00:00+00:00,11.86,11.9,11.81,11.16,timeout,0.00337268128161905,0.001826525763085174,0.001546155518533876,7.710732744665526,6
BNB,2023-06-13 08:00:00+00:00,2023-06-13 12:00:00+00:00,2023-06-14 12:00:00+00:00,243.29,248.14,239.96,219.93,timeout,0.01993505692794595,0.018618982348538093,0.0013160745794078554,6.455921962584254,6
BTC,2023-06-13 08:00:00+00:00,2023-06-13 12:00:00+00:00,2023-06-14 12:00:00+00:00,26194.1,25973.1,26167.2,25650.0,timeout,-0.008437014442183588,-0.009430649298815541,0.000993634856631953,5.012959217987713,6
LINK,2023-06-13 08:00:00+00:00,2023-06-13 12:00:00+00:00,2023-06-14 12:00:00+00:00,5.314,5.391,5.251,4.996,timeout,0.014490026345502338,0.013164611626218736,0.0013254147192836019,6.536688716426203,6
XRP,2023-06-13 08:00:00+00:00,2023-06-13 12:00:00+00:00,2023-06-14 12:00:00+00:00,0.5615,0.50838,0.52979,0.50822,timeout,-0.09460373998219052,-0.09564303831317555,0.001039298330985039,5.742762706652812,6
DOT,2023-06-14 16:00:00+00:00,2023-06-14 20:00:00+00:00,2023-06-15 20:00:00+00:00,4.724,4.392,4.721,4.534,timeout,-0.07027942421676547,-0.07196007966607976,0.0016806554493142833,9.046674492363598,6
BTC,2023-06-15 20:00:00+00:00,2023-06-16 00:00:00+00:00,2023-06-16 16:00:00+00:00,25595.0,26332.500000000004,25518.8,24781.3,target,0.028814221527642347,0.027783257598574584,0.001030963929067763,5.012959217987713,4
ETH,2023-06-16 12:00:00+00:00,2023-06-16 16:00:00+00:00,2023-06-16 16:00:00+00:00,1682.4,1728.63,1672.0,1625.77,target,0.027478601997146912,0.026443030307007787,0.0010355716901391254,5.041924062981029,0
SOL,2023-06-16 16:00:00+00:00,2023-06-16 20:00:00+00:00,2023-06-17 20:00:00+00:00,15.282,15.658,15.082,14.171,timeout,0.024604109409763097,0.02337513225090926,0.001228977158853839,6.000925858297193,6
ADA,2023-06-17 04:00:00+00:00,2023-06-17 08:00:00+00:00,2023-06-18 08:00:00+00:00,0.26997,0.26672,0.26743,0.25268,timeout,-0.01203837463421853,-0.014010110439038326,0.0019717358048197964,9.988775255673833,6
BNB,2023-06-17 04:00:00+00:00,2023-06-17 08:00:00+00:00,2023-06-18 08:00:00+00:00,246.62,245.76,244.08,231.81,timeout,-0.0034871462168518663,-0.0047729979247709275,0.0012858517079190612,6.455921962584254,6
BTC,2023-06-17 04:00:00+00:00,2023-06-17 08:00:00+00:00,2023-06-18 08:00:00+00:00,26599.0,26584.2,26518.9,25158.0,timeout,-0.0005564118951839614,-0.0015579438208838114,0.00100153192569985,5.012959217987713,6
DOT,2023-06-17 04:00:00+00:00,2023-06-17 08:00:00+00:00,2023-06-18 08:00:00+00:00,4.508,4.535,4.468,4.269,timeout,0.0059893522626441875,0.0041708257818162675,0.00181852648082792,9.046674492363598,6
ETH,2023-06-17 04:00:00+00:00,2023-06-17 08:00:00+00:00,2023-06-18 08:00:00+00:00,1744.81,1730.06,1729.95,1648.79,timeout,-0.008453642516950244,-0.009452998936903101,0.000999356419952857,5.041924062981029,6
XRP,2023-06-18 08:00:00+00:00,2023-06-18 12:00:00+00:00,2023-06-19 12:00:00+00:00,0.48753,0.48939,0.48318,0.45479,timeout,0.003815149836932985,0.0026628771184413758,0.0011522727184916093,5.742762706652812,6
ETH,2023-06-18 16:00:00+00:00,2023-06-18 20:00:00+00:00,2023-06-19 20:00:00+00:00,1741.61,1724.23,1739.39,1720.05,timeout,-0.009979272052870525,-0.010977090826439273,0.0009978187735687483,5.041924062981029,6
SOL,2023-06-18 16:00:00+00:00,2023-06-18 20:00:00+00:00,2023-06-19 20:00:00+00:00,15.814,15.86,15.789,15.412,timeout,0.0029088149740734703,0.0017058605698341278,0.0012029544042393425,6.000925858297193,6
BTC,2023-06-19 20:00:00+00:00,2023-06-20 00:00:00+00:00,2023-06-20 16:00:00+00:00,26847.0,27317.1,26720.1,26250.0,target,0.01751033635043009,0.016490699926010377,0.001019636424419712,5.012959217987713,4
ADA,2023-06-20 16:00:00+00:00,2023-06-20 20:00:00+00:00,2023-06-21 00:00:00+00:00,0.2665,0.2744800000000001,0.2649,0.25692,target,0.029943714821764056,0.02788819277786736,0.002055522043896696,9.988775255673833,1
AVAX,2023-06-20 16:00:00+00:00,2023-06-20 20:00:00+00:00,2023-06-21 00:00:00+00:00,11.89,12.31,11.59,11.17,target,0.03532380151387726,0.03372841064960186,0.0015953908642754033,7.710732744665526,1
DOT,2023-06-20 16:00:00+00:00,2023-06-20 20:00:00+00:00,2023-06-21 12:00:00+00:00,4.636,4.775,4.568,4.429,target,0.02998274374460741,0.02812084442123708,0.0018618993233703307,9.046674492363598,4
ETH,2023-06-20 16:00:00+00:00,2023-06-20 20:00:00+00:00,2023-06-21 12:00:00+00:00,1781.96,1838.0900000000001,1752.67,1696.54,target,0.03149902354710554,0.030459399767967632,0.0010396237791379104,5.041924062981029,4
LINK,2023-06-20 16:00:00+00:00,2023-06-20 20:00:00+00:00,2023-06-21 12:00:00+00:00,5.219,5.429,5.197,4.987,target,0.040237593408698924,0.038878539911817445,0.0013590534968814794,6.536688716426203,4
BTC,2023-06-21 00:00:00+00:00,2023-06-21 04:00:00+00:00,2023-06-21 16:00:00+00:00,28724.2,30472.299999999996,28400.0,26651.9,target,0.06085809178323487,0.05979501702823775,0.0010630747549971176,5.012959217987713,3
BNB,2023-06-20 20:00:00+00:00,2023-06-21 00:00:00+00:00,2023-06-22 00:00:00+00:00,247.83,248.76,245.7,237.89,timeout,0.003752572327805348,0.002457378839275881,0.001295193488529467,6.455921962584254,6
SOL,2023-06-21 00:00:00+00:00,2023-06-21 04:00:00+00:00,2023-06-22 00:00:00+00:00,16.762,17.726,16.692,15.728,target,0.05751103686910852,0.05624258898995982,0.0012684478791487042,6.000925858297193,5
XRP,2023-06-21 00:00:00+00:00,2023-06-21 04:00:00+00:00,2023-06-22 00:00:00+00:00,0.49788,0.5206499999999998,0.49387,0.4711,target,0.0457339117859723,0.04453352080009365,0.0012003909858786521,5.742762706652812,5
ADA,2023-06-22 00:00:00+00:00,2023-06-22 04:00:00+00:00,2023-06-23 04:00:00+00:00,0.29804,0.29265,0.28884,0.27557,timeout,-0.01808482082941887,-0.020044489369530627,0.0019596685401117586,9.988775255673833,6
AVAX,2023-06-22 00:00:00+00:00,2023-06-22 04:00:00+00:00,2023-06-23 04:00:00+00:00,13.1,12.79,13.04,12.14,timeout,-0.023664122137404653,-0.025168615067759692,0.0015044929303550392,7.710732744665526,6
LINK,2023-06-23 04:00:00+00:00,2023-06-23 08:00:00+00:00,2023-06-23 16:00:00+00:00,5.834,6.112000000000001,5.783,5.505,target,0.04765169694892046,0.046282957046350104,0.0013687399025703595,6.536688716426203,2
BTC,2023-06-23 12:00:00+00:00,2023-06-23 16:00:00+00:00,2023-06-24 16:00:00+00:00,31236.4,30404.7,30265.0,29794.0,timeout,-0.026625987629816494,-0.027601395507397486,0.0009754078775809916,5.012959217987713,6
DOT,2023-06-23 12:00:00+00:00,2023-06-23 16:00:00+00:00,2023-06-24 16:00:00+00:00,5.088,4.99,4.947,4.746,timeout,-0.019261006289308158,-0.021033887708810428,0.0017728814195022702,9.046674492363598,6
ETH,2023-06-23 12:00:00+00:00,2023-06-23 16:00:00+00:00,2023-06-24 16:00:00+00:00,1918.03,1873.99,1893.0,1862.05,timeout,-0.022961059003248074,-0.02394579373688932,0.000984734733641246,5.041924062981029,6
AVAX,2023-06-23 16:00:00+00:00,2023-06-23 20:00:00+00:00,2023-06-24 20:00:00+00:00,13.27,12.98,13.24,12.57,timeout,-0.021853805576488305,-0.023361088129277063,0.0015072825527887579,7.710732744665526,6
SOL,2023-06-23 16:00:00+00:00,2023-06-23 20:00:00+00:00,2023-06-24 20:00:00+00:00,17.12,16.684,17.11,16.512,timeout,-0.025467289719626196,-0.02663620796862709,0.0011689182490008942,6.000925858297193,6
DOT,2023-06-25 00:00:00+00:00,2023-06-25 04:00:00+00:00,2023-06-26 04:00:00+00:00,5.131,5.184,5.123,4.895,timeout,0.010329370493081358,0.008502998563331365,0.0018263719297499925,9.046674492363598,6
LINK,2023-06-25 00:00:00+00:00,2023-06-25 04:00:00+00:00,2023-06-26 04:00:00+00:00,6.224,6.131,6.2,5.914,timeout,-0.014942159383033449,-0.016229121430361593,0.001286962047328144,6.536688716426203,6
AVAX,2023-06-25 04:00:00+00:00,2023-06-25 08:00:00+00:00,2023-06-26 08:00:00+00:00,13.57,13.4,13.49,12.72,timeout,-0.012527634487840777,-0.014049288281908656,0.0015216537940678787,7.710732744665526,6
ADA,2023-06-25 08:00:00+00:00,2023-06-25 12:00:00+00:00,2023-06-26 12:00:00+00:00,0.29812,0.28898,0.29779,0.284,timeout,-0.030658795116060622,-0.03259336900201437,0.0019345738859537498,9.988775255673833,6
BTC,2023-06-27 08:00:00+00:00,2023-06-27 12:00:00+00:00,2023-06-28 12:00:00+00:00,30725.5,30300.9,30668.9,29902.2,timeout,-0.013819140453369294,-0.014807381938036768,0.0009882414846674736,5.012959217987713,6
SOL,2023-06-29 08:00:00+00:00,2023-06-29 12:00:00+00:00,2023-06-30 00:00:00+00:00,18.052,19.086,16.521,15.487,target,0.057278971859073824,0.05601080233387057,0.0012681695252032554,6.000925858297193,3
ADA,2023-06-29 08:00:00+00:00,2023-06-29 12:00:00+00:00,2023-06-30 08:00:00+00:00,0.27743,0.29533000000000004,0.27711,0.25921,target,0.06452078001658079,0.06239625039615504,0.0021245296204257524,9.988775255673833,5
BTC,2023-06-29 08:00:00+00:00,2023-06-29 12:00:00+00:00,2023-06-30 12:00:00+00:00,30671.1,30904.4,30500.0,29833.2,timeout,0.007606509059016497,0.006596797155937528,0.0010097119030789692,5.012959217987713,6
ETH,2023-06-29 08:00:00+00:00,2023-06-29 12:00:00+00:00,2023-06-30 12:00:00+00:00,1869.79,1891.16,1869.48,1815.49,timeout,0.01142909096743483,0.01040969520468793,0.0010193957627468997,5.041924062981029,6
LINK,2023-06-29 08:00:00+00:00,2023-06-29 12:00:00+00:00,2023-06-30 12:00:00+00:00,6.135,6.23,6.063,5.674,timeout,0.01548492257538725,0.01415820804036061,0.0013267145350266407,6.536688716426203,6
AVAX,2023-06-30 00:00:00+00:00,2023-06-30 04:00:00+00:00,2023-07-01 04:00:00+00:00,13.02,13.02,12.91,12.05,timeout,0.0,-0.0015409583571269758,0.0015409583571269758,7.710732744665526,6
BNB,2023-06-30 00:00:00+00:00,2023-06-30 04:00:00+00:00,2023-07-01 04:00:00+00:00,236.76,241.29,236.52,220.3,timeout,0.019133299543841797,0.017818259513158186,0.0013150400306836119,6.455921962584254,6
DOT,2023-06-30 00:00:00+00:00,2023-06-30 04:00:00+00:00,2023-07-01 04:00:00+00:00,5.099,5.196,5.039,4.744,timeout,0.01902333790939381,0.017181249898818196,0.0018420880105756154,9.046674492363598,6
XRP,2023-06-30 00:00:00+00:00,2023-06-30 04:00:00+00:00,2023-07-01 04:00:00+00:00,0.47953,0.46942,0.47758,0.44378,timeout,-0.021083143911746927,-0.02220683604483098,0.0011236921330840532,5.742762706652812,6
LINK,2023-06-30 16:00:00+00:00,2023-06-30 20:00:00+00:00,2023-07-01 20:00:00+00:00,6.31,6.422,6.249,5.838,timeout,0.017749603803486558,0.016419930499269153,0.0013296733042174047,6.536688716426203,6
DOT,2023-07-02 16:00:00+00:00,2023-07-02 20:00:00+00:00,2023-07-02 20:00:00+00:00,5.378,5.521,5.365,5.222,target,0.026589810338415676,0.024734044419174595,0.0018557659192410814,9.046674492363598,0
XRP,2023-07-02 00:00:00+00:00,2023-07-02 04:00:00+00:00,2023-07-03 04:00:00+00:00,0.49371,0.48262,0.4828,0.4491,timeout,-0.022462579246926295,-0.02358468793538515,0.001122108688458856,5.742762706652812,6
BNB,2023-07-03 00:00:00+00:00,2023-07-03 04:00:00+00:00,2023-07-03 08:00:00+00:00,248.01,253.46,247.86,242.41,target,0.02197492036611437,0.020656213646161437,0.0013187067199529334,6.455921962584254,1
SOL,2023-07-02 16:00:00+00:00,2023-07-02 20:00:00+00:00,2023-07-03 20:00:00+00:00,19.366,19.284,19.354,17.904,timeout,-0.004234224930290242,-0.005428611505446601,0.0011943865751563587,6.000925858297193,6
ADA,2023-07-03 00:00:00+00:00,2023-07-03 04:00:00+00:00,2023-07-04 04:00:00+00:00,0.29509,0.29983,0.29348,0.285,timeout,0.01606289606560707,0.014035076825785975,0.0020278192398210937,9.988775255673833,6
AVAX,2023-07-03 00:00:00+00:00,2023-07-03 04:00:00+00:00,2023-07-04 04:00:00+00:00,13.4,13.33,13.15,12.83,timeout,-0.0052238805970149516,-0.006756789171679212,0.0015329085746642601,7.710732744665526,6
LINK,2023-07-03 00:00:00+00:00,2023-07-03 04:00:00+00:00,2023-07-04 04:00:00+00:00,6.586,6.612,6.556,6.359,timeout,0.003947767992711793,0.0026361265625016728,0.0013116414302101198,6.536688716426203,6
ETH,2023-07-03 04:00:00+00:00,2023-07-03 08:00:00+00:00,2023-07-04 08:00:00+00:00,1967.39,1948.67,1964.87,1885.0,timeout,-0.009515144429930067,-0.010513430986891947,0.0009982865569618804,5.041924062981029,6
BTC,2023-07-03 12:00:00+00:00,2023-07-03 16:00:00+00:00,2023-07-04 16:00:00+00:00,31065.5,30971.8,30816.9,30152.3,timeout,-0.0030162076902029433,-0.0040152746803640005,0.0009990669901610572,5.012959217987713,6
XRP,2023-07-03 16:00:00+00:00,2023-07-03 20:00:00+00:00,2023-07-04 20:00:00+00:00,0.49019,0.48686,0.48703,0.47827,timeout,-0.006793284236724539,-0.007933379604465163,0.0011400953677406234,5.742762706652812,6
SOL,2023-07-04 12:00:00+00:00,2023-07-04 16:00:00+00:00,2023-07-05 16:00:00+00:00,19.856,18.583,19.505,18.86,timeout,-0.06411160354552792,-0.0652341692779077,0.0011225657323797877,6.000925858297193,6
SOL,2023-07-06 00:00:00+00:00,2023-07-06 04:00:00+00:00,2023-07-06 16:00:00+00:00,19.463,20.583000000000002,19.38,18.26,target,0.05754508554693527,0.05627659682757624,0.0012684887193590288,6.000925858297193,3
AVAX,2023-07-08 00:00:00+00:00,2023-07-08 04:00:00+00:00,2023-07-08 12:00:00+00:00,13.33,13.86,12.76,12.23,target,0.03975993998499616,0.03815771321607042,0.0016022267689257408,7.710732744665526,2
SOL,2023-07-07 12:00:00+00:00,2023-07-07 16:00:00+00:00,2023-07-08 16:00:00+00:00,21.213,21.533,20.99,18.816,timeout,0.015085089332013357,0.013867529908207388,0.0012175594238059695,6.000925858297193,6
DOT,2023-07-08 08:00:00+00:00,2023-07-08 12:00:00+00:00,2023-07-09 12:00:00+00:00,5.167,5.106,5.156,4.972,timeout,-0.011805689955486698,-0.01359204834683303,0.0017863583913463321,9.046674492363598,6
ADA,2023-07-08 12:00:00+00:00,2023-07-08 16:00:00+00:00,2023-07-09 16:00:00+00:00,0.28896,0.28625,0.28796,0.27588,timeout,-0.009378460686600198,-0.011355505045349212,0.001977044358749014,9.988775255673833,6
XRP,2023-07-08 16:00:00+00:00,2023-07-08 20:00:00+00:00,2023-07-09 20:00:00+00:00,0.47038,0.4697,0.4699,0.46484,timeout,-0.0014456396955653261,-0.0025918735888242894,0.0011462338932589633,5.742762706652812,6
BNB,2023-07-10 08:00:00+00:00,2023-07-10 12:00:00+00:00,2023-07-10 12:00:00+00:00,241.99,245.39000000000001,236.24,232.84,target,0.014050167362287702,0.012741686358085813,0.001308481004201889,6.455921962584254,0
XRP,2023-07-10 08:00:00+00:00,2023-07-10 12:00:00+00:00,2023-07-10 16:00:00+00:00,0.47152,0.47684000000000004,0.47149,0.46617,target,0.011282660332541772,0.010121815708534543,0.001160844624007229,5.742762706652812,1
ADA,2023-07-10 12:00:00+00:00,2023-07-10 16:00:00+00:00,2023-07-11 16:00:00+00:00,0.28787,0.29058,0.28663,0.27789,timeout,0.00941397158439572,0.007399422012268619,0.0020145495721271,9.988775255673833,6
DOT,2023-07-10 12:00:00+00:00,2023-07-10 16:00:00+00:00,2023-07-11 16:00:00+00:00,5.11,5.152,5.108,4.979,timeout,0.008219178082191636,0.006396620746274451,0.0018225573359171854,9.046674492363598,6
BTC,2023-07-10 16:00:00+00:00,2023-07-10 20:00:00+00:00,2023-07-11 20:00:00+00:00,30839.0,30583.6,30345.4,29950.0,timeout,-0.008281721197185399,-0.009275511671547831,0.0009937904743624326,5.012959217987713,6
ETH,2023-07-10 16:00:00+00:00,2023-07-10 20:00:00+00:00,2023-07-11 20:00:00+00:00,1899.88,1874.6,1872.0,1846.35,timeout,-0.013306103543381798,-0.014300569281176623,0.0009944657377948252,5.041924062981029,6
LINK,2023-07-10 16:00:00+00:00,2023-07-10 20:00:00+00:00,2023-07-11 20:00:00+00:00,6.266,6.171,6.171,6.014,timeout,-0.015161187360357431,-0.016447863251195738,0.001286675890838307,6.536688716426203,6
DOT,2023-07-11 20:00:00+00:00,2023-07-12 00:00:00+00:00,2023-07-12 00:00:00+00:00,5.213,5.301,5.177,5.089,target,0.01688087473623634,0.015042659655335022,0.0018382150809013176,9.046674492363598,0
SOL,2023-07-11 00:00:00+00:00,2023-07-11 04:00:00+00:00,2023-07-12 04:00:00+00:00,21.737,21.914,21.627,20.463,timeout,0.008142797994203477,0.006933565608524761,0.0012092323856787157,6.000925858297193,6
LINK,2023-07-12 04:00:00+00:00,2023-07-12 08:00:00+00:00,2023-07-13 08:00:00+00:00,6.26,6.304,6.235,6.132,timeout,0.007028753993610248,0.005713087305300624,0.0013156666883096246,6.536688716426203,6
SOL,2023-07-12 12:00:00+00:00,2023-07-12 16:00:00+00:00,2023-07-13 12:00:00+00:00,22.407,23.074999999999996,22.39,21.722,target,0.029812112286338843,0.028576888308328385,0.001235223978010458,6.000925858297193,5
ADA,2023-07-13 12:00:00+00:00,2023-07-13 16:00:00+00:00,2023-07-13 16:00:00+00:00,0.31123,0.32161999999999996,0.29519,0.2848,target,0.03338367123991892,0.031321283863338545,0.002062387376580377,9.988775255673833,0
AVAX,2023-07-13 12:00:00+00:00,2023-07-13 16:00:00+00:00,2023-07-13 16:00:00+00:00,13.67,14.2,13.37,12.84,target,0.038771031455742566,0.03717032855367952,0.0016007029020630448,7.710732744665526,0
ETH,2023-07-13 12:00:00+00:00,2023-07-13 16:00:00+00:00,2023-07-13 16:00:00+00:00,1932.47,1963.1100000000004,1892.71,1862.07,target,0.015855356098671836,0.014831499206657606,0.00102385689201423,5.041924062981029,0
XRP,2023-07-13 12:00:00+00:00,2023-07-13 16:00:00+00:00,2023-07-13 16:00:00+00:00,0.59125,0.60294,0.47634,0.46465,target,0.019771670190274815,0.018601081088444715,0.0011705891018300996,5.742762706652812,0
BNB,2023-07-13 12:00:00+00:00,2023-07-13 16:00:00+00:00,2023-07-14 00:00:00+00:00,251.29,258.63,249.47,242.13,target,0.02920928011460866,0.02788123852877522,0.0013280415858334393,6.455921962584254,2
SOL,2023-07-13 16:00:00+00:00,2023-07-13 20:00:00+00:00,2023-07-14 00:00:00+00:00,26.217,30.517999999999997,25.717,21.416,target,0.16405385818362128,0.16265761587867145,0.0013962423049498351,6.000925858297193,1
BTC,2023-07-13 16:00:00+00:00,2023-07-13 20:00:00+00:00,2023-07-14 20:00:00+00:00,31621.0,30116.1,30983.8,30190.4,timeout,-0.0475917902659625,-0.04854618853285819,0.0009543982668956952,5.012959217987713,6
DOT,2023-07-13 16:00:00+00:00,2023-07-13 20:00:00+00:00,2023-07-14 20:00:00+00:00,5.524,5.33,5.396,5.094,timeout,-0.0351194786386676,-0.03686369270513279,0.0017442140664651884,9.046674492363598,6
XRP,2023-07-16 08:00:00+00:00,2023-07-16 12:00:00+00:00,2023-07-16 16:00:00+00:00,0.7494,0.78255,0.73364,0.70049,target,0.04423538831064855,0.04303671746987714,0.0011986708407714097,5.742762706652812,1
BTC,2023-07-16 12:00:00+00:00,2023-07-16 16:00:00+00:00,2023-07-17 16:00:00+00:00,30374.2,30179.9,30352.5,30053.1,timeout,-0.006396876296330456,-0.007392555553977442,0.0009956792576469864,5.012959217987713,6
LINK,2023-07-17 20:00:00+00:00,2023-07-18 00:00:00+00:00,2023-07-19 00:00:00+00:00,7.187,6.912,7.062,6.437,timeout,-0.03826353137609573,-0.03952002443022462,0.0012564930541288932,6.536688716426203,6
XRP,2023-07-18 20:00:00+00:00,2023-07-19 00:00:00+00:00,2023-07-19 16:00:00+00:00,0.77789,0.8327600000000002,0.76687,0.712,target,0.07053696538070953,0.06930810313496094,0.0012288622457485854,5.742762706652812,4
ADA,2023-07-19 00:00:00+00:00,2023-07-19 04:00:00+00:00,2023-07-20 04:00:00+00:00,0.32009,0.32785,0.31974,0.30519,timeout,0.02424318160517358,0.02219903646616994,0.002044145139003639,9.988775255673833,6
DOT,2023-07-20 04:00:00+00:00,2023-07-20 08:00:00+00:00,2023-07-20 08:00:00+00:00,5.311,5.440999999999999,5.258,5.128,target,0.02447749952927869,0.022625552033297636,0.0018519474959810545,9.046674492363598,0
LINK,2023-07-20 04:00:00+00:00,2023-07-20 08:00:00+00:00,2023-07-20 08:00:00+00:00,7.431,7.705,7.049,6.775,target,0.03687256089355406,0.0355179037569231,0.0013546571366309657,6.536688716426203,0
AVAX,2023-07-19 16:00:00+00:00,2023-07-19 20:00:00+00:00,2023-07-20 20:00:00+00:00,14.19,13.85,14.11,13.6,timeout,-0.023960535588442577,-0.0254645717580132,0.0015040361695706217,7.710732744665526,6
SOL,2023-07-19 16:00:00+00:00,2023-07-19 20:00:00+00:00,2023-07-20 20:00:00+00:00,26.764,25.406,26.622,24.741,timeout,-0.05073979973098197,-0.05187840447912373,0.0011386047481417583,6.000925858297193,6
BNB,2023-07-20 04:00:00+00:00,2023-07-20 08:00:00+00:00,2023-07-21 08:00:00+00:00,244.06,243.49,243.68,237.15,timeout,-0.0023354912726378796,-0.003622829020070828,0.0012873377474329484,6.455921962584254,6
BTC,2023-07-20 04:00:00+00:00,2023-07-20 08:00:00+00:00,2023-07-21 08:00:00+00:00,30203.0,29769.9,30195.0,29760.0,timeout,-0.014339635135582562,-0.015327355037993984,0.0009877199024114214,5.012959217987713,6
ADA,2023-07-23 04:00:00+00:00,2023-07-23 08:00:00+00:00,2023-07-24 08:00:00+00:00,0.31595,0.31494,0.31505,0.30614,timeout,-0.0031967083399272456,-0.005186090002196608,0.0019893816622693627,9.988775255673833,6
BTC,2023-07-23 16:00:00+00:00,2023-07-23 20:00:00+00:00,2023-07-24 20:00:00+00:00,30089.1,29121.9,29989.0,29618.6,timeout,-0.03214453074369117,-0.03311440854716119,0.0009698778034700206,5.012959217987713,6
SOL,2023-07-26 08:00:00+00:00,2023-07-26 12:00:00+00:00,2023-07-26 12:00:00+00:00,23.815,24.683999999999997,23.589,22.72,target,0.03648960739030005,0.03524637398807817,0.0012432334022218772,6.000925858297193,0
LINK,2023-07-26 12:00:00+00:00,2023-07-26 16:00:00+00:00,2023-07-27 00:00:00+00:00,7.596,7.870000000000001,7.544,7.27,target,0.0360716166403372,0.03471800592434593,0.0013536107159912714,6.536688716426203,2
XRP,2023-07-25 20:00:00+00:00,2023-07-26 00:00:00+00:00,2023-07-27 00:00:00+00:00,0.70895,0.71617,0.70797,0.67442,timeout,0.010184075040552854,0.00902449147527884,0.0011595835652740138,5.742762706652812,6
BNB,2023-07-26 16:00:00+00:00,2023-07-26 20:00:00+00:00,2023-07-27 04:00:00+00:00,238.9,241.23000000000002,238.7,236.37,target,0.009753034742570055,0.008450098549252605,0.00130293619331745,6.455921962584254,2
DOT,2023-07-26 12:00:00+00:00,2023-07-26 16:00:00+00:00,2023-07-27 04:00:00+00:00,5.228,5.328,5.214,5.114,target,0.01912777352716155,0.017285496728368654,0.0018422767987928967,9.046674492363598,3
ADA,2023-07-27 00:00:00+00:00,2023-07-27 04:00:00+00:00,2023-07-28 04:00:00+00:00,0.31,0.30849,0.30933,0.30019,timeout,-0.004870967741935517,-0.0068570079816994145,0.0019860402397638977,9.988775255673833,6
BTC,2023-07-27 08:00:00+00:00,2023-07-27 12:00:00+00:00,2023-07-28 12:00:00+00:00,29510.0,29209.2,29420.0,29100.0,timeout,-0.010193154862758402,-0.011185029909513977,0.0009918750467555748,5.012959217987713,6
LINK,2023-07-27 08:00:00+00:00,2023-07-27 12:00:00+00:00,2023-07-28 12:00:00+00:00,8.032,7.841,8.023,7.46,timeout,-0.023779880478087656,-0.025055296186546006,0.0012754157084583495,6.536688716426203,6
XRP,2023-07-27 12:00:00+00:00,2023-07-27 16:00:00+00:00,2023-07-28 16:00:00+00:00,0.72117,0.71259,0.71962,0.69244,timeout,-0.011897333499729656,-0.013031569963347756,0.001134236463618099,5.742762706652812,6
BNB,2023-07-29 20:00:00+00:00,2023-07-30 00:00:00+00:00,2023-07-30 12:00:00+00:00,242.46,243.71,242.42,241.17,target,0.005155489565289217,0.0038584858206058836,0.0012970037446833338,6.455921962584254,3
ADA,2023-07-30 00:00:00+00:00,2023-07-30 04:00:00+00:00,2023-07-31 00:00:00+00:00,0.31366,0.3185,0.31354,0.3087,target,0.015430721163042893,0.013404163593572438,0.002026557569470455,9.988775255673833,5
ETH,2023-07-29 20:00:00+00:00,2023-07-30 00:00:00+00:00,2023-07-31 00:00:00+00:00,1880.24,1861.97,1880.0,1869.33,timeout,-0.00971684465812872,-0.010714927926140705,0.0009980832680119844,5.041924062981029,6
AVAX,2023-07-30 00:00:00+00:00,2023-07-30 04:00:00+00:00,2023-07-31 04:00:00+00:00,13.33,13.18,13.29,13.15,timeout,-0.011252813203300849,-0.012776431443880965,0.0015236182405801157,7.710732744665526,6
XRP,2023-07-30 08:00:00+00:00,2023-07-30 12:00:00+00:00,2023-07-31 12:00:00+00:00,0.71983,0.70438,0.71556,0.70351,timeout,-0.021463401080810685,-0.02258665671922533,0.0011232556384146442,5.742762706652812,6
BTC,2023-07-31 00:00:00+00:00,2023-07-31 04:00:00+00:00,2023-08-01 04:00:00+00:00,29422.8,28837.0,29409.0,29254.7,timeout,-0.01990972986935302,-0.020891868038316552,0.0009821381689635311,5.012959217987713,6
BNB,2023-08-01 04:00:00+00:00,2023-08-01 08:00:00+00:00,2023-08-02 08:00:00+00:00,245.38,244.56,244.63,239.58,timeout,-0.003341755644306721,-0.004627794957147602,0.001286039312840881,6.455921962584254,6
BTC,2023-08-01 20:00:00+00:00,2023-08-02 00:00:00+00:00,2023-08-03 00:00:00+00:00,29708.5,29180.5,29350.0,28669.3,timeout,-0.01777269131729975,-0.01875697099015783,0.0009842796728580794,5.012959217987713,6
DOT,2023-08-01 20:00:00+00:00,2023-08-02 00:00:00+00:00,2023-08-03 00:00:00+00:00,5.206,5.058,5.16,4.929,timeout,-0.028428736073761174,-0.03018504499242647,0.0017563089186652947,9.046674492363598,6
ETH,2023-08-01 20:00:00+00:00,2023-08-02 00:00:00+00:00,2023-08-03 00:00:00+00:00,1873.39,1839.61,1864.95,1808.0,timeout,-0.018031483033431495,-0.01902118617158144,0.0009897031381499444,5.041924062981029,6
SOL,2023-08-04 12:00:00+00:00,2023-08-04 16:00:00+00:00,2023-08-05 16:00:00+00:00,23.361,22.598,23.115,22.463,timeout,-0.03266127306194089,-0.03382156237696865,0.0011602893150277627,6.000925858297193,6
ADA,2023-08-06 00:00:00+00:00,2023-08-06 04:00:00+00:00,2023-08-07 04:00:00+00:00,0.29517,0.29441,0.29405,0.29005,timeout,-0.0025747874106446522,-0.004565410278779325,0.0019906228681346727,9.988775255673833,6
BNB,2023-08-06 00:00:00+00:00,2023-08-06 04:00:00+00:00,2023-08-07 04:00:00+00:00,244.78,243.6,243.3,239.84,timeout,-0.004820655282294362,-0.006104786294988229,0.0012841310126938676,6.455921962584254,6
SOL,2023-08-06 04:00:00+00:00,2023-08-06 08:00:00+00:00,2023-08-07 08:00:00+00:00,23.019,23.158,22.94,22.215,timeout,0.00603848994309053,0.004831781602070873,0.0012067083410196577,6.000925858297193,6
AVAX,2023-08-07 00:00:00+00:00,2023-08-07 04:00:00+00:00,2023-08-08 04:00:00+00:00,12.71,12.43,12.61,12.25,timeout,-0.02202989771833208,-0.02353690892046334,0.0015070112021312587,7.710732744665526,6
ETH,2023-08-07 00:00:00+00:00,2023-08-07 04:00:00+00:00,2023-08-08 04:00:00+00:00,1838.72,1830.1,1838.12,1825.82,timeout,-0.004688043856595936,-0.005691195535507343,0.001003151678911407,5.041924062981029,6
BTC,2023-08-07 20:00:00+00:00,2023-08-08 00:00:00+00:00,2023-08-08 08:00:00+00:00,29211.2,29429.000000000007,29209.9,28992.1,target,0.007456044256997529,0.006446483133116576,0.0010095611238809532,5.012959217987713,2
BNB,2023-08-08 08:00:00+00:00,2023-08-08 12:00:00+00:00,2023-08-08 16:00:00+00:00,243.9,247.63,243.12,239.39,target,0.01529315293152922,0.013983068039217672,0.0013100848923115471,6.455921962584254,1
SOL,2023-08-08 04:00:00+00:00,2023-08-08 08:00:00+00:00,2023-08-08 16:00:00+00:00,23.241,24.173,23.238,22.306,target,0.04010154468396365,0.03885397888799824,0.0012475657959654107,6.000925858297193,2
LINK,2023-08-07 20:00:00+00:00,2023-08-08 00:00:00+00:00,2023-08-08 20:00:00+00:00,7.329,7.481999999999998,7.228,7.075,target,0.020875972165370182,0.01954221431173675,0.0013337578536334327,6.536688716426203,5
DOT,2023-08-08 08:00:00+00:00,2023-08-08 12:00:00+00:00,2023-08-09 12:00:00+00:00,5.015,5.057,5.015,4.82,timeout,0.008374875373878599,0.006552036584039911,0.0018228387898386877,9.046674492363598,6
ETH,2023-08-08 08:00:00+00:00,2023-08-08 12:00:00+00:00,2023-08-09 12:00:00+00:00,1838.72,1863.29,1838.07,1798.1,timeout,0.013362556561085981,0.01234121210351602,0.0010213444575699615,5.041924062981029,6
XRP,2023-08-08 12:00:00+00:00,2023-08-08 16:00:00+00:00,2023-08-09 12:00:00+00:00,0.62867,0.6594500000000001,0.62541,0.59463,target,0.04896050392097617,0.04775640915149593,0.0012040947694802462,5.742762706652812,5
ADA,2023-08-08 12:00:00+00:00,2023-08-08 16:00:00+00:00,2023-08-09 16:00:00+00:00,0.29534,0.29801,0.29519,0.2814,timeout,0.009040427981309662,0.007026623913135577,0.0020138040681740854,9.988775255673833,6
DOT,2023-08-12 08:00:00+00:00,2023-08-12 12:00:00+00:00,2023-08-13 12:00:00+00:00,5.026,5.034,5.021,4.951,timeout,0.001591723040190951,-0.00021885384835163002,0.001810576888542581,9.046674492363598,6
SOL,2023-08-12 20:00:00+00:00,2023-08-13 00:00:00+00:00,2023-08-14 00:00:00+00:00,24.914,24.229,24.881,24.353,timeout,-0.027494581359878034,-0.028661067942738705,0.0011664865828606708,6.000925858297193,6
LINK,2023-08-13 04:00:00+00:00,2023-08-13 08:00:00+00:00,2023-08-14 08:00:00+00:00,7.515,7.469,7.499,7.384,timeout,-0.0061210911510312105,-0.007419577780534481,0.0012984866295032704,6.536688716426203,6
ADA,2023-08-13 16:00:00+00:00,2023-08-13 20:00:00+00:00,2023-08-14 20:00:00+00:00,0.29315,0.28981,0.29262,0.28968,timeout,-0.011393484564216294,-0.01336650741582901,0.0019730228516127157,9.988775255673833,6
BNB,2023-08-13 16:00:00+00:00,2023-08-13 20:00:00+00:00,2023-08-14 20:00:00+00:00,241.52,240.1,240.96,239.65,timeout,-0.005879430274925546,-0.007162195095876456,0.0012827648209509102,6.455921962584254,6
ETH,2023-08-13 16:00:00+00:00,2023-08-13 20:00:00+00:00,2023-08-14 20:00:00+00:00,1858.71,1843.36,1853.65,1846.17,timeout,-0.008258415782989359,-0.009257968967408603,0.000999553184419244,5.041924062981029,6
XRP,2023-08-13 16:00:00+00:00,2023-08-13 20:00:00+00:00,2023-08-14 20:00:00+00:00,0.6357,0.62844,0.63171,0.62103,timeout,-0.011420481359131762,-0.012555265198143095,0.001134783839011333,5.742762706652812,6
SOL,2023-08-14 12:00:00+00:00,2023-08-14 16:00:00+00:00,2023-08-15 00:00:00+00:00,24.817,25.461000000000002,24.698,24.054,target,0.02594995366079722,0.024719362208355244,0.0012305914524419759,6.000925858297193,2
BTC,2023-08-14 12:00:00+00:00,2023-08-14 16:00:00+00:00,2023-08-15 16:00:00+00:00,29607.7,29334.0,29500.0,29093.1,timeout,-0.009244216876015399,-0.01023704284356386,0.0009928259675484608,5.012959217987713,6
LINK,2023-08-14 12:00:00+00:00,2023-08-14 16:00:00+00:00,2023-08-15 16:00:00+00:00,7.589,7.289,7.558,7.308,timeout,-0.03953089998682313,-0.040785737244475206,0.001254837257652075,6.536688716426203,6
XRP,2023-08-19 12:00:00+00:00,2023-08-19 16:00:00+00:00,2023-08-20 08:00:00+00:00,0.52142,0.5473600000000001,0.51326,0.48732,target,0.04974876299336439,0.0485437633865502,0.0012049996068141944,5.742762706652812,4
ADA,2023-08-19 12:00:00+00:00,2023-08-19 16:00:00+00:00,2023-08-20 16:00:00+00:00,0.26854,0.2689,0.26737,0.25819,timeout,0.0013405824085797047,-0.0006578546040150179,0.0019984370125947226,9.988775255673833,6
ETH,2023-08-20 20:00:00+00:00,2023-08-21 00:00:00+00:00,2023-08-22 00:00:00+00:00,1685.01,1667.59,1679.48,1661.66,timeout,-0.010338217577343767,-0.011335674578100141,0.0009974570007563743,5.041924062981029,6
BNB,2023-08-23 04:00:00+00:00,2023-08-23 08:00:00+00:00,2023-08-24 08:00:00+00:00,216.4,219.31,215.76,202.68,timeout,0.013447319778188582,0.012139616659181618,0.0013077031190069643,6.455921962584254,6
ADA,2023-08-23 12:00:00+00:00,2023-08-23 16:00:00+00:00,2023-08-24 16:00:00+00:00,0.26281,0.26261,0.2615,0.24978,timeout,-0.0007610060499979587,-0.0027552487931957748,0.001994242743197816,9.988775255673833,6
AVAX,2023-08-23 12:00:00+00:00,2023-08-23 16:00:00+00:00,2023-08-24 16:00:00+00:00,10.29,10.068,10.27,9.69,timeout,-0.02157434402332359,-0.023082057214728224,0.001507713191404636,7.710732744665526,6
DOT,2023-08-23 12:00:00+00:00,2023-08-23 16:00:00+00:00,2023-08-24 16:00:00+00:00,4.457,4.388,4.437,4.225,timeout,-0.015481265425173918,-0.017260979480465566,0.001779714055291648,9.046674492363598,6
LINK,2023-08-23 12:00:00+00:00,2023-08-23 16:00:00+00:00,2023-08-24 16:00:00+00:00,6.356,6.119,6.257,5.86,timeout,-0.037287602265575814,-0.03854537035521477,0.0012577680896389554,6.536688716426203,6
BTC,2023-08-23 16:00:00+00:00,2023-08-23 20:00:00+00:00,2023-08-24 20:00:00+00:00,26620.1,26040.7,26190.0,25300.0,timeout,-0.021765508018376956,-0.0227457865315428,0.0009802785131658442,5.012959217987713,6
ETH,2023-08-23 16:00:00+00:00,2023-08-23 20:00:00+00:00,2023-08-24 20:00:00+00:00,1687.07,1649.98,1667.42,1573.23,timeout,-0.021984861327627114,-0.022970579948110248,0.0009857186204831336,5.041924062981029,6
SOL,2023-08-23 16:00:00+00:00,2023-08-23 20:00:00+00:00,2023-08-24 20:00:00+00:00,21.486,20.922,21.069,19.124,timeout,-0.02624965093549292,-0.027417630769299706,0.001167979833806787,6.000925858297193,6
XRP,2023-08-23 16:00:00+00:00,2023-08-23 20:00:00+00:00,2023-08-24 20:00:00+00:00,0.53259,0.5163,0.52549,0.50277,timeout,-0.03058637976680001,-0.03169916319880006,0.001112783432000053,5.742762706652812,6
DOT,2023-08-25 20:00:00+00:00,2023-08-26 00:00:00+00:00,2023-08-27 00:00:00+00:00,4.489,4.505,4.485,4.354,timeout,0.0035642682111829416,0.0017501255536589433,0.0018141426575239983,9.046674492363598,6
SOL,2023-08-27 08:00:00+00:00,2023-08-27 12:00:00+00:00,2023-08-27 12:00:00+00:00,20.576,20.846999999999998,20.45,20.179,target,0.013170684292379331,0.01195542113114434,0.0012152631612349918,6.000925858297193,0
AVAX,2023-08-26 20:00:00+00:00,2023-08-27 00:00:00+00:00,2023-08-28 00:00:00+00:00,10.093,10.201,10.078,9.876,timeout,0.010700485484989697,0.00914303812532924,0.0015574473596604577,7.710732744665526,6
ADA,2023-08-27 04:00:00+00:00,2023-08-27 08:00:00+00:00,2023-08-28 08:00:00+00:00,0.26307,0.25981,0.26144,0.25769,timeout,-0.0123921389744176,-0.014363168749976785,0.0019710297755591855,9.988775255673833,6
ETH,2023-08-27 12:00:00+00:00,2023-08-27 16:00:00+00:00,2023-08-28 12:00:00+00:00,1655.28,1664.7399999999998,1653.58,1644.12,target,0.00571504518872934,0.004701408479293123,0.0010136367094362164,5.041924062981029,5
BTC,2023-08-27 12:00:00+00:00,2023-08-27 16:00:00+00:00,2023-08-28 16:00:00+00:00,26126.0,26104.2,26095.0,25964.3,timeout,-0.0008344178213274267,-0.0018356711602075526,0.001001253338880126,5.012959217987713,6
ADA,2023-08-28 12:00:00+00:00,2023-08-28 16:00:00+00:00,2023-08-29 12:00:00+00:00,0.26564,0.26986000000000004,0.26423,0.26001,target,0.01588616172263224,0.013858695202413784,0.002027466520218457,9.988775255673833,5
AVAX,2023-08-29 00:00:00+00:00,2023-08-29 04:00:00+00:00,2023-08-29 12:00:00+00:00,10.519,11.0,10.388,9.907,target,0.0457267801121779,0.04411535869109273,0.0016114214210851685,7.710732744665526,2
DOT,2023-08-28 20:00:00+00:00,2023-08-29 00:00:00+00:00,2023-08-29 12:00:00+00:00,4.609,4.798,4.603,4.414,target,0.04100672597092636,0.039124898600050084,0.0018818273708762767,9.046674492363598,3
BNB,2023-08-29 12:00:00+00:00,2023-08-29 16:00:00+00:00,2023-08-29 16:00:00+00:00,228.26,232.75999999999996,219.54,215.04,target,0.019714360816612597,0.018398571012730125,0.0013157898038824722,6.455921962584254,0
BTC,2023-08-29 12:00:00+00:00,2023-08-29 16:00:00+00:00,2023-08-29 16:00:00+00:00,27419.8,27815.9,26255.7,25859.6,target,0.014445765468748872,0.013429200018632237,0.0010165654501166355,5.012959217987713,0
ETH,2023-08-29 12:00:00+00:00,2023-08-29 16:00:00+00:00,2023-08-30 16:00:00+00:00,1716.09,1703.94,1664.75,1618.0,timeout,-0.0070800482492175965,-0.008080789082757778,0.0010007408335401813,5.041924062981029,6
LINK,2023-08-29 12:00:00+00:00,2023-08-29 16:00:00+00:00,2023-08-30 16:00:00+00:00,6.185,5.938,6.048,5.851,timeout,-0.039935327405012155,-0.0411896362848202,0.0012543088798080415,6.536688716426203,6
SOL,2023-08-29 12:00:00+00:00,2023-08-29 16:00:00+00:00,2023-08-30 16:00:00+00:00,21.327,20.841,20.792,20.018,timeout,-0.022788015192010125,-0.023960147138054166,0.0011721319460440416,6.000925858297193,6
XRP,2023-08-29 12:00:00+00:00,2023-08-29 16:00:00+00:00,2023-08-30 16:00:00+00:00,0.53487,0.52403,0.52457,0.51,timeout,-0.02026660683904491,-0.021391236269591274,0.0011246294305463644,5.742762706652812,6
XRP,2023-09-03 04:00:00+00:00,2023-09-03 08:00:00+00:00,2023-09-04 00:00:00+00:00,0.50389,0.5125999999999998,0.50273,0.49402,target,0.01728551866478778,0.0161177833997197,0.0011677352650680817,5.742762706652812,4
DOT,2023-09-03 04:00:00+00:00,2023-09-03 08:00:00+00:00,2023-09-04 08:00:00+00:00,4.296,4.275,4.286,4.198,timeout,-0.004888268156424513,-0.006687131167916527,0.0017988630114920134,9.046674492363598,6
BTC,2023-09-03 16:00:00+00:00,2023-09-03 20:00:00+00:00,2023-09-04 20:00:00+00:00,26010.1,25893.9,25985.0,25765.0,timeout,-0.004467495319125936,-0.005465107989192086,0.0009976126700661503,5.012959217987713,6
ADA,2023-09-04 00:00:00+00:00,2023-09-04 04:00:00+00:00,2023-09-05 04:00:00+00:00,0.25773,0.25557,0.25737,0.25352,timeout,-0.008380863694564034,-0.010359899019012242,0.0019790353244482084,9.988775255673833,6
AVAX,2023-09-04 00:00:00+00:00,2023-09-04 04:00:00+00:00,2023-09-05 04:00:00+00:00,9.961,9.723,9.949,9.753,timeout,-0.023893183415319652,-0.025397323371784464,0.0015041399564648117,7.710732744665526,6
LINK,2023-09-04 00:00:00+00:00,2023-09-04 04:00:00+00:00,2023-09-05 04:00:00+00:00,6.104,5.953,6.029,5.886,timeout,-0.024737876802096936,-0.02601204090393927,0.0012741641018423344,6.536688716426203,6
SOL,2023-09-04 00:00:00+00:00,2023-09-04 04:00:00+00:00,2023-09-05 04:00:00+00:00,19.741,19.224,19.705,19.1,timeout,-0.026189149485841612,-0.02735720188904278,0.0011680524032011697,6.000925858297193,6
AVAX,2023-09-05 12:00:00+00:00,2023-09-05 16:00:00+00:00,2023-09-06 16:00:00+00:00,9.915,9.884,9.91,9.64,timeout,-0.003126575895108341,-0.004662716328980299,0.0015361404338719575,7.710732744665526,6
SOL,2023-09-05 12:00:00+00:00,2023-09-05 16:00:00+00:00,2023-09-06 16:00:00+00:00,20.39,19.391,19.625,19.035,timeout,-0.04899460519862686,-0.05013530324719406,0.0011406980485672014,6.000925858297193,6
LINK,2023-09-05 20:00:00+00:00,2023-09-06 00:00:00+00:00,2023-09-07 00:00:00+00:00,6.136,6.3,6.129,5.906,timeout,0.02672750977835725,0.02538610698600441,0.0013414027923528415,6.536688716426203,6
ETH,2023-09-07 00:00:00+00:00,2023-09-07 04:00:00+00:00,2023-09-08 04:00:00+00:00,1639.96,1646.56,1638.88,1609.41,timeout,0.004024488402156079,0.0030125555654287872,0.0010119328367272917,5.041924062981029,6
AVAX,2023-09-07 20:00:00+00:00,2023-09-08 00:00:00+00:00,2023-09-09 00:00:00+00:00,10.095,9.925,10.053,9.735,timeout,-0.016840019811787954,-0.018355028399651863,0.0015150085878639086,7.710732744665526,6
BTC,2023-09-07 20:00:00+00:00,2023-09-08 00:00:00+00:00,2023-09-09 00:00:00+00:00,26252.1,25913.0,26059.9,25355.0,timeout,-0.012917061873145341,-0.013906207321286335,0.0009891454481409934,5.012959217987713,6
DOT,2023-09-07 20:00:00+00:00,2023-09-08 00:00:00+00:00,2023-09-09 00:00:00+00:00,4.293,4.25,4.288,4.17,timeout,-0.010016305613789966,-0.01180589867437265,0.0017895930605826837,9.046674492363598,6
SOL,2023-09-07 20:00:00+00:00,2023-09-08 00:00:00+00:00,2023-09-09 00:00:00+00:00,19.907,19.605,19.88,19.132,timeout,-0.015170543025066485,-0.016351811865268462,0.0011812688402019766,6.000925858297193,6
XRP,2023-09-07 20:00:00+00:00,2023-09-08 00:00:00+00:00,2023-09-09 00:00:00+00:00,0.50493,0.50486,0.50461,0.49648,timeout,-0.00013863307785244583,-0.0012863672752945199,0.001147734197442074,5.742762706652812,6
BNB,2023-09-12 08:00:00+00:00,2023-09-12 12:00:00+00:00,2023-09-13 12:00:00+00:00,212.46,212.18,211.46,203.82,timeout,-0.0013178951332015743,-0.0026065459371886757,0.0012886508039871014,6.455921962584254,6
BTC,2023-09-12 08:00:00+00:00,2023-09-12 12:00:00+00:00,2023-09-13 12:00:00+00:00,26099.9,26195.5,25999.4,24881.0,timeout,0.003662849282947356,0.0026570892799222534,0.0010057600030251024,5.012959217987713,6
ETH,2023-09-12 08:00:00+00:00,2023-09-12 12:00:00+00:00,2023-09-13 12:00:00+00:00,1609.95,1604.48,1598.62,1530.56,timeout,-0.003397621044131771,-0.004402073310063148,0.001004452265931377,5.041924062981029,6
LINK,2023-09-12 08:00:00+00:00,2023-09-12 12:00:00+00:00,2023-09-13 12:00:00+00:00,6.023,6.018,5.998,5.736,timeout,-0.0008301510874979545,-0.0021355502441400276,0.001305399156642073,6.536688716426203,6
ETH,2023-09-14 00:00:00+00:00,2023-09-14 04:00:00+00:00,2023-09-15 04:00:00+00:00,1620.4,1634.3,1619.14,1580.5,timeout,0.00857812885707232,0.0075616065124630705,0.0010165223446092497,5.041924062981029,6
XRP,2023-09-14 16:00:00+00:00,2023-09-14 20:00:00+00:00,2023-09-15 04:00:00+00:00,0.49313,0.50328,0.49015,0.48,target,0.020582807778881662,0.019411287577621117,0.0011715202012605452,5.742762706652812,2
BTC,2023-09-14 12:00:00+00:00,2023-09-14 16:00:00+00:00,2023-09-15 16:00:00+00:00,26694.7,26324.1,26600.0,25759.5,timeout,-0.013882905595492767,-0.014871083181780764,0.0009881775862879971,5.012959217987713,6
LINK,2023-09-14 16:00:00+00:00,2023-09-14 20:00:00+00:00,2023-09-15 20:00:00+00:00,6.166,6.224,6.094,5.927,timeout,0.009406422315926033,0.008087649242624728,0.0013187730733013048,6.536688716426203,6
SOL,2023-09-14 16:00:00+00:00,2023-09-14 20:00:00+00:00,2023-09-15 20:00:00+00:00,19.048,18.728,19.02,17.689,timeout,-0.016799664006719728,-0.01797897877270216,0.001179314765982431,6.000925858297193,6
DOT,2023-09-15 00:00:00+00:00,2023-09-15 04:00:00+00:00,2023-09-16 00:00:00+00:00,4.085,4.192,4.078,3.971,target,0.026193390452876386,0.024338341141676656,0.0018550493111997302,9.046674492363598,5
ADA,2023-09-15 00:00:00+00:00,2023-09-15 04:00:00+00:00,2023-09-16 04:00:00+00:00,0.2541,0.25131,0.2521,0.2458,timeout,-0.010979929161747393,-0.01295377737132275,0.0019738482095753573,9.988775255673833,6
BNB,2023-09-15 20:00:00+00:00,2023-09-16 00:00:00+00:00,2023-09-17 00:00:00+00:00,214.03,214.82,213.41,211.54,timeout,0.0036910713451385746,0.002395957214485156,0.0012951141306534186,6.455921962584254,6
AVAX,2023-09-16 00:00:00+00:00,2023-09-16 04:00:00+00:00,2023-09-17 04:00:00+00:00,9.51,9.285,9.499,9.18,timeout,-0.023659305993690816,-0.025163806345523065,0.0015045003518322497,7.710732744665526,6
BNB,2023-09-17 12:00:00+00:00,2023-09-17 16:00:00+00:00,2023-09-18 00:00:00+00:00,216.16,218.16,215.17,213.17,target,0.00925240562546259,0.00795011541960311,0.0013022902058594799,6.455921962584254,2
BTC,2023-09-18 00:00:00+00:00,2023-09-18 04:00:00+00:00,2023-09-18 08:00:00+00:00,26655.7,26873.4,26632.7,26415.0,target,0.00816710872346249,0.007156835049345833,0.0010102736741166574,5.012959217987713,1
LINK,2023-09-18 00:00:00+00:00,2023-09-18 04:00:00+00:00,2023-09-18 08:00:00+00:00,6.62,6.741000000000001,6.291,6.17,target,0.0182779456193356,0.016947582045129028,0.0013303635742065723,6.536688716426203,1
SOL,2023-09-18 00:00:00+00:00,2023-09-18 04:00:00+00:00,2023-09-18 08:00:00+00:00,19.208,19.628,19.143,18.723,target,0.02186588921282806,0.020640196454307036,0.0012256927585210242,6.000925858297193,1
ADA,2023-09-18 08:00:00+00:00,2023-09-18 12:00:00+00:00,2023-09-19 08:00:00+00:00,0.25406,0.2578100000000001,0.25056,0.24681,target,0.014760292844210321,0.012735073289787291,0.00202521955442303,9.988775255673833,5
DOT,2023-09-18 08:00:00+00:00,2023-09-18 12:00:00+00:00,2023-09-19 12:00:00+00:00,4.195,4.129,4.187,4.105,timeout,-0.015733015494636682,-0.017512274461445765,0.001779258966809083,9.046674492363598,6
ETH,2023-09-18 08:00:00+00:00,2023-09-18 12:00:00+00:00,2023-09-19 12:00:00+00:00,1655.73,1647.67,1639.5,1618.78,timeout,-0.004867943444885281,-0.005870913807202616,0.0010029703623173347,5.041924062981029,6
BTC,2023-09-18 12:00:00+00:00,2023-09-18 16:00:00+00:00,2023-09-19 16:00:00+00:00,27267.6,27427.7,27240.0,26367.7,timeout,0.005871437163520232,0.004863463957769598,0.001007973205750634,5.012959217987713,6
SOL,2023-09-18 12:00:00+00:00,2023-09-18 16:00:00+00:00,2023-09-19 16:00:00+00:00,19.948,20.133,19.763,18.58,timeout,0.009274112693001824,0.008063523334506328,0.0012105893584954952,6.000925858297193,6
XRP,2023-09-18 12:00:00+00:00,2023-09-18 16:00:00+00:00,2023-09-19 16:00:00+00:00,0.50406,0.51168,0.50192,0.48632,timeout,0.01511724794667324,0.013952001625107568,0.0011652463215656716,5.742762706652812,6
LINK,2023-09-22 16:00:00+00:00,2023-09-22 20:00:00+00:00,2023-09-23 00:00:00+00:00,6.876,7.0680000000000005,6.787,6.595,target,0.027923211169284423,0.026580246212511982,0.001342964956772441,6.536688716426203,1
XRP,2023-09-22 16:00:00+00:00,2023-09-22 20:00:00+00:00,2023-09-23 20:00:00+00:00,0.51489,0.51004,0.51441,0.50356,timeout,-0.009419487657557735,-0.010556568423899293,0.0011370807663415583,5.742762706652812,6
ADA,2023-09-23 08:00:00+00:00,2023-09-23 12:00:00+00:00,2023-09-24 12:00:00+00:00,0.24664,0.24574,0.24632,0.2427,timeout,-0.0036490431397989687,-0.005637522049676158,0.0019884789098771893,9.988775255673833,6
AVAX,2023-09-23 08:00:00+00:00,2023-09-23 12:00:00+00:00,2023-09-24 12:00:00+00:00,8.966,8.956,8.943,8.785,timeout,-0.0011153245594467398,-0.002654564247872915,0.001539239688426175,7.710732744665526,6
DOT,2023-09-24 08:00:00+00:00,2023-09-24 12:00:00+00:00,2023-09-25 12:00:00+00:00,4.045,4.028,4.035,3.997,timeout,-0.004202719406675048,-0.006002821684320869,0.0018001022776458209,9.046674492363598,6
LINK,2023-09-25 04:00:00+00:00,2023-09-25 08:00:00+00:00,2023-09-26 08:00:00+00:00,7.276,7.438,7.253,6.917,timeout,0.02226498075865857,0.020929408187889464,0.0013355725707691057,6.536688716426203,6
ADA,2023-09-26 00:00:00+00:00,2023-09-26 04:00:00+00:00,2023-09-27 04:00:00+00:00,0.24641,0.24577,0.24623,0.24286,timeout,-0.002597297187614145,-0.0045878751316018596,0.0019905779439877147,9.988775255673833,6
BNB,2023-09-26 00:00:00+00:00,2023-09-26 04:00:00+00:00,2023-09-27 04:00:00+00:00,211.49,213.16,211.27,206.39,timeout,0.007896354437562092,0.006595814014185741,0.0013005404233763507,6.455921962584254,6
LINK,2023-09-27 08:00:00+00:00,2023-09-27 12:00:00+00:00,2023-09-27 12:00:00+00:00,7.631,7.869,7.485,7.247,target,0.031188572926222013,0.029841341827423262,0.0013472310987987512,6.536688716426203,0
AVAX,2023-09-26 20:00:00+00:00,2023-09-27 00:00:00+00:00,2023-09-28 00:00:00+00:00,9.046,8.931,9.03,8.614,timeout,-0.012712801238116356,-0.014234169697932897,0.0015213684598165411,7.710732744665526,6
ADA,2023-09-27 08:00:00+00:00,2023-09-27 12:00:00+00:00,2023-09-28 12:00:00+00:00,0.24764,0.24669,0.24623,0.24296,timeout,-0.0038362138588273753,-0.005824319220584018,0.0019881053617566424,9.988775255673833,6
BNB,2023-09-27 08:00:00+00:00,2023-09-27 12:00:00+00:00,2023-09-28 12:00:00+00:00,215.4,213.63,213.54,210.66,timeout,-0.008217270194986082,-0.009497018381036004,0.0012797481860499227,6.455921962584254,6
BTC,2023-09-27 08:00:00+00:00,2023-09-27 12:00:00+00:00,2023-09-28 12:00:00+00:00,26765.9,26477.1,26363.5,26083.5,timeout,-0.010789848277098946,-0.011781125383649282,0.0009912771065503367,5.012959217987713,6
DOT,2023-09-27 08:00:00+00:00,2023-09-27 12:00:00+00:00,2023-09-28 12:00:00+00:00,4.06,4.04,4.038,3.971,timeout,-0.004926108374384119,-0.006724902982131908,0.001798794607747789,9.046674492363598,6
ETH,2023-09-27 08:00:00+00:00,2023-09-27 12:00:00+00:00,2023-09-28 12:00:00+00:00,1629.8,1623.92,1599.79,1579.49,timeout,-0.0036078046386058826,-0.004612045065400361,0.0010042404267944782,5.041924062981029,6
XRP,2023-09-27 08:00:00+00:00,2023-09-27 12:00:00+00:00,2023-09-28 12:00:00+00:00,0.50654,0.50181,0.50629,0.4956,timeout,-0.009337860780984752,-0.01047503524627369,0.001137174465288937,5.742762706652812,6
SOL,2023-09-28 12:00:00+00:00,2023-09-28 16:00:00+00:00,2023-09-29 04:00:00+00:00,19.601,20.36,19.476,18.717,target,0.03872251415744099,0.03747660246085194,0.0012459116965890527,6.000925858297193,3
XRP,2023-09-28 16:00:00+00:00,2023-09-28 20:00:00+00:00,2023-09-29 12:00:00+00:00,0.5078,0.51796,0.50539,0.49523,target,0.02000787711697516,0.018837016874788448,0.001170860242186711,5.742762706652812,4
AVAX,2023-09-28 12:00:00+00:00,2023-09-28 16:00:00+00:00,2023-09-29 16:00:00+00:00,9.266,9.201,9.194,8.812,timeout,-0.0070148931577810325,-0.008545041856672042,0.0015301486988910096,7.710732744665526,6
ADA,2023-09-29 00:00:00+00:00,2023-09-29 04:00:00+00:00,2023-09-30 04:00:00+00:00,0.25074,0.25077,0.24959,0.24337,timeout,0.00011964584828905167,-0.0018763544660885811,0.001996000314377633,9.988775255673833,6
BNB,2023-09-29 04:00:00+00:00,2023-09-29 08:00:00+00:00,2023-09-30 08:00:00+00:00,216.88,214.55,216.2,210.44,timeout,-0.010743268166728104,-0.012019756927880598,0.0012764887611524944,6.455921962584254,6
ADA,2023-10-01 00:00:00+00:00,2023-10-01 04:00:00+00:00,2023-10-01 08:00:00+00:00,0.25539,0.2604200000000001,0.25479,0.24976,target,0.019695367868750147,0.017660299081446063,0.002035068787304084,9.988775255673833,1
AVAX,2023-10-01 00:00:00+00:00,2023-10-01 04:00:00+00:00,2023-10-01 08:00:00+00:00,9.337,9.538999999999998,9.277,9.075,target,0.021634357930812698,0.020060061929031203,0.0015742960017814944,7.710732744665526,1
BTC,2023-10-01 04:00:00+00:00,2023-10-01 08:00:00+00:00,2023-10-01 08:00:00+00:00,27107.2,27293.7,27093.8,26907.3,target,0.006880090898359059,0.005871106931291559,0.0010089839670675005,5.012959217987713,0
DOT,2023-10-01 04:00:00+00:00,2023-10-01 08:00:00+00:00,2023-10-01 08:00:00+00:00,4.137,4.21,4.122,4.049,target,0.017645636934977116,0.015806039393807536,0.0018395975411695797,9.046674492363598,0
SOL,2023-09-30 12:00:00+00:00,2023-09-30 16:00:00+00:00,2023-10-01 08:00:00+00:00,21.423,21.878999999999994,20.463,20.007,target,0.021285534238902004,0.020060537596081174,0.0012249966428208303,6.000925858297193,4
LINK,2023-09-30 08:00:00+00:00,2023-09-30 12:00:00+00:00,2023-10-01 12:00:00+00:00,8.198,8.126,8.081,7.67,timeout,-0.008782629909734219,-0.010077639282137896,0.001295009372403677,6.536688716426203,6
BNB,2023-10-01 08:00:00+00:00,2023-10-01 12:00:00+00:00,2023-10-01 20:00:00+00:00,216.19,218.21999999999997,216.08,214.05,target,0.00938988852398337,0.008087420916879973,0.001302467607103397,6.455921962584254,2
ETH,2023-10-01 20:00:00+00:00,2023-10-02 00:00:00+00:00,2023-10-03 00:00:00+00:00,1734.0,1662.3,1695.0,1665.0,timeout,-0.041349480968858154,-0.04231568244139117,0.0009662014725330126,5.041924062981029,6
XRP,2023-10-01 20:00:00+00:00,2023-10-02 00:00:00+00:00,2023-10-03 00:00:00+00:00,0.52432,0.51213,0.52287,0.51338,timeout,-0.023249160817821246,-0.024370366594538617,0.001121205776717371,5.742762706652812,6
AVAX,2023-10-04 04:00:00+00:00,2023-10-04 08:00:00+00:00,2023-10-04 16:00:00+00:00,9.615,9.873999999999999,9.483,9.224,target,0.02693707748309926,0.025354610211308026,0.0015824672717912325,7.710732744665526,2
XRP,2023-10-03 20:00:00+00:00,2023-10-04 00:00:00+00:00,2023-10-05 00:00:00+00:00,0.53898,0.53253,0.525,0.50298,timeout,-0.011967048870088037,-0.013101205307897157,0.0011341564378091196,5.742762706652812,6
BTC,2023-10-04 16:00:00+00:00,2023-10-04 20:00:00+00:00,2023-10-05 12:00:00+00:00,27617.9,28053.5,27586.5,27150.9,target,0.015772379507493328,0.014754484671377632,0.0010178948361156959,5.012959217987713,4
LINK,2023-10-04 12:00:00+00:00,2023-10-04 16:00:00+00:00,2023-10-05 16:00:00+00:00,7.637,7.531,7.633,7.181,timeout,-0.013879795731308042,-0.015168145739468453,0.0012883500081604105,6.536688716426203,6
AVAX,2023-10-06 04:00:00+00:00,2023-10-06 08:00:00+00:00,2023-10-07 04:00:00+00:00,10.61,11.283,10.491,9.818,target,0.06343072573044295,0.061792023266403096,0.001638702464039854,7.710732744665526,5
ADA,2023-10-06 12:00:00+00:00,2023-10-06 16:00:00+00:00,2023-10-07 16:00:00+00:00,0.26432,0.25889,0.26391,0.25658,timeout,-0.020543280871670677,-0.02249804291180757,0.0019547620401368926,9.988775255673833,6
BNB,2023-10-06 16:00:00+00:00,2023-10-06 20:00:00+00:00,2023-10-07 20:00:00+00:00,213.39,211.57,213.36,210.15,timeout,-0.008528984488495261,-0.00980833045358509,0.0012793459650898287,6.455921962584254,6
DOT,2023-10-07 04:00:00+00:00,2023-10-07 08:00:00+00:00,2023-10-08 08:00:00+00:00,4.096,4.034,4.093,3.995,timeout,-0.015136718750000111,-0.016917055642155066,0.0017803368921549545,9.046674492363598,6
LINK,2023-10-08 04:00:00+00:00,2023-10-08 08:00:00+00:00,2023-10-08 20:00:00+00:00,7.65,7.823,7.644,7.471,target,0.02261437908496733,0.021278350030967674,0.0013360290539996544,6.536688716426203,3
LINK,2023-10-11 20:00:00+00:00,2023-10-12 00:00:00+00:00,2023-10-13 00:00:00+00:00,7.391,7.196,7.357,7.101,timeout,-0.02638343931808962,-0.027655453519269013,0.0012720142011793945,6.536688716426203,6
SOL,2023-10-13 20:00:00+00:00,2023-10-14 00:00:00+00:00,2023-10-15 00:00:00+00:00,21.837,21.991,21.622,21.112,timeout,0.007052250767046742,0.005844326455013649,0.001207924312033093,6.000925858297193,6
BTC,2023-10-14 00:00:00+00:00,2023-10-14 04:00:00+00:00,2023-10-15 04:00:00+00:00,26931.0,26882.9,26880.0,26545.5,timeout,-0.0017860458208012187,-0.0027863455432550754,0.0010002997224538568,5.012959217987713,6
DOT,2023-10-14 00:00:00+00:00,2023-10-14 04:00:00+00:00,2023-10-15 04:00:00+00:00,3.74,3.728,3.739,3.614,timeout,-0.0032085561497325887,-0.005010455575832351,0.0018018994260997623,9.046674492363598,6
BNB,2023-10-15 00:00:00+00:00,2023-10-15 04:00:00+00:00,2023-10-15 12:00:00+00:00,207.09,208.45000000000002,207.01,205.65,target,0.006567193007871008,0.00526836766974248,0.0012988253381285286,6.455921962584254,2
ADA,2023-10-14 12:00:00+00:00,2023-10-14 16:00:00+00:00,2023-10-15 16:00:00+00:00,0.24753,0.24609,0.24708,0.24193,timeout,-0.0058174766694946145,-0.007801627903153419,0.001984151233658804,9.988775255673833,6
BTC,2023-10-15 16:00:00+00:00,2023-10-15 20:00:00+00:00,2023-10-15 20:00:00+00:00,27038.9,27222.800000000003,26958.0,26774.1,target,0.006801312183557728,0.005792407159813218,0.0010089050237445107,5.012959217987713,0
ADA,2023-10-16 00:00:00+00:00,2023-10-16 04:00:00+00:00,2023-10-16 04:00:00+00:00,0.24852,0.25166,0.2485,0.24536,target,0.012634798004184766,0.010613820430595,0.002020977573589766,9.988775255673833,0
AVAX,2023-10-16 00:00:00+00:00,2023-10-16 04:00:00+00:00,2023-10-16 04:00:00+00:00,9.383,9.536999999999999,9.224,9.07,target,0.016412661195779554,0.014846411611220356,0.0015662495845591984,7.710732744665526,0
BNB,2023-10-16 04:00:00+00:00,2023-10-16 08:00:00+00:00,2023-10-16 12:00:00+00:00,212.9,218.68999999999997,212.13,206.34,target,0.027195866604039276,0.02587042302905096,0.0013254435749883164,6.455921962584254,1
BTC,2023-10-16 04:00:00+00:00,2023-10-16 08:00:00+00:00,2023-10-16 12:00:00+00:00,27850.0,28336.300000000003,27294.3,26808.0,target,0.017461400359066515,0.016441812972889824,0.0010195873861766902,5.012959217987713,1
DOT,2023-10-16 04:00:00+00:00,2023-10-16 08:00:00+00:00,2023-10-16 12:00:00+00:00,3.798,3.869,3.775,3.704,target,0.018694049499736742,0.016852556743664815,0.0018414927560719274,9.046674492363598,1
ETH,2023-10-16 04:00:00+00:00,2023-10-16 08:00:00+00:00,2023-10-16 12:00:00+00:00,1579.03,1597.8199999999997,1567.29,1548.5,target,0.011899710581812828,0.010879840492546089,0.001019870089266739,5.041924062981029,1
LINK,2023-10-15 16:00:00+00:00,2023-10-15 20:00:00+00:00,2023-10-16 12:00:00+00:00,7.453,7.710000000000001,7.402,7.145,target,0.034482758620689724,0.033131223721859504,0.00135153489883022,6.536688716426203,4
SOL,2023-10-16 04:00:00+00:00,2023-10-16 08:00:00+00:00,2023-10-16 12:00:00+00:00,22.816,23.278000000000002,22.113,21.651,target,0.020248948106591946,0.019025194812951618,0.0012237532936403284,6.000925858297193,1
XRP,2023-10-16 04:00:00+00:00,2023-10-16 08:00:00+00:00,2023-10-16 12:00:00+00:00,0.49312,0.49832000000000004,0.49058,0.48538,target,0.01054510058403646,0.009385102599947626,0.0011599979840888341,5.742762706652812,1
BTC,2023-10-19 12:00:00+00:00,2023-10-19 16:00:00+00:00,2023-10-20 00:00:00+00:00,28677.5,29109.299999999996,28524.2,28092.4,target,0.015057100514340283,0.01403992245179353,0.001017178062546753,5.012959217987713,2
SOL,2023-10-19 12:00:00+00:00,2023-10-19 16:00:00+00:00,2023-10-20 04:00:00+00:00,24.758,25.991,24.315,23.082,target,0.04980208417481213,0.04854288291754694,0.0012592012572651967,6.000925858297193,3
ETH,2023-10-20 00:00:00+00:00,2023-10-20 04:00:00+00:00,2023-10-20 08:00:00+00:00,1586.69,1620.9900000000002,1574.99,1540.69,target,0.02161732915692438,0.020587664906813297,0.0010296642501110842,5.041924062981029,1
LINK,2023-10-20 04:00:00+00:00,2023-10-20 08:00:00+00:00,2023-10-20 08:00:00+00:00,7.466,7.701000000000001,7.439,7.204,target,0.03147602464505783,0.03012841799526389,0.001347606649793942,6.536688716426203,0
ADA,2023-10-19 20:00:00+00:00,2023-10-20 00:00:00+00:00,2023-10-21 00:00:00+00:00,0.24694,0.25119,0.24602,0.23877,timeout,0.01721065845954506,0.015180548559692753,0.002030109899852306,9.988775255673833,6
XRP,2023-10-19 20:00:00+00:00,2023-10-20 00:00:00+00:00,2023-10-21 00:00:00+00:00,0.51943,0.51499,0.49,0.47626,timeout,-0.008547831276591644,-0.009685912611481995,0.0011380813348903507,5.742762706652812,6
AVAX,2023-10-20 00:00:00+00:00,2023-10-20 04:00:00+00:00,2023-10-21 04:00:00+00:00,9.227,9.226,9.07,8.638,timeout,-0.00010837758751480742,-0.0016491689392925668,0.0015407913517777594,7.710732744665526,6
BNB,2023-10-20 00:00:00+00:00,2023-10-20 04:00:00+00:00,2023-10-21 04:00:00+00:00,212.88,212.11,212.24,208.09,timeout,-0.003617061255167142,-0.004902745327040825,0.0012856840718736828,6.455921962584254,6
DOT,2023-10-20 00:00:00+00:00,2023-10-20 04:00:00+00:00,2023-10-21 04:00:00+00:00,3.707,3.724,3.689,3.55,timeout,0.004585918532506117,0.0027699290381748565,0.0018159894943312604,9.046674492363598,6
LINK,2023-10-21 04:00:00+00:00,2023-10-21 08:00:00+00:00,2023-10-21 12:00:00+00:00,7.837,8.289000000000001,7.714,7.262,target,0.05767513078984332,0.056293295433985646,0.0013818353558576746,6.536688716426203,1
DOT,2023-10-21 08:00:00+00:00,2023-10-21 12:00:00+00:00,2023-10-21 16:00:00+00:00,3.812,3.944,3.805,3.673,target,0.03462749213011551,0.03275719649726461,0.0018702956328509046,9.046674492363598,1
BNB,2023-10-21 12:00:00+00:00,2023-10-21 16:00:00+00:00,2023-10-22 04:00:00+00:00,214.33,216.28000000000003,213.34,211.39,target,0.009098119721924203,0.007796028599089011,0.0013020911228351917,6.455921962584254,3
ETH,2023-10-21 12:00:00+00:00,2023-10-21 16:00:00+00:00,2023-10-22 04:00:00+00:00,1628.52,1646.52,1610.0,1592.0,target,0.011052980620440689,0.010033963930530021,0.0010190166899106678,5.041924062981029,3
BNB,2023-10-22 20:00:00+00:00,2023-10-23 00:00:00+00:00,2023-10-23 00:00:00+00:00,217.77,221.17000000000002,216.91,213.51,target,0.015612802498048417,0.014302305145486693,0.0013104973525617236,6.455921962584254,0
DOT,2023-10-23 00:00:00+00:00,2023-10-23 04:00:00+00:00,2023-10-23 16:00:00+00:00,4.03,4.196000000000001,3.972,3.806,target,0.04119106699751862,0.03930890639345486,0.001882160604063765,9.046674492363598,3
ADA,2023-10-22 20:00:00+00:00,2023-10-23 00:00:00+00:00,2023-10-23 20:00:00+00:00,0.26393,0.27218999999999993,0.26338,0.25512,target,0.0312961770166329,0.029237955780717195,0.0020582212359157026,9.988775255673833,5
AVAX,2023-10-22 20:00:00+00:00,2023-10-23 00:00:00+00:00,2023-10-23 20:00:00+00:00,10.083,10.613000000000001,10.069,9.539,target,0.05256372111474761,0.05094176425228736,0.0016219568624602498,7.710732744665526,5
BTC,2023-10-23 00:00:00+00:00,2023-10-23 04:00:00+00:00,2023-10-23 20:00:00+00:00,30738.4,31435.600000000006,30323.7,29626.5,target,0.022681727090544834,0.02165690846976287,0.0010248186207819643,5.012959217987713,4
ETH,2023-10-23 00:00:00+00:00,2023-10-23 04:00:00+00:00,2023-10-23 20:00:00+00:00,1694.23,1743.08,1668.98,1620.13,target,0.028833157245474306,0.027796220330730925,0.0010369369147433805,5.041924062981029,4
XRP,2023-10-23 08:00:00+00:00,2023-10-23 12:00:00+00:00,2023-10-23 20:00:00+00:00,0.53146,0.5453800000000001,0.5243,0.51038,target,0.02619199939788519,0.025014040442959296,0.001177958954925895,5.742762706652812,2
SOL,2023-10-23 00:00:00+00:00,2023-10-23 04:00:00+00:00,2023-10-24 04:00:00+00:00,30.654,31.411,30.412,28.051,timeout,0.024694982710249835,0.02346589655201803,0.0012290861582318069,6.000925858297193,6
DOT,2023-10-23 20:00:00+00:00,2023-10-24 00:00:00+00:00,2023-10-25 00:00:00+00:00,4.358,4.186,4.2,3.918,timeout,-0.03946764570904082,-0.041203999595929686,0.001736353886888864,9.046674492363598,6
AVAX,2023-10-26 00:00:00+00:00,2023-10-26 04:00:00+00:00,2023-10-26 04:00:00+00:00,10.924,11.369000000000002,10.606,10.161,target,0.040735994141340326,0.03913226331360553,0.001603730827734795,7.710732744665526,0
LINK,2023-10-25 00:00:00+00:00,2023-10-25 04:00:00+00:00,2023-10-26 04:00:00+00:00,11.342,11.115,10.548,9.522,timeout,-0.02001410685946048,-0.021294442489903198,0.0012803356304427194,6.536688716426203,6
SOL,2023-10-25 12:00:00+00:00,2023-10-25 16:00:00+00:00,2023-10-26 16:00:00+00:00,33.395,31.295,32.634,29.512,timeout,-0.0628836652193443,-0.06400770382123666,0.0011240386018923632,6.000925858297193,6
DOT,2023-10-26 00:00:00+00:00,2023-10-26 04:00:00+00:00,2023-10-27 04:00:00+00:00,4.366,4.18,4.334,4.135,timeout,-0.042601923957856114,-0.04433261201142291,0.0017306880535667979,9.046674492363598,6
ADA,2023-10-26 04:00:00+00:00,2023-10-26 08:00:00+00:00,2023-10-27 08:00:00+00:00,0.29552,0.2818,0.29392,0.27319,timeout,-0.046426637791012526,-0.048329742823147614,0.0019031050321350884,9.988775255673833,6
ETH,2023-10-26 04:00:00+00:00,2023-10-26 08:00:00+00:00,2023-10-27 08:00:00+00:00,1850.32,1777.01,1820.0,1760.0,timeout,-0.03962017380777372,-0.04058811820861308,0.0009679444008393601,5.041924062981029,6
ADA,2023-10-27 12:00:00+00:00,2023-10-27 16:00:00+00:00,2023-10-28 16:00:00+00:00,0.29178,0.29314,0.28871,0.28051,timeout,0.004661045993556989,0.002655982127478085,0.0020050638660789044,9.988775255673833,6
LINK,2023-10-28 00:00:00+00:00,2023-10-28 04:00:00+00:00,2023-10-29 04:00:00+00:00,11.394,10.85,11.349,10.343,timeout,-0.04774442689134639,-0.04898853330968622,0.0012441064183398298,6.536688716426203,6
AVAX,2023-10-28 08:00:00+00:00,2023-10-28 12:00:00+00:00,2023-10-29 12:00:00+00:00,10.891,10.932,10.879,10.382,timeout,0.003764576255623986,0.0022178168432549494,0.0015467594123690365,7.710732744665526,6
DOT,2023-10-29 12:00:00+00:00,2023-10-29 16:00:00+00:00,2023-10-29 20:00:00+00:00,4.267,4.351,4.207,4.123,target,0.01968596203421602,0.01784267619832014,0.0018432858358958804,9.046674492363598,1
ETH,2023-10-29 20:00:00+00:00,2023-10-30 00:00:00+00:00,2023-10-30 08:00:00+00:00,1795.47,1826.94,1793.47,1762.0,target,0.01752744406757012,0.016501901917137074,0.0010255421504330453,5.041924062981029,2
SOL,2023-10-29 12:00:00+00:00,2023-10-29 16:00:00+00:00,2023-10-30 08:00:00+00:00,32.628,33.75899999999999,32.365,31.234,target,0.03466347922030133,0.03342243619560148,0.0012410430246998505,6.000925858297193,4
XRP,2023-10-29 08:00:00+00:00,2023-10-29 12:00:00+00:00,2023-10-30 08:00:00+00:00,0.5555,0.5629,0.55041,0.54301,target,0.013321332133213293,0.012158147331437164,0.0011631848017761293,5.742762706652812,5
LINK,2023-10-30 08:00:00+00:00,2023-10-30 12:00:00+00:00,2023-10-30 12:00:00+00:00,11.385,11.864999999999998,11.222,10.742,target,0.04216073781291163,0.04079917175914494,0.001361566053766694,6.536688716426203,0
ADA,2023-10-29 12:00:00+00:00,2023-10-29 16:00:00+00:00,2023-10-30 16:00:00+00:00,0.29674,0.30168,0.29573,0.28793,timeout,0.016647570263530254,0.01461858415343742,0.002028986110092834,9.988775255673833,6
BNB,2023-10-29 16:00:00+00:00,2023-10-29 20:00:00+00:00,2023-10-30 20:00:00+00:00,226.78,228.16,226.72,223.47,timeout,0.006085192697768749,0.004786989309391698,0.0012982033883770505,6.455921962584254,6
BTC,2023-10-29 16:00:00+00:00,2023-10-29 20:00:00+00:00,2023-10-30 20:00:00+00:00,34567.8,34439.5,34560.0,33929.2,timeout,-0.0037115465838151174,-0.004709916782171697,0.0009983701983565796,5.012959217987713,6
DOT,2023-10-30 16:00:00+00:00,2023-10-30 20:00:00+00:00,2023-10-30 20:00:00+00:00,4.376,4.5120000000000005,4.367,4.231,target,0.031078610603290757,0.02921473028191346,0.001863880321377298,9.046674492363598,0
ADA,2023-10-30 20:00:00+00:00,2023-10-31 00:00:00+00:00,2023-11-01 00:00:00+00:00,0.303,0.29297,0.3023,0.29197,timeout,-0.03310231023102306,-0.03503200744351276,0.0019296972124897005,9.988775255673833,6
SOL,2023-10-31 00:00:00+00:00,2023-10-31 04:00:00+00:00,2023-11-01 04:00:00+00:00,35.794,38.271,35.4,32.273,timeout,0.06920154215790375,0.06791907192237012,0.0012824702355336282,6.000925858297193,6
XRP,2023-10-31 08:00:00+00:00,2023-10-31 12:00:00+00:00,2023-11-01 12:00:00+00:00,0.60389,0.60295,0.58431,0.54944,timeout,-0.0015565748729073903,-0.002702681424415765,0.0011461065515083746,5.742762706652812,6
BTC,2023-10-31 20:00:00+00:00,2023-11-01 00:00:00+00:00,2023-11-01 20:00:00+00:00,34642.2,35245.2,34623.0,34020.0,target,0.017406515752463658,0.016386983365575203,0.0010195323868884554,5.012959217987713,5
ADA,2023-11-01 16:00:00+00:00,2023-11-01 20:00:00+00:00,2023-11-02 00:00:00+00:00,0.30094,0.3119200000000001,0.29509,0.28411,target,0.03648567820828097,0.03441709996552822,0.00206857824275275,9.988775255673833,1
ETH,2023-11-01 16:00:00+00:00,2023-11-01 20:00:00+00:00,2023-11-02 00:00:00+00:00,1835.92,1873.44,1818.31,1780.79,target,0.020436620332040523,0.01940814609078334,0.0010284742412571823,5.041924062981029,1
AVAX,2023-11-01 16:00:00+00:00,2023-11-01 20:00:00+00:00,2023-11-02 20:00:00+00:00,11.976,11.888,11.763,10.966,timeout,-0.00734802939211765,-0.008877664741944402,0.0015296353498267523,7.710732744665526,6
DOT,2023-11-01 16:00:00+00:00,2023-11-01 20:00:00+00:00,2023-11-02 20:00:00+00:00,4.673,4.67,4.533,4.259,timeout,-0.0006419858763107023,-0.002448524890291459,0.0018065390139807569,9.046674492363598,6
BNB,2023-11-02 00:00:00+00:00,2023-11-02 04:00:00+00:00,2023-11-03 04:00:00+00:00,230.73,229.96,230.12,222.29,timeout,-0.003337233996446032,-0.004623279143801229,0.001286045147355197,6.455921962584254,6
XRP,2023-11-02 00:00:00+00:00,2023-11-02 04:00:00+00:00,2023-11-03 04:00:00+00:00,0.61181,0.6008,0.61165,0.57933,timeout,-0.017995783004527532,-0.019123019098614802,0.0011272360940872694,5.742762706652812,6
ETH,2023-11-03 16:00:00+00:00,2023-11-03 20:00:00+00:00,2023-11-04 20:00:00+00:00,1816.81,1835.73,1813.54,1776.12,timeout,0.010413857255299197,0.009395484722903857,0.0010183725323953396,5.041924062981029,6
ADA,2023-11-03 20:00:00+00:00,2023-11-04 00:00:00+00:00,2023-11-05 00:00:00+00:00,0.32932,0.32794,0.32758,0.31137,timeout,-0.004190453054779497,-0.00617785143957672,0.001987398384797223,9.988775255673833,6
BNB,2023-11-04 08:00:00+00:00,2023-11-04 12:00:00+00:00,2023-11-05 00:00:00+00:00,234.46,241.39000000000004,232.5,225.57,target,0.029557280559583843,0.02822878993090594,0.001328490628677903,6.455921962584254,3
LINK,2023-11-03 20:00:00+00:00,2023-11-04 00:00:00+00:00,2023-11-05 00:00:00+00:00,11.467,11.508,11.337,10.501,timeout,0.0035754774570504466,0.002264322418370046,0.0013111550386804005,6.536688716426203,6
AVAX,2023-11-04 00:00:00+00:00,2023-11-04 04:00:00+00:00,2023-11-05 04:00:00+00:00,12.145,12.348,12.126,11.424,timeout,0.01671469740634013,0.015147982396558124,0.0015667150097820048,7.710732744665526,6
XRP,2023-11-05 00:00:00+00:00,2023-11-05 04:00:00+00:00,2023-11-05 08:00:00+00:00,0.62499,0.6344700000000001,0.618,0.60852,target,0.015168242691883105,0.014002937833789364,0.0011653048580937408,5.742762706652812,1
BTC,2023-11-04 20:00:00+00:00,2023-11-05 00:00:00+00:00,2023-11-06 00:00:00+00:00,35068.0,35018.1,34949.1,34123.0,timeout,-0.0014229496977301581,-0.0024236132749965167,0.0010006635772663586,5.012959217987713,6
DOT,2023-11-04 20:00:00+00:00,2023-11-05 00:00:00+00:00,2023-11-06 00:00:00+00:00,4.687,4.761,4.684,4.453,timeout,0.015788350757414138,0.013952110631597625,0.0018362401258165129,9.046674492363598,6
AVAX,2023-11-06 08:00:00+00:00,2023-11-06 12:00:00+00:00,2023-11-07 12:00:00+00:00,13.035,12.676,12.709,12.102,timeout,-0.027541235136171793,-0.02903975359685007,0.0014985184606782775,7.710732744665526,6
BNB,2023-11-06 12:00:00+00:00,2023-11-06 16:00:00+00:00,2023-11-07 16:00:00+00:00,251.91,244.53,245.64,238.76,timeout,-0.02929617720614508,-0.030548726196039544,0.0012525489898944642,6.455921962584254,6
LINK,2023-11-06 12:00:00+00:00,2023-11-06 16:00:00+00:00,2023-11-07 16:00:00+00:00,12.648,12.716,12.58,11.661,timeout,0.005376344086021501,0.004062836244380419,0.0013135078416410817,6.536688716426203,6
ADA,2023-11-06 16:00:00+00:00,2023-11-06 20:00:00+00:00,2023-11-07 20:00:00+00:00,0.36788,0.35163,0.356,0.33698,timeout,-0.04417201261280845,-0.046079617339138346,0.0019076047263298923,9.988775255673833,6
DOT,2023-11-06 16:00:00+00:00,2023-11-06 20:00:00+00:00,2023-11-07 20:00:00+00:00,4.924,4.912,4.91,4.653,timeout,-0.002437043054427379,-0.0042403371443882065,0.0018032940899608274,9.046674492363598,6
SOL,2023-11-06 20:00:00+00:00,2023-11-07 00:00:00+00:00,2023-11-07 20:00:00+00:00,42.167,44.407,41.874,39.634,target,0.05312210970664255,0.05185892619368637,0.0012631835129561786,6.000925858297193,5
LINK,2023-11-08 04:00:00+00:00,2023-11-08 08:00:00+00:00,2023-11-08 16:00:00+00:00,13.442,14.266000000000002,13.347,12.523,target,0.06130040172593376,0.05991383001256101,0.0013865717133727529,6.536688716426203,2
BTC,2023-11-07 16:00:00+00:00,2023-11-07 20:00:00+00:00,2023-11-08 20:00:00+00:00,35468.4,35628.3,35432.8,34388.0,timeout,0.0045082383191799025,0.0035016311606779205,0.001006607158501982,5.012959217987713,6
ADA,2023-11-08 04:00:00+00:00,2023-11-08 08:00:00+00:00,2023-11-09 08:00:00+00:00,0.35612,0.36616,0.35608,0.33342,timeout,0.028192744018870064,0.02614071649514149,0.0020520275237285723,9.988775255673833,6
SOL,2023-11-09 00:00:00+00:00,2023-11-09 04:00:00+00:00,2023-11-09 08:00:00+00:00,44.108,45.68899999999999,43.9,42.319,target,0.035843837852543636,0.03460137902852645,0.0012424588240171897,6.000925858297193,1
BNB,2023-11-09 00:00:00+00:00,2023-11-09 04:00:00+00:00,2023-11-09 12:00:00+00:00,250.09,254.23000000000002,248.33,244.19,target,0.01655404054540366,0.01524232866505515,0.0013117118803485095,6.455921962584254,2
BTC,2023-11-09 00:00:00+00:00,2023-11-09 04:00:00+00:00,2023-11-09 12:00:00+00:00,36443.1,37494.50000000001,36130.0,35078.6,target,0.028850454544207427,0.027819454306414304,0.0010310002377931227,5.012959217987713,2
ETH,2023-11-09 00:00:00+00:00,2023-11-09 04:00:00+00:00,2023-11-09 12:00:00+00:00,1919.05,1976.5500000000002,1907.5,1850.0,target,0.029962741981709895,0.028924666584887904,0.0010380753968219913,5.041924062981029,2
DOT,2023-11-08 16:00:00+00:00,2023-11-08 20:00:00+00:00,2023-11-09 20:00:00+00:00,5.051,4.871,4.987,4.719,timeout,-0.03563650762225301,-0.03737978705566669,0.0017432794334136803,9.046674492363598,6
AVAX,2023-11-09 00:00:00+00:00,2023-11-09 04:00:00+00:00,2023-11-10 04:00:00+00:00,13.226,13.442,13.045,12.275,timeout,0.016331468319975784,0.014765343850256851,0.0015661244697189325,7.710732744665526,6
SOL,2023-11-10 08:00:00+00:00,2023-11-10 12:00:00+00:00,2023-11-11 12:00:00+00:00,50.73,55.26,49.0,40.5,timeout,0.0892962743938499,0.08798970122265115,0.001306573171198755,6.000925858297193,6
AVAX,2023-11-10 16:00:00+00:00,2023-11-10 20:00:00+00:00,2023-11-11 20:00:00+00:00,14.515,16.731,13.972,11.56,timeout,0.15266965208405114,0.15089343615066553,0.0017762159333856165,7.710732744665526,6
DOT,2023-11-10 20:00:00+00:00,2023-11-11 00:00:00+00:00,2023-11-12 00:00:00+00:00,5.298,5.558,5.265,4.463,timeout,0.04907512268780678,0.04717871007996455,0.001896412607842235,9.046674492363598,6
XRP,2023-11-11 08:00:00+00:00,2023-11-11 12:00:00+00:00,2023-11-12 12:00:00+00:00,0.6678,0.6656,0.66772,0.6351,timeout,-0.0032943995208145616,-0.004438511234994835,0.0011441117141802737,5.742762706652812,6
LINK,2023-11-11 12:00:00+00:00,2023-11-11 16:00:00+00:00,2023-11-12 16:00:00+00:00,16.302,15.942,15.528,14.12,timeout,-0.022083179977916756,-0.0233608123979826,0.001277632420065844,6.536688716426203,6
ETH,2023-11-13 12:00:00+00:00,2023-11-13 16:00:00+00:00,2023-11-14 16:00:00+00:00,2105.01,2038.26,2090.0,2010.46,timeout,-0.03171006313509206,-0.03268597995176803,0.0009759168166759702,5.041924062981029,6
AVAX,2023-11-15 04:00:00+00:00,2023-11-15 08:00:00+00:00,2023-11-15 12:00:00+00:00,18.616,20.536,18.1,16.18,target,0.10313708637731,0.10143719806500018,0.0016998883123098274,7.710732744665526,1
SOL,2023-11-15 04:00:00+00:00,2023-11-15 08:00:00+00:00,2023-11-15 16:00:00+00:00,59.19,65.49,58.16,51.86,target,0.10643689812468327,0.10510976536870409,0.0013271327559791768,6.000925858297193,2
ADA,2023-11-15 08:00:00+00:00,2023-11-15 12:00:00+00:00,2023-11-16 08:00:00+00:00,0.3721,0.4054,0.3719,0.3386,target,0.08949207202364962,0.08731770565928665,0.0021743663643629674,9.988775255673833,5
LINK,2023-11-15 08:00:00+00:00,2023-11-15 12:00:00+00:00,2023-11-16 12:00:00+00:00,15.134,14.678,14.914,13.25,timeout,-0.030130831240914424,-0.03139794953549602,0.0012671182945815929,6.536688716426203,6
BNB,2023-11-15 12:00:00+00:00,2023-11-15 16:00:00+00:00,2023-11-16 16:00:00+00:00,252.4,246.2,249.6,233.2,timeout,-0.02456418383518233,-0.025822838759119615,0.0012586549239372857,6.455921962584254,6
BTC,2023-11-15 16:00:00+00:00,2023-11-15 20:00:00+00:00,2023-11-16 20:00:00+00:00,37519.9,35919.5,36754.7,34455.0,timeout,-0.0426546979069774,-0.0436140435822876,0.000959345675310197,5.012959217987713,6
DOT,2023-11-15 16:00:00+00:00,2023-11-15 20:00:00+00:00,2023-11-16 20:00:00+00:00,5.627,5.412,5.521,4.987,timeout,-0.03820863692909182,-0.03994726672556248,0.0017386297964706587,9.046674492363598,6
ETH,2023-11-16 08:00:00+00:00,2023-11-16 12:00:00+00:00,2023-11-17 12:00:00+00:00,2069.01,1965.93,2064.68,1910.0,timeout,-0.049820928850029755,-0.05077859214806135,0.0009576632980315969,5.041924062981029,6
ADA,2023-11-18 16:00:00+00:00,2023-11-18 20:00:00+00:00,2023-11-19 20:00:00+00:00,0.3737,0.3836,0.3685,0.3485,timeout,0.0264918383730266,0.0244432054513517,0.0020486329216748977,9.988775255673833,6
BTC,2023-11-19 16:00:00+00:00,2023-11-19 20:00:00+00:00,2023-11-19 20:00:00+00:00,36959.7,37434.69999999999,36859.1,36384.1,target,0.012851835918581411,0.011836867728530986,0.0010149681900504248,5.012959217987713,0
ETH,2023-11-19 16:00:00+00:00,2023-11-19 20:00:00+00:00,2023-11-19 20:00:00+00:00,1983.68,2011.67,1971.24,1943.25,target,0.014110138732053468,0.013088040803870271,0.0010220979281831966,5.041924062981029,0
LINK,2023-11-19 00:00:00+00:00,2023-11-19 04:00:00+00:00,2023-11-19 20:00:00+00:00,14.107,15.027000000000001,13.835,12.915,target,0.06521585028709165,0.06382416310385652,0.001391687183235124,6.536688716426203,4
DOT,2023-11-18 20:00:00+00:00,2023-11-19 00:00:00+00:00,2023-11-20 00:00:00+00:00,5.291,5.435,5.286,4.991,timeout,0.027216027216027117,0.02535912928482964,0.0018568979311974765,9.046674492363598,6
BNB,2023-11-19 16:00:00+00:00,2023-11-19 20:00:00+00:00,2023-11-20 08:00:00+00:00,245.8,249.2,245.1,241.7,target,0.013832384052074875,0.012524184064861332,0.001308199987213543,6.455921962584254,3
SOL,2023-11-19 04:00:00+00:00,2023-11-19 08:00:00+00:00,2023-11-20 08:00:00+00:00,60.45,59.9,59.5,54.64,timeout,-0.009098428453267249,-0.010286980584689798,0.001188552131422549,6.000925858297193,6
XRP,2023-11-19 12:00:00+00:00,2023-11-19 16:00:00+00:00,2023-11-20 16:00:00+00:00,0.6207,0.6187,0.6144,0.6013,timeout,-0.003222168519413593,-0.004366363147078944,0.0011441946276653514,5.742762706652812,6
AVAX,2023-11-19 20:00:00+00:00,2023-11-20 00:00:00+00:00,2023-11-21 00:00:00+00:00,22.849,20.857,22.691,20.749,timeout,-0.08718105825200229,-0.08858767422883262,0.0014066159768303388,7.710732744665526,6
ETH,2023-11-20 04:00:00+00:00,2023-11-20 08:00:00+00:00,2023-11-21 08:00:00+00:00,2019.77,2004.52,2016.0,1945.13,timeout,-0.007550364645479424,-0.008550631458106195,0.001000266812626771,5.041924062981029,6
ETH,2023-11-22 12:00:00+00:00,2023-11-22 16:00:00+00:00,2023-11-23 16:00:00+00:00,2034.0,2041.56,2030.0,1928.8,timeout,0.0037168141592920367,0.0027051914202493865,0.0010116227390426502,5.041924062981029,6
DOT,2023-11-22 16:00:00+00:00,2023-11-22 20:00:00+00:00,2023-11-23 20:00:00+00:00,5.223,5.106,5.207,4.821,timeout,-0.02240091901206198,-0.024168124412806136,0.001767205400744154,9.046674492363598,6
LINK,2023-11-22 16:00:00+00:00,2023-11-22 20:00:00+00:00,2023-11-23 20:00:00+00:00,14.472,14.519,14.327,13.209,timeout,0.0032476506357104196,0.001936923897440268,0.0013107267382701515,6.536688716426203,6
SOL,2023-11-22 16:00:00+00:00,2023-11-22 20:00:00+00:00,2023-11-23 20:00:00+00:00,57.3,56.34,56.64,51.2,timeout,-0.01675392670157061,-0.01793329632786722,0.0011793696262966114,6.000925858297193,6
ADA,2023-11-22 20:00:00+00:00,2023-11-23 00:00:00+00:00,2023-11-24 00:00:00+00:00,0.3805,0.3875,0.38,0.3553,timeout,0.018396846254927768,0.01636436900710625,0.002032477247821518,9.988775255673833,6
XRP,2023-11-23 12:00:00+00:00,2023-11-23 16:00:00+00:00,2023-11-24 16:00:00+00:00,0.616,0.6219,0.6157,0.572,timeout,0.009577922077922185,0.008419034311592632,0.0011588877663295527,5.742762706652812,6
DOT,2023-11-24 04:00:00+00:00,2023-11-24 08:00:00+00:00,2023-11-25 08:00:00+00:00,5.225,5.315,5.219,5.083,timeout,0.017224880382775254,0.015386043443027742,0.0018388369397475124,9.046674492363598,6
BTC,2023-11-24 08:00:00+00:00,2023-11-24 12:00:00+00:00,2023-11-25 12:00:00+00:00,37752.5,37655.9,37650.6,36862.0,timeout,-0.0025587709423217087,-0.003558296325044563,0.0009995253827228545,5.012959217987713,6
ETH,2023-11-24 08:00:00+00:00,2023-11-24 12:00:00+00:00,2023-11-25 12:00:00+00:00,2097.29,2070.71,2089.0,2037.0,timeout,-0.012673497704180137,-0.013668601030628169,0.0009951033264480325,5.041924062981029,6
AVAX,2023-11-24 12:00:00+00:00,2023-11-24 16:00:00+00:00,2023-11-25 16:00:00+00:00,21.582,20.966,21.259,20.421,timeout,-0.02854230377166156,-0.03003927962725983,0.0014969758555982704,7.710732744665526,6
LINK,2023-11-25 00:00:00+00:00,2023-11-25 04:00:00+00:00,2023-11-26 04:00:00+00:00,14.756,14.777,14.665,14.202,timeout,0.0014231499051233776,0.00011480684738307545,0.0013083430577403021,6.536688716426203,6
ADA,2023-11-25 16:00:00+00:00,2023-11-25 20:00:00+00:00,2023-11-26 20:00:00+00:00,0.395,0.3845,0.3943,0.3833,timeout,-0.02658227848101269,-0.028524988122042183,0.0019427096410294942,9.988775255673833,6
XRP,2023-11-26 08:00:00+00:00,2023-11-26 12:00:00+00:00,2023-11-27 12:00:00+00:00,0.6298,0.6039,0.6232,0.6154,timeout,-0.041124166402032425,-0.04222485357900463,0.0011006871769722038,5.742762706652812,6
BTC,2023-11-28 12:00:00+00:00,2023-11-28 16:00:00+00:00,2023-11-28 16:00:00+00:00,37516.2,38268.5,37464.0,36711.7,target,0.020052670579643106,0.019030486508786026,0.0010221840708570795,5.012959217987713,0
SOL,2023-11-28 16:00:00+00:00,2023-11-28 20:00:00+00:00,2023-11-29 08:00:00+00:00,58.04,60.92,56.3,53.42,target,0.049620951068228836,0.04836196707385443,0.0012589839943744074,6.000925858297193,3
AVAX,2023-11-28 16:00:00+00:00,2023-11-28 20:00:00+00:00,2023-11-29 20:00:00+00:00,20.691,21.081,20.466,19.458,timeout,0.018848774829636206,0.017278771295413886,0.0015700035342223195,7.710732744665526,6
DOT,2023-11-28 16:00:00+00:00,2023-11-28 20:00:00+00:00,2023-11-29 20:00:00+00:00,5.281,5.195,5.265,5.034,timeout,-0.016284794546487347,-0.018063056062562755,0.0017782615160754078,9.046674492363598,6
ETH,2023-11-28 16:00:00+00:00,2023-11-28 20:00:00+00:00,2023-11-29 20:00:00+00:00,2059.63,2038.8,2053.0,1985.2,timeout,-0.010113466981933716,-0.011111150503567147,0.00099768352163343,5.041924062981029,6
LINK,2023-11-28 16:00:00+00:00,2023-11-28 20:00:00+00:00,2023-11-29 20:00:00+00:00,14.591,14.648,14.454,13.777,timeout,0.003906517716400604,0.0025949301790053614,0.0013115875373952424,6.536688716426203,6
XRP,2023-11-29 04:00:00+00:00,2023-11-29 08:00:00+00:00,2023-11-30 08:00:00+00:00,0.6136,0.6039,0.6123,0.5951,timeout,-0.015808344198174784,-0.01693809123868506,0.001129747040510276,5.742762706652812,6
BTC,2023-12-01 04:00:00+00:00,2023-12-01 08:00:00+00:00,2023-12-01 16:00:00+00:00,38243.7,38972.399999999994,38139.7,37411.0,target,0.01905411871759255,0.018032935285072105,0.001021183432520445,5.012959217987713,2
DOT,2023-11-30 12:00:00+00:00,2023-11-30 16:00:00+00:00,2023-12-01 16:00:00+00:00,5.494,5.426,5.243,5.12,timeout,-0.012377138696760048,-0.014162464080484494,0.0017853253837244454,9.046674492363598,6
AVAX,2023-12-01 00:00:00+00:00,2023-12-01 04:00:00+00:00,2023-12-02 04:00:00+00:00,22.374,22.044,21.508,20.808,timeout,-0.014749262536873031,-0.016267492894632363,0.0015182303577593315,7.710732744665526,6
ETH,2023-12-01 00:00:00+00:00,2023-12-01 04:00:00+00:00,2023-12-02 04:00:00+00:00,2092.21,2093.14,2052.9,2020.5,timeout,0.0004445060486280017,-0.0005638186074818918,0.0010083246561098935,5.041924062981029,6
LINK,2023-12-01 12:00:00+00:00,2023-12-01 16:00:00+00:00,2023-12-02 04:00:00+00:00,14.933,15.512999999999998,14.836,14.256,target,0.03884015268197949,0.03748292491867877,0.0013572277633007168,6.536688716426203,3
XRP,2023-12-01 00:00:00+00:00,2023-12-01 04:00:00+00:00,2023-12-02 04:00:00+00:00,0.6104,0.613,0.6096,0.5969,timeout,0.004259501965923951,0.0031067191785854043,0.0011527827873385466,5.742762706652812,6
ADA,2023-12-01 16:00:00+00:00,2023-12-01 20:00:00+00:00,2023-12-02 16:00:00+00:00,0.3848,0.3945,0.3832,0.3735,target,0.025207900207900424,0.023161829720622196,0.0020460704872782287,9.988775255673833,5
SOL,2023-12-02 04:00:00+00:00,2023-12-02 08:00:00+00:00,2023-12-03 00:00:00+00:00,62.03,65.34,61.9,58.59,target,0.053361276801547675,0.05209780641594097,0.001263470385606702,6.000925858297193,4
XRP,2023-12-02 16:00:00+00:00,2023-12-02 20:00:00+00:00,2023-12-03 08:00:00+00:00,0.6191,0.6279999999999998,0.6144,0.6055,target,0.014375706670973765,0.013211311559694794,0.0011643951112789708,5.742762706652812,3
DOT,2023-12-02 16:00:00+00:00,2023-12-02 20:00:00+00:00,2023-12-03 20:00:00+00:00,5.553,5.467,5.525,5.37,timeout,-0.015487124077075531,-0.017266827541684848,0.0017797034646093168,9.046674492363598,6
ETH,2023-12-02 16:00:00+00:00,2023-12-02 20:00:00+00:00,2023-12-03 20:00:00+00:00,2159.61,2167.77,2113.0,2070.5,timeout,0.00377845999972215,0.0027667751292765885,0.0010116848704455617,5.041924062981029,6
ADA,2023-12-04 00:00:00+00:00,2023-12-04 04:00:00+00:00,2023-12-04 08:00:00+00:00,0.4031,0.4138,0.3984,0.3877,target,0.026544281815926496,0.02449554422964617,0.0020487375862803248,9.988775255673833,1
BNB,2023-12-04 04:00:00+00:00,2023-12-04 08:00:00+00:00,2023-12-04 08:00:00+00:00,232.1,236.2,230.1,226.0,target,0.017664799655320973,0.016351654505453617,0.0013131451498673563,6.455921962584254,0
AVAX,2023-12-04 04:00:00+00:00,2023-12-04 08:00:00+00:00,2023-12-05 08:00:00+00:00,22.466,22.181,22.338,21.48,timeout,-0.012685836374966675,-0.014207246386514272,0.001521410011547597,7.710732744665526,6
DOT,2023-12-04 04:00:00+00:00,2023-12-04 08:00:00+00:00,2023-12-05 08:00:00+00:00,5.652,5.631,5.631,5.431,timeout,-0.0037154989384288184,-0.00551648196428689,0.0018009830258580717,9.046674492363598,6
ETH,2023-12-04 04:00:00+00:00,2023-12-04 08:00:00+00:00,2023-12-05 08:00:00+00:00,2247.11,2200.31,2223.45,2149.36,timeout,-0.02082675080436658,-0.02181363665740288,0.0009868858530363012,5.041924062981029,6
AVAX,2023-12-05 16:00:00+00:00,2023-12-05 20:00:00+00:00,2023-12-06 00:00:00+00:00,23.565,26.468999999999998,23.217,20.313,target,0.12323360916613613,0.12150275294908575,0.0017308562170503805,7.710732744665526,1
ADA,2023-12-05 16:00:00+00:00,2023-12-05 20:00:00+00:00,2023-12-06 12:00:00+00:00,0.4221,0.43849999999999995,0.4111,0.3947,target,0.038853352286188025,0.03678004873059537,0.0020733035555926538,9.988775255673833,4
DOT,2023-12-05 16:00:00+00:00,2023-12-05 20:00:00+00:00,2023-12-06 12:00:00+00:00,5.788,6.106000000000002,5.722,5.404,target,0.0549412577747066,0.05303424095721598,0.0019070168174906144,9.046674492363598,4
BTC,2023-12-05 16:00:00+00:00,2023-12-05 20:00:00+00:00,2023-12-06 20:00:00+00:00,43834.4,43997.8,42520.3,41392.5,timeout,0.0037276659427298853,0.0027218409876106353,0.00100582495511925,5.012959217987713,6
ETH,2023-12-05 16:00:00+00:00,2023-12-05 20:00:00+00:00,2023-12-06 20:00:00+00:00,2273.94,2263.7,2254.6,2186.0,timeout,-0.0045031970940306865,-0.0055065350756778875,0.001003337981647201,5.041924062981029,6
SOL,2023-12-06 00:00:00+00:00,2023-12-06 04:00:00+00:00,2023-12-07 04:00:00+00:00,64.41,62.91,62.22,59.08,timeout,-0.023288309268747143,-0.024459841129365723,0.0011715318606185798,6.000925858297193,6
SOL,2023-12-07 12:00:00+00:00,2023-12-07 16:00:00+00:00,2023-12-07 20:00:00+00:00,65.91,69.18999999999998,64.61,61.33,target,0.04976483082991945,0.04850567425675156,0.0012591565731678855,6.000925858297193,1
ETH,2023-12-07 12:00:00+00:00,2023-12-07 16:00:00+00:00,2023-12-08 04:00:00+00:00,2322.0,2389.33,2285.63,2218.3,target,0.028996554694229015,0.027959453095012465,0.00103710159921655,5.041924062981029,3
ADA,2023-12-07 16:00:00+00:00,2023-12-07 20:00:00+00:00,2023-12-08 08:00:00+00:00,0.4519,0.4872,0.4513,0.416,target,0.07811462712989603,0.07596296743235942,0.002151659697536612,9.988775255673833,3
XRP,2023-12-07 04:00:00+00:00,2023-12-07 08:00:00+00:00,2023-12-08 08:00:00+00:00,0.6482,0.6412,0.6422,0.6098,timeout,-0.010799136069114534,-0.01193463314624199,0.0011354970771274564,5.742762706652812,6
LINK,2023-12-08 00:00:00+00:00,2023-12-08 04:00:00+00:00,2023-12-08 12:00:00+00:00,15.826,17.025999999999996,15.824,14.624,target,0.07582459244281536,0.07441904511049913,0.001405547332316237,6.536688716426203,2
DOT,2023-12-08 08:00:00+00:00,2023-12-08 12:00:00+00:00,2023-12-08 16:00:00+00:00,6.377,6.781000000000001,6.304,5.9,target,0.06335267367100528,0.0614304515409394,0.001922222130065876,9.046674492363598,1
AVAX,2023-12-08 16:00:00+00:00,2023-12-08 20:00:00+00:00,2023-12-09 00:00:00+00:00,29.429,31.182,27.788,26.035,target,0.059567093683101646,0.057934344915154146,0.0016327487679475006,7.710732744665526,1
BNB,2023-12-08 00:00:00+00:00,2023-12-08 04:00:00+00:00,2023-12-09 00:00:00+00:00,235.6,242.60000000000002,235.0,228.0,target,0.029711375212224223,0.02838268574730285,0.0013286894649213732,6.455921962584254,5
XRP,2023-12-08 12:00:00+00:00,2023-12-08 16:00:00+00:00,2023-12-09 04:00:00+00:00,0.6593,0.6929000000000001,0.6547,0.6211,target,0.05096314272713487,0.049756749141919965,0.0012063935852149044,5.742762706652812,3
BTC,2023-12-08 20:00:00+00:00,2023-12-09 00:00:00+00:00,2023-12-10 00:00:00+00:00,44182.8,43719.1,44069.4,43081.0,timeout,-0.010495034266728376,-0.011486606803302934,0.0009915725365745587,5.012959217987713,6
AVAX,2023-12-10 16:00:00+00:00,2023-12-10 20:00:00+00:00,2023-12-11 20:00:00+00:00,35.547,36.845,34.286,31.264,timeout,0.036515036430641246,0.03491780992296567,0.0015972265076755754,7.710732744665526,6
DOT,2023-12-10 20:00:00+00:00,2023-12-11 00:00:00+00:00,2023-12-12 00:00:00+00:00,7.348,6.706,7.33,6.958,timeout,-0.08737071311921607,-0.08902047265358792,0.001649759534371853,9.046674492363598,6
SOL,2023-12-10 20:00:00+00:00,2023-12-11 00:00:00+00:00,2023-12-12 00:00:00+00:00,74.86,70.23,74.66,70.65,timeout,-0.061848784397542045,-0.06297406430315411,0.0011252799056120644,6.000925858297193,6
BNB,2023-12-11 12:00:00+00:00,2023-12-11 16:00:00+00:00,2023-12-12 16:00:00+00:00,244.3,253.9,241.6,224.9,timeout,0.039295947605403114,0.03795489067453839,0.0013410569308647258,6.455921962584254,6
ADA,2023-12-12 04:00:00+00:00,2023-12-12 08:00:00+00:00,2023-12-13 08:00:00+00:00,0.5931,0.5577,0.5666,0.5221,timeout,-0.059686393525543724,-0.061563035247289344,0.00187664172174562,9.988775255673833,6
DOT,2023-12-12 04:00:00+00:00,2023-12-12 08:00:00+00:00,2023-12-13 08:00:00+00:00,7.256,6.768,7.043,6.394,timeout,-0.06725468577728777,-0.06894080904486222,0.0016861232675744464,9.046674492363598,6
BTC,2023-12-13 12:00:00+00:00,2023-12-13 16:00:00+00:00,2023-12-13 20:00:00+00:00,41942.0,42989.7,41566.5,40518.8,target,0.02497973391826802,0.023952612488972402,0.0010271214292956188,5.012959217987713,1
ADA,2023-12-13 16:00:00+00:00,2023-12-13 20:00:00+00:00,2023-12-14 20:00:00+00:00,0.6443,0.6375,0.6339,0.5423,timeout,-0.01055408970976257,-0.012528787793334106,0.0019746980835715355,9.988775255673833,6
AVAX,2023-12-13 16:00:00+00:00,2023-12-13 20:00:00+00:00,2023-12-14 20:00:00+00:00,41.076,38.851,40.459,34.064,timeout,-0.05416788392248517,-0.05562537182619376,0.0014574879037085875,7.710732744665526,6
DOT,2023-12-13 16:00:00+00:00,2023-12-13 20:00:00+00:00,2023-12-14 20:00:00+00:00,7.277,7.398,7.248,6.607,timeout,0.016627731207915275,0.014789973734451456,0.0018377574734638191,9.046674492363598,6
ETH,2023-12-13 16:00:00+00:00,2023-12-13 20:00:00+00:00,2023-12-14 20:00:00+00:00,2252.8,2292.91,2226.6,2144.0,timeout,0.017804509943181612,0.01677868854452247,0.0010258213986591436,5.041924062981029,6
LINK,2023-12-13 16:00:00+00:00,2023-12-13 20:00:00+00:00,2023-12-14 20:00:00+00:00,14.785,15.275,14.659,13.854,timeout,0.03314169766655395,0.031791914842048685,0.0013497828245052634,6.536688716426203,6
SOL,2023-12-13 16:00:00+00:00,2023-12-13 20:00:00+00:00,2023-12-14 20:00:00+00:00,70.36,73.31,69.09,63.65,timeout,0.0419272313814667,0.04067747573751057,0.0012497556439561297,6.000925858297193,6
XRP,2023-12-13 16:00:00+00:00,2023-12-13 20:00:00+00:00,2023-12-14 20:00:00+00:00,0.6254,0.6322,0.6214,0.5929,timeout,0.010873041253597782,0.009712666828600725,0.0011603744249970571,5.742762706652812,6
SOL,2023-12-15 04:00:00+00:00,2023-12-15 08:00:00+00:00,2023-12-16 08:00:00+00:00,76.62,74.38,76.3,68.0,timeout,-0.029235186635343413,-0.030399585422433373,0.0011643987870899597,6.000925858297193,6
AVAX,2023-12-15 08:00:00+00:00,2023-12-15 12:00:00+00:00,2023-12-16 12:00:00+00:00,40.965,43.643,40.35,36.13,timeout,0.06537287928719637,0.06373118404540223,0.0016416952417941388,7.710732744665526,6
BTC,2023-12-16 12:00:00+00:00,2023-12-16 16:00:00+00:00,2023-12-17 16:00:00+00:00,42606.8,41820.5,42426.4,41600.0,timeout,-0.018454800642151103,-0.01943839678041681,0.0009835961382657077,5.012959217987713,6
DOT,2023-12-16 12:00:00+00:00,2023-12-16 16:00:00+00:00,2023-12-17 16:00:00+00:00,7.28,6.927,7.203,6.837,timeout,-0.04848901098901104,-0.05020905695810951,0.0017200459690984715,9.046674492363598,6
BNB,2023-12-18 20:00:00+00:00,2023-12-19 00:00:00+00:00,2023-12-19 08:00:00+00:00,241.8,250.3,240.3,231.8,target,0.03515301902398682,0.0338173079266173,0.0013357110973695185,6.455921962584254,2
ADA,2023-12-18 20:00:00+00:00,2023-12-19 00:00:00+00:00,2023-12-20 00:00:00+00:00,0.6019,0.5758,0.5864,0.5432,timeout,-0.043362684831367404,-0.0452719047829484,0.0019092199515809982,9.988775255673833,6
BTC,2023-12-18 20:00:00+00:00,2023-12-19 00:00:00+00:00,2023-12-20 00:00:00+00:00,42645.7,42283.9,41766.2,40555.0,timeout,-0.00848385652011796,-0.009477444436795657,0.0009935879166776962,5.012959217987713,6
DOT,2023-12-18 20:00:00+00:00,2023-12-19 00:00:00+00:00,2023-12-20 00:00:00+00:00,6.883,6.707,6.858,6.372,timeout,-0.025570245532471336,-0.02733172174314913,0.0017614762106777926,9.046674492363598,6
ETH,2023-12-18 20:00:00+00:00,2023-12-19 00:00:00+00:00,2023-12-20 00:00:00+00:00,2219.32,2178.59,2205.69,2115.0,timeout,-0.01835246832363069,-0.01934184794820204,0.0009893796245713515,5.041924062981029,6
LINK,2023-12-18 20:00:00+00:00,2023-12-19 00:00:00+00:00,2023-12-20 00:00:00+00:00,14.666,14.101,14.437,13.632,timeout,-0.03852447838538109,-0.039780630516486615,0.0012561521311055257,6.536688716426203,6
SOL,2023-12-18 20:00:00+00:00,2023-12-19 00:00:00+00:00,2023-12-20 00:00:00+00:00,74.44,73.0,72.69,66.91,timeout,-0.01934443847393874,-0.020520700871044295,0.0011762623971055541,6.000925858297193,6
SOL,2023-12-20 08:00:00+00:00,2023-12-20 12:00:00+00:00,2023-12-20 12:00:00+00:00,77.07,81.36999999999999,76.1,71.8,target,0.05579343454002861,0.05452704686541243,0.0012663876746161762,6.000925858297193,0
AVAX,2023-12-20 08:00:00+00:00,2023-12-20 12:00:00+00:00,2023-12-21 04:00:00+00:00,42.534,45.46200000000001,41.664,38.736,target,0.0688390464099311,0.06719200994894226,0.0016470364609888488,7.710732744665526,4
DOT,2023-12-20 12:00:00+00:00,2023-12-20 16:00:00+00:00,2023-12-21 08:00:00+00:00,7.08,7.521,7.048,6.607,target,0.06228813559322033,0.060367837828138926,0.0019202977650814024,9.046674492363598,4
BTC,2023-12-20 12:00:00+00:00,2023-12-20 16:00:00+00:00,2023-12-21 16:00:00+00:00,44059.9,43827.3,43275.9,41813.0,timeout,-0.005279176757096549,-0.006275976049716303,0.0009967992926197544,5.012959217987713,6
LINK,2023-12-20 12:00:00+00:00,2023-12-20 16:00:00+00:00,2023-12-21 16:00:00+00:00,14.717,14.975,14.662,13.923,timeout,0.017530746755452853,0.01620135938440903,0.001329387371043822,6.536688716426203,6
XRP,2023-12-20 12:00:00+00:00,2023-12-20 16:00:00+00:00,2023-12-21 16:00:00+00:00,0.6221,0.6156,0.6127,0.5968,timeout,-0.010448480951615435,-0.011584380543414596,0.001135899591799161,5.742762706652812,6
ADA,2023-12-21 16:00:00+00:00,2023-12-21 20:00:00+00:00,2023-12-22 00:00:00+00:00,0.6147,0.6442000000000001,0.6103,0.5808,target,0.04799088986497502,0.04589934996340528,0.002091539901569739,9.988775255673833,1
ETH,2023-12-22 04:00:00+00:00,2023-12-22 08:00:00+00:00,2023-12-23 08:00:00+00:00,2274.02,2284.1,2268.0,2155.81,timeout,0.004432678692359859,0.003420334450170648,0.0010123442421892115,5.041924062981029,6
SOL,2023-12-23 16:00:00+00:00,2023-12-23 20:00:00+00:00,2023-12-23 20:00:00+00:00,102.96,108.61,98.45,92.8,target,0.054875679875679984,0.05361039301601234,0.001265286859667647,6.000925858297193,0
DOT,2023-12-23 20:00:00+00:00,2023-12-24 00:00:00+00:00,2023-12-24 00:00:00+00:00,8.332,8.866,8.116,7.582,target,0.06409025444071048,0.062166698986232394,0.0019235554544780875,9.046674492363598,0
LINK,2023-12-23 12:00:00+00:00,2023-12-23 16:00:00+00:00,2023-12-24 16:00:00+00:00,15.825,15.797,15.703,14.866,timeout,-0.0017693522906792047,-0.0030735243962249914,0.0013041721055457867,6.536688716426203,6
AVAX,2023-12-23 20:00:00+00:00,2023-12-24 00:00:00+00:00,2023-12-25 00:00:00+00:00,48.079,47.683,46.145,43.376,timeout,-0.008236444185611203,-0.009764710525237197,0.0015282663396259943,7.710732744665526,6
BNB,2023-12-26 00:00:00+00:00,2023-12-26 04:00:00+00:00,2023-12-26 08:00:00+00:00,271.6,282.09999999999997,271.2,260.7,target,0.03865979381443285,0.03731955774547213,0.0013402360689607207,6.455921962584254,1
XRP,2023-12-25 08:00:00+00:00,2023-12-25 12:00:00+00:00,2023-12-26 12:00:00+00:00,0.6423,0.6246,0.6297,0.5969,timeout,-0.027557216254086803,-0.02867347684268884,0.001116260588602036,5.742762706652812,6
SOL,2023-12-25 12:00:00+00:00,2023-12-25 16:00:00+00:00,2023-12-26 16:00:00+00:00,123.2,110.59,117.12,107.42,timeout,-0.10235389610389611,-0.10343059153024758,0.0010766954263514705,6.000925858297193,6
ADA,2023-12-25 20:00:00+00:00,2023-12-26 00:00:00+00:00,2023-12-27 00:00:00+00:00,0.6245,0.6087,0.6225,0.584,timeout,-0.025300240192153822,-0.02724550847587992,0.0019452682837260982,9.988775255673833,6
ETH,2023-12-27 08:00:00+00:00,2023-12-27 12:00:00+00:00,2023-12-27 16:00:00+00:00,2286.67,2358.42,2251.75,2180.0,target,0.031377505280604456,0.030338003976889905,0.0010395013037145517,5.041924062981029,1
LINK,2023-12-27 12:00:00+00:00,2023-12-27 16:00:00+00:00,2023-12-28 00:00:00+00:00,16.158,17.447,15.501,14.212,target,0.07977472459462787,0.07836401647890212,0.001410708115725745,6.536688716426203,2
BTC,2023-12-27 08:00:00+00:00,2023-12-27 12:00:00+00:00,2023-12-28 12:00:00+00:00,43050.1,43087.7,42829.7,41625.0,timeout,0.0008734009909383555,-0.0001295637352418666,0.0010029647261802221,5.012959217987713,6
XRP,2023-12-27 12:00:00+00:00,2023-12-27 16:00:00+00:00,2023-12-28 16:00:00+00:00,0.6338,0.6298,0.6318,0.5957,timeout,-0.00631113916061854,-0.007451787979477653,0.0011406488188591135,5.742762706652812,6
ADA,2023-12-27 16:00:00+00:00,2023-12-27 20:00:00+00:00,2023-12-28 20:00:00+00:00,0.6373,0.6259,0.6242,0.5591,timeout,-0.017887964851718174,-0.019848026269416952,0.0019600614176987774,9.988775255673833,6
SOL,2023-12-29 08:00:00+00:00,2023-12-29 12:00:00+00:00,2023-12-30 12:00:00+00:00,107.72,102.23,106.56,97.21,timeout,-0.050965466023022654,-0.052103800092259345,0.0011383340692366906,6.000925858297193,6
BNB,2023-12-31 04:00:00+00:00,2023-12-31 08:00:00+00:00,2024-01-01 08:00:00+00:00,322.5,311.1,321.6,306.6,timeout,-0.035348837209302264,-0.03659357614117997,0.0012447389318777091,6.455921962584254,6
DOT,2023-12-31 04:00:00+00:00,2023-12-31 08:00:00+00:00,2024-01-01 08:00:00+00:00,8.559,8.172,8.493,8.093,timeout,-0.045215562565720124,-0.046941525945999873,0.0017259633802797492,9.046674492363598,6
BTC,2024-01-01 16:00:00+00:00,2024-01-01 20:00:00+00:00,2024-01-02 00:00:00+00:00,43542.9,44268.0,42805.1,42080.0,target,0.01665254266482008,0.015633765826446044,0.0010187768383740359,5.012959217987713,1
SOL,2024-01-01 12:00:00+00:00,2024-01-01 16:00:00+00:00,2024-01-02 00:00:00+00:00,106.04,111.54,105.27,99.77,target,0.051867219917012486,0.05060554160091657,0.0012616783160959155,6.000925858297193,2
ETH,2024-01-01 16:00:00+00:00,2024-01-01 20:00:00+00:00,2024-01-02 08:00:00+00:00,2338.18,2404.55,2323.41,2257.04,target,0.028385325338511347,0.02734883978308944,0.0010364855554219066,5.041924062981029,3
ADA,2024-01-01 16:00:00+00:00,2024-01-01 20:00:00+00:00,2024-01-02 20:00:00+00:00,0.6187,0.6145,0.6098,0.5779,timeout,-0.006788427347664383,-0.008770640795312423,0.00198221344764804,9.988775255673833,6
AVAX,2024-01-01 16:00:00+00:00,2024-01-01 20:00:00+00:00,2024-01-02 20:00:00+00:00,41.071,40.791,40.292,37.49,timeout,-0.006817462443086342,-0.008347915374487203,0.0015304529314008608,7.710732744665526,6
DOT,2024-01-01 16:00:00+00:00,2024-01-01 20:00:00+00:00,2024-01-02 20:00:00+00:00,8.597,8.439,8.559,8.02,timeout,-0.018378504129347384,-0.02015298084759065,0.0017744767182432675,9.046674492363598,6
XRP,2024-01-01 16:00:00+00:00,2024-01-01 20:00:00+00:00,2024-01-02 20:00:00+00:00,0.6262,0.6276,0.6257,0.6037,timeout,0.002235707441712087,0.0010852477546161587,0.0011504596870959283,5.742762706652812,6
LINK,2024-01-01 20:00:00+00:00,2024-01-02 00:00:00+00:00,2024-01-03 00:00:00+00:00,15.554,15.166,15.54,14.744,timeout,-0.02494535167802492,-0.026219244717316403,0.001273893039291485,6.536688716426203,6
BNB,2024-01-02 00:00:00+00:00,2024-01-02 04:00:00+00:00,2024-01-03 04:00:00+00:00,318.9,312.6,318.5,306.5,timeout,-0.019755409219190834,-0.021020269151954096,0.0012648599327632626,6.455921962584254,6
BNB,2024-01-03 08:00:00+00:00,2024-01-03 12:00:00+00:00,2024-01-04 12:00:00+00:00,323.2,316.8,321.2,305.2,timeout,-0.01980198019801971,-0.021066780037857558,0.001264799839837849,6.455921962584254,6
DOT,2024-01-04 12:00:00+00:00,2024-01-04 16:00:00+00:00,2024-01-05 16:00:00+00:00,7.884,7.35,7.822,7.469,timeout,-0.06773211567732129,-0.06941737589508912,0.0016852602177678255,9.046674492363598,6
BTC,2024-01-08 08:00:00+00:00,2024-01-08 12:00:00+00:00,2024-01-08 16:00:00+00:00,44635.6,45680.100000000006,44434.5,43390.0,target,0.023400604002186798,0.022375065002399497,0.001025538999787301,5.012959217987713,1
ETH,2024-01-08 12:00:00+00:00,2024-01-08 16:00:00+00:00,2024-01-08 16:00:00+00:00,2270.2,2355.67,2251.47,2166.0,target,0.03764866531583122,0.036602843456355894,0.0010458218594753266,5.041924062981029,0
ADA,2024-01-08 16:00:00+00:00,2024-01-08 20:00:00+00:00,2024-01-09 20:00:00+00:00,0.5421,0.5054,0.5197,0.4637,timeout,-0.06769968640472246,-0.069560335504813,0.001860649100090539,9.988775255673833,6
AVAX,2024-01-08 16:00:00+00:00,2024-01-08 20:00:00+00:00,2024-01-09 20:00:00+00:00,36.215,35.071,35.503,30.776,timeout,-0.03158912053016716,-0.03308140136801874,0.0014922808378515784,7.710732744665526,6
BNB,2024-01-08 16:00:00+00:00,2024-01-08 20:00:00+00:00,2024-01-09 20:00:00+00:00,307.4,299.6,306.7,289.2,timeout,-0.025374105400129965,-0.026631715240681197,0.0012576098405512326,6.455921962584254,6
DOT,2024-01-08 16:00:00+00:00,2024-01-08 20:00:00+00:00,2024-01-09 20:00:00+00:00,7.481,7.033,7.231,6.504,timeout,-0.05988504210667012,-0.06158448747565559,0.001699445368985475,9.046674492363598,6
LINK,2024-01-08 16:00:00+00:00,2024-01-08 20:00:00+00:00,2024-01-09 20:00:00+00:00,14.381,13.647,13.615,12.52,timeout,-0.051039566094152056,-0.05227936746671713,0.0012398013725650747,6.536688716426203,6
SOL,2024-01-08 16:00:00+00:00,2024-01-08 20:00:00+00:00,2024-01-09 20:00:00+00:00,99.26,99.33,95.31,85.1,timeout,0.000705218617771397,-0.0004950926489240004,0.0012003112666953974,6.000925858297193,6
ETH,2024-01-10 08:00:00+00:00,2024-01-10 12:00:00+00:00,2024-01-10 20:00:00+00:00,2402.48,2560.97,2376.39,2217.9,target,0.06596933169058627,0.06489496609279222,0.001074365597794058,5.041924062981029,2
LINK,2024-01-10 08:00:00+00:00,2024-01-10 12:00:00+00:00,2024-01-10 20:00:00+00:00,14.22,15.206,14.183,13.197,target,0.06933895921237676,0.06794188525439093,0.0013970739579858282,6.536688716426203,2
ADA,2024-01-10 20:00:00+00:00,2024-01-11 00:00:00+00:00,2024-01-11 08:00:00+00:00,0.5661,0.5951000000000002,0.5253,0.4963,target,0.05122769828652207,0.04912969848722537,0.0020979997992967014,9.988775255673833,2
BNB,2024-01-10 20:00:00+00:00,2024-01-11 00:00:00+00:00,2024-01-11 08:00:00+00:00,305.7,315.1,305.0,295.6,target,0.030749100425253584,0.02941907193020099,0.0013300284950525931,6.455921962584254,2
DOT,2024-01-10 20:00:00+00:00,2024-01-11 00:00:00+00:00,2024-01-11 08:00:00+00:00,7.991,8.436,7.35,6.905,target,0.05568764860468023,0.05377928253683617,0.0019083660678440584,9.046674492363598,2
AVAX,2024-01-10 20:00:00+00:00,2024-01-11 00:00:00+00:00,2024-01-11 12:00:00+00:00,38.57,41.38399999999999,36.577,33.763,target,0.07295825771324838,0.07130487371917704,0.0016533839940713335,7.710732744665526,3
XRP,2024-01-10 20:00:00+00:00,2024-01-11 00:00:00+00:00,2024-01-12 00:00:00+00:00,0.6008,0.6018,0.5794,0.5512,timeout,0.0016644474034619439,0.0005146434619558438,0.0011498039415061,5.742762706652812,6
ETH,2024-01-11 08:00:00+00:00,2024-01-11 12:00:00+00:00,2024-01-12 12:00:00+00:00,2656.94,2646.73,2645.72,2341.0,timeout,-0.0038427664907750847,-0.004846770105005338,0.0010040036142302533,5.041924062981029,6
AVAX,2024-01-11 16:00:00+00:00,2024-01-11 20:00:00+00:00,2024-01-12 20:00:00+00:00,39.947,36.592,39.842,33.275,timeout,-0.08398628182341616,-0.0853978208176831,0.0014115389942669365,7.710732744665526,6
BNB,2024-01-15 00:00:00+00:00,2024-01-15 04:00:00+00:00,2024-01-15 04:00:00+00:00,309.8,315.00000000000006,305.4,300.2,target,0.016785022595222854,0.015473012666874064,0.0013120099283487896,6.455921962584254,0
SOL,2024-01-14 12:00:00+00:00,2024-01-14 16:00:00+00:00,2024-01-15 16:00:00+00:00,99.52,93.53,99.34,86.07,timeout,-0.06018890675241151,-0.061316177623796264,0.0011272708713847557,6.000925858297193,6
LINK,2024-01-15 00:00:00+00:00,2024-01-15 04:00:00+00:00,2024-01-16 04:00:00+00:00,15.591,15.331,15.31,13.568,timeout,-0.016676287601821604,-0.017960984038836614,0.0012846964370150094,6.536688716426203,6
SOL,2024-01-16 04:00:00+00:00,2024-01-16 08:00:00+00:00,2024-01-17 08:00:00+00:00,97.73,97.34,96.83,92.92,timeout,-0.003990586309219335,-0.005185265120467242,0.0011946788112479068,6.000925858297193,6
ADA,2024-01-16 12:00:00+00:00,2024-01-16 16:00:00+00:00,2024-01-17 16:00:00+00:00,0.5421,0.5262,0.5382,0.5217,timeout,-0.02933038184836756,-0.031267606930416525,0.0019372250820489656,9.988775255673833,6
ETH,2024-01-16 12:00:00+00:00,2024-01-16 16:00:00+00:00,2024-01-17 16:00:00+00:00,2559.89,2539.8,2555.39,2498.0,timeout,-0.007847993468469205,-0.008847960307955427,0.0009999668394862216,5.041924062981029,6
LINK,2024-01-17 00:00:00+00:00,2024-01-17 04:00:00+00:00,2024-01-18 04:00:00+00:00,15.842,15.3,15.354,14.736,timeout,-0.03421285191263723,-0.0354746371136031,0.0012617852009658703,6.536688716426203,6
BNB,2024-01-18 12:00:00+00:00,2024-01-18 16:00:00+00:00,2024-01-19 16:00:00+00:00,314.6,311.4,312.5,305.5,timeout,-0.010171646535283019,-0.011448872889180506,0.001277226353897487,6.455921962584254,6
LINK,2024-01-19 20:00:00+00:00,2024-01-20 00:00:00+00:00,2024-01-21 00:00:00+00:00,16.122,15.782,15.537,14.181,timeout,-0.02108919488897154,-0.022368125934389416,0.0012789310454178748,6.536688716426203,6
ADA,2024-01-20 04:00:00+00:00,2024-01-20 08:00:00+00:00,2024-01-21 08:00:00+00:00,0.5146,0.5159,0.5101,0.4709,timeout,0.0025262339681306756,0.0005254306777655593,0.0020008032903651163,9.988775255673833,6
BNB,2024-01-20 20:00:00+00:00,2024-01-21 00:00:00+00:00,2024-01-21 16:00:00+00:00,317.3,320.79999999999995,315.5,312.0,target,0.011030570438071097,0.009725985774841961,0.0013045846632291358,6.455921962584254,4
XRP,2024-01-20 20:00:00+00:00,2024-01-21 00:00:00+00:00,2024-01-22 00:00:00+00:00,0.5534,0.5465,0.5515,0.5217,timeout,-0.012468377303939349,-0.013601958270181513,0.0011335809662421648,5.742762706652812,6
AVAX,2024-01-21 04:00:00+00:00,2024-01-21 08:00:00+00:00,2024-01-22 08:00:00+00:00,33.096,31.99,33.014,32.037,timeout,-0.03341793570219964,-0.03490739841202828,0.0014894627098286373,7.710732744665526,6
SOL,2024-01-24 04:00:00+00:00,2024-01-24 08:00:00+00:00,2024-01-25 08:00:00+00:00,86.12,88.21,85.95,78.94,timeout,0.024268462610311126,0.023039888048173696,0.00122857456213743,6.000925858297193,6
AVAX,2024-01-24 08:00:00+00:00,2024-01-24 12:00:00+00:00,2024-01-25 12:00:00+00:00,31.235,30.348,30.72,27.223,timeout,-0.028397630862814216,-0.02989482965334045,0.001497198790526233,7.710732744665526,6
BTC,2024-01-24 08:00:00+00:00,2024-01-24 12:00:00+00:00,2024-01-25 12:00:00+00:00,40206.3,40177.4,40195.2,38550.6,timeout,-0.0007187928259999588,-0.0017201620314737376,0.0010013692054737788,5.012959217987713,6
DOT,2024-01-24 08:00:00+00:00,2024-01-24 12:00:00+00:00,2024-01-25 12:00:00+00:00,6.476,6.527,6.457,5.967,timeout,0.007875231624459467,0.0060532960403927305,0.0018219355840667362,9.046674492363598,6
BTC,2024-01-26 08:00:00+00:00,2024-01-26 12:00:00+00:00,2024-01-26 16:00:00+00:00,41287.9,42054.8,40321.9,39555.0,target,0.018574449172760188,0.017553746412053872,0.0010207027607063157,5.012959217987713,1
XRP,2024-01-26 08:00:00+00:00,2024-01-26 12:00:00+00:00,2024-01-26 16:00:00+00:00,0.521,0.5327999999999999,0.5156,0.5038,target,0.02264875239923203,0.02147486071391458,0.001173891685317452,5.742762706652812,1
AVAX,2024-01-26 08:00:00+00:00,2024-01-26 12:00:00+00:00,2024-01-27 12:00:00+00:00,32.263,32.315,31.074,29.625,timeout,0.0016117534017294766,6.831139972862665e-05,0.00154344200200085,7.710732744665526,6
BNB,2024-01-26 08:00:00+00:00,2024-01-26 12:00:00+00:00,2024-01-27 12:00:00+00:00,302.8,303.8,296.4,288.9,timeout,0.0033025099075296716,0.002007897157652483,0.0012946127498771887,6.455921962584254,6
DOT,2024-01-26 08:00:00+00:00,2024-01-26 12:00:00+00:00,2024-01-27 12:00:00+00:00,6.596,6.647,6.574,6.346,timeout,0.0077319587628865705,0.00591028217310452,0.0018216765897820508,9.046674492363598,6
ETH,2024-01-26 08:00:00+00:00,2024-01-26 12:00:00+00:00,2024-01-27 12:00:00+00:00,2253.5,2266.03,2243.0,2170.56,timeout,0.005560239627246499,0.004546758942721052,0.0010134806845254474,5.041924062981029,6
LINK,2024-01-26 08:00:00+00:00,2024-01-26 12:00:00+00:00,2024-01-27 12:00:00+00:00,14.179,14.24,14.071,13.505,timeout,0.0043021369631144335,0.0029900325556082574,0.001312104407506176,6.536688716426203,6
SOL,2024-01-26 08:00:00+00:00,2024-01-26 12:00:00+00:00,2024-01-27 12:00:00+00:00,91.93,92.01,89.32,85.08,timeout,0.0008702273468943478,-0.00033028184205941,0.0012005091889537578,6.000925858297193,6
ADA,2024-01-26 12:00:00+00:00,2024-01-26 16:00:00+00:00,2024-01-27 16:00:00+00:00,0.4856,0.4854,0.484,0.4584,timeout,-0.0004118616144974663,-0.0024068011667279787,0.0019949395522305124,9.988775255673833,6
AVAX,2024-01-27 20:00:00+00:00,2024-01-28 00:00:00+00:00,2024-01-28 00:00:00+00:00,33.276,34.30200000000001,32.883,31.857,target,0.03083303281644434,0.029244562039723254,0.0015884707767210848,7.710732744665526,0
BTC,2024-01-27 20:00:00+00:00,2024-01-28 00:00:00+00:00,2024-01-28 04:00:00+00:00,42118.6,42738.600000000006,41996.0,41376.0,target,0.014720337333149924,0.01370349673745097,0.0010168405956989535,5.012959217987713,1
SOL,2024-01-27 20:00:00+00:00,2024-01-28 00:00:00+00:00,2024-01-28 08:00:00+00:00,94.27,97.46999999999998,93.87,90.67,target,0.033945051447968444,0.032704870152510335,0.0012401812954581093,6.000925858297193,2
DOT,2024-01-28 00:00:00+00:00,2024-01-28 04:00:00+00:00,2024-01-29 00:00:00+00:00,6.733,6.922999999999999,6.72,6.53,target,0.028219218773206434,0.026360507373101028,0.0018587114001054061,9.046674492363598,5
ADA,2024-01-28 00:00:00+00:00,2024-01-28 04:00:00+00:00,2024-01-29 04:00:00+00:00,0.496,0.4938,0.4889,0.4755,timeout,-0.004435483870967705,-0.006422393232688228,0.0019869093617205236,9.988775255673833,6
ETH,2024-01-28 00:00:00+00:00,2024-01-28 04:00:00+00:00,2024-01-29 04:00:00+00:00,2286.9,2271.9,2284.4,2251.56,timeout,-0.006559097468188391,-0.00756036335585597,0.0010012658876675795,5.041924062981029,6
LINK,2024-01-28 00:00:00+00:00,2024-01-28 04:00:00+00:00,2024-01-29 04:00:00+00:00,14.562,14.719,14.403,14.082,timeout,0.01078148605960716,0.009460916487889381,0.0013205695717177779,6.536688716426203,6
ADA,2024-01-29 12:00:00+00:00,2024-01-29 16:00:00+00:00,2024-01-29 16:00:00+00:00,0.4981,0.5127999999999999,0.498,0.4833,target,0.02951214615539044,0.02745748541963544,0.0020546607357549984,9.988775255673833,0
BNB,2024-01-29 08:00:00+00:00,2024-01-29 12:00:00+00:00,2024-01-30 00:00:00+00:00,308.0,312.79999999999995,307.9,303.1,target,0.015584415584415368,0.01427395486094607,0.0013104607234692978,6.455921962584254,3
BTC,2024-01-29 12:00:00+00:00,2024-01-29 16:00:00+00:00,2024-01-30 00:00:00+00:00,42649.8,43595.899999999994,42561.1,41615.0,target,0.02218298796242868,0.021158669122890217,0.0010243188395384628,5.012959217987713,2
SOL,2024-01-29 12:00:00+00:00,2024-01-29 16:00:00+00:00,2024-01-30 08:00:00+00:00,99.94,105.47,99.0,93.47,target,0.055333199919952,0.05406736428083003,0.0012658356391219705,6.000925858297193,4
ETH,2024-01-29 16:00:00+00:00,2024-01-29 20:00:00+00:00,2024-01-30 12:00:00+00:00,2293.34,2342.01,2286.67,2238.0,target,0.021222322028133567,0.020193055896484013,0.0010292661316495533,5.041924062981029,4
LINK,2024-01-29 16:00:00+00:00,2024-01-29 20:00:00+00:00,2024-01-30 16:00:00+00:00,14.989,15.681,14.868,14.176,target,0.0461671892721327,0.04480038885469728,0.001366800417435421,6.536688716426203,5
DOT,2024-01-29 16:00:00+00:00,2024-01-29 20:00:00+00:00,2024-01-30 20:00:00+00:00,7.108,7.007,7.002,6.564,timeout,-0.014209341586944313,-0.015991354898362453,0.0017820133114181402,9.046674492363598,6
XRP,2024-01-29 16:00:00+00:00,2024-01-29 20:00:00+00:00,2024-01-30 20:00:00+00:00,0.5356,0.5143,0.5313,0.5208,timeout,-0.03976848394324117,-0.040870727299070264,0.0011022433558290912,5.742762706652812,6
ADA,2024-01-30 00:00:00+00:00,2024-01-30 04:00:00+00:00,2024-01-31 04:00:00+00:00,0.5307,0.5124,0.5284,0.4837,timeout,-0.03448275862068961,-0.036409700787389476,0.0019269421666998632,9.988775255673833,6
AVAX,2024-01-30 08:00:00+00:00,2024-01-30 12:00:00+00:00,2024-01-31 12:00:00+00:00,37.005,34.724,36.555,34.327,timeout,-0.06164031887582777,-0.06308629206844707,0.0014459731926192987,7.710732744665526,6
LINK,2024-02-01 12:00:00+00:00,2024-02-01 16:00:00+00:00,2024-02-02 00:00:00+00:00,16.701,17.496000000000002,15.878,15.083,target,0.047601940003592746,0.046233265107662014,0.0013686748959307327,6.536688716426203,2
ADA,2024-02-02 04:00:00+00:00,2024-02-02 08:00:00+00:00,2024-02-03 08:00:00+00:00,0.5102,0.5173,0.5083,0.4866,timeout,0.01391611132889059,0.011892576559459966,0.002023534769430624,9.988775255673833,6
DOT,2024-02-02 04:00:00+00:00,2024-02-02 08:00:00+00:00,2024-02-03 08:00:00+00:00,6.868,6.87,6.852,6.527,timeout,0.00029120559114725886,-0.0015170203526119197,0.0018082259437591786,9.046674492363598,6
AVAX,2024-02-02 08:00:00+00:00,2024-02-02 12:00:00+00:00,2024-02-03 12:00:00+00:00,36.263,35.743,35.499,32.281,timeout,-0.014339685078454512,-0.015858546578021215,0.0015188614995667038,7.710732744665526,6
SOL,2024-02-02 08:00:00+00:00,2024-02-02 12:00:00+00:00,2024-02-03 12:00:00+00:00,101.98,98.65,101.22,93.12,timeout,-0.03265346146303194,-0.03381376014780213,0.001160298684770189,6.000925858297193,6
XRP,2024-02-03 08:00:00+00:00,2024-02-03 12:00:00+00:00,2024-02-04 12:00:00+00:00,0.5218,0.5128,0.5144,0.4986,timeout,-0.017247987734764325,-0.018376082218056644,0.001128094483292319,5.742762706652812,6
LINK,2024-02-05 00:00:00+00:00,2024-02-05 04:00:00+00:00,2024-02-05 08:00:00+00:00,18.465,19.328000000000003,18.388,17.525,target,0.04673707013268369,0.0453695251751729,0.0013675449575107912,6.536688716426203,1
BNB,2024-02-04 12:00:00+00:00,2024-02-04 16:00:00+00:00,2024-02-05 16:00:00+00:00,306.0,300.7,303.8,299.3,timeout,-0.017320261437908546,-0.01858826356690313,0.001268002128994583,6.455921962584254,6
BTC,2024-02-05 08:00:00+00:00,2024-02-05 12:00:00+00:00,2024-02-06 12:00:00+00:00,43193.4,42826.2,43175.0,42150.0,timeout,-0.008501298809540425,-0.009494869247482995,0.0009935704379425703,5.012959217987713,6
DOT,2024-02-05 08:00:00+00:00,2024-02-05 12:00:00+00:00,2024-02-06 12:00:00+00:00,6.963,6.704,6.958,6.81,timeout,-0.03719661065632629,-0.038937069892216236,0.0017404592358899462,9.046674492363598,6
ETH,2024-02-05 08:00:00+00:00,2024-02-05 12:00:00+00:00,2024-02-06 12:00:00+00:00,2329.07,2324.92,2312.5,2262.6,timeout,-0.0017818270811955639,-0.002787907868131434,0.00100608078693587,5.041924062981029,6
BTC,2024-02-07 16:00:00+00:00,2024-02-07 20:00:00+00:00,2024-02-07 20:00:00+00:00,43621.4,44232.899999999994,43399.5,42788.0,target,0.014018348792106394,0.013002211651753859,0.0010161371403525354,5.012959217987713,0
BNB,2024-02-07 16:00:00+00:00,2024-02-07 20:00:00+00:00,2024-02-08 00:00:00+00:00,306.8,310.7000000000001,304.6,300.7,target,0.01271186440677985,0.01140511028360569,0.0013067541231741586,6.455921962584254,1
DOT,2024-02-06 20:00:00+00:00,2024-02-07 00:00:00+00:00,2024-02-08 00:00:00+00:00,6.808,6.942,6.799,6.634,timeout,0.01968272620446543,0.017839446217977395,0.0018432799864880334,9.046674492363598,6
ADA,2024-02-07 20:00:00+00:00,2024-02-08 00:00:00+00:00,2024-02-08 08:00:00+00:00,0.5023,0.5293999999999999,0.5012,0.4741,target,0.05395182162054524,0.05184838512069634,0.0021034364998488986,9.988775255673833,2
AVAX,2024-02-07 16:00:00+00:00,2024-02-07 20:00:00+00:00,2024-02-08 12:00:00+00:00,35.066,36.118,34.682,33.63,target,0.030000570353048595,0.02841338236631752,0.0015871879867310756,7.710732744665526,4
SOL,2024-02-07 20:00:00+00:00,2024-02-08 00:00:00+00:00,2024-02-08 12:00:00+00:00,101.15,104.72,98.13,94.56,target,0.0352941176470587,0.0340523181933976,0.0012417994536610966,6.000925858297193,3
LINK,2024-02-07 20:00:00+00:00,2024-02-08 00:00:00+00:00,2024-02-09 00:00:00+00:00,18.82,18.217,18.787,18.021,timeout,-0.03204038257173225,-0.033305006068557796,0.0012646234968255454,6.536688716426203,6
XRP,2024-02-07 20:00:00+00:00,2024-02-08 00:00:00+00:00,2024-02-09 00:00:00+00:00,0.5138,0.5146,0.5105,0.4995,timeout,0.0015570260801867075,0.00040734544690135266,0.0011496806332853549,5.742762706652812,6
ETH,2024-02-08 00:00:00+00:00,2024-02-08 04:00:00+00:00,2024-02-09 04:00:00+00:00,2433.45,2448.89,2426.31,2353.33,timeout,0.006344901271856829,0.00533062974518228,0.0010142715266745483,5.041924062981029,6
ADA,2024-02-09 08:00:00+00:00,2024-02-09 12:00:00+00:00,2024-02-10 12:00:00+00:00,0.5435,0.5334,0.5415,0.5214,timeout,-0.01858325666973326,-0.020541930450769574,0.001958673781036313,9.988775255673833,6
DOT,2024-02-09 08:00:00+00:00,2024-02-09 12:00:00+00:00,2024-02-10 12:00:00+00:00,7.162,7.107,7.112,6.87,timeout,-0.00767941915666015,-0.009473236605796576,0.0017938174491364256,9.046674492363598,6
ETH,2024-02-09 08:00:00+00:00,2024-02-09 12:00:00+00:00,2024-02-10 12:00:00+00:00,2502.94,2483.7,2467.63,2413.11,timeout,-0.00768696013488146,-0.008687089276104287,0.0010001291412228275,5.041924062981029,6
XRP,2024-02-09 08:00:00+00:00,2024-02-09 12:00:00+00:00,2024-02-10 12:00:00+00:00,0.5249,0.521,0.5204,0.5114,timeout,-0.007429986664126531,-0.008569351165395256,0.0011393645012687248,5.742762706652812,6
BTC,2024-02-10 20:00:00+00:00,2024-02-11 00:00:00+00:00,2024-02-11 00:00:00+00:00,47760.0,48583.4,47666.0,46842.6,target,0.017240368509212844,0.016221002616731983,0.0010193658924808613,5.012959217987713,0
LINK,2024-02-10 20:00:00+00:00,2024-02-11 00:00:00+00:00,2024-02-11 04:00:00+00:00,19.087,19.889999999999993,18.778,17.975,target,0.04207051920155047,0.04070907101693222,0.0013614481846182525,6.536688716426203,1
ADA,2024-02-10 20:00:00+00:00,2024-02-11 00:00:00+00:00,2024-02-12 00:00:00+00:00,0.5517,0.5414,0.55,0.528,timeout,-0.018669566793547143,-0.020628068320158843,0.0019585015266117,9.988775255673833,6
ETH,2024-02-11 00:00:00+00:00,2024-02-11 04:00:00+00:00,2024-02-12 04:00:00+00:00,2529.55,2500.36,2516.88,2470.53,timeout,-0.011539601905477315,-0.01253584805902308,0.0009962461535457656,5.041924062981029,6
DOT,2024-02-11 04:00:00+00:00,2024-02-11 08:00:00+00:00,2024-02-12 08:00:00+00:00,7.288,7.099,7.279,7.055,timeout,-0.025933040614709135,-0.027693861000886777,0.0017608203861776417,9.046674492363598,6
XRP,2024-02-11 04:00:00+00:00,2024-02-11 08:00:00+00:00,2024-02-12 08:00:00+00:00,0.5284,0.5196,0.5282,0.5182,timeout,-0.01665404996214992,-0.017782826222651704,0.0011287762605017848,5.742762706652812,6
AVAX,2024-02-12 16:00:00+00:00,2024-02-12 20:00:00+00:00,2024-02-13 20:00:00+00:00,40.318,39.568,40.254,38.344,timeout,-0.018602113200059556,-0.020114406475390534,0.0015122932753309781,7.710732744665526,6
ETH,2024-02-12 20:00:00+00:00,2024-02-13 00:00:00+00:00,2024-02-14 00:00:00+00:00,2660.56,2640.44,2642.87,2472.0,timeout,-0.007562317707550226,-0.008562572472964991,0.0010002547654147653,5.041924062981029,6
SOL,2024-02-12 20:00:00+00:00,2024-02-13 00:00:00+00:00,2024-02-14 00:00:00+00:00,111.72,112.5,111.41,103.45,timeout,0.00698174006444674,0.005773900327560533,0.001207839736886207,6.000925858297193,6
DOT,2024-02-13 04:00:00+00:00,2024-02-13 08:00:00+00:00,2024-02-14 08:00:00+00:00,7.404,7.591,7.379,6.979,timeout,0.02525661804430035,0.023403262136144853,0.0018533559081554962,9.046674492363598,6
BNB,2024-02-14 08:00:00+00:00,2024-02-14 12:00:00+00:00,2024-02-15 00:00:00+00:00,332.9,342.99999999999994,327.9,317.8,target,0.03033944127365573,0.029009941382843074,0.0013294998908126576,6.455921962584254,3
XRP,2024-02-14 08:00:00+00:00,2024-02-14 12:00:00+00:00,2024-02-15 00:00:00+00:00,0.5318,0.5495000000000001,0.5314,0.5137,target,0.03328318916886053,0.03209709028447061,0.001186098884389919,5.742762706652812,3
ADA,2024-02-14 08:00:00+00:00,2024-02-14 12:00:00+00:00,2024-02-15 12:00:00+00:00,0.5736,0.5894,0.5617,0.5334,timeout,0.027545327754532778,0.02549459231927842,0.0020507354352543583,9.988775255673833,6
BTC,2024-02-14 08:00:00+00:00,2024-02-14 12:00:00+00:00,2024-02-15 12:00:00+00:00,51579.9,52329.6,50266.0,48282.0,timeout,0.014534731552406921,0.013518076950312041,0.0010166546020948797,5.012959217987713,6
ETH,2024-02-14 08:00:00+00:00,2024-02-14 12:00:00+00:00,2024-02-15 12:00:00+00:00,2756.77,2793.42,2686.98,2587.08,timeout,0.013294543977190765,0.012273268067915843,0.0010212759092749213,5.041924062981029,6
LINK,2024-02-14 08:00:00+00:00,2024-02-14 12:00:00+00:00,2024-02-15 12:00:00+00:00,20.287,20.03,20.273,19.409,timeout,-0.012668211169714505,-0.013958144093398905,0.0012899329236844004,6.536688716426203,6
SOL,2024-02-14 08:00:00+00:00,2024-02-14 12:00:00+00:00,2024-02-15 12:00:00+00:00,115.71,116.08,115.26,108.33,timeout,0.0031976492956529157,0.0019943484446438564,0.0012033008510090593,6.000925858297193,6
AVAX,2024-02-14 12:00:00+00:00,2024-02-14 16:00:00+00:00,2024-02-15 16:00:00+00:00,41.698,41.879,41.594,38.879,timeout,0.004340735766703352,0.002793088516520603,0.0015476472501827487,7.710732744665526,6
DOT,2024-02-15 08:00:00+00:00,2024-02-15 12:00:00+00:00,2024-02-16 12:00:00+00:00,7.905,7.767,7.74,7.515,timeout,-0.0174573055028463,-0.019233447471415088,0.0017761419685687896,9.046674492363598,6
ETH,2024-02-18 08:00:00+00:00,2024-02-18 12:00:00+00:00,2024-02-18 20:00:00+00:00,2803.35,2887.8200000000006,2802.76,2718.29,target,0.030131806588546084,0.029093560795454554,0.00103824579309153,5.041924062981029,2
ADA,2024-02-18 00:00:00+00:00,2024-02-18 04:00:00+00:00,2024-02-19 04:00:00+00:00,0.6209,0.6196,0.611,0.5685,timeout,-0.002093734900950217,-0.0040853178351776265,0.0019915829342274094,9.988775255673833,6
DOT,2024-02-18 00:00:00+00:00,2024-02-18 04:00:00+00:00,2024-02-19 04:00:00+00:00,7.743,7.813,7.711,7.34,timeout,0.0090404236084205,0.007216381707349839,0.001824041901070661,9.046674492363598,6
SOL,2024-02-18 08:00:00+00:00,2024-02-18 12:00:00+00:00,2024-02-19 12:00:00+00:00,111.79,112.69,110.86,105.6,timeout,0.008050809553627358,0.006841687504898442,0.0012091220487289167,6.000925858297193,6
BTC,2024-02-18 20:00:00+00:00,2024-02-19 00:00:00+00:00,2024-02-20 00:00:00+00:00,52164.5,51784.4,52078.4,50621.0,timeout,-0.00728656461769972,-0.008281352328021518,0.0009947877103217984,5.012959217987713,6
XRP,2024-02-19 04:00:00+00:00,2024-02-19 08:00:00+00:00,2024-02-20 08:00:00+00:00,0.5638,0.5673,0.5618,0.5388,timeout,0.0062078751330258974,0.005052855821118252,0.0011550193119076457,5.742762706652812,6
BNB,2024-02-21 08:00:00+00:00,2024-02-21 12:00:00+00:00,2024-02-22 00:00:00+00:00,364.1,379.4,360.2,344.9,target,0.042021422686075116,0.04067684893475576,0.0013445737513193556,6.455921962584254,3
ETH,2024-02-20 20:00:00+00:00,2024-02-21 00:00:00+00:00,2024-02-22 00:00:00+00:00,3015.2,2967.95,3008.0,2870.11,timeout,-0.015670602281772306,-0.016662684896502578,0.000992082614730272,5.041924062981029,6
ADA,2024-02-22 04:00:00+00:00,2024-02-22 08:00:00+00:00,2024-02-23 08:00:00+00:00,0.6019,0.5832,0.5993,0.5743,timeout,-0.031068283768067695,-0.0330020404123228,0.0019337566442551024,9.988775255673833,6
SOL,2024-02-22 08:00:00+00:00,2024-02-22 12:00:00+00:00,2024-02-23 12:00:00+00:00,105.86,102.68,105.73,100.2,timeout,-0.03003967504250893,-0.031203108873604668,0.0011634338310957393,6.000925858297193,6
ETH,2024-02-24 16:00:00+00:00,2024-02-24 20:00:00+00:00,2024-02-25 00:00:00+00:00,2988.01,3048.06,2965.66,2905.61,target,0.02009698762721679,0.019068855693831877,0.0010281319333849126,5.041924062981029,1
DOT,2024-02-24 04:00:00+00:00,2024-02-24 08:00:00+00:00,2024-02-25 08:00:00+00:00,7.794,7.745,7.647,7.271,timeout,-0.006286887349242987,-0.00808322207747525,0.0017963347282322628,9.046674492363598,6
LINK,2024-02-24 04:00:00+00:00,2024-02-24 08:00:00+00:00,2024-02-25 08:00:00+00:00,18.444,18.562,18.245,17.591,timeout,0.006397744523964466,0.005082902239263776,0.0013148422847006902,6.536688716426203,6
XRP,2024-02-24 04:00:00+00:00,2024-02-24 08:00:00+00:00,2024-02-25 08:00:00+00:00,0.5426,0.5466,0.5409,0.525,timeout,0.007371913011426479,0.006215557508198133,0.0011563555032283457,5.742762706652812,6
BNB,2024-02-24 08:00:00+00:00,2024-02-24 12:00:00+00:00,2024-02-25 12:00:00+00:00,380.2,383.9,379.6,368.6,timeout,0.009731720147290845,0.00842881145729013,0.0013029086900007147,6.455921962584254,6
BTC,2024-02-24 16:00:00+00:00,2024-02-24 20:00:00+00:00,2024-02-25 20:00:00+00:00,51575.7,51679.3,51348.3,50533.0,timeout,0.00200869789455127,0.001004595499264127,0.001004102395287143,5.012959217987713,6
SOL,2024-02-24 16:00:00+00:00,2024-02-24 20:00:00+00:00,2024-02-25 20:00:00+00:00,104.1,103.43,102.82,98.43,timeout,-0.006436119116234318,-0.007627864595541101,0.0011917454793067828,6.000925858297193,6
ADA,2024-02-24 20:00:00+00:00,2024-02-25 00:00:00+00:00,2024-02-26 00:00:00+00:00,0.5972,0.5915,0.5939,0.568,timeout,-0.00954454119223025,-0.011521254093895594,0.001976712901665345,9.988775255673833,6
AVAX,2024-02-25 04:00:00+00:00,2024-02-25 08:00:00+00:00,2024-02-26 08:00:00+00:00,36.902,36.84,36.863,35.14,timeout,-0.0016801257384423396,-0.0032184950917715227,0.0015383693533291831,7.710732744665526,6
BTC,2024-02-26 12:00:00+00:00,2024-02-26 16:00:00+00:00,2024-02-26 16:00:00+00:00,52849.1,53558.7,51989.6,51280.0,target,0.01342690793220691,0.01241136346852989,0.0010155444636770206,5.012959217987713,0
SOL,2024-02-26 12:00:00+00:00,2024-02-26 16:00:00+00:00,2024-02-26 16:00:00+00:00,105.04,107.48,104.49,102.05,target,0.023229246001523096,0.02200191794373163,0.0012273280577914658,6.000925858297193,0
ADA,2024-02-26 12:00:00+00:00,2024-02-26 16:00:00+00:00,2024-02-26 20:00:00+00:00,0.6059,0.6204999999999998,0.5952,0.5806,target,0.024096385542168308,0.02205253337309987,0.0020438521690684386,9.988775255673833,1
BNB,2024-02-25 16:00:00+00:00,2024-02-25 20:00:00+00:00,2024-02-26 20:00:00+00:00,388.8,398.1,388.6,377.6,timeout,0.023919753086419693,0.022598536848937423,0.00132121623748227,6.455921962584254,6
DOT,2024-02-25 20:00:00+00:00,2024-02-26 00:00:00+00:00,2024-02-26 20:00:00+00:00,7.926,8.105,7.854,7.675,target,0.022583901085036606,0.020735376646076276,0.0018485244389603306,9.046674492363598,5
LINK,2024-02-26 12:00:00+00:00,2024-02-26 16:00:00+00:00,2024-02-27 00:00:00+00:00,18.876,19.331000000000003,18.83,18.375,target,0.024104683195592447,0.02276670708351114,0.0013379761120813072,6.536688716426203,2
XRP,2024-02-26 16:00:00+00:00,2024-02-26 20:00:00+00:00,2024-02-27 00:00:00+00:00,0.5503,0.5573000000000001,0.5489,0.5419,target,0.012720334363074848,0.011557839442632556,0.0011624949204422919,5.742762706652812,1
XRP,2024-02-27 08:00:00+00:00,2024-02-27 12:00:00+00:00,2024-02-27 16:00:00+00:00,0.5598,0.584,0.5533,0.5291,target,0.04322972490175059,0.04203220845530198,0.0011975164464486099,5.742762706652812,1
AVAX,2024-02-26 20:00:00+00:00,2024-02-27 00:00:00+00:00,2024-02-28 00:00:00+00:00,39.317,39.271,39.245,36.262,timeout,-0.0011699773634814559,-0.00270913283421248,0.001539155470731024,7.710732744665526,6
BTC,2024-02-27 00:00:00+00:00,2024-02-27 04:00:00+00:00,2024-02-28 04:00:00+00:00,55752.9,56928.0,54593.0,50907.0,timeout,0.021076930527380577,0.020053720056384616,0.001023210470995961,5.012959217987713,6
ETH,2024-02-27 00:00:00+00:00,2024-02-27 04:00:00+00:00,2024-02-28 04:00:00+00:00,3220.2,3249.55,3185.51,3036.53,timeout,0.009114340724178716,0.008097277944149939,0.0010170627800287768,5.041924062981029,6
BNB,2024-02-28 04:00:00+00:00,2024-02-28 08:00:00+00:00,2024-02-28 08:00:00+00:00,400.4,411.4999999999999,400.2,389.1,target,0.027722277722277422,0.026396154891991097,0.0013261228302863248,6.455921962584254,0
LINK,2024-02-27 08:00:00+00:00,2024-02-27 12:00:00+00:00,2024-02-28 12:00:00+00:00,19.275,19.245,19.22,18.135,timeout,-0.0015564202334629185,-0.002860870531278148,0.0013044502978152295,6.536688716426203,6
SOL,2024-02-27 08:00:00+00:00,2024-02-27 12:00:00+00:00,2024-02-28 12:00:00+00:00,111.59,111.48,110.88,100.28,timeout,-0.0009857514114167687,-0.0021840344181014437,0.001198283006684675,6.000925858297193,6
DOT,2024-02-27 16:00:00+00:00,2024-02-27 20:00:00+00:00,2024-02-28 20:00:00+00:00,8.218,8.125,8.122,7.586,timeout,-0.011316622049160396,-0.013103864528331788,0.0017872424791713915,9.046674492363598,6
ADA,2024-02-28 12:00:00+00:00,2024-02-28 16:00:00+00:00,2024-02-29 04:00:00+00:00,0.6396,0.6629999999999999,0.6308,0.6074,target,0.03658536585365857,0.034516588658138,0.002068777195520566,9.988775255673833,3
AVAX,2024-02-28 20:00:00+00:00,2024-02-29 00:00:00+00:00,2024-02-29 08:00:00+00:00,40.353,41.937,39.885,38.301,target,0.03925358709389637,0.03765214059368982,0.0016014465002065492,7.710732744665526,2
SOL,2024-02-29 04:00:00+00:00,2024-02-29 08:00:00+00:00,2024-03-01 08:00:00+00:00,125.62,132.01,124.62,104.81,timeout,0.050867696226715386,0.04960721680468372,0.0012604794220316684,6.000925858297193,6
ETH,2024-02-29 08:00:00+00:00,2024-02-29 12:00:00+00:00,2024-03-01 12:00:00+00:00,3517.28,3412.68,3498.77,3156.53,timeout,-0.029738889141609492,-0.03071679265852434,0.0009779035169148464,5.041924062981029,6
DOT,2024-02-29 12:00:00+00:00,2024-02-29 16:00:00+00:00,2024-03-01 16:00:00+00:00,8.825,8.3,8.73,7.675,timeout,-0.05949008498583552,-0.06119024431862341,0.0017001593327878872,9.046674492363598,6
XRP,2024-02-29 16:00:00+00:00,2024-02-29 20:00:00+00:00,2024-03-01 20:00:00+00:00,0.6102,0.596,0.6072,0.5215,timeout,-0.02327105866928869,-0.024392239309608432,0.001121180640319741,5.742762706652812,6
ADA,2024-03-01 20:00:00+00:00,2024-03-02 00:00:00+00:00,2024-03-03 00:00:00+00:00,0.7201,0.7419,0.7033,0.6386,timeout,0.03027357311484513,0.028217392752456938,0.0020561803623881936,9.988775255673833,6
BNB,2024-03-02 00:00:00+00:00,2024-03-02 04:00:00+00:00,2024-03-03 04:00:00+00:00,414.2,410.7,408.7,402.3,timeout,-0.008450024142926171,-0.009729471994604721,0.0012794478516785501,6.455921962584254,6
DOT,2024-03-02 00:00:00+00:00,2024-03-02 04:00:00+00:00,2024-03-03 04:00:00+00:00,8.958,9.378,8.883,8.027,timeout,0.04688546550569317,0.04499301114011378,0.001892454365579388,9.046674492363598,6
LINK,2024-03-02 00:00:00+00:00,2024-03-02 04:00:00+00:00,2024-03-03 04:00:00+00:00,20.665,21.281,20.437,18.798,timeout,0.029808855552867053,0.028463427032376254,0.001345428520490799,6.536688716426203,6
XRP,2024-03-02 00:00:00+00:00,2024-03-02 04:00:00+00:00,2024-03-03 04:00:00+00:00,0.6314,0.6363,0.6272,0.5759,timeout,0.0077605321507761005,0.00660373055422836,0.0011568015965477407,5.742762706652812,6
AVAX,2024-03-02 20:00:00+00:00,2024-03-03 00:00:00+00:00,2024-03-04 00:00:00+00:00,44.391,42.617,43.762,41.935,timeout,-0.03996305557432811,-0.041442432526991535,0.0014793769526634248,7.710732744665526,6
BTC,2024-03-03 16:00:00+00:00,2024-03-03 20:00:00+00:00,2024-03-04 00:00:00+00:00,62775.3,64152.3,62710.0,61333.0,target,0.021935379042393954,0.020911308329154554,0.0010240707132394,5.012959217987713,1
ETH,2024-03-03 16:00:00+00:00,2024-03-03 20:00:00+00:00,2024-03-04 12:00:00+00:00,3466.29,3557.2299999999996,3449.74,3358.8,target,0.026235542900334252,0.025201224060432015,0.0010343188399022374,5.041924062981029,4
DOT,2024-03-03 16:00:00+00:00,2024-03-03 20:00:00+00:00,2024-03-04 20:00:00+00:00,9.671,9.936,9.48,8.522,timeout,0.02740150966807997,0.02554427644034063,0.001857233227739341,9.046674492363598,6
ADA,2024-03-04 00:00:00+00:00,2024-03-04 04:00:00+00:00,2024-03-05 04:00:00+00:00,0.7551,0.7681,0.7428,0.68,timeout,0.017216262746656108,0.015186141661983177,0.002030121084672931,9.988775255673833,6
BNB,2024-03-04 04:00:00+00:00,2024-03-04 08:00:00+00:00,2024-03-05 08:00:00+00:00,417.1,418.5,415.5,401.2,timeout,0.0033565092304004285,0.0020618268024239494,0.001294682427976479,6.455921962584254,6
SOL,2024-03-04 08:00:00+00:00,2024-03-04 12:00:00+00:00,2024-03-05 12:00:00+00:00,132.67,130.89,131.45,123.22,timeout,-0.013416748322906513,-0.014600120779139747,0.0011833724562332337,6.000925858297193,6
XRP,2024-03-04 08:00:00+00:00,2024-03-04 12:00:00+00:00,2024-03-05 12:00:00+00:00,0.6602,0.6503,0.6457,0.5803,timeout,-0.014995455922447776,-0.01612613607199076,0.0011306801495429841,5.742762706652812,6
ETH,2024-03-05 00:00:00+00:00,2024-03-05 04:00:00+00:00,2024-03-06 04:00:00+00:00,3693.12,3539.47,3642.76,3457.0,timeout,-0.04160438870115246,-0.04257033325813442,0.0009659445569819569,5.041924062981029,6
DOT,2024-03-05 04:00:00+00:00,2024-03-05 08:00:00+00:00,2024-03-06 08:00:00+00:00,10.539,10.257,10.313,9.635,timeout,-0.026757756902931917,-0.028517086449861728,0.001759329546929811,9.046674492363598,6
AVAX,2024-03-05 12:00:00+00:00,2024-03-05 16:00:00+00:00,2024-03-06 16:00:00+00:00,44.139,39.808,44.054,41.422,timeout,-0.09812184236163035,-0.09951159904575335,0.0013897566841230002,7.710732744665526,6
BNB,2024-03-06 08:00:00+00:00,2024-03-06 12:00:00+00:00,2024-03-07 12:00:00+00:00,426.1,438.6,422.4,353.6,timeout,0.029335836658061387,0.02800763176982124,0.0013282048882401476,6.455921962584254,6
ETH,2024-03-06 08:00:00+00:00,2024-03-06 12:00:00+00:00,2024-03-07 12:00:00+00:00,3880.48,3789.58,3825.0,3176.41,timeout,-0.023424937121180878,-0.02440920432289917,0.0009842672017182919,5.041924062981029,6
BTC,2024-03-07 16:00:00+00:00,2024-03-07 20:00:00+00:00,2024-03-08 12:00:00+00:00,67504.2,69447.30000000002,67500.0,65556.9,target,0.028784875607740235,0.027753941085910894,0.0010309345218293409,5.012959217987713,4
SOL,2024-03-07 12:00:00+00:00,2024-03-07 16:00:00+00:00,2024-03-08 16:00:00+00:00,146.07,145.4,142.74,101.8,timeout,-0.004586841925104279,-0.0057808055483823395,0.0011939636232780604,6.000925858297193,6
BNB,2024-03-07 16:00:00+00:00,2024-03-07 20:00:00+00:00,2024-03-08 20:00:00+00:00,467.9,484.5,450.7,423.1,timeout,0.035477666167984756,0.0341415361617341,0.0013361300062506576,6.455921962584254,6
ETH,2024-03-08 00:00:00+00:00,2024-03-08 04:00:00+00:00,2024-03-09 04:00:00+00:00,3902.88,3925.0,3894.97,3734.68,timeout,0.00566760956011958,0.004654020659945912,0.0010135889001736675,5.041924062981029,6
BTC,2024-03-08 16:00:00+00:00,2024-03-08 20:00:00+00:00,2024-03-09 20:00:00+00:00,68888.0,68218.6,68064.6,66720.6,timeout,-0.009717222157705208,-0.010709574131627542,0.000992351973922334,5.012959217987713,6
BNB,2024-03-10 04:00:00+00:00,2024-03-10 08:00:00+00:00,2024-03-10 08:00:00+00:00,503.8,518.0,494.3,480.1,target,0.028185788011115598,0.026859067089701316,0.0013267209214142817,6.455921962584254,0
DOT,2024-03-09 08:00:00+00:00,2024-03-09 12:00:00+00:00,2024-03-10 12:00:00+00:00,10.896,10.413,10.805,9.959,timeout,-0.044328193832599116,-0.046055761308922194,0.0017275674763230775,9.046674492363598,6
LINK,2024-03-10 20:00:00+00:00,2024-03-11 00:00:00+00:00,2024-03-11 00:00:00+00:00,21.687,22.367999999999995,20.345,19.664,target,0.03140130031816257,0.030053791294486487,0.0013475090236760856,6.536688716426203,0
ETH,2024-03-10 04:00:00+00:00,2024-03-10 08:00:00+00:00,2024-03-11 04:00:00+00:00,3945.7,4020.8399999999997,3945.0,3869.86,target,0.019043515725980065,0.018016445562324623,0.0010270701636554413,5.041924062981029,5
XRP,2024-03-11 12:00:00+00:00,2024-03-11 16:00:00+00:00,2024-03-11 16:00:00+00:00,0.6933,0.7425,0.6306,0.5814,target,0.07096495023799232,0.06973559671127916,0.0012293535267131617,5.742762706652812,0
AVAX,2024-03-11 08:00:00+00:00,2024-03-11 12:00:00+00:00,2024-03-11 20:00:00+00:00,46.217,49.12200000000001,43.999,41.094,target,0.06285565917303182,0.06121784286260956,0.0016378163104222576,7.710732744665526,2
BTC,2024-03-11 04:00:00+00:00,2024-03-11 08:00:00+00:00,2024-03-12 08:00:00+00:00,71208.0,72142.2,70286.2,66066.0,timeout,0.013119312436804753,0.012104076211344017,0.001015236225460736,5.012959217987713,6
ADA,2024-03-11 12:00:00+00:00,2024-03-11 16:00:00+00:00,2024-03-12 16:00:00+00:00,0.7588,0.7473,0.7454,0.6833,timeout,-0.015155508697944242,-0.01712102344651667,0.001965514748572428,9.988775255673833,6
DOT,2024-03-11 16:00:00+00:00,2024-03-11 20:00:00+00:00,2024-03-12 20:00:00+00:00,11.042,10.781,11.028,9.76,timeout,-0.023637022278572672,-0.025401993176020876,0.0017649708974482037,9.046674492363598,6
ETH,2024-03-11 20:00:00+00:00,2024-03-12 00:00:00+00:00,2024-03-13 00:00:00+00:00,4067.51,3982.18,4059.99,3721.34,timeout,-0.02097843643900088,-0.02196516941162807,0.0009867329726271912,5.041924062981029,6
BNB,2024-03-12 00:00:00+00:00,2024-03-12 04:00:00+00:00,2024-03-13 04:00:00+00:00,535.0,538.5,533.9,504.9,timeout,0.006542056074766434,0.005243263172113322,0.001298792902653112,6.455921962584254,6
SOL,2024-03-12 00:00:00+00:00,2024-03-12 04:00:00+00:00,2024-03-13 04:00:00+00:00,151.04,149.35,150.57,136.0,timeout,-0.011189088983050821,-0.012375133439543773,0.0011860444564929518,6.000925858297193,6
SOL,2024-03-13 08:00:00+00:00,2024-03-13 12:00:00+00:00,2024-03-13 20:00:00+00:00,153.84,165.69000000000003,153.26,141.41,target,0.0770280811232451,0.0757362232251666,0.0012918578980785078,6.000925858297193,2
ADA,2024-03-13 04:00:00+00:00,2024-03-13 08:00:00+00:00,2024-03-14 08:00:00+00:00,0.7633,0.7835,0.7579,0.7028,timeout,0.026464037730905332,0.02441546029268271,0.0020485774382226207,9.988775255673833,6
DOT,2024-03-13 04:00:00+00:00,2024-03-13 08:00:00+00:00,2024-03-14 08:00:00+00:00,11.011,11.332,10.96,10.05,timeout,0.029152665516301912,0.027292266724956216,0.0018603987913456965,9.046674492363598,6
AVAX,2024-03-14 00:00:00+00:00,2024-03-14 04:00:00+00:00,2024-03-15 04:00:00+00:00,57.719,54.184,55.533,52.172,timeout,-0.06124499731457589,-0.06269157968125871,0.0014465823666828248,7.710732744665526,6
LINK,2024-03-14 08:00:00+00:00,2024-03-14 12:00:00+00:00,2024-03-15 12:00:00+00:00,21.624,19.26,20.977,20.199,timeout,-0.10932297447280792,-0.11048662952027477,0.0011636550474668494,6.536688716426203,6
BNB,2024-03-15 20:00:00+00:00,2024-03-16 00:00:00+00:00,2024-03-17 00:00:00+00:00,635.0,576.7,613.9,541.7,timeout,-0.09181102362204718,-0.09298290649536423,0.0011718828733170428,6.455921962584254,6
AVAX,2024-03-16 04:00:00+00:00,2024-03-16 08:00:00+00:00,2024-03-17 08:00:00+00:00,60.654,51.458,59.007,48.174,timeout,-0.1516140732680451,-0.1529214006519115,0.001307327383866408,7.710732744665526,6
SOL,2024-03-16 04:00:00+00:00,2024-03-16 08:00:00+00:00,2024-03-17 08:00:00+00:00,192.88,181.94,189.0,164.55,timeout,-0.056719203649937766,-0.057850636310077586,0.0011314326601398195,6.000925858297193,6
AVAX,2024-03-17 16:00:00+00:00,2024-03-17 20:00:00+00:00,2024-03-18 08:00:00+00:00,57.833,64.538,56.779,50.074,target,0.11593726764995771,0.11421765479134316,0.0017196128586145498,7.710732744665526,3
BTC,2024-03-17 16:00:00+00:00,2024-03-17 20:00:00+00:00,2024-03-18 20:00:00+00:00,68533.4,66934.2,68154.9,64555.0,timeout,-0.0233346076511598,-0.024313313786058832,0.0009787061348990322,5.012959217987713,6
DOT,2024-03-17 16:00:00+00:00,2024-03-17 20:00:00+00:00,2024-03-18 20:00:00+00:00,10.233,9.746,10.079,9.191,timeout,-0.04759112674679955,-0.04931279582082204,0.0017216690740224916,9.046674492363598,6
ETH,2024-03-17 16:00:00+00:00,2024-03-17 20:00:00+00:00,2024-03-18 20:00:00+00:00,3651.02,3480.22,3649.71,3411.01,timeout,-0.046781447376349705,-0.047742174096783274,0.000960726720433569,5.041924062981029,6
LINK,2024-03-17 16:00:00+00:00,2024-03-17 20:00:00+00:00,2024-03-18 20:00:00+00:00,18.683,18.2,18.604,17.375,timeout,-0.0258523791682278,-0.02712508719085549,0.0012727080226276888,6.536688716426203,6
SOL,2024-03-17 20:00:00+00:00,2024-03-18 00:00:00+00:00,2024-03-19 00:00:00+00:00,201.82,195.97,196.08,176.75,timeout,-0.02898622534932116,-0.030150922756854937,0.0011646974075337768,6.000925858297193,6
ADA,2024-03-18 04:00:00+00:00,2024-03-18 08:00:00+00:00,2024-03-19 08:00:00+00:00,0.6872,0.6271,0.6864,0.6286,timeout,-0.0874563445867288,-0.08927756410846233,0.0018212195217335303,9.988775255673833,6
XRP,2024-03-18 20:00:00+00:00,2024-03-19 00:00:00+00:00,2024-03-20 00:00:00+00:00,0.6453,0.5844,0.6282,0.6019,timeout,-0.09437470943747084,-0.09541427067109143,0.0010395612336205895,5.742762706652812,6
XRP,2024-03-20 20:00:00+00:00,2024-03-21 00:00:00+00:00,2024-03-21 12:00:00+00:00,0.611,0.6509,0.6081,0.5682,target,0.06530278232405906,0.06407992836214693,0.0012228539619121293,5.742762706652812,3
ADA,2024-03-20 16:00:00+00:00,2024-03-20 20:00:00+00:00,2024-03-21 20:00:00+00:00,0.6318,0.6325,0.6169,0.5568,timeout,0.0011079455523899107,-0.0008900271725170716,0.0019979727249069823,9.988775255673833,6
BNB,2024-03-20 16:00:00+00:00,2024-03-20 20:00:00+00:00,2024-03-21 20:00:00+00:00,540.9,551.8,539.4,499.8,timeout,0.02015159918654086,0.018835245191536787,0.0013163539950040715,6.455921962584254,6
BTC,2024-03-20 16:00:00+00:00,2024-03-20 20:00:00+00:00,2024-03-21 20:00:00+00:00,65808.5,65203.2,64527.9,60766.1,timeout,-0.009197899967329448,-0.010190772348565913,0.0009928723812364648,5.012959217987713,6
LINK,2024-03-20 16:00:00+00:00,2024-03-20 20:00:00+00:00,2024-03-21 20:00:00+00:00,18.08,18.548,17.692,16.257,timeout,0.02588495575221228,0.024544653742991196,0.0013403020092210838,6.536688716426203,6
SOL,2024-03-20 16:00:00+00:00,2024-03-20 20:00:00+00:00,2024-03-21 20:00:00+00:00,182.67,177.92,182.05,162.48,timeout,-0.026003175124541533,-0.027171450597550884,0.0011682754730093503,6.000925858297193,6
DOT,2024-03-20 20:00:00+00:00,2024-03-21 00:00:00+00:00,2024-03-22 00:00:00+00:00,9.482,9.181,9.363,8.485,timeout,-0.0317443577304366,-0.03349467300138642,0.0017503152709498204,9.046674492363598,6
ETH,2024-03-20 20:00:00+00:00,2024-03-21 00:00:00+00:00,2024-03-22 00:00:00+00:00,3515.48,3492.63,3397.99,3051.58,timeout,-0.006499823637170388,-0.007501149265548235,0.0010013256283778471,5.041924062981029,6
BNB,2024-03-22 00:00:00+00:00,2024-03-22 04:00:00+00:00,2024-03-23 04:00:00+00:00,575.7,550.3,562.2,504.1,timeout,-0.04412020149383378,-0.045353622283950235,0.0012334207901164573,6.455921962584254,6
BTC,2024-03-23 12:00:00+00:00,2024-03-23 16:00:00+00:00,2024-03-24 16:00:00+00:00,65097.9,65684.9,64886.0,62171.2,timeout,0.009017187958443973,0.008006062428851601,0.0010111255295923716,5.012959217987713,6
DOT,2024-03-23 12:00:00+00:00,2024-03-23 16:00:00+00:00,2024-03-24 16:00:00+00:00,9.163,9.215,9.116,8.69,timeout,0.005674997271635895,0.0038570390501779794,0.001817958221457916,9.046674492363598,6
XRP,2024-03-23 12:00:00+00:00,2024-03-23 16:00:00+00:00,2024-03-24 16:00:00+00:00,0.6279,0.6316,0.6216,0.6029,timeout,0.005892658066571244,0.0047380005902324385,0.0011546574763388051,5.742762706652812,6
AVAX,2024-03-24 20:00:00+00:00,2024-03-25 00:00:00+00:00,2024-03-25 08:00:00+00:00,55.7,57.653,54.805,52.852,target,0.035062836624775606,0.033467847896527125,0.001594988728248481,7.710732744665526,2
LINK,2024-03-24 20:00:00+00:00,2024-03-25 00:00:00+00:00,2024-03-25 08:00:00+00:00,18.529,19.011999999999993,18.458,17.975,target,0.026067245938798278,0.024726705770413027,0.0013405401683852514,6.536688716426203,2
SOL,2024-03-24 20:00:00+00:00,2024-03-25 00:00:00+00:00,2024-03-25 08:00:00+00:00,183.94,190.10999999999999,177.5,171.33,target,0.03354354680874194,0.03230384710419898,0.0012396997045429625,6.000925858297193,2
BTC,2024-03-24 20:00:00+00:00,2024-03-25 00:00:00+00:00,2024-03-25 12:00:00+00:00,67225.2,69392.9,65944.7,63777.0,target,0.03224534847051408,0.031210946245163074,0.0010344022253510055,5.012959217987713,3
DOT,2024-03-24 20:00:00+00:00,2024-03-25 00:00:00+00:00,2024-03-25 12:00:00+00:00,9.375,9.692999999999998,9.272,8.954,target,0.03391999999999973,0.03205098330034106,0.0018690166996586655,9.046674492363598,3
ETH,2024-03-24 20:00:00+00:00,2024-03-25 00:00:00+00:00,2024-03-25 12:00:00+00:00,3455.8,3572.0299999999997,3416.49,3300.26,target,0.03363331211296927,0.032591537234224255,0.0010417748787450165,5.041924062981029,3
XRP,2024-03-25 12:00:00+00:00,2024-03-25 16:00:00+00:00,2024-03-25 16:00:00+00:00,0.6421,0.6593999999999999,0.6375,0.6202,target,0.026942843793801297,0.025764022949599008,0.0011788208442022885,5.742762706652812,0
ADA,2024-03-24 20:00:00+00:00,2024-03-25 00:00:00+00:00,2024-03-26 00:00:00+00:00,0.6468,0.6568,0.6427,0.5987,timeout,0.015460729746443969,0.013434112286997202,0.0020266174594467667,9.988775255673833,6
BNB,2024-03-25 00:00:00+00:00,2024-03-25 04:00:00+00:00,2024-03-26 04:00:00+00:00,581.6,592.8,568.2,545.4,timeout,0.019257221458046647,0.017942021524553375,0.0013151999334932718,6.455921962584254,6
ADA,2024-03-26 04:00:00+00:00,2024-03-26 08:00:00+00:00,2024-03-27 08:00:00+00:00,0.672,0.6486,0.6683,0.6379,timeout,-0.03482142857142867,-0.036747694833669575,0.0019262662622409055,9.988775255673833,6
BNB,2024-03-28 04:00:00+00:00,2024-03-28 08:00:00+00:00,2024-03-29 04:00:00+00:00,590.5,612.7,585.2,563.0,target,0.037595258255715525,0.03625639581165219,0.0013388624440633379,6.455921962584254,5
XRP,2024-03-28 16:00:00+00:00,2024-03-28 20:00:00+00:00,2024-03-29 20:00:00+00:00,0.6274,0.6263,0.6248,0.6029,timeout,-0.0017532674529805448,-0.00289914822238746,0.001145880769406915,5.742762706652812,6
SOL,2024-03-29 20:00:00+00:00,2024-03-30 00:00:00+00:00,2024-03-30 04:00:00+00:00,192.09,199.78000000000003,191.12,183.43,target,0.040033317715654215,0.03878583375557554,0.001247483960078677,6.000925858297193,1
BNB,2024-03-29 08:00:00+00:00,2024-03-29 12:00:00+00:00,2024-03-30 12:00:00+00:00,616.7,604.5,615.0,579.8,timeout,-0.019782714447867722,-0.021047539147292293,0.0012648246994245715,6.455921962584254,6
ETH,2024-03-31 04:00:00+00:00,2024-03-31 08:00:00+00:00,2024-04-01 08:00:00+00:00,3625.99,3546.26,3567.96,3485.42,timeout,-0.02198847762955758,-0.022974192605254462,0.000985714975696883,5.041924062981029,6
BTC,2024-03-31 16:00:00+00:00,2024-03-31 20:00:00+00:00,2024-04-01 20:00:00+00:00,71105.9,69642.5,70536.1,69560.4,timeout,-0.020580570669944342,-0.021562036596385337,0.0009814659264409942,5.012959217987713,6
SOL,2024-03-31 16:00:00+00:00,2024-03-31 20:00:00+00:00,2024-04-01 20:00:00+00:00,200.45,193.35,198.58,193.4,timeout,-0.03542030431529053,-0.03657728426784379,0.001156979952553261,6.000925858297193,6
DOT,2024-03-31 20:00:00+00:00,2024-04-01 00:00:00+00:00,2024-04-02 00:00:00+00:00,9.651,9.148,9.618,9.387,timeout,-0.05211895140399958,-0.05383243553151029,0.0017134841275107116,9.046674492363598,6
SOL,2024-04-03 00:00:00+00:00,2024-04-03 04:00:00+00:00,2024-04-04 04:00:00+00:00,188.45,181.59,186.87,176.0,timeout,-0.03640222870788001,-0.03755803087611731,0.0011558021682372965,6.000925858297193,6
BNB,2024-04-04 00:00:00+00:00,2024-04-04 04:00:00+00:00,2024-04-04 16:00:00+00:00,576.2,594.1000000000001,568.1,550.2,target,0.03106560222145105,0.0297351653278779,0.0013304368935731503,6.455921962584254,3
BTC,2024-04-04 12:00:00+00:00,2024-04-04 16:00:00+00:00,2024-04-05 16:00:00+00:00,67650.0,68208.7,66651.9,64425.0,timeout,0.008258684405025862,0.007248318963880118,0.0010103654411457441,5.012959217987713,6
ETH,2024-04-04 12:00:00+00:00,2024-04-04 16:00:00+00:00,2024-04-05 16:00:00+00:00,3363.91,3327.13,3357.95,3200.1,timeout,-0.010933705122907478,-0.011930561945672102,0.0009968568227646246,5.041924062981029,6
AVAX,2024-04-06 00:00:00+00:00,2024-04-06 04:00:00+00:00,2024-04-06 20:00:00+00:00,46.649,48.754999999999995,46.064,43.958,target,0.045145662286436794,0.04353513634372175,0.0016105259427150465,7.710732744665526,4
ADA,2024-04-06 00:00:00+00:00,2024-04-06 04:00:00+00:00,2024-04-07 04:00:00+00:00,0.5806,0.5887,0.5794,0.5591,timeout,0.013951085084395354,0.011927480515688815,0.0020236045687065385,9.988775255673833,6
DOT,2024-04-06 00:00:00+00:00,2024-04-06 04:00:00+00:00,2024-04-07 04:00:00+00:00,8.449,8.639,8.447,8.076,timeout,0.022487868386791288,0.020639517546094277,0.0018483508406970106,9.046674492363598,6
LINK,2024-04-06 08:00:00+00:00,2024-04-06 12:00:00+00:00,2024-04-07 12:00:00+00:00,17.619,17.747,17.555,16.858,timeout,0.007264884499687874,0.005948909310712569,0.0013159751889753046,6.536688716426203,6
XRP,2024-04-06 12:00:00+00:00,2024-04-06 16:00:00+00:00,2024-04-07 16:00:00+00:00,0.5942,0.5964,0.5912,0.5683,timeout,0.0037024570851567074,0.002550313725923292,0.0011521433592334152,5.742762706652812,6
BNB,2024-04-06 20:00:00+00:00,2024-04-07 00:00:00+00:00,2024-04-08 00:00:00+00:00,585.4,583.7,584.5,575.0,timeout,-0.0029039972668259972,-0.00419060144178085,0.001286604174954853,6.455921962584254,6
BTC,2024-04-06 20:00:00+00:00,2024-04-07 00:00:00+00:00,2024-04-08 00:00:00+00:00,68913.8,69358.7,68600.0,65931.4,timeout,0.006455891272865388,0.0054473323917885175,0.0010085588810768709,5.012959217987713,6
SOL,2024-04-07 00:00:00+00:00,2024-04-07 04:00:00+00:00,2024-04-08 04:00:00+00:00,180.77,176.5,180.17,173.81,timeout,-0.023621176080101836,-0.024792308678503572,0.0011711325984017362,6.000925858297193,6
BTC,2024-04-08 04:00:00+00:00,2024-04-08 08:00:00+00:00,2024-04-08 08:00:00+00:00,70714.3,72208.99999999999,70345.0,68850.3,target,0.021137167447036642,0.02011389661325591,0.0010232708337807317,5.012959217987713,0
DOT,2024-04-08 04:00:00+00:00,2024-04-08 08:00:00+00:00,2024-04-08 08:00:00+00:00,8.779,8.986999999999998,8.74,8.532,target,0.02369290351976283,0.021842374337620596,0.0018505291821422354,9.046674492363598,0
ETH,2024-04-07 20:00:00+00:00,2024-04-08 00:00:00+00:00,2024-04-08 08:00:00+00:00,3454.0,3540.7,3399.83,3313.13,target,0.025101331789229908,0.024068156094221305,0.0010331756950086035,5.041924062981029,2
XRP,2024-04-08 04:00:00+00:00,2024-04-08 08:00:00+00:00,2024-04-08 12:00:00+00:00,0.602,0.6152,0.6,0.5868,target,0.0219269102990034,0.020753847211420373,0.0011730630875830261,5.742762706652812,1
AVAX,2024-04-08 08:00:00+00:00,2024-04-08 12:00:00+00:00,2024-04-09 12:00:00+00:00,50.437,48.621,49.704,47.898,timeout,-0.03600531355948999,-0.03749078922778637,0.0014854756682963766,7.710732744665526,6
BNB,2024-04-08 08:00:00+00:00,2024-04-08 12:00:00+00:00,2024-04-09 12:00:00+00:00,596.3,584.2,591.2,579.7,timeout,-0.02029179942981707,-0.02155596723074693,0.0012641678009298607,6.455921962584254,6
LINK,2024-04-08 08:00:00+00:00,2024-04-08 12:00:00+00:00,2024-04-09 12:00:00+00:00,18.603,17.838,17.969,17.536,timeout,-0.04112239961296571,-0.04237515760224109,0.001252757989275377,6.536688716426203,6
ADA,2024-04-08 16:00:00+00:00,2024-04-08 20:00:00+00:00,2024-04-09 20:00:00+00:00,0.6148,0.6,0.6121,0.579,timeout,-0.02407286922576457,-0.026020587049248256,0.0019477178234836856,9.988775255673833,6
BNB,2024-04-10 12:00:00+00:00,2024-04-10 16:00:00+00:00,2024-04-11 00:00:00+00:00,593.5,612.6999999999999,592.1,572.9,target,0.03235046335299052,0.0310183685371197,0.0013320948158708212,6.455921962584254,2
ETH,2024-04-11 00:00:00+00:00,2024-04-11 04:00:00+00:00,2024-04-12 04:00:00+00:00,3575.99,3535.01,3564.42,3408.14,timeout,-0.011459763589942829,-0.012456090210662518,0.0009963266207196897,5.041924062981029,6
ADA,2024-04-11 04:00:00+00:00,2024-04-11 08:00:00+00:00,2024-04-12 08:00:00+00:00,0.5916,0.5817,0.5901,0.5568,timeout,-0.016734279918864114,-0.018696643816569436,0.0019623638977053215,9.988775255673833,6
LINK,2024-04-12 00:00:00+00:00,2024-04-12 04:00:00+00:00,2024-04-13 04:00:00+00:00,17.767,15.095,17.624,17.004,timeout,-0.15039117464963125,-0.15150117476151936,0.0011100001118881098,6.536688716426203,6
BNB,2024-04-12 04:00:00+00:00,2024-04-12 08:00:00+00:00,2024-04-13 08:00:00+00:00,620.8,593.1,618.1,591.8,timeout,-0.04461984536082464,-0.045852621434801955,0.0012327760739773153,6.455921962584254,6
ADA,2024-04-15 04:00:00+00:00,2024-04-15 08:00:00+00:00,2024-04-16 08:00:00+00:00,0.4895,0.4739,0.4775,0.4384,timeout,-0.0318692543411645,-0.03380141243916335,0.0019321580979988484,9.988775255673833,6
BNB,2024-04-15 04:00:00+00:00,2024-04-15 08:00:00+00:00,2024-04-16 08:00:00+00:00,575.3,550.6,570.4,536.4,timeout,-0.04293412132800267,-0.04416907257826452,0.001234951250261851,6.455921962584254,6
BTC,2024-04-15 04:00:00+00:00,2024-04-15 08:00:00+00:00,2024-04-16 08:00:00+00:00,66251.6,63510.0,65881.1,62572.3,timeout,-0.04138164210373796,-0.04234226349490189,0.0009606213911639294,5.012959217987713,6
DOT,2024-04-15 04:00:00+00:00,2024-04-15 08:00:00+00:00,2024-04-16 08:00:00+00:00,7.119,6.763,6.927,6.354,timeout,-0.05000702345835084,-0.05172432531701954,0.0017173018586686961,9.046674492363598,6
ETH,2024-04-15 04:00:00+00:00,2024-04-15 08:00:00+00:00,2024-04-16 08:00:00+00:00,3242.29,3106.56,3174.65,2977.11,timeout,-0.04186238738669279,-0.04282807191282412,0.0009656845261313274,5.041924062981029,6
LINK,2024-04-15 04:00:00+00:00,2024-04-15 08:00:00+00:00,2024-04-16 08:00:00+00:00,14.413,13.692,14.251,13.13,timeout,-0.05002428363283151,-0.051265411455419296,0.0012411278225877842,6.536688716426203,6
SOL,2024-04-15 04:00:00+00:00,2024-04-15 08:00:00+00:00,2024-04-16 08:00:00+00:00,153.75,137.86,152.86,133.45,timeout,-0.10334959349593487,-0.1044250946177342,0.0010755011217993271,6.000925858297193,6
XRP,2024-04-15 04:00:00+00:00,2024-04-15 08:00:00+00:00,2024-04-16 08:00:00+00:00,0.5137,0.4987,0.5071,0.4731,timeout,-0.029199922133541056,-0.030314297071015295,0.0011143749374742384,5.742762706652812,6
SOL,2024-04-17 04:00:00+00:00,2024-04-17 08:00:00+00:00,2024-04-18 08:00:00+00:00,139.48,129.45,138.22,126.3,timeout,-0.07190995124749067,-0.07302316313176993,0.0011132118842792638,6.000925858297193,6
XRP,2024-04-17 04:00:00+00:00,2024-04-17 08:00:00+00:00,2024-04-18 08:00:00+00:00,0.504,0.4901,0.5021,0.4754,timeout,-0.027579365079365092,-0.028695600243478392,0.0011162351641132995,5.742762706652812,6
BNB,2024-04-18 12:00:00+00:00,2024-04-18 16:00:00+00:00,2024-04-19 16:00:00+00:00,550.7,559.9,550.4,512.4,timeout,0.01670601053205001,0.01539410255702367,0.0013119079750263385,6.455921962584254,6
DOT,2024-04-18 12:00:00+00:00,2024-04-18 16:00:00+00:00,2024-04-19 16:00:00+00:00,6.749,6.804,6.737,6.325,timeout,0.00814935546006823,0.006326924342472173,0.0018224311175960572,9.046674492363598,6
LINK,2024-04-18 16:00:00+00:00,2024-04-18 20:00:00+00:00,2024-04-19 20:00:00+00:00,13.685,14.029,13.606,12.712,timeout,0.025137011326269665,0.023797686494275938,0.0013393248319937268,6.536688716426203,6
SOL,2024-04-18 16:00:00+00:00,2024-04-18 20:00:00+00:00,2024-04-19 20:00:00+00:00,140.31,145.53,140.23,126.87,timeout,0.037203335471456045,0.03595924597710898,0.001244089494347067,6.000925858297193,6
ADA,2024-04-19 08:00:00+00:00,2024-04-19 12:00:00+00:00,2024-04-20 04:00:00+00:00,0.4675,0.49440000000000006,0.4613,0.4344,target,0.05754010695187173,0.05542950909020039,0.0021105978616713372,9.988775255673833,4
BTC,2024-04-19 04:00:00+00:00,2024-04-19 08:00:00+00:00,2024-04-20 08:00:00+00:00,64551.8,63974.0,63592.8,59602.2,timeout,-0.00895095101918153,-0.009944070865366084,0.0009931198461845536,5.012959217987713,6
AVAX,2024-04-19 08:00:00+00:00,2024-04-19 12:00:00+00:00,2024-04-20 12:00:00+00:00,35.402,35.033,35.241,32.23,timeout,-0.010423139935596848,-0.011948036668132711,0.0015248967325358631,7.710732744665526,6
ETH,2024-04-19 08:00:00+00:00,2024-04-19 12:00:00+00:00,2024-04-20 12:00:00+00:00,3102.75,3047.81,3087.9,2913.0,timeout,-0.017706872935299378,-0.018696903240387086,0.000990030305087708,5.041924062981029,6
DOT,2024-04-20 12:00:00+00:00,2024-04-20 16:00:00+00:00,2024-04-20 16:00:00+00:00,6.969,7.229,6.838,6.578,target,0.03730807863395036,0.03543293730613217,0.001875141327818186,9.046674492363598,0
XRP,2024-04-19 16:00:00+00:00,2024-04-19 20:00:00+00:00,2024-04-20 20:00:00+00:00,0.5068,0.527,0.5042,0.4662,timeout,0.039857932123125384,0.03866428613512918,0.0011936459879962058,5.742762706652812,6
BNB,2024-04-20 12:00:00+00:00,2024-04-20 16:00:00+00:00,2024-04-21 08:00:00+00:00,568.0,581.8,562.3,548.5,target,0.024295774647887347,0.022974073210474844,0.0013217014374125036,6.455921962584254,4
ADA,2024-04-20 16:00:00+00:00,2024-04-20 20:00:00+00:00,2024-04-21 20:00:00+00:00,0.5022,0.4963,0.499,0.4609,timeout,-0.011748307447232098,-0.013720622156984996,0.001972314709752898,9.988775255673833,6
ETH,2024-04-20 16:00:00+00:00,2024-04-20 20:00:00+00:00,2024-04-21 20:00:00+00:00,3148.38,3137.1,3110.17,3017.35,timeout,-0.003582794961218161,-0.004587060594682502,0.0010042656334643407,5.041924062981029,6
SOL,2024-04-20 16:00:00+00:00,2024-04-20 20:00:00+00:00,2024-04-21 20:00:00+00:00,151.23,148.02,147.42,139.65,timeout,-0.021225947232691778,-0.022399952825176594,0.001174005592484817,6.000925858297193,6
XRP,2024-04-22 12:00:00+00:00,2024-04-22 16:00:00+00:00,2024-04-22 20:00:00+00:00,0.5388,0.5578999999999998,0.5371,0.518,target,0.035449146250927877,0.0342605610788429,0.0011885851720849772,5.742762706652812,1
BTC,2024-04-22 00:00:00+00:00,2024-04-22 04:00:00+00:00,2024-04-23 04:00:00+00:00,65706.1,66424.2,65442.1,62944.5,timeout,0.010928970065184007,0.009915928758815973,0.0010130413063680344,5.012959217987713,6
AVAX,2024-04-22 04:00:00+00:00,2024-04-22 08:00:00+00:00,2024-04-23 08:00:00+00:00,38.48,38.264,38.241,36.347,timeout,-0.005613305613305419,-0.007145614100236397,0.0015323084869309778,7.710732744665526,6
BNB,2024-04-22 04:00:00+00:00,2024-04-22 08:00:00+00:00,2024-04-23 08:00:00+00:00,603.4,600.6,599.2,566.5,timeout,-0.004640371229698292,-0.005924734872163273,0.0012843636424649807,6.455921962584254,6
DOT,2024-04-22 04:00:00+00:00,2024-04-22 08:00:00+00:00,2024-04-23 08:00:00+00:00,7.436,7.364,7.318,6.959,timeout,-0.009682625067240491,-0.011472821321990678,0.001790196254750187,9.046674492363598,6
ADA,2024-04-22 12:00:00+00:00,2024-04-22 16:00:00+00:00,2024-04-23 16:00:00+00:00,0.5157,0.505,0.5104,0.4874,timeout,-0.020748497188287862,-0.02270284966559466,0.0019543524773067977,9.988775255673833,6
SOL,2024-04-22 20:00:00+00:00,2024-04-23 00:00:00+00:00,2024-04-24 00:00:00+00:00,156.92,154.76,156.65,146.69,timeout,-0.01376497578383884,-0.014947930553288025,0.0011829547694491849,6.000925858297193,6
BNB,2024-04-24 08:00:00+00:00,2024-04-24 12:00:00+00:00,2024-04-25 12:00:00+00:00,613.8,611.4,608.9,591.3,timeout,-0.003910068426197455,-0.005195374415872034,0.0012853059896745789,6.455921962584254,6
ETH,2024-04-24 08:00:00+00:00,2024-04-24 12:00:00+00:00,2024-04-25 12:00:00+00:00,3281.59,3111.77,3265.23,3151.01,timeout,-0.05174930445302439,-0.05270502418631551,0.000955719733291116,5.041924062981029,6
ETH,2024-04-27 16:00:00+00:00,2024-04-27 20:00:00+00:00,2024-04-28 00:00:00+00:00,3237.68,3327.7,3155.82,3065.8,target,0.02780385955375464,0.0267679600441193,0.0010358995096353407,5.041924062981029,1
ADA,2024-04-28 00:00:00+00:00,2024-04-28 04:00:00+00:00,2024-04-29 04:00:00+00:00,0.4748,0.4523,0.469,0.4437,timeout,-0.04738837405223251,-0.04928955968813575,0.0019011856359032464,9.988775255673833,6
BNB,2024-04-28 00:00:00+00:00,2024-04-28 04:00:00+00:00,2024-04-29 04:00:00+00:00,599.0,589.9,597.9,585.7,timeout,-0.015191986644407351,-0.016462734995658757,0.001270748351251405,6.455921962584254,6
DOT,2024-04-28 00:00:00+00:00,2024-04-28 04:00:00+00:00,2024-04-29 04:00:00+00:00,6.916,6.659,6.896,6.501,timeout,-0.03716020821283983,-0.0389007332534097,0.0017405250405698736,9.046674492363598,6
AVAX,2024-04-29 20:00:00+00:00,2024-04-30 00:00:00+00:00,2024-05-01 00:00:00+00:00,35.283,32.699,35.151,32.83,timeout,-0.07323640280021548,-0.07466450691040138,0.0014281041101859016,7.710732744665526,6
SOL,2024-05-01 16:00:00+00:00,2024-05-01 20:00:00+00:00,2024-05-02 12:00:00+00:00,129.74,140.12,128.8,118.42,target,0.08000616617851075,0.07871073617050572,0.0012954300080050274,6.000925858297193,4
DOT,2024-05-01 16:00:00+00:00,2024-05-01 20:00:00+00:00,2024-05-02 16:00:00+00:00,6.725,7.252,6.561,6.034,target,0.07836431226765805,0.07641495360553319,0.001949358662124867,9.046674492363598,5
LINK,2024-05-02 08:00:00+00:00,2024-05-02 12:00:00+00:00,2024-05-03 12:00:00+00:00,13.659,13.669,13.505,12.395,timeout,0.0007321180174244546,-0.0005753222183938478,0.0013074402358183024,6.536688716426203,6
XRP,2024-05-02 16:00:00+00:00,2024-05-02 20:00:00+00:00,2024-05-03 20:00:00+00:00,0.5234,0.5306,0.5225,0.5067,timeout,0.013756209400076491,0.012592525405584976,0.0011636839944915156,5.742762706652812,6
ADA,2024-05-03 00:00:00+00:00,2024-05-03 04:00:00+00:00,2024-05-04 04:00:00+00:00,0.4605,0.4667,0.4578,0.4183,timeout,0.013463626492942415,0.011440994775340219,0.002022631717602197,9.988775255673833,6
AVAX,2024-05-03 00:00:00+00:00,2024-05-03 04:00:00+00:00,2024-05-04 04:00:00+00:00,34.164,35.527,33.953,30.581,timeout,0.0398957967451119,0.03829336062657629,0.0016024361185356106,7.710732744665526,6
SOL,2024-05-03 00:00:00+00:00,2024-05-03 04:00:00+00:00,2024-05-04 04:00:00+00:00,140.98,144.18,140.48,128.28,timeout,0.02269825507164147,0.02147156391908811,0.0012266911525533608,6.000925858297193,6
BNB,2024-05-03 12:00:00+00:00,2024-05-03 16:00:00+00:00,2024-05-04 16:00:00+00:00,577.5,591.1,566.4,541.2,timeout,0.023549783549783543,0.022229044702992917,0.0013207388467906256,6.455921962584254,6
BTC,2024-05-03 12:00:00+00:00,2024-05-03 16:00:00+00:00,2024-05-04 16:00:00+00:00,61685.9,63615.1,60858.0,56528.8,timeout,0.03127457003950651,0.03024114062102834,0.0010334294184781712,5.012959217987713,6
ETH,2024-05-03 12:00:00+00:00,2024-05-03 16:00:00+00:00,2024-05-04 16:00:00+00:00,3075.6,3126.66,3024.0,2815.0,timeout,0.01660163870464304,0.015577029651816732,0.0010246090528263085,5.041924062981029,6
LINK,2024-05-03 20:00:00+00:00,2024-05-04 00:00:00+00:00,2024-05-05 00:00:00+00:00,14.092,14.315,14.058,13.46,timeout,0.01582458132273623,0.014497423029080414,0.0013271582936558168,6.536688716426203,6
ADA,2024-05-04 16:00:00+00:00,2024-05-04 20:00:00+00:00,2024-05-05 20:00:00+00:00,0.4699,0.4604,0.4689,0.4462,timeout,-0.02021706746116192,-0.022172480545473938,0.0019554130843120188,9.988775255673833,6
AVAX,2024-05-06 04:00:00+00:00,2024-05-06 08:00:00+00:00,2024-05-06 08:00:00+00:00,38.261,39.291000000000004,37.681,36.651,target,0.02692036277149068,0.02533792125637424,0.0015824415151164395,7.710732744665526,0
DOT,2024-05-05 16:00:00+00:00,2024-05-05 20:00:00+00:00,2024-05-06 08:00:00+00:00,7.283,7.431000000000001,7.253,7.105,target,0.02032129616916123,0.018476861840047265,0.0018444343291139642,9.046674492363598,3
LINK,2024-05-05 12:00:00+00:00,2024-05-05 16:00:00+00:00,2024-05-06 08:00:00+00:00,14.518,14.893,14.485,14.11,target,0.025830004132800566,0.024489773916976487,0.0013402302158240786,6.536688716426203,4
SOL,2024-05-06 04:00:00+00:00,2024-05-06 08:00:00+00:00,2024-05-06 08:00:00+00:00,148.7,153.35999999999999,147.88,143.22,target,0.03133826496301273,0.030101210417700086,0.0012370545453126436,6.000925858297193,0
XRP,2024-05-06 04:00:00+00:00,2024-05-06 08:00:00+00:00,2024-05-06 12:00:00+00:00,0.5397,0.5519999999999998,0.536,0.5237,target,0.02279043913285128,0.021616384806276923,0.0011740543265743586,5.742762706652812,1
BNB,2024-05-05 12:00:00+00:00,2024-05-05 16:00:00+00:00,2024-05-06 16:00:00+00:00,593.2,589.0,591.7,578.5,timeout,-0.0070802427511801325,-0.00836145810212896,0.0012812153509488278,6.455921962584254,6
BTC,2024-05-05 12:00:00+00:00,2024-05-05 16:00:00+00:00,2024-05-06 16:00:00+00:00,64421.8,63641.3,64222.0,62863.6,timeout,-0.012115464019943567,-0.01310541274087662,0.0009899487209330537,5.012959217987713,6
ETH,2024-05-06 04:00:00+00:00,2024-05-06 08:00:00+00:00,2024-05-07 08:00:00+00:00,3180.49,3077.34,3173.93,3071.2,timeout,-0.03243210951771569,-0.03340729860070335,0.0009751890829876597,5.041924062981029,6
ADA,2024-05-08 12:00:00+00:00,2024-05-08 16:00:00+00:00,2024-05-09 16:00:00+00:00,0.4614,0.4557,0.4534,0.4359,timeout,-0.012353706111833507,-0.014324812590221225,0.0019711064783877186,9.988775255673833,6
AVAX,2024-05-09 20:00:00+00:00,2024-05-10 00:00:00+00:00,2024-05-10 04:00:00+00:00,35.061,36.033,34.701,33.729,target,0.027723111149140056,0.02613943263220242,0.0015836785169376366,7.710732744665526,1
BNB,2024-05-09 00:00:00+00:00,2024-05-09 04:00:00+00:00,2024-05-10 04:00:00+00:00,597.3,593.5,595.5,573.8,timeout,-0.006361962163067059,-0.007644104348343839,0.00128214218527678,6.455921962584254,6
LINK,2024-05-09 16:00:00+00:00,2024-05-09 20:00:00+00:00,2024-05-10 20:00:00+00:00,14.256,13.633,14.118,13.687,timeout,-0.04370089786756459,-0.04495028709080828,0.001249389223243691,6.536688716426203,6
SOL,2024-05-09 16:00:00+00:00,2024-05-09 20:00:00+00:00,2024-05-10 20:00:00+00:00,150.81,147.16,149.13,139.92,timeout,-0.024202639082289035,-0.025373074235949034,0.0011704351536599988,6.000925858297193,6
BTC,2024-05-09 20:00:00+00:00,2024-05-10 00:00:00+00:00,2024-05-11 00:00:00+00:00,63065.4,60811.3,62680.4,60630.6,timeout,-0.035742261208206005,-0.03670853376375316,0.0009662725555471541,5.012959217987713,6
ETH,2024-05-09 20:00:00+00:00,2024-05-10 00:00:00+00:00,2024-05-11 00:00:00+00:00,3036.01,2910.74,3026.49,2951.19,timeout,-0.041261392419656207,-0.04222768267458099,0.0009662902549247843,5.041924062981029,6
ADA,2024-05-10 00:00:00+00:00,2024-05-10 04:00:00+00:00,2024-05-11 04:00:00+00:00,0.4657,0.4462,0.4646,0.4469,timeout,-0.04187245007515572,-0.04378464417993366,0.0019121941047779423,9.988775255673833,6
DOT,2024-05-10 00:00:00+00:00,2024-05-10 04:00:00+00:00,2024-05-11 04:00:00+00:00,7.108,6.728,7.069,6.782,timeout,-0.05346088913899827,-0.05517194744629417,0.0017110583072958985,9.046674492363598,6
BTC,2024-05-13 04:00:00+00:00,2024-05-13 08:00:00+00:00,2024-05-13 08:00:00+00:00,62335.1,63311.899999999994,61577.8,60601.0,target,0.01567014410821499,0.014652351721119672,0.0010177923870953176,5.012959217987713,0
BNB,2024-05-12 16:00:00+00:00,2024-05-12 20:00:00+00:00,2024-05-13 20:00:00+00:00,598.1,594.7,596.6,587.2,timeout,-0.005684668115699676,-0.006967684248266215,0.001283016132566539,6.455921962584254,6
ETH,2024-05-13 04:00:00+00:00,2024-05-13 08:00:00+00:00,2024-05-14 08:00:00+00:00,2953.95,2919.72,2944.56,2901.03,timeout,-0.01158787386380944,-0.012584071365175697,0.0009961975013662583,5.041924062981029,6
SOL,2024-05-13 16:00:00+00:00,2024-05-13 20:00:00+00:00,2024-05-14 20:00:00+00:00,148.81,143.78,148.29,137.78,timeout,-0.03380149183522618,-0.03496041349730816,0.0011589216620819798,6.000925858297193,6
BTC,2024-05-15 12:00:00+00:00,2024-05-15 16:00:00+00:00,2024-05-15 16:00:00+00:00,64723.1,66403.4,62784.1,61103.8,target,0.025961364644153218,0.024933259533014285,0.0010281051111389328,5.012959217987713,0
SOL,2024-05-15 12:00:00+00:00,2024-05-15 16:00:00+00:00,2024-05-15 20:00:00+00:00,151.71,156.57,146.06,141.2,target,0.03203480324302932,0.03079691322416278,0.0012378900188665387,6.000925858297193,1
ADA,2024-05-15 12:00:00+00:00,2024-05-15 16:00:00+00:00,2024-05-16 04:00:00+00:00,0.4457,0.46019999999999994,0.4421,0.4276,target,0.03253309400942328,0.030472404182157797,0.0020606898272654828,9.988775255673833,3
AVAX,2024-05-15 12:00:00+00:00,2024-05-15 16:00:00+00:00,2024-05-16 16:00:00+00:00,34.074,34.227,33.276,31.352,timeout,0.00449022715266767,0.0029423495424842905,0.001547877610183379,7.710732744665526,6
BNB,2024-05-15 12:00:00+00:00,2024-05-15 16:00:00+00:00,2024-05-16 16:00:00+00:00,579.5,568.1,570.6,560.9,timeout,-0.01967213114754096,-0.020937098538276522,0.0012649673907355607,6.455921962584254,6
DOT,2024-05-15 12:00:00+00:00,2024-05-15 16:00:00+00:00,2024-05-16 16:00:00+00:00,6.865,6.93,6.678,6.457,timeout,0.009468317552804084,0.0076435021480507626,0.0018248154047533216,9.046674492363598,6
ETH,2024-05-15 12:00:00+00:00,2024-05-15 16:00:00+00:00,2024-05-16 16:00:00+00:00,2976.67,2957.89,2924.99,2860.12,timeout,-0.006309063483691535,-0.007310581374773584,0.0010015178910820488,5.041924062981029,6
LINK,2024-05-15 12:00:00+00:00,2024-05-15 16:00:00+00:00,2024-05-16 16:00:00+00:00,13.618,13.775,13.6,13.092,timeout,0.011528858863269154,0.010207312861139073,0.0013215460021300807,6.536688716426203,6
XRP,2024-05-15 12:00:00+00:00,2024-05-15 16:00:00+00:00,2024-05-16 16:00:00+00:00,0.5107,0.5186,0.5085,0.4957,timeout,0.015468964166829746,0.014303314112559473,0.001165650054270273,5.742762706652812,6
LINK,2024-05-17 00:00:00+00:00,2024-05-17 04:00:00+00:00,2024-05-18 04:00:00+00:00,15.923,16.167,15.864,13.534,timeout,0.01532374552534077,0.013997241565508522,0.0013265039598322481,6.536688716426203,6
ADA,2024-05-17 04:00:00+00:00,2024-05-17 08:00:00+00:00,2024-05-18 08:00:00+00:00,0.4806,0.4805,0.4627,0.4483,timeout,-0.00020807324178118147,-0.002203419507006088,0.0019953462652249065,9.988775255673833,6
AVAX,2024-05-17 04:00:00+00:00,2024-05-17 08:00:00+00:00,2024-05-18 08:00:00+00:00,37.28,37.202,34.996,33.735,timeout,-0.002092274678111683,-0.00363000892708798,0.0015377342489762968,7.710732744665526,6
DOT,2024-05-17 04:00:00+00:00,2024-05-17 08:00:00+00:00,2024-05-18 08:00:00+00:00,7.274,7.197,7.065,6.812,timeout,-0.010585647511685448,-0.012374211373186061,0.0017885638615006139,9.046674492363598,6
SOL,2024-05-17 04:00:00+00:00,2024-05-17 08:00:00+00:00,2024-05-18 08:00:00+00:00,169.2,172.34,164.79,156.65,timeout,0.018557919621749575,0.01733619465823555,0.001221724963514026,6.000925858297193,6
BTC,2024-05-17 12:00:00+00:00,2024-05-17 16:00:00+00:00,2024-05-18 16:00:00+00:00,67200.0,66803.5,66799.0,64600.0,timeout,-0.005900297619047645,-0.006896474492973259,0.0009961768739256138,5.012959217987713,6
ETH,2024-05-17 12:00:00+00:00,2024-05-17 16:00:00+00:00,2024-05-18 16:00:00+00:00,3111.63,3111.4,3032.67,2921.9,timeout,-7.391624325514545e-05,-0.0010817183936427943,0.0010078021503876489,5.041924062981029,6
XRP,2024-05-17 12:00:00+00:00,2024-05-17 16:00:00+00:00,2024-05-18 16:00:00+00:00,0.5253,0.522,0.5229,0.5132,timeout,-0.006282124500285535,-0.007422806624879819,0.0011406821245942833,5.742762706652812,6
LINK,2024-05-19 04:00:00+00:00,2024-05-19 08:00:00+00:00,2024-05-20 04:00:00+00:00,16.671,17.193000000000005,16.571,16.049,target,0.03131185891668209,0.029964466746742024,0.0013473921699400648,6.536688716426203,5
AVAX,2024-05-20 12:00:00+00:00,2024-05-20 16:00:00+00:00,2024-05-20 16:00:00+00:00,36.668,38.166999999999994,36.638,35.139,target,0.04088033162430449,0.03927637837851905,0.0016039532457854389,7.710732744665526,0
SOL,2024-05-20 04:00:00+00:00,2024-05-20 08:00:00+00:00,2024-05-20 16:00:00+00:00,177.96,187.29000000000002,175.46,166.13,target,0.052427511800404725,0.051165161433591066,0.0012623503668136582,6.000925858297193,2
BNB,2024-05-20 16:00:00+00:00,2024-05-20 20:00:00+00:00,2024-05-20 20:00:00+00:00,589.9,601.2,581.5,570.2,target,0.019155789116799493,0.01784072006666526,0.0013150690501342321,6.455921962584254,0
ETH,2024-05-20 16:00:00+00:00,2024-05-20 20:00:00+00:00,2024-05-20 20:00:00+00:00,3439.08,3531.8099999999995,3140.73,3048.0,target,0.026963606545936658,0.025928553907687002,0.001035052638249656,5.041924062981029,0
ADA,2024-05-20 16:00:00+00:00,2024-05-20 20:00:00+00:00,2024-05-21 00:00:00+00:00,0.4897,0.5072000000000001,0.4779,0.4604,target,0.035736164998979136,0.03366908260585544,0.002067082393123698,9.988775255673833,1
BTC,2024-05-20 16:00:00+00:00,2024-05-20 20:00:00+00:00,2024-05-21 00:00:00+00:00,70047.3,71954.29999999999,67794.0,65887.0,target,0.027224461185513027,0.026195090338592353,0.0010293708469206742,5.012959217987713,1
DOT,2024-05-20 16:00:00+00:00,2024-05-20 20:00:00+00:00,2024-05-21 00:00:00+00:00,7.415,7.636,7.072,6.851,target,0.029804450438300822,0.02794287341565682,0.001861577022644001,9.046674492363598,1
XRP,2024-05-20 16:00:00+00:00,2024-05-20 20:00:00+00:00,2024-05-21 12:00:00+00:00,0.534,0.5468000000000001,0.5182,0.5054,target,0.02397003745318349,0.022794629073561,0.001175408379622489,5.742762706652812,4
LINK,2024-05-20 20:00:00+00:00,2024-05-21 00:00:00+00:00,2024-05-22 00:00:00+00:00,17.269,16.747,17.136,16.273,timeout,-0.030227575424170428,-0.03149456732405009,0.0012669918998796659,6.536688716426203,6
BNB,2024-05-21 04:00:00+00:00,2024-05-21 08:00:00+00:00,2024-05-22 08:00:00+00:00,630.5,621.5,602.3,568.3,timeout,-0.014274385408405976,-0.015546317787652475,0.0012719323792464987,6.455921962584254,6
ETH,2024-05-23 04:00:00+00:00,2024-05-23 08:00:00+00:00,2024-05-24 08:00:00+00:00,3813.54,3678.73,3798.29,3653.33,timeout,-0.035350356886252654,-0.03632260473586202,0.0009722478496093645,5.041924062981029,6
LINK,2024-05-24 00:00:00+00:00,2024-05-24 04:00:00+00:00,2024-05-25 04:00:00+00:00,17.492,17.134,16.931,15.976,timeout,-0.020466498970958202,-0.021746243558465217,0.0012797445875070146,6.536688716426203,6
ETH,2024-05-26 04:00:00+00:00,2024-05-26 08:00:00+00:00,2024-05-26 12:00:00+00:00,3785.24,3845.2199999999993,3779.99,3720.01,target,0.015845758789402975,0.014821911570292556,0.0010238472191104186,5.041924062981029,1
BTC,2024-05-25 20:00:00+00:00,2024-05-26 00:00:00+00:00,2024-05-27 00:00:00+00:00,69300.0,68515.0,69270.5,66616.1,timeout,-0.011327561327561297,-0.012318299597509741,0.0009907382699484435,5.012959217987713,6
DOT,2024-05-26 00:00:00+00:00,2024-05-26 04:00:00+00:00,2024-05-27 04:00:00+00:00,7.475,7.493,7.437,7.26,timeout,0.0024080267558528323,0.0005959742354659792,0.0018120525203868532,9.046674492363598,6
LINK,2024-05-26 00:00:00+00:00,2024-05-26 04:00:00+00:00,2024-05-27 04:00:00+00:00,17.765,17.128,17.476,16.905,timeout,-0.035857022234731195,-0.03711665935391284,0.0012596371191816447,6.536688716426203,6
SOL,2024-05-27 08:00:00+00:00,2024-05-27 12:00:00+00:00,2024-05-28 12:00:00+00:00,167.79,169.88,166.73,161.0,timeout,0.012456046248286556,0.01124164027064567,0.0012144059776408866,6.000925858297193,6
ADA,2024-05-27 12:00:00+00:00,2024-05-27 16:00:00+00:00,2024-05-28 16:00:00+00:00,0.4721,0.4578,0.4646,0.4548,timeout,-0.03029019275577216,-0.03222550228413634,0.001935309528364182,9.988775255673833,6
AVAX,2024-05-27 12:00:00+00:00,2024-05-27 16:00:00+00:00,2024-05-28 16:00:00+00:00,38.437,37.099,37.437,36.463,timeout,-0.03481020891328668,-0.036297526188075246,0.0014873172747885688,7.710732744665526,6
BNB,2024-05-27 12:00:00+00:00,2024-05-27 16:00:00+00:00,2024-05-28 16:00:00+00:00,613.1,601.0,606.9,597.5,timeout,-0.019735769042570572,-0.021000654318062306,0.001264885275491734,6.455921962584254,6
BTC,2024-05-27 12:00:00+00:00,2024-05-27 16:00:00+00:00,2024-05-28 16:00:00+00:00,70408.2,68396.4,69407.9,68153.8,timeout,-0.02857337639649926,-0.029546832816244373,0.0009734564197451112,5.012959217987713,6
DOT,2024-05-27 12:00:00+00:00,2024-05-27 16:00:00+00:00,2024-05-28 16:00:00+00:00,7.73,7.389,7.644,7.362,timeout,-0.04411384217335057,-0.045841797133067574,0.001727954959717004,9.046674492363598,6
LINK,2024-05-27 16:00:00+00:00,2024-05-27 20:00:00+00:00,2024-05-28 20:00:00+00:00,18.591,18.506,18.05,16.876,timeout,-0.004572104781883746,-0.005872615136885084,0.0013005103550013386,6.536688716426203,6
LINK,2024-05-29 08:00:00+00:00,2024-05-29 12:00:00+00:00,2024-05-30 12:00:00+00:00,18.718,18.081,18.604,17.726,timeout,-0.03403141361256545,-0.035293435859719335,0.0012620222471538822,6.536688716426203,6
BTC,2024-05-30 12:00:00+00:00,2024-05-30 16:00:00+00:00,2024-05-31 16:00:00+00:00,68527.9,67219.6,68290.8,67126.7,timeout,-0.019091494121372343,-0.02007445223578752,0.0009829581144151778,5.012959217987713,6
DOT,2024-06-01 08:00:00+00:00,2024-06-01 12:00:00+00:00,2024-06-02 12:00:00+00:00,7.065,7.091,7.055,6.801,timeout,0.003680113234253435,0.0018657611637351579,0.001814352070518277,9.046674492363598,6
BNB,2024-06-01 20:00:00+00:00,2024-06-02 00:00:00+00:00,2024-06-03 00:00:00+00:00,602.1,603.4,598.9,589.6,timeout,0.002159109782428059,0.0008659724204480579,0.0012931373619800013,6.455921962584254,6
BTC,2024-06-02 08:00:00+00:00,2024-06-02 12:00:00+00:00,2024-06-03 00:00:00+00:00,68266.1,68666.90000000001,67927.0,67526.2,target,0.0058711424850694804,0.004863169574613302,0.0010079729104561785,5.012959217987713,3
ADA,2024-06-03 04:00:00+00:00,2024-06-03 08:00:00+00:00,2024-06-04 08:00:00+00:00,0.4535,0.4566,0.4533,0.4403,timeout,0.006835722160970281,0.004826318159856902,0.0020094040011133796,9.988775255673833,6
BTC,2024-06-03 04:00:00+00:00,2024-06-03 08:00:00+00:00,2024-06-04 08:00:00+00:00,68923.9,69009.2,68829.0,67300.3,timeout,0.0012375968278057758,0.00023426714480145883,0.001003329683004317,5.012959217987713,6
DOT,2024-06-03 04:00:00+00:00,2024-06-03 08:00:00+00:00,2024-06-04 08:00:00+00:00,7.133,7.005,7.124,6.916,timeout,-0.01794476377400811,-0.019720024564488514,0.001775260790480404,9.046674492363598,6
XRP,2024-06-03 12:00:00+00:00,2024-06-03 16:00:00+00:00,2024-06-04 16:00:00+00:00,0.5219,0.5295,0.521,0.5079,timeout,0.014562176662195725,0.013397567503256935,0.0011646091589387897,5.742762706652812,6
SOL,2024-06-03 16:00:00+00:00,2024-06-03 20:00:00+00:00,2024-06-04 20:00:00+00:00,167.02,169.44,166.33,161.41,timeout,0.014489282720632213,0.013272437946230786,0.0012168447744014266,6.000925858297193,6
ETH,2024-06-04 12:00:00+00:00,2024-06-04 16:00:00+00:00,2024-06-05 16:00:00+00:00,3810.34,3814.48,3798.5,3725.0,timeout,0.0010865172136869106,7.754548951544038e-05,0.0010089717241714702,5.041924062981029,6
BNB,2024-06-04 20:00:00+00:00,2024-06-05 00:00:00+00:00,2024-06-06 00:00:00+00:00,686.1,699.5,674.9,625.0,timeout,0.01953068065879604,0.018215127866853642,0.0013155527919423982,6.455921962584254,6
AVAX,2024-06-05 00:00:00+00:00,2024-06-05 04:00:00+00:00,2024-06-06 04:00:00+00:00,36.32,36.368,36.29,34.298,timeout,0.001321585903083733,-0.000221408962885139,0.001542994865968872,7.710732744665526,6
BTC,2024-06-05 04:00:00+00:00,2024-06-05 08:00:00+00:00,2024-06-06 08:00:00+00:00,71205.8,71034.8,71082.9,68572.3,timeout,-0.0024014897662830714,-0.003401172758821236,0.0009996829925381645,5.012959217987713,6
DOT,2024-06-05 04:00:00+00:00,2024-06-05 08:00:00+00:00,2024-06-06 08:00:00+00:00,7.26,7.174,7.223,6.944,timeout,-0.011845730027548074,-0.01363201603847497,0.0017862860109268963,9.046674492363598,6
LINK,2024-06-05 04:00:00+00:00,2024-06-05 08:00:00+00:00,2024-06-06 08:00:00+00:00,17.965,17.479,17.855,17.478,timeout,-0.02705260228221551,-0.028323742232865712,0.001271139950650202,6.536688716426203,6
ADA,2024-06-07 08:00:00+00:00,2024-06-07 12:00:00+00:00,2024-06-08 12:00:00+00:00,0.484,0.4346,0.4649,0.4503,timeout,-0.10206611570247937,-0.10385817760506078,0.00179206190258141,9.988775255673833,6
BTC,2024-06-07 08:00:00+00:00,2024-06-07 12:00:00+00:00,2024-06-08 12:00:00+00:00,71720.0,69374.7,71666.0,70117.4,timeout,-0.03270078081427774,-0.03367010120539271,0.0009693203911149695,5.012959217987713,6
LINK,2024-06-07 08:00:00+00:00,2024-06-07 12:00:00+00:00,2024-06-08 12:00:00+00:00,17.621,15.868,17.584,17.103,timeout,-0.09948357073945846,-0.10066008080787037,0.0011765100684119068,6.536688716426203,6
BTC,2024-06-09 12:00:00+00:00,2024-06-09 16:00:00+00:00,2024-06-10 12:00:00+00:00,69508.4,69872.20000000001,69492.3,69128.5,target,0.0052338997876517634,0.004226565451411535,0.0010073343362402287,5.012959217987713,5
SOL,2024-06-09 12:00:00+00:00,2024-06-09 16:00:00+00:00,2024-06-10 16:00:00+00:00,161.61,162.38,161.0,156.55,timeout,0.004764556648722218,0.0035593763465870953,0.0012051803021351226,6.000925858297193,6
ADA,2024-06-09 16:00:00+00:00,2024-06-09 20:00:00+00:00,2024-06-10 20:00:00+00:00,0.4449,0.4408,0.4434,0.4316,timeout,-0.009215554057091513,-0.011192923538624888,0.0019773694815333753,9.988775255673833,6
AVAX,2024-06-09 16:00:00+00:00,2024-06-09 20:00:00+00:00,2024-06-10 20:00:00+00:00,32.935,32.603,32.763,31.926,timeout,-0.010080461515105554,-0.011605886300817048,0.0015254247857114933,7.710732744665526,6
DOT,2024-06-09 16:00:00+00:00,2024-06-09 20:00:00+00:00,2024-06-10 20:00:00+00:00,6.529,6.513,6.486,6.336,timeout,-0.0024506049931076745,-0.0042538745671582,0.0018032695740505256,9.046674492363598,6
ETH,2024-06-09 16:00:00+00:00,2024-06-09 20:00:00+00:00,2024-06-10 20:00:00+00:00,3700.97,3669.29,3694.87,3666.86,timeout,-0.00855991807553147,-0.009559167382830469,0.0009992493072989994,5.041924062981029,6
LINK,2024-06-09 20:00:00+00:00,2024-06-10 00:00:00+00:00,2024-06-11 00:00:00+00:00,16.37,15.908,16.322,15.674,timeout,-0.02822235797189987,-0.02949196965576706,0.001269611683867189,6.536688716426203,6
XRP,2024-06-10 00:00:00+00:00,2024-06-10 04:00:00+00:00,2024-06-11 04:00:00+00:00,0.5009,0.4879,0.5003,0.4897,timeout,-0.025953284088640505,-0.027071385820282456,0.0011181017316419517,5.742762706652812,6
ADA,2024-06-12 12:00:00+00:00,2024-06-12 16:00:00+00:00,2024-06-13 16:00:00+00:00,0.4404,0.4208,0.4333,0.4127,timeout,-0.044504995458673924,-0.046411935630649936,0.0019069401719760126,9.988775255673833,6
AVAX,2024-06-12 12:00:00+00:00,2024-06-12 16:00:00+00:00,2024-06-13 16:00:00+00:00,33.498,31.301,32.387,30.592,timeout,-0.06558600513463486,-0.06702589818903903,0.0014398930544041733,7.710732744665526,6
BNB,2024-06-12 12:00:00+00:00,2024-06-12 16:00:00+00:00,2024-06-13 16:00:00+00:00,628.1,597.1,618.7,590.9,timeout,-0.04935519821684442,-0.05058186402186304,0.001226665805018623,6.455921962584254,6
BTC,2024-06-12 12:00:00+00:00,2024-06-12 16:00:00+00:00,2024-06-13 16:00:00+00:00,69740.6,66470.2,68466.3,65910.3,timeout,-0.04689377493167546,-0.04784887267240867,0.0009550977407332129,5.012959217987713,6
DOT,2024-06-12 12:00:00+00:00,2024-06-12 16:00:00+00:00,2024-06-13 16:00:00+00:00,6.705,6.38,6.462,6.213,timeout,-0.04847129008202833,-0.05019136808520208,0.0017200780031737528,9.046674492363598,6
ETH,2024-06-12 12:00:00+00:00,2024-06-12 16:00:00+00:00,2024-06-13 16:00:00+00:00,3618.48,3443.11,3596.33,3426.53,timeout,-0.04846510136853044,-0.04942413117342048,0.0009590298048900436,5.041924062981029,6
LINK,2024-06-12 12:00:00+00:00,2024-06-12 16:00:00+00:00,2024-06-13 16:00:00+00:00,16.073,15.103,15.617,14.659,timeout,-0.0603496547004293,-0.061577292593654076,0.0012276378932247756,6.536688716426203,6
SOL,2024-06-12 12:00:00+00:00,2024-06-12 16:00:00+00:00,2024-06-13 16:00:00+00:00,158.83,146.89,155.29,145.14,timeout,-0.0751747151041996,-0.07628401101725446,0.001109295913054864,6.000925858297193,6
XRP,2024-06-12 12:00:00+00:00,2024-06-12 16:00:00+00:00,2024-06-13 16:00:00+00:00,0.4963,0.4804,0.4886,0.4691,timeout,-0.03203707435019143,-0.03314819253955037,0.0011111181893589395,5.742762706652812,6
ETH,2024-06-15 08:00:00+00:00,2024-06-15 12:00:00+00:00,2024-06-16 12:00:00+00:00,3538.41,3555.48,3530.0,3362.02,timeout,0.004824200700314529,0.00381146185223602,0.0010127388480785093,5.041924062981029,6
XRP,2024-06-15 12:00:00+00:00,2024-06-15 16:00:00+00:00,2024-06-16 16:00:00+00:00,0.4849,0.4909,0.4808,0.4586,timeout,0.012373685295937298,0.011211588291648145,0.0011620970042891532,5.742762706652812,6
ADA,2024-06-16 12:00:00+00:00,2024-06-16 16:00:00+00:00,2024-06-17 16:00:00+00:00,0.4164,0.4002,0.4156,0.4094,timeout,-0.0389048991354467,-0.040823015764227755,0.0019181166287810525,9.988775255673833,6
BTC,2024-06-16 12:00:00+00:00,2024-06-16 16:00:00+00:00,2024-06-17 16:00:00+00:00,66704.1,65365.2,66494.8,65860.1,timeout,-0.020072229443167777,-0.02105420477301445,0.0009819753298466738,5.012959217987713,6
DOT,2024-06-16 16:00:00+00:00,2024-06-16 20:00:00+00:00,2024-06-17 20:00:00+00:00,6.365,6.246,6.35,6.144,timeout,-0.018695993715632353,-0.02046989650809916,0.0017739027924668083,9.046674492363598,6
ETH,2024-06-16 16:00:00+00:00,2024-06-16 20:00:00+00:00,2024-06-17 20:00:00+00:00,3598.88,3553.62,3594.29,3536.6,timeout,-0.012576134797492644,-0.01357133625374074,0.000995201456248096,5.041924062981029,6
SOL,2024-06-16 20:00:00+00:00,2024-06-17 00:00:00+00:00,2024-06-18 00:00:00+00:00,151.26,143.24,148.82,143.07,timeout,-0.053021287848737164,-0.05415715603086391,0.0011358681821267425,6.000925858297193,6
XRP,2024-06-17 12:00:00+00:00,2024-06-17 16:00:00+00:00,2024-06-18 16:00:00+00:00,0.5094,0.4848,0.5044,0.484,timeout,-0.04829210836277964,-0.04938456750696085,0.0010924591441812126,5.742762706652812,6
ADA,2024-06-19 00:00:00+00:00,2024-06-19 04:00:00+00:00,2024-06-20 04:00:00+00:00,0.3923,0.3881,0.3852,0.3658,timeout,-0.010706092276319135,-0.012680486999015805,0.0019743947226966707,9.988775255673833,6
AVAX,2024-06-19 00:00:00+00:00,2024-06-19 04:00:00+00:00,2024-06-20 04:00:00+00:00,27.0,26.894,26.779,25.558,timeout,-0.003925925925925999,-0.0054608345946878245,0.0015349086687618252,7.710732744665526,6
BNB,2024-06-19 00:00:00+00:00,2024-06-19 04:00:00+00:00,2024-06-20 04:00:00+00:00,598.1,598.1,597.7,574.5,timeout,0.0,-0.0012903513517538157,0.0012903513517538157,6.455921962584254,6
ETH,2024-06-19 00:00:00+00:00,2024-06-19 04:00:00+00:00,2024-06-20 04:00:00+00:00,3565.25,3553.64,3488.98,3370.94,timeout,-0.0032564336301802443,-0.00426102819560914,0.0010045945654288957,5.041924062981029,6
LINK,2024-06-19 00:00:00+00:00,2024-06-19 04:00:00+00:00,2024-06-20 04:00:00+00:00,14.208,14.361,13.994,13.146,timeout,0.010768581081081141,0.009448028369507977,0.0013205527115731641,6.536688716426203,6
DOT,2024-06-19 04:00:00+00:00,2024-06-19 08:00:00+00:00,2024-06-20 08:00:00+00:00,5.962,5.939,5.948,5.587,timeout,-0.003857765850385775,-0.005658491700413659,0.0018007258500278844,9.046674492363598,6
BTC,2024-06-20 04:00:00+00:00,2024-06-20 08:00:00+00:00,2024-06-21 08:00:00+00:00,65857.9,64208.7,65761.0,64022.0,timeout,-0.02504179453034483,-0.026018789911197104,0.0009769953808522747,5.012959217987713,6
XRP,2024-06-20 08:00:00+00:00,2024-06-20 12:00:00+00:00,2024-06-21 12:00:00+00:00,0.5009,0.4941,0.4997,0.4869,timeout,-0.013575563984827399,-0.014707874018859535,0.0011323100340321357,5.742762706652812,6
ADA,2024-06-22 12:00:00+00:00,2024-06-22 16:00:00+00:00,2024-06-23 16:00:00+00:00,0.3862,0.3868,0.3823,0.3713,timeout,0.0015535991714137332,-0.0004452629718415535,0.0019988621432552867,9.988775255673833,6
DOT,2024-06-22 16:00:00+00:00,2024-06-22 20:00:00+00:00,2024-06-23 20:00:00+00:00,5.76,5.692,5.753,5.54,timeout,-0.011805555555555514,-0.013591914189856502,0.0017863586343009885,9.046674492363598,6
BNB,2024-06-22 20:00:00+00:00,2024-06-23 00:00:00+00:00,2024-06-24 00:00:00+00:00,591.0,577.5,587.9,577.5,timeout,-0.022842639593908642,-0.024103515914784546,0.0012608763208759033,6.455921962584254,6
SOL,2024-06-24 20:00:00+00:00,2024-06-25 00:00:00+00:00,2024-06-26 00:00:00+00:00,132.27,136.57,130.36,121.5,timeout,0.03250926135934051,0.03127080224438861,0.0012384591149519064,6.000925858297193,6
ADA,2024-06-25 00:00:00+00:00,2024-06-25 04:00:00+00:00,2024-06-26 04:00:00+00:00,0.3872,0.3919,0.3818,0.3607,timeout,0.012138429752066138,0.010118442811138717,0.0020199869409274207,9.988775255673833,6
DOT,2024-06-25 00:00:00+00:00,2024-06-25 04:00:00+00:00,2024-06-26 04:00:00+00:00,5.801,5.822,5.729,5.362,timeout,0.0036200655059472897,0.001805821983679401,0.0018142435222678888,9.046674492363598,6
LINK,2024-06-25 00:00:00+00:00,2024-06-25 04:00:00+00:00,2024-06-26 04:00:00+00:00,13.997,14.209,13.685,12.615,timeout,0.015146102736300682,0.013819830863883054,0.0013262718724176281,6.536688716426203,6
AVAX,2024-06-25 12:00:00+00:00,2024-06-25 16:00:00+00:00,2024-06-26 16:00:00+00:00,25.63,25.969,25.419,23.505,timeout,0.013226687475614618,0.011665347343885024,0.0015613401317295938,7.710732744665526,6
BTC,2024-06-25 12:00:00+00:00,2024-06-25 16:00:00+00:00,2024-06-26 16:00:00+00:00,61819.6,61480.0,61699.9,58351.0,timeout,-0.005493403386628182,-0.006489988004991787,0.0009965846183636051,5.012959217987713,6
BNB,2024-06-26 00:00:00+00:00,2024-06-26 04:00:00+00:00,2024-06-27 04:00:00+00:00,580.1,573.9,578.2,551.1,timeout,-0.01068781244613004,-0.01196437276464668,0.0012765603185166396,6.455921962584254,6
AVAX,2024-06-27 12:00:00+00:00,2024-06-27 16:00:00+00:00,2024-06-28 16:00:00+00:00,27.83,28.347,26.848,25.354,timeout,0.018577075098814344,0.017007490242562984,0.0015695848562513603,7.710732744665526,6
DOT,2024-06-27 12:00:00+00:00,2024-06-27 16:00:00+00:00,2024-06-28 16:00:00+00:00,6.292,6.305,5.947,5.785,timeout,0.0020661157024792765,0.0002546812545431987,0.0018114344479360778,9.046674492363598,6
ETH,2024-06-27 12:00:00+00:00,2024-06-27 16:00:00+00:00,2024-06-28 16:00:00+00:00,3452.38,3413.61,3418.0,3325.54,timeout,-0.011229934132395591,-0.012226492392858779,0.0009965582604631873,5.041924062981029,6
SOL,2024-06-27 12:00:00+00:00,2024-06-27 16:00:00+00:00,2024-06-28 16:00:00+00:00,147.78,143.16,139.49,134.83,timeout,-0.031262687779131215,-0.03242465464878863,0.001161966869657416,6.000925858297193,6
LINK,2024-06-27 16:00:00+00:00,2024-06-27 20:00:00+00:00,2024-06-28 20:00:00+00:00,14.37,14.093,14.244,13.587,timeout,-0.019276270006958862,-0.020557569609248927,0.0012812996022900647,6.536688716426203,6
XRP,2024-06-28 04:00:00+00:00,2024-06-28 08:00:00+00:00,2024-06-29 08:00:00+00:00,0.4778,0.4759,0.4771,0.4658,timeout,-0.003976559229803334,-0.005119887897401254,0.0011433286675979204,5.742762706652812,6
ADA,2024-06-29 00:00:00+00:00,2024-06-29 04:00:00+00:00,2024-06-30 04:00:00+00:00,0.4005,0.3814,0.3959,0.3849,timeout,-0.04769038701622974,-0.04959096990627787,0.0019005828900481303,9.988775255673833,6
LINK,2024-06-30 16:00:00+00:00,2024-06-30 20:00:00+00:00,2024-06-30 20:00:00+00:00,14.005,14.311000000000003,13.753,13.447,target,0.02184933952159973,0.020514309979346557,0.0013350295422531744,6.536688716426203,0
BTC,2024-06-30 16:00:00+00:00,2024-06-30 20:00:00+00:00,2024-07-01 00:00:00+00:00,62022.7,63191.6,61878.8,60709.9,target,0.018846325619490845,0.01782535041425226,0.0010209752052385834,5.012959217987713,1
ETH,2024-06-30 16:00:00+00:00,2024-06-30 20:00:00+00:00,2024-07-01 00:00:00+00:00,3427.86,3475.8500000000004,3401.0,3353.01,target,0.013999988330912094,0.0129780014207459,0.001021986910166195,5.041924062981029,1
XRP,2024-06-30 20:00:00+00:00,2024-07-01 00:00:00+00:00,2024-07-01 04:00:00+00:00,0.476,0.48150000000000004,0.4755,0.47,target,0.011554621848739677,0.01039346504192129,0.0011611568068183864,5.742762706652812,1
DOT,2024-06-30 20:00:00+00:00,2024-07-01 00:00:00+00:00,2024-07-01 12:00:00+00:00,6.215,6.396,6.202,6.021,target,0.02912308930008045,0.027262743973646808,0.0018603453264336434,9.046674492363598,3
ADA,2024-06-30 20:00:00+00:00,2024-07-01 00:00:00+00:00,2024-07-01 16:00:00+00:00,0.3924,0.4047,0.3907,0.3784,target,0.031345565749235416,0.029287245945186946,0.0020583198040484696,9.988775255673833,4
SOL,2024-06-30 16:00:00+00:00,2024-06-30 20:00:00+00:00,2024-07-01 20:00:00+00:00,144.8,147.35,144.0,137.0,timeout,0.017610497237569023,0.016389908674406595,0.001220588563162428,6.000925858297193,6
AVAX,2024-06-30 20:00:00+00:00,2024-07-01 00:00:00+00:00,2024-07-02 00:00:00+00:00,29.362,28.832,28.789,27.41,timeout,-0.01805054151624541,-0.01956368474057224,0.0015131432243268295,7.710732744665526,6
BNB,2024-06-30 20:00:00+00:00,2024-07-01 00:00:00+00:00,2024-07-02 00:00:00+00:00,582.2,577.0,579.6,565.8,timeout,-0.008931638612160842,-0.010210465011958103,0.0012788263997972615,6.455921962584254,6
LINK,2024-07-02 08:00:00+00:00,2024-07-02 12:00:00+00:00,2024-07-03 12:00:00+00:00,14.643,14.363,14.579,14.22,timeout,-0.019121764665710694,-0.02040326612671617,0.0012815014610054742,6.536688716426203,6
XRP,2024-07-02 08:00:00+00:00,2024-07-02 12:00:00+00:00,2024-07-03 12:00:00+00:00,0.4864,0.4824,0.4827,0.4755,timeout,-0.008223684210526327,-0.009362137631672707,0.0011384534211463793,5.742762706652812,6
SOL,2024-07-02 16:00:00+00:00,2024-07-02 20:00:00+00:00,2024-07-03 20:00:00+00:00,152.85,140.47,150.06,146.01,timeout,-0.08099443899247627,-0.08209675434819796,0.0011023153557216947,6.000925858297193,6
ADA,2024-07-06 12:00:00+00:00,2024-07-06 16:00:00+00:00,2024-07-06 16:00:00+00:00,0.3598,0.37290000000000006,0.3594,0.3463,target,0.03640911617565323,0.03434069073245993,0.0020684254431933002,9.988775255673833,0
SOL,2024-07-06 04:00:00+00:00,2024-07-06 08:00:00+00:00,2024-07-07 08:00:00+00:00,136.92,139.11,135.99,120.59,timeout,0.015994741454864236,0.014776090934828012,0.001218650520036224,6.000925858297193,6
AVAX,2024-07-06 08:00:00+00:00,2024-07-06 12:00:00+00:00,2024-07-07 12:00:00+00:00,25.739,26.343,25.594,21.793,timeout,0.023466335133454974,0.02188921613109307,0.0015771190023619042,7.710732744665526,6
DOT,2024-07-06 08:00:00+00:00,2024-07-06 12:00:00+00:00,2024-07-07 12:00:00+00:00,5.992,6.215,5.883,4.903,timeout,0.03721628838451263,0.0353413129858855,0.0018749753986271323,9.046674492363598,6
BTC,2024-07-06 16:00:00+00:00,2024-07-06 20:00:00+00:00,2024-07-07 20:00:00+00:00,57862.3,57154.5,57466.4,56027.7,timeout,-0.012232489894110743,-0.013222321344644072,0.0009898314505333294,5.012959217987713,6
ETH,2024-07-06 16:00:00+00:00,2024-07-06 20:00:00+00:00,2024-07-07 20:00:00+00:00,3058.3,2985.56,3027.76,2954.22,timeout,-0.023784455416407835,-0.02476836026803153,0.000983904851623696,5.041924062981029,6
XRP,2024-07-06 16:00:00+00:00,2024-07-06 20:00:00+00:00,2024-07-07 20:00:00+00:00,0.4483,0.4292,0.4471,0.3804,timeout,-0.042605398170867614,-0.0437043850517671,0.0010989868808994885,5.742762706652812,6
LINK,2024-07-06 20:00:00+00:00,2024-07-07 00:00:00+00:00,2024-07-08 00:00:00+00:00,13.18,12.355,13.147,11.036,timeout,-0.06259484066767829,-0.06381954526195344,0.00122470459427515,6.536688716426203,6
SOL,2024-07-09 04:00:00+00:00,2024-07-09 08:00:00+00:00,2024-07-10 08:00:00+00:00,142.12,144.18,141.98,127.75,timeout,0.014494793132564077,0.013277941748613964,0.0012168513839501127,6.000925858297193,6
ADA,2024-07-09 16:00:00+00:00,2024-07-09 20:00:00+00:00,2024-07-10 20:00:00+00:00,0.3806,0.3858,0.3793,0.3301,timeout,0.01366263794009459,0.011639609043101906,0.0020230288969926846,9.988775255673833,6
AVAX,2024-07-09 16:00:00+00:00,2024-07-09 20:00:00+00:00,2024-07-10 20:00:00+00:00,26.114,26.124,26.101,24.702,timeout,0.0003829363559775256,-0.0011586120901272423,0.001541548446104768,7.710732744665526,6
BTC,2024-07-10 04:00:00+00:00,2024-07-10 08:00:00+00:00,2024-07-11 08:00:00+00:00,58978.6,58191.0,58333.0,56888.9,timeout,-0.013353996195230144,-0.01434270379607483,0.000988707600844685,5.012959217987713,6
XRP,2024-07-10 04:00:00+00:00,2024-07-10 08:00:00+00:00,2024-07-11 08:00:00+00:00,0.4398,0.4445,0.4381,0.429,timeout,0.010686675761709896,0.00952651526441839,0.001160160497291507,5.742762706652812,6
BNB,2024-07-10 08:00:00+00:00,2024-07-10 12:00:00+00:00,2024-07-11 12:00:00+00:00,528.0,536.3,524.4,470.8,timeout,0.015719696969696884,0.014409061685709323,0.0013106352839875601,6.455921962584254,6
ADA,2024-07-12 12:00:00+00:00,2024-07-12 16:00:00+00:00,2024-07-13 04:00:00+00:00,0.4089,0.42369999999999997,0.4049,0.3901,target,0.03619466862313514,0.03412667116611723,0.0020679974570179116,9.988775255673833,3
BNB,2024-07-12 12:00:00+00:00,2024-07-12 16:00:00+00:00,2024-07-13 16:00:00+00:00,532.4,531.9,531.0,516.9,timeout,-0.0009391435011270044,-0.002228283027794431,0.0012891395266674266,6.455921962584254,6
BTC,2024-07-12 12:00:00+00:00,2024-07-12 16:00:00+00:00,2024-07-13 16:00:00+00:00,58206.1,58844.1,57989.9,56535.5,timeout,0.010961050474091127,0.00994797702028194,0.001013073453809188,5.012959217987713,6
AVAX,2024-07-12 20:00:00+00:00,2024-07-13 00:00:00+00:00,2024-07-14 00:00:00+00:00,25.974,25.849,25.694,24.806,timeout,-0.004812504812504836,-0.006346047300122226,0.0015335424876173898,7.710732744665526,6
DOT,2024-07-13 00:00:00+00:00,2024-07-13 04:00:00+00:00,2024-07-14 04:00:00+00:00,6.127,6.187,6.104,5.802,timeout,0.009792720744246752,0.007967318915996335,0.001825401828250417,9.046674492363598,6
LINK,2024-07-13 04:00:00+00:00,2024-07-13 08:00:00+00:00,2024-07-14 08:00:00+00:00,13.024,13.096,12.862,12.229,timeout,0.005528255528255643,0.004214549216786212,0.0013137063114694314,6.536688716426203,6
ETH,2024-07-13 16:00:00+00:00,2024-07-13 20:00:00+00:00,2024-07-14 20:00:00+00:00,3163.49,3190.79,3158.0,3046.02,timeout,0.008629709592886448,0.007613135261258064,0.0010165743316283837,5.041924062981029,6
LINK,2024-07-14 12:00:00+00:00,2024-07-14 16:00:00+00:00,2024-07-15 00:00:00+00:00,13.273,13.559999999999997,13.164,12.877,target,0.021622843366231992,0.020288109737522042,0.0013347336287099498,6.536688716426203,2
SOL,2024-07-13 20:00:00+00:00,2024-07-14 00:00:00+00:00,2024-07-15 00:00:00+00:00,141.83,147.61,140.56,133.83,timeout,0.04075301417189592,0.03950466696083277,0.00124834721106315,6.000925858297193,6
AVAX,2024-07-14 20:00:00+00:00,2024-07-15 00:00:00+00:00,2024-07-15 04:00:00+00:00,26.341,27.130999999999997,26.313,25.523,target,0.029991268364906176,0.02840409471215155,0.0015871736527546254,7.710732744665526,1
BNB,2024-07-14 20:00:00+00:00,2024-07-15 00:00:00+00:00,2024-07-15 04:00:00+00:00,544.9,556.7,539.0,527.2,target,0.02165534960543236,0.0203370552440425,0.0013182943613898601,6.455921962584254,1
BTC,2024-07-14 20:00:00+00:00,2024-07-15 00:00:00+00:00,2024-07-15 04:00:00+00:00,60789.7,62887.5,60336.0,58238.2,target,0.034509135593694396,0.0334724648510365,0.001036670742657897,5.012959217987713,1
XRP,2024-07-15 08:00:00+00:00,2024-07-15 12:00:00+00:00,2024-07-16 00:00:00+00:00,0.5364,0.5527,0.5347,0.5184,target,0.030387770320656093,0.029204995068259354,0.0011827752523967394,5.742762706652812,3
DOT,2024-07-15 00:00:00+00:00,2024-07-15 04:00:00+00:00,2024-07-16 04:00:00+00:00,6.512,6.477,6.321,6.161,timeout,-0.005374692874692721,-0.007172676576449488,0.0017979837017567668,9.046674492363598,6
ADA,2024-07-15 20:00:00+00:00,2024-07-16 00:00:00+00:00,2024-07-17 00:00:00+00:00,0.445,0.4381,0.4393,0.4247,timeout,-0.015505617977528141,-0.017470433991469192,0.001964816013941051,9.988775255673833,6
XRP,2024-07-16 12:00:00+00:00,2024-07-16 16:00:00+00:00,2024-07-17 12:00:00+00:00,0.5845,0.6333,0.5712,0.5224,target,0.08349016253207853,0.0822464313976734,0.0012437311344051238,5.742762706652812,5
BTC,2024-07-17 00:00:00+00:00,2024-07-17 04:00:00+00:00,2024-07-18 04:00:00+00:00,65709.1,64861.6,65246.8,62375.0,timeout,-0.012897756931688376,-0.013886921725108636,0.0009891647934202608,5.012959217987713,6
SOL,2024-07-19 08:00:00+00:00,2024-07-19 12:00:00+00:00,2024-07-19 16:00:00+00:00,162.69,169.59,162.0,155.1,target,0.04241194910566115,0.041161612059574804,0.0012503370460863472,6.000925858297193,1
ADA,2024-07-19 12:00:00+00:00,2024-07-19 16:00:00+00:00,2024-07-20 16:00:00+00:00,0.4314,0.4341,0.429,0.4145,timeout,0.006258692628650753,0.004250440240879616,0.0020082523877711367,9.988775255673833,6
BNB,2024-07-19 12:00:00+00:00,2024-07-19 16:00:00+00:00,2024-07-20 16:00:00+00:00,591.5,594.9,579.4,561.4,timeout,0.005748098055790241,0.004450329637940342,0.0012977684178498983,6.455921962584254,6
BTC,2024-07-19 12:00:00+00:00,2024-07-19 16:00:00+00:00,2024-07-20 16:00:00+00:00,65841.5,66829.4,65123.0,63232.6,timeout,0.015004214667041271,0.013987089600846714,0.0010171250661945574,5.012959217987713,6
DOT,2024-07-19 12:00:00+00:00,2024-07-19 16:00:00+00:00,2024-07-20 16:00:00+00:00,6.245,6.328,6.242,5.979,timeout,0.013290632506004929,0.01145890750430123,0.001831725001703699,9.046674492363598,6
LINK,2024-07-19 12:00:00+00:00,2024-07-19 16:00:00+00:00,2024-07-20 16:00:00+00:00,13.88,14.095,13.749,13.341,timeout,0.015489913544668665,0.014163192489021759,0.0013267210556469067,6.536688716426203,6
AVAX,2024-07-19 16:00:00+00:00,2024-07-19 20:00:00+00:00,2024-07-20 20:00:00+00:00,28.323,28.653,27.775,26.574,timeout,0.011651308124139392,0.010092395586387193,0.0015589125377521995,7.710732744665526,6
ETH,2024-07-19 16:00:00+00:00,2024-07-19 20:00:00+00:00,2024-07-20 20:00:00+00:00,3523.23,3514.99,3489.68,3366.97,timeout,-0.002338763010078848,-0.003344282474297078,0.0010055194642182297,5.041924062981029,6
XRP,2024-07-19 16:00:00+00:00,2024-07-19 20:00:00+00:00,2024-07-20 20:00:00+00:00,0.5801,0.5916,0.5726,0.5403,timeout,0.019824168246854068,0.018653518882854714,0.0011706493639993543,5.742762706652812,6
AVAX,2024-07-21 00:00:00+00:00,2024-07-21 04:00:00+00:00,2024-07-21 12:00:00+00:00,29.2,30.622,29.188,27.766,target,0.048698630136986276,0.047082629218769156,0.0016160009182171198,7.710732744665526,2
LINK,2024-07-20 20:00:00+00:00,2024-07-21 00:00:00+00:00,2024-07-21 12:00:00+00:00,14.251,14.617999999999999,14.228,13.861,target,0.025752578766402356,0.024412449705560002,0.0013401290608423544,6.536688716426203,3
SOL,2024-07-21 16:00:00+00:00,2024-07-21 20:00:00+00:00,2024-07-21 20:00:00+00:00,178.03,183.95999999999998,176.87,170.94,target,0.03330899286637079,0.03206957450116166,0.0012394183652091328,6.000925858297193,0
BNB,2024-07-21 12:00:00+00:00,2024-07-21 16:00:00+00:00,2024-07-22 16:00:00+00:00,599.1,592.3,598.0,587.4,timeout,-0.011350358871640931,-0.012626064272481585,0.0012757054008406543,6.455921962584254,6
AVAX,2024-07-21 16:00:00+00:00,2024-07-21 20:00:00+00:00,2024-07-22 20:00:00+00:00,31.741,32.323,31.029,28.54,timeout,0.018335906241139233,0.01676669301605438,0.0015692132250848534,7.710732744665526,6
ADA,2024-07-21 20:00:00+00:00,2024-07-22 00:00:00+00:00,2024-07-23 00:00:00+00:00,0.4469,0.4262,0.4419,0.4273,timeout,-0.046319087044081386,-0.048222406721859734,0.0019033196777783479,9.988775255673833,6
BTC,2024-07-21 20:00:00+00:00,2024-07-22 00:00:00+00:00,2024-07-23 00:00:00+00:00,68170.2,67526.0,67522.0,66596.0,timeout,-0.009449876925694767,-0.010442496803466983,0.0009926198777722162,5.012959217987713,6
DOT,2024-07-21 20:00:00+00:00,2024-07-22 00:00:00+00:00,2024-07-23 00:00:00+00:00,6.433,6.099,6.398,6.222,timeout,-0.05191978859008228,-0.053633632744118476,0.0017138441540361926,9.046674492363598,6
ETH,2024-07-21 20:00:00+00:00,2024-07-22 00:00:00+00:00,2024-07-23 00:00:00+00:00,3536.39,3439.77,3529.51,3477.2,timeout,-0.027321647216511757,-0.028301987015117547,0.0009803397986057893,5.041924062981029,6
LINK,2024-07-21 20:00:00+00:00,2024-07-22 00:00:00+00:00,2024-07-23 00:00:00+00:00,14.817,13.933,14.72,13.935,timeout,-0.05966119997300401,-0.060889737321132564,0.0012285373481285555,6.536688716426203,6
XRP,2024-07-22 08:00:00+00:00,2024-07-22 12:00:00+00:00,2024-07-23 12:00:00+00:00,0.6111,0.5963,0.6031,0.5718,timeout,-0.0242186221567664,-0.025338715095275854,0.0011200929385094538,5.742762706652812,6
ETH,2024-07-23 08:00:00+00:00,2024-07-23 12:00:00+00:00,2024-07-24 12:00:00+00:00,3515.67,3460.01,3507.89,3422.02,timeout,-0.0158319751284961,-0.016823895099302266,0.0009919199708061655,5.041924062981029,6
XRP,2024-07-24 08:00:00+00:00,2024-07-24 12:00:00+00:00,2024-07-25 12:00:00+00:00,0.6287,0.6107,0.6079,0.5765,timeout,-0.028630507396214422,-0.029745535961069658,0.001115028564855236,5.742762706652812,6
BTC,2024-07-26 00:00:00+00:00,2024-07-26 04:00:00+00:00,2024-07-27 04:00:00+00:00,67046.6,67802.1,66176.4,63433.6,timeout,0.011268282060536983,0.010254900733180916,0.0010133813273560666,5.012959217987713,6
BNB,2024-07-27 00:00:00+00:00,2024-07-27 04:00:00+00:00,2024-07-27 12:00:00+00:00,583.1,591.4000000000001,582.8,574.5,target,0.014234265134625446,0.012925546579613867,0.0013087185550115787,6.455921962584254,2
SOL,2024-07-26 08:00:00+00:00,2024-07-26 12:00:00+00:00,2024-07-27 12:00:00+00:00,178.79,185.43,177.79,165.4,timeout,0.03713854242407311,0.035894530646743306,0.001244011777329801,6.000925858297193,6
AVAX,2024-07-26 12:00:00+00:00,2024-07-26 16:00:00+00:00,2024-07-27 16:00:00+00:00,28.556,28.849,28.044,26.241,timeout,0.010260540691973574,0.008703771268918858,0.0015567694230547158,7.710732744665526,6
LINK,2024-07-26 12:00:00+00:00,2024-07-26 16:00:00+00:00,2024-07-27 16:00:00+00:00,13.511,13.623,13.513,12.461,timeout,0.008289541854785032,0.006972227967640743,0.001317313887144289,6.536688716426203,6
ADA,2024-07-26 16:00:00+00:00,2024-07-26 20:00:00+00:00,2024-07-27 20:00:00+00:00,0.4182,0.4229,0.4175,0.3814,timeout,0.01123864179818268,0.009220450619438436,0.002018191178744244,9.988775255673833,6
BTC,2024-07-27 12:00:00+00:00,2024-07-27 16:00:00+00:00,2024-07-28 16:00:00+00:00,68874.4,67660.4,68231.2,66855.2,timeout,-0.017626287851509437,-0.018610714233743386,0.0009844263822339494,5.012959217987713,6
ETH,2024-07-29 00:00:00+00:00,2024-07-29 04:00:00+00:00,2024-07-30 04:00:00+00:00,3349.47,3320.57,3328.1,3190.02,timeout,-0.008628230735011733,-0.009627411191576396,0.0009991804565646634,5.041924062981029,6
SOL,2024-07-29 00:00:00+00:00,2024-07-29 04:00:00+00:00,2024-07-30 04:00:00+00:00,192.27,182.54,188.36,178.09,timeout,-0.05060591876007703,-0.051744684093808835,0.001138765333731806,6.000925858297193,6
BNB,2024-07-29 04:00:00+00:00,2024-07-29 08:00:00+00:00,2024-07-30 08:00:00+00:00,593.6,574.5,593.3,572.8,timeout,-0.03217654986522911,-0.033425382162369344,0.0012488322971402344,6.455921962584254,6
BTC,2024-07-29 04:00:00+00:00,2024-07-29 08:00:00+00:00,2024-07-30 08:00:00+00:00,69549.0,66944.8,69434.3,66621.1,timeout,-0.037444104156781455,-0.03840867131337866,0.0009645671565972069,5.012959217987713,6
LINK,2024-07-29 04:00:00+00:00,2024-07-29 08:00:00+00:00,2024-07-30 08:00:00+00:00,13.89,13.697,13.875,13.26,timeout,-0.013894888408927386,-0.015183218698750056,0.00128833028982267,6.536688716426203,6
XRP,2024-07-29 04:00:00+00:00,2024-07-29 08:00:00+00:00,2024-07-30 08:00:00+00:00,0.6103,0.5999,0.6093,0.5832,timeout,-0.017040799606750756,-0.01816913191991376,0.0011283323131630052,5.742762706652812,6
BNB,2024-07-30 20:00:00+00:00,2024-07-31 00:00:00+00:00,2024-08-01 00:00:00+00:00,588.2,576.5,583.7,566.7,timeout,-0.019891193471608393,-0.021155878194978106,0.0012646847233697134,6.455921962584254,6
XRP,2024-08-06 00:00:00+00:00,2024-08-06 04:00:00+00:00,2024-08-07 04:00:00+00:00,0.5111,0.5153,0.5,0.4316,timeout,0.00821756994717271,0.007060243719985593,0.0011573262271871165,5.742762706652812,6
SOL,2024-08-06 12:00:00+00:00,2024-08-06 16:00:00+00:00,2024-08-07 16:00:00+00:00,145.88,148.44,143.9,109.58,timeout,0.01754867013984107,0.01632815573614188,0.001220514403699191,6.000925858297193,6
XRP,2024-08-07 16:00:00+00:00,2024-08-07 20:00:00+00:00,2024-08-07 20:00:00+00:00,0.5334,0.5531999999999999,0.5195,0.4997,target,0.0371203599550054,0.035929856407850735,0.0011905035471546643,5.742762706652812,0
BTC,2024-08-08 12:00:00+00:00,2024-08-08 16:00:00+00:00,2024-08-08 20:00:00+00:00,59423.0,62506.399999999994,57642.2,54558.8,target,0.051888999209060316,0.05083491228755843,0.0010540869215018844,5.012959217987713,1
ETH,2024-08-08 12:00:00+00:00,2024-08-08 16:00:00+00:00,2024-08-08 20:00:00+00:00,2506.99,2687.8199999999993,2487.56,2306.73,target,0.0721303236151718,0.07104974849748324,0.0010805751176885536,5.041924062981029,1
DOT,2024-08-08 00:00:00+00:00,2024-08-08 04:00:00+00:00,2024-08-09 04:00:00+00:00,4.732,4.829,4.639,4.401,timeout,0.020498732037193435,0.018653976957343943,0.0018447550798494916,9.046674492363598,6
AVAX,2024-08-08 12:00:00+00:00,2024-08-08 16:00:00+00:00,2024-08-09 16:00:00+00:00,21.949,21.36,20.94,19.524,timeout,-0.026834935532370596,-0.028334542371326044,0.0014996068389554473,7.710732744665526,6
BNB,2024-08-08 12:00:00+00:00,2024-08-08 16:00:00+00:00,2024-08-09 16:00:00+00:00,498.8,501.7,491.8,467.5,timeout,0.005813953488372103,0.004516100093875597,0.0012978533944965065,6.455921962584254,6
LINK,2024-08-08 12:00:00+00:00,2024-08-08 16:00:00+00:00,2024-08-09 16:00:00+00:00,10.199,10.173,10.074,9.345,timeout,-0.0025492695362290263,-0.00385242269257835,0.0013031531563493237,6.536688716426203,6
SOL,2024-08-08 12:00:00+00:00,2024-08-08 16:00:00+00:00,2024-08-09 16:00:00+00:00,160.57,151.15,156.39,141.38,timeout,-0.05866600236656905,-0.059795099909043636,0.0011290975424745886,6.000925858297193,6
ADA,2024-08-08 20:00:00+00:00,2024-08-09 00:00:00+00:00,2024-08-10 00:00:00+00:00,0.3515,0.3483,0.341,0.3162,timeout,-0.009103840682788022,-0.011081433117576034,0.0019775924347880114,9.988775255673833,6
BNB,2024-08-10 08:00:00+00:00,2024-08-10 12:00:00+00:00,2024-08-11 00:00:00+00:00,516.6,533.9999999999999,516.0,498.6,target,0.033681765389082186,0.03234795272582924,0.0013338126632529423,6.455921962584254,3
ADA,2024-08-11 00:00:00+00:00,2024-08-11 04:00:00+00:00,2024-08-11 08:00:00+00:00,0.3497,0.3543,0.3488,0.3442,target,0.013154132113239791,0.011132118072614272,0.0020220140406255194,9.988775255673833,1
ETH,2024-08-11 04:00:00+00:00,2024-08-11 08:00:00+00:00,2024-08-12 08:00:00+00:00,2677.5,2566.84,2675.12,2589.67,timeout,-0.04132959850606899,-0.04229582001767218,0.0009662215116031936,5.041924062981029,6
LINK,2024-08-11 04:00:00+00:00,2024-08-11 08:00:00+00:00,2024-08-12 08:00:00+00:00,10.734,10.234,10.676,10.152,timeout,-0.046580957704490444,-0.047826584176399733,0.001245626471909289,6.536688716426203,6
ETH,2024-08-12 12:00:00+00:00,2024-08-12 16:00:00+00:00,2024-08-13 16:00:00+00:00,2689.49,2652.0,2684.0,2505.0,timeout,-0.013939445768528569,-0.014933273175483874,0.0009938274069553055,5.041924062981029,6
BTC,2024-08-13 16:00:00+00:00,2024-08-13 20:00:00+00:00,2024-08-14 20:00:00+00:00,60818.2,58892.5,60718.8,57610.0,timeout,-0.03166321923371618,-0.0326335793543967,0.0009703601206805246,5.012959217987713,6
XRP,2024-08-14 00:00:00+00:00,2024-08-14 04:00:00+00:00,2024-08-15 04:00:00+00:00,0.5795,0.5723,0.5794,0.555,timeout,-0.012424503882657478,-0.01355813521090743,0.001133631328249951,5.742762706652812,6
BNB,2024-08-14 08:00:00+00:00,2024-08-14 12:00:00+00:00,2024-08-15 12:00:00+00:00,529.6,524.1,527.5,512.7,timeout,-0.010385196374622319,-0.011662147174195892,0.001276950799573573,6.455921962584254,6
ETH,2024-08-14 08:00:00+00:00,2024-08-14 12:00:00+00:00,2024-08-15 12:00:00+00:00,2749.69,2637.68,2738.44,2607.0,timeout,-0.04073550109285051,-0.04170232138136354,0.0009668202885130261,5.041924062981029,6
BNB,2024-08-17 08:00:00+00:00,2024-08-17 12:00:00+00:00,2024-08-17 16:00:00+00:00,529.4,544.1999999999999,524.4,509.6,target,0.027956176803928923,0.026629752161646536,0.0013264246422823867,6.455921962584254,1
LINK,2024-08-18 08:00:00+00:00,2024-08-18 12:00:00+00:00,2024-08-18 12:00:00+00:00,10.231,10.383000000000001,10.177,10.025,target,0.014856807741178812,0.013530913827967117,0.0013258939132116954,6.536688716426203,0
AVAX,2024-08-17 20:00:00+00:00,2024-08-18 00:00:00+00:00,2024-08-19 00:00:00+00:00,20.704,20.817,20.677,19.766,timeout,0.005457882534775971,0.00390851380794488,0.0015493687268310907,7.710732744665526,6
BTC,2024-08-18 08:00:00+00:00,2024-08-18 12:00:00+00:00,2024-08-19 12:00:00+00:00,60020.0,58389.6,59824.9,57525.0,timeout,-0.027164278573808764,-0.02813914703568665,0.0009748684618778869,5.012959217987713,6
DOT,2024-08-18 08:00:00+00:00,2024-08-18 12:00:00+00:00,2024-08-19 12:00:00+00:00,4.428,4.424,4.387,4.212,timeout,-0.0009033423667569318,-0.002709408926732104,0.0018060665599751724,9.046674492363598,6
ETH,2024-08-18 08:00:00+00:00,2024-08-18 12:00:00+00:00,2024-08-19 12:00:00+00:00,2649.47,2587.83,2631.58,2550.0,timeout,-0.0232650303645634,-0.024249458732567675,0.0009844283680042754,5.041924062981029,6
BNB,2024-08-19 12:00:00+00:00,2024-08-19 16:00:00+00:00,2024-08-19 16:00:00+00:00,543.6,554.4000000000002,539.7,528.9,target,0.019867549668874496,0.01855156219754961,0.0013159874713248865,6.455921962584254,0
SOL,2024-08-18 12:00:00+00:00,2024-08-18 16:00:00+00:00,2024-08-19 16:00:00+00:00,145.76,143.86,144.95,136.12,timeout,-0.013035126234906547,-0.014218956433623142,0.0011838301987165956,6.000925858297193,6
XRP,2024-08-18 12:00:00+00:00,2024-08-18 16:00:00+00:00,2024-08-19 16:00:00+00:00,0.5734,0.5794,0.5708,0.5534,timeout,0.010463899546564459,0.00930399477260524,0.0011599047739592194,5.742762706652812,6
BTC,2024-08-19 20:00:00+00:00,2024-08-20 00:00:00+00:00,2024-08-20 04:00:00+00:00,59433.2,60928.2,59295.0,57800.0,target,0.025154290867730467,0.024126994516748823,0.0010272963509816435,5.012959217987713,1
AVAX,2024-08-20 00:00:00+00:00,2024-08-20 04:00:00+00:00,2024-08-20 20:00:00+00:00,21.796,22.667,21.246,20.375,target,0.03996146081849883,0.038358923514360654,0.001602537304138174,7.710732744665526,4
ADA,2024-08-20 00:00:00+00:00,2024-08-20 04:00:00+00:00,2024-08-21 04:00:00+00:00,0.3414,0.3488,0.3377,0.3276,timeout,0.021675454012888062,0.019636433445832102,0.0020390205670559602,9.988775255673833,6
DOT,2024-08-20 00:00:00+00:00,2024-08-20 04:00:00+00:00,2024-08-21 04:00:00+00:00,4.575,4.56,4.523,4.344,timeout,-0.003278688524590234,-0.005080461172428774,0.0018017726478385399,9.046674492363598,6
ETH,2024-08-20 00:00:00+00:00,2024-08-20 04:00:00+00:00,2024-08-21 04:00:00+00:00,2662.73,2591.1,2648.6,2562.65,timeout,-0.02690096254595853,-0.02788172634282038,0.0009807637968618499,5.041924062981029,6
LINK,2024-08-20 00:00:00+00:00,2024-08-20 04:00:00+00:00,2024-08-21 04:00:00+00:00,10.421,10.376,10.194,9.942,timeout,-0.004318203627291073,-0.005619045700021252,0.0013008420727301795,6.536688716426203,6
SOL,2024-08-20 04:00:00+00:00,2024-08-20 08:00:00+00:00,2024-08-21 08:00:00+00:00,147.47,143.15,146.22,140.34,timeout,-0.029294093713975733,-0.03045842184406411,0.0011643281300883768,6.000925858297193,6
AVAX,2024-08-21 00:00:00+00:00,2024-08-21 04:00:00+00:00,2024-08-22 04:00:00+00:00,23.185,23.228,22.79,21.476,timeout,0.0018546474013372283,0.00031083110979768236,0.001543816291539546,7.710732744665526,6
BTC,2024-08-21 16:00:00+00:00,2024-08-21 20:00:00+00:00,2024-08-22 20:00:00+00:00,61569.5,60307.6,60980.0,58500.0,timeout,-0.020495537563241517,-0.02147708870046583,0.0009815511372243124,5.012959217987713,6
DOT,2024-08-21 16:00:00+00:00,2024-08-21 20:00:00+00:00,2024-08-22 20:00:00+00:00,4.725,4.612,4.592,4.454,timeout,-0.02391534391534378,-0.025679811690899834,0.0017644677755560556,9.046674492363598,6
ETH,2024-08-21 16:00:00+00:00,2024-08-21 20:00:00+00:00,2024-08-22 20:00:00+00:00,2646.21,2606.84,2609.77,2556.03,timeout,-0.014877881951923633,-0.015870763530963172,0.0009928815790395396,5.041924062981029,6
LINK,2024-08-21 16:00:00+00:00,2024-08-21 20:00:00+00:00,2024-08-22 20:00:00+00:00,11.124,11.321,10.548,10.036,timeout,0.017709457029845277,0.016379836176734663,0.0013296208531106135,6.536688716426203,6
AVAX,2024-08-22 12:00:00+00:00,2024-08-22 16:00:00+00:00,2024-08-23 00:00:00+00:00,24.601,25.605999999999998,23.809,22.804,target,0.0408519978862647,0.039248088301589545,0.001603909584675156,7.710732744665526,2
BNB,2024-08-22 04:00:00+00:00,2024-08-22 08:00:00+00:00,2024-08-23 08:00:00+00:00,576.7,579.3,574.9,545.9,timeout,0.004508409918501766,0.0032122411339152723,0.0012961687845864933,6.455921962584254,6
SOL,2024-08-22 08:00:00+00:00,2024-08-22 12:00:00+00:00,2024-08-23 12:00:00+00:00,144.49,143.49,144.33,138.76,timeout,-0.006920894179528014,-0.008112058187928817,0.0011911640084008024,6.000925858297193,6
BTC,2024-08-23 12:00:00+00:00,2024-08-23 16:00:00+00:00,2024-08-23 16:00:00+00:00,61527.0,62827.0,61400.0,60100.0,target,0.021128935264193016,0.020105672679796127,0.001023262584396889,5.012959217987713,0
ETH,2024-08-23 04:00:00+00:00,2024-08-23 08:00:00+00:00,2024-08-23 16:00:00+00:00,2669.6,2723.55,2644.5,2590.55,target,0.020209020077914364,0.01918077522963868,0.0010282448482756834,5.041924062981029,2
DOT,2024-08-23 12:00:00+00:00,2024-08-23 16:00:00+00:00,2024-08-23 20:00:00+00:00,4.79,4.949,4.765,4.606,target,0.0331941544885177,0.031326449899450104,0.001867704589067598,9.046674492363598,1
ADA,2024-08-23 04:00:00+00:00,2024-08-23 08:00:00+00:00,2024-08-24 08:00:00+00:00,0.3824,0.389,0.3772,0.3641,timeout,0.01725941422594146,0.015229207021206337,0.002030207204735124,9.988775255673833,6
XRP,2024-08-23 16:00:00+00:00,2024-08-23 20:00:00+00:00,2024-08-24 12:00:00+00:00,0.6075,0.6164000000000002,0.603,0.5941,target,0.014650205761317148,0.013485495554362403,0.0011647102069547444,5.742762706652812,4
BNB,2024-08-23 20:00:00+00:00,2024-08-24 00:00:00+00:00,2024-08-25 00:00:00+00:00,591.4,580.6,589.7,572.5,timeout,-0.018261751775447976,-0.019528539051112848,0.0012667872756648713,6.455921962584254,6
SOL,2024-08-24 04:00:00+00:00,2024-08-24 08:00:00+00:00,2024-08-25 08:00:00+00:00,154.6,156.12,154.13,142.69,timeout,0.009831824062095817,0.008620565748120201,0.0012112583139756161,6.000925858297193,6
DOT,2024-08-24 12:00:00+00:00,2024-08-24 16:00:00+00:00,2024-08-25 16:00:00+00:00,4.958,4.865,4.954,4.684,timeout,-0.018757563533682964,-0.020531355026418452,0.001773791492735488,9.046674492363598,6
LINK,2024-08-24 12:00:00+00:00,2024-08-24 16:00:00+00:00,2024-08-25 16:00:00+00:00,12.229,12.203,12.208,11.453,timeout,-0.0021260937116689416,-0.0034297997403505143,0.0013037060286815727,6.536688716426203,6
ADA,2024-08-29 12:00:00+00:00,2024-08-29 16:00:00+00:00,2024-08-30 16:00:00+00:00,0.3646,0.3399,0.3606,0.3406,timeout,-0.0677454744925946,-0.0696060322105807,0.0018605577179861,9.988775255673833,6
BTC,2024-08-29 12:00:00+00:00,2024-08-29 16:00:00+00:00,2024-08-30 16:00:00+00:00,60779.9,58095.9,60222.0,57778.9,timeout,-0.044159335569818325,-0.04511717346352495,0.0009578378937066256,5.012959217987713,6
XRP,2024-08-31 08:00:00+00:00,2024-08-31 12:00:00+00:00,2024-09-01 12:00:00+00:00,0.5692,0.558,0.5678,0.5459,timeout,-0.01967673928320446,-0.020802045818785753,0.0011253065355812941,5.742762706652812,6
ETH,2024-09-02 16:00:00+00:00,2024-09-02 20:00:00+00:00,2024-09-03 20:00:00+00:00,2524.84,2447.99,2517.38,2398.3,timeout,-0.0304375722818081,-0.03141477161230111,0.000977199330493006,5.041924062981029,6
XRP,2024-09-02 16:00:00+00:00,2024-09-02 20:00:00+00:00,2024-09-03 20:00:00+00:00,0.5677,0.5659,0.562,0.5432,timeout,-0.003170688744055017,-0.0043149424650111845,0.0011442537209561676,5.742762706652812,6
BNB,2024-09-02 20:00:00+00:00,2024-09-03 00:00:00+00:00,2024-09-04 00:00:00+00:00,526.3,518.6,526.1,501.6,timeout,-0.014630438913167287,-0.015901911858292705,0.001271472945125418,6.455921962584254,6
BTC,2024-09-02 20:00:00+00:00,2024-09-03 00:00:00+00:00,2024-09-04 00:00:00+00:00,59146.9,57486.1,58800.0,57111.0,timeout,-0.028079239993981098,-0.02905319158262687,0.0009739515886457717,5.012959217987713,6
DOT,2024-09-03 00:00:00+00:00,2024-09-03 04:00:00+00:00,2024-09-04 04:00:00+00:00,4.259,4.036,4.22,4.03,timeout,-0.05235970885184338,-0.054072757762228196,0.0017130489103848179,9.046674492363598,6
AVAX,2024-09-04 12:00:00+00:00,2024-09-04 16:00:00+00:00,2024-09-05 16:00:00+00:00,22.034,21.41,21.872,20.455,timeout,-0.02831986929291086,-0.02981718791077803,0.0014973186178671716,7.710732744665526,6
DOT,2024-09-04 12:00:00+00:00,2024-09-04 16:00:00+00:00,2024-09-05 16:00:00+00:00,4.156,4.0,4.155,3.865,timeout,-0.0375360923965351,-0.03927593795144224,0.0017398455549071379,9.046674492363598,6
SOL,2024-09-04 12:00:00+00:00,2024-09-04 16:00:00+00:00,2024-09-05 16:00:00+00:00,133.79,130.6,132.23,122.46,timeout,-0.023843336572240026,-0.02501420269682242,0.0011708661245823926,6.000925858297193,6
ADA,2024-09-05 08:00:00+00:00,2024-09-05 12:00:00+00:00,2024-09-06 12:00:00+00:00,0.3272,0.3214,0.3261,0.3048,timeout,-0.017726161369193028,-0.019686545708057612,0.0019603843388645847,9.988775255673833,6
DOT,2024-09-07 12:00:00+00:00,2024-09-07 16:00:00+00:00,2024-09-08 16:00:00+00:00,4.121,4.119,4.096,3.817,timeout,-0.0004853190973066468,-0.0022921413177501293,0.0018068222204434825,9.046674492363598,6
LINK,2024-09-07 12:00:00+00:00,2024-09-07 16:00:00+00:00,2024-09-08 16:00:00+00:00,10.132,10.175,10.097,9.281,timeout,0.004243979470983206,0.002931951045294312,0.0013120284256888937,6.536688716426203,6
ADA,2024-09-07 16:00:00+00:00,2024-09-07 20:00:00+00:00,2024-09-08 20:00:00+00:00,0.327,0.3362,0.3265,0.3032,timeout,0.028134556574923586,0.02608264517945713,0.0020519113954664547,9.988775255673833,6
AVAX,2024-09-08 00:00:00+00:00,2024-09-08 04:00:00+00:00,2024-09-09 04:00:00+00:00,22.374,23.5,22.192,20.409,timeout,0.050326271565209746,0.04870776251933129,0.001618509045878458,7.710732744665526,6
LINK,2024-09-08 20:00:00+00:00,2024-09-09 00:00:00+00:00,2024-09-09 08:00:00+00:00,10.349,10.732000000000001,10.314,9.931,target,0.037008406609334354,0.03565357199248509,0.0013548346168492653,6.536688716426203,2
SOL,2024-09-08 04:00:00+00:00,2024-09-08 08:00:00+00:00,2024-09-09 08:00:00+00:00,129.58,129.31,129.47,126.27,timeout,-0.002083654885013164,-0.003280620994489225,0.0011969661094760609,6.000925858297193,6
BTC,2024-09-08 20:00:00+00:00,2024-09-09 00:00:00+00:00,2024-09-09 16:00:00+00:00,54877.0,55931.2,54863.2,53809.0,target,0.019210233795579068,0.018188893921778027,0.0010213398738010415,5.012959217987713,4
BNB,2024-09-09 16:00:00+00:00,2024-09-09 20:00:00+00:00,2024-09-10 20:00:00+00:00,520.2,521.9,507.0,490.9,timeout,0.0032679738562089167,0.0019734056699725055,0.0012945681862364111,6.455921962584254,6
DOT,2024-09-09 16:00:00+00:00,2024-09-09 20:00:00+00:00,2024-09-10 20:00:00+00:00,4.319,4.253,4.21,4.111,timeout,-0.01528131511924058,-0.017061390624606432,0.0017800755053658524,9.046674492363598,6
ETH,2024-09-09 16:00:00+00:00,2024-09-09 20:00:00+00:00,2024-09-10 20:00:00+00:00,2350.8,2381.02,2334.11,2239.22,timeout,0.012855198230389497,0.011834365127433744,0.0010208331029557538,5.041924062981029,6
SOL,2024-09-09 16:00:00+00:00,2024-09-09 20:00:00+00:00,2024-09-10 20:00:00+00:00,134.96,136.64,131.77,126.61,timeout,0.012448132780082721,0.011233736294373076,0.0012143964857096456,6.000925858297193,6
XRP,2024-09-09 16:00:00+00:00,2024-09-09 20:00:00+00:00,2024-09-10 20:00:00+00:00,0.5386,0.5404,0.5316,0.5207,timeout,0.0033419977720015037,0.0021902681816108327,0.001151729590390671,5.742762706652812,6
BNB,2024-09-11 16:00:00+00:00,2024-09-11 20:00:00+00:00,2024-09-12 20:00:00+00:00,533.3,541.5,522.2,506.4,timeout,0.015375960997562332,0.014065769253750915,0.0013101917438114175,6.455921962584254,6
ADA,2024-09-11 20:00:00+00:00,2024-09-12 00:00:00+00:00,2024-09-13 00:00:00+00:00,0.3532,0.3563,0.349,0.3373,timeout,0.008776896942242374,0.0067636188191779745,0.0020132781230643992,9.988775255673833,6
LINK,2024-09-12 00:00:00+00:00,2024-09-12 04:00:00+00:00,2024-09-13 00:00:00+00:00,10.525,10.859000000000002,10.502,10.168,target,0.03173396674584339,0.030386023098889936,0.0013479436469534534,6.536688716426203,5
BTC,2024-09-12 00:00:00+00:00,2024-09-12 04:00:00+00:00,2024-09-13 04:00:00+00:00,58229.6,57859.9,57977.5,55555.5,timeout,-0.0063490046299475855,-0.0073447318592888555,0.00099572722934127,5.012959217987713,6
DOT,2024-09-12 00:00:00+00:00,2024-09-12 04:00:00+00:00,2024-09-13 04:00:00+00:00,4.24,4.291,4.197,4.059,timeout,0.01202830188679238,0.010198858799557842,0.001829443087234539,9.046674492363598,6
SOL,2024-09-12 00:00:00+00:00,2024-09-12 04:00:00+00:00,2024-09-13 04:00:00+00:00,135.61,134.46,133.66,128.16,timeout,-0.008480200575178842,-0.009669494249539112,0.00118929367436027,6.000925858297193,6
XRP,2024-09-12 12:00:00+00:00,2024-09-12 16:00:00+00:00,2024-09-13 04:00:00+00:00,0.5579,0.5732999999999998,0.5382,0.5228,target,0.027603513174403682,0.026423933952223866,0.0011795792221798163,5.742762706652812,3
DOT,2024-09-13 08:00:00+00:00,2024-09-13 12:00:00+00:00,2024-09-13 12:00:00+00:00,4.301,4.4079999999999995,4.3,4.193,target,0.02487793536386862,0.023025264000217094,0.0018526713636515257,9.046674492363598,0
AVAX,2024-09-13 12:00:00+00:00,2024-09-13 16:00:00+00:00,2024-09-14 12:00:00+00:00,24.706,25.397000000000002,24.113,23.422,target,0.027968914433740943,0.026384857144177598,0.0015840572895633453,7.710732744665526,5
ADA,2024-09-13 12:00:00+00:00,2024-09-13 16:00:00+00:00,2024-09-14 16:00:00+00:00,0.3641,0.3545,0.3616,0.352,timeout,-0.026366382861851112,-0.028309523379051793,0.001943140517200681,9.988775255673833,6
BNB,2024-09-13 12:00:00+00:00,2024-09-13 16:00:00+00:00,2024-09-14 16:00:00+00:00,553.4,550.8,548.8,534.2,timeout,-0.004698229129020626,-0.005982518114466817,0.0012842889854461914,6.455921962584254,6
BTC,2024-09-13 12:00:00+00:00,2024-09-13 16:00:00+00:00,2024-09-14 16:00:00+00:00,59658.4,59865.3,58586.8,57347.0,timeout,0.003468078258887397,0.0024625134338602805,0.0010055648250271165,5.012959217987713,6
ETH,2024-09-13 12:00:00+00:00,2024-09-13 16:00:00+00:00,2024-09-14 16:00:00+00:00,2407.98,2419.01,2379.82,2314.5,timeout,0.004580602828927249,0.0035681094974551186,0.0010124933314721307,5.041924062981029,6
LINK,2024-09-13 16:00:00+00:00,2024-09-13 20:00:00+00:00,2024-09-14 20:00:00+00:00,11.358,11.298,11.349,10.645,timeout,-0.005282620179609121,-0.006582202257799485,0.0012995820781903644,6.536688716426203,6
SOL,2024-09-13 16:00:00+00:00,2024-09-13 20:00:00+00:00,2024-09-14 20:00:00+00:00,138.03,136.57,136.76,133.37,timeout,-0.010577410707817148,-0.011764188851225876,0.0011867781434087288,6.000925858297193,6
DOT,2024-09-15 00:00:00+00:00,2024-09-15 04:00:00+00:00,2024-09-16 04:00:00+00:00,4.498,4.281,4.455,4.345,timeout,-0.048243663850600416,-0.04996415333360604,0.0017204894830056272,9.046674492363598,6
BNB,2024-09-15 12:00:00+00:00,2024-09-15 16:00:00+00:00,2024-09-16 16:00:00+00:00,561.4,535.0,556.0,547.5,timeout,-0.04702529390808685,-0.04825496610827973,0.0012296722001928773,6.455921962584254,6
BTC,2024-09-15 12:00:00+00:00,2024-09-15 16:00:00+00:00,2024-09-16 16:00:00+00:00,60336.8,57887.8,60280.0,59374.2,timeout,-0.040588828045239334,-0.04155024390704687,0.0009614158618075352,5.012959217987713,6
ADA,2024-09-17 12:00:00+00:00,2024-09-17 16:00:00+00:00,2024-09-18 16:00:00+00:00,0.3407,0.3283,0.3363,0.3262,timeout,-0.036395656002348176,-0.03831878048204329,0.0019231244796951152,9.988775255673833,6
AVAX,2024-09-17 12:00:00+00:00,2024-09-17 16:00:00+00:00,2024-09-18 16:00:00+00:00,24.402,22.918,24.039,23.161,timeout,-0.06081468732071149,-0.06226193277717551,0.0014472454564640191,7.710732744665526,6
BNB,2024-09-17 12:00:00+00:00,2024-09-17 16:00:00+00:00,2024-09-18 16:00:00+00:00,550.0,538.1,549.0,526.7,timeout,-0.021636363636363565,-0.022898796477052175,0.0012624328406886098,6.455921962584254,6
BTC,2024-09-17 12:00:00+00:00,2024-09-17 16:00:00+00:00,2024-09-18 16:00:00+00:00,61139.9,59434.2,59186.3,57450.0,timeout,-0.027898311904337447,-0.02887244479912221,0.0009741328947847627,5.012959217987713,6
DOT,2024-09-17 12:00:00+00:00,2024-09-17 16:00:00+00:00,2024-09-18 16:00:00+00:00,4.25,3.991,4.244,4.135,timeout,-0.060941176470588165,-0.06263871266597887,0.001697536195390703,9.046674492363598,6
ETH,2024-09-17 12:00:00+00:00,2024-09-17 16:00:00+00:00,2024-09-18 16:00:00+00:00,2383.99,2296.29,2323.86,2263.0,timeout,-0.036787067059845024,-0.037757866882819235,0.000970799822974211,5.041924062981029,6
LINK,2024-09-17 12:00:00+00:00,2024-09-17 16:00:00+00:00,2024-09-18 16:00:00+00:00,10.855,10.32,10.832,10.416,timeout,-0.04928604329801933,-0.05052813561959757,0.0012420923215782365,6.536688716426203,6
SOL,2024-09-17 12:00:00+00:00,2024-09-17 16:00:00+00:00,2024-09-18 16:00:00+00:00,134.65,127.68,132.42,128.9,timeout,-0.05176383215744518,-0.05290120861414205,0.0011373764566968703,6.000925858297193,6
ETH,2024-09-18 20:00:00+00:00,2024-09-19 00:00:00+00:00,2024-09-19 16:00:00+00:00,2375.18,2465.27,2366.31,2276.22,target,0.03792975690263489,0.03688365173751307,0.0010461051651218245,5.041924062981029,4
BNB,2024-09-18 20:00:00+00:00,2024-09-19 00:00:00+00:00,2024-09-20 00:00:00+00:00,559.7,567.1,551.9,536.6,timeout,0.013221368590316196,0.011913957027730016,0.0013074115625861804,6.455921962584254,6
LINK,2024-09-19 00:00:00+00:00,2024-09-19 04:00:00+00:00,2024-09-20 04:00:00+00:00,11.008,11.428,10.898,10.288,timeout,0.03815406976744207,0.03679773836031042,0.0013563314071316501,6.536688716426203,6
SOL,2024-09-19 00:00:00+00:00,2024-09-19 04:00:00+00:00,2024-09-20 04:00:00+00:00,138.01,144.65,134.45,127.1,timeout,0.04811245561915811,0.046855281012852634,0.0012571746063054778,6.000925858297193,6
AVAX,2024-09-19 08:00:00+00:00,2024-09-19 12:00:00+00:00,2024-09-20 12:00:00+00:00,26.239,28.132,26.171,22.781,timeout,0.07214451770265629,0.07049238764805477,0.0016521300546015194,7.710732744665526,6
BTC,2024-09-19 08:00:00+00:00,2024-09-19 12:00:00+00:00,2024-09-20 12:00:00+00:00,62640.0,63449.4,62598.0,59162.8,timeout,0.012921455938697424,0.011906417983155837,0.0010150379555415867,5.012959217987713,6
ADA,2024-09-19 12:00:00+00:00,2024-09-19 16:00:00+00:00,2024-09-20 16:00:00+00:00,0.352,0.3547,0.3516,0.327,timeout,0.007670454545454675,0.005659384617560548,0.002011069927894127,9.988775255673833,6
DOT,2024-09-19 12:00:00+00:00,2024-09-19 16:00:00+00:00,2024-09-20 16:00:00+00:00,4.278,4.309,4.267,3.971,timeout,0.007246376811594235,0.00542557800807808,0.0018207988035161549,9.046674492363598,6
XRP,2024-09-19 12:00:00+00:00,2024-09-19 16:00:00+00:00,2024-09-20 16:00:00+00:00,0.586,0.5799,0.5857,0.562,timeout,-0.010409556313993207,-0.011545500587124224,0.0011359442731310176,5.742762706652812,6
BNB,2024-09-20 04:00:00+00:00,2024-09-20 08:00:00+00:00,2024-09-21 08:00:00+00:00,573.7,582.7,572.0,553.0,timeout,0.015687641624542392,0.014377047703212575,0.0013105939213298168,6.455921962584254,6
DOT,2024-09-21 12:00:00+00:00,2024-09-21 16:00:00+00:00,2024-09-22 16:00:00+00:00,4.425,4.323,4.396,4.237,timeout,-0.023050847457626977,-0.024816877983024455,0.0017660305253974773,9.046674492363598,6
XRP,2024-09-21 16:00:00+00:00,2024-09-21 20:00:00+00:00,2024-09-22 20:00:00+00:00,0.6001,0.59,0.5882,0.5799,timeout,-0.01683052824529241,-0.01795910192754968,0.0011285736822572723,5.742762706652812,6
ETH,2024-09-21 20:00:00+00:00,2024-09-22 00:00:00+00:00,2024-09-23 00:00:00+00:00,2613.46,2581.13,2588.0,2529.17,timeout,-0.01237057387524576,-0.013365982511547303,0.0009954086363015424,5.041924062981029,6
SOL,2024-09-21 20:00:00+00:00,2024-09-22 00:00:00+00:00,2024-09-23 00:00:00+00:00,149.47,144.68,149.35,144.66,timeout,-0.03204656452799892,-0.03320759116463268,0.0011610266366337552,6.000925858297193,6
BTC,2024-09-23 00:00:00+00:00,2024-09-23 04:00:00+00:00,2024-09-24 04:00:00+00:00,64364.4,63130.4,63722.3,62337.9,timeout,-0.01917208891871902,-0.02015496626993407,0.0009828773512150502,5.012959217987713,6
ADA,2024-09-23 16:00:00+00:00,2024-09-23 20:00:00+00:00,2024-09-24 16:00:00+00:00,0.3612,0.3792,0.3607,0.3427,target,0.04983388704318936,0.047738668958752006,0.002095218084437356,9.988775255673833,5
BNB,2024-09-23 12:00:00+00:00,2024-09-23 16:00:00+00:00,2024-09-24 16:00:00+00:00,601.0,606.4,599.4,575.7,timeout,0.008985024958402699,0.007683079767548451,0.0013019451908542479,6.455921962584254,6
LINK,2024-09-23 12:00:00+00:00,2024-09-23 16:00:00+00:00,2024-09-24 16:00:00+00:00,11.508,11.517,11.493,10.844,timeout,0.0007820646506777607,-0.0005254408396043742,0.0013075054902821348,6.536688716426203,6
DOT,2024-09-23 20:00:00+00:00,2024-09-24 00:00:00+00:00,2024-09-24 20:00:00+00:00,4.456,4.666000000000001,4.443,4.233,target,0.047127468581687815,0.04523457674726128,0.0018928918344265355,9.046674492363598,5
SOL,2024-09-24 16:00:00+00:00,2024-09-24 20:00:00+00:00,2024-09-24 20:00:00+00:00,148.25,153.29,147.38,142.34,target,0.03399662731871822,0.032756384159788654,0.001240243158929566,6.000925858297193,0
BTC,2024-09-24 16:00:00+00:00,2024-09-24 20:00:00+00:00,2024-09-25 20:00:00+00:00,64287.6,63192.9,63947.0,62712.0,timeout,-0.017028167173762876,-0.018013192926447874,0.0009850257526849981,5.012959217987713,6
XRP,2024-09-24 16:00:00+00:00,2024-09-24 20:00:00+00:00,2024-09-25 20:00:00+00:00,0.5912,0.5849,0.5909,0.5814,timeout,-0.010656292286874147,-0.011791953333426863,0.0011356610465527162,5.742762706652812,6
AVAX,2024-09-24 20:00:00+00:00,2024-09-25 00:00:00+00:00,2024-09-26 00:00:00+00:00,28.477,27.29,27.785,26.832,timeout,-0.041682761526846246,-0.04315948848425022,0.0014767269574039732,7.710732744665526,6
ADA,2024-09-26 04:00:00+00:00,2024-09-26 08:00:00+00:00,2024-09-27 00:00:00+00:00,0.3955,0.40959999999999996,0.3939,0.3798,target,0.03565107458912764,0.033584162016170316,0.0020669125729573246,9.988775255673833,4
AVAX,2024-09-26 12:00:00+00:00,2024-09-26 16:00:00+00:00,2024-09-27 12:00:00+00:00,29.201,30.494999999999997,28.257,26.963,target,0.04431355090579081,0.04270430721206164,0.0016092436937291676,7.710732744665526,5
BNB,2024-09-26 12:00:00+00:00,2024-09-26 16:00:00+00:00,2024-09-27 16:00:00+00:00,601.5,609.1,599.2,581.0,timeout,0.01263507896924354,0.011328423926262321,0.0013066550429812196,6.455921962584254,6
BTC,2024-09-26 12:00:00+00:00,2024-09-26 16:00:00+00:00,2024-09-27 16:00:00+00:00,65239.3,66004.0,64500.0,62666.0,timeout,0.011721462370074542,0.010707626915488211,0.0010138354545863315,5.012959217987713,6
DOT,2024-09-26 12:00:00+00:00,2024-09-26 16:00:00+00:00,2024-09-27 16:00:00+00:00,4.836,4.897,4.816,4.565,timeout,0.01261373035566593,0.010783228989662552,0.0018305013660033786,9.046674492363598,6
ETH,2024-09-26 12:00:00+00:00,2024-09-26 16:00:00+00:00,2024-09-27 16:00:00+00:00,2652.1,2683.71,2635.43,2554.0,timeout,0.011918856755024354,0.010898967368776713,0.001019889386247641,5.041924062981029,6
LINK,2024-09-26 12:00:00+00:00,2024-09-26 16:00:00+00:00,2024-09-27 16:00:00+00:00,12.597,12.713,12.559,11.874,timeout,0.009208541716281715,0.007890027170765368,0.0013185145455163472,6.536688716426203,6
SOL,2024-09-26 12:00:00+00:00,2024-09-26 16:00:00+00:00,2024-09-27 16:00:00+00:00,157.12,159.05,153.24,146.6,timeout,0.012283604887983746,0.011069405747784922,0.001214199140198824,6.000925858297193,6
XRP,2024-09-26 12:00:00+00:00,2024-09-26 16:00:00+00:00,2024-09-27 16:00:00+00:00,0.5928,0.5881,0.5912,0.5738,timeout,-0.00792847503373828,-0.009067267323530803,0.001138792289792523,5.742762706652812,6
XRP,2024-09-28 04:00:00+00:00,2024-09-28 08:00:00+00:00,2024-09-28 08:00:00+00:00,0.6078,0.6217999999999999,0.5965,0.5825,target,0.02303389272787082,0.02185955894253766,0.0011743337853331592,5.742762706652812,0
BNB,2024-09-28 00:00:00+00:00,2024-09-28 04:00:00+00:00,2024-09-29 04:00:00+00:00,612.3,600.5,609.2,590.5,timeout,-0.019271598889433195,-0.020537083107509457,0.0012654842180762627,6.455921962584254,6
XRP,2024-09-29 12:00:00+00:00,2024-09-29 16:00:00+00:00,2024-09-30 16:00:00+00:00,0.6596,0.6177,0.6328,0.6076,timeout,-0.06352334748332311,-0.06459832278965794,0.0010749753063348244,5.742762706652812,6
SOL,2024-09-29 16:00:00+00:00,2024-09-29 20:00:00+00:00,2024-09-30 20:00:00+00:00,159.49,155.09,158.56,155.1,timeout,-0.02758793654774594,-0.028754311154290613,0.0011663746065446734,6.000925858297193,6
ETH,2024-10-01 04:00:00+00:00,2024-10-01 08:00:00+00:00,2024-10-02 08:00:00+00:00,2645.25,2481.96,2643.4,2573.74,timeout,-0.06172951516869862,-0.06267517608065887,0.0009456609119602444,5.041924062981029,6
ADA,2024-10-04 04:00:00+00:00,2024-10-04 08:00:00+00:00,2024-10-05 08:00:00+00:00,0.35,0.3555,0.3495,0.3316,timeout,0.01571428571428579,0.013687162217592697,0.002027123496693095,9.988775255673833,6
LINK,2024-10-04 04:00:00+00:00,2024-10-04 08:00:00+00:00,2024-10-05 08:00:00+00:00,10.972,11.215,10.865,10.336,timeout,0.022147283995625155,0.020811865193762547,0.001335418801862609,6.536688716426203,6
AVAX,2024-10-04 08:00:00+00:00,2024-10-04 12:00:00+00:00,2024-10-05 12:00:00+00:00,25.686,25.863,25.666,23.88,timeout,0.006890913338005067,0.005339336370381753,0.0015515769676233138,7.710732744665526,6
BNB,2024-10-04 08:00:00+00:00,2024-10-04 12:00:00+00:00,2024-10-05 12:00:00+00:00,553.2,561.6,550.8,533.8,timeout,0.015184381778741818,0.0138744372394346,0.0013099445393072173,6.455921962584254,6
BTC,2024-10-04 12:00:00+00:00,2024-10-04 16:00:00+00:00,2024-10-05 16:00:00+00:00,61886.9,62165.0,61482.5,59840.8,timeout,0.004493681215249179,0.003487088644268166,0.001006592570981013,5.012959217987713,6
DOT,2024-10-04 12:00:00+00:00,2024-10-04 16:00:00+00:00,2024-10-05 16:00:00+00:00,4.174,4.175,4.172,3.988,timeout,0.00023957834211763007,-0.001568554275087397,0.0018081326172050272,9.046674492363598,6
ETH,2024-10-04 12:00:00+00:00,2024-10-04 16:00:00+00:00,2024-10-05 16:00:00+00:00,2417.53,2415.16,2403.36,2308.8,timeout,-0.0009803394373597563,-0.0019872280249761953,0.001006888587616439,5.041924062981029,6
SOL,2024-10-04 16:00:00+00:00,2024-10-04 20:00:00+00:00,2024-10-05 20:00:00+00:00,143.91,142.21,142.87,132.94,timeout,-0.011812938642206894,-0.012998234812630294,0.0011852961704234,6.000925858297193,6
ADA,2024-10-06 20:00:00+00:00,2024-10-07 00:00:00+00:00,2024-10-07 00:00:00+00:00,0.3575,0.3669,0.3573,0.3479,target,0.02629370629370631,0.024245468796413316,0.002048237497292993,9.988775255673833,0
AVAX,2024-10-06 08:00:00+00:00,2024-10-06 12:00:00+00:00,2024-10-07 00:00:00+00:00,26.352,27.526,26.279,25.105,target,0.04455069823922275,0.042941089111328434,0.001609609127894318,7.710732744665526,3
BNB,2024-10-06 12:00:00+00:00,2024-10-06 16:00:00+00:00,2024-10-07 00:00:00+00:00,567.3,576.0,566.5,557.8,target,0.015335801163405716,0.014025661239890574,0.0013101399235151412,6.455921962584254,2
BTC,2024-10-06 12:00:00+00:00,2024-10-06 16:00:00+00:00,2024-10-07 00:00:00+00:00,62729.2,63407.29999999999,62388.1,61710.0,target,0.010809957723037833,0.009797035677688193,0.0010129220453496401,5.012959217987713,2
ETH,2024-10-06 08:00:00+00:00,2024-10-06 12:00:00+00:00,2024-10-07 00:00:00+00:00,2426.58,2461.2200000000003,2424.68,2390.04,target,0.014275235104550532,0.013252970779588757,0.0010222643249617747,5.041924062981029,3
SOL,2024-10-06 12:00:00+00:00,2024-10-06 16:00:00+00:00,2024-10-07 00:00:00+00:00,145.97,149.05999999999997,144.17,141.08,target,0.02116873330136304,0.01994387675722331,0.0012248565441397297,6.000925858297193,2
XRP,2024-10-06 12:00:00+00:00,2024-10-06 16:00:00+00:00,2024-10-07 16:00:00+00:00,0.5368,0.541,0.5352,0.5257,timeout,0.007824143070044753,0.0066672684549469174,0.001156874615097836,5.742762706652812,6
DOT,2024-10-07 00:00:00+00:00,2024-10-07 04:00:00+00:00,2024-10-08 04:00:00+00:00,4.255,4.172,4.213,4.078,timeout,-0.019506462984723916,-0.021278900692272784,0.0017724377075488684,9.046674492363598,6
LINK,2024-10-07 00:00:00+00:00,2024-10-07 04:00:00+00:00,2024-10-08 04:00:00+00:00,11.605,11.216,11.404,11.077,timeout,-0.03352003446790186,-0.034782724823590794,0.0012626903556889335,6.536688716426203,6
BNB,2024-10-08 16:00:00+00:00,2024-10-08 20:00:00+00:00,2024-10-09 20:00:00+00:00,585.4,571.8,580.4,558.8,timeout,-0.023231978134608866,-0.024492352071972645,0.001260373937363779,6.455921962584254,6
XRP,2024-10-10 12:00:00+00:00,2024-10-10 16:00:00+00:00,2024-10-11 16:00:00+00:00,0.5357,0.5381,0.5338,0.5209,timeout,0.004480119469852717,0.0033270834371523783,0.0011530360327003386,5.742762706652812,6
AVAX,2024-10-11 08:00:00+00:00,2024-10-11 12:00:00+00:00,2024-10-12 00:00:00+00:00,26.424,27.659000000000002,26.276,25.041,target,0.04673781410838651,0.04512483472601536,0.0016129793823711491,7.710732744665526,3
ADA,2024-10-11 04:00:00+00:00,2024-10-11 08:00:00+00:00,2024-10-12 08:00:00+00:00,0.3447,0.3534,0.3418,0.3312,timeout,0.02523933855526539,0.023193205324542943,0.0020461332307224467,9.988775255673833,6
LINK,2024-10-11 08:00:00+00:00,2024-10-11 12:00:00+00:00,2024-10-12 08:00:00+00:00,10.685,11.107999999999999,10.675,10.252,target,0.03958820776789884,0.03823000268279508,0.0013582050851037586,6.536688716426203,5
DOT,2024-10-11 08:00:00+00:00,2024-10-11 12:00:00+00:00,2024-10-12 12:00:00+00:00,4.126,4.24,4.115,3.964,timeout,0.027629665535627623,0.02577201987063349,0.0018576456649941342,9.046674492363598,6
SOL,2024-10-11 08:00:00+00:00,2024-10-11 12:00:00+00:00,2024-10-12 12:00:00+00:00,141.97,146.26,141.53,135.51,timeout,0.030217651616538665,0.028981941208140904,0.001235710408397761,6.000925858297193,6
BNB,2024-10-11 12:00:00+00:00,2024-10-11 16:00:00+00:00,2024-10-12 16:00:00+00:00,571.8,575.9,570.9,551.3,timeout,0.007170339279468418,0.0058707356707328184,0.0012996036087356,6.455921962584254,6
BTC,2024-10-11 12:00:00+00:00,2024-10-11 16:00:00+00:00,2024-10-12 16:00:00+00:00,62254.3,63166.0,61320.9,58924.9,timeout,0.01464477152582222,0.013628006653825242,0.001016764871996978,5.012959217987713,6
ETH,2024-10-11 12:00:00+00:00,2024-10-11 16:00:00+00:00,2024-10-12 16:00:00+00:00,2443.9,2473.47,2421.77,2330.11,timeout,0.01209951307336632,0.01107944160783414,0.0010200714655321796,5.041924062981029,6
BTC,2024-10-14 00:00:00+00:00,2024-10-14 04:00:00+00:00,2024-10-14 12:00:00+00:00,64315.1,65409.100000000006,63144.0,62050.0,target,0.017010002316718786,0.015990867271780784,0.0010191350449380021,5.012959217987713,2
ETH,2024-10-14 00:00:00+00:00,2024-10-14 04:00:00+00:00,2024-10-14 12:00:00+00:00,2521.26,2569.65,2485.0,2436.61,target,0.019192784560100762,0.018165563951872965,0.0010272206082277968,5.041924062981029,2
SOL,2024-10-14 00:00:00+00:00,2024-10-14 04:00:00+00:00,2024-10-14 12:00:00+00:00,152.49,156.94,148.88,144.43,target,0.02918224145845616,0.02794777298869855,0.0012344684697576103,6.000925858297193,2
BNB,2024-10-14 00:00:00+00:00,2024-10-14 04:00:00+00:00,2024-10-14 16:00:00+00:00,580.4,591.8999999999999,576.2,564.7,target,0.01981392143349403,0.018498003161435017,0.0013159182720590135,6.455921962584254,3
DOT,2024-10-14 00:00:00+00:00,2024-10-14 04:00:00+00:00,2024-10-14 16:00:00+00:00,4.256,4.372,4.202,4.086,target,0.02725563909774431,0.025398669560166676,0.0018569695375776352,9.046674492363598,3
AVAX,2024-10-14 00:00:00+00:00,2024-10-14 04:00:00+00:00,2024-10-15 04:00:00+00:00,29.736,28.718,29.363,28.418,timeout,-0.034234597793919797,-0.03572280206147338,0.0014882042675535834,7.710732744665526,6
ADA,2024-10-14 12:00:00+00:00,2024-10-14 16:00:00+00:00,2024-10-15 16:00:00+00:00,0.3634,0.3555,0.3572,0.3422,timeout,-0.021739130434782705,-0.023691505844365857,0.0019523754095831514,9.988775255673833,6
LINK,2024-10-14 12:00:00+00:00,2024-10-14 16:00:00+00:00,2024-10-15 16:00:00+00:00,11.264,11.139,11.059,10.607,timeout,-0.011097301136363646,-0.012389286428456492,0.0012919852920928454,6.536688716426203,6
XRP,2024-10-14 12:00:00+00:00,2024-10-14 16:00:00+00:00,2024-10-15 16:00:00+00:00,0.5492,0.5391,0.5418,0.5351,timeout,-0.018390386016023275,-0.019517169147944435,0.0011267831319211608,5.742762706652812,6
BNB,2024-10-16 16:00:00+00:00,2024-10-16 20:00:00+00:00,2024-10-17 20:00:00+00:00,601.4,588.6,599.9,577.4,timeout,-0.021283671433322215,-0.022546559370871466,0.0012628879375492508,6.455921962584254,6
XRP,2024-10-16 16:00:00+00:00,2024-10-16 20:00:00+00:00,2024-10-17 20:00:00+00:00,0.5527,0.5442,0.5503,0.5312,timeout,-0.01537904830830461,-0.01650928813470498,0.00113023982640037,5.742762706652812,6
BTC,2024-10-18 04:00:00+00:00,2024-10-18 08:00:00+00:00,2024-10-18 16:00:00+00:00,67980.0,69002.0,67688.0,66666.0,target,0.01503383348043541,0.014016678733538956,0.0010171547468964537,5.012959217987713,2
DOT,2024-10-18 04:00:00+00:00,2024-10-18 08:00:00+00:00,2024-10-19 00:00:00+00:00,4.267,4.379,4.256,4.144,target,0.02624794937895447,0.024392801441609713,0.0018551479373447588,9.046674492363598,4
LINK,2024-10-18 04:00:00+00:00,2024-10-18 08:00:00+00:00,2024-10-19 08:00:00+00:00,11.423,11.392,11.28,10.846,timeout,-0.0027138229887070375,-0.00401676115864702,0.0013029381699399822,6.536688716426203,6
SOL,2024-10-18 04:00:00+00:00,2024-10-18 08:00:00+00:00,2024-10-19 08:00:00+00:00,153.91,154.57,153.49,147.7,timeout,0.0042882203885388215,0.003083611435257705,0.0012046089532811166,6.000925858297193,6
BNB,2024-10-18 12:00:00+00:00,2024-10-18 16:00:00+00:00,2024-10-19 16:00:00+00:00,600.6,596.8,598.4,584.6,timeout,-0.006327006327006446,-0.007609193617593379,0.0012821872905869336,6.455921962584254,6
ETH,2024-10-18 12:00:00+00:00,2024-10-18 16:00:00+00:00,2024-10-19 16:00:00+00:00,2653.26,2646.07,2652.5,2575.2,timeout,-0.00270987389098698,-0.003715019321214319,0.0010051454302273388,5.041924062981029,6
ADA,2024-10-18 20:00:00+00:00,2024-10-19 00:00:00+00:00,2024-10-20 00:00:00+00:00,0.3506,0.3515,0.3503,0.3392,timeout,0.0025670279520819683,0.0005661432466532723,0.002000884705428696,9.988775255673833,6
AVAX,2024-10-18 20:00:00+00:00,2024-10-19 00:00:00+00:00,2024-10-20 00:00:00+00:00,28.093,28.106,27.886,26.809,timeout,0.00046274872744112017,-0.001078922706204577,0.0015416714336456971,7.710732744665526,6
LINK,2024-10-20 08:00:00+00:00,2024-10-20 12:00:00+00:00,2024-10-20 16:00:00+00:00,11.676,11.986,11.606,11.296,target,0.02655018842069201,0.025209017295809044,0.0013411711248829672,6.536688716426203,1
ADA,2024-10-20 12:00:00+00:00,2024-10-20 16:00:00+00:00,2024-10-20 20:00:00+00:00,0.3598,0.3654,0.3537,0.3481,target,0.015564202334630295,0.013537378368572606,0.0020268239660576892,9.988775255673833,1
AVAX,2024-10-20 12:00:00+00:00,2024-10-20 16:00:00+00:00,2024-10-20 20:00:00+00:00,28.393,29.003,28.333,27.723,target,0.021484168633113754,0.019910104066785728,0.0015740645663280262,7.710732744665526,1
BNB,2024-10-20 12:00:00+00:00,2024-10-20 16:00:00+00:00,2024-10-20 20:00:00+00:00,599.1,605.1,598.4,592.4,target,0.01001502253380071,0.008711748284182752,0.0013032742496179583,6.455921962584254,1
BTC,2024-10-20 12:00:00+00:00,2024-10-20 16:00:00+00:00,2024-10-20 20:00:00+00:00,68635.2,69112.59999999999,68482.7,68005.3,target,0.006955614611744432,0.005946554963156547,0.0010090596485878844,5.012959217987713,1
ETH,2024-10-20 12:00:00+00:00,2024-10-20 16:00:00+00:00,2024-10-20 20:00:00+00:00,2706.88,2726.87,2655.95,2635.96,target,0.007384885920321382,0.0063695662174045875,0.0010153197029167949,5.041924062981029,1
SOL,2024-10-19 20:00:00+00:00,2024-10-20 00:00:00+00:00,2024-10-20 20:00:00+00:00,159.84,163.73,157.55,153.66,target,0.02433683683683685,0.023108180262181532,0.001228656574655318,6.000925858297193,5
XRP,2024-10-20 20:00:00+00:00,2024-10-21 00:00:00+00:00,2024-10-21 08:00:00+00:00,0.5483,0.5584000000000001,0.5458,0.5357,target,0.018420572679190395,0.01725153449318606,0.0011690381860043342,5.742762706652812,2
DOT,2024-10-20 12:00:00+00:00,2024-10-20 16:00:00+00:00,2024-10-21 16:00:00+00:00,4.549,4.379,4.442,4.357,timeout,-0.037370850736425765,-0.039110994998604265,0.0017401442621785002,9.046674492363598,6
SOL,2024-10-21 00:00:00+00:00,2024-10-21 04:00:00+00:00,2024-10-22 04:00:00+00:00,169.56,166.47,167.99,157.66,timeout,-0.018223637650389257,-0.019401244409282037,0.0011776067588927797,6.000925858297193,6
LINK,2024-10-22 04:00:00+00:00,2024-10-22 08:00:00+00:00,2024-10-23 08:00:00+00:00,12.11,11.609,12.022,11.542,timeout,-0.04137076796036332,-0.0426232014604323,0.0012524335000689835,6.536688716426203,6
SOL,2024-10-23 16:00:00+00:00,2024-10-23 20:00:00+00:00,2024-10-24 20:00:00+00:00,173.0,177.42,169.19,163.01,timeout,0.025549132947976894,0.024319022266104273,0.0012301106818726204,6.000925858297193,6
LINK,2024-10-24 20:00:00+00:00,2024-10-25 00:00:00+00:00,2024-10-25 00:00:00+00:00,11.616,11.932999999999998,11.54,11.223,target,0.027289944903581054,0.025947807298885017,0.0013421376046960365,6.536688716426203,0
BNB,2024-10-24 12:00:00+00:00,2024-10-24 16:00:00+00:00,2024-10-25 16:00:00+00:00,592.4,589.9,592.1,572.5,timeout,-0.004220121539500354,-0.00550502745172099,0.0012849059122206352,6.455921962584254,6
BTC,2024-10-24 12:00:00+00:00,2024-10-24 16:00:00+00:00,2024-10-25 16:00:00+00:00,67699.7,67684.8,67620.3,65226.0,timeout,-0.00022008960157859914,-0.001221958552317659,0.00100186895073906,5.012959217987713,6
XRP,2024-10-24 16:00:00+00:00,2024-10-24 20:00:00+00:00,2024-10-25 20:00:00+00:00,0.5328,0.515,0.5305,0.5115,timeout,-0.03340840840840853,-0.034517952452544076,0.0011095440441355464,5.742762706652812,6
BTC,2024-10-27 12:00:00+00:00,2024-10-27 16:00:00+00:00,2024-10-28 04:00:00+00:00,67790.0,68524.9,67479.9,66745.0,target,0.010840831981118182,0.00982787899699833,0.0010129529841198526,5.012959217987713,3
XRP,2024-10-27 00:00:00+00:00,2024-10-27 04:00:00+00:00,2024-10-28 04:00:00+00:00,0.5162,0.5132,0.5153,0.5056,timeout,-0.00581170089112748,-0.006952923011846579,0.0011412221207190987,5.742762706652812,6
DOT,2024-10-27 12:00:00+00:00,2024-10-27 16:00:00+00:00,2024-10-28 08:00:00+00:00,4.09,4.173,4.061,3.978,target,0.02029339853300738,0.018449014634437155,0.0018443838985702232,9.046674492363598,4
ADA,2024-10-27 12:00:00+00:00,2024-10-27 16:00:00+00:00,2024-10-28 16:00:00+00:00,0.3397,0.3336,0.3349,0.3236,timeout,-0.017957020900794762,-0.01991694449908754,0.0019599235982927787,9.988775255673833,6
AVAX,2024-10-27 12:00:00+00:00,2024-10-27 16:00:00+00:00,2024-10-28 16:00:00+00:00,25.8,25.568,25.679,24.903,timeout,-0.008992248062015484,-0.010519349739341877,0.0015271016773263923,7.710732744665526,6
BNB,2024-10-28 04:00:00+00:00,2024-10-28 08:00:00+00:00,2024-10-28 20:00:00+00:00,591.6,599.6000000000001,589.7,581.7,target,0.013522650439486306,0.01221485011745882,0.0013078003220274859,6.455921962584254,3
ETH,2024-10-28 08:00:00+00:00,2024-10-28 12:00:00+00:00,2024-10-28 20:00:00+00:00,2527.2,2576.25,2512.34,2463.29,target,0.019408831908831914,0.01838139355152646,0.0010274383573054546,5.041924062981029,2
BTC,2024-10-28 16:00:00+00:00,2024-10-28 20:00:00+00:00,2024-10-29 00:00:00+00:00,69635.9,71309.8,69293.6,67619.7,target,0.024037888502913107,0.023011710887019143,0.001026177615893964,5.012959217987713,1
XRP,2024-10-28 08:00:00+00:00,2024-10-28 12:00:00+00:00,2024-10-29 04:00:00+00:00,0.5198,0.527,0.5179,0.5107,target,0.013851481338976512,0.012687687982461338,0.0011637933565151748,5.742762706652812,4
ADA,2024-10-28 20:00:00+00:00,2024-10-29 00:00:00+00:00,2024-10-29 16:00:00+00:00,0.3438,0.3561,0.3425,0.3302,target,0.035776614310645716,0.033709451190341966,0.00206716312030375,9.988775255673833,4
LINK,2024-10-29 00:00:00+00:00,2024-10-29 04:00:00+00:00,2024-10-30 00:00:00+00:00,11.422,11.902999999999999,11.188,10.707,target,0.04211171423568527,0.040750212230424854,0.0013615020052604176,6.536688716426203,5
AVAX,2024-10-29 00:00:00+00:00,2024-10-29 04:00:00+00:00,2024-10-30 04:00:00+00:00,26.802,26.596,26.315,25.046,timeout,-0.0076859935825684955,-0.009215108143651563,0.001529114561083067,7.710732744665526,6
SOL,2024-10-29 00:00:00+00:00,2024-10-29 04:00:00+00:00,2024-10-30 04:00:00+00:00,181.84,180.13,178.55,173.15,timeout,-0.009403871535415775,-0.010592057298435265,0.0011881857630194892,6.000925858297193,6
ETH,2024-10-29 12:00:00+00:00,2024-10-29 16:00:00+00:00,2024-10-30 16:00:00+00:00,2648.26,2683.14,2632.86,2487.45,timeout,0.013170912221609488,0.012149760917894215,0.001021151303715273,5.041924062981029,6
XRP,2024-10-29 20:00:00+00:00,2024-10-30 00:00:00+00:00,2024-10-31 00:00:00+00:00,0.5287,0.5229,0.5267,0.5112,timeout,-0.010970304520521834,-0.012105605114525075,0.0011353005940032412,5.742762706652812,6
ADA,2024-11-01 12:00:00+00:00,2024-11-01 16:00:00+00:00,2024-11-02 16:00:00+00:00,0.3525,0.3543,0.3495,0.3339,timeout,0.005106382978723456,0.00310043032622187,0.002005952652501586,9.988775255673833,6
XRP,2024-11-04 08:00:00+00:00,2024-11-04 12:00:00+00:00,2024-11-05 12:00:00+00:00,0.512,0.5092,0.5073,0.4915,timeout,-0.005468750000000022,-0.006610365791760886,0.0011416157917608638,5.742762706652812,6
AVAX,2024-11-05 12:00:00+00:00,2024-11-05 16:00:00+00:00,2024-11-06 00:00:00+00:00,23.971,25.439999999999998,23.799,22.33,target,0.061282382879312314,0.059646990922143095,0.0016353919571692188,7.710732744665526,2
BNB,2024-11-05 12:00:00+00:00,2024-11-05 16:00:00+00:00,2024-11-06 00:00:00+00:00,564.4,584.5999999999999,563.4,543.2,target,0.035790219702338755,0.034453686392212246,0.0013365333101265087,6.455921962584254,2
BTC,2024-11-05 12:00:00+00:00,2024-11-05 16:00:00+00:00,2024-11-06 00:00:00+00:00,69638.0,72097.90000000001,69271.6,66811.7,target,0.035324104655504396,0.03428661724090665,0.0010374874145977486,5.012959217987713,2
DOT,2024-11-05 08:00:00+00:00,2024-11-05 12:00:00+00:00,2024-11-06 00:00:00+00:00,3.841,3.9989999999999997,3.836,3.678,target,0.04113512106222328,0.03925306159160047,0.00188205947062281,9.046674492363598,3
LINK,2024-11-05 12:00:00+00:00,2024-11-05 16:00:00+00:00,2024-11-06 00:00:00+00:00,10.78,11.432,10.72,10.068,target,0.06048237476808915,0.05909687179363199,0.0013855029744571645,6.536688716426203,2
SOL,2024-11-05 12:00:00+00:00,2024-11-05 16:00:00+00:00,2024-11-06 00:00:00+00:00,165.95,175.85,164.99,155.09,target,0.05965652304911129,0.05838550173356327,0.0012710213155480155,6.000925858297193,2
ETH,2024-11-06 00:00:00+00:00,2024-11-06 04:00:00+00:00,2024-11-06 20:00:00+00:00,2580.21,2710.18,2486.41,2356.44,target,0.05037186895640278,0.04931322367707969,0.0010586452793230894,5.041924062981029,4
ADA,2024-11-06 00:00:00+00:00,2024-11-06 04:00:00+00:00,2024-11-07 00:00:00+00:00,0.3586,0.3735,0.335,0.3201,target,0.04155047406581147,0.03947178769833015,0.0020786863674813194,9.988775255673833,5
XRP,2024-11-06 00:00:00+00:00,2024-11-06 04:00:00+00:00,2024-11-07 00:00:00+00:00,0.5341,0.5538000000000001,0.5152,0.4955,target,0.036884478562067224,0.03569424578159075,0.0011902327804764745,5.742762706652812,5
LINK,2024-11-08 04:00:00+00:00,2024-11-08 08:00:00+00:00,2024-11-08 12:00:00+00:00,12.82,13.377,12.68,12.123,target,0.04344773790951639,0.042084490411055775,0.001363247498460618,6.536688716426203,1
BTC,2024-11-07 16:00:00+00:00,2024-11-07 20:00:00+00:00,2024-11-08 20:00:00+00:00,76520.0,76902.2,76422.0,74450.0,timeout,0.0049947726084682564,0.003987677899063513,0.0010070947094047433,5.012959217987713,6
AVAX,2024-11-08 08:00:00+00:00,2024-11-08 12:00:00+00:00,2024-11-09 00:00:00+00:00,28.147,29.398999999999997,27.769,26.517,target,0.04448076171528048,0.042871260356657004,0.0016095013586234774,7.710732744665526,3
DOT,2024-11-08 04:00:00+00:00,2024-11-08 08:00:00+00:00,2024-11-09 08:00:00+00:00,4.321,4.366,4.199,4.046,timeout,0.010414255959268592,0.00858773058210116,0.0018265253771674317,9.046674492363598,6
ETH,2024-11-08 12:00:00+00:00,2024-11-08 16:00:00+00:00,2024-11-09 16:00:00+00:00,2936.99,3041.16,2916.58,2772.98,timeout,0.035468285557662904,0.03442466125203136,0.0010436243056315408,5.041924062981029,6
DOT,2024-11-09 16:00:00+00:00,2024-11-09 20:00:00+00:00,2024-11-09 20:00:00+00:00,4.396,4.549,4.392,4.239,target,0.03480436760691541,0.0329337522363482,0.001870615370567208,9.046674492363598,0
ADA,2024-11-09 20:00:00+00:00,2024-11-10 00:00:00+00:00,2024-11-10 00:00:00+00:00,0.4966,0.5152,0.4459,0.4273,target,0.03745469190495365,0.03538417974194319,0.002070512163010463,9.988775255673833,0
BNB,2024-11-09 00:00:00+00:00,2024-11-09 04:00:00+00:00,2024-11-10 04:00:00+00:00,635.7,627.8,606.1,592.8,timeout,-0.012427245556080102,-0.013701561394731887,0.001274315838651785,6.455921962584254,6
BTC,2024-11-10 00:00:00+00:00,2024-11-10 04:00:00+00:00,2024-11-10 04:00:00+00:00,77220.1,78818.1,77198.1,75600.1,target,0.020694093895242238,0.019671267060815456,0.0010228268344267821,5.012959217987713,0
XRP,2024-11-09 20:00:00+00:00,2024-11-10 00:00:00+00:00,2024-11-10 04:00:00+00:00,0.5594,0.5761999999999999,0.5579,0.5411,target,0.030032177332856458,0.028849810263279707,0.0011823670695767508,5.742762706652812,1
SOL,2024-11-10 04:00:00+00:00,2024-11-10 08:00:00+00:00,2024-11-10 16:00:00+00:00,205.03,215.01999999999998,205.0,195.01,target,0.04872457689118659,0.047466668066606044,0.0012579088245805448,6.000925858297193,2
AVAX,2024-11-10 04:00:00+00:00,2024-11-10 08:00:00+00:00,2024-11-11 08:00:00+00:00,31.534,31.333,30.675,28.488,timeout,-0.006374072429758404,-0.007905208606705738,0.0015311361769473342,7.710732744665526,6
ETH,2024-11-10 04:00:00+00:00,2024-11-10 08:00:00+00:00,2024-11-11 08:00:00+00:00,3186.23,3139.9,3158.8,2992.0,timeout,-0.014540695430022343,-0.015533916851483753,0.00099322142146141,5.041924062981029,6
LINK,2024-11-10 04:00:00+00:00,2024-11-10 08:00:00+00:00,2024-11-11 08:00:00+00:00,14.49,13.798,14.067,13.295,timeout,-0.047757073844030384,-0.049001163739332276,0.001244089895301892,6.536688716426203,6
BNB,2024-11-10 08:00:00+00:00,2024-11-10 12:00:00+00:00,2024-11-11 12:00:00+00:00,641.7,626.4,634.2,609.8,timeout,-0.02384291725105203,-0.02510250286230098,0.0012595856112489479,6.455921962584254,6
BTC,2024-11-11 08:00:00+00:00,2024-11-11 12:00:00+00:00,2024-11-11 16:00:00+00:00,82154.1,85520.9,81886.9,78520.1,target,0.04098152131177857,0.03993836465935119,0.0010431566524273794,5.012959217987713,1
AVAX,2024-11-11 16:00:00+00:00,2024-11-11 20:00:00+00:00,2024-11-12 04:00:00+00:00,33.981,37.28699999999999,33.316,30.01,target,0.0972896618698682,0.09559878419522083,0.001690877674647373,7.710732744665526,2
XRP,2024-11-11 20:00:00+00:00,2024-11-12 00:00:00+00:00,2024-11-12 08:00:00+00:00,0.6215,0.6779999999999999,0.619,0.5625,target,0.0909090909090906,0.08965684363626014,0.0012522472728304646,5.742762706652812,2
SOL,2024-11-11 08:00:00+00:00,2024-11-11 12:00:00+00:00,2024-11-12 12:00:00+00:00,217.65,211.43,215.54,199.77,timeout,-0.028577992189294688,-0.029743179258371666,0.0011651870690769783,6.000925858297193,6
ETH,2024-11-11 16:00:00+00:00,2024-11-11 20:00:00+00:00,2024-11-12 20:00:00+00:00,3302.41,3274.19,3252.48,3070.87,timeout,-0.00854527451164444,-0.009544538577849537,0.0009992640662050967,5.041924062981029,6
LINK,2024-11-11 16:00:00+00:00,2024-11-11 20:00:00+00:00,2024-11-12 20:00:00+00:00,14.564,14.142,14.557,13.612,timeout,-0.02897555616588854,-0.03024418380856564,0.0012686276426771004,6.536688716426203,6
BNB,2024-11-11 20:00:00+00:00,2024-11-12 00:00:00+00:00,2024-11-13 00:00:00+00:00,660.5,625.4,644.3,611.6,timeout,-0.05314155942467835,-0.054363339493394114,0.001221780068715761,6.455921962584254,6
DOT,2024-11-11 20:00:00+00:00,2024-11-12 00:00:00+00:00,2024-11-13 00:00:00+00:00,5.709,5.309,5.478,4.973,timeout,-0.07006480994920294,-0.0717458533566282,0.0016810434074252534,9.046674492363598,6
XRP,2024-11-12 20:00:00+00:00,2024-11-13 00:00:00+00:00,2024-11-14 00:00:00+00:00,0.7043,0.6897,0.7037,0.5966,timeout,-0.02072980264092017,-0.021853900372093338,0.0011240977311731681,5.742762706652812,6
BTC,2024-11-13 12:00:00+00:00,2024-11-13 16:00:00+00:00,2024-11-14 16:00:00+00:00,92561.1,87965.9,89991.0,85149.4,timeout,-0.04964504527279834,-0.05059738599441044,0.0009523407216120994,5.012959217987713,6
SOL,2024-11-14 00:00:00+00:00,2024-11-14 04:00:00+00:00,2024-11-15 04:00:00+00:00,219.51,209.12,217.35,200.72,timeout,-0.04733269554917763,-0.04847538700083631,0.001142691451658684,6.000925858297193,6
BNB,2024-11-14 04:00:00+00:00,2024-11-14 08:00:00+00:00,2024-11-15 08:00:00+00:00,659.8,615.3,638.5,598.5,timeout,-0.06744468020612304,-0.06864800422360418,0.0012033240174811333,6.455921962584254,6
ADA,2024-11-15 08:00:00+00:00,2024-11-15 12:00:00+00:00,2024-11-15 12:00:00+00:00,0.6134,0.6733000000000001,0.6015,0.5416,target,0.09765242908379546,0.09546177659274258,0.00219065249105288,9.988775255673833,0
XRP,2024-11-14 16:00:00+00:00,2024-11-14 20:00:00+00:00,2024-11-15 12:00:00+00:00,0.7902,0.8909999999999999,0.7413,0.6405,target,0.12756264236902037,0.12626832072882244,0.0012943216401979374,5.742762706652812,4
AVAX,2024-11-15 20:00:00+00:00,2024-11-16 00:00:00+00:00,2024-11-16 04:00:00+00:00,33.123,35.348,32.8,30.575,target,0.06717386710140993,0.06552939661239265,0.00164447048901728,7.710732744665526,1
DOT,2024-11-15 16:00:00+00:00,2024-11-15 20:00:00+00:00,2024-11-16 08:00:00+00:00,5.05,5.3839999999999995,5.021,4.687,target,0.06613861386138598,0.06421135558854307,0.0019272582728429022,9.046674492363598,3
LINK,2024-11-15 20:00:00+00:00,2024-11-16 00:00:00+00:00,2024-11-16 16:00:00+00:00,13.844,14.786,13.655,12.713,target,0.06804391794279119,0.06664853593516074,0.0013953820076304524,6.536688716426203,4
SOL,2024-11-15 20:00:00+00:00,2024-11-16 00:00:00+00:00,2024-11-17 00:00:00+00:00,218.58,215.79,215.6,204.51,timeout,-0.012764205325281441,-0.0139483604842503,0.0011841551589688581,6.000925858297193,6
ETH,2024-11-16 00:00:00+00:00,2024-11-16 04:00:00+00:00,2024-11-17 04:00:00+00:00,3155.31,3080.33,3145.94,3014.94,timeout,-0.023763116777749227,-0.024747043136088553,0.0009839263583393265,5.041924062981029,6
BNB,2024-11-16 08:00:00+00:00,2024-11-16 12:00:00+00:00,2024-11-17 12:00:00+00:00,630.6,628.8,626.8,603.2,timeout,-0.0028544243577546258,-0.0041410924991798215,0.0012866681414251957,6.455921962584254,6
SOL,2024-11-18 00:00:00+00:00,2024-11-18 04:00:00+00:00,2024-11-19 04:00:00+00:00,244.25,240.68,242.21,212.08,timeout,-0.014616171954964119,-0.015798105744073143,0.0011819337891090242,6.000925858297193,6
BTC,2024-11-18 04:00:00+00:00,2024-11-18 08:00:00+00:00,2024-11-19 08:00:00+00:00,91739.5,91649.9,91500.0,89343.2,timeout,-0.000976678529968078,-0.00197778931088588,0.0010011107809178021,5.012959217987713,6
XRP,2024-11-18 04:00:00+00:00,2024-11-18 08:00:00+00:00,2024-11-19 08:00:00+00:00,1.1704,1.1024,1.1482,1.0303,timeout,-0.05809979494190021,-0.05918099590804082,0.0010812009661406163,5.742762706652812,6
LINK,2024-11-18 12:00:00+00:00,2024-11-18 16:00:00+00:00,2024-11-19 16:00:00+00:00,15.156,14.757,14.881,13.559,timeout,-0.02632620744259706,-0.02759829641629097,0.0012720889736939078,6.536688716426203,6
DOT,2024-11-18 20:00:00+00:00,2024-11-19 00:00:00+00:00,2024-11-20 00:00:00+00:00,6.009,5.804,5.983,5.31,timeout,-0.034115493426526866,-0.035861522396589685,0.0017460289700628184,9.046674492363598,6
ETH,2024-11-18 20:00:00+00:00,2024-11-19 00:00:00+00:00,2024-11-20 00:00:00+00:00,3208.14,3108.12,3202.01,3051.18,timeout,-0.031176943649591338,-0.03215339778494786,0.0009764541353565193,5.041924062981029,6
BTC,2024-11-19 16:00:00+00:00,2024-11-19 20:00:00+00:00,2024-11-20 20:00:00+00:00,93240.1,94019.9,92666.0,89400.0,timeout,0.008363354393656763,0.007352884063814624,0.0010104703298421391,5.012959217987713,6
ADA,2024-11-20 04:00:00+00:00,2024-11-20 08:00:00+00:00,2024-11-21 08:00:00+00:00,0.7892,0.785,0.7851,0.7171,timeout,-0.005321844906234108,-0.007306985302699021,0.001985140396464913,9.988775255673833,6
DOT,2024-11-20 08:00:00+00:00,2024-11-20 12:00:00+00:00,2024-11-21 12:00:00+00:00,6.061,5.723,6.047,5.743,timeout,-0.05576637518561289,-0.05747326586686219,0.0017068906812492957,9.046674492363598,6
XRP,2024-11-21 16:00:00+00:00,2024-11-21 20:00:00+00:00,2024-11-21 20:00:00+00:00,1.1719,1.2585999999999997,1.151,1.0643,target,0.07398242170833669,0.07274960444623879,0.001232817262097896,5.742762706652812,0
SOL,2024-11-21 12:00:00+00:00,2024-11-21 16:00:00+00:00,2024-11-22 00:00:00+00:00,248.95,262.94,243.49,229.5,target,0.056196023297851116,0.054929152731956865,0.0012668705658942514,6.000925858297193,2
ETH,2024-11-21 12:00:00+00:00,2024-11-21 16:00:00+00:00,2024-11-22 04:00:00+00:00,3277.71,3407.6399999999994,3159.93,3030.0,target,0.0396404807014652,0.0385926513377739,0.0010478293636912994,5.041924062981029,3
AVAX,2024-11-21 16:00:00+00:00,2024-11-21 20:00:00+00:00,2024-11-22 12:00:00+00:00,35.73,38.42499999999999,35.0,32.305,target,0.0754268122026307,0.07376962426888878,0.0016571879337419215,7.710732744665526,4
BNB,2024-11-21 12:00:00+00:00,2024-11-21 16:00:00+00:00,2024-11-22 16:00:00+00:00,617.1,624.6,616.0,592.7,timeout,0.012153621779290136,0.010847587985244767,0.0013060337940453692,6.455921962584254,6
