instrument,side,signal_time,entry_time,exit_time,entry_open,exit_open,gross,net,fees_slippage,side_cost_bps,bars_held
AVAX,long,2023-01-22 19:00:00+00:00,2023-01-22 20:00:00+00:00,2023-01-23 00:00:00+00:00,17.84,17.32,-0.029147982062780242,-0.030644024593354136,0.0014960425305738934,7.710732744665526,4
ADA,short,2023-01-22 20:00:00+00:00,2023-01-22 21:00:00+00:00,2023-01-23 01:00:00+00:00,0.37506,0.38081,-0.01509939339828259,-0.017065020139611198,0.0019656267413286077,9.988775255673833,4
DOT,short,2023-01-22 20:00:00+00:00,2023-01-22 21:00:00+00:00,2023-01-23 01:00:00+00:00,6.126,6.277,-0.02405607774414531,-0.02582029111522477,0.0017642133710794594,9.046674492363598,4
ETH,short,2023-01-22 20:00:00+00:00,2023-01-22 21:00:00+00:00,2023-01-23 01:00:00+00:00,1614.9,1635.7,-0.012716268264351571,-0.013711328483350882,0.0009950602189993107,5.041924062981029,4
SOL,short,2023-01-22 20:00:00+00:00,2023-01-22 21:00:00+00:00,2023-01-23 01:00:00+00:00,23.903,24.313,-0.016863406408094472,-0.018042644717273126,0.001179238309178654,6.000925858297193,4
XRP,short,2023-01-22 20:00:00+00:00,2023-01-22 21:00:00+00:00,2023-01-23 01:00:00+00:00,0.39807,0.40345,-0.013334985747924133,-0.014467571940110835,0.001132586192186702,5.742762706652812,4
LINK,short,2023-01-23 00:00:00+00:00,2023-01-23 01:00:00+00:00,2023-01-23 05:00:00+00:00,7.117,7.124,-0.0009825940482874884,-0.0022877940406805797,0.0013051999923930913,6.536688716426203,4
ADA,long,2023-01-23 14:00:00+00:00,2023-01-23 15:00:00+00:00,2023-01-23 19:00:00+00:00,0.37302,0.37729,0.011447107393705469,0.00942850016734531,0.0020186072263601584,9.988775255673833,4
ETH,short,2023-01-23 14:00:00+00:00,2023-01-23 15:00:00+00:00,2023-01-23 19:00:00+00:00,1598.89,1628.94,-0.01844757940746744,-0.01943686317179838,0.0009892837643309393,5.041924062981029,4
DOT,short,2023-01-23 18:00:00+00:00,2023-01-23 19:00:00+00:00,2023-01-23 23:00:00+00:00,6.707,6.658,0.007359567437668968,0.0055385640195109165,0.0018210034181580514,9.046674492363598,4
XRP,long,2023-01-23 19:00:00+00:00,2023-01-23 20:00:00+00:00,2023-01-24 00:00:00+00:00,0.42673,0.42337,-0.007873831228176975,-0.009012686243229484,0.001138855015052509,5.742762706652812,4
LINK,short,2023-01-23 21:00:00+00:00,2023-01-23 22:00:00+00:00,2023-01-24 02:00:00+00:00,7.074,7.145,-0.009937018894331628,-0.011230520076302541,0.001293501181970913,6.536688716426203,4
DOT,short,2023-01-24 15:00:00+00:00,2023-01-24 16:00:00+00:00,2023-01-24 20:00:00+00:00,6.486,6.508,-0.0033804548248310695,-0.005182043509776135,0.0018015886849450657,9.046674492363598,4
LINK,short,2023-01-24 18:00:00+00:00,2023-01-24 19:00:00+00:00,2023-01-24 23:00:00+00:00,6.981,6.681,0.044903457566232596,0.04353830819371707,0.0013651493725155284,6.536688716426203,4
ADA,long,2023-01-25 12:00:00+00:00,2023-01-25 13:00:00+00:00,2023-01-25 17:00:00+00:00,0.35953,0.35797,-0.004338998136455996,-0.006326100060693451,0.0019871019242374555,9.988775255673833,4
ETH,long,2023-01-25 21:00:00+00:00,2023-01-25 22:00:00+00:00,2023-01-26 02:00:00+00:00,1618.65,1616.89,-0.0010873258579680023,-0.002094106616469471,0.0010067807585014688,5.041924062981029,4
ADA,short,2023-01-26 00:00:00+00:00,2023-01-26 01:00:00+00:00,2023-01-26 05:00:00+00:00,0.38692,0.3817,0.013675661514278126,0.011652606625337292,0.002023054888940834,9.988775255673833,4
SOL,short,2023-01-26 13:00:00+00:00,2023-01-26 14:00:00+00:00,2023-01-26 18:00:00+00:00,24.915,24.376,0.022111913357400592,0.020885925501435088,0.0012259878559655046,6.000925858297193,4
BNB,long,2023-01-27 05:00:00+00:00,2023-01-27 06:00:00+00:00,2023-01-27 10:00:00+00:00,304.2,305.09,0.002925706771860659,0.001631580230418983,0.0012941265414416758,6.455921962584254,4
ADA,long,2023-01-27 15:00:00+00:00,2023-01-27 16:00:00+00:00,2023-01-27 20:00:00+00:00,0.37843,0.38317,0.01252543403007178,0.010504674720894114,0.0020207593091776666,9.988775255673833,4
DOT,long,2023-01-27 15:00:00+00:00,2023-01-27 16:00:00+00:00,2023-01-27 20:00:00+00:00,6.406,6.532,0.019669060256010118,0.017825804973450765,0.001843255282559353,9.046674492363598,4
ETH,long,2023-01-27 15:00:00+00:00,2023-01-27 16:00:00+00:00,2023-01-27 20:00:00+00:00,1574.73,1609.62,0.022156179154521727,0.021125971810080912,0.0010302073444408144,5.041924062981029,4
LINK,long,2023-01-27 15:00:00+00:00,2023-01-27 16:00:00+00:00,2023-01-27 20:00:00+00:00,7.193,7.404,0.029334074794939546,0.027989266567786997,0.0013448082271525497,6.536688716426203,4
SOL,long,2023-01-27 15:00:00+00:00,2023-01-27 16:00:00+00:00,2023-01-27 20:00:00+00:00,23.828,24.486,0.02761457109283194,0.026381982989407415,0.0012325881034245256,6.000925858297193,4
XRP,long,2023-01-27 15:00:00+00:00,2023-01-27 16:00:00+00:00,2023-01-27 20:00:00+00:00,0.40634,0.41257,0.015331987990352847,0.014166495170122806,0.0011654928202300407,5.742762706652812,4
AVAX,short,2023-01-29 01:00:00+00:00,2023-01-29 02:00:00+00:00,2023-01-29 06:00:00+00:00,20.64,20.66,-0.0009680542110358514,-0.0025075208369360613,0.0015394666259002099,7.710732744665526,4
LINK,long,2023-01-29 02:00:00+00:00,2023-01-29 03:00:00+00:00,2023-01-29 07:00:00+00:00,7.285,7.326,0.005628002745367011,0.0043141661157808375,0.0013138366295861736,6.536688716426203,4
ADA,long,2023-01-29 17:00:00+00:00,2023-01-29 18:00:00+00:00,2023-01-29 22:00:00+00:00,0.3929,0.39538,0.006312038686688615,0.004303679832907026,0.002008358853781589,9.988775255673833,4
AVAX,long,2023-01-29 22:00:00+00:00,2023-01-29 23:00:00+00:00,2023-01-30 03:00:00+00:00,20.84,20.48,-0.017274472168905874,-0.018788811283779294,0.0015143391148734198,7.710732744665526,4
LINK,short,2023-01-29 22:00:00+00:00,2023-01-29 23:00:00+00:00,2023-01-30 03:00:00+00:00,7.373,7.302,0.00972336346206526,0.00840417631031154,0.0013191871517537201,6.536688716426203,4
SOL,short,2023-01-30 03:00:00+00:00,2023-01-30 04:00:00+00:00,2023-01-30 08:00:00+00:00,25.454,25.373,0.0031923698419580315,0.0019890753234708125,0.001203294518487219,6.000925858297193,4
LINK,short,2023-01-31 12:00:00+00:00,2023-01-31 13:00:00+00:00,2023-01-31 17:00:00+00:00,6.926,7.025,-0.014092526690391516,-0.015380598769013876,0.0012880720786223598,6.536688716426203,4
ADA,short,2023-01-31 15:00:00+00:00,2023-01-31 16:00:00+00:00,2023-01-31 20:00:00+00:00,0.39641,0.39354,0.007292778370686648,0.005282462194372783,0.0020103161763138644,9.988775255673833,4
ADA,long,2023-01-31 21:00:00+00:00,2023-01-31 22:00:00+00:00,2023-02-01 02:00:00+00:00,0.38659,0.38835,0.0045526268139373105,0.0025477793266861504,0.00200484748725116,9.988775255673833,4
AVAX,long,2023-01-31 21:00:00+00:00,2023-01-31 22:00:00+00:00,2023-02-01 02:00:00+00:00,19.81,19.64,-0.008581524482584424,-0.010109259067843102,0.0015277345852586777,7.710732744665526,4
XRP,long,2023-01-31 21:00:00+00:00,2023-01-31 22:00:00+00:00,2023-02-01 02:00:00+00:00,0.40506,0.40223,-0.006986619266281524,-0.008126492706030608,0.001139873439749084,5.742762706652812,4
ADA,short,2023-02-01 18:00:00+00:00,2023-02-01 19:00:00+00:00,2023-02-01 23:00:00+00:00,0.37877,0.39847,-0.04943910457499934,-0.05133619744181728,0.0018970928668179399,9.988775255673833,4
LINK,long,2023-02-02 05:00:00+00:00,2023-02-02 06:00:00+00:00,2023-02-02 10:00:00+00:00,7.311,7.286,-0.0034195048556969754,-0.004721521063755341,0.0013020162080583653,6.536688716426203,4
ADA,long,2023-02-02 21:00:00+00:00,2023-02-02 22:00:00+00:00,2023-02-03 02:00:00+00:00,0.39423,0.40018,0.015092712376024053,0.013066829391487289,0.0020258829845367643,9.988775255673833,4
DOT,long,2023-02-02 21:00:00+00:00,2023-02-02 22:00:00+00:00,2023-02-03 02:00:00+00:00,6.498,6.559,0.009387503847337664,0.007562834529482032,0.0018246693178556317,9.046674492363598,4
ETH,long,2023-02-02 21:00:00+00:00,2023-02-02 22:00:00+00:00,2023-02-03 02:00:00+00:00,1637.6,1644.88,0.004445530043966972,0.0034331728492005276,0.0010123571947664445,5.041924062981029,4
LINK,long,2023-02-02 21:00:00+00:00,2023-02-02 22:00:00+00:00,2023-02-03 02:00:00+00:00,7.067,7.082,0.002122541389557142,0.000813284588217611,0.0013092568013395312,6.536688716426203,4
SOL,long,2023-02-02 21:00:00+00:00,2023-02-02 22:00:00+00:00,2023-02-03 02:00:00+00:00,24.238,24.284,0.001897846356960109,0.0006961045745785821,0.0012017417823815268,6.000925858297193,4
XRP,long,2023-02-02 21:00:00+00:00,2023-02-02 22:00:00+00:00,2023-02-03 02:00:00+00:00,0.40934,0.40881,-0.0012947671862021393,-0.002441174265008561,0.0011464070788064218,5.742762706652812,4
LINK,long,2023-02-03 08:00:00+00:00,2023-02-03 09:00:00+00:00,2023-02-03 13:00:00+00:00,7.148,7.208,0.008393956351427034,0.007076506048441011,0.001317450302986023,6.536688716426203,4
SOL,long,2023-02-03 13:00:00+00:00,2023-02-03 14:00:00+00:00,2023-02-03 18:00:00+00:00,24.316,24.756,0.018095081427866422,0.01687391162274321,0.0012211698051232123,6.000925858297193,4
AVAX,long,2023-02-03 14:00:00+00:00,2023-02-03 15:00:00+00:00,2023-02-03 19:00:00+00:00,21.33,21.32,-0.00046882325363328814,-0.0020090591736494634,0.0015402359200161753,7.710732744665526,4
ADA,short,2023-02-03 22:00:00+00:00,2023-02-03 23:00:00+00:00,2023-02-04 03:00:00+00:00,0.40492,0.40089,0.010052632891815572,0.008036808704020793,0.002015824187794779,9.988775255673833,4
LINK,long,2023-02-04 00:00:00+00:00,2023-02-04 01:00:00+00:00,2023-02-04 05:00:00+00:00,7.265,7.177,-0.012112869924294611,-0.013403528392283648,0.0012906584679890365,6.536688716426203,4
BNB,short,2023-02-05 07:00:00+00:00,2023-02-05 08:00:00+00:00,2023-02-05 12:00:00+00:00,331.96,332.51,-0.001654085591410781,-0.002942302591585899,0.001288217000175118,6.455921962584254,4
SOL,short,2023-02-05 12:00:00+00:00,2023-02-05 13:00:00+00:00,2023-02-05 17:00:00+00:00,23.596,23.352,0.010448783830078856,0.009236785494219912,0.0012119983358589437,6.000925858297193,4
ADA,short,2023-02-05 19:00:00+00:00,2023-02-05 20:00:00+00:00,2023-02-06 00:00:00+00:00,0.38616,0.39245,-0.016027519429226644,-0.017991293852328005,0.001963774423101361,9.988775255673833,4
BNB,short,2023-02-06 02:00:00+00:00,2023-02-06 03:00:00+00:00,2023-02-06 07:00:00+00:00,324.72,323.99,0.0022531559616039143,0.0009598972470092892,0.001293258714594625,6.455921962584254,4
LINK,long,2023-02-06 16:00:00+00:00,2023-02-06 17:00:00+00:00,2023-02-06 21:00:00+00:00,6.98,6.996,0.002292263610315093,0.000982785069654879,0.0013094785406602139,6.536688716426203,4
DOT,long,2023-02-06 20:00:00+00:00,2023-02-06 21:00:00+00:00,2023-02-07 01:00:00+00:00,6.632,6.511,-0.018244873341375034,-0.020019591623931188,0.0017747182825561536,9.046674492363598,4
BNB,short,2023-02-06 21:00:00+00:00,2023-02-06 22:00:00+00:00,2023-02-07 02:00:00+00:00,327.83,326.43,0.0042888214931224855,0.002992936054757811,0.0012958854383646745,6.455921962584254,4
SOL,short,2023-02-06 22:00:00+00:00,2023-02-06 23:00:00+00:00,2023-02-07 03:00:00+00:00,22.99,23.099,-0.004718818996493401,-0.00591262431784334,0.0011938053213499389,6.000925858297193,4
ADA,long,2023-02-06 23:00:00+00:00,2023-02-07 00:00:00+00:00,2023-02-07 04:00:00+00:00,0.38207,0.38645,0.011463867877613998,0.00944522720132479,0.0020186406762892073,9.988775255673833,4
DOT,short,2023-02-08 04:00:00+00:00,2023-02-08 05:00:00+00:00,2023-02-08 09:00:00+00:00,6.925,6.873,0.007565837334497338,0.005744461042343385,0.0018213762921539534,9.046674492363598,4
BNB,long,2023-02-09 00:00:00+00:00,2023-02-09 01:00:00+00:00,2023-02-09 05:00:00+00:00,328.91,318.98,-0.030190629655528878,-0.03144202448749622,0.0012513948319673451,6.455921962584254,4
ADA,long,2023-02-09 16:00:00+00:00,2023-02-09 17:00:00+00:00,2023-02-09 21:00:00+00:00,0.38227,0.36925,-0.03405969602636871,-0.035987482525119074,0.0019277864987503612,9.988775255673833,4
ETH,short,2023-02-10 00:00:00+00:00,2023-02-10 01:00:00+00:00,2023-02-10 05:00:00+00:00,1548.53,1538.99,0.006198870687918578,0.005184746342059787,0.0010141243458587912,5.041924062981029,4
BNB,short,2023-02-10 02:00:00+00:00,2023-02-10 03:00:00+00:00,2023-02-10 07:00:00+00:00,307.47,307.36,0.0003578865174389545,-0.0009329266336665087,0.0012908131511054632,6.455921962584254,4
LINK,short,2023-02-10 02:00:00+00:00,2023-02-10 03:00:00+00:00,2023-02-10 07:00:00+00:00,6.995,6.958,0.005317620005748758,0.0040041888861634956,0.0013134311195852622,6.536688716426203,4
BNB,long,2023-02-10 08:00:00+00:00,2023-02-10 09:00:00+00:00,2023-02-10 13:00:00+00:00,307.41,304.99,-0.007872222764386372,-0.009152416182854783,0.0012801934184684116,6.455921962584254,4
ADA,long,2023-02-10 15:00:00+00:00,2023-02-10 16:00:00+00:00,2023-02-10 20:00:00+00:00,0.36026,0.36497,0.013073891078665412,0.011052037180009577,0.0020218538986558343,9.988775255673833,4
LINK,long,2023-02-10 15:00:00+00:00,2023-02-10 16:00:00+00:00,2023-02-10 20:00:00+00:00,6.892,7.003,0.016105629715612357,0.014778104236802259,0.0013275254788100987,6.536688716426203,4
DOT,long,2023-02-10 20:00:00+00:00,2023-02-10 21:00:00+00:00,2023-02-11 01:00:00+00:00,6.27,6.19,-0.012759170653907415,-0.014543805438641866,0.0017846347847344513,9.046674492363598,4
ETH,long,2023-02-11 00:00:00+00:00,2023-02-11 01:00:00+00:00,2023-02-11 05:00:00+00:00,1515.95,1519.86,0.00257924074012994,0.0015687645347728374,0.0010104762053571026,5.041924062981029,4
LINK,short,2023-02-11 04:00:00+00:00,2023-02-11 05:00:00+00:00,2023-02-11 09:00:00+00:00,6.912,6.919,-0.0010117068940598273,-0.00231686885099347,0.0013051619569336426,6.536688716426203,4
ADA,long,2023-02-12 13:00:00+00:00,2023-02-12 14:00:00+00:00,2023-02-12 18:00:00+00:00,0.36759,0.37123,0.00990233684267805,0.007886812609956051,0.002015524232721999,9.988775255673833,4
BNB,long,2023-02-12 22:00:00+00:00,2023-02-12 23:00:00+00:00,2023-02-13 03:00:00+00:00,316.25,309.7,-0.020711462450592966,-0.021975088738776738,0.0012636262881837723,6.455921962584254,4
SOL,short,2023-02-12 23:00:00+00:00,2023-02-13 00:00:00+00:00,2023-02-13 04:00:00+00:00,21.497,20.918,0.027679510469452273,0.026446844473493325,0.001232665995958948,6.000925858297193,4
AVAX,short,2023-02-13 01:00:00+00:00,2023-02-13 02:00:00+00:00,2023-02-13 06:00:00+00:00,17.39,17.56,-0.0096810933940773,-0.011207133589432372,0.0015260401953550717,7.710732744665526,4
BNB,long,2023-02-13 16:00:00+00:00,2023-02-13 17:00:00+00:00,2023-02-13 21:00:00+00:00,284.57,289.95,0.0189057173981797,0.017590971028425217,0.0013147463697544826,6.455921962584254,4
DOT,long,2023-02-13 16:00:00+00:00,2023-02-13 17:00:00+00:00,2023-02-13 21:00:00+00:00,5.976,6.033,0.009538152610441886,0.007713210964887418,0.0018249416455544676,9.046674492363598,4
XRP,short,2023-02-14 04:00:00+00:00,2023-02-14 05:00:00+00:00,2023-02-14 09:00:00+00:00,0.36651,0.36735,-0.002286647611269954,-0.003431916117148992,0.001145268505879038,5.742762706652812,4
SOL,short,2023-02-14 07:00:00+00:00,2023-02-14 08:00:00+00:00,2023-02-14 12:00:00+00:00,21.05,21.355,-0.014282369468508582,-0.01546470364214425,0.0011823341736356685,6.000925858297193,4
LINK,long,2023-02-14 09:00:00+00:00,2023-02-14 10:00:00+00:00,2023-02-14 14:00:00+00:00,6.666,6.619,-0.007050705070507091,-0.008347977174544385,0.0012972721040372948,6.536688716426203,4
LINK,long,2023-02-15 06:00:00+00:00,2023-02-15 07:00:00+00:00,2023-02-15 11:00:00+00:00,6.769,6.799,0.004431969271679659,0.003119695240374032,0.001312274031305627,6.536688716426203,4
ETH,short,2023-02-16 13:00:00+00:00,2023-02-16 14:00:00+00:00,2023-02-16 18:00:00+00:00,1676.49,1715.79,-0.022904900949416884,-0.02388969228344917,0.0009847913340322867,5.041924062981029,4
BNB,short,2023-02-16 15:00:00+00:00,2023-02-16 16:00:00+00:00,2023-02-16 20:00:00+00:00,324.94,319.29,0.017695511917065865,0.016382327137589803,0.001313184779476062,6.455921962584254,4
DOT,short,2023-02-17 04:00:00+00:00,2023-02-17 05:00:00+00:00,2023-02-17 09:00:00+00:00,6.799,6.697,0.015230700313573209,0.013395468252202836,0.0018352320613703732,9.046674492363598,4
XRP,short,2023-02-17 07:00:00+00:00,2023-02-17 08:00:00+00:00,2023-02-17 12:00:00+00:00,0.38764,0.3877,-0.00015475883415017044,-0.001302474520944119,0.0011477156867939486,5.742762706652812,4
ADA,long,2023-02-17 09:00:00+00:00,2023-02-17 10:00:00+00:00,2023-02-17 14:00:00+00:00,0.39432,0.39629,0.004995942381821772,0.002990210142414851,0.002005732239406921,9.988775255673833,4
LINK,long,2023-02-17 09:00:00+00:00,2023-02-17 10:00:00+00:00,2023-02-17 14:00:00+00:00,7.222,7.301,0.010938798116865156,0.009618023019503097,0.0013207750973620591,6.536688716426203,4
DOT,long,2023-02-17 21:00:00+00:00,2023-02-17 22:00:00+00:00,2023-02-18 02:00:00+00:00,7.307,7.256,-0.006979608594498421,-0.008774691090860376,0.001795082496361955,9.046674492363598,4
ETH,long,2023-02-18 15:00:00+00:00,2023-02-18 16:00:00+00:00,2023-02-18 20:00:00+00:00,1695.28,1687.93,-0.004335566985984585,-0.0053390739181031766,0.0010035069321185919,5.041924062981029,4
XRP,long,2023-02-18 15:00:00+00:00,2023-02-18 16:00:00+00:00,2023-02-18 20:00:00+00:00,0.39492,0.39354,-0.003494378608325688,-0.004638260767844682,0.001143882159518994,5.742762706652812,4
LINK,short,2023-02-18 22:00:00+00:00,2023-02-18 23:00:00+00:00,2023-02-19 03:00:00+00:00,8.054,8.005,0.006121174266083607,0.004806693315926758,0.0013144809501568488,6.536688716426203,4
DOT,long,2023-02-19 05:00:00+00:00,2023-02-19 06:00:00+00:00,2023-02-19 10:00:00+00:00,7.301,7.373,0.009861662785919822,0.008036136331172727,0.001825526454747095,9.046674492363598,4
DOT,short,2023-02-19 15:00:00+00:00,2023-02-19 16:00:00+00:00,2023-02-19 20:00:00+00:00,7.73,7.554,0.023298914482393407,0.021449097514049553,0.0018498169683438537,9.046674492363598,4
LINK,short,2023-02-19 18:00:00+00:00,2023-02-19 19:00:00+00:00,2023-02-19 23:00:00+00:00,7.938,7.941,-0.0003777861730260845,-0.0016837763370713965,0.001305990164045312,6.536688716426203,4
XRP,long,2023-02-19 20:00:00+00:00,2023-02-19 21:00:00+00:00,2023-02-20 01:00:00+00:00,0.38783,0.38714,-0.0017791300311993385,-0.0029249811131252246,0.001145851081925886,5.742762706652812,4
ADA,long,2023-02-19 22:00:00+00:00,2023-02-19 23:00:00+00:00,2023-02-20 03:00:00+00:00,0.40258,0.39913,-0.00856972527199562,-0.010548383673773087,0.0019786584017774667,9.988775255673833,4
DOT,long,2023-02-19 23:00:00+00:00,2023-02-20 00:00:00+00:00,2023-02-20 04:00:00+00:00,7.443,7.492,0.00658336692194017,0.004763766641090905,0.001819600280849265,9.046674492363598,4
SOL,short,2023-02-20 05:00:00+00:00,2023-02-20 06:00:00+00:00,2023-02-20 10:00:00+00:00,26.462,26.325,0.005204178537511872,0.003998470924140296,0.001205707613371576,6.000925858297193,4
AVAX,long,2023-02-20 17:00:00+00:00,2023-02-20 18:00:00+00:00,2023-02-20 22:00:00+00:00,20.87,20.87,0.0,-0.0015409583571268648,0.0015409583571268648,7.710732744665526,4
ADA,long,2023-02-21 19:00:00+00:00,2023-02-21 20:00:00+00:00,2023-02-22 00:00:00+00:00,0.39432,0.39266,-0.004209778859809332,-0.00619713867490812,0.001987359815098788,9.988775255673833,4
BNB,long,2023-02-22 00:00:00+00:00,2023-02-22 01:00:00+00:00,2023-02-22 05:00:00+00:00,310.49,307.76,-0.008792553705433415,-0.01007155957362793,0.001279005868194516,6.455921962584254,4
ETH,long,2023-02-22 00:00:00+00:00,2023-02-22 01:00:00+00:00,2023-02-22 05:00:00+00:00,1660.8,1644.43,-0.009856695568400742,-0.010854637883945695,0.000997942315544953,5.041924062981029,4
AVAX,long,2023-02-22 13:00:00+00:00,2023-02-22 14:00:00+00:00,2023-02-22 18:00:00+00:00,20.36,19.95,-0.02013752455795681,-0.021647451828324282,0.0015099272703674727,7.710732744665526,4
LINK,short,2023-02-22 14:00:00+00:00,2023-02-22 15:00:00+00:00,2023-02-22 19:00:00+00:00,7.436,7.514,-0.01038062283737029,-0.011673544458004503,0.0012929216206342131,6.536688716426203,4
SOL,short,2023-02-22 14:00:00+00:00,2023-02-22 15:00:00+00:00,2023-02-22 19:00:00+00:00,23.558,23.797,-0.010043282766735384,-0.011230701578118452,0.0011874188113830675,6.000925858297193,4
XRP,short,2023-02-22 14:00:00+00:00,2023-02-22 15:00:00+00:00,2023-02-22 19:00:00+00:00,0.3897,0.39139,-0.004317943738981644,-0.005460880533577517,0.0011429367945958724,5.742762706652812,4
ETH,short,2023-02-22 20:00:00+00:00,2023-02-22 21:00:00+00:00,2023-02-23 01:00:00+00:00,1617.73,1638.14,-0.012459252566935697,-0.013454571826054806,0.0009953192591191096,5.041924062981029,4
AVAX,short,2023-02-24 14:00:00+00:00,2023-02-24 15:00:00+00:00,2023-02-24 19:00:00+00:00,19.32,18.38,0.05114254624591963,0.04952277935475036,0.001619766891169272,7.710732744665526,4
AVAX,short,2023-02-24 21:00:00+00:00,2023-02-24 22:00:00+00:00,2023-02-25 02:00:00+00:00,18.18,18.36,-0.009803921568627416,-0.011329772490880519,0.0015258509222531025,7.710732744665526,4
XRP,short,2023-02-24 21:00:00+00:00,2023-02-24 22:00:00+00:00,2023-02-25 02:00:00+00:00,0.37465,0.37847,-0.01009327027241258,-0.011229577608182328,0.0011363073357697484,5.742762706652812,4
DOT,long,2023-02-25 15:00:00+00:00,2023-02-25 16:00:00+00:00,2023-02-25 20:00:00+00:00,6.575,6.465,-0.016730038022813698,-0.018507494672465485,0.0017774566496517874,9.046674492363598,4
DOT,long,2023-02-26 07:00:00+00:00,2023-02-26 08:00:00+00:00,2023-02-26 12:00:00+00:00,6.581,6.599,0.0027351466342500075,0.0009225027794121932,0.0018126438548378143,9.046674492363598,4
AVAX,short,2023-02-26 14:00:00+00:00,2023-02-26 15:00:00+00:00,2023-02-26 19:00:00+00:00,18.09,18.4,-0.016847826086956452,-0.018362822645675125,0.0015149965587186731,7.710732744665526,4
ADA,short,2023-02-26 19:00:00+00:00,2023-02-26 20:00:00+00:00,2023-02-27 00:00:00+00:00,0.36723,0.36913,-0.005147238100398299,-0.00713272697040912,0.001985488870010821,9.988775255673833,4
BNB,short,2023-02-26 23:00:00+00:00,2023-02-27 00:00:00+00:00,2023-02-27 04:00:00+00:00,308.54,307.93,0.00198096970090611,0.0006880622022209515,0.0012929074986851585,6.455921962584254,4
AVAX,long,2023-02-27 00:00:00+00:00,2023-02-27 01:00:00+00:00,2023-02-27 05:00:00+00:00,18.35,18.21,-0.007629427792915533,-0.009158629519524952,0.0015292017266094193,7.710732744665526,4
LINK,short,2023-02-27 19:00:00+00:00,2023-02-27 20:00:00+00:00,2023-02-28 00:00:00+00:00,7.191,7.276,-0.011682242990654235,-0.012973464065728302,0.0012912210750740671,6.536688716426203,4
AVAX,short,2023-02-28 08:00:00+00:00,2023-02-28 09:00:00+00:00,2023-02-28 13:00:00+00:00,17.42,17.63,-0.011911514463981643,-0.013434117673349122,0.001522603209367479,7.710732744665526,4
AVAX,long,2023-02-28 15:00:00+00:00,2023-02-28 16:00:00+00:00,2023-02-28 20:00:00+00:00,17.53,17.24,-0.01654306902452951,-0.018058535201190495,0.0015154661766609845,7.710732744665526,4
DOT,long,2023-02-28 15:00:00+00:00,2023-02-28 16:00:00+00:00,2023-02-28 20:00:00+00:00,6.48,6.388,-0.014197530864197616,-0.01597956552585378,0.0017820346616561622,9.046674492363598,4
XRP,short,2023-02-28 18:00:00+00:00,2023-02-28 19:00:00+00:00,2023-02-28 23:00:00+00:00,0.38181,0.37755,0.011283273738577737,0.010122428410445972,0.0011608453281317654,5.742762706652812,4
AVAX,long,2023-02-28 22:00:00+00:00,2023-02-28 23:00:00+00:00,2023-03-01 03:00:00+00:00,17.14,17.36,0.012835472578763163,0.01127473529289813,0.0015607372858650326,7.710732744665526,4
AVAX,long,2023-03-01 07:00:00+00:00,2023-03-01 08:00:00+00:00,2023-03-01 12:00:00+00:00,17.68,17.76,0.00452488687782826,0.002976955858451813,0.0015479310193764473,7.710732744665526,4
SOL,long,2023-03-01 09:00:00+00:00,2023-03-01 10:00:00+00:00,2023-03-01 14:00:00+00:00,22.691,22.636,-0.0024238684941165767,-0.00362042652914607,0.0011965580350294935,6.000925858297193,4
XRP,long,2023-03-01 19:00:00+00:00,2023-03-01 20:00:00+00:00,2023-03-02 00:00:00+00:00,0.38046,0.38363,0.008332019134731583,0.007174561532084844,0.0011574576026467387,5.742762706652812,4
AVAX,long,2023-03-01 22:00:00+00:00,2023-03-01 23:00:00+00:00,2023-03-02 03:00:00+00:00,17.64,17.46,-0.010204081632653073,-0.011729315924911221,0.0015252342922581485,7.710732744665526,4
AVAX,short,2023-03-02 04:00:00+00:00,2023-03-02 05:00:00+00:00,2023-03-02 09:00:00+00:00,17.51,17.29,0.012724117987276129,0.011163552294199519,0.0015605656930766099,7.710732744665526,4
ETH,long,2023-03-03 01:00:00+00:00,2023-03-03 02:00:00+00:00,2023-03-03 06:00:00+00:00,1552.5,1566.03,0.008714975845410589,0.0076983155759176025,0.001016660269492986,5.041924062981029,4
DOT,short,2023-03-03 03:00:00+00:00,2023-03-03 04:00:00+00:00,2023-03-03 08:00:00+00:00,6.037,6.041,-0.0006621420294653513,-0.0024686446071774393,0.001806502577712088,9.046674492363598,4
AVAX,short,2023-03-03 05:00:00+00:00,2023-03-03 06:00:00+00:00,2023-03-03 10:00:00+00:00,16.25,16.42,-0.010353227771011109,-0.011878232235281061,0.0015250044642699523,7.710732744665526,4
XRP,long,2023-03-03 10:00:00+00:00,2023-03-03 11:00:00+00:00,2023-03-03 15:00:00+00:00,0.36795,0.36717,-0.002119853240929448,-0.0032653132089544012,0.0011454599680249533,5.742762706652812,4
AVAX,long,2023-03-03 14:00:00+00:00,2023-03-03 15:00:00+00:00,2023-03-03 19:00:00+00:00,16.56,16.48,-0.004830917874396046,-0.006364431988251873,0.0015335141138558273,7.710732744665526,4
AVAX,short,2023-03-04 00:00:00+00:00,2023-03-04 01:00:00+00:00,2023-03-04 05:00:00+00:00,16.81,16.69,0.0071899340922707555,0.0056378963461169995,0.001552037746153756,7.710732744665526,4
XRP,short,2023-03-04 01:00:00+00:00,2023-03-04 02:00:00+00:00,2023-03-04 06:00:00+00:00,0.37536,0.37466,0.0018683606469866998,0.0007183226348275173,0.0011500380121591824,5.742762706652812,4
SOL,long,2023-03-04 04:00:00+00:00,2023-03-04 05:00:00+00:00,2023-03-04 09:00:00+00:00,21.289,21.195,-0.004415425806754691,-0.005609595037732729,0.0011941692309780372,6.000925858297193,4
XRP,short,2023-03-04 16:00:00+00:00,2023-03-04 17:00:00+00:00,2023-03-04 21:00:00+00:00,0.37793,0.37238,0.014904130189591358,0.013739128504478115,0.0011650016851132428,5.742762706652812,4
SOL,long,2023-03-04 19:00:00+00:00,2023-03-04 20:00:00+00:00,2023-03-05 00:00:00+00:00,20.689,20.992,0.014645463773019562,0.013428431664852303,0.0012170321081672597,6.000925858297193,4
AVAX,long,2023-03-05 01:00:00+00:00,2023-03-05 02:00:00+00:00,2023-03-05 06:00:00+00:00,16.49,16.37,-0.007277137659187249,-0.008806882250222303,0.0015297445910350538,7.710732744665526,4
XRP,long,2023-03-05 01:00:00+00:00,2023-03-05 02:00:00+00:00,2023-03-05 06:00:00+00:00,0.37594,0.37335,-0.006889397244241091,-0.008029382284501008,0.0011399850402599165,5.742762706652812,4
DOT,short,2023-03-05 02:00:00+00:00,2023-03-05 03:00:00+00:00,2023-03-05 07:00:00+00:00,5.975,5.987,-0.0020043427426090776,-0.003808419024720733,0.0018040762821116552,9.046674492363598,4
AVAX,long,2023-03-05 10:00:00+00:00,2023-03-05 11:00:00+00:00,2023-03-05 15:00:00+00:00,16.29,16.29,0.0,-0.0015409583571268648,0.0015409583571268648,7.710732744665526,4
XRP,long,2023-03-05 10:00:00+00:00,2023-03-05 11:00:00+00:00,2023-03-05 15:00:00+00:00,0.37221,0.37154,-0.0018000591064184501,-0.002945886163998379,0.001145827057579929,5.742762706652812,4
BNB,short,2023-03-05 22:00:00+00:00,2023-03-05 23:00:00+00:00,2023-03-06 03:00:00+00:00,289.09,286.77,0.008090107054433915,0.006789316622106467,0.0013007904323274477,6.455921962584254,4
XRP,long,2023-03-06 05:00:00+00:00,2023-03-06 06:00:00+00:00,2023-03-06 10:00:00+00:00,0.36389,0.36311,-0.0021435049053285526,-0.0032889377237654838,0.0011454328184369311,5.742762706652812,4
AVAX,short,2023-03-06 09:00:00+00:00,2023-03-06 10:00:00+00:00,2023-03-06 14:00:00+00:00,16.16,16.42,-0.015834348355663885,-0.01735090664136263,0.0015165582856987436,7.710732744665526,4
AVAX,long,2023-03-06 15:00:00+00:00,2023-03-06 16:00:00+00:00,2023-03-06 20:00:00+00:00,16.55,16.4,-0.009063444108761476,-0.010590436075944565,0.001526991967183089,7.710732744665526,4
XRP,short,2023-03-07 00:00:00+00:00,2023-03-07 01:00:00+00:00,2023-03-07 05:00:00+00:00,0.36824,0.36844,-0.0005428292259254119,-0.0016900994493038723,0.0011472702233784604,5.742762706652812,4
AVAX,long,2023-03-07 05:00:00+00:00,2023-03-07 06:00:00+00:00,2023-03-07 10:00:00+00:00,16.53,16.34,-0.011494252873563315,-0.01301749906566596,0.0015232461921026452,7.710732744665526,4
DOT,short,2023-03-07 07:00:00+00:00,2023-03-07 08:00:00+00:00,2023-03-07 12:00:00+00:00,5.925,5.82,0.018041237113401998,0.016200924445975096,0.0018403126674269021,9.046674492363598,4
ETH,short,2023-03-07 07:00:00+00:00,2023-03-07 08:00:00+00:00,2023-03-07 12:00:00+00:00,1571.26,1563.87,0.004725456719548271,0.0037128173932223785,0.0010126393263258926,5.041924062981029,4
DOT,short,2023-03-07 20:00:00+00:00,2023-03-07 21:00:00+00:00,2023-03-08 01:00:00+00:00,5.784,5.898,-0.019328585961342792,-0.021101345217103495,0.001772759255760703,9.046674492363598,4
BNB,short,2023-03-08 06:00:00+00:00,2023-03-08 07:00:00+00:00,2023-03-08 11:00:00+00:00,286.47,287.86,-0.004828736191204053,-0.006112856776686049,0.001284120585481996,6.455921962584254,4
XRP,long,2023-03-08 12:00:00+00:00,2023-03-08 13:00:00+00:00,2023-03-08 17:00:00+00:00,0.39142,0.3963,0.012467426294006323,0.01130522168505066,0.0011622046089556637,5.742762706652812,4
AVAX,short,2023-03-08 14:00:00+00:00,2023-03-08 15:00:00+00:00,2023-03-08 19:00:00+00:00,15.6,15.42,0.011673151750972721,0.010114205553101163,0.001558946197871558,7.710732744665526,4
SOL,short,2023-03-08 18:00:00+00:00,2023-03-08 19:00:00+00:00,2023-03-08 23:00:00+00:00,18.721,18.375,0.01882993197278915,0.017607880739876958,0.0012220512329121913,6.000925858297193,4
XRP,long,2023-03-08 22:00:00+00:00,2023-03-08 23:00:00+00:00,2023-03-09 03:00:00+00:00,0.38716,0.39046,0.008523607810724254,0.007365930284713551,0.001157677526010703,5.742762706652812,4
ADA,short,2023-03-09 02:00:00+00:00,2023-03-09 03:00:00+00:00,2023-03-09 07:00:00+00:00,0.31863,0.31941,-0.0024420024420024333,-0.004432890317269345,0.0019908878752669112,9.988775255673833,4
AVAX,short,2023-03-09 17:00:00+00:00,2023-03-09 18:00:00+00:00,2023-03-09 22:00:00+00:00,15.37,14.17,0.08468595624558928,0.08301450035645441,0.0016714558891348652,7.710732744665526,4
ADA,long,2023-03-09 20:00:00+00:00,2023-03-09 21:00:00+00:00,2023-03-10 01:00:00+00:00,0.30176,0.30573,0.013156150583245152,0.011134132514234674,0.0020220180690104783,9.988775255673833,4
XRP,long,2023-03-09 20:00:00+00:00,2023-03-09 21:00:00+00:00,2023-03-10 01:00:00+00:00,0.36485,0.36818,0.009127038508976337,0.007968668308889981,0.001158370200086356,5.742762706652812,4
AVAX,long,2023-03-10 00:00:00+00:00,2023-03-10 01:00:00+00:00,2023-03-10 05:00:00+00:00,14.29,14.41,0.008397480755773401,0.006843582230497081,0.0015538985252763204,7.710732744665526,4
SOL,long,2023-03-10 01:00:00+00:00,2023-03-10 02:00:00+00:00,2023-03-10 06:00:00+00:00,17.286,17.148,-0.007983339118361799,-0.009173228760838703,0.0011898896424769045,6.000925858297193,4
LINK,short,2023-03-10 08:00:00+00:00,2023-03-10 09:00:00+00:00,2023-03-10 13:00:00+00:00,6.117,6.095,0.0036095159967186596,0.002298316487239882,0.0013111995094787776,6.536688716426203,4
DOT,short,2023-03-10 18:00:00+00:00,2023-03-10 19:00:00+00:00,2023-03-10 23:00:00+00:00,5.45,5.556,-0.01907847372210225,-0.020851685105640616,0.0017732113835383645,9.046674492363598,4
LINK,long,2023-03-10 19:00:00+00:00,2023-03-10 20:00:00+00:00,2023-03-11 00:00:00+00:00,6.229,6.213,-0.0025686305988119607,-0.0038717584602480093,0.0013031278614360486,6.536688716426203,4
SOL,long,2023-03-10 22:00:00+00:00,2023-03-10 23:00:00+00:00,2023-03-11 03:00:00+00:00,18.082,18.488,0.02245326844375617,0.02122687114418187,0.0012263972995743,6.000925858297193,4
ETH,short,2023-03-11 06:00:00+00:00,2023-03-11 07:00:00+00:00,2023-03-11 11:00:00+00:00,1457.94,1427.92,0.021023586755560597,0.01999452092455134,0.001029065831009257,5.041924062981029,4
SOL,long,2023-03-11 07:00:00+00:00,2023-03-11 08:00:00+00:00,2023-03-11 12:00:00+00:00,17.086,17.432,0.02025049748331975,0.019026742331255564,0.0012237551520641876,6.000925858297193,4
AVAX,short,2023-03-11 16:00:00+00:00,2023-03-11 17:00:00+00:00,2023-03-11 21:00:00+00:00,14.11,14.35,-0.01672473867595825,-0.01823992490725157,0.0015151862312933195,7.710732744665526,4
XRP,long,2023-03-11 17:00:00+00:00,2023-03-11 18:00:00+00:00,2023-03-11 22:00:00+00:00,0.36292,0.36243,-0.0013501598148353278,-0.002496503308812903,0.0011463434939775752,5.742762706652812,4
ADA,short,2023-03-12 01:00:00+00:00,2023-03-12 02:00:00+00:00,2023-03-12 06:00:00+00:00,0.30526,0.30574,-0.0015699614051155608,-0.003562589666336047,0.001992628261220486,9.988775255673833,4
AVAX,short,2023-03-12 01:00:00+00:00,2023-03-12 02:00:00+00:00,2023-03-12 06:00:00+00:00,14.43,14.37,0.0041753653444676075,0.002627972923219035,0.0015473924212485723,7.710732744665526,4
BNB,short,2023-03-12 01:00:00+00:00,2023-03-12 02:00:00+00:00,2023-03-12 06:00:00+00:00,276.2,277.0,-0.002888086642599319,-0.004174711347849747,0.0012866247052504276,6.455921962584254,4
DOT,short,2023-03-12 01:00:00+00:00,2023-03-12 02:00:00+00:00,2023-03-12 06:00:00+00:00,5.45,5.485,-0.006381039197812188,-0.00817720372779207,0.0017961645299798823,9.046674492363598,4
ETH,short,2023-03-12 01:00:00+00:00,2023-03-12 02:00:00+00:00,2023-03-12 06:00:00+00:00,1464.68,1464.16,0.0003551524423559549,-0.0006530821563407452,0.0010082345986967,5.041924062981029,4
SOL,short,2023-03-12 01:00:00+00:00,2023-03-12 02:00:00+00:00,2023-03-12 06:00:00+00:00,18.01,17.952,0.0032308377896612672,0.00202749713020256,0.001203340659458707,6.000925858297193,4
AVAX,long,2023-03-12 08:00:00+00:00,2023-03-12 09:00:00+00:00,2023-03-12 13:00:00+00:00,14.4,14.42,0.001388888888888884,-0.0001542096881783639,0.0015430985770672478,7.710732744665526,4
LINK,long,2023-03-12 16:00:00+00:00,2023-03-12 17:00:00+00:00,2023-03-12 21:00:00+00:00,6.129,6.405,0.04503181595692629,0.04366649888626095,0.0013653170706653395,6.536688716426203,4
ETH,long,2023-03-12 18:00:00+00:00,2023-03-12 19:00:00+00:00,2023-03-12 23:00:00+00:00,1533.91,1566.66,0.021350665945198966,0.020321270458712126,0.0010293954864868393,5.041924062981029,4
AVAX,short,2023-03-13 00:00:00+00:00,2023-03-13 01:00:00+00:00,2023-03-13 05:00:00+00:00,16.27,16.02,0.015605493133582948,0.014040487361394849,0.0015650057721880994,7.710732744665526,4
AVAX,long,2023-03-13 06:00:00+00:00,2023-03-13 07:00:00+00:00,2023-03-13 11:00:00+00:00,16.06,15.75,-0.019302615193026118,-0.020813829023956787,0.0015112138309306689,7.710732744665526,4
BNB,short,2023-03-13 11:00:00+00:00,2023-03-13 12:00:00+00:00,2023-03-13 16:00:00+00:00,297.0,309.15,-0.0393013100436681,-0.0405409488968812,0.0012396388532130986,6.455921962584254,4
ETH,short,2023-03-13 12:00:00+00:00,2023-03-13 13:00:00+00:00,2023-03-13 17:00:00+00:00,1582.52,1664.07,-0.04900635189625435,-0.04996483618737646,0.0009584842911221081,5.041924062981029,4
XRP,short,2023-03-13 12:00:00+00:00,2023-03-13 13:00:00+00:00,2023-03-13 17:00:00+00:00,0.35936,0.3711,-0.03163567771490161,-0.032747256664782065,0.001111578949880454,5.742762706652812,4
ADA,long,2023-03-13 14:00:00+00:00,2023-03-13 15:00:00+00:00,2023-03-13 19:00:00+00:00,0.34558,0.34333,-0.006510793448694874,-0.00849356098739773,0.0019827675387028565,9.988775255673833,4
AVAX,short,2023-03-13 14:00:00+00:00,2023-03-13 15:00:00+00:00,2023-03-13 19:00:00+00:00,16.33,16.47,-0.00850030358227083,-0.010028163325554451,0.0015278597432836216,7.710732744665526,4
SOL,long,2023-03-13 16:00:00+00:00,2023-03-13 17:00:00+00:00,2023-03-13 21:00:00+00:00,20.56,20.325,-0.011429961089494123,-0.01261571662823402,0.0011857555387398966,6.000925858297193,4
XRP,long,2023-03-13 20:00:00+00:00,2023-03-13 21:00:00+00:00,2023-03-14 01:00:00+00:00,0.37146,0.36934,-0.00570720938997471,-0.006848551455791441,0.0011413420658167306,5.742762706652812,4
DOT,short,2023-03-14 12:00:00+00:00,2023-03-14 13:00:00+00:00,2023-03-14 17:00:00+00:00,6.353,6.493,-0.021561681811181344,-0.02333040430062039,0.0017687224894390452,9.046674492363598,4
ETH,short,2023-03-14 12:00:00+00:00,2023-03-14 13:00:00+00:00,2023-03-14 17:00:00+00:00,1735.68,1765.0,-0.01661189801699714,-0.017603031921736068,0.0009911339047389278,5.041924062981029,4
SOL,short,2023-03-14 12:00:00+00:00,2023-03-14 13:00:00+00:00,2023-03-14 17:00:00+00:00,21.42,21.725,-0.01403912543153052,-0.015221751367967662,0.0011826259364371428,6.000925858297193,4
LINK,short,2023-03-14 14:00:00+00:00,2023-03-14 15:00:00+00:00,2023-03-14 19:00:00+00:00,7.097,6.979,0.016907866456512544,0.015579292868448613,0.0013285735880639304,6.536688716426203,4
ETH,long,2023-03-14 19:00:00+00:00,2023-03-14 20:00:00+00:00,2023-03-15 00:00:00+00:00,1721.2,1699.51,-0.01260167325122008,-0.013596848967857067,0.0009951757166369868,5.041924062981029,4
SOL,long,2023-03-15 07:00:00+00:00,2023-03-15 08:00:00+00:00,2023-03-15 12:00:00+00:00,21.237,20.586,-0.03065404718180531,-0.03181674409478896,0.0011626969129836517,6.000925858297193,4
LINK,short,2023-03-15 16:00:00+00:00,2023-03-15 17:00:00+00:00,2023-03-15 21:00:00+00:00,6.417,6.6,-0.02772727272727271,-0.028997531231959583,0.001270258504686872,6.536688716426203,4
XRP,short,2023-03-15 16:00:00+00:00,2023-03-15 17:00:00+00:00,2023-03-15 21:00:00+00:00,0.35743,0.36078,-0.00928543710848706,-0.01042267175056022,0.0011372346420731594,5.742762706652812,4
ETH,short,2023-03-15 19:00:00+00:00,2023-03-15 20:00:00+00:00,2023-03-16 00:00:00+00:00,1648.66,1649.94,-0.0007757857861497852,-0.0017828805386147506,0.0010070947524649654,5.041924062981029,4
AVAX,short,2023-03-16 08:00:00+00:00,2023-03-16 09:00:00+00:00,2023-03-16 13:00:00+00:00,15.71,15.57,0.008991650610147728,0.007436836493868837,0.0015548141162788909,7.710732744665526,4
XRP,short,2023-03-16 09:00:00+00:00,2023-03-16 10:00:00+00:00,2023-03-16 14:00:00+00:00,0.36254,0.36219,0.0009663436317952634,-0.00018265896104541213,0.0011490025928406755,5.742762706652812,4
BNB,long,2023-03-16 16:00:00+00:00,2023-03-16 17:00:00+00:00,2023-03-16 21:00:00+00:00,327.71,326.15,-0.004760306368435496,-0.006044515252431992,0.001284208883996496,6.455921962584254,4
AVAX,long,2023-03-16 20:00:00+00:00,2023-03-16 21:00:00+00:00,2023-03-17 01:00:00+00:00,15.61,15.69,0.005124919923126248,0.003576064277814206,0.0015488556453120417,7.710732744665526,4
ADA,long,2023-03-17 08:00:00+00:00,2023-03-17 09:00:00+00:00,2023-03-17 13:00:00+00:00,0.33342,0.33972,0.01889508727730793,0.016861615659221618,0.0020334716180863133,9.988775255673833,4
BNB,long,2023-03-17 08:00:00+00:00,2023-03-17 09:00:00+00:00,2023-03-17 13:00:00+00:00,330.74,331.93,0.003597992380722115,0.002302998354636099,0.001294994026086016,6.455921962584254,4
DOT,long,2023-03-17 08:00:00+00:00,2023-03-17 09:00:00+00:00,2023-03-17 13:00:00+00:00,6.271,6.443,0.027427842449370132,0.025570561619874477,0.0018572808294956555,9.046674492363598,4
ETH,short,2023-03-17 08:00:00+00:00,2023-03-17 09:00:00+00:00,2023-03-17 13:00:00+00:00,1713.76,1737.28,-0.013538404862774023,-0.014532636469493543,0.00099423160671952,5.041924062981029,4
LINK,long,2023-03-17 08:00:00+00:00,2023-03-17 09:00:00+00:00,2023-03-17 13:00:00+00:00,6.902,7.089,0.027093596059113434,0.025751714980988938,0.001341881078124496,6.536688716426203,4
XRP,short,2023-03-17 08:00:00+00:00,2023-03-17 09:00:00+00:00,2023-03-17 13:00:00+00:00,0.3675,0.37359,-0.01630129286115789,-0.017430474049184297,0.0011291811880264069,5.742762706652812,4
ETH,long,2023-03-17 14:00:00+00:00,2023-03-17 15:00:00+00:00,2023-03-17 19:00:00+00:00,1711.33,1733.01,0.012668509288097596,0.011647864344566994,0.001020644943530602,5.041924062981029,4
ADA,short,2023-03-18 01:00:00+00:00,2023-03-18 02:00:00+00:00,2023-03-18 06:00:00+00:00,0.3505,0.35274,-0.006350286329874777,-0.008333374202510568,0.0019830878726357914,9.988775255673833,4
DOT,short,2023-03-18 02:00:00+00:00,2023-03-18 03:00:00+00:00,2023-03-18 07:00:00+00:00,6.61,6.615,-0.0007558578987150177,-0.002562191066294073,0.001806333167579055,9.046674492363598,4
DOT,long,2023-03-18 21:00:00+00:00,2023-03-18 22:00:00+00:00,2023-03-19 02:00:00+00:00,6.41,6.42,0.0015600624024960652,-0.000250457253126557,0.0018105196556226222,9.046674492363598,4
BNB,long,2023-03-19 02:00:00+00:00,2023-03-19 03:00:00+00:00,2023-03-19 07:00:00+00:00,334.43,333.93,-0.0014950811829081978,-0.0027835033546366184,0.0012884221717284206,6.455921962584254,4
AVAX,short,2023-03-19 03:00:00+00:00,2023-03-19 04:00:00+00:00,2023-03-19 08:00:00+00:00,17.34,17.26,0.004634994206257126,0.0030868935160728306,0.0015481006901842953,7.710732744665526,4
LINK,short,2023-03-19 10:00:00+00:00,2023-03-19 11:00:00+00:00,2023-03-19 15:00:00+00:00,7.048,7.124,-0.01066816395283543,-0.01196070990567899,0.0012925459528435601,6.536688716426203,4
ETH,long,2023-03-19 15:00:00+00:00,2023-03-19 16:00:00+00:00,2023-03-19 20:00:00+00:00,1793.42,1821.39,0.015595900569860932,0.014572305177015688,0.0010235953928452446,5.041924062981029,4
SOL,long,2023-03-19 15:00:00+00:00,2023-03-19 16:00:00+00:00,2023-03-19 20:00:00+00:00,21.994,22.193,0.00904792216058925,0.007837604109807161,0.0012103180507820888,6.000925858297193,4
ADA,long,2023-03-19 23:00:00+00:00,2023-03-20 00:00:00+00:00,2023-03-20 04:00:00+00:00,0.34491,0.33772,-0.02084601780174533,-0.022800175651163435,0.0019541578494181033,9.988775255673833,4
SOL,long,2023-03-20 04:00:00+00:00,2023-03-20 05:00:00+00:00,2023-03-20 09:00:00+00:00,22.101,23.251,0.05203384462241534,0.05077196644575355,0.0012618781766617904,6.000925858297193,4
LINK,long,2023-03-20 05:00:00+00:00,2023-03-20 06:00:00+00:00,2023-03-20 10:00:00+00:00,7.054,7.231,0.025092146299971585,0.023752880083405037,0.001339266216566548,6.536688716426203,4
LINK,short,2023-03-20 15:00:00+00:00,2023-03-20 16:00:00+00:00,2023-03-20 20:00:00+00:00,7.347,7.11,0.03333333333333344,0.031983300139946325,0.0013500331933871124,6.536688716426203,4
XRP,short,2023-03-21 07:00:00+00:00,2023-03-21 08:00:00+00:00,2023-03-21 12:00:00+00:00,0.38669,0.39103,-0.011098892668081728,-0.012234045656607573,0.001135152988525845,5.742762706652812,4
ETH,short,2023-03-21 14:00:00+00:00,2023-03-21 15:00:00+00:00,2023-03-21 19:00:00+00:00,1805.99,1788.49,0.009784790521613296,0.008767052010889342,0.0010177385107239534,5.041924062981029,4
SOL,short,2023-03-21 14:00:00+00:00,2023-03-21 15:00:00+00:00,2023-03-21 19:00:00+00:00,22.818,22.246,0.02571248763822731,0.02448218101805888,0.001230306620168431,6.000925858297193,4
ADA,short,2023-03-21 19:00:00+00:00,2023-03-21 20:00:00+00:00,2023-03-22 00:00:00+00:00,0.36285,0.36966,-0.018422334036682364,-0.020381328980919156,0.0019589949442367915,9.988775255673833,4
XRP,short,2023-03-21 19:00:00+00:00,2023-03-21 20:00:00+00:00,2023-03-22 00:00:00+00:00,0.47456,0.46936,0.011078915970683445,0.009918305223471036,0.0011606107472124094,5.742762706652812,4
BNB,long,2023-03-22 09:00:00+00:00,2023-03-22 10:00:00+00:00,2023-03-22 14:00:00+00:00,326.92,326.65,-0.000825890126024853,-0.002115175789338175,0.001289285663313322,6.455921962584254,4
ADA,short,2023-03-22 17:00:00+00:00,2023-03-22 18:00:00+00:00,2023-03-22 22:00:00+00:00,0.37216,0.35554,0.04674579512853683,0.044656740139143336,0.0020890549893934907,9.988775255673833,4
BNB,short,2023-03-22 17:00:00+00:00,2023-03-22 18:00:00+00:00,2023-03-22 22:00:00+00:00,328.06,320.88,0.02237596609324366,0.02105674188339468,0.0013192242098489793,6.455921962584254,4
SOL,long,2023-03-22 17:00:00+00:00,2023-03-22 18:00:00+00:00,2023-03-22 22:00:00+00:00,22.596,21.224,-0.060718711276332105,-0.06184534666553154,0.0011266353891994374,6.000925858297193,4
DOT,short,2023-03-22 19:00:00+00:00,2023-03-22 20:00:00+00:00,2023-03-23 00:00:00+00:00,5.952,6.055,-0.01701073492981009,-0.018787684163794616,0.001776949233984526,9.046674492363598,4
LINK,short,2023-03-22 19:00:00+00:00,2023-03-22 20:00:00+00:00,2023-03-23 00:00:00+00:00,7.04,7.174,-0.018678561471982214,-0.01996064197075187,0.0012820804987696555,6.536688716426203,4
XRP,short,2023-03-22 19:00:00+00:00,2023-03-22 20:00:00+00:00,2023-03-23 00:00:00+00:00,0.41141,0.42117,-0.02317354037562025,-0.024294832956539225,0.0011212925809189755,5.742762706652812,4
LINK,long,2023-03-23 02:00:00+00:00,2023-03-23 03:00:00+00:00,2023-03-23 07:00:00+00:00,7.17,7.224,0.007531380753138084,0.0062150573911419205,0.0013163233619961634,6.536688716426203,4
ADA,short,2023-03-23 12:00:00+00:00,2023-03-23 13:00:00+00:00,2023-03-23 17:00:00+00:00,0.36963,0.37977,-0.02670037127735203,-0.028642845233321612,0.0019424739559695814,9.988775255673833,4
BNB,short,2023-03-23 14:00:00+00:00,2023-03-23 15:00:00+00:00,2023-03-23 19:00:00+00:00,326.92,326.78,0.0004284227920927641,-0.0008624813755899741,0.0012909041676827382,6.455921962584254,4
ETH,short,2023-03-23 14:00:00+00:00,2023-03-23 15:00:00+00:00,2023-03-23 19:00:00+00:00,1804.99,1802.73,0.0012536541800491907,0.00024451400243208354,0.0010091401776171072,5.041924062981029,4
LINK,long,2023-03-23 15:00:00+00:00,2023-03-23 16:00:00+00:00,2023-03-23 20:00:00+00:00,7.58,7.519,-0.008047493403693928,-0.009343463219986137,0.0012959698162922084,6.536688716426203,4
BNB,long,2023-03-24 11:00:00+00:00,2023-03-24 12:00:00+00:00,2023-03-24 16:00:00+00:00,320.6,320.84,0.0007485963817839281,-0.0005427209223227702,0.0012913173041066983,6.455921962584254,4
ETH,long,2023-03-24 11:00:00+00:00,2023-03-24 12:00:00+00:00,2023-03-24 16:00:00+00:00,1745.61,1767.0,0.012253596164091718,0.0112333694018103,0.0010202267622814176,5.041924062981029,4
LINK,long,2023-03-24 14:00:00+00:00,2023-03-24 15:00:00+00:00,2023-03-24 19:00:00+00:00,7.343,7.271,-0.009805256707068,-0.011098930034193377,0.0012936733271253775,6.536688716426203,4
XRP,short,2023-03-25 06:00:00+00:00,2023-03-25 07:00:00+00:00,2023-03-25 11:00:00+00:00,0.44655,0.44585,0.0015700347650555724,0.00042033919918749163,0.0011496955658680807,5.742762706652812,4
BNB,short,2023-03-25 15:00:00+00:00,2023-03-25 16:00:00+00:00,2023-03-25 20:00:00+00:00,324.36,319.4,0.015529117094552403,0.014218727725564095,0.0013103893689883073,6.455921962584254,4
ADA,short,2023-03-25 21:00:00+00:00,2023-03-25 22:00:00+00:00,2023-03-26 02:00:00+00:00,0.35128,0.35361,-0.006589180170244013,-0.008571791267743767,0.0019826110974997535,9.988775255673833,4
XRP,long,2023-03-26 12:00:00+00:00,2023-03-26 13:00:00+00:00,2023-03-26 17:00:00+00:00,0.45393,0.44428,-0.021258784394069585,-0.02238227491061473,0.0011234905165451448,5.742762706652812,4
ETH,short,2023-03-26 16:00:00+00:00,2023-03-26 17:00:00+00:00,2023-03-26 21:00:00+00:00,1757.55,1760.57,-0.0017153535502706374,-0.0027215013343260264,0.001006147784055389,5.041924062981029,4
XRP,short,2023-03-26 22:00:00+00:00,2023-03-26 23:00:00+00:00,2023-03-27 03:00:00+00:00,0.45033,0.4523,-0.004355516250276303,-0.0054984099156369926,0.0011428936653606891,5.742762706652812,4
ADA,long,2023-03-27 13:00:00+00:00,2023-03-27 14:00:00+00:00,2023-03-27 18:00:00+00:00,0.35374,0.33964,-0.03985978402216317,-0.04177599492842199,0.0019162109062588195,9.988775255673833,4
BNB,long,2023-03-27 14:00:00+00:00,2023-03-27 15:00:00+00:00,2023-03-27 19:00:00+00:00,315.7,306.85,-0.02803294266708889,-0.029287121673378547,0.0012541790062896574,6.455921962584254,4
XRP,short,2023-03-27 14:00:00+00:00,2023-03-27 15:00:00+00:00,2023-03-27 19:00:00+00:00,0.46285,0.47,-0.015212765957446805,-0.016343196658249237,0.0011304307008024317,5.742762706652812,4
AVAX,long,2023-03-27 16:00:00+00:00,2023-03-27 17:00:00+00:00,2023-03-27 21:00:00+00:00,16.4,16.4,0.0,-0.0015409583571268648,0.0015409583571268648,7.710732744665526,4
DOT,long,2023-03-27 21:00:00+00:00,2023-03-27 22:00:00+00:00,2023-03-28 02:00:00+00:00,5.857,5.849,-0.0013658869728530032,-0.003171117391160494,0.0018052304183074908,9.046674492363598,4
LINK,short,2023-03-28 12:00:00+00:00,2023-03-28 13:00:00+00:00,2023-03-28 17:00:00+00:00,6.869,6.809,0.008811866647084665,0.0074938703510947224,0.0013179962959899427,6.536688716426203,4
ETH,short,2023-03-29 19:00:00+00:00,2023-03-29 20:00:00+00:00,2023-03-30 00:00:00+00:00,1809.45,1793.23,0.00904513085326486,0.008028137828248738,0.0010169930250161219,5.041924062981029,4
SOL,short,2023-03-29 19:00:00+00:00,2023-03-29 20:00:00+00:00,2023-03-30 00:00:00+00:00,21.181,21.097,0.003981608759539235,0.0027773675762927663,0.0012042411832464683,6.000925858297193,4
XRP,short,2023-03-29 21:00:00+00:00,2023-03-29 22:00:00+00:00,2023-03-30 02:00:00+00:00,0.54826,0.52982,0.0348042731493714,0.033616428222820405,0.001187844926550996,5.742762706652812,4
DOT,long,2023-03-30 00:00:00+00:00,2023-03-30 01:00:00+00:00,2023-03-30 05:00:00+00:00,6.149,6.199,0.008131403480240662,0.006309004814430308,0.0018223986658103541,9.046674492363598,4
LINK,long,2023-03-30 00:00:00+00:00,2023-03-30 01:00:00+00:00,2023-03-30 05:00:00+00:00,7.327,7.474,0.020062781493107806,0.018730086059861373,0.0013326954332464336,6.536688716426203,4
LINK,long,2023-03-31 13:00:00+00:00,2023-03-31 14:00:00+00:00,2023-03-31 18:00:00+00:00,7.617,7.564,-0.006958119994748602,-0.008255513059681419,0.001297393064932817,6.536688716426203,4
ADA,long,2023-04-02 19:00:00+00:00,2023-04-02 20:00:00+00:00,2023-04-03 00:00:00+00:00,0.3773,0.38154,0.011237741849986715,0.009219552467324421,0.0020181893826622943,9.988775255673833,4
ADA,short,2023-04-03 05:00:00+00:00,2023-04-03 06:00:00+00:00,2023-04-03 10:00:00+00:00,0.38413,0.39942,-0.03828050673476535,-0.04019986950187926,0.001919362767113908,9.988775255673833,4
ETH,short,2023-04-03 15:00:00+00:00,2023-04-03 16:00:00+00:00,2023-04-03 20:00:00+00:00,1797.16,1818.72,-0.01185449107064307,-0.012850419854752326,0.0009959287841092568,5.041924062981029,4
BNB,short,2023-04-03 17:00:00+00:00,2023-04-03 18:00:00+00:00,2023-04-03 22:00:00+00:00,309.48,305.75,0.0121995094031071,0.01089341639790442,0.0013060930052026798,6.455921962584254,4
DOT,long,2023-04-03 22:00:00+00:00,2023-04-03 23:00:00+00:00,2023-04-04 03:00:00+00:00,6.389,6.455,0.010330255125997834,0.008503881597097251,0.0018263735289005822,9.046674492363598,4
ETH,long,2023-04-04 09:00:00+00:00,2023-04-04 10:00:00+00:00,2023-04-04 14:00:00+00:00,1829.26,1864.78,0.019417688026852398,0.018390240743672237,0.0010274472831801607,5.041924062981029,4
ADA,long,2023-04-05 00:00:00+00:00,2023-04-05 01:00:00+00:00,2023-04-05 05:00:00+00:00,0.39561,0.39481,-0.002022193574479969,-0.004013919288134327,0.0019917257136543576,9.988775255673833,4
XRP,long,2023-04-05 00:00:00+00:00,2023-04-05 01:00:00+00:00,2023-04-05 05:00:00+00:00,0.50628,0.50445,-0.0036146006162597333,-0.004758344773737266,0.001143744157477533,5.742762706652812,4
DOT,long,2023-04-05 02:00:00+00:00,2023-04-05 03:00:00+00:00,2023-04-05 07:00:00+00:00,6.545,6.538,-0.0010695187165774556,-0.0028752848796430586,0.001805766163065603,9.046674492363598,4
DOT,short,2023-04-05 15:00:00+00:00,2023-04-05 16:00:00+00:00,2023-04-05 20:00:00+00:00,6.375,6.39,-0.0023474178403755097,-0.0041508739457937205,0.0018034561054182108,9.046674492363598,4
XRP,long,2023-04-06 19:00:00+00:00,2023-04-06 20:00:00+00:00,2023-04-07 00:00:00+00:00,0.50714,0.50286,-0.008439484166108069,-0.009577689871924311,0.001138205705816242,5.742762706652812,4
XRP,long,2023-04-09 11:00:00+00:00,2023-04-09 12:00:00+00:00,2023-04-09 16:00:00+00:00,0.50342,0.50193,-0.0029597552739263344,-0.004104251124006808,0.0011444958500804736,5.742762706652812,4
ETH,long,2023-04-09 18:00:00+00:00,2023-04-09 19:00:00+00:00,2023-04-09 23:00:00+00:00,1855.66,1865.8,0.005464363083754531,0.0044509790309583686,0.0010133840527961624,5.041924062981029,4
ETH,long,2023-04-10 10:00:00+00:00,2023-04-10 11:00:00+00:00,2023-04-10 15:00:00+00:00,1860.75,1856.3,-0.002391508800214992,-0.003396975103183153,0.001005466302968161,5.041924062981029,4
SOL,short,2023-04-11 04:00:00+00:00,2023-04-11 05:00:00+00:00,2023-04-11 09:00:00+00:00,22.412,22.417,-0.0002230450104832027,-0.0014222428570919154,0.0011991978466087128,6.000925858297193,4
SOL,short,2023-04-11 14:00:00+00:00,2023-04-11 15:00:00+00:00,2023-04-11 19:00:00+00:00,23.166,23.484,-0.013541134389371545,-0.014724357648824071,0.001183223259452526,6.000925858297193,4
SOL,long,2023-04-12 00:00:00+00:00,2023-04-12 01:00:00+00:00,2023-04-12 05:00:00+00:00,23.336,22.748,-0.02519712032910515,-0.026366362636937146,0.001169242307831997,6.000925858297193,4
ADA,long,2023-04-12 03:00:00+00:00,2023-04-12 04:00:00+00:00,2023-04-12 08:00:00+00:00,0.39067,0.39454,0.009906058822023667,0.007890527161118488,0.0020155316609051788,9.988775255673833,4
LINK,long,2023-04-13 00:00:00+00:00,2023-04-13 01:00:00+00:00,2023-04-13 05:00:00+00:00,7.216,7.226,0.0013858093126386528,7.751503977515561e-05,0.0013082942728634972,6.536688716426203,4
ADA,long,2023-04-14 01:00:00+00:00,2023-04-14 02:00:00+00:00,2023-04-14 06:00:00+00:00,0.43647,0.44137,0.011226430224299477,0.009208263416944584,0.002018166807354893,9.988775255673833,4
ADA,short,2023-04-14 17:00:00+00:00,2023-04-14 18:00:00+00:00,2023-04-14 22:00:00+00:00,0.43232,0.43706,-0.010845192879696208,-0.012819309990759864,0.0019741171110636557,9.988775255673833,4
DOT,long,2023-04-14 19:00:00+00:00,2023-04-14 20:00:00+00:00,2023-04-15 00:00:00+00:00,6.748,6.731,-0.0025192649673978496,-0.004322410424844936,0.0018031454574470862,9.046674492363598,4
BNB,short,2023-04-15 02:00:00+00:00,2023-04-15 03:00:00+00:00,2023-04-15 07:00:00+00:00,328.55,329.12,-0.001731891103548877,-0.0030200077072758402,0.0012881166037269631,6.455921962584254,4
ADA,long,2023-04-15 10:00:00+00:00,2023-04-15 11:00:00+00:00,2023-04-15 15:00:00+00:00,0.44961,0.45791,0.01846044349547382,0.0164278393227264,0.002032604172747421,9.988775255673833,4
ADA,short,2023-04-16 18:00:00+00:00,2023-04-16 19:00:00+00:00,2023-04-16 23:00:00+00:00,0.4525,0.45257,-0.00015467220540454907,-0.0021501250463635824,0.0019954528409590333,9.988775255673833,4
BNB,short,2023-04-16 18:00:00+00:00,2023-04-16 19:00:00+00:00,2023-04-16 23:00:00+00:00,350.05,349.71,0.0009722341368563203,-0.0003193717385299166,0.001291605875386237,6.455921962584254,4
ETH,short,2023-04-16 18:00:00+00:00,2023-04-16 19:00:00+00:00,2023-04-16 23:00:00+00:00,2133.55,2126.4,0.003362490594432055,0.0023512249698365295,0.0010112656245955254,5.041924062981029,4
LINK,short,2023-04-16 18:00:00+00:00,2023-04-16 19:00:00+00:00,2023-04-16 23:00:00+00:00,8.094,8.127,-0.0040605389442600615,-0.005361717651707787,0.0013011787074477255,6.536688716426203,4
SOL,short,2023-04-16 18:00:00+00:00,2023-04-16 19:00:00+00:00,2023-04-16 23:00:00+00:00,24.659,25.436,-0.03054725585783935,-0.03171008086331906,0.0011628250054797062,6.000925858297193,4
XRP,short,2023-04-16 18:00:00+00:00,2023-04-16 19:00:00+00:00,2023-04-16 23:00:00+00:00,0.52394,0.52169,0.0043129061319939765,0.003160062042369516,0.0011528440896244607,5.742762706652812,4
DOT,long,2023-04-17 04:00:00+00:00,2023-04-17 05:00:00+00:00,2023-04-17 09:00:00+00:00,6.717,6.731,0.002084263808247666,0.000272796553989485,0.0018114672542581811,9.046674492363598,4
SOL,short,2023-04-17 20:00:00+00:00,2023-04-17 21:00:00+00:00,2023-04-18 01:00:00+00:00,24.609,24.389,0.009020460043462242,0.0078101749325387715,0.0012102851109234702,6.000925858297193,4
BNB,long,2023-04-17 23:00:00+00:00,2023-04-18 00:00:00+00:00,2023-04-18 04:00:00+00:00,340.03,339.75,-0.0008234567538157878,-0.0021127455570342235,0.0012892888032184358,6.455921962584254,4
LINK,long,2023-04-18 12:00:00+00:00,2023-04-18 13:00:00+00:00,2023-04-18 17:00:00+00:00,8.733,8.637,-0.01099278598419784,-0.012284907823637226,0.0012921218394393863,6.536688716426203,4
LINK,long,2023-04-18 23:00:00+00:00,2023-04-19 00:00:00+00:00,2023-04-19 04:00:00+00:00,8.579,8.57,-0.0010490733185686274,-0.0023541864568765725,0.001305113138307945,6.536688716426203,4
SOL,short,2023-04-19 01:00:00+00:00,2023-04-19 02:00:00+00:00,2023-04-19 06:00:00+00:00,24.727,24.662,0.0026356337685509157,0.0014330070357102542,0.0012026267328406615,6.000925858297193,4
BNB,long,2023-04-19 06:00:00+00:00,2023-04-19 07:00:00+00:00,2023-04-19 11:00:00+00:00,335.96,327.5,-0.0251815692344326,-0.026439427514285407,0.0012578582798528082,6.455921962584254,4
DOT,long,2023-04-19 06:00:00+00:00,2023-04-19 07:00:00+00:00,2023-04-19 11:00:00+00:00,6.793,6.452,-0.050198733990872935,-0.051915689294501965,0.0017169553036290308,9.046674492363598,4
SOL,long,2023-04-19 08:00:00+00:00,2023-04-19 09:00:00+00:00,2023-04-19 13:00:00+00:00,22.827,23.025,0.008673938756735389,0.0074640692860992175,0.0012098694706361712,6.000925858297193,4
BNB,long,2023-04-19 23:00:00+00:00,2023-04-20 00:00:00+00:00,2023-04-20 04:00:00+00:00,322.43,324.1,0.005179418788574308,0.0038823841667856573,0.0012970346217886508,6.455921962584254,4
ETH,long,2023-04-19 23:00:00+00:00,2023-04-20 00:00:00+00:00,2023-04-20 04:00:00+00:00,1934.5,1949.35,0.007676402171103547,0.006660788655764804,0.0010156135153387424,5.041924062981029,4
SOL,long,2023-04-19 23:00:00+00:00,2023-04-20 00:00:00+00:00,2023-04-20 04:00:00+00:00,22.676,22.859,0.008070206385606182,0.006861061071048669,0.0012091453145575137,6.000925858297193,4
ADA,long,2023-04-20 00:00:00+00:00,2023-04-20 01:00:00+00:00,2023-04-20 05:00:00+00:00,0.41912,0.41863,-0.0011691162435578661,-0.003162544496131403,0.001993428252573537,9.988775255673833,4
LINK,short,2023-04-20 02:00:00+00:00,2023-04-20 03:00:00+00:00,2023-04-20 07:00:00+00:00,7.747,7.804,-0.007303946694003138,-0.008600887941978108,0.0012969412479749698,6.536688716426203,4
BNB,long,2023-04-20 05:00:00+00:00,2023-04-20 06:00:00+00:00,2023-04-20 10:00:00+00:00,324.94,325.99,0.0032313657906075655,0.0019368448416379191,0.0012945209489696463,6.455921962584254,4
BNB,short,2023-04-20 15:00:00+00:00,2023-04-20 16:00:00+00:00,2023-04-20 20:00:00+00:00,322.75,316.98,0.018203041201337644,0.016889201530763565,0.0013138396705740796,6.455921962584254,4
DOT,long,2023-04-20 20:00:00+00:00,2023-04-20 21:00:00+00:00,2023-04-21 01:00:00+00:00,6.121,6.159,0.006208135925502178,0.0043892139495493865,0.001818921975952792,9.046674492363598,4
LINK,short,2023-04-21 13:00:00+00:00,2023-04-21 14:00:00+00:00,2023-04-21 18:00:00+00:00,7.393,7.306,0.011908020804817898,0.010585979433778148,0.0013220413710397505,6.536688716426203,4
DOT,short,2023-04-21 19:00:00+00:00,2023-04-21 20:00:00+00:00,2023-04-22 00:00:00+00:00,5.824,5.847,-0.003933641183513026,-0.005734229873736729,0.0018005886902237034,9.046674492363598,4
SOL,short,2023-04-22 00:00:00+00:00,2023-04-22 01:00:00+00:00,2023-04-22 05:00:00+00:00,21.154,21.424,-0.012602688573562393,-0.013787037466283292,0.001184348892720899,6.000925858297193,4
DOT,short,2023-04-22 14:00:00+00:00,2023-04-22 15:00:00+00:00,2023-04-22 19:00:00+00:00,5.958,5.944,0.0023553162853298115,0.0005433590496355389,0.0018119572356942726,9.046674492363598,4
ADA,long,2023-04-22 16:00:00+00:00,2023-04-22 17:00:00+00:00,2023-04-22 21:00:00+00:00,0.39509,0.39403,-0.002682933002607024,-0.004673340037929519,0.0019904070353224945,9.988775255673833,4
AVAX,short,2023-04-22 23:00:00+00:00,2023-04-23 00:00:00+00:00,2023-04-23 04:00:00+00:00,17.23,17.06,0.009964830011723436,0.008408516266512622,0.0015563137452108133,7.710732744665526,4
XRP,long,2023-04-23 19:00:00+00:00,2023-04-23 20:00:00+00:00,2023-04-24 00:00:00+00:00,0.46047,0.46462,0.009012530675179597,0.007854291917872347,0.0011582387573072506,5.742762706652812,4
ADA,short,2023-04-23 21:00:00+00:00,2023-04-23 22:00:00+00:00,2023-04-24 02:00:00+00:00,0.38662,0.3931,-0.016484355125922168,-0.018447217813914563,0.001962862687992395,9.988775255673833,4
SOL,long,2023-04-24 11:00:00+00:00,2023-04-24 12:00:00+00:00,2023-04-24 16:00:00+00:00,21.741,21.352,-0.01789246124833266,-0.01907046524185474,0.001178003993522081,6.000925858297193,4
ETH,long,2023-04-24 16:00:00+00:00,2023-04-24 17:00:00+00:00,2023-04-24 21:00:00+00:00,1814.41,1840.42,0.014335238452169108,0.013312913651234215,0.0010223248009348929,5.041924062981029,4
ADA,short,2023-04-24 19:00:00+00:00,2023-04-24 20:00:00+00:00,2023-04-25 00:00:00+00:00,0.38289,0.38352,-0.0016426783479349671,-0.003635161483478533,0.0019924831355435657,9.988775255673833,4
AVAX,short,2023-04-24 21:00:00+00:00,2023-04-24 22:00:00+00:00,2023-04-25 02:00:00+00:00,16.9,16.83,0.004159239453357166,0.0026118718814354125,0.001547367571921754,7.710732744665526,4
BNB,short,2023-04-24 21:00:00+00:00,2023-04-24 22:00:00+00:00,2023-04-25 02:00:00+00:00,330.91,331.36,-0.001358039594398841,-0.002646638597926021,0.00128859900352718,6.455921962584254,4
SOL,long,2023-04-25 00:00:00+00:00,2023-04-25 01:00:00+00:00,2023-04-25 05:00:00+00:00,21.215,21.076,-0.006551967947207138,-0.007743574469851855,0.001191606522644717,6.000925858297193,4
LINK,long,2023-04-25 03:00:00+00:00,2023-04-25 04:00:00+00:00,2023-04-25 08:00:00+00:00,6.987,6.989,0.00028624588521530825,-0.001020611825913953,0.0013068577111292612,6.536688716426203,4
AVAX,long,2023-04-25 08:00:00+00:00,2023-04-25 09:00:00+00:00,2023-04-25 13:00:00+00:00,17.09,17.05,-0.002340550029256816,-0.003877901696255792,0.0015373516669989762,7.710732744665526,4
SOL,long,2023-04-25 08:00:00+00:00,2023-04-25 09:00:00+00:00,2023-04-25 13:00:00+00:00,21.015,21.0,-0.0007137758743754885,-0.0019123851063014286,0.00119860923192594,6.000925858297193,4
ADA,short,2023-04-25 13:00:00+00:00,2023-04-25 14:00:00+00:00,2023-04-25 18:00:00+00:00,0.38053,0.38396,-0.008933222210647074,-0.010911155159218144,0.0019779329485710706,9.988775255673833,4
DOT,short,2023-04-25 17:00:00+00:00,2023-04-25 18:00:00+00:00,2023-04-25 22:00:00+00:00,5.864,5.995,-0.02185154295246039,-0.02361974146005008,0.001768198507589691,9.046674492363598,4
LINK,short,2023-04-25 17:00:00+00:00,2023-04-25 18:00:00+00:00,2023-04-25 22:00:00+00:00,7.104,7.26,-0.02148760330578503,-0.02276601383708643,0.0012784105313013994,6.536688716426203,4
LINK,short,2023-04-26 09:00:00+00:00,2023-04-26 10:00:00+00:00,2023-04-26 14:00:00+00:00,7.333,7.47,-0.018340026773761675,-0.019622549562608338,0.0012825227888466628,6.536688716426203,4
BNB,long,2023-04-26 12:00:00+00:00,2023-04-26 13:00:00+00:00,2023-04-26 17:00:00+00:00,344.49,342.46,-0.005892769020871547,-0.0071755166301537,0.0012827476092821533,6.455921962584254,4
SOL,short,2023-04-26 17:00:00+00:00,2023-04-26 18:00:00+00:00,2023-04-26 22:00:00+00:00,22.707,21.496,0.05633606252326029,0.055069023985163446,0.001267038538096843,6.000925858297193,4
ETH,long,2023-04-26 19:00:00+00:00,2023-04-26 20:00:00+00:00,2023-04-27 00:00:00+00:00,1828.58,1865.75,0.02032724846602285,0.01929888445811545,0.0010283640079074008,5.041924062981029,4
LINK,short,2023-04-27 06:00:00+00:00,2023-04-27 07:00:00+00:00,2023-04-27 11:00:00+00:00,7.047,7.072,-0.003535067873303266,-0.004836933100158647,0.001301865226855381,6.536688716426203,4
ADA,long,2023-04-27 09:00:00+00:00,2023-04-27 10:00:00+00:00,2023-04-27 14:00:00+00:00,0.40555,0.41001,0.0109974109234372,0.008979701183992717,0.0020177097394444843,9.988775255673833,4
ETH,long,2023-04-27 09:00:00+00:00,2023-04-27 10:00:00+00:00,2023-04-27 14:00:00+00:00,1881.73,1884.26,0.0013445074479334629,0.00033527570142921626,0.0010092317465042466,5.041924062981029,4
SOL,long,2023-04-27 09:00:00+00:00,2023-04-27 10:00:00+00:00,2023-04-27 14:00:00+00:00,21.578,21.649,0.003290388358513363,0.002086976270208707,0.0012034120883046562,6.000925858297193,4
DOT,long,2023-04-27 16:00:00+00:00,2023-04-27 17:00:00+00:00,2023-04-27 21:00:00+00:00,5.936,5.99,0.009097035040431356,0.007272890802901832,0.0018241442375295236,9.046674492363598,4
ETH,long,2023-04-27 17:00:00+00:00,2023-04-27 18:00:00+00:00,2023-04-27 22:00:00+00:00,1904.14,1915.7,0.006070982175680362,0.005056986725666679,0.0010139954500136827,5.041924062981029,4
ETH,short,2023-04-29 00:00:00+00:00,2023-04-29 01:00:00+00:00,2023-04-29 05:00:00+00:00,1888.52,1901.31,-0.006726940898643563,-0.007728037620836958,0.0010010967221933953,5.041924062981029,4
AVAX,short,2023-04-29 20:00:00+00:00,2023-04-29 21:00:00+00:00,2023-04-30 01:00:00+00:00,17.49,17.34,0.00865051903114189,0.007096230584420438,0.0015542884467214524,7.710732744665526,4
BNB,short,2023-04-30 09:00:00+00:00,2023-04-30 10:00:00+00:00,2023-04-30 14:00:00+00:00,322.06,322.22,-0.0004965551486563191,-0.0017862657698025641,0.001289710621146245,6.455921962584254,4
LINK,long,2023-04-30 13:00:00+00:00,2023-04-30 14:00:00+00:00,2023-04-30 18:00:00+00:00,7.21,7.229,0.0026352288488211695,0.0013253022296548789,0.0013099266191662906,6.536688716426203,4
AVAX,long,2023-04-30 16:00:00+00:00,2023-04-30 17:00:00+00:00,2023-04-30 21:00:00+00:00,17.69,17.2,-0.027699265121537753,-0.0291975400645893,0.0014982749430515474,7.710732744665526,4
BNB,short,2023-04-30 23:00:00+00:00,2023-05-01 00:00:00+00:00,2023-05-01 04:00:00+00:00,336.46,333.91,0.007636788356143676,0.006336582864211682,0.0013002054919319939,6.455921962584254,4
DOT,short,2023-04-30 23:00:00+00:00,2023-05-01 00:00:00+00:00,2023-05-01 04:00:00+00:00,5.875,5.837,0.006510193592599078,0.0046907255871428966,0.0018194680054561818,9.046674492363598,4
ETH,short,2023-04-30 23:00:00+00:00,2023-05-01 00:00:00+00:00,2023-05-01 04:00:00+00:00,1870.13,1846.74,0.012665562017392773,0.011644920044347806,0.0010206419730449667,5.041924062981029,4
LINK,short,2023-04-30 23:00:00+00:00,2023-05-01 00:00:00+00:00,2023-05-01 04:00:00+00:00,7.024,7.008,0.0022831050228311334,0.0009736384477163629,0.0013094665751147705,6.536688716426203,4
SOL,short,2023-04-30 23:00:00+00:00,2023-05-01 00:00:00+00:00,2023-05-01 04:00:00+00:00,22.744,22.193,0.024827648357590215,0.023598403071507068,0.001229245286083147,6.000925858297193,4
XRP,short,2023-04-30 23:00:00+00:00,2023-05-01 00:00:00+00:00,2023-05-01 04:00:00+00:00,0.47056,0.46477,0.012457774813348532,0.011295581283262912,0.00116219353008562,5.742762706652812,4
DOT,long,2023-05-01 08:00:00+00:00,2023-05-01 09:00:00+00:00,2023-05-01 13:00:00+00:00,5.841,5.815,-0.004451292586885813,-0.006250945518910145,0.0017996529320243315,9.046674492363598,4
ETH,short,2023-05-01 16:00:00+00:00,2023-05-01 17:00:00+00:00,2023-05-01 21:00:00+00:00,1840.15,1807.85,0.01786652653704679,0.016840642633310976,0.0010258839037358136,5.041924062981029,4
DOT,short,2023-05-01 19:00:00+00:00,2023-05-01 20:00:00+00:00,2023-05-02 00:00:00+00:00,5.62,5.668,-0.008468595624558928,-0.010260986479764034,0.001792390855205106,9.046674492363598,4
AVAX,short,2023-05-02 19:00:00+00:00,2023-05-02 20:00:00+00:00,2023-05-03 00:00:00+00:00,16.9,16.84,0.0035629453681709222,0.0020164966606031065,0.0015464487075678157,7.710732744665526,4
XRP,long,2023-05-02 23:00:00+00:00,2023-05-03 00:00:00+00:00,2023-05-03 04:00:00+00:00,0.4643,0.46198,-0.004996769330174455,-0.006138926905399633,0.0011421575752251778,5.742762706652812,4
LINK,short,2023-05-03 08:00:00+00:00,2023-05-03 09:00:00+00:00,2023-05-03 13:00:00+00:00,6.974,6.835,0.02033650329188008,0.01900345024555561,0.0013330530463244727,6.536688716426203,4
BNB,short,2023-05-03 16:00:00+00:00,2023-05-03 17:00:00+00:00,2023-05-03 21:00:00+00:00,323.32,323.87,-0.0016982122456541404,-0.0029863723069410986,0.0012881600612869581,6.455921962584254,4
ADA,short,2023-05-04 15:00:00+00:00,2023-05-04 16:00:00+00:00,2023-05-04 20:00:00+00:00,0.38897,0.38742,0.00400082597697593,0.0019970797526074335,0.0020037462243684967,9.988775255673833,4
AVAX,long,2023-05-04 19:00:00+00:00,2023-05-04 20:00:00+00:00,2023-05-05 00:00:00+00:00,16.91,16.92,0.0005913660555885158,-0.0009505035720038801,0.001541869627592396,7.710732744665526,4
DOT,long,2023-05-04 21:00:00+00:00,2023-05-04 22:00:00+00:00,2023-05-05 02:00:00+00:00,5.637,5.751,0.020223523150612266,0.01837926556573799,0.001844257584874276,9.046674492363598,4
BNB,long,2023-05-05 01:00:00+00:00,2023-05-05 02:00:00+00:00,2023-05-05 06:00:00+00:00,325.69,324.96,-0.00224139519174682,-0.003528854356184996,0.001287459164438176,6.455921962584254,4
ADA,long,2023-05-05 07:00:00+00:00,2023-05-05 08:00:00+00:00,2023-05-05 12:00:00+00:00,0.38882,0.38913,0.0007972840903245348,-0.0012000686283875073,0.001997352718712042,9.988775255673833,4
ETH,short,2023-05-05 11:00:00+00:00,2023-05-05 12:00:00+00:00,2023-05-05 16:00:00+00:00,1911.69,1953.21,-0.021257314881656386,-0.02224376677921336,0.0009864518975569725,5.041924062981029,4
ADA,long,2023-05-05 19:00:00+00:00,2023-05-05 20:00:00+00:00,2023-05-06 00:00:00+00:00,0.39408,0.39406,-5.0751116524527795e-05,-0.0020464113591948108,0.001995660242670283,9.988775255673833,4
ETH,long,2023-05-05 19:00:00+00:00,2023-05-05 20:00:00+00:00,2023-05-06 00:00:00+00:00,1991.5,1993.07,0.0007883504895807025,-0.00022032071931210595,0.0010086712088928085,5.041924062981029,4
DOT,long,2023-05-05 20:00:00+00:00,2023-05-05 21:00:00+00:00,2023-05-06 01:00:00+00:00,5.857,5.869,0.0020488304592793938,0.0002374272578695713,0.0018114032014098225,9.046674492363598,4
AVAX,short,2023-05-06 00:00:00+00:00,2023-05-06 01:00:00+00:00,2023-05-06 05:00:00+00:00,17.4,17.18,0.012805587892898762,0.011244896658090253,0.001560691234808509,7.710732744665526,4
BNB,short,2023-05-06 03:00:00+00:00,2023-05-06 04:00:00+00:00,2023-05-06 08:00:00+00:00,325.52,324.92,0.0018466083959127744,0.0005538742705191169,0.0012927341253936575,6.455921962584254,4
BNB,long,2023-05-08 09:00:00+00:00,2023-05-08 10:00:00+00:00,2023-05-08 14:00:00+00:00,316.6,316.49,-0.0003474415666456787,-0.001637344596704171,0.0012899030300584924,6.455921962584254,4
AVAX,long,2023-05-08 17:00:00+00:00,2023-05-08 18:00:00+00:00,2023-05-08 22:00:00+00:00,15.21,15.3,0.00591715976331364,0.004367083309398945,0.001550076453914695,7.710732744665526,4
DOT,long,2023-05-08 17:00:00+00:00,2023-05-08 18:00:00+00:00,2023-05-08 22:00:00+00:00,5.27,5.318,0.009108159392789306,0.007283995045773262,0.001824164347016044,9.046674492363598,4
ETH,long,2023-05-08 17:00:00+00:00,2023-05-08 18:00:00+00:00,2023-05-08 22:00:00+00:00,1824.81,1840.82,0.008773516146886484,0.007756796875990624,0.0010167192708958606,5.041924062981029,4
LINK,long,2023-05-08 17:00:00+00:00,2023-05-08 18:00:00+00:00,2023-05-08 22:00:00+00:00,6.511,6.576,0.009983105513745816,0.00866357901322612,0.0013195265005196966,6.536688716426203,4
XRP,long,2023-05-08 20:00:00+00:00,2023-05-08 21:00:00+00:00,2023-05-09 01:00:00+00:00,0.42258,0.42602,0.008140470443466219,0.0069832327182852705,0.0011572377251809485,5.742762706652812,4
ADA,long,2023-05-08 22:00:00+00:00,2023-05-08 23:00:00+00:00,2023-05-09 03:00:00+00:00,0.36373,0.36676,0.008330354933604456,0.006317968001902319,0.002012386931702137,9.988775255673833,4
LINK,short,2023-05-09 02:00:00+00:00,2023-05-09 03:00:00+00:00,2023-05-09 07:00:00+00:00,6.572,6.532,0.006123698714023185,0.004809214465716138,0.0013144842483070462,6.536688716426203,4
XRP,long,2023-05-09 09:00:00+00:00,2023-05-09 10:00:00+00:00,2023-05-09 14:00:00+00:00,0.42347,0.42502,0.0036602356719483975,0.002508140778393786,0.0011520948935546116,5.742762706652812,4
ETH,short,2023-05-09 16:00:00+00:00,2023-05-09 17:00:00+00:00,2023-05-09 21:00:00+00:00,1853.81,1848.62,0.0028074996483864467,0.0017967933862057528,0.001010706262180694,5.041924062981029,4
XRP,short,2023-05-10 01:00:00+00:00,2023-05-10 02:00:00+00:00,2023-05-10 06:00:00+00:00,0.43263,0.43105,0.0036654680431504882,0.002513367143391898,0.0011521008997585902,5.742762706652812,4
SOL,long,2023-05-10 06:00:00+00:00,2023-05-10 07:00:00+00:00,2023-05-10 11:00:00+00:00,20.633,20.678,0.002180972228953637,0.000978890846889957,0.00120208138206368,6.000925858297193,4
XRP,short,2023-05-10 12:00:00+00:00,2023-05-10 13:00:00+00:00,2023-05-10 17:00:00+00:00,0.43149,0.42934,0.005007686216052409,0.0038540445930013156,0.0011536416230510937,5.742762706652812,4
LINK,short,2023-05-11 00:00:00+00:00,2023-05-11 01:00:00+00:00,2023-05-11 05:00:00+00:00,6.535,6.533,0.00030613806826873535,-0.0010007456316741825,0.0013068836999429179,6.536688716426203,4
AVAX,long,2023-05-11 07:00:00+00:00,2023-05-11 08:00:00+00:00,2023-05-11 12:00:00+00:00,15.35,15.31,-0.002605863192182367,-0.0041428060226458285,0.0015369428304634614,7.710732744665526,4
XRP,long,2023-05-11 19:00:00+00:00,2023-05-11 20:00:00+00:00,2023-05-12 00:00:00+00:00,0.41608,0.4206,0.010863295520092242,0.009702932282157795,0.0011603632379344475,5.742762706652812,4
DOT,long,2023-05-12 01:00:00+00:00,2023-05-12 02:00:00+00:00,2023-05-12 06:00:00+00:00,5.243,5.18,-0.012016021361815898,-0.013801999537177534,0.0017859781753616355,9.046674492363598,4
XRP,long,2023-05-12 06:00:00+00:00,2023-05-12 07:00:00+00:00,2023-05-12 11:00:00+00:00,0.42793,0.42929,0.00317808987451218,0.002026548432904285,0.001151541441607895,5.742762706652812,4
ETH,long,2023-05-12 09:00:00+00:00,2023-05-12 10:00:00+00:00,2023-05-12 14:00:00+00:00,1765.87,1773.63,0.00439443447139376,0.003382128774662041,0.001012305696731719,5.041924062981029,4
SOL,short,2023-05-12 23:00:00+00:00,2023-05-13 00:00:00+00:00,2023-05-13 04:00:00+00:00,20.904,21.154,-0.011818095868393663,-0.013003385852902949,0.0011852899845092857,6.000925858297193,4
LINK,long,2023-05-13 07:00:00+00:00,2023-05-13 08:00:00+00:00,2023-05-13 12:00:00+00:00,6.603,6.552,-0.007723761926397121,-0.009020154692599092,0.0012963927662019703,6.536688716426203,4
DOT,short,2023-05-13 08:00:00+00:00,2023-05-13 09:00:00+00:00,2023-05-13 13:00:00+00:00,5.37,5.364,0.0011185682326622093,-0.0006911533341564802,0.0018097215668186895,9.046674492363598,4
AVAX,long,2023-05-13 11:00:00+00:00,2023-05-13 12:00:00+00:00,2023-05-13 16:00:00+00:00,15.1,14.95,-0.009933774834437137,-0.011459425658215006,0.0015256508237778688,7.710732744665526,4
DOT,long,2023-05-13 16:00:00+00:00,2023-05-13 17:00:00+00:00,2023-05-13 21:00:00+00:00,5.334,5.344,0.0018747656542932312,6.36771097499711e-05,0.00181108854454326,9.046674492363598,4
AVAX,long,2023-05-14 10:00:00+00:00,2023-05-14 11:00:00+00:00,2023-05-14 15:00:00+00:00,14.97,15.04,0.004676018704074636,0.003127854796847851,0.001548163907226785,7.710732744665526,4
ETH,long,2023-05-14 13:00:00+00:00,2023-05-14 14:00:00+00:00,2023-05-14 18:00:00+00:00,1810.43,1806.01,-0.002441408947045809,-0.0034468249568210263,0.0010054160097752174,5.041924062981029,4
DOT,long,2023-05-14 16:00:00+00:00,2023-05-14 17:00:00+00:00,2023-05-14 21:00:00+00:00,5.377,5.347,-0.005579319323042453,-0.00737693312166432,0.0017976137986218665,9.046674492363598,4
XRP,short,2023-05-15 03:00:00+00:00,2023-05-15 04:00:00+00:00,2023-05-15 08:00:00+00:00,0.4278,0.42548,0.005452665225157416,0.0042985128136681094,0.0011541524114893065,5.742762706652812,4
AVAX,long,2023-05-15 05:00:00+00:00,2023-05-15 06:00:00+00:00,2023-05-15 10:00:00+00:00,15.15,15.33,0.011881188118811892,0.010321921345560758,0.0015592667732511334,7.710732744665526,4
XRP,short,2023-05-17 00:00:00+00:00,2023-05-17 01:00:00+00:00,2023-05-17 05:00:00+00:00,0.44652,0.458,-0.025065502183406196,-0.026184622993978834,0.001119120810572638,5.742762706652812,4
AVAX,long,2023-05-17 07:00:00+00:00,2023-05-17 08:00:00+00:00,2023-05-17 12:00:00+00:00,14.82,14.73,-0.006072874493927127,-0.007604474804350669,0.001531600310423542,7.710732744665526,4
XRP,short,2023-05-18 03:00:00+00:00,2023-05-18 04:00:00+00:00,2023-05-18 08:00:00+00:00,0.44774,0.44806,-0.0007141900638306664,-0.0018612635832456759,0.0011470735194150095,5.742762706652812,4
BNB,short,2023-05-18 05:00:00+00:00,2023-05-18 06:00:00+00:00,2023-05-18 10:00:00+00:00,313.51,312.9,0.0019495046340685107,0.000656637736375032,0.0012928668976934787,6.455921962584254,4
AVAX,short,2023-05-18 23:00:00+00:00,2023-05-19 00:00:00+00:00,2023-05-19 04:00:00+00:00,14.67,14.66,0.0006821282401090478,-0.0008598812482299989,0.0015420094883390467,7.710732744665526,4
AVAX,short,2023-05-19 10:00:00+00:00,2023-05-19 11:00:00+00:00,2023-05-19 15:00:00+00:00,14.7,14.64,0.004098360655737654,0.0025510868955078703,0.0015472737602297837,7.710732744665526,4
LINK,short,2023-05-19 11:00:00+00:00,2023-05-19 12:00:00+00:00,2023-05-19 16:00:00+00:00,6.508,6.511,-0.0004607587160190274,-0.0017666404777865186,0.0013058817617674912,6.536688716426203,4
AVAX,short,2023-05-19 19:00:00+00:00,2023-05-19 20:00:00+00:00,2023-05-20 00:00:00+00:00,14.69,14.66,0.0020463847203273655,0.0005022729695638439,0.0015441117507635216,7.710732744665526,4
AVAX,long,2023-05-20 11:00:00+00:00,2023-05-20 12:00:00+00:00,2023-05-20 16:00:00+00:00,14.59,14.64,0.0034270047978066653,0.001880765568996745,0.0015462392288099203,7.710732744665526,4
XRP,long,2023-05-21 15:00:00+00:00,2023-05-21 16:00:00+00:00,2023-05-21 20:00:00+00:00,0.45957,0.4587,-0.0018930739604412494,-0.003038794246890242,0.0011457202864489924,5.742762706652812,4
AVAX,short,2023-05-22 04:00:00+00:00,2023-05-22 05:00:00+00:00,2023-05-22 09:00:00+00:00,14.3,14.4,-0.00694444444444442,-0.008474701701869036,0.0015302572574246165,7.710732744665526,4
BNB,long,2023-05-22 15:00:00+00:00,2023-05-22 16:00:00+00:00,2023-05-22 20:00:00+00:00,309.61,310.15,0.0017441297115725618,0.0004515278196877137,0.001292601891884848,6.455921962584254,4
DOT,short,2023-05-22 16:00:00+00:00,2023-05-22 17:00:00+00:00,2023-05-22 21:00:00+00:00,5.301,5.315,-0.0026340545625588296,-0.004436992514908589,0.001802937952349759,9.046674492363598,4
SOL,short,2023-05-22 16:00:00+00:00,2023-05-22 17:00:00+00:00,2023-05-22 21:00:00+00:00,19.689,19.657,0.0016279188075494222,0.0004265007939188159,0.0012014180136306063,6.000925858297193,4
LINK,long,2023-05-24 11:00:00+00:00,2023-05-24 12:00:00+00:00,2023-05-24 16:00:00+00:00,6.342,6.271,-0.011195206559444948,-0.012487063939695009,0.001291857380250061,6.536688716426203,4
AVAX,long,2023-05-24 14:00:00+00:00,2023-05-24 15:00:00+00:00,2023-05-24 19:00:00+00:00,14.07,14.08,0.000710732054015617,-0.000831321511609584,0.001542053565625201,7.710732744665526,4
SOL,short,2023-05-24 20:00:00+00:00,2023-05-24 21:00:00+00:00,2023-05-25 01:00:00+00:00,19.302,19.044,0.013547574039067367,0.012331858811628793,0.001215715227438574,6.000925858297193,4
DOT,short,2023-05-25 08:00:00+00:00,2023-05-25 09:00:00+00:00,2023-05-25 13:00:00+00:00,5.258,5.277,-0.003600530604510155,-0.005401721458571651,0.0018011908540614963,9.046674492363598,4
BNB,long,2023-05-25 16:00:00+00:00,2023-05-25 17:00:00+00:00,2023-05-25 21:00:00+00:00,303.84,305.07,0.004048183254344417,0.002752608323856265,0.0012955749304881525,6.455921962584254,4
LINK,long,2023-05-26 04:00:00+00:00,2023-05-26 05:00:00+00:00,2023-05-26 09:00:00+00:00,6.29,6.302,0.001907790143084176,0.0005988139107555579,0.001308976232328618,6.536688716426203,4
XRP,short,2023-05-26 05:00:00+00:00,2023-05-26 06:00:00+00:00,2023-05-26 10:00:00+00:00,0.4616,0.46458,-0.0064143957983554545,-0.007554926089608616,0.0011405302912531612,5.742762706652812,4
LINK,short,2023-05-27 08:00:00+00:00,2023-05-27 09:00:00+00:00,2023-05-27 13:00:00+00:00,6.341,6.369,-0.004396294551734847,-0.005697034599942308,0.0013007400482074605,6.536688716426203,4
AVAX,long,2023-05-28 08:00:00+00:00,2023-05-28 09:00:00+00:00,2023-05-28 13:00:00+00:00,14.55,14.51,-0.0027491408934708916,-0.004285862938962937,0.001536722045492045,7.710732744665526,4
BNB,long,2023-05-28 08:00:00+00:00,2023-05-28 09:00:00+00:00,2023-05-28 13:00:00+00:00,307.64,307.56,-0.00026004420751524204,-0.0015500600108743212,0.0012900158033590792,6.455921962584254,4
AVAX,short,2023-05-29 00:00:00+00:00,2023-05-29 01:00:00+00:00,2023-05-29 05:00:00+00:00,14.89,14.73,0.010862186014935604,0.009304489481492206,0.0015576965334433979,7.710732744665526,4
AVAX,short,2023-05-29 07:00:00+00:00,2023-05-29 08:00:00+00:00,2023-05-29 12:00:00+00:00,14.71,14.69,0.001361470388019148,-0.00018158593828010439,0.0015430563262992525,7.710732744665526,4
SOL,short,2023-05-29 11:00:00+00:00,2023-05-29 12:00:00+00:00,2023-05-29 16:00:00+00:00,20.751,20.483,0.013084020895376636,0.011868861683886234,0.001215159211490402,6.000925858297193,4
AVAX,short,2023-05-29 16:00:00+00:00,2023-05-29 17:00:00+00:00,2023-05-29 21:00:00+00:00,14.41,14.46,-0.003457814661134262,-0.004993444669861624,0.0015356300087273622,7.710732744665526,4
ETH,long,2023-05-30 11:00:00+00:00,2023-05-30 12:00:00+00:00,2023-05-30 16:00:00+00:00,1915.32,1900.6,-0.007685399828749273,-0.008685530542568043,0.0010001307138187698,5.041924062981029,4
XRP,short,2023-05-30 15:00:00+00:00,2023-05-30 16:00:00+00:00,2023-05-30 20:00:00+00:00,0.50455,0.52014,-0.029972699657784374,-0.031086187529090425,0.0011134878713060514,5.742762706652812,4
ETH,long,2023-05-30 19:00:00+00:00,2023-05-30 20:00:00+00:00,2023-05-31 00:00:00+00:00,1907.49,1901.23,-0.003281799642462113,-0.004286368642079652,0.0010045689996175389,5.041924062981029,4
AVAX,long,2023-05-31 03:00:00+00:00,2023-05-31 04:00:00+00:00,2023-05-31 08:00:00+00:00,14.32,14.13,-0.013268156424581012,-0.014788669105181729,0.0015205126806007163,7.710732744665526,4
LINK,short,2023-05-31 04:00:00+00:00,2023-05-31 05:00:00+00:00,2023-05-31 09:00:00+00:00,6.476,6.501,-0.0038455622211968077,-0.0051470217922366945,0.0013014595710398869,6.536688716426203,4
XRP,long,2023-05-31 04:00:00+00:00,2023-05-31 05:00:00+00:00,2023-05-31 09:00:00+00:00,0.51826,0.50289,-0.029656928954578943,-0.03077077929697014,0.0011138503423911983,5.742762706652812,4
BNB,short,2023-05-31 13:00:00+00:00,2023-05-31 14:00:00+00:00,2023-05-31 18:00:00+00:00,306.57,306.54,9.78665100801468e-05,-0.0011926111238571568,0.0012904776339373036,6.455921962584254,4
LINK,short,2023-05-31 14:00:00+00:00,2023-05-31 15:00:00+00:00,2023-05-31 19:00:00+00:00,6.465,6.453,0.0018596001859598754,0.0005506869130265102,0.0013089132729333652,6.536688716426203,4
SOL,long,2023-05-31 19:00:00+00:00,2023-05-31 20:00:00+00:00,2023-06-01 00:00:00+00:00,20.64,20.813,0.008381782945736438,0.0071722639058815485,0.0012095190398548894,6.000925858297193,4
DOT,short,2023-06-01 06:00:00+00:00,2023-06-01 07:00:00+00:00,2023-06-01 11:00:00+00:00,5.224,5.225,-0.00019138755980852018,-0.0019987411201547456,0.0018073535603462254,9.046674492363598,4
LINK,long,2023-06-01 15:00:00+00:00,2023-06-01 16:00:00+00:00,2023-06-01 20:00:00+00:00,6.409,6.385,-0.003744733967857683,-0.005046325269370655,0.001301591301512972,6.536688716426203,4
ADA,short,2023-06-02 13:00:00+00:00,2023-06-02 14:00:00+00:00,2023-06-02 18:00:00+00:00,0.37305,0.37542,-0.0063129295189386925,-0.008296091946860762,0.0019831624279220694,9.988775255673833,4
ETH,long,2023-06-02 13:00:00+00:00,2023-06-02 14:00:00+00:00,2023-06-02 18:00:00+00:00,1879.52,1893.07,0.007209287477653925,0.006194144756306974,0.001015142721346951,5.041924062981029,4
DOT,long,2023-06-02 18:00:00+00:00,2023-06-02 19:00:00+00:00,2023-06-02 23:00:00+00:00,5.243,5.286,0.008201411405683645,0.0063788861865790025,0.0018225252191046426,9.046674492363598,4
XRP,short,2023-06-03 05:00:00+00:00,2023-06-03 06:00:00+00:00,2023-06-03 10:00:00+00:00,0.52583,0.52315,0.0051228137245531435,0.003969039947402608,0.0011537737771505352,5.742762706652812,4
DOT,short,2023-06-03 06:00:00+00:00,2023-06-03 07:00:00+00:00,2023-06-03 11:00:00+00:00,5.267,5.296,-0.005475830815709903,-0.007273631690457916,0.0017978008747480123,9.046674492363598,4
LINK,long,2023-06-03 12:00:00+00:00,2023-06-03 13:00:00+00:00,2023-06-03 17:00:00+00:00,6.439,6.425,-0.0021742506600404,-0.003477893772452112,0.001303643112411712,6.536688716426203,4
XRP,short,2023-06-03 15:00:00+00:00,2023-06-03 16:00:00+00:00,2023-06-03 20:00:00+00:00,0.52147,0.52015,0.0025377295011055345,0.0013869231249010738,0.0011508063762044607,5.742762706652812,4
ADA,long,2023-06-03 18:00:00+00:00,2023-06-03 19:00:00+00:00,2023-06-03 23:00:00+00:00,0.37466,0.37552,0.002295414509154936,0.0002950718793865992,0.002000342629768337,9.988775255673833,4
AVAX,short,2023-06-05 13:00:00+00:00,2023-06-05 14:00:00+00:00,2023-06-05 18:00:00+00:00,14.81,13.9,0.06546762589928057,0.0638257846569028,0.0016418412423777617,7.710732744665526,4
ADA,short,2023-06-05 15:00:00+00:00,2023-06-05 16:00:00+00:00,2023-06-05 20:00:00+00:00,0.35629,0.35046,0.016635279347143817,0.014606317766789223,0.0020289615803545935,9.988775255673833,4
DOT,long,2023-06-05 15:00:00+00:00,2023-06-05 16:00:00+00:00,2023-06-05 20:00:00+00:00,5.018,5.049,0.0061777600637704655,0.0043588929982487645,0.001818867065521701,9.046674492363598,4
ETH,long,2023-06-05 15:00:00+00:00,2023-06-05 16:00:00+00:00,2023-06-05 20:00:00+00:00,1820.21,1806.66,-0.007444195999362635,-0.008444569816888903,0.0010003738175262678,5.041924062981029,4
LINK,short,2023-06-05 15:00:00+00:00,2023-06-05 16:00:00+00:00,2023-06-05 20:00:00+00:00,6.089,6.051,0.006279953726656684,0.004965265333716884,0.0013146883929398001,6.536688716426203,4
SOL,short,2023-06-05 15:00:00+00:00,2023-06-05 16:00:00+00:00,2023-06-05 20:00:00+00:00,19.919,20.026,-0.005343054029761318,-0.006536110602799017,0.0011930565730376985,6.000925858297193,4
XRP,long,2023-06-05 16:00:00+00:00,2023-06-05 17:00:00+00:00,2023-06-05 21:00:00+00:00,0.50479,0.50628,0.0029517224984647594,0.0018004409024587886,0.0011512815960059708,5.742762706652812,4
BNB,long,2023-06-05 17:00:00+00:00,2023-06-05 18:00:00+00:00,2023-06-05 22:00:00+00:00,278.1,274.61,-0.012549442646530018,-0.013823600808000935,0.0012741581614709174,6.455921962584254,4
DOT,long,2023-06-06 04:00:00+00:00,2023-06-06 05:00:00+00:00,2023-06-06 09:00:00+00:00,5.092,5.067,-0.004909662215239474,-0.006708486552701509,0.001798824337462035,9.046674492363598,4
BNB,long,2023-06-06 07:00:00+00:00,2023-06-06 08:00:00+00:00,2023-06-06 12:00:00+00:00,277.34,278.0,0.002379750486767307,0.0010863284207560664,0.0012934220660112405,6.455921962584254,4
LINK,short,2023-06-06 10:00:00+00:00,2023-06-06 11:00:00+00:00,2023-06-06 15:00:00+00:00,6.115,6.226,-0.017828461291358733,-0.01911165243218782,0.0012831911408290875,6.536688716426203,4
DOT,short,2023-06-06 12:00:00+00:00,2023-06-06 13:00:00+00:00,2023-06-06 17:00:00+00:00,5.017,5.122,-0.020499804763764118,-0.022270446807844402,0.001770642044080284,9.046674492363598,4
AVAX,long,2023-06-06 16:00:00+00:00,2023-06-06 17:00:00+00:00,2023-06-06 21:00:00+00:00,14.27,14.57,0.021023125437981793,0.01944977132001835,0.0015733541179634436,7.710732744665526,4
ADA,short,2023-06-06 18:00:00+00:00,2023-06-06 19:00:00+00:00,2023-06-06 23:00:00+00:00,0.35352,0.35355,-8.485362749255376e-05,-0.0020804458096833622,0.0019955921821908085,9.988775255673833,4
DOT,short,2023-06-06 19:00:00+00:00,2023-06-06 20:00:00+00:00,2023-06-07 00:00:00+00:00,5.248,5.204,0.008455034588777943,0.0066320508951640544,0.0018229836936138888,9.046674492363598,4
ETH,long,2023-06-07 00:00:00+00:00,2023-06-07 01:00:00+00:00,2023-06-07 05:00:00+00:00,1885.37,1879.5,-0.003113447227864996,-0.004118185905949923,0.0010047386780849266,5.041924062981029,4
AVAX,long,2023-06-07 03:00:00+00:00,2023-06-07 04:00:00+00:00,2023-06-07 08:00:00+00:00,14.6,14.54,-0.004109589041095929,-0.005644214692645533,0.0015346256515496037,7.710732744665526,4
XRP,long,2023-06-07 09:00:00+00:00,2023-06-07 10:00:00+00:00,2023-06-07 14:00:00+00:00,0.52308,0.53063,0.014433738625067027,0.013269276899294802,0.0011644617257722256,5.742762706652812,4
BNB,long,2023-06-07 14:00:00+00:00,2023-06-07 15:00:00+00:00,2023-06-07 19:00:00+00:00,256.37,260.4,0.01571946795646917,0.014408832967989005,0.0013106349884801638,6.455921962584254,4
DOT,long,2023-06-07 14:00:00+00:00,2023-06-07 15:00:00+00:00,2023-06-07 19:00:00+00:00,5.038,5.036,-0.0003969829297341132,-0.0022039648354265085,0.0018069819056923953,9.046674492363598,4
ETH,short,2023-06-07 22:00:00+00:00,2023-06-07 23:00:00+00:00,2023-06-08 03:00:00+00:00,1830.37,1837.35,-0.0037989495741148627,-0.004802997350392357,0.0010040477762774946,5.041924062981029,4
DOT,long,2023-06-08 00:00:00+00:00,2023-06-08 01:00:00+00:00,2023-06-08 05:00:00+00:00,5.038,5.015,-0.004565303691941414,-0.0063647505261446025,0.0017994468342031888,9.046674492363598,4
LINK,long,2023-06-08 03:00:00+00:00,2023-06-08 04:00:00+00:00,2023-06-08 08:00:00+00:00,5.911,5.971,0.010150566739976385,0.0088308214540882,0.0013197452858881853,6.536688716426203,4
SOL,short,2023-06-08 07:00:00+00:00,2023-06-08 08:00:00+00:00,2023-06-08 12:00:00+00:00,18.642,18.776,-0.0071367703451215014,-0.008327675417534763,0.001190905072413262,6.000925858297193,4
AVAX,long,2023-06-08 10:00:00+00:00,2023-06-08 11:00:00+00:00,2023-06-08 15:00:00+00:00,13.92,14.02,0.007183908045977017,0.005631879585709765,0.0015520284602672518,7.710732744665526,4
BNB,long,2023-06-08 17:00:00+00:00,2023-06-08 18:00:00+00:00,2023-06-08 22:00:00+00:00,262.99,263.02,0.00011407277843256125,-0.0011764257672851608,0.001290498545717722,6.455921962584254,4
XRP,short,2023-06-09 02:00:00+00:00,2023-06-09 03:00:00+00:00,2023-06-09 07:00:00+00:00,0.52407,0.52225,0.0034849210148397702,0.0023330273638113574,0.0011518936510284128,5.742762706652812,4
BNB,long,2023-06-09 11:00:00+00:00,2023-06-09 12:00:00+00:00,2023-06-09 16:00:00+00:00,260.65,261.1,0.0017264530980243276,0.00043387401518191204,0.0012925790828424155,6.455921962584254,4
DOT,long,2023-06-09 12:00:00+00:00,2023-06-09 13:00:00+00:00,2023-06-09 17:00:00+00:00,5.065,5.029,-0.0071076011846002984,-0.00890245230881681,0.0017948511242165122,9.046674492363598,4
ADA,short,2023-06-09 19:00:00+00:00,2023-06-09 20:00:00+00:00,2023-06-10 00:00:00+00:00,0.29954,0.29503,0.015286581025658164,0.013260311125528945,0.0020262699001292184,9.988775255673833,4
AVAX,long,2023-06-09 19:00:00+00:00,2023-06-09 20:00:00+00:00,2023-06-10 00:00:00+00:00,13.78,13.76,-0.0014513788098693414,-0.0029901006526897866,0.0015387218428204452,7.710732744665526,4
DOT,short,2023-06-09 19:00:00+00:00,2023-06-09 20:00:00+00:00,2023-06-10 00:00:00+00:00,4.938,4.983,-0.009030704394942801,-0.010822079126386996,0.0017913747314441952,9.046674492363598,4
SOL,long,2023-06-09 20:00:00+00:00,2023-06-09 21:00:00+00:00,2023-06-10 01:00:00+00:00,17.668,16.937,-0.041374235906723955,-0.042524074324450045,0.00114983841772609,6.000925858297193,4
ADA,long,2023-06-10 02:00:00+00:00,2023-06-10 03:00:00+00:00,2023-06-10 07:00:00+00:00,0.28386,0.23856,-0.1595857112661171,-0.1612629777726633,0.0016772665065462045,9.988775255673833,4
DOT,short,2023-06-10 03:00:00+00:00,2023-06-10 04:00:00+00:00,2023-06-10 08:00:00+00:00,4.814,4.337,0.10998385981092929,0.10797734250752278,0.0020065173034065076,9.046674492363598,4
SOL,short,2023-06-10 03:00:00+00:00,2023-06-10 04:00:00+00:00,2023-06-10 08:00:00+00:00,16.29,14.401,0.13117144642733147,0.12981464543693955,0.0013568009903919265,6.000925858297193,4
BNB,short,2023-06-10 04:00:00+00:00,2023-06-10 05:00:00+00:00,2023-06-10 09:00:00+00:00,237.66,239.17,-0.006313500857130894,-0.007595705574519274,0.00128220471738838,6.455921962584254,4
LINK,long,2023-06-10 05:00:00+00:00,2023-06-10 06:00:00+00:00,2023-06-10 10:00:00+00:00,5.057,5.067,0.001977456990310378,0.0006683897393788829,0.001309067250931495,6.536688716426203,4
XRP,long,2023-06-10 09:00:00+00:00,2023-06-10 10:00:00+00:00,2023-06-10 14:00:00+00:00,0.49,0.49039,0.0007959183673469372,-0.00035288859546889206,0.0011488069628158293,5.742762706652812,4
DOT,long,2023-06-10 10:00:00+00:00,2023-06-10 11:00:00+00:00,2023-06-10 15:00:00+00:00,4.464,4.451,-0.0029121863799285164,-0.0047146215535222025,0.001802435173593686,9.046674492363598,4
ADA,short,2023-06-10 14:00:00+00:00,2023-06-10 15:00:00+00:00,2023-06-10 19:00:00+00:00,0.25573,0.2598,-0.01566589684372577,-0.017630392979271603,0.0019644961355458346,9.988775255673833,4
DOT,short,2023-06-10 17:00:00+00:00,2023-06-10 18:00:00+00:00,2023-06-10 22:00:00+00:00,4.496,4.522,-0.005749668288367982,-0.0075469741472449225,0.0017973058588769408,9.046674492363598,4
ETH,short,2023-06-10 17:00:00+00:00,2023-06-10 18:00:00+00:00,2023-06-10 22:00:00+00:00,1760.38,1745.15,0.008727043520614375,0.007710371088393231,0.001016672432221144,5.041924062981029,4
SOL,short,2023-06-10 17:00:00+00:00,2023-06-10 18:00:00+00:00,2023-06-10 22:00:00+00:00,15.523,15.533,-0.0006437906392841031,-0.0018424838160766566,0.0011986931767925535,6.000925858297193,4
AVAX,short,2023-06-10 18:00:00+00:00,2023-06-10 19:00:00+00:00,2023-06-10 23:00:00+00:00,11.5,11.65,-0.012875536480686733,-0.014396654172271317,0.0015211176915845837,7.710732744665526,4
BNB,long,2023-06-10 18:00:00+00:00,2023-06-10 19:00:00+00:00,2023-06-10 23:00:00+00:00,236.37,239.19,0.01193044802639931,0.010624702204907521,0.0013057458214917883,6.455921962584254,4
LINK,long,2023-06-11 01:00:00+00:00,2023-06-11 02:00:00+00:00,2023-06-11 06:00:00+00:00,5.201,5.204,0.0005768121515092872,-0.0007304251797209949,0.001307237331230282,6.536688716426203,4
DOT,short,2023-06-11 02:00:00+00:00,2023-06-11 03:00:00+00:00,2023-06-11 07:00:00+00:00,4.491,4.458,0.007402422611036297,0.005581341723601474,0.0018210808874348228,9.046674492363598,4
ADA,long,2023-06-11 09:00:00+00:00,2023-06-11 10:00:00+00:00,2023-06-11 14:00:00+00:00,0.26229,0.26487,0.009836440581036054,0.007821047861538144,0.0020153927194979104,9.988775255673833,4
BNB,long,2023-06-11 13:00:00+00:00,2023-06-11 14:00:00+00:00,2023-06-11 18:00:00+00:00,233.88,236.23,0.010047887805712197,0.008744571148346258,0.0013033166573659383,6.455921962584254,4
LINK,short,2023-06-11 15:00:00+00:00,2023-06-11 16:00:00+00:00,2023-06-11 20:00:00+00:00,5.098,5.196,-0.01886066204772896,-0.020142504635058067,0.0012818425873291073,6.536688716426203,4
SOL,short,2023-06-11 17:00:00+00:00,2023-06-11 18:00:00+00:00,2023-06-11 22:00:00+00:00,15.472,15.746,-0.01740124476057414,-0.018579837951268274,0.0011785931906941327,6.000925858297193,4
ADA,short,2023-06-11 22:00:00+00:00,2023-06-11 23:00:00+00:00,2023-06-12 03:00:00+00:00,0.27222,0.26721,0.018749298304704176,0.016716117646640827,0.0020331806580633494,9.988775255673833,4
LINK,short,2023-06-11 23:00:00+00:00,2023-06-12 00:00:00+00:00,2023-06-12 04:00:00+00:00,5.173,5.066,0.02112120015791552,0.01978712191789822,0.0013340782400173001,6.536688716426203,4
DOT,long,2023-06-12 02:00:00+00:00,2023-06-12 03:00:00+00:00,2023-06-12 07:00:00+00:00,4.446,4.497,0.011470985155195734,0.009642549529155886,0.0018284356260398482,9.046674492363598,4
ADA,long,2023-06-12 04:00:00+00:00,2023-06-12 05:00:00+00:00,2023-06-12 09:00:00+00:00,0.27245,0.28318,0.03938337309598072,0.037309011745245924,0.002074361350734799,9.988775255673833,4
AVAX,long,2023-06-12 05:00:00+00:00,2023-06-12 06:00:00+00:00,2023-06-12 10:00:00+00:00,11.39,11.51,0.010535557506584636,0.008978364294071062,0.0015571932125135746,7.710732744665526,4
LINK,long,2023-06-12 05:00:00+00:00,2023-06-12 06:00:00+00:00,2023-06-12 10:00:00+00:00,5.071,5.162,0.017945178465785805,0.016615249646453112,0.001329928819332693,6.536688716426203,4
BNB,short,2023-06-12 07:00:00+00:00,2023-06-12 08:00:00+00:00,2023-06-12 12:00:00+00:00,223.55,233.65,-0.043227049004921914,-0.04446162227555983,0.0012345732706379176,6.455921962584254,4
ADA,long,2023-06-12 13:00:00+00:00,2023-06-12 14:00:00+00:00,2023-06-12 18:00:00+00:00,0.27975,0.27579,-0.014155495978552368,-0.01612300651403953,0.0019675105354871603,9.988775255673833,4
BNB,short,2023-06-12 13:00:00+00:00,2023-06-12 14:00:00+00:00,2023-06-12 18:00:00+00:00,230.55,231.03,-0.0020776522529540875,-0.003365322703314688,0.0012876704503606007,6.455921962584254,4
LINK,short,2023-06-12 15:00:00+00:00,2023-06-12 16:00:00+00:00,2023-06-12 20:00:00+00:00,5.106,5.146,-0.0077730275942479166,-0.00906935599565628,0.0012963284014083643,6.536688716426203,4
DOT,long,2023-06-12 21:00:00+00:00,2023-06-12 22:00:00+00:00,2023-06-13 02:00:00+00:00,4.529,4.543,0.0030911901081918103,0.0012779026337326194,0.001813287474459191,9.046674492363598,4
BNB,long,2023-06-13 00:00:00+00:00,2023-06-13 01:00:00+00:00,2023-06-13 05:00:00+00:00,229.24,233.24,0.017448961786773687,0.016136095143591822,0.0013128666431818647,6.455921962584254,4
DOT,short,2023-06-13 04:00:00+00:00,2023-06-13 05:00:00+00:00,2023-06-13 09:00:00+00:00,4.593,4.643,-0.01076889941847936,-0.01255713201559383,0.0017882325971144697,9.046674492363598,4
BNB,short,2023-06-13 08:00:00+00:00,2023-06-13 09:00:00+00:00,2023-06-13 13:00:00+00:00,238.01,241.32,-0.0137162274158793,-0.014988880015045947,0.001272652599166646,6.455921962584254,4
SOL,short,2023-06-13 08:00:00+00:00,2023-06-13 09:00:00+00:00,2023-06-13 13:00:00+00:00,15.567,15.47,0.006270200387847424,0.005063214118170567,0.0012069862696768574,6.000925858297193,4
DOT,long,2023-06-13 11:00:00+00:00,2023-06-13 12:00:00+00:00,2023-06-13 16:00:00+00:00,4.659,4.555,-0.02232238677827858,-0.02408973414170501,0.0017673473634264303,9.046674492363598,4
ADA,long,2023-06-13 14:00:00+00:00,2023-06-13 15:00:00+00:00,2023-06-13 19:00:00+00:00,0.27332,0.27367,0.001280550270744918,-0.0007177669320185265,0.0019983172027634444,9.988775255673833,4
BNB,short,2023-06-13 15:00:00+00:00,2023-06-13 16:00:00+00:00,2023-06-13 20:00:00+00:00,234.68,237.81,-0.013161767797821744,-0.014435135844706126,0.0012733680468843822,6.455921962584254,4
XRP,long,2023-06-13 15:00:00+00:00,2023-06-13 16:00:00+00:00,2023-06-13 20:00:00+00:00,0.50788,0.51743,0.018803654406552628,0.017634176483587227,0.0011694779229654007,5.742762706652812,4
SOL,short,2023-06-13 18:00:00+00:00,2023-06-13 19:00:00+00:00,2023-06-13 23:00:00+00:00,14.94,14.915,0.0016761649346295204,0.00047468905143976947,0.001201475883189751,6.000925858297193,4
LINK,long,2023-06-14 00:00:00+00:00,2023-06-14 01:00:00+00:00,2023-06-14 05:00:00+00:00,5.325,5.399,0.013896713615023426,0.012572074049171933,0.0013246395658514931,6.536688716426203,4
LINK,short,2023-06-14 19:00:00+00:00,2023-06-14 20:00:00+00:00,2023-06-15 00:00:00+00:00,5.448,5.25,0.03771428571428581,0.03635852887786695,0.0013557568364188644,6.536688716426203,4
AVAX,short,2023-06-14 20:00:00+00:00,2023-06-14 21:00:00+00:00,2023-06-15 01:00:00+00:00,11.24,11.43,-0.016622922134733153,-0.018138265261076647,0.0015153431263434936,7.710732744665526,4
ETH,short,2023-06-14 20:00:00+00:00,2023-06-14 21:00:00+00:00,2023-06-15 01:00:00+00:00,1638.27,1655.07,-0.0101506280701118,-0.011148274137952052,0.0009976460678402521,5.041924062981029,4
XRP,short,2023-06-14 20:00:00+00:00,2023-06-14 21:00:00+00:00,2023-06-15 01:00:00+00:00,0.46715,0.48195,-0.030708579728187524,-0.031821222887666534,0.0011126431594790098,5.742762706652812,4
ADA,short,2023-06-15 00:00:00+00:00,2023-06-15 01:00:00+00:00,2023-06-15 05:00:00+00:00,0.26483,0.26157,0.012463202966701115,0.01044256785588571,0.0020206351108154053,9.988775255673833,4
ETH,long,2023-06-15 02:00:00+00:00,2023-06-15 03:00:00+00:00,2023-06-15 07:00:00+00:00,1649.92,1637.56,-0.00749127230411184,-0.008491598674529643,0.0010003263704178034,5.041924062981029,4
DOT,short,2023-06-15 06:00:00+00:00,2023-06-15 07:00:00+00:00,2023-06-15 11:00:00+00:00,4.448,4.316,0.030583873957368057,0.028720887971193765,0.0018629859861742926,9.046674492363598,4
SOL,long,2023-06-15 18:00:00+00:00,2023-06-15 19:00:00+00:00,2023-06-15 23:00:00+00:00,14.744,14.763,0.0012886597938144284,8.764870962618687e-05,0.0012010110841882415,6.000925858297193,4
LINK,short,2023-06-15 21:00:00+00:00,2023-06-15 22:00:00+00:00,2023-06-16 02:00:00+00:00,5.355,5.27,0.016129032258064724,0.014801476204213682,0.0013275560538510423,6.536688716426203,4
XRP,short,2023-06-16 05:00:00+00:00,2023-06-16 06:00:00+00:00,2023-06-16 10:00:00+00:00,0.48135,0.47848,0.005998160842668465,0.004843382260396378,0.0011547785822720869,5.742762706652812,4
DOT,long,2023-06-16 10:00:00+00:00,2023-06-16 11:00:00+00:00,2023-06-16 15:00:00+00:00,4.361,4.347,-0.0032102728731940866,-0.0050121691959735815,0.0018018963227794949,9.046674492363598,4
SOL,short,2023-06-16 11:00:00+00:00,2023-06-16 12:00:00+00:00,2023-06-16 16:00:00+00:00,14.568,15.008,-0.029317697228144923,-0.030481997046635345,0.0011642998184904219,6.000925858297193,4
BNB,long,2023-06-16 14:00:00+00:00,2023-06-16 15:00:00+00:00,2023-06-16 19:00:00+00:00,237.85,239.96,0.008871137271389662,0.007569339035666145,0.001301798235723517,6.455921962584254,4
DOT,short,2023-06-16 18:00:00+00:00,2023-06-16 19:00:00+00:00,2023-06-16 23:00:00+00:00,4.416,4.417,-0.0002263980076974148,-0.002033688279673429,0.0018072902719760142,9.046674492363598,4
ETH,short,2023-06-16 19:00:00+00:00,2023-06-16 20:00:00+00:00,2023-06-17 00:00:00+00:00,1722.42,1717.4,0.002923023174566275,0.0019122004789211555,0.0010108226956451194,5.041924062981029,4
XRP,short,2023-06-16 19:00:00+00:00,2023-06-16 20:00:00+00:00,2023-06-17 00:00:00+00:00,0.47276,0.47557,-0.0059086990348423685,-0.007049809812038954,0.0011411107771965856,5.742762706652812,4
ADA,short,2023-06-16 23:00:00+00:00,2023-06-17 00:00:00+00:00,2023-06-17 04:00:00+00:00,0.26309,0.26238,0.0027059989328455103,0.0007048368744793088,0.0020011620583662015,9.988775255673833,4
LINK,long,2023-06-17 11:00:00+00:00,2023-06-17 12:00:00+00:00,2023-06-17 16:00:00+00:00,5.356,5.314,-0.007841672890216533,-0.009137911607661975,0.0012962387174454415,6.536688716426203,4
ADA,long,2023-06-17 16:00:00+00:00,2023-06-17 17:00:00+00:00,2023-06-17 21:00:00+00:00,0.26771,0.26686,-0.003175077509245172,-0.005164502341494237,0.001989424832249065,9.988775255673833,4
AVAX,short,2023-06-17 18:00:00+00:00,2023-06-17 19:00:00+00:00,2023-06-17 23:00:00+00:00,11.69,11.67,0.0017137960582689349,0.00017019681278362953,0.0015435992454853054,7.710732744665526,4
LINK,short,2023-06-18 19:00:00+00:00,2023-06-18 20:00:00+00:00,2023-06-19 00:00:00+00:00,5.295,5.157,0.026759744037230915,0.02541829913134319,0.0013414449058877231,6.536688716426203,4
AVAX,long,2023-06-19 00:00:00+00:00,2023-06-19 01:00:00+00:00,2023-06-19 05:00:00+00:00,11.33,11.35,0.001765225066195919,0.00022154657075112993,0.001543678495444789,7.710732744665526,4
LINK,long,2023-06-19 10:00:00+00:00,2023-06-19 11:00:00+00:00,2023-06-19 15:00:00+00:00,5.072,5.057,-0.0029574132492112826,-0.004260033172437949,0.0013026199232266666,6.536688716426203,4
DOT,short,2023-06-19 15:00:00+00:00,2023-06-19 16:00:00+00:00,2023-06-19 20:00:00+00:00,4.488,4.499,-0.0024449877750609694,-0.004248267503354053,0.0018032797282930835,9.046674492363598,4
LINK,short,2023-06-19 18:00:00+00:00,2023-06-19 19:00:00+00:00,2023-06-19 23:00:00+00:00,5.078,5.11,-0.006262230919765188,-0.007560533152456306,0.0012983022326911176,6.536688716426203,4
SOL,short,2023-06-19 18:00:00+00:00,2023-06-19 19:00:00+00:00,2023-06-19 23:00:00+00:00,15.667,15.975,-0.01928012519561817,-0.02045646473427465,0.001176339538656479,6.000925858297193,4
XRP,long,2023-06-19 23:00:00+00:00,2023-06-20 00:00:00+00:00,2023-06-20 04:00:00+00:00,0.49358,0.49053,-0.00617934276105192,-0.00732014286811955,0.00114080010706763,5.742762706652812,4
SOL,long,2023-06-20 17:00:00+00:00,2023-06-20 18:00:00+00:00,2023-06-20 22:00:00+00:00,16.318,16.403,0.0052089716877066206,0.004003258325117498,0.0012057133625891225,6.000925858297193,4
ETH,short,2023-06-20 19:00:00+00:00,2023-06-20 20:00:00+00:00,2023-06-21 00:00:00+00:00,1781.96,1791.74,-0.005458381238349297,-0.006460756512202015,0.001002375273852718,5.041924062981029,4
LINK,short,2023-06-20 19:00:00+00:00,2023-06-20 20:00:00+00:00,2023-06-21 00:00:00+00:00,5.219,5.269,-0.009489466691971926,-0.010783552593615853,0.0012940859016439266,6.536688716426203,4
ADA,short,2023-06-21 01:00:00+00:00,2023-06-21 02:00:00+00:00,2023-06-21 06:00:00+00:00,0.2782,0.2815,-0.011722912966252164,-0.013695278357333196,0.0019723653910810324,9.988775255673833,4
DOT,long,2023-06-21 04:00:00+00:00,2023-06-21 05:00:00+00:00,2023-06-21 09:00:00+00:00,4.706,4.691,-0.003187420314492262,-0.0049893579478313965,0.0018019376333391346,9.046674492363598,4
ETH,long,2023-06-21 04:00:00+00:00,2023-06-21 05:00:00+00:00,2023-06-21 09:00:00+00:00,1816.26,1809.47,-0.0037384515432812293,-0.004742560294111242,0.0010041087508300128,5.041924062981029,4
AVAX,short,2023-06-21 12:00:00+00:00,2023-06-21 13:00:00+00:00,2023-06-21 17:00:00+00:00,12.16,12.55,-0.03107569721115544,-0.03256876921296126,0.0014930720018058175,7.710732744665526,4
SOL,long,2023-06-21 18:00:00+00:00,2023-06-21 19:00:00+00:00,2023-06-21 23:00:00+00:00,17.085,17.262,0.010359964881474948,0.009148073080870178,0.0012118918006047696,6.000925858297193,4
BNB,long,2023-06-21 19:00:00+00:00,2023-06-21 20:00:00+00:00,2023-06-22 00:00:00+00:00,248.85,248.76,-0.0003616636528028794,-0.0016515483313733759,0.0012898846785704965,6.455921962584254,4
DOT,short,2023-06-21 19:00:00+00:00,2023-06-21 20:00:00+00:00,2023-06-22 00:00:00+00:00,4.805,4.819,-0.002905167047105306,-0.004707614909543634,0.0018024478624383278,9.046674492363598,4
ADA,long,2023-06-21 23:00:00+00:00,2023-06-22 00:00:00+00:00,2023-06-22 04:00:00+00:00,0.28603,0.29804,0.04198860259413362,0.03990904182658994,0.0020795607675436756,9.988775255673833,4
DOT,long,2023-06-22 08:00:00+00:00,2023-06-22 09:00:00+00:00,2023-06-22 13:00:00+00:00,4.906,4.856,-0.01019160211985326,-0.011980878297023989,0.0017892761771707288,9.046674492363598,4
ADA,long,2023-06-22 15:00:00+00:00,2023-06-22 16:00:00+00:00,2023-06-22 20:00:00+00:00,0.29053,0.29327,0.009431039823770249,0.007416456187507636,0.0020145836362626124,9.988775255673833,4
AVAX,short,2023-06-22 22:00:00+00:00,2023-06-22 23:00:00+00:00,2023-06-23 03:00:00+00:00,12.62,12.77,-0.011746280344557603,-0.013269138172822381,0.0015228578282647787,7.710732744665526,4
ADA,long,2023-06-23 15:00:00+00:00,2023-06-23 16:00:00+00:00,2023-06-23 20:00:00+00:00,0.29948,0.29818,-0.004340857486309635,-0.006327955699728549,0.001987098213418914,9.988775255673833,4
ETH,long,2023-06-23 15:00:00+00:00,2023-06-23 16:00:00+00:00,2023-06-23 20:00:00+00:00,1918.03,1900.67,-0.009050953321897981,-0.010049707726238366,0.000998754404340385,5.041924062981029,4
ADA,short,2023-06-23 23:00:00+00:00,2023-06-24 00:00:00+00:00,2023-06-24 04:00:00+00:00,0.29679,0.29515,0.005556496696594859,0.003549645724451267,0.0020068509721435923,9.988775255673833,4
DOT,long,2023-06-24 07:00:00+00:00,2023-06-24 08:00:00+00:00,2023-06-24 12:00:00+00:00,5.043,5.047,0.0007931786634938209,-0.0010159546967529742,0.0018091333602467952,9.046674492363598,4
LINK,long,2023-06-24 17:00:00+00:00,2023-06-24 18:00:00+00:00,2023-06-24 22:00:00+00:00,6.025,6.092,0.01112033195020734,0.009799319681844665,0.0013210122683626757,6.536688716426203,4
SOL,long,2023-06-24 17:00:00+00:00,2023-06-24 18:00:00+00:00,2023-06-24 22:00:00+00:00,16.613,16.573,-0.002407752964545762,-0.0036043303295949514,0.0011965773650491895,6.000925858297193,4
AVAX,short,2023-06-24 23:00:00+00:00,2023-06-25 00:00:00+00:00,2023-06-25 04:00:00+00:00,13.02,13.49,-0.034840622683469324,-0.03632789309190465,0.001487270408435326,7.710732744665526,4
LINK,short,2023-06-25 09:00:00+00:00,2023-06-25 10:00:00+00:00,2023-06-25 14:00:00+00:00,6.347,6.235,0.017963111467522053,0.016633159219014315,0.0013299522485077375,6.536688716426203,4
BNB,short,2023-06-25 14:00:00+00:00,2023-06-25 15:00:00+00:00,2023-06-25 19:00:00+00:00,237.86,237.97,-0.0004622431398915161,-0.0017519980355847897,0.0012897548956932736,6.455921962584254,4
ETH,long,2023-06-25 17:00:00+00:00,2023-06-25 18:00:00+00:00,2023-06-25 22:00:00+00:00,1892.97,1895.41,0.0012889797513959689,0.00027980396996030166,0.0010091757814356672,5.041924062981029,4
BNB,short,2023-06-26 02:00:00+00:00,2023-06-26 03:00:00+00:00,2023-06-26 07:00:00+00:00,235.92,237.79,-0.007864081752807173,-0.009144285676040864,0.0012802039232336915,6.455921962584254,4
AVAX,long,2023-06-26 11:00:00+00:00,2023-06-26 12:00:00+00:00,2023-06-26 16:00:00+00:00,13.54,13.54,0.0,-0.0015409583571267538,0.0015409583571267538,7.710732744665526,4
ADA,long,2023-06-26 14:00:00+00:00,2023-06-26 15:00:00+00:00,2023-06-26 19:00:00+00:00,0.2888,0.28163,-0.024826869806094165,-0.02677308282422619,0.0019462130181320259,9.988775255673833,4
LINK,short,2023-06-26 15:00:00+00:00,2023-06-26 16:00:00+00:00,2023-06-26 20:00:00+00:00,6.23,6.096,0.021981627296588035,0.020646424922508233,0.0013352023740798025,6.536688716426203,4
LINK,short,2023-06-26 21:00:00+00:00,2023-06-26 22:00:00+00:00,2023-06-27 02:00:00+00:00,6.029,6.146,-0.019036771884152315,-0.020318384386844413,0.0012816125026920977,6.536688716426203,4
LINK,short,2023-06-27 14:00:00+00:00,2023-06-27 15:00:00+00:00,2023-06-27 19:00:00+00:00,6.176,6.221,-0.007233563735733806,-0.008530596937899038,0.001297033202165232,6.536688716426203,4
SOL,short,2023-06-27 16:00:00+00:00,2023-06-27 17:00:00+00:00,2023-06-27 21:00:00+00:00,16.7,16.708,-0.00047881254488857383,-0.0016777036071939921,0.0011988910623054183,6.000925858297193,4
DOT,short,2023-06-27 22:00:00+00:00,2023-06-27 23:00:00+00:00,2023-06-28 03:00:00+00:00,5.086,5.044,0.008326724821570375,0.006503973073462621,0.0018227517481077538,9.046674492363598,4
ADA,short,2023-06-27 23:00:00+00:00,2023-06-28 00:00:00+00:00,2023-06-28 04:00:00+00:00,0.28671,0.28029,0.022904848549716528,0.02086337440433894,0.0020414741453775864,9.988775255673833,4
LINK,long,2023-06-28 07:00:00+00:00,2023-06-28 08:00:00+00:00,2023-06-28 12:00:00+00:00,5.972,5.993,0.00351640991292701,0.002205332045032371,0.0013110778678946389,6.536688716426203,4
SOL,long,2023-06-28 07:00:00+00:00,2023-06-28 08:00:00+00:00,2023-06-28 12:00:00+00:00,15.958,16.205,0.015478130091490128,0.014260099228899481,0.0012180308625906466,6.000925858297193,4
AVAX,short,2023-06-29 05:00:00+00:00,2023-06-29 06:00:00+00:00,2023-06-29 10:00:00+00:00,12.3,12.57,-0.021479713603818618,-0.022987572616758878,0.0015078590129402603,7.710732744665526,4
LINK,short,2023-06-29 15:00:00+00:00,2023-06-29 16:00:00+00:00,2023-06-29 20:00:00+00:00,5.964,5.942,0.0037024570851564853,0.002391136149657358,0.0013113209354991273,6.536688716426203,4
SOL,long,2023-06-30 00:00:00+00:00,2023-06-30 01:00:00+00:00,2023-06-30 05:00:00+00:00,18.166,18.713,0.030111196741164914,0.02887561402170502,0.0012355827194598934,6.000925858297193,4
AVAX,short,2023-06-30 04:00:00+00:00,2023-06-30 05:00:00+00:00,2023-06-30 09:00:00+00:00,13.08,13.2,-0.009090909090909038,-0.010617858735698538,0.0015269496447894992,7.710732744665526,4
ETH,short,2023-06-30 04:00:00+00:00,2023-06-30 05:00:00+00:00,2023-06-30 09:00:00+00:00,1887.9,1889.25,-0.0007145692735212039,-0.001721725724679768,0.001007156451158564,5.041924062981029,4
LINK,short,2023-06-30 04:00:00+00:00,2023-06-30 05:00:00+00:00,2023-06-30 09:00:00+00:00,6.12,6.177,-0.009227780475959069,-0.010522208266388056,0.001294427790428987,6.536688716426203,4
XRP,short,2023-06-30 04:00:00+00:00,2023-06-30 05:00:00+00:00,2023-06-30 09:00:00+00:00,0.47869,0.47736,0.002786157197921968,0.0016350656532206909,0.001151091544701277,5.742762706652812,4
AVAX,long,2023-06-30 10:00:00+00:00,2023-06-30 11:00:00+00:00,2023-06-30 15:00:00+00:00,13.18,12.61,-0.04324734446130507,-0.044721660461560675,0.0014743160002556044,7.710732744665526,4
SOL,long,2023-06-30 12:00:00+00:00,2023-06-30 13:00:00+00:00,2023-06-30 17:00:00+00:00,19.288,18.919,-0.0191310659477395,-0.020307584277803548,0.001176518330064047,6.000925858297193,4
ETH,short,2023-06-30 17:00:00+00:00,2023-06-30 18:00:00+00:00,2023-06-30 22:00:00+00:00,1932.19,1932.24,-2.5876702687055442e-05,-0.0010337272710059242,0.0010078505683188688,5.041924062981029,4
DOT,long,2023-07-01 18:00:00+00:00,2023-07-01 19:00:00+00:00,2023-07-01 23:00:00+00:00,5.301,5.32,0.0035842293906809264,0.001770050649342103,0.0018141787413388233,9.046674492363598,4
AVAX,short,2023-07-01 23:00:00+00:00,2023-07-02 00:00:00+00:00,2023-07-02 04:00:00+00:00,13.0,12.74,0.020408163265306145,0.018835756778441848,0.0015724064868642973,7.710732744665526,4
SOL,long,2023-07-02 00:00:00+00:00,2023-07-02 01:00:00+00:00,2023-07-02 05:00:00+00:00,18.696,19.292,0.03187847667950372,0.03064077416893829,0.0012377025105654305,6.000925858297193,4
XRP,long,2023-07-02 00:00:00+00:00,2023-07-02 01:00:00+00:00,2023-07-02 05:00:00+00:00,0.47129,0.48352,0.02595005198497735,0.024772370759873708,0.001177681225103644,5.742762706652812,4
ADA,short,2023-07-02 15:00:00+00:00,2023-07-02 16:00:00+00:00,2023-07-02 20:00:00+00:00,0.28911,0.28934,-0.0007949125596184992,-0.0027890876335087134,0.001994175073890214,9.988775255673833,4
DOT,short,2023-07-02 22:00:00+00:00,2023-07-02 23:00:00+00:00,2023-07-03 03:00:00+00:00,5.485,5.552,-0.012067723342939374,-0.013853608056654032,0.0017858847137146583,9.046674492363598,4
XRP,long,2023-07-03 09:00:00+00:00,2023-07-03 10:00:00+00:00,2023-07-03 14:00:00+00:00,0.48357,0.48094,-0.0054387162148189505,-0.006580366482161648,0.0011416502673426976,5.742762706652812,4
ETH,short,2023-07-03 15:00:00+00:00,2023-07-03 16:00:00+00:00,2023-07-03 20:00:00+00:00,1968.4,1967.72,0.0003455776228324936,-0.0006626473256271526,0.0010082249484596462,5.041924062981029,4
AVAX,long,2023-07-03 17:00:00+00:00,2023-07-03 18:00:00+00:00,2023-07-03 22:00:00+00:00,13.19,13.18,-0.0007581501137224889,-0.0022979401930955934,0.0015397900793731045,7.710732744665526,4
BNB,long,2023-07-05 01:00:00+00:00,2023-07-05 02:00:00+00:00,2023-07-05 06:00:00+00:00,242.24,243.62,0.005696829590488672,0.004399127326972119,0.0012977022635165536,6.455921962584254,4
DOT,long,2023-07-05 11:00:00+00:00,2023-07-05 12:00:00+00:00,2023-07-05 16:00:00+00:00,5.202,5.169,-0.006343713956170727,-0.008139945958972383,0.0017962320028016565,9.046674492363598,4
ETH,short,2023-07-05 17:00:00+00:00,2023-07-05 18:00:00+00:00,2023-07-05 22:00:00+00:00,1911.93,1911.33,0.00031391753386400545,-0.0006942755051314586,0.001008193038995464,5.041924062981029,4
LINK,long,2023-07-05 20:00:00+00:00,2023-07-05 21:00:00+00:00,2023-07-06 01:00:00+00:00,6.274,6.247,-0.004303474657315953,-0.005604335973205754,0.0013008613158898008,6.536688716426203,4
DOT,long,2023-07-06 08:00:00+00:00,2023-07-06 09:00:00+00:00,2023-07-06 13:00:00+00:00,5.342,5.166,-0.03294646199925111,-0.034694604226877424,0.0017481422276263148,9.046674492363598,4
LINK,short,2023-07-06 11:00:00+00:00,2023-07-06 12:00:00+00:00,2023-07-06 16:00:00+00:00,6.344,6.202,0.022895840051596394,0.021559443273421408,0.0013363967781749864,6.536688716426203,4
ETH,short,2023-07-06 17:00:00+00:00,2023-07-06 18:00:00+00:00,2023-07-06 22:00:00+00:00,1887.55,1876.27,0.006011927920821725,0.004997991990212336,0.0010139359306093887,5.041924062981029,4
SOL,long,2023-07-06 18:00:00+00:00,2023-07-06 19:00:00+00:00,2023-07-06 23:00:00+00:00,20.761,20.294,-0.02249409951351089,-0.023666584001236446,0.0011724844877255558,6.000925858297193,4
LINK,long,2023-07-06 21:00:00+00:00,2023-07-06 22:00:00+00:00,2023-07-07 02:00:00+00:00,6.168,6.13,-0.006160830090791269,-0.007459264802016197,0.0012984347112249273,6.536688716426203,4
DOT,long,2023-07-06 23:00:00+00:00,2023-07-07 00:00:00+00:00,2023-07-07 04:00:00+00:00,5.012,5.092,0.01596169193934549,0.014125138464755604,0.001836553474589886,9.046674492363598,4
ETH,long,2023-07-06 23:00:00+00:00,2023-07-07 00:00:00+00:00,2023-07-07 04:00:00+00:00,1845.86,1857.55,0.006333091350373188,0.005318831726642825,0.0010142596237303625,5.041924062981029,4
XRP,long,2023-07-07 00:00:00+00:00,2023-07-07 01:00:00+00:00,2023-07-07 05:00:00+00:00,0.46533,0.46899,0.00786538585519958,0.0067084638977834565,0.0011569219574161238,5.742762706652812,4
AVAX,long,2023-07-07 04:00:00+00:00,2023-07-07 05:00:00+00:00,2023-07-07 09:00:00+00:00,12.51,12.51,0.0,-0.0015409583571269758,0.0015409583571269758,7.710732744665526,4
AVAX,long,2023-07-07 10:00:00+00:00,2023-07-07 11:00:00+00:00,2023-07-07 15:00:00+00:00,12.63,12.71,0.0063341250989708,0.00478340611883743,0.0015507189801333698,7.710732744665526,4
SOL,long,2023-07-07 12:00:00+00:00,2023-07-07 13:00:00+00:00,2023-07-07 17:00:00+00:00,20.839,21.469,0.03023177695666801,0.028996049605413576,0.0012357273512544342,6.000925858297193,4
AVAX,long,2023-07-07 17:00:00+00:00,2023-07-07 18:00:00+00:00,2023-07-07 22:00:00+00:00,12.68,12.68,0.0,-0.0015409583571267538,0.0015409583571267538,7.710732744665526,4
DOT,short,2023-07-07 17:00:00+00:00,2023-07-07 18:00:00+00:00,2023-07-07 22:00:00+00:00,5.106,5.086,0.003932363350373391,0.0021175552874386216,0.0018148080629347696,9.046674492363598,4
ETH,short,2023-07-07 23:00:00+00:00,2023-07-08 00:00:00+00:00,2023-07-08 04:00:00+00:00,1871.54,1864.24,0.003915804831995828,0.0029039815349010123,0.001011823297094816,5.041924062981029,4
AVAX,long,2023-07-08 00:00:00+00:00,2023-07-08 01:00:00+00:00,2023-07-08 05:00:00+00:00,12.89,13.45,0.04344453064390996,0.04183662607421579,0.001607904569694174,7.710732744665526,4
AVAX,long,2023-07-08 07:00:00+00:00,2023-07-08 08:00:00+00:00,2023-07-08 12:00:00+00:00,13.46,13.55,0.006686478454680511,0.005135216512698992,0.0015512619419815188,7.710732744665526,4
LINK,long,2023-07-08 12:00:00+00:00,2023-07-08 13:00:00+00:00,2023-07-08 17:00:00+00:00,6.182,6.178,-0.0006470397929473348,-0.0019526781815176752,0.0013056383885703404,6.536688716426203,4
AVAX,long,2023-07-08 15:00:00+00:00,2023-07-08 16:00:00+00:00,2023-07-08 20:00:00+00:00,13.74,13.55,-0.013828238719068353,-0.01534788833617673,0.0015196496171083762,7.710732744665526,4
XRP,long,2023-07-08 15:00:00+00:00,2023-07-08 16:00:00+00:00,2023-07-08 20:00:00+00:00,0.46915,0.47038,0.0026217627624427475,0.0014708599250179422,0.0011509028374248054,5.742762706652812,4
ADA,long,2023-07-08 18:00:00+00:00,2023-07-08 19:00:00+00:00,2023-07-08 23:00:00+00:00,0.28938,0.28972,0.001174925703227414,-0.0008231806980877332,0.0019981064013151473,9.988775255673833,4
AVAX,long,2023-07-08 21:00:00+00:00,2023-07-08 22:00:00+00:00,2023-07-09 02:00:00+00:00,13.6,13.8,0.014705882352941346,0.013142262843503616,0.0015636195094377303,7.710732744665526,4
XRP,long,2023-07-08 22:00:00+00:00,2023-07-08 23:00:00+00:00,2023-07-09 03:00:00+00:00,0.47001,0.47055,0.001148911725282531,-3.0043625565134846e-07,0.0011492121615381823,5.742762706652812,4
AVAX,long,2023-07-09 05:00:00+00:00,2023-07-09 06:00:00+00:00,2023-07-09 10:00:00+00:00,14.07,14.08,0.000710732054015617,-0.000831321511609584,0.001542053565625201,7.710732744665526,4
AVAX,long,2023-07-09 11:00:00+00:00,2023-07-09 12:00:00+00:00,2023-07-09 16:00:00+00:00,14.08,13.83,-0.017755681818181768,-0.019269279409024564,0.0015135975908427968,7.710732744665526,4
AVAX,long,2023-07-09 18:00:00+00:00,2023-07-09 19:00:00+00:00,2023-07-09 23:00:00+00:00,13.74,13.64,-0.00727802037845704,-0.00880776360925839,0.0015297432308013503,7.710732744665526,4
AVAX,long,2023-07-10 02:00:00+00:00,2023-07-10 03:00:00+00:00,2023-07-10 07:00:00+00:00,13.36,13.25,-0.008233532934131649,-0.00976180375987501,0.0015282708257433608,7.710732744665526,4
SOL,short,2023-07-10 07:00:00+00:00,2023-07-10 08:00:00+00:00,2023-07-10 12:00:00+00:00,20.736,20.801,-0.0031248497668380226,-0.004320566999097886,0.001195717232259863,6.000925858297193,4
AVAX,long,2023-07-10 12:00:00+00:00,2023-07-10 13:00:00+00:00,2023-07-10 17:00:00+00:00,13.27,13.37,0.007535795026375247,0.005983224322924752,0.0015525707034504954,7.710732744665526,4
BNB,long,2023-07-10 13:00:00+00:00,2023-07-10 14:00:00+00:00,2023-07-10 18:00:00+00:00,242.74,245.33,0.010669852517096512,0.0093657333067243,0.0013041192103722121,6.455921962584254,4
ADA,short,2023-07-10 19:00:00+00:00,2023-07-10 20:00:00+00:00,2023-07-11 00:00:00+00:00,0.29134,0.28782,0.012229865888402358,0.010209696462751383,0.002020169425650975,9.988775255673833,4
ETH,short,2023-07-10 19:00:00+00:00,2023-07-10 20:00:00+00:00,2023-07-11 00:00:00+00:00,1899.88,1880.61,0.010246675280892958,0.009228471247305858,0.0010182040335871,5.041924062981029,4
AVAX,long,2023-07-10 21:00:00+00:00,2023-07-10 22:00:00+00:00,2023-07-11 02:00:00+00:00,13.37,13.67,0.022438294689603566,0.020862759854755053,0.0015755348348485132,7.710732744665526,4
XRP,short,2023-07-11 05:00:00+00:00,2023-07-11 06:00:00+00:00,2023-07-11 10:00:00+00:00,0.47684,0.47384,0.006331251055208487,0.005176090120901922,0.001155160934306565,5.742762706652812,4
AVAX,long,2023-07-11 07:00:00+00:00,2023-07-11 08:00:00+00:00,2023-07-11 12:00:00+00:00,13.49,13.35,-0.010378057820607856,-0.011903024022805408,0.001524966202197553,7.710732744665526,4
DOT,short,2023-07-11 10:00:00+00:00,2023-07-11 11:00:00+00:00,2023-07-11 15:00:00+00:00,5.11,5.152,-0.008152173913043459,-0.009945136763628182,0.0017929628505847228,9.046674492363598,4
ETH,long,2023-07-11 11:00:00+00:00,2023-07-11 12:00:00+00:00,2023-07-11 16:00:00+00:00,1867.56,1871.78,0.002259632889973995,0.0012494788099060017,0.0010101540800679931,5.041924062981029,4
ADA,short,2023-07-11 13:00:00+00:00,2023-07-11 14:00:00+00:00,2023-07-11 18:00:00+00:00,0.29101,0.29021,0.00275662451328329,0.000755361418331546,0.002001263094951744,9.988775255673833,4
AVAX,long,2023-07-11 13:00:00+00:00,2023-07-11 14:00:00+00:00,2023-07-11 18:00:00+00:00,13.38,13.3,-0.005979073243647215,-0.007510818097891336,0.0015317448542441214,7.710732744665526,4
LINK,long,2023-07-11 19:00:00+00:00,2023-07-11 20:00:00+00:00,2023-07-12 00:00:00+00:00,6.171,6.204,0.005347593582887722,0.004034123303311432,0.0013134702795762898,6.536688716426203,4
AVAX,long,2023-07-11 21:00:00+00:00,2023-07-11 22:00:00+00:00,2023-07-12 02:00:00+00:00,13.21,13.27,0.004542013626040786,0.0029940562150587713,0.001547957410982015,7.710732744665526,4
AVAX,long,2023-07-12 03:00:00+00:00,2023-07-12 04:00:00+00:00,2023-07-12 08:00:00+00:00,13.16,13.23,0.005319148936170137,0.003769993992037479,0.001549154944132658,7.710732744665526,4
AVAX,long,2023-07-12 11:00:00+00:00,2023-07-12 12:00:00+00:00,2023-07-12 16:00:00+00:00,13.26,13.04,-0.016591251885369585,-0.018106643814248646,0.0015153919288790618,7.710732744665526,4
AVAX,long,2023-07-12 21:00:00+00:00,2023-07-12 22:00:00+00:00,2023-07-13 02:00:00+00:00,12.98,12.98,0.0,-0.0015409583571268648,0.0015409583571268648,7.710732744665526,4
BNB,long,2023-07-13 02:00:00+00:00,2023-07-13 03:00:00+00:00,2023-07-13 07:00:00+00:00,243.57,244.21,0.0026275813934393266,0.0013338395384827617,0.001293741854956565,6.455921962584254,4
AVAX,long,2023-07-13 04:00:00+00:00,2023-07-13 05:00:00+00:00,2023-07-13 09:00:00+00:00,12.97,13.09,0.009252120277563503,0.007696904788373704,0.0015552154891897985,7.710732744665526,4
AVAX,long,2023-07-13 10:00:00+00:00,2023-07-13 11:00:00+00:00,2023-07-13 15:00:00+00:00,13.2,13.15,-0.0037878787878786735,-0.005323000181531645,0.0015351213936529717,7.710732744665526,4
ADA,short,2023-07-13 15:00:00+00:00,2023-07-13 16:00:00+00:00,2023-07-13 20:00:00+00:00,0.31123,0.34802,-0.10571231538417325,-0.10749710034170012,0.0017847849575268748,9.988775255673833,4
DOT,short,2023-07-13 15:00:00+00:00,2023-07-13 16:00:00+00:00,2023-07-13 20:00:00+00:00,5.358,5.524,-0.030050687907313578,-0.03180406482440934,0.0017533769170957614,9.046674492363598,4
ETH,short,2023-07-13 15:00:00+00:00,2023-07-13 16:00:00+00:00,2023-07-13 20:00:00+00:00,1932.47,1995.55,-0.031610332990904766,-0.0325863503232644,0.0009760173323596355,5.041924062981029,4
SOL,short,2023-07-13 15:00:00+00:00,2023-07-13 16:00:00+00:00,2023-07-13 20:00:00+00:00,24.075,26.217,-0.08170271198077583,-0.08280417778756743,0.0011014658067916017,6.000925858297193,4
XRP,short,2023-07-13 15:00:00+00:00,2023-07-13 16:00:00+00:00,2023-07-13 20:00:00+00:00,0.59125,0.82106,-0.2798942830000243,-0.2807208875519319,0.0008266045519076393,5.742762706652812,4
AVAX,long,2023-07-13 16:00:00+00:00,2023-07-13 17:00:00+00:00,2023-07-13 21:00:00+00:00,13.83,13.94,0.00795372378886472,0.0064005090745951065,0.0015532147142696129,7.710732744665526,4
BNB,short,2023-07-13 19:00:00+00:00,2023-07-13 20:00:00+00:00,2023-07-14 00:00:00+00:00,254.16,256.22,-0.008039965654515813,-0.009319942625719335,0.0012799769712035225,6.455921962584254,4
LINK,long,2023-07-13 19:00:00+00:00,2023-07-13 20:00:00+00:00,2023-07-14 00:00:00+00:00,6.962,7.13,0.02413099683998854,0.02279298634955884,0.0013380104904296974,6.536688716426203,4
AVAX,long,2023-07-13 22:00:00+00:00,2023-07-13 23:00:00+00:00,2023-07-14 03:00:00+00:00,13.99,14.61,0.044317369549678354,0.042708119971577974,0.0016092495781003802,7.710732744665526,4
ADA,long,2023-07-13 23:00:00+00:00,2023-07-14 00:00:00+00:00,2023-07-14 04:00:00+00:00,0.35664,0.36128,0.013010318528487996,0.010988591505482148,0.002021727023005848,9.988775255673833,4
DOT,long,2023-07-13 23:00:00+00:00,2023-07-14 00:00:00+00:00,2023-07-14 04:00:00+00:00,5.548,5.662,0.020547945205479534,0.018703101163008773,0.0018448440424707613,9.046674492363598,4
XRP,long,2023-07-13 23:00:00+00:00,2023-07-14 00:00:00+00:00,2023-07-14 04:00:00+00:00,0.8153,0.7832,-0.039372010302956006,-0.04047470876823345,0.0011026984652774408,5.742762706652812,4
SOL,long,2023-07-14 00:00:00+00:00,2023-07-14 01:00:00+00:00,2023-07-14 05:00:00+00:00,29.373,28.813,-0.019065127838491236,-0.02024172525903456,0.0011765974205433238,6.000925858297193,4
AVAX,long,2023-07-14 04:00:00+00:00,2023-07-14 05:00:00+00:00,2023-07-14 09:00:00+00:00,14.77,15.89,0.07582938388625604,0.07417157560631371,0.00165780827994233,7.710732744665526,4
AVAX,long,2023-07-14 11:00:00+00:00,2023-07-14 12:00:00+00:00,2023-07-14 16:00:00+00:00,15.45,15.59,0.009061488673139273,0.007506566939313508,0.0015549217338257648,7.710732744665526,4
XRP,long,2023-07-14 11:00:00+00:00,2023-07-14 12:00:00+00:00,2023-07-14 16:00:00+00:00,0.79842,0.77803,-0.02553793742641719,-0.0266565159317238,0.001118578505306611,5.742762706652812,4
ADA,long,2023-07-14 12:00:00+00:00,2023-07-14 13:00:00+00:00,2023-07-14 17:00:00+00:00,0.3459,0.34112,-0.013819022838970851,-0.015787204894605722,0.0019681820556348706,9.988775255673833,4
BNB,long,2023-07-14 12:00:00+00:00,2023-07-14 13:00:00+00:00,2023-07-14 17:00:00+00:00,253.83,254.92,0.004294212662017793,0.0029983202671508558,0.0012958923948669376,6.455921962584254,4
ETH,long,2023-07-14 12:00:00+00:00,2023-07-14 13:00:00+00:00,2023-07-14 17:00:00+00:00,1989.07,1991.27,0.001106044533374817,9.70531280737319e-05,0.0010089914053010851,5.041924062981029,4
AVAX,long,2023-07-14 17:00:00+00:00,2023-07-14 18:00:00+00:00,2023-07-14 22:00:00+00:00,15.0,14.52,-0.03200000000000003,-0.03349164768969892,0.001491647689698894,7.710732744665526,4
BNB,long,2023-07-14 18:00:00+00:00,2023-07-14 19:00:00+00:00,2023-07-14 23:00:00+00:00,244.49,245.71,0.004989979140251233,0.0036931889621685254,0.0012967901780827074,6.455921962584254,4
XRP,long,2023-07-14 18:00:00+00:00,2023-07-14 19:00:00+00:00,2023-07-14 23:00:00+00:00,0.68361,0.7181,0.050452743523353716,0.04924693582198225,0.001205807701371464,5.742762706652812,4
AVAX,long,2023-07-15 01:00:00+00:00,2023-07-15 02:00:00+00:00,2023-07-15 06:00:00+00:00,14.48,14.49,0.0006906077348065587,-0.0008514148200806648,0.0015420225548872235,7.710732744665526,4
AVAX,long,2023-07-15 10:00:00+00:00,2023-07-15 11:00:00+00:00,2023-07-15 15:00:00+00:00,14.91,15.18,0.01810865191146882,0.01653978887584251,0.0015688630356263111,7.710732744665526,4
DOT,long,2023-07-15 21:00:00+00:00,2023-07-15 22:00:00+00:00,2023-07-16 02:00:00+00:00,5.407,5.423,0.002959127057517996,0.0011460783133738772,0.001813048744144119,9.046674492363598,4
SOL,short,2023-07-16 02:00:00+00:00,2023-07-16 03:00:00+00:00,2023-07-16 07:00:00+00:00,27.554,27.768,-0.007706712762892587,-0.008896934209106533,0.001190221446213946,6.000925858297193,4
SOL,short,2023-07-16 17:00:00+00:00,2023-07-16 18:00:00+00:00,2023-07-16 22:00:00+00:00,28.012,27.59,0.01529539688292858,0.014077585202495912,0.0012178116804326677,6.000925858297193,4
XRP,long,2023-07-16 19:00:00+00:00,2023-07-16 20:00:00+00:00,2023-07-17 00:00:00+00:00,0.742,0.74695,0.006671159029649543,0.005515607917245147,0.001155551112404396,5.742762706652812,4
SOL,short,2023-07-17 06:00:00+00:00,2023-07-17 07:00:00+00:00,2023-07-17 11:00:00+00:00,27.73,27.118,0.022568035990854884,0.021341501031580945,0.0012265349592739394,6.000925858297193,4
BNB,short,2023-07-17 09:00:00+00:00,2023-07-17 10:00:00+00:00,2023-07-17 14:00:00+00:00,242.1,244.19,-0.008558909046234464,-0.009838216398130872,0.0012793073518964082,6.455921962584254,4
ETH,long,2023-07-17 19:00:00+00:00,2023-07-17 20:00:00+00:00,2023-07-18 00:00:00+00:00,1886.8,1911.1,0.01287894848420601,0.011858091443923913,0.0010208570402820971,5.041924062981029,4
XRP,long,2023-07-17 19:00:00+00:00,2023-07-17 20:00:00+00:00,2023-07-18 00:00:00+00:00,0.73422,0.73752,0.0044945656615182905,0.0033415130461307285,0.001153052615387562,5.742762706652812,4
SOL,long,2023-07-17 21:00:00+00:00,2023-07-17 22:00:00+00:00,2023-07-18 02:00:00+00:00,26.799,26.873,0.002761297063323287,0.0015585196017109393,0.0012027774616123477,6.000925858297193,4
ADA,short,2023-07-18 06:00:00+00:00,2023-07-18 07:00:00+00:00,2023-07-18 11:00:00+00:00,0.30635,0.3078,-0.004710851202079258,-0.00669721099627385,0.001986359794194592,9.988775255673833,4
XRP,long,2023-07-18 12:00:00+00:00,2023-07-18 13:00:00+00:00,2023-07-18 17:00:00+00:00,0.76058,0.74904,-0.015172631412869064,-0.016303108183847725,0.0011304767709786612,5.742762706652812,4
ADA,short,2023-07-18 16:00:00+00:00,2023-07-18 17:00:00+00:00,2023-07-18 21:00:00+00:00,0.30245,0.30278,-0.001089900257612797,-0.0030834866064035626,0.0019935863487907657,9.988775255673833,4
BNB,long,2023-07-19 15:00:00+00:00,2023-07-19 16:00:00+00:00,2023-07-19 20:00:00+00:00,241.07,241.93,0.003567428547724738,0.0022724739597221877,0.0012949545880025504,6.455921962584254,4
ETH,long,2023-07-20 05:00:00+00:00,2023-07-20 06:00:00+00:00,2023-07-20 10:00:00+00:00,1906.43,1918.24,0.00619482488210954,0.005180704613923837,0.0010141202681857031,5.041924062981029,4
DOT,short,2023-07-20 14:00:00+00:00,2023-07-20 15:00:00+00:00,2023-07-20 19:00:00+00:00,5.294,5.264,0.00569908814589648,0.00388108637537643,0.0018180017705200502,9.046674492363598,4
LINK,long,2023-07-20 21:00:00+00:00,2023-07-20 22:00:00+00:00,2023-07-21 02:00:00+00:00,8.238,8.318,0.009711094925952901,0.008391923802841816,0.0013191711231110848,6.536688716426203,4
AVAX,long,2023-07-22 08:00:00+00:00,2023-07-22 09:00:00+00:00,2023-07-22 13:00:00+00:00,13.9,13.71,-0.013669064748201398,-0.015188959645770495,0.0015198948975690962,7.710732744665526,4
BNB,short,2023-07-23 13:00:00+00:00,2023-07-23 14:00:00+00:00,2023-07-23 18:00:00+00:00,242.28,243.74,-0.00598998933289574,-0.00727261149381675,0.0012826221609210098,6.455921962584254,4
ETH,short,2023-07-23 17:00:00+00:00,2023-07-23 18:00:00+00:00,2023-07-23 22:00:00+00:00,1894.48,1880.3,0.007541349784608853,0.006525872385416909,0.0010154773991919441,5.041924062981029,4
ADA,long,2023-07-24 07:00:00+00:00,2023-07-24 08:00:00+00:00,2023-07-24 12:00:00+00:00,0.31494,0.30618,-0.027814821870832507,-0.029755071649180787,0.0019402497783482797,9.988775255673833,4
SOL,short,2023-07-24 20:00:00+00:00,2023-07-24 21:00:00+00:00,2023-07-25 01:00:00+00:00,23.364,23.293,0.0030481260464518822,0.0018450045434037499,0.0012031215030481324,6.000925858297193,4
BNB,long,2023-07-24 23:00:00+00:00,2023-07-25 00:00:00+00:00,2023-07-25 04:00:00+00:00,238.94,238.49,-0.0018833179877792983,-0.0031712391976216336,0.0012879212098423354,6.455921962584254,4
SOL,short,2023-07-25 13:00:00+00:00,2023-07-25 14:00:00+00:00,2023-07-25 18:00:00+00:00,23.349,23.383,-0.0014540478125133482,-0.0026517691138766564,0.0011977213013633081,6.000925858297193,4
ADA,short,2023-07-25 22:00:00+00:00,2023-07-25 23:00:00+00:00,2023-07-26 03:00:00+00:00,0.30409,0.30377,0.001053428580834348,-0.0009444353411978135,0.0019978639220321615,9.988775255673833,4
AVAX,short,2023-07-26 16:00:00+00:00,2023-07-26 17:00:00+00:00,2023-07-26 21:00:00+00:00,13.17,13.41,-0.017897091722595126,-0.019410471406663743,0.0015133796840686164,7.710732744665526,4
SOL,short,2023-07-26 18:00:00+00:00,2023-07-26 19:00:00+00:00,2023-07-26 23:00:00+00:00,25.099,25.334,-0.009276071682324138,-0.010464410736843122,0.0011883390545189831,6.000925858297193,4
AVAX,long,2023-07-27 05:00:00+00:00,2023-07-27 06:00:00+00:00,2023-07-27 10:00:00+00:00,13.29,13.41,0.009029345372460584,0.00747447317012262,0.0015548722023379646,7.710732744665526,4
ADA,long,2023-07-28 19:00:00+00:00,2023-07-28 20:00:00+00:00,2023-07-29 00:00:00+00:00,0.31124,0.30987,-0.004401747847320503,-0.006388724538099244,0.001986976690778741,9.988775255673833,4
LINK,short,2023-07-28 22:00:00+00:00,2023-07-28 23:00:00+00:00,2023-07-29 03:00:00+00:00,7.81,7.802,0.0010253781081774882,-0.0002824452671796873,0.0013078233753571755,6.536688716426203,4
ETH,long,2023-07-29 08:00:00+00:00,2023-07-29 09:00:00+00:00,2023-07-29 13:00:00+00:00,1871.74,1872.68,0.0005022065030400036,-0.0005061763080106418,0.0010083828110506454,5.041924062981029,4
LINK,long,2023-07-30 16:00:00+00:00,2023-07-30 17:00:00+00:00,2023-07-30 21:00:00+00:00,7.645,7.512,-0.0173969914977109,-0.01868074634680783,0.0012837548490969297,6.536688716426203,4
ADA,long,2023-07-31 03:00:00+00:00,2023-07-31 04:00:00+00:00,2023-07-31 08:00:00+00:00,0.31507,0.3124,-0.008474307296791217,-0.010453156130092789,0.001978848833301572,9.988775255673833,4
DOT,short,2023-07-31 19:00:00+00:00,2023-07-31 20:00:00+00:00,2023-08-01 00:00:00+00:00,5.078,5.107,-0.005678480516937534,-0.0074759150619156944,0.0017974345449781604,9.046674492363598,4
AVAX,long,2023-08-01 03:00:00+00:00,2023-08-01 04:00:00+00:00,2023-08-01 08:00:00+00:00,12.58,12.65,0.00556438791732905,0.0040148550701386565,0.0015495328471903935,7.710732744665526,4
DOT,short,2023-08-01 14:00:00+00:00,2023-08-01 15:00:00+00:00,2023-08-01 19:00:00+00:00,5.079,5.143,-0.012444098775034051,-0.014229303115056324,0.0017852043400222728,9.046674492363598,4
XRP,short,2023-08-01 18:00:00+00:00,2023-08-01 19:00:00+00:00,2023-08-01 23:00:00+00:00,0.7015,0.70344,-0.0027578755828499,-0.0039026031692819263,0.001144727586432026,5.742762706652812,4
LINK,short,2023-08-01 23:00:00+00:00,2023-08-02 00:00:00+00:00,2023-08-02 04:00:00+00:00,7.642,7.63,0.0015727391874180707,0.0002642006937136898,0.001308538493704381,6.536688716426203,4
DOT,long,2023-08-02 09:00:00+00:00,2023-08-02 10:00:00+00:00,2023-08-02 14:00:00+00:00,5.138,5.138,0.0,-0.0018076995315485789,0.0018076995315485789,9.046674492363598,4
LINK,short,2023-08-02 14:00:00+00:00,2023-08-02 15:00:00+00:00,2023-08-02 19:00:00+00:00,7.536,7.416,0.016181229773462702,0.014853605524406621,0.0013276242490560808,6.536688716426203,4
BNB,long,2023-08-02 16:00:00+00:00,2023-08-02 17:00:00+00:00,2023-08-02 21:00:00+00:00,237.59,241.73,0.01742497579864466,0.016112140105814854,0.0013128356928298057,6.455921962584254,4
BNB,short,2023-08-03 04:00:00+00:00,2023-08-03 05:00:00+00:00,2023-08-03 09:00:00+00:00,239.77,239.22,0.0022991388679876046,0.0010058208192877949,0.0012933180486998097,6.455921962584254,4
DOT,long,2023-08-03 19:00:00+00:00,2023-08-03 20:00:00+00:00,2023-08-04 00:00:00+00:00,5.011,4.978,-0.00658551187387757,-0.008381306778696751,0.0017957949048191812,9.046674492363598,4
ETH,long,2023-08-03 19:00:00+00:00,2023-08-03 20:00:00+00:00,2023-08-04 00:00:00+00:00,1845.76,1836.1,-0.0052336165048544325,-0.006236218313833364,0.0010026018089789313,5.041924062981029,4
AVAX,short,2023-08-04 03:00:00+00:00,2023-08-04 04:00:00+00:00,2023-08-04 08:00:00+00:00,12.48,12.48,0.0,-0.0015409583571268648,0.0015409583571268648,7.710732744665526,4
ETH,long,2023-08-04 20:00:00+00:00,2023-08-04 21:00:00+00:00,2023-08-05 01:00:00+00:00,1822.78,1832.13,0.005129527425141944,0.004116480845387294,0.0010130465797546506,5.041924062981029,4
DOT,short,2023-08-05 05:00:00+00:00,2023-08-05 06:00:00+00:00,2023-08-05 10:00:00+00:00,4.963,4.958,0.001008471157724955,-0.0008010513866628655,0.0018095225443878205,9.046674492363598,4
AVAX,short,2023-08-06 11:00:00+00:00,2023-08-06 12:00:00+00:00,2023-08-06 16:00:00+00:00,12.6,12.54,0.004784688995215447,0.0032363576315950215,0.0015483313636204254,7.710732744665526,4
ETH,long,2023-08-07 15:00:00+00:00,2023-08-07 16:00:00+00:00,2023-08-07 20:00:00+00:00,1818.62,1825.8,0.003948048520306724,0.0029361927255511233,0.0010118557947556006,5.041924062981029,4
ADA,short,2023-08-08 01:00:00+00:00,2023-08-08 02:00:00+00:00,2023-08-08 06:00:00+00:00,0.28984,0.29247,-0.008992375286354215,-0.010970190179492523,0.0019778148931383077,9.988775255673833,4
LINK,long,2023-08-08 03:00:00+00:00,2023-08-08 04:00:00+00:00,2023-08-08 08:00:00+00:00,7.346,7.344,-0.00027225701061794894,-0.0015783850467976368,0.0013061280361796879,6.536688716426203,4
ETH,long,2023-08-08 11:00:00+00:00,2023-08-08 12:00:00+00:00,2023-08-08 16:00:00+00:00,1838.72,1843.04,0.002349460494256883,0.0013392158790439534,0.0010102446152129296,5.041924062981029,4
DOT,short,2023-08-09 12:00:00+00:00,2023-08-09 13:00:00+00:00,2023-08-09 17:00:00+00:00,5.098,5.035,0.012512413108242137,0.010682094893379457,0.0018303182148626806,9.046674492363598,4
DOT,short,2023-08-09 21:00:00+00:00,2023-08-09 22:00:00+00:00,2023-08-10 02:00:00+00:00,5.034,5.057,-0.004548151077714224,-0.006347628918690118,0.0017994778409758938,9.046674492363598,4
ADA,long,2023-08-10 02:00:00+00:00,2023-08-10 03:00:00+00:00,2023-08-10 07:00:00+00:00,0.30045,0.2973,-0.010484273589615567,-0.01245911100951369,0.0019748374198981233,9.988775255673833,4
DOT,short,2023-08-11 13:00:00+00:00,2023-08-11 14:00:00+00:00,2023-08-11 18:00:00+00:00,5.001,4.977,0.004822182037371947,0.0030057654496133956,0.0018164165877585514,9.046674492363598,4
AVAX,short,2023-08-11 15:00:00+00:00,2023-08-11 16:00:00+00:00,2023-08-11 20:00:00+00:00,12.43,12.43,0.0,-0.0015409583571268648,0.0015409583571268648,7.710732744665526,4
ETH,short,2023-08-11 19:00:00+00:00,2023-08-11 20:00:00+00:00,2023-08-12 00:00:00+00:00,1844.98,1848.69,-0.002006826455490107,-0.0030126804708107136,0.0010058540153206064,5.041924062981029,4
XRP,short,2023-08-11 19:00:00+00:00,2023-08-11 20:00:00+00:00,2023-08-12 00:00:00+00:00,0.63101,0.63178,-0.0012187786887841723,-0.002365272994280465,0.0011464943054962928,5.742762706652812,4
ETH,short,2023-08-12 04:00:00+00:00,2023-08-12 05:00:00+00:00,2023-08-12 09:00:00+00:00,1848.77,1848.87,-5.4087091033938606e-05,-0.001061909226761193,0.0010078221357272543,5.041924062981029,4
AVAX,short,2023-08-13 07:00:00+00:00,2023-08-13 08:00:00+00:00,2023-08-13 12:00:00+00:00,12.35,12.36,-0.0008090614886731018,-0.002348773115737557,0.001539711627064455,7.710732744665526,4
AVAX,long,2023-08-13 14:00:00+00:00,2023-08-13 15:00:00+00:00,2023-08-13 19:00:00+00:00,12.32,12.39,0.005681818181818121,0.004132104379480417,0.0015497138023377044,7.710732744665526,4
AVAX,long,2023-08-13 21:00:00+00:00,2023-08-13 22:00:00+00:00,2023-08-14 02:00:00+00:00,12.34,12.28,-0.004862236628849326,-0.006395702481808652,0.001533465852959326,7.710732744665526,4
AVAX,long,2023-08-14 08:00:00+00:00,2023-08-14 09:00:00+00:00,2023-08-14 13:00:00+00:00,12.34,12.31,-0.002431118314424552,-0.003968330419467758,0.0015372121050432064,7.710732744665526,4
AVAX,long,2023-08-14 16:00:00+00:00,2023-08-14 17:00:00+00:00,2023-08-14 21:00:00+00:00,12.42,12.33,-0.007246376811594235,-0.008776168803814377,0.001529791992220142,7.710732744665526,4
DOT,short,2023-08-14 18:00:00+00:00,2023-08-14 19:00:00+00:00,2023-08-14 23:00:00+00:00,4.984,4.991,-0.0014025245441794398,-0.003207688732766445,0.0018051641885870051,9.046674492363598,4
AVAX,long,2023-08-14 22:00:00+00:00,2023-08-14 23:00:00+00:00,2023-08-15 03:00:00+00:00,12.34,12.34,0.0,-0.0015409583571268648,0.0015409583571268648,7.710732744665526,4
AVAX,long,2023-08-15 04:00:00+00:00,2023-08-15 05:00:00+00:00,2023-08-15 09:00:00+00:00,12.31,12.32,0.0008123476848089783,-0.0007298624662717135,0.0015422101510806918,7.710732744665526,4
AVAX,long,2023-08-15 10:00:00+00:00,2023-08-15 11:00:00+00:00,2023-08-15 15:00:00+00:00,12.31,12.31,0.0,-0.0015409583571269758,0.0015409583571269758,7.710732744665526,4
AVAX,long,2023-08-15 16:00:00+00:00,2023-08-15 17:00:00+00:00,2023-08-15 21:00:00+00:00,12.22,11.76,-0.03764320785597386,-0.039126159597366095,0.0014829517413922355,7.710732744665526,4
DOT,short,2023-08-15 18:00:00+00:00,2023-08-15 19:00:00+00:00,2023-08-15 23:00:00+00:00,4.936,4.807,0.026835864364468387,0.02497965365347965,0.0018562107109887371,9.046674492363598,4
AVAX,long,2023-08-16 01:00:00+00:00,2023-08-16 02:00:00+00:00,2023-08-16 06:00:00+00:00,11.83,11.74,-0.0076077768385460764,-0.009137011928374461,0.0015292350898283846,7.710732744665526,4
BNB,short,2023-08-16 03:00:00+00:00,2023-08-16 04:00:00+00:00,2023-08-16 08:00:00+00:00,236.48,234.82,0.007069244527723395,0.005769771366737508,0.0012994731609858867,6.455921962584254,4
DOT,short,2023-08-16 03:00:00+00:00,2023-08-16 04:00:00+00:00,2023-08-16 08:00:00+00:00,4.827,4.787,0.00835596406935446,0.0065331594654722824,0.0018228046038821777,9.046674492363598,4
LINK,short,2023-08-16 05:00:00+00:00,2023-08-16 06:00:00+00:00,2023-08-16 10:00:00+00:00,6.972,6.981,-0.0012892135797163418,-0.0025940129786786725,0.0013047993989623308,6.536688716426203,4
AVAX,long,2023-08-16 09:00:00+00:00,2023-08-16 10:00:00+00:00,2023-08-16 14:00:00+00:00,11.63,11.42,-0.018056749785038795,-0.019569883442681846,0.001513133657643051,7.710732744665526,4
SOL,long,2023-08-16 15:00:00+00:00,2023-08-16 16:00:00+00:00,2023-08-16 20:00:00+00:00,23.074,23.338,0.011441449250238378,0.01022826024657264,0.0012131890036657378,6.000925858297193,4
BNB,short,2023-08-16 17:00:00+00:00,2023-08-16 18:00:00+00:00,2023-08-16 22:00:00+00:00,234.5,231.63,0.012390450287095733,0.011084110901065314,0.0013063393860304195,6.455921962584254,4
AVAX,long,2023-08-16 18:00:00+00:00,2023-08-16 19:00:00+00:00,2023-08-16 23:00:00+00:00,11.54,11.33,-0.01819757365684571,-0.01971049031076666,0.0015129166539209482,7.710732744665526,4
AVAX,long,2023-08-17 01:00:00+00:00,2023-08-17 02:00:00+00:00,2023-08-17 06:00:00+00:00,11.37,11.48,0.009674582233949014,0.008118715748477001,0.0015558664854720128,7.710732744665526,4
XRP,long,2023-08-17 01:00:00+00:00,2023-08-17 02:00:00+00:00,2023-08-17 06:00:00+00:00,0.59259,0.59333,0.0012487554633053843,9.942869180590286e-05,0.0011493267714994815,5.742762706652812,4
DOT,long,2023-08-17 02:00:00+00:00,2023-08-17 03:00:00+00:00,2023-08-17 07:00:00+00:00,4.705,4.747,0.008926673751328273,0.0071028374758213,0.0018238362755069737,9.046674492363598,4
AVAX,long,2023-08-17 07:00:00+00:00,2023-08-17 08:00:00+00:00,2023-08-17 12:00:00+00:00,11.48,11.41,-0.0060975609756097615,-0.00762912324519327,0.0015315622695835085,7.710732744665526,4
AVAX,long,2023-08-17 13:00:00+00:00,2023-08-17 14:00:00+00:00,2023-08-17 18:00:00+00:00,11.37,11.27,-0.008795074758135457,-0.010322480271312107,0.0015274055131766495,7.710732744665526,4
LINK,short,2023-08-17 13:00:00+00:00,2023-08-17 14:00:00+00:00,2023-08-17 18:00:00+00:00,6.772,6.617,0.023424512619011573,0.02208742513872619,0.0013370874802853816,6.536688716426203,4
ADA,short,2023-08-17 15:00:00+00:00,2023-08-17 16:00:00+00:00,2023-08-17 20:00:00+00:00,0.26892,0.27395,-0.018361014783719765,-0.020320132106562583,0.0019591173228428183,9.988775255673833,4
DOT,long,2023-08-17 16:00:00+00:00,2023-08-17 17:00:00+00:00,2023-08-17 21:00:00+00:00,4.694,4.658,-0.007669365146996121,-0.009463200770761127,0.0017938356237650055,9.046674492363598,4
SOL,long,2023-08-17 17:00:00+00:00,2023-08-17 18:00:00+00:00,2023-08-17 22:00:00+00:00,23.143,21.251,-0.08175258177418654,-0.08285398776388753,0.0011014059897009876,6.000925858297193,4
AVAX,long,2023-08-17 19:00:00+00:00,2023-08-17 20:00:00+00:00,2023-08-18 00:00:00+00:00,11.28,10.55,-0.06471631205673745,-0.06615754527195816,0.0014412332152207163,7.710732744665526,4
LINK,long,2023-08-17 20:00:00+00:00,2023-08-17 21:00:00+00:00,2023-08-18 01:00:00+00:00,6.54,6.219,-0.04908256880733941,-0.050324926965030214,0.0012423581576908038,6.536688716426203,4
BNB,short,2023-08-17 21:00:00+00:00,2023-08-17 22:00:00+00:00,2023-08-18 02:00:00+00:00,214.55,217.57,-0.013880590154892625,-0.01515303066837681,0.0012724405134841854,6.455921962584254,4
XRP,long,2023-08-17 21:00:00+00:00,2023-08-17 22:00:00+00:00,2023-08-18 02:00:00+00:00,0.48368,0.50332,0.04060535891498507,0.039410854960757025,0.0011945039542280433,5.742762706652812,4
DOT,long,2023-08-17 22:00:00+00:00,2023-08-17 23:00:00+00:00,2023-08-18 03:00:00+00:00,4.476,4.38,-0.02144772117962468,-0.023216649675643963,0.0017689284960192841,9.046674492363598,4
ETH,long,2023-08-17 22:00:00+00:00,2023-08-17 23:00:00+00:00,2023-08-18 03:00:00+00:00,1694.33,1678.39,-0.009407848530097351,-0.01040624322809125,0.0009983946979938985,5.041924062981029,4
SOL,short,2023-08-17 23:00:00+00:00,2023-08-18 00:00:00+00:00,2023-08-18 04:00:00+00:00,21.661,21.547,0.005290759734533745,0.004084948270013822,0.0012058114645199236,6.000925858297193,4
AVAX,long,2023-08-18 01:00:00+00:00,2023-08-18 02:00:00+00:00,2023-08-18 06:00:00+00:00,10.65,10.75,0.009389671361502261,0.007834243911820193,0.0015554274496820675,7.710732744665526,4
LINK,long,2023-08-18 04:00:00+00:00,2023-08-18 05:00:00+00:00,2023-08-18 09:00:00+00:00,6.136,6.252,0.01890482398956972,0.01757364140896822,0.0013311825806014976,6.536688716426203,4
ADA,long,2023-08-18 06:00:00+00:00,2023-08-18 07:00:00+00:00,2023-08-18 11:00:00+00:00,0.26445,0.26407,-0.0014369446020041643,-0.0034298383330433335,0.0019928937310391692,9.988775255673833,4
BNB,long,2023-08-18 06:00:00+00:00,2023-08-18 07:00:00+00:00,2023-08-18 11:00:00+00:00,218.79,218.33,-0.002102472690707846,-0.0033901111139831297,0.0012876384232752836,6.455921962584254,4
SOL,long,2023-08-18 06:00:00+00:00,2023-08-18 07:00:00+00:00,2023-08-18 11:00:00+00:00,22.074,21.972,-0.004620820875237852,-0.005814743741941686,0.0011939228667038337,6.000925858297193,4
XRP,short,2023-08-18 06:00:00+00:00,2023-08-18 07:00:00+00:00,2023-08-18 11:00:00+00:00,0.51727,0.50446,0.025393490068588154,0.024216447717197997,0.0011770423513901562,5.742762706652812,4
AVAX,long,2023-08-18 07:00:00+00:00,2023-08-18 08:00:00+00:00,2023-08-18 12:00:00+00:00,10.94,10.88,-0.005484460694698212,-0.007016967726283241,0.0015325070315850287,7.710732744665526,4
ETH,short,2023-08-18 07:00:00+00:00,2023-08-18 08:00:00+00:00,2023-08-18 12:00:00+00:00,1690.71,1685.7,0.002972059085246448,0.0019611869674520666,0.0010108721177943814,5.041924062981029,4
AVAX,long,2023-08-18 13:00:00+00:00,2023-08-18 14:00:00+00:00,2023-08-18 18:00:00+00:00,10.8,10.75,-0.00462962962962965,-0.0061634539202883865,0.0015338242906587363,7.710732744665526,4
DOT,short,2023-08-18 13:00:00+00:00,2023-08-18 14:00:00+00:00,2023-08-18 18:00:00+00:00,4.5,4.525,-0.005524861878453136,-0.007322574119771996,0.0017977122413188606,9.046674492363598,4
LINK,long,2023-08-18 15:00:00+00:00,2023-08-18 16:00:00+00:00,2023-08-18 20:00:00+00:00,6.165,6.134,-0.005028386050283773,-0.0063283002812289935,0.0012999142309452205,6.536688716426203,4
BNB,long,2023-08-18 16:00:00+00:00,2023-08-18 17:00:00+00:00,2023-08-18 21:00:00+00:00,216.54,216.14,-0.0018472337674333428,-0.0031352015385981424,0.0012879677711647997,6.455921962584254,4
SOL,long,2023-08-18 18:00:00+00:00,2023-08-18 19:00:00+00:00,2023-08-18 23:00:00+00:00,21.51,21.397,-0.005253370525337142,-0.006446534670633719,0.0011931641452965769,6.000925858297193,4
AVAX,long,2023-08-18 19:00:00+00:00,2023-08-18 20:00:00+00:00,2023-08-19 00:00:00+00:00,10.73,10.81,0.007455731593662529,0.005903284264627828,0.0015524473290347007,7.710732744665526,4
AVAX,long,2023-08-19 02:00:00+00:00,2023-08-19 03:00:00+00:00,2023-08-19 07:00:00+00:00,10.77,10.59,-0.01671309192200554,-0.01822829610046195,0.0015152041784564085,7.710732744665526,4
XRP,long,2023-08-19 08:00:00+00:00,2023-08-19 09:00:00+00:00,2023-08-19 13:00:00+00:00,0.50628,0.50351,-0.005471280714229199,-0.006612893600999925,0.0011416128867707265,5.742762706652812,4
BNB,short,2023-08-19 10:00:00+00:00,2023-08-19 11:00:00+00:00,2023-08-19 15:00:00+00:00,215.88,215.19,0.003206468702077192,0.0019119798790994125,0.0012944888229777796,6.455921962584254,4
AVAX,long,2023-08-19 11:00:00+00:00,2023-08-19 12:00:00+00:00,2023-08-19 16:00:00+00:00,10.71,10.8,0.008403361344537785,0.006849453757518997,0.001553907587018788,7.710732744665526,4
ADA,short,2023-08-19 13:00:00+00:00,2023-08-19 14:00:00+00:00,2023-08-19 18:00:00+00:00,0.26632,0.26773,-0.0052664998319202905,-0.007251750683955227,0.0019852508520349366,9.988775255673833,4
LINK,short,2023-08-19 17:00:00+00:00,2023-08-19 18:00:00+00:00,2023-08-19 22:00:00+00:00,6.209,6.152,0.009265279583875019,0.007946690911257548,0.0013185886726174711,6.536688716426203,4
XRP,short,2023-08-19 17:00:00+00:00,2023-08-19 18:00:00+00:00,2023-08-19 22:00:00+00:00,0.51953,0.51966,-0.00025016356848706067,-0.0013977697408223966,0.001147606172335336,5.742762706652812,4
AVAX,long,2023-08-19 21:00:00+00:00,2023-08-19 22:00:00+00:00,2023-08-20 02:00:00+00:00,10.79,10.77,-0.001853568118628357,-0.0033916702044723968,0.0015381020858440397,7.710732744665526,4
DOT,long,2023-08-20 02:00:00+00:00,2023-08-20 03:00:00+00:00,2023-08-20 07:00:00+00:00,4.495,4.471,-0.005339265850945463,-0.007137313594116401,0.0017980477431709385,9.046674492363598,4
AVAX,long,2023-08-20 05:00:00+00:00,2023-08-20 06:00:00+00:00,2023-08-20 10:00:00+00:00,10.76,10.81,0.004646840148698983,0.0030987212044106816,0.0015481189442883014,7.710732744665526,4
BNB,long,2023-08-20 10:00:00+00:00,2023-08-20 11:00:00+00:00,2023-08-20 15:00:00+00:00,216.7,215.68,-0.004706968158744718,-0.00599124586777211,0.0012842777090273927,6.455921962584254,4
ADA,long,2023-08-20 12:00:00+00:00,2023-08-20 13:00:00+00:00,2023-08-20 17:00:00+00:00,0.26899,0.26922,0.0008550503736197701,-0.0011424176328181934,0.0019974680064379635,9.988775255673833,4
AVAX,long,2023-08-20 12:00:00+00:00,2023-08-20 13:00:00+00:00,2023-08-20 17:00:00+00:00,10.88,10.82,-0.005514705882353033,-0.007047166307363462,0.001532460425010429,7.710732744665526,4
DOT,short,2023-08-20 14:00:00+00:00,2023-08-20 15:00:00+00:00,2023-08-20 19:00:00+00:00,4.478,4.499,-0.004667703934207568,-0.0064669656595408576,0.0017992617253332899,9.046674492363598,4
AVAX,long,2023-08-20 18:00:00+00:00,2023-08-20 19:00:00+00:00,2023-08-20 23:00:00+00:00,10.84,10.9,0.005535055350553542,0.003985567703626902,0.0015494876469266394,7.710732744665526,4
SOL,long,2023-08-20 21:00:00+00:00,2023-08-20 22:00:00+00:00,2023-08-21 02:00:00+00:00,21.828,21.561,-0.012231995601979073,-0.013416789128086526,0.0011847935261074527,6.000925858297193,4
AVAX,long,2023-08-21 01:00:00+00:00,2023-08-21 02:00:00+00:00,2023-08-21 06:00:00+00:00,10.82,10.75,-0.006469500924214389,-0.008000490049825726,0.0015309891256113373,7.710732744665526,4
DOT,long,2023-08-21 01:00:00+00:00,2023-08-21 02:00:00+00:00,2023-08-21 06:00:00+00:00,4.516,4.495,-0.004650132860938849,-0.006449426349492859,0.0017992934885540102,9.046674492363598,4
ETH,short,2023-08-21 05:00:00+00:00,2023-08-21 06:00:00+00:00,2023-08-21 10:00:00+00:00,1678.27,1671.15,0.00426053914968727,0.0032483684029234183,0.0010121707467638519,5.041924062981029,4
SOL,short,2023-08-21 05:00:00+00:00,2023-08-21 06:00:00+00:00,2023-08-21 10:00:00+00:00,21.56,21.258,0.014206416407940514,0.012989910921888503,0.0012165054860520108,6.000925858297193,4
AVAX,long,2023-08-21 07:00:00+00:00,2023-08-21 08:00:00+00:00,2023-08-21 12:00:00+00:00,10.72,10.55,-0.01585820895522383,-0.01737473047273208,0.0015165215175082514,7.710732744665526,4
BNB,long,2023-08-21 08:00:00+00:00,2023-08-21 09:00:00+00:00,2023-08-21 13:00:00+00:00,214.83,208.99,-0.027184285248801343,-0.028439559321337793,0.0012552740725364497,6.455921962584254,4
ETH,short,2023-08-21 13:00:00+00:00,2023-08-21 14:00:00+00:00,2023-08-21 18:00:00+00:00,1678.31,1665.39,0.007757942584019295,0.006742246886002334,0.0010156956980169607,5.041924062981029,4
DOT,short,2023-08-21 14:00:00+00:00,2023-08-21 15:00:00+00:00,2023-08-21 19:00:00+00:00,4.458,4.418,0.009053870529651453,0.00722980432058784,0.0018240662090636128,9.046674492363598,4
AVAX,long,2023-08-21 16:00:00+00:00,2023-08-21 17:00:00+00:00,2023-08-21 21:00:00+00:00,10.29,10.39,0.009718172983479212,0.008162239326477527,0.0015559336570016846,7.710732744665526,4
BNB,long,2023-08-21 16:00:00+00:00,2023-08-21 17:00:00+00:00,2023-08-21 21:00:00+00:00,208.52,211.02,0.011989257625167893,0.010683435918630968,0.0013058217065369249,6.455921962584254,4
AVAX,long,2023-08-21 22:00:00+00:00,2023-08-21 23:00:00+00:00,2023-08-22 03:00:00+00:00,10.35,10.35,0.0,-0.0015409583571269758,0.0015409583571269758,7.710732744665526,4
AVAX,long,2023-08-22 04:00:00+00:00,2023-08-22 05:00:00+00:00,2023-08-22 09:00:00+00:00,10.23,10.26,0.0029325513196480912,0.0013870740230572665,0.0015454772965908248,7.710732744665526,4
AVAX,long,2023-08-22 10:00:00+00:00,2023-08-22 11:00:00+00:00,2023-08-22 15:00:00+00:00,10.21,10.11,-0.009794319294809117,-0.011320185013766304,0.0015258657189571867,7.710732744665526,4
BNB,long,2023-08-22 12:00:00+00:00,2023-08-22 13:00:00+00:00,2023-08-22 17:00:00+00:00,209.09,206.95,-0.010234827107943989,-0.011511971936704057,0.0012771448287600684,6.455921962584254,4
LINK,short,2023-08-22 14:00:00+00:00,2023-08-22 15:00:00+00:00,2023-08-22 19:00:00+00:00,6.152,6.071,0.013342118267171799,0.01201820327112224,0.0013239149960495578,6.536688716426203,4
AVAX,long,2023-08-22 16:00:00+00:00,2023-08-22 17:00:00+00:00,2023-08-22 21:00:00+00:00,9.98,9.99,0.0010020040080160886,-0.0005404983955609177,0.0015425024035770063,7.710732744665526,4
BNB,long,2023-08-22 18:00:00+00:00,2023-08-22 19:00:00+00:00,2023-08-22 23:00:00+00:00,208.38,208.73,0.001679623764276883,0.00038710510772821394,0.001292518656548669,6.455921962584254,4
XRP,short,2023-08-22 21:00:00+00:00,2023-08-22 22:00:00+00:00,2023-08-23 02:00:00+00:00,0.51365,0.52075,-0.013634181469035056,-0.014766424216447915,0.0011322427474128594,5.742762706652812,4
AVAX,long,2023-08-22 22:00:00+00:00,2023-08-22 23:00:00+00:00,2023-08-23 03:00:00+00:00,10.04,10.1,0.005976095617529875,0.004425928345918262,0.0015501672716116133,7.710732744665526,4
AVAX,long,2023-08-23 04:00:00+00:00,2023-08-23 05:00:00+00:00,2023-08-23 09:00:00+00:00,10.15,10.17,0.0019704433497536034,0.00042644862147978024,0.0015439947282738231,7.710732744665526,4
ADA,long,2023-08-23 06:00:00+00:00,2023-08-23 07:00:00+00:00,2023-08-23 11:00:00+00:00,0.2602,0.25995,-0.0009607993850883068,-0.0029546433884339862,0.0019938440033456795,9.988775255673833,4
DOT,long,2023-08-23 07:00:00+00:00,2023-08-23 08:00:00+00:00,2023-08-23 12:00:00+00:00,4.413,4.416,0.0006798096532971698,-0.0011291187698432292,0.001808928423140399,9.046674492363598,4
AVAX,long,2023-08-23 11:00:00+00:00,2023-08-23 12:00:00+00:00,2023-08-23 16:00:00+00:00,10.12,10.29,0.01679841897233203,0.015231574951103166,0.0015668440212288637,7.710732744665526,4
AVAX,long,2023-08-23 17:00:00+00:00,2023-08-23 18:00:00+00:00,2023-08-23 22:00:00+00:00,10.39,10.29,-0.009624639076034835,-0.011150766265143108,0.0015261271891082728,7.710732744665526,4
ETH,long,2023-08-23 19:00:00+00:00,2023-08-23 20:00:00+00:00,2023-08-24 00:00:00+00:00,1687.07,1679.43,-0.004528561351929583,-0.005531873769533346,0.0010033124176037633,5.041924062981029,4
SOL,long,2023-08-23 19:00:00+00:00,2023-08-23 20:00:00+00:00,2023-08-24 00:00:00+00:00,21.486,21.722,0.010983896490738276,0.009771256305767695,0.0012126401849705815,6.000925858297193,4
BNB,short,2023-08-23 20:00:00+00:00,2023-08-23 21:00:00+00:00,2023-08-24 01:00:00+00:00,217.08,216.21,0.004023865686138439,0.0027283221338574304,0.0012955435522810088,6.455921962584254,4
LINK,long,2023-08-23 21:00:00+00:00,2023-08-23 22:00:00+00:00,2023-08-24 02:00:00+00:00,6.305,6.322,0.0026962727993655733,0.0013862664272707992,0.001310006372094774,6.536688716426203,4
AVAX,long,2023-08-23 23:00:00+00:00,2023-08-24 00:00:00+00:00,2023-08-24 04:00:00+00:00,10.33,10.3,-0.0029041626331074433,-0.004440645796554343,0.0015364831634469,7.710732744665526,4
AVAX,long,2023-08-24 06:00:00+00:00,2023-08-24 07:00:00+00:00,2023-08-24 11:00:00+00:00,10.296,10.294,-0.0001942501942501229,-0.0017349092199169247,0.0015406590256668018,7.710732744665526,4
BNB,long,2023-08-24 08:00:00+00:00,2023-08-24 09:00:00+00:00,2023-08-24 13:00:00+00:00,219.95,218.99,-0.004364628324619146,-0.005649347772314295,0.0012847194476951485,6.455921962584254,4
XRP,long,2023-08-24 08:00:00+00:00,2023-08-24 09:00:00+00:00,2023-08-24 13:00:00+00:00,0.52715,0.52409,-0.005804799392962301,-0.0069460294358651975,0.0011412300429028965,5.742762706652812,4
LINK,long,2023-08-24 10:00:00+00:00,2023-08-24 11:00:00+00:00,2023-08-24 15:00:00+00:00,6.3,6.17,-0.020634920634920673,-0.02191444518226293,0.001279524547342259,6.536688716426203,4
ETH,short,2023-08-24 13:00:00+00:00,2023-08-24 14:00:00+00:00,2023-08-24 18:00:00+00:00,1665.56,1649.51,0.009730162290619626,0.008712478838414084,0.0010176834522055422,5.041924062981029,4
DOT,short,2023-08-24 15:00:00+00:00,2023-08-24 16:00:00+00:00,2023-08-24 20:00:00+00:00,4.388,4.406,-0.004085338175215614,-0.005885652642858452,0.0018003144676428384,9.046674492363598,4
AVAX,long,2023-08-24 16:00:00+00:00,2023-08-24 17:00:00+00:00,2023-08-24 21:00:00+00:00,10.134,10.02,-0.011249259917110788,-0.012772883633156873,0.0015236237160460853,7.710732744665526,4
LINK,long,2023-08-24 17:00:00+00:00,2023-08-24 18:00:00+00:00,2023-08-24 22:00:00+00:00,6.081,6.042,-0.006413418845584662,-0.007711523553709632,0.0012981047081249697,6.536688716426203,4
ETH,short,2023-08-24 19:00:00+00:00,2023-08-24 20:00:00+00:00,2023-08-25 00:00:00+00:00,1649.98,1660.8,-0.006514932562620368,-0.007516242963064967,0.0010013104004445994,5.041924062981029,4
DOT,long,2023-08-25 01:00:00+00:00,2023-08-25 02:00:00+00:00,2023-08-25 06:00:00+00:00,4.428,4.404,-0.005420054200542035,-0.007217955902651174,0.0017979017021091392,9.046674492363598,4
ADA,short,2023-08-25 05:00:00+00:00,2023-08-25 06:00:00+00:00,2023-08-25 10:00:00+00:00,0.26207,0.26311,-0.0039527193949298045,-0.005940592239419451,0.0019878728444896465,9.988775255673833,4
AVAX,long,2023-08-25 06:00:00+00:00,2023-08-25 07:00:00+00:00,2023-08-25 11:00:00+00:00,10.005,10.026,0.0020989505247375195,0.0005547577722584407,0.0015441927524790788,7.710732744665526,4
XRP,long,2023-08-25 06:00:00+00:00,2023-08-25 07:00:00+00:00,2023-08-25 11:00:00+00:00,0.51095,0.51199,0.00203542420980507,0.0008851944264960387,0.0011502297833090314,5.742762706652812,4
DOT,short,2023-08-25 09:00:00+00:00,2023-08-25 10:00:00+00:00,2023-08-25 14:00:00+00:00,4.454,4.447,0.0015740948954350298,-0.00023645012671857923,0.001810545022153609,9.046674492363598,4
AVAX,long,2023-08-25 13:00:00+00:00,2023-08-25 14:00:00+00:00,2023-08-25 18:00:00+00:00,9.957,9.984,0.002711660138595917,0.0011665232261166558,0.0015451369124792613,7.710732744665526,4
DOT,short,2023-08-25 16:00:00+00:00,2023-08-25 17:00:00+00:00,2023-08-25 21:00:00+00:00,4.441,4.461,-0.004483299708585631,-0.006282894781351023,0.001799595072765392,9.046674492363598,4
LINK,long,2023-08-25 16:00:00+00:00,2023-08-25 17:00:00+00:00,2023-08-25 21:00:00+00:00,5.941,5.967,0.004376367614879584,0.0030641662262340663,0.0013122013886455175,6.536688716426203,4
BNB,long,2023-08-25 17:00:00+00:00,2023-08-25 18:00:00+00:00,2023-08-25 22:00:00+00:00,217.19,218.15,0.004420093006123782,0.003124038181384625,0.0012960548247391568,6.455921962584254,4
LINK,long,2023-08-26 02:00:00+00:00,2023-08-26 03:00:00+00:00,2023-08-26 07:00:00+00:00,6.019,6.019,0.0,-0.0013064837355359904,0.0013064837355359904,6.536688716426203,4
AVAX,long,2023-08-26 12:00:00+00:00,2023-08-26 13:00:00+00:00,2023-08-26 17:00:00+00:00,10.048,10.017,-0.0030851910828025852,-0.004621395288947117,0.0015362042061445313,7.710732744665526,4
SOL,short,2023-08-26 20:00:00+00:00,2023-08-26 21:00:00+00:00,2023-08-27 01:00:00+00:00,20.291,20.333,-0.00206560763291197,-0.003262595389441958,0.001196987756529988,6.000925858297193,4
LINK,long,2023-08-27 09:00:00+00:00,2023-08-27 10:00:00+00:00,2023-08-27 14:00:00+00:00,5.988,5.983,-0.0008350033400135182,-0.0021403961572665775,0.0013053928172530593,6.536688716426203,4
AVAX,long,2023-08-27 16:00:00+00:00,2023-08-27 17:00:00+00:00,2023-08-27 21:00:00+00:00,10.246,10.186,-0.005855943782939743,-0.007387878374555457,0.0015319345916157134,7.710732744665526,4
DOT,short,2023-08-28 00:00:00+00:00,2023-08-28 01:00:00+00:00,2023-08-28 05:00:00+00:00,4.457,4.471,-0.0031312905390293855,-0.004933329638137307,0.0018020390991079216,9.046674492363598,4
SOL,short,2023-08-28 08:00:00+00:00,2023-08-28 09:00:00+00:00,2023-08-28 13:00:00+00:00,20.265,20.622,-0.01731160896130346,-0.018490309667035687,0.0011787007057322274,6.000925858297193,4
DOT,long,2023-08-28 15:00:00+00:00,2023-08-28 16:00:00+00:00,2023-08-28 20:00:00+00:00,4.565,4.58,0.003285870755750153,0.0014722313571757795,0.0018136393985743737,9.046674492363598,4
ETH,long,2023-08-28 19:00:00+00:00,2023-08-28 20:00:00+00:00,2023-08-29 00:00:00+00:00,1646.55,1653.23,0.004056967598919048,0.0030450020271675093,0.0010119655717515386,5.041924062981029,4
LINK,short,2023-08-29 07:00:00+00:00,2023-08-29 08:00:00+00:00,2023-08-29 12:00:00+00:00,5.887,5.886,0.00016989466530747954,-0.0011368110348454197,0.0013067057001528992,6.536688716426203,4
ETH,long,2023-08-29 11:00:00+00:00,2023-08-29 12:00:00+00:00,2023-08-29 16:00:00+00:00,1642.28,1716.09,0.04494361497430388,0.04389044070541348,0.0010531742688904,5.041924062981029,4
DOT,long,2023-08-29 12:00:00+00:00,2023-08-29 13:00:00+00:00,2023-08-29 17:00:00+00:00,4.569,4.712,0.03129787699715458,0.029433600308020003,0.0018642766891345808,9.046674492363598,4
BNB,long,2023-08-29 14:00:00+00:00,2023-08-29 15:00:00+00:00,2023-08-29 19:00:00+00:00,231.03,227.97,-0.013245033112582738,-0.014518293717955655,0.0012732606053729167,6.455921962584254,4
SOL,short,2023-08-29 16:00:00+00:00,2023-08-29 17:00:00+00:00,2023-08-29 21:00:00+00:00,21.699,21.721,-0.0010128447124901907,-0.002211095221698045,0.0011982505092078544,6.000925858297193,4
XRP,short,2023-08-29 16:00:00+00:00,2023-08-29 17:00:00+00:00,2023-08-29 21:00:00+00:00,0.53949,0.53874,0.0013921372090432982,0.00024264585059374788,0.0011494913584495503,5.742762706652812,4
SOL,long,2023-08-29 23:00:00+00:00,2023-08-30 00:00:00+00:00,2023-08-30 04:00:00+00:00,21.783,21.632,-0.006932011201395527,-0.008123161875313367,0.0011911506739178401,6.000925858297193,4
BNB,long,2023-08-30 02:00:00+00:00,2023-08-30 03:00:00+00:00,2023-08-30 07:00:00+00:00,225.26,224.42,-0.003729024238657619,-0.005014563838944275,0.001285539600286656,6.455921962584254,4
SOL,long,2023-08-30 09:00:00+00:00,2023-08-30 10:00:00+00:00,2023-08-30 14:00:00+00:00,21.527,21.41,-0.005435035072234862,-0.006627981317196441,0.001192946244961579,6.000925858297193,4
SOL,long,2023-08-30 23:00:00+00:00,2023-08-31 00:00:00+00:00,2023-08-31 04:00:00+00:00,20.817,20.648,-0.008118364798001654,-0.009308092481850272,0.0011897276838486182,6.000925858297193,4
DOT,long,2023-08-31 15:00:00+00:00,2023-08-31 16:00:00+00:00,2023-08-31 20:00:00+00:00,4.367,4.309,-0.013281428898557324,-0.015065119597307497,0.0017836906987501733,9.046674492363598,4
ADA,short,2023-08-31 16:00:00+00:00,2023-08-31 17:00:00+00:00,2023-08-31 21:00:00+00:00,0.25276,0.25392,-0.0045683679899181096,-0.006555012146625905,0.0019866441567077953,9.988775255673833,4
ETH,short,2023-08-31 16:00:00+00:00,2023-08-31 17:00:00+00:00,2023-08-31 21:00:00+00:00,1650.78,1649.34,0.0008730765033286847,-0.00013568009893505373,0.0010087566022637384,5.041924062981029,4
LINK,short,2023-08-31 16:00:00+00:00,2023-08-31 17:00:00+00:00,2023-08-31 21:00:00+00:00,5.824,5.831,-0.0012004801920769692,-0.0025053955197670286,0.0013049153276900594,6.536688716426203,4
SOL,short,2023-08-31 16:00:00+00:00,2023-08-31 17:00:00+00:00,2023-08-31 21:00:00+00:00,19.689,19.637,0.0026480623313134277,0.0014454206908420808,0.001202641640471347,6.000925858297193,4
XRP,short,2023-08-31 16:00:00+00:00,2023-08-31 17:00:00+00:00,2023-08-31 21:00:00+00:00,0.50771,0.509,-0.002534381139489228,-0.003679365273702717,0.0011449841342134892,5.742762706652812,4
AVAX,long,2023-08-31 17:00:00+00:00,2023-08-31 18:00:00+00:00,2023-08-31 22:00:00+00:00,10.035,9.975,-0.005979073243647326,-0.007510818097891558,0.0015317448542442325,7.710732744665526,4
DOT,long,2023-08-31 23:00:00+00:00,2023-09-01 00:00:00+00:00,2023-09-01 04:00:00+00:00,4.271,4.278,0.001638960430812464,-0.00017170184873926964,0.0018106622795517335,9.046674492363598,4
LINK,short,2023-09-01 00:00:00+00:00,2023-09-01 01:00:00+00:00,2023-09-01 05:00:00+00:00,5.925,5.996,-0.011841227484990058,-0.013132240849408228,0.0012910133644181698,6.536688716426203,4
BNB,long,2023-09-01 05:00:00+00:00,2023-09-01 06:00:00+00:00,2023-09-01 10:00:00+00:00,214.95,214.49,-0.002140032565712824,-0.0034276225235525537,0.0012875899578397298,6.455921962584254,4
XRP,long,2023-09-01 10:00:00+00:00,2023-09-01 11:00:00+00:00,2023-09-01 15:00:00+00:00,0.50576,0.50149,-0.008442739639354602,-0.00958094160823486,0.0011382019688802592,5.742762706652812,4
DOT,short,2023-09-01 20:00:00+00:00,2023-09-01 21:00:00+00:00,2023-09-02 01:00:00+00:00,4.219,4.209,0.002375861249703126,0.0005638668748866316,0.0018119943748164946,9.046674492363598,4
AVAX,long,2023-09-01 22:00:00+00:00,2023-09-01 23:00:00+00:00,2023-09-02 03:00:00+00:00,9.888,9.886,-0.00020226537216838647,-0.0017429120467796766,0.0015406466746112901,7.710732744665526,4
DOT,short,2023-09-02 15:00:00+00:00,2023-09-02 16:00:00+00:00,2023-09-02 20:00:00+00:00,4.249,4.244,0.0011781338360037363,-0.0006316954075282766,0.001809829243532013,9.046674492363598,4
ADA,long,2023-09-03 06:00:00+00:00,2023-09-03 07:00:00+00:00,2023-09-03 11:00:00+00:00,0.25647,0.25531,-0.0045229461535462034,-0.006509680961407804,0.001986734807861601,9.988775255673833,4
DOT,short,2023-09-03 06:00:00+00:00,2023-09-03 07:00:00+00:00,2023-09-03 11:00:00+00:00,4.299,4.285,0.003267211201867015,0.0014536055341594079,0.0018136056677076073,9.046674492363598,4
BNB,short,2023-09-03 09:00:00+00:00,2023-09-03 10:00:00+00:00,2023-09-03 14:00:00+00:00,214.05,214.19,-0.0006536252859610236,-0.0019431332314434613,0.0012895079454824376,6.455921962584254,4
DOT,short,2023-09-03 12:00:00+00:00,2023-09-03 13:00:00+00:00,2023-09-03 17:00:00+00:00,4.259,4.241,0.004244282008960321,0.002428910090812586,0.0018153719181477346,9.046674492363598,4
LINK,long,2023-09-04 08:00:00+00:00,2023-09-04 09:00:00+00:00,2023-09-04 13:00:00+00:00,6.156,6.048,-0.01754385964912275,-0.018827422617368583,0.0012835629682458327,6.536688716426203,4
DOT,short,2023-09-04 14:00:00+00:00,2023-09-04 15:00:00+00:00,2023-09-04 19:00:00+00:00,4.232,4.274,-0.009826860084230171,-0.011616795605407737,0.0017899355211775658,9.046674492363598,4
LINK,short,2023-09-04 18:00:00+00:00,2023-09-04 19:00:00+00:00,2023-09-04 23:00:00+00:00,6.03,5.991,0.006509764646970506,0.0051947760098012274,0.0013149886371692787,6.536688716426203,4
ADA,long,2023-09-04 22:00:00+00:00,2023-09-04 23:00:00+00:00,2023-09-05 03:00:00+00:00,0.2557,0.25488,-0.003206883066093069,-0.005196244422035479,0.0019893613559424095,9.988775255673833,4
DOT,long,2023-09-05 00:00:00+00:00,2023-09-05 01:00:00+00:00,2023-09-05 05:00:00+00:00,4.254,4.241,-0.003055947343676535,-0.004858122640643336,0.0018021752969668015,9.046674492363598,4
AVAX,long,2023-09-05 01:00:00+00:00,2023-09-05 02:00:00+00:00,2023-09-05 06:00:00+00:00,9.74,9.785,0.00462012320328542,0.003072045428697434,0.001548077774587986,7.710732744665526,4
DOT,long,2023-09-05 13:00:00+00:00,2023-09-05 14:00:00+00:00,2023-09-05 18:00:00+00:00,4.267,4.256,-0.0025779235997187566,-0.004380963019983919,0.0018030394202651623,9.046674492363598,4
ADA,long,2023-09-05 15:00:00+00:00,2023-09-05 16:00:00+00:00,2023-09-05 20:00:00+00:00,0.25772,0.25659,-0.004384603445599988,-0.006371614352516097,0.001987010906916109,9.988775255673833,4
LINK,short,2023-09-05 20:00:00+00:00,2023-09-05 21:00:00+00:00,2023-09-06 01:00:00+00:00,6.108,6.144,-0.005859375000000111,-0.007158203557398268,0.0012988285573981573,6.536688716426203,4
DOT,long,2023-09-06 13:00:00+00:00,2023-09-06 14:00:00+00:00,2023-09-06 18:00:00+00:00,4.243,4.249,0.0014140938015554383,-0.0003961619866957866,0.001810255788251225,9.046674492363598,4
AVAX,long,2023-09-06 17:00:00+00:00,2023-09-06 18:00:00+00:00,2023-09-06 22:00:00+00:00,9.97,9.943,-0.0027081243731195137,-0.004244909623361437,0.0015367852502419233,7.710732744665526,4
ETH,long,2023-09-06 17:00:00+00:00,2023-09-06 18:00:00+00:00,2023-09-06 22:00:00+00:00,1646.63,1632.26,-0.0087269149717909,-0.009725995966817669,0.0009990809950267687,5.041924062981029,4
LINK,long,2023-09-06 17:00:00+00:00,2023-09-06 18:00:00+00:00,2023-09-06 22:00:00+00:00,6.274,6.266,-0.0012751036021676487,-0.0025799214355861633,0.0013048178334185145,6.536688716426203,4
SOL,long,2023-09-06 17:00:00+00:00,2023-09-06 18:00:00+00:00,2023-09-06 22:00:00+00:00,19.642,19.618,-0.0012218714998473157,-0.002419871288660058,0.0011979997888127425,6.000925858297193,4
ADA,long,2023-09-08 00:00:00+00:00,2023-09-08 01:00:00+00:00,2023-09-08 05:00:00+00:00,0.25902,0.25824,-0.0030113504748665587,-0.005001102067232477,0.001989751592365918,9.988775255673833,4
LINK,short,2023-09-08 08:00:00+00:00,2023-09-08 09:00:00+00:00,2023-09-08 13:00:00+00:00,6.277,6.241,0.005768306361160214,0.004454286427181708,0.0013140199339785053,6.536688716426203,4
AVAX,long,2023-09-08 09:00:00+00:00,2023-09-08 10:00:00+00:00,2023-09-08 14:00:00+00:00,9.979,9.943,-0.0036075759094097437,-0.005142975142290118,0.0015353992328803745,7.710732744665526,4
DOT,short,2023-09-08 18:00:00+00:00,2023-09-08 19:00:00+00:00,2023-09-08 23:00:00+00:00,4.235,4.242,-0.0016501650165016146,-0.003454881545522648,0.0018047165290210332,9.046674492363598,4
XRP,long,2023-09-08 18:00:00+00:00,2023-09-08 19:00:00+00:00,2023-09-08 23:00:00+00:00,0.50363,0.50501,0.002740106824454358,0.0015890681406696139,0.0011510386837847442,5.742762706652812,4
DOT,long,2023-09-09 05:00:00+00:00,2023-09-09 06:00:00+00:00,2023-09-09 10:00:00+00:00,4.25,4.274,0.005647058823529338,0.0038291511063910377,0.0018179077171383007,9.046674492363598,4
BNB,short,2023-09-09 13:00:00+00:00,2023-09-09 14:00:00+00:00,2023-09-09 18:00:00+00:00,215.0,214.88,0.0005584512285927712,-0.0007326207214587432,0.0012910719500515144,6.455921962584254,4
LINK,short,2023-09-10 05:00:00+00:00,2023-09-10 06:00:00+00:00,2023-09-10 10:00:00+00:00,6.095,6.097,-0.0003280301787765838,-0.001634085348219183,0.0013060551694425993,6.536688716426203,4
SOL,long,2023-09-10 09:00:00+00:00,2023-09-10 10:00:00+00:00,2023-09-10 14:00:00+00:00,18.326,18.358,0.0017461530066571473,0.0005445931751979494,0.001201559831459198,6.000925858297193,4
LINK,short,2023-09-10 11:00:00+00:00,2023-09-10 12:00:00+00:00,2023-09-10 16:00:00+00:00,6.086,6.046,0.006615944426066722,0.005300817066743013,0.001315127359323709,6.536688716426203,4
LINK,short,2023-09-10 19:00:00+00:00,2023-09-10 20:00:00+00:00,2023-09-11 00:00:00+00:00,6.04,6.017,0.0038225029084260065,0.0025110251350113355,0.001311477773414671,6.536688716426203,4
LINK,short,2023-09-11 07:00:00+00:00,2023-09-11 08:00:00+00:00,2023-09-11 12:00:00+00:00,5.989,5.887,0.01732631221335157,0.015997191932711985,0.001329120280639584,6.536688716426203,4
SOL,long,2023-09-11 08:00:00+00:00,2023-09-11 09:00:00+00:00,2023-09-11 13:00:00+00:00,18.013,17.84,-0.009604174762671502,-0.010792120268904193,0.0011879455062326905,6.000925858297193,4
ADA,long,2023-09-11 19:00:00+00:00,2023-09-11 20:00:00+00:00,2023-09-12 00:00:00+00:00,0.23806,0.24207,0.016844492984961823,0.0148151138640773,0.0020293791208845224,9.988775255673833,4
DOT,long,2023-09-12 01:00:00+00:00,2023-09-12 02:00:00+00:00,2023-09-12 06:00:00+00:00,3.968,4.014,0.011592741935483986,0.00976408620976943,0.0018286557257145564,9.046674492363598,4
LINK,long,2023-09-12 03:00:00+00:00,2023-09-12 04:00:00+00:00,2023-09-12 08:00:00+00:00,5.94,5.918,-0.0037037037037037646,-0.005005348610589544,0.0013016449068857794,6.536688716426203,4
AVAX,long,2023-09-12 08:00:00+00:00,2023-09-12 09:00:00+00:00,2023-09-12 13:00:00+00:00,9.295,9.402,0.011511565357719133,0.00995286815775076,0.001558697199968373,7.710732744665526,4
SOL,short,2023-09-12 11:00:00+00:00,2023-09-12 12:00:00+00:00,2023-09-12 16:00:00+00:00,18.306,18.0,0.017000000000000126,0.015780143707139427,0.0012198562928606993,6.000925858297193,4
XRP,short,2023-09-12 11:00:00+00:00,2023-09-12 12:00:00+00:00,2023-09-12 16:00:00+00:00,0.47902,0.48262,-0.007459284737474592,-0.008598615607680382,0.0011393308702057903,5.742762706652812,4
AVAX,long,2023-09-12 14:00:00+00:00,2023-09-12 15:00:00+00:00,2023-09-12 19:00:00+00:00,9.357,9.275,-0.008763492572405607,-0.010290946752415375,0.0015274541800097685,7.710732744665526,4
BNB,long,2023-09-12 16:00:00+00:00,2023-09-12 17:00:00+00:00,2023-09-12 21:00:00+00:00,211.9,212.04,0.0006606890042473168,-0.0006305148684563333,0.0012912038727036501,6.455921962584254,4
DOT,short,2023-09-12 17:00:00+00:00,2023-09-12 18:00:00+00:00,2023-09-12 22:00:00+00:00,3.975,3.997,-0.005504128096072036,-0.0073018778178397525,0.0017977497217677163,9.046674492363598,4
ETH,long,2023-09-13 07:00:00+00:00,2023-09-13 08:00:00+00:00,2023-09-13 12:00:00+00:00,1584.29,1604.48,0.012743878961553712,0.011723158054689486,0.0010207209068642253,5.041924062981029,4
XRP,short,2023-09-13 10:00:00+00:00,2023-09-13 11:00:00+00:00,2023-09-13 15:00:00+00:00,0.48086,0.48194,-0.0022409428559571065,-0.0033862638260201416,0.0011453209700630351,5.742762706652812,4
SOL,short,2023-09-13 13:00:00+00:00,2023-09-13 14:00:00+00:00,2023-09-13 18:00:00+00:00,18.105,17.942,0.009084828893100028,0.00787446657396984,0.001210362319130187,6.000925858297193,4
BNB,short,2023-09-13 18:00:00+00:00,2023-09-13 19:00:00+00:00,2023-09-13 23:00:00+00:00,211.41,212.78,-0.006438575054046436,-0.007720618381775846,0.0012820433277294097,6.455921962584254,4
ADA,long,2023-09-14 00:00:00+00:00,2023-09-14 01:00:00+00:00,2023-09-14 05:00:00+00:00,0.25186,0.24718,-0.018581751766854504,-0.020540428551318102,0.0019586767844635977,9.988775255673833,4
SOL,long,2023-09-14 00:00:00+00:00,2023-09-14 01:00:00+00:00,2023-09-14 05:00:00+00:00,19.263,18.727,-0.027825364688781717,-0.02899145450849039,0.001166089819708671,6.000925858297193,4
ETH,short,2023-09-14 14:00:00+00:00,2023-09-14 15:00:00+00:00,2023-09-14 19:00:00+00:00,1636.4,1629.45,0.004265242873362274,0.0032530673858253145,0.0010121754875369593,5.041924062981029,4
SOL,short,2023-09-14 14:00:00+00:00,2023-09-14 15:00:00+00:00,2023-09-14 19:00:00+00:00,19.114,18.879,0.012447693204089116,0.01123329724563571,0.001214395958453407,6.000925858297193,4
XRP,short,2023-09-14 14:00:00+00:00,2023-09-14 15:00:00+00:00,2023-09-14 19:00:00+00:00,0.48863,0.4895,-0.0017773237997956715,-0.002923176955082596,0.0011458531552869244,5.742762706652812,4
LINK,short,2023-09-14 18:00:00+00:00,2023-09-14 19:00:00+00:00,2023-09-14 23:00:00+00:00,6.124,6.193,-0.011141611496851223,-0.012433538898178886,0.0012919274013276638,6.536688716426203,4
BNB,short,2023-09-14 20:00:00+00:00,2023-09-14 21:00:00+00:00,2023-09-15 01:00:00+00:00,211.84,212.04,-0.0009432182607054251,-0.0022323525295016022,0.001289134268796177,6.455921962584254,4
DOT,long,2023-09-14 20:00:00+00:00,2023-09-14 21:00:00+00:00,2023-09-15 01:00:00+00:00,4.057,4.053,-0.00098595020951453,-0.0027918674393311305,0.0018059172298166004,9.046674492363598,4
ETH,long,2023-09-14 20:00:00+00:00,2023-09-14 21:00:00+00:00,2023-09-15 01:00:00+00:00,1626.92,1624.21,-0.0016657241904949327,-0.0026719219948233563,0.0010061978043284237,5.041924062981029,4
ADA,long,2023-09-14 23:00:00+00:00,2023-09-15 00:00:00+00:00,2023-09-15 04:00:00+00:00,0.25134,0.2541,0.01098114108379078,0.008963463815066186,0.0020176772687245936,9.988775255673833,4
DOT,long,2023-09-15 04:00:00+00:00,2023-09-15 05:00:00+00:00,2023-09-15 09:00:00+00:00,4.089,4.082,-0.001711910002445749,-0.0035165149150847563,0.0018046049126390074,9.046674492363598,4
XRP,short,2023-09-15 08:00:00+00:00,2023-09-15 09:00:00+00:00,2023-09-15 13:00:00+00:00,0.4968,0.49232,0.009099772505687387,0.007941433604064407,0.0011583389016229795,5.742762706652812,4
ADA,short,2023-09-15 12:00:00+00:00,2023-09-15 13:00:00+00:00,2023-09-15 17:00:00+00:00,0.24865,0.24757,0.004362402552813283,0.0023579347078248603,0.0020044678449884223,9.988775255673833,4
DOT,short,2023-09-15 15:00:00+00:00,2023-09-15 16:00:00+00:00,2023-09-15 20:00:00+00:00,4.114,4.109,0.0012168410805548646,-0.0005930581340447549,0.0018098992145996196,9.046674492363598,4
SOL,short,2023-09-15 17:00:00+00:00,2023-09-15 18:00:00+00:00,2023-09-15 22:00:00+00:00,18.648,18.783,-0.00718735026353623,-0.008378194667088446,0.0011908444035522159,6.000925858297193,4
DOT,long,2023-09-15 21:00:00+00:00,2023-09-15 22:00:00+00:00,2023-09-16 02:00:00+00:00,4.132,4.18,0.011616650532429773,0.00978795158715573,0.0018286989452740432,9.046674492363598,4
AVAX,long,2023-09-16 08:00:00+00:00,2023-09-16 09:00:00+00:00,2023-09-16 13:00:00+00:00,9.484,9.45,-0.003584985238296201,-0.005120419282459987,0.001535434044163786,7.710732744665526,4
SOL,short,2023-09-16 12:00:00+00:00,2023-09-16 13:00:00+00:00,2023-09-16 17:00:00+00:00,19.169,19.012,0.008257942352198677,0.007048571854848529,0.0012093704973501485,6.000925858297193,4
ADA,short,2023-09-17 04:00:00+00:00,2023-09-17 05:00:00+00:00,2023-09-17 09:00:00+00:00,0.24915,0.24939,-0.0009623481294357417,-0.002956189041857127,0.001993840912421385,9.988775255673833,4
ADA,short,2023-09-17 18:00:00+00:00,2023-09-17 19:00:00+00:00,2023-09-17 23:00:00+00:00,0.24784,0.24689,0.00384786747134358,0.0018444265156760675,0.0020034409556675126,9.988775255673833,4
BNB,long,2023-09-17 22:00:00+00:00,2023-09-17 23:00:00+00:00,2023-09-18 03:00:00+00:00,216.32,217.91,0.0073502218934911046,0.006050386172981481,0.0012998357205096234,6.455921962584254,4
SOL,long,2023-09-18 00:00:00+00:00,2023-09-18 01:00:00+00:00,2023-09-18 05:00:00+00:00,18.666,19.063,0.021268616736311863,0.02004364038544959,0.0012249763508622724,6.000925858297193,4
BNB,short,2023-09-18 11:00:00+00:00,2023-09-18 12:00:00+00:00,2023-09-18 16:00:00+00:00,219.74,219.36,0.0017323121808898723,0.00043972553777171797,0.0012925866431181543,6.455921962584254,4
LINK,short,2023-09-18 11:00:00+00:00,2023-09-18 12:00:00+00:00,2023-09-18 16:00:00+00:00,6.733,6.727,0.0008919280511370253,-0.0004157209738909762,0.0013076490250280015,6.536688716426203,4
ADA,short,2023-09-18 19:00:00+00:00,2023-09-18 20:00:00+00:00,2023-09-19 00:00:00+00:00,0.25208,0.25151,0.0022663114786689587,0.00026602693160904245,0.002000284547059916,9.988775255673833,4
ETH,long,2023-09-18 23:00:00+00:00,2023-09-19 00:00:00+00:00,2023-09-19 04:00:00+00:00,1636.62,1634.48,-0.0013075729246861956,-0.0023141317013120055,0.00100655877662581,5.041924062981029,4
DOT,long,2023-09-19 03:00:00+00:00,2023-09-19 04:00:00+00:00,2023-09-19 08:00:00+00:00,4.108,4.098,-0.0024342745861732906,-0.004237573680692552,0.0018032990945192617,9.046674492363598,4
SOL,long,2023-09-19 08:00:00+00:00,2023-09-19 09:00:00+00:00,2023-09-19 13:00:00+00:00,20.17,19.997,-0.008577094695091825,-0.009766272148309385,0.0011891774532175603,6.000925858297193,4
ADA,short,2023-09-19 10:00:00+00:00,2023-09-19 11:00:00+00:00,2023-09-19 15:00:00+00:00,0.2556,0.25561,-3.912210007439576e-05,-0.0020348055514881613,0.0019956834514137656,9.988775255673833,4
XRP,short,2023-09-19 11:00:00+00:00,2023-09-19 12:00:00+00:00,2023-09-19 16:00:00+00:00,0.50942,0.51168,-0.004416823014384064,-0.005559646306118937,0.0011428232917348735,5.742762706652812,4
BNB,long,2023-09-20 03:00:00+00:00,2023-09-20 04:00:00+00:00,2023-09-20 08:00:00+00:00,216.26,216.27,4.6240636271344115e-05,-0.0012441703821500782,0.0012904110184214224,6.455921962584254,4
LINK,short,2023-09-20 08:00:00+00:00,2023-09-20 09:00:00+00:00,2023-09-20 13:00:00+00:00,6.838,6.794,0.006476302619958796,0.0051613577003835065,0.0013149449195752894,6.536688716426203,4
DOT,short,2023-09-20 12:00:00+00:00,2023-09-20 13:00:00+00:00,2023-09-20 17:00:00+00:00,4.091,4.114,-0.005590666018473467,-0.007388259305679323,0.0017975932872058564,9.046674492363598,4
BNB,short,2023-09-20 17:00:00+00:00,2023-09-20 18:00:00+00:00,2023-09-20 22:00:00+00:00,215.95,214.38,0.007323444351152064,0.006023643183080463,0.0012998011680716015,6.455921962584254,4
SOL,short,2023-09-20 18:00:00+00:00,2023-09-20 19:00:00+00:00,2023-09-20 23:00:00+00:00,20.26,20.293,-0.0016261765140688222,-0.0028236913530133023,0.00119751483894448,6.000925858297193,4
ADA,short,2023-09-20 19:00:00+00:00,2023-09-20 20:00:00+00:00,2023-09-21 00:00:00+00:00,0.25117,0.25172,-0.0021849674241219974,-0.00417636827998924,0.0019914008558672425,9.988775255673833,4
DOT,short,2023-09-20 21:00:00+00:00,2023-09-20 22:00:00+00:00,2023-09-21 02:00:00+00:00,4.139,4.142,-0.0007242877836793893,-0.002530678020540633,0.001806390236861244,9.046674492363598,4
BNB,long,2023-09-21 05:00:00+00:00,2023-09-21 06:00:00+00:00,2023-09-21 10:00:00+00:00,214.09,211.57,-0.011770750618898651,-0.013045913566680167,0.0012751629477815163,6.455921962584254,4
XRP,short,2023-09-21 07:00:00+00:00,2023-09-21 08:00:00+00:00,2023-09-21 12:00:00+00:00,0.50968,0.50523,0.008807869683114644,0.007649865854795879,0.0011580038283187655,5.742762706652812,4
SOL,long,2023-09-21 13:00:00+00:00,2023-09-21 14:00:00+00:00,2023-09-21 18:00:00+00:00,19.399,19.616,0.01118614361565018,0.009973260842254916,0.001212882773395263,6.000925858297193,4
BNB,long,2023-09-21 15:00:00+00:00,2023-09-21 16:00:00+00:00,2023-09-21 20:00:00+00:00,210.62,210.59,-0.00014243661570600974,-0.0014326041741800077,0.001290167558473998,6.455921962584254,4
ADA,short,2023-09-21 16:00:00+00:00,2023-09-21 17:00:00+00:00,2023-09-21 21:00:00+00:00,0.24794,0.24629,0.006699419383653371,0.004690287410379135,0.0020091319732742363,9.988775255673833,4
ETH,long,2023-09-22 00:00:00+00:00,2023-09-22 01:00:00+00:00,2023-09-22 05:00:00+00:00,1590.89,1594.0,0.001954880601424236,0.0009450336740715048,0.001009846927352731,5.041924062981029,4
DOT,long,2023-09-22 06:00:00+00:00,2023-09-22 07:00:00+00:00,2023-09-22 11:00:00+00:00,4.013,4.02,0.0017443309244953298,-6.652183324828975e-05,0.0018108527577436195,9.046674492363598,4
ADA,long,2023-09-22 18:00:00+00:00,2023-09-22 19:00:00+00:00,2023-09-22 23:00:00+00:00,0.24412,0.24513,0.0041373095199082055,0.002133290906935148,0.0020040186129730575,9.988775255673833,4
DOT,long,2023-09-22 18:00:00+00:00,2023-09-22 19:00:00+00:00,2023-09-22 23:00:00+00:00,4.014,4.021,0.0017438963627303128,-6.695560945590984e-05,0.0018108519721862226,9.046674492363598,4
ADA,long,2023-09-23 19:00:00+00:00,2023-09-23 20:00:00+00:00,2023-09-24 00:00:00+00:00,0.24635,0.24614,-0.0008524457073270097,-0.002846505958774337,0.001994060251447327,9.988775255673833,4
DOT,long,2023-09-24 05:00:00+00:00,2023-09-24 06:00:00+00:00,2023-09-24 10:00:00+00:00,4.013,4.027,0.0034886618489908816,0.0016746558650522214,0.0018140059839386602,9.046674492363598,4
BNB,short,2023-09-24 18:00:00+00:00,2023-09-24 19:00:00+00:00,2023-09-24 23:00:00+00:00,210.32,209.7,0.0029566046733429108,0.0016624382627523637,0.001294166410590547,6.455921962584254,4
ADA,long,2023-09-25 04:00:00+00:00,2023-09-25 05:00:00+00:00,2023-09-25 09:00:00+00:00,0.24494,0.24483,-0.0004490895729566402,-0.0024439548270597244,0.0019948652541030842,9.988775255673833,4
LINK,long,2023-09-25 14:00:00+00:00,2023-09-25 15:00:00+00:00,2023-09-25 19:00:00+00:00,7.33,7.483,0.02087312414733966,0.01953937001459538,0.0013337541327442803,6.536688716426203,4
ETH,short,2023-09-25 15:00:00+00:00,2023-09-25 16:00:00+00:00,2023-09-25 20:00:00+00:00,1584.8,1591.51,-0.004216121796281502,-0.005219749114417693,0.001003627318136191,5.041924062981029,4
ETH,long,2023-09-26 10:00:00+00:00,2023-09-26 11:00:00+00:00,2023-09-26 15:00:00+00:00,1588.66,1587.15,-0.0009504865735903145,-0.001957405249211064,0.0010069186756207493,5.041924062981029,4
DOT,short,2023-09-26 20:00:00+00:00,2023-09-26 21:00:00+00:00,2023-09-27 01:00:00+00:00,4.001,4.019,-0.004478726051256432,-0.00627832939182027,0.0017996033405638379,9.046674492363598,4
ETH,short,2023-09-26 20:00:00+00:00,2023-09-26 21:00:00+00:00,2023-09-27 01:00:00+00:00,1587.37,1594.6,-0.004534052426940938,-0.0055373593102184815,0.0010033068832775438,5.041924062981029,4
DOT,long,2023-09-27 11:00:00+00:00,2023-09-27 12:00:00+00:00,2023-09-27 16:00:00+00:00,4.06,4.007,-0.01305418719211826,-0.01483828867559478,0.001784101483476519,9.046674492363598,4
DOT,short,2023-09-28 12:00:00+00:00,2023-09-28 13:00:00+00:00,2023-09-28 17:00:00+00:00,4.036,4.076,-0.00981354268891066,-0.011603502283937472,0.0017899595950268132,9.046674492363598,4
ETH,long,2023-09-28 14:00:00+00:00,2023-09-28 15:00:00+00:00,2023-09-28 19:00:00+00:00,1639.54,1650.68,0.0067945887261060545,0.005779863969947341,0.0010147247561587136,5.041924062981029,4
ADA,short,2023-09-28 20:00:00+00:00,2023-09-28 21:00:00+00:00,2023-09-29 01:00:00+00:00,0.24948,0.24912,0.0014450867052022698,-0.0005535588730473107,0.0019986455782495804,9.988775255673833,4
DOT,short,2023-09-29 01:00:00+00:00,2023-09-29 02:00:00+00:00,2023-09-29 06:00:00+00:00,4.077,4.085,-0.001958384332925389,-0.0037625436940327273,0.001804159361107338,9.046674492363598,4
ETH,short,2023-09-29 14:00:00+00:00,2023-09-29 15:00:00+00:00,2023-09-29 19:00:00+00:00,1673.57,1666.49,0.004248450335735621,0.0032362917730051066,0.001012158562730514,5.041924062981029,4
ETH,short,2023-09-29 20:00:00+00:00,2023-09-29 21:00:00+00:00,2023-09-30 01:00:00+00:00,1668.42,1671.09,-0.0015977595461643679,-0.0026040258504707037,0.0010062663043063358,5.041924062981029,4
DOT,short,2023-09-30 04:00:00+00:00,2023-09-30 05:00:00+00:00,2023-09-30 09:00:00+00:00,4.075,4.079,-0.0009806325079675382,-0.0027865593505906894,0.0018059268426231512,9.046674492363598,4
LINK,long,2023-09-30 06:00:00+00:00,2023-09-30 07:00:00+00:00,2023-09-30 11:00:00+00:00,8.128,8.146,0.002214566929134021,0.0009051898979237638,0.001309377031210257,6.536688716426203,4
AVAX,short,2023-09-30 20:00:00+00:00,2023-09-30 21:00:00+00:00,2023-10-01 01:00:00+00:00,9.256,9.283,-0.002908542497037536,-0.00444501891129645,0.0015364764142589138,7.710732744665526,4
ADA,short,2023-10-01 04:00:00+00:00,2023-10-01 05:00:00+00:00,2023-10-01 09:00:00+00:00,0.25517,0.2561,-0.003631393986723852,-0.005619908120101824,0.001988514133377972,9.988775255673833,4
SOL,long,2023-10-01 10:00:00+00:00,2023-10-01 11:00:00+00:00,2023-10-01 15:00:00+00:00,23.091,23.102,0.00047637607725947717,-0.0007236607007308216,0.0012000367779902987,6.000925858297193,4
XRP,long,2023-10-01 10:00:00+00:00,2023-10-01 11:00:00+00:00,2023-10-01 15:00:00+00:00,0.52118,0.51785,-0.006389347250470023,-0.007529906294784228,0.0011405590443142044,5.742762706652812,4
BNB,long,2023-10-01 21:00:00+00:00,2023-10-01 22:00:00+00:00,2023-10-02 02:00:00+00:00,214.25,219.66,0.025250875145857554,0.023927941293226507,0.0013229338526310475,6.455921962584254,4
ETH,long,2023-10-01 21:00:00+00:00,2023-10-01 22:00:00+00:00,2023-10-02 02:00:00+00:00,1678.41,1726.19,0.028467418568764558,0.02743085027349279,0.001036568295271767,5.041924062981029,4
LINK,long,2023-10-01 21:00:00+00:00,2023-10-01 22:00:00+00:00,2023-10-02 02:00:00+00:00,7.836,7.925,0.011357835630423585,0.010036513067365638,0.0013213225630579473,6.536688716426203,4
LINK,short,2023-10-02 05:00:00+00:00,2023-10-02 06:00:00+00:00,2023-10-02 10:00:00+00:00,7.921,7.98,-0.007393483709273174,-0.008690307978594047,0.0012968242693208731,6.536688716426203,4
ADA,short,2023-10-02 09:00:00+00:00,2023-10-02 10:00:00+00:00,2023-10-02 14:00:00+00:00,0.26861,0.26836,0.0009315844388135819,-0.0010660363113673688,0.0019976207501809506,9.988775255673833,4
AVAX,short,2023-10-02 13:00:00+00:00,2023-10-02 14:00:00+00:00,2023-10-02 18:00:00+00:00,9.664,9.578,0.008978910002088059,0.007424115518555707,0.0015547944835323513,7.710732744665526,4
ETH,short,2023-10-02 13:00:00+00:00,2023-10-02 14:00:00+00:00,2023-10-02 18:00:00+00:00,1728.43,1688.62,0.023575463988345646,0.022543826179862725,0.0010316378084829214,5.041924062981029,4
LINK,short,2023-10-02 13:00:00+00:00,2023-10-02 14:00:00+00:00,2023-10-02 18:00:00+00:00,7.881,7.668,0.02777777777777768,0.026435002827365883,0.0013427749504117958,6.536688716426203,4
SOL,short,2023-10-02 13:00:00+00:00,2023-10-02 14:00:00+00:00,2023-10-02 18:00:00+00:00,23.994,24.064,-0.0029089095744680993,-0.004104885819513182,0.0011959762450450828,6.000925858297193,4
DOT,long,2023-10-02 15:00:00+00:00,2023-10-02 16:00:00+00:00,2023-10-02 20:00:00+00:00,4.166,4.156,-0.002400384061450045,-0.00420374441985516,0.001803360358405115,9.046674492363598,4
XRP,long,2023-10-02 18:00:00+00:00,2023-10-02 19:00:00+00:00,2023-10-02 23:00:00+00:00,0.5117,0.51164,-0.00011725620480762533,-0.001265014940619924,0.0011477587358122987,5.742762706652812,4
ADA,long,2023-10-02 19:00:00+00:00,2023-10-02 20:00:00+00:00,2023-10-03 00:00:00+00:00,0.26184,0.25921,-0.010044301863733618,-0.012020017362276647,0.001975715498543029,9.988775255673833,4
ETH,short,2023-10-02 19:00:00+00:00,2023-10-02 20:00:00+00:00,2023-10-03 00:00:00+00:00,1674.6,1662.3,0.007399386392347829,0.006384052074744018,0.001015334317603811,5.041924062981029,4
LINK,long,2023-10-02 19:00:00+00:00,2023-10-02 20:00:00+00:00,2023-10-03 00:00:00+00:00,7.607,7.469,-0.018141185749967148,-0.019423968321377383,0.0012827825714102348,6.536688716426203,4
SOL,short,2023-10-03 06:00:00+00:00,2023-10-03 07:00:00+00:00,2023-10-03 11:00:00+00:00,24.029,24.197,-0.006943009463983074,-0.008134146945865783,0.0011911374818827092,6.000925858297193,4
AVAX,short,2023-10-03 14:00:00+00:00,2023-10-03 15:00:00+00:00,2023-10-03 19:00:00+00:00,9.309,9.284,0.0026928048255061565,0.0011476969682793214,0.001545107857226835,7.710732744665526,4
BNB,short,2023-10-03 14:00:00+00:00,2023-10-03 15:00:00+00:00,2023-10-03 19:00:00+00:00,213.59,213.08,0.0023934672423502334,0.0011000274769050744,0.001293439765445159,6.455921962584254,4
ETH,short,2023-10-03 19:00:00+00:00,2023-10-03 20:00:00+00:00,2023-10-04 00:00:00+00:00,1650.44,1657.08,-0.004007048543220537,-0.005010886581406471,0.0010038380381859335,5.041924062981029,4
ADA,long,2023-10-04 00:00:00+00:00,2023-10-04 01:00:00+00:00,2023-10-04 05:00:00+00:00,0.25509,0.25508,-3.9201850327352794e-05,-0.0020348851425786574,0.0019956832922513046,9.988775255673833,4
XRP,short,2023-10-04 00:00:00+00:00,2023-10-04 01:00:00+00:00,2023-10-04 05:00:00+00:00,0.52672,0.53257,-0.010984471524870032,-0.012119755856663361,0.0011352843317933292,5.742762706652812,4
DOT,short,2023-10-04 01:00:00+00:00,2023-10-04 02:00:00+00:00,2023-10-04 06:00:00+00:00,4.007,4.036,-0.007185332011892975,-0.00898004262212948,0.0017947106102365051,9.046674492363598,4
AVAX,long,2023-10-04 13:00:00+00:00,2023-10-04 14:00:00+00:00,2023-10-04 18:00:00+00:00,9.672,9.894,0.0229528535980148,0.02137652584931593,0.0015763277486988692,7.710732744665526,4
LINK,short,2023-10-04 14:00:00+00:00,2023-10-04 15:00:00+00:00,2023-10-04 19:00:00+00:00,7.503,7.63,-0.01664482306684134,-0.017929560611759654,0.001284737544918313,6.536688716426203,4
SOL,short,2023-10-04 15:00:00+00:00,2023-10-04 16:00:00+00:00,2023-10-04 20:00:00+00:00,22.703,22.918,-0.009381272362335324,-0.010569485232280629,0.0011882128699453043,6.000925858297193,4
AVAX,short,2023-10-04 20:00:00+00:00,2023-10-04 21:00:00+00:00,2023-10-05 01:00:00+00:00,9.997,10.233,-0.023062640476888552,-0.024568060265435232,0.0015054197885466802,7.710732744665526,4
DOT,short,2023-10-05 17:00:00+00:00,2023-10-05 18:00:00+00:00,2023-10-05 22:00:00+00:00,4.02,4.022,-0.0004972650422676583,-0.002304065668032096,0.0018068006257644376,9.046674492363598,4
DOT,long,2023-10-06 12:00:00+00:00,2023-10-06 13:00:00+00:00,2023-10-06 17:00:00+00:00,4.003,4.064,0.015238571071696239,0.013403324782360171,0.0018352462893360677,9.046674492363598,4
ETH,short,2023-10-06 21:00:00+00:00,2023-10-06 22:00:00+00:00,2023-10-07 02:00:00+00:00,1652.52,1642.95,0.005824888158495245,0.004811140740895059,0.001013747417600186,5.041924062981029,4
LINK,short,2023-10-07 14:00:00+00:00,2023-10-07 15:00:00+00:00,2023-10-07 19:00:00+00:00,7.614,7.498,0.015470792211256246,0.014144096137320483,0.0013266960739357625,6.536688716426203,4
BNB,long,2023-10-08 10:00:00+00:00,2023-10-08 11:00:00+00:00,2023-10-08 15:00:00+00:00,209.6,211.44,0.008778625954198427,0.007476947090578223,0.0013016788636202037,6.455921962584254,4
BNB,long,2023-10-09 10:00:00+00:00,2023-10-09 11:00:00+00:00,2023-10-09 15:00:00+00:00,208.08,207.55,-0.002547097270280685,-0.003834161971628669,0.0012870647013479841,6.455921962584254,4
DOT,short,2023-10-09 12:00:00+00:00,2023-10-09 13:00:00+00:00,2023-10-09 17:00:00+00:00,3.856,3.811,0.01180792442928369,0.009978879718275824,0.0018290447110078656,9.046674492363598,4
BNB,short,2023-10-09 16:00:00+00:00,2023-10-09 17:00:00+00:00,2023-10-09 21:00:00+00:00,205.27,205.14,0.0006337135614702394,-0.0006574555034341012,0.0012911690649043406,6.455921962584254,4
ADA,long,2023-10-09 23:00:00+00:00,2023-10-10 00:00:00+00:00,2023-10-10 04:00:00+00:00,0.25126,0.25139,0.0005173923425934035,-0.0014794017789361291,0.0019967941215295326,9.988775255673833,4
XRP,long,2023-10-10 14:00:00+00:00,2023-10-10 15:00:00+00:00,2023-10-10 19:00:00+00:00,0.49388,0.49867,0.009698712237790508,0.00853968581724196,0.0011590264205485479,5.742762706652812,4
SOL,long,2023-10-11 09:00:00+00:00,2023-10-11 10:00:00+00:00,2023-10-11 14:00:00+00:00,22.369,22.249,-0.0053645670347356456,-0.006557597803668602,0.0011930307689329567,6.000925858297193,4
XRP,long,2023-10-11 12:00:00+00:00,2023-10-11 13:00:00+00:00,2023-10-11 17:00:00+00:00,0.48678,0.48094,-0.011997206130079374,-0.013131327950570815,0.0011341218204914405,5.742762706652812,4
DOT,short,2023-10-11 17:00:00+00:00,2023-10-11 18:00:00+00:00,2023-10-11 22:00:00+00:00,3.713,3.716,-0.0008073196986007058,-0.002613559838708146,0.0018062401401074402,9.046674492363598,4
LINK,long,2023-10-11 22:00:00+00:00,2023-10-11 23:00:00+00:00,2023-10-12 03:00:00+00:00,7.413,7.381,-0.004316740860650259,-0.0056175848444611765,0.0013008439838109176,6.536688716426203,4
XRP,long,2023-10-11 23:00:00+00:00,2023-10-12 00:00:00+00:00,2023-10-12 04:00:00+00:00,0.48869,0.48588,-0.005750066504327966,-0.006891359374748718,0.0011412928704207514,5.742762706652812,4
AVAX,long,2023-10-12 00:00:00+00:00,2023-10-12 01:00:00+00:00,2023-10-12 05:00:00+00:00,9.268,9.172,-0.01035822183858437,-0.011883218607204205,0.0015249967686198351,7.710732744665526,4
ADA,long,2023-10-12 09:00:00+00:00,2023-10-12 10:00:00+00:00,2023-10-12 14:00:00+00:00,0.24386,0.24503,0.00479783482325935,0.0027924979592963695,0.002005336863962981,9.988775255673833,4
AVAX,short,2023-10-12 09:00:00+00:00,2023-10-12 10:00:00+00:00,2023-10-12 14:00:00+00:00,8.997,8.943,0.006038242200603783,0.004487979163695588,0.0015502630369081949,7.710732744665526,4
BNB,short,2023-10-12 09:00:00+00:00,2023-10-12 10:00:00+00:00,2023-10-12 14:00:00+00:00,203.57,206.28,-0.013137483032771069,-0.014410882415534898,0.001273399382763829,6.455921962584254,4
DOT,short,2023-10-12 15:00:00+00:00,2023-10-12 16:00:00+00:00,2023-10-12 20:00:00+00:00,3.662,3.663,-0.00027300027300025675,-0.002080206302083165,0.0018072060290829084,9.046674492363598,4
BNB,short,2023-10-12 22:00:00+00:00,2023-10-12 23:00:00+00:00,2023-10-13 03:00:00+00:00,205.28,205.92,-0.0031080031080030768,-0.004394344043745058,0.0012863409357419808,6.455921962584254,4
ETH,long,2023-10-13 20:00:00+00:00,2023-10-13 21:00:00+00:00,2023-10-14 01:00:00+00:00,1559.57,1552.99,-0.004219111678218979,-0.005222735982922999,0.0010036243047040205,5.041924062981029,4
AVAX,long,2023-10-14 01:00:00+00:00,2023-10-14 02:00:00+00:00,2023-10-14 06:00:00+00:00,9.216,9.185,-0.003363715277777679,-0.004899490289736241,0.0015357750119585623,7.710732744665526,4
DOT,long,2023-10-14 09:00:00+00:00,2023-10-14 10:00:00+00:00,2023-10-14 14:00:00+00:00,3.726,3.746,0.005367686527106841,0.003550283831137868,0.0018174026959689726,9.046674492363598,4
DOT,long,2023-10-14 21:00:00+00:00,2023-10-14 22:00:00+00:00,2023-10-15 02:00:00+00:00,3.737,3.742,0.0013379716350012671,-0.0004721465472450337,0.0018101181822463008,9.046674492363598,4
DOT,short,2023-10-15 09:00:00+00:00,2023-10-15 10:00:00+00:00,2023-10-15 14:00:00+00:00,3.772,3.73,0.011260053619302823,0.009431999294101434,0.0018280543252013892,9.046674492363598,4
AVAX,long,2023-10-15 13:00:00+00:00,2023-10-15 14:00:00+00:00,2023-10-15 18:00:00+00:00,9.083,9.168,0.00935814158317716,0.0078027627195706994,0.0015553788636064603,7.710732744665526,4
AVAX,long,2023-10-15 20:00:00+00:00,2023-10-15 21:00:00+00:00,2023-10-16 01:00:00+00:00,9.196,9.207,0.0011961722488038617,-0.0003466293599463377,0.0015428016087501994,7.710732744665526,4
XRP,short,2023-10-16 05:00:00+00:00,2023-10-16 06:00:00+00:00,2023-10-16 10:00:00+00:00,0.49357,0.49344,0.0002634565499350927,-0.0008847392035100654,0.0011481957534451581,5.742762706652812,4
ADA,long,2023-10-16 17:00:00+00:00,2023-10-16 18:00:00+00:00,2023-10-16 22:00:00+00:00,0.25098,0.25118,0.0007968762451193712,-0.0012004756596311061,0.0019973519047504773,9.988775255673833,4
ETH,long,2023-10-16 18:00:00+00:00,2023-10-16 19:00:00+00:00,2023-10-16 23:00:00+00:00,1589.26,1601.65,0.007796081195021731,0.0067803470579894665,0.0010157341370322648,5.041924062981029,4
SOL,long,2023-10-16 18:00:00+00:00,2023-10-16 19:00:00+00:00,2023-10-16 23:00:00+00:00,23.996,24.144,0.006167694615769381,0.004960831298217672,0.0012068633175517096,6.000925858297193,4
BNB,short,2023-10-16 20:00:00+00:00,2023-10-16 21:00:00+00:00,2023-10-17 01:00:00+00:00,214.33,213.91,0.0019634425693049185,0.0006705576867778174,0.001292884882527101,6.455921962584254,4
LINK,long,2023-10-16 22:00:00+00:00,2023-10-16 23:00:00+00:00,2023-10-17 03:00:00+00:00,7.572,7.498,-0.00977284733227679,-0.011066563001723151,0.0012937156694463603,6.536688716426203,4
DOT,short,2023-10-17 05:00:00+00:00,2023-10-17 06:00:00+00:00,2023-10-17 10:00:00+00:00,3.74,3.738,0.0005350454788657366,-0.0012736212541442082,0.0018086667330099448,9.046674492363598,4
ETH,long,2023-10-17 12:00:00+00:00,2023-10-17 13:00:00+00:00,2023-10-17 17:00:00+00:00,1574.17,1576.34,0.001378504227624644,0.00036923821656009714,0.0010092660110645468,5.041924062981029,4
SOL,short,2023-10-18 13:00:00+00:00,2023-10-18 14:00:00+00:00,2023-10-18 18:00:00+00:00,23.782,23.615,0.007071776413296593,0.005863828680926941,0.001207947732369652,6.000925858297193,4
DOT,long,2023-10-18 15:00:00+00:00,2023-10-18 16:00:00+00:00,2023-10-18 20:00:00+00:00,3.681,3.654,-0.007334963325183463,-0.009129403446965001,0.0017944401217815376,9.046674492363598,4
DOT,short,2023-10-19 01:00:00+00:00,2023-10-19 02:00:00+00:00,2023-10-19 06:00:00+00:00,3.617,3.611,0.0016615895873719477,-0.00014911359889535625,0.001810703186267304,9.046674492363598,4
BNB,long,2023-10-19 10:00:00+00:00,2023-10-19 11:00:00+00:00,2023-10-19 15:00:00+00:00,210.75,211.17,0.001992882562277476,0.000699959691815577,0.001292922870461899,6.455921962584254,4
DOT,long,2023-10-19 10:00:00+00:00,2023-10-19 11:00:00+00:00,2023-10-19 15:00:00+00:00,3.626,3.636,0.0027578599007171967,0.0009451749871178805,0.0018126849135993162,9.046674492363598,4
XRP,long,2023-10-19 20:00:00+00:00,2023-10-19 21:00:00+00:00,2023-10-20 01:00:00+00:00,0.50314,0.5172,0.02794450848670338,0.026764537838277702,0.0011799706484256767,5.742762706652812,4
SOL,long,2023-10-20 01:00:00+00:00,2023-10-20 02:00:00+00:00,2023-10-20 06:00:00+00:00,25.026,26.35,0.05290497882202505,0.05164205575004854,0.0012629230719765072,6.000925858297193,4
DOT,long,2023-10-20 07:00:00+00:00,2023-10-20 08:00:00+00:00,2023-10-20 12:00:00+00:00,3.724,3.76,0.009667024704618665,0.007841850097040082,0.0018251746075785835,9.046674492363598,4
SOL,long,2023-10-20 08:00:00+00:00,2023-10-20 09:00:00+00:00,2023-10-20 13:00:00+00:00,26.945,26.793,-0.005641120801633037,-0.006833819853896417,0.0011926990522633796,6.000925858297193,4
SOL,long,2023-10-20 14:00:00+00:00,2023-10-20 15:00:00+00:00,2023-10-20 19:00:00+00:00,27.079,26.829,-0.009232246390191712,-0.010420638011631622,0.0011883916214399104,6.000925858297193,4
SOL,short,2023-10-20 20:00:00+00:00,2023-10-20 21:00:00+00:00,2023-10-21 01:00:00+00:00,26.772,26.878,-0.003943745814420807,-0.005138480809220636,0.0011947349947998287,6.000925858297193,4
ADA,short,2023-10-21 14:00:00+00:00,2023-10-21 15:00:00+00:00,2023-10-21 19:00:00+00:00,0.25906,0.26127,-0.008458682588892708,-0.010437562605385198,0.0019788800164924902,9.988775255673833,4
LINK,long,2023-10-21 15:00:00+00:00,2023-10-21 16:00:00+00:00,2023-10-21 20:00:00+00:00,8.953,8.902,-0.005696414609628109,-0.006995456072125594,0.0012990414624974855,6.536688716426203,4
SOL,short,2023-10-21 16:00:00+00:00,2023-10-21 17:00:00+00:00,2023-10-21 21:00:00+00:00,29.093,29.672,-0.01951334591534104,-0.020689405713818054,0.0011760597984770138,6.000925858297193,4
ETH,long,2023-10-21 17:00:00+00:00,2023-10-21 18:00:00+00:00,2023-10-21 22:00:00+00:00,1638.56,1628.49,-0.006145640074211478,-0.0071473226759318775,0.0010016826017203995,5.041924062981029,4
XRP,long,2023-10-22 00:00:00+00:00,2023-10-22 01:00:00+00:00,2023-10-22 05:00:00+00:00,0.52325,0.52109,-0.004128045867176189,-0.005271200644273222,0.001143154777097033,5.742762706652812,4
LINK,short,2023-10-22 04:00:00+00:00,2023-10-22 05:00:00+00:00,2023-10-22 09:00:00+00:00,9.511,9.235,0.029886302111532093,0.028540772408372383,0.001345529703159709,6.536688716426203,4
SOL,long,2023-10-22 20:00:00+00:00,2023-10-22 21:00:00+00:00,2023-10-23 01:00:00+00:00,28.945,29.237,0.010088098117118527,0.008876532411286053,0.0012115657058324736,6.000925858297193,4
ADA,short,2023-10-22 22:00:00+00:00,2023-10-22 23:00:00+00:00,2023-10-23 03:00:00+00:00,0.26344,0.26531,-0.007048358523990772,-0.00903005321099648,0.0019816946870057084,9.988775255673833,4
LINK,short,2023-10-22 22:00:00+00:00,2023-10-22 23:00:00+00:00,2023-10-23 03:00:00+00:00,10.1,10.75,-0.06046511627906981,-0.0616926033236197,0.0012274870445498909,6.536688716426203,4
ETH,short,2023-10-23 14:00:00+00:00,2023-10-23 15:00:00+00:00,2023-10-23 19:00:00+00:00,1678.81,1701.32,-0.013230903063503607,-0.01422544459410613,0.0009945415306025218,5.041924062981029,4
SOL,short,2023-10-23 14:00:00+00:00,2023-10-23 15:00:00+00:00,2023-10-23 19:00:00+00:00,29.242,29.707,-0.015652876426431428,-0.01683356672441616,0.0011806902979847322,6.000925858297193,4
BNB,long,2023-10-23 16:00:00+00:00,2023-10-23 17:00:00+00:00,2023-10-23 21:00:00+00:00,220.96,221.9,0.004254163649529241,0.002958322931959856,0.0012958407175693853,6.455921962584254,4
ADA,short,2023-10-23 17:00:00+00:00,2023-10-23 18:00:00+00:00,2023-10-23 22:00:00+00:00,0.26644,0.26998,-0.013112082376472323,-0.015081675316686138,0.0019695929402138157,9.988775255673833,4
BNB,short,2023-10-23 22:00:00+00:00,2023-10-23 23:00:00+00:00,2023-10-24 03:00:00+00:00,230.41,235.62,-0.022111875053051566,-0.023373694316940807,0.0012618192638892411,6.455921962584254,4
SOL,short,2023-10-24 00:00:00+00:00,2023-10-24 01:00:00+00:00,2023-10-24 05:00:00+00:00,31.853,31.436,0.013265046443567963,0.01204967009819935,0.0012153763453686128,6.000925858297193,4
ADA,long,2023-10-24 04:00:00+00:00,2023-10-24 05:00:00+00:00,2023-10-24 09:00:00+00:00,0.28306,0.28189,-0.004133399279304784,-0.006120911529832185,0.001987512250527401,9.988775255673833,4
AVAX,long,2023-10-24 04:00:00+00:00,2023-10-24 05:00:00+00:00,2023-10-24 09:00:00+00:00,10.553,10.517,-0.003411352222117081,-0.004947053827528358,0.001535701605411277,7.710732744665526,4
BNB,long,2023-10-24 04:00:00+00:00,2023-10-24 05:00:00+00:00,2023-10-24 09:00:00+00:00,231.02,229.0,-0.008743831702882954,-0.010022900439579319,0.001279068736696365,6.455921962584254,4
DOT,long,2023-10-24 04:00:00+00:00,2023-10-24 05:00:00+00:00,2023-10-24 09:00:00+00:00,4.345,4.269,-0.01749136939010343,-0.01926744978139916,0.0017760803912957313,9.046674492363598,4
ETH,long,2023-10-24 04:00:00+00:00,2023-10-24 05:00:00+00:00,2023-10-24 09:00:00+00:00,1821.05,1818.78,-0.0012465335932566601,-0.0022531538899992487,0.0010066202967425886,5.041924062981029,4
LINK,long,2023-10-24 04:00:00+00:00,2023-10-24 05:00:00+00:00,2023-10-24 09:00:00+00:00,10.256,10.299,0.00419266770670812,0.0028807063190050552,0.0013119613877030645,6.536688716426203,4
XRP,long,2023-10-24 04:00:00+00:00,2023-10-24 05:00:00+00:00,2023-10-24 09:00:00+00:00,0.5454,0.54604,0.0011734506784011334,2.4210348762210288e-05,0.001149240329638923,5.742762706652812,4
BNB,long,2023-10-24 15:00:00+00:00,2023-10-24 16:00:00+00:00,2023-10-24 20:00:00+00:00,223.85,225.72,0.00835380835380839,0.00705267765415285,0.0013011306996555394,6.455921962584254,4
SOL,short,2023-10-24 15:00:00+00:00,2023-10-24 16:00:00+00:00,2023-10-24 20:00:00+00:00,30.905,30.507,0.013046186121218106,0.011831072291229594,0.0012151138299885123,6.000925858297193,4
XRP,short,2023-10-24 17:00:00+00:00,2023-10-24 18:00:00+00:00,2023-10-24 22:00:00+00:00,0.55388,0.56138,-0.013359934447254918,-0.014492492000995894,0.001132557553740976,5.742762706652812,4
AVAX,long,2023-10-25 00:00:00+00:00,2023-10-25 01:00:00+00:00,2023-10-25 05:00:00+00:00,10.391,10.513,0.011740929650659204,0.010181879009866668,0.0015590506407925364,7.710732744665526,4
LINK,long,2023-10-25 00:00:00+00:00,2023-10-25 01:00:00+00:00,2023-10-25 05:00:00+00:00,10.983,11.53,0.049804242920877595,0.04843269075200496,0.0013715521688726362,6.536688716426203,4
SOL,long,2023-10-25 00:00:00+00:00,2023-10-25 01:00:00+00:00,2023-10-25 05:00:00+00:00,30.81,31.515,0.022882181110029265,0.02165526934456019,0.0012269117654690742,6.000925858297193,4
ADA,long,2023-10-25 11:00:00+00:00,2023-10-25 12:00:00+00:00,2023-10-25 16:00:00+00:00,0.27949,0.28833,0.03162903860603228,0.029570153057761672,0.002058885548270606,9.988775255673833,4
SOL,short,2023-10-25 16:00:00+00:00,2023-10-25 17:00:00+00:00,2023-10-25 21:00:00+00:00,32.4,32.479,-0.002432340897195129,-0.003628888769870664,0.0011965478726755352,6.000925858297193,4
ADA,short,2023-10-25 18:00:00+00:00,2023-10-25 19:00:00+00:00,2023-10-25 23:00:00+00:00,0.28192,0.28099,0.0033097263247801045,0.0013073593705106301,0.0020023669542694744,9.988775255673833,4
XRP,short,2023-10-25 19:00:00+00:00,2023-10-25 20:00:00+00:00,2023-10-26 00:00:00+00:00,0.55637,0.55541,0.001728452854647955,0.0005785754417111377,0.0011498774129368172,5.742762706652812,4
BNB,short,2023-10-25 21:00:00+00:00,2023-10-25 22:00:00+00:00,2023-10-26 02:00:00+00:00,223.13,223.74,-0.0027263788325735394,-0.004013212197715332,0.001286833365141793,6.455921962584254,4
ETH,long,2023-10-26 00:00:00+00:00,2023-10-26 01:00:00+00:00,2023-10-26 05:00:00+00:00,1792.46,1809.09,0.009277752362674585,0.00826052488387119,0.0010172274788033953,5.041924062981029,4
ETH,short,2023-10-26 11:00:00+00:00,2023-10-26 12:00:00+00:00,2023-10-26 16:00:00+00:00,1813.51,1777.91,0.020023510751387752,0.018995452873630247,0.0010280578777575045,5.041924062981029,4
ADA,short,2023-10-26 12:00:00+00:00,2023-10-26 13:00:00+00:00,2023-10-26 17:00:00+00:00,0.29345,0.28227,0.03960746802706616,0.03753265943628881,0.002074808590777355,9.988775255673833,4
AVAX,long,2023-10-26 16:00:00+00:00,2023-10-26 17:00:00+00:00,2023-10-26 21:00:00+00:00,10.449,10.8,0.033591731266150004,0.03199900944999823,0.0015927218161517764,7.710732744665526,4
SOL,long,2023-10-26 16:00:00+00:00,2023-10-26 17:00:00+00:00,2023-10-26 21:00:00+00:00,30.822,32.407,0.051424307312958106,0.050163160255197736,0.00126114705776037,6.000925858297193,4
BNB,short,2023-10-26 21:00:00+00:00,2023-10-26 22:00:00+00:00,2023-10-27 02:00:00+00:00,223.06,220.11,0.013402389714233687,0.012094744570795513,0.0013076451434381742,6.455921962584254,4
DOT,short,2023-10-27 03:00:00+00:00,2023-10-27 04:00:00+00:00,2023-10-27 08:00:00+00:00,4.18,4.123,0.013824884792626557,0.01199219402331475,0.0018326907693118066,9.046674492363598,4
SOL,long,2023-10-27 06:00:00+00:00,2023-10-27 07:00:00+00:00,2023-10-27 11:00:00+00:00,32.867,32.721,-0.004442145617184479,-0.005636282798674785,0.0011941371814903068,6.000925858297193,4
DOT,long,2023-10-27 12:00:00+00:00,2023-10-27 13:00:00+00:00,2023-10-27 17:00:00+00:00,4.156,4.131,-0.006015399422521495,-0.007812224919351851,0.0017968254968303565,9.046674492363598,4
ADA,long,2023-10-27 15:00:00+00:00,2023-10-27 16:00:00+00:00,2023-10-27 20:00:00+00:00,0.29178,0.28949,-0.00784837891562118,-0.009828476952706278,0.0019800980370850985,9.988775255673833,4
BNB,long,2023-10-27 15:00:00+00:00,2023-10-27 16:00:00+00:00,2023-10-27 20:00:00+00:00,225.85,224.38,-0.006508744742085404,-0.007790697526263046,0.0012819527841776424,6.455921962584254,4
SOL,long,2023-10-27 15:00:00+00:00,2023-10-27 16:00:00+00:00,2023-10-27 20:00:00+00:00,32.188,31.923,-0.0082328818193117,-0.009422472143957528,0.0011895903246458284,6.000925858297193,4
ETH,short,2023-10-29 12:00:00+00:00,2023-10-29 13:00:00+00:00,2023-10-29 17:00:00+00:00,1799.58,1789.17,0.005818340347758966,0.004804599529544262,0.0010137408182147034,5.041924062981029,4
ETH,long,2023-10-30 08:00:00+00:00,2023-10-30 09:00:00+00:00,2023-10-30 13:00:00+00:00,1818.87,1810.33,-0.0046952228581481625,-0.005698367301511631,0.0010031444433634684,5.041924062981029,4
AVAX,short,2023-10-30 11:00:00+00:00,2023-10-30 12:00:00+00:00,2023-10-30 16:00:00+00:00,11.528,11.609,-0.006977345163235338,-0.008507551722022444,0.001530206558787106,7.710732744665526,4
XRP,short,2023-10-30 12:00:00+00:00,2023-10-30 13:00:00+00:00,2023-10-30 17:00:00+00:00,0.56424,0.57983,-0.026887191073245553,-0.028004220779285993,0.00111702970604044,5.742762706652812,4
XRP,short,2023-10-31 00:00:00+00:00,2023-10-31 01:00:00+00:00,2023-10-31 05:00:00+00:00,0.5787,0.57296,0.01001815135437023,0.00885875825178939,0.0011593931025808413,5.742762706652812,4
ADA,short,2023-10-31 02:00:00+00:00,2023-10-31 03:00:00+00:00,2023-10-31 07:00:00+00:00,0.30219,0.2989,0.011007025761124112,0.00898929683275651,0.0020177289283676014,9.988775255673833,4
AVAX,short,2023-10-31 06:00:00+00:00,2023-10-31 07:00:00+00:00,2023-10-31 11:00:00+00:00,11.627,11.583,0.003798670465337217,0.002251858515210703,0.0015468119501265143,7.710732744665526,4
XRP,short,2023-10-31 10:00:00+00:00,2023-10-31 11:00:00+00:00,2023-10-31 15:00:00+00:00,0.60079,0.59473,0.010189497755284105,0.009029907965311779,0.0011595897899723262,5.742762706652812,4
LINK,short,2023-10-31 11:00:00+00:00,2023-10-31 12:00:00+00:00,2023-10-31 16:00:00+00:00,11.518,11.117,0.036070882432310825,0.03471727267555069,0.0013536097567601324,6.536688716426203,4
AVAX,long,2023-10-31 20:00:00+00:00,2023-10-31 21:00:00+00:00,2023-11-01 01:00:00+00:00,11.284,11.299,0.0013293158454448228,-0.00021369093204348655,0.0015430067774883094,7.710732744665526,4
ADA,long,2023-11-01 11:00:00+00:00,2023-11-01 12:00:00+00:00,2023-11-01 16:00:00+00:00,0.28784,0.28853,0.0023971650917176124,0.0003966193920508232,0.002000545699666789,9.988775255673833,4
SOL,short,2023-11-01 16:00:00+00:00,2023-11-01 17:00:00+00:00,2023-11-01 21:00:00+00:00,41.342,42.191,-0.02012277499940751,-0.02129810380879582,0.0011753288093883096,6.000925858297193,4
AVAX,long,2023-11-01 18:00:00+00:00,2023-11-01 19:00:00+00:00,2023-11-01 23:00:00+00:00,11.787,12.139,0.02986340884024763,0.028276432213696134,0.001586976626551495,7.710732744665526,4
ETH,long,2023-11-01 20:00:00+00:00,2023-11-01 21:00:00+00:00,2023-11-02 01:00:00+00:00,1856.41,1847.62,-0.004734945405379332,-0.005738049813315049,0.0010031044079357176,5.041924062981029,4
BNB,short,2023-11-01 21:00:00+00:00,2023-11-01 22:00:00+00:00,2023-11-02 02:00:00+00:00,228.34,229.86,-0.006612720786565829,-0.007894539405113865,0.0012818186185480362,6.455921962584254,4
ADA,short,2023-11-02 00:00:00+00:00,2023-11-02 01:00:00+00:00,2023-11-02 05:00:00+00:00,0.31076,0.308,0.008961038961038836,0.0069473933344170735,0.002013645626621763,9.988775255673833,4
XRP,short,2023-11-02 02:00:00+00:00,2023-11-02 03:00:00+00:00,2023-11-02 07:00:00+00:00,0.61209,0.60569,0.010566461391140702,0.009406438887124002,0.0011600225040167,5.742762706652812,4
DOT,long,2023-11-02 11:00:00+00:00,2023-11-02 12:00:00+00:00,2023-11-02 16:00:00+00:00,4.699,4.588,-0.023622047244094446,-0.02538704521190538,0.0017649979678109329,9.046674492363598,4
AVAX,long,2023-11-02 13:00:00+00:00,2023-11-02 14:00:00+00:00,2023-11-02 18:00:00+00:00,11.87,11.797,-0.006149957877000678,-0.0076814394051412105,0.0015314815281405325,7.710732744665526,4
BNB,long,2023-11-02 14:00:00+00:00,2023-11-02 15:00:00+00:00,2023-11-02 19:00:00+00:00,231.39,231.85,0.0019879856519295913,0.0006950691002027831,0.0012929165517268082,6.455921962584254,4
XRP,short,2023-11-02 16:00:00+00:00,2023-11-02 17:00:00+00:00,2023-11-02 21:00:00+00:00,0.60059,0.60709,-0.01070681447561328,-0.011842417528082572,0.0011356030524692917,5.742762706652812,4
ADA,long,2023-11-03 01:00:00+00:00,2023-11-03 02:00:00+00:00,2023-11-03 06:00:00+00:00,0.31866,0.31712,-0.004832737086549854,-0.006818853625585097,0.001986116539035243,9.988775255673833,4
BNB,long,2023-11-03 02:00:00+00:00,2023-11-03 03:00:00+00:00,2023-11-03 07:00:00+00:00,230.07,230.93,0.003737992784804689,0.002442818109008149,0.0012951746757965399,6.455921962584254,4
ADA,short,2023-11-03 09:00:00+00:00,2023-11-03 10:00:00+00:00,2023-11-03 14:00:00+00:00,0.31803,0.32166,-0.011285207983585233,-0.01325844692943201,0.001973238945846778,9.988775255673833,4
ETH,short,2023-11-03 12:00:00+00:00,2023-11-03 13:00:00+00:00,2023-11-03 17:00:00+00:00,1796.07,1815.82,-0.010876628740734251,-0.011873543089451544,0.0009969143487172927,5.041924062981029,4
DOT,long,2023-11-03 22:00:00+00:00,2023-11-03 23:00:00+00:00,2023-11-04 03:00:00+00:00,4.619,4.621,0.00043299415457909163,-0.0013754881002997488,0.0018084822548788404,9.046674492363598,4
SOL,short,2023-11-04 01:00:00+00:00,2023-11-04 02:00:00+00:00,2023-11-04 06:00:00+00:00,40.294,40.683,-0.009561733402158268,-0.01074972981533362,0.0011879964131753518,6.000925858297193,4
XRP,short,2023-11-04 21:00:00+00:00,2023-11-04 22:00:00+00:00,2023-11-05 02:00:00+00:00,0.61453,0.62162,-0.01140568192786584,-0.012540482755045712,0.0011348008271798715,5.742762706652812,4
LINK,short,2023-11-05 02:00:00+00:00,2023-11-05 03:00:00+00:00,2023-11-05 07:00:00+00:00,12.068,12.227,-0.013004007524331507,-0.014293501735540115,0.0012894942112086083,6.536688716426203,4
SOL,short,2023-11-05 05:00:00+00:00,2023-11-05 06:00:00+00:00,2023-11-05 10:00:00+00:00,41.782,41.539,0.005849924167649512,0.004643442004749643,0.001206482162899869,6.000925858297193,4
XRP,short,2023-11-05 05:00:00+00:00,2023-11-05 06:00:00+00:00,2023-11-05 10:00:00+00:00,0.62336,0.62774,-0.006977411030044234,-0.008117295039866246,0.001139884009822012,5.742762706652812,4
ADA,long,2023-11-05 13:00:00+00:00,2023-11-05 14:00:00+00:00,2023-11-05 18:00:00+00:00,0.33579,0.34805,0.03651091455969513,0.0344422859512028,0.002068628608492329,9.988775255673833,4
DOT,long,2023-11-05 13:00:00+00:00,2023-11-05 14:00:00+00:00,2023-11-05 18:00:00+00:00,4.727,4.828,0.02136661730484457,0.019520293349203355,0.0018463239556412159,9.046674492363598,4
XRP,long,2023-11-05 13:00:00+00:00,2023-11-05 14:00:00+00:00,2023-11-05 18:00:00+00:00,0.63267,0.64834,0.02476804653294784,0.023591722124022496,0.0011763244089253444,5.742762706652812,4
LINK,long,2023-11-05 22:00:00+00:00,2023-11-05 23:00:00+00:00,2023-11-06 03:00:00+00:00,12.12,12.188,0.0056105610561056896,0.004296747213802687,0.0013138138423030021,6.536688716426203,4
ETH,short,2023-11-06 01:00:00+00:00,2023-11-06 02:00:00+00:00,2023-11-06 06:00:00+00:00,1885.92,1874.6,0.006038621572602265,0.005024658738084664,0.001013962834517601,5.041924062981029,4
AVAX,short,2023-11-06 04:00:00+00:00,2023-11-06 05:00:00+00:00,2023-11-06 09:00:00+00:00,12.444,12.763,-0.02499412363864284,-0.02649656709206971,0.0015024434534268716,7.710732744665526,4
LINK,short,2023-11-06 04:00:00+00:00,2023-11-06 05:00:00+00:00,2023-11-06 09:00:00+00:00,12.41,12.489,-0.0063255664985187865,-0.007623785984306242,0.0012982194857874552,6.536688716426203,4
XRP,long,2023-11-06 04:00:00+00:00,2023-11-06 05:00:00+00:00,2023-11-06 09:00:00+00:00,0.67887,0.68027,0.0020622505045149175,0.0009119899274807608,0.0011502605770341567,5.742762706652812,4
ADA,long,2023-11-06 12:00:00+00:00,2023-11-06 13:00:00+00:00,2023-11-06 17:00:00+00:00,0.35425,0.35535,0.003105151729004829,0.0011031930568436987,0.0020019586721611304,9.988775255673833,4
XRP,long,2023-11-06 12:00:00+00:00,2023-11-06 13:00:00+00:00,2023-11-06 17:00:00+00:00,0.71235,0.71364,0.0018109075594863189,0.0006609354973432513,0.0011499720621430676,5.742762706652812,4
BNB,short,2023-11-06 14:00:00+00:00,2023-11-06 15:00:00+00:00,2023-11-06 19:00:00+00:00,254.4,251.52,0.011450381679389388,0.010145255312157486,0.0013051263672319013,6.455921962584254,4
DOT,short,2023-11-06 14:00:00+00:00,2023-11-06 15:00:00+00:00,2023-11-06 19:00:00+00:00,4.87,4.876,-0.0012305168170632097,-0.003035991943937888,0.0018054751268746783,9.046674492363598,4
ETH,short,2023-11-06 14:00:00+00:00,2023-11-06 15:00:00+00:00,2023-11-06 19:00:00+00:00,1913.0,1893.3,0.010405112766069813,0.009386749047041176,0.0010183637190286365,5.041924062981029,4
SOL,short,2023-11-06 14:00:00+00:00,2023-11-06 15:00:00+00:00,2023-11-06 19:00:00+00:00,40.4,40.249,0.003751646003627318,0.0025476806527455764,0.0012039653508817416,6.000925858297193,4
BNB,short,2023-11-06 22:00:00+00:00,2023-11-06 23:00:00+00:00,2023-11-07 03:00:00+00:00,254.87,250.0,0.019479999999999942,0.01816451260391405,0.0013154873960858904,6.455921962584254,4
DOT,long,2023-11-07 02:00:00+00:00,2023-11-07 03:00:00+00:00,2023-11-07 07:00:00+00:00,4.865,4.99,0.025693730729702047,0.023839584653149615,0.001854146076552432,9.046674492363598,4
BNB,long,2023-11-07 04:00:00+00:00,2023-11-07 05:00:00+00:00,2023-11-07 09:00:00+00:00,251.77,250.91,-0.0034158160225603584,-0.004701759771491898,0.0012859437489315395,6.455921962584254,4
XRP,short,2023-11-07 05:00:00+00:00,2023-11-07 06:00:00+00:00,2023-11-07 10:00:00+00:00,0.69382,0.68303,0.015797256343059507,0.014631229444388882,0.0011660268986706246,5.742762706652812,4
AVAX,long,2023-11-07 18:00:00+00:00,2023-11-07 19:00:00+00:00,2023-11-07 23:00:00+00:00,12.836,12.769,-0.005219694608912473,-0.006752609634010032,0.0015329150250975587,7.710732744665526,4
XRP,long,2023-11-07 19:00:00+00:00,2023-11-07 20:00:00+00:00,2023-11-08 00:00:00+00:00,0.68854,0.68476,-0.005489877131321319,-0.006631468671388974,0.0011415915400676546,5.742762706652812,4
SOL,long,2023-11-07 20:00:00+00:00,2023-11-07 21:00:00+00:00,2023-11-08 01:00:00+00:00,44.331,42.5,-0.041302925717894956,-0.04245284966972407,0.0011499239518291127,6.000925858297193,4
DOT,short,2023-11-07 22:00:00+00:00,2023-11-07 23:00:00+00:00,2023-11-08 03:00:00+00:00,4.905,4.882,0.00471118394100789,0.002894968004456322,0.0018162159365515684,9.046674492363598,4
AVAX,long,2023-11-09 02:00:00+00:00,2023-11-09 03:00:00+00:00,2023-11-09 07:00:00+00:00,13.187,13.469,0.021384697050125023,0.019810785765364214,0.0015739112847608094,7.710732744665526,4
LINK,short,2023-11-09 08:00:00+00:00,2023-11-09 09:00:00+00:00,2023-11-09 13:00:00+00:00,14.543,15.416,-0.05662947586922684,-0.05786197411558769,0.001232498246360847,6.536688716426203,4
LINK,short,2023-11-09 15:00:00+00:00,2023-11-09 16:00:00+00:00,2023-11-09 20:00:00+00:00,15.111,14.323,0.05501640717726741,0.053638045400566714,0.0013783617767006984,6.536688716426203,4
ADA,short,2023-11-09 18:00:00+00:00,2023-11-09 19:00:00+00:00,2023-11-09 23:00:00+00:00,0.36301,0.36735,-0.01181434599156117,-0.013786528904127793,0.0019721829125666224,9.988775255673833,4
AVAX,short,2023-11-09 18:00:00+00:00,2023-11-09 19:00:00+00:00,2023-11-09 23:00:00+00:00,12.717,12.841,-0.009656568803052656,-0.011182646789781314,0.0015260779867286578,7.710732744665526,4
ETH,short,2023-11-09 18:00:00+00:00,2023-11-09 19:00:00+00:00,2023-11-09 23:00:00+00:00,2000.52,2095.41,-0.04528469368763144,-0.04624692895115701,0.0009622352635255682,5.041924062981029,4
SOL,short,2023-11-09 18:00:00+00:00,2023-11-09 19:00:00+00:00,2023-11-09 23:00:00+00:00,43.817,45.375,-0.03433608815426992,-0.03549436858657429,0.0011582804323043705,6.000925858297193,4
XRP,long,2023-11-09 19:00:00+00:00,2023-11-09 20:00:00+00:00,2023-11-10 00:00:00+00:00,0.65796,0.66665,0.013207489817010032,0.012044435694069877,0.0011630541229401548,5.742762706652812,4
DOT,short,2023-11-09 20:00:00+00:00,2023-11-09 21:00:00+00:00,2023-11-10 01:00:00+00:00,4.856,5.09,-0.045972495088408616,-0.04769709016212165,0.0017245950737130311,9.046674492363598,4
AVAX,long,2023-11-10 01:00:00+00:00,2023-11-10 02:00:00+00:00,2023-11-10 06:00:00+00:00,13.418,13.329,-0.006632881204352237,-0.008163618567755493,0.0015307373634032562,7.710732744665526,4
XRP,short,2023-11-10 06:00:00+00:00,2023-11-10 07:00:00+00:00,2023-11-10 11:00:00+00:00,0.6599,0.6581,0.0027351466342502295,0.0015841136442347192,0.0011510329900155103,5.742762706652812,4
BNB,short,2023-11-10 09:00:00+00:00,2023-11-10 10:00:00+00:00,2023-11-10 14:00:00+00:00,253.4,249.7,0.01481778133760514,0.013508309841672395,0.0013094714959327458,6.455921962584254,4
SOL,long,2023-11-10 09:00:00+00:00,2023-11-10 10:00:00+00:00,2023-11-10 14:00:00+00:00,49.15,49.78,0.012817904374364142,0.01160306436042835,0.0012148400139357918,6.000925858297193,4
ADA,short,2023-11-10 12:00:00+00:00,2023-11-10 13:00:00+00:00,2023-11-10 17:00:00+00:00,0.3753,0.3732,0.005627009646302472,0.0036200179471264082,0.002006991699176064,9.988775255673833,4
XRP,short,2023-11-10 12:00:00+00:00,2023-11-10 13:00:00+00:00,2023-11-10 17:00:00+00:00,0.657,0.6572,-0.00030432136335967197,-0.001451865368323424,0.001147544004963752,5.742762706652812,4
BNB,short,2023-11-10 15:00:00+00:00,2023-11-10 16:00:00+00:00,2023-11-10 20:00:00+00:00,249.8,250.7,-0.0035899481451934223,-0.004875667202505207,0.001285719057311785,6.455921962584254,4
LINK,long,2023-11-10 16:00:00+00:00,2023-11-10 17:00:00+00:00,2023-11-10 21:00:00+00:00,15.08,14.955,-0.00828912466843501,-0.00958477879740982,0.0012956541289748102,6.536688716426203,4
DOT,short,2023-11-10 19:00:00+00:00,2023-11-10 20:00:00+00:00,2023-11-11 00:00:00+00:00,5.151,5.298,-0.02774631936579841,-0.029503861888827143,0.0017575425230287323,9.046674492363598,4
ADA,short,2023-11-10 22:00:00+00:00,2023-11-10 23:00:00+00:00,2023-11-11 03:00:00+00:00,0.381,0.3799,0.0028954988154776817,0.00089395856053609,0.0020015402549415917,9.988775255673833,4
BNB,short,2023-11-11 02:00:00+00:00,2023-11-11 03:00:00+00:00,2023-11-11 07:00:00+00:00,249.5,248.9,0.0024106066693450057,0.0011171447880169438,0.0012934618813280618,6.455921962584254,4
SOL,short,2023-11-11 02:00:00+00:00,2023-11-11 03:00:00+00:00,2023-11-11 07:00:00+00:00,55.92,55.4,0.009386281588447787,0.008175557687245316,0.0012107239012024706,6.000925858297193,4
ADA,short,2023-11-11 08:00:00+00:00,2023-11-11 09:00:00+00:00,2023-11-11 13:00:00+00:00,0.3806,0.3795,0.0028985507246377384,0.0008970043788130155,0.002001546345824723,9.988775255673833,4
SOL,long,2023-11-11 12:00:00+00:00,2023-11-11 13:00:00+00:00,2023-11-11 17:00:00+00:00,56.5,61.29,0.08477876106194682,0.08347760649159985,0.001301154570346963,6.000925858297193,4
BNB,long,2023-11-11 14:00:00+00:00,2023-11-11 15:00:00+00:00,2023-11-11 19:00:00+00:00,252.8,253.3,0.001977848101265778,0.0006849446305410289,0.0012929034707247489,6.455921962584254,4
XRP,short,2023-11-11 15:00:00+00:00,2023-11-11 16:00:00+00:00,2023-11-11 20:00:00+00:00,0.6735,0.6746,-0.0016305959086866384,-0.00277661749194158,0.0011460215832549414,5.742762706652812,4
AVAX,short,2023-11-11 16:00:00+00:00,2023-11-11 17:00:00+00:00,2023-11-11 21:00:00+00:00,15.69,16.352,-0.04048434442270066,-0.041962918090956536,0.001478573668255878,7.710732744665526,4
ADA,short,2023-11-11 18:00:00+00:00,2023-11-11 19:00:00+00:00,2023-11-11 23:00:00+00:00,0.3904,0.3862,0.010875194199896576,0.008857728375887053,0.0020174658240095233,9.988775255673833,4
BNB,short,2023-11-11 20:00:00+00:00,2023-11-11 21:00:00+00:00,2023-11-12 01:00:00+00:00,252.4,246.5,0.023935091277890397,0.022613855248752035,0.0013212360291383618,6.455921962584254,4
DOT,long,2023-11-11 20:00:00+00:00,2023-11-11 21:00:00+00:00,2023-11-12 01:00:00+00:00,5.597,5.441,-0.027872074325531626,-0.029629389521378724,0.0017573151958470978,9.046674492363598,4
SOL,short,2023-11-12 00:00:00+00:00,2023-11-12 01:00:00+00:00,2023-11-12 05:00:00+00:00,55.88,57.6,-0.029861111111111116,-0.031024759123461032,0.001163648012349916,6.000925858297193,4
AVAX,short,2023-11-12 01:00:00+00:00,2023-11-12 02:00:00+00:00,2023-11-12 06:00:00+00:00,16.534,16.845,-0.018462451766102728,-0.019974960253887453,0.001512508487784725,7.710732744665526,4
BNB,short,2023-11-12 02:00:00+00:00,2023-11-12 03:00:00+00:00,2023-11-12 07:00:00+00:00,247.7,250.1,-0.009596161535385894,-0.010874130467130705,0.0012779689317448106,6.455921962584254,4
XRP,short,2023-11-12 02:00:00+00:00,2023-11-12 03:00:00+00:00,2023-11-12 07:00:00+00:00,0.6579,0.6643,-0.009634201415023247,-0.010771035712873966,0.0011368342978507195,5.742762706652812,4
DOT,long,2023-11-12 05:00:00+00:00,2023-11-12 06:00:00+00:00,2023-11-12 10:00:00+00:00,5.53,5.762,0.04195298372513556,0.040069445804559845,0.0018835379205757175,9.046674492363598,4
ADA,short,2023-11-12 10:00:00+00:00,2023-11-12 11:00:00+00:00,2023-11-12 15:00:00+00:00,0.3872,0.3857,0.003889032927145486,0.0018855098150452054,0.0020035231121002806,9.988775255673833,4
BNB,short,2023-11-12 10:00:00+00:00,2023-11-12 11:00:00+00:00,2023-11-12 15:00:00+00:00,249.1,249.1,0.0,-0.0012903513517535936,0.0012903513517535936,6.455921962584254,4
AVAX,long,2023-11-12 12:00:00+00:00,2023-11-12 13:00:00+00:00,2023-11-12 17:00:00+00:00,18.35,18.105,-0.01335149863760221,-0.014871882891323462,0.001520384253721252,7.710732744665526,4
ADA,short,2023-11-12 19:00:00+00:00,2023-11-12 20:00:00+00:00,2023-11-13 00:00:00+00:00,0.3804,0.3835,-0.008083441981747042,-0.010063070889007819,0.0019796289072607776,9.988775255673833,4
AVAX,short,2023-11-12 20:00:00+00:00,2023-11-12 21:00:00+00:00,2023-11-13 01:00:00+00:00,18.553,18.633,-0.004293457843610682,-0.005827800160992491,0.0015343423173818094,7.710732744665526,4
BNB,short,2023-11-12 20:00:00+00:00,2023-11-12 21:00:00+00:00,2023-11-13 01:00:00+00:00,248.4,248.4,0.0,-0.0012903513517537046,0.0012903513517537046,6.455921962584254,4
XRP,short,2023-11-12 21:00:00+00:00,2023-11-12 22:00:00+00:00,2023-11-13 02:00:00+00:00,0.6656,0.6654,0.00030057108506165164,-0.0008476672719111011,0.0011482383569727528,5.742762706652812,4
LINK,long,2023-11-13 00:00:00+00:00,2023-11-13 01:00:00+00:00,2023-11-13 05:00:00+00:00,16.221,15.379,-0.05190802046729548,-0.05314668721834703,0.0012386667510515537,6.536688716426203,4
SOL,long,2023-11-13 00:00:00+00:00,2023-11-13 01:00:00+00:00,2023-11-13 05:00:00+00:00,57.55,57.22,-0.0057341442224152495,-0.006926731696305866,0.0011925874738906161,6.000925858297193,4
AVAX,long,2023-11-13 03:00:00+00:00,2023-11-13 04:00:00+00:00,2023-11-13 08:00:00+00:00,18.204,18.092,-0.006152493957372163,-0.007683971577518323,0.00153147762014616,7.710732744665526,4
BNB,short,2023-11-13 03:00:00+00:00,2023-11-13 04:00:00+00:00,2023-11-13 08:00:00+00:00,245.5,245.8,-0.0012205044751830707,-0.0025092809473376,0.0012887764721545292,6.455921962584254,4
DOT,long,2023-11-13 03:00:00+00:00,2023-11-13 04:00:00+00:00,2023-11-13 08:00:00+00:00,5.655,5.707,0.009195402298850519,0.0073710802428739175,0.0018243220559766016,9.046674492363598,4
BNB,short,2023-11-13 10:00:00+00:00,2023-11-13 11:00:00+00:00,2023-11-13 15:00:00+00:00,247.1,246.0,0.004471544715447084,0.0031754234999252784,0.001296121215521806,6.455921962584254,4
ETH,long,2023-11-13 15:00:00+00:00,2023-11-13 16:00:00+00:00,2023-11-13 20:00:00+00:00,2105.01,2100.21,-0.002280274202972943,-0.003285852616694007,0.0010055784137210644,5.041924062981029,4
BNB,short,2023-11-13 16:00:00+00:00,2023-11-13 17:00:00+00:00,2023-11-13 21:00:00+00:00,246.0,245.0,0.004081632653061273,0.002786014561096284,0.0012956180919649896,6.455921962584254,4
XRP,short,2023-11-13 16:00:00+00:00,2023-11-13 17:00:00+00:00,2023-11-13 21:00:00+00:00,0.6514,0.7124,-0.08562605277933755,-0.08667565653761233,0.0010496037582747864,5.742762706652812,4
AVAX,long,2023-11-13 18:00:00+00:00,2023-11-13 19:00:00+00:00,2023-11-13 23:00:00+00:00,17.111,16.231,-0.05142890538250244,-0.052890613938082365,0.0014617085555799214,7.710732744665526,4
ADA,short,2023-11-13 21:00:00+00:00,2023-11-13 22:00:00+00:00,2023-11-14 02:00:00+00:00,0.359,0.3536,0.015271493212669629,0.013245253424217118,0.0020262397884525107,9.988775255673833,4
BNB,short,2023-11-13 22:00:00+00:00,2023-11-13 23:00:00+00:00,2023-11-14 03:00:00+00:00,241.3,242.0,-0.002892561983470987,-0.004179180913959413,0.0012866189304884257,6.455921962584254,4
SOL,long,2023-11-13 23:00:00+00:00,2023-11-14 00:00:00+00:00,2023-11-14 04:00:00+00:00,51.63,54.02,0.04629091613403058,0.04503592640127829,0.0012549897327522874,6.000925858297193,4
AVAX,long,2023-11-14 03:00:00+00:00,2023-11-14 04:00:00+00:00,2023-11-14 08:00:00+00:00,16.719,17.264,0.03259764339972482,0.031006453431578596,0.0015911899681462227,7.710732744665526,4
BNB,short,2023-11-14 05:00:00+00:00,2023-11-14 06:00:00+00:00,2023-11-14 10:00:00+00:00,243.8,245.1,-0.005303957568339346,-0.006587464951275157,0.0012835073829358112,6.455921962584254,4
SOL,short,2023-11-14 06:00:00+00:00,2023-11-14 07:00:00+00:00,2023-11-14 11:00:00+00:00,54.47,54.2,0.004981549815498143,0.0037761092375714345,0.0012054405779267086,6.000925858297193,4
ETH,long,2023-11-14 07:00:00+00:00,2023-11-14 08:00:00+00:00,2023-11-14 12:00:00+00:00,2060.14,2032.76,-0.01329035890764696,-0.014284840514092512,0.000994481606445552,5.041924062981029,4
ADA,short,2023-11-14 09:00:00+00:00,2023-11-14 10:00:00+00:00,2023-11-14 14:00:00+00:00,0.3629,0.3654,-0.006841817186644783,-0.008823924080906043,0.0019821068942612596,9.988775255673833,4
AVAX,short,2023-11-14 10:00:00+00:00,2023-11-14 11:00:00+00:00,2023-11-14 15:00:00+00:00,17.084,18.007,-0.05125784417171109,-0.05271981632549316,0.0014619721537820762,7.710732744665526,4
BNB,short,2023-11-14 11:00:00+00:00,2023-11-14 12:00:00+00:00,2023-11-14 16:00:00+00:00,244.5,244.1,0.0016386726751331793,0.0003462068598780732,0.001292465815255106,6.455921962584254,4
LINK,long,2023-11-14 16:00:00+00:00,2023-11-14 17:00:00+00:00,2023-11-14 21:00:00+00:00,14.353,14.11,-0.016930258482547256,-0.018214623110737294,0.0012843646281900378,6.536688716426203,4
BNB,short,2023-11-14 17:00:00+00:00,2023-11-14 18:00:00+00:00,2023-11-14 22:00:00+00:00,243.0,241.7,0.005378568473314083,0.0040812768784603826,0.0012972915948537,6.455921962584254,4
AVAX,short,2023-11-14 18:00:00+00:00,2023-11-14 19:00:00+00:00,2023-11-14 23:00:00+00:00,16.609,17.156,-0.03188388901841899,-0.03337571563030517,0.0014918266118861823,7.710732744665526,4
ETH,short,2023-11-14 18:00:00+00:00,2023-11-14 19:00:00+00:00,2023-11-14 23:00:00+00:00,1965.34,1986.51,-0.010656880660052104,-0.011654016487728569,0.0009971358276764652,5.041924062981029,4
SOL,short,2023-11-14 18:00:00+00:00,2023-11-14 19:00:00+00:00,2023-11-14 23:00:00+00:00,53.77,57.16,-0.059307207837648646,-0.06043553627635834,0.0011283284387096915,6.000925858297193,4
ADA,short,2023-11-14 22:00:00+00:00,2023-11-14 23:00:00+00:00,2023-11-15 03:00:00+00:00,0.3588,0.3577,0.0030752026838132274,0.0010733037828043468,0.0020018989010088806,9.988775255673833,4
BNB,long,2023-11-14 23:00:00+00:00,2023-11-15 00:00:00+00:00,2023-11-15 04:00:00+00:00,242.1,243.9,0.0074349442379182396,0.006134999195816837,0.0012999450421014025,6.455921962584254,4
AVAX,long,2023-11-15 15:00:00+00:00,2023-11-15 16:00:00+00:00,2023-11-15 20:00:00+00:00,20.439,20.73,0.014237487156905981,0.012674589424960025,0.0015628977319459558,7.710732744665526,4
BNB,long,2023-11-16 04:00:00+00:00,2023-11-16 05:00:00+00:00,2023-11-16 09:00:00+00:00,252.7,252.0,-0.0027700831024930483,-0.004056860073770929,0.001286776971277881,6.455921962584254,4
SOL,short,2023-11-16 09:00:00+00:00,2023-11-16 10:00:00+00:00,2023-11-16 14:00:00+00:00,65.42,62.84,0.041056651814131095,0.039807940400227615,0.0012487114139034805,6.000925858297193,4
BNB,short,2023-11-16 10:00:00+00:00,2023-11-16 11:00:00+00:00,2023-11-16 15:00:00+00:00,251.3,249.4,0.0076182838813152465,0.0063181022666571884,0.001300181614658058,6.455921962584254,4
XRP,short,2023-11-16 14:00:00+00:00,2023-11-16 15:00:00+00:00,2023-11-16 19:00:00+00:00,0.6309,0.6203,0.017088505561825063,0.015920996446784574,0.0011675091150404882,5.742762706652812,4
BNB,short,2023-11-16 16:00:00+00:00,2023-11-16 17:00:00+00:00,2023-11-16 21:00:00+00:00,247.6,241.1,0.026959767731231876,0.025634628806743276,0.0013251389244886003,6.455921962584254,4
ETH,long,2023-11-16 17:00:00+00:00,2023-11-16 18:00:00+00:00,2023-11-16 22:00:00+00:00,1996.13,1955.46,-0.02037442451142968,-0.02136176625357422,0.000987341742144543,5.041924062981029,4
AVAX,long,2023-11-16 19:00:00+00:00,2023-11-16 20:00:00+00:00,2023-11-17 00:00:00+00:00,21.998,21.697,-0.013683062096554344,-0.015202935424792341,0.0015198733282379973,7.710732744665526,4
SOL,short,2023-11-16 23:00:00+00:00,2023-11-17 00:00:00+00:00,2023-11-17 04:00:00+00:00,57.77,58.92,-0.019517990495587223,-0.02069404472305092,0.0011760542274636965,6.000925858297193,4
BNB,short,2023-11-17 04:00:00+00:00,2023-11-17 05:00:00+00:00,2023-11-17 09:00:00+00:00,244.4,245.4,-0.004074979625101838,-0.005360072821387951,0.0012850931962861134,6.455921962584254,4
ADA,short,2023-11-17 10:00:00+00:00,2023-11-17 11:00:00+00:00,2023-11-17 15:00:00+00:00,0.3677,0.3615,0.01715076071922561,0.01512077036097903,0.0020299903582465806,9.988775255673833,4
AVAX,long,2023-11-17 12:00:00+00:00,2023-11-17 13:00:00+00:00,2023-11-17 17:00:00+00:00,22.104,20.553,-0.07016829533116176,-0.0716011272671927,0.0014328319360309427,7.710732744665526,4
ETH,long,2023-11-17 12:00:00+00:00,2023-11-17 13:00:00+00:00,2023-11-17 17:00:00+00:00,1965.03,1916.23,-0.024834226449468977,-0.02581707326138183,0.000982846811912852,5.041924062981029,4
AVAX,short,2023-11-17 22:00:00+00:00,2023-11-17 23:00:00+00:00,2023-11-18 03:00:00+00:00,22.099,21.306,0.037219562564535735,0.03562125041142661,0.0015983121531091271,7.710732744665526,4
ADA,short,2023-11-18 01:00:00+00:00,2023-11-18 02:00:00+00:00,2023-11-18 06:00:00+00:00,0.3614,0.3545,0.019464033850493667,0.01742942675072401,0.0020346070997696586,9.988775255673833,4
SOL,long,2023-11-18 07:00:00+00:00,2023-11-18 08:00:00+00:00,2023-11-18 12:00:00+00:00,56.34,56.96,0.011004614838480586,0.009791949802569144,0.0012126650359114421,6.000925858297193,4
AVAX,short,2023-11-18 17:00:00+00:00,2023-11-18 18:00:00+00:00,2023-11-18 22:00:00+00:00,22.056,22.122,-0.002983455383780753,-0.004519816360400997,0.0015363609766202435,7.710732744665526,4
DOT,short,2023-11-18 20:00:00+00:00,2023-11-18 21:00:00+00:00,2023-11-19 01:00:00+00:00,5.25,5.203,0.009033250048049224,0.007209221114620412,0.0018240289334288118,9.046674492363598,4
ADA,long,2023-11-18 22:00:00+00:00,2023-11-18 23:00:00+00:00,2023-11-19 03:00:00+00:00,0.3765,0.3735,-0.007968127490039834,-0.009947986537526932,0.001979859047487098,9.988775255673833,4
LINK,long,2023-11-19 11:00:00+00:00,2023-11-19 12:00:00+00:00,2023-11-19 16:00:00+00:00,14.19,14.202,0.0008456659619451301,-0.0004619226224158446,0.0013075885843609747,6.536688716426203,4
BNB,long,2023-11-19 18:00:00+00:00,2023-11-19 19:00:00+00:00,2023-11-19 23:00:00+00:00,245.2,244.6,-0.002446982055464897,-0.003734175940615647,0.0012871938851507503,6.455921962584254,4
AVAX,long,2023-11-19 21:00:00+00:00,2023-11-19 22:00:00+00:00,2023-11-20 02:00:00+00:00,22.182,22.797,0.027725182580470742,0.026141500871543766,0.0015836817089269761,7.710732744665526,4
BNB,long,2023-11-20 16:00:00+00:00,2023-11-20 17:00:00+00:00,2023-11-20 21:00:00+00:00,247.5,256.9,0.03797979797979778,0.03664043934438177,0.0013393586354160103,6.455921962584254,4
ADA,short,2023-11-20 19:00:00+00:00,2023-11-20 20:00:00+00:00,2023-11-21 00:00:00+00:00,0.3853,0.3804,0.01288117770767605,0.01085970841895234,0.0020214692887237096,9.988775255673833,4
BNB,short,2023-11-21 00:00:00+00:00,2023-11-21 01:00:00+00:00,2023-11-21 05:00:00+00:00,260.7,262.7,-0.007613247049866767,-0.008893774637998453,0.0012805275881316858,6.455921962584254,4
ADA,long,2023-11-21 04:00:00+00:00,2023-11-21 05:00:00+00:00,2023-11-21 09:00:00+00:00,0.3845,0.3837,-0.002080624187256186,-0.00407223328734152,0.001991609100085334,9.988775255673833,4
AVAX,short,2023-11-21 11:00:00+00:00,2023-11-21 12:00:00+00:00,2023-11-21 16:00:00+00:00,21.441,21.505,-0.002976052080911451,-0.004512424465712983,0.001536372384801532,7.710732744665526,4
BNB,short,2023-11-21 15:00:00+00:00,2023-11-21 16:00:00+00:00,2023-11-21 20:00:00+00:00,264.9,240.1,0.10329029571012072,0.10186666358567442,0.0014236321244462946,6.455921962584254,4
XRP,long,2023-11-21 21:00:00+00:00,2023-11-21 22:00:00+00:00,2023-11-22 02:00:00+00:00,0.5959,0.5873,-0.014431951669743093,-0.015563278662060975,0.0011313269923178826,5.742762706652812,4
BNB,long,2023-11-21 22:00:00+00:00,2023-11-21 23:00:00+00:00,2023-11-22 03:00:00+00:00,225.0,232.2,0.03200000000000003,0.030668357404990187,0.001331642595009841,6.455921962584254,4
LINK,short,2023-11-21 23:00:00+00:00,2023-11-22 00:00:00+00:00,2023-11-22 04:00:00+00:00,13.365,13.957,-0.04241599197535295,-0.0436670599072464,0.001251067931893446,6.536688716426203,4
SOL,long,2023-11-21 23:00:00+00:00,2023-11-22 00:00:00+00:00,2023-11-22 04:00:00+00:00,51.67,54.31,0.05109347784013929,0.04983272760087876,0.001260750239260533,6.000925858297193,4
ETH,long,2023-11-22 11:00:00+00:00,2023-11-22 12:00:00+00:00,2023-11-22 16:00:00+00:00,2014.66,2034.0,0.009599634677811553,0.008582082781339206,0.0010175518964723462,5.041924062981029,4
BNB,long,2023-11-22 12:00:00+00:00,2023-11-22 13:00:00+00:00,2023-11-22 17:00:00+00:00,233.7,231.1,-0.011125374411638855,-0.01240137012148168,0.0012759957098428254,6.455921962584254,4
ETH,short,2023-11-22 18:00:00+00:00,2023-11-22 19:00:00+00:00,2023-11-22 23:00:00+00:00,2062.89,2064.87,-0.0009588981388658491,-0.001965808336666486,0.0010069101978006367,5.041924062981029,4
ADA,long,2023-11-22 23:00:00+00:00,2023-11-23 00:00:00+00:00,2023-11-23 04:00:00+00:00,0.3805,0.38,-0.0013140604467805073,-0.003307199425289453,0.001993138978508946,9.988775255673833,4
SOL,short,2023-11-22 23:00:00+00:00,2023-11-23 00:00:00+00:00,2023-11-23 04:00:00+00:00,57.57,57.67,-0.0017340038148083714,-0.0029313893186386775,0.001197385503830306,6.000925858297193,4
BNB,short,2023-11-23 04:00:00+00:00,2023-11-23 05:00:00+00:00,2023-11-23 09:00:00+00:00,235.7,235.7,0.0,-0.0012903513517538157,0.0012903513517538157,6.455921962584254,4
BNB,long,2023-11-23 23:00:00+00:00,2023-11-24 00:00:00+00:00,2023-11-24 04:00:00+00:00,233.7,234.8,0.004706889174155071,0.003410464281592862,0.001296424892562209,6.455921962584254,4
ADA,short,2023-11-24 06:00:00+00:00,2023-11-24 07:00:00+00:00,2023-11-24 11:00:00+00:00,0.3908,0.3892,0.004110996916752319,0.0021070308174604424,0.002003966099291876,9.988775255673833,4
ETH,short,2023-11-24 20:00:00+00:00,2023-11-24 21:00:00+00:00,2023-11-25 01:00:00+00:00,2089.65,2074.0,0.007545805207328948,0.006530323317620379,0.0010154818897085693,5.041924062981029,4
LINK,long,2023-11-25 06:00:00+00:00,2023-11-25 07:00:00+00:00,2023-11-25 11:00:00+00:00,14.735,14.803,0.004614862572107414,0.0033023495936792546,0.0013125129784281597,6.536688716426203,4
BNB,short,2023-11-25 07:00:00+00:00,2023-11-25 08:00:00+00:00,2023-11-25 12:00:00+00:00,235.6,233.1,0.010725010725010753,0.00942082034117031,0.0013041903838404423,6.455921962584254,4
BNB,long,2023-11-25 18:00:00+00:00,2023-11-25 19:00:00+00:00,2023-11-25 23:00:00+00:00,233.5,233.3,-0.0008565310492505418,-0.0021457771750070798,0.001289246125756538,6.455921962584254,4
BNB,short,2023-11-26 01:00:00+00:00,2023-11-26 02:00:00+00:00,2023-11-26 06:00:00+00:00,232.7,233.7,-0.004278990158322671,-0.005563820109341422,0.001284829951018751,6.455921962584254,4
AVAX,short,2023-11-26 05:00:00+00:00,2023-11-26 06:00:00+00:00,2023-11-26 10:00:00+00:00,21.379,21.215,0.0077303794485035215,0.006177508898561612,0.0015528705499419093,7.710732744665526,4
XRP,long,2023-11-26 10:00:00+00:00,2023-11-26 11:00:00+00:00,2023-11-26 15:00:00+00:00,0.6337,0.6235,-0.016095944453211275,-0.01722536135930608,0.0011294169060948045,5.742762706652812,4
DOT,short,2023-11-26 11:00:00+00:00,2023-11-26 12:00:00+00:00,2023-11-26 16:00:00+00:00,5.333,5.276,0.010803639120545938,0.008976409855620204,0.0018272292649257338,9.046674492363598,4
DOT,short,2023-11-26 17:00:00+00:00,2023-11-26 18:00:00+00:00,2023-11-26 22:00:00+00:00,5.227,5.314,-0.01637184794881441,-0.018149952098495348,0.0017781041496809369,9.046674492363598,4
BNB,long,2023-11-28 01:00:00+00:00,2023-11-28 02:00:00+00:00,2023-11-28 06:00:00+00:00,226.7,224.4,-0.010145566828407504,-0.011422826834289856,0.0012772600058823524,6.455921962584254,4
LINK,long,2023-11-28 03:00:00+00:00,2023-11-28 04:00:00+00:00,2023-11-28 08:00:00+00:00,14.151,13.983,-0.011871952512189865,-0.013162925734859554,0.001290973222669689,6.536688716426203,4
BNB,long,2023-11-28 16:00:00+00:00,2023-11-28 17:00:00+00:00,2023-11-28 21:00:00+00:00,230.7,231.0,0.0013003901170351995,8.360805135998461e-06,0.001292029311899201,6.455921962584254,4
XRP,short,2023-11-29 08:00:00+00:00,2023-11-29 09:00:00+00:00,2023-11-29 13:00:00+00:00,0.616,0.6108,0.008513425016371867,0.0073557591791231225,0.0011576658372487447,5.742762706652812,4
SOL,long,2023-11-29 09:00:00+00:00,2023-11-29 10:00:00+00:00,2023-11-29 14:00:00+00:00,61.17,60.61,-0.009154814451528548,-0.010343298949898272,0.001188484498369724,6.000925858297193,4
ETH,long,2023-11-29 19:00:00+00:00,2023-11-29 20:00:00+00:00,2023-11-30 00:00:00+00:00,2038.8,2029.08,-0.004767510300176636,-0.005770581886715198,0.001003071586538562,5.041924062981029,4
DOT,short,2023-11-29 20:00:00+00:00,2023-11-29 21:00:00+00:00,2023-11-30 01:00:00+00:00,5.162,5.15,0.0023300970873785243,0.0005181854404168185,0.0018119116469617058,9.046674492363598,4
LINK,short,2023-11-29 20:00:00+00:00,2023-11-29 21:00:00+00:00,2023-11-30 01:00:00+00:00,14.514,14.491,0.001587192050238162,0.00027863467410327303,0.001308557376134889,6.536688716426203,4
AVAX,long,2023-11-30 20:00:00+00:00,2023-11-30 21:00:00+00:00,2023-12-01 01:00:00+00:00,21.385,21.203,-0.008510638297872464,-0.010038482115789726,0.0015278438179172626,7.710732744665526,4
BNB,long,2023-11-30 20:00:00+00:00,2023-11-30 21:00:00+00:00,2023-12-01 01:00:00+00:00,227.5,227.3,-0.0008791208791207872,-0.0021683378560598543,0.0012892169769390671,6.455921962584254,4
BNB,long,2023-12-01 05:00:00+00:00,2023-12-01 06:00:00+00:00,2023-12-01 10:00:00+00:00,229.1,229.8,0.0030554343081623525,0.0017611403726189856,0.001294293935543367,6.455921962584254,4
LINK,short,2023-12-01 12:00:00+00:00,2023-12-01 13:00:00+00:00,2023-12-01 17:00:00+00:00,14.786,14.967,-0.012093271864769273,-0.01338395593730446,0.0012906840725351865,6.536688716426203,4
BNB,long,2023-12-01 20:00:00+00:00,2023-12-01 21:00:00+00:00,2023-12-02 01:00:00+00:00,228.7,228.3,-0.0017490161783995095,-0.003037110684763311,0.0012880945063638016,6.455921962584254,4
AVAX,short,2023-12-02 02:00:00+00:00,2023-12-02 03:00:00+00:00,2023-12-02 07:00:00+00:00,21.949,21.952,-0.0001366618075802073,-0.0016774095745526463,0.001540747766972439,7.710732744665526,4
BNB,short,2023-12-03 01:00:00+00:00,2023-12-03 02:00:00+00:00,2023-12-03 06:00:00+00:00,229.9,227.7,0.009661835748792313,0.008359017234219834,0.001302818514572479,6.455921962584254,4
ETH,short,2023-12-03 07:00:00+00:00,2023-12-03 08:00:00+00:00,2023-12-03 12:00:00+00:00,2165.41,2159.59,0.002694955987015968,0.001684363154963675,0.0010105928320522928,5.041924062981029,4
BNB,short,2023-12-03 15:00:00+00:00,2023-12-03 16:00:00+00:00,2023-12-03 20:00:00+00:00,226.8,227.1,-0.0013210039630118242,-0.002609650755516224,0.0012886467925043998,6.455921962584254,4
BNB,short,2023-12-05 14:00:00+00:00,2023-12-05 15:00:00+00:00,2023-12-05 19:00:00+00:00,230.7,232.1,-0.006031882809134026,-0.007314450912751402,0.0012825681036173764,6.455921962584254,4
ETH,long,2023-12-05 17:00:00+00:00,2023-12-05 18:00:00+00:00,2023-12-05 22:00:00+00:00,2293.04,2273.46,-0.008538882880368415,-0.009538153388549353,0.0009992705081809383,5.041924062981029,4
BNB,long,2023-12-05 20:00:00+00:00,2023-12-05 21:00:00+00:00,2023-12-06 01:00:00+00:00,230.7,232.6,0.00823580407455582,0.006934825641881526,0.0013009784326742935,6.455921962584254,4
ETH,long,2023-12-06 11:00:00+00:00,2023-12-06 12:00:00+00:00,2023-12-06 16:00:00+00:00,2252.74,2252.51,-0.0001020978896808522,-0.0011098716364451588,0.0010077737467643066,5.041924062981029,4
ETH,short,2023-12-07 08:00:00+00:00,2023-12-07 09:00:00+00:00,2023-12-07 13:00:00+00:00,2246.0,2255.99,-0.004428211117956993,-0.005431624676218383,0.0010034135582613901,5.041924062981029,4
BNB,short,2023-12-08 07:00:00+00:00,2023-12-08 08:00:00+00:00,2023-12-08 12:00:00+00:00,233.0,234.8,-0.0076660988074958025,-0.0089465581982906,0.001280459390794797,6.455921962584254,4
LINK,short,2023-12-08 13:00:00+00:00,2023-12-08 14:00:00+00:00,2023-12-08 18:00:00+00:00,17.064,16.704,0.02155172413793105,0.020217083425336124,0.0013346407125949256,6.536688716426203,4
ADA,long,2023-12-08 15:00:00+00:00,2023-12-08 16:00:00+00:00,2023-12-08 20:00:00+00:00,0.5485,0.5327,-0.028805834092980875,-0.030744106047260633,0.0019382719542797577,9.988775255673833,4
XRP,long,2023-12-08 15:00:00+00:00,2023-12-08 16:00:00+00:00,2023-12-08 20:00:00+00:00,0.6593,0.6706,0.017139390262399523,0.015971822737150365,0.001167567525249158,5.742762706652812,4
AVAX,short,2023-12-08 22:00:00+00:00,2023-12-08 23:00:00+00:00,2023-12-09 03:00:00+00:00,30.0,31.645,-0.051982935692842513,-0.053443790510785516,0.0014608548179430025,7.710732744665526,4
ADA,long,2023-12-09 08:00:00+00:00,2023-12-09 09:00:00+00:00,2023-12-09 13:00:00+00:00,0.6139,0.6311,0.028017592441765826,0.025965914478816687,0.002051677962949139,9.988775255673833,4
XRP,short,2023-12-09 17:00:00+00:00,2023-12-09 18:00:00+00:00,2023-12-09 22:00:00+00:00,0.6644,0.6725,-0.01204460966542753,-0.013178677071716827,0.0011340674062892964,5.742762706652812,4
ADA,long,2023-12-10 12:00:00+00:00,2023-12-10 13:00:00+00:00,2023-12-10 17:00:00+00:00,0.5907,0.588,-0.004570848146267181,-0.006557487353174518,0.001986639206907337,9.988775255673833,4
ADA,short,2023-12-10 21:00:00+00:00,2023-12-10 22:00:00+00:00,2023-12-11 02:00:00+00:00,0.5953,0.5866,0.01483123082168425,0.012805869691974614,0.0020253611297096352,9.988775255673833,4
DOT,short,2023-12-11 02:00:00+00:00,2023-12-11 03:00:00+00:00,2023-12-11 07:00:00+00:00,6.719,6.746,-0.004002371775867153,-0.005802836221831309,0.0018004644459641561,9.046674492363598,4
SOL,short,2023-12-11 02:00:00+00:00,2023-12-11 03:00:00+00:00,2023-12-11 07:00:00+00:00,70.19,68.87,0.019166545665747048,0.017944090676363045,0.001222454989384003,6.000925858297193,4
ADA,long,2023-12-11 06:00:00+00:00,2023-12-11 07:00:00+00:00,2023-12-11 11:00:00+00:00,0.5518,0.5552,0.006161652772743942,0.004153594053383891,0.0020080587193600508,9.988775255673833,4
AVAX,long,2023-12-11 07:00:00+00:00,2023-12-11 08:00:00+00:00,2023-12-11 12:00:00+00:00,35.287,36.406,0.03171139513135146,0.030121570834880762,0.0015898242964706988,7.710732744665526,4
ETH,long,2023-12-11 17:00:00+00:00,2023-12-11 18:00:00+00:00,2023-12-11 22:00:00+00:00,2205.82,2218.8,0.005884432999972766,0.00487062556851714,0.0010138074314556267,5.041924062981029,4
ADA,short,2023-12-12 06:00:00+00:00,2023-12-12 07:00:00+00:00,2023-12-12 11:00:00+00:00,0.5737,0.5989,-0.04207714142594754,-0.0439889270156022,0.0019117855896546576,9.988775255673833,4
DOT,long,2023-12-12 11:00:00+00:00,2023-12-12 12:00:00+00:00,2023-12-12 16:00:00+00:00,7.143,7.141,-0.0002799944001119492,-0.002087187785914546,0.0018071933858025968,9.046674492363598,4
XRP,long,2023-12-12 13:00:00+00:00,2023-12-12 14:00:00+00:00,2023-12-12 18:00:00+00:00,0.6226,0.6085,-0.022646964343077447,-0.023768861377113648,0.0011218970340362011,5.742762706652812,4
ETH,short,2023-12-12 16:00:00+00:00,2023-12-12 17:00:00+00:00,2023-12-12 21:00:00+00:00,2192.7,2187.8,0.002239692842124441,0.0012295588591648698,0.0010101339829595712,5.041924062981029,4
XRP,long,2023-12-12 20:00:00+00:00,2023-12-12 21:00:00+00:00,2023-12-13 01:00:00+00:00,0.6178,0.6176,-0.0003237293622531112,-0.0014712510889044461,0.001147521726651335,5.742762706652812,4
ETH,long,2023-12-13 01:00:00+00:00,2023-12-13 02:00:00+00:00,2023-12-13 06:00:00+00:00,2174.37,2173.6,-0.00035412556280667307,-0.0013616452967644133,0.0010075197339577402,5.041924062981029,4
LINK,short,2023-12-13 01:00:00+00:00,2023-12-13 02:00:00+00:00,2023-12-13 06:00:00+00:00,14.019,14.194,-0.012329153163308515,-0.013619529060763691,0.001290375897455176,6.536688716426203,4
SOL,short,2023-12-13 01:00:00+00:00,2023-12-13 02:00:00+00:00,2023-12-13 06:00:00+00:00,66.38,65.99,0.005909986361569919,0.004703432156147436,0.0012065542054224832,6.000925858297193,4
XRP,short,2023-12-13 02:00:00+00:00,2023-12-13 03:00:00+00:00,2023-12-13 07:00:00+00:00,0.6102,0.5977,0.02091350175673412,0.019741601954060828,0.001171899802673293,5.742762706652812,4
ADA,long,2023-12-13 06:00:00+00:00,2023-12-13 07:00:00+00:00,2023-12-13 11:00:00+00:00,0.5477,0.5716,0.04363702756983767,0.04155417693914276,0.00208285063069491,9.988775255673833,4
LINK,long,2023-12-13 18:00:00+00:00,2023-12-13 19:00:00+00:00,2023-12-13 23:00:00+00:00,14.417,14.757,0.023583269750988345,0.02224597485709201,0.0013372948938963347,6.536688716426203,4
DOT,short,2023-12-13 23:00:00+00:00,2023-12-14 00:00:00+00:00,2023-12-14 04:00:00+00:00,7.605,7.435,0.02286482851378624,0.02101579624244443,0.0018490322713418106,9.046674492363598,4
SOL,short,2023-12-14 09:00:00+00:00,2023-12-14 10:00:00+00:00,2023-12-14 14:00:00+00:00,72.58,72.22,0.004984768762115843,0.0037793243231740714,0.0012054444389417718,6.000925858297193,4
ETH,short,2023-12-14 11:00:00+00:00,2023-12-14 12:00:00+00:00,2023-12-14 16:00:00+00:00,2307.88,2275.16,0.014381406142864872,0.01335903481059253,0.0010223713322723427,5.041924062981029,4
SOL,long,2023-12-14 22:00:00+00:00,2023-12-14 23:00:00+00:00,2023-12-15 03:00:00+00:00,75.78,75.27,-0.006730007917656433,-0.007921400887520025,0.0011913929698635917,6.000925858297193,4
ETH,long,2023-12-15 00:00:00+00:00,2023-12-15 01:00:00+00:00,2023-12-15 05:00:00+00:00,2300.06,2282.3,-0.007721537699016401,-0.008721631990319834,0.0010000942913034327,5.041924062981029,4
ADA,long,2023-12-15 02:00:00+00:00,2023-12-15 03:00:00+00:00,2023-12-15 07:00:00+00:00,0.6382,0.6311,-0.011125039172673157,-0.013098597777271181,0.0019735586045980247,9.988775255673833,4
AVAX,long,2023-12-15 11:00:00+00:00,2023-12-15 12:00:00+00:00,2023-12-15 16:00:00+00:00,40.965,40.401,-0.013767850604174292,-0.015287593276853029,0.0015197426726787366,7.710732744665526,4
SOL,long,2023-12-15 22:00:00+00:00,2023-12-15 23:00:00+00:00,2023-12-16 03:00:00+00:00,74.72,74.04,-0.009100642398286785,-0.010289191874158887,0.0011885494758721027,6.000925858297193,4
LINK,long,2023-12-16 00:00:00+00:00,2023-12-16 01:00:00+00:00,2023-12-16 05:00:00+00:00,14.276,14.485,0.014639955169515328,0.013314344570661385,0.0013256105988539435,6.536688716426203,4
DOT,long,2023-12-16 13:00:00+00:00,2023-12-16 14:00:00+00:00,2023-12-16 18:00:00+00:00,7.258,7.247,-0.001515569027280228,-0.0033205288654080123,0.0018049598381277843,9.046674492363598,4
ETH,short,2023-12-16 15:00:00+00:00,2023-12-16 16:00:00+00:00,2023-12-16 20:00:00+00:00,2256.9,2235.32,0.009654098742014616,0.008636491952483505,0.0010176067895311114,5.041924062981029,4
DOT,long,2023-12-17 03:00:00+00:00,2023-12-17 04:00:00+00:00,2023-12-17 08:00:00+00:00,7.078,6.974,-0.014693416219271005,-0.016474554469203095,0.0017811382499320905,9.046674492363598,4
SOL,long,2023-12-17 03:00:00+00:00,2023-12-17 04:00:00+00:00,2023-12-17 08:00:00+00:00,73.54,72.34,-0.016317650258362848,-0.017497543183149777,0.0011798929247869294,6.000925858297193,4
SOL,long,2023-12-17 23:00:00+00:00,2023-12-18 00:00:00+00:00,2023-12-18 04:00:00+00:00,70.86,69.9,-0.013547840812870415,-0.014731056028200018,0.0011832152153296027,6.000925858297193,4
AVAX,long,2023-12-18 00:00:00+00:00,2023-12-18 01:00:00+00:00,2023-12-18 05:00:00+00:00,40.75,39.798,-0.02336196319018402,-0.024866921734894243,0.001504958544710222,7.710732744665526,4
ETH,short,2023-12-18 01:00:00+00:00,2023-12-18 02:00:00+00:00,2023-12-18 06:00:00+00:00,2170.43,2166.82,0.0016660359420717086,0.0006564801345061433,0.0010095558075655653,5.041924062981029,4
XRP,short,2023-12-18 01:00:00+00:00,2023-12-18 02:00:00+00:00,2023-12-18 06:00:00+00:00,0.6034,0.6056,-0.003632760898282683,-0.004776484209693566,0.0011437233114108825,5.742762706652812,4
XRP,short,2023-12-18 07:00:00+00:00,2023-12-18 08:00:00+00:00,2023-12-18 12:00:00+00:00,0.6011,0.5897,0.019331863659487913,0.018161779408642387,0.0011700842508455267,5.742762706652812,4
BNB,short,2023-12-18 10:00:00+00:00,2023-12-18 11:00:00+00:00,2023-12-18 15:00:00+00:00,234.0,238.4,-0.01845637583892623,-0.019722911981167712,0.0012665361422414811,6.455921962584254,4
DOT,long,2023-12-19 01:00:00+00:00,2023-12-19 02:00:00+00:00,2023-12-19 06:00:00+00:00,6.978,6.928,-0.0071653768988249045,-0.008960123581909896,0.0017947466830849912,9.046674492363598,4
XRP,short,2023-12-19 17:00:00+00:00,2023-12-19 18:00:00+00:00,2023-12-19 22:00:00+00:00,0.5976,0.6076,-0.016458196181698526,-0.017587197261449306,0.00112900107975078,5.742762706652812,4
LINK,short,2023-12-19 19:00:00+00:00,2023-12-19 20:00:00+00:00,2023-12-20 00:00:00+00:00,14.077,14.101,-0.0017020069498617785,-0.0030062670410000436,0.0013042600911382651,6.536688716426203,4
SOL,short,2023-12-19 20:00:00+00:00,2023-12-19 21:00:00+00:00,2023-12-20 01:00:00+00:00,72.81,73.9,-0.0147496617050068,-0.015931435377781744,0.001181773672774944,6.000925858297193,4
DOT,long,2023-12-19 22:00:00+00:00,2023-12-19 23:00:00+00:00,2023-12-20 03:00:00+00:00,6.704,6.732,0.004176610978520401,0.002361361389262573,0.001815249589257828,9.046674492363598,4
ADA,long,2023-12-20 04:00:00+00:00,2023-12-20 05:00:00+00:00,2023-12-20 09:00:00+00:00,0.5856,0.5892,0.006147540983606481,0.004139510428012194,0.0020080305555942868,9.988775255673833,4
ETH,short,2023-12-20 08:00:00+00:00,2023-12-20 09:00:00+00:00,2023-12-20 13:00:00+00:00,2208.19,2213.25,-0.002286230656274646,-0.003291803066625798,0.001005572410351152,5.041924062981029,4
ETH,long,2023-12-20 14:00:00+00:00,2023-12-20 15:00:00+00:00,2023-12-20 19:00:00+00:00,2241.84,2226.74,-0.006735538664668472,-0.007736626721374207,0.0010010880567057345,5.041924062981029,4
XRP,long,2023-12-20 20:00:00+00:00,2023-12-20 21:00:00+00:00,2023-12-21 01:00:00+00:00,0.616,0.614,-0.0032467532467532756,-0.004390919653774028,0.0011441664070207525,5.742762706652812,4
LINK,long,2023-12-21 13:00:00+00:00,2023-12-21 14:00:00+00:00,2023-12-21 18:00:00+00:00,14.98,14.996,0.0010680907877169687,-0.00023978839106120198,0.0013078791787781707,6.536688716426203,4
DOT,long,2023-12-21 17:00:00+00:00,2023-12-21 18:00:00+00:00,2023-12-21 22:00:00+00:00,8.056,8.307,0.03115690168818297,0.029292879840048025,0.0018640218481349446,9.046674492363598,4
ETH,short,2023-12-21 21:00:00+00:00,2023-12-21 22:00:00+00:00,2023-12-22 02:00:00+00:00,2250.12,2256.11,-0.0026550123885804577,-0.003660213112434807,0.0010052007238543492,5.041924062981029,4
SOL,short,2023-12-21 21:00:00+00:00,2023-12-21 22:00:00+00:00,2023-12-22 02:00:00+00:00,92.1,97.88,-0.05905190028606455,-0.0601805349573441,0.0011286346712795492,6.000925858297193,4
DOT,long,2023-12-22 00:00:00+00:00,2023-12-22 01:00:00+00:00,2023-12-22 05:00:00+00:00,8.392,8.067,-0.03872735938989502,-0.04046505149201618,0.0017376921021211578,9.046674492363598,4
AVAX,short,2023-12-22 03:00:00+00:00,2023-12-22 04:00:00+00:00,2023-12-22 08:00:00+00:00,47.777,45.881,0.04132429545999439,0.0397196580844259,0.001604637375568485,7.710732744665526,4
SOL,long,2023-12-22 04:00:00+00:00,2023-12-22 05:00:00+00:00,2023-12-22 09:00:00+00:00,98.73,92.98,-0.05823964347209565,-0.059369252417304286,0.0011296089452086377,6.000925858297193,4
ADA,short,2023-12-22 08:00:00+00:00,2023-12-22 09:00:00+00:00,2023-12-22 13:00:00+00:00,0.614,0.614,0.0,-0.0019957615297963027,0.0019957615297963027,9.988775255673833,4
DOT,short,2023-12-22 08:00:00+00:00,2023-12-22 09:00:00+00:00,2023-12-22 13:00:00+00:00,7.977,8.009,-0.003995505056811122,-0.005795981915740156,0.0018004768589290343,9.046674492363598,4
XRP,long,2023-12-23 03:00:00+00:00,2023-12-23 04:00:00+00:00,2023-12-23 08:00:00+00:00,0.6138,0.6153,0.0024437927663734094,0.0012930942195203965,0.0011506985468530129,5.742762706652812,4
ETH,short,2023-12-23 04:00:00+00:00,2023-12-23 05:00:00+00:00,2023-12-23 09:00:00+00:00,2283.33,2290.41,-0.0030911496195004107,-0.004095910770824274,0.001004761151323863,5.041924062981029,4
ADA,long,2023-12-23 14:00:00+00:00,2023-12-23 15:00:00+00:00,2023-12-23 19:00:00+00:00,0.606,0.606,0.0,-0.0019957615297961917,0.0019957615297961917,9.988775255673833,4
SOL,long,2023-12-24 02:00:00+00:00,2023-12-24 03:00:00+00:00,2023-12-24 07:00:00+00:00,112.39,112.93,0.0048046979268618895,0.0035994694766532387,0.0012052284502086508,6.000925858297193,4
LINK,short,2023-12-24 15:00:00+00:00,2023-12-24 16:00:00+00:00,2023-12-24 20:00:00+00:00,15.797,15.859,-0.0039094520461566695,-0.005210828146179569,0.0013013761000228996,6.536688716426203,4
SOL,short,2023-12-24 15:00:00+00:00,2023-12-24 16:00:00+00:00,2023-12-24 20:00:00+00:00,113.62,115.21,-0.013800885339814162,-0.014983797036993929,0.001182911697179767,6.000925858297193,4
DOT,short,2023-12-24 22:00:00+00:00,2023-12-24 23:00:00+00:00,2023-12-25 03:00:00+00:00,8.622,8.693,-0.008167491084780876,-0.009960426246521603,0.0017929351617407274,9.046674492363598,4
ETH,short,2023-12-24 22:00:00+00:00,2023-12-24 23:00:00+00:00,2023-12-25 03:00:00+00:00,2260.19,2271.41,-0.00493966302869131,-0.00594256110651481,0.0010028980778234997,5.041924062981029,4
XRP,long,2023-12-25 09:00:00+00:00,2023-12-25 10:00:00+00:00,2023-12-25 14:00:00+00:00,0.6419,0.639,-0.004517837669418934,-0.005660545007104667,0.0011427073376857333,5.742762706652812,4
DOT,short,2023-12-25 14:00:00+00:00,2023-12-25 15:00:00+00:00,2023-12-25 19:00:00+00:00,9.212,9.334,-0.013070494964645407,-0.014854566968569127,0.0017840720039237201,9.046674492363598,4
SOL,long,2023-12-25 19:00:00+00:00,2023-12-25 20:00:00+00:00,2023-12-26 00:00:00+00:00,121.39,120.86,-0.004366092758876339,-0.005560321163137316,0.0011942284042609774,6.000925858297193,4
XRP,long,2023-12-25 20:00:00+00:00,2023-12-25 21:00:00+00:00,2023-12-26 01:00:00+00:00,0.6409,0.6375,-0.0053050397877985045,-0.006446843501420441,0.0011418037136219361,5.742762706652812,4
XRP,short,2023-12-26 10:00:00+00:00,2023-12-26 11:00:00+00:00,2023-12-26 15:00:00+00:00,0.6228,0.6258,-0.0047938638542665,-0.00593625434333489,0.00114239048906839,5.742762706652812,4
DOT,long,2023-12-27 00:00:00+00:00,2023-12-27 01:00:00+00:00,2023-12-27 05:00:00+00:00,8.698,8.584,-0.01310646125546111,-0.014890468243137889,0.0017840069876767783,9.046674492363598,4
ADA,short,2023-12-27 12:00:00+00:00,2023-12-27 13:00:00+00:00,2023-12-27 17:00:00+00:00,0.6132,0.633,-0.03127962085308067,-0.033212955718911585,0.0019333348658309157,9.988775255673833,4
ETH,short,2023-12-27 15:00:00+00:00,2023-12-27 16:00:00+00:00,2023-12-27 20:00:00+00:00,2342.84,2347.83,-0.002125366828092279,-0.003131101369339251,0.001005734541246972,5.041924062981029,4
BNB,short,2023-12-28 00:00:00+00:00,2023-12-28 01:00:00+00:00,2023-12-28 05:00:00+00:00,327.7,325.7,0.00614062020264039,0.004842345293307515,0.001298274909332875,6.455921962584254,4
ADA,short,2023-12-28 03:00:00+00:00,2023-12-28 04:00:00+00:00,2023-12-28 08:00:00+00:00,0.6606,0.6616,-0.0015114873035066978,-0.0035042322650897795,0.0019927449615830817,9.988775255673833,4
ADA,short,2023-12-28 09:00:00+00:00,2023-12-28 10:00:00+00:00,2023-12-28 14:00:00+00:00,0.6453,0.6342,0.017502365184484336,0.015471673107572581,0.0020306920769117554,9.988775255673833,4
ETH,short,2023-12-28 09:00:00+00:00,2023-12-28 10:00:00+00:00,2023-12-28 14:00:00+00:00,2388.0,2395.34,-0.003064283149782576,-0.004069071379193878,0.001004788229411302,5.041924062981029,4
LINK,short,2023-12-28 09:00:00+00:00,2023-12-28 10:00:00+00:00,2023-12-28 14:00:00+00:00,16.936,16.835,0.00599940599940596,0.004685084137508788,0.001314321861897172,6.536688716426203,4
SOL,short,2023-12-28 09:00:00+00:00,2023-12-28 10:00:00+00:00,2023-12-28 14:00:00+00:00,104.45,101.1,0.03313550939663701,0.031896299118844285,0.0012392102777927239,6.000925858297193,4
DOT,long,2023-12-28 15:00:00+00:00,2023-12-28 16:00:00+00:00,2023-12-28 20:00:00+00:00,8.379,8.448,0.008234872896527135,0.006412287189101251,0.0018225857074258833,9.046674492363598,4
ETH,long,2023-12-28 15:00:00+00:00,2023-12-28 16:00:00+00:00,2023-12-28 20:00:00+00:00,2359.43,2362.88,0.0014622175694978257,0.0004528671857106925,0.0010093503837871332,5.041924062981029,4
ETH,long,2023-12-28 21:00:00+00:00,2023-12-28 22:00:00+00:00,2023-12-29 02:00:00+00:00,2345.91,2334.37,-0.004919199798798735,-0.005922118501033746,0.0010029187022350117,5.041924062981029,4
LINK,long,2023-12-29 08:00:00+00:00,2023-12-29 09:00:00+00:00,2023-12-29 13:00:00+00:00,15.945,16.088,0.008968328629664457,0.007650127918638949,0.0013182007110255078,6.536688716426203,4
DOT,long,2023-12-29 21:00:00+00:00,2023-12-29 22:00:00+00:00,2023-12-30 02:00:00+00:00,8.222,8.415,0.023473607394794316,0.021623474634154594,0.0018501327606397222,9.046674492363598,4
DOT,long,2023-12-31 22:00:00+00:00,2023-12-31 23:00:00+00:00,2024-01-01 03:00:00+00:00,8.121,8.254,0.016377293436768747,0.014539988679546534,0.0018373047572222134,9.046674492363598,4
ETH,long,2024-01-01 13:00:00+00:00,2024-01-01 14:00:00+00:00,2024-01-01 18:00:00+00:00,2305.03,2314.54,0.004125759751499869,0.003113724845744237,0.0010120349057556322,5.041924062981029,4
ADA,short,2024-01-02 06:00:00+00:00,2024-01-02 07:00:00+00:00,2024-01-02 11:00:00+00:00,0.622,0.6286,-0.01049952274896604,-0.012474329735178591,0.0019748069862125517,9.988775255673833,4
XRP,long,2024-01-02 11:00:00+00:00,2024-01-02 12:00:00+00:00,2024-01-02 16:00:00+00:00,0.6329,0.6257,-0.011376204771685883,-0.012511039435496807,0.0011348346638109241,5.742762706652812,4
ETH,short,2024-01-03 13:00:00+00:00,2024-01-03 14:00:00+00:00,2024-01-03 18:00:00+00:00,2223.65,2223.6,2.2486058643744755e-05,-0.0009854132533729798,0.0010078993120167246,5.041924062981029,4
AVAX,short,2024-01-03 15:00:00+00:00,2024-01-03 16:00:00+00:00,2024-01-03 20:00:00+00:00,37.09,36.214,0.024189539956922967,0.022611306526044483,0.001578233430878484,7.710732744665526,4
SOL,short,2024-01-03 15:00:00+00:00,2024-01-03 16:00:00+00:00,2024-01-03 20:00:00+00:00,102.09,97.4,0.04815195071868583,0.046894728739375724,0.001257221979310108,6.000925858297193,4
DOT,short,2024-01-03 18:00:00+00:00,2024-01-03 19:00:00+00:00,2024-01-03 23:00:00+00:00,7.602,7.673,-0.009253225596246528,-0.01104419807621937,0.001790972479972841,9.046674492363598,4
ETH,short,2024-01-03 20:00:00+00:00,2024-01-03 21:00:00+00:00,2024-01-04 01:00:00+00:00,2218.99,2210.72,0.0037408627053630017,0.0027292157283524965,0.0010116469770105052,5.041924062981029,4
LINK,short,2024-01-03 20:00:00+00:00,2024-01-03 21:00:00+00:00,2024-01-04 01:00:00+00:00,14.221,14.135,0.006084188185355499,0.0047697555569115035,0.0013144326284439956,6.536688716426203,4
XRP,short,2024-01-03 20:00:00+00:00,2024-01-03 21:00:00+00:00,2024-01-04 01:00:00+00:00,0.5883,0.5803,0.01378597277270388,0.012622254613035233,0.0011637181596686474,5.742762706652812,4
ADA,long,2024-01-03 21:00:00+00:00,2024-01-03 22:00:00+00:00,2024-01-04 02:00:00+00:00,0.5625,0.5517,-0.019200000000000106,-0.02115744290842425,0.001957442908424145,9.988775255673833,4
XRP,short,2024-01-04 03:00:00+00:00,2024-01-04 04:00:00+00:00,2024-01-04 08:00:00+00:00,0.5813,0.5743,0.012188751523593888,0.011026866803549362,0.001161884720044526,5.742762706652812,4
AVAX,long,2024-01-04 15:00:00+00:00,2024-01-04 16:00:00+00:00,2024-01-04 20:00:00+00:00,39.314,38.774,-0.013735564938698652,-0.01525535736224326,0.001519792423544608,7.710732744665526,4
XRP,short,2024-01-04 15:00:00+00:00,2024-01-04 16:00:00+00:00,2024-01-04 20:00:00+00:00,0.5857,0.5866,-0.0015342652574156235,-0.0026803974179828716,0.001146132160567248,5.742762706652812,4
DOT,short,2024-01-05 10:00:00+00:00,2024-01-05 11:00:00+00:00,2024-01-05 15:00:00+00:00,7.51,7.275,0.03230240549828167,0.030436312923446174,0.0018660925748354984,9.046674492363598,4
ADA,long,2024-01-05 12:00:00+00:00,2024-01-05 13:00:00+00:00,2024-01-05 17:00:00+00:00,0.5415,0.5259,-0.02880886426592788,-0.03074713017270514,0.001938265906777259,9.988775255673833,4
XRP,short,2024-01-05 14:00:00+00:00,2024-01-05 15:00:00+00:00,2024-01-05 19:00:00+00:00,0.5607,0.5674,-0.011808248149453693,-0.012942586873551432,0.0011343387240977387,5.742762706652812,4
XRP,short,2024-01-05 21:00:00+00:00,2024-01-05 22:00:00+00:00,2024-01-06 02:00:00+00:00,0.5725,0.573,-0.0008726003490400203,-0.002019492030344683,0.0011468916813046626,5.742762706652812,4
LINK,long,2024-01-06 08:00:00+00:00,2024-01-06 09:00:00+00:00,2024-01-06 13:00:00+00:00,13.504,13.468,-0.002665876777251164,-0.003968877588136688,0.001303000810885524,6.536688716426203,4
DOT,short,2024-01-06 17:00:00+00:00,2024-01-06 18:00:00+00:00,2024-01-06 22:00:00+00:00,7.3,7.158,0.019837943559653404,0.017994382986825208,0.0018435605728281956,9.046674492363598,4
LINK,long,2024-01-07 03:00:00+00:00,2024-01-07 04:00:00+00:00,2024-01-07 08:00:00+00:00,13.564,13.647,0.006119138897080489,0.004804660606100075,0.0013144782909804142,6.536688716426203,4
SOL,short,2024-01-07 14:00:00+00:00,2024-01-07 15:00:00+00:00,2024-01-07 19:00:00+00:00,96.11,94.48,0.017252328535139583,0.016032169582936406,0.0012201589522031764,6.000925858297193,4
XRP,short,2024-01-07 14:00:00+00:00,2024-01-07 15:00:00+00:00,2024-01-07 19:00:00+00:00,0.5704,0.5672,0.005641748942172065,0.004487379482744247,0.0011543694594278175,5.742762706652812,4
AVAX,short,2024-01-07 22:00:00+00:00,2024-01-07 23:00:00+00:00,2024-01-08 03:00:00+00:00,33.451,32.093,0.04231452341632114,0.04070836014070811,0.0016061632756130262,7.710732744665526,4
DOT,short,2024-01-07 22:00:00+00:00,2024-01-07 23:00:00+00:00,2024-01-08 03:00:00+00:00,6.905,6.663,0.03631997598679271,0.034446620851667165,0.0018733551351255429,9.046674492363598,4
ETH,short,2024-01-07 22:00:00+00:00,2024-01-07 23:00:00+00:00,2024-01-08 03:00:00+00:00,2216.79,2184.51,0.01477676916104742,0.01375399935162136,0.0010227698094260607,5.041924062981029,4
LINK,short,2024-01-07 22:00:00+00:00,2024-01-07 23:00:00+00:00,2024-01-08 03:00:00+00:00,13.106,12.871,0.018258099603760236,0.016927761958050347,0.0013303376457098892,6.536688716426203,4
SOL,short,2024-01-07 22:00:00+00:00,2024-01-07 23:00:00+00:00,2024-01-08 03:00:00+00:00,89.28,88.06,0.013854190324778637,0.012638107321719882,0.0012160830030587544,6.000925858297193,4
XRP,short,2024-01-08 01:00:00+00:00,2024-01-08 02:00:00+00:00,2024-01-08 06:00:00+00:00,0.5723,0.5583,0.025076123947698425,0.023899445898762695,0.001176678048935731,5.742762706652812,4
ADA,long,2024-01-08 09:00:00+00:00,2024-01-08 10:00:00+00:00,2024-01-08 14:00:00+00:00,0.4863,0.5075,0.04359448899856044,0.041511723264709754,0.002082765733850689,9.988775255673833,4
DOT,short,2024-01-08 13:00:00+00:00,2024-01-08 14:00:00+00:00,2024-01-08 18:00:00+00:00,7.193,7.305,-0.015331964407939824,-0.017111948354610274,0.0017799839466704492,9.046674492363598,4
XRP,short,2024-01-08 13:00:00+00:00,2024-01-08 14:00:00+00:00,2024-01-08 18:00:00+00:00,0.5634,0.5704,-0.012272089761570792,-0.01340589604497433,0.0011338062834035378,5.742762706652812,4
LINK,short,2024-01-08 14:00:00+00:00,2024-01-08 15:00:00+00:00,2024-01-08 19:00:00+00:00,13.545,14.163,-0.04363482313069267,-0.044884298679505386,0.0012494755488127174,6.536688716426203,4
ETH,long,2024-01-08 17:00:00+00:00,2024-01-08 18:00:00+00:00,2024-01-08 22:00:00+00:00,2307.69,2337.6,0.01296101296101293,0.011940073209860902,0.001020939751152028,5.041924062981029,4
ADA,long,2024-01-08 18:00:00+00:00,2024-01-08 19:00:00+00:00,2024-01-08 23:00:00+00:00,0.5405,0.5411,0.0011100832562442875,-0.0008878937350097482,0.0019979769912540357,9.988775255673833,4
BNB,short,2024-01-09 02:00:00+00:00,2024-01-09 03:00:00+00:00,2024-01-09 07:00:00+00:00,300.0,302.7,-0.008919722497522264,-0.01019856427329402,0.0012788417757717552,6.455921962584254,4
ADA,short,2024-01-09 12:00:00+00:00,2024-01-09 13:00:00+00:00,2024-01-09 17:00:00+00:00,0.5103,0.5068,0.006906077348066253,0.004896532934776987,0.002009544413289266,9.988775255673833,4
XRP,short,2024-01-09 12:00:00+00:00,2024-01-09 13:00:00+00:00,2024-01-09 17:00:00+00:00,0.5581,0.5584,-0.0005372492836676068,-0.001684525912224566,0.0011472766285569591,5.742762706652812,4
ADA,long,2024-01-09 20:00:00+00:00,2024-01-09 21:00:00+00:00,2024-01-10 01:00:00+00:00,0.4975,0.5156,0.03638190954773868,0.03431353840248641,0.002068371145252268,9.988775255673833,4
XRP,short,2024-01-09 21:00:00+00:00,2024-01-09 22:00:00+00:00,2024-01-10 02:00:00+00:00,0.5658,0.5721,-0.01101206082852657,-0.012147313490742384,0.0011352526622158132,5.742762706652812,4
AVAX,short,2024-01-10 12:00:00+00:00,2024-01-10 13:00:00+00:00,2024-01-10 17:00:00+00:00,33.773,34.779,-0.02892550102073088,-0.030421886385325836,0.0014963853645949543,7.710732744665526,4
XRP,long,2024-01-10 13:00:00+00:00,2024-01-10 14:00:00+00:00,2024-01-10 18:00:00+00:00,0.5552,0.5696,0.025936599423631135,0.024758933640632863,0.0011776657829982717,5.742762706652812,4
DOT,long,2024-01-10 15:00:00+00:00,2024-01-10 16:00:00+00:00,2024-01-10 20:00:00+00:00,7.076,7.251,0.024731486715658724,0.022879080087159887,0.0018524066284988372,9.046674492363598,4
LINK,long,2024-01-10 15:00:00+00:00,2024-01-10 16:00:00+00:00,2024-01-10 20:00:00+00:00,14.255,14.322,0.0047001052262363174,0.003387480879667004,0.0013126243465693133,6.536688716426203,4
ADA,long,2024-01-10 19:00:00+00:00,2024-01-10 20:00:00+00:00,2024-01-11 00:00:00+00:00,0.5183,0.5661,0.09222458035886572,0.0900447605594874,0.002179819799378313,9.988775255673833,4
AVAX,short,2024-01-10 21:00:00+00:00,2024-01-10 22:00:00+00:00,2024-01-11 02:00:00+00:00,38.187,38.418,-0.00601280649695457,-0.007544499369660285,0.0015316928727057144,7.710732744665526,4
ADA,long,2024-01-11 03:00:00+00:00,2024-01-11 04:00:00+00:00,2024-01-11 08:00:00+00:00,0.5821,0.5765,-0.009620340147740825,-0.011596901772766732,0.0019765616250259077,9.988775255673833,4
LINK,short,2024-01-11 04:00:00+00:00,2024-01-11 05:00:00+00:00,2024-01-11 09:00:00+00:00,14.918,14.973,-0.0036732785680893,-0.0049749632249199705,0.0013016846568306706,6.536688716426203,4
ETH,long,2024-01-11 20:00:00+00:00,2024-01-11 21:00:00+00:00,2024-01-12 01:00:00+00:00,2593.27,2599.41,0.002367667076702329,0.0013574041115000934,0.0010102629652022355,5.041924062981029,4
ETH,long,2024-01-12 15:00:00+00:00,2024-01-12 16:00:00+00:00,2024-01-12 20:00:00+00:00,2647.45,2585.13,-0.0235396324765339,-0.024523784079481747,0.000984151602947847,5.041924062981029,4
ETH,long,2024-01-13 17:00:00+00:00,2024-01-13 18:00:00+00:00,2024-01-13 22:00:00+00:00,2555.08,2573.03,0.007025220345351357,0.006010263140969085,0.0010149572043822719,5.041924062981029,4
LINK,short,2024-01-14 02:00:00+00:00,2024-01-14 03:00:00+00:00,2024-01-14 07:00:00+00:00,14.489,15.002,-0.0341954406079189,-0.035457248556471144,0.0012618079485522404,6.536688716426203,4
SOL,long,2024-01-14 07:00:00+00:00,2024-01-14 08:00:00+00:00,2024-01-14 12:00:00+00:00,98.29,96.77,-0.015464441957472874,-0.016645358276079825,0.0011809163186069505,6.000925858297193,4
LINK,long,2024-01-15 15:00:00+00:00,2024-01-15 16:00:00+00:00,2024-01-15 20:00:00+00:00,15.311,15.339,0.001828750571484683,0.0005198776030705954,0.0013088729684140876,6.536688716426203,4
AVAX,short,2024-01-15 22:00:00+00:00,2024-01-15 23:00:00+00:00,2024-01-16 03:00:00+00:00,35.495,35.892,-0.011060960659757257,-0.01258487453711754,0.0015239138773602834,7.710732744665526,4
LINK,short,2024-01-15 22:00:00+00:00,2024-01-15 23:00:00+00:00,2024-01-16 03:00:00+00:00,15.227,15.211,0.0010518703569784016,-0.0002559876300707309,0.0013078579870491325,6.536688716426203,4
LINK,long,2024-01-16 07:00:00+00:00,2024-01-16 08:00:00+00:00,2024-01-16 12:00:00+00:00,15.105,15.073,-0.0021185038066865447,-0.003422219751455402,0.0013037159447688573,6.536688716426203,4
DOT,long,2024-01-16 15:00:00+00:00,2024-01-16 16:00:00+00:00,2024-01-16 20:00:00+00:00,7.514,7.458,-0.007452754857599109,-0.009246982047682817,0.0017942271900837081,9.046674492363598,4
SOL,short,2024-01-17 00:00:00+00:00,2024-01-17 01:00:00+00:00,2024-01-17 05:00:00+00:00,98.58,99.39,-0.008149713250830137,-0.00933940333329486,0.0011896900824647227,6.000925858297193,4
ADA,short,2024-01-17 07:00:00+00:00,2024-01-17 08:00:00+00:00,2024-01-17 12:00:00+00:00,0.5284,0.5324,-0.007513148009015813,-0.009493915087047888,0.001980767078032075,9.988775255673833,4
ETH,short,2024-01-17 14:00:00+00:00,2024-01-17 15:00:00+00:00,2024-01-17 19:00:00+00:00,2550.17,2533.35,0.006639430003750002,0.005624861628444222,0.00101456837530578,5.041924062981029,4
ETH,long,2024-01-18 10:00:00+00:00,2024-01-18 11:00:00+00:00,2024-01-18 15:00:00+00:00,2516.34,2533.98,0.00701018145401644,0.005995239406981545,0.0010149420470348947,5.041924062981029,4
XRP,long,2024-01-18 14:00:00+00:00,2024-01-18 15:00:00+00:00,2024-01-18 19:00:00+00:00,0.5641,0.5527,-0.020209182769012735,-0.02133387811626608,0.001124695347253346,5.742762706652812,4
ADA,long,2024-01-18 16:00:00+00:00,2024-01-18 17:00:00+00:00,2024-01-18 21:00:00+00:00,0.5136,0.5002,-0.026090342679127687,-0.028034034106705796,0.0019436914275781092,9.988775255673833,4
AVAX,long,2024-01-18 19:00:00+00:00,2024-01-18 20:00:00+00:00,2024-01-19 00:00:00+00:00,32.97,33.598,0.01904761904761898,0.01747730910273737,0.0015703099448816094,7.710732744665526,4
ETH,long,2024-01-18 19:00:00+00:00,2024-01-18 20:00:00+00:00,2024-01-19 00:00:00+00:00,2439.4,2470.97,0.012941706977125378,0.011920786684023632,0.0010209202931017458,5.041924062981029,4
XRP,short,2024-01-18 21:00:00+00:00,2024-01-18 22:00:00+00:00,2024-01-19 02:00:00+00:00,0.5508,0.5488,0.0036443148688045657,0.002492238250634049,0.0011520766181705167,5.742762706652812,4
LINK,long,2024-01-19 00:00:00+00:00,2024-01-19 01:00:00+00:00,2024-01-19 05:00:00+00:00,14.625,14.796,0.011692307692307669,0.010370548146940717,0.0013217595453669517,6.536688716426203,4
XRP,short,2024-01-19 06:00:00+00:00,2024-01-19 07:00:00+00:00,2024-01-19 11:00:00+00:00,0.5509,0.5499,0.0018185124568101951,0.0006685316650563156,0.0011499807917538796,5.742762706652812,4
LINK,short,2024-01-19 08:00:00+00:00,2024-01-19 09:00:00+00:00,2024-01-19 13:00:00+00:00,15.071,15.527,-0.029368197333676793,-0.0306363119970543,0.0012681146633775064,6.536688716426203,4
XRP,short,2024-01-19 12:00:00+00:00,2024-01-19 13:00:00+00:00,2024-01-19 17:00:00+00:00,0.5505,0.5262,0.04618015963511968,0.04497925640431011,0.001200903230809569,5.742762706652812,4
DOT,long,2024-01-19 16:00:00+00:00,2024-01-19 17:00:00+00:00,2024-01-19 21:00:00+00:00,6.64,6.855,0.032379518072289226,0.03051328610108972,0.0018662319711995057,9.046674492363598,4
XRP,long,2024-01-19 18:00:00+00:00,2024-01-19 19:00:00+00:00,2024-01-19 23:00:00+00:00,0.5424,0.5465,0.007558997050147509,0.006402426794398286,0.001156570255749223,5.742762706652812,4
ADA,short,2024-01-19 21:00:00+00:00,2024-01-19 22:00:00+00:00,2024-01-20 02:00:00+00:00,0.4994,0.5092,-0.01924587588373916,-0.021203227234839472,0.0019573513511003116,9.988775255673833,4
XRP,long,2024-01-20 06:00:00+00:00,2024-01-20 07:00:00+00:00,2024-01-20 11:00:00+00:00,0.5461,0.5485,0.004394799487273282,0.0032418613928120177,0.0011529380944612644,5.742762706652812,4
LINK,short,2024-01-20 07:00:00+00:00,2024-01-20 08:00:00+00:00,2024-01-20 12:00:00+00:00,16.406,16.017,0.024286695386152246,0.022948481478104243,0.0013382139080480027,6.536688716426203,4
SOL,long,2024-01-20 10:00:00+00:00,2024-01-20 11:00:00+00:00,2024-01-20 15:00:00+00:00,91.93,91.15,-0.008484716632220168,-0.009674004889726251,0.0011892882575060826,6.000925858297193,4
XRP,long,2024-01-20 19:00:00+00:00,2024-01-20 20:00:00+00:00,2024-01-21 00:00:00+00:00,0.5467,0.5534,0.012255350283519428,0.01109338911520208,0.0011619611683173492,5.742762706652812,4
ADA,long,2024-01-21 17:00:00+00:00,2024-01-21 18:00:00+00:00,2024-01-21 22:00:00+00:00,0.514,0.5092,-0.009338521400778288,-0.011315645468817692,0.001977124068039404,9.988775255673833,4
ADA,long,2024-01-22 03:00:00+00:00,2024-01-22 04:00:00+00:00,2024-01-22 08:00:00+00:00,0.4966,0.4977,0.002215062424486547,0.00021488015831727658,0.0020001822661692703,9.988775255673833,4
XRP,short,2024-01-22 10:00:00+00:00,2024-01-22 11:00:00+00:00,2024-01-22 15:00:00+00:00,0.5297,0.5289,0.0015125732652674362,0.00036294365907196813,0.001149629606195468,5.742762706652812,4
ADA,short,2024-01-22 22:00:00+00:00,2024-01-22 23:00:00+00:00,2024-01-23 03:00:00+00:00,0.4813,0.4855,-0.008650875386199797,-0.010629371831701095,0.0019784964455012988,9.988775255673833,4
XRP,short,2024-01-23 07:00:00+00:00,2024-01-23 08:00:00+00:00,2024-01-23 12:00:00+00:00,0.5223,0.5051,0.03405266283904185,0.03286568068095552,0.001186982158086325,5.742762706652812,4
ADA,long,2024-01-23 08:00:00+00:00,2024-01-23 09:00:00+00:00,2024-01-23 13:00:00+00:00,0.4667,0.4592,-0.016070280694236105,-0.018033969776049763,0.0019636890818136576,9.988775255673833,4
BNB,long,2024-01-23 10:00:00+00:00,2024-01-23 11:00:00+00:00,2024-01-23 15:00:00+00:00,295.6,295.9,0.0010148849797022574,-0.00027677593025698943,0.0012916609099592469,6.455921962584254,4
ETH,long,2024-01-23 15:00:00+00:00,2024-01-23 16:00:00+00:00,2024-01-23 20:00:00+00:00,2219.14,2185.69,-0.01507340681525271,-0.01606609132934822,0.0009926845140955098,5.041924062981029,4
XRP,long,2024-01-23 15:00:00+00:00,2024-01-23 16:00:00+00:00,2024-01-23 20:00:00+00:00,0.5103,0.508,-0.004507152655300772,-0.005649872258242983,0.0011427196029422104,5.742762706652812,4
BNB,long,2024-01-23 21:00:00+00:00,2024-01-23 22:00:00+00:00,2024-01-24 02:00:00+00:00,294.5,297.5,0.01018675721561979,0.008883261367922834,0.001303495847696956,6.455921962584254,4
ETH,long,2024-01-23 21:00:00+00:00,2024-01-23 22:00:00+00:00,2024-01-24 02:00:00+00:00,2202.84,2223.4,0.009333405966842845,0.008316122396071268,0.0010172835707715766,5.041924062981029,4
XRP,long,2024-01-24 03:00:00+00:00,2024-01-24 04:00:00+00:00,2024-01-24 08:00:00+00:00,0.5145,0.5156,0.0021379980563653866,0.000987650529221451,0.0011503475271439356,5.742762706652812,4
XRP,short,2024-01-24 09:00:00+00:00,2024-01-24 10:00:00+00:00,2024-01-24 14:00:00+00:00,0.5147,0.5141,0.00116708811515287,1.7855089057938756e-05,0.0011492330260949313,5.742762706652812,4
BNB,short,2024-01-24 10:00:00+00:00,2024-01-24 11:00:00+00:00,2024-01-24 15:00:00+00:00,296.0,293.0,0.010238907849829282,0.008935344709491089,0.001303563140338193,6.455921962584254,4
AVAX,long,2024-01-24 18:00:00+00:00,2024-01-24 19:00:00+00:00,2024-01-24 23:00:00+00:00,30.854,30.513,-0.011052051597847834,-0.012575979203701682,0.0015239276058538476,7.710732744665526,4
ADA,short,2024-01-24 20:00:00+00:00,2024-01-24 21:00:00+00:00,2024-01-25 01:00:00+00:00,0.4691,0.4758,-0.014081546868432104,-0.01604920498870832,0.0019676581202762167,9.988775255673833,4
XRP,short,2024-01-25 01:00:00+00:00,2024-01-25 02:00:00+00:00,2024-01-25 06:00:00+00:00,0.5146,0.5108,0.007439310884886252,0.0062828780160884,0.001156432868797852,5.742762706652812,4
XRP,short,2024-01-25 15:00:00+00:00,2024-01-25 16:00:00+00:00,2024-01-25 20:00:00+00:00,0.5072,0.514,-0.013229571984435862,-0.01436227918037869,0.001132707195942828,5.742762706652812,4
AVAX,long,2024-01-26 09:00:00+00:00,2024-01-26 10:00:00+00:00,2024-01-26 14:00:00+00:00,30.971,31.655,0.022085176455393762,0.020510185761039468,0.0015749906943542946,7.710732744665526,4
SOL,long,2024-01-26 10:00:00+00:00,2024-01-26 11:00:00+00:00,2024-01-26 15:00:00+00:00,90.5,92.04,0.017016574585635436,0.01579669841213316,0.0012198761735022767,6.000925858297193,4
ADA,long,2024-01-26 12:00:00+00:00,2024-01-26 13:00:00+00:00,2024-01-26 17:00:00+00:00,0.4814,0.4892,0.01620274200249283,0.014174643663530828,0.0020280983389620033,9.988775255673833,4
XRP,short,2024-01-27 07:00:00+00:00,2024-01-27 08:00:00+00:00,2024-01-27 12:00:00+00:00,0.5286,0.5298,-0.002265005662514308,-0.0034102990110421727,0.001145293348527865,5.742762706652812,4
XRP,long,2024-01-28 00:00:00+00:00,2024-01-28 01:00:00+00:00,2024-01-28 05:00:00+00:00,0.53,0.5346,0.008679245283018666,0.0075213891017911205,0.0011578561812275456,5.742762706652812,4
ADA,short,2024-01-28 10:00:00+00:00,2024-01-28 11:00:00+00:00,2024-01-28 15:00:00+00:00,0.4984,0.4896,0.017973856209150485,0.01594222314858973,0.0020316330605607558,9.988775255673833,4
BNB,long,2024-01-28 15:00:00+00:00,2024-01-28 16:00:00+00:00,2024-01-28 20:00:00+00:00,304.8,303.9,-0.002952755905511917,-0.004239297164691624,0.0012865412591797076,6.455921962584254,4
LINK,long,2024-01-28 19:00:00+00:00,2024-01-28 20:00:00+00:00,2024-01-29 00:00:00+00:00,14.278,14.481,0.014217677545874663,0.012892618645867993,0.0013250589000066704,6.536688716426203,4
XRP,short,2024-01-29 03:00:00+00:00,2024-01-29 04:00:00+00:00,2024-01-29 08:00:00+00:00,0.5284,0.525,0.006476190476190302,0.005320863166888845,0.001155327309301457,5.742762706652812,4
ETH,short,2024-01-29 09:00:00+00:00,2024-01-29 10:00:00+00:00,2024-01-29 14:00:00+00:00,2273.92,2244.89,0.012931591302914658,0.011910681205164808,0.0010209100977498498,5.041924062981029,4
XRP,short,2024-01-29 12:00:00+00:00,2024-01-29 13:00:00+00:00,2024-01-29 17:00:00+00:00,0.5249,0.5312,-0.011859939759036098,-0.012994219146679753,0.0011342793876436552,5.742762706652812,4
BNB,long,2024-01-29 15:00:00+00:00,2024-01-29 16:00:00+00:00,2024-01-29 20:00:00+00:00,308.4,310.0,0.005188067444876765,0.00389102166328259,0.001297045781594175,6.455921962584254,4
LINK,long,2024-01-30 16:00:00+00:00,2024-01-30 17:00:00+00:00,2024-01-30 21:00:00+00:00,15.715,15.662,-0.00337257397391022,-0.004674651496402338,0.0013020775224921177,6.536688716426203,4
XRP,long,2024-01-30 21:00:00+00:00,2024-01-30 22:00:00+00:00,2024-01-31 02:00:00+00:00,0.5121,0.5083,-0.007420425698105859,-0.00855980117434385,0.0011393754762379915,5.742762706652812,4
XRP,short,2024-01-31 03:00:00+00:00,2024-01-31 04:00:00+00:00,2024-01-31 08:00:00+00:00,0.5105,0.511,-0.0009784735812133905,-0.002125243731340598,0.0011467701501272076,5.742762706652812,4
XRP,long,2024-01-31 15:00:00+00:00,2024-01-31 16:00:00+00:00,2024-01-31 20:00:00+00:00,0.5083,0.5109,0.005115089514066584,0.003961324603485528,0.0011537649105810566,5.742762706652812,4
LINK,long,2024-01-31 16:00:00+00:00,2024-01-31 17:00:00+00:00,2024-01-31 21:00:00+00:00,15.725,15.4,-0.020667726550079424,-0.021947208237027116,0.0012794816869476922,6.536688716426203,4
ADA,long,2024-01-31 19:00:00+00:00,2024-01-31 20:00:00+00:00,2024-02-01 00:00:00+00:00,0.5124,0.4975,-0.02907884465261512,-0.031016571742922716,0.001937727090307595,9.988775255673833,4
XRP,short,2024-02-01 03:00:00+00:00,2024-02-01 04:00:00+00:00,2024-02-01 08:00:00+00:00,0.4977,0.4928,0.009943181818181657,0.00878387477263165,0.0011593070455500065,5.742762706652812,4
SOL,long,2024-02-01 07:00:00+00:00,2024-02-01 08:00:00+00:00,2024-02-01 12:00:00+00:00,94.91,95.46,0.005794963649773388,0.004588547410111943,0.0012064162396614453,6.000925858297193,4
BNB,short,2024-02-01 14:00:00+00:00,2024-02-01 15:00:00+00:00,2024-02-01 19:00:00+00:00,300.8,299.9,0.0030010003334446367,0.001706776636854146,0.0012942236965904907,6.455921962584254,4
LINK,short,2024-02-01 14:00:00+00:00,2024-02-01 15:00:00+00:00,2024-02-01 19:00:00+00:00,16.475,16.834,-0.02132588808364011,-0.022604509893248914,0.0012786218096088042,6.536688716426203,4
XRP,long,2024-02-01 16:00:00+00:00,2024-02-01 17:00:00+00:00,2024-02-01 21:00:00+00:00,0.5003,0.5077,0.014791125324805199,0.013626253357223117,0.0011648719675820818,5.742762706652812,4
ETH,long,2024-02-01 19:00:00+00:00,2024-02-01 20:00:00+00:00,2024-02-02 00:00:00+00:00,2304.67,2304.12,-0.00023864587988742247,-0.0012462820031210464,0.001007636123233624,5.041924062981029,4
AVAX,long,2024-02-02 03:00:00+00:00,2024-02-02 04:00:00+00:00,2024-02-02 08:00:00+00:00,34.384,34.892,0.014774313634248637,0.0132105886750562,0.0015637249591924363,7.710732744665526,4
LINK,long,2024-02-02 18:00:00+00:00,2024-02-02 19:00:00+00:00,2024-02-02 23:00:00+00:00,18.242,17.787,-0.024942440521872666,-0.026216337364542208,0.0012738968426695418,6.536688716426203,4
BNB,short,2024-02-02 19:00:00+00:00,2024-02-02 20:00:00+00:00,2024-02-03 00:00:00+00:00,300.6,301.2,-0.0019920318725098474,-0.0032798128032440754,0.001287780930734228,6.455921962584254,4
XRP,short,2024-02-02 19:00:00+00:00,2024-02-02 20:00:00+00:00,2024-02-03 00:00:00+00:00,0.5044,0.5105,-0.011949069539667012,-0.013083246615829602,0.0011341770761625902,5.742762706652812,4
XRP,long,2024-02-03 03:00:00+00:00,2024-02-03 04:00:00+00:00,2024-02-03 08:00:00+00:00,0.5076,0.5077,0.00019700551615442485,-0.0009511139585920425,0.0011481194747464674,5.742762706652812,4
LINK,long,2024-02-03 12:00:00+00:00,2024-02-03 13:00:00+00:00,2024-02-03 17:00:00+00:00,17.848,17.942,0.0052666965486329875,0.003953331959716255,0.0013133645889167322,6.536688716426203,4
BNB,short,2024-02-03 14:00:00+00:00,2024-02-03 15:00:00+00:00,2024-02-03 19:00:00+00:00,300.6,299.8,0.0026684456304202353,0.0013746510462402384,0.001293794584179997,6.455921962584254,4
DOT,short,2024-02-03 14:00:00+00:00,2024-02-03 15:00:00+00:00,2024-02-03 19:00:00+00:00,6.852,6.871,-0.002765245233590452,-0.004567946032625669,0.0018027007990352173,9.046674492363598,4
BNB,short,2024-02-03 21:00:00+00:00,2024-02-03 22:00:00+00:00,2024-02-04 02:00:00+00:00,300.0,299.7,0.0010010010010010895,-0.0002906419937473981,0.0012916429947484875,6.455921962584254,4
ETH,long,2024-02-04 11:00:00+00:00,2024-02-04 12:00:00+00:00,2024-02-04 16:00:00+00:00,2305.63,2301.79,-0.0016654883914591911,-0.002671686433443843,0.0010061980419846517,5.041924062981029,4
BNB,long,2024-02-04 14:00:00+00:00,2024-02-04 15:00:00+00:00,2024-02-04 19:00:00+00:00,304.9,305.8,0.002951787471302092,0.0016576272765949085,0.0012941601947071835,6.455921962584254,4
XRP,short,2024-02-04 21:00:00+00:00,2024-02-04 22:00:00+00:00,2024-02-05 02:00:00+00:00,0.5079,0.5006,0.014582500998801429,0.013417868509692177,0.0011646324891092519,5.742762706652812,4
XRP,short,2024-02-05 09:00:00+00:00,2024-02-05 10:00:00+00:00,2024-02-05 14:00:00+00:00,0.5047,0.5079,-0.00630045284504821,-0.007441113930657939,0.0011406610856097288,5.742762706652812,4
XRP,short,2024-02-05 19:00:00+00:00,2024-02-05 20:00:00+00:00,2024-02-06 00:00:00+00:00,0.51,0.5069,0.006115604655750673,0.004960691260508465,0.0011549133952422075,5.742762706652812,4
ADA,short,2024-02-05 21:00:00+00:00,2024-02-05 22:00:00+00:00,2024-02-06 02:00:00+00:00,0.4902,0.4916,-0.002847843775427128,-0.00483792168817343,0.001990077912746302,9.988775255673833,4
BNB,long,2024-02-06 08:00:00+00:00,2024-02-06 09:00:00+00:00,2024-02-06 13:00:00+00:00,303.0,302.5,-0.0016501650165016146,-0.002938387075595794,0.0012882220590941795,6.455921962584254,4
XRP,long,2024-02-06 10:00:00+00:00,2024-02-06 11:00:00+00:00,2024-02-06 15:00:00+00:00,0.5026,0.5013,-0.0025865499403104897,-0.003731474190305506,0.0011449242499950163,5.742762706652812,4
XRP,short,2024-02-07 01:00:00+00:00,2024-02-07 02:00:00+00:00,2024-02-07 06:00:00+00:00,0.5053,0.503,0.004572564612326024,0.003419422462462851,0.0011531421498631733,5.742762706652812,4
ADA,long,2024-02-07 06:00:00+00:00,2024-02-07 07:00:00+00:00,2024-02-07 11:00:00+00:00,0.4902,0.4794,-0.02203182374541013,-0.02398361500894408,0.001951791263533953,9.988775255673833,4
XRP,long,2024-02-07 13:00:00+00:00,2024-02-07 14:00:00+00:00,2024-02-07 18:00:00+00:00,0.5035,0.5074,0.007745779543197662,0.006588994881069787,0.0011567846621278743,5.742762706652812,4
XRP,short,2024-02-08 17:00:00+00:00,2024-02-08 18:00:00+00:00,2024-02-08 22:00:00+00:00,0.5156,0.5161,-0.0009688044952529395,-0.0021155857444594695,0.00114678124920653,5.742762706652812,4
ETH,short,2024-02-09 09:00:00+00:00,2024-02-09 10:00:00+00:00,2024-02-09 14:00:00+00:00,2467.35,2513.11,-0.018208514549701404,-0.019198039261919986,0.0009895247122185813,5.041924062981029,4
LINK,long,2024-02-09 13:00:00+00:00,2024-02-09 14:00:00+00:00,2024-02-09 18:00:00+00:00,18.56,18.284,-0.014870689655172353,-0.016157745076537666,0.001287055421365313,6.536688716426203,4
BNB,long,2024-02-09 15:00:00+00:00,2024-02-09 16:00:00+00:00,2024-02-09 20:00:00+00:00,322.1,322.7,0.0018627755355478115,0.0005700205488636811,0.0012927549866841304,6.455921962584254,4
ETH,short,2024-02-09 20:00:00+00:00,2024-02-09 21:00:00+00:00,2024-02-10 01:00:00+00:00,2490.55,2486.81,0.0015039347597927133,0.0004945423302236129,0.0010093924295691004,5.041924062981029,4
LINK,long,2024-02-10 01:00:00+00:00,2024-02-10 02:00:00+00:00,2024-02-10 06:00:00+00:00,18.521,18.473,-0.0025916527185357863,-0.0038947505019467643,0.001303097783410978,6.536688716426203,4
DOT,long,2024-02-10 09:00:00+00:00,2024-02-10 10:00:00+00:00,2024-02-10 14:00:00+00:00,7.129,7.107,-0.00308598681441985,-0.00488810780904958,0.00180212099462973,9.046674492363598,4
LINK,long,2024-02-10 18:00:00+00:00,2024-02-10 19:00:00+00:00,2024-02-10 23:00:00+00:00,18.495,18.72,0.012165450121654375,0.010843072423398992,0.0013223776982553836,6.536688716426203,4
SOL,short,2024-02-11 20:00:00+00:00,2024-02-11 21:00:00+00:00,2024-02-12 01:00:00+00:00,107.38,108.65,-0.011688909341923681,-0.012874354281199207,0.0011854449392755262,6.000925858297193,4
LINK,long,2024-02-12 11:00:00+00:00,2024-02-12 12:00:00+00:00,2024-02-12 16:00:00+00:00,20.466,20.265,-0.009821166813251292,-0.011114819354081762,0.00129365254083047,6.536688716426203,4
AVAX,long,2024-02-12 16:00:00+00:00,2024-02-12 17:00:00+00:00,2024-02-12 21:00:00+00:00,40.037,40.55,0.012813147838249606,0.011252444953880225,0.0015607028843693804,7.710732744665526,4
AVAX,long,2024-02-13 06:00:00+00:00,2024-02-13 07:00:00+00:00,2024-02-13 11:00:00+00:00,41.052,41.002,-0.0012179674559095188,-0.002757048975906451,0.001539081519996932,7.710732744665526,4
ETH,short,2024-02-14 00:00:00+00:00,2024-02-14 01:00:00+00:00,2024-02-14 05:00:00+00:00,2631.39,2627.0,0.0016711077274456088,0.0006615468081463405,0.0010095609192992683,5.041924062981029,4
AVAX,long,2024-02-14 16:00:00+00:00,2024-02-14 17:00:00+00:00,2024-02-14 21:00:00+00:00,41.339,41.955,0.01490118290234399,0.013337262442892683,0.0015639204594513068,7.710732744665526,4
SOL,long,2024-02-14 16:00:00+00:00,2024-02-14 17:00:00+00:00,2024-02-14 21:00:00+00:00,116.15,116.31,0.0013775290572535237,0.0001764113774602727,0.001201117679793251,6.000925858297193,4
BNB,short,2024-02-15 07:00:00+00:00,2024-02-15 08:00:00+00:00,2024-02-15 12:00:00+00:00,345.6,346.9,-0.0037474776592676395,-0.005032993448157996,0.0012855157888903568,6.455921962584254,4
DOT,long,2024-02-17 08:00:00+00:00,2024-02-17 09:00:00+00:00,2024-02-17 13:00:00+00:00,7.623,7.635,0.0015741833923652582,-0.00023636178976427225,0.0018105451821295304,9.046674492363598,4
ADA,long,2024-02-18 10:00:00+00:00,2024-02-18 11:00:00+00:00,2024-02-18 15:00:00+00:00,0.6323,0.6271,-0.008223944330222999,-0.010203292828301902,0.0019793484980789033,9.988775255673833,4
ETH,long,2024-02-18 12:00:00+00:00,2024-02-18 13:00:00+00:00,2024-02-18 17:00:00+00:00,2792.17,2805.87,0.004906578037870091,0.0038937561635967732,0.0010128218742733175,5.041924062981029,4
ETH,short,2024-02-19 16:00:00+00:00,2024-02-19 17:00:00+00:00,2024-02-19 21:00:00+00:00,2898.19,2934.89,-0.012504727604782384,-0.013500001030672726,0.0009952734258903417,5.041924062981029,4
ADA,short,2024-02-20 15:00:00+00:00,2024-02-20 16:00:00+00:00,2024-02-20 20:00:00+00:00,0.6093,0.6179,-0.013918109726492989,-0.015886094028329745,0.001967984301836756,9.988775255673833,4
AVAX,short,2024-02-20 15:00:00+00:00,2024-02-20 16:00:00+00:00,2024-02-20 20:00:00+00:00,37.708,38.345,-0.01661233537618989,-0.0181276948162874,0.001515359440097508,7.710732744665526,4
ADA,short,2024-02-21 06:00:00+00:00,2024-02-21 07:00:00+00:00,2024-02-21 11:00:00+00:00,0.5973,0.5899,0.01254449906763866,0.010523701709192812,0.002020797358445847,9.988775255673833,4
BNB,long,2024-02-22 00:00:00+00:00,2024-02-22 01:00:00+00:00,2024-02-22 05:00:00+00:00,384.1,374.9,-0.02395209580838331,-0.02521154054093344,0.0012594447325501301,6.455921962584254,4
ETH,short,2024-02-22 06:00:00+00:00,2024-02-22 07:00:00+00:00,2024-02-22 11:00:00+00:00,2961.2,2997.69,-0.01217270631719769,-0.013168314379590651,0.0009956080623929608,5.041924062981029,4
DOT,short,2024-02-22 14:00:00+00:00,2024-02-22 15:00:00+00:00,2024-02-22 19:00:00+00:00,7.543,7.615,-0.009455022980958683,-0.01124563067189377,0.0017906076909350865,9.046674492363598,4
ADA,long,2024-02-22 17:00:00+00:00,2024-02-22 18:00:00+00:00,2024-02-22 22:00:00+00:00,0.5953,0.5941,-0.0020157903578029712,-0.004007528850751063,0.001991738492948092,9.988775255673833,4
AVAX,long,2024-02-22 20:00:00+00:00,2024-02-22 21:00:00+00:00,2024-02-23 01:00:00+00:00,37.648,36.855,-0.02106353591160237,-0.022572036237035742,0.0015085003254333706,7.710732744665526,4
AVAX,short,2024-02-23 05:00:00+00:00,2024-02-23 06:00:00+00:00,2024-02-23 10:00:00+00:00,36.596,36.552,0.0012037644998905694,-0.0003390488082025689,0.0015428133080931383,7.710732744665526,4
LINK,long,2024-02-23 14:00:00+00:00,2024-02-23 15:00:00+00:00,2024-02-23 19:00:00+00:00,18.014,18.085,0.003941378927500905,0.0026297458445005972,0.0013116330830003076,6.536688716426203,4
DOT,long,2024-02-23 18:00:00+00:00,2024-02-23 19:00:00+00:00,2024-02-23 23:00:00+00:00,7.582,7.53,-0.006858348720654162,-0.008653650418433134,0.0017953016977789726,9.046674492363598,4
ADA,short,2024-02-24 05:00:00+00:00,2024-02-24 06:00:00+00:00,2024-02-24 10:00:00+00:00,0.5806,0.5869,-0.010734367013119694,-0.012708705306184509,0.0019743382930648146,9.988775255673833,4
LINK,short,2024-02-24 17:00:00+00:00,2024-02-24 18:00:00+00:00,2024-02-24 22:00:00+00:00,18.478,18.532,-0.0029138786963089913,-0.004216555496720842,0.0013026768004118505,6.536688716426203,4
AVAX,long,2024-02-25 00:00:00+00:00,2024-02-25 01:00:00+00:00,2024-02-25 05:00:00+00:00,36.83,36.639,-0.005185989682324088,-0.006718956645310081,0.0015329669629859932,7.710732744665526,4
DOT,long,2024-02-25 17:00:00+00:00,2024-02-25 18:00:00+00:00,2024-02-25 22:00:00+00:00,7.784,7.785,0.00012846865364846138,-0.0016794631106249458,0.0018079317642734072,9.046674492363598,4
ETH,long,2024-02-26 03:00:00+00:00,2024-02-26 04:00:00+00:00,2024-02-26 08:00:00+00:00,3108.22,3088.56,-0.00632516359845825,-0.007326665262610499,0.001001501664152249,5.041924062981029,4
LINK,long,2024-02-26 08:00:00+00:00,2024-02-26 09:00:00+00:00,2024-02-26 13:00:00+00:00,18.473,18.298,-0.009473285335354298,-0.010767392377677543,0.0012941070423232448,6.536688716426203,4
ETH,long,2024-02-26 09:00:00+00:00,2024-02-26 10:00:00+00:00,2024-02-26 14:00:00+00:00,3040.85,3061.12,0.006665899337356285,0.005651304284227443,0.0010145950531288417,5.041924062981029,4
AVAX,short,2024-02-26 11:00:00+00:00,2024-02-26 12:00:00+00:00,2024-02-26 16:00:00+00:00,36.704,38.259,-0.04064403146971951,-0.042122359066885995,0.0014783275971664844,7.710732744665526,4
ADA,short,2024-02-26 12:00:00+00:00,2024-02-26 13:00:00+00:00,2024-02-26 17:00:00+00:00,0.5839,0.6096,-0.04215879265091871,-0.04407041528419975,0.0019116226332810404,9.988775255673833,4
ETH,long,2024-02-26 18:00:00+00:00,2024-02-26 19:00:00+00:00,2024-02-26 23:00:00+00:00,3136.59,3185.48,0.015586990967898284,0.014563404554832626,0.001023586413065658,5.041924062981029,4
BNB,long,2024-02-27 01:00:00+00:00,2024-02-27 02:00:00+00:00,2024-02-27 06:00:00+00:00,400.4,398.6,-0.004495504495504399,-0.005780055066955558,0.0012845505714511596,6.455921962584254,4
ETH,long,2024-02-27 01:00:00+00:00,2024-02-27 02:00:00+00:00,2024-02-27 06:00:00+00:00,3225.31,3222.77,-0.0007875211995126419,-0.0017946041241283517,0.0010070829246157098,5.041924062981029,4
SOL,long,2024-02-27 01:00:00+00:00,2024-02-27 02:00:00+00:00,2024-02-27 06:00:00+00:00,110.78,110.34,-0.0039718360714929846,-0.005166537373001989,0.0011947013015090047,6.000925858297193,4
AVAX,short,2024-02-27 13:00:00+00:00,2024-02-27 14:00:00+00:00,2024-02-27 18:00:00+00:00,39.331,38.86,0.012120432321153007,0.01056079688254874,0.0015596354386042677,7.710732744665526,4
DOT,long,2024-02-28 07:00:00+00:00,2024-02-28 08:00:00+00:00,2024-02-28 12:00:00+00:00,8.358,8.414,0.00670016750418756,0.0048803560829804304,0.0018198114212071292,9.046674492363598,4
LINK,short,2024-02-28 13:00:00+00:00,2024-02-28 14:00:00+00:00,2024-02-28 18:00:00+00:00,19.397,19.214,0.009524305194129168,0.008205378108764982,0.0013189270853641855,6.536688716426203,4
ADA,short,2024-02-28 14:00:00+00:00,2024-02-28 15:00:00+00:00,2024-02-28 19:00:00+00:00,0.6408,0.619,0.03521809369951545,0.033152045253160844,0.002066048446354607,9.988775255673833,4
AVAX,short,2024-02-28 14:00:00+00:00,2024-02-28 15:00:00+00:00,2024-02-28 19:00:00+00:00,39.695,38.768,0.02391147338010735,0.022333668438244025,0.0015778049418633255,7.710732744665526,4
DOT,short,2024-02-28 14:00:00+00:00,2024-02-28 15:00:00+00:00,2024-02-28 19:00:00+00:00,8.436,8.174,0.03205285050159046,0.03018720904720551,0.0018656414543849476,9.046674492363598,4
SOL,long,2024-02-28 16:00:00+00:00,2024-02-28 17:00:00+00:00,2024-02-28 21:00:00+00:00,116.25,112.32,-0.0338064516129033,-0.03496536732590361,0.001158915713000308,6.000925858297193,4
ETH,short,2024-02-28 17:00:00+00:00,2024-02-28 18:00:00+00:00,2024-02-28 22:00:00+00:00,3344.99,3324.41,0.006190572161676844,0.005176456179708966,0.001014115981967878,5.041924062981029,4
DOT,long,2024-02-28 20:00:00+00:00,2024-02-28 21:00:00+00:00,2024-02-29 01:00:00+00:00,8.179,8.484,0.03729062232546765,0.035415512553410355,0.001875109772057293,9.046674492363598,4
LINK,long,2024-02-28 20:00:00+00:00,2024-02-28 21:00:00+00:00,2024-02-29 01:00:00+00:00,19.041,19.767,0.03812824956672434,0.03677195189326499,0.0013562976734593502,6.536688716426203,4
ADA,long,2024-02-28 21:00:00+00:00,2024-02-28 22:00:00+00:00,2024-02-29 02:00:00+00:00,0.6262,0.6476,0.03417438518045346,0.03211041972740958,0.002063965453043881,9.988775255673833,4
SOL,short,2024-02-29 00:00:00+00:00,2024-02-29 01:00:00+00:00,2024-02-29 05:00:00+00:00,123.18,123.01,0.0013820014632957012,0.00018087841900626955,0.0012011230442894316,6.000925858297193,4
ADA,long,2024-02-29 04:00:00+00:00,2024-02-29 05:00:00+00:00,2024-02-29 09:00:00+00:00,0.6573,0.6976,0.061311425528677965,0.05919330101447473,0.0021181245142032346,9.988775255673833,4
ETH,long,2024-02-29 06:00:00+00:00,2024-02-29 07:00:00+00:00,2024-02-29 11:00:00+00:00,3481.52,3475.18,-0.0018210436820699227,-0.0028270849435095835,0.0010060412614396608,5.041924062981029,4
SOL,long,2024-02-29 13:00:00+00:00,2024-02-29 14:00:00+00:00,2024-02-29 18:00:00+00:00,132.78,128.91,-0.02914595571622236,-0.030310461532710886,0.0011645058164885258,6.000925858297193,4
ETH,short,2024-02-29 14:00:00+00:00,2024-02-29 15:00:00+00:00,2024-02-29 19:00:00+00:00,3470.32,3373.33,0.028752004695656863,0.027715149572673514,0.001036855122983349,5.041924062981029,4
AVAX,long,2024-02-29 20:00:00+00:00,2024-02-29 21:00:00+00:00,2024-03-01 01:00:00+00:00,42.119,41.953,-0.003941214178874053,-0.005476099289074776,0.0015348851102007233,7.710732744665526,4
SOL,short,2024-02-29 22:00:00+00:00,2024-02-29 23:00:00+00:00,2024-03-01 03:00:00+00:00,123.68,133.97,-0.07680824065089198,-0.07791557720660403,0.0011073365557120463,6.000925858297193,4
SOL,long,2024-03-01 16:00:00+00:00,2024-03-01 17:00:00+00:00,2024-03-01 21:00:00+00:00,129.52,131.62,0.016213712168004824,0.014994799000178638,0.0012189131678261855,6.000925858297193,4
ADA,short,2024-03-01 23:00:00+00:00,2024-03-02 00:00:00+00:00,2024-03-02 04:00:00+00:00,0.7201,0.7571,-0.04887069079381856,-0.05076891807899386,0.0018982272851753024,9.988775255673833,4
AVAX,short,2024-03-01 23:00:00+00:00,2024-03-02 00:00:00+00:00,2024-03-02 04:00:00+00:00,42.719,43.412,-0.015963328112042707,-0.01747968764530783,0.0015163595332651214,7.710732744665526,4
AVAX,long,2024-03-02 05:00:00+00:00,2024-03-02 06:00:00+00:00,2024-03-02 10:00:00+00:00,42.98,42.345,-0.014774313634248415,-0.01629250538930982,0.0015181917550614044,7.710732744665526,4
SOL,long,2024-03-02 23:00:00+00:00,2024-03-03 00:00:00+00:00,2024-03-03 04:00:00+00:00,130.15,130.26,0.0008451786400305306,-0.0003553005038663404,0.001200479143896871,6.000925858297193,4
ADA,short,2024-03-03 01:00:00+00:00,2024-03-03 02:00:00+00:00,2024-03-03 06:00:00+00:00,0.7371,0.7279,0.012639098777304625,0.010618112620397246,0.0020209861569073784,9.988775255673833,4
DOT,short,2024-03-03 01:00:00+00:00,2024-03-03 02:00:00+00:00,2024-03-03 06:00:00+00:00,9.339,9.223,0.012577252520871607,0.010746817095832917,0.00183043542503869,9.046674492363598,4
SOL,long,2024-03-03 08:00:00+00:00,2024-03-03 09:00:00+00:00,2024-03-03 13:00:00+00:00,126.83,128.3,0.011590317748166878,0.010376950181891553,0.0012133675662753252,6.000925858297193,4
ADA,short,2024-03-03 17:00:00+00:00,2024-03-03 18:00:00+00:00,2024-03-03 22:00:00+00:00,0.729,0.7283,0.0009611423863793433,-0.0010365373544163337,0.001997679740795677,9.988775255673833,4
AVAX,short,2024-03-03 22:00:00+00:00,2024-03-03 23:00:00+00:00,2024-03-04 03:00:00+00:00,42.768,42.767,2.3382514555470024e-05,-0.0015176118740525268,0.0015409943886079969,7.710732744665526,4
DOT,short,2024-03-03 22:00:00+00:00,2024-03-03 23:00:00+00:00,2024-03-04 03:00:00+00:00,9.789,9.703,0.008863238173760779,0.007039516570717552,0.0018237216030432268,9.046674492363598,4
XRP,short,2024-03-03 22:00:00+00:00,2024-03-03 23:00:00+00:00,2024-03-04 03:00:00+00:00,0.629,0.6346,-0.008824456350457033,-0.009962220149269396,0.0011377637988123634,5.742762706652812,4
XRP,long,2024-03-04 04:00:00+00:00,2024-03-04 05:00:00+00:00,2024-03-04 09:00:00+00:00,0.6329,0.6427,0.015484278717016853,0.0143186110832767,0.0011656676337401528,5.742762706652812,4
SOL,short,2024-03-04 08:00:00+00:00,2024-03-04 09:00:00+00:00,2024-03-04 13:00:00+00:00,132.05,132.8,-0.005647590361445798,-0.006840281653696101,0.001192691292250303,6.000925858297193,4
DOT,short,2024-03-04 12:00:00+00:00,2024-03-04 13:00:00+00:00,2024-03-04 17:00:00+00:00,10.248,9.99,0.02582582582582571,0.0239714409610301,0.0018543848647956107,9.046674492363598,4
ETH,long,2024-03-04 18:00:00+00:00,2024-03-04 19:00:00+00:00,2024-03-04 23:00:00+00:00,3598.99,3609.34,0.0028758068235812395,0.001865031716193899,0.0010107751073873406,5.041924062981029,4
SOL,long,2024-03-04 23:00:00+00:00,2024-03-05 00:00:00+00:00,2024-03-05 04:00:00+00:00,133.42,130.23,-0.023909458851746335,-0.02508024566494349,0.0011707868131971555,6.000925858297193,4
XRP,long,2024-03-04 23:00:00+00:00,2024-03-05 00:00:00+00:00,2024-03-05 04:00:00+00:00,0.648,0.6534,0.008333333333333304,0.0071758742221268434,0.0011574591112064603,5.742762706652812,4
AVAX,short,2024-03-05 14:00:00+00:00,2024-03-05 15:00:00+00:00,2024-03-05 19:00:00+00:00,43.199,41.415,0.043076180127972874,0.04146884317108479,0.0016073369568880835,7.710732744665526,4
ETH,short,2024-03-05 16:00:00+00:00,2024-03-05 17:00:00+00:00,2024-03-05 21:00:00+00:00,3692.86,3388.42,0.08984718541385073,0.08874875388486458,0.0010984315289861435,5.041924062981029,4
LINK,short,2024-03-05 16:00:00+00:00,2024-03-05 17:00:00+00:00,2024-03-05 21:00:00+00:00,20.133,17.95,0.12161559888579387,0.12015022634832628,0.0014653725374675908,6.536688716426203,4
DOT,long,2024-03-05 17:00:00+00:00,2024-03-05 18:00:00+00:00,2024-03-05 22:00:00+00:00,10.09,9.204,-0.08780971258671944,-0.08945867854195966,0.0016489659552402225,9.046674492363598,4
ADA,short,2024-03-05 19:00:00+00:00,2024-03-05 20:00:00+00:00,2024-03-06 00:00:00+00:00,0.6316,0.692,-0.08728323699421947,-0.08910480199742665,0.0018215650032071817,9.988775255673833,4
SOL,short,2024-03-05 19:00:00+00:00,2024-03-05 20:00:00+00:00,2024-03-06 00:00:00+00:00,118.89,125.28,-0.051005747126436796,-0.05214403287988456,0.0011382857534477653,6.000925858297193,4
ETH,short,2024-03-05 22:00:00+00:00,2024-03-05 23:00:00+00:00,2024-03-06 03:00:00+00:00,3506.6,3504.37,0.0006363483307985085,-0.00037216967866804396,0.0010085180094665525,5.041924062981029,4
LINK,short,2024-03-05 22:00:00+00:00,2024-03-05 23:00:00+00:00,2024-03-06 03:00:00+00:00,18.719,18.397,0.017502853726151235,0.016173502796896555,0.0013293509292546801,6.536688716426203,4
ADA,long,2024-03-06 05:00:00+00:00,2024-03-06 06:00:00+00:00,2024-03-06 10:00:00+00:00,0.7224,0.7245,0.0029069767441860517,0.0009054135820358855,0.002001563162150166,9.988775255673833,4
XRP,short,2024-03-06 07:00:00+00:00,2024-03-06 08:00:00+00:00,2024-03-06 12:00:00+00:00,0.6151,0.6144,0.0011393229166667407,-9.878237941851609e-06,0.0011492011546085923,5.742762706652812,4
SOL,short,2024-03-07 00:00:00+00:00,2024-03-07 01:00:00+00:00,2024-03-07 05:00:00+00:00,134.67,138.02,-0.024271844660194386,-0.025442196804159267,0.0011703521439648812,6.000925858297193,4
ETH,short,2024-03-07 01:00:00+00:00,2024-03-07 02:00:00+00:00,2024-03-07 06:00:00+00:00,3833.7,3755.47,0.020830947923961673,0.01980207624913244,0.0010288716748292348,5.041924062981029,4
XRP,long,2024-03-07 03:00:00+00:00,2024-03-07 04:00:00+00:00,2024-03-07 08:00:00+00:00,0.6277,0.6254,-0.0036641707822209213,-0.00480785803843542,0.0011436872562144984,5.742762706652812,4
SOL,short,2024-03-07 14:00:00+00:00,2024-03-07 15:00:00+00:00,2024-03-07 19:00:00+00:00,148.23,148.98,-0.00503423278292392,-0.006227659776356087,0.0011934269934321673,6.000925858297193,4
XRP,short,2024-03-08 05:00:00+00:00,2024-03-08 06:00:00+00:00,2024-03-08 10:00:00+00:00,0.6219,0.627,-0.008133971291865993,-0.009272527693873767,0.0011385564020077732,5.742762706652812,4
XRP,long,2024-03-08 14:00:00+00:00,2024-03-08 15:00:00+00:00,2024-03-08 19:00:00+00:00,0.6268,0.6208,-0.00957243139757502,-0.010709336600817077,0.0011369052032420557,5.742762706652812,4
BNB,long,2024-03-09 06:00:00+00:00,2024-03-09 07:00:00+00:00,2024-03-09 11:00:00+00:00,488.3,487.3,-0.002047921359819793,-0.0033356301734785987,0.0012877088136588055,6.455921962584254,4
BNB,long,2024-03-10 08:00:00+00:00,2024-03-10 09:00:00+00:00,2024-03-10 13:00:00+00:00,513.4,529.7,0.03174912349045589,0.030417804614289334,0.001331318876166554,6.455921962584254,4
LINK,short,2024-03-10 09:00:00+00:00,2024-03-10 10:00:00+00:00,2024-03-10 14:00:00+00:00,19.805,19.761,0.0022266079651840354,0.0009172152025560543,0.001309392762627981,6.536688716426203,4
ETH,long,2024-03-10 13:00:00+00:00,2024-03-10 14:00:00+00:00,2024-03-10 18:00:00+00:00,3900.02,3914.25,0.003648699237439823,0.002637145149836373,0.0010115540876034501,5.041924062981029,4
ETH,long,2024-03-10 22:00:00+00:00,2024-03-10 23:00:00+00:00,2024-03-11 03:00:00+00:00,3824.63,3837.23,0.003294436324559502,0.002283239290273631,0.0010111970342858712,5.041924062981029,4
LINK,short,2024-03-11 00:00:00+00:00,2024-03-11 01:00:00+00:00,2024-03-11 05:00:00+00:00,21.514,21.277,0.011138788363020957,0.009817751981655132,0.0013210363813658255,6.536688716426203,4
SOL,short,2024-03-11 00:00:00+00:00,2024-03-11 01:00:00+00:00,2024-03-11 05:00:00+00:00,140.56,140.47,0.0006407062006121844,-0.0005595276856722453,0.0012002338862844297,6.000925858297193,4
XRP,short,2024-03-11 15:00:00+00:00,2024-03-11 16:00:00+00:00,2024-03-11 20:00:00+00:00,0.6933,0.7312,-0.05183260393873079,-0.05292099897164326,0.0010883950329124703,5.742762706652812,4
LINK,short,2024-03-11 22:00:00+00:00,2024-03-11 23:00:00+00:00,2024-03-12 03:00:00+00:00,21.475,21.153,0.015222427078901424,0.013896055489971637,0.0013263715889297867,6.536688716426203,4
LINK,long,2024-03-12 06:00:00+00:00,2024-03-12 07:00:00+00:00,2024-03-12 11:00:00+00:00,20.629,20.55,-0.0038295603276941037,-0.00513104080494764,0.001301480477253536,6.536688716426203,4
XRP,long,2024-03-12 07:00:00+00:00,2024-03-12 08:00:00+00:00,2024-03-12 12:00:00+00:00,0.7027,0.7014,-0.0018500071154119446,-0.0029957768380053373,0.0011457697225933927,5.742762706652812,4
AVAX,short,2024-03-12 11:00:00+00:00,2024-03-12 12:00:00+00:00,2024-03-12 16:00:00+00:00,47.816,53.732,-0.11010198764237322,-0.11147328342150631,0.001371295779133086,7.710732744665526,4
LINK,short,2024-03-12 12:00:00+00:00,2024-03-12 13:00:00+00:00,2024-03-12 17:00:00+00:00,20.564,20.093,0.023440999353008474,0.02210389033307303,0.0013371090199354452,6.536688716426203,4
AVAX,short,2024-03-12 17:00:00+00:00,2024-03-12 18:00:00+00:00,2024-03-12 22:00:00+00:00,54.703,55.316,-0.01108178465543419,-0.0126056664438845,0.0015238817884503097,7.710732744665526,4
ETH,long,2024-03-13 00:00:00+00:00,2024-03-13 01:00:00+00:00,2024-03-13 05:00:00+00:00,3979.01,4044.92,0.01656442180341333,0.01553985026063276,0.0010245715427805724,5.041924062981029,4
AVAX,short,2024-03-13 11:00:00+00:00,2024-03-13 12:00:00+00:00,2024-03-13 16:00:00+00:00,53.913,53.547,0.006835116813266762,0.005283625825764471,0.0015514909875022909,7.710732744665526,4
ETH,short,2024-03-13 13:00:00+00:00,2024-03-13 14:00:00+00:00,2024-03-13 18:00:00+00:00,3977.78,3983.18,-0.0013557007215340144,-0.0023622109912772027,0.0010065102697431882,5.041924062981029,4
SOL,long,2024-03-13 19:00:00+00:00,2024-03-13 20:00:00+00:00,2024-03-14 00:00:00+00:00,161.51,163.95,0.015107423688935695,0.013889837475841826,0.0012175862130938686,6.000925858297193,4
DOT,long,2024-03-14 05:00:00+00:00,2024-03-14 06:00:00+00:00,2024-03-14 10:00:00+00:00,11.117,11.885,0.06908338580552287,0.06715080426981612,0.0019325815357067455,9.046674492363598,4
XRP,short,2024-03-14 09:00:00+00:00,2024-03-14 10:00:00+00:00,2024-03-14 14:00:00+00:00,0.6994,0.6678,0.047319556753519176,0.046117345616353056,0.0012022111371661204,5.742762706652812,4
LINK,long,2024-03-14 10:00:00+00:00,2024-03-14 11:00:00+00:00,2024-03-14 15:00:00+00:00,21.277,20.894,-0.018000657987498392,-0.019283624156144596,0.0012829661686462046,6.536688716426203,4
SOL,short,2024-03-14 12:00:00+00:00,2024-03-14 13:00:00+00:00,2024-03-14 17:00:00+00:00,172.24,169.54,0.015925445322637843,0.014706877920912964,0.0012185674017248793,6.000925858297193,4
AVAX,long,2024-03-14 13:00:00+00:00,2024-03-14 14:00:00+00:00,2024-03-14 18:00:00+00:00,54.402,53.567,-0.015348700415425909,-0.016866007064376576,0.001517306648950667,7.710732744665526,4
XRP,long,2024-03-14 18:00:00+00:00,2024-03-14 19:00:00+00:00,2024-03-14 23:00:00+00:00,0.662,0.6694,0.01117824773413889,0.0100175229646573,0.0011607247694815914,5.742762706652812,4
AVAX,short,2024-03-14 19:00:00+00:00,2024-03-14 20:00:00+00:00,2024-03-15 00:00:00+00:00,51.618,53.994,-0.04400488943215908,-0.04547803808716111,0.0014731486550020323,7.710732744665526,4
DOT,short,2024-03-14 19:00:00+00:00,2024-03-14 20:00:00+00:00,2024-03-15 00:00:00+00:00,10.973,11.56,-0.0507785467128028,-0.052494453889245674,0.0017159071764428768,9.046674492363598,4
LINK,short,2024-03-14 19:00:00+00:00,2024-03-14 20:00:00+00:00,2024-03-15 00:00:00+00:00,20.264,20.895,-0.030198612108159884,-0.03146564184814071,0.0012670297399808295,6.536688716426203,4
AVAX,long,2024-03-15 01:00:00+00:00,2024-03-15 02:00:00+00:00,2024-03-15 06:00:00+00:00,56.409,51.837,-0.08105089613359562,-0.08246695843497287,0.0014160623013772522,7.710732744665526,4
ADA,short,2024-03-15 02:00:00+00:00,2024-03-15 03:00:00+00:00,2024-03-15 07:00:00+00:00,0.7298,0.7256,0.005788313120176358,0.0037809994977324735,0.0020073136224438848,9.988775255673833,4
BNB,short,2024-03-15 02:00:00+00:00,2024-03-15 03:00:00+00:00,2024-03-15 07:00:00+00:00,584.3,585.1,-0.0013672876431380931,-0.002655874713433204,0.0012885870702951108,6.455921962584254,4
DOT,short,2024-03-15 02:00:00+00:00,2024-03-15 03:00:00+00:00,2024-03-15 07:00:00+00:00,10.942,10.907,0.0032089483817732134,0.0013954480357383225,0.0018135003460348909,9.046674492363598,4
ETH,short,2024-03-15 02:00:00+00:00,2024-03-15 03:00:00+00:00,2024-03-15 07:00:00+00:00,3749.68,3750.6,-0.0002452940862796016,-0.0012529235089412394,0.0010076294226616378,5.041924062981029,4
SOL,short,2024-03-15 02:00:00+00:00,2024-03-15 03:00:00+00:00,2024-03-15 07:00:00+00:00,179.65,179.34,0.0017285602765697572,0.0005270215469810324,0.0012015387295887248,6.000925858297193,4
XRP,short,2024-03-15 02:00:00+00:00,2024-03-15 03:00:00+00:00,2024-03-15 07:00:00+00:00,0.6465,0.6387,0.012212306247064264,0.01105039448870948,0.0011619117583547833,5.742762706652812,4
AVAX,long,2024-03-15 08:00:00+00:00,2024-03-15 09:00:00+00:00,2024-03-15 13:00:00+00:00,50.139,51.023,0.01763098585931111,0.016062858887180065,0.0015681269721310453,7.710732744665526,4
DOT,long,2024-03-15 08:00:00+00:00,2024-03-15 09:00:00+00:00,2024-03-15 13:00:00+00:00,10.267,10.373,0.010324340118827324,0.008497977282482472,0.0018263628363448525,9.046674492363598,4
SOL,long,2024-03-15 09:00:00+00:00,2024-03-15 10:00:00+00:00,2024-03-15 14:00:00+00:00,173.1,182.14,0.05222414789139229,0.050962041452547346,0.0012621064388449454,6.000925858297193,4
AVAX,long,2024-03-15 18:00:00+00:00,2024-03-15 19:00:00+00:00,2024-03-15 23:00:00+00:00,57.321,56.796,-0.009158946982781191,-0.01068579178401241,0.0015268448012312197,7.710732744665526,4
BNB,long,2024-03-15 18:00:00+00:00,2024-03-15 19:00:00+00:00,2024-03-15 23:00:00+00:00,612.7,612.2,-0.0008160600620206182,-0.002105358409570157,0.001289298347549539,6.455921962584254,4
AVAX,short,2024-03-16 01:00:00+00:00,2024-03-16 02:00:00+00:00,2024-03-16 06:00:00+00:00,58.137,56.927,0.021255291865020176,0.01968157998826059,0.001573711876759587,7.710732744665526,4
BNB,short,2024-03-16 01:00:00+00:00,2024-03-16 02:00:00+00:00,2024-03-16 06:00:00+00:00,616.5,613.5,0.004889975550122161,0.0035933144118074356,0.0012966611383147253,6.455921962584254,4
DOT,short,2024-03-16 17:00:00+00:00,2024-03-16 18:00:00+00:00,2024-03-16 22:00:00+00:00,10.045,9.828,0.022079772079772075,0.020232158954578416,0.001847613125193659,9.046674492363598,4
ADA,long,2024-03-16 21:00:00+00:00,2024-03-16 22:00:00+00:00,2024-03-17 02:00:00+00:00,0.6645,0.6655,0.0015048908954100604,-0.0004938740377417039,0.0019987649331517643,9.988775255673833,4
ETH,long,2024-03-16 22:00:00+00:00,2024-03-16 23:00:00+00:00,2024-03-17 03:00:00+00:00,3559.05,3571.78,0.003576797179022595,0.0025653155598246435,0.0010114816191979514,5.041924062981029,4
LINK,long,2024-03-16 22:00:00+00:00,2024-03-16 23:00:00+00:00,2024-03-17 03:00:00+00:00,18.258,18.3,0.0023003614853762677,0.0009908723649740825,0.0013094891204021852,6.536688716426203,4
ETH,long,2024-03-17 06:00:00+00:00,2024-03-17 07:00:00+00:00,2024-03-17 11:00:00+00:00,3440.0,3596.12,0.045383720930232574,0.04433010308882612,0.0010536178414064512,5.041924062981029,4
LINK,long,2024-03-17 08:00:00+00:00,2024-03-17 09:00:00+00:00,2024-03-17 13:00:00+00:00,18.147,17.985,-0.008927095387667339,-0.010221916018273602,0.0012948206306062637,6.536688716426203,4
XRP,long,2024-03-18 03:00:00+00:00,2024-03-18 04:00:00+00:00,2024-03-18 08:00:00+00:00,0.6208,0.6214,0.0009664948453607103,-0.00018250792105700686,0.0011490027664177171,5.742762706652812,4
ETH,long,2024-03-18 14:00:00+00:00,2024-03-18 15:00:00+00:00,2024-03-18 19:00:00+00:00,3515.43,3478.68,-0.01045391317705091,-0.011451253570914033,0.000997340393863122,5.041924062981029,4
AVAX,short,2024-03-18 16:00:00+00:00,2024-03-18 17:00:00+00:00,2024-03-18 21:00:00+00:00,63.349,62.462,0.014200633985463007,0.012637793042719725,0.0015628409427432821,7.710732744665526,4
BNB,short,2024-03-18 16:00:00+00:00,2024-03-18 17:00:00+00:00,2024-03-18 21:00:00+00:00,547.4,552.7,-0.009589288945178298,-0.010867266744979287,0.001277977799800989,6.455921962584254,4
XRP,short,2024-03-18 22:00:00+00:00,2024-03-18 23:00:00+00:00,2024-03-19 03:00:00+00:00,0.633,0.6153,0.028766455387615908,0.027585541231821997,0.0011809141557939107,5.742762706652812,4
LINK,short,2024-03-19 00:00:00+00:00,2024-03-19 01:00:00+00:00,2024-03-19 05:00:00+00:00,17.884,17.418,0.026753932713285078,0.02541249539979784,0.001341437313487237,6.536688716426203,4
DOT,long,2024-03-19 01:00:00+00:00,2024-03-19 02:00:00+00:00,2024-03-19 06:00:00+00:00,9.413,9.261,-0.016147880590672625,-0.01792638960604165,0.001778509015369023,9.046674492363598,4
ETH,long,2024-03-19 08:00:00+00:00,2024-03-19 09:00:00+00:00,2024-03-19 13:00:00+00:00,3240.61,3296.0,0.01709246098728312,0.016067357246139613,0.001025103741143507,5.041924062981029,4
ADA,long,2024-03-19 10:00:00+00:00,2024-03-19 11:00:00+00:00,2024-03-19 15:00:00+00:00,0.6069,0.6171,0.01680672268907557,0.014777418948694665,0.0020293037403809056,9.988775255673833,4
AVAX,long,2024-03-20 00:00:00+00:00,2024-03-20 01:00:00+00:00,2024-03-20 05:00:00+00:00,54.333,51.253,-0.05668746434027194,-0.058141069675479384,0.0014536053352074418,7.710732744665526,4
ETH,long,2024-03-20 05:00:00+00:00,2024-03-20 06:00:00+00:00,2024-03-20 10:00:00+00:00,3109.55,3234.63,0.0402244697785854,0.039176051825940084,0.0010484179526453197,5.041924062981029,4
ADA,long,2024-03-20 07:00:00+00:00,2024-03-20 08:00:00+00:00,2024-03-20 12:00:00+00:00,0.609,0.611,0.003284072249589487,0.0012817564947364968,0.00200231575485299,9.988775255673833,4
BNB,long,2024-03-20 07:00:00+00:00,2024-03-20 08:00:00+00:00,2024-03-20 12:00:00+00:00,531.9,533.6,0.003196089490505871,0.0019016140603576037,0.0012944754301482675,6.455921962584254,4
XRP,long,2024-03-20 15:00:00+00:00,2024-03-20 16:00:00+00:00,2024-03-20 20:00:00+00:00,0.5864,0.6065,0.03427694406548443,0.0330897044564733,0.001187239609011126,5.742762706652812,4
BNB,short,2024-03-20 17:00:00+00:00,2024-03-20 18:00:00+00:00,2024-03-20 22:00:00+00:00,524.7,555.0,-0.05459459459459448,-0.0558144997374147,0.0012199051428202212,6.455921962584254,4
AVAX,short,2024-03-20 18:00:00+00:00,2024-03-20 19:00:00+00:00,2024-03-20 23:00:00+00:00,55.841,57.183,-0.023468513369357957,-0.024973307724678984,0.0015047943553210263,7.710732744665526,4
SOL,short,2024-03-20 18:00:00+00:00,2024-03-20 19:00:00+00:00,2024-03-20 23:00:00+00:00,183.88,189.96,-0.03200673826068656,-0.0331678126675492,0.0011610744068626389,6.000925858297193,4
BNB,short,2024-03-21 03:00:00+00:00,2024-03-21 04:00:00+00:00,2024-03-21 08:00:00+00:00,552.7,549.6,0.005640465793304239,0.0043428362588895375,0.0012976295344147015,6.455921962584254,4
XRP,short,2024-03-21 20:00:00+00:00,2024-03-21 21:00:00+00:00,2024-03-22 01:00:00+00:00,0.6389,0.6324,0.01027830487033543,0.009118613139267762,0.001159691731067669,5.742762706652812,4
LINK,long,2024-03-22 13:00:00+00:00,2024-03-22 14:00:00+00:00,2024-03-22 18:00:00+00:00,17.601,17.863,0.014885517868302944,0.013559586445776928,0.0013259314225260166,6.536688716426203,4
XRP,long,2024-03-22 13:00:00+00:00,2024-03-22 14:00:00+00:00,2024-03-22 18:00:00+00:00,0.6055,0.6115,0.009909165978530199,0.008749897979535515,0.0011592679989946841,5.742762706652812,4
SOL,short,2024-03-22 14:00:00+00:00,2024-03-22 15:00:00+00:00,2024-03-22 19:00:00+00:00,168.65,172.18,-0.020501800441398488,-0.02167667462289047,0.0011748741814919805,6.000925858297193,4
ADA,long,2024-03-22 22:00:00+00:00,2024-03-22 23:00:00+00:00,2024-03-23 03:00:00+00:00,0.6066,0.6213,0.0242334322453015,0.022189306563695332,0.002044125681606168,9.988775255673833,4
DOT,short,2024-03-23 01:00:00+00:00,2024-03-23 02:00:00+00:00,2024-03-23 06:00:00+00:00,9.085,9.003,0.009108075086082579,0.0072839108914675155,0.0018241641946150633,9.046674492363598,4
ADA,long,2024-03-24 04:00:00+00:00,2024-03-24 05:00:00+00:00,2024-03-24 09:00:00+00:00,0.6287,0.6393,0.016860187688881645,0.014830777245110838,0.002029410443770807,9.988775255673833,4
AVAX,short,2024-03-24 10:00:00+00:00,2024-03-24 11:00:00+00:00,2024-03-24 15:00:00+00:00,53.645,53.745,-0.0018606381989021425,-0.0033987293900468174,0.0015380911911446749,7.710732744665526,4
DOT,long,2024-03-25 14:00:00+00:00,2024-03-25 15:00:00+00:00,2024-03-25 19:00:00+00:00,9.65,9.77,0.012435233160621673,0.010605054463914021,0.0018301786967076517,9.046674492363598,4
BNB,long,2024-03-26 07:00:00+00:00,2024-03-26 08:00:00+00:00,2024-03-26 12:00:00+00:00,591.5,591.7,0.00033812341504657617,-0.0009526642347129632,0.0012907876497595394,6.455921962584254,4
ADA,long,2024-03-28 13:00:00+00:00,2024-03-28 14:00:00+00:00,2024-03-28 18:00:00+00:00,0.65,0.6512,0.0018461538461538307,-0.00015329216646664534,0.001999446012620476,9.988775255673833,4
ETH,long,2024-03-28 13:00:00+00:00,2024-03-28 14:00:00+00:00,2024-03-28 18:00:00+00:00,3584.38,3555.05,-0.008182726161846676,-0.009182355632067596,0.0009996294702209196,5.041924062981029,4
LINK,long,2024-03-28 13:00:00+00:00,2024-03-28 14:00:00+00:00,2024-03-28 18:00:00+00:00,19.278,19.199,-0.004097935470484315,-0.005399065319978913,0.0013011298494945978,6.536688716426203,4
XRP,long,2024-03-28 13:00:00+00:00,2024-03-28 14:00:00+00:00,2024-03-28 18:00:00+00:00,0.621,0.6344,0.02157809983896941,0.020405437148588224,0.0011726626903811876,5.742762706652812,4
DOT,short,2024-03-28 19:00:00+00:00,2024-03-28 20:00:00+00:00,2024-03-29 00:00:00+00:00,9.496,9.525,-0.00304461942257217,-0.004846815197016574,0.001802195774444404,9.046674492363598,4
LINK,short,2024-03-28 19:00:00+00:00,2024-03-28 20:00:00+00:00,2024-03-29 00:00:00+00:00,19.218,19.163,0.0028701142827323167,0.0015598807895669253,0.0013102334931653914,6.536688716426203,4
ADA,long,2024-03-29 04:00:00+00:00,2024-03-29 05:00:00+00:00,2024-03-29 09:00:00+00:00,0.6473,0.6421,-0.008033369380503586,-0.010013098220735706,0.00197972884023212,9.988775255673833,4
DOT,long,2024-03-29 04:00:00+00:00,2024-03-29 05:00:00+00:00,2024-03-29 09:00:00+00:00,9.427,9.467,0.004243131430996083,0.0024277615927474905,0.0018153698382485928,9.046674492363598,4
LINK,long,2024-03-29 16:00:00+00:00,2024-03-29 17:00:00+00:00,2024-03-29 21:00:00+00:00,18.808,19.006,0.010527435133985463,0.009207197475670226,0.0013202376583152375,6.536688716426203,4
ADA,long,2024-03-30 18:00:00+00:00,2024-03-30 19:00:00+00:00,2024-03-30 23:00:00+00:00,0.6478,0.6439,-0.006020376659462867,-0.008004122953127357,0.00198374629366449,9.988775255673833,4
AVAX,long,2024-03-30 18:00:00+00:00,2024-03-30 19:00:00+00:00,2024-03-30 23:00:00+00:00,53.591,53.023,-0.010598794573715709,-0.012123420629768789,0.00152462605605308,7.710732744665526,4
BNB,long,2024-03-30 18:00:00+00:00,2024-03-30 19:00:00+00:00,2024-03-30 23:00:00+00:00,608.4,603.9,-0.007396449704141994,-0.008677257037021824,0.0012808073328798297,6.455921962584254,4
DOT,long,2024-03-30 18:00:00+00:00,2024-03-30 19:00:00+00:00,2024-03-30 23:00:00+00:00,9.488,9.417,-0.007483136593591899,-0.009277308862625566,0.001794172269033667,9.046674492363598,4
ETH,long,2024-03-30 18:00:00+00:00,2024-03-30 19:00:00+00:00,2024-03-30 23:00:00+00:00,3524.15,3507.75,-0.004653604415249091,-0.0056567908048693605,0.0010031863896202697,5.041924062981029,4
LINK,long,2024-03-30 18:00:00+00:00,2024-03-30 19:00:00+00:00,2024-03-30 23:00:00+00:00,19.144,18.909,-0.012275386544086886,-0.013565832686755486,0.0012904461426685998,6.536688716426203,4
SOL,long,2024-03-30 18:00:00+00:00,2024-03-30 19:00:00+00:00,2024-03-30 23:00:00+00:00,195.79,196.2,0.002094080392256892,0.0008921032339432866,0.0012019771583136052,6.000925858297193,4
XRP,long,2024-03-30 18:00:00+00:00,2024-03-30 19:00:00+00:00,2024-03-30 23:00:00+00:00,0.6295,0.6201,-0.014932486100079356,-0.016063238532261548,0.0011307524321821916,5.742762706652812,4
ADA,long,2024-04-01 05:00:00+00:00,2024-04-01 06:00:00+00:00,2024-04-01 10:00:00+00:00,0.6204,0.6309,0.016924564796905406,0.014895025871778822,0.002029538925126584,9.988775255673833,4
BNB,long,2024-04-01 05:00:00+00:00,2024-04-01 06:00:00+00:00,2024-04-01 10:00:00+00:00,579.2,582.6,0.005870165745856415,0.004572239817797419,0.001297925928058996,6.455921962584254,4
DOT,long,2024-04-01 05:00:00+00:00,2024-04-01 06:00:00+00:00,2024-04-01 10:00:00+00:00,9.207,9.239,0.0034756163788420835,0.001661633977193988,0.0018139824016480954,9.046674492363598,4
ETH,long,2024-04-01 05:00:00+00:00,2024-04-01 06:00:00+00:00,2024-04-01 10:00:00+00:00,3510.72,3541.47,0.008758887065901,0.007742182539314024,0.0010167045265869756,5.041924062981029,4
SOL,long,2024-04-01 09:00:00+00:00,2024-04-01 10:00:00+00:00,2024-04-01 14:00:00+00:00,196.77,196.78,5.082075519635687e-05,-0.001148705583917442,0.001199526339113799,6.000925858297193,4
ADA,short,2024-04-01 16:00:00+00:00,2024-04-01 17:00:00+00:00,2024-04-01 21:00:00+00:00,0.6113,0.6194,-0.013077171456247982,-0.01504683407033336,0.001969662614085377,9.988775255673833,4
ETH,long,2024-04-02 20:00:00+00:00,2024-04-02 21:00:00+00:00,2024-04-03 01:00:00+00:00,3269.57,3279.72,0.003104383756885376,0.002093378272144397,0.0010110054847409788,5.041924062981029,4
DOT,short,2024-04-02 21:00:00+00:00,2024-04-02 22:00:00+00:00,2024-04-03 02:00:00+00:00,8.595,8.671,-0.008764848345058085,-0.010556703664359235,0.00179185531930115,9.046674492363598,4
BNB,long,2024-04-02 22:00:00+00:00,2024-04-02 23:00:00+00:00,2024-04-03 03:00:00+00:00,557.9,557.2,-0.0012547051442909352,-0.002543437485565847,0.0012887323412749119,6.455921962584254,4
ADA,short,2024-04-03 05:00:00+00:00,2024-04-03 06:00:00+00:00,2024-04-03 10:00:00+00:00,0.5868,0.5931,-0.01062215477996964,-0.012596717021892467,0.001974562241922828,9.988775255673833,4
ETH,long,2024-04-04 02:00:00+00:00,2024-04-04 03:00:00+00:00,2024-04-04 07:00:00+00:00,3274.22,3311.48,0.011379809542425345,0.010360463449275992,0.0010193460931493536,5.041924062981029,4
DOT,long,2024-04-06 01:00:00+00:00,2024-04-06 02:00:00+00:00,2024-04-06 06:00:00+00:00,8.382,8.459,0.009186351706036655,0.007362046010812584,0.001824305695224071,9.046674492363598,4
ADA,short,2024-04-07 22:00:00+00:00,2024-04-07 23:00:00+00:00,2024-04-08 03:00:00+00:00,0.5847,0.5836,0.001884852638793566,-0.00011467060738845625,0.0019995232461820223,9.988775255673833,4
ADA,long,2024-04-08 07:00:00+00:00,2024-04-08 08:00:00+00:00,2024-04-08 12:00:00+00:00,0.5949,0.6083,0.02252479408303909,0.0204840784357454,0.0020407156472936894,9.988775255673833,4
LINK,long,2024-04-08 14:00:00+00:00,2024-04-08 15:00:00+00:00,2024-04-08 19:00:00+00:00,18.335,18.325,-0.0005454049631852254,-0.001851176136007604,0.0013057711728223786,6.536688716426203,4
ETH,short,2024-04-08 19:00:00+00:00,2024-04-08 20:00:00+00:00,2024-04-09 00:00:00+00:00,3704.34,3695.88,0.0022890353582909473,0.0012788516441615272,0.00101018371412942,5.041924062981029,4
AVAX,short,2024-04-09 07:00:00+00:00,2024-04-09 08:00:00+00:00,2024-04-09 12:00:00+00:00,48.465,48.621,-0.003208490158573385,-0.004744504365976732,0.0015360142074033467,7.710732744665526,4
ADA,long,2024-04-09 17:00:00+00:00,2024-04-09 18:00:00+00:00,2024-04-09 22:00:00+00:00,0.6024,0.5976,-0.007968127490039834,-0.009947986537527043,0.001979859047487209,9.988775255673833,4
XRP,short,2024-04-10 03:00:00+00:00,2024-04-10 04:00:00+00:00,2024-04-10 08:00:00+00:00,0.6069,0.6147,-0.012689116642264575,-0.013822444223291819,0.0011333275810272436,5.742762706652812,4
BNB,short,2024-04-11 10:00:00+00:00,2024-04-11 11:00:00+00:00,2024-04-11 15:00:00+00:00,598.3,603.3,-0.008287750704458863,-0.009567407945888173,0.0012796572414293106,6.455921962584254,4
LINK,short,2024-04-11 14:00:00+00:00,2024-04-11 15:00:00+00:00,2024-04-11 19:00:00+00:00,17.089,17.326,-0.01367886413482633,-0.01496747665684961,0.0012886125220232802,6.536688716426203,4
AVAX,short,2024-04-12 16:00:00+00:00,2024-04-12 17:00:00+00:00,2024-04-12 21:00:00+00:00,43.754,39.017,0.12140861675679826,0.11968057277705291,0.0017280439797453528,7.710732744665526,4
ADA,short,2024-04-12 18:00:00+00:00,2024-04-12 19:00:00+00:00,2024-04-12 23:00:00+00:00,0.4661,0.5002,-0.06817273090763687,-0.07003243592370656,0.0018597050160696904,9.988775255673833,4
DOT,long,2024-04-12 18:00:00+00:00,2024-04-12 19:00:00+00:00,2024-04-12 23:00:00+00:00,6.479,7.195,0.11051088130884401,0.10850341130892249,0.0020074699999215184,9.046674492363598,4
LINK,short,2024-04-12 18:00:00+00:00,2024-04-12 19:00:00+00:00,2024-04-12 23:00:00+00:00,14.303,15.023,-0.047926512680556366,-0.049170381206774194,0.0012438685262178284,6.536688716426203,4
SOL,long,2024-04-12 19:00:00+00:00,2024-04-12 20:00:00+00:00,2024-04-13 00:00:00+00:00,149.14,153.11,0.026619283894327772,0.025387889603442293,0.0012313942908854791,6.000925858297193,4
ADA,short,2024-04-13 03:00:00+00:00,2024-04-13 04:00:00+00:00,2024-04-13 08:00:00+00:00,0.5034,0.5055,-0.004154302670623111,-0.006141773202966161,0.0019874705323430497,9.988775255673833,4
DOT,long,2024-04-13 16:00:00+00:00,2024-04-13 17:00:00+00:00,2024-04-13 21:00:00+00:00,6.936,5.903,-0.1489331026528259,-0.1504715758844768,0.0015384732316509053,9.046674492363598,4
BNB,long,2024-04-13 19:00:00+00:00,2024-04-13 20:00:00+00:00,2024-04-14 00:00:00+00:00,545.2,553.4,0.015040352164343185,0.013730593473843422,0.0013097586904997627,6.455921962584254,4
SOL,short,2024-04-13 19:00:00+00:00,2024-04-13 20:00:00+00:00,2024-04-14 00:00:00+00:00,133.61,138.46,-0.03502816697963307,-0.03618561728734515,0.0011574503077120823,6.000925858297193,4
XRP,long,2024-04-13 19:00:00+00:00,2024-04-13 20:00:00+00:00,2024-04-14 00:00:00+00:00,0.4918,0.4787,-0.02663684424562829,-0.02775416132312314,0.0011173170774948504,5.742762706652812,4
ADA,short,2024-04-13 20:00:00+00:00,2024-04-13 21:00:00+00:00,2024-04-14 01:00:00+00:00,0.4131,0.4375,-0.05577142857142847,-0.05765588362962015,0.0018844550581916808,9.988775255673833,4
ETH,short,2024-04-13 20:00:00+00:00,2024-04-13 21:00:00+00:00,2024-04-14 01:00:00+00:00,2910.99,2966.9,-0.018844585257339452,-0.01983346888874471,0.0009888836314052574,5.041924062981029,4
AVAX,long,2024-04-13 21:00:00+00:00,2024-04-13 22:00:00+00:00,2024-04-14 02:00:00+00:00,32.037,33.791,0.05474919624184538,0.05312387165322363,0.001625324588621746,7.710732744665526,4
LINK,long,2024-04-13 21:00:00+00:00,2024-04-13 22:00:00+00:00,2024-04-14 02:00:00+00:00,12.737,13.187,0.03533014053544781,0.03397749854592802,0.0013526419895197872,6.536688716426203,4
ADA,short,2024-04-14 10:00:00+00:00,2024-04-14 11:00:00+00:00,2024-04-14 15:00:00+00:00,0.4685,0.4531,0.033988082101081396,0.03192448846455642,0.002063593636524974,9.988775255673833,4
DOT,long,2024-04-14 11:00:00+00:00,2024-04-14 12:00:00+00:00,2024-04-14 16:00:00+00:00,6.602,6.562,-0.006058770069675812,-0.007855517165407666,0.0017967470957318543,9.046674492363598,4
SOL,long,2024-04-14 11:00:00+00:00,2024-04-14 12:00:00+00:00,2024-04-14 16:00:00+00:00,138.83,137.99,-0.006050565439746469,-0.0072427733773410274,0.0011922079375945582,6.000925858297193,4
AVAX,long,2024-04-14 14:00:00+00:00,2024-04-14 15:00:00+00:00,2024-04-14 19:00:00+00:00,35.359,36.28,0.026047116717101693,0.02446602083779048,0.0015810958793112118,7.710732744665526,4
XRP,short,2024-04-14 23:00:00+00:00,2024-04-15 00:00:00+00:00,2024-04-15 04:00:00+00:00,0.5031,0.4985,0.00922768304914734,0.00806919731986433,0.0011584857292830097,5.742762706652812,4
AVAX,long,2024-04-15 13:00:00+00:00,2024-04-15 14:00:00+00:00,2024-04-15 18:00:00+00:00,37.892,35.669,-0.05866673704211989,-0.06011729240051644,0.0014505553583965547,7.710732744665526,4
BNB,short,2024-04-15 13:00:00+00:00,2024-04-15 14:00:00+00:00,2024-04-15 18:00:00+00:00,570.6,558.9,0.02093397745571668,0.019616613917855297,0.0013173635378613824,6.455921962584254,4
LINK,short,2024-04-15 14:00:00+00:00,2024-04-15 15:00:00+00:00,2024-04-15 19:00:00+00:00,13.999,13.366,0.0473589705222206,0.04599061306196561,0.0013683574602549875,6.536688716426203,4
XRP,short,2024-04-15 14:00:00+00:00,2024-04-15 15:00:00+00:00,2024-04-15 19:00:00+00:00,0.4939,0.4879,0.012297601967616423,0.01113559229887251,0.001162009668743913,5.742762706652812,4
SOL,short,2024-04-15 16:00:00+00:00,2024-04-15 17:00:00+00:00,2024-04-15 21:00:00+00:00,139.98,136.19,0.027828768632058187,0.026595923606100413,0.001232845025957774,6.000925858297193,4
ADA,long,2024-04-15 17:00:00+00:00,2024-04-15 18:00:00+00:00,2024-04-15 22:00:00+00:00,0.456,0.458,0.004385964912280604,0.002381450042441502,0.0020045148698391024,9.988775255673833,4
DOT,short,2024-04-16 13:00:00+00:00,2024-04-16 14:00:00+00:00,2024-04-16 18:00:00+00:00,6.552,6.571,-0.0028914929234515885,-0.004693965504596775,0.001802472581145187,9.046674492363598,4
ETH,short,2024-04-16 13:00:00+00:00,2024-04-16 14:00:00+00:00,2024-04-16 18:00:00+00:00,3068.94,3043.16,0.008471457300963436,0.007455042468124784,0.0010164148328386524,5.041924062981029,4
LINK,short,2024-04-16 13:00:00+00:00,2024-04-16 14:00:00+00:00,2024-04-16 18:00:00+00:00,13.175,13.16,0.0011398176291794737,-0.0001681552595506064,0.00130797288873008,6.536688716426203,4
SOL,short,2024-04-16 13:00:00+00:00,2024-04-16 14:00:00+00:00,2024-04-16 18:00:00+00:00,131.95,132.27,-0.0024192938686022902,-0.0036158573907366653,0.0011965635221343751,6.000925858297193,4
ETH,short,2024-04-17 19:00:00+00:00,2024-04-17 20:00:00+00:00,2024-04-18 00:00:00+00:00,3001.6,2985.0,0.00556113902847577,0.004547657437464547,0.0010134815910112227,5.041924062981029,4
ETH,long,2024-04-18 13:00:00+00:00,2024-04-18 14:00:00+00:00,2024-04-18 18:00:00+00:00,3049.11,3038.31,-0.00354201717878333,-0.004546323911222339,0.0010043067324390087,5.041924062981029,4
ADA,short,2024-04-18 18:00:00+00:00,2024-04-18 19:00:00+00:00,2024-04-18 23:00:00+00:00,0.4506,0.4586,-0.017444395987788908,-0.019405342663162295,0.0019609466753733873,9.988775255673833,4
AVAX,long,2024-04-19 04:00:00+00:00,2024-04-19 05:00:00+00:00,2024-04-19 09:00:00+00:00,34.036,35.41,0.04036902103654949,0.038765855699087304,0.0016031653374621868,7.710732744665526,4
ADA,short,2024-04-19 07:00:00+00:00,2024-04-19 08:00:00+00:00,2024-04-19 12:00:00+00:00,0.4562,0.4675,-0.024171122994652516,-0.02611864472704406,0.001947521732391544,9.988775255673833,4
LINK,long,2024-04-19 07:00:00+00:00,2024-04-19 08:00:00+00:00,2024-04-19 12:00:00+00:00,13.64,13.797,0.011510263929618736,0.01018874222146704,0.0013215217081516961,6.536688716426203,4
ETH,long,2024-04-19 08:00:00+00:00,2024-04-19 09:00:00+00:00,2024-04-19 13:00:00+00:00,3111.46,3100.06,-0.003663874836893344,-0.004668058751844173,0.0010041839149508291,5.041924062981029,4
DOT,short,2024-04-19 11:00:00+00:00,2024-04-19 12:00:00+00:00,2024-04-19 16:00:00+00:00,6.828,6.804,0.003527336860670305,0.0017132609639309848,0.00181407589673932,9.046674492363598,4
BNB,long,2024-04-19 14:00:00+00:00,2024-04-19 15:00:00+00:00,2024-04-19 19:00:00+00:00,558.3,559.5,0.0021493820526599094,0.0008562572428691961,0.0012931248097907133,6.455921962584254,4
LINK,long,2024-04-19 16:00:00+00:00,2024-04-19 17:00:00+00:00,2024-04-19 21:00:00+00:00,13.928,13.885,-0.003087306145893254,-0.004389756366163011,0.0013024502202697574,6.536688716426203,4
ADA,long,2024-04-19 21:00:00+00:00,2024-04-19 22:00:00+00:00,2024-04-20 02:00:00+00:00,0.4727,0.4791,0.01353924264861428,0.011516460019197483,0.002022782629416797,9.988775255673833,4
ETH,long,2024-04-20 00:00:00+00:00,2024-04-20 01:00:00+00:00,2024-04-20 05:00:00+00:00,3030.33,3064.6,0.011308999349905813,0.010289724624695795,0.0010192747252100176,5.041924062981029,4
LINK,long,2024-04-20 01:00:00+00:00,2024-04-20 02:00:00+00:00,2024-04-20 06:00:00+00:00,14.085,13.942,-0.010152644657437038,-0.01144586412785542,0.001293219470418383,6.536688716426203,4
DOT,short,2024-04-20 19:00:00+00:00,2024-04-20 20:00:00+00:00,2024-04-21 00:00:00+00:00,7.244,7.242,0.0002761668047499555,-0.0015320319534020133,0.0018081987581519687,9.046674492363598,4
ADA,short,2024-04-20 22:00:00+00:00,2024-04-20 23:00:00+00:00,2024-04-21 03:00:00+00:00,0.5023,0.5088,-0.012775157232704504,-0.014745422595158653,0.001970265362454149,9.988775255673833,4
ETH,short,2024-04-21 09:00:00+00:00,2024-04-21 10:00:00+00:00,2024-04-21 14:00:00+00:00,3170.53,3145.65,0.007909335113569504,0.00689348683055746,0.001015848283012044,5.041924062981029,4
AVAX,short,2024-04-21 12:00:00+00:00,2024-04-21 13:00:00+00:00,2024-04-21 17:00:00+00:00,37.219,36.791,0.011633279878231262,0.010074395121254964,0.0015588847569762976,7.710732744665526,4
DOT,short,2024-04-22 01:00:00+00:00,2024-04-22 02:00:00+00:00,2024-04-22 06:00:00+00:00,7.135,7.452,-0.0425389157273216,-0.044269717680837206,0.0017308019535156038,9.046674492363598,4
SOL,short,2024-04-22 08:00:00+00:00,2024-04-22 09:00:00+00:00,2024-04-22 13:00:00+00:00,152.67,154.16,-0.009665282823041021,-0.010853155032270911,0.00118787220922989,6.000925858297193,4
XRP,long,2024-04-22 15:00:00+00:00,2024-04-22 16:00:00+00:00,2024-04-22 20:00:00+00:00,0.5388,0.5514,0.023385300668151476,0.022210563503986425,0.0011747371641650517,5.742762706652812,4
AVAX,long,2024-04-23 04:00:00+00:00,2024-04-23 05:00:00+00:00,2024-04-23 09:00:00+00:00,38.669,38.355,-0.008120199643124937,-0.009648645110750254,0.0015284454676253167,7.710732744665526,4
LINK,short,2024-04-23 15:00:00+00:00,2024-04-23 16:00:00+00:00,2024-04-23 20:00:00+00:00,15.251,15.354,-0.006708349615735298,-0.008006069001606053,0.0012977193858707547,6.536688716426203,4
ETH,short,2024-04-23 19:00:00+00:00,2024-04-23 20:00:00+00:00,2024-04-24 00:00:00+00:00,3218.43,3219.44,-0.0003137191561265462,-0.0013212796147580308,0.0010075604586314846,5.041924062981029,4
DOT,short,2024-04-24 13:00:00+00:00,2024-04-24 14:00:00+00:00,2024-04-24 18:00:00+00:00,7.195,7.101,0.01323757217293342,0.011405943088369064,0.0018316290845643568,9.046674492363598,4
ETH,long,2024-04-24 19:00:00+00:00,2024-04-24 20:00:00+00:00,2024-04-25 00:00:00+00:00,3134.42,3140.67,0.001993989318598066,0.0009841029744823704,0.0010098863441156958,5.041924062981029,4
BNB,short,2024-04-24 22:00:00+00:00,2024-04-24 23:00:00+00:00,2024-04-25 03:00:00+00:00,605.9,606.4,-0.0008245382585752026,-0.0021138256662723842,0.0012892874076971816,6.455921962584254,4
XRP,long,2024-04-25 01:00:00+00:00,2024-04-25 02:00:00+00:00,2024-04-25 06:00:00+00:00,0.5232,0.5273,0.007836391437308965,0.00667950276239182,0.0011568886749171448,5.742762706652812,4
DOT,short,2024-04-25 11:00:00+00:00,2024-04-25 12:00:00+00:00,2024-04-25 16:00:00+00:00,6.826,6.916,-0.013013302486986844,-0.014797477877725673,0.0017841753907388291,9.046674492363598,4
AVAX,short,2024-04-26 19:00:00+00:00,2024-04-26 20:00:00+00:00,2024-04-27 00:00:00+00:00,34.877,34.43,0.012982863781585863,0.01142189937201521,0.0015609644095706532,7.710732744665526,4
BNB,short,2024-04-26 19:00:00+00:00,2024-04-26 20:00:00+00:00,2024-04-27 00:00:00+00:00,601.1,597.7,0.005688472477831663,0.004390780997926891,0.0012976914799047723,6.455921962584254,4
ETH,short,2024-04-26 19:00:00+00:00,2024-04-26 20:00:00+00:00,2024-04-27 00:00:00+00:00,3133.79,3131.46,0.000744061875291413,-0.00026456469614133393,0.001008626571432747,5.041924062981029,4
ADA,long,2024-04-28 16:00:00+00:00,2024-04-28 17:00:00+00:00,2024-04-28 21:00:00+00:00,0.4686,0.4701,0.003201024327784907,0.0011988743167792304,0.0020021500110056767,9.988775255673833,4
XRP,short,2024-04-29 07:00:00+00:00,2024-04-29 08:00:00+00:00,2024-04-29 12:00:00+00:00,0.5025,0.5058,-0.006524317912218414,-0.007664722024609771,0.0011404041123913577,5.742762706652812,4
DOT,short,2024-04-29 08:00:00+00:00,2024-04-29 09:00:00+00:00,2024-04-29 13:00:00+00:00,6.53,6.562,-0.00487656202377329,-0.006675446196435786,0.001798884172662496,9.046674492363598,4
XRP,short,2024-04-30 12:00:00+00:00,2024-04-30 13:00:00+00:00,2024-04-30 17:00:00+00:00,0.4954,0.4961,-0.0014110058455956143,-0.002557279494819986,0.001146273649224372,5.742762706652812,4
SOL,long,2024-04-30 13:00:00+00:00,2024-04-30 14:00:00+00:00,2024-04-30 18:00:00+00:00,127.74,124.65,-0.02418976045091581,-0.025360211052048443,0.0011704506011326332,6.000925858297193,4
DOT,long,2024-04-30 14:00:00+00:00,2024-04-30 15:00:00+00:00,2024-04-30 19:00:00+00:00,6.121,6.156,0.0057180199313835445,0.003899983937883711,0.0018180359934998336,9.046674492363598,4
DOT,long,2024-05-01 08:00:00+00:00,2024-05-01 09:00:00+00:00,2024-05-01 13:00:00+00:00,6.29,6.6,0.049284578696343395,0.04738778745497285,0.0018967912413705434,9.046674492363598,4
XRP,short,2024-05-01 08:00:00+00:00,2024-05-01 09:00:00+00:00,2024-05-01 13:00:00+00:00,0.4881,0.4957,-0.015331853943917673,-0.016462147944414363,0.00113029400049669,5.742762706652812,4
LINK,long,2024-05-01 16:00:00+00:00,2024-05-01 17:00:00+00:00,2024-05-01 21:00:00+00:00,12.725,13.124,0.031355599214145435,0.030008149898218317,0.0013474493159271184,6.536688716426203,4
DOT,long,2024-05-01 17:00:00+00:00,2024-05-01 18:00:00+00:00,2024-05-01 22:00:00+00:00,6.572,6.855,0.043061472915398635,0.04117593117943308,0.0018855417359655569,9.046674492363598,4
AVAX,short,2024-05-01 19:00:00+00:00,2024-05-01 20:00:00+00:00,2024-05-02 00:00:00+00:00,32.428,33.331,-0.02709189643275045,-0.028591107305658947,0.0014992108729084963,7.710732744665526,4
SOL,long,2024-05-02 01:00:00+00:00,2024-05-02 02:00:00+00:00,2024-05-02 06:00:00+00:00,129.72,129.58,-0.001079247610237366,-0.002277418471468007,0.0011981708612306408,6.000925858297193,4
BNB,short,2024-05-02 16:00:00+00:00,2024-05-02 17:00:00+00:00,2024-05-02 21:00:00+00:00,561.7,559.3,0.004291078133381143,0.0029951897831574925,0.0012958883502236507,6.455921962584254,4
ETH,long,2024-05-04 10:00:00+00:00,2024-05-04 11:00:00+00:00,2024-05-04 15:00:00+00:00,3166.48,3130.01,-0.011517521032818667,-0.012513789441160439,0.0009962684083417717,5.041924062981029,4
ETH,long,2024-05-06 14:00:00+00:00,2024-05-06 15:00:00+00:00,2024-05-06 19:00:00+00:00,3077.5,3076.63,-0.0002826969943134916,-0.0012902887194574664,0.0010075917251439748,5.041924062981029,4
XRP,short,2024-05-06 15:00:00+00:00,2024-05-06 16:00:00+00:00,2024-05-06 20:00:00+00:00,0.5595,0.5465,0.023787740164684434,0.02261254104290389,0.0011751991217805458,5.742762706652812,4
DOT,long,2024-05-06 17:00:00+00:00,2024-05-06 18:00:00+00:00,2024-05-06 22:00:00+00:00,7.198,7.216,0.0025006946373993255,0.000688474601326261,0.0018122200360730645,9.046674492363598,4
SOL,short,2024-05-07 11:00:00+00:00,2024-05-07 12:00:00+00:00,2024-05-07 16:00:00+00:00,154.98,154.67,0.002004267149414929,0.0008023977189768328,0.0012018694304380961,6.000925858297193,4
ETH,long,2024-05-07 14:00:00+00:00,2024-05-07 15:00:00+00:00,2024-05-07 19:00:00+00:00,3092.18,3048.06,-0.014268250878021305,-0.015261746889984829,0.0009934960119635239,5.041924062981029,4
SOL,short,2024-05-08 11:00:00+00:00,2024-05-08 12:00:00+00:00,2024-05-08 16:00:00+00:00,145.4,145.83,-0.0029486388260303587,-0.004144567417213474,0.0011959285911831152,6.000925858297193,4
LINK,short,2024-05-09 12:00:00+00:00,2024-05-09 13:00:00+00:00,2024-05-09 17:00:00+00:00,14.008,14.058,-0.0035566936975388597,-0.004858530670606598,0.0013018369730677382,6.536688716426203,4
AVAX,short,2024-05-09 22:00:00+00:00,2024-05-09 23:00:00+00:00,2024-05-10 03:00:00+00:00,35.278,35.543,-0.00745575781447827,-0.008985227159292286,0.0015294693448140162,7.710732744665526,4
AVAX,long,2024-05-10 17:00:00+00:00,2024-05-10 18:00:00+00:00,2024-05-10 22:00:00+00:00,34.154,33.796,-0.010481934766059742,-0.012006740898209967,0.0015248061321502249,7.710732744665526,4
ETH,short,2024-05-11 16:00:00+00:00,2024-05-11 17:00:00+00:00,2024-05-11 21:00:00+00:00,2924.88,2922.74,0.0007321896576502063,-0.000276424948051579,0.0010086146057017853,5.041924062981029,4
ADA,long,2024-05-13 01:00:00+00:00,2024-05-13 02:00:00+00:00,2024-05-13 06:00:00+00:00,0.4346,0.4264,-0.018867924528301883,-0.02082603018017748,0.001958105651875597,9.988775255673833,4
DOT,long,2024-05-13 07:00:00+00:00,2024-05-13 08:00:00+00:00,2024-05-13 12:00:00+00:00,6.694,6.729,0.005228562892142241,0.003411411689902888,0.0018171512022393532,9.046674492363598,4
LINK,short,2024-05-13 13:00:00+00:00,2024-05-13 14:00:00+00:00,2024-05-13 18:00:00+00:00,13.467,13.409,0.0043254530539189595,0.003013318184319269,0.0013121348695996904,6.536688716426203,4
ADA,short,2024-05-13 20:00:00+00:00,2024-05-13 21:00:00+00:00,2024-05-14 01:00:00+00:00,0.4412,0.4358,0.012391005048187242,0.01037051402720035,0.002020491020986892,9.988775255673833,4
ADA,short,2024-05-14 06:00:00+00:00,2024-05-14 07:00:00+00:00,2024-05-14 11:00:00+00:00,0.4337,0.4346,-0.002070869765301464,-0.004062498332886855,0.0019916285675853906,9.988775255673833,4
DOT,short,2024-05-14 10:00:00+00:00,2024-05-14 11:00:00+00:00,2024-05-14 15:00:00+00:00,6.607,6.616,-0.0013603385731558726,-0.003165579021302878,0.0018052404481470052,9.046674492363598,4
ADA,short,2024-05-14 18:00:00+00:00,2024-05-14 19:00:00+00:00,2024-05-14 23:00:00+00:00,0.4318,0.4271,0.011004448606883654,0.008986724821901326,0.002017723784982328,9.988775255673833,4
ADA,long,2024-05-15 00:00:00+00:00,2024-05-15 01:00:00+00:00,2024-05-15 05:00:00+00:00,0.4277,0.4287,0.0023380874444705046,0.000337659649699118,0.0020004277947713867,9.988775255673833,4
ADA,short,2024-05-15 08:00:00+00:00,2024-05-15 09:00:00+00:00,2024-05-15 13:00:00+00:00,0.4327,0.4411,-0.019043300838812116,-0.02100105648139383,0.0019577556425817155,9.988775255673833,4
AVAX,long,2024-05-15 15:00:00+00:00,2024-05-15 16:00:00+00:00,2024-05-15 20:00:00+00:00,34.074,34.319,0.007190233022245751,0.005638194815453579,0.0015520382067921723,7.710732744665526,4
DOT,long,2024-05-15 15:00:00+00:00,2024-05-15 16:00:00+00:00,2024-05-15 20:00:00+00:00,6.865,7.009,0.020975965040058275,0.019130347266333114,0.0018456177737251611,9.046674492363598,4
ETH,long,2024-05-15 15:00:00+00:00,2024-05-15 16:00:00+00:00,2024-05-15 20:00:00+00:00,2976.67,3024.65,0.016118682957801944,0.01509456066479542,0.0010241222930065241,5.041924062981029,4
SOL,long,2024-05-15 15:00:00+00:00,2024-05-15 16:00:00+00:00,2024-05-15 20:00:00+00:00,151.71,154.92,0.021158789796321686,0.0199339451790721,0.0012248446172495875,6.000925858297193,4
BNB,short,2024-05-16 09:00:00+00:00,2024-05-16 10:00:00+00:00,2024-05-16 14:00:00+00:00,582.9,577.9,0.00865201591970921,0.0073505004275180585,0.001301515492191152,6.455921962584254,4
LINK,long,2024-05-16 21:00:00+00:00,2024-05-16 22:00:00+00:00,2024-05-17 02:00:00+00:00,15.788,15.822,0.0021535343298706433,0.0008442370367589547,0.0013092972931116886,6.536688716426203,4
LINK,long,2024-05-17 13:00:00+00:00,2024-05-17 14:00:00+00:00,2024-05-17 18:00:00+00:00,16.143,16.229,0.005327386483305441,0.0040139426039762505,0.0013134438793291903,6.536688716426203,4
AVAX,short,2024-05-18 21:00:00+00:00,2024-05-18 22:00:00+00:00,2024-05-19 02:00:00+00:00,37.156,37.437,-0.007505943318107722,-0.009035335329150573,0.0015293920110428516,7.710732744665526,4
BNB,short,2024-05-18 21:00:00+00:00,2024-05-18 22:00:00+00:00,2024-05-19 02:00:00+00:00,577.6,580.4,-0.004824259131633313,-0.006108385494095425,0.0012841263624621124,6.455921962584254,4
LINK,short,2024-05-19 17:00:00+00:00,2024-05-19 18:00:00+00:00,2024-05-19 22:00:00+00:00,16.993,16.567,0.02571376833464112,0.024373689978996582,0.0013400783556445361,6.536688716426203,4
ETH,short,2024-05-20 10:00:00+00:00,2024-05-20 11:00:00+00:00,2024-05-20 15:00:00+00:00,3104.81,3090.99,0.004471059434032476,0.0034586765087900595,0.0010123829252424166,5.041924062981029,4
ETH,long,2024-05-20 19:00:00+00:00,2024-05-20 20:00:00+00:00,2024-05-21 00:00:00+00:00,3439.08,3662.67,0.06501448061690929,0.06394107739121546,0.0010734032256938253,5.041924062981029,4
BNB,long,2024-05-21 06:00:00+00:00,2024-05-21 07:00:00+00:00,2024-05-21 11:00:00+00:00,610.7,619.6,0.014573440314393338,0.013264284104230084,0.0013091562101632537,6.455921962584254,4
ETH,short,2024-05-21 11:00:00+00:00,2024-05-21 12:00:00+00:00,2024-05-21 16:00:00+00:00,3777.52,3778.06,-0.00014293049872160513,-0.0011506630912528903,0.0010077325925312852,5.041924062981029,4
LINK,short,2024-05-21 15:00:00+00:00,2024-05-21 16:00:00+00:00,2024-05-21 20:00:00+00:00,16.611,16.676,-0.003897817222355382,-0.005199208523086085,0.0013013913007307032,6.536688716426203,4
ETH,short,2024-05-21 19:00:00+00:00,2024-05-21 20:00:00+00:00,2024-05-22 00:00:00+00:00,3713.92,3790.28,-0.020146268877233364,-0.021133840572113982,0.000987571694880618,5.041924062981029,4
LINK,long,2024-05-22 06:00:00+00:00,2024-05-22 07:00:00+00:00,2024-05-22 11:00:00+00:00,16.772,16.88,0.006439303601240232,0.005124407020280941,0.0013148965809592905,6.536688716426203,4
AVAX,long,2024-05-22 17:00:00+00:00,2024-05-22 18:00:00+00:00,2024-05-22 22:00:00+00:00,39.944,40.327,0.009588423793310596,0.008032690074407656,0.0015557337189029408,7.710732744665526,4
ETH,long,2024-05-22 17:00:00+00:00,2024-05-22 18:00:00+00:00,2024-05-22 22:00:00+00:00,3739.81,3774.8,0.009356090282661489,0.008338783848897746,0.0010173064337637427,5.041924062981029,4
SOL,long,2024-05-22 17:00:00+00:00,2024-05-22 18:00:00+00:00,2024-05-22 22:00:00+00:00,179.8,180.21,0.0022803114571745553,0.0010781109211457363,0.001202200536028819,6.000925858297193,4
DOT,short,2024-05-23 00:00:00+00:00,2024-05-23 01:00:00+00:00,2024-05-23 05:00:00+00:00,7.535,7.592,-0.007507903055848142,-0.009302030554559693,0.0017941274987115507,9.046674492363598,4
LINK,short,2024-05-23 00:00:00+00:00,2024-05-23 01:00:00+00:00,2024-05-23 05:00:00+00:00,16.468,16.44,0.0017031630170316614,0.0003944541267149049,0.0013087088903167565,6.536688716426203,4
ETH,short,2024-05-23 02:00:00+00:00,2024-05-23 03:00:00+00:00,2024-05-23 07:00:00+00:00,3770.0,3790.05,-0.005290167675888191,-0.006292712488262575,0.001002544812374384,5.041924062981029,4
ETH,long,2024-05-23 12:00:00+00:00,2024-05-23 13:00:00+00:00,2024-05-23 17:00:00+00:00,3865.49,3797.16,-0.0176769309971051,-0.018666991479973194,0.0009900604828680937,5.041924062981029,4
LINK,long,2024-05-23 13:00:00+00:00,2024-05-23 14:00:00+00:00,2024-05-23 18:00:00+00:00,15.976,16.153,0.011079118678016808,0.009758160254124126,0.001320958423892682,6.536688716426203,4
ETH,long,2024-05-23 20:00:00+00:00,2024-05-23 21:00:00+00:00,2024-05-24 01:00:00+00:00,3756.69,3814.02,0.015260774777796415,0.014237517150411216,0.001023257627385199,5.041924062981029,4
DOT,long,2024-05-23 22:00:00+00:00,2024-05-23 23:00:00+00:00,2024-05-24 03:00:00+00:00,7.21,7.263,0.0073509015256587595,0.005529913772865935,0.0018209877527928242,9.046674492363598,4
ADA,short,2024-05-24 00:00:00+00:00,2024-05-24 01:00:00+00:00,2024-05-24 05:00:00+00:00,0.4684,0.467,0.0029978586723766742,0.0009961141315704136,0.0020017445408062606,9.988775255673833,4
LINK,long,2024-05-24 09:00:00+00:00,2024-05-24 10:00:00+00:00,2024-05-24 14:00:00+00:00,17.651,17.26,-0.022151719449322926,-0.02342926232368414,0.001277542874361215,6.536688716426203,4
DOT,long,2024-05-25 01:00:00+00:00,2024-05-25 02:00:00+00:00,2024-05-25 06:00:00+00:00,7.279,7.303,0.0032971562027750423,0.001483496403503315,0.0018136597992717274,9.046674492363598,4
LINK,short,2024-05-25 11:00:00+00:00,2024-05-25 12:00:00+00:00,2024-05-25 16:00:00+00:00,17.088,17.187,-0.005760167568511054,-0.00705912573880485,0.0012989581702937958,6.536688716426203,4
AVAX,long,2024-05-25 15:00:00+00:00,2024-05-25 16:00:00+00:00,2024-05-25 20:00:00+00:00,38.064,38.037,-0.0007093316519546367,-0.0022491969585445304,0.0015398653065898937,7.710732744665526,4
LINK,short,2024-05-26 03:00:00+00:00,2024-05-26 04:00:00+00:00,2024-05-26 08:00:00+00:00,17.765,17.618,0.008343739357475455,0.0070263546621753825,0.0013173846953000723,6.536688716426203,4
ETH,long,2024-05-26 14:00:00+00:00,2024-05-26 15:00:00+00:00,2024-05-26 19:00:00+00:00,3863.12,3846.99,-0.004175381556876356,-0.005179049936148483,0.0010036683792721268,5.041924062981029,4
SOL,long,2024-05-26 14:00:00+00:00,2024-05-26 15:00:00+00:00,2024-05-26 19:00:00+00:00,165.28,161.88,-0.020571151984511205,-0.021745942981227895,0.0011747909967166903,6.000925858297193,4
AVAX,short,2024-05-26 15:00:00+00:00,2024-05-26 16:00:00+00:00,2024-05-26 20:00:00+00:00,36.885,36.968,-0.0022451850248865757,-0.0037826836453859203,0.0015374986204993446,7.710732744665526,4
LINK,short,2024-05-26 20:00:00+00:00,2024-05-26 21:00:00+00:00,2024-05-27 01:00:00+00:00,17.09,17.111,-0.0012272806966279193,-0.002532161009894951,0.0013048803132670317,6.536688716426203,4
ETH,long,2024-05-27 10:00:00+00:00,2024-05-27 11:00:00+00:00,2024-05-27 15:00:00+00:00,3905.97,3943.34,0.009567405791647277,0.008549886377916538,0.0010175194137307386,5.041924062981029,4
SOL,long,2024-05-27 13:00:00+00:00,2024-05-27 14:00:00+00:00,2024-05-27 18:00:00+00:00,168.28,171.24,0.017589731400047492,0.01636916774478836,0.0012205636552591326,6.000925858297193,4
SOL,short,2024-05-27 20:00:00+00:00,2024-05-27 21:00:00+00:00,2024-05-28 01:00:00+00:00,170.76,169.91,0.005002648460949777,0.003797182575928648,0.0012054658850211286,6.000925858297193,4
SOL,short,2024-05-28 15:00:00+00:00,2024-05-28 16:00:00+00:00,2024-05-28 20:00:00+00:00,168.33,170.48,-0.012611450023462978,-0.01379578840712814,0.0011843383836651622,6.000925858297193,4
ETH,short,2024-05-28 16:00:00+00:00,2024-05-28 17:00:00+00:00,2024-05-28 21:00:00+00:00,3827.51,3833.47,-0.001554727179291726,-0.0025610368549157103,0.0010063096756239842,5.041924062981029,4
LINK,long,2024-05-28 21:00:00+00:00,2024-05-28 22:00:00+00:00,2024-05-29 02:00:00+00:00,18.492,18.421,-0.003839498161367194,-0.0051409656550026606,0.0013014674936354664,6.536688716426203,4
DOT,long,2024-05-29 02:00:00+00:00,2024-05-29 03:00:00+00:00,2024-05-29 07:00:00+00:00,7.358,7.472,0.015493340581679949,0.01365763374561979,0.001835706836060158,9.046674492363598,4
AVAX,long,2024-05-29 03:00:00+00:00,2024-05-29 04:00:00+00:00,2024-05-29 08:00:00+00:00,37.264,36.831,-0.011619793902962638,-0.013142846641566619,0.0015230527386039805,7.710732744665526,4
AVAX,short,2024-05-29 14:00:00+00:00,2024-05-29 15:00:00+00:00,2024-05-29 19:00:00+00:00,36.902,36.594,0.008416680330108672,0.006862752219088053,0.0015539281110206193,7.710732744665526,4
AVAX,long,2024-05-30 04:00:00+00:00,2024-05-30 05:00:00+00:00,2024-05-30 09:00:00+00:00,36.788,36.122,-0.01810372947700334,-0.019616790740897505,0.0015130612638941665,7.710732744665526,4
AVAX,short,2024-05-30 12:00:00+00:00,2024-05-30 13:00:00+00:00,2024-05-30 17:00:00+00:00,36.735,36.931,-0.005307194497847334,-0.006839974689259787,0.0015327801914124528,7.710732744665526,4
LINK,short,2024-05-30 13:00:00+00:00,2024-05-30 14:00:00+00:00,2024-05-30 18:00:00+00:00,18.395,18.325,0.003819918144611245,0.0025084437481484034,0.0013114743964628417,6.536688716426203,4
DOT,short,2024-05-30 16:00:00+00:00,2024-05-30 17:00:00+00:00,2024-05-30 21:00:00+00:00,7.059,7.009,0.007133685261806244,0.005313090170751655,0.0018205950910545887,9.046674492363598,4
ETH,short,2024-05-30 16:00:00+00:00,2024-05-30 17:00:00+00:00,2024-05-30 21:00:00+00:00,3788.69,3738.69,0.013373668316977394,0.012352312660127929,0.0010213556568494653,5.041924062981029,4
SOL,short,2024-05-31 19:00:00+00:00,2024-05-31 20:00:00+00:00,2024-06-01 00:00:00+00:00,166.38,165.68,0.004225012071463086,0.0030204789343701854,0.0012045331370929002,6.000925858297193,4
AVAX,long,2024-06-02 06:00:00+00:00,2024-06-02 07:00:00+00:00,2024-06-02 11:00:00+00:00,36.102,35.531,-0.015816298266024043,-0.017332884366159096,0.0015165861001350533,7.710732744665526,4
AVAX,long,2024-06-02 18:00:00+00:00,2024-06-02 19:00:00+00:00,2024-06-02 23:00:00+00:00,35.114,35.013,-0.0028763456171327917,-0.004412871645442906,0.0015365260283101145,7.710732744665526,4
XRP,short,2024-06-02 20:00:00+00:00,2024-06-02 21:00:00+00:00,2024-06-03 01:00:00+00:00,0.5129,0.5143,-0.0027221466070386224,-0.0038669152065236023,0.0011447685994849799,5.742762706652812,4
XRP,short,2024-06-03 04:00:00+00:00,2024-06-03 05:00:00+00:00,2024-06-03 09:00:00+00:00,0.5172,0.5211,-0.007484168105929778,-0.008623470412682743,0.001139302306752965,5.742762706652812,4
AVAX,short,2024-06-03 19:00:00+00:00,2024-06-03 20:00:00+00:00,2024-06-04 00:00:00+00:00,35.818,35.031,0.022465815991550286,0.020890238747521384,0.0015755772440289029,7.710732744665526,4
DOT,long,2024-06-04 12:00:00+00:00,2024-06-04 13:00:00+00:00,2024-06-04 17:00:00+00:00,6.991,7.185,0.027749964239736746,0.02589210111083151,0.001857863128905235,9.046674492363598,4
DOT,long,2024-06-05 01:00:00+00:00,2024-06-05 02:00:00+00:00,2024-06-05 06:00:00+00:00,7.228,7.223,-0.0006917542888765782,-0.0024982033365211764,0.0018064490476445982,9.046674492363598,4
AVAX,short,2024-06-05 10:00:00+00:00,2024-06-05 11:00:00+00:00,2024-06-05 15:00:00+00:00,36.398,36.079,0.008841708473072973,0.007287125411383322,0.0015545830616896517,7.710732744665526,4
LINK,short,2024-06-05 13:00:00+00:00,2024-06-05 14:00:00+00:00,2024-06-05 18:00:00+00:00,17.722,17.869,-0.008226537579047455,-0.009522273477036491,0.0012957358979890365,6.536688716426203,4
DOT,short,2024-06-05 19:00:00+00:00,2024-06-05 20:00:00+00:00,2024-06-06 00:00:00+00:00,7.271,7.253,0.0024817316972287617,0.000669545940453764,0.0018121857567749977,9.046674492363598,4
SOL,long,2024-06-06 10:00:00+00:00,2024-06-06 11:00:00+00:00,2024-06-06 15:00:00+00:00,172.77,173.3,0.003067662209874422,0.0018645172738747107,0.0012031449359997115,6.000925858297193,4
BNB,long,2024-06-06 13:00:00+00:00,2024-06-06 14:00:00+00:00,2024-06-06 18:00:00+00:00,720.0,705.1,-0.02069444444444446,-0.021958092691835462,0.0012636482473910027,6.455921962584254,4
BNB,long,2024-06-06 23:00:00+00:00,2024-06-07 00:00:00+00:00,2024-06-07 04:00:00+00:00,710.9,704.1,-0.00956533971022644,-0.010843348412954978,0.0012780087027285392,6.455921962584254,4
ETH,short,2024-06-07 11:00:00+00:00,2024-06-07 12:00:00+00:00,2024-06-07 16:00:00+00:00,3835.63,3800.6,0.00921696574225117,0.008199799528863183,0.0010171662133879877,5.041924062981029,4
SOL,long,2024-06-07 17:00:00+00:00,2024-06-07 18:00:00+00:00,2024-06-07 22:00:00+00:00,165.52,162.54,-0.018003866602223417,-0.01918173696888026,0.0011778703666568413,6.000925858297193,4
LINK,long,2024-06-07 18:00:00+00:00,2024-06-07 19:00:00+00:00,2024-06-07 23:00:00+00:00,16.18,16.351,0.010568603213844119,0.00924831177010188,0.0013202914437422386,6.536688716426203,4
DOT,short,2024-06-07 19:00:00+00:00,2024-06-07 20:00:00+00:00,2024-06-08 00:00:00+00:00,6.588,6.657,-0.01036502929247407,-0.012153991965425992,0.0017889626729519215,9.046674492363598,4
ADA,long,2024-06-07 20:00:00+00:00,2024-06-07 21:00:00+00:00,2024-06-08 01:00:00+00:00,0.451,0.4448,-0.013747228381374765,-0.01571555372162614,0.0019683253402513756,9.988775255673833,4
BNB,long,2024-06-08 00:00:00+00:00,2024-06-08 01:00:00+00:00,2024-06-08 05:00:00+00:00,682.7,683.0,0.00043943166837556724,-0.000851486704625426,0.0012909183730009932,6.455921962584254,4
SOL,short,2024-06-08 10:00:00+00:00,2024-06-08 11:00:00+00:00,2024-06-08 15:00:00+00:00,162.08,161.14,0.005833436763063249,0.004626974376234605,0.001206462386828644,6.000925858297193,4
ADA,short,2024-06-08 16:00:00+00:00,2024-06-08 17:00:00+00:00,2024-06-08 21:00:00+00:00,0.4339,0.435,-0.0025287356321839205,-0.0045194504086863985,0.001990714776502478,9.988775255673833,4
XRP,short,2024-06-08 16:00:00+00:00,2024-06-08 17:00:00+00:00,2024-06-08 21:00:00+00:00,0.4923,0.4927,-0.0008118530545971891,-0.00195881446731605,0.001146961412718861,5.742762706652812,4
DOT,short,2024-06-08 20:00:00+00:00,2024-06-08 21:00:00+00:00,2024-06-09 01:00:00+00:00,6.383,6.395,-0.0018764659890538882,-0.0036807734339130427,0.0018043074448591545,9.046674492363598,4
ADA,short,2024-06-08 22:00:00+00:00,2024-06-08 23:00:00+00:00,2024-06-09 03:00:00+00:00,0.4354,0.4346,0.0018407731247125358,-0.0001586621492711826,0.0019994352739837185,9.988775255673833,4
AVAX,short,2024-06-09 05:00:00+00:00,2024-06-09 06:00:00+00:00,2024-06-09 10:00:00+00:00,32.377,32.525,-0.004550345887778473,-0.006084292351381859,0.0015339464636033862,7.710732744665526,4
DOT,long,2024-06-09 05:00:00+00:00,2024-06-09 06:00:00+00:00,2024-06-09 10:00:00+00:00,6.421,6.491,0.010901728702694236,0.00907432212127679,0.0018274065814174456,9.046674492363598,4
BNB,long,2024-06-09 08:00:00+00:00,2024-06-09 09:00:00+00:00,2024-06-09 13:00:00+00:00,682.5,684.3,0.0026373626373625836,0.0013436081611646333,0.0012937544761979503,6.455921962584254,4
XRP,short,2024-06-09 11:00:00+00:00,2024-06-09 12:00:00+00:00,2024-06-09 16:00:00+00:00,0.4943,0.4951,-0.0016158351848111208,-0.002761873711802476,0.0011460385269913553,5.742762706652812,4
BNB,long,2024-06-10 09:00:00+00:00,2024-06-10 10:00:00+00:00,2024-06-10 14:00:00+00:00,646.5,645.4,-0.001701469450889448,-0.002989625309237298,0.0012881558583478503,6.455921962584254,4
DOT,long,2024-06-10 19:00:00+00:00,2024-06-10 20:00:00+00:00,2024-06-11 00:00:00+00:00,6.513,6.507,-0.0009212344541685846,-0.002727268670626004,0.0018060342164574195,9.046674492363598,4
XRP,long,2024-06-10 20:00:00+00:00,2024-06-10 21:00:00+00:00,2024-06-11 01:00:00+00:00,0.4962,0.4953,-0.0018137847642079041,-0.002959596066196779,0.001145811301988875,5.742762706652812,4
ADA,long,2024-06-11 01:00:00+00:00,2024-06-11 02:00:00+00:00,2024-06-11 06:00:00+00:00,0.4339,0.433,-0.002074210647614705,-0.004065832547595849,0.001991621899981144,9.988775255673833,4
DOT,long,2024-06-11 01:00:00+00:00,2024-06-11 02:00:00+00:00,2024-06-11 06:00:00+00:00,6.4,6.442,0.006562500000000027,0.004742937440275652,0.0018195625597243748,9.046674492363598,4
SOL,long,2024-06-11 01:00:00+00:00,2024-06-11 02:00:00+00:00,2024-06-11 06:00:00+00:00,156.46,154.34,-0.01354978908347182,-0.014733001961918402,0.0011832128784465823,6.000925858297193,4
ETH,short,2024-06-11 06:00:00+00:00,2024-06-11 07:00:00+00:00,2024-06-11 11:00:00+00:00,3540.81,3529.86,0.0031021060325338023,0.002091102843458037,0.0010110031890757654,5.041924062981029,4
BNB,long,2024-06-11 07:00:00+00:00,2024-06-11 08:00:00+00:00,2024-06-11 12:00:00+00:00,613.0,605.7,-0.01190864600326258,-0.013183631017548603,0.001274985014286023,6.455921962584254,4
LINK,short,2024-06-11 10:00:00+00:00,2024-06-11 11:00:00+00:00,2024-06-11 15:00:00+00:00,15.443,15.317,0.008226153946595316,0.006908922874722112,0.0013172310718732039,6.536688716426203,4
DOT,long,2024-06-11 11:00:00+00:00,2024-06-11 12:00:00+00:00,2024-06-11 16:00:00+00:00,6.356,6.299,-0.008967904342353616,-0.010759392597423423,0.0017914882550698064,9.046674492363598,4
ADA,short,2024-06-11 13:00:00+00:00,2024-06-11 14:00:00+00:00,2024-06-11 18:00:00+00:00,0.4238,0.4189,0.011697302458820724,0.009678195902774744,0.0020191065560459798,9.988775255673833,4
AVAX,long,2024-06-11 21:00:00+00:00,2024-06-11 22:00:00+00:00,2024-06-12 02:00:00+00:00,31.523,31.112,-0.013038099165688544,-0.014558966354945024,0.0015208671892564807,7.710732744665526,4
XRP,long,2024-06-12 01:00:00+00:00,2024-06-12 02:00:00+00:00,2024-06-12 06:00:00+00:00,0.4779,0.4806,0.005649717514124353,0.004495338907626101,0.001154378606498252,5.742762706652812,4
ADA,long,2024-06-12 06:00:00+00:00,2024-06-12 07:00:00+00:00,2024-06-12 11:00:00+00:00,0.4244,0.427,0.006126295947219473,0.004118307791651787,0.002007988155567686,9.988775255673833,4
ADA,long,2024-06-12 15:00:00+00:00,2024-06-12 16:00:00+00:00,2024-06-12 20:00:00+00:00,0.4404,0.4331,-0.01657584014532254,-0.018538520251032642,0.0019626801057101018,9.988775255673833,4
DOT,short,2024-06-12 16:00:00+00:00,2024-06-12 17:00:00+00:00,2024-06-12 21:00:00+00:00,6.738,6.801,-0.009263343625937281,-0.011054297815552672,0.0017909541896153902,9.046674492363598,4
ADA,long,2024-06-12 22:00:00+00:00,2024-06-12 23:00:00+00:00,2024-06-13 03:00:00+00:00,0.4391,0.4317,-0.016852653154179054,-0.01881478080713528,0.001962127652956225,9.988775255673833,4
ADA,short,2024-06-13 08:00:00+00:00,2024-06-13 09:00:00+00:00,2024-06-13 13:00:00+00:00,0.4322,0.4289,0.007694101189088309,0.005682984068132502,0.0020111171209558076,9.988775255673833,4
ETH,long,2024-06-13 14:00:00+00:00,2024-06-13 15:00:00+00:00,2024-06-13 19:00:00+00:00,3506.81,3475.23,-0.00900533533325154,-0.010004135714897555,0.0009988003816460145,5.041924062981029,4
SOL,long,2024-06-13 16:00:00+00:00,2024-06-13 17:00:00+00:00,2024-06-13 21:00:00+00:00,147.64,147.23,-0.0027770251964237547,-0.003973159632214673,0.0011961344357909187,6.000925858297193,4
ADA,short,2024-06-13 20:00:00+00:00,2024-06-13 21:00:00+00:00,2024-06-14 01:00:00+00:00,0.4218,0.4209,0.002138275124732747,0.00013824610770241108,0.002000029017030336,9.988775255673833,4
DOT,long,2024-06-14 03:00:00+00:00,2024-06-14 04:00:00+00:00,2024-06-14 08:00:00+00:00,6.354,6.437,0.013062637708530112,0.011231324852915225,0.001831312855614886,9.046674492363598,4
XRP,short,2024-06-14 12:00:00+00:00,2024-06-14 13:00:00+00:00,2024-06-14 17:00:00+00:00,0.4784,0.4678,0.02265925609234709,0.021485352349910336,0.0011739037424367549,5.742762706652812,4
LINK,short,2024-06-14 16:00:00+00:00,2024-06-14 17:00:00+00:00,2024-06-14 21:00:00+00:00,14.832,14.485,0.0239558163617537,0.022618034741769488,0.001337781619984213,6.536688716426203,4
SOL,long,2024-06-14 16:00:00+00:00,2024-06-14 17:00:00+00:00,2024-06-14 21:00:00+00:00,141.66,141.7,0.0002823662289990203,-0.0009174378408948192,0.0011998040698938395,6.000925858297193,4
XRP,long,2024-06-14 19:00:00+00:00,2024-06-14 20:00:00+00:00,2024-06-15 00:00:00+00:00,0.469,0.4746,0.01194029850746281,0.010778698984978963,0.0011615995224838471,5.742762706652812,4
SOL,long,2024-06-15 04:00:00+00:00,2024-06-15 05:00:00+00:00,2024-06-15 09:00:00+00:00,144.71,143.93,-0.005390090525879354,-0.0065830906802683,0.0011930001543889457,6.000925858297193,4
DOT,long,2024-06-15 12:00:00+00:00,2024-06-15 13:00:00+00:00,2024-06-15 17:00:00+00:00,6.224,6.216,-0.0012853470437017567,-0.0030907230540014874,0.0018053760102997307,9.046674492363598,4
ADA,short,2024-06-15 14:00:00+00:00,2024-06-15 15:00:00+00:00,2024-06-15 19:00:00+00:00,0.4112,0.4119,-0.0016994416120417188,-0.0036918114616464326,0.0019923698496047137,9.988775255673833,4
AVAX,short,2024-06-15 14:00:00+00:00,2024-06-15 15:00:00+00:00,2024-06-15 19:00:00+00:00,30.239,30.095,0.004784847981392337,0.0032365163727809954,0.001548331608611342,7.710732744665526,4
AVAX,short,2024-06-16 00:00:00+00:00,2024-06-16 01:00:00+00:00,2024-06-16 05:00:00+00:00,30.001,29.972,0.0009675697317497178,-0.0005748796100415454,0.0015424493417912633,7.710732744665526,4
DOT,short,2024-06-16 01:00:00+00:00,2024-06-16 02:00:00+00:00,2024-06-16 06:00:00+00:00,6.216,6.223,-0.0011248593925758943,-0.0029305255163273314,0.001805666123751437,9.046674492363598,4
ADA,long,2024-06-16 02:00:00+00:00,2024-06-16 03:00:00+00:00,2024-06-16 07:00:00+00:00,0.4116,0.414,0.005830903790087438,0.003823505166822949,0.002007398623264489,9.988775255673833,4
XRP,long,2024-06-16 02:00:00+00:00,2024-06-16 03:00:00+00:00,2024-06-16 07:00:00+00:00,0.49,0.4891,-0.001836734693877573,-0.00298251965179519,0.0011457849579176171,5.742762706652812,4
ADA,short,2024-06-17 02:00:00+00:00,2024-06-17 03:00:00+00:00,2024-06-17 07:00:00+00:00,0.4138,0.409,0.011735941320293541,0.009716757650294339,0.0020191836699992027,9.988775255673833,4
XRP,short,2024-06-17 03:00:00+00:00,2024-06-17 04:00:00+00:00,2024-06-17 08:00:00+00:00,0.4892,0.4993,-0.020228319647506487,-0.02135299302766469,0.0011246733801582032,5.742762706652812,4
DOT,short,2024-06-17 08:00:00+00:00,2024-06-17 09:00:00+00:00,2024-06-17 13:00:00+00:00,6.216,6.193,0.0037138704989505555,0.0018994574054407298,0.0018144130935098257,9.046674492363598,4
ADA,short,2024-06-17 12:00:00+00:00,2024-06-17 13:00:00+00:00,2024-06-17 17:00:00+00:00,0.403,0.4044,-0.0034619188921858335,-0.005450771257437759,0.001988852365251925,9.988775255673833,4
ETH,short,2024-06-17 12:00:00+00:00,2024-06-17 13:00:00+00:00,2024-06-17 17:00:00+00:00,3523.12,3525.83,-0.0007686133477791124,-0.0017757153291771965,0.0010071019813980842,5.041924062981029,4
XRP,long,2024-06-17 12:00:00+00:00,2024-06-17 13:00:00+00:00,2024-06-17 17:00:00+00:00,0.5034,0.5114,0.015891934843067057,0.014725799263577422,0.0011661355794896355,5.742762706652812,4
AVAX,short,2024-06-18 07:00:00+00:00,2024-06-18 08:00:00+00:00,2024-06-18 12:00:00+00:00,26.626,26.003,0.02395877398761681,0.022380896157487173,0.001577877830129637,7.710732744665526,4
AVAX,long,2024-06-18 13:00:00+00:00,2024-06-18 14:00:00+00:00,2024-06-18 18:00:00+00:00,25.785,25.811,0.001008338181113011,-0.0005341739831609127,0.0015425121642739237,7.710732744665526,4
DOT,long,2024-06-18 14:00:00+00:00,2024-06-18 15:00:00+00:00,2024-06-18 19:00:00+00:00,5.782,5.622,-0.027672085783465916,-0.029429762498506706,0.0017576767150407901,9.046674492363598,4
LINK,long,2024-06-18 14:00:00+00:00,2024-06-18 15:00:00+00:00,2024-06-18 19:00:00+00:00,13.366,13.34,-0.0019452341762681291,-0.003249176494991013,0.0013039423187228838,6.536688716426203,4
XRP,short,2024-06-18 16:00:00+00:00,2024-06-18 17:00:00+00:00,2024-06-18 21:00:00+00:00,0.4813,0.4872,-0.012110016420361247,-0.013244008746672642,0.001133992326311395,5.742762706652812,4
SOL,long,2024-06-18 18:00:00+00:00,2024-06-18 19:00:00+00:00,2024-06-18 23:00:00+00:00,132.21,137.59,0.040692837153014194,0.03944456212220193,0.0012482750308122625,6.000925858297193,4
ADA,long,2024-06-19 01:00:00+00:00,2024-06-19 02:00:00+00:00,2024-06-19 06:00:00+00:00,0.3865,0.3955,0.023285899094437346,0.0212436644630416,0.002042234631395745,9.988775255673833,4
BNB,short,2024-06-19 02:00:00+00:00,2024-06-19 03:00:00+00:00,2024-06-19 07:00:00+00:00,595.8,605.3,-0.015694696844539946,-0.016964796523004977,0.001270099678465031,6.455921962584254,4
DOT,short,2024-06-19 03:00:00+00:00,2024-06-19 04:00:00+00:00,2024-06-19 08:00:00+00:00,5.857,5.962,-0.017611539751761107,-0.019387402911150375,0.0017758631593892682,9.046674492363598,4
DOT,long,2024-06-19 09:00:00+00:00,2024-06-19 10:00:00+00:00,2024-06-19 14:00:00+00:00,5.961,5.863,-0.01644019459822177,-0.01821817519769653,0.00177798059947476,9.046674492363598,4
DOT,short,2024-06-19 18:00:00+00:00,2024-06-19 19:00:00+00:00,2024-06-19 23:00:00+00:00,5.852,5.804,0.008270158511371584,0.006447509018156161,0.0018226494932154225,9.046674492363598,4
ADA,short,2024-06-19 21:00:00+00:00,2024-06-19 22:00:00+00:00,2024-06-20 02:00:00+00:00,0.3863,0.387,-0.0018087855297158617,-0.0038009371549362347,0.001992151625220373,9.988775255673833,4
LINK,long,2024-06-20 01:00:00+00:00,2024-06-20 02:00:00+00:00,2024-06-20 06:00:00+00:00,14.381,14.544,0.0113343995549684,0.010013107610761907,0.001321291944206493,6.536688716426203,4
SOL,long,2024-06-20 01:00:00+00:00,2024-06-20 02:00:00+00:00,2024-06-20 06:00:00+00:00,134.99,135.98,0.007333876583450527,0.006125614471000018,0.0012082621124505089,6.000925858297193,4
BNB,short,2024-06-20 03:00:00+00:00,2024-06-20 04:00:00+00:00,2024-06-20 08:00:00+00:00,598.1,605.2,-0.01173165895571715,-0.013006872345479148,0.0012752133897619977,6.455921962584254,4
ETH,short,2024-06-20 14:00:00+00:00,2024-06-20 15:00:00+00:00,2024-06-20 19:00:00+00:00,3521.76,3526.57,-0.0013639315255332685,-0.002370433499641389,0.0010065019741081205,5.041924062981029,4
SOL,short,2024-06-20 14:00:00+00:00,2024-06-20 15:00:00+00:00,2024-06-20 19:00:00+00:00,134.57,134.25,0.0023836126629421805,0.0011812882206931885,0.001202324442248992,6.000925858297193,4
XRP,short,2024-06-20 20:00:00+00:00,2024-06-20 21:00:00+00:00,2024-06-21 01:00:00+00:00,0.491,0.4875,0.007179487179487243,0.006023352560588391,0.001156134618898852,5.742762706652812,4
BNB,short,2024-06-21 03:00:00+00:00,2024-06-21 04:00:00+00:00,2024-06-21 08:00:00+00:00,586.3,583.4,0.004970860473088701,0.0036740949648041976,0.001296765508284503,6.455921962584254,4
LINK,short,2024-06-21 09:00:00+00:00,2024-06-21 10:00:00+00:00,2024-06-21 14:00:00+00:00,14.447,14.266,0.012687508762091682,0.011364449002713606,0.0013230597593780757,6.536688716426203,4
BNB,long,2024-06-21 12:00:00+00:00,2024-06-21 13:00:00+00:00,2024-06-21 17:00:00+00:00,584.5,583.1,-0.0023952095808382756,-0.0036824702706715895,0.0012872606898333139,6.455921962584254,4
DOT,long,2024-06-21 13:00:00+00:00,2024-06-21 14:00:00+00:00,2024-06-21 18:00:00+00:00,5.612,5.58,-0.005702066999287214,-0.007499458906992329,0.0017973919077051148,9.046674492363598,4
XRP,short,2024-06-21 15:00:00+00:00,2024-06-21 16:00:00+00:00,2024-06-21 20:00:00+00:00,0.4855,0.4859,-0.0008232146532208828,-0.0019701630240364087,0.001146948370815526,5.742762706652812,4
BNB,short,2024-06-21 18:00:00+00:00,2024-06-21 19:00:00+00:00,2024-06-21 23:00:00+00:00,586.0,586.3,-0.0005116834385126001,-0.0018013745388497648,0.0012896911003371647,6.455921962584254,4
DOT,long,2024-06-21 19:00:00+00:00,2024-06-21 20:00:00+00:00,2024-06-22 00:00:00+00:00,5.617,5.61,-0.0012462168417304298,-0.003051663587677833,0.0018054467459474033,9.046674492363598,4
ETH,long,2024-06-21 19:00:00+00:00,2024-06-21 20:00:00+00:00,2024-06-22 00:00:00+00:00,3535.28,3518.42,-0.004769070625240457,-0.00577214063916387,0.0010030700139234128,5.041924062981029,4
BNB,short,2024-06-22 00:00:00+00:00,2024-06-22 01:00:00+00:00,2024-06-22 05:00:00+00:00,582.3,585.2,-0.004955570745044602,-0.006239527669388734,0.0012839569243441318,6.455921962584254,4
ADA,short,2024-06-22 11:00:00+00:00,2024-06-22 12:00:00+00:00,2024-06-22 16:00:00+00:00,0.3772,0.3862,-0.023303987571206664,-0.02525323989911743,0.0019492523279107665,9.988775255673833,4
BNB,long,2024-06-22 11:00:00+00:00,2024-06-22 12:00:00+00:00,2024-06-22 16:00:00+00:00,587.4,586.8,-0.0010214504596527396,-0.0023104837814250656,0.001289033321772326,6.455921962584254,4
LINK,short,2024-06-22 21:00:00+00:00,2024-06-22 22:00:00+00:00,2024-06-23 02:00:00+00:00,13.533,13.617,-0.006168759638687016,-0.007467183990086501,0.0012984243513994853,6.536688716426203,4
BNB,short,2024-06-23 01:00:00+00:00,2024-06-23 02:00:00+00:00,2024-06-23 06:00:00+00:00,589.0,591.4,-0.004058167061210649,-0.005343281951611156,0.0012851148904005072,6.455921962584254,4
ETH,short,2024-06-23 02:00:00+00:00,2024-06-23 03:00:00+00:00,2024-06-23 07:00:00+00:00,3514.1,3507.17,0.001975952120940816,0.0009660839560956536,0.0010098681648451624,5.041924062981029,4
ADA,long,2024-06-23 05:00:00+00:00,2024-06-23 06:00:00+00:00,2024-06-23 10:00:00+00:00,0.3895,0.3925,0.007702182284980763,0.005691049036084639,0.002011133248896124,9.988775255673833,4
ADA,short,2024-06-23 17:00:00+00:00,2024-06-23 18:00:00+00:00,2024-06-23 22:00:00+00:00,0.3861,0.3837,0.006254886630179923,0.004246641838273835,0.0020082447919060886,9.988775255673833,4
SOL,short,2024-06-23 20:00:00+00:00,2024-06-23 21:00:00+00:00,2024-06-24 01:00:00+00:00,130.55,128.99,0.012093960772152856,0.01087998910350585,0.001213971668647007,6.000925858297193,4
BNB,long,2024-06-24 01:00:00+00:00,2024-06-24 02:00:00+00:00,2024-06-24 06:00:00+00:00,579.6,565.6,-0.024154589371980673,-0.02541377281668722,0.0012591834447065464,6.455921962584254,4
BNB,long,2024-06-24 07:00:00+00:00,2024-06-24 08:00:00+00:00,2024-06-24 12:00:00+00:00,570.9,569.8,-0.0019267822736031004,-0.003214647399245596,0.0012878651256424956,6.455921962584254,4
ADA,short,2024-06-24 08:00:00+00:00,2024-06-24 09:00:00+00:00,2024-06-24 13:00:00+00:00,0.3765,0.3744,0.005608974358974228,0.0036020186539307275,0.0020069557050435005,9.988775255673833,4
LINK,long,2024-06-24 08:00:00+00:00,2024-06-24 09:00:00+00:00,2024-06-24 13:00:00+00:00,13.128,13.389,0.01988117001828149,0.0185487118574732,0.001332458160808292,6.536688716426203,4
XRP,long,2024-06-24 11:00:00+00:00,2024-06-24 12:00:00+00:00,2024-06-24 16:00:00+00:00,0.4756,0.473,-0.005466778805719219,-0.00660839686020076,0.0011416180544815413,5.742762706652812,4
DOT,short,2024-06-24 14:00:00+00:00,2024-06-24 15:00:00+00:00,2024-06-24 19:00:00+00:00,5.667,5.69,-0.00404217926186301,-0.00584257174785352,0.0018003924859905096,9.046674492363598,4
XRP,long,2024-06-24 22:00:00+00:00,2024-06-24 23:00:00+00:00,2024-06-25 03:00:00+00:00,0.4722,0.4754,0.006776789495976265,0.005621117131063835,0.00115567236491243,5.742762706652812,4
BNB,long,2024-06-25 05:00:00+00:00,2024-06-25 06:00:00+00:00,2024-06-25 10:00:00+00:00,572.0,572.6,0.0010489510489510856,-0.000242753818206487,0.0012917048671575726,6.455921962584254,4
AVAX,long,2024-06-25 07:00:00+00:00,2024-06-25 08:00:00+00:00,2024-06-25 12:00:00+00:00,25.116,25.21,0.003742634177416937,0.0021959085768765707,0.0015467256005403662,7.710732744665526,4
ADA,long,2024-06-25 09:00:00+00:00,2024-06-25 10:00:00+00:00,2024-06-25 14:00:00+00:00,0.391,0.3911,0.0002557544757033625,-0.0017405174790366962,0.0019962719547400587,9.988775255673833,4
BNB,short,2024-06-25 11:00:00+00:00,2024-06-25 12:00:00+00:00,2024-06-25 16:00:00+00:00,571.9,577.4,-0.00952545895393142,-0.010803519116847848,0.0012780601629164279,6.455921962584254,4
LINK,long,2024-06-25 13:00:00+00:00,2024-06-25 14:00:00+00:00,2024-06-25 18:00:00+00:00,13.871,14.043,0.012399971162857737,0.011077287066676211,0.0013226840961815256,6.536688716426203,4
AVAX,short,2024-06-25 14:00:00+00:00,2024-06-25 15:00:00+00:00,2024-06-25 19:00:00+00:00,25.556,25.582,-0.0010163396137908842,-0.0025557318338962354,0.0015393922201053512,7.710732744665526,4
ETH,short,2024-06-25 14:00:00+00:00,2024-06-25 15:00:00+00:00,2024-06-25 19:00:00+00:00,3402.75,3417.21,-0.0042315222067125235,-0.005235134003134578,0.0010036117964220548,5.041924062981029,4
ADA,short,2024-06-25 15:00:00+00:00,2024-06-25 16:00:00+00:00,2024-06-25 20:00:00+00:00,0.3947,0.3948,-0.0002532928064842288,-0.0022485488242415252,0.0019952560177572964,9.988775255673833,4
XRP,long,2024-06-25 19:00:00+00:00,2024-06-25 20:00:00+00:00,2024-06-26 00:00:00+00:00,0.4777,0.4757,-0.004186728072011703,-0.005329815488196887,0.0011430874161851845,5.742762706652812,4
ETH,short,2024-06-26 01:00:00+00:00,2024-06-26 02:00:00+00:00,2024-06-26 06:00:00+00:00,3415.55,3388.38,0.008018581150874393,0.007002622761332233,0.0010159583895421598,5.041924062981029,4
BNB,short,2024-06-26 11:00:00+00:00,2024-06-26 12:00:00+00:00,2024-06-26 16:00:00+00:00,573.5,572.4,0.0019217330538086053,0.0006289019912111282,0.001292831062597477,6.455921962584254,4
ADA,long,2024-06-26 12:00:00+00:00,2024-06-26 13:00:00+00:00,2024-06-26 17:00:00+00:00,0.3904,0.3873,-0.007940573770491954,-0.009920487808632528,0.0019799140381405733,9.988775255673833,4
LINK,long,2024-06-26 22:00:00+00:00,2024-06-26 23:00:00+00:00,2024-06-27 03:00:00+00:00,13.995,13.822,-0.012361557699178238,-0.013651891260634375,0.0012903335614561362,6.536688716426203,4
ADA,short,2024-06-27 10:00:00+00:00,2024-06-27 11:00:00+00:00,2024-06-27 15:00:00+00:00,0.3795,0.3873,-0.020139426800929394,-0.022094994837484228,0.0019555680365548334,9.988775255673833,4
LINK,short,2024-06-27 10:00:00+00:00,2024-06-27 11:00:00+00:00,2024-06-27 15:00:00+00:00,13.799,14.162,-0.025631972885185816,-0.02690496886503746,0.0012729959798516433,6.536688716426203,4
BNB,short,2024-06-27 14:00:00+00:00,2024-06-27 15:00:00+00:00,2024-06-27 19:00:00+00:00,579.3,581.5,-0.003783319002579666,-0.005068788543544311,0.0012854695409646455,6.455921962584254,4
ETH,short,2024-06-27 14:00:00+00:00,2024-06-27 15:00:00+00:00,2024-06-27 19:00:00+00:00,3448.52,3454.9,-0.0018466525803930711,-0.002852668031222083,0.001006015450829012,5.041924062981029,4
XRP,short,2024-06-27 15:00:00+00:00,2024-06-27 16:00:00+00:00,2024-06-27 20:00:00+00:00,0.4723,0.4737,-0.0029554570403208524,-0.004099957824315159,0.0011445007839943067,5.742762706652812,4
XRP,short,2024-06-28 13:00:00+00:00,2024-06-28 14:00:00+00:00,2024-06-28 18:00:00+00:00,0.4788,0.471,0.016560509554140124,0.015393606522196901,0.0011669030319432228,5.742762706652812,4
ADA,long,2024-06-28 14:00:00+00:00,2024-06-28 15:00:00+00:00,2024-06-28 19:00:00+00:00,0.3942,0.393,-0.0030441400304414,-0.005033826182673562,0.001989686152232162,9.988775255673833,4
ETH,short,2024-06-28 14:00:00+00:00,2024-06-28 15:00:00+00:00,2024-06-28 19:00:00+00:00,3413.82,3385.39,0.008397850764609194,0.007381510118079637,0.0010163406465295566,5.041924062981029,4
SOL,short,2024-06-28 18:00:00+00:00,2024-06-28 19:00:00+00:00,2024-06-28 23:00:00+00:00,141.77,140.05,0.012281328097108135,0.011067131687841236,0.0012141964092668989,6.000925858297193,4
AVAX,short,2024-06-28 19:00:00+00:00,2024-06-28 20:00:00+00:00,2024-06-29 00:00:00+00:00,28.117,27.96,0.005615164520743843,0.004065553428922231,0.0015496110918216122,7.710732744665526,4
LINK,short,2024-06-29 07:00:00+00:00,2024-06-29 08:00:00+00:00,2024-06-29 12:00:00+00:00,13.963,13.86,0.0074314574314573445,0.00611526461765588,0.0013161928138014645,6.536688716426203,4
XRP,short,2024-06-29 07:00:00+00:00,2024-06-29 08:00:00+00:00,2024-06-29 12:00:00+00:00,0.4759,0.4765,-0.0012591815320042166,-0.0024056294593459704,0.0011464479273417538,5.742762706652812,4
BNB,short,2024-06-30 02:00:00+00:00,2024-06-30 03:00:00+00:00,2024-06-30 07:00:00+00:00,569.4,573.9,-0.007841087297438598,-0.009121320891598672,0.001280233594160074,6.455921962584254,4
AVAX,long,2024-06-30 06:00:00+00:00,2024-06-30 07:00:00+00:00,2024-06-30 11:00:00+00:00,28.179,28.329,0.005323112956457043,0.0037739519039339253,0.001549161052523118,7.710732744665526,4
LINK,long,2024-06-30 07:00:00+00:00,2024-06-30 08:00:00+00:00,2024-06-30 12:00:00+00:00,13.68,13.548,-0.009649122807017574,-0.010943000120543944,0.0012938773135263704,6.536688716426203,4
XRP,long,2024-06-30 07:00:00+00:00,2024-06-30 08:00:00+00:00,2024-06-30 12:00:00+00:00,0.4747,0.4724,-0.004845165367600601,-0.005987496968003714,0.0011423316004031125,5.742762706652812,4
ADA,short,2024-06-30 11:00:00+00:00,2024-06-30 12:00:00+00:00,2024-06-30 16:00:00+00:00,0.3853,0.3867,-0.003620377553659182,-0.0056089136732105915,0.0019885361195514095,9.988775255673833,4
BNB,short,2024-06-30 12:00:00+00:00,2024-06-30 13:00:00+00:00,2024-06-30 17:00:00+00:00,575.0,577.1,-0.0036388840755502416,-0.004924539988318322,0.00128565591276808,6.455921962584254,4
BNB,short,2024-06-30 18:00:00+00:00,2024-06-30 19:00:00+00:00,2024-06-30 23:00:00+00:00,579.5,584.4,-0.008384668035592013,-0.009664200219612118,0.0012795321840201046,6.455921962584254,4
DOT,short,2024-06-30 18:00:00+00:00,2024-06-30 19:00:00+00:00,2024-06-30 23:00:00+00:00,6.202,6.228,-0.004174694926139977,-0.00597484786362612,0.0018001529374861436,9.046674492363598,4
ADA,long,2024-06-30 19:00:00+00:00,2024-06-30 20:00:00+00:00,2024-07-01 00:00:00+00:00,0.3866,0.3924,0.015002586652871353,0.0129768835377857,0.002025703115085653,9.988775255673833,4
XRP,short,2024-07-01 01:00:00+00:00,2024-07-01 02:00:00+00:00,2024-07-01 06:00:00+00:00,0.4794,0.4784,0.002090301003344397,0.0009400082273298693,0.0011502927760145276,5.742762706652812,4
DOT,short,2024-07-01 19:00:00+00:00,2024-07-01 20:00:00+00:00,2024-07-02 00:00:00+00:00,6.38,6.331,0.007739693571315653,0.005918002999323768,0.0018216905719918852,9.046674492363598,4
LINK,short,2024-07-01 22:00:00+00:00,2024-07-01 23:00:00+00:00,2024-07-02 03:00:00+00:00,14.392,14.36,0.0022284122562674646,0.0009190171363624433,0.0013093951199050213,6.536688716426203,4
BNB,short,2024-07-02 07:00:00+00:00,2024-07-02 08:00:00+00:00,2024-07-02 12:00:00+00:00,578.4,579.6,-0.0020703933747412417,-0.003358073191605415,0.0012876798168641734,6.455921962584254,4
XRP,long,2024-07-02 21:00:00+00:00,2024-07-02 22:00:00+00:00,2024-07-03 02:00:00+00:00,0.4846,0.4834,-0.0024762690879075455,-0.0036213199285577424,0.001145050840650197,5.742762706652812,4
AVAX,long,2024-07-03 12:00:00+00:00,2024-07-03 13:00:00+00:00,2024-07-03 17:00:00+00:00,26.941,26.973,0.0011877807059872403,-0.00035500797174503607,0.0015427886777322763,7.710732744665526,4
ETH,long,2024-07-03 12:00:00+00:00,2024-07-03 13:00:00+00:00,2024-07-03 17:00:00+00:00,3290.4,3315.75,0.007704230488694286,0.006688588925844119,0.001015641562850167,5.041924062981029,4
LINK,long,2024-07-03 12:00:00+00:00,2024-07-03 13:00:00+00:00,2024-07-03 17:00:00+00:00,14.149,14.394,0.017315711357693164,0.015986604926899073,0.0013291064307940914,6.536688716426203,4
SOL,long,2024-07-03 12:00:00+00:00,2024-07-03 13:00:00+00:00,2024-07-03 17:00:00+00:00,141.54,142.56,0.0072064434082239615,0.005998334147455653,0.0012081092607683086,6.000925858297193,4
XRP,short,2024-07-03 20:00:00+00:00,2024-07-03 21:00:00+00:00,2024-07-04 01:00:00+00:00,0.4626,0.4682,-0.011960700555318282,-0.013094864280315588,0.0011341637249973058,5.742762706652812,4
BNB,long,2024-07-04 01:00:00+00:00,2024-07-04 02:00:00+00:00,2024-07-04 06:00:00+00:00,537.1,539.2,0.003909886427108544,0.0026144899481184147,0.0012953964789901296,6.455921962584254,4
AVAX,short,2024-07-04 05:00:00+00:00,2024-07-04 06:00:00+00:00,2024-07-04 10:00:00+00:00,26.002,25.921,0.0031248794413796244,0.0015791057751624038,0.0015457736662172206,7.710732744665526,4
LINK,long,2024-07-04 06:00:00+00:00,2024-07-04 07:00:00+00:00,2024-07-04 11:00:00+00:00,13.281,13.184,-0.007303666892553351,-0.008600608506084462,0.0012969416135311107,6.536688716426203,4
ADA,short,2024-07-04 12:00:00+00:00,2024-07-04 13:00:00+00:00,2024-07-04 17:00:00+00:00,0.381,0.382,-0.002617801047120394,-0.004608338070294038,0.001990537023173644,9.988775255673833,4
BNB,short,2024-07-04 12:00:00+00:00,2024-07-04 13:00:00+00:00,2024-07-04 17:00:00+00:00,517.5,523.2,-0.010894495412844152,-0.012170789037715068,0.0012762936248709167,6.455921962584254,4
BNB,long,2024-07-04 18:00:00+00:00,2024-07-04 19:00:00+00:00,2024-07-04 23:00:00+00:00,523.9,524.4,0.0009543806069860494,-0.00033720223107391867,0.001291582838059968,6.455921962584254,4
XRP,long,2024-07-04 20:00:00+00:00,2024-07-04 21:00:00+00:00,2024-07-05 01:00:00+00:00,0.4444,0.4287,-0.0353285328532853,-0.036435872799371216,0.0011073399460859168,5.742762706652812,4
SOL,short,2024-07-05 00:00:00+00:00,2024-07-05 01:00:00+00:00,2024-07-05 05:00:00+00:00,128.55,125.52,0.024139579349904627,0.02291115937877608,0.001228419971128547,6.000925858297193,4
ADA,long,2024-07-05 01:00:00+00:00,2024-07-05 02:00:00+00:00,2024-07-05 06:00:00+00:00,0.3483,0.3345,-0.03962101636520232,-0.04153770379476551,0.0019166874295631908,9.988775255673833,4
BNB,long,2024-07-05 01:00:00+00:00,2024-07-05 02:00:00+00:00,2024-07-05 06:00:00+00:00,508.0,478.3,-0.05846456692913382,-0.059679478447920764,0.001214911518786943,6.455921962584254,4
LINK,short,2024-07-05 01:00:00+00:00,2024-07-05 02:00:00+00:00,2024-07-05 06:00:00+00:00,12.256,11.622,0.05455171226983313,0.05317395760947119,0.0013777546603619406,6.536688716426203,4
AVAX,long,2024-07-05 02:00:00+00:00,2024-07-05 03:00:00+00:00,2024-07-05 07:00:00+00:00,22.279,22.985,0.03168903451680949,0.030099244677114667,0.0015897898396948218,7.710732744665526,4
DOT,long,2024-07-05 02:00:00+00:00,2024-07-05 03:00:00+00:00,2024-07-05 07:00:00+00:00,5.03,5.26,0.045725646123260244,0.04383528836263517,0.001890357760625072,9.046674492363598,4
XRP,long,2024-07-05 02:00:00+00:00,2024-07-05 03:00:00+00:00,2024-07-05 07:00:00+00:00,0.3978,0.3991,0.0032679738562091387,0.002116329237377812,0.0011516446188313267,5.742762706652812,4
LINK,short,2024-07-05 08:00:00+00:00,2024-07-05 09:00:00+00:00,2024-07-05 13:00:00+00:00,11.178,11.832,-0.0552738336713996,-0.056508103042243074,0.001234269370843477,6.536688716426203,4
XRP,long,2024-07-05 09:00:00+00:00,2024-07-05 10:00:00+00:00,2024-07-05 14:00:00+00:00,0.4063,0.4201,0.033965050455328605,0.032778168866913315,0.0011868815884152895,5.742762706652812,4
AVAX,short,2024-07-05 15:00:00+00:00,2024-07-05 16:00:00+00:00,2024-07-05 20:00:00+00:00,24.99,25.03,-0.0015980823012385903,-0.0031365780800879373,0.001538495778849347,7.710732744665526,4
ETH,long,2024-07-05 21:00:00+00:00,2024-07-05 22:00:00+00:00,2024-07-06 02:00:00+00:00,2978.01,2962.7,-0.005141016987854408,-0.006143712125724399,0.001002695137869991,5.041924062981029,4
BNB,short,2024-07-05 23:00:00+00:00,2024-07-06 00:00:00+00:00,2024-07-06 04:00:00+00:00,497.7,503.3,-0.011126564673157202,-0.012402558847144585,0.0012759941739873826,6.455921962584254,4
XRP,short,2024-07-06 08:00:00+00:00,2024-07-06 09:00:00+00:00,2024-07-06 13:00:00+00:00,0.4319,0.435,-0.00712643678160918,-0.008266149725764449,0.001139712944155269,5.742762706652812,4
ETH,long,2024-07-06 09:00:00+00:00,2024-07-06 10:00:00+00:00,2024-07-06 14:00:00+00:00,3004.48,3007.81,0.001108344871658229,9.935114790016186e-05,0.001008993723758067,5.041924062981029,4
ADA,long,2024-07-06 11:00:00+00:00,2024-07-06 12:00:00+00:00,2024-07-06 16:00:00+00:00,0.3577,0.3598,0.005870841487279899,0.003863363157895705,0.0020074783293841936,9.988775255673833,4
AVAX,short,2024-07-06 13:00:00+00:00,2024-07-06 14:00:00+00:00,2024-07-06 18:00:00+00:00,25.931,26.905,-0.036201449544694286,-0.03768662297560521,0.0014851734309109244,7.710732744665526,4
SOL,short,2024-07-06 15:00:00+00:00,2024-07-06 16:00:00+00:00,2024-07-06 20:00:00+00:00,141.9,142.81,-0.006372102793921974,-0.007563925058591381,0.0011918222646694066,6.000925858297193,4
ADA,long,2024-07-06 18:00:00+00:00,2024-07-06 19:00:00+00:00,2024-07-06 23:00:00+00:00,0.3718,0.3723,0.0013448090371166455,-0.0006536364108206127,0.001998445447937258,9.988775255673833,4
XRP,long,2024-07-07 00:00:00+00:00,2024-07-07 01:00:00+00:00,2024-07-07 05:00:00+00:00,0.4451,0.4401,-0.011233430689732704,-0.012368429242960333,0.0011349985532276285,5.742762706652812,4
LINK,long,2024-07-07 09:00:00+00:00,2024-07-07 10:00:00+00:00,2024-07-07 14:00:00+00:00,12.875,12.588,-0.022291262135922363,-0.023568622700033237,0.0012773605641108743,6.536688716426203,4
BNB,short,2024-07-07 11:00:00+00:00,2024-07-07 12:00:00+00:00,2024-07-07 16:00:00+00:00,508.8,498.2,0.021276595744680993,0.01995879010884738,0.0013178056358336132,6.455921962584254,4
ADA,long,2024-07-07 12:00:00+00:00,2024-07-07 13:00:00+00:00,2024-07-07 17:00:00+00:00,0.3649,0.3595,-0.014798574952041732,-0.01676480205525288,0.001966227103211149,9.988775255673833,4
BNB,short,2024-07-07 22:00:00+00:00,2024-07-07 23:00:00+00:00,2024-07-08 03:00:00+00:00,492.9,486.0,0.014197530864197505,0.012888859709301537,0.0013086711548959684,6.455921962584254,4
DOT,short,2024-07-08 00:00:00+00:00,2024-07-08 01:00:00+00:00,2024-07-08 05:00:00+00:00,5.785,6.011,-0.037597737481284255,-0.039337471600400575,0.0017397341191163207,9.046674492363598,4
SOL,short,2024-07-08 01:00:00+00:00,2024-07-08 02:00:00+00:00,2024-07-08 06:00:00+00:00,129.72,132.78,-0.023045639403524665,-0.02421746233824562,0.0011718229347209563,6.000925858297193,4
BNB,long,2024-07-08 05:00:00+00:00,2024-07-08 06:00:00+00:00,2024-07-08 10:00:00+00:00,499.8,513.6,0.027611044417767072,0.026285065117525486,0.0013259793002415865,6.455921962584254,4
SOL,short,2024-07-08 07:00:00+00:00,2024-07-08 08:00:00+00:00,2024-07-08 12:00:00+00:00,132.6,140.62,-0.05703313895605189,-0.05816419506165993,0.0011310561056080415,6.000925858297193,4
DOT,short,2024-07-08 10:00:00+00:00,2024-07-08 11:00:00+00:00,2024-07-08 15:00:00+00:00,6.122,6.023,0.016436991532458922,0.014599578859017193,0.0018374126734417295,9.046674492363598,4
ADA,short,2024-07-08 13:00:00+00:00,2024-07-08 14:00:00+00:00,2024-07-08 18:00:00+00:00,0.3763,0.3645,0.032373113854595514,0.030312743309568457,0.002060370545027057,9.988775255673833,4
BNB,short,2024-07-08 15:00:00+00:00,2024-07-08 16:00:00+00:00,2024-07-08 20:00:00+00:00,501.2,507.5,-0.012413793103448256,-0.013688126300490655,0.0012743331970423988,6.455921962584254,4
LINK,long,2024-07-08 18:00:00+00:00,2024-07-08 19:00:00+00:00,2024-07-08 23:00:00+00:00,12.933,13.111,0.013763241320652764,0.012438776134183094,0.00132446518646967,6.536688716426203,4
BNB,short,2024-07-08 21:00:00+00:00,2024-07-08 22:00:00+00:00,2024-07-09 02:00:00+00:00,510.3,508.4,0.0037372147915029075,0.0024420411195911207,0.0012951736719117868,6.455921962584254,4
LINK,long,2024-07-09 00:00:00+00:00,2024-07-09 01:00:00+00:00,2024-07-09 05:00:00+00:00,13.108,13.026,-0.006255721696673877,-0.00755403243355901,0.0012983107368851332,6.536688716426203,4
DOT,long,2024-07-09 05:00:00+00:00,2024-07-09 06:00:00+00:00,2024-07-09 10:00:00+00:00,6.035,6.116,0.013421706710853298,0.01158974476637109,0.0018319619444822077,9.046674492363598,4
BNB,short,2024-07-09 06:00:00+00:00,2024-07-09 07:00:00+00:00,2024-07-09 11:00:00+00:00,515.2,515.3,-0.00019406171162417163,-0.00148416265558593,0.0012901009439617583,6.455921962584254,4
ETH,short,2024-07-09 12:00:00+00:00,2024-07-09 13:00:00+00:00,2024-07-09 17:00:00+00:00,3071.24,3076.1,-0.0015799226293033986,-0.002586206911021627,0.0010062842817182283,5.041924062981029,4
BNB,long,2024-07-09 14:00:00+00:00,2024-07-09 15:00:00+00:00,2024-07-09 19:00:00+00:00,513.9,518.6,0.009145748200038994,0.00784359561973269,0.0013021525803063039,6.455921962584254,4
XRP,short,2024-07-09 14:00:00+00:00,2024-07-09 15:00:00+00:00,2024-07-09 19:00:00+00:00,0.4308,0.4349,-0.009427454587261463,-0.010564526208417524,0.0011370716211560605,5.742762706652812,4
BNB,long,2024-07-10 00:00:00+00:00,2024-07-10 01:00:00+00:00,2024-07-10 05:00:00+00:00,512.4,524.2,0.023028883684621526,0.02170881698167615,0.0013200667029453772,6.455921962584254,4
XRP,long,2024-07-10 01:00:00+00:00,2024-07-10 02:00:00+00:00,2024-07-10 06:00:00+00:00,0.4337,0.4383,0.010606409960802532,0.009446341600088948,0.0011600683607135842,5.742762706652812,4
LINK,long,2024-07-10 06:00:00+00:00,2024-07-10 07:00:00+00:00,2024-07-10 11:00:00+00:00,13.119,12.953,-0.012653403460629598,-0.013943355730345108,0.0012899522697155108,6.536688716426203,4
SOL,short,2024-07-10 09:00:00+00:00,2024-07-10 10:00:00+00:00,2024-07-10 14:00:00+00:00,143.09,141.8,0.009097320169252354,0.007886942867268765,0.0012103773019835895,6.000925858297193,4
XRP,long,2024-07-10 10:00:00+00:00,2024-07-10 11:00:00+00:00,2024-07-10 15:00:00+00:00,0.4419,0.4328,-0.020592894319981903,-0.021717149207304054,0.0011242548873221514,5.742762706652812,4
XRP,short,2024-07-10 16:00:00+00:00,2024-07-10 17:00:00+00:00,2024-07-10 21:00:00+00:00,0.4327,0.4378,-0.011649154865235434,-0.012783676211453376,0.0011345213462179427,5.742762706652812,4
AVAX,short,2024-07-11 01:00:00+00:00,2024-07-11 02:00:00+00:00,2024-07-11 06:00:00+00:00,25.834,25.727,0.004159054689625741,0.002611687402417129,0.001547367287208612,7.710732744665526,4
ADA,short,2024-07-11 14:00:00+00:00,2024-07-11 15:00:00+00:00,2024-07-11 19:00:00+00:00,0.4016,0.3999,0.004251062765691538,0.002246817128366718,0.0020042456373248196,9.988775255673833,4
AVAX,long,2024-07-11 19:00:00+00:00,2024-07-11 20:00:00+00:00,2024-07-12 00:00:00+00:00,25.267,25.196,-0.0028099893141250165,-0.0043466175947349805,0.001536628280609964,7.710732744665526,4
XRP,long,2024-07-11 22:00:00+00:00,2024-07-11 23:00:00+00:00,2024-07-12 03:00:00+00:00,0.4476,0.4517,0.009159964253798059,0.008001556258468767,0.0011584079953292914,5.742762706652812,4
XRP,short,2024-07-12 13:00:00+00:00,2024-07-12 14:00:00+00:00,2024-07-12 18:00:00+00:00,0.4658,0.4667,-0.001928433683308306,-0.0030741133805674004,0.0011456796972590944,5.742762706652812,4
LINK,long,2024-07-12 21:00:00+00:00,2024-07-12 22:00:00+00:00,2024-07-13 02:00:00+00:00,12.675,12.786,0.00875739644970408,0.007439471318140933,0.0013179251315631468,6.536688716426203,4
XRP,long,2024-07-13 12:00:00+00:00,2024-07-13 13:00:00+00:00,2024-07-13 17:00:00+00:00,0.5124,0.5327,0.03961748633879769,0.03842411635691434,0.001193369981883352,5.742762706652812,4
ADA,short,2024-07-13 22:00:00+00:00,2024-07-13 23:00:00+00:00,2024-07-14 03:00:00+00:00,0.438,0.429,0.020979020979021046,0.018941390326222107,0.0020376306527989385,9.988775255673833,4
AVAX,short,2024-07-14 04:00:00+00:00,2024-07-14 05:00:00+00:00,2024-07-14 09:00:00+00:00,25.994,26.122,-0.004900084220197498,-0.0064334917515948,0.0015334075313973017,7.710732744665526,4
SOL,short,2024-07-15 01:00:00+00:00,2024-07-15 02:00:00+00:00,2024-07-15 06:00:00+00:00,150.88,151.92,-0.006845708267509187,-0.008036962458808583,0.0011912541912993957,6.000925858297193,4
SOL,long,2024-07-15 13:00:00+00:00,2024-07-15 14:00:00+00:00,2024-07-15 18:00:00+00:00,153.2,154.17,0.0063315926892950625,0.005124532781678015,0.0012070599076170474,6.000925858297193,4
ETH,long,2024-07-16 02:00:00+00:00,2024-07-16 03:00:00+00:00,2024-07-16 07:00:00+00:00,3465.71,3399.42,-0.019127393809637794,-0.020115992404907135,0.000988598595269341,5.041924062981029,4
SOL,long,2024-07-16 02:00:00+00:00,2024-07-16 03:00:00+00:00,2024-07-16 07:00:00+00:00,156.56,154.1,-0.015712825753704696,-0.016893444144546743,0.0011806183908420476,6.000925858297193,4
ADA,short,2024-07-16 05:00:00+00:00,2024-07-16 06:00:00+00:00,2024-07-16 10:00:00+00:00,0.4378,0.431,0.01577726218097464,0.013750012998271943,0.002027249182702695,9.988775255673833,4
LINK,short,2024-07-16 07:00:00+00:00,2024-07-16 08:00:00+00:00,2024-07-16 12:00:00+00:00,13.955,14.085,-0.009229676961306388,-0.01052410227400824,0.0012944253127018523,6.536688716426203,4
XRP,short,2024-07-17 04:00:00+00:00,2024-07-17 05:00:00+00:00,2024-07-17 09:00:00+00:00,0.608,0.6141,-0.009933235629376314,-0.011069726667845892,0.001136491038469578,5.742762706652812,4
LINK,short,2024-07-17 05:00:00+00:00,2024-07-17 06:00:00+00:00,2024-07-17 10:00:00+00:00,14.3,14.424,-0.008596783139212305,-0.009892035317399017,0.0012952521781867121,6.536688716426203,4
XRP,short,2024-07-18 00:00:00+00:00,2024-07-18 01:00:00+00:00,2024-07-18 05:00:00+00:00,0.6278,0.6097,0.029686731179268566,0.028504760645028604,0.0011819705342399622,5.742762706652812,4
BNB,long,2024-07-19 06:00:00+00:00,2024-07-19 07:00:00+00:00,2024-07-19 11:00:00+00:00,573.2,570.1,-0.005408234473133322,-0.006691607302223956,0.0012833728290906343,6.455921962584254,4
AVAX,long,2024-07-19 11:00:00+00:00,2024-07-19 12:00:00+00:00,2024-07-19 16:00:00+00:00,26.855,27.629,0.02882144851982882,0.027236077510740753,0.0015853710090880657,7.710732744665526,4
DOT,short,2024-07-19 13:00:00+00:00,2024-07-19 14:00:00+00:00,2024-07-19 18:00:00+00:00,6.199,6.286,-0.013840279987273219,-0.015622960451172285,0.0017826804638990668,9.046674492363598,4
LINK,long,2024-07-19 13:00:00+00:00,2024-07-19 14:00:00+00:00,2024-07-19 18:00:00+00:00,13.659,14.066,0.029797203309173348,0.028451790012149702,0.0013454132970236454,6.536688716426203,4
ETH,long,2024-07-19 19:00:00+00:00,2024-07-19 20:00:00+00:00,2024-07-20 00:00:00+00:00,3523.23,3504.39,-0.005347365911393842,-0.006349853075002243,0.001002487163608401,5.041924062981029,4
LINK,short,2024-07-20 05:00:00+00:00,2024-07-20 06:00:00+00:00,2024-07-20 10:00:00+00:00,14.128,14.019,0.00777516227976327,0.006458520421167568,0.0013166418585957018,6.536688716426203,4
AVAX,long,2024-07-20 17:00:00+00:00,2024-07-20 18:00:00+00:00,2024-07-20 22:00:00+00:00,28.778,28.837,0.002050177218708704,0.0005060596238630755,0.0015441175948456287,7.710732744665526,4
ETH,short,2024-07-22 15:00:00+00:00,2024-07-22 16:00:00+00:00,2024-07-22 20:00:00+00:00,3456.92,3498.99,-0.012023469629807382,-0.013019228104372726,0.0009957584745653447,5.041924062981029,4
AVAX,long,2024-07-23 04:00:00+00:00,2024-07-23 05:00:00+00:00,2024-07-23 09:00:00+00:00,31.452,30.705,-0.02375047691720733,-0.02525483677844287,0.001504359861235538,7.710732744665526,4
BNB,long,2024-07-23 04:00:00+00:00,2024-07-23 05:00:00+00:00,2024-07-23 09:00:00+00:00,583.4,585.8,0.00411381556393553,0.002818155944708023,0.0012956596192275072,6.455921962584254,4
ETH,long,2024-07-23 12:00:00+00:00,2024-07-23 13:00:00+00:00,2024-07-23 17:00:00+00:00,3506.12,3403.63,-0.02923174335162515,-0.030210158008939225,0.000978414657314075,5.041924062981029,4
AVAX,long,2024-07-23 19:00:00+00:00,2024-07-23 20:00:00+00:00,2024-07-24 00:00:00+00:00,29.888,29.806,-0.0027435760171306,-0.004280306637865605,0.001536730620735005,7.710732744665526,4
ETH,long,2024-07-23 19:00:00+00:00,2024-07-23 20:00:00+00:00,2024-07-24 00:00:00+00:00,3457.4,3482.61,0.007291606409440599,0.0062763807207646405,0.001015225688675958,5.041924062981029,4
LINK,long,2024-07-23 21:00:00+00:00,2024-07-23 22:00:00+00:00,2024-07-24 02:00:00+00:00,13.861,13.824,-0.0026693600750307134,-0.003972356335044336,0.0013029962600136225,6.536688716426203,4
AVAX,long,2024-07-24 01:00:00+00:00,2024-07-24 02:00:00+00:00,2024-07-24 06:00:00+00:00,28.808,28.622,-0.006456539850041687,-0.007987548948128476,0.0015310090980867885,7.710732744665526,4
XRP,long,2024-07-24 10:00:00+00:00,2024-07-24 11:00:00+00:00,2024-07-24 15:00:00+00:00,0.6263,0.6288,0.003991697269679184,0.002839221893566446,0.0011524753761127382,5.742762706652812,4
LINK,short,2024-07-24 16:00:00+00:00,2024-07-24 17:00:00+00:00,2024-07-24 21:00:00+00:00,13.83,13.628,0.014822424420311231,0.0134965754283487,0.0013258489919625305,6.536688716426203,4
ETH,long,2024-07-24 17:00:00+00:00,2024-07-24 18:00:00+00:00,2024-07-24 22:00:00+00:00,3418.0,3336.53,-0.023835576360444644,-0.024819429688462402,0.0009838533280177586,5.041924062981029,4
BNB,long,2024-07-24 18:00:00+00:00,2024-07-24 19:00:00+00:00,2024-07-24 23:00:00+00:00,579.8,573.5,-0.01086581579855117,-0.012142146430201395,0.0012763306316502243,6.455921962584254,4
DOT,long,2024-07-24 18:00:00+00:00,2024-07-24 19:00:00+00:00,2024-07-24 23:00:00+00:00,5.846,5.718,-0.02189531303455361,-0.023663432418986385,0.0017681193844327758,9.046674492363598,4
AVAX,short,2024-07-24 19:00:00+00:00,2024-07-24 20:00:00+00:00,2024-07-25 00:00:00+00:00,28.843,28.366,0.01681590636677721,0.015249035398201771,0.00156687096857544,7.710732744665526,4
ETH,short,2024-07-25 16:00:00+00:00,2024-07-25 17:00:00+00:00,2024-07-25 21:00:00+00:00,3154.66,3154.71,-1.5849317369975857e-05,-0.0010237099920563653,0.0010078606746863894,5.041924062981029,4
SOL,short,2024-07-25 16:00:00+00:00,2024-07-25 17:00:00+00:00,2024-07-25 21:00:00+00:00,170.84,170.69,0.0008787861034624811,-0.00032173335142349213,0.0012005194548859732,6.000925858297193,4
DOT,long,2024-07-25 22:00:00+00:00,2024-07-25 23:00:00+00:00,2024-07-26 03:00:00+00:00,5.74,5.8,0.010452961672473782,0.00862636632700653,0.0018265953454672523,9.046674492363598,4
LINK,short,2024-07-26 00:00:00+00:00,2024-07-26 01:00:00+00:00,2024-07-26 05:00:00+00:00,13.06,13.37,-0.023186237845923663,-0.02446242913882557,0.001276191292901907,6.536688716426203,4
BNB,long,2024-07-26 13:00:00+00:00,2024-07-26 14:00:00+00:00,2024-07-26 18:00:00+00:00,580.2,577.7,-0.004308859014133026,-0.005593650423833307,0.001284791409700281,6.455921962584254,4
SOL,short,2024-07-26 13:00:00+00:00,2024-07-26 14:00:00+00:00,2024-07-26 18:00:00+00:00,182.76,181.74,0.0056124133377351,0.004406216060853341,0.0012061972768817597,6.000925858297193,4
BNB,long,2024-07-27 18:00:00+00:00,2024-07-27 19:00:00+00:00,2024-07-27 23:00:00+00:00,583.2,583.9,0.0012002743484222922,-9.162577895927004e-05,0.0012919001273815622,6.455921962584254,4
ETH,short,2024-07-28 04:00:00+00:00,2024-07-28 05:00:00+00:00,2024-07-28 09:00:00+00:00,3218.15,3228.87,-0.003320046951410194,-0.004324577402458063,0.0010045304510478692,5.041924062981029,4
LINK,short,2024-07-28 07:00:00+00:00,2024-07-28 08:00:00+00:00,2024-07-28 12:00:00+00:00,13.448,13.587,-0.010230367262824669,-0.0115234851899233,0.0012931179270986304,6.536688716426203,4
BNB,short,2024-07-28 21:00:00+00:00,2024-07-28 22:00:00+00:00,2024-07-29 02:00:00+00:00,583.8,585.5,-0.002903501280956511,-0.004190106095907531,0.00128660481495102,6.455921962584254,4
SOL,short,2024-07-28 22:00:00+00:00,2024-07-28 23:00:00+00:00,2024-07-29 03:00:00+00:00,183.47,192.23,-0.04557041044582011,-0.046715215697452295,0.001144805251632186,6.000925858297193,4
SOL,short,2024-07-30 04:00:00+00:00,2024-07-30 05:00:00+00:00,2024-07-30 09:00:00+00:00,184.2,181.02,0.017567119655286678,0.016346583122032188,0.0012205365332544904,6.000925858297193,4
ETH,short,2024-07-30 19:00:00+00:00,2024-07-30 20:00:00+00:00,2024-07-31 00:00:00+00:00,3272.89,3279.58,-0.0020398953524536356,-0.0030457160384050885,0.001005820685951453,5.041924062981029,4
ETH,long,2024-07-31 03:00:00+00:00,2024-07-31 04:00:00+00:00,2024-07-31 08:00:00+00:00,3294.11,3317.46,0.007088409312378641,0.006073388421311998,0.0010150208910666425,5.041924062981029,4
SOL,long,2024-07-31 03:00:00+00:00,2024-07-31 04:00:00+00:00,2024-07-31 08:00:00+00:00,180.92,183.1,0.012049524651779775,0.010835606282720844,0.0012139183690589306,6.000925858297193,4
ETH,short,2024-07-31 20:00:00+00:00,2024-07-31 21:00:00+00:00,2024-08-01 01:00:00+00:00,3222.74,3235.41,-0.003916041552693539,-0.004919971314700011,0.0010039297620064724,5.041924062981029,4
ADA,short,2024-07-31 22:00:00+00:00,2024-07-31 23:00:00+00:00,2024-08-01 03:00:00+00:00,0.39,0.3868,0.008273009307135482,0.006260736823628488,0.002012272483506994,9.988775255673833,4
LINK,short,2024-08-01 21:00:00+00:00,2024-08-01 22:00:00+00:00,2024-08-02 02:00:00+00:00,12.716,12.757,-0.0032139217684409305,-0.004516206567459213,0.0013022847990182829,6.536688716426203,4
SOL,short,2024-08-02 01:00:00+00:00,2024-08-02 02:00:00+00:00,2024-08-02 06:00:00+00:00,164.52,162.43,0.012867081204211095,0.011652182204370032,0.001214898999841063,6.000925858297193,4
BNB,short,2024-08-02 02:00:00+00:00,2024-08-02 03:00:00+00:00,2024-08-02 07:00:00+00:00,568.3,570.4,-0.0036816269284712932,-0.0049672276879413335,0.0012856007594700403,6.455921962584254,4
ADA,short,2024-08-02 03:00:00+00:00,2024-08-02 04:00:00+00:00,2024-08-02 08:00:00+00:00,0.3853,0.3838,0.003908285565398684,0.0019047240296234946,0.002003561535775189,9.988775255673833,4
AVAX,short,2024-08-02 04:00:00+00:00,2024-08-02 05:00:00+00:00,2024-08-02 09:00:00+00:00,25.322,25.204,0.0046817965402317085,0.0031336237295997993,0.0015481728106319093,7.710732744665526,4
DOT,short,2024-08-02 07:00:00+00:00,2024-08-02 08:00:00+00:00,2024-08-02 12:00:00+00:00,5.239,5.236,0.0005729564553094146,-0.0012357788093548816,0.0018087352646642962,9.046674492363598,4
LINK,short,2024-08-02 13:00:00+00:00,2024-08-02 14:00:00+00:00,2024-08-02 18:00:00+00:00,12.562,11.96,0.050334448160535006,0.04896220328713996,0.0013722448733950454,6.536688716426203,4
ADA,short,2024-08-02 14:00:00+00:00,2024-08-02 15:00:00+00:00,2024-08-02 19:00:00+00:00,0.3688,0.3647,0.011242116808335645,0.009223918694299948,0.0020181981140356964,9.988775255673833,4
ADA,long,2024-08-03 00:00:00+00:00,2024-08-03 01:00:00+00:00,2024-08-03 05:00:00+00:00,0.3606,0.3676,0.019412090959511907,0.017377587525365668,0.00203450343414624,9.988775255673833,4
ETH,long,2024-08-03 00:00:00+00:00,2024-08-03 01:00:00+00:00,2024-08-03 05:00:00+00:00,2962.88,2965.45,0.0008673992871799374,-0.0001413515931502074,0.0010087508803301448,5.041924062981029,4
ADA,short,2024-08-03 07:00:00+00:00,2024-08-03 08:00:00+00:00,2024-08-03 12:00:00+00:00,0.3696,0.3694,0.0005414185165131258,-0.0014554235555298556,0.0019968420720429814,9.988775255673833,4
ADA,long,2024-08-03 19:00:00+00:00,2024-08-03 20:00:00+00:00,2024-08-04 00:00:00+00:00,0.3517,0.3646,0.036678987773670624,0.03461002373112376,0.0020689640425468614,9.988775255673833,4
AVAX,long,2024-08-03 21:00:00+00:00,2024-08-03 22:00:00+00:00,2024-08-04 02:00:00+00:00,22.628,22.694,0.0029167403217251753,0.0013712873892239852,0.00154545293250119,7.710732744665526,4
ETH,short,2024-08-03 21:00:00+00:00,2024-08-03 22:00:00+00:00,2024-08-04 02:00:00+00:00,2913.46,2907.39,0.002087783200740212,0.0010778023239610413,0.0010099808767791707,5.041924062981029,4
DOT,long,2024-08-04 02:00:00+00:00,2024-08-04 03:00:00+00:00,2024-08-04 07:00:00+00:00,5.065,5.027,-0.007502467917077982,-0.009296605240887379,0.0017941373238093972,9.046674492363598,4
ADA,long,2024-08-04 06:00:00+00:00,2024-08-04 07:00:00+00:00,2024-08-04 11:00:00+00:00,0.3605,0.3593,-0.003328710124826606,-0.005317828343011977,0.0019891182181853706,9.988775255673833,4
ETH,short,2024-08-04 08:00:00+00:00,2024-08-04 09:00:00+00:00,2024-08-04 13:00:00+00:00,2906.5,2923.62,-0.005855754167778282,-0.006857728938734375,0.0010019747709560933,5.041924062981029,4
BNB,long,2024-08-04 14:00:00+00:00,2024-08-04 15:00:00+00:00,2024-08-04 19:00:00+00:00,508.5,503.6,-0.00963618485742379,-0.010914102145020976,0.0012779172875971856,6.455921962584254,4
AVAX,short,2024-08-04 15:00:00+00:00,2024-08-04 16:00:00+00:00,2024-08-04 20:00:00+00:00,21.596,21.818,-0.010175084792373279,-0.0117003637675549,0.001525278975181621,7.710732744665526,4
ETH,short,2024-08-04 15:00:00+00:00,2024-08-04 16:00:00+00:00,2024-08-04 20:00:00+00:00,2827.81,2757.2,0.02560931379660536,0.02457562611839359,0.0010336876782117699,5.041924062981029,4
SOL,short,2024-08-04 15:00:00+00:00,2024-08-04 16:00:00+00:00,2024-08-04 20:00:00+00:00,135.24,141.97,-0.047404381207297286,-0.048546986674490644,0.0011426054671933583,6.000925858297193,4
BNB,short,2024-08-04 21:00:00+00:00,2024-08-04 22:00:00+00:00,2024-08-05 02:00:00+00:00,502.2,452.7,0.1093439363817097,0.10791249293383975,0.00143144344786994,6.455921962584254,4
ETH,long,2024-08-05 00:00:00+00:00,2024-08-05 01:00:00+00:00,2024-08-05 05:00:00+00:00,2526.64,2336.73,-0.075163062406991,-0.07609518396037862,0.0009321215533876215,5.041924062981029,4
SOL,long,2024-08-05 00:00:00+00:00,2024-08-05 01:00:00+00:00,2024-08-05 05:00:00+00:00,131.41,123.81,-0.057834259188798365,-0.05896435437842107,0.001130095189622704,6.000925858297193,4
XRP,long,2024-08-05 03:00:00+00:00,2024-08-05 04:00:00+00:00,2024-08-05 08:00:00+00:00,0.4732,0.4694,-0.008030431107354241,-0.009169106362449497,0.0011386752550952561,5.742762706652812,4
ADA,short,2024-08-05 04:00:00+00:00,2024-08-05 05:00:00+00:00,2024-08-05 09:00:00+00:00,0.3099,0.3,0.03300000000000014,0.030938378339720574,0.0020616216602795667,9.988775255673833,4
AVAX,long,2024-08-05 06:00:00+00:00,2024-08-05 07:00:00+00:00,2024-08-05 11:00:00+00:00,18.286,18.204,-0.004484304932735439,-0.006018353162700496,0.001534048229965057,7.710732744665526,4
BNB,long,2024-08-05 06:00:00+00:00,2024-08-05 07:00:00+00:00,2024-08-05 11:00:00+00:00,422.7,431.6,0.02105512183581748,0.01973760197914154,0.0013175198566759416,6.455921962584254,4
ETH,long,2024-08-05 06:00:00+00:00,2024-08-05 07:00:00+00:00,2024-08-05 11:00:00+00:00,2268.78,2272.76,0.0017542467758002722,0.0007446020625951899,0.0010096447132050823,5.041924062981029,4
LINK,long,2024-08-05 07:00:00+00:00,2024-08-05 08:00:00+00:00,2024-08-05 12:00:00+00:00,9.049,8.468,-0.06420598961211177,-0.06542858926649553,0.0012225996543837603,6.536688716426203,4
SOL,long,2024-08-05 07:00:00+00:00,2024-08-05 08:00:00+00:00,2024-08-05 12:00:00+00:00,122.84,115.96,-0.056007815043959686,-0.057140100990105136,0.0011322859461454504,6.000925858297193,4
AVAX,long,2024-08-05 12:00:00+00:00,2024-08-05 13:00:00+00:00,2024-08-05 17:00:00+00:00,17.703,19.702,0.11291871434220213,0.11120375294853346,0.001714961393668668,7.710732744665526,4
ETH,long,2024-08-05 12:00:00+00:00,2024-08-05 13:00:00+00:00,2024-08-05 17:00:00+00:00,2228.21,2453.58,0.10114396757935729,0.10003415028741935,0.0011098172919379312,5.041924062981029,4
XRP,long,2024-08-05 12:00:00+00:00,2024-08-05 13:00:00+00:00,2024-08-05 17:00:00+00:00,0.4405,0.4859,0.10306469920544825,0.10179849859089063,0.0012662006145576221,5.742762706652812,4
BNB,long,2024-08-05 16:00:00+00:00,2024-08-05 17:00:00+00:00,2024-08-05 21:00:00+00:00,462.4,463.3,0.0019463667820069919,0.0006535039332451476,0.0012928628487618443,6.455921962584254,4
ADA,short,2024-08-05 17:00:00+00:00,2024-08-05 18:00:00+00:00,2024-08-05 22:00:00+00:00,0.3192,0.3137,0.01753267452980567,0.015501921962668419,0.0020307525671372506,9.988775255673833,4
AVAX,short,2024-08-05 23:00:00+00:00,2024-08-06 00:00:00+00:00,2024-08-06 04:00:00+00:00,19.537,20.405,-0.04253859348198985,-0.044014001637990186,0.0014754081560003351,7.710732744665526,4
ETH,short,2024-08-05 23:00:00+00:00,2024-08-06 00:00:00+00:00,2024-08-06 04:00:00+00:00,2419.97,2492.12,-0.02895125435372292,-0.029929951709348535,0.0009786973556256129,5.041924062981029,4
BNB,short,2024-08-06 08:00:00+00:00,2024-08-06 09:00:00+00:00,2024-08-06 13:00:00+00:00,480.4,474.9,0.011581385554853663,0.01027609014659392,0.0013052954082597434,6.455921962584254,4
SOL,short,2024-08-06 08:00:00+00:00,2024-08-06 09:00:00+00:00,2024-08-06 13:00:00+00:00,137.51,137.85,-0.0024664490388103255,-0.003662955999950701,0.0011965069611403756,6.000925858297193,4
ADA,long,2024-08-06 09:00:00+00:00,2024-08-06 10:00:00+00:00,2024-08-06 14:00:00+00:00,0.3254,0.3234,-0.006146281499692652,-0.008129776517320497,0.0019834950176278454,9.988775255673833,4
ETH,long,2024-08-06 12:00:00+00:00,2024-08-06 13:00:00+00:00,2024-08-06 17:00:00+00:00,2439.07,2530.61,0.03753069817594401,0.03648499521279458,0.0010457029631494308,5.041924062981029,4
XRP,short,2024-08-07 00:00:00+00:00,2024-08-07 01:00:00+00:00,2024-08-07 05:00:00+00:00,0.5059,0.5148,-0.017288267288267378,-0.018416315534928618,0.0011280482466612396,5.742762706652812,4
ETH,short,2024-08-07 01:00:00+00:00,2024-08-07 02:00:00+00:00,2024-08-07 06:00:00+00:00,2500.0,2504.81,-0.001920305332540173,-0.002926246550480127,0.001005941217939954,5.041924062981029,4
ADA,long,2024-08-07 03:00:00+00:00,2024-08-07 04:00:00+00:00,2024-08-07 08:00:00+00:00,0.3366,0.3341,-0.007427213309566305,-0.009408151892765781,0.0019809385831994764,9.988775255673833,4
XRP,short,2024-08-07 06:00:00+00:00,2024-08-07 07:00:00+00:00,2024-08-07 11:00:00+00:00,0.5114,0.5146,-0.0062184220753983555,-0.0073591773235814895,0.001140755248183134,5.742762706652812,4
BNB,short,2024-08-07 09:00:00+00:00,2024-08-07 10:00:00+00:00,2024-08-07 14:00:00+00:00,493.8,487.3,0.013338805663862141,0.012031242566189038,0.0013075630976731034,6.455921962584254,4
ADA,long,2024-08-07 13:00:00+00:00,2024-08-07 14:00:00+00:00,2024-08-07 18:00:00+00:00,0.3335,0.3219,-0.034782608695652195,-0.03670895243310768,0.0019263437374554826,9.988775255673833,4
XRP,long,2024-08-07 13:00:00+00:00,2024-08-07 14:00:00+00:00,2024-08-07 18:00:00+00:00,0.508,0.5027,-0.010433070866141647,-0.011568988147075077,0.0011359172809334295,5.742762706652812,4
AVAX,short,2024-08-07 18:00:00+00:00,2024-08-07 19:00:00+00:00,2024-08-07 23:00:00+00:00,19.895,19.996,-0.005051010202040351,-0.006584185162784584,0.0015331749607442324,7.710732744665526,4
BNB,short,2024-08-07 18:00:00+00:00,2024-08-07 19:00:00+00:00,2024-08-07 23:00:00+00:00,469.6,476.2,-0.013859722805543817,-0.015132190245240484,0.0012724674396966673,6.455921962584254,4
XRP,short,2024-08-07 19:00:00+00:00,2024-08-07 20:00:00+00:00,2024-08-08 00:00:00+00:00,0.5334,0.6003,-0.11144427786106936,-0.11246424505089192,0.001019967189822557,5.742762706652812,4
XRP,long,2024-08-08 01:00:00+00:00,2024-08-08 02:00:00+00:00,2024-08-08 06:00:00+00:00,0.6067,0.6045,-0.0036261743860227513,-0.004769905258046991,0.00114373087202424,5.742762706652812,4
ADA,long,2024-08-08 08:00:00+00:00,2024-08-08 09:00:00+00:00,2024-08-08 13:00:00+00:00,0.3339,0.335,0.0032943995208147836,0.0012920631551909256,0.002002336365623858,9.988775255673833,4
LINK,long,2024-08-08 08:00:00+00:00,2024-08-08 09:00:00+00:00,2024-08-08 13:00:00+00:00,9.994,10.105,0.011106663998399213,0.009785669586993118,0.0013209944114060956,6.536688716426203,4
SOL,short,2024-08-08 09:00:00+00:00,2024-08-08 10:00:00+00:00,2024-08-08 14:00:00+00:00,154.41,154.19,0.001426811077242407,0.00022563428537236696,0.00120117679187004,6.000925858297193,4
AVAX,short,2024-08-08 21:00:00+00:00,2024-08-08 22:00:00+00:00,2024-08-09 02:00:00+00:00,22.231,22.415,-0.008208788757528285,-0.00973709771301745,0.001528308955489166,7.710732744665526,4
BNB,short,2024-08-08 21:00:00+00:00,2024-08-08 22:00:00+00:00,2024-08-09 02:00:00+00:00,513.4,515.7,-0.004459957339538634,-0.005744553779310491,0.0012845964397718568,6.455921962584254,4
ETH,short,2024-08-08 21:00:00+00:00,2024-08-08 22:00:00+00:00,2024-08-09 02:00:00+00:00,2641.32,2670.57,-0.010952717959087366,-0.011949555619258367,0.0009968376601710016,5.041924062981029,4
LINK,short,2024-08-08 21:00:00+00:00,2024-08-08 22:00:00+00:00,2024-08-09 02:00:00+00:00,10.587,10.594,-0.0006607513686992528,-0.001966371843318715,0.0013056204746194622,6.536688716426203,4
SOL,short,2024-08-08 21:00:00+00:00,2024-08-08 22:00:00+00:00,2024-08-09 02:00:00+00:00,160.51,160.29,0.0013725123214174406,0.0001714006590252115,0.001201111662392229,6.000925858297193,4
XRP,short,2024-08-08 21:00:00+00:00,2024-08-08 22:00:00+00:00,2024-08-09 02:00:00+00:00,0.6131,0.6145,-0.0022782750203418356,-0.0034235531370623296,0.001145278116720494,5.742762706652812,4
XRP,long,2024-08-09 09:00:00+00:00,2024-08-09 10:00:00+00:00,2024-08-09 14:00:00+00:00,0.5875,0.575,-0.021276595744680993,-0.022400065815695536,0.0011234700710145429,5.742762706652812,4
ADA,long,2024-08-09 15:00:00+00:00,2024-08-09 16:00:00+00:00,2024-08-09 20:00:00+00:00,0.3407,0.3477,0.020545934840035196,0.018509168523891395,0.002036766316143801,9.988775255673833,4
XRP,short,2024-08-10 06:00:00+00:00,2024-08-10 07:00:00+00:00,2024-08-10 11:00:00+00:00,0.5884,0.5871,0.002214273547947565,0.001063838464675726,0.001150435083271839,5.742762706652812,4
ADA,long,2024-08-10 16:00:00+00:00,2024-08-10 17:00:00+00:00,2024-08-10 21:00:00+00:00,0.3476,0.3468,-0.0023014959723821615,-0.004292664265055701,0.0019911682926735397,9.988775255673833,4
DOT,long,2024-08-11 00:00:00+00:00,2024-08-11 01:00:00+00:00,2024-08-11 05:00:00+00:00,4.77,4.761,-0.0018867924528300772,-0.003691081230545401,0.0018042887777153238,9.046674492363598,4
ADA,short,2024-08-11 05:00:00+00:00,2024-08-11 06:00:00+00:00,2024-08-11 10:00:00+00:00,0.3522,0.3527,-0.0014176353841791611,-0.0034105676518123573,0.001992932267633196,9.988775255673833,4
ADA,long,2024-08-11 11:00:00+00:00,2024-08-11 12:00:00+00:00,2024-08-11 16:00:00+00:00,0.3475,0.3403,-0.020719424460431624,-0.022673834959970218,0.0019544104995385947,9.988775255673833,4
ETH,short,2024-08-12 13:00:00+00:00,2024-08-12 14:00:00+00:00,2024-08-12 18:00:00+00:00,2615.04,2655.22,-0.015132456067670441,-0.016125081067403513,0.0009926249997330716,5.041924062981029,4
SOL,short,2024-08-12 13:00:00+00:00,2024-08-12 14:00:00+00:00,2024-08-12 18:00:00+00:00,144.3,145.15,-0.005856011023079533,-0.007048452321961607,0.0011924412988820743,6.000925858297193,4
LINK,short,2024-08-12 14:00:00+00:00,2024-08-12 15:00:00+00:00,2024-08-12 19:00:00+00:00,10.671,10.272,0.038843457943925186,0.03748622586235362,0.0013572320815715688,6.536688716426203,4
ADA,short,2024-08-14 03:00:00+00:00,2024-08-14 04:00:00+00:00,2024-08-14 08:00:00+00:00,0.3395,0.339,0.001474926253687281,-0.0005237788771853547,0.0019987051308726356,9.988775255673833,4
DOT,short,2024-08-15 03:00:00+00:00,2024-08-15 04:00:00+00:00,2024-08-15 08:00:00+00:00,4.397,4.4,-0.0006818181818182278,-0.0024882851909588943,0.0018064670091406665,9.046674492363598,4
LINK,long,2024-08-15 06:00:00+00:00,2024-08-15 07:00:00+00:00,2024-08-15 11:00:00+00:00,10.327,10.34,0.0012588360608114524,-4.929232356365443e-05,0.0013081283843751068,6.536688716426203,4
ADA,long,2024-08-15 08:00:00+00:00,2024-08-15 09:00:00+00:00,2024-08-15 13:00:00+00:00,0.3378,0.3349,-0.00858496151568977,-0.010563589509558269,0.001978627993868498,9.988775255673833,4
ETH,short,2024-08-15 17:00:00+00:00,2024-08-15 18:00:00+00:00,2024-08-15 22:00:00+00:00,2613.94,2572.08,0.016274765948182113,0.015250486342774261,0.0010242796054078518,5.041924062981029,4
ADA,short,2024-08-15 21:00:00+00:00,2024-08-15 22:00:00+00:00,2024-08-16 02:00:00+00:00,0.3235,0.3224,0.00341191066997526,0.0014093397801206997,0.0020025708898545602,9.988775255673833,4
SOL,long,2024-08-16 04:00:00+00:00,2024-08-16 05:00:00+00:00,2024-08-16 09:00:00+00:00,142.48,143.73,0.008773161145423813,0.007563172660967732,0.0012099884844560815,6.000925858297193,4
DOT,short,2024-08-16 05:00:00+00:00,2024-08-16 06:00:00+00:00,2024-08-16 10:00:00+00:00,4.311,4.371,-0.013726835964310347,-0.015509721500916673,0.0017828855366063268,9.046674492363598,4
ADA,long,2024-08-16 07:00:00+00:00,2024-08-16 08:00:00+00:00,2024-08-16 12:00:00+00:00,0.3348,0.3341,-0.0020908004778972256,-0.004082389268533215,0.0019915887906359897,9.988775255673833,4
DOT,short,2024-08-16 12:00:00+00:00,2024-08-16 13:00:00+00:00,2024-08-16 17:00:00+00:00,4.246,4.288,-0.009794776119402937,-0.01158476963874877,0.0017899935193458338,9.046674492363598,4
AVAX,long,2024-08-16 14:00:00+00:00,2024-08-16 15:00:00+00:00,2024-08-16 19:00:00+00:00,19.984,20.364,0.019015212169735785,0.017444952162503302,0.0015702600072324824,7.710732744665526,4
SOL,long,2024-08-16 15:00:00+00:00,2024-08-16 16:00:00+00:00,2024-08-16 20:00:00+00:00,137.9,140.95,0.02211747643219719,0.020891481903515974,0.001225994528681218,6.000925858297193,4
ETH,short,2024-08-16 19:00:00+00:00,2024-08-16 20:00:00+00:00,2024-08-17 00:00:00+00:00,2620.7,2592.93,0.010709891898354362,0.009691220999554995,0.0010186708987993676,5.041924062981029,4
LINK,short,2024-08-16 19:00:00+00:00,2024-08-16 20:00:00+00:00,2024-08-17 00:00:00+00:00,10.212,10.126,0.008492988346829877,0.00717540866015276,0.0013175796866771172,6.536688716426203,4
ADA,long,2024-08-16 21:00:00+00:00,2024-08-16 22:00:00+00:00,2024-08-17 02:00:00+00:00,0.3319,0.329,-0.008737571557697943,-0.010715894978315599,0.001978323420617656,9.988775255673833,4
AVAX,short,2024-08-17 08:00:00+00:00,2024-08-17 09:00:00+00:00,2024-08-17 13:00:00+00:00,20.503,20.474,0.0014164305949009304,-0.00012671042278855627,0.0015431410176894866,7.710732744665526,4
DOT,short,2024-08-17 08:00:00+00:00,2024-08-17 09:00:00+00:00,2024-08-17 13:00:00+00:00,4.312,4.337,-0.005764353239566367,-0.007561632552464004,0.0017972793128976372,9.046674492363598,4
ADA,short,2024-08-18 06:00:00+00:00,2024-08-18 07:00:00+00:00,2024-08-18 11:00:00+00:00,0.3346,0.3368,-0.0065320665083135054,-0.008514791591062165,0.0019827250827486598,9.988775255673833,4
ADA,long,2024-08-19 01:00:00+00:00,2024-08-19 02:00:00+00:00,2024-08-19 06:00:00+00:00,0.335,0.333,-0.005970149253731294,-0.007953995789319879,0.001983846535588585,9.988775255673833,4
ADA,short,2024-08-19 14:00:00+00:00,2024-08-19 15:00:00+00:00,2024-08-19 19:00:00+00:00,0.3321,0.3372,-0.015124555160142328,-0.017090131684594723,0.001965576524452395,9.988775255673833,4
SOL,long,2024-08-19 23:00:00+00:00,2024-08-20 00:00:00+00:00,2024-08-20 04:00:00+00:00,144.25,145.59,0.009289428076256545,0.00807882034748908,0.0012106077287674655,6.000925858297193,4
ETH,long,2024-08-21 14:00:00+00:00,2024-08-21 15:00:00+00:00,2024-08-21 19:00:00+00:00,2590.2,2638.91,0.018805497644969416,0.01777866737417999,0.001026830270789425,5.041924062981029,4
ETH,long,2024-08-22 20:00:00+00:00,2024-08-22 21:00:00+00:00,2024-08-23 01:00:00+00:00,2624.97,2638.4,0.005116248947607094,0.004103215750919764,0.0010130331966873296,5.041924062981029,4
XRP,short,2024-08-23 03:00:00+00:00,2024-08-23 04:00:00+00:00,2024-08-23 08:00:00+00:00,0.5987,0.5993,-0.0010011680293676717,-0.0021479121286890335,0.0011467440993213618,5.742762706652812,4
AVAX,short,2024-08-23 13:00:00+00:00,2024-08-23 14:00:00+00:00,2024-08-23 18:00:00+00:00,26.387,26.385,7.580064430534605e-05,-0.001465274518457682,0.0015410751627630281,7.710732744665526,4
AVAX,long,2024-08-23 21:00:00+00:00,2024-08-23 22:00:00+00:00,2024-08-24 02:00:00+00:00,26.678,26.374,-0.011395157058250338,-0.012918555952877497,0.0015233988946271593,7.710732744665526,4
LINK,long,2024-08-23 21:00:00+00:00,2024-08-23 22:00:00+00:00,2024-08-24 02:00:00+00:00,12.122,12.013,-0.008991915525490835,-0.010286651469641361,0.0012947359441505268,6.536688716426203,4
AVAX,long,2024-08-24 11:00:00+00:00,2024-08-24 12:00:00+00:00,2024-08-24 16:00:00+00:00,27.493,27.76,0.009711562943294672,0.008155639472089637,0.001555923471205034,7.710732744665526,4
LINK,long,2024-08-24 13:00:00+00:00,2024-08-24 14:00:00+00:00,2024-08-24 18:00:00+00:00,12.113,12.331,0.017997193098324038,0.016667196322719846,0.001329996775604192,6.536688716426203,4
DOT,long,2024-08-24 15:00:00+00:00,2024-08-24 16:00:00+00:00,2024-08-24 20:00:00+00:00,4.958,5.064,0.021379588543767536,0.01953324114002397,0.0018463474037435645,9.046674492363598,4
ETH,long,2024-08-24 21:00:00+00:00,2024-08-24 22:00:00+00:00,2024-08-25 02:00:00+00:00,2738.99,2759.13,0.007353075403707221,0.006337787761867331,0.0010152876418398904,5.041924062981029,4
AVAX,long,2024-08-27 06:00:00+00:00,2024-08-27 07:00:00+00:00,2024-08-27 11:00:00+00:00,26.448,25.581,-0.03278130671506352,-0.034271750443650384,0.0014904437285868655,7.710732744665526,4
LINK,short,2024-08-27 22:00:00+00:00,2024-08-27 23:00:00+00:00,2024-08-28 03:00:00+00:00,11.073,11.069,0.00036136959074895003,-0.0009455862682800076,0.0013069558590289576,6.536688716426203,4
DOT,long,2024-08-28 07:00:00+00:00,2024-08-28 08:00:00+00:00,2024-08-28 12:00:00+00:00,4.301,4.379,0.01813531736805385,0.01629483463179482,0.0018404827362590304,9.046674492363598,4
XRP,short,2024-08-28 18:00:00+00:00,2024-08-28 19:00:00+00:00,2024-08-28 23:00:00+00:00,0.5749,0.5704,0.007889200561009835,0.006732251266851508,0.001156949294158327,5.742762706652812,4
LINK,long,2024-08-28 19:00:00+00:00,2024-08-28 20:00:00+00:00,2024-08-29 00:00:00+00:00,11.218,11.174,-0.003922267783918798,-0.005223627140388487,0.001301359356469689,6.536688716426203,4
SOL,long,2024-08-28 19:00:00+00:00,2024-08-28 20:00:00+00:00,2024-08-29 00:00:00+00:00,144.27,143.93,-0.0023566923130242667,-0.003553330923557474,0.0011966386105332072,6.000925858297193,4
BNB,long,2024-08-28 20:00:00+00:00,2024-08-28 21:00:00+00:00,2024-08-29 01:00:00+00:00,537.1,539.1,0.0037237013591508994,0.002428545124314896,0.0012951562348360035,6.455921962584254,4
DOT,long,2024-08-28 20:00:00+00:00,2024-08-28 21:00:00+00:00,2024-08-29 01:00:00+00:00,4.286,4.283,-0.0006999533364440147,-0.002506387562674184,0.0018064342262301691,9.046674492363598,4
ETH,long,2024-08-28 20:00:00+00:00,2024-08-28 21:00:00+00:00,2024-08-29 01:00:00+00:00,2537.27,2534.38,-0.0011390194973337486,-0.0021457481550229973,0.0010067286576892487,5.041924062981029,4
DOT,short,2024-08-29 03:00:00+00:00,2024-08-29 04:00:00+00:00,2024-08-29 08:00:00+00:00,4.281,4.304,-0.005343866171003797,-0.0071419055981784,0.0017980394271746025,9.046674492363598,4
DOT,long,2024-08-29 22:00:00+00:00,2024-08-29 23:00:00+00:00,2024-08-30 03:00:00+00:00,4.22,4.261,0.009715639810426557,0.007890377321344122,0.0018252624890824354,9.046674492363598,4
DOT,short,2024-08-30 05:00:00+00:00,2024-08-30 06:00:00+00:00,2024-08-30 10:00:00+00:00,4.274,4.316,-0.009731232622798847,-0.011521341009693709,0.001790108386894862,9.046674492363598,4
LINK,long,2024-08-30 14:00:00+00:00,2024-08-30 15:00:00+00:00,2024-08-30 19:00:00+00:00,10.736,11.077,0.03176229508196715,0.030414314424503264,0.0013479806574638875,6.536688716426203,4
ADA,long,2024-08-30 15:00:00+00:00,2024-08-30 16:00:00+00:00,2024-08-30 20:00:00+00:00,0.3399,0.3455,0.016475433951162133,0.014446791384099544,0.0020286425670625885,9.988775255673833,4
DOT,short,2024-08-30 15:00:00+00:00,2024-08-30 16:00:00+00:00,2024-08-30 20:00:00+00:00,4.12,4.223,-0.024390243902438935,-0.026153853201510646,0.0017636092990717112,9.046674492363598,4
AVAX,long,2024-08-30 16:00:00+00:00,2024-08-30 17:00:00+00:00,2024-08-30 21:00:00+00:00,22.612,23.183,0.025252078542366885,0.023672207783775434,0.0015798707585914507,7.710732744665526,4
SOL,long,2024-08-30 16:00:00+00:00,2024-08-30 17:00:00+00:00,2024-08-30 21:00:00+00:00,133.91,136.38,0.018445224404450844,0.01722363461494858,0.0012215897895022643,6.000925858297193,4
DOT,short,2024-08-30 21:00:00+00:00,2024-08-30 22:00:00+00:00,2024-08-31 02:00:00+00:00,4.249,4.294,-0.010479739170936142,-0.012268494482894687,0.0017887553119585453,9.046674492363598,4
DOT,short,2024-08-31 20:00:00+00:00,2024-08-31 21:00:00+00:00,2024-09-01 01:00:00+00:00,4.235,4.243,-0.0018854584020739917,-0.003689749591352265,0.0018042911892782731,9.046674492363598,4
DOT,short,2024-09-01 02:00:00+00:00,2024-09-01 03:00:00+00:00,2024-09-01 07:00:00+00:00,4.207,4.177,0.007182188173330273,0.005361505403585376,0.0018206827697448968,9.046674492363598,4
BNB,long,2024-09-01 07:00:00+00:00,2024-09-01 08:00:00+00:00,2024-09-01 12:00:00+00:00,522.1,518.9,-0.006129094043286765,-0.007411536710256628,0.001282442666969863,6.455921962584254,4
DOT,short,2024-09-01 15:00:00+00:00,2024-09-01 16:00:00+00:00,2024-09-01 20:00:00+00:00,4.189,4.194,-0.001192179303767249,-0.0029977237333469464,0.0018055444295796974,9.046674492363598,4
ADA,short,2024-09-01 16:00:00+00:00,2024-09-01 17:00:00+00:00,2024-09-01 21:00:00+00:00,0.3382,0.3393,-0.003241968759210123,-0.005231260092475876,0.0019892913332657525,9.988775255673833,4
LINK,long,2024-09-01 21:00:00+00:00,2024-09-01 22:00:00+00:00,2024-09-02 02:00:00+00:00,10.627,10.435,-0.01806718735296886,-0.019350066602081384,0.001282879249112523,6.536688716426203,4
BNB,long,2024-09-01 22:00:00+00:00,2024-09-01 23:00:00+00:00,2024-09-02 03:00:00+00:00,508.3,512.1,0.007475900059020324,0.006175902169519798,0.001299997889500526,6.455921962584254,4
DOT,short,2024-09-02 02:00:00+00:00,2024-09-02 03:00:00+00:00,2024-09-02 07:00:00+00:00,4.099,4.106,-0.001704822211397894,-0.0035094399366334406,0.0018046177252355466,9.046674492363598,4
BNB,long,2024-09-02 07:00:00+00:00,2024-09-02 08:00:00+00:00,2024-09-02 12:00:00+00:00,503.1,518.9,0.03140528721924052,0.030074412012671248,0.0013308752065692708,6.455921962584254,4
ADA,long,2024-09-02 11:00:00+00:00,2024-09-02 12:00:00+00:00,2024-09-02 16:00:00+00:00,0.3339,0.3324,-0.004492362982928988,-0.0064791588275059375,0.0019867958445769496,9.988775255673833,4
DOT,short,2024-09-02 14:00:00+00:00,2024-09-02 15:00:00+00:00,2024-09-02 19:00:00+00:00,4.174,4.151,0.005540833534088296,0.0037231178403558385,0.001817715693732458,9.046674492363598,4
XRP,long,2024-09-03 01:00:00+00:00,2024-09-03 02:00:00+00:00,2024-09-03 06:00:00+00:00,0.5689,0.5675,-0.0024608894357531774,-0.003605957930603587,0.0011450684948504097,5.742762706652812,4
SOL,short,2024-09-03 02:00:00+00:00,2024-09-03 03:00:00+00:00,2024-09-03 07:00:00+00:00,135.8,133.7,0.015706806282722585,0.014488501130957232,0.0012183051517653531,6.000925858297193,4
AVAX,long,2024-09-03 05:00:00+00:00,2024-09-03 06:00:00+00:00,2024-09-03 10:00:00+00:00,22.508,22.219,-0.01283987915407847,-0.014361051792118329,0.0015211726380398582,7.710732744665526,4
DOT,short,2024-09-03 19:00:00+00:00,2024-09-03 20:00:00+00:00,2024-09-04 00:00:00+00:00,4.106,4.062,0.010832102412604572,0.009004821694599041,0.0018272807180055306,9.046674492363598,4
LINK,long,2024-09-03 19:00:00+00:00,2024-09-03 20:00:00+00:00,2024-09-04 00:00:00+00:00,10.489,10.312,-0.016874821241300575,-0.01815925829734455,0.0012844370560439744,6.536688716426203,4
ETH,short,2024-09-04 00:00:00+00:00,2024-09-04 01:00:00+00:00,2024-09-04 05:00:00+00:00,2396.26,2378.31,0.007547376077971402,0.006531892605019074,0.0010154834729523277,5.041924062981029,4
BNB,long,2024-09-04 05:00:00+00:00,2024-09-04 06:00:00+00:00,2024-09-04 10:00:00+00:00,508.5,503.3,-0.010226155358898703,-0.011503311377261793,0.0012771560183630903,6.455921962584254,4
DOT,short,2024-09-04 07:00:00+00:00,2024-09-04 08:00:00+00:00,2024-09-04 12:00:00+00:00,4.084,4.014,0.017438963627304238,0.015599739689376113,0.001839223937928125,9.046674492363598,4
BNB,short,2024-09-04 11:00:00+00:00,2024-09-04 12:00:00+00:00,2024-09-04 16:00:00+00:00,498.9,508.9,-0.01965022597759869,-0.020915221633699965,0.0012649956561012754,6.455921962584254,4
LINK,short,2024-09-04 13:00:00+00:00,2024-09-04 14:00:00+00:00,2024-09-04 18:00:00+00:00,10.111,10.342,-0.022336105202088508,-0.02361340717946281,0.001277301977374301,6.536688716426203,4
ADA,short,2024-09-04 14:00:00+00:00,2024-09-04 15:00:00+00:00,2024-09-04 19:00:00+00:00,0.3228,0.3215,0.0040435458786936,0.0020397143955885877,0.002003831483105012,9.988775255673833,4
DOT,short,2024-09-04 23:00:00+00:00,2024-09-05 00:00:00+00:00,2024-09-05 04:00:00+00:00,4.112,4.016,0.0239043824701195,0.02205347099757793,0.001850911472541572,9.046674492363598,4
DOT,long,2024-09-05 13:00:00+00:00,2024-09-05 14:00:00+00:00,2024-09-05 18:00:00+00:00,4.069,4.033,-0.008847382649299518,-0.010639088771377314,0.0017917061220777963,9.046674492363598,4
ADA,long,2024-09-05 22:00:00+00:00,2024-09-05 23:00:00+00:00,2024-09-06 03:00:00+00:00,0.3244,0.3276,0.009864364981504226,0.007848916531562056,0.00201544844994217,9.988775255673833,4
DOT,short,2024-09-06 04:00:00+00:00,2024-09-06 05:00:00+00:00,2024-09-06 09:00:00+00:00,4.054,3.983,0.017825759477780645,0.01598583632917472,0.0018399231486059264,9.046674492363598,4
BNB,long,2024-09-06 09:00:00+00:00,2024-09-06 10:00:00+00:00,2024-09-06 14:00:00+00:00,504.5,503.3,-0.0023785926660059298,-0.0036658747974976924,0.0012872821314917626,6.455921962584254,4
XRP,short,2024-09-06 14:00:00+00:00,2024-09-06 15:00:00+00:00,2024-09-06 19:00:00+00:00,0.5299,0.5129,0.03314486254630533,0.031958922446123195,0.0011859401001821368,5.742762706652812,4
LINK,short,2024-09-06 19:00:00+00:00,2024-09-06 20:00:00+00:00,2024-09-07 00:00:00+00:00,9.514,9.573,-0.006163167241199363,-0.007461598898975352,0.0012984316577759891,6.536688716426203,4
AVAX,short,2024-09-06 20:00:00+00:00,2024-09-06 21:00:00+00:00,2024-09-07 01:00:00+00:00,20.613,21.138,-0.02483678682940682,-0.02633947273230486,0.0015026859028980377,7.710732744665526,4
BNB,long,2024-09-06 20:00:00+00:00,2024-09-06 21:00:00+00:00,2024-09-07 01:00:00+00:00,474.1,487.8,0.02889685720312163,0.027569218752614644,0.001327638450506985,6.455921962584254,4
DOT,short,2024-09-06 20:00:00+00:00,2024-09-06 21:00:00+00:00,2024-09-07 01:00:00+00:00,3.846,3.971,-0.03147821707378495,-0.033229013447075184,0.001750796373290231,9.046674492363598,4
ETH,short,2024-09-06 20:00:00+00:00,2024-09-06 21:00:00+00:00,2024-09-07 01:00:00+00:00,2169.7,2233.39,-0.028517186877347944,-0.029496321719446827,0.0009791348420988832,5.041924062981029,4
XRP,long,2024-09-06 20:00:00+00:00,2024-09-06 21:00:00+00:00,2024-09-07 01:00:00+00:00,0.5068,0.5228,0.03157063930544601,0.03038650624562722,0.0011841330598187927,5.742762706652812,4
SOL,long,2024-09-06 21:00:00+00:00,2024-09-06 22:00:00+00:00,2024-09-07 02:00:00+00:00,124.69,124.55,-0.0011227845055737928,-0.002320903145805908,0.0011981186402321153,6.000925858297193,4
XRP,short,2024-09-07 07:00:00+00:00,2024-09-07 08:00:00+00:00,2024-09-07 12:00:00+00:00,0.5294,0.5272,0.004172989377845271,0.003020305897729836,0.001152683480115435,5.742762706652812,4
XRP,long,2024-09-07 13:00:00+00:00,2024-09-07 14:00:00+00:00,2024-09-07 18:00:00+00:00,0.5292,0.5274,-0.003401360544217691,-0.004545349478552452,0.001143988934334761,5.742762706652812,4
BNB,long,2024-09-07 14:00:00+00:00,2024-09-07 15:00:00+00:00,2024-09-07 19:00:00+00:00,496.2,494.7,-0.0030229746070132846,-0.004309425259396593,0.0012864506523833086,6.455921962584254,4
SOL,short,2024-09-07 14:00:00+00:00,2024-09-07 15:00:00+00:00,2024-09-07 19:00:00+00:00,127.96,127.59,0.002899913786346797,0.0016969700587738945,0.0012029437275729027,6.000925858297193,4
DOT,short,2024-09-07 18:00:00+00:00,2024-09-07 19:00:00+00:00,2024-09-07 23:00:00+00:00,4.084,4.064,0.004921259842519676,0.003104664151859282,0.0018165956906603942,9.046674492363598,4
XRP,short,2024-09-08 02:00:00+00:00,2024-09-08 03:00:00+00:00,2024-09-08 07:00:00+00:00,0.5272,0.5276,-0.0007581501137224889,-0.0019051731716891451,0.0011470230579666563,5.742762706652812,4
XRP,short,2024-09-08 12:00:00+00:00,2024-09-08 13:00:00+00:00,2024-09-08 17:00:00+00:00,0.5256,0.5223,0.006318207926478969,0.005163061964293059,0.0011551459621859106,5.742762706652812,4
ADA,short,2024-09-08 15:00:00+00:00,2024-09-08 16:00:00+00:00,2024-09-08 20:00:00+00:00,0.3322,0.3362,-0.011897679952409312,-0.013869696550262711,0.0019720165978533988,9.988775255673833,4
LINK,short,2024-09-08 15:00:00+00:00,2024-09-08 16:00:00+00:00,2024-09-08 20:00:00+00:00,10.175,10.225,-0.004889975550122161,-0.006190070612134724,0.0013000950620125629,6.536688716426203,4
SOL,long,2024-09-08 17:00:00+00:00,2024-09-08 18:00:00+00:00,2024-09-08 22:00:00+00:00,129.24,129.18,-0.00046425255338911064,-0.0016631610799001662,0.0011989085265110555,6.000925858297193,4
XRP,short,2024-09-09 03:00:00+00:00,2024-09-09 04:00:00+00:00,2024-09-09 08:00:00+00:00,0.5304,0.5309,-0.0009417969485779887,-0.002088609199567215,0.0011468122509892265,5.742762706652812,4
BNB,long,2024-09-09 06:00:00+00:00,2024-09-09 07:00:00+00:00,2024-09-09 11:00:00+00:00,506.1,506.6,0.0009879470460383288,-0.00030367910452167024,0.001291626150559999,6.455921962584254,4
LINK,short,2024-09-09 11:00:00+00:00,2024-09-09 12:00:00+00:00,2024-09-09 16:00:00+00:00,10.516,10.387,0.012419370366804516,0.01109666092587891,0.0013227094409256068,6.536688716426203,4
ADA,long,2024-09-09 15:00:00+00:00,2024-09-09 16:00:00+00:00,2024-09-09 20:00:00+00:00,0.3415,0.3447,0.00937042459736448,0.007355961934638833,0.0020144626627256468,9.988775255673833,4
SOL,short,2024-09-09 16:00:00+00:00,2024-09-09 17:00:00+00:00,2024-09-09 21:00:00+00:00,132.65,134.72,-0.01536520190023749,-0.01654623725385751,0.001181035353620019,6.000925858297193,4
AVAX,short,2024-09-09 19:00:00+00:00,2024-09-09 20:00:00+00:00,2024-09-10 00:00:00+00:00,24.191,23.839,0.014765720038592223,0.013202008321772984,0.0015637117168192383,7.710732744665526,4
XRP,short,2024-09-10 14:00:00+00:00,2024-09-10 15:00:00+00:00,2024-09-10 19:00:00+00:00,0.5374,0.5384,-0.001857355126300142,-0.0030031164141608446,0.0011457612878607026,5.742762706652812,4
BNB,short,2024-09-10 16:00:00+00:00,2024-09-10 17:00:00+00:00,2024-09-10 21:00:00+00:00,515.4,519.9,-0.008655510675129818,-0.009934693376983827,0.0012791827018540092,6.455921962584254,4
LINK,short,2024-09-11 00:00:00+00:00,2024-09-11 01:00:00+00:00,2024-09-11 05:00:00+00:00,10.534,10.386,0.014249951858270826,0.0129248507923998,0.001325101065871026,6.536688716426203,4
XRP,short,2024-09-11 03:00:00+00:00,2024-09-11 04:00:00+00:00,2024-09-11 08:00:00+00:00,0.5335,0.5335,0.0,-0.0011478933334281294,0.0011478933334281294,5.742762706652812,4
AVAX,short,2024-09-12 21:00:00+00:00,2024-09-12 22:00:00+00:00,2024-09-13 02:00:00+00:00,23.787,23.93,-0.005975762641036386,-0.007507512596781285,0.0015317499557448988,7.710732744665526,4
AVAX,long,2024-09-13 09:00:00+00:00,2024-09-13 10:00:00+00:00,2024-09-13 14:00:00+00:00,23.744,24.093,0.01469845013477089,0.01313484207807214,0.001563608056698751,7.710732744665526,4
LINK,long,2024-09-13 11:00:00+00:00,2024-09-13 12:00:00+00:00,2024-09-13 16:00:00+00:00,10.929,11.303,0.03422088022691927,0.03286968746795127,0.0013511927589680006,6.536688716426203,4
ETH,short,2024-09-13 19:00:00+00:00,2024-09-13 20:00:00+00:00,2024-09-14 00:00:00+00:00,2421.51,2439.69,-0.0074517664129458705,-0.008452132600428985,0.001000366187483115,5.041924062981029,4
ADA,short,2024-09-14 23:00:00+00:00,2024-09-15 00:00:00+00:00,2024-09-15 04:00:00+00:00,0.3539,0.3542,-0.0008469791078486999,-0.0028410502693250184,0.0019940711614763185,9.988775255673833,4
ADA,short,2024-09-15 19:00:00+00:00,2024-09-15 20:00:00+00:00,2024-09-16 00:00:00+00:00,0.342,0.3384,0.010638297872340496,0.00862130483690815,0.002016993035432346,9.988775255673833,4
BNB,long,2024-09-15 22:00:00+00:00,2024-09-15 23:00:00+00:00,2024-09-16 03:00:00+00:00,560.2,542.2,-0.03213138164941087,-0.03338027222941953,0.0012488905800086547,6.455921962584254,4
ETH,long,2024-09-15 22:00:00+00:00,2024-09-15 23:00:00+00:00,2024-09-16 03:00:00+00:00,2346.5,2261.62,-0.03617302365224806,-0.037144442355234175,0.0009714187029861154,5.041924062981029,4
SOL,long,2024-09-15 22:00:00+00:00,2024-09-15 23:00:00+00:00,2024-09-16 03:00:00+00:00,131.87,129.68,-0.016607264730416293,-0.01778681027267015,0.001179545542253857,6.000925858297193,4
AVAX,long,2024-09-16 02:00:00+00:00,2024-09-16 03:00:00+00:00,2024-09-16 07:00:00+00:00,23.374,23.756,0.016342945152733934,0.014776802997693794,0.00156614215504014,7.710732744665526,4
ADA,short,2024-09-16 11:00:00+00:00,2024-09-16 12:00:00+00:00,2024-09-16 16:00:00+00:00,0.3328,0.3311,0.0051344004832376555,0.0031283919144784456,0.00200600856875921,9.988775255673833,4
ADA,short,2024-09-16 20:00:00+00:00,2024-09-16 21:00:00+00:00,2024-09-17 01:00:00+00:00,0.3272,0.3286,-0.004260499087035963,-0.006247757676656529,0.0019872585896205663,9.988775255673833,4
ETH,short,2024-09-16 20:00:00+00:00,2024-09-16 21:00:00+00:00,2024-09-17 01:00:00+00:00,2274.68,2272.64,0.0008976344691635774,-0.00011114688450031274,0.00100878135366389,5.041924062981029,4
SOL,long,2024-09-17 13:00:00+00:00,2024-09-17 14:00:00+00:00,2024-09-17 18:00:00+00:00,131.14,133.15,0.015327131310050479,0.014109281565270804,0.0012178497447796754,6.000925858297193,4
ETH,short,2024-09-17 14:00:00+00:00,2024-09-17 15:00:00+00:00,2024-09-17 19:00:00+00:00,2346.45,2350.12,-0.0015616223852399358,-0.002567925111346736,0.0010063027261068003,5.041924062981029,4
ADA,long,2024-09-18 09:00:00+00:00,2024-09-18 10:00:00+00:00,2024-09-18 14:00:00+00:00,0.3288,0.3291,0.0009124087591241281,-0.0010851737209730539,0.001997582480097182,9.988775255673833,4
ETH,long,2024-09-18 09:00:00+00:00,2024-09-18 10:00:00+00:00,2024-09-18 14:00:00+00:00,2294.38,2295.3,0.00040097978538877754,-0.0006073010016168778,0.0010082807870056554,5.041924062981029,4
SOL,short,2024-09-18 16:00:00+00:00,2024-09-18 17:00:00+00:00,2024-09-18 21:00:00+00:00,128.95,130.8,-0.014143730886850281,-0.01532623135266531,0.0011825004658150284,6.000925858297193,4
SOL,long,2024-09-19 06:00:00+00:00,2024-09-19 07:00:00+00:00,2024-09-19 11:00:00+00:00,138.48,138.6,0.0008665511265164572,-0.00033395365293820145,0.0012005047794546586,6.000925858297193,4
SOL,long,2024-09-19 21:00:00+00:00,2024-09-19 22:00:00+00:00,2024-09-20 02:00:00+00:00,141.7,142.15,0.003175723359209792,0.0019724488076022784,0.0012032745516075138,6.000925858297193,4
BNB,long,2024-09-20 05:00:00+00:00,2024-09-20 06:00:00+00:00,2024-09-20 10:00:00+00:00,574.3,571.6,-0.004701375587671808,-0.005985660513080804,0.001284284925408996,6.455921962584254,4
AVAX,short,2024-09-20 06:00:00+00:00,2024-09-20 07:00:00+00:00,2024-09-20 11:00:00+00:00,28.28,28.611,-0.011568976966900846,-0.013092108012287218,0.0015231310453863722,7.710732744665526,4
ETH,short,2024-09-20 15:00:00+00:00,2024-09-20 16:00:00+00:00,2024-09-20 20:00:00+00:00,2560.48,2541.24,0.0075711070186208485,0.006555599627807718,0.0010155073908131307,5.041924062981029,4
ETH,short,2024-09-23 00:00:00+00:00,2024-09-23 01:00:00+00:00,2024-09-23 05:00:00+00:00,2594.01,2664.55,-0.0264735133512225,-0.027454707964146396,0.0009811946129238969,5.041924062981029,4
BNB,long,2024-09-23 15:00:00+00:00,2024-09-23 16:00:00+00:00,2024-09-23 20:00:00+00:00,601.0,612.7,0.019467554076539217,0.018152082740067632,0.0013154713364715853,6.455921962584254,4
SOL,long,2024-09-23 15:00:00+00:00,2024-09-23 16:00:00+00:00,2024-09-23 20:00:00+00:00,144.2,143.35,-0.005894590846047154,-0.007086985869767193,0.0011923950237200387,6.000925858297193,4
ETH,short,2024-09-23 19:00:00+00:00,2024-09-23 20:00:00+00:00,2024-09-24 00:00:00+00:00,2673.56,2647.56,0.009820362900179846,0.008802588536886313,0.0010177743632935332,5.041924062981029,4
AVAX,short,2024-09-24 06:00:00+00:00,2024-09-24 07:00:00+00:00,2024-09-24 11:00:00+00:00,27.245,27.555,-0.011250226819089049,-0.01277384904517942,0.001523622226090371,7.710732744665526,4
SOL,short,2024-09-24 09:00:00+00:00,2024-09-24 10:00:00+00:00,2024-09-24 14:00:00+00:00,146.56,147.44,-0.005968529571351078,-0.007160835908129548,0.0011923063367784703,6.000925858297193,4
DOT,long,2024-09-26 14:00:00+00:00,2024-09-26 15:00:00+00:00,2024-09-26 19:00:00+00:00,4.79,4.831,0.008559498956158818,0.006736326422356997,0.00182317253380182,9.046674492363598,4
ETH,short,2024-09-26 18:00:00+00:00,2024-09-26 19:00:00+00:00,2024-09-26 23:00:00+00:00,2659.99,2637.99,0.00833968286460518,0.007323400844143846,0.0010162820204613343,5.041924062981029,4
AVAX,long,2024-09-26 21:00:00+00:00,2024-09-26 22:00:00+00:00,2024-09-27 02:00:00+00:00,29.117,29.108,-0.0003090977779304227,-0.0018495798282532894,0.0015404820503228667,7.710732744665526,4
AVAX,long,2024-09-27 05:00:00+00:00,2024-09-27 06:00:00+00:00,2024-09-27 10:00:00+00:00,29.521,29.891,0.01253345076386303,0.01097317888103766,0.0015602718828253703,7.710732744665526,4
ETH,long,2024-09-27 19:00:00+00:00,2024-09-27 20:00:00+00:00,2024-09-28 00:00:00+00:00,2701.73,2694.88,-0.0025354124949569234,-0.003540733760751369,0.0010053212657944455,5.041924062981029,4
AVAX,short,2024-09-28 12:00:00+00:00,2024-09-28 13:00:00+00:00,2024-09-28 17:00:00+00:00,29.311,29.218,0.0031829694024232413,0.0016371062219950883,0.001545863180428153,7.710732744665526,4
SOL,short,2024-09-29 03:00:00+00:00,2024-09-29 04:00:00+00:00,2024-09-29 08:00:00+00:00,157.87,155.49,0.015306450575599762,0.01408862563664548,0.0012178249389542817,6.000925858297193,4
AVAX,short,2024-09-29 16:00:00+00:00,2024-09-29 17:00:00+00:00,2024-09-29 21:00:00+00:00,28.916,29.144,-0.007823222618720815,-0.009352125715573645,0.0015289030968528294,7.710732744665526,4
AVAX,long,2024-09-30 00:00:00+00:00,2024-09-30 01:00:00+00:00,2024-09-30 05:00:00+00:00,28.94,28.49,-0.015549412577747113,-0.01706640993761399,0.0015169973598668784,7.710732744665526,4
SOL,short,2024-09-30 16:00:00+00:00,2024-09-30 17:00:00+00:00,2024-09-30 21:00:00+00:00,154.83,156.73,-0.012122758884706042,-0.013307683436474482,0.0011849245517684404,6.000925858297193,4
ETH,short,2024-09-30 19:00:00+00:00,2024-09-30 20:00:00+00:00,2024-10-01 00:00:00+00:00,2595.4,2602.63,-0.002777959218175474,-0.00378303602679142,0.0010050768086159456,5.041924062981029,4
LINK,short,2024-09-30 21:00:00+00:00,2024-09-30 22:00:00+00:00,2024-10-01 02:00:00+00:00,11.977,11.979,-0.00016695884464468236,-0.001473224451165711,0.0013062656065210287,6.536688716426203,4
ADA,short,2024-09-30 22:00:00+00:00,2024-09-30 23:00:00+00:00,2024-10-01 03:00:00+00:00,0.3763,0.3787,-0.0063374702931079385,-0.008320583743496979,0.00198311345038904,9.988775255673833,4
SOL,long,2024-10-01 00:00:00+00:00,2024-10-01 01:00:00+00:00,2024-10-01 05:00:00+00:00,154.17,155.76,0.010313290523448204,0.009101454707119983,0.0012118358163282217,6.000925858297193,4
AVAX,long,2024-10-01 05:00:00+00:00,2024-10-01 06:00:00+00:00,2024-10-01 10:00:00+00:00,28.369,28.645,0.009728929465261382,0.008172979232969002,0.0015559502322923802,7.710732744665526,4
AVAX,short,2024-10-01 16:00:00+00:00,2024-10-01 17:00:00+00:00,2024-10-01 21:00:00+00:00,26.523,25.893,0.024330900243308973,0.022752448982115592,0.001578451261193381,7.710732744665526,4
XRP,long,2024-10-01 18:00:00+00:00,2024-10-01 19:00:00+00:00,2024-10-01 23:00:00+00:00,0.6205,0.595,-0.04109589041095907,-0.042196610045752925,0.0011007196347938564,5.742762706652812,4
DOT,long,2024-10-01 21:00:00+00:00,2024-10-01 22:00:00+00:00,2024-10-02 02:00:00+00:00,4.197,4.226,0.0069096974029068114,0.0050895072145999976,0.001820190188306814,9.046674492363598,4
AVAX,short,2024-10-02 07:00:00+00:00,2024-10-02 08:00:00+00:00,2024-10-02 12:00:00+00:00,26.604,25.997,0.02334884794399361,0.021771909984498183,0.001576937959495428,7.710732744665526,4
DOT,long,2024-10-02 12:00:00+00:00,2024-10-02 13:00:00+00:00,2024-10-02 17:00:00+00:00,4.121,4.116,-0.001213297743266395,-0.003018803997052788,0.001805506253786393,9.046674492363598,4
SOL,long,2024-10-02 12:00:00+00:00,2024-10-02 13:00:00+00:00,2024-10-02 17:00:00+00:00,143.98,146.0,0.014029726350882177,0.01281343279843683,0.0012162935524453466,6.000925858297193,4
AVAX,long,2024-10-02 15:00:00+00:00,2024-10-02 16:00:00+00:00,2024-10-02 20:00:00+00:00,26.217,25.226,-0.037799900827707233,-0.03928261111175513,0.0014827102840478945,7.710732744665526,4
DOT,short,2024-10-02 18:00:00+00:00,2024-10-02 19:00:00+00:00,2024-10-02 23:00:00+00:00,4.038,4.104,-0.016081871345029253,-0.017860499685280806,0.0017786283402515535,9.046674492363598,4
LINK,long,2024-10-02 19:00:00+00:00,2024-10-02 20:00:00+00:00,2024-10-03 00:00:00+00:00,10.6,10.652,0.004905660377358512,0.0035927674763274187,0.001312892901031093,6.536688716426203,4
ETH,short,2024-10-02 20:00:00+00:00,2024-10-02 21:00:00+00:00,2024-10-03 01:00:00+00:00,2386.0,2372.29,0.0057792259799602785,0.004765524584203318,0.0010137013957569607,5.041924062981029,4
XRP,long,2024-10-02 21:00:00+00:00,2024-10-02 22:00:00+00:00,2024-10-03 02:00:00+00:00,0.5411,0.534,-0.013121419330992423,-0.014254250674645252,0.0011328313436528292,5.742762706652812,4
DOT,long,2024-10-03 00:00:00+00:00,2024-10-03 01:00:00+00:00,2024-10-03 05:00:00+00:00,4.11,4.149,0.0094890510948904,0.0076641982101228745,0.001824852884767525,9.046674492363598,4
XRP,long,2024-10-03 04:00:00+00:00,2024-10-03 05:00:00+00:00,2024-10-03 09:00:00+00:00,0.5376,0.5136,-0.044642857142857206,-0.04573950523818571,0.0010966480953285007,5.742762706652812,4
ETH,long,2024-10-03 08:00:00+00:00,2024-10-03 09:00:00+00:00,2024-10-03 13:00:00+00:00,2337.47,2352.0,0.006216122559861814,0.005201980826244013,0.0010141417336178016,5.041924062981029,4
DOT,short,2024-10-03 16:00:00+00:00,2024-10-03 17:00:00+00:00,2024-10-03 21:00:00+00:00,4.048,4.111,-0.015324738506446,-0.01710473551537528,0.0017799970089292794,9.046674492363598,4
ADA,short,2024-10-03 18:00:00+00:00,2024-10-03 19:00:00+00:00,2024-10-03 23:00:00+00:00,0.3377,0.3454,-0.022292993630573243,-0.024244263661297505,0.0019512700307242614,9.988775255673833,4
BNB,long,2024-10-03 19:00:00+00:00,2024-10-03 20:00:00+00:00,2024-10-04 00:00:00+00:00,545.8,544.8,-0.0018321729571271206,-0.0031201601620289843,0.0012879872049018637,6.455921962584254,4
ETH,long,2024-10-03 19:00:00+00:00,2024-10-03 20:00:00+00:00,2024-10-04 00:00:00+00:00,2353.28,2349.62,-0.0015552760402502974,-0.0025615851626902275,0.00100630912243993,5.041924062981029,4
LINK,long,2024-10-03 19:00:00+00:00,2024-10-03 20:00:00+00:00,2024-10-04 00:00:00+00:00,10.652,10.655,0.0002816372512204346,-0.0010252144388036566,0.0013068516900240912,6.536688716426203,4
SOL,long,2024-10-03 19:00:00+00:00,2024-10-03 20:00:00+00:00,2024-10-04 00:00:00+00:00,137.32,136.77,-0.0040052432274977345,-0.005199904458279447,0.0011946612307817128,6.000925858297193,4
XRP,long,2024-10-03 19:00:00+00:00,2024-10-03 20:00:00+00:00,2024-10-04 00:00:00+00:00,0.527,0.5216,-0.010246679316888163,-0.011382810555438438,0.0011361312385502753,5.742762706652812,4
XRP,short,2024-10-04 08:00:00+00:00,2024-10-04 09:00:00+00:00,2024-10-04 13:00:00+00:00,0.5231,0.5275,-0.00834123222748806,-0.009479550716049556,0.001138318488561496,5.742762706652812,4
ADA,short,2024-10-04 13:00:00+00:00,2024-10-04 14:00:00+00:00,2024-10-04 18:00:00+00:00,0.3522,0.3519,0.0008525149190110604,-0.0011449480272640589,0.0019974629462751192,9.988775255673833,4
ETH,short,2024-10-04 19:00:00+00:00,2024-10-04 20:00:00+00:00,2024-10-05 00:00:00+00:00,2429.4,2414.7,0.006087712759349051,0.0050737004469707525,0.0010140123123782985,5.041924062981029,4
DOT,long,2024-10-04 20:00:00+00:00,2024-10-04 21:00:00+00:00,2024-10-05 01:00:00+00:00,4.18,4.219,0.009330143540670077,0.007505577913013983,0.001824565627656094,9.046674492363598,4
XRP,long,2024-10-05 00:00:00+00:00,2024-10-05 01:00:00+00:00,2024-10-05 05:00:00+00:00,0.5343,0.5297,-0.00860939547070938,-0.009747406136471626,0.0011380106657622457,5.742762706652812,4
BNB,short,2024-10-05 06:00:00+00:00,2024-10-05 07:00:00+00:00,2024-10-05 11:00:00+00:00,561.5,561.8,-0.0005339978640084286,-0.001823660170896635,0.0012896623068882063,6.455921962584254,4
XRP,short,2024-10-05 11:00:00+00:00,2024-10-05 12:00:00+00:00,2024-10-05 16:00:00+00:00,0.5315,0.5304,0.002073906485671184,0.0009236325288142222,0.001150273956856962,5.742762706652812,4
SOL,long,2024-10-05 16:00:00+00:00,2024-10-05 17:00:00+00:00,2024-10-05 21:00:00+00:00,142.25,141.17,-0.007592267135325237,-0.008782625855107473,0.0011903587197822363,6.000925858297193,4
XRP,long,2024-10-05 17:00:00+00:00,2024-10-05 18:00:00+00:00,2024-10-05 22:00:00+00:00,0.5283,0.529,0.0013250047321597958,0.00017559043463322155,0.0011494142975265742,5.742762706652812,4
LINK,long,2024-10-05 20:00:00+00:00,2024-10-05 21:00:00+00:00,2024-10-06 01:00:00+00:00,11.091,11.202,0.010008114687584557,0.008688555512985863,0.0013195591745986945,6.536688716426203,4
DOT,short,2024-10-06 08:00:00+00:00,2024-10-06 09:00:00+00:00,2024-10-06 13:00:00+00:00,4.134,4.156,-0.005293551491818871,-0.007091681872815503,0.001798130380996632,9.046674492363598,4
XRP,long,2024-10-06 08:00:00+00:00,2024-10-06 09:00:00+00:00,2024-10-06 13:00:00+00:00,0.5301,0.5313,0.002263723825693287,0.0011132319787769962,0.0011504918469162906,5.742762706652812,4
ADA,long,2024-10-07 17:00:00+00:00,2024-10-07 18:00:00+00:00,2024-10-07 22:00:00+00:00,0.3591,0.3569,-0.006126427179058647,-0.008109961821175848,0.0019835346421172018,9.988775255673833,4
SOL,short,2024-10-07 18:00:00+00:00,2024-10-07 19:00:00+00:00,2024-10-07 23:00:00+00:00,145.68,144.46,0.008445244358299853,0.007235649198677585,0.0012095951596222676,6.000925858297193,4
DOT,short,2024-10-07 23:00:00+00:00,2024-10-08 00:00:00+00:00,2024-10-08 04:00:00+00:00,4.132,4.172,-0.009587727708533111,-0.01137809550919422,0.001790367800661108,9.046674492363598,4
ADA,long,2024-10-08 03:00:00+00:00,2024-10-08 04:00:00+00:00,2024-10-08 08:00:00+00:00,0.3557,0.352,-0.010402024177677882,-0.012377025747788428,0.001975001570110546,9.988775255673833,4
SOL,short,2024-10-08 08:00:00+00:00,2024-10-08 09:00:00+00:00,2024-10-08 13:00:00+00:00,143.58,143.29,0.002023867680926994,0.0008219747403299671,0.001201892940597027,6.000925858297193,4
ADA,long,2024-10-08 11:00:00+00:00,2024-10-08 12:00:00+00:00,2024-10-08 16:00:00+00:00,0.3517,0.3449,-0.019334660221779987,-0.021291834380513963,0.0019571741587339764,9.988775255673833,4
XRP,long,2024-10-08 13:00:00+00:00,2024-10-08 14:00:00+00:00,2024-10-08 18:00:00+00:00,0.5322,0.5296,-0.0048853814355506175,-0.006027666872197468,0.0011422854366468504,5.742762706652812,4
ETH,short,2024-10-08 19:00:00+00:00,2024-10-08 20:00:00+00:00,2024-10-09 00:00:00+00:00,2440.58,2440.6,-8.194706219821768e-06,-0.001016063095810038,0.0010078683895902163,5.041924062981029,4
DOT,short,2024-10-09 01:00:00+00:00,2024-10-09 02:00:00+00:00,2024-10-09 06:00:00+00:00,4.136,4.145,-0.0021712907117007463,-0.0039750652020468236,0.0018037744903460773,9.046674492363598,4
XRP,short,2024-10-09 06:00:00+00:00,2024-10-09 07:00:00+00:00,2024-10-09 11:00:00+00:00,0.5318,0.533,-0.002251407129455818,-0.003396716087649021,0.001145308958193203,5.742762706652812,4
LINK,long,2024-10-09 08:00:00+00:00,2024-10-09 09:00:00+00:00,2024-10-09 13:00:00+00:00,10.754,10.634,-0.011158638646085128,-0.012450543801719283,0.0012919051556341543,6.536688716426203,4
DOT,short,2024-10-09 13:00:00+00:00,2024-10-09 14:00:00+00:00,2024-10-09 18:00:00+00:00,4.045,4.068,-0.005653883972468021,-0.007451362980608112,0.0017974790081400904,9.046674492363598,4
LINK,long,2024-10-10 03:00:00+00:00,2024-10-10 04:00:00+00:00,2024-10-10 08:00:00+00:00,10.629,10.633,0.00037632891146865965,-0.0009306464916692958,0.0013069754031379555,6.536688716426203,4
XRP,long,2024-10-10 05:00:00+00:00,2024-10-10 06:00:00+00:00,2024-10-10 10:00:00+00:00,0.5277,0.525,-0.005116543490619518,-0.006258563577884457,0.0011420200872649389,5.742762706652812,4
ADA,long,2024-10-10 08:00:00+00:00,2024-10-10 09:00:00+00:00,2024-10-10 13:00:00+00:00,0.3366,0.3357,-0.002673796791443861,-0.00466422206046524,0.0019904252690213786,9.988775255673833,4
AVAX,short,2024-10-10 13:00:00+00:00,2024-10-10 14:00:00+00:00,2024-10-10 18:00:00+00:00,25.737,25.32,0.016469194312796143,0.014902857613057874,0.0015663366997382688,7.710732744665526,4
XRP,long,2024-10-10 19:00:00+00:00,2024-10-10 20:00:00+00:00,2024-10-11 00:00:00+00:00,0.5265,0.5305,0.007597340930674212,0.006440726660240204,0.0011566142704340088,5.742762706652812,4
AVAX,short,2024-10-11 05:00:00+00:00,2024-10-11 06:00:00+00:00,2024-10-11 10:00:00+00:00,25.978,26.527,-0.020695894748746557,-0.02220496159390206,0.0015090668451555045,7.710732744665526,4
DOT,short,2024-10-11 05:00:00+00:00,2024-10-11 06:00:00+00:00,2024-10-11 10:00:00+00:00,4.085,4.119,-0.008254430687059888,-0.010047208688122256,0.0017927780010623673,9.046674492363598,4
SOL,short,2024-10-11 09:00:00+00:00,2024-10-11 10:00:00+00:00,2024-10-11 14:00:00+00:00,142.14,143.59,-0.010098196253221059,-0.011285549197778355,0.0011873529445572961,6.000925858297193,4
ADA,long,2024-10-11 12:00:00+00:00,2024-10-11 13:00:00+00:00,2024-10-11 17:00:00+00:00,0.3466,0.35,0.009809578765147098,0.007794239655427804,0.002015339109719294,9.988775255673833,4
BNB,long,2024-10-11 21:00:00+00:00,2024-10-11 22:00:00+00:00,2024-10-12 02:00:00+00:00,573.7,577.0,0.005752135262332203,0.004454361635067183,0.0012977736272650198,6.455921962584254,4
ETH,long,2024-10-11 21:00:00+00:00,2024-10-11 22:00:00+00:00,2024-10-12 02:00:00+00:00,2449.97,2444.52,-0.00222451703490234,-0.003230151644971424,0.0010056346100690838,5.041924062981029,4
LINK,long,2024-10-13 03:00:00+00:00,2024-10-13 04:00:00+00:00,2024-10-13 08:00:00+00:00,10.944,10.98,0.0032894736842103978,0.0019786923048077387,0.001310781379402659,6.536688716426203,4
LINK,long,2024-10-13 10:00:00+00:00,2024-10-13 11:00:00+00:00,2024-10-13 15:00:00+00:00,10.944,10.729,-0.019645467836257424,-0.020926285087588314,0.0012808172513308902,6.536688716426203,4
XRP,short,2024-10-13 10:00:00+00:00,2024-10-13 11:00:00+00:00,2024-10-13 15:00:00+00:00,0.5314,0.5284,0.005677517032551149,0.00452310651517096,0.0011544105173801888,5.742762706652812,4
ADA,long,2024-10-14 09:00:00+00:00,2024-10-14 10:00:00+00:00,2024-10-14 14:00:00+00:00,0.3555,0.3577,0.0061884669479608245,0.004180354713901435,0.0020081122340593893,9.988775255673833,4
AVAX,long,2024-10-15 12:00:00+00:00,2024-10-15 13:00:00+00:00,2024-10-15 17:00:00+00:00,28.745,28.347,-0.013845886241085403,-0.01536550866409725,0.001519622423011846,7.710732744665526,4
ADA,long,2024-10-15 14:00:00+00:00,2024-10-15 15:00:00+00:00,2024-10-15 19:00:00+00:00,0.354,0.3596,0.01581920903954792,0.013791876140918813,0.0020273328986291084,9.988775255673833,4
ETH,long,2024-10-15 19:00:00+00:00,2024-10-15 20:00:00+00:00,2024-10-16 00:00:00+00:00,2592.22,2607.68,0.005963999969138545,0.004950112343992563,0.0010138876251459816,5.041924062981029,4
BNB,long,2024-10-15 20:00:00+00:00,2024-10-15 21:00:00+00:00,2024-10-16 01:00:00+00:00,588.0,592.9,0.008333333333333304,0.00703222905364842,0.0013011042796848837,6.455921962584254,4
SOL,long,2024-10-15 20:00:00+00:00,2024-10-15 21:00:00+00:00,2024-10-16 01:00:00+00:00,152.8,153.81,0.006609947643978931,0.005402553859230164,0.001207393784748767,6.000925858297193,4
ADA,long,2024-10-17 02:00:00+00:00,2024-10-17 03:00:00+00:00,2024-10-17 07:00:00+00:00,0.3509,0.35,-0.002564833285836454,-0.004555476020030591,0.001990642734194137,9.988775255673833,4
ETH,short,2024-10-17 06:00:00+00:00,2024-10-17 07:00:00+00:00,2024-10-17 11:00:00+00:00,2625.33,2614.6,0.0041038782222901915,0.0030918653704168353,0.0010120128518733562,5.041924062981029,4
LINK,long,2024-10-17 11:00:00+00:00,2024-10-17 12:00:00+00:00,2024-10-17 16:00:00+00:00,10.945,11.111,0.015166742804933797,0.013840443966602,0.0013262988383317964,6.536688716426203,4
ADA,long,2024-10-17 12:00:00+00:00,2024-10-17 13:00:00+00:00,2024-10-17 17:00:00+00:00,0.3449,0.3461,0.0034792693534357877,0.0014765640317122575,0.0020027053217235302,9.988775255673833,4
ADA,short,2024-10-17 21:00:00+00:00,2024-10-17 22:00:00+00:00,2024-10-18 02:00:00+00:00,0.342,0.3491,-0.02033801203093666,-0.022293183738729128,0.001955171707792469,9.988775255673833,4
LINK,long,2024-10-18 03:00:00+00:00,2024-10-18 04:00:00+00:00,2024-10-18 08:00:00+00:00,11.164,11.423,0.023199570046578355,0.021862776450105148,0.001336793596473207,6.536688716426203,4
AVAX,long,2024-10-18 14:00:00+00:00,2024-10-18 15:00:00+00:00,2024-10-18 19:00:00+00:00,27.614,28.109,0.01792568986745846,0.016357108768723094,0.0015685810987353666,7.710732744665526,4
LINK,short,2024-10-18 16:00:00+00:00,2024-10-18 17:00:00+00:00,2024-10-18 21:00:00+00:00,11.45,11.389,0.005356045306875057,0.004042563985258818,0.0013134813216162389,6.536688716426203,4
ADA,short,2024-10-18 20:00:00+00:00,2024-10-18 21:00:00+00:00,2024-10-19 01:00:00+00:00,0.3483,0.3513,-0.00853970964987194,-0.01051842795567326,0.001978718305801319,9.988775255673833,4
ADA,long,2024-10-21 05:00:00+00:00,2024-10-21 06:00:00+00:00,2024-10-21 10:00:00+00:00,0.369,0.3646,-0.01192411924119241,-0.01389608307253054,0.0019719638313381305,9.988775255673833,4
LINK,short,2024-10-21 08:00:00+00:00,2024-10-21 09:00:00+00:00,2024-10-21 13:00:00+00:00,11.864,11.737,0.010820482235665008,0.009499861716077751,0.0013206205195872567,6.536688716426203,4
XRP,long,2024-10-21 08:00:00+00:00,2024-10-21 09:00:00+00:00,2024-10-21 13:00:00+00:00,0.5536,0.5509,-0.004877167630057855,-0.006019462495277184,0.0011422948652193288,5.742762706652812,4
SOL,long,2024-10-21 23:00:00+00:00,2024-10-22 00:00:00+00:00,2024-10-22 04:00:00+00:00,166.18,166.47,0.0017450956793838568,0.0005435371161519598,0.001201558563231897,6.000925858297193,4
AVAX,short,2024-10-22 14:00:00+00:00,2024-10-22 15:00:00+00:00,2024-10-22 19:00:00+00:00,27.869,27.573,0.010735139448010633,0.009177638688036449,0.0015575007599741841,7.710732744665526,4
XRP,short,2024-10-23 06:00:00+00:00,2024-10-23 07:00:00+00:00,2024-10-23 11:00:00+00:00,0.53,0.5256,0.008371385083713934,0.0072138822931568924,0.0011575027905570412,5.742762706652812,4
SOL,long,2024-10-23 07:00:00+00:00,2024-10-23 08:00:00+00:00,2024-10-23 12:00:00+00:00,165.7,166.41,0.004284852142426132,0.0030802472292397187,0.0012046049131864134,6.000925858297193,4
DOT,long,2024-10-23 16:00:00+00:00,2024-10-23 17:00:00+00:00,2024-10-23 21:00:00+00:00,4.162,4.215,0.012734262373858662,0.010903543122182224,0.0018307192516764381,9.046674492363598,4
XRP,long,2024-10-23 19:00:00+00:00,2024-10-23 20:00:00+00:00,2024-10-24 00:00:00+00:00,0.5219,0.5258,0.007472695918758321,0.006316224727502373,0.0011564711912559478,5.742762706652812,4
XRP,short,2024-10-24 02:00:00+00:00,2024-10-24 03:00:00+00:00,2024-10-24 07:00:00+00:00,0.5291,0.5313,-0.0041407867494823725,-0.005283926901405445,0.0011431401519230722,5.742762706652812,4
SOL,long,2024-10-24 07:00:00+00:00,2024-10-24 08:00:00+00:00,2024-10-24 12:00:00+00:00,173.52,173.85,0.001901798063623783,0.000700051541306701,0.001201746522317082,6.000925858297193,4
ADA,short,2024-10-24 14:00:00+00:00,2024-10-24 15:00:00+00:00,2024-10-24 19:00:00+00:00,0.3432,0.3459,-0.007805724197744945,-0.009785907363475177,0.0019801831657302316,9.988775255673833,4
ETH,short,2024-10-24 19:00:00+00:00,2024-10-24 20:00:00+00:00,2024-10-25 00:00:00+00:00,2539.99,2535.96,0.0015891417845705913,0.0005796634768311382,0.0010094783077394531,5.041924062981029,4
BNB,short,2024-10-25 01:00:00+00:00,2024-10-25 02:00:00+00:00,2024-10-25 06:00:00+00:00,594.5,591.6,0.004901960784313708,0.0036052841808358327,0.0012966766034778754,6.455921962584254,4
LINK,short,2024-10-25 14:00:00+00:00,2024-10-25 15:00:00+00:00,2024-10-25 19:00:00+00:00,11.981,11.594,0.03337933413834748,0.03202924084565684,0.0013500932926906462,6.536688716426203,4
ETH,short,2024-10-25 20:00:00+00:00,2024-10-25 21:00:00+00:00,2024-10-26 01:00:00+00:00,2480.56,2443.66,0.01510030036911858,0.014077204480142713,0.0010230958889758668,5.041924062981029,4
LINK,short,2024-10-25 20:00:00+00:00,2024-10-25 21:00:00+00:00,2024-10-26 01:00:00+00:00,11.633,11.194,0.03921743791316756,0.037859717232848755,0.001357720680318808,6.536688716426203,4
AVAX,short,2024-10-25 23:00:00+00:00,2024-10-26 00:00:00+00:00,2024-10-26 04:00:00+00:00,24.921,25.279,-0.014161952608884865,-0.015681087986785913,0.0015191353779010486,7.710732744665526,4
XRP,long,2024-10-25 23:00:00+00:00,2024-10-26 00:00:00+00:00,2024-10-26 04:00:00+00:00,0.502,0.5121,0.02011952191235067,0.018948533513847732,0.0011709883985029368,5.742762706652812,4
DOT,short,2024-10-26 00:00:00+00:00,2024-10-26 01:00:00+00:00,2024-10-26 05:00:00+00:00,4.006,4.021,-0.003730415319572189,-0.0055313713810949405,0.0018009560615227516,9.046674492363598,4
SOL,long,2024-10-26 22:00:00+00:00,2024-10-26 23:00:00+00:00,2024-10-27 03:00:00+00:00,171.37,171.56,0.0011087121433155378,-9.208309989539032e-05,0.0012007952432109281,6.000925858297193,4
XRP,long,2024-10-27 10:00:00+00:00,2024-10-27 11:00:00+00:00,2024-10-27 15:00:00+00:00,0.5112,0.5152,0.007824726134585402,0.0066678508501913925,0.00115687528439401,5.742762706652812,4
SOL,long,2024-10-27 23:00:00+00:00,2024-10-28 00:00:00+00:00,2024-10-28 04:00:00+00:00,176.59,175.7,-0.005039922985446643,-0.0062333431536778505,0.0011934201682312073,6.000925858297193,4
ADA,long,2024-10-28 03:00:00+00:00,2024-10-28 04:00:00+00:00,2024-10-28 08:00:00+00:00,0.3333,0.3363,0.00900090009000909,0.006987174910079608,0.002013725179929482,9.988775255673833,4
DOT,short,2024-10-28 06:00:00+00:00,2024-10-28 07:00:00+00:00,2024-10-28 11:00:00+00:00,4.121,4.215,-0.022301304863582283,-0.024068690336775944,0.0017673854731936611,9.046674492363598,4
DOT,long,2024-10-28 12:00:00+00:00,2024-10-28 13:00:00+00:00,2024-10-28 17:00:00+00:00,4.189,4.021,-0.04010503700167112,-0.0418402386766189,0.0017352016749477839,9.046674492363598,4
LINK,long,2024-10-28 12:00:00+00:00,2024-10-28 13:00:00+00:00,2024-10-28 17:00:00+00:00,11.172,10.864,-0.027568922305764354,-0.028839387692701668,0.001270465386937314,6.536688716426203,4
ETH,short,2024-10-28 13:00:00+00:00,2024-10-28 14:00:00+00:00,2024-10-28 18:00:00+00:00,2513.77,2501.32,0.0049773719476116085,0.003964478721809606,0.001012893225802003,5.041924062981029,4
SOL,short,2024-10-28 13:00:00+00:00,2024-10-28 14:00:00+00:00,2024-10-28 18:00:00+00:00,175.2,174.76,0.0025177386129549006,0.0013152532912721338,0.001202485321682767,6.000925858297193,4
ADA,long,2024-10-28 19:00:00+00:00,2024-10-28 20:00:00+00:00,2024-10-29 00:00:00+00:00,0.3423,0.3438,0.004382120946538226,0.0023776137483377813,0.0020045071982004448,9.988775255673833,4
XRP,long,2024-10-28 19:00:00+00:00,2024-10-28 20:00:00+00:00,2024-10-29 00:00:00+00:00,0.5175,0.5195,0.0038647342995168366,0.002712404663351098,0.0011523296361657387,5.742762706652812,4
ADA,short,2024-10-29 07:00:00+00:00,2024-10-29 08:00:00+00:00,2024-10-29 12:00:00+00:00,0.3473,0.3479,-0.0017246335153779935,-0.003716953087951169,0.0019923195725731757,9.988775255673833,4
LINK,short,2024-10-29 17:00:00+00:00,2024-10-29 18:00:00+00:00,2024-10-29 22:00:00+00:00,11.591,11.638,-0.004038494586698804,-0.005339702094741217,0.0013012075080424124,6.536688716426203,4
XRP,short,2024-10-29 21:00:00+00:00,2024-10-29 22:00:00+00:00,2024-10-30 02:00:00+00:00,0.5268,0.5252,0.0030464584920031346,0.0018950681491816113,0.0011513903428215233,5.742762706652812,4
XRP,short,2024-10-30 14:00:00+00:00,2024-10-30 15:00:00+00:00,2024-10-30 19:00:00+00:00,0.5259,0.5234,0.00477646159724876,0.0036230853953962416,0.0011533762018525184,5.742762706652812,4
DOT,long,2024-10-30 18:00:00+00:00,2024-10-30 19:00:00+00:00,2024-10-30 23:00:00+00:00,4.17,4.19,0.004796163069544557,0.002979793516261875,0.0018163695532826818,9.046674492363598,4
ETH,long,2024-10-30 18:00:00+00:00,2024-10-30 19:00:00+00:00,2024-10-30 23:00:00+00:00,2667.31,2659.98,-0.002748087024005419,-0.0037531939401080905,0.0010051069161026716,5.041924062981029,4
AVAX,long,2024-10-31 02:00:00+00:00,2024-10-31 03:00:00+00:00,2024-10-31 07:00:00+00:00,26.134,25.845,-0.011058391367567255,-0.012582309204099862,0.0015239178365326067,7.710732744665526,4
DOT,short,2024-10-31 09:00:00+00:00,2024-10-31 10:00:00+00:00,2024-10-31 14:00:00+00:00,4.106,4.033,0.01810066947681621,0.016260249373533764,0.0018404201032824474,9.046674492363598,4
XRP,short,2024-10-31 11:00:00+00:00,2024-10-31 12:00:00+00:00,2024-10-31 16:00:00+00:00,0.5186,0.5108,0.015270164447924728,0.014104742594526654,0.0011654218533980742,5.742762706652812,4
LINK,short,2024-10-31 13:00:00+00:00,2024-10-31 14:00:00+00:00,2024-10-31 18:00:00+00:00,12.011,11.607,0.03480658223485822,0.03345462426574275,0.0013519579691154693,6.536688716426203,4
ETH,long,2024-10-31 14:00:00+00:00,2024-10-31 15:00:00+00:00,2024-10-31 19:00:00+00:00,2555.7,2525.14,-0.011957585006064808,-0.012953409884204015,0.0009958248781392065,5.041924062981029,4
AVAX,long,2024-10-31 15:00:00+00:00,2024-10-31 16:00:00+00:00,2024-10-31 20:00:00+00:00,25.263,24.696,-0.02244389027431426,-0.02395026353115637,0.0015063732568421084,7.710732744665526,4
DOT,long,2024-10-31 20:00:00+00:00,2024-10-31 21:00:00+00:00,2024-11-01 01:00:00+00:00,3.93,3.944,0.003562340966920985,0.0017482017932755056,0.0018141391736454793,9.046674492363598,4
XRP,long,2024-11-01 00:00:00+00:00,2024-11-01 01:00:00+00:00,2024-11-01 05:00:00+00:00,0.5113,0.5165,0.010170154508116536,0.009010586922128638,0.0011595675859878973,5.742762706652812,4
XRP,long,2024-11-01 06:00:00+00:00,2024-11-01 07:00:00+00:00,2024-11-01 11:00:00+00:00,0.5131,0.5195,0.01247320210485281,0.011310990865882165,0.0011622112389706452,5.742762706652812,4
SOL,short,2024-11-01 16:00:00+00:00,2024-11-01 17:00:00+00:00,2024-11-01 21:00:00+00:00,166.32,165.71,0.0036811296843883845,0.002477248915390362,0.0012038807689980224,6.000925858297193,4
DOT,long,2024-11-01 19:00:00+00:00,2024-11-01 20:00:00+00:00,2024-11-02 00:00:00+00:00,3.923,3.909,-0.0035686974254397485,-0.0053699458243240406,0.001801248398884292,9.046674492363598,4
LINK,short,2024-11-02 09:00:00+00:00,2024-11-02 10:00:00+00:00,2024-11-02 14:00:00+00:00,11.198,11.113,0.007648699721047425,0.006332223083727939,0.0013164766373194858,6.536688716426203,4
XRP,long,2024-11-02 14:00:00+00:00,2024-11-02 15:00:00+00:00,2024-11-02 19:00:00+00:00,0.5098,0.5093,-0.000980776775206027,-0.0021275442815122947,0.0011467675063062677,5.742762706652812,4
XRP,short,2024-11-02 21:00:00+00:00,2024-11-02 22:00:00+00:00,2024-11-03 02:00:00+00:00,0.5091,0.5067,0.00473653049141487,0.0035832001262123825,0.0011533303652024873,5.742762706652812,4
ADA,long,2024-11-02 23:00:00+00:00,2024-11-03 00:00:00+00:00,2024-11-03 04:00:00+00:00,0.3483,0.3404,-0.022681596325007214,-0.024632090797423567,0.001950494472416353,9.988775255673833,4
DOT,long,2024-11-03 04:00:00+00:00,2024-11-03 05:00:00+00:00,2024-11-03 09:00:00+00:00,3.825,3.819,-0.0015686274509804088,-0.0033734913754206453,0.0018048639244402365,9.046674492363598,4
BNB,short,2024-11-03 17:00:00+00:00,2024-11-03 18:00:00+00:00,2024-11-03 22:00:00+00:00,554.5,559.0,-0.00805008944543828,-0.009330053353394319,0.0012799639079560388,6.455921962584254,4
AVAX,long,2024-11-03 19:00:00+00:00,2024-11-03 20:00:00+00:00,2024-11-04 00:00:00+00:00,23.293,23.531,0.010217661958528357,0.008660958609816083,0.001556703348712274,7.710732744665526,4
DOT,long,2024-11-03 19:00:00+00:00,2024-11-03 20:00:00+00:00,2024-11-04 00:00:00+00:00,3.783,3.785,0.0005286809410520732,-0.0012799742867858344,0.0018086552278379076,9.046674492363598,4
ADA,long,2024-11-03 22:00:00+00:00,2024-11-03 23:00:00+00:00,2024-11-04 03:00:00+00:00,0.3345,0.3357,0.0035874439461882623,0.0015845227337738521,0.0020029212124144102,9.988775255673833,4
LINK,long,2024-11-03 22:00:00+00:00,2024-11-03 23:00:00+00:00,2024-11-04 03:00:00+00:00,10.785,10.87,0.007881316643486347,0.006564536095940987,0.0013167805475453598,6.536688716426203,4
AVAX,short,2024-11-04 04:00:00+00:00,2024-11-04 05:00:00+00:00,2024-11-04 09:00:00+00:00,23.713,23.3,0.017725321888412138,0.01615704954838848,0.0015682723400236576,7.710732744665526,4
BNB,long,2024-11-04 08:00:00+00:00,2024-11-04 09:00:00+00:00,2024-11-04 13:00:00+00:00,557.7,561.5,0.006813699121391403,0.005514555703765911,0.0012991434176254923,6.455921962584254,4
LINK,short,2024-11-04 10:00:00+00:00,2024-11-04 11:00:00+00:00,2024-11-04 15:00:00+00:00,10.616,10.494,0.011625690870973981,0.010304018359400757,0.0013216725115732242,6.536688716426203,4
DOT,short,2024-11-04 14:00:00+00:00,2024-11-04 15:00:00+00:00,2024-11-04 19:00:00+00:00,3.789,3.772,0.004506892895016046,0.002691046255292484,0.0018158466397235618,9.046674492363598,4
ETH,short,2024-11-04 18:00:00+00:00,2024-11-04 19:00:00+00:00,2024-11-04 23:00:00+00:00,2425.91,2406.35,0.008128493361314826,0.007112424193822298,0.0010160691674925282,5.041924062981029,4
XRP,short,2024-11-04 18:00:00+00:00,2024-11-04 19:00:00+00:00,2024-11-04 23:00:00+00:00,0.5087,0.5032,0.010930047694753808,0.009769607832442961,0.001160439862310847,5.742762706652812,4
ADA,short,2024-11-05 01:00:00+00:00,2024-11-05 02:00:00+00:00,2024-11-05 06:00:00+00:00,0.3295,0.3309,-0.004230885463886391,-0.006218203155236912,0.001987317691350521,9.988775255673833,4
DOT,short,2024-11-05 01:00:00+00:00,2024-11-05 02:00:00+00:00,2024-11-05 06:00:00+00:00,3.785,3.827,-0.010974653775803422,-0.012762514430862515,0.0017878606550590925,9.046674492363598,4
SOL,short,2024-11-05 01:00:00+00:00,2024-11-05 02:00:00+00:00,2024-11-05 06:00:00+00:00,158.29,160.8,-0.01560945273631853,-0.016790195119516294,0.0011807423831977637,6.000925858297193,4
ETH,short,2024-11-05 02:00:00+00:00,2024-11-05 03:00:00+00:00,2024-11-05 07:00:00+00:00,2405.59,2430.48,-0.010240775484677833,-0.011238330695044207,0.0009975552103663743,5.041924062981029,4
DOT,long,2024-11-05 15:00:00+00:00,2024-11-05 16:00:00+00:00,2024-11-05 20:00:00+00:00,3.869,3.839,-0.007753941586973401,-0.009547624321947445,0.0017936827349740447,9.046674492363598,4
AVAX,short,2024-11-05 16:00:00+00:00,2024-11-05 17:00:00+00:00,2024-11-05 21:00:00+00:00,24.228,23.954,0.011438590632044887,0.009880005883089682,0.0015585847489552052,7.710732744665526,4
ADA,short,2024-11-05 18:00:00+00:00,2024-11-05 19:00:00+00:00,2024-11-05 23:00:00+00:00,0.3363,0.3348,0.0044802867383513245,0.0024755836246401763,0.002004703113711148,9.988775255673833,4
SOL,short,2024-11-05 19:00:00+00:00,2024-11-05 20:00:00+00:00,2024-11-06 00:00:00+00:00,164.07,166.63,-0.015363379943587607,-0.016544417482581508,0.001181037538993901,6.000925858297193,4
AVAX,short,2024-11-06 04:00:00+00:00,2024-11-06 05:00:00+00:00,2024-11-06 09:00:00+00:00,26.149,25.848,0.011645001547508693,0.010086098727928317,0.0015589028195803767,7.710732744665526,4
BNB,short,2024-11-06 04:00:00+00:00,2024-11-06 05:00:00+00:00,2024-11-06 09:00:00+00:00,578.3,579.5,-0.0020707506471097092,-0.0033584300029667613,0.001287679355857052,6.455921962584254,4
ETH,short,2024-11-06 04:00:00+00:00,2024-11-06 05:00:00+00:00,2024-11-06 09:00:00+00:00,2584.21,2607.53,-0.008943329511069908,-0.009942192386936166,0.0009988628758662577,5.041924062981029,4
LINK,short,2024-11-06 04:00:00+00:00,2024-11-06 05:00:00+00:00,2024-11-06 09:00:00+00:00,11.655,11.807,-0.012873718980266013,-0.014163383411338493,0.0012896644310724792,6.536688716426203,4
SOL,short,2024-11-06 04:00:00+00:00,2024-11-06 05:00:00+00:00,2024-11-06 09:00:00+00:00,185.2,183.23,0.010751514489985237,0.00953915303917996,0.0012123614508052771,6.000925858297193,4
BNB,short,2024-11-06 14:00:00+00:00,2024-11-06 15:00:00+00:00,2024-11-06 19:00:00+00:00,580.5,586.9,-0.010904753791105781,-0.012181034179064465,0.0012762803879586837,6.455921962584254,4
XRP,short,2024-11-06 14:00:00+00:00,2024-11-06 15:00:00+00:00,2024-11-06 19:00:00+00:00,0.5282,0.535,-0.012710280373831817,-0.01384358366115268,0.0011333032873208637,5.742762706652812,4
ETH,long,2024-11-06 16:00:00+00:00,2024-11-06 17:00:00+00:00,2024-11-06 21:00:00+00:00,2656.21,2690.39,0.012867958482198238,0.011847112518482472,0.0010208459637157663,5.041924062981029,4
ETH,long,2024-11-06 23:00:00+00:00,2024-11-07 00:00:00+00:00,2024-11-07 04:00:00+00:00,2722.41,2853.69,0.048221979789965674,0.047165501333730875,0.0010564784562347995,5.041924062981029,4
ETH,short,2024-11-07 17:00:00+00:00,2024-11-07 18:00:00+00:00,2024-11-07 22:00:00+00:00,2861.47,2890.73,-0.010122010703178863,-0.011119685613795172,0.0009976749106163085,5.041924062981029,4
SOL,short,2024-11-07 17:00:00+00:00,2024-11-07 18:00:00+00:00,2024-11-07 22:00:00+00:00,195.95,196.26,-0.0015795373484154274,-0.002777108129424666,0.0011975707810092384,6.000925858297193,4
SOL,long,2024-11-08 04:00:00+00:00,2024-11-08 05:00:00+00:00,2024-11-08 09:00:00+00:00,197.78,199.25,0.007432500758418392,0.006224120349684448,0.0012083804087339445,6.000925858297193,4
ETH,long,2024-11-08 18:00:00+00:00,2024-11-08 19:00:00+00:00,2024-11-08 23:00:00+00:00,2958.14,2958.77,0.00021297166462708184,-0.0007951196333838562,0.001008091298010938,5.041924062981029,4
ETH,long,2024-11-09 00:00:00+00:00,2024-11-09 01:00:00+00:00,2024-11-09 05:00:00+00:00,2982.54,2972.8,-0.003265672882844739,-0.004270258136246707,0.0010045852534019684,5.041924062981029,4
AVAX,short,2024-11-09 12:00:00+00:00,2024-11-09 13:00:00+00:00,2024-11-09 17:00:00+00:00,29.044,28.807,0.008227167008018954,0.006673530929135474,0.0015536360788834802,7.710732744665526,4
SOL,long,2024-11-10 02:00:00+00:00,2024-11-10 03:00:00+00:00,2024-11-10 07:00:00+00:00,202.46,205.76,0.016299515953768662,0.015080499867271557,0.0012190160864971045,6.000925858297193,4
DOT,short,2024-11-10 06:00:00+00:00,2024-11-10 07:00:00+00:00,2024-11-10 11:00:00+00:00,4.937,5.134,-0.0383716400467472,-0.04010997518255832,0.0017383351358111199,9.046674492363598,4
ADA,short,2024-11-10 07:00:00+00:00,2024-11-10 08:00:00+00:00,2024-11-10 12:00:00+00:00,0.5843,0.5878,-0.005954406260632816,-0.007938284215481373,0.0019838779548485563,9.988775255673833,4
DOT,short,2024-11-10 12:00:00+00:00,2024-11-10 13:00:00+00:00,2024-11-10 17:00:00+00:00,5.235,5.323,-0.016532030809693787,-0.018309845396891955,0.0017778145871981677,9.046674492363598,4
AVAX,short,2024-11-10 13:00:00+00:00,2024-11-10 14:00:00+00:00,2024-11-10 18:00:00+00:00,32.684,32.785,-0.0030806771389354504,-0.004616888300879474,0.0015362111619440233,7.710732744665526,4
ADA,long,2024-11-10 17:00:00+00:00,2024-11-10 18:00:00+00:00,2024-11-10 22:00:00+00:00,0.6238,0.5879,-0.05755049695415204,-0.05943140141610659,0.0018809044619545467,9.988775255673833,4
SOL,long,2024-11-10 17:00:00+00:00,2024-11-10 18:00:00+00:00,2024-11-10 22:00:00+00:00,212.94,207.31,-0.026439372593218713,-0.02760712486246497,0.0011677522692462583,6.000925858297193,4
BNB,short,2024-11-10 18:00:00+00:00,2024-11-10 19:00:00+00:00,2024-11-10 23:00:00+00:00,636.6,626.6,0.015959144589849927,0.014648200334301809,0.0013109442555481188,6.455921962584254,4
DOT,short,2024-11-10 18:00:00+00:00,2024-11-10 19:00:00+00:00,2024-11-10 23:00:00+00:00,5.41,5.228,0.03481254781943388,0.03294191766150045,0.0018706301579334284,9.046674492363598,4
ETH,short,2024-11-10 18:00:00+00:00,2024-11-10 19:00:00+00:00,2024-11-10 23:00:00+00:00,3219.65,3185.14,0.010834688585117158,0.009815891906651553,0.0010187966784656055,5.041924062981029,4
LINK,short,2024-11-10 18:00:00+00:00,2024-11-10 19:00:00+00:00,2024-11-10 23:00:00+00:00,14.684,14.229,0.03197694848548749,0.0306286873868431,0.0013482610986443877,6.536688716426203,4
XRP,short,2024-11-10 18:00:00+00:00,2024-11-10 19:00:00+00:00,2024-11-10 23:00:00+00:00,0.6084,0.5901,0.031011692933401225,0.02982820148439691,0.0011834914490043147,5.742762706652812,4
AVAX,short,2024-11-10 22:00:00+00:00,2024-11-10 23:00:00+00:00,2024-11-11 03:00:00+00:00,32.082,32.469,-0.011919061258431118,-0.013441652838502849,0.0015225915800717305,7.710732744665526,4
DOT,short,2024-11-11 00:00:00+00:00,2024-11-11 01:00:00+00:00,2024-11-11 05:00:00+00:00,5.255,5.19,0.012524084778420042,0.01069374546468449,0.0018303393137355517,9.046674492363598,4
ETH,short,2024-11-11 00:00:00+00:00,2024-11-11 01:00:00+00:00,2024-11-11 05:00:00+00:00,3195.44,3181.2,0.004476298252231947,0.0034639100469069373,0.00101238820532501,5.041924062981029,4
AVAX,long,2024-11-11 05:00:00+00:00,2024-11-11 06:00:00+00:00,2024-11-11 10:00:00+00:00,31.037,31.508,0.015175435770209855,0.013611092698509797,0.0015643430717000584,7.710732744665526,4
BNB,long,2024-11-11 05:00:00+00:00,2024-11-11 06:00:00+00:00,2024-11-11 10:00:00+00:00,619.6,622.5,0.004680438992898717,0.0033840482303635344,0.0012963907625351823,6.455921962584254,4
ADA,long,2024-11-11 10:00:00+00:00,2024-11-11 11:00:00+00:00,2024-11-11 15:00:00+00:00,0.5931,0.5921,-0.0016860563142808704,-0.0036784528777479286,0.001992396563467058,9.988775255673833,4
LINK,short,2024-11-11 14:00:00+00:00,2024-11-11 15:00:00+00:00,2024-11-11 19:00:00+00:00,14.023,14.665,-0.043777702011592146,-0.045026990891470886,0.0012492888798787405,6.536688716426203,4
ADA,long,2024-11-11 16:00:00+00:00,2024-11-11 17:00:00+00:00,2024-11-11 21:00:00+00:00,0.5993,0.6063,0.011680293675955022,0.009661221065383696,0.0020190726105713264,9.988775255673833,4
AVAX,long,2024-11-11 16:00:00+00:00,2024-11-11 17:00:00+00:00,2024-11-11 21:00:00+00:00,33.32,34.219,0.02698079231692674,0.02539825768239723,0.0015825346345295088,7.710732744665526,4
ETH,long,2024-11-11 16:00:00+00:00,2024-11-11 17:00:00+00:00,2024-11-11 21:00:00+00:00,3280.31,3354.97,0.022760044020229797,0.021729228054491845,0.0010308159657379523,5.041924062981029,4
SOL,long,2024-11-11 16:00:00+00:00,2024-11-11 17:00:00+00:00,2024-11-11 21:00:00+00:00,218.07,218.79,0.0033016921172099867,0.0020982664704380927,0.001203425646771894,6.000925858297193,4
BNB,long,2024-11-11 22:00:00+00:00,2024-11-11 23:00:00+00:00,2024-11-12 03:00:00+00:00,639.7,649.1,0.014694387994372393,0.013385075719206885,0.0013093122751655084,6.455921962584254,4
AVAX,long,2024-11-11 23:00:00+00:00,2024-11-12 00:00:00+00:00,2024-11-12 04:00:00+00:00,35.728,35.982,0.007109270040304372,0.005557356594095841,0.0015519134462085304,7.710732744665526,4
ETH,long,2024-11-12 02:00:00+00:00,2024-11-12 03:00:00+00:00,2024-11-12 07:00:00+00:00,3307.39,3380.79,0.022192725986351913,0.021162481807212696,0.001030244179139217,5.041924062981029,4
LINK,long,2024-11-12 02:00:00+00:00,2024-11-12 03:00:00+00:00,2024-11-12 07:00:00+00:00,14.714,14.798,0.0057088487155090295,0.00439490646197771,0.0013139422535313194,6.536688716426203,4
ADA,long,2024-11-12 07:00:00+00:00,2024-11-12 08:00:00+00:00,2024-11-12 12:00:00+00:00,0.6116,0.5857,-0.04234793982995422,-0.044259184970571686,0.001911245140617468,9.988775255673833,4
AVAX,long,2024-11-12 08:00:00+00:00,2024-11-12 09:00:00+00:00,2024-11-12 13:00:00+00:00,37.467,33.879,-0.09576427255985265,-0.09715766216086419,0.001393389601011541,7.710732744665526,4
DOT,long,2024-11-12 08:00:00+00:00,2024-11-12 09:00:00+00:00,2024-11-12 13:00:00+00:00,5.784,5.356,-0.07399723374827105,-0.07567116851503697,0.0016739347667659166,9.046674492363598,4
ETH,long,2024-11-12 08:00:00+00:00,2024-11-12 09:00:00+00:00,2024-11-12 13:00:00+00:00,3423.33,3252.57,-0.04988125597006421,-0.050838858465800274,0.0009576024957360652,5.041924062981029,4
LINK,long,2024-11-12 08:00:00+00:00,2024-11-12 09:00:00+00:00,2024-11-12 13:00:00+00:00,15.174,13.971,-0.07928034796362193,-0.08048325321399585,0.0012029052503739202,6.536688716426203,4
XRP,long,2024-11-12 08:00:00+00:00,2024-11-12 09:00:00+00:00,2024-11-12 13:00:00+00:00,0.6861,0.6427,-0.06325608511878733,-0.06433136721380872,0.0010752820950213904,5.742762706652812,4
SOL,long,2024-11-12 11:00:00+00:00,2024-11-12 12:00:00+00:00,2024-11-12 16:00:00+00:00,211.43,210.6,-0.003925649151019339,-0.005120405852140464,0.0011947567011211246,6.000925858297193,4
XRP,short,2024-11-12 14:00:00+00:00,2024-11-12 15:00:00+00:00,2024-11-12 19:00:00+00:00,0.6667,0.6971,-0.0436092382728448,-0.04470707285238351,0.0010978345795387146,5.742762706652812,4
SOL,long,2024-11-12 20:00:00+00:00,2024-11-12 21:00:00+00:00,2024-11-13 01:00:00+00:00,212.9,210.6,-0.01080319398778773,-0.011989701311968304,0.0011865073241805746,6.000925858297193,4
AVAX,short,2024-11-12 23:00:00+00:00,2024-11-13 00:00:00+00:00,2024-11-13 04:00:00+00:00,33.954,32.362,0.049193498547679404,0.047576735057849096,0.0016167634898303085,7.710732744665526,4
AVAX,short,2024-11-13 06:00:00+00:00,2024-11-13 07:00:00+00:00,2024-11-13 11:00:00+00:00,31.699,32.149,-0.013997324955675072,-0.015516714017934086,0.0015193890622590134,7.710732744665526,4
SOL,long,2024-11-13 11:00:00+00:00,2024-11-13 12:00:00+00:00,2024-11-13 16:00:00+00:00,207.71,216.54,0.042511193490924803,0.041260737404634096,0.0012504560862907077,6.000925858297193,4
ADA,long,2024-11-13 12:00:00+00:00,2024-11-13 13:00:00+00:00,2024-11-13 17:00:00+00:00,0.5349,0.5908,0.10450551504954197,0.10230118543315814,0.0022043296163838377,9.988775255673833,4
AVAX,long,2024-11-13 13:00:00+00:00,2024-11-13 14:00:00+00:00,2024-11-13 18:00:00+00:00,33.355,34.286,0.027911857292759912,0.026327887925874816,0.0015839693668850963,7.710732744665526,4
ETH,long,2024-11-13 15:00:00+00:00,2024-11-13 16:00:00+00:00,2024-11-13 20:00:00+00:00,3310.43,3159.02,-0.04573726071839601,-0.046699039850179314,0.0009617791317833024,5.041924062981029,4
AVAX,long,2024-11-13 19:00:00+00:00,2024-11-13 20:00:00+00:00,2024-11-14 00:00:00+00:00,32.464,33.115,0.020052981764416167,0.018481122597453936,0.0015718591669622306,7.710732744665526,4
ETH,short,2024-11-13 21:00:00+00:00,2024-11-13 22:00:00+00:00,2024-11-14 02:00:00+00:00,3152.16,3216.62,-0.02003966896929077,-0.021027348103729415,0.000987679134438646,5.041924062981029,4
XRP,short,2024-11-14 00:00:00+00:00,2024-11-14 01:00:00+00:00,2024-11-14 05:00:00+00:00,0.6838,0.7,-0.02314285714285713,-0.024264184944854383,0.0011213278019972517,5.742762706652812,4
ADA,long,2024-11-14 06:00:00+00:00,2024-11-14 07:00:00+00:00,2024-11-14 11:00:00+00:00,0.5717,0.5665,-0.009095679552212688,-0.011073288274671134,0.001977608722458446,9.988775255673833,4
AVAX,long,2024-11-14 06:00:00+00:00,2024-11-14 07:00:00+00:00,2024-11-14 11:00:00+00:00,33.452,32.692,-0.022719119933038323,-0.024225069072437933,0.0015059491393996094,7.710732744665526,4
BNB,long,2024-11-14 06:00:00+00:00,2024-11-14 07:00:00+00:00,2024-11-14 11:00:00+00:00,623.9,633.0,0.014585670780573823,0.013276498788812319,0.0013091719917615041,6.455921962584254,4
DOT,long,2024-11-14 06:00:00+00:00,2024-11-14 07:00:00+00:00,2024-11-14 11:00:00+00:00,5.06,4.996,-0.012648221343873334,-0.014433056691623536,0.0017848353477502021,9.046674492363598,4
ETH,long,2024-11-14 06:00:00+00:00,2024-11-14 07:00:00+00:00,2024-11-14 11:00:00+00:00,3184.78,3181.18,-0.001130376352526774,-0.002137113721439987,0.001006737368913213,5.041924062981029,4
LINK,long,2024-11-14 06:00:00+00:00,2024-11-14 07:00:00+00:00,2024-11-14 11:00:00+00:00,13.444,13.29,-0.011454924129723376,-0.012746442193191987,0.0012915180634686108,6.536688716426203,4
SOL,long,2024-11-14 06:00:00+00:00,2024-11-14 07:00:00+00:00,2024-11-14 11:00:00+00:00,215.83,217.44,0.007459574665245716,0.006251161782297787,0.001208412882947929,6.000925858297193,4
XRP,long,2024-11-14 06:00:00+00:00,2024-11-14 07:00:00+00:00,2024-11-14 11:00:00+00:00,0.6864,0.7095,0.033653846153846256,0.03246732179477396,0.001186524359072294,5.742762706652812,4
XRP,long,2024-11-14 13:00:00+00:00,2024-11-14 14:00:00+00:00,2024-11-14 18:00:00+00:00,0.726,0.7659,0.05495867768595053,0.05374769765279286,0.0012109800331576714,5.742762706652812,4
LINK,short,2024-11-14 16:00:00+00:00,2024-11-14 17:00:00+00:00,2024-11-14 21:00:00+00:00,13.371,13.132,0.01819981724032904,0.016869555739578823,0.0013302615007502183,6.536688716426203,4
XRP,long,2024-11-14 19:00:00+00:00,2024-11-14 20:00:00+00:00,2024-11-15 00:00:00+00:00,0.7902,0.7735,-0.021133890154391377,-0.022257524036201737,0.0011236338818103597,5.742762706652812,4
BNB,long,2024-11-15 05:00:00+00:00,2024-11-15 06:00:00+00:00,2024-11-15 10:00:00+00:00,616.2,624.1,0.012820512820512775,0.011513618502711154,0.0013068943178016212,6.455921962584254,4
XRP,long,2024-11-15 05:00:00+00:00,2024-11-15 06:00:00+00:00,2024-11-15 10:00:00+00:00,0.8064,0.812,0.00694444444444442,0.005788579629534496,0.0011558648149099238,5.742762706652812,4
ADA,long,2024-11-15 09:00:00+00:00,2024-11-15 10:00:00+00:00,2024-11-15 14:00:00+00:00,0.6214,0.6579,0.05873833279691043,0.05662534356219351,0.002112989234716922,9.988775255673833,4
ETH,short,2024-11-15 14:00:00+00:00,2024-11-15 15:00:00+00:00,2024-11-15 19:00:00+00:00,3059.32,3021.51,0.012513610744296688,0.011493121919391447,0.0010204888249052413,5.041924062981029,4
XRP,long,2024-11-15 16:00:00+00:00,2024-11-15 17:00:00+00:00,2024-11-15 21:00:00+00:00,0.881,0.8721,-0.010102156640181659,-0.011238453775349044,0.0011362971351673856,5.742762706652812,4
AVAX,long,2024-11-15 18:00:00+00:00,2024-11-15 19:00:00+00:00,2024-11-15 23:00:00+00:00,32.111,33.181,0.03332191460870115,0.0317296085687826,0.0015923060399185562,7.710732744665526,4
ADA,short,2024-11-15 20:00:00+00:00,2024-11-15 21:00:00+00:00,2024-11-16 01:00:00+00:00,0.6679,0.7104,-0.0598254504504504,-0.06170181464773483,0.0018763641972844303,9.988775255673833,4
LINK,short,2024-11-15 22:00:00+00:00,2024-11-15 23:00:00+00:00,2024-11-16 03:00:00+00:00,13.865,14.01,-0.010349750178443973,-0.011642712133704936,0.0012929619552609628,6.536688716426203,4
ADA,long,2024-11-16 02:00:00+00:00,2024-11-16 03:00:00+00:00,2024-11-16 07:00:00+00:00,0.7406,0.7216,-0.025654874426141006,-0.027599434944505785,0.0019445605183647796,9.988775255673833,4
XRP,long,2024-11-16 04:00:00+00:00,2024-11-16 05:00:00+00:00,2024-11-16 09:00:00+00:00,0.9487,0.9963,0.05017392220933914,0.04896843456509492,0.0012054876442442186,5.742762706652812,4
AVAX,long,2024-11-16 10:00:00+00:00,2024-11-16 11:00:00+00:00,2024-11-16 15:00:00+00:00,34.881,35.682,0.02296379117571168,0.021387446572661117,0.0015763446030505612,7.710732744665526,4
DOT,short,2024-11-16 11:00:00+00:00,2024-11-16 12:00:00+00:00,2024-11-16 16:00:00+00:00,5.494,5.462,0.0058586598315635285,0.004040369603382166,0.0018182902281813629,9.046674492363598,4
XRP,short,2024-11-16 11:00:00+00:00,2024-11-16 12:00:00+00:00,2024-11-16 16:00:00+00:00,1.0493,1.11,-0.0546846846846849,-0.05576980583312263,0.0010851211484377288,5.742762706652812,4
BNB,short,2024-11-16 20:00:00+00:00,2024-11-16 21:00:00+00:00,2024-11-17 01:00:00+00:00,625.1,627.1,-0.0031892840057407,-0.004475520060566507,0.0012862360548258067,6.455921962584254,4
XRP,short,2024-11-16 21:00:00+00:00,2024-11-16 22:00:00+00:00,2024-11-17 02:00:00+00:00,1.1357,1.0758,0.055679494329800905,0.05446768687602299,0.0012118074537779133,5.742762706652812,4
ETH,short,2024-11-16 23:00:00+00:00,2024-11-17 00:00:00+00:00,2024-11-17 04:00:00+00:00,3133.57,3080.33,0.017283862443309816,0.016258565793108026,0.0010252966502017902,5.041924062981029,4
LINK,long,2024-11-17 00:00:00+00:00,2024-11-17 01:00:00+00:00,2024-11-17 05:00:00+00:00,14.875,14.326,-0.03690756302521003,-0.038165827629935256,0.0012582646047252233,6.536688716426203,4
BNB,long,2024-11-17 04:00:00+00:00,2024-11-17 05:00:00+00:00,2024-11-17 09:00:00+00:00,629.9,642.8,0.020479441181139757,0.019162664154774856,0.0013167770263649015,6.455921962584254,4
SOL,long,2024-11-17 04:00:00+00:00,2024-11-17 05:00:00+00:00,2024-11-17 09:00:00+00:00,235.17,237.81,0.01122592167368297,0.010012991187884124,0.0012129304857988465,6.000925858297193,4
DOT,long,2024-11-17 07:00:00+00:00,2024-11-17 08:00:00+00:00,2024-11-17 12:00:00+00:00,5.672,5.48,-0.033850493653032276,-0.03559700166306157,0.0017465080100292907,9.046674492363598,4
XRP,long,2024-11-17 08:00:00+00:00,2024-11-17 09:00:00+00:00,2024-11-17 13:00:00+00:00,1.0805,1.0764,-0.003794539565016186,-0.004938077171773969,0.001143537606757783,5.742762706652812,4
ADA,long,2024-11-17 11:00:00+00:00,2024-11-17 12:00:00+00:00,2024-11-17 16:00:00+00:00,0.708,0.7257,0.025000000000000133,0.022954344431958873,0.0020456555680412603,9.988775255673833,4
DOT,long,2024-11-17 17:00:00+00:00,2024-11-17 18:00:00+00:00,2024-11-17 22:00:00+00:00,5.578,5.347,-0.041412692721405464,-0.04314553054772141,0.0017328378263159472,9.046674492363598,4
AVAX,short,2024-11-17 21:00:00+00:00,2024-11-17 22:00:00+00:00,2024-11-18 02:00:00+00:00,34.773,35.338,-0.015988454355085113,-0.017504775169855935,0.0015163208147708218,7.710732744665526,4
ETH,short,2024-11-17 21:00:00+00:00,2024-11-17 22:00:00+00:00,2024-11-18 02:00:00+00:00,3062.88,3116.2,-0.017110583402862423,-0.01810121469424597,0.000990631291383548,5.041924062981029,4
SOL,short,2024-11-17 21:00:00+00:00,2024-11-17 22:00:00+00:00,2024-11-18 02:00:00+00:00,233.1,237.62,-0.019021967847824284,-0.020198617037282318,0.0011766491894580344,6.000925858297193,4
LINK,long,2024-11-18 02:00:00+00:00,2024-11-18 03:00:00+00:00,2024-11-18 07:00:00+00:00,14.294,14.775,0.03365048272002236,0.03230003517611979,0.0013504475439025665,6.536688716426203,4
AVAX,long,2024-11-18 14:00:00+00:00,2024-11-18 15:00:00+00:00,2024-11-18 19:00:00+00:00,34.869,35.38,0.01465485101379449,0.013091310141525536,0.0015635408722689537,7.710732744665526,4
DOT,long,2024-11-18 14:00:00+00:00,2024-11-18 15:00:00+00:00,2024-11-18 19:00:00+00:00,5.78,5.871,0.015743944636678275,0.013907784783785404,0.0018361598528928713,9.046674492363598,4
XRP,long,2024-11-19 00:00:00+00:00,2024-11-19 01:00:00+00:00,2024-11-19 05:00:00+00:00,1.1415,1.1132,-0.024791940429259696,-0.025911375259546343,0.0011194348302866475,5.742762706652812,4
XRP,long,2024-11-19 10:00:00+00:00,2024-11-19 11:00:00+00:00,2024-11-19 15:00:00+00:00,1.1027,1.083,-0.017865239865784033,-0.018992625809470032,0.001127385943685999,5.742762706652812,4
XRP,long,2024-11-19 18:00:00+00:00,2024-11-19 19:00:00+00:00,2024-11-19 23:00:00+00:00,1.0992,1.091,-0.007459970887918499,-0.00859930097049666,0.0011393300825781605,5.742762706652812,4
DOT,short,2024-11-20 02:00:00+00:00,2024-11-20 03:00:00+00:00,2024-11-20 07:00:00+00:00,5.804,5.829,-0.004288900325956302,-0.0060888468143946994,0.0017999464884383976,9.046674492363598,4
ADA,long,2024-11-20 03:00:00+00:00,2024-11-20 04:00:00+00:00,2024-11-20 08:00:00+00:00,0.7705,0.7892,0.024269954574951402,0.022225756003484642,0.00204419857146676,9.988775255673833,4
AVAX,short,2024-11-20 03:00:00+00:00,2024-11-20 04:00:00+00:00,2024-11-20 08:00:00+00:00,33.546,33.995,-0.013207824680099955,-0.014728430329406628,0.0015206056493066722,7.710732744665526,4
XRP,short,2024-11-20 07:00:00+00:00,2024-11-20 08:00:00+00:00,2024-11-20 12:00:00+00:00,1.0819,1.1202,-0.034190323156579217,-0.03529896964598789,0.0011086464894086712,5.742762706652812,4
ADA,long,2024-11-20 10:00:00+00:00,2024-11-20 11:00:00+00:00,2024-11-20 15:00:00+00:00,0.8385,0.8293,-0.01097197376267145,-0.012945837849326236,0.0019738640866547863,9.988775255673833,4
AVAX,short,2024-11-20 22:00:00+00:00,2024-11-20 23:00:00+00:00,2024-11-21 03:00:00+00:00,33.793,32.785,0.030745767881653174,0.02915743157656281,0.0015883363050903654,7.710732744665526,4
XRP,short,2024-11-21 12:00:00+00:00,2024-11-21 13:00:00+00:00,2024-11-21 17:00:00+00:00,1.1337,1.1144,0.01731873653984195,0.016150963144196506,0.001167773395645444,5.742762706652812,4
SOL,short,2024-11-21 14:00:00+00:00,2024-11-21 15:00:00+00:00,2024-11-21 19:00:00+00:00,251.86,258.42,-0.025385032118257156,-0.026554049032403215,0.0011690169141460593,6.000925858297193,4
AVAX,short,2024-11-21 23:00:00+00:00,2024-11-22 00:00:00+00:00,2024-11-22 04:00:00+00:00,35.85,36.177,-0.009038892113773844,-0.010565921914558851,0.001527029800785007,7.710732744665526,4
SOL,long,2024-11-21 23:00:00+00:00,2024-11-22 00:00:00+00:00,2024-11-22 04:00:00+00:00,256.49,262.55,0.023626652111193414,0.022398847378530817,0.0012278047326625963,6.000925858297193,4
LINK,long,2024-11-22 06:00:00+00:00,2024-11-22 07:00:00+00:00,2024-11-22 11:00:00+00:00,15.314,15.036,-0.018153323756040285,-0.019436090469343026,0.001282766713302741,6.536688716426203,4
AVAX,long,2024-11-22 08:00:00+00:00,2024-11-22 09:00:00+00:00,2024-11-22 13:00:00+00:00,36.353,39.324,0.08172640497345474,0.08005950962958597,0.0016668953438687684,7.710732744665526,4
BNB,long,2024-11-22 16:00:00+00:00,2024-11-22 17:00:00+00:00,2024-11-22 21:00:00+00:00,624.4,624.8,0.0006406149903908087,-0.0006505629797818324,0.0012911779701726411,6.455921962584254,4
XRP,long,2024-11-22 18:00:00+00:00,2024-11-22 19:00:00+00:00,2024-11-22 23:00:00+00:00,1.4217,1.4661,0.03123021734543152,0.030046475053711275,0.0011837422917202467,5.742762706652812,4
