instrument,side,signal_time,entry_time,exit_time,entry_open,exit_open,gross,net,fees_slippage,side_cost_bps,bars_held
DOT,long,2023-01-22 04:00:00+00:00,2023-01-22 08:00:00+00:00,2023-01-23 08:00:00+00:00,6.256,6.282,0.004156010230178975,0.00234079788088426,0.0018152123492947148,9.046674492363598,6
AVAX,long,2023-01-22 12:00:00+00:00,2023-01-22 16:00:00+00:00,2023-01-23 16:00:00+00:00,18.13,17.49,-0.03530060672917823,-0.03678716832135409,0.0014865615921758613,7.710732744665526,6
BNB,long,2023-01-22 12:00:00+00:00,2023-01-22 16:00:00+00:00,2023-01-23 16:00:00+00:00,303.3,303.59,0.000956149027365516,-0.0003354360925781341,0.00129158511994365,6.455921962584254,6
LINK,long,2023-01-22 12:00:00+00:00,2023-01-22 16:00:00+00:00,2023-01-23 16:00:00+00:00,7.039,7.014,-0.0035516408580763548,-0.004853484432596811,0.001301843574520456,6.536688716426203,6
ETH,long,2023-01-23 04:00:00+00:00,2023-01-23 08:00:00+00:00,2023-01-24 08:00:00+00:00,1633.56,1636.28,0.0016650750508093726,0.0006555202117035641,0.0010095548391058085,5.041924062981029,6
XRP,long,2023-01-23 04:00:00+00:00,2023-01-23 08:00:00+00:00,2023-01-24 08:00:00+00:00,0.41381,0.42392,0.024431502380319436,0.02325556428818354,0.0011759380921358975,5.742762706652812,6
DOT,long,2023-01-23 12:00:00+00:00,2023-01-23 16:00:00+00:00,2023-01-24 16:00:00+00:00,6.543,6.486,-0.008711600183402113,-0.010503551759380003,0.0017919515759778903,9.046674492363598,6
BTC,long,2023-01-23 16:00:00+00:00,2023-01-23 20:00:00+00:00,2023-01-24 20:00:00+00:00,22795.8,23018.6,0.009773730248554546,0.008761846595876754,0.001011883652677792,5.012959217987713,6
BNB,long,2023-01-24 00:00:00+00:00,2023-01-24 04:00:00+00:00,2023-01-25 04:00:00+00:00,322.21,300.15,-0.06846466590112044,-0.0696666737786813,0.0012020078775608622,6.455921962584254,6
LINK,long,2023-01-24 08:00:00+00:00,2023-01-24 12:00:00+00:00,2023-01-25 12:00:00+00:00,7.125,6.699,-0.0597894736842105,-0.06101784344482175,0.0012283697606112476,6.536688716426203,6
BTC,long,2023-01-25 20:00:00+00:00,2023-01-26 00:00:00+00:00,2023-01-27 00:00:00+00:00,23061.3,23007.7,-0.0023242401772666232,-0.0033240005808067297,0.0009997604035401064,5.012959217987713,6
ETH,short,2023-01-26 20:00:00+00:00,2023-01-27 00:00:00+00:00,2023-01-28 00:00:00+00:00,1601.27,1597.37,0.002441513237384063,0.0014311758443610323,0.0010103373930230308,5.041924062981029,6
ADA,long,2023-01-27 04:00:00+00:00,2023-01-27 08:00:00+00:00,2023-01-28 08:00:00+00:00,0.38044,0.38882,0.022027126485122395,0.019987404063675385,0.00203972242144701,9.988775255673833,6
BTC,long,2023-01-27 04:00:00+00:00,2023-01-27 08:00:00+00:00,2023-01-28 08:00:00+00:00,23075.1,22996.1,-0.0034236037980334144,-0.0044222625408323335,0.000998658742798919,5.012959217987713,6
DOT,long,2023-01-27 04:00:00+00:00,2023-01-27 08:00:00+00:00,2023-01-28 08:00:00+00:00,6.452,6.519,0.0103843769373837,0.008557905572510238,0.001826471364873461,9.046674492363598,6
AVAX,long,2023-01-27 16:00:00+00:00,2023-01-27 20:00:00+00:00,2023-01-28 20:00:00+00:00,19.23,20.83,0.08320332813312525,0.08153415691217081,0.0016691712209544463,7.710732744665526,6
ETH,short,2023-01-28 12:00:00+00:00,2023-01-28 16:00:00+00:00,2023-01-29 16:00:00+00:00,1578.5,1611.62,-0.020550750176840604,-0.021537914204464492,0.000987164027623888,5.041924062981029,6
XRP,short,2023-01-28 12:00:00+00:00,2023-01-28 16:00:00+00:00,2023-01-29 16:00:00+00:00,0.40913,0.41193,-0.0067972713810598995,-0.007937362171984153,0.001140090790924253,5.742762706652812,6
BTC,long,2023-01-29 00:00:00+00:00,2023-01-29 04:00:00+00:00,2023-01-30 04:00:00+00:00,23196.9,23698.8,0.021636511775280143,0.02061274055379103,0.0010237712214891115,5.012959217987713,6
ADA,long,2023-01-29 08:00:00+00:00,2023-01-29 12:00:00+00:00,2023-01-30 12:00:00+00:00,0.39073,0.37973,-0.028152432626110113,-0.030092008613901156,0.0019395759877910423,9.988775255673833,6
BNB,long,2023-01-29 08:00:00+00:00,2023-01-29 12:00:00+00:00,2023-01-30 12:00:00+00:00,316.75,306.71,-0.031696921862667815,-0.032946373048449606,0.0012494511857817914,6.455921962584254,6
LINK,long,2023-01-29 08:00:00+00:00,2023-01-29 12:00:00+00:00,2023-01-30 12:00:00+00:00,7.388,6.994,-0.053329723876556545,-0.054566533195227196,0.0012368093186706508,6.536688716426203,6
AVAX,short,2023-02-01 00:00:00+00:00,2023-02-01 04:00:00+00:00,2023-02-02 04:00:00+00:00,19.65,22.13,-0.11206507004066879,-0.11343334079157452,0.0013682707509057312,7.710732744665526,6
LINK,short,2023-02-01 00:00:00+00:00,2023-02-01 04:00:00+00:00,2023-02-02 04:00:00+00:00,6.943,7.307,-0.049815245654851625,-0.051056646582157694,0.0012414009273060689,6.536688716426203,6
BTC,short,2023-02-01 08:00:00+00:00,2023-02-01 12:00:00+00:00,2023-02-02 12:00:00+00:00,23079.9,23824.0,-0.031233210208193363,-0.03220400123640332,0.0009707910282099608,5.012959217987713,6
DOT,short,2023-02-01 08:00:00+00:00,2023-02-01 12:00:00+00:00,2023-02-02 12:00:00+00:00,6.158,6.557,-0.060850998932438616,-0.0625486981417227,0.001697699209284087,9.046674492363598,6
ETH,short,2023-02-01 08:00:00+00:00,2023-02-01 12:00:00+00:00,2023-02-02 12:00:00+00:00,1580.67,1671.87,-0.0545496958495576,-0.05550259313375261,0.000952897284195009,5.041924062981029,6
SOL,short,2023-02-01 08:00:00+00:00,2023-02-01 12:00:00+00:00,2023-02-02 12:00:00+00:00,23.546,24.991,-0.05782081549357765,-0.05895092680844738,0.0011301113148697306,6.000925858297193,6
XRP,short,2023-02-01 12:00:00+00:00,2023-02-01 16:00:00+00:00,2023-02-02 16:00:00+00:00,0.39766,0.41429,-0.04014096405899248,-0.041242779847379674,0.0011018157883871948,5.742762706652812,6
BNB,long,2023-02-01 20:00:00+00:00,2023-02-02 00:00:00+00:00,2023-02-03 00:00:00+00:00,317.25,323.62,0.020078802206461743,0.018762542145139394,0.0013162600613223496,6.455921962584254,6
ADA,long,2023-02-03 16:00:00+00:00,2023-02-03 20:00:00+00:00,2023-02-04 20:00:00+00:00,0.40337,0.40457,0.002974936162828179,0.0009732373698845276,0.0020016987929436514,9.988775255673833,6
BNB,long,2023-02-03 16:00:00+00:00,2023-02-03 20:00:00+00:00,2023-02-04 20:00:00+00:00,329.93,330.0,0.00021216621707642602,-0.001078458903642332,0.001290625120718758,6.455921962584254,6
LINK,long,2023-02-03 16:00:00+00:00,2023-02-03 20:00:00+00:00,2023-02-04 20:00:00+00:00,7.215,7.32,0.01455301455301461,0.013227517540661982,0.0013254970123526277,6.536688716426203,6
AVAX,long,2023-02-03 20:00:00+00:00,2023-02-04 00:00:00+00:00,2023-02-05 00:00:00+00:00,21.35,21.02,-0.015456674473067977,-0.016973814738492243,0.001517140265424266,7.710732744665526,6
ETH,long,2023-02-03 20:00:00+00:00,2023-02-04 00:00:00+00:00,2023-02-05 00:00:00+00:00,1663.55,1666.76,0.0019296083676474396,0.0009197869115891155,0.001009821456058324,5.041924062981029,6
XRP,long,2023-02-03 20:00:00+00:00,2023-02-04 00:00:00+00:00,2023-02-05 00:00:00+00:00,0.41163,0.41073,-0.002186429560527725,-0.0033318131060390277,0.0011453835455113026,5.742762706652812,6
BTC,long,2023-02-04 16:00:00+00:00,2023-02-04 20:00:00+00:00,2023-02-05 20:00:00+00:00,23428.8,22895.2,-0.02277538755719455,-0.023754654080677895,0.0009792665234833464,5.012959217987713,6
BNB,long,2023-02-05 08:00:00+00:00,2023-02-05 12:00:00+00:00,2023-02-06 12:00:00+00:00,332.51,327.67,-0.014555953204414829,-0.01582752226227524,0.001271569057860411,6.455921962584254,6
DOT,long,2023-02-06 12:00:00+00:00,2023-02-06 16:00:00+00:00,2023-02-07 16:00:00+00:00,6.756,6.682,-0.010953226761397206,-0.012741126150060178,0.0017878993886629724,9.046674492363598,6
BNB,long,2023-02-06 16:00:00+00:00,2023-02-06 20:00:00+00:00,2023-02-07 20:00:00+00:00,328.88,330.79,0.0058075893943079215,0.004509744211729005,0.0012978451825789161,6.455921962584254,6
ADA,short,2023-02-06 20:00:00+00:00,2023-02-07 00:00:00+00:00,2023-02-08 00:00:00+00:00,0.38207,0.39911,-0.04269499636691643,-0.044605548865448874,0.0019105524985324474,9.988775255673833,6
AVAX,short,2023-02-06 20:00:00+00:00,2023-02-07 00:00:00+00:00,2023-02-08 00:00:00+00:00,19.56,20.85,-0.06187050359712243,-0.06331612208467186,0.0014456184875494271,7.710732744665526,6
BTC,short,2023-02-06 20:00:00+00:00,2023-02-07 00:00:00+00:00,2023-02-08 00:00:00+00:00,22759.9,23240.7,-0.020687845030485263,-0.02166920345841583,0.0009813584279305676,5.012959217987713,6
ETH,short,2023-02-06 20:00:00+00:00,2023-02-07 00:00:00+00:00,2023-02-08 00:00:00+00:00,1614.49,1670.13,-0.033314771903983575,-0.034289071372163304,0.000974299468179729,5.041924062981029,6
LINK,short,2023-02-06 20:00:00+00:00,2023-02-07 00:00:00+00:00,2023-02-08 00:00:00+00:00,6.83,7.197,-0.050993469501181,-0.05223333109819517,0.001239861597014169,6.536688716426203,6
SOL,short,2023-02-06 20:00:00+00:00,2023-02-07 00:00:00+00:00,2023-02-08 00:00:00+00:00,22.65,23.822,-0.049198220132650516,-0.0503386739521533,0.0011404538195027847,6.000925858297193,6
XRP,short,2023-02-06 20:00:00+00:00,2023-02-07 00:00:00+00:00,2023-02-08 00:00:00+00:00,0.39195,0.40363,-0.0289373931570992,-0.030052069449835295,0.0011146762927360943,5.742762706652812,6
AVAX,short,2023-02-08 16:00:00+00:00,2023-02-08 20:00:00+00:00,2023-02-09 20:00:00+00:00,19.95,18.58,0.07373519913885906,0.07208061791040454,0.0016545812284545214,7.710732744665526,6
SOL,short,2023-02-08 16:00:00+00:00,2023-02-08 20:00:00+00:00,2023-02-09 20:00:00+00:00,23.089,21.804,0.05893414052467438,0.05766398568195674,0.0012701548427176412,6.000925858297193,6
XRP,short,2023-02-08 16:00:00+00:00,2023-02-08 20:00:00+00:00,2023-02-09 20:00:00+00:00,0.39695,0.38762,0.024069965430060458,0.022894442343779353,0.001175523086281105,5.742762706652812,6
LINK,long,2023-02-09 08:00:00+00:00,2023-02-09 12:00:00+00:00,2023-02-10 12:00:00+00:00,7.531,6.948,-0.07741335811977157,-0.07861870256201076,0.0012053444422391868,6.536688716426203,6
DOT,short,2023-02-09 16:00:00+00:00,2023-02-09 20:00:00+00:00,2023-02-10 20:00:00+00:00,6.404,6.289,0.018285896008904512,0.016445141071706804,0.0018407549371977083,9.046674492363598,6
LINK,short,2023-02-11 04:00:00+00:00,2023-02-11 08:00:00+00:00,2023-02-12 08:00:00+00:00,6.916,6.937,-0.003027245206861706,-0.004329773895771383,0.0013025286889096765,6.536688716426203,6
SOL,short,2023-02-11 04:00:00+00:00,2023-02-11 08:00:00+00:00,2023-02-12 08:00:00+00:00,20.334,20.835,-0.024046076313894993,-0.02521669925917558,0.001170622945280586,6.000925858297193,6
ETH,short,2023-02-12 20:00:00+00:00,2023-02-13 00:00:00+00:00,2023-02-14 00:00:00+00:00,1515.23,1505.53,0.006442913791156579,0.005428543479952808,0.0010143703112037716,5.041924062981029,6
LINK,short,2023-02-12 20:00:00+00:00,2023-02-13 00:00:00+00:00,2023-02-14 00:00:00+00:00,6.81,6.67,0.020989505247376306,0.019655599064617668,0.0013339061827586374,6.536688716426203,6
XRP,short,2023-02-12 20:00:00+00:00,2023-02-13 00:00:00+00:00,2023-02-14 00:00:00+00:00,0.37467,0.37037,0.011610011610011739,0.01044879122165554,0.001161220388356199,5.742762706652812,6
ADA,short,2023-02-13 00:00:00+00:00,2023-02-13 04:00:00+00:00,2023-02-14 04:00:00+00:00,0.36226,0.35619,0.017041466632976787,0.015011694399663433,0.002029772233313354,9.988775255673833,6
AVAX,short,2023-02-13 00:00:00+00:00,2023-02-13 04:00:00+00:00,2023-02-14 04:00:00+00:00,17.51,17.38,0.007479861910241858,0.00592737739739424,0.0015524845128476183,7.710732744665526,6
DOT,short,2023-02-13 00:00:00+00:00,2023-02-13 04:00:00+00:00,2023-02-14 04:00:00+00:00,6.173,6.09,0.013628899835796515,0.01179656334839918,0.0018323364873973347,9.046674492363598,6
BNB,short,2023-02-13 08:00:00+00:00,2023-02-13 12:00:00+00:00,2023-02-14 12:00:00+00:00,292.4,292.79,-0.0013320127053521036,-0.002620645292710999,0.0012886325873588955,6.455921962584254,6
BTC,short,2023-02-13 08:00:00+00:00,2023-02-13 12:00:00+00:00,2023-02-14 12:00:00+00:00,21606.0,21805.0,-0.009126347168080695,-0.010119291251626028,0.000992944083545333,5.012959217987713,6
SOL,short,2023-02-13 08:00:00+00:00,2023-02-13 12:00:00+00:00,2023-02-14 12:00:00+00:00,20.458,21.355,-0.04200421446967928,-0.043153297249928224,0.0011490827802489445,6.000925858297193,6
DOT,long,2023-02-17 04:00:00+00:00,2023-02-17 08:00:00+00:00,2023-02-18 08:00:00+00:00,6.651,7.244,0.08915952488347623,0.08719065172056273,0.001968873162913498,9.046674492363598,6
ADA,long,2023-02-17 16:00:00+00:00,2023-02-17 20:00:00+00:00,2023-02-18 20:00:00+00:00,0.40714,0.40516,-0.0048631920224001535,-0.006849247780645995,0.0019860557582458416,9.988775255673833,6
LINK,long,2023-02-17 16:00:00+00:00,2023-02-17 20:00:00+00:00,2023-02-18 20:00:00+00:00,7.488,8.045,0.07438568376068377,0.07298201633915768,0.0014036674215260891,6.536688716426203,6
AVAX,long,2023-02-17 20:00:00+00:00,2023-02-18 00:00:00+00:00,2023-02-19 00:00:00+00:00,19.45,19.54,0.004627249357326502,0.003079160601631825,0.0015480887556946765,7.710732744665526,6
BNB,long,2023-02-17 20:00:00+00:00,2023-02-18 00:00:00+00:00,2023-02-19 00:00:00+00:00,313.0,316.31,0.010575079872204407,0.009271082951842757,0.0013039969203616497,6.455921962584254,6
BTC,long,2023-02-17 20:00:00+00:00,2023-02-18 00:00:00+00:00,2023-02-19 00:00:00+00:00,24574.5,24632.7,0.0023683086125863007,0.0013638458551743504,0.0010044627574119502,5.012959217987713,6
ETH,long,2023-02-17 20:00:00+00:00,2023-02-18 00:00:00+00:00,2023-02-19 00:00:00+00:00,1693.69,1691.63,-0.0012162792482685036,-0.0022229300376590544,0.0010066507893905507,5.041924062981029,6
SOL,long,2023-02-17 20:00:00+00:00,2023-02-18 00:00:00+00:00,2023-02-19 00:00:00+00:00,23.153,23.455,0.013043666047596325,0.011828555240348981,0.0012151108072473438,6.000925858297193,6
XRP,long,2023-02-17 20:00:00+00:00,2023-02-18 00:00:00+00:00,2023-02-19 00:00:00+00:00,0.3951,0.39415,-0.002404454568463721,-0.003549587844522084,0.0011451332760583632,5.742762706652812,6
SOL,long,2023-02-19 04:00:00+00:00,2023-02-19 08:00:00+00:00,2023-02-20 08:00:00+00:00,23.535,26.484,0.12530274059910784,0.12395297891819035,0.001349761680917494,6.000925858297193,6
DOT,long,2023-02-19 08:00:00+00:00,2023-02-19 12:00:00+00:00,2023-02-20 12:00:00+00:00,7.652,7.537,-0.015028750653424017,-0.016809282719456475,0.0017805320660324586,9.046674492363598,6
AVAX,long,2023-02-19 12:00:00+00:00,2023-02-19 16:00:00+00:00,2023-02-20 16:00:00+00:00,20.16,21.11,0.04712301587301582,0.04550944291076653,0.0016135729622492878,7.710732744665526,6
ADA,long,2023-02-20 16:00:00+00:00,2023-02-20 20:00:00+00:00,2023-02-21 20:00:00+00:00,0.40594,0.39432,-0.028624919938907256,-0.030563552954695816,0.00193863301578856,9.988775255673833,6
BNB,long,2023-02-20 16:00:00+00:00,2023-02-20 20:00:00+00:00,2023-02-21 20:00:00+00:00,314.64,313.27,-0.004354182557843922,-0.00563891548424833,0.0012847329264044083,6.455921962584254,6
BTC,long,2023-02-20 16:00:00+00:00,2023-02-20 20:00:00+00:00,2023-02-21 20:00:00+00:00,24881.6,24610.6,-0.010891582534885202,-0.011882757694604118,0.0009911751597189156,5.012959217987713,6
ETH,long,2023-02-20 20:00:00+00:00,2023-02-21 00:00:00+00:00,2023-02-22 00:00:00+00:00,1703.85,1659.5,-0.026029286615605773,-0.027010928954283142,0.0009816423386773687,5.041924062981029,6
AVAX,long,2023-02-21 20:00:00+00:00,2023-02-22 00:00:00+00:00,2023-02-23 00:00:00+00:00,20.98,20.3,-0.0324118207816968,-0.03390283387272053,0.0014910130910237296,7.710732744665526,6
XRP,short,2023-02-22 16:00:00+00:00,2023-02-22 20:00:00+00:00,2023-02-23 20:00:00+00:00,0.39292,0.39103,0.004833388742551792,0.0036799471944082285,0.0011534415481435634,5.742762706652812,6
AVAX,long,2023-02-23 08:00:00+00:00,2023-02-23 12:00:00+00:00,2023-02-24 12:00:00+00:00,19.92,19.51,-0.02058232931726911,-0.022091571162025425,0.001509241844756315,7.710732744665526,6
BNB,short,2023-02-23 16:00:00+00:00,2023-02-23 20:00:00+00:00,2023-02-24 20:00:00+00:00,309.11,302.37,0.022290571154545802,0.020971457134171256,0.0013191140203745455,6.455921962584254,6
SOL,short,2023-02-23 16:00:00+00:00,2023-02-23 20:00:00+00:00,2023-02-24 20:00:00+00:00,24.035,23.044,0.043004686686339166,0.041753638672044735,0.0012510480142944314,6.000925858297193,6
ADA,short,2023-02-23 20:00:00+00:00,2023-02-24 00:00:00+00:00,2023-02-25 00:00:00+00:00,0.38238,0.36583,0.04523959216029305,0.043153543192839594,0.0020860489674534577,9.988775255673833,6
BTC,short,2023-02-23 20:00:00+00:00,2023-02-24 00:00:00+00:00,2023-02-25 00:00:00+00:00,23940.8,23192.1,0.032282544487131526,0.03124810498804287,0.0010344394990886574,5.012959217987713,6
DOT,short,2023-02-23 20:00:00+00:00,2023-02-24 00:00:00+00:00,2023-02-25 00:00:00+00:00,7.096,6.61,0.07352496217851745,0.0715843516072816,0.0019406105712358457,9.046674492363598,6
ETH,short,2023-02-23 20:00:00+00:00,2023-02-24 00:00:00+00:00,2023-02-25 00:00:00+00:00,1650.75,1607.69,0.026783770503019833,0.02574889911731848,0.0010348713857013525,5.041924062981029,6
LINK,long,2023-02-24 04:00:00+00:00,2023-02-24 08:00:00+00:00,2023-02-25 08:00:00+00:00,8.102,7.408,-0.08565786225623306,-0.08685243538791032,0.0011945731316772568,6.536688716426203,6
ETH,short,2023-02-25 16:00:00+00:00,2023-02-25 20:00:00+00:00,2023-02-26 20:00:00+00:00,1584.7,1633.39,-0.029809169885942732,-0.030787002568536503,0.000977832682593771,5.041924062981029,6
ADA,short,2023-02-25 20:00:00+00:00,2023-02-26 00:00:00+00:00,2023-02-27 00:00:00+00:00,0.36199,0.36913,-0.019342778966759733,-0.02129993692241483,0.0019571579556550978,9.988775255673833,6
BNB,short,2023-02-25 20:00:00+00:00,2023-02-26 00:00:00+00:00,2023-02-27 00:00:00+00:00,302.33,308.54,-0.020127049977312628,-0.02139143036292135,0.001264380385608721,6.455921962584254,6
DOT,short,2023-02-25 20:00:00+00:00,2023-02-26 00:00:00+00:00,2023-02-27 00:00:00+00:00,6.542,6.691,-0.022268719175011165,-0.02403616355333882,0.0017674443783276539,9.046674492363598,6
XRP,short,2023-02-25 20:00:00+00:00,2023-02-26 00:00:00+00:00,2023-02-27 00:00:00+00:00,0.37769,0.37785,-0.00042344845838293566,-0.0015708557181485228,0.001147407259765587,5.742762706652812,6
LINK,short,2023-02-27 08:00:00+00:00,2023-02-27 12:00:00+00:00,2023-02-28 12:00:00+00:00,7.291,7.323,-0.004369793800355071,-0.005670568471363158,0.001300774671008087,6.536688716426203,6
XRP,short,2023-02-27 08:00:00+00:00,2023-02-27 12:00:00+00:00,2023-02-28 12:00:00+00:00,0.37369,0.37698,-0.008727253435195426,-0.009865128812585944,0.0011378753773905181,5.742762706652812,6
ADA,short,2023-02-27 16:00:00+00:00,2023-02-27 20:00:00+00:00,2023-02-28 20:00:00+00:00,0.35986,0.35476,0.014375916112301157,0.012351463682172437,0.0020244524301287203,9.988775255673833,6
BTC,short,2023-02-27 16:00:00+00:00,2023-02-27 20:00:00+00:00,2023-02-28 20:00:00+00:00,23278.8,23263.4,0.0006619840607993144,-0.00034076880669520193,0.0010027528674945163,5.012959217987713,6
SOL,short,2023-02-27 16:00:00+00:00,2023-02-27 20:00:00+00:00,2023-02-28 20:00:00+00:00,22.531,22.203,0.014772778453362223,0.013555593635643293,0.0012171848177189304,6.000925858297193,6
AVAX,short,2023-02-27 20:00:00+00:00,2023-02-28 00:00:00+00:00,2023-03-01 00:00:00+00:00,17.92,17.08,0.049180327868852736,0.047563584674489734,0.0016167431943630017,7.710732744665526,6
DOT,short,2023-02-27 20:00:00+00:00,2023-02-28 00:00:00+00:00,2023-03-01 00:00:00+00:00,6.582,6.346,0.037188780334068694,0.035313854661731314,0.0018749256723373797,9.046674492363598,6
ETH,long,2023-02-28 12:00:00+00:00,2023-02-28 16:00:00+00:00,2023-03-01 16:00:00+00:00,1641.0,1657.33,0.0099512492382694,0.008933342957691881,0.0010179062805775185,5.041924062981029,6
BNB,short,2023-02-28 20:00:00+00:00,2023-03-01 00:00:00+00:00,2023-03-02 00:00:00+00:00,301.32,302.67,-0.004460303300624524,-0.0057448992939852506,0.0012845959933607265,6.455921962584254,6
DOT,short,2023-03-02 00:00:00+00:00,2023-03-02 04:00:00+00:00,2023-03-03 04:00:00+00:00,6.4,6.037,0.060129203246645835,0.05821280818255592,0.0019163950640899152,9.046674492363598,6
ADA,short,2023-03-02 04:00:00+00:00,2023-03-02 08:00:00+00:00,2023-03-03 08:00:00+00:00,0.3551,0.33698,0.05377173719508588,0.0516686601008054,0.002103077094280481,9.988775255673833,6
AVAX,short,2023-03-02 04:00:00+00:00,2023-03-02 08:00:00+00:00,2023-03-03 08:00:00+00:00,17.26,16.39,0.05308114704087874,0.05145839284661324,0.0016227541942654966,7.710732744665526,6
SOL,short,2023-03-02 04:00:00+00:00,2023-03-02 08:00:00+00:00,2023-03-03 08:00:00+00:00,21.982,21.063,0.04363101172672468,0.042379212457226645,0.0012517992694980329,6.000925858297193,6
DOT,short,2023-03-04 04:00:00+00:00,2023-03-04 08:00:00+00:00,2023-03-05 08:00:00+00:00,5.987,5.979,0.001338016390700858,-0.00047210187245039226,0.0018101182631512502,9.046674492363598,6
SOL,short,2023-03-04 16:00:00+00:00,2023-03-04 20:00:00+00:00,2023-03-05 20:00:00+00:00,20.689,21.097,-0.01933924254633368,-0.020515511175774548,0.0011762686294408686,6.000925858297193,6
ADA,short,2023-03-04 20:00:00+00:00,2023-03-05 00:00:00+00:00,2023-03-06 00:00:00+00:00,0.33661,0.33696,-0.001038698955365458,-0.003032387489745658,0.0019936885343802002,9.988775255673833,6
AVAX,short,2023-03-04 20:00:00+00:00,2023-03-05 00:00:00+00:00,2023-03-06 00:00:00+00:00,16.13,16.13,0.0,-0.0015409583571267538,0.0015409583571267538,7.710732744665526,6
BNB,short,2023-03-04 20:00:00+00:00,2023-03-05 00:00:00+00:00,2023-03-06 00:00:00+00:00,289.7,288.87,0.0028732647903901842,0.0015792059175301354,0.0012940588728600488,6.455921962584254,6
ETH,short,2023-03-04 20:00:00+00:00,2023-03-05 00:00:00+00:00,2023-03-06 00:00:00+00:00,1567.0,1564.8,0.0014059304703477604,0.00039663681701340714,0.0010092936533343533,5.041924062981029,6
LINK,short,2023-03-04 20:00:00+00:00,2023-03-05 00:00:00+00:00,2023-03-06 00:00:00+00:00,6.86,6.949,-0.012807598215570537,-0.014097349032346607,0.0012897508167760696,6.536688716426203,6
XRP,short,2023-03-04 20:00:00+00:00,2023-03-05 00:00:00+00:00,2023-03-06 00:00:00+00:00,0.37363,0.36666,0.01900943653520981,0.01783972239631071,0.0011697141388991028,5.742762706652812,6
DOT,short,2023-03-06 08:00:00+00:00,2023-03-06 12:00:00+00:00,2023-03-07 12:00:00+00:00,5.93,5.82,0.018900343642611617,0.01705847796871418,0.001841865673897436,9.046674492363598,6
LINK,short,2023-03-06 08:00:00+00:00,2023-03-06 12:00:00+00:00,2023-03-07 12:00:00+00:00,6.876,6.805,0.010433504775900104,0.009113389836069796,0.001320114939830308,6.536688716426203,6
SOL,short,2023-03-07 08:00:00+00:00,2023-03-07 12:00:00+00:00,2023-03-08 12:00:00+00:00,20.31,19.328,0.0508071192052979,0.04954671244330644,0.0012604067619914616,6.000925858297193,6
ADA,short,2023-03-07 12:00:00+00:00,2023-03-07 16:00:00+00:00,2023-03-08 16:00:00+00:00,0.3275,0.32514,0.0072584117610876575,0.0052481641723312045,0.002010247588756453,9.988775255673833,6
AVAX,short,2023-03-07 12:00:00+00:00,2023-03-07 16:00:00+00:00,2023-03-08 16:00:00+00:00,16.19,15.89,0.01887979861548139,0.01730974727489709,0.0015700513405842997,7.710732744665526,6
BTC,short,2023-03-07 12:00:00+00:00,2023-03-07 16:00:00+00:00,2023-03-08 16:00:00+00:00,22320.2,22140.0,0.0081391147244807,0.007128869102856372,0.0010102456216243283,5.012959217987713,6
ETH,short,2023-03-07 12:00:00+00:00,2023-03-07 16:00:00+00:00,2023-03-08 16:00:00+00:00,1560.99,1560.24,0.00048069527764948994,-0.0005276658527392231,0.001008361130388713,5.041924062981029,6
DOT,short,2023-03-07 20:00:00+00:00,2023-03-08 00:00:00+00:00,2023-03-09 00:00:00+00:00,5.85,5.596,0.04538956397426719,0.0434998137491851,0.0018897502250820875,9.046674492363598,6
LINK,short,2023-03-08 16:00:00+00:00,2023-03-08 20:00:00+00:00,2023-03-09 20:00:00+00:00,6.611,6.298,0.049698316926008124,0.04832690314772492,0.0013714137782832037,6.536688716426203,6
BTC,short,2023-03-08 20:00:00+00:00,2023-03-09 00:00:00+00:00,2023-03-10 00:00:00+00:00,21712.6,20360.6,0.06640275826842035,0.06533412726135612,0.0010686310070642246,5.012959217987713,6
ETH,short,2023-03-08 20:00:00+00:00,2023-03-09 00:00:00+00:00,2023-03-10 00:00:00+00:00,1532.88,1437.2,0.06657389368215982,0.06549891876045177,0.0010749749217080495,5.041924062981029,6
BNB,long,2023-03-09 00:00:00+00:00,2023-03-09 04:00:00+00:00,2023-03-10 04:00:00+00:00,289.66,273.82,-0.05468480287233324,-0.05590459161478023,0.0012197887424469922,6.455921962584254,6
AVAX,short,2023-03-09 20:00:00+00:00,2023-03-10 00:00:00+00:00,2023-03-11 00:00:00+00:00,14.4,14.8,-0.027027027027027084,-0.02852633786098835,0.0014993108339612649,7.710732744665526,6
DOT,short,2023-03-09 20:00:00+00:00,2023-03-10 00:00:00+00:00,2023-03-11 00:00:00+00:00,5.383,5.55,-0.030090090090090005,-0.03184339577987838,0.0017533056897883759,9.046674492363598,6
AVAX,short,2023-03-11 08:00:00+00:00,2023-03-11 12:00:00+00:00,2023-03-12 12:00:00+00:00,14.19,14.46,-0.018672199170124526,-0.02018438444589432,0.0015121852757697951,7.710732744665526,6
XRP,short,2023-03-11 08:00:00+00:00,2023-03-11 12:00:00+00:00,2023-03-12 12:00:00+00:00,0.36194,0.36097,0.00268720392276367,0.0015362259658671107,0.0011509779568965595,5.742762706652812,6
ADA,short,2023-03-11 12:00:00+00:00,2023-03-11 16:00:00+00:00,2023-03-12 16:00:00+00:00,0.30375,0.30351,0.000790748245527384,-0.0012065914291971014,0.0019973396747244854,9.988775255673833,6
DOT,short,2023-03-11 12:00:00+00:00,2023-03-11 16:00:00+00:00,2023-03-12 16:00:00+00:00,5.265,5.406,-0.026082130965593753,-0.027842681841213968,0.0017605508756202148,9.046674492363598,6
LINK,short,2023-03-11 12:00:00+00:00,2023-03-11 16:00:00+00:00,2023-03-12 16:00:00+00:00,5.967,6.115,-0.024202780049059736,-0.025477643246107018,0.0012748631970472823,6.536688716426203,6
BNB,short,2023-03-11 16:00:00+00:00,2023-03-11 20:00:00+00:00,2023-03-12 20:00:00+00:00,272.56,277.86,-0.019074353991218596,-0.020340092724515868,0.0012657387332972725,6.455921962584254,6
ADA,long,2023-03-14 12:00:00+00:00,2023-03-14 16:00:00+00:00,2023-03-15 16:00:00+00:00,0.36472,0.32714,-0.1030379469181838,-0.1048280692774115,0.0017901223592277082,9.988775255673833,6
BNB,long,2023-03-14 12:00:00+00:00,2023-03-14 16:00:00+00:00,2023-03-15 16:00:00+00:00,317.65,305.17,-0.03928852510624892,-0.04052818045652329,0.0012396553502743712,6.455921962584254,6
SOL,long,2023-03-14 12:00:00+00:00,2023-03-14 16:00:00+00:00,2023-03-15 16:00:00+00:00,21.924,19.243,-0.1222860791826309,-0.12333886664540417,0.0010527874627732636,6.000925858297193,6
ETH,long,2023-03-15 04:00:00+00:00,2023-03-15 08:00:00+00:00,2023-03-16 08:00:00+00:00,1705.09,1655.56,-0.029048320030027774,-0.03002691955542458,0.000978599525396806,5.041924062981029,6
BNB,long,2023-03-16 04:00:00+00:00,2023-03-16 08:00:00+00:00,2023-03-17 08:00:00+00:00,321.76,329.97,0.025515912481352654,0.024192636637437648,0.001323275843915006,6.455921962584254,6
DOT,long,2023-03-16 12:00:00+00:00,2023-03-16 16:00:00+00:00,2023-03-17 16:00:00+00:00,6.06,6.371,0.051320132013201514,0.049419661103053736,0.001900470910147778,9.046674492363598,6
LINK,long,2023-03-16 12:00:00+00:00,2023-03-16 16:00:00+00:00,2023-03-17 16:00:00+00:00,6.621,7.0,0.057242108442833395,0.05586083882362902,0.0013812696192043727,6.536688716426203,6
BTC,long,2023-03-17 00:00:00+00:00,2023-03-17 04:00:00+00:00,2023-03-18 04:00:00+00:00,25776.0,27301.7,0.05919072004965864,0.05812931615036865,0.0010614038992899921,5.012959217987713,6
ETH,long,2023-03-17 00:00:00+00:00,2023-03-17 04:00:00+00:00,2023-03-18 04:00:00+00:00,1708.25,1810.5,0.059856578369676505,0.05878837367321488,0.0010682046964616276,5.041924062981029,6
BNB,long,2023-03-18 00:00:00+00:00,2023-03-18 04:00:00+00:00,2023-03-19 04:00:00+00:00,343.42,333.81,-0.027983227534797095,-0.029237470691074963,0.0012542431562778678,6.455921962584254,6
XRP,long,2023-03-19 08:00:00+00:00,2023-03-19 12:00:00+00:00,2023-03-20 12:00:00+00:00,0.39339,0.38234,-0.02808917359363483,-0.029204823551953085,0.0011156499583182544,5.742762706652812,6
ADA,long,2023-03-19 12:00:00+00:00,2023-03-19 16:00:00+00:00,2023-03-20 16:00:00+00:00,0.34564,0.33914,-0.018805693785441502,-0.02076392363503976,0.0019582298495982586,9.988775255673833,6
AVAX,long,2023-03-19 12:00:00+00:00,2023-03-19 16:00:00+00:00,2023-03-20 16:00:00+00:00,17.68,17.26,-0.0237556561085972,-0.02526000798891459,0.0015043518803173894,7.710732744665526,6
BNB,long,2023-03-19 12:00:00+00:00,2023-03-19 16:00:00+00:00,2023-03-20 16:00:00+00:00,338.81,338.08,-0.002154599923260836,-0.0034421710840911723,0.0012875711608303364,6.455921962584254,6
DOT,long,2023-03-19 12:00:00+00:00,2023-03-19 16:00:00+00:00,2023-03-20 16:00:00+00:00,6.503,6.342,-0.024757804090419833,-0.026520748951112005,0.0017629448606921727,9.046674492363598,6
ETH,long,2023-03-19 12:00:00+00:00,2023-03-19 16:00:00+00:00,2023-03-20 16:00:00+00:00,1793.42,1762.92,-0.017006613063309195,-0.01799734914397011,0.0009907360806609145,5.041924062981029,6
LINK,long,2023-03-19 12:00:00+00:00,2023-03-19 16:00:00+00:00,2023-03-20 16:00:00+00:00,7.147,7.347,0.027983769413740145,0.026640725338606064,0.001343044075134081,6.536688716426203,6
BTC,long,2023-03-19 16:00:00+00:00,2023-03-19 20:00:00+00:00,2023-03-20 20:00:00+00:00,28249.9,27783.5,-0.01650979295501931,-0.0174953381650661,0.0009855452100467899,5.012959217987713,6
SOL,long,2023-03-19 16:00:00+00:00,2023-03-19 20:00:00+00:00,2023-03-20 20:00:00+00:00,22.193,22.145,-0.0021628441400441956,-0.003359715264750096,0.0011968711247059005,6.000925858297193,6
XRP,long,2023-03-21 08:00:00+00:00,2023-03-21 12:00:00+00:00,2023-03-22 12:00:00+00:00,0.39103,0.44289,0.1326240953379536,0.13132396368963528,0.0013001316483183256,5.742762706652812,6
ETH,long,2023-03-21 12:00:00+00:00,2023-03-21 16:00:00+00:00,2023-03-22 16:00:00+00:00,1812.81,1806.55,-0.0034532024867470756,-0.0044575987334402045,0.0010043962466931289,5.041924062981029,6
LINK,long,2023-03-21 16:00:00+00:00,2023-03-21 20:00:00+00:00,2023-03-22 20:00:00+00:00,7.282,7.04,-0.033232628398791486,-0.03449569424583532,0.0012630658470438316,6.536688716426203,6
BNB,long,2023-03-22 00:00:00+00:00,2023-03-22 04:00:00+00:00,2023-03-23 04:00:00+00:00,335.1,320.3,-0.04416592062071023,-0.04539928241708957,0.0012333617963793397,6.455921962584254,6
DOT,short,2023-03-22 08:00:00+00:00,2023-03-22 12:00:00+00:00,2023-03-23 12:00:00+00:00,6.243,6.19,0.008562197092083945,0.006739019680863212,0.0018231774112207333,9.046674492363598,6
AVAX,long,2023-03-22 12:00:00+00:00,2023-03-22 16:00:00+00:00,2023-03-23 16:00:00+00:00,17.63,17.67,0.0022688598979014873,0.0007244053221540092,0.0015444545757474781,7.710732744665526,6
ADA,long,2023-03-23 12:00:00+00:00,2023-03-23 16:00:00+00:00,2023-03-24 16:00:00+00:00,0.37955,0.36237,-0.045264128573310414,-0.04716955369662024,0.001905425123309823,9.988775255673833,6
LINK,long,2023-03-23 12:00:00+00:00,2023-03-23 16:00:00+00:00,2023-03-24 16:00:00+00:00,7.58,7.328,-0.03324538258575194,-0.0345084317696579,0.001263049183905962,6.536688716426203,6
XRP,long,2023-03-23 12:00:00+00:00,2023-03-23 16:00:00+00:00,2023-03-24 16:00:00+00:00,0.44841,0.42669,-0.04843781360808186,-0.04953010549818326,0.0010922918901014045,5.742762706652812,6
BNB,short,2023-03-24 08:00:00+00:00,2023-03-24 12:00:00+00:00,2023-03-25 12:00:00+00:00,320.6,324.17,-0.011012740228892204,-0.01228888127640504,0.0012761410475128354,6.455921962584254,6
SOL,short,2023-03-24 08:00:00+00:00,2023-03-24 12:00:00+00:00,2023-03-25 12:00:00+00:00,21.411,20.665,0.03609968545850473,0.03485691975414151,0.0012427657043632134,6.000925858297193,6
XRP,long,2023-03-25 04:00:00+00:00,2023-03-25 08:00:00+00:00,2023-03-26 08:00:00+00:00,0.44507,0.45679,0.02633293639202816,0.025154815656466045,0.001178120735562116,5.742762706652812,6
DOT,short,2023-03-25 16:00:00+00:00,2023-03-25 20:00:00+00:00,2023-03-26 20:00:00+00:00,5.846,6.014,-0.02793481875623549,-0.029692020529004326,0.001757201772768835,9.046674492363598,6
ETH,short,2023-03-25 16:00:00+00:00,2023-03-25 20:00:00+00:00,2023-03-26 20:00:00+00:00,1717.34,1766.28,-0.027707951174219314,-0.02868790162608681,0.000979950451867495,5.041924062981029,6
BNB,short,2023-03-25 20:00:00+00:00,2023-03-26 00:00:00+00:00,2023-03-27 00:00:00+00:00,322.03,328.64,-0.020113193768257154,-0.021377592033243853,0.0012643982649866992,6.455921962584254,6
BTC,short,2023-03-25 20:00:00+00:00,2023-03-26 00:00:00+00:00,2023-03-27 00:00:00+00:00,27466.1,27964.4,-0.017819084264278917,-0.018803317447252055,0.0009842331829731377,5.012959217987713,6
SOL,short,2023-03-25 20:00:00+00:00,2023-03-26 00:00:00+00:00,2023-03-27 00:00:00+00:00,20.408,20.945,-0.025638577226068215,-0.026807290021634844,0.0011687127955666288,6.000925858297193,6
ADA,short,2023-03-26 20:00:00+00:00,2023-03-27 00:00:00+00:00,2023-03-28 00:00:00+00:00,0.35583,0.34555,0.029749674432064666,0.027694539646512917,0.0020551347855517488,9.988775255673833,6
AVAX,short,2023-03-27 00:00:00+00:00,2023-03-27 04:00:00+00:00,2023-03-28 04:00:00+00:00,16.88,16.42,0.028014616321558883,0.02643048860728947,0.0015841277142694121,7.710732744665526,6
DOT,short,2023-03-27 04:00:00+00:00,2023-03-27 08:00:00+00:00,2023-03-28 08:00:00+00:00,5.961,5.869,0.015675583574714658,0.013839547298081456,0.0018360362766332017,9.046674492363598,6
ETH,short,2023-03-27 04:00:00+00:00,2023-03-27 08:00:00+00:00,2023-03-28 08:00:00+00:00,1752.37,1724.29,0.016284963666204577,0.015260673782754752,0.0010242898834498249,5.041924062981029,6
LINK,short,2023-03-27 04:00:00+00:00,2023-03-27 08:00:00+00:00,2023-03-28 08:00:00+00:00,7.125,6.863,0.038175724901646335,0.03681936520243423,0.0013563596992121063,6.536688716426203,6
SOL,short,2023-03-27 08:00:00+00:00,2023-03-27 12:00:00+00:00,2023-03-28 12:00:00+00:00,20.62,20.091,0.026330197600915817,0.025099150059031627,0.0012310475418841893,6.000925858297193,6
XRP,long,2023-03-27 08:00:00+00:00,2023-03-27 12:00:00+00:00,2023-03-28 12:00:00+00:00,0.47743,0.4969,0.04078084745407695,0.039586142057724816,0.001194705396352136,5.742762706652812,6
BNB,short,2023-03-30 08:00:00+00:00,2023-03-30 12:00:00+00:00,2023-03-31 12:00:00+00:00,317.08,315.99,0.0034494762492482955,0.002154673861153533,0.0012948023880947623,6.455921962584254,6
AVAX,long,2023-03-30 12:00:00+00:00,2023-03-30 16:00:00+00:00,2023-03-31 16:00:00+00:00,17.27,17.55,0.01621308627678064,0.014647144228860709,0.0015659420479199326,7.710732744665526,6
DOT,long,2023-03-31 04:00:00+00:00,2023-03-31 08:00:00+00:00,2023-04-01 08:00:00+00:00,6.194,6.267,0.011785598966742139,0.009956594613462544,0.0018290043532795952,9.046674492363598,6
LINK,long,2023-03-31 04:00:00+00:00,2023-03-31 08:00:00+00:00,2023-04-01 08:00:00+00:00,7.516,7.568,0.006918573709419951,0.005603050969859469,0.0013155227395604818,6.536688716426203,6
ADA,long,2023-03-31 08:00:00+00:00,2023-03-31 12:00:00+00:00,2023-04-01 12:00:00+00:00,0.39349,0.39,-0.008869348649266806,-0.010847409074234426,0.0019780604249676204,9.988775255673833,6
BTC,long,2023-03-31 12:00:00+00:00,2023-03-31 16:00:00+00:00,2023-04-01 16:00:00+00:00,28497.0,28404.1,-0.0032599922798891567,-0.004258814976072389,0.0009988226961832325,5.012959217987713,6
ETH,long,2023-03-31 12:00:00+00:00,2023-03-31 16:00:00+00:00,2023-04-01 16:00:00+00:00,1830.74,1821.04,-0.0052984039240963066,-0.006300940435348346,0.001002536511252039,5.041924062981029,6
BNB,short,2023-04-01 08:00:00+00:00,2023-04-01 12:00:00+00:00,2023-04-02 12:00:00+00:00,314.22,314.81,-0.0018741463104728906,-0.003162079355001457,0.0012879330445285664,6.455921962584254,6
DOT,long,2023-04-02 00:00:00+00:00,2023-04-02 04:00:00+00:00,2023-04-03 04:00:00+00:00,6.4,6.177,-0.03484375000000006,-0.03658846250099612,0.0017447125009960596,9.046674492363598,6
XRP,short,2023-04-03 00:00:00+00:00,2023-04-03 04:00:00+00:00,2023-04-04 04:00:00+00:00,0.51244,0.49505,0.035127764872235234,0.033939548611692016,0.0011882162605432178,5.742762706652812,6
DOT,long,2023-04-03 12:00:00+00:00,2023-04-03 16:00:00+00:00,2023-04-04 16:00:00+00:00,6.324,6.431,0.016919671094244082,0.015081385881184683,0.0018382852130593985,9.046674492363598,6
AVAX,short,2023-04-03 20:00:00+00:00,2023-04-04 00:00:00+00:00,2023-04-05 00:00:00+00:00,17.1,17.64,-0.030612244897959107,-0.032106031060480045,0.001493786162520938,7.710732744665526,6
BNB,short,2023-04-04 04:00:00+00:00,2023-04-04 08:00:00+00:00,2023-04-05 08:00:00+00:00,310.02,314.61,-0.014589491751692663,-0.015861017533043253,0.001271525781350591,6.455921962584254,6
BTC,short,2023-04-04 04:00:00+00:00,2023-04-04 08:00:00+00:00,2023-04-05 08:00:00+00:00,28024.7,28529.7,-0.01770085209448402,-0.01868520375667304,0.0009843516621890203,5.012959217987713,6
LINK,short,2023-04-04 04:00:00+00:00,2023-04-04 08:00:00+00:00,2023-04-05 08:00:00+00:00,7.257,7.551,-0.038935240365514545,-0.04019085584277382,0.0012556154772592754,6.536688716426203,6
ADA,long,2023-04-04 08:00:00+00:00,2023-04-04 12:00:00+00:00,2023-04-05 12:00:00+00:00,0.39789,0.39855,0.0016587499057527655,-0.0003403220932928219,0.0019990719990455874,9.988775255673833,6
XRP,short,2023-04-06 00:00:00+00:00,2023-04-06 04:00:00+00:00,2023-04-07 04:00:00+00:00,0.50261,0.50189,0.0014345772978143767,0.000285037222669704,0.0011495400751446727,5.742762706652812,6
AVAX,long,2023-04-06 12:00:00+00:00,2023-04-06 16:00:00+00:00,2023-04-07 16:00:00+00:00,18.24,17.66,-0.03179824561403499,-0.0332902041988411,0.0014919585848061079,7.710732744665526,6
BNB,long,2023-04-06 12:00:00+00:00,2023-04-06 16:00:00+00:00,2023-04-07 16:00:00+00:00,313.04,311.14,-0.006069511883465495,-0.0073520314323558544,0.0012825195488903596,6.455921962584254,6
ADA,short,2023-04-07 08:00:00+00:00,2023-04-07 12:00:00+00:00,2023-04-08 12:00:00+00:00,0.37896,0.38859,-0.02478190380606804,-0.026728206565613033,0.0019463027595449933,9.988775255673833,6
BTC,short,2023-04-07 08:00:00+00:00,2023-04-07 12:00:00+00:00,2023-04-08 12:00:00+00:00,27846.4,28014.3,-0.005993367672938343,-0.006989451282340076,0.0009960836094017322,5.012959217987713,6
XRP,short,2023-04-07 12:00:00+00:00,2023-04-07 16:00:00+00:00,2023-04-08 16:00:00+00:00,0.50813,0.50908,-0.001866111416673255,-0.0030118626532465997,0.0011457512365733447,5.742762706652812,6
ETH,long,2023-04-08 04:00:00+00:00,2023-04-08 08:00:00+00:00,2023-04-09 08:00:00+00:00,1872.96,1835.88,-0.01979753972321885,-0.02078546289407046,0.0009879231708516123,5.041924062981029,6
AVAX,long,2023-04-08 08:00:00+00:00,2023-04-08 12:00:00+00:00,2023-04-09 12:00:00+00:00,17.66,17.37,-0.016421291053227538,-0.017936944884671346,0.0015156538314438084,7.710732744665526,6
LINK,short,2023-04-08 12:00:00+00:00,2023-04-08 16:00:00+00:00,2023-04-09 16:00:00+00:00,7.222,7.105,0.016467276565798716,0.015139278601260964,0.0013279979645377527,6.536688716426203,6
SOL,short,2023-04-08 12:00:00+00:00,2023-04-08 16:00:00+00:00,2023-04-09 16:00:00+00:00,20.452,20.13,0.015996025832091476,0.014777373771489133,0.0012186520606023432,6.000925858297193,6
DOT,short,2023-04-08 16:00:00+00:00,2023-04-08 20:00:00+00:00,2023-04-09 20:00:00+00:00,6.129,6.193,-0.010334248344905594,-0.012123266660562071,0.0017890183156564765,9.046674492363598,6
BTC,short,2023-04-08 20:00:00+00:00,2023-04-09 00:00:00+00:00,2023-04-10 00:00:00+00:00,27940.4,28325.6,-0.01359900584630147,-0.014587467925547215,0.0009884620792457444,5.012959217987713,6
ADA,short,2023-04-09 04:00:00+00:00,2023-04-09 08:00:00+00:00,2023-04-10 08:00:00+00:00,0.38602,0.38688,-0.0022229114971050734,-0.004214236625651235,0.001991325128546162,9.988775255673833,6
ADA,long,2023-04-10 16:00:00+00:00,2023-04-10 20:00:00+00:00,2023-04-11 20:00:00+00:00,0.39103,0.40061,0.024499399023092838,0.022454742535223282,0.002044656487869556,9.988775255673833,6
ETH,long,2023-04-12 16:00:00+00:00,2023-04-12 20:00:00+00:00,2023-04-13 20:00:00+00:00,1901.82,2011.3,0.057565910548842636,0.0565000145629877,0.0010658959858549366,5.041924062981029,6
ADA,long,2023-04-12 20:00:00+00:00,2023-04-13 00:00:00+00:00,2023-04-14 00:00:00+00:00,0.40468,0.42529,0.05092912918849457,0.048831725261917924,0.0020974039265766464,9.988775255673833,6
AVAX,long,2023-04-12 20:00:00+00:00,2023-04-13 00:00:00+00:00,2023-04-14 00:00:00+00:00,18.25,18.84,0.032328767123287694,0.03073799148228651,0.0015907756410011853,7.710732744665526,6
DOT,long,2023-04-12 20:00:00+00:00,2023-04-13 00:00:00+00:00,2023-04-14 00:00:00+00:00,6.405,6.637,0.03622170179547224,0.03434852431055613,0.001873177484916111,9.046674492363598,6
BNB,long,2023-04-13 08:00:00+00:00,2023-04-13 12:00:00+00:00,2023-04-14 12:00:00+00:00,323.67,333.44,0.030185065035375436,0.028855764344150492,0.0013293006912249439,6.455921962584254,6
BTC,long,2023-04-13 12:00:00+00:00,2023-04-13 16:00:00+00:00,2023-04-14 16:00:00+00:00,30432.5,30232.7,-0.0065653495440729515,-0.007560859976447398,0.0009955104323744468,5.012959217987713,6
SOL,long,2023-04-13 12:00:00+00:00,2023-04-13 16:00:00+00:00,2023-04-14 16:00:00+00:00,24.615,23.843,-0.031362990046719386,-0.032524836607279006,0.0011618465605596207,6.000925858297193,6
ADA,long,2023-04-15 08:00:00+00:00,2023-04-15 12:00:00+00:00,2023-04-16 12:00:00+00:00,0.45559,0.44466,-0.023990868983076896,-0.025938750459490234,0.0019478814764133379,9.988775255673833,6
AVAX,long,2023-04-15 08:00:00+00:00,2023-04-15 12:00:00+00:00,2023-04-16 12:00:00+00:00,19.45,19.07,-0.01953727506426728,-0.021048127294108432,0.001510852229841153,7.710732744665526,6
LINK,long,2023-04-15 08:00:00+00:00,2023-04-15 12:00:00+00:00,2023-04-16 12:00:00+00:00,7.821,7.963,0.0181562460043474,0.01682604142870825,0.001330204575639149,6.536688716426203,6
BNB,long,2023-04-15 12:00:00+00:00,2023-04-15 16:00:00+00:00,2023-04-16 16:00:00+00:00,334.12,345.98,0.03549622889979642,0.03416007494109996,0.0013361539586964621,6.455921962584254,6
DOT,long,2023-04-15 12:00:00+00:00,2023-04-15 16:00:00+00:00,2023-04-16 16:00:00+00:00,6.768,6.774,0.0008865248226950229,-0.0009227772793600764,0.0018093021020550992,9.046674492363598,6
XRP,long,2023-04-15 12:00:00+00:00,2023-04-15 16:00:00+00:00,2023-04-16 16:00:00+00:00,0.52133,0.51985,-0.002838892831795503,-0.003983527419067379,0.0011446345872718755,5.742762706652812,6
AVAX,long,2023-04-16 16:00:00+00:00,2023-04-16 20:00:00+00:00,2023-04-17 20:00:00+00:00,19.3,20.69,0.07202072538860116,0.07036878609280017,0.001651939295800986,7.710732744665526,6
BTC,long,2023-04-16 16:00:00+00:00,2023-04-16 20:00:00+00:00,2023-04-17 20:00:00+00:00,30309.9,29471.3,-0.027667527771454314,-0.028641891932595254,0.0009743641611409393,5.012959217987713,6
SOL,long,2023-04-16 16:00:00+00:00,2023-04-16 20:00:00+00:00,2023-04-17 20:00:00+00:00,24.543,24.729,0.007578535631340921,0.006369980058832381,0.0012085555725085406,6.000925858297193,6
ETH,long,2023-04-16 20:00:00+00:00,2023-04-17 00:00:00+00:00,2023-04-18 00:00:00+00:00,2118.6,2075.05,-0.020556027565373225,-0.021543186274040504,0.0009871587086672795,5.041924062981029,6
LINK,long,2023-04-17 04:00:00+00:00,2023-04-17 08:00:00+00:00,2023-04-18 08:00:00+00:00,8.11,8.427,0.039087546239210846,0.03772999526025145,0.0013575509789593987,6.536688716426203,6
AVAX,long,2023-04-18 04:00:00+00:00,2023-04-18 08:00:00+00:00,2023-04-19 08:00:00+00:00,21.43,20.73,-0.03266448903406438,-0.034155112773832985,0.001490623739768604,7.710732744665526,6
DOT,long,2023-04-18 04:00:00+00:00,2023-04-18 08:00:00+00:00,2023-04-19 08:00:00+00:00,6.835,6.823,-0.001755669348939226,-0.0035601951578280167,0.0018045258088887906,9.046674492363598,6
BNB,long,2023-04-18 08:00:00+00:00,2023-04-18 12:00:00+00:00,2023-04-19 12:00:00+00:00,346.02,326.82,-0.05548812207386855,-0.05670687425229792,0.001218752178429372,6.455921962584254,6
ETH,long,2023-04-18 08:00:00+00:00,2023-04-18 12:00:00+00:00,2023-04-19 12:00:00+00:00,2118.07,1982.36,-0.06407248107947339,-0.06501578057080315,0.0009432994913297632,5.041924062981029,6
SOL,long,2023-04-18 08:00:00+00:00,2023-04-18 12:00:00+00:00,2023-04-19 12:00:00+00:00,25.354,23.202,-0.08487812573952813,-0.08597578274744455,0.0010976570079164194,6.000925858297193,6
ADA,long,2023-04-18 12:00:00+00:00,2023-04-18 16:00:00+00:00,2023-04-19 16:00:00+00:00,0.44137,0.42086,-0.04646894895439191,-0.048371969543534954,0.0019030205891430452,9.988775255673833,6
ADA,short,2023-04-20 08:00:00+00:00,2023-04-20 12:00:00+00:00,2023-04-21 12:00:00+00:00,0.41179,0.40033,0.028626383233832042,0.0265734902696404,0.002052892964191644,9.988775255673833,6
XRP,short,2023-04-20 08:00:00+00:00,2023-04-20 12:00:00+00:00,2023-04-21 12:00:00+00:00,0.48832,0.46714,0.04533972684848231,0.044139788344865316,0.001199938503616993,5.742762706652812,6
ETH,short,2023-04-21 04:00:00+00:00,2023-04-21 08:00:00+00:00,2023-04-22 08:00:00+00:00,1927.89,1851.17,0.04144405970278253,0.0403944125539315,0.0010496471488510295,5.041924062981029,6
ADA,short,2023-04-21 16:00:00+00:00,2023-04-21 20:00:00+00:00,2023-04-22 20:00:00+00:00,0.38175,0.39462,-0.03261365364147795,-0.03454432609599045,0.0019306724545125054,9.988775255673833,6
BTC,short,2023-04-21 16:00:00+00:00,2023-04-21 20:00:00+00:00,2023-04-22 20:00:00+00:00,27277.8,27615.1,-0.01221433201400679,-0.013204181660361303,0.0009898496463545126,5.012959217987713,6
SOL,short,2023-04-21 16:00:00+00:00,2023-04-21 20:00:00+00:00,2023-04-22 20:00:00+00:00,21.206,21.757,-0.02532518269982087,-0.026494271401272584,0.0011690887014517148,6.000925858297193,6
BNB,short,2023-04-22 00:00:00+00:00,2023-04-22 04:00:00+00:00,2023-04-23 04:00:00+00:00,322.33,330.16,-0.023715774170099513,-0.02497552384059487,0.0012597496704953581,6.455921962584254,6
ADA,short,2023-04-23 12:00:00+00:00,2023-04-23 16:00:00+00:00,2023-04-24 16:00:00+00:00,0.38543,0.38629,-0.002226306660798927,-0.004217625013408055,0.0019913183526091283,9.988775255673833,6
XRP,short,2023-04-23 12:00:00+00:00,2023-04-23 16:00:00+00:00,2023-04-24 16:00:00+00:00,0.46073,0.45775,0.006510103768432529,0.0053547375302887,0.001155366238143829,5.742762706652812,6
LINK,short,2023-04-23 16:00:00+00:00,2023-04-23 20:00:00+00:00,2023-04-24 20:00:00+00:00,6.95,7.077,-0.017945457114596497,-0.01922849540228555,0.0012830382876890534,6.536688716426203,6
SOL,short,2023-04-23 16:00:00+00:00,2023-04-23 20:00:00+00:00,2023-04-24 20:00:00+00:00,21.193,21.325,-0.006189917936693878,-0.0073819587257925035,0.001192040789098625,6.000925858297193,6
BNB,long,2023-04-23 20:00:00+00:00,2023-04-24 00:00:00+00:00,2023-04-25 00:00:00+00:00,330.65,330.6,-0.00015121729925893224,-0.0014413735275660144,0.0012901562283070822,6.455921962584254,6
ADA,short,2023-04-24 20:00:00+00:00,2023-04-25 00:00:00+00:00,2023-04-26 00:00:00+00:00,0.38352,0.39444,-0.02768481898387587,-0.029625328216984603,0.0019405092331087337,9.988775255673833,6
XRP,short,2023-04-24 20:00:00+00:00,2023-04-25 00:00:00+00:00,2023-04-26 00:00:00+00:00,0.46081,0.46957,-0.018655365547202707,-0.01978184451088638,0.0011264789636836747,5.742762706652812,6
SOL,short,2023-04-25 00:00:00+00:00,2023-04-25 04:00:00+00:00,2023-04-26 04:00:00+00:00,20.886,21.812,-0.04245369521364395,-0.043602238857300746,0.0011485436436567964,6.000925858297193,6
ETH,short,2023-04-25 08:00:00+00:00,2023-04-25 12:00:00+00:00,2023-04-26 12:00:00+00:00,1825.74,1913.98,-0.046102885087618506,-0.047064295715137594,0.0009614106275190881,5.041924062981029,6
LINK,short,2023-04-25 08:00:00+00:00,2023-04-25 12:00:00+00:00,2023-04-26 12:00:00+00:00,7.051,7.385,-0.04522681110358828,-0.04647420674600733,0.0012473956424190469,6.536688716426203,6
BNB,long,2023-04-25 12:00:00+00:00,2023-04-25 16:00:00+00:00,2023-04-26 16:00:00+00:00,332.1,341.93,0.029599518217404253,0.028270973087307638,0.0013285451300966145,6.455921962584254,6
DOT,short,2023-04-25 16:00:00+00:00,2023-04-25 20:00:00+00:00,2023-04-26 20:00:00+00:00,5.839,5.759,0.01389130057301613,0.012058489743929313,0.0018328108290868173,9.046674492363598,6
ADA,long,2023-04-27 00:00:00+00:00,2023-04-27 04:00:00+00:00,2023-04-28 04:00:00+00:00,0.40419,0.40803,0.009500482446374248,0.007485760219196891,0.002014722227177357,9.988775255673833,6
AVAX,long,2023-04-27 00:00:00+00:00,2023-04-27 04:00:00+00:00,2023-04-28 04:00:00+00:00,17.38,17.67,0.01668584579977006,0.015119175249112438,0.0015666705506576228,7.710732744665526,6
BTC,long,2023-04-27 00:00:00+00:00,2023-04-27 04:00:00+00:00,2023-04-28 04:00:00+00:00,28891.9,29429.5,0.018607291316943497,0.017586555645469515,0.0010207356714739824,5.012959217987713,6
ETH,long,2023-04-27 00:00:00+00:00,2023-04-27 04:00:00+00:00,2023-04-28 04:00:00+00:00,1898.98,1905.78,0.003580869730065661,0.0025693840062388507,0.0010114857238268105,5.041924062981029,6
SOL,long,2023-04-27 16:00:00+00:00,2023-04-27 20:00:00+00:00,2023-04-28 20:00:00+00:00,22.329,23.302,0.04357561914998431,0.0423238863219646,0.0012517328280197138,6.000925858297193,6
XRP,short,2023-04-27 20:00:00+00:00,2023-04-28 00:00:00+00:00,2023-04-29 00:00:00+00:00,0.46653,0.47951,-0.02706929991032514,-0.028186120574845486,0.001116820664520346,5.742762706652812,6
AVAX,long,2023-04-29 12:00:00+00:00,2023-04-29 16:00:00+00:00,2023-04-30 16:00:00+00:00,17.59,17.62,0.0017055144968733948,0.0001619280129290246,0.0015435864839443703,7.710732744665526,6
ETH,long,2023-04-29 12:00:00+00:00,2023-04-29 16:00:00+00:00,2023-04-30 16:00:00+00:00,1905.84,1919.87,0.007361583343827416,0.006346287127033445,0.0010152962167939705,5.041924062981029,6
BNB,short,2023-04-29 16:00:00+00:00,2023-04-29 20:00:00+00:00,2023-04-30 20:00:00+00:00,322.86,335.49,-0.03764642761334169,-0.03888820184633579,0.0012417742329940973,6.455921962584254,6
BTC,long,2023-04-30 12:00:00+00:00,2023-04-30 16:00:00+00:00,2023-05-01 16:00:00+00:00,29653.8,28172.2,-0.04996324248494288,-0.05091526434446969,0.0009520218595268082,5.012959217987713,6
SOL,long,2023-04-30 12:00:00+00:00,2023-04-30 16:00:00+00:00,2023-05-01 16:00:00+00:00,23.674,21.88,-0.07577933598040043,-0.07688790667164547,0.0011085706912450366,6.000925858297193,6
XRP,long,2023-04-30 12:00:00+00:00,2023-04-30 16:00:00+00:00,2023-05-01 16:00:00+00:00,0.47897,0.46032,-0.03893772052529387,-0.04004091750891203,0.0011031969836181599,5.742762706652812,6
ADA,long,2023-04-30 16:00:00+00:00,2023-04-30 20:00:00+00:00,2023-05-01 20:00:00+00:00,0.40085,0.38235,-0.04615192715479599,-0.04805558044385072,0.0019036532890547297,9.988775255673833,6
XRP,short,2023-05-02 08:00:00+00:00,2023-05-02 12:00:00+00:00,2023-05-03 12:00:00+00:00,0.46079,0.45516,0.012369276737850265,0.011207184794115754,0.0011620919437345112,5.742762706652812,6
SOL,short,2023-05-03 04:00:00+00:00,2023-05-03 08:00:00+00:00,2023-05-04 08:00:00+00:00,21.749,22.118,-0.016683244416312526,-0.017862698823563283,0.0011794544072507573,6.000925858297193,6
ADA,short,2023-05-03 12:00:00+00:00,2023-05-03 16:00:00+00:00,2023-05-04 16:00:00+00:00,0.38095,0.38897,-0.020618556701030855,-0.02257316850856328,0.001954611807532425,9.988775255673833,6
AVAX,short,2023-05-03 12:00:00+00:00,2023-05-03 16:00:00+00:00,2023-05-04 16:00:00+00:00,16.54,16.89,-0.02072232089994086,-0.022231347023497938,0.0015090261235570779,7.710732744665526,6
BNB,short,2023-05-03 12:00:00+00:00,2023-05-03 16:00:00+00:00,2023-05-04 16:00:00+00:00,322.73,324.68,-0.006005913514845362,-0.00728851512797668,0.0012826016131313178,6.455921962584254,6
BTC,short,2023-05-03 12:00:00+00:00,2023-05-03 16:00:00+00:00,2023-05-04 16:00:00+00:00,28314.0,28871.4,-0.01930630312350634,-0.02028904598007608,0.0009827428565697405,5.012959217987713,6
DOT,short,2023-05-03 12:00:00+00:00,2023-05-03 16:00:00+00:00,2023-05-04 16:00:00+00:00,5.604,5.666,-0.010942463819272885,-0.012730382664101203,0.0017879188448283179,9.046674492363598,6
ETH,short,2023-05-03 12:00:00+00:00,2023-05-03 16:00:00+00:00,2023-05-04 16:00:00+00:00,1853.32,1886.21,-0.01743708282746892,-0.018427385047706357,0.0009903022202374379,5.041924062981029,6
LINK,short,2023-05-03 12:00:00+00:00,2023-05-03 16:00:00+00:00,2023-05-04 16:00:00+00:00,6.868,7.03,-0.023044096728307206,-0.024320473726267555,0.001276376997960349,6.536688716426203,6
ADA,short,2023-05-04 20:00:00+00:00,2023-05-05 00:00:00+00:00,2023-05-06 00:00:00+00:00,0.38731,0.39406,-0.01712937116175206,-0.019090946551554078,0.001961575389802017,9.988775255673833,6
SOL,short,2023-05-04 20:00:00+00:00,2023-05-05 00:00:00+00:00,2023-05-06 00:00:00+00:00,21.738,22.819,-0.047372803365616334,-0.04851544670933772,0.0011426433437213834,6.000925858297193,6
BTC,long,2023-05-05 00:00:00+00:00,2023-05-05 04:00:00+00:00,2023-05-06 04:00:00+00:00,29205.9,29370.4,0.0056324235856453075,0.004624689892891665,0.0010077336927536429,5.012959217987713,6
ETH,long,2023-05-05 08:00:00+00:00,2023-05-05 12:00:00+00:00,2023-05-06 12:00:00+00:00,1911.69,1935.0,0.012193399557459683,0.011173233465932242,0.0010201660915274413,5.041924062981029,6
LINK,long,2023-05-05 08:00:00+00:00,2023-05-05 12:00:00+00:00,2023-05-06 12:00:00+00:00,7.049,7.087,0.005390835579514697,0.004077308804973256,0.0013135267745414403,6.536688716426203,6
BNB,short,2023-05-06 12:00:00+00:00,2023-05-06 16:00:00+00:00,2023-05-07 16:00:00+00:00,320.06,324.29,-0.013043880477350611,-0.014317400640298295,0.0012735201629476833,6.455921962584254,6
ETH,long,2023-05-07 08:00:00+00:00,2023-05-07 12:00:00+00:00,2023-05-08 12:00:00+00:00,1901.99,1862.45,-0.020788752832559543,-0.02177567698286431,0.0009869241503047688,5.041924062981029,6
BTC,long,2023-05-07 12:00:00+00:00,2023-05-07 16:00:00+00:00,2023-05-08 16:00:00+00:00,28945.5,27890.3,-0.036454716622618344,-0.037420275234075207,0.0009655586114568626,5.012959217987713,6
AVAX,short,2023-05-07 16:00:00+00:00,2023-05-07 20:00:00+00:00,2023-05-08 20:00:00+00:00,16.55,15.24,0.08595800524934383,0.08428458918566606,0.0016734160636777684,7.710732744665526,6
ADA,short,2023-05-07 20:00:00+00:00,2023-05-08 00:00:00+00:00,2023-05-09 00:00:00+00:00,0.3759,0.3652,0.029299014238773236,0.02724477886349841,0.0020542353752748266,9.988775255673833,6
XRP,short,2023-05-07 20:00:00+00:00,2023-05-08 00:00:00+00:00,2023-05-09 00:00:00+00:00,0.44894,0.42799,0.04894974181639755,0.04774565940066555,0.0012040824157319996,5.742762706652812,6
BNB,short,2023-05-08 00:00:00+00:00,2023-05-08 04:00:00+00:00,2023-05-09 04:00:00+00:00,318.43,314.08,0.01384997452878256,0.012541751843673898,0.001308222685108662,6.455921962584254,6
DOT,short,2023-05-08 00:00:00+00:00,2023-05-08 04:00:00+00:00,2023-05-09 04:00:00+00:00,5.464,5.38,0.015613382899628325,0.01377745906312633,0.0018359238365019959,9.046674492363598,6
ADA,short,2023-05-09 04:00:00+00:00,2023-05-09 08:00:00+00:00,2023-05-10 08:00:00+00:00,0.36526,0.36117,0.011324307112993814,0.00930594496670989,0.002018362146283925,9.988775255673833,6
BNB,short,2023-05-09 20:00:00+00:00,2023-05-10 00:00:00+00:00,2023-05-11 00:00:00+00:00,312.16,314.42,-0.007187837923796181,-0.008468914439168751,0.00128107651537257,6.455921962584254,6
ETH,short,2023-05-10 16:00:00+00:00,2023-05-10 20:00:00+00:00,2023-05-11 20:00:00+00:00,1849.46,1785.05,0.03608302288451304,0.03503877899948482,0.0010442438850282176,5.041924062981029,6
XRP,short,2023-05-10 16:00:00+00:00,2023-05-10 20:00:00+00:00,2023-05-11 20:00:00+00:00,0.42977,0.41608,0.03290232647567781,0.031716664781034076,0.001185661694643736,5.742762706652812,6
BNB,short,2023-05-11 08:00:00+00:00,2023-05-11 12:00:00+00:00,2023-05-12 12:00:00+00:00,311.87,305.18,0.0219214889573367,0.020602851182674353,0.0013186377746623457,6.455921962584254,6
BTC,short,2023-05-11 08:00:00+00:00,2023-05-11 12:00:00+00:00,2023-05-12 12:00:00+00:00,27407.9,26349.6,0.04016379755290411,0.039121460332869784,0.0010423372200343284,5.012959217987713,6
LINK,short,2023-05-11 08:00:00+00:00,2023-05-11 12:00:00+00:00,2023-05-12 12:00:00+00:00,6.455,6.409,0.0071774067717274015,0.0058615458709807555,0.001315860900746646,6.536688716426203,6
SOL,short,2023-05-11 08:00:00+00:00,2023-05-11 12:00:00+00:00,2023-05-12 12:00:00+00:00,20.504,20.275,0.011294697903822648,0.010081684923316736,0.001213012980505912,6.000925858297193,6
ADA,short,2023-05-11 12:00:00+00:00,2023-05-11 16:00:00+00:00,2023-05-12 16:00:00+00:00,0.3546,0.35941,-0.013383044433933344,-0.015352096598496678,0.001969052164563334,9.988775255673833,6
AVAX,short,2023-05-11 16:00:00+00:00,2023-05-11 20:00:00+00:00,2023-05-12 20:00:00+00:00,14.91,14.94,-0.00200803212851397,-0.0035458961917511633,0.0015378640632371932,7.710732744665526,6
DOT,short,2023-05-11 16:00:00+00:00,2023-05-11 20:00:00+00:00,2023-05-12 20:00:00+00:00,5.262,5.25,0.0022857142857142243,0.00047388286952232406,0.0018118314161919002,9.046674492363598,6
BNB,short,2023-05-12 16:00:00+00:00,2023-05-12 20:00:00+00:00,2023-05-13 20:00:00+00:00,306.34,309.71,-0.010881146879338721,-0.012157457728507959,0.0012763108491692376,6.455921962584254,6
AVAX,short,2023-05-13 20:00:00+00:00,2023-05-14 00:00:00+00:00,2023-05-15 00:00:00+00:00,14.92,15.01,-0.005996002664890088,-0.0075277214316011865,0.0015317187667110987,7.710732744665526,6
ETH,short,2023-05-13 20:00:00+00:00,2023-05-14 00:00:00+00:00,2023-05-15 00:00:00+00:00,1795.08,1799.26,-0.0023231773062258876,-0.0033287124789112,0.0010055351726853123,5.041924062981029,6
ADA,long,2023-05-14 04:00:00+00:00,2023-05-14 08:00:00+00:00,2023-05-15 08:00:00+00:00,0.36708,0.37383,0.01838836220987239,0.01635590189418168,0.0020324603156907095,9.988775255673833,6
DOT,long,2023-05-14 04:00:00+00:00,2023-05-14 08:00:00+00:00,2023-05-15 08:00:00+00:00,5.371,5.417,0.008564513126047224,0.006741331528132832,0.0018231815979143917,9.046674492363598,6
SOL,long,2023-05-14 08:00:00+00:00,2023-05-14 12:00:00+00:00,2023-05-15 12:00:00+00:00,20.97,21.288,0.01516452074391994,0.013946866044885153,0.001217654699034787,6.000925858297193,6
LINK,long,2023-05-14 12:00:00+00:00,2023-05-14 16:00:00+00:00,2023-05-15 16:00:00+00:00,6.591,6.658,0.01016537702928244,0.008845612393992175,0.0013197646352902659,6.536688716426203,6
XRP,long,2023-05-15 04:00:00+00:00,2023-05-15 08:00:00+00:00,2023-05-16 08:00:00+00:00,0.42548,0.426,0.0012221491021904285,7.285287195557544e-05,0.001149296230234853,5.742762706652812,6
ADA,long,2023-05-15 16:00:00+00:00,2023-05-15 20:00:00+00:00,2023-05-16 20:00:00+00:00,0.3701,0.36502,-0.013726019994595995,-0.015694387661729814,0.001968367667133819,9.988775255673833,6
DOT,long,2023-05-15 16:00:00+00:00,2023-05-15 20:00:00+00:00,2023-05-16 20:00:00+00:00,5.349,5.259,-0.016825574873808202,-0.018602858821539225,0.0017772839477310232,9.046674492363598,6
LINK,long,2023-05-16 08:00:00+00:00,2023-05-16 12:00:00+00:00,2023-05-17 12:00:00+00:00,6.65,6.562,-0.01323308270676693,-0.014522277634975489,0.001289194928208559,6.536688716426203,6
ETH,long,2023-05-16 16:00:00+00:00,2023-05-16 20:00:00+00:00,2023-05-17 20:00:00+00:00,1816.67,1827.73,0.0060880622237389215,0.005074049559143701,0.0010140126645952208,5.041924062981029,6
BTC,long,2023-05-17 00:00:00+00:00,2023-05-17 04:00:00+00:00,2023-05-18 04:00:00+00:00,27065.0,27370.3,0.01128025124699783,0.010266857925445683,0.0010133933215521473,5.012959217987713,6
AVAX,short,2023-05-17 04:00:00+00:00,2023-05-17 08:00:00+00:00,2023-05-18 08:00:00+00:00,14.82,15.06,-0.015936254980079667,-0.01745265623191361,0.0015164012518339431,7.710732744665526,6
DOT,short,2023-05-17 12:00:00+00:00,2023-05-17 16:00:00+00:00,2023-05-18 16:00:00+00:00,5.259,5.375,-0.021581395348837185,-0.023350082202123423,0.0017686868532862388,9.046674492363598,6
ADA,long,2023-05-17 16:00:00+00:00,2023-05-17 20:00:00+00:00,2023-05-18 20:00:00+00:00,0.37798,0.37082,-0.018942801206413007,-0.020900757422295024,0.0019579562158820174,9.988775255673833,6
LINK,long,2023-05-17 16:00:00+00:00,2023-05-17 20:00:00+00:00,2023-05-18 20:00:00+00:00,6.776,6.491,-0.042060212514758,-0.043311745266730206,0.0012515327519722064,6.536688716426203,6
ETH,long,2023-05-18 04:00:00+00:00,2023-05-18 08:00:00+00:00,2023-05-19 08:00:00+00:00,1827.09,1805.21,-0.0119753268859224,-0.012971133882435093,0.0009958069965126937,5.041924062981029,6
XRP,long,2023-05-18 08:00:00+00:00,2023-05-18 12:00:00+00:00,2023-05-19 12:00:00+00:00,0.46535,0.46302,-0.005006983990544778,-0.006149129840429368,0.0011421458498845904,5.742762706652812,6
SOL,short,2023-05-18 12:00:00+00:00,2023-05-18 16:00:00+00:00,2023-05-19 16:00:00+00:00,20.517,20.408,0.005341042728341794,0.004135170951111489,0.0012058717772303051,6.000925858297193,6
BTC,short,2023-05-19 16:00:00+00:00,2023-05-19 20:00:00+00:00,2023-05-20 20:00:00+00:00,26834.5,27064.1,-0.008483563096500446,-0.009477151307214826,0.00099358821071438,5.012959217987713,6
AVAX,short,2023-05-20 00:00:00+00:00,2023-05-20 04:00:00+00:00,2023-05-21 04:00:00+00:00,14.62,14.62,0.0,-0.0015409583571267538,0.0015409583571267538,7.710732744665526,6
BNB,short,2023-05-20 00:00:00+00:00,2023-05-20 04:00:00+00:00,2023-05-21 04:00:00+00:00,308.63,310.5,-0.0060225442834138665,-0.0073051244370103685,0.001282580153596502,6.455921962584254,6
SOL,short,2023-05-20 00:00:00+00:00,2023-05-20 04:00:00+00:00,2023-05-21 04:00:00+00:00,20.284,20.246,0.001876913958312798,0.0006751972836189779,0.0012017166746938202,6.000925858297193,6
DOT,long,2023-05-20 04:00:00+00:00,2023-05-20 08:00:00+00:00,2023-05-21 08:00:00+00:00,5.361,5.384,0.004290244357396222,0.0024747893531325005,0.0018154550042637219,9.046674492363598,6
ETH,short,2023-05-20 08:00:00+00:00,2023-05-20 12:00:00+00:00,2023-05-21 12:00:00+00:00,1813.11,1809.64,0.0019175084547202736,0.0009076991938814505,0.0010098092608388232,5.041924062981029,6
ADA,short,2023-05-21 08:00:00+00:00,2023-05-21 12:00:00+00:00,2023-05-22 12:00:00+00:00,0.36133,0.36818,-0.018605030148297064,-0.020563660474662626,0.0019586303263655624,9.988775255673833,6
AVAX,short,2023-05-21 12:00:00+00:00,2023-05-21 16:00:00+00:00,2023-05-22 16:00:00+00:00,14.35,14.58,-0.01577503429355287,-0.017291683979751116,0.001516649686198246,7.710732744665526,6
LINK,short,2023-05-21 12:00:00+00:00,2023-05-21 16:00:00+00:00,2023-05-22 16:00:00+00:00,6.42,6.512,-0.014127764127764064,-0.015415790169247545,0.001288026041483481,6.536688716426203,6
SOL,short,2023-05-21 12:00:00+00:00,2023-05-21 16:00:00+00:00,2023-05-22 16:00:00+00:00,19.924,19.667,0.01306757512584511,0.011852435640486103,0.001215139485359007,6.000925858297193,6
XRP,short,2023-05-23 00:00:00+00:00,2023-05-23 04:00:00+00:00,2023-05-24 04:00:00+00:00,0.46503,0.45793,0.015504553097634988,0.014338862191068502,0.0011656909065664856,5.742762706652812,6
SOL,short,2023-05-24 04:00:00+00:00,2023-05-24 08:00:00+00:00,2023-05-25 08:00:00+00:00,19.425,19.276,0.00772981946461937,0.006521082432390024,0.0012087370322293456,6.000925858297193,6
BNB,short,2023-05-25 16:00:00+00:00,2023-05-25 20:00:00+00:00,2023-05-26 20:00:00+00:00,304.98,307.06,-0.006773920406435208,-0.008055531020835893,0.0012816106144006856,6.455921962584254,6
LINK,short,2023-05-25 16:00:00+00:00,2023-05-25 20:00:00+00:00,2023-05-26 20:00:00+00:00,6.308,6.373,-0.010199278204927054,-0.011492436749374058,0.001293158544447004,6.536688716426203,6
XRP,short,2023-05-25 16:00:00+00:00,2023-05-25 20:00:00+00:00,2023-05-26 20:00:00+00:00,0.4515,0.46593,-0.030970317429656835,-0.03208266014217309,0.0011123427125162566,5.742762706652812,6
AVAX,short,2023-05-26 00:00:00+00:00,2023-05-26 04:00:00+00:00,2023-05-27 04:00:00+00:00,14.08,14.44,-0.024930747922437657,-0.026433289035204033,0.0015025411127663757,7.710732744665526,6
DOT,short,2023-05-26 04:00:00+00:00,2023-05-26 08:00:00+00:00,2023-05-27 08:00:00+00:00,5.24,5.275,-0.006635071090047462,-0.008430776406694651,0.0017957053166471892,9.046674492363598,6
BNB,short,2023-05-27 08:00:00+00:00,2023-05-27 12:00:00+00:00,2023-05-28 12:00:00+00:00,305.26,307.72,-0.007994280514753815,-0.009274316435839092,0.0012800359210852763,6.455921962584254,6
AVAX,long,2023-05-27 20:00:00+00:00,2023-05-28 00:00:00+00:00,2023-05-29 00:00:00+00:00,14.56,14.91,0.024038461538461453,0.02246046091313425,0.0015780006253272028,7.710732744665526,6
BTC,long,2023-05-27 20:00:00+00:00,2023-05-28 00:00:00+00:00,2023-05-29 00:00:00+00:00,26849.4,28075.9,0.04568072284669311,0.04463285717374821,0.0010478656729449032,5.012959217987713,6
ETH,long,2023-05-28 00:00:00+00:00,2023-05-28 04:00:00+00:00,2023-05-29 04:00:00+00:00,1850.5,1904.47,0.02916509051607674,0.02812781905354078,0.0010372714625359603,5.041924062981029,6
XRP,long,2023-05-28 08:00:00+00:00,2023-05-28 12:00:00+00:00,2023-05-29 12:00:00+00:00,0.47242,0.48041,0.01691291647263027,0.015745608915134435,0.0011673075574958336,5.742762706652812,6
XRP,long,2023-05-29 20:00:00+00:00,2023-05-30 00:00:00+00:00,2023-05-31 00:00:00+00:00,0.49434,0.52034,0.05259537969818351,0.05138711247903083,0.001208267219152681,5.742762706652812,6
LINK,long,2023-05-30 00:00:00+00:00,2023-05-30 04:00:00+00:00,2023-05-31 04:00:00+00:00,6.615,6.608,-0.0010582010582010914,-0.002363302271265688,0.0013051012130645967,6.536688716426203,6
SOL,long,2023-05-30 08:00:00+00:00,2023-05-30 12:00:00+00:00,2023-05-31 12:00:00+00:00,21.28,20.622,-0.03092105263157896,-0.032083429280768794,0.0011623766491898335,6.000925858297193,6
AVAX,long,2023-05-30 12:00:00+00:00,2023-05-30 16:00:00+00:00,2023-05-31 16:00:00+00:00,14.45,14.01,-0.0304498269896194,-0.031943863431373565,0.0014940364417541652,7.710732744665526,6
ETH,long,2023-05-30 12:00:00+00:00,2023-05-30 16:00:00+00:00,2023-05-31 16:00:00+00:00,1900.6,1858.3,-0.022256129643270506,-0.023241574858752778,0.0009854452154822724,5.041924062981029,6
XRP,long,2023-06-02 04:00:00+00:00,2023-06-02 08:00:00+00:00,2023-06-03 08:00:00+00:00,0.51533,0.52425,0.017309296955348996,0.01614153439533972,0.0011677625600092778,5.742762706652812,6
LINK,short,2023-06-02 12:00:00+00:00,2023-06-02 16:00:00+00:00,2023-06-03 16:00:00+00:00,6.392,6.438,-0.007145076110593229,-0.008442224920401586,0.0012971488098083572,6.536688716426203,6
BNB,short,2023-06-03 00:00:00+00:00,2023-06-03 04:00:00+00:00,2023-06-04 04:00:00+00:00,306.23,306.07,0.0005227562322345225,-0.0007682696587300031,0.0012910258909645256,6.455921962584254,6
ETH,long,2023-06-03 08:00:00+00:00,2023-06-03 12:00:00+00:00,2023-06-04 12:00:00+00:00,1903.99,1903.0,-0.0005199607140793372,-0.0015273133066606714,0.0010073525925813342,5.041924062981029,6
BTC,short,2023-06-03 20:00:00+00:00,2023-06-04 00:00:00+00:00,2023-06-05 00:00:00+00:00,27070.6,27116.5,-0.0016926963288035335,-0.0026930895958031664,0.001000393266999633,5.012959217987713,6
ADA,long,2023-06-04 00:00:00+00:00,2023-06-04 04:00:00+00:00,2023-06-05 04:00:00+00:00,0.37865,0.37415,-0.011884325894625625,-0.013856369143993796,0.0019720432493681717,9.988775255673833,6
SOL,long,2023-06-04 04:00:00+00:00,2023-06-04 08:00:00+00:00,2023-06-05 08:00:00+00:00,21.612,21.655,0.001989635387747768,0.0007877835076013362,0.0012018518801464317,6.000925858297193,6
XRP,long,2023-06-04 12:00:00+00:00,2023-06-04 16:00:00+00:00,2023-06-05 16:00:00+00:00,0.5358,0.50379,-0.05974244120940664,-0.06082175659284761,0.0010793153834409708,5.742762706652812,6
BNB,short,2023-06-05 00:00:00+00:00,2023-06-05 04:00:00+00:00,2023-06-06 04:00:00+00:00,301.14,276.3,0.08990228013029311,0.08849592324984745,0.0014063568804456583,6.455921962584254,6
ADA,short,2023-06-07 00:00:00+00:00,2023-06-07 04:00:00+00:00,2023-06-08 04:00:00+00:00,0.34472,0.32186,0.07102466911079364,0.06888715927871947,0.0021375098320741692,9.988775255673833,6
BNB,short,2023-06-07 12:00:00+00:00,2023-06-07 16:00:00+00:00,2023-06-08 16:00:00+00:00,258.95,265.24,-0.023714371889609454,-0.024974123369539414,0.0012597514799299603,6.455921962584254,6
DOT,short,2023-06-07 12:00:00+00:00,2023-06-07 16:00:00+00:00,2023-06-08 16:00:00+00:00,5.037,5.043,-0.0011897679952409534,-0.002995316783741764,0.0018055487885008104,9.046674492363598,6
LINK,short,2023-06-07 12:00:00+00:00,2023-06-07 16:00:00+00:00,2023-06-08 16:00:00+00:00,5.985,6.019,-0.005648778866921389,-0.006947882564742103,0.0012991036978207138,6.536688716426203,6
SOL,short,2023-06-07 12:00:00+00:00,2023-06-07 16:00:00+00:00,2023-06-08 16:00:00+00:00,19.319,18.905,0.021898968526844698,0.020673236090831715,0.0012257324360129829,6.000925858297193,6
ADA,short,2023-06-09 04:00:00+00:00,2023-06-09 08:00:00+00:00,2023-06-10 08:00:00+00:00,0.31389,0.24007,0.30749364768609144,0.3048842021635867,0.0026094455225047497,9.988775255673833,6
AVAX,short,2023-06-09 08:00:00+00:00,2023-06-09 12:00:00+00:00,2023-06-10 12:00:00+00:00,13.92,11.65,0.19484978540772535,0.19300857164538976,0.0018412137623355918,7.710732744665526,6
ETH,short,2023-06-09 08:00:00+00:00,2023-06-09 12:00:00+00:00,2023-06-10 12:00:00+00:00,1843.79,1748.11,0.05473339778389241,0.05367035662151087,0.0010630411623815395,5.041924062981029,6
BTC,short,2023-06-09 16:00:00+00:00,2023-06-09 20:00:00+00:00,2023-06-10 20:00:00+00:00,26412.3,25747.0,0.025839903678098297,0.02481192028171808,0.0010279833963802165,5.012959217987713,6
SOL,short,2023-06-09 16:00:00+00:00,2023-06-09 20:00:00+00:00,2023-06-10 20:00:00+00:00,17.391,15.327,0.13466431787042454,0.13330332730165506,0.0013609905687694823,6.000925858297193,6
DOT,short,2023-06-10 00:00:00+00:00,2023-06-10 04:00:00+00:00,2023-06-11 04:00:00+00:00,4.814,4.486,0.07311636201515825,0.07117649007024651,0.0019398719449117419,9.046674492363598,6
BNB,short,2023-06-10 04:00:00+00:00,2023-06-10 08:00:00+00:00,2023-06-11 08:00:00+00:00,234.72,236.79,-0.008741923223109072,-0.010020994422414886,0.0012790711993058146,6.455921962584254,6
LINK,short,2023-06-10 04:00:00+00:00,2023-06-10 08:00:00+00:00,2023-06-11 08:00:00+00:00,5.104,5.16,-0.010852713178294615,-0.012145018020576548,0.0012923048422819328,6.536688716426203,6
BTC,short,2023-06-11 12:00:00+00:00,2023-06-11 16:00:00+00:00,2023-06-12 16:00:00+00:00,25754.5,25822.5,-0.002633362377771342,-0.0036328130132000647,0.0009994506354287225,5.012959217987713,6
ETH,short,2023-06-12 00:00:00+00:00,2023-06-12 04:00:00+00:00,2023-06-13 04:00:00+00:00,1736.0,1747.24,-0.006433002907442642,-0.007434395882873535,0.0010013929754308926,5.041924062981029,6
BNB,short,2023-06-12 04:00:00+00:00,2023-06-12 08:00:00+00:00,2023-06-13 08:00:00+00:00,223.55,235.13,-0.049249351422617216,-0.05047615380718984,0.0012268023845726228,6.455921962584254,6
BTC,short,2023-06-13 20:00:00+00:00,2023-06-14 00:00:00+00:00,2023-06-15 00:00:00+00:00,25936.8,25127.2,0.032220064312776575,0.03118568742441452,0.001034376888362054,5.012959217987713,6
ADA,short,2023-06-14 04:00:00+00:00,2023-06-14 08:00:00+00:00,2023-06-15 08:00:00+00:00,0.27083,0.25625,0.05689756097560994,0.054788245482479514,0.002109315493130426,9.988775255673833,6
ETH,short,2023-06-14 20:00:00+00:00,2023-06-15 00:00:00+00:00,2023-06-16 00:00:00+00:00,1650.89,1666.4,-0.009307489198271734,-0.010305985046092814,0.0009984958478210793,5.041924062981029,6
AVAX,short,2023-06-15 00:00:00+00:00,2023-06-15 04:00:00+00:00,2023-06-16 04:00:00+00:00,11.53,11.5,0.002608695652173809,0.0010637174036804975,0.0015449782484933117,7.710732744665526,6
SOL,short,2023-06-15 12:00:00+00:00,2023-06-15 16:00:00+00:00,2023-06-16 16:00:00+00:00,14.483,15.008,-0.034981343283582045,-0.0361388497546965,0.0011575064711144556,6.000925858297193,6
LINK,long,2023-06-15 16:00:00+00:00,2023-06-15 20:00:00+00:00,2023-06-16 20:00:00+00:00,5.348,5.375,0.005048616305160847,0.003735536634535297,0.0013130796706255499,6.536688716426203,6
DOT,short,2023-06-16 08:00:00+00:00,2023-06-16 12:00:00+00:00,2023-06-17 12:00:00+00:00,4.343,4.535,-0.04233737596471887,-0.044068542241568975,0.0017311662768501046,9.046674492363598,6
XRP,short,2023-06-16 08:00:00+00:00,2023-06-16 12:00:00+00:00,2023-06-17 12:00:00+00:00,0.46286,0.47886,-0.03341268846844592,-0.034522227599529054,0.001109539131083137,5.742762706652812,6
ADA,short,2023-06-17 00:00:00+00:00,2023-06-17 04:00:00+00:00,2023-06-18 04:00:00+00:00,0.26238,0.26729,-0.01836956115081012,-0.020328661417142402,0.001959100266332281,9.988775255673833,6
BNB,long,2023-06-17 04:00:00+00:00,2023-06-17 08:00:00+00:00,2023-06-18 08:00:00+00:00,246.62,245.76,-0.0034871462168518663,-0.0047729979247709275,0.0012858517079190612,6.455921962584254,6
LINK,long,2023-06-17 04:00:00+00:00,2023-06-17 08:00:00+00:00,2023-06-18 08:00:00+00:00,5.349,5.243,-0.019816788184707446,-0.02109738160878938,0.0012805934240819328,6.536688716426203,6
BTC,long,2023-06-17 20:00:00+00:00,2023-06-18 00:00:00+00:00,2023-06-19 00:00:00+00:00,26513.4,26351.0,-0.0061252046135162885,-0.007121156110504012,0.0009959514969877237,5.012959217987713,6
ETH,long,2023-06-18 08:00:00+00:00,2023-06-18 12:00:00+00:00,2023-06-19 12:00:00+00:00,1734.28,1725.69,-0.004953064095763016,-0.005955948666963917,0.0010028845712009016,5.041924062981029,6
SOL,long,2023-06-18 16:00:00+00:00,2023-06-18 20:00:00+00:00,2023-06-19 20:00:00+00:00,15.814,15.86,0.0029088149740734703,0.0017058605698341278,0.0012029544042393425,6.000925858297193,6
ADA,short,2023-06-18 20:00:00+00:00,2023-06-19 00:00:00+00:00,2023-06-20 00:00:00+00:00,0.26087,0.26342,-0.009680358363070352,-0.011656800206050977,0.001976441842980625,9.988775255673833,6
BTC,long,2023-06-19 16:00:00+00:00,2023-06-19 20:00:00+00:00,2023-06-20 20:00:00+00:00,26683.2,27982.1,0.04867856928704195,0.047627699503655974,0.001050869783385977,5.012959217987713,6
XRP,long,2023-06-19 16:00:00+00:00,2023-06-19 20:00:00+00:00,2023-06-20 20:00:00+00:00,0.4947,0.48897,-0.011582777440873215,-0.012717374981294216,0.0011345975404210007,5.742762706652812,6
BNB,long,2023-06-19 20:00:00+00:00,2023-06-20 00:00:00+00:00,2023-06-21 00:00:00+00:00,243.09,247.83,0.019498951005800347,0.01818343915625853,0.0013155118495418172,6.455921962584254,6
ETH,long,2023-06-19 20:00:00+00:00,2023-06-20 00:00:00+00:00,2023-06-21 00:00:00+00:00,1736.82,1791.74,0.031621008509805426,0.030581261784872193,0.0010397467249332326,5.041924062981029,6
DOT,long,2023-06-20 08:00:00+00:00,2023-06-20 12:00:00+00:00,2023-06-21 12:00:00+00:00,4.482,4.689,0.0461847389558232,0.04429355129329959,0.001891187662523608,9.046674492363598,6
ADA,short,2023-06-20 12:00:00+00:00,2023-06-20 16:00:00+00:00,2023-06-21 16:00:00+00:00,0.25709,0.2822,-0.08897944720056705,-0.09079762697269789,0.0018181797721308346,9.988775255673833,6
AVAX,short,2023-06-20 12:00:00+00:00,2023-06-20 16:00:00+00:00,2023-06-21 16:00:00+00:00,11.32,12.47,-0.09222133119486775,-0.09362018032098463,0.0013988491261168745,7.710732744665526,6
LINK,short,2023-06-20 12:00:00+00:00,2023-06-20 16:00:00+00:00,2023-06-21 16:00:00+00:00,5.08,5.436,-0.0654893303899926,-0.06671025338052283,0.0012209229905302266,6.536688716426203,6
SOL,long,2023-06-20 20:00:00+00:00,2023-06-21 00:00:00+00:00,2023-06-22 00:00:00+00:00,16.641,17.232,0.035514692626645195,0.034272628600932054,0.001242064025713141,6.000925858297193,6
XRP,long,2023-06-21 00:00:00+00:00,2023-06-21 04:00:00+00:00,2023-06-22 04:00:00+00:00,0.49788,0.51655,0.03749899574194582,0.03630805756129529,0.0011909381806505248,5.742762706652812,6
BNB,long,2023-06-22 04:00:00+00:00,2023-06-22 08:00:00+00:00,2023-06-23 08:00:00+00:00,252.45,243.5,-0.03545256486432957,-0.036697169951087516,0.001244605086757944,6.455921962584254,6
DOT,long,2023-06-23 08:00:00+00:00,2023-06-23 12:00:00+00:00,2023-06-24 12:00:00+00:00,4.924,5.047,0.024979691307879692,0.023126836000055606,0.0018528553078240861,9.046674492363598,6
LINK,long,2023-06-23 08:00:00+00:00,2023-06-23 12:00:00+00:00,2023-06-24 12:00:00+00:00,5.854,6.136,0.04817218995558603,0.04680277003736788,0.001369419918218151,6.536688716426203,6
BTC,long,2023-06-23 12:00:00+00:00,2023-06-23 16:00:00+00:00,2023-06-24 16:00:00+00:00,31236.4,30404.7,-0.026625987629816494,-0.027601395507397486,0.0009754078775809916,5.012959217987713,6
ADA,long,2023-06-23 16:00:00+00:00,2023-06-23 20:00:00+00:00,2023-06-24 20:00:00+00:00,0.29818,0.29156,-0.022201354886310365,-0.024152807806115284,0.001951452919804919,9.988775255673833,6
AVAX,long,2023-06-23 16:00:00+00:00,2023-06-23 20:00:00+00:00,2023-06-24 20:00:00+00:00,13.27,12.98,-0.021853805576488305,-0.023361088129277063,0.0015072825527887579,7.710732744665526,6
ETH,long,2023-06-23 16:00:00+00:00,2023-06-23 20:00:00+00:00,2023-06-24 20:00:00+00:00,1900.67,1888.28,-0.0065187539130938665,-0.00752006046208864,0.0010013065489947737,5.041924062981029,6
SOL,long,2023-06-23 16:00:00+00:00,2023-06-23 20:00:00+00:00,2023-06-24 20:00:00+00:00,17.12,16.684,-0.025467289719626196,-0.02663620796862709,0.0011689182490008942,6.000925858297193,6
XRP,long,2023-06-24 08:00:00+00:00,2023-06-24 12:00:00+00:00,2023-06-25 12:00:00+00:00,0.49239,0.49227,-0.00024370925485894812,-0.0013913228360579177,0.0011476135811989696,5.742762706652812,6
DOT,long,2023-06-25 04:00:00+00:00,2023-06-25 08:00:00+00:00,2023-06-26 08:00:00+00:00,5.205,5.184,-0.004034582132564801,-0.005834988351882231,0.0018004062193174297,9.046674492363598,6
ADA,long,2023-06-25 08:00:00+00:00,2023-06-25 12:00:00+00:00,2023-06-26 12:00:00+00:00,0.29812,0.28898,-0.030658795116060622,-0.03259336900201437,0.0019345738859537498,9.988775255673833,6
AVAX,long,2023-06-25 08:00:00+00:00,2023-06-25 12:00:00+00:00,2023-06-26 12:00:00+00:00,13.59,13.54,-0.003679175864606421,-0.0052144647649373654,0.0015352889003309445,7.710732744665526,6
ETH,long,2023-06-25 08:00:00+00:00,2023-06-25 12:00:00+00:00,2023-06-26 12:00:00+00:00,1918.86,1881.01,-0.019725253535953557,-0.02071324956236542,0.0009879960264118637,5.041924062981029,6
LINK,long,2023-06-25 08:00:00+00:00,2023-06-25 12:00:00+00:00,2023-06-26 12:00:00+00:00,6.316,6.153,-0.025807473084230592,-0.027080239775926773,0.001272766691696181,6.536688716426203,6
SOL,long,2023-06-25 08:00:00+00:00,2023-06-25 12:00:00+00:00,2023-06-26 12:00:00+00:00,17.248,16.929,-0.018494897959183798,-0.01967217935072696,0.0011772813915431612,6.000925858297193,6
BNB,short,2023-06-26 00:00:00+00:00,2023-06-26 04:00:00+00:00,2023-06-27 04:00:00+00:00,236.37,237.74,-0.005762597795911484,-0.007045513371809697,0.0012829155758982136,6.455921962584254,6
XRP,short,2023-06-26 00:00:00+00:00,2023-06-26 04:00:00+00:00,2023-06-27 04:00:00+00:00,0.4843,0.48242,0.0038970191948923816,0.0027446524991103782,0.0011523666957820033,5.742762706652812,6
XRP,short,2023-06-27 08:00:00+00:00,2023-06-27 12:00:00+00:00,2023-06-28 12:00:00+00:00,0.48109,0.47541,0.01194758208704072,0.010785974203784354,0.0011616078832563659,5.742762706652812,6
AVAX,long,2023-06-27 16:00:00+00:00,2023-06-27 20:00:00+00:00,2023-06-28 20:00:00+00:00,13.31,12.24,-0.08039068369646885,-0.08180776335771844,0.0014170796612495984,7.710732744665526,6
LINK,long,2023-06-27 16:00:00+00:00,2023-06-27 20:00:00+00:00,2023-06-28 20:00:00+00:00,6.228,5.82,-0.06551059730250475,-0.06673149250815957,0.0012208952056548261,6.536688716426203,6
DOT,long,2023-06-27 20:00:00+00:00,2023-06-28 00:00:00+00:00,2023-06-29 00:00:00+00:00,5.095,4.878,-0.042590775269872316,-0.044321483476917334,0.0017307082070450175,9.046674492363598,6
BNB,short,2023-06-28 00:00:00+00:00,2023-06-28 04:00:00+00:00,2023-06-29 04:00:00+00:00,235.49,233.06,0.010426499613833462,0.009122694414208876,0.0013038051996245859,6.455921962584254,6
SOL,short,2023-06-28 00:00:00+00:00,2023-06-28 04:00:00+00:00,2023-06-29 04:00:00+00:00,16.394,16.039,0.02213354947315893,0.020907535665421806,0.0012260138077371252,6.000925858297193,6
ADA,short,2023-06-28 04:00:00+00:00,2023-06-28 08:00:00+00:00,2023-06-29 08:00:00+00:00,0.27522,0.27292,0.008427377986223172,0.006414797419645124,0.0020125805665780483,9.988775255673833,6
ETH,short,2023-06-28 04:00:00+00:00,2023-06-28 08:00:00+00:00,2023-06-29 08:00:00+00:00,1851.12,1846.88,0.0022957636662912506,0.0012855731708574236,0.001010190495433827,5.041924062981029,6
DOT,short,2023-06-30 12:00:00+00:00,2023-06-30 16:00:00+00:00,2023-07-01 16:00:00+00:00,4.973,5.289,-0.059746643978067615,-0.061446339529285354,0.0016996955512177392,9.046674492363598,6
XRP,short,2023-06-30 12:00:00+00:00,2023-06-30 16:00:00+00:00,2023-07-01 16:00:00+00:00,0.4647,0.47209,-0.015653794827257483,-0.016783719273960496,0.0011299244467030123,5.742762706652812,6
AVAX,short,2023-07-01 04:00:00+00:00,2023-07-01 08:00:00+00:00,2023-07-02 08:00:00+00:00,12.95,12.89,0.00465477114041879,0.0031066399748025386,0.001548131165616251,7.710732744665526,6
ADA,long,2023-07-01 08:00:00+00:00,2023-07-01 12:00:00+00:00,2023-07-02 12:00:00+00:00,0.28794,0.29052,0.008960200041675526,0.006946556089336697,0.0020136439523388283,9.988775255673833,6
SOL,long,2023-07-01 08:00:00+00:00,2023-07-01 12:00:00+00:00,2023-07-02 12:00:00+00:00,18.339,19.039,0.03817002017558235,0.03692477117639781,0.001245248999184545,6.000925858297193,6
BTC,long,2023-07-02 20:00:00+00:00,2023-07-03 00:00:00+00:00,2023-07-04 00:00:00+00:00,30620.1,31157.3,0.01754403153484141,0.01652436134483115,0.0010196701900102578,5.012959217987713,6
DOT,long,2023-07-02 20:00:00+00:00,2023-07-03 00:00:00+00:00,2023-07-04 00:00:00+00:00,5.494,5.43,-0.011649071714597725,-0.013435713224664747,0.0017866415100670219,9.046674492363598,6
ETH,long,2023-07-02 20:00:00+00:00,2023-07-03 00:00:00+00:00,2023-07-04 00:00:00+00:00,1937.99,1955.69,0.00913317406178571,0.008116092300075595,0.0010170817617101147,5.041924062981029,6
LINK,long,2023-07-02 20:00:00+00:00,2023-07-03 00:00:00+00:00,2023-07-04 00:00:00+00:00,6.54,6.63,0.013761467889908285,0.012437005020397018,0.001324462869511267,6.536688716426203,6
ADA,long,2023-07-03 00:00:00+00:00,2023-07-03 04:00:00+00:00,2023-07-04 04:00:00+00:00,0.29509,0.29983,0.01606289606560707,0.014035076825785975,0.0020278192398210937,9.988775255673833,6
BNB,long,2023-07-03 00:00:00+00:00,2023-07-03 04:00:00+00:00,2023-07-04 04:00:00+00:00,248.01,245.84,-0.008749647191645393,-0.010028708424318022,0.0012790612326726292,6.455921962584254,6
XRP,long,2023-07-03 04:00:00+00:00,2023-07-03 08:00:00+00:00,2023-07-04 08:00:00+00:00,0.48089,0.48752,0.013786936721495557,0.012623217455316693,0.0011637192661788642,5.742762706652812,6
ADA,short,2023-07-06 12:00:00+00:00,2023-07-06 16:00:00+00:00,2023-07-07 16:00:00+00:00,0.28229,0.28406,-0.006231077941279972,-0.008214403725431807,0.001983325784151835,9.988775255673833,6
BNB,short,2023-07-06 12:00:00+00:00,2023-07-06 16:00:00+00:00,2023-07-07 16:00:00+00:00,238.24,235.6,0.011205432937181792,0.009900622639890333,0.0013048102972914588,6.455921962584254,6
BTC,short,2023-07-06 12:00:00+00:00,2023-07-06 16:00:00+00:00,2023-07-07 16:00:00+00:00,30397.9,30388.0,0.00032578649466907805,-0.0006766294727743594,0.0010024159674434374,5.012959217987713,6
DOT,short,2023-07-06 12:00:00+00:00,2023-07-06 16:00:00+00:00,2023-07-07 16:00:00+00:00,5.142,5.15,-0.0015533980582523865,-0.0033582895128587698,0.0018048914546063832,9.046674492363598,6
ETH,short,2023-07-06 12:00:00+00:00,2023-07-06 16:00:00+00:00,2023-07-07 16:00:00+00:00,1888.36,1872.4,0.008523819696645951,0.007507352088971464,0.0010164676076744872,5.041924062981029,6
LINK,short,2023-07-06 12:00:00+00:00,2023-07-06 16:00:00+00:00,2023-07-07 16:00:00+00:00,6.202,6.214,-0.0019311232700355285,-0.003235084024427848,0.0013039607543923193,6.536688716426203,6
XRP,short,2023-07-06 12:00:00+00:00,2023-07-06 16:00:00+00:00,2023-07-07 16:00:00+00:00,0.46967,0.46733,0.00500716838208537,0.003853527353452124,0.0011536410286332455,5.742762706652812,6
AVAX,short,2023-07-06 20:00:00+00:00,2023-07-07 00:00:00+00:00,2023-07-08 00:00:00+00:00,12.35,12.74,-0.030612244897959218,-0.032106031060480156,0.001493786162520938,7.710732744665526,6
SOL,long,2023-07-07 08:00:00+00:00,2023-07-07 12:00:00+00:00,2023-07-08 12:00:00+00:00,20.159,21.935,0.0880996081154819,0.08679447030405729,0.001305137811424606,6.000925858297193,6
BTC,short,2023-07-08 12:00:00+00:00,2023-07-08 16:00:00+00:00,2023-07-09 16:00:00+00:00,30212.4,30345.4,-0.004382871868553351,-0.0053805693388909726,0.0009976974703376218,5.012959217987713,6
DOT,short,2023-07-09 08:00:00+00:00,2023-07-09 12:00:00+00:00,2023-07-10 12:00:00+00:00,5.106,5.09,0.003143418467583592,0.001330036579943794,0.0018133818876397978,9.046674492363598,6
BNB,short,2023-07-09 20:00:00+00:00,2023-07-10 00:00:00+00:00,2023-07-11 00:00:00+00:00,233.99,246.05,-0.049014427961796336,-0.05024153348017413,0.0012271055183777912,6.455921962584254,6
BTC,short,2023-07-09 20:00:00+00:00,2023-07-10 00:00:00+00:00,2023-07-11 00:00:00+00:00,30163.7,30413.9,-0.008226501698236688,-0.009220347507479021,0.000993845809242333,5.012959217987713,6
LINK,short,2023-07-09 20:00:00+00:00,2023-07-10 00:00:00+00:00,2023-07-11 00:00:00+00:00,6.149,6.168,-0.003080415045395579,-0.004382874268776038,0.0013024592233804588,6.536688716426203,6
XRP,short,2023-07-10 00:00:00+00:00,2023-07-10 04:00:00+00:00,2023-07-11 04:00:00+00:00,0.46595,0.47609,-0.021298493982230382,-0.022421938916403983,0.0011234449341736008,5.742762706652812,6
AVAX,long,2023-07-10 20:00:00+00:00,2023-07-11 00:00:00+00:00,2023-07-12 00:00:00+00:00,13.37,13.27,-0.007479431563201189,-0.00900886442775417,0.001529432864552982,7.710732744665526,6
SOL,long,2023-07-10 20:00:00+00:00,2023-07-11 00:00:00+00:00,2023-07-12 00:00:00+00:00,21.293,22.062,0.03611515521532915,0.03487237095552809,0.0012427842598010663,6.000925858297193,6
BNB,long,2023-07-11 16:00:00+00:00,2023-07-11 20:00:00+00:00,2023-07-12 20:00:00+00:00,247.19,243.04,-0.016788705044702423,-0.018057393068207528,0.0012686880235051046,6.455921962584254,6
ADA,long,2023-07-11 20:00:00+00:00,2023-07-12 00:00:00+00:00,2023-07-13 00:00:00+00:00,0.29288,0.28893,-0.013486752253482504,-0.015455597441969338,0.001968845188486834,9.988775255673833,6
BTC,long,2023-07-11 20:00:00+00:00,2023-07-12 00:00:00+00:00,2023-07-13 00:00:00+00:00,30620.9,30384.3,-0.007726748723910881,-0.008721095330361583,0.0009943466064507023,5.012959217987713,6
DOT,long,2023-07-11 20:00:00+00:00,2023-07-12 00:00:00+00:00,2023-07-13 00:00:00+00:00,5.213,5.147,-0.012660656052177255,-0.014445468921711058,0.0017848128695338028,9.046674492363598,6
ETH,long,2023-07-11 20:00:00+00:00,2023-07-12 00:00:00+00:00,2023-07-13 00:00:00+00:00,1877.99,1872.17,-0.0030990580354527397,-0.004103811216068731,0.0010047531806159915,5.041924062981029,6
LINK,long,2023-07-11 20:00:00+00:00,2023-07-12 00:00:00+00:00,2023-07-13 00:00:00+00:00,6.204,6.251,0.007575757575757569,0.006259376236164682,0.001316381339592887,6.536688716426203,6
SOL,long,2023-07-12 12:00:00+00:00,2023-07-12 16:00:00+00:00,2023-07-13 16:00:00+00:00,22.407,24.075,0.07444102289463106,0.07315226808333741,0.0012887548112936464,6.000925858297193,6
LINK,long,2023-07-13 04:00:00+00:00,2023-07-13 08:00:00+00:00,2023-07-14 08:00:00+00:00,6.304,7.11,0.12785532994923865,0.1263818053046224,0.001473524644616253,6.536688716426203,6
BNB,long,2023-07-13 12:00:00+00:00,2023-07-13 16:00:00+00:00,2023-07-14 16:00:00+00:00,251.29,256.57,0.021011580245930972,0.019694116573204523,0.0013174636727264488,6.455921962584254,6
BTC,long,2023-07-13 12:00:00+00:00,2023-07-13 16:00:00+00:00,2023-07-14 16:00:00+00:00,30919.1,31245.8,0.010566284270887571,0.009553606408145843,0.0010126778627417288,5.012959217987713,6
DOT,long,2023-07-13 12:00:00+00:00,2023-07-13 16:00:00+00:00,2023-07-14 16:00:00+00:00,5.358,5.659,0.056177678238148676,0.05426842634396545,0.0019092518941832282,9.046674492363598,6
ETH,long,2023-07-13 12:00:00+00:00,2023-07-13 16:00:00+00:00,2023-07-14 16:00:00+00:00,1932.47,1998.54,0.03418940526890446,0.03314706991685279,0.001042335352051671,5.041924062981029,6
AVAX,long,2023-07-15 12:00:00+00:00,2023-07-15 16:00:00+00:00,2023-07-16 16:00:00+00:00,15.12,14.6,-0.03439153439153442,-0.035879496826326185,0.0014879624347917675,7.710732744665526,6
SOL,long,2023-07-15 12:00:00+00:00,2023-07-15 16:00:00+00:00,2023-07-16 16:00:00+00:00,27.558,28.095,0.019486174613542406,0.01826333624030063,0.0012228383732417747,6.000925858297193,6
BNB,long,2023-07-15 16:00:00+00:00,2023-07-15 20:00:00+00:00,2023-07-16 20:00:00+00:00,251.84,243.54,-0.032957433290978444,-0.03420525797413487,0.0012478246831564288,6.455921962584254,6
DOT,long,2023-07-15 16:00:00+00:00,2023-07-15 20:00:00+00:00,2023-07-16 20:00:00+00:00,5.467,5.309,-0.02890067678800068,-0.030656132579658046,0.0017554557916573676,9.046674492363598,6
ETH,long,2023-07-15 16:00:00+00:00,2023-07-15 20:00:00+00:00,2023-07-16 20:00:00+00:00,1933.7,1927.96,-0.00296840254434505,-0.0039732874095795845,0.0010048848652345344,5.041924062981029,6
LINK,long,2023-07-15 16:00:00+00:00,2023-07-15 20:00:00+00:00,2023-07-16 20:00:00+00:00,6.947,6.616,-0.04764646610047507,-0.04889070050299493,0.0012442344025198615,6.536688716426203,6
BTC,short,2023-07-15 20:00:00+00:00,2023-07-16 00:00:00+00:00,2023-07-17 00:00:00+00:00,30297.2,30230.7,0.002199750584670479,0.001195456737488776,0.0010042938471817031,5.012959217987713,6
XRP,long,2023-07-16 12:00:00+00:00,2023-07-16 16:00:00+00:00,2023-07-17 16:00:00+00:00,0.771,0.73886,-0.041686121919584984,-0.0427861640315651,0.0011000421119801151,5.742762706652812,6
BTC,short,2023-07-17 08:00:00+00:00,2023-07-17 12:00:00+00:00,2023-07-18 12:00:00+00:00,30156.0,29888.1,0.008963433607355409,0.007952361944433717,0.001011071662921692,5.012959217987713,6
BNB,short,2023-07-18 08:00:00+00:00,2023-07-18 12:00:00+00:00,2023-07-19 12:00:00+00:00,239.62,242.18,-0.010570649929804277,-0.01184736142913223,0.0012767114993279538,6.455921962584254,6
XRP,long,2023-07-19 00:00:00+00:00,2023-07-19 04:00:00+00:00,2023-07-20 04:00:00+00:00,0.79795,0.83234,0.04309793846732246,0.041900573297643406,0.0011973651696790544,5.742762706652812,6
ETH,short,2023-07-20 00:00:00+00:00,2023-07-20 04:00:00+00:00,2023-07-21 04:00:00+00:00,1894.33,1896.29,-0.0010335971818656864,-0.002040432092245026,0.0010068349103793395,5.041924062981029,6
AVAX,short,2023-07-20 12:00:00+00:00,2023-07-20 16:00:00+00:00,2023-07-21 16:00:00+00:00,13.8,13.94,-0.010043041606886516,-0.011568524055118434,0.0015254824482319185,7.710732744665526,6
SOL,short,2023-07-20 12:00:00+00:00,2023-07-20 16:00:00+00:00,2023-07-21 16:00:00+00:00,25.686,25.303,0.015136545073706653,0.013918923930519966,0.0012176211431866868,6.000925858297193,6
BTC,short,2023-07-20 16:00:00+00:00,2023-07-20 20:00:00+00:00,2023-07-21 20:00:00+00:00,29761.8,29877.4,-0.0038691452402150883,-0.004867357510612846,0.000998212270397758,5.012959217987713,6
ADA,short,2023-07-22 08:00:00+00:00,2023-07-22 12:00:00+00:00,2023-07-23 12:00:00+00:00,0.31142,0.31459,-0.010076607648049851,-0.012052258671951366,0.0019756510239015146,9.988775255673833,6
AVAX,short,2023-07-22 08:00:00+00:00,2023-07-22 12:00:00+00:00,2023-07-23 12:00:00+00:00,13.75,13.56,0.014011799410029502,0.012449249453503342,0.0015625499565261602,7.710732744665526,6
XRP,short,2023-07-22 08:00:00+00:00,2023-07-22 12:00:00+00:00,2023-07-23 12:00:00+00:00,0.7726,0.74086,0.04284210242151021,0.04164503092432237,0.0011970714971878404,5.742762706652812,6
ETH,short,2023-07-22 12:00:00+00:00,2023-07-22 16:00:00+00:00,2023-07-23 16:00:00+00:00,1888.9,1874.25,0.007816459917300289,0.006800705241029714,0.001015754676270575,5.041924062981029,6
BTC,short,2023-07-22 20:00:00+00:00,2023-07-23 00:00:00+00:00,2023-07-24 00:00:00+00:00,29794.5,30081.8,-0.009550625295028814,-0.010543144213917999,0.0009925189188891848,5.012959217987713,6
SOL,short,2023-07-22 20:00:00+00:00,2023-07-23 00:00:00+00:00,2023-07-24 00:00:00+00:00,24.521,24.756,-0.009492648246889668,-0.010680727525317124,0.0011880792784274563,6.000925858297193,6
DOT,long,2023-07-23 04:00:00+00:00,2023-07-23 08:00:00+00:00,2023-07-24 08:00:00+00:00,5.42,5.335,-0.01568265682656822,-0.017462006826717946,0.0017793500001497264,9.046674492363598,6
LINK,long,2023-07-23 16:00:00+00:00,2023-07-23 20:00:00+00:00,2023-07-24 20:00:00+00:00,7.949,7.533,-0.052333626871304495,-0.0535717375745115,0.0012381107032070071,6.536688716426203,6
AVAX,short,2023-07-24 00:00:00+00:00,2023-07-24 04:00:00+00:00,2023-07-25 04:00:00+00:00,13.32,13.23,0.006802721088435382,0.0052512800213961874,0.0015514410670391943,7.710732744665526,6
XRP,short,2023-07-24 00:00:00+00:00,2023-07-24 04:00:00+00:00,2023-07-25 04:00:00+00:00,0.72818,0.69696,0.04479453627180896,0.04359522358882062,0.0011993126829883405,5.742762706652812,6
ETH,short,2023-07-24 04:00:00+00:00,2023-07-24 08:00:00+00:00,2023-07-25 08:00:00+00:00,1875.25,1850.84,0.013188606254457502,0.012167437117339475,0.0010211691371180276,5.041924062981029,6
DOT,short,2023-07-25 12:00:00+00:00,2023-07-25 16:00:00+00:00,2023-07-26 16:00:00+00:00,5.156,5.228,-0.01377199693955622,-0.015554800838688432,0.0017828038991322126,9.046674492363598,6
BNB,short,2023-07-25 16:00:00+00:00,2023-07-25 20:00:00+00:00,2023-07-26 20:00:00+00:00,237.25,238.9,-0.006906655504395176,-0.00818809484388261,0.0012814393394874335,6.455921962584254,6
ADA,short,2023-07-26 08:00:00+00:00,2023-07-26 12:00:00+00:00,2023-07-27 12:00:00+00:00,0.30125,0.31086,-0.030914237920607324,-0.03284830200363864,0.0019340640830313172,9.988775255673833,6
AVAX,short,2023-07-26 08:00:00+00:00,2023-07-26 12:00:00+00:00,2023-07-27 12:00:00+00:00,13.16,13.36,-0.014970059880239472,-0.016487949998487128,0.0015178901182476556,7.710732744665526,6
ETH,short,2023-07-26 08:00:00+00:00,2023-07-26 12:00:00+00:00,2023-07-27 12:00:00+00:00,1851.0,1876.79,-0.013741548068777032,-0.014735574932202788,0.0009940268634257565,5.041924062981029,6
AVAX,short,2023-07-27 16:00:00+00:00,2023-07-27 20:00:00+00:00,2023-07-28 20:00:00+00:00,13.11,13.22,-0.008320726172466042,-0.009848862637060196,0.0015281364645941542,7.710732744665526,6
BTC,short,2023-07-27 16:00:00+00:00,2023-07-27 20:00:00+00:00,2023-07-28 20:00:00+00:00,29168.8,29312.1,-0.004888766072713935,-0.005885956591781372,0.0009971905190674368,5.012959217987713,6
DOT,short,2023-07-27 16:00:00+00:00,2023-07-27 20:00:00+00:00,2023-07-28 20:00:00+00:00,5.211,5.209,0.00038395085429088205,-0.0014244427450372799,0.001808393599328162,9.046674492363598,6
SOL,long,2023-07-27 20:00:00+00:00,2023-07-28 00:00:00+00:00,2023-07-29 00:00:00+00:00,25.095,24.815,-0.01115760111576003,-0.012343683340859668,0.0011860822250996383,6.000925858297193,6
BNB,long,2023-07-28 08:00:00+00:00,2023-07-28 12:00:00+00:00,2023-07-29 12:00:00+00:00,241.0,241.51,0.0021161825726141448,0.0008231006018171172,0.0012930819707970276,6.455921962584254,6
ADA,long,2023-07-29 12:00:00+00:00,2023-07-29 16:00:00+00:00,2023-07-30 16:00:00+00:00,0.31072,0.31383,0.010009011328527384,0.007993274198970113,0.0020157371295572712,9.988775255673833,6
ETH,long,2023-07-29 12:00:00+00:00,2023-07-29 16:00:00+00:00,2023-07-30 16:00:00+00:00,1872.5,1876.09,0.0019172229639519145,0.0009074139908524792,0.0010098089730994353,5.041924062981029,6
XRP,long,2023-07-29 12:00:00+00:00,2023-07-29 16:00:00+00:00,2023-07-30 16:00:00+00:00,0.70835,0.71476,0.00904919884237998,0.00789091799392816,0.0011582808484518203,5.742762706652812,6
SOL,long,2023-07-29 16:00:00+00:00,2023-07-29 20:00:00+00:00,2023-07-30 20:00:00+00:00,25.22,24.245,-0.03865979381443285,-0.03981288811147854,0.001153094297045687,6.000925858297193,6
BNB,long,2023-07-29 20:00:00+00:00,2023-07-30 00:00:00+00:00,2023-07-31 00:00:00+00:00,242.46,242.6,0.0005774148313122396,-0.0007136815884494219,0.0012910964197616615,6.455921962584254,6
LINK,long,2023-07-29 20:00:00+00:00,2023-07-30 00:00:00+00:00,2023-07-31 00:00:00+00:00,7.844,7.555,-0.03684344722080579,-0.038101795591786725,0.0012583483709809329,6.536688716426203,6
BTC,long,2023-07-30 12:00:00+00:00,2023-07-30 16:00:00+00:00,2023-07-31 16:00:00+00:00,29345.1,29247.5,-0.00332593857236807,-0.004324695184464211,0.000998756612096141,5.012959217987713,6
ETH,short,2023-07-31 20:00:00+00:00,2023-08-01 00:00:00+00:00,2023-08-02 00:00:00+00:00,1857.0,1873.39,-0.008748845675486727,-0.00974790456706931,0.0009990588915825827,5.041924062981029,6
LINK,short,2023-07-31 20:00:00+00:00,2023-08-01 00:00:00+00:00,2023-08-02 00:00:00+00:00,7.552,7.642,-0.011777021722062408,-0.013068118970265497,0.001291097248203088,6.536688716426203,6
XRP,short,2023-07-31 20:00:00+00:00,2023-08-01 00:00:00+00:00,2023-08-02 00:00:00+00:00,0.69755,0.70699,-0.013352381221799492,-0.014484947445837393,0.0011325662240379009,5.742762706652812,6
BNB,long,2023-08-02 08:00:00+00:00,2023-08-02 12:00:00+00:00,2023-08-03 12:00:00+00:00,245.75,240.69,-0.020590030518819913,-0.021853813496860997,0.0012637829780410836,6.455921962584254,6
ADA,short,2023-08-02 12:00:00+00:00,2023-08-02 16:00:00+00:00,2023-08-03 16:00:00+00:00,0.30295,0.29648,0.021822719913653366,0.01978340543897783,0.0020393144746755354,9.988775255673833,6
AVAX,short,2023-08-02 12:00:00+00:00,2023-08-02 16:00:00+00:00,2023-08-03 16:00:00+00:00,12.61,12.54,0.005582137161084466,0.004032576963048706,0.0015495601980357598,7.710732744665526,6
DOT,short,2023-08-02 12:00:00+00:00,2023-08-02 16:00:00+00:00,2023-08-03 16:00:00+00:00,5.092,5.023,0.013736810670913702,0.011904279113150507,0.001832531557763195,9.046674492363598,6
XRP,short,2023-08-02 12:00:00+00:00,2023-08-02 16:00:00+00:00,2023-08-03 16:00:00+00:00,0.68696,0.67086,0.023999046000655833,0.022823604322315116,0.0011754416783407162,5.742762706652812,6
ETH,short,2023-08-02 16:00:00+00:00,2023-08-02 20:00:00+00:00,2023-08-03 20:00:00+00:00,1841.69,1845.76,-0.002205053744798846,-0.003210707971463278,0.001005654226664432,5.041924062981029,6
LINK,short,2023-08-02 16:00:00+00:00,2023-08-02 20:00:00+00:00,2023-08-03 20:00:00+00:00,7.421,7.2,0.030694444444444358,0.029347858916470626,0.0013465855279737315,6.536688716426203,6
SOL,short,2023-08-02 16:00:00+00:00,2023-08-02 20:00:00+00:00,2023-08-03 20:00:00+00:00,23.179,22.889,0.012669841408536886,0.011455178991002457,0.001214662417534429,6.000925858297193,6
BTC,short,2023-08-04 08:00:00+00:00,2023-08-04 12:00:00+00:00,2023-08-05 12:00:00+00:00,29168.2,29054.0,0.003930611963929298,0.002924583638733047,0.001006028325196251,5.012959217987713,6
DOT,short,2023-08-04 08:00:00+00:00,2023-08-04 12:00:00+00:00,2023-08-05 12:00:00+00:00,4.997,4.954,0.008679854662898778,0.006856464562142284,0.0018233901007564945,9.046674492363598,6
ETH,short,2023-08-04 12:00:00+00:00,2023-08-04 16:00:00+00:00,2023-08-05 16:00:00+00:00,1847.2,1833.9,0.007252303833360507,0.0062371177568332214,0.0010151860765272858,5.041924062981029,6
XRP,short,2023-08-04 12:00:00+00:00,2023-08-04 16:00:00+00:00,2023-08-05 16:00:00+00:00,0.66346,0.6244,0.0625560538116594,0.061336352801095506,0.0012197010105639006,5.742762706652812,6
BNB,short,2023-08-04 20:00:00+00:00,2023-08-05 00:00:00+00:00,2023-08-06 00:00:00+00:00,241.68,243.21,-0.006290859750832656,-0.007573093683203247,0.0012822339323705911,6.455921962584254,6
AVAX,short,2023-08-05 04:00:00+00:00,2023-08-05 08:00:00+00:00,2023-08-06 08:00:00+00:00,12.33,12.58,-0.019872813990461036,-0.021383149168789695,0.001510335178328659,7.710732744665526,6
SOL,short,2023-08-05 08:00:00+00:00,2023-08-05 12:00:00+00:00,2023-08-06 12:00:00+00:00,22.786,23.208,-0.018183385039641342,-0.019361040080147274,0.0011776550405059316,6.000925858297193,6
ADA,short,2023-08-05 12:00:00+00:00,2023-08-05 16:00:00+00:00,2023-08-06 16:00:00+00:00,0.29112,0.29122,-0.00034338300940861544,-0.002338459228604761,0.0019950762191961458,9.988775255673833,6
ETH,short,2023-08-06 12:00:00+00:00,2023-08-06 16:00:00+00:00,2023-08-07 16:00:00+00:00,1829.46,1818.62,0.005960563504195493,0.004946679342582527,0.0010138841616129657,5.041924062981029,6
BTC,short,2023-08-06 16:00:00+00:00,2023-08-06 20:00:00+00:00,2023-08-07 20:00:00+00:00,29092.7,29162.9,-0.002407168011411831,-0.0034068453138400567,0.0009996773024282257,5.012959217987713,6
LINK,short,2023-08-06 16:00:00+00:00,2023-08-06 20:00:00+00:00,2023-08-07 20:00:00+00:00,7.093,7.121,-0.003932032017975096,-0.005233378617631956,0.0013013465996568607,6.536688716426203,6
XRP,short,2023-08-07 00:00:00+00:00,2023-08-07 04:00:00+00:00,2023-08-08 04:00:00+00:00,0.62584,0.62039,0.008784796660165295,0.0076268193172155385,0.0011579773429497564,5.742762706652812,6
ADA,short,2023-08-07 04:00:00+00:00,2023-08-07 08:00:00+00:00,2023-08-08 08:00:00+00:00,0.29253,0.29106,0.005050505050505194,0.0030446639170229606,0.0020058411334822335,9.988775255673833,6
SOL,long,2023-08-07 08:00:00+00:00,2023-08-07 12:00:00+00:00,2023-08-08 12:00:00+00:00,23.103,23.39,0.012422629095788285,0.011208263200864987,0.0012143658949232972,6.000925858297193,6
DOT,short,2023-08-07 16:00:00+00:00,2023-08-07 20:00:00+00:00,2023-08-08 20:00:00+00:00,4.952,5.049,-0.01921172509407809,-0.02098469559917371,0.0017729705050956168,9.046674492363598,6
ADA,long,2023-08-09 20:00:00+00:00,2023-08-10 00:00:00+00:00,2023-08-11 00:00:00+00:00,0.30138,0.29648,-0.016258544030791522,-0.018221857383880602,0.00196331335308908,9.988775255673833,6
DOT,long,2023-08-10 00:00:00+00:00,2023-08-10 04:00:00+00:00,2023-08-11 04:00:00+00:00,5.045,4.997,-0.00951437066402383,-0.011304871072179923,0.0017905004081560927,9.046674492363598,6
ETH,long,2023-08-10 12:00:00+00:00,2023-08-10 16:00:00+00:00,2023-08-11 16:00:00+00:00,1853.9,1846.34,-0.004077889853821737,-0.005081656492704756,0.001003766638883019,5.041924062981029,6
SOL,long,2023-08-11 00:00:00+00:00,2023-08-11 04:00:00+00:00,2023-08-12 04:00:00+00:00,24.686,24.479,-0.00838531961435629,-0.009574727095144286,0.0011894074807879962,6.000925858297193,6
XRP,long,2023-08-11 00:00:00+00:00,2023-08-11 04:00:00+00:00,2023-08-12 04:00:00+00:00,0.63516,0.62988,-0.008312866049499212,-0.009451217099407327,0.001138351049908115,5.742762706652812,6
BTC,long,2023-08-11 12:00:00+00:00,2023-08-11 16:00:00+00:00,2023-08-12 16:00:00+00:00,29398.1,29442.7,0.0015171048469120318,0.0005134950718563847,0.0010036097750556472,5.012959217987713,6
ETH,long,2023-08-12 12:00:00+00:00,2023-08-12 16:00:00+00:00,2023-08-13 16:00:00+00:00,1850.8,1848.75,-0.0011076291333477206,-0.0021143894286519416,0.001006760295304221,5.041924062981029,6
SOL,long,2023-08-12 16:00:00+00:00,2023-08-12 20:00:00+00:00,2023-08-13 20:00:00+00:00,24.735,24.661,-0.002991712148776915,-0.004187589075000719,0.0011958769262238045,6.000925858297193,6
XRP,short,2023-08-12 16:00:00+00:00,2023-08-12 20:00:00+00:00,2023-08-13 20:00:00+00:00,0.62581,0.6357,-0.015557652980966008,-0.01668768778825347,0.001130034807287461,5.742762706652812,6
AVAX,short,2023-08-12 20:00:00+00:00,2023-08-13 00:00:00+00:00,2023-08-14 00:00:00+00:00,12.38,12.26,0.00978792822185981,0.008231887074940492,0.001556041146919318,7.710732744665526,6
BNB,short,2023-08-13 04:00:00+00:00,2023-08-13 08:00:00+00:00,2023-08-14 08:00:00+00:00,240.34,240.64,-0.0012466755319148204,-0.0025354182342107734,0.001288742702295953,6.455921962584254,6
ADA,short,2023-08-13 20:00:00+00:00,2023-08-14 00:00:00+00:00,2023-08-15 00:00:00+00:00,0.28942,0.29068,-0.004334663547543638,-0.006321774122587165,0.001987110575043527,9.988775255673833,6
ETH,short,2023-08-13 20:00:00+00:00,2023-08-14 00:00:00+00:00,2023-08-15 00:00:00+00:00,1841.4,1845.78,-0.002372980528556945,-0.0033784655057372825,0.0010054849771803376,5.041924062981029,6
LINK,short,2023-08-13 20:00:00+00:00,2023-08-14 00:00:00+00:00,2023-08-15 00:00:00+00:00,7.369,7.413,-0.0059355186833941476,-0.007234247760308232,0.0012987290769140847,6.536688716426203,6
XRP,short,2023-08-14 00:00:00+00:00,2023-08-14 04:00:00+00:00,2023-08-15 04:00:00+00:00,0.6301,0.63141,-0.002074721654709344,-0.003220233428981145,0.0011455117742718013,5.742762706652812,6
BNB,short,2023-08-15 00:00:00+00:00,2023-08-15 04:00:00+00:00,2023-08-16 04:00:00+00:00,239.73,236.48,0.013743234100135338,0.012435149147683067,0.0013080849524522709,6.455921962584254,6
DOT,short,2023-08-15 00:00:00+00:00,2023-08-15 04:00:00+00:00,2023-08-16 04:00:00+00:00,4.977,4.827,0.031075201988812973,0.029211327829186562,0.0018638741596264108,9.046674492363598,6
ADA,short,2023-08-15 08:00:00+00:00,2023-08-15 12:00:00+00:00,2023-08-16 12:00:00+00:00,0.28848,0.27797,0.03780983559376927,0.035738614648646916,0.002071220945122354,9.988775255673833,6
AVAX,short,2023-08-15 08:00:00+00:00,2023-08-15 12:00:00+00:00,2023-08-16 12:00:00+00:00,12.27,11.64,0.05412371134020599,0.052499350597770666,0.0016243607424353268,7.710732744665526,6
BTC,short,2023-08-15 08:00:00+00:00,2023-08-15 12:00:00+00:00,2023-08-16 12:00:00+00:00,29372.5,29165.0,0.007114692268129552,0.006105473209492507,0.0010092190586370453,5.012959217987713,6
XRP,short,2023-08-15 12:00:00+00:00,2023-08-15 16:00:00+00:00,2023-08-16 16:00:00+00:00,0.62502,0.5942,0.05186805789296556,0.050660625561664174,0.0012074323313013835,5.742762706652812,6
ETH,short,2023-08-16 16:00:00+00:00,2023-08-16 20:00:00+00:00,2023-08-17 20:00:00+00:00,1821.09,1738.09,0.04775356857239843,0.04669756221689214,0.0010560063555062893,5.041924062981029,6
AVAX,short,2023-08-17 12:00:00+00:00,2023-08-17 16:00:00+00:00,2023-08-18 16:00:00+00:00,11.18,10.76,0.0390334572490707,0.03743234995978839,0.0016011072892823108,7.710732744665526,6
LINK,short,2023-08-17 12:00:00+00:00,2023-08-17 16:00:00+00:00,2023-08-18 16:00:00+00:00,6.608,6.165,0.07185725871857263,0.07045689464324045,0.0014003640753321722,6.536688716426203,6
SOL,short,2023-08-17 12:00:00+00:00,2023-08-17 16:00:00+00:00,2023-08-18 16:00:00+00:00,22.861,21.609,0.05793882178721832,0.056669860794869464,0.0012689609923488554,6.000925858297193,6
XRP,short,2023-08-17 12:00:00+00:00,2023-08-17 16:00:00+00:00,2023-08-18 16:00:00+00:00,0.5761,0.5027,0.14601153769643904,0.14469603869228598,0.0013154990041530645,5.742762706652812,6
ADA,short,2023-08-17 20:00:00+00:00,2023-08-18 00:00:00+00:00,2023-08-19 00:00:00+00:00,0.25507,0.26391,-0.03349626766700753,-0.0354251786344022,0.0019289109673946703,9.988775255673833,6
DOT,short,2023-08-17 20:00:00+00:00,2023-08-18 00:00:00+00:00,2023-08-19 00:00:00+00:00,4.426,4.511,-0.01884282864109954,-0.020616466000140443,0.0017736373590409027,9.046674492363598,6
BNB,short,2023-08-19 04:00:00+00:00,2023-08-19 08:00:00+00:00,2023-08-20 08:00:00+00:00,215.83,215.97,-0.0006482381812288329,-0.0019377530779690622,0.0012895148967402292,6.455921962584254,6
BTC,short,2023-08-19 04:00:00+00:00,2023-08-19 08:00:00+00:00,2023-08-20 08:00:00+00:00,25918.5,26080.2,-0.0062001058274093745,-0.007195982266677281,0.0009958764392679065,5.012959217987713,6
ETH,short,2023-08-19 04:00:00+00:00,2023-08-19 08:00:00+00:00,2023-08-20 08:00:00+00:00,1660.65,1665.96,-0.0031873514370092115,-0.004192015628767476,0.0010046641917582644,5.041924062981029,6
XRP,short,2023-08-21 04:00:00+00:00,2023-08-21 08:00:00+00:00,2023-08-22 08:00:00+00:00,0.52119,0.51883,0.004548696104697214,0.0033955813533348422,0.0011531147513623718,5.742762706652812,6
AVAX,short,2023-08-21 08:00:00+00:00,2023-08-21 12:00:00+00:00,2023-08-22 12:00:00+00:00,10.55,10.18,0.036345776031434296,0.034748810346985515,0.0015969656844487812,7.710732744665526,6
BNB,short,2023-08-21 08:00:00+00:00,2023-08-21 12:00:00+00:00,2023-08-22 12:00:00+00:00,210.49,208.95,0.00737018425460656,0.006070322775637127,0.001299861478969433,6.455921962584254,6
SOL,short,2023-08-21 08:00:00+00:00,2023-08-21 12:00:00+00:00,2023-08-22 12:00:00+00:00,21.24,20.932,0.014714313013567626,0.013497198323120019,0.0012171146904476071,6.000925858297193,6
DOT,short,2023-08-21 12:00:00+00:00,2023-08-21 16:00:00+00:00,2023-08-22 16:00:00+00:00,4.393,4.368,0.005723443223443203,0.003905397426260837,0.001818045797182366,9.046674492363598,6
BNB,short,2023-08-22 16:00:00+00:00,2023-08-22 20:00:00+00:00,2023-08-23 20:00:00+00:00,208.08,217.76,-0.044452608376193914,-0.04568560024464041,0.001232991868446498,6.455921962584254,6
ETH,short,2023-08-22 16:00:00+00:00,2023-08-22 20:00:00+00:00,2023-08-23 20:00:00+00:00,1625.0,1687.07,-0.03679159726626635,-0.03776239252335123,0.0009707952570848777,5.041924062981029,6
LINK,short,2023-08-22 16:00:00+00:00,2023-08-22 20:00:00+00:00,2023-08-23 20:00:00+00:00,6.022,6.4,-0.05906250000000002,-0.06029181953990581,0.0012293195399057932,6.536688716426203,6
SOL,short,2023-08-22 16:00:00+00:00,2023-08-22 20:00:00+00:00,2023-08-23 20:00:00+00:00,20.059,21.486,-0.06641534022153961,-0.06753514270152872,0.001119802479989107,6.000925858297193,6
XRP,short,2023-08-22 16:00:00+00:00,2023-08-22 20:00:00+00:00,2023-08-23 20:00:00+00:00,0.51149,0.53259,-0.039617717193338176,-0.04072013361331428,0.0011024164199761044,5.742762706652812,6
AVAX,short,2023-08-24 12:00:00+00:00,2023-08-24 16:00:00+00:00,2023-08-25 16:00:00+00:00,10.068,9.963,0.010538994278831648,0.00898179577039504,0.001557198508436608,7.710732744665526,6
BTC,short,2023-08-25 16:00:00+00:00,2023-08-25 20:00:00+00:00,2023-08-26 20:00:00+00:00,25974.4,26037.7,-0.002431090303675054,-0.0034307436338254504,0.0009996533301503963,5.012959217987713,6
ETH,short,2023-08-25 16:00:00+00:00,2023-08-25 20:00:00+00:00,2023-08-26 20:00:00+00:00,1646.81,1646.14,0.00040701276926613517,-0.0006012740982430653,0.0010082868675092005,5.041924062981029,6
BNB,long,2023-08-26 00:00:00+00:00,2023-08-26 04:00:00+00:00,2023-08-27 04:00:00+00:00,217.73,216.02,-0.007853763835943495,-0.009133981072915187,0.0012802172369716924,6.455921962584254,6
LINK,short,2023-08-27 04:00:00+00:00,2023-08-27 08:00:00+00:00,2023-08-28 08:00:00+00:00,5.987,5.914,0.012343591477849136,0.011020981040809508,0.0013226104370396286,6.536688716426203,6
BNB,long,2023-08-27 12:00:00+00:00,2023-08-27 16:00:00+00:00,2023-08-28 16:00:00+00:00,218.53,218.31,-0.001006726765203858,-0.0022957790857152105,0.0012890523205113524,6.455921962584254,6
DOT,long,2023-08-27 12:00:00+00:00,2023-08-27 16:00:00+00:00,2023-08-28 16:00:00+00:00,4.504,4.565,0.013543516873889994,0.011711334733232937,0.001832182140657057,9.046674492363598,6
BTC,short,2023-08-28 04:00:00+00:00,2023-08-28 08:00:00+00:00,2023-08-29 08:00:00+00:00,25935.6,26006.6,-0.0027300762114232935,-0.0037294299309347245,0.000999353719511431,5.012959217987713,6
SOL,short,2023-08-28 04:00:00+00:00,2023-08-28 08:00:00+00:00,2023-08-29 08:00:00+00:00,20.392,20.26,0.006515301085883385,0.005308020826404469,0.0012072802594789156,6.000925858297193,6
BNB,long,2023-08-29 00:00:00+00:00,2023-08-29 04:00:00+00:00,2023-08-30 04:00:00+00:00,218.14,225.35,0.033052168332263765,0.031719168070424075,0.0013330002618396897,6.455921962584254,6
ETH,short,2023-08-29 08:00:00+00:00,2023-08-29 12:00:00+00:00,2023-08-30 12:00:00+00:00,1642.28,1716.2,-0.043071903041603576,-0.04403636852515003,0.0009644654835464506,5.041924062981029,6
LINK,short,2023-08-29 08:00:00+00:00,2023-08-29 12:00:00+00:00,2023-08-30 12:00:00+00:00,5.886,6.02,-0.022259136212624542,-0.023536538748731517,0.0012774025361069752,6.536688716426203,6
XRP,short,2023-08-29 08:00:00+00:00,2023-08-29 12:00:00+00:00,2023-08-30 12:00:00+00:00,0.5156,0.52943,-0.026122433560621827,-0.027240341126712697,0.00111790756609087,5.742762706652812,6
ADA,long,2023-08-29 12:00:00+00:00,2023-08-29 16:00:00+00:00,2023-08-30 16:00:00+00:00,0.27386,0.26279,-0.040422113488643774,-0.04233720211938641,0.001915088630742634,9.988775255673833,6
ADA,long,2023-08-31 08:00:00+00:00,2023-08-31 12:00:00+00:00,2023-09-01 12:00:00+00:00,0.26523,0.25805,-0.027070844172982,-0.029012578753398688,0.0019417345804166875,9.988775255673833,6
LINK,short,2023-08-31 16:00:00+00:00,2023-08-31 20:00:00+00:00,2023-09-01 20:00:00+00:00,5.846,5.881,-0.005951368814827385,-0.007250077183802661,0.0012987083689752765,6.536688716426203,6
ADA,short,2023-09-01 20:00:00+00:00,2023-09-02 00:00:00+00:00,2023-09-03 00:00:00+00:00,0.25509,0.25614,-0.004099320684000873,-0.006086900947277596,0.0019875802632767225,9.988775255673833,6
AVAX,short,2023-09-02 16:00:00+00:00,2023-09-02 20:00:00+00:00,2023-09-03 20:00:00+00:00,9.871,9.906,-0.0035332121946295425,-0.005068726018897629,0.0015355138242680866,7.710732744665526,6
BNB,short,2023-09-02 20:00:00+00:00,2023-09-03 00:00:00+00:00,2023-09-04 00:00:00+00:00,214.39,214.39,0.0,-0.0012903513517537046,0.0012903513517537046,6.455921962584254,6
LINK,short,2023-09-02 20:00:00+00:00,2023-09-03 00:00:00+00:00,2023-09-04 00:00:00+00:00,5.971,6.029,-0.009620169182285587,-0.010914084323251694,0.0012939151409661065,6.536688716426203,6
ETH,short,2023-09-03 08:00:00+00:00,2023-09-03 12:00:00+00:00,2023-09-04 12:00:00+00:00,1634.36,1632.35,0.001231353570006366,0.00022223586865344203,0.001009117701352924,5.041924062981029,6
XRP,short,2023-09-04 12:00:00+00:00,2023-09-04 16:00:00+00:00,2023-09-05 16:00:00+00:00,0.50327,0.50234,0.0018513357486960036,0.0007013172793042255,0.001150018469391778,5.742762706652812,6
ADA,short,2023-09-04 20:00:00+00:00,2023-09-05 00:00:00+00:00,2023-09-06 00:00:00+00:00,0.25619,0.25781,-0.0062836972964587234,-0.008266918064925743,0.00198322076846702,9.988775255673833,6
AVAX,short,2023-09-04 20:00:00+00:00,2023-09-05 00:00:00+00:00,2023-09-06 00:00:00+00:00,9.806,9.914,-0.010893685696994226,-0.012417857338106297,0.001524171641112071,7.710732744665526,6
DOT,short,2023-09-04 20:00:00+00:00,2023-09-05 00:00:00+00:00,2023-09-06 00:00:00+00:00,4.258,4.255,0.0007050528789660504,-0.0011039211763415047,0.001808974055307555,9.046674492363598,6
SOL,short,2023-09-04 20:00:00+00:00,2023-09-05 00:00:00+00:00,2023-09-06 00:00:00+00:00,19.526,20.267,-0.03656189865298265,-0.03771750930264817,0.0011556106496655172,6.000925858297193,6
BTC,short,2023-09-05 00:00:00+00:00,2023-09-05 04:00:00+00:00,2023-09-06 04:00:00+00:00,25689.7,25781.1,-0.0035452327480207657,-0.004543769607725956,0.0009985368597051902,5.012959217987713,6
ETH,short,2023-09-05 00:00:00+00:00,2023-09-05 04:00:00+00:00,2023-09-06 04:00:00+00:00,1618.24,1633.55,-0.009372226133268047,-0.010370656734243977,0.0009984306009759303,5.041924062981029,6
LINK,long,2023-09-05 08:00:00+00:00,2023-09-05 12:00:00+00:00,2023-09-06 12:00:00+00:00,6.086,6.121,0.005750903713440669,0.004436906515738359,0.0013139971977023102,6.536688716426203,6
BTC,short,2023-09-06 12:00:00+00:00,2023-09-06 16:00:00+00:00,2023-09-07 16:00:00+00:00,25589.6,25784.2,-0.007547257622885439,-0.008541784095484006,0.000994526472598567,5.012959217987713,6
ETH,short,2023-09-06 12:00:00+00:00,2023-09-06 16:00:00+00:00,2023-09-07 16:00:00+00:00,1623.47,1630.87,-0.004537455468553553,-0.005540758921984912,0.001003303453431359,5.041924062981029,6
LINK,long,2023-09-06 16:00:00+00:00,2023-09-06 20:00:00+00:00,2023-09-07 20:00:00+00:00,6.249,6.323,0.011841894703152667,0.01051993972478904,0.0013219549783636264,6.536688716426203,6
ADA,long,2023-09-07 00:00:00+00:00,2023-09-07 04:00:00+00:00,2023-09-08 04:00:00+00:00,0.25748,0.25738,-0.0003883796799750705,-0.0023833660965471015,0.001994986416572031,9.988775255673833,6
AVAX,long,2023-09-07 00:00:00+00:00,2023-09-07 04:00:00+00:00,2023-09-08 04:00:00+00:00,10.007,10.07,0.006295593084840734,0.004744933480936631,0.0015506596039041032,7.710732744665526,6
BNB,long,2023-09-07 00:00:00+00:00,2023-09-07 04:00:00+00:00,2023-09-08 04:00:00+00:00,215.81,217.49,0.0077846253649043184,0.006484229111288098,0.0013003962536162206,6.455921962584254,6
XRP,short,2023-09-07 08:00:00+00:00,2023-09-07 12:00:00+00:00,2023-09-08 12:00:00+00:00,0.49809,0.49829,-0.0004013726946155982,-0.0015488052950033415,0.0011474326003877433,5.742762706652812,6
BTC,long,2023-09-09 08:00:00+00:00,2023-09-09 12:00:00+00:00,2023-09-10 12:00:00+00:00,25862.5,25800.1,-0.0024127597873369044,-0.003412431486305323,0.0009996716989684185,5.012959217987713,6
SOL,short,2023-09-09 16:00:00+00:00,2023-09-09 20:00:00+00:00,2023-09-10 20:00:00+00:00,19.439,18.176,0.069487235915493,0.06820442300018748,0.00128281291530552,6.000925858297193,6
ADA,short,2023-09-09 20:00:00+00:00,2023-09-10 00:00:00+00:00,2023-09-11 00:00:00+00:00,0.25322,0.24899,0.016988634081690046,0.014958967289549818,0.002029666792140228,9.988775255673833,6
BNB,short,2023-09-09 20:00:00+00:00,2023-09-10 00:00:00+00:00,2023-09-11 00:00:00+00:00,214.22,212.34,0.008853725157765835,0.00755194938978665,0.0013017757679791853,6.455921962584254,6
ETH,long,2023-09-09 20:00:00+00:00,2023-09-10 00:00:00+00:00,2023-09-11 00:00:00+00:00,1635.41,1617.05,-0.011226542579536702,-0.012223104258266781,0.000996561678730079,5.041924062981029,6
XRP,long,2023-09-09 20:00:00+00:00,2023-09-10 00:00:00+00:00,2023-09-11 00:00:00+00:00,0.50372,0.49691,-0.013519415548320368,-0.014651790034768575,0.0011323744864482066,5.742762706652812,6
BTC,short,2023-09-11 00:00:00+00:00,2023-09-11 04:00:00+00:00,2023-09-12 04:00:00+00:00,25740.8,25800.1,-0.0022984407037182075,-0.0032982269606398606,0.0009997862569216531,5.012959217987713,6
ADA,short,2023-09-11 04:00:00+00:00,2023-09-11 08:00:00+00:00,2023-09-12 08:00:00+00:00,0.24649,0.24585,0.00260321334146818,0.0006022564186312085,0.0020009569228369717,9.988775255673833,6
AVAX,short,2023-09-11 08:00:00+00:00,2023-09-11 12:00:00+00:00,2023-09-12 12:00:00+00:00,9.198,9.468,-0.028517110266159662,-0.030014124943900877,0.0014970146777412152,7.710732744665526,6
SOL,short,2023-09-11 16:00:00+00:00,2023-09-11 20:00:00+00:00,2023-09-12 20:00:00+00:00,17.509,17.933,-0.023643562147995234,-0.024814667895083575,0.0011711057470883413,6.000925858297193,6
AVAX,short,2023-09-12 20:00:00+00:00,2023-09-13 00:00:00+00:00,2023-09-14 00:00:00+00:00,9.213,9.292,-0.008501937150236838,-0.010029794376260281,0.0015278572260234435,7.710732744665526,6
ADA,short,2023-09-13 04:00:00+00:00,2023-09-13 08:00:00+00:00,2023-09-14 08:00:00+00:00,0.24535,0.24753,-0.008807013291318166,-0.010785198122795214,0.001978184831477048,9.988775255673833,6
BNB,short,2023-09-13 04:00:00+00:00,2023-09-13 08:00:00+00:00,2023-09-14 08:00:00+00:00,210.19,212.04,-0.00872476891152607,-0.010003862245921202,0.0012790933343951316,6.455921962584254,6
ETH,short,2023-09-13 04:00:00+00:00,2023-09-13 08:00:00+00:00,2023-09-14 08:00:00+00:00,1584.29,1621.45,-0.02291775879613933,-0.023902537171048066,0.0009847783749087347,5.041924062981029,6
BTC,long,2023-09-13 16:00:00+00:00,2023-09-13 20:00:00+00:00,2023-09-14 20:00:00+00:00,26139.9,26674.2,0.020440016985527887,0.019417444758904612,0.001022572226623275,5.012959217987713,6
DOT,short,2023-09-14 00:00:00+00:00,2023-09-14 04:00:00+00:00,2023-09-15 04:00:00+00:00,4.007,4.085,-0.019094247246022156,-0.02086743011576886,0.0017731828697467034,9.046674492363598,6
BNB,long,2023-09-15 00:00:00+00:00,2023-09-15 04:00:00+00:00,2023-09-16 04:00:00+00:00,212.68,214.48,0.008463419221365287,0.007162147085178816,0.001301272136186471,6.455921962584254,6
ETH,long,2023-09-15 20:00:00+00:00,2023-09-16 00:00:00+00:00,2023-09-17 00:00:00+00:00,1641.18,1634.4,-0.0041311739114539,-0.005134886846579589,0.001003712935125689,5.041924062981029,6
SOL,long,2023-09-15 20:00:00+00:00,2023-09-16 00:00:00+00:00,2023-09-17 00:00:00+00:00,19.149,19.121,-0.0014622173481645406,-0.002659928850452742,0.0011977115022882012,6.000925858297193,6
ADA,long,2023-09-16 04:00:00+00:00,2023-09-16 08:00:00+00:00,2023-09-17 08:00:00+00:00,0.25074,0.24835,-0.009531785913695634,-0.011508524271855003,0.001976738358159369,9.988775255673833,6
XRP,long,2023-09-16 04:00:00+00:00,2023-09-16 08:00:00+00:00,2023-09-17 08:00:00+00:00,0.49921,0.49455,-0.009334748903267132,-0.010471926940659793,0.001137178037392661,5.742762706652812,6
BTC,long,2023-09-16 08:00:00+00:00,2023-09-16 12:00:00+00:00,2023-09-17 12:00:00+00:00,26527.4,26564.2,0.001387244886419392,0.0003837652426665894,0.0010034796437528026,5.012959217987713,6
BNB,long,2023-09-17 20:00:00+00:00,2023-09-18 00:00:00+00:00,2023-09-19 00:00:00+00:00,216.33,215.91,-0.001941478297046273,-0.0032293244596549586,0.0012878461626086857,6.455921962584254,6
LINK,long,2023-09-18 00:00:00+00:00,2023-09-18 04:00:00+00:00,2023-09-19 04:00:00+00:00,6.62,6.762,0.021450151057401667,0.020115643048384424,0.0013345080090172434,6.536688716426203,6
BTC,long,2023-09-18 04:00:00+00:00,2023-09-18 08:00:00+00:00,2023-09-19 08:00:00+00:00,26714.9,26845.9,0.004903630558227734,0.0038966271813145603,0.0010070033769131737,5.012959217987713,6
SOL,long,2023-09-18 04:00:00+00:00,2023-09-18 08:00:00+00:00,2023-09-19 08:00:00+00:00,19.123,19.792,0.03498405061967258,0.03374262308067699,0.0012414275389955876,6.000925858297193,6
DOT,long,2023-09-18 08:00:00+00:00,2023-09-18 12:00:00+00:00,2023-09-19 12:00:00+00:00,4.195,4.129,-0.015733015494636682,-0.017512274461445765,0.001779258966809083,9.046674492363598,6
ETH,long,2023-09-18 08:00:00+00:00,2023-09-18 12:00:00+00:00,2023-09-19 12:00:00+00:00,1655.73,1647.67,-0.004867943444885281,-0.005870913807202616,0.0010029703623173347,5.041924062981029,6
XRP,long,2023-09-18 12:00:00+00:00,2023-09-18 16:00:00+00:00,2023-09-19 16:00:00+00:00,0.50406,0.51168,0.01511724794667324,0.013952001625107568,0.0011652463215656716,5.742762706652812,6
AVAX,short,2023-09-19 00:00:00+00:00,2023-09-19 04:00:00+00:00,2023-09-20 04:00:00+00:00,9.143,9.087,0.006162649939474019,0.004612195195420776,0.0015504547440532424,7.710732744665526,6
ADA,long,2023-09-19 12:00:00+00:00,2023-09-19 16:00:00+00:00,2023-09-20 16:00:00+00:00,0.25705,0.25513,-0.007469363936977169,-0.009450218397576093,0.0019808544605989242,9.988775255673833,6
BTC,long,2023-09-19 12:00:00+00:00,2023-09-19 16:00:00+00:00,2023-09-20 16:00:00+00:00,27427.7,27180.5,-0.009012786343732815,-0.010005844225387861,0.0009930578816550462,5.012959217987713,6
LINK,long,2023-09-19 12:00:00+00:00,2023-09-19 16:00:00+00:00,2023-09-20 16:00:00+00:00,6.87,6.919,0.007132459970887739,0.0058166577924056995,0.0013158021784820395,6.536688716426203,6
BNB,long,2023-09-19 16:00:00+00:00,2023-09-19 20:00:00+00:00,2023-09-20 20:00:00+00:00,216.89,214.28,-0.012033749827101259,-0.013308573413498892,0.0012748235863976332,6.455921962584254,6
DOT,long,2023-09-19 16:00:00+00:00,2023-09-19 20:00:00+00:00,2023-09-20 20:00:00+00:00,4.138,4.102,-0.008699855002416546,-0.010491827810152676,0.0017919728077361308,9.046674492363598,6
ETH,long,2023-09-19 16:00:00+00:00,2023-09-19 20:00:00+00:00,2023-09-20 20:00:00+00:00,1644.27,1615.9,-0.01725385733486584,-0.018244344223798947,0.0009904868889331064,5.041924062981029,6
SOL,long,2023-09-19 16:00:00+00:00,2023-09-19 20:00:00+00:00,2023-09-20 20:00:00+00:00,19.924,20.11,0.009335474804256227,0.008124811844032465,0.0012106629602237629,6.000925858297193,6
XRP,long,2023-09-20 16:00:00+00:00,2023-09-20 20:00:00+00:00,2023-09-21 20:00:00+00:00,0.51626,0.51102,-0.01014992445666918,-0.011286166759478689,0.0011362423028095092,5.742762706652812,6
AVAX,short,2023-09-21 04:00:00+00:00,2023-09-21 08:00:00+00:00,2023-09-22 08:00:00+00:00,8.964,8.898,0.007417397167903017,0.005865008910622027,0.00155238825728099,7.710732744665526,6
DOT,short,2023-09-21 08:00:00+00:00,2023-09-21 12:00:00+00:00,2023-09-22 12:00:00+00:00,4.053,4.028,0.006206554121152008,0.004387635004626356,0.0018189191165256524,9.046674492363598,6
XRP,long,2023-09-22 04:00:00+00:00,2023-09-22 08:00:00+00:00,2023-09-23 08:00:00+00:00,0.51149,0.51197,0.000938434769008234,-0.00021053578743490675,0.0011489705564431407,5.742762706652812,6
BTC,short,2023-09-22 12:00:00+00:00,2023-09-22 16:00:00+00:00,2023-09-23 16:00:00+00:00,26635.0,26578.0,0.002144630897734867,0.001140392285412739,0.001004238612322128,5.012959217987713,6
SOL,short,2023-09-22 12:00:00+00:00,2023-09-22 16:00:00+00:00,2023-09-23 16:00:00+00:00,19.458,19.317,0.007299270072992581,0.0060910494698533935,0.0012082206031391873,6.000925858297193,6
LINK,long,2023-09-22 16:00:00+00:00,2023-09-22 20:00:00+00:00,2023-09-23 20:00:00+00:00,6.876,7.179,0.04406631762652702,0.04270226196372717,0.0013640556627998457,6.536688716426203,6
ADA,short,2023-09-23 00:00:00+00:00,2023-09-23 04:00:00+00:00,2023-09-24 04:00:00+00:00,0.24456,0.24495,-0.0015921616656460191,-0.0035847456204408656,0.0019925839547948465,9.988775255673833,6
BNB,short,2023-09-23 04:00:00+00:00,2023-09-23 08:00:00+00:00,2023-09-24 08:00:00+00:00,210.85,210.3,0.002615311459819303,0.0013215854373880287,0.001293726022431274,6.455921962584254,6
SOL,short,2023-09-23 20:00:00+00:00,2023-09-24 00:00:00+00:00,2023-09-25 00:00:00+00:00,19.479,19.36,0.006146694214876014,0.004939856086578098,0.0012068381282979157,6.000925858297193,6
BTC,short,2023-09-24 16:00:00+00:00,2023-09-24 20:00:00+00:00,2023-09-25 20:00:00+00:00,26448.4,26329.9,0.004500586785365579,0.0034939872943855477,0.0010065994909800313,5.012959217987713,6
ADA,short,2023-09-24 20:00:00+00:00,2023-09-25 00:00:00+00:00,2023-09-26 00:00:00+00:00,0.24273,0.2459,-0.01289141927612858,-0.014861452607269121,0.0019700333311405416,9.988775255673833,6
AVAX,short,2023-09-24 20:00:00+00:00,2023-09-25 00:00:00+00:00,2023-09-26 00:00:00+00:00,8.778,8.95,-0.019217877094971914,-0.0207292215037832,0.0015113444088112882,7.710732744665526,6
BNB,short,2023-09-24 20:00:00+00:00,2023-09-25 00:00:00+00:00,2023-09-26 00:00:00+00:00,208.2,209.98,-0.008476997809315212,-0.009756410855486841,0.001279413046171629,6.455921962584254,6
DOT,short,2023-09-24 20:00:00+00:00,2023-09-25 00:00:00+00:00,2023-09-26 00:00:00+00:00,3.99,4.068,-0.019174041297934985,-0.020947079924011347,0.001773038626076362,9.046674492363598,6
ETH,short,2023-09-24 20:00:00+00:00,2023-09-25 00:00:00+00:00,2023-09-26 00:00:00+00:00,1580.77,1588.37,-0.004784779365009317,-0.00578783354646073,0.0010030541814514127,5.041924062981029,6
XRP,short,2023-09-24 20:00:00+00:00,2023-09-25 00:00:00+00:00,2023-09-26 00:00:00+00:00,0.50198,0.50538,-0.006727610906644643,-0.007867781660362949,0.001140170753718306,5.742762706652812,6
LINK,long,2023-09-25 04:00:00+00:00,2023-09-25 08:00:00+00:00,2023-09-26 08:00:00+00:00,7.276,7.438,0.02226498075865857,0.020929408187889464,0.0013355725707691057,6.536688716426203,6
SOL,short,2023-09-26 08:00:00+00:00,2023-09-26 12:00:00+00:00,2023-09-27 12:00:00+00:00,19.382,19.399,-0.0008763338316407632,-0.00207474808092456,0.0011984142492837968,6.000925858297193,6
BTC,short,2023-09-26 16:00:00+00:00,2023-09-26 20:00:00+00:00,2023-09-27 20:00:00+00:00,26247.4,26272.3,-0.0009477662785518648,-0.0019489060321332685,0.0010011397535814037,5.012959217987713,6
XRP,short,2023-09-26 20:00:00+00:00,2023-09-27 00:00:00+00:00,2023-09-28 00:00:00+00:00,0.50172,0.49931,0.004826660791892978,0.003673226966719234,0.0011534338251737442,5.742762706652812,6
AVAX,long,2023-09-27 00:00:00+00:00,2023-09-27 04:00:00+00:00,2023-09-28 04:00:00+00:00,9.072,8.967,-0.011574074074073959,-0.013097197265030225,0.001523123190956266,7.710732744665526,6
BNB,long,2023-09-27 08:00:00+00:00,2023-09-27 12:00:00+00:00,2023-09-28 12:00:00+00:00,215.4,213.63,-0.008217270194986082,-0.009497018381036004,0.0012797481860499227,6.455921962584254,6
ETH,long,2023-09-27 08:00:00+00:00,2023-09-27 12:00:00+00:00,2023-09-28 12:00:00+00:00,1629.8,1623.92,-0.0036078046386058826,-0.004612045065400361,0.0010042404267944782,5.041924062981029,6
LINK,long,2023-09-27 08:00:00+00:00,2023-09-27 12:00:00+00:00,2023-09-28 12:00:00+00:00,7.631,7.776,0.01900144148866456,0.017670132678871964,0.0013313088097925974,6.536688716426203,6
DOT,short,2023-09-27 20:00:00+00:00,2023-09-28 00:00:00+00:00,2023-09-29 00:00:00+00:00,3.992,4.073,-0.019887061134299167,-0.021658810834751296,0.0017717497004521299,9.046674492363598,6
XRP,short,2023-09-28 04:00:00+00:00,2023-09-28 08:00:00+00:00,2023-09-29 08:00:00+00:00,0.49743,0.50814,-0.0210768685795254,-0.02220056791602154,0.0011236993364961423,5.742762706652812,6
AVAX,long,2023-09-28 08:00:00+00:00,2023-09-28 12:00:00+00:00,2023-09-29 12:00:00+00:00,9.13,9.224,0.010295728368017398,0.008738904722219276,0.0015568236457981222,7.710732744665526,6
BNB,long,2023-09-29 16:00:00+00:00,2023-09-29 20:00:00+00:00,2023-09-30 20:00:00+00:00,215.57,215.77,0.0009277728811987185,-0.0003637756235462808,0.0012915485047449993,6.455921962584254,6
DOT,long,2023-09-29 16:00:00+00:00,2023-09-29 20:00:00+00:00,2023-09-30 20:00:00+00:00,4.078,4.107,0.0071113290828836995,0.005290774405083409,0.0018205546778002901,9.046674492363598,6
LINK,long,2023-09-29 20:00:00+00:00,2023-09-30 00:00:00+00:00,2023-10-01 00:00:00+00:00,7.947,8.191,0.03070341009185862,0.02935681285041203,0.0013465972414465899,6.536688716426203,6
BTC,long,2023-09-30 08:00:00+00:00,2023-09-30 12:00:00+00:00,2023-10-01 12:00:00+00:00,26938.0,27189.2,0.009325116935184452,0.008313682833197777,0.0010114341019866746,5.012959217987713,6
AVAX,long,2023-09-30 12:00:00+00:00,2023-09-30 16:00:00+00:00,2023-10-01 16:00:00+00:00,9.241,9.61,0.039930743426036086,0.038328253456120676,0.0016024899699154105,7.710732744665526,6
ETH,long,2023-09-30 12:00:00+00:00,2023-09-30 16:00:00+00:00,2023-10-01 16:00:00+00:00,1683.6,1683.79,0.00011285340936084687,-0.0008951369817984389,0.0010079903911592858,5.041924062981029,6
SOL,long,2023-09-30 12:00:00+00:00,2023-09-30 16:00:00+00:00,2023-10-01 16:00:00+00:00,21.423,23.1,0.07828035289175195,0.07698699293703926,0.0012933599547126917,6.000925858297193,6
ADA,long,2023-09-30 16:00:00+00:00,2023-09-30 20:00:00+00:00,2023-10-01 20:00:00+00:00,0.25382,0.26021,0.025175321093688474,0.02312931562655307,0.0020460054671354033,9.988775255673833,6
XRP,long,2023-10-01 08:00:00+00:00,2023-10-01 12:00:00+00:00,2023-10-02 12:00:00+00:00,0.52106,0.52109,5.75749433848749e-05,-0.0010903844799368123,0.0011479594233216872,5.742762706652812,6
BNB,long,2023-10-01 20:00:00+00:00,2023-10-02 00:00:00+00:00,2023-10-03 00:00:00+00:00,218.19,214.59,-0.016499381273202274,-0.017768442626026948,0.0012690613528246741,6.455921962584254,6
BTC,long,2023-10-01 20:00:00+00:00,2023-10-02 00:00:00+00:00,2023-10-03 00:00:00+00:00,28005.2,27496.7,-0.018157342207875682,-0.019141236426115094,0.0009838942182394117,5.012959217987713,6
ETH,long,2023-10-01 20:00:00+00:00,2023-10-02 00:00:00+00:00,2023-10-03 00:00:00+00:00,1734.0,1662.3,-0.041349480968858154,-0.04231568244139117,0.0009662014725330126,5.041924062981029,6
LINK,short,2023-10-03 20:00:00+00:00,2023-10-04 00:00:00+00:00,2023-10-05 00:00:00+00:00,7.408,7.669,-0.03403312035467454,-0.035295140371997547,0.0012620200173230067,6.536688716426203,6
AVAX,short,2023-10-04 00:00:00+00:00,2023-10-04 04:00:00+00:00,2023-10-05 04:00:00+00:00,9.305,10.048,-0.07394506369426757,-0.07537207578752647,0.0014270120932589059,7.710732744665526,6
BTC,long,2023-10-04 08:00:00+00:00,2023-10-04 12:00:00+00:00,2023-10-05 12:00:00+00:00,27577.9,27725.4,0.005348485562715055,0.004341036401273035,0.00100744916144202,5.012959217987713,6
ETH,short,2023-10-05 04:00:00+00:00,2023-10-05 08:00:00+00:00,2023-10-06 08:00:00+00:00,1636.48,1630.8,0.0034829531518274504,0.0024715661158332125,0.0010113870359942378,5.041924062981029,6
BNB,short,2023-10-05 12:00:00+00:00,2023-10-05 16:00:00+00:00,2023-10-06 16:00:00+00:00,211.04,212.61,-0.007384412774563809,-0.008665235639312097,0.0012808228647482878,6.455921962584254,6
LINK,short,2023-10-05 12:00:00+00:00,2023-10-05 16:00:00+00:00,2023-10-06 16:00:00+00:00,7.531,7.66,-0.016840731070496107,-0.018125212664793944,0.0012844815942978371,6.536688716426203,6
DOT,short,2023-10-05 16:00:00+00:00,2023-10-05 20:00:00+00:00,2023-10-06 20:00:00+00:00,4.017,4.07,-0.01302211302211298,-0.014806272486051597,0.0017841594639386171,9.046674492363598,6
AVAX,long,2023-10-06 00:00:00+00:00,2023-10-06 04:00:00+00:00,2023-10-07 04:00:00+00:00,10.412,10.931,0.04984633115635795,0.04822856167866352,0.0016177694776944307,7.710732744665526,6
XRP,long,2023-10-06 16:00:00+00:00,2023-10-06 20:00:00+00:00,2023-10-07 20:00:00+00:00,0.52559,0.52077,-0.009170646321277176,-0.010308012730929739,0.0011373664096525626,5.742762706652812,6
BNB,short,2023-10-07 16:00:00+00:00,2023-10-07 20:00:00+00:00,2023-10-08 20:00:00+00:00,211.57,211.67,-0.0004724335049841599,-0.0017621752515261102,0.0012897417465419503,6.455921962584254,6
ETH,short,2023-10-07 16:00:00+00:00,2023-10-07 20:00:00+00:00,2023-10-08 20:00:00+00:00,1630.92,1635.66,-0.002897912769157407,-0.00390286867939027,0.0010049559102328631,5.041924062981029,6
BTC,long,2023-10-07 20:00:00+00:00,2023-10-08 00:00:00+00:00,2023-10-09 00:00:00+00:00,27956.7,27916.0,-0.0014558227544738678,-0.002456453389995228,0.0010006306355213601,5.012959217987713,6
SOL,short,2023-10-09 00:00:00+00:00,2023-10-09 04:00:00+00:00,2023-10-10 04:00:00+00:00,23.248,22.15,0.049571106094808304,0.04831218188775366,0.0012589242070546458,6.000925858297193,6
ADA,short,2023-10-09 08:00:00+00:00,2023-10-09 12:00:00+00:00,2023-10-10 12:00:00+00:00,0.2509,0.24962,0.005127794247255846,0.0031217988629681503,0.0020059953842876954,9.988775255673833,6
BNB,short,2023-10-09 08:00:00+00:00,2023-10-09 12:00:00+00:00,2023-10-10 12:00:00+00:00,207.01,206.92,0.0004349507055867452,-0.0008559618853979378,0.001290912590984683,6.455921962584254,6
DOT,short,2023-10-09 08:00:00+00:00,2023-10-09 12:00:00+00:00,2023-10-10 12:00:00+00:00,3.843,3.811,0.008396746260823873,0.0065738679349931495,0.0018228783258307235,9.046674492363598,6
ETH,short,2023-10-09 08:00:00+00:00,2023-10-09 12:00:00+00:00,2023-10-10 12:00:00+00:00,1591.01,1579.39,0.007357270845073094,0.0063419789747458655,0.0010152918703272285,5.041924062981029,6
BTC,short,2023-10-10 16:00:00+00:00,2023-10-10 20:00:00+00:00,2023-10-11 20:00:00+00:00,27398.9,26768.2,0.02356153943858752,0.022535839167089566,0.0010257002714979535,5.012959217987713,6
DOT,short,2023-10-10 16:00:00+00:00,2023-10-10 20:00:00+00:00,2023-10-11 20:00:00+00:00,3.817,3.724,0.02497314715359833,0.023120303675638887,0.0018528434779594427,9.046674492363598,6
ETH,short,2023-10-10 16:00:00+00:00,2023-10-10 20:00:00+00:00,2023-10-11 20:00:00+00:00,1565.94,1562.87,0.0019643348455087306,0.0009544783894439579,0.0010098564560647727,5.041924062981029,6
SOL,short,2023-10-10 16:00:00+00:00,2023-10-10 20:00:00+00:00,2023-10-11 20:00:00+00:00,22.031,21.906,0.005706199214827068,0.0044998894450323235,0.0012063097697947445,6.000925858297193,6
XRP,short,2023-10-10 16:00:00+00:00,2023-10-10 20:00:00+00:00,2023-10-11 20:00:00+00:00,0.49953,0.48515,0.02964031742759965,0.02845840017139567,0.0011819172562039792,5.742762706652812,6
AVAX,short,2023-10-11 00:00:00+00:00,2023-10-11 04:00:00+00:00,2023-10-12 04:00:00+00:00,9.323,9.136,0.020468476357268006,0.01889597693044065,0.0015724994268273562,7.710732744665526,6
BNB,short,2023-10-11 00:00:00+00:00,2023-10-11 04:00:00+00:00,2023-10-12 04:00:00+00:00,205.34,205.82,-0.002332134875133507,-0.0036194769534987348,0.0012873420783652278,6.455921962584254,6
LINK,short,2023-10-11 00:00:00+00:00,2023-10-11 04:00:00+00:00,2023-10-12 04:00:00+00:00,7.165,7.346,-0.02463925946093115,-0.025913552404725704,0.0012742929437945527,6.536688716426203,6
SOL,short,2023-10-12 00:00:00+00:00,2023-10-12 04:00:00+00:00,2023-10-13 04:00:00+00:00,21.705,21.132,0.02711527541169767,0.025883286196157762,0.0012319892155399081,6.000925858297193,6
AVAX,short,2023-10-12 08:00:00+00:00,2023-10-12 12:00:00+00:00,2023-10-13 12:00:00+00:00,9.048,9.137,-0.009740615081536674,-0.011266563556450171,0.0015259484749134966,7.710732744665526,6
DOT,short,2023-10-12 08:00:00+00:00,2023-10-12 12:00:00+00:00,2023-10-13 12:00:00+00:00,3.691,3.69,0.0002710027100270018,-0.0015371867129932992,0.001808189423020301,9.046674492363598,6
ETH,short,2023-10-12 08:00:00+00:00,2023-10-12 12:00:00+00:00,2023-10-13 12:00:00+00:00,1552.07,1546.76,0.003432982492435732,0.0024216458207024782,0.001011336671733254,5.041924062981029,6
LINK,short,2023-10-12 08:00:00+00:00,2023-10-12 12:00:00+00:00,2023-10-13 12:00:00+00:00,7.262,7.225,0.005121107266435887,0.0038079328875484375,0.0013131743788874495,6.536688716426203,6
XRP,short,2023-10-12 08:00:00+00:00,2023-10-12 12:00:00+00:00,2023-10-13 12:00:00+00:00,0.48026,0.4798,0.0009587328053355382,-0.0001902610510881031,0.0011489938564236413,5.742762706652812,6
ADA,short,2023-10-12 16:00:00+00:00,2023-10-12 20:00:00+00:00,2023-10-13 20:00:00+00:00,0.24361,0.24602,-0.009795951548654536,-0.011772162695202204,0.0019762111465476684,9.988775255673833,6
AVAX,short,2023-10-15 12:00:00+00:00,2023-10-15 16:00:00+00:00,2023-10-16 16:00:00+00:00,9.13,9.315,-0.01986044015029509,-0.021370794396196047,0.0015103542459009578,7.710732744665526,6
LINK,long,2023-10-15 16:00:00+00:00,2023-10-15 20:00:00+00:00,2023-10-16 20:00:00+00:00,7.453,7.516,0.008452971957600974,0.007135444551685355,0.0013175274059156195,6.536688716426203,6
SOL,long,2023-10-15 20:00:00+00:00,2023-10-16 00:00:00+00:00,2023-10-17 00:00:00+00:00,21.933,23.95,0.09196188391920845,0.0906521134416638,0.0013097704775446584,6.000925858297193,6
BNB,long,2023-10-18 08:00:00+00:00,2023-10-18 12:00:00+00:00,2023-10-19 12:00:00+00:00,212.72,210.53,-0.010295223768333917,-0.011572290664181528,0.0012770668958476117,6.455921962584254,6
ETH,long,2023-10-18 12:00:00+00:00,2023-10-18 16:00:00+00:00,2023-10-19 16:00:00+00:00,1570.02,1560.99,-0.0057515190889287915,-0.006753598915987036,0.0010020798270582443,5.041924062981029,6
DOT,short,2023-10-18 20:00:00+00:00,2023-10-19 00:00:00+00:00,2023-10-20 00:00:00+00:00,3.651,3.65,0.0002739726027396472,-0.0015342221889544927,0.0018081947916941399,9.046674492363598,6
BTC,long,2023-10-19 12:00:00+00:00,2023-10-19 16:00:00+00:00,2023-10-20 16:00:00+00:00,28677.5,29554.7,0.03058844041495945,0.029555698559773802,0.0010327418551856482,5.012959217987713,6
SOL,long,2023-10-19 12:00:00+00:00,2023-10-19 16:00:00+00:00,2023-10-20 16:00:00+00:00,24.758,26.905,0.08671944422005007,0.0854159618674386,0.0013034823526114625,6.000925858297193,6
ADA,long,2023-10-21 08:00:00+00:00,2023-10-21 12:00:00+00:00,2023-10-22 12:00:00+00:00,0.25659,0.25694,0.0013640438052926473,-0.00063444003065527,0.0019984838359479173,9.988775255673833,6
DOT,long,2023-10-21 08:00:00+00:00,2023-10-21 12:00:00+00:00,2023-10-22 12:00:00+00:00,3.812,3.833,0.005508919202518392,0.00369126120030816,0.0018176580022102318,9.046674492363598,6
SOL,long,2023-10-21 08:00:00+00:00,2023-10-21 12:00:00+00:00,2023-10-22 12:00:00+00:00,29.518,28.346,-0.0397045870316417,-0.040856428135392586,0.0011518411037508836,6.000925858297193,6
BNB,long,2023-10-21 12:00:00+00:00,2023-10-21 16:00:00+00:00,2023-10-22 16:00:00+00:00,214.33,214.21,-0.0005598842905799595,-0.0018495131948824683,0.0012896289043025089,6.455921962584254,6
ETH,long,2023-10-21 12:00:00+00:00,2023-10-21 16:00:00+00:00,2023-10-22 16:00:00+00:00,1628.52,1625.99,-0.001553557831650787,-0.002559868685832911,0.0010063108541821242,5.041924062981029,6
BTC,long,2023-10-21 16:00:00+00:00,2023-10-21 20:00:00+00:00,2023-10-22 20:00:00+00:00,30143.8,29850.4,-0.009733344833763424,-0.01072568065132129,0.0009923358175578656,5.012959217987713,6
XRP,long,2023-10-21 16:00:00+00:00,2023-10-21 20:00:00+00:00,2023-10-22 20:00:00+00:00,0.52166,0.52058,-0.002070313997622919,-0.0032158308314147455,0.0011455168337918264,5.742762706652812,6
LINK,long,2023-10-22 16:00:00+00:00,2023-10-22 20:00:00+00:00,2023-10-23 20:00:00+00:00,9.394,10.281,0.09442197147115183,0.09299212696561154,0.0014298445055402897,6.536688716426203,6
ADA,long,2023-10-22 20:00:00+00:00,2023-10-23 00:00:00+00:00,2023-10-24 00:00:00+00:00,0.26393,0.28092,0.06437312923881344,0.06224889429412972,0.0021242349446837228,9.988775255673833,6
ETH,long,2023-10-22 20:00:00+00:00,2023-10-23 00:00:00+00:00,2023-10-24 00:00:00+00:00,1663.56,1767.0,0.06217990333982537,0.06110935701837872,0.0010705463214466526,5.041924062981029,6
BTC,long,2023-10-23 00:00:00+00:00,2023-10-23 04:00:00+00:00,2023-10-24 04:00:00+00:00,30738.4,34092.0,0.10910131952216107,0.10798990073519033,0.0011114187869707415,5.012959217987713,6
DOT,long,2023-10-23 00:00:00+00:00,2023-10-23 04:00:00+00:00,2023-10-24 04:00:00+00:00,4.03,4.3,0.06699751861042169,0.06506870769586603,0.0019288109145556565,9.046674492363598,6
XRP,long,2023-10-23 00:00:00+00:00,2023-10-23 04:00:00+00:00,2023-10-24 04:00:00+00:00,0.52426,0.54483,0.039236256819135784,0.038043324448076454,0.0011929323710593298,5.742762706652812,6
SOL,long,2023-10-23 04:00:00+00:00,2023-10-23 08:00:00+00:00,2023-10-24 08:00:00+00:00,30.116,31.247,0.03755478815247715,0.03631027710280588,0.0012445110496712708,6.000925858297193,6
AVAX,long,2023-10-23 20:00:00+00:00,2023-10-24 00:00:00+00:00,2023-10-25 00:00:00+00:00,10.594,10.324,-0.02548612422125729,-0.02698780952227464,0.0015016853010173525,7.710732744665526,6
LINK,long,2023-10-25 00:00:00+00:00,2023-10-25 04:00:00+00:00,2023-10-26 04:00:00+00:00,11.342,11.115,-0.02001410685946048,-0.021294442489903198,0.0012803356304427194,6.536688716426203,6
XRP,long,2023-10-25 00:00:00+00:00,2023-10-25 04:00:00+00:00,2023-10-26 04:00:00+00:00,0.55348,0.55731,0.00691985256919847,0.005764015983138027,0.0011558365860604436,5.742762706652812,6
ADA,long,2023-10-25 12:00:00+00:00,2023-10-25 16:00:00+00:00,2023-10-26 16:00:00+00:00,0.28833,0.28576,-0.008913397842749471,-0.010891370356031604,0.0019779725132821335,9.988775255673833,6
AVAX,long,2023-10-25 12:00:00+00:00,2023-10-25 16:00:00+00:00,2023-10-26 16:00:00+00:00,10.55,10.528,-0.002085308056872015,-0.003623053041121649,0.0015377449842496338,7.710732744665526,6
DOT,long,2023-10-25 12:00:00+00:00,2023-10-25 16:00:00+00:00,2023-10-26 16:00:00+00:00,4.329,4.198,-0.03026103026103011,-0.03201402694235145,0.0017529966813213393,9.046674492363598,6
SOL,long,2023-10-25 12:00:00+00:00,2023-10-25 16:00:00+00:00,2023-10-26 16:00:00+00:00,33.395,31.295,-0.0628836652193443,-0.06400770382123666,0.0011240386018923632,6.000925858297193,6
BTC,long,2023-10-25 16:00:00+00:00,2023-10-25 20:00:00+00:00,2023-10-26 20:00:00+00:00,34737.6,34043.6,-0.019978351987471776,-0.02096042139093135,0.0009820694034595734,5.012959217987713,6
ETH,long,2023-10-26 04:00:00+00:00,2023-10-26 08:00:00+00:00,2023-10-27 08:00:00+00:00,1850.32,1777.01,-0.03962017380777372,-0.04058811820861308,0.0009679444008393601,5.041924062981029,6
AVAX,long,2023-10-26 20:00:00+00:00,2023-10-27 00:00:00+00:00,2023-10-28 00:00:00+00:00,11.045,10.593,-0.04092349479402446,-0.042401391749845696,0.001477896955821234,7.710732744665526,6
BNB,long,2023-10-27 08:00:00+00:00,2023-10-27 12:00:00+00:00,2023-10-28 12:00:00+00:00,227.73,226.75,-0.004303341676546779,-0.005588140205551095,0.0012847985290043162,6.455921962584254,6
SOL,long,2023-10-27 08:00:00+00:00,2023-10-27 12:00:00+00:00,2023-10-28 12:00:00+00:00,32.59,32.192,-0.01221233507210806,-0.013397152180340544,0.0011848171082324832,6.000925858297193,6
LINK,long,2023-10-27 12:00:00+00:00,2023-10-27 16:00:00+00:00,2023-10-28 16:00:00+00:00,11.061,11.164,0.009311997106952408,0.007993347398650652,0.0013186497083017557,6.536688716426203,6
ADA,long,2023-10-27 20:00:00+00:00,2023-10-28 00:00:00+00:00,2023-10-29 00:00:00+00:00,0.28923,0.29095,0.005946824326660494,0.003939194353648645,0.0020076299730118485,9.988775255673833,6
AVAX,long,2023-10-28 08:00:00+00:00,2023-10-28 12:00:00+00:00,2023-10-29 12:00:00+00:00,10.891,10.932,0.003764576255623986,0.0022178168432549494,0.0015467594123690365,7.710732744665526,6
ETH,long,2023-10-28 12:00:00+00:00,2023-10-28 16:00:00+00:00,2023-10-29 16:00:00+00:00,1790.95,1792.28,0.0007426226304474426,-0.0002660024904038716,0.0010086251208513142,5.041924062981029,6
DOT,short,2023-10-28 20:00:00+00:00,2023-10-29 00:00:00+00:00,2023-10-30 00:00:00+00:00,4.182,4.313,-0.030373290053327007,-0.032126083802674454,0.0017527937493474477,9.046674492363598,6
ADA,long,2023-10-29 12:00:00+00:00,2023-10-29 16:00:00+00:00,2023-10-30 16:00:00+00:00,0.29674,0.30168,0.016647570263530254,0.01461858415343742,0.002028986110092834,9.988775255673833,6
LINK,long,2023-10-29 16:00:00+00:00,2023-10-29 20:00:00+00:00,2023-10-30 20:00:00+00:00,11.06,11.215,0.014014466546112159,0.012689673137971313,0.0013247934081408452,6.536688716426203,6
BNB,long,2023-10-30 08:00:00+00:00,2023-10-30 12:00:00+00:00,2023-10-31 12:00:00+00:00,228.34,228.09,-0.001094858544276045,-0.002383797143827193,0.0012889385995511482,6.455921962584254,6
ADA,long,2023-10-30 20:00:00+00:00,2023-10-31 00:00:00+00:00,2023-11-01 00:00:00+00:00,0.303,0.29297,-0.03310231023102306,-0.03503200744351276,0.0019296972124897005,9.988775255673833,6
BTC,long,2023-10-30 20:00:00+00:00,2023-10-31 00:00:00+00:00,2023-11-01 00:00:00+00:00,34476.6,34642.2,0.004803257861853982,0.003796355067366086,0.001006902794487896,5.012959217987713,6
DOT,long,2023-10-30 20:00:00+00:00,2023-10-31 00:00:00+00:00,2023-11-01 00:00:00+00:00,4.522,4.449,-0.01614329942503323,-0.01792181672177351,0.0017785172967402785,9.046674492363598,6
ETH,long,2023-10-30 20:00:00+00:00,2023-10-31 00:00:00+00:00,2023-11-01 00:00:00+00:00,1809.01,1814.72,0.003156422573672879,0.002145364640223635,0.0010110579334492442,5.041924062981029,6
LINK,long,2023-10-31 16:00:00+00:00,2023-10-31 20:00:00+00:00,2023-11-01 20:00:00+00:00,11.287,11.243,-0.003898290068220067,-0.005199680751185598,0.0013013906829655308,6.536688716426203,6
ETH,long,2023-11-01 12:00:00+00:00,2023-11-01 16:00:00+00:00,2023-11-02 16:00:00+00:00,1792.38,1803.01,0.005930662024793865,0.004916808000183348,0.0010138540246105165,5.041924062981029,6
AVAX,long,2023-11-01 16:00:00+00:00,2023-11-01 20:00:00+00:00,2023-11-02 20:00:00+00:00,11.976,11.888,-0.00734802939211765,-0.008877664741944402,0.0015296353498267523,7.710732744665526,6
DOT,long,2023-11-01 16:00:00+00:00,2023-11-01 20:00:00+00:00,2023-11-02 20:00:00+00:00,4.673,4.67,-0.0006419858763107023,-0.002448524890291459,0.0018065390139807569,9.046674492363598,6
BTC,long,2023-11-01 20:00:00+00:00,2023-11-02 00:00:00+00:00,2023-11-03 00:00:00+00:00,35418.4,34943.2,-0.013416755132925395,-0.014405399843697486,0.0009886447107720908,5.012959217987713,6
XRP,long,2023-11-01 20:00:00+00:00,2023-11-02 00:00:00+00:00,2023-11-03 00:00:00+00:00,0.60898,0.60534,-0.005977207790075156,-0.007118239926528491,0.001141032136453335,5.742762706652812,6
AVAX,long,2023-11-03 12:00:00+00:00,2023-11-03 16:00:00+00:00,2023-11-04 16:00:00+00:00,12.016,12.068,0.004327563249001409,0.0027799362971197006,0.0015476269518817087,7.710732744665526,6
ADA,long,2023-11-03 20:00:00+00:00,2023-11-04 00:00:00+00:00,2023-11-05 00:00:00+00:00,0.32932,0.32794,-0.004190453054779497,-0.00617785143957672,0.001987398384797223,9.988775255673833,6
XRP,long,2023-11-03 20:00:00+00:00,2023-11-04 00:00:00+00:00,2023-11-05 00:00:00+00:00,0.61196,0.61526,0.005392509314334326,0.004238425955414016,0.0011540833589203103,5.742762706652812,6
BNB,long,2023-11-04 00:00:00+00:00,2023-11-04 04:00:00+00:00,2023-11-05 04:00:00+00:00,231.28,242.9,0.05024213075060535,0.04888694939752258,0.0013551813530827683,6.455921962584254,6
DOT,long,2023-11-04 00:00:00+00:00,2023-11-04 04:00:00+00:00,2023-11-05 04:00:00+00:00,4.631,4.763,0.028503562945368044,0.02664433753643558,0.0018592254089324634,9.046674492363598,6
SOL,long,2023-11-04 00:00:00+00:00,2023-11-04 04:00:00+00:00,2023-11-05 04:00:00+00:00,41.104,42.503,0.034035616971584304,0.03279532704591581,0.0012402899256684918,6.000925858297193,6
LINK,long,2023-11-04 20:00:00+00:00,2023-11-05 00:00:00+00:00,2023-11-06 00:00:00+00:00,11.508,12.23,0.0627389641988183,0.06135051302697225,0.0013884511718460502,6.536688716426203,6
AVAX,long,2023-11-05 00:00:00+00:00,2023-11-05 04:00:00+00:00,2023-11-06 04:00:00+00:00,12.348,12.57,0.017978620019436287,0.016409957357540916,0.0015686626618953703,7.710732744665526,6
ADA,long,2023-11-05 04:00:00+00:00,2023-11-05 08:00:00+00:00,2023-11-06 08:00:00+00:00,0.33507,0.34499,0.029605754021547748,0.027550906466814684,0.0020548475547330636,9.988775255673833,6
XRP,long,2023-11-05 04:00:00+00:00,2023-11-05 08:00:00+00:00,2023-11-06 08:00:00+00:00,0.62231,0.68112,0.0945027397920648,0.09324636739363901,0.001256372398425798,5.742762706652812,6
LINK,long,2023-11-06 04:00:00+00:00,2023-11-06 08:00:00+00:00,2023-11-07 08:00:00+00:00,12.45,13.077,0.05036144578313251,0.048989165637782994,0.0013722801453495137,6.536688716426203,6
AVAX,long,2023-11-06 08:00:00+00:00,2023-11-06 12:00:00+00:00,2023-11-07 12:00:00+00:00,13.035,12.676,-0.027541235136171793,-0.02903975359685007,0.0014985184606782775,7.710732744665526,6
BNB,long,2023-11-06 12:00:00+00:00,2023-11-06 16:00:00+00:00,2023-11-07 16:00:00+00:00,251.91,244.53,-0.02929617720614508,-0.030548726196039544,0.0012525489898944642,6.455921962584254,6
ADA,long,2023-11-06 16:00:00+00:00,2023-11-06 20:00:00+00:00,2023-11-07 20:00:00+00:00,0.36788,0.35163,-0.04417201261280845,-0.046079617339138346,0.0019076047263298923,9.988775255673833,6
DOT,long,2023-11-06 16:00:00+00:00,2023-11-06 20:00:00+00:00,2023-11-07 20:00:00+00:00,4.924,4.912,-0.002437043054427379,-0.0042403371443882065,0.0018032940899608274,9.046674492363598,6
ETH,long,2023-11-06 16:00:00+00:00,2023-11-06 20:00:00+00:00,2023-11-07 20:00:00+00:00,1902.08,1894.5,-0.0039851110363391395,-0.0049889711848257745,0.001003860148486635,5.041924062981029,6
LINK,long,2023-11-08 04:00:00+00:00,2023-11-08 08:00:00+00:00,2023-11-09 08:00:00+00:00,13.442,14.497,0.07848534444279132,0.07707632088126282,0.0014090235615284996,6.536688716426203,6
ADA,long,2023-11-08 08:00:00+00:00,2023-11-08 12:00:00+00:00,2023-11-09 12:00:00+00:00,0.35524,0.37399,0.05278121833126903,0.05068011807643136,0.0021011002548376734,9.988775255673833,6
AVAX,long,2023-11-08 08:00:00+00:00,2023-11-08 12:00:00+00:00,2023-11-09 12:00:00+00:00,12.791,13.708,0.07169103275740762,0.07003960150422217,0.0016514312531854536,7.710732744665526,6
DOT,long,2023-11-08 08:00:00+00:00,2023-11-08 12:00:00+00:00,2023-11-09 12:00:00+00:00,4.935,5.101,0.0336372847011146,0.03176877906576925,0.0018685056353453522,9.046674492363598,6
XRP,long,2023-11-08 12:00:00+00:00,2023-11-08 16:00:00+00:00,2023-11-09 16:00:00+00:00,0.68399,0.68673,0.0040059065191011545,0.002853414832285628,0.0011524916868155266,5.742762706652812,6
BTC,long,2023-11-08 20:00:00+00:00,2023-11-09 00:00:00+00:00,2023-11-10 00:00:00+00:00,35620.7,36708.9,0.03054965230891038,0.029516949322878405,0.0010327029860319747,5.012959217987713,6
ETH,long,2023-11-09 00:00:00+00:00,2023-11-09 04:00:00+00:00,2023-11-10 04:00:00+00:00,1919.05,2121.41,0.10544800812902211,0.10433385289511854,0.0011141552339035687,5.041924062981029,6
BNB,long,2023-11-09 04:00:00+00:00,2023-11-09 08:00:00+00:00,2023-11-10 08:00:00+00:00,248.47,251.8,0.013402020364631673,0.012094375697784043,0.0013076446668476294,6.455921962584254,6
SOL,long,2023-11-09 04:00:00+00:00,2023-11-09 08:00:00+00:00,2023-11-10 08:00:00+00:00,43.89,47.61,0.08475734791524259,0.08345621902922362,0.0013011288860189651,6.000925858297193,6
ADA,long,2023-11-10 12:00:00+00:00,2023-11-10 16:00:00+00:00,2023-11-11 16:00:00+00:00,0.3671,0.388,0.05693271588123139,0.054823330227292466,0.002109385653938922,9.988775255673833,6
AVAX,long,2023-11-10 12:00:00+00:00,2023-11-10 16:00:00+00:00,2023-11-11 16:00:00+00:00,13.305,15.16,0.13942127019917328,0.13766546947057168,0.0017558007286015975,7.710732744665526,6
BNB,long,2023-11-10 12:00:00+00:00,2023-11-10 16:00:00+00:00,2023-11-11 16:00:00+00:00,249.8,253.2,0.013610888710968716,0.012302974530568056,0.00130791418040066,6.455921962584254,6
BTC,long,2023-11-10 12:00:00+00:00,2023-11-10 16:00:00+00:00,2023-11-11 16:00:00+00:00,37080.1,37050.1,-0.0008090593067440199,-0.0018103380571254934,0.0010012787503814735,5.012959217987713,6
DOT,long,2023-11-10 12:00:00+00:00,2023-11-10 16:00:00+00:00,2023-11-11 16:00:00+00:00,5.031,5.474,0.08805406479825084,0.08608718997501574,0.0019668748232350985,9.046674492363598,6
LINK,long,2023-11-10 12:00:00+00:00,2023-11-10 16:00:00+00:00,2023-11-11 16:00:00+00:00,15.051,16.302,0.08311740083715358,0.08170232556928392,0.0014150752678696588,6.536688716426203,6
BNB,long,2023-11-12 04:00:00+00:00,2023-11-12 08:00:00+00:00,2023-11-13 08:00:00+00:00,250.6,245.8,-0.019154030327214633,-0.0204196662500441,0.0012656359228294667,6.455921962584254,6
SOL,long,2023-11-12 04:00:00+00:00,2023-11-12 08:00:00+00:00,2023-11-13 08:00:00+00:00,61.08,58.22,-0.046823837590045825,-0.0479671393992106,0.0011433018091647762,6.000925858297193,6
XRP,short,2023-11-12 04:00:00+00:00,2023-11-12 08:00:00+00:00,2023-11-13 08:00:00+00:00,0.6679,0.6561,0.017985063252553113,0.016816524984916148,0.0011685382676369649,5.742762706652812,6
ADA,long,2023-11-12 20:00:00+00:00,2023-11-13 00:00:00+00:00,2023-11-14 00:00:00+00:00,0.3835,0.3567,-0.0698826597131682,-0.07173895211910897,0.0018562924059407626,9.988775255673833,6
ETH,long,2023-11-13 16:00:00+00:00,2023-11-13 20:00:00+00:00,2023-11-14 20:00:00+00:00,2100.21,1978.73,-0.057841834864132635,-0.05879141407829014,0.0009495792141575032,5.041924062981029,6
BNB,short,2023-11-14 12:00:00+00:00,2023-11-14 16:00:00+00:00,2023-11-15 16:00:00+00:00,244.1,252.4,-0.032884310618066626,-0.034132229655162716,0.0012479190370960902,6.455921962584254,6
AVAX,long,2023-11-14 20:00:00+00:00,2023-11-15 00:00:00+00:00,2023-11-16 00:00:00+00:00,17.049,20.692,0.21367822159657468,0.21180799399814254,0.0018702275984321393,7.710732744665526,6
SOL,long,2023-11-14 20:00:00+00:00,2023-11-15 00:00:00+00:00,2023-11-16 00:00:00+00:00,56.8,65.49,0.1529929577464788,0.15160998260869007,0.0013829751377887334,6.000925858297193,6
ADA,short,2023-11-15 00:00:00+00:00,2023-11-15 04:00:00+00:00,2023-11-16 04:00:00+00:00,0.3538,0.3815,-0.072608125819135,-0.07445897884467079,0.0018508530255357813,9.988775255673833,6
LINK,short,2023-11-16 12:00:00+00:00,2023-11-16 16:00:00+00:00,2023-11-17 16:00:00+00:00,14.127,12.953,0.09063537404462307,0.08921047666703341,0.0014248973775896623,6.536688716426203,6
XRP,short,2023-11-16 12:00:00+00:00,2023-11-16 16:00:00+00:00,2023-11-17 16:00:00+00:00,0.6216,0.5898,0.05391658189216697,0.05270679807382361,0.0012097838183433574,5.742762706652812,6
BNB,short,2023-11-18 00:00:00+00:00,2023-11-18 04:00:00+00:00,2023-11-19 04:00:00+00:00,241.5,244.2,-0.011056511056511065,-0.012332595624277354,0.001276084567766289,6.455921962584254,6
XRP,short,2023-11-18 00:00:00+00:00,2023-11-18 04:00:00+00:00,2023-11-19 04:00:00+00:00,0.6029,0.6074,-0.00740862693447486,-0.008548015954434884,0.0011393890199600243,5.742762706652812,6
AVAX,long,2023-11-18 12:00:00+00:00,2023-11-18 16:00:00+00:00,2023-11-19 16:00:00+00:00,22.207,21.537,-0.030170666906831234,-0.03166513352264799,0.0014944666158167585,7.710732744665526,6
SOL,short,2023-11-18 16:00:00+00:00,2023-11-18 20:00:00+00:00,2023-11-19 20:00:00+00:00,59.08,61.19,-0.03448275862068961,-0.035640863126847,0.001158104506157387,6.000925858297193,6
BNB,short,2023-11-19 12:00:00+00:00,2023-11-19 16:00:00+00:00,2023-11-20 16:00:00+00:00,243.4,248.1,-0.018943974203949998,-0.020209881172982058,0.0012659069690320601,6.455921962584254,6
BTC,long,2023-11-19 16:00:00+00:00,2023-11-19 20:00:00+00:00,2023-11-20 20:00:00+00:00,36959.7,37570.1,0.016515285567794136,0.015496646273315706,0.0010186392944784295,5.012959217987713,6
AVAX,long,2023-11-19 20:00:00+00:00,2023-11-20 00:00:00+00:00,2023-11-21 00:00:00+00:00,22.849,20.857,-0.08718105825200229,-0.08858767422883262,0.0014066159768303388,7.710732744665526,6
BTC,long,2023-11-21 00:00:00+00:00,2023-11-21 04:00:00+00:00,2023-11-22 04:00:00+00:00,37467.6,36378.7,-0.029062443284331052,-0.03003540961528306,0.0009729663309520076,5.012959217987713,6
AVAX,short,2023-11-21 20:00:00+00:00,2023-11-22 00:00:00+00:00,2023-11-23 00:00:00+00:00,19.026,20.79,-0.08484848484848484,-0.08625869522379481,0.0014102103753099726,7.710732744665526,6
ETH,long,2023-11-22 08:00:00+00:00,2023-11-22 12:00:00+00:00,2023-11-23 12:00:00+00:00,2014.66,2062.5,0.023745942243356133,0.02271413261382116,0.0010318096295349743,5.041924062981029,6
DOT,short,2023-11-23 12:00:00+00:00,2023-11-23 16:00:00+00:00,2023-11-24 16:00:00+00:00,5.108,5.245,-0.026120114394661664,-0.02788059660765485,0.0017604822129931863,9.046674492363598,6
AVAX,short,2023-11-23 16:00:00+00:00,2023-11-23 20:00:00+00:00,2023-11-24 20:00:00+00:00,20.493,21.011,-0.02465375279615445,-0.026156720746875473,0.0015029679507210236,7.710732744665526,6
BNB,short,2023-11-23 16:00:00+00:00,2023-11-23 20:00:00+00:00,2023-11-24 20:00:00+00:00,233.4,232.7,0.003008165019338316,0.0017139320777854739,0.001294232941552842,6.455921962584254,6
ADA,long,2023-11-24 00:00:00+00:00,2023-11-24 04:00:00+00:00,2023-11-25 04:00:00+00:00,0.395,0.3907,-0.010886075949367191,-0.012860111467573154,0.0019740355182059632,9.988775255673833,6
BTC,long,2023-11-24 08:00:00+00:00,2023-11-24 12:00:00+00:00,2023-11-25 12:00:00+00:00,37752.5,37655.9,-0.0025587709423217087,-0.003558296325044563,0.0009995253827228545,5.012959217987713,6
ETH,long,2023-11-24 08:00:00+00:00,2023-11-24 12:00:00+00:00,2023-11-25 12:00:00+00:00,2097.29,2070.71,-0.012673497704180137,-0.013668601030628169,0.0009951033264480325,5.041924062981029,6
LINK,long,2023-11-24 08:00:00+00:00,2023-11-24 12:00:00+00:00,2023-11-25 12:00:00+00:00,14.411,14.76,0.024217611546735185,0.022879487895599793,0.0013381236511353922,6.536688716426203,6
ADA,long,2023-11-25 12:00:00+00:00,2023-11-25 16:00:00+00:00,2023-11-26 16:00:00+00:00,0.3931,0.3861,-0.01780717374713814,-0.019767396404615445,0.0019602226574773063,9.988775255673833,6
AVAX,long,2023-11-25 16:00:00+00:00,2023-11-25 20:00:00+00:00,2023-11-26 20:00:00+00:00,21.153,20.85,-0.014324209332009508,-0.01584309467905709,0.0015188853470475827,7.710732744665526,6
XRP,long,2023-11-25 16:00:00+00:00,2023-11-25 20:00:00+00:00,2023-11-26 20:00:00+00:00,0.6205,0.6179,-0.004190169218372342,-0.0053332526844885875,0.001143083466116246,5.742762706652812,6
BTC,long,2023-11-26 08:00:00+00:00,2023-11-26 12:00:00+00:00,2023-11-27 12:00:00+00:00,37680.2,37035.8,-0.01710182005403349,-0.018086771999940576,0.0009849519459070866,5.012959217987713,6
ETH,long,2023-11-26 08:00:00+00:00,2023-11-26 12:00:00+00:00,2023-11-27 12:00:00+00:00,2084.66,2025.19,-0.028527433730200502,-0.029506558244735803,0.0009791245145353011,5.041924062981029,6
BNB,short,2023-11-27 08:00:00+00:00,2023-11-27 12:00:00+00:00,2023-11-28 12:00:00+00:00,225.7,228.9,-0.013979903888160838,-0.0152522162520351,0.0012723123638742617,6.455921962584254,6
ADA,short,2023-11-29 12:00:00+00:00,2023-11-29 16:00:00+00:00,2023-11-30 16:00:00+00:00,0.3796,0.3748,0.012806830309498363,0.010785509400451865,0.002021320909046498,9.988775255673833,6
BNB,short,2023-11-29 12:00:00+00:00,2023-11-29 16:00:00+00:00,2023-11-30 16:00:00+00:00,227.5,226.6,0.003971756398940984,0.002676280085949001,0.0012954763129919833,6.455921962584254,6
ETH,short,2023-11-29 12:00:00+00:00,2023-11-29 16:00:00+00:00,2023-11-30 16:00:00+00:00,2031.38,2033.5,-0.001042537496926399,-0.0020493633965710245,0.0010068258996446255,5.041924062981029,6
XRP,short,2023-11-29 12:00:00+00:00,2023-11-29 16:00:00+00:00,2023-11-30 16:00:00+00:00,0.6079,0.6021,0.009632951336987272,0.00847400040293822,0.0011589509340490523,5.742762706652812,6
SOL,long,2023-11-30 12:00:00+00:00,2023-11-30 16:00:00+00:00,2023-12-01 16:00:00+00:00,59.58,60.14,0.009399127223900683,0.008188387914803252,0.0012107393090974305,6.000925858297193,6
AVAX,long,2023-11-30 20:00:00+00:00,2023-12-01 00:00:00+00:00,2023-12-02 00:00:00+00:00,21.399,21.866,0.021823449693910923,0.02024886230959666,0.0015745873843142633,7.710732744665526,6
BTC,long,2023-12-01 04:00:00+00:00,2023-12-01 08:00:00+00:00,2023-12-02 08:00:00+00:00,38243.7,38697.7,0.011871236308202304,0.010857250766725501,0.0010139855414768029,5.012959217987713,6
DOT,long,2023-12-02 04:00:00+00:00,2023-12-02 08:00:00+00:00,2023-12-03 08:00:00+00:00,5.493,5.538,0.008192244675040872,0.0063697360266312675,0.0018225086484096042,9.046674492363598,6
ETH,long,2023-12-02 08:00:00+00:00,2023-12-02 12:00:00+00:00,2023-12-03 12:00:00+00:00,2099.05,2159.59,0.028841618827564863,0.027804673384590473,0.0010369454429743907,5.041924062981029,6
SOL,long,2023-12-02 08:00:00+00:00,2023-12-02 12:00:00+00:00,2023-12-03 12:00:00+00:00,62.15,63.55,0.022526146419951765,0.021299661705767914,0.0012264847141838509,6.000925858297193,6
AVAX,long,2023-12-02 16:00:00+00:00,2023-12-02 20:00:00+00:00,2023-12-03 20:00:00+00:00,22.296,21.736,-0.02511661284535338,-0.02661886754801346,0.0015022547026600774,7.710732744665526,6
BNB,long,2023-12-02 16:00:00+00:00,2023-12-02 20:00:00+00:00,2023-12-03 20:00:00+00:00,228.9,227.1,-0.007863695937090465,-0.009143900358162038,0.0012802044210715735,6.455921962584254,6
BTC,long,2023-12-02 16:00:00+00:00,2023-12-02 20:00:00+00:00,2023-12-03 20:00:00+00:00,39433.4,39565.5,0.0033499520710869035,0.002344505619072512,0.0010054464520143913,5.012959217987713,6
ETH,long,2023-12-03 20:00:00+00:00,2023-12-04 00:00:00+00:00,2023-12-05 00:00:00+00:00,2193.38,2243.21,0.0227183616154063,0.021687587660391028,0.001030773955015274,5.041924062981029,6
XRP,long,2023-12-03 20:00:00+00:00,2023-12-04 00:00:00+00:00,2023-12-05 00:00:00+00:00,0.6232,0.6248,0.0025673940949937357,0.0014165536669996648,0.001150840427994071,5.742762706652812,6
ADA,long,2023-12-04 00:00:00+00:00,2023-12-04 04:00:00+00:00,2023-12-05 04:00:00+00:00,0.4031,0.4054,0.005705780203423494,0.003698631296999766,0.002007148906423728,9.988775255673833,6
AVAX,long,2023-12-04 04:00:00+00:00,2023-12-04 08:00:00+00:00,2023-12-05 08:00:00+00:00,22.466,22.181,-0.012685836374966675,-0.014207246386514272,0.001521410011547597,7.710732744665526,6
DOT,long,2023-12-04 04:00:00+00:00,2023-12-04 08:00:00+00:00,2023-12-05 08:00:00+00:00,5.652,5.631,-0.0037154989384288184,-0.00551648196428689,0.0018009830258580717,9.046674492363598,6
XRP,long,2023-12-05 04:00:00+00:00,2023-12-05 08:00:00+00:00,2023-12-06 08:00:00+00:00,0.6124,0.6275,0.02465708687132584,0.02348088983225649,0.0011761970390693488,5.742762706652812,6
ADA,long,2023-12-05 16:00:00+00:00,2023-12-05 20:00:00+00:00,2023-12-06 20:00:00+00:00,0.4221,0.448,0.06135986733001664,0.0592416461375298,0.0021182211924868355,9.988775255673833,6
BTC,long,2023-12-05 16:00:00+00:00,2023-12-05 20:00:00+00:00,2023-12-06 20:00:00+00:00,43834.4,43997.8,0.0037276659427298853,0.0027218409876106353,0.00100582495511925,5.012959217987713,6
DOT,long,2023-12-05 16:00:00+00:00,2023-12-05 20:00:00+00:00,2023-12-06 20:00:00+00:00,5.788,6.079,0.05027643400138215,0.04837784978364135,0.0018985842177408063,9.046674492363598,6
ETH,long,2023-12-05 20:00:00+00:00,2023-12-06 00:00:00+00:00,2023-12-07 00:00:00+00:00,2293.79,2233.31,-0.026366842649065525,-0.027348144772899152,0.0009813021238336272,5.041924062981029,6
BNB,long,2023-12-06 00:00:00+00:00,2023-12-06 04:00:00+00:00,2023-12-07 04:00:00+00:00,231.8,232.9,0.004745470232959459,0.003448995557275847,0.001296474675683612,6.455921962584254,6
LINK,long,2023-12-06 00:00:00+00:00,2023-12-06 04:00:00+00:00,2023-12-07 04:00:00+00:00,15.716,15.47,-0.01565283787223204,-0.016938871429672986,0.0012860335574409465,6.536688716426203,6
AVAX,long,2023-12-07 04:00:00+00:00,2023-12-07 08:00:00+00:00,2023-12-08 08:00:00+00:00,26.607,26.898,0.010936971473672452,0.009379159698951423,0.0015578117747210296,7.710732744665526,6
SOL,long,2023-12-07 12:00:00+00:00,2023-12-07 16:00:00+00:00,2023-12-08 16:00:00+00:00,65.91,71.96,0.09179183735396745,0.09048227084139127,0.001309566512576188,6.000925858297193,6
DOT,long,2023-12-07 16:00:00+00:00,2023-12-07 20:00:00+00:00,2023-12-08 20:00:00+00:00,6.201,6.652,0.0727302048056766,0.07079103091697148,0.0019391738887051257,9.046674492363598,6
ETH,long,2023-12-07 16:00:00+00:00,2023-12-07 20:00:00+00:00,2023-12-08 20:00:00+00:00,2337.0,2352.93,0.006816431322207883,0.005801684551406616,0.001014746770801267,5.041924062981029,6
ADA,long,2023-12-08 04:00:00+00:00,2023-12-08 08:00:00+00:00,2023-12-09 08:00:00+00:00,0.475,0.6242,0.31410526315789467,0.3114826224275815,0.0026226407303131527,9.988775255673833,6
BNB,long,2023-12-08 04:00:00+00:00,2023-12-08 08:00:00+00:00,2023-12-09 08:00:00+00:00,233.0,244.0,0.047210300429184615,0.04585903120245538,0.0013512692267292348,6.455921962584254,6
XRP,long,2023-12-08 04:00:00+00:00,2023-12-08 08:00:00+00:00,2023-12-09 08:00:00+00:00,0.6412,0.6921,0.07938240798502827,0.07814339211468257,0.0012390158703456944,5.742762706652812,6
BTC,long,2023-12-08 20:00:00+00:00,2023-12-09 00:00:00+00:00,2023-12-10 00:00:00+00:00,44182.8,43719.1,-0.010495034266728376,-0.011486606803302934,0.0009915725365745587,5.012959217987713,6
AVAX,long,2023-12-10 16:00:00+00:00,2023-12-10 20:00:00+00:00,2023-12-11 20:00:00+00:00,35.547,36.845,0.036515036430641246,0.03491780992296567,0.0015972265076755754,7.710732744665526,6
BNB,long,2023-12-10 16:00:00+00:00,2023-12-10 20:00:00+00:00,2023-12-11 20:00:00+00:00,240.1,239.8,-0.001249479383590102,-0.0025382184679322295,0.0012887390843421276,6.455921962584254,6
ADA,long,2023-12-12 08:00:00+00:00,2023-12-12 12:00:00+00:00,2023-12-13 12:00:00+00:00,0.5918,0.5782,-0.022980736735383478,-0.024930634194876733,0.001949897459493255,9.988775255673833,6
SOL,short,2023-12-12 12:00:00+00:00,2023-12-12 16:00:00+00:00,2023-12-13 16:00:00+00:00,68.48,67.56,0.013617525162818334,0.012401726031428195,0.0012157991313901384,6.000925858297193,6
ETH,short,2023-12-12 16:00:00+00:00,2023-12-12 20:00:00+00:00,2023-12-13 20:00:00+00:00,2179.76,2252.8,-0.03242187499999993,-0.03339707439811912,0.0009751993981191864,5.041924062981029,6
LINK,short,2023-12-12 16:00:00+00:00,2023-12-12 20:00:00+00:00,2023-12-13 20:00:00+00:00,14.408,14.785,-0.02549881636794049,-0.026771986314616303,0.0012731699466758117,6.536688716426203,6
XRP,short,2023-12-12 20:00:00+00:00,2023-12-13 00:00:00+00:00,2023-12-14 00:00:00+00:00,0.6191,0.6276,-0.013543658381134582,-0.0146760050393967,0.0011323466582621178,5.742762706652812,6
BTC,short,2023-12-13 00:00:00+00:00,2023-12-13 04:00:00+00:00,2023-12-14 04:00:00+00:00,40845.8,42729.7,-0.044088771978272545,-0.04504668058301353,0.0009579086047409868,5.012959217987713,6
AVAX,long,2023-12-13 16:00:00+00:00,2023-12-13 20:00:00+00:00,2023-12-14 20:00:00+00:00,41.076,38.851,-0.05416788392248517,-0.05562537182619376,0.0014574879037085875,7.710732744665526,6
BNB,long,2023-12-13 20:00:00+00:00,2023-12-14 00:00:00+00:00,2023-12-15 00:00:00+00:00,252.0,253.2,0.004761904761904745,0.0034654088799044303,0.0012964958820003147,6.455921962584254,6
DOT,long,2023-12-14 20:00:00+00:00,2023-12-15 00:00:00+00:00,2023-12-16 00:00:00+00:00,7.508,6.953,-0.07392115077250927,-0.07559522307443478,0.001674072301925511,9.046674492363598,6
AVAX,long,2023-12-15 04:00:00+00:00,2023-12-15 08:00:00+00:00,2023-12-16 08:00:00+00:00,39.348,41.868,0.0640439158279964,0.06240426846355129,0.001639647364445107,7.710732744665526,6
BTC,long,2023-12-15 08:00:00+00:00,2023-12-15 12:00:00+00:00,2023-12-16 12:00:00+00:00,42788.0,42328.8,-0.010731980929232443,-0.011723316024044528,0.0009913350948120847,5.012959217987713,6
ETH,long,2023-12-15 08:00:00+00:00,2023-12-15 12:00:00+00:00,2023-12-16 12:00:00+00:00,2272.99,2253.57,-0.008543812335293888,-0.009543077875192263,0.0009992655398983752,5.041924062981029,6
SOL,long,2023-12-16 12:00:00+00:00,2023-12-16 16:00:00+00:00,2023-12-17 16:00:00+00:00,77.17,72.71,-0.057794479720098546,-0.058924622623816925,0.0011301429037183786,6.000925858297193,6
ADA,long,2023-12-16 20:00:00+00:00,2023-12-17 00:00:00+00:00,2023-12-18 00:00:00+00:00,0.6077,0.5803,-0.045088036860292835,-0.04699381342066944,0.0019057765603766041,9.988775255673833,6
LINK,short,2023-12-17 00:00:00+00:00,2023-12-17 04:00:00+00:00,2023-12-18 04:00:00+00:00,14.192,13.874,0.022920570851953315,0.021584141763389963,0.0013364290885633512,6.536688716426203,6
XRP,short,2023-12-17 20:00:00+00:00,2023-12-18 00:00:00+00:00,2023-12-19 00:00:00+00:00,0.6101,0.6124,-0.0037557152188113507,-0.004899297391777302,0.0011435821729659512,5.742762706652812,6
LINK,short,2023-12-18 12:00:00+00:00,2023-12-18 16:00:00+00:00,2023-12-19 16:00:00+00:00,13.991,14.238,-0.01734794212670321,-0.01863176105800557,0.0012838189313023607,6.536688716426203,6
ETH,short,2023-12-19 16:00:00+00:00,2023-12-19 20:00:00+00:00,2023-12-20 20:00:00+00:00,2176.81,2205.33,-0.012932304915817538,-0.013927147396520456,0.0009948424807029177,5.041924062981029,6
XRP,short,2023-12-19 16:00:00+00:00,2023-12-19 20:00:00+00:00,2023-12-20 20:00:00+00:00,0.6049,0.6208,-0.02561211340206193,-0.0267306067612606,0.001118493359198669,5.742762706652812,6
ADA,short,2023-12-19 20:00:00+00:00,2023-12-20 00:00:00+00:00,2023-12-21 00:00:00+00:00,0.5758,0.5897,-0.02357130744446334,-0.02552002626565486,0.0019487188211915196,9.988775255673833,6
DOT,short,2023-12-19 20:00:00+00:00,2023-12-20 00:00:00+00:00,2023-12-21 00:00:00+00:00,6.707,6.955,-0.035657800143781504,-0.03740104108671394,0.0017432409429324336,9.046674492363598,6
BTC,long,2023-12-20 08:00:00+00:00,2023-12-20 12:00:00+00:00,2023-12-21 12:00:00+00:00,42874.5,43948.1,0.02504052525393874,0.024013342906284096,0.0010271823476546427,5.012959217987713,6
SOL,long,2023-12-20 08:00:00+00:00,2023-12-20 12:00:00+00:00,2023-12-21 12:00:00+00:00,77.07,87.11,0.13027118204229926,0.1289154608878713,0.0013557211544279468,6.000925858297193,6
ETH,short,2023-12-21 04:00:00+00:00,2023-12-21 08:00:00+00:00,2023-12-22 08:00:00+00:00,2215.8,2274.02,-0.025602237447339915,-0.02658431019890195,0.0009820727515620353,5.041924062981029,6
XRP,long,2023-12-21 16:00:00+00:00,2023-12-21 20:00:00+00:00,2023-12-22 20:00:00+00:00,0.6191,0.6179,-0.001938297528670585,-0.003083965903287189,0.001145668374616604,5.742762706652812,6
BTC,long,2023-12-21 20:00:00+00:00,2023-12-22 00:00:00+00:00,2023-12-23 00:00:00+00:00,43877.0,43984.9,0.0024591471613830684,0.0014545933756151541,0.0010045537857679143,5.012959217987713,6
AVAX,long,2023-12-23 08:00:00+00:00,2023-12-23 12:00:00+00:00,2023-12-24 12:00:00+00:00,45.027,47.509,0.05512248206631565,0.053496582259783265,0.0016258998065323826,7.710732744665526,6
LINK,long,2023-12-23 16:00:00+00:00,2023-12-23 20:00:00+00:00,2023-12-24 20:00:00+00:00,15.625,15.859,0.0149760000000001,0.01364995036404082,0.001326049635959281,6.536688716426203,6
DOT,long,2023-12-23 20:00:00+00:00,2023-12-24 00:00:00+00:00,2023-12-25 00:00:00+00:00,8.332,8.617,0.034205472875660226,0.03233594012681773,0.001869532748842495,9.046674492363598,6
SOL,long,2023-12-23 20:00:00+00:00,2023-12-24 00:00:00+00:00,2023-12-25 00:00:00+00:00,107.99,112.51,0.04185572738216514,0.040606057504780635,0.0012496698773845072,6.000925858297193,6
ADA,long,2023-12-24 00:00:00+00:00,2023-12-24 04:00:00+00:00,2023-12-25 04:00:00+00:00,0.6196,0.6042,-0.024854744996772205,-0.026800902382671077,0.0019461573858988723,9.988775255673833,6
ETH,long,2023-12-24 00:00:00+00:00,2023-12-24 04:00:00+00:00,2023-12-25 04:00:00+00:00,2318.0,2276.42,-0.017937877480586728,-0.018927674961587537,0.0009897974810008092,5.041924062981029,6
XRP,long,2023-12-24 00:00:00+00:00,2023-12-24 04:00:00+00:00,2023-12-25 04:00:00+00:00,0.6206,0.6162,-0.007089912987431668,-0.00822966785700685,0.0011397548695751825,5.742762706652812,6
XRP,long,2023-12-25 08:00:00+00:00,2023-12-25 12:00:00+00:00,2023-12-26 12:00:00+00:00,0.6423,0.6246,-0.027557216254086803,-0.02867347684268884,0.001116260588602036,5.742762706652812,6
DOT,long,2023-12-25 16:00:00+00:00,2023-12-25 20:00:00+00:00,2023-12-26 20:00:00+00:00,9.174,8.645,-0.05766296054065834,-0.0593664227654499,0.0017034622247915632,9.046674492363598,6
SOL,long,2023-12-25 16:00:00+00:00,2023-12-25 20:00:00+00:00,2023-12-26 20:00:00+00:00,121.39,106.64,-0.12150918527061538,-0.12256290459074115,0.0010537193201257677,6.000925858297193,6
LINK,long,2023-12-25 20:00:00+00:00,2023-12-26 00:00:00+00:00,2023-12-27 00:00:00+00:00,15.594,15.096,-0.03193535975375139,-0.03320012046118059,0.0012647607074292022,6.536688716426203,6
BTC,short,2023-12-26 04:00:00+00:00,2023-12-26 08:00:00+00:00,2023-12-27 08:00:00+00:00,42767.6,42473.9,0.006914834757345112,0.005905815973821227,0.001009018783523885,5.012959217987713,6
DOT,long,2023-12-27 12:00:00+00:00,2023-12-27 16:00:00+00:00,2023-12-28 16:00:00+00:00,8.924,8.379,-0.061071268489466646,-0.06276856951757548,0.001697301028108833,9.046674492363598,6
SOL,long,2023-12-27 12:00:00+00:00,2023-12-27 16:00:00+00:00,2023-12-28 16:00:00+00:00,107.95,99.72,-0.07623899953682267,-0.07734701887754458,0.0011080193407219108,6.000925858297193,6
AVAX,short,2023-12-27 16:00:00+00:00,2023-12-27 20:00:00+00:00,2023-12-28 20:00:00+00:00,42.892,39.955,0.07350769615817798,0.07185346550234328,0.0016542306558346986,7.710732744665526,6
BTC,short,2023-12-29 16:00:00+00:00,2023-12-29 20:00:00+00:00,2023-12-30 20:00:00+00:00,42131.5,42370.0,-0.005628982770828461,-0.006625431526514736,0.0009964487556862744,5.012959217987713,6
DOT,short,2023-12-29 16:00:00+00:00,2023-12-29 20:00:00+00:00,2023-12-30 20:00:00+00:00,8.275,8.311,-0.004331608711346413,-0.00613147799585656,0.0017998692845101472,9.046674492363598,6
AVAX,short,2023-12-30 00:00:00+00:00,2023-12-30 04:00:00+00:00,2023-12-31 04:00:00+00:00,39.761,38.934,0.02124107463913294,0.019667384670526644,0.0015736899686062955,7.710732744665526,6
SOL,short,2023-12-30 00:00:00+00:00,2023-12-30 04:00:00+00:00,2023-12-31 04:00:00+00:00,103.59,100.7,0.02869910625620653,0.027465217290398636,0.0012338889658078944,6.000925858297193,6
ADA,short,2023-12-30 20:00:00+00:00,2023-12-31 00:00:00+00:00,2024-01-01 00:00:00+00:00,0.6011,0.5935,0.01280539174389217,0.010784073705879305,0.002021318038012865,9.988775255673833,6
ETH,short,2023-12-30 20:00:00+00:00,2023-12-31 00:00:00+00:00,2024-01-01 00:00:00+00:00,2291.82,2282.75,0.003973277844705025,0.0029613966219026455,0.00101188122280238,5.041924062981029,6
XRP,short,2023-12-31 00:00:00+00:00,2023-12-31 04:00:00+00:00,2024-01-01 04:00:00+00:00,0.6205,0.613,0.012234910277324706,0.011072972571954276,0.0011619377053704305,5.742762706652812,6
LINK,short,2023-12-31 20:00:00+00:00,2024-01-01 00:00:00+00:00,2024-01-02 00:00:00+00:00,14.945,15.554,-0.03915391539153912,-0.04040924517343347,0.0012553297818943543,6.536688716426203,6
DOT,short,2024-01-01 00:00:00+00:00,2024-01-01 04:00:00+00:00,2024-01-02 04:00:00+00:00,8.149,8.682,-0.06139138447362369,-0.06308810682821808,0.0016967223545943932,9.046674492363598,6
AVAX,short,2024-01-01 04:00:00+00:00,2024-01-01 08:00:00+00:00,2024-01-02 08:00:00+00:00,38.551,43.207,-0.10776031661536323,-0.10913522081203508,0.0013749041966718556,7.710732744665526,6
BNB,short,2024-01-02 16:00:00+00:00,2024-01-02 20:00:00+00:00,2024-01-03 20:00:00+00:00,310.9,313.6,-0.008609693877551172,-0.00988893569917182,0.001279241821620647,6.455921962584254,6
LINK,short,2024-01-05 00:00:00+00:00,2024-01-05 04:00:00+00:00,2024-01-06 04:00:00+00:00,14.135,13.829,0.022127413406609175,0.020792020565348013,0.0013353928412611626,6.536688716426203,6
XRP,short,2024-01-05 00:00:00+00:00,2024-01-05 04:00:00+00:00,2024-01-06 04:00:00+00:00,0.5761,0.5717,0.007696344236487684,0.006539616320818897,0.001156727915668787,5.742762706652812,6
ADA,short,2024-01-05 04:00:00+00:00,2024-01-05 08:00:00+00:00,2024-01-06 08:00:00+00:00,0.5526,0.5179,0.06700135161228027,0.06487187136249206,0.002129480249788207,9.988775255673833,6
AVAX,short,2024-01-05 08:00:00+00:00,2024-01-05 12:00:00+00:00,2024-01-06 12:00:00+00:00,36.424,34.759,0.04790126298224928,0.04628649077361291,0.0016147722086363725,7.710732744665526,6
BNB,long,2024-01-05 08:00:00+00:00,2024-01-05 12:00:00+00:00,2024-01-06 12:00:00+00:00,318.1,306.7,-0.03583778685947825,-0.037081894874513854,0.0012441080150356054,6.455921962584254,6
DOT,short,2024-01-05 08:00:00+00:00,2024-01-05 12:00:00+00:00,2024-01-06 12:00:00+00:00,7.452,7.192,0.0361512791991101,0.03427822901708866,0.0018730501820214407,9.046674492363598,6
ETH,short,2024-01-05 12:00:00+00:00,2024-01-05 16:00:00+00:00,2024-01-06 16:00:00+00:00,2225.72,2246.31,-0.009166143586593178,-0.010164781893355568,0.0009986383067623894,5.041924062981029,6
SOL,short,2024-01-05 12:00:00+00:00,2024-01-05 16:00:00+00:00,2024-01-06 16:00:00+00:00,98.04,95.17,0.030156561941788507,0.02892092480834063,0.0012356371334478755,6.000925858297193,6
BTC,long,2024-01-06 12:00:00+00:00,2024-01-06 16:00:00+00:00,2024-01-07 16:00:00+00:00,43866.8,44054.0,0.004267464232631468,0.003261098351313496,0.0010063658813179721,5.012959217987713,6
ADA,short,2024-01-06 20:00:00+00:00,2024-01-07 00:00:00+00:00,2024-01-08 00:00:00+00:00,0.5229,0.4946,0.05721795390214335,0.055107998981135387,0.0021099549210079616,9.988775255673833,6
DOT,short,2024-01-06 20:00:00+00:00,2024-01-07 00:00:00+00:00,2024-01-08 00:00:00+00:00,7.134,6.897,0.034362766420182655,0.032492949331873744,0.0018698170883089116,9.046674492363598,6
BNB,short,2024-01-07 20:00:00+00:00,2024-01-08 00:00:00+00:00,2024-01-09 00:00:00+00:00,302.1,303.8,-0.0055957867017774054,-0.006878917522596284,0.0012831308208188785,6.455921962584254,6
XRP,short,2024-01-07 20:00:00+00:00,2024-01-08 00:00:00+00:00,2024-01-09 00:00:00+00:00,0.5514,0.5777,-0.04552535918296696,-0.046620994260087034,0.0010956350771200718,5.742762706652812,6
AVAX,short,2024-01-08 00:00:00+00:00,2024-01-08 04:00:00+00:00,2024-01-09 04:00:00+00:00,31.912,35.939,-0.11205097526364116,-0.11341926773401134,0.0013682924703701804,7.710732744665526,6
ETH,short,2024-01-08 00:00:00+00:00,2024-01-08 04:00:00+00:00,2024-01-09 04:00:00+00:00,2190.83,2309.58,-0.05141627482053013,-0.05237233020661136,0.0009560553860812337,5.041924062981029,6
LINK,short,2024-01-08 00:00:00+00:00,2024-01-08 04:00:00+00:00,2024-01-09 04:00:00+00:00,12.835,13.983,-0.08209969248373017,-0.08329891430634362,0.00119922182261345,6.536688716426203,6
SOL,short,2024-01-08 00:00:00+00:00,2024-01-08 04:00:00+00:00,2024-01-09 04:00:00+00:00,87.25,99.8,-0.125751503006012,-0.12680013381287736,0.0010486308068653472,6.000925858297193,6
BTC,long,2024-01-08 04:00:00+00:00,2024-01-08 08:00:00+00:00,2024-01-09 08:00:00+00:00,43978.9,46829.8,0.06482426800124608,0.0637572187827049,0.0010670492185411717,5.012959217987713,6
ADA,short,2024-01-09 12:00:00+00:00,2024-01-09 16:00:00+00:00,2024-01-10 16:00:00+00:00,0.5096,0.5059,0.007313698359359577,0.005303340431737302,0.002010357927622275,9.988775255673833,6
BNB,short,2024-01-09 12:00:00+00:00,2024-01-09 16:00:00+00:00,2024-01-10 16:00:00+00:00,300.8,294.6,0.02104548540393747,0.019727977981644385,0.001317507422293085,6.455921962584254,6
ETH,long,2024-01-10 00:00:00+00:00,2024-01-10 04:00:00+00:00,2024-01-11 04:00:00+00:00,2361.6,2612.09,0.10606792005420074,0.10495314002554323,0.0011147800286575027,5.041924062981029,6
SOL,long,2024-01-10 20:00:00+00:00,2024-01-11 00:00:00+00:00,2024-01-12 00:00:00+00:00,102.07,99.94,-0.02086803174292151,-0.02204246664264553,0.0011744348997240195,6.000925858297193,6
BTC,long,2024-01-11 00:00:00+00:00,2024-01-11 04:00:00+00:00,2024-01-12 04:00:00+00:00,46495.9,45987.4,-0.010936448159945322,-0.011927578360292346,0.0009911302003470235,5.012959217987713,6
BNB,long,2024-01-12 12:00:00+00:00,2024-01-12 16:00:00+00:00,2024-01-13 16:00:00+00:00,305.6,302.2,-0.011125654450261924,-0.012401649798756575,0.0012759953484946518,6.455921962584254,6
ETH,long,2024-01-12 12:00:00+00:00,2024-01-12 16:00:00+00:00,2024-01-13 16:00:00+00:00,2647.45,2563.97,-0.03153222912614029,-0.032508325177561415,0.000976096051421127,5.041924062981029,6
DOT,long,2024-01-13 20:00:00+00:00,2024-01-14 00:00:00+00:00,2024-01-15 00:00:00+00:00,7.615,7.322,-0.0384766907419567,-0.04021483597767539,0.001738145235718691,9.046674492363598,6
XRP,short,2024-01-14 00:00:00+00:00,2024-01-14 04:00:00+00:00,2024-01-15 04:00:00+00:00,0.5739,0.5861,-0.020815560484558904,-0.021939559774875272,0.0011239992903163687,5.742762706652812,6
AVAX,short,2024-01-14 20:00:00+00:00,2024-01-15 00:00:00+00:00,2024-01-16 00:00:00+00:00,35.285,35.6,-0.008848314606741736,-0.010375638079528904,0.0015273234727871676,7.710732744665526,6
XRP,short,2024-01-15 12:00:00+00:00,2024-01-15 16:00:00+00:00,2024-01-16 16:00:00+00:00,0.5699,0.5757,-0.010074691679694325,-0.011211020341706734,0.0011363286620124091,5.742762706652812,6
DOT,short,2024-01-16 00:00:00+00:00,2024-01-16 04:00:00+00:00,2024-01-17 04:00:00+00:00,7.597,7.495,0.013609072715143444,0.011776772069223007,0.0018323006459204372,9.046674492363598,6
ETH,short,2024-01-16 00:00:00+00:00,2024-01-16 04:00:00+00:00,2024-01-17 04:00:00+00:00,2538.2,2571.98,-0.013133850185460316,-0.014128489533392297,0.0009946393479319804,5.041924062981029,6
SOL,short,2024-01-16 00:00:00+00:00,2024-01-16 04:00:00+00:00,2024-01-17 04:00:00+00:00,96.19,99.98,-0.03790758151630336,-0.03906157806596,0.001153996549656644,6.000925858297193,6
AVAX,short,2024-01-16 12:00:00+00:00,2024-01-16 16:00:00+00:00,2024-01-17 16:00:00+00:00,35.679,35.784,-0.002934272300469387,-0.004470709066172751,0.001536436765703364,7.710732744665526,6
LINK,long,2024-01-17 00:00:00+00:00,2024-01-17 04:00:00+00:00,2024-01-18 04:00:00+00:00,15.842,15.3,-0.03421285191263723,-0.0354746371136031,0.0012617852009658703,6.536688716426203,6
ADA,short,2024-01-17 12:00:00+00:00,2024-01-17 16:00:00+00:00,2024-01-18 16:00:00+00:00,0.5262,0.5203,0.01133961176244469,0.009321219071730225,0.0020183926907144656,9.988775255673833,6
XRP,short,2024-01-17 12:00:00+00:00,2024-01-17 16:00:00+00:00,2024-01-18 16:00:00+00:00,0.5689,0.5622,0.011917467093560896,0.010755893779104797,0.0011615733144560991,5.742762706652812,6
BTC,short,2024-01-17 16:00:00+00:00,2024-01-17 20:00:00+00:00,2024-01-18 20:00:00+00:00,42626.1,41026.2,0.03899703116545039,0.03795586314976207,0.0010411680156883207,5.012959217987713,6
DOT,short,2024-01-17 16:00:00+00:00,2024-01-17 20:00:00+00:00,2024-01-18 20:00:00+00:00,7.338,6.874,0.06750072737852775,0.06557100681371808,0.0019297205648096671,9.046674492363598,6
AVAX,short,2024-01-18 08:00:00+00:00,2024-01-18 12:00:00+00:00,2024-01-19 12:00:00+00:00,35.268,33.696,0.04665242165242178,0.045039573856269444,0.001612847796152339,7.710732744665526,6
ETH,short,2024-01-18 08:00:00+00:00,2024-01-18 12:00:00+00:00,2024-01-19 12:00:00+00:00,2523.03,2488.19,0.014002146138357707,0.012980157053387842,0.0010219890849698654,5.041924062981029,6
BNB,long,2024-01-18 16:00:00+00:00,2024-01-18 20:00:00+00:00,2024-01-19 20:00:00+00:00,308.6,313.2,0.01490602721970169,0.013596441855575847,0.0013095853641258426,6.455921962584254,6
AVAX,short,2024-01-20 00:00:00+00:00,2024-01-20 04:00:00+00:00,2024-01-21 04:00:00+00:00,32.76,33.006,-0.007453190329031134,-0.008982663630233256,0.0015294733012021222,7.710732744665526,6
DOT,short,2024-01-20 00:00:00+00:00,2024-01-20 04:00:00+00:00,2024-01-21 04:00:00+00:00,6.829,6.918,-0.01286498988146867,-0.014649433376834997,0.001784443495366328,9.046674492363598,6
SOL,short,2024-01-20 00:00:00+00:00,2024-01-20 04:00:00+00:00,2024-01-21 04:00:00+00:00,93.61,92.91,0.0075341728554514376,0.006325670494556901,0.0012085023608945367,6.000925858297193,6
XRP,short,2024-01-20 00:00:00+00:00,2024-01-20 04:00:00+00:00,2024-01-21 04:00:00+00:00,0.5432,0.554,-0.01949458483754518,-0.020620100467000135,0.001125515629454954,5.742762706652812,6
ETH,short,2024-01-20 08:00:00+00:00,2024-01-20 12:00:00+00:00,2024-01-21 12:00:00+00:00,2471.21,2474.05,-0.0011479153614519788,-0.0021546350532075653,0.0010067196917555865,5.041924062981029,6
BNB,long,2024-01-20 12:00:00+00:00,2024-01-20 16:00:00+00:00,2024-01-21 16:00:00+00:00,313.8,318.5,0.014977692797960351,0.01366801496005876,0.0013096778379015905,6.455921962584254,6
BTC,short,2024-01-20 16:00:00+00:00,2024-01-20 20:00:00+00:00,2024-01-21 20:00:00+00:00,41640.2,41730.0,-0.0021519290678170266,-0.0031518621425107307,0.000999933074693704,5.012959217987713,6
ADA,short,2024-01-21 20:00:00+00:00,2024-01-22 00:00:00+00:00,2024-01-23 00:00:00+00:00,0.5032,0.4787,0.051180279924796235,0.04908237476124211,0.0020979051635541257,9.988775255673833,6
SOL,short,2024-01-21 20:00:00+00:00,2024-01-22 00:00:00+00:00,2024-01-23 00:00:00+00:00,91.12,83.85,0.08670244484197975,0.08539898287953385,0.0013034619624459065,6.000925858297193,6
AVAX,short,2024-01-22 00:00:00+00:00,2024-01-22 04:00:00+00:00,2024-01-23 04:00:00+00:00,32.237,29.944,0.07657627571466752,0.07491731650552036,0.0016589592091471594,7.710732744665526,6
BTC,short,2024-01-22 00:00:00+00:00,2024-01-22 04:00:00+00:00,2024-01-23 04:00:00+00:00,41211.8,40007.8,0.03009413164432928,0.02906188513077268,0.0010322465135566006,5.012959217987713,6
DOT,short,2024-01-22 00:00:00+00:00,2024-01-22 04:00:00+00:00,2024-01-23 04:00:00+00:00,6.726,6.419,0.04782676429350374,0.04593260834254642,0.0018941559509573214,9.046674492363598,6
ETH,short,2024-01-22 00:00:00+00:00,2024-01-22 04:00:00+00:00,2024-01-23 04:00:00+00:00,2437.92,2339.38,0.042122271713017856,0.041071941010118795,0.0010503307028990605,5.041924062981029,6
XRP,short,2024-01-22 00:00:00+00:00,2024-01-22 04:00:00+00:00,2024-01-23 04:00:00+00:00,0.5418,0.5299,0.0224570673712019,0.021283395719850162,0.0011736716513517376,5.742762706652812,6
XRP,short,2024-01-23 08:00:00+00:00,2024-01-23 12:00:00+00:00,2024-01-24 12:00:00+00:00,0.5051,0.5169,-0.022828400077384514,-0.023950088842550676,0.0011216887651661622,5.742762706652812,6
BNB,short,2024-01-24 16:00:00+00:00,2024-01-24 20:00:00+00:00,2024-01-25 20:00:00+00:00,292.0,291.8,0.0006854009595613775,-0.0006058348002470071,0.0012912357598083846,6.455921962584254,6
LINK,short,2024-01-24 20:00:00+00:00,2024-01-25 00:00:00+00:00,2024-01-26 00:00:00+00:00,14.243,13.743,0.03638215818962376,0.03502814175614932,0.0013540164334744365,6.536688716426203,6
ADA,short,2024-01-25 04:00:00+00:00,2024-01-25 08:00:00+00:00,2024-01-26 08:00:00+00:00,0.4747,0.4678,0.014749893116716484,0.012724694317669316,0.0020251987990471676,9.988775255673833,6
AVAX,short,2024-01-25 04:00:00+00:00,2024-01-25 08:00:00+00:00,2024-01-26 08:00:00+00:00,30.573,30.618,-0.0014697236919458678,-0.0030084172660670427,0.001538693574121175,7.710732744665526,6
BTC,short,2024-01-25 04:00:00+00:00,2024-01-25 08:00:00+00:00,2024-01-26 08:00:00+00:00,40124.0,39970.1,0.0038503781576728624,0.0028444302339314387,0.0010059479237414237,5.012959217987713,6
XRP,short,2024-01-25 12:00:00+00:00,2024-01-25 16:00:00+00:00,2024-01-26 16:00:00+00:00,0.5072,0.5215,-0.027420901246404616,-0.028537318310095094,0.001116417063690478,5.742762706652812,6
SOL,short,2024-01-25 16:00:00+00:00,2024-01-25 20:00:00+00:00,2024-01-26 20:00:00+00:00,87.76,92.83,-0.054615964666594796,-0.05574992008908397,0.0011339554224891746,6.000925858297193,6
DOT,short,2024-01-26 04:00:00+00:00,2024-01-26 08:00:00+00:00,2024-01-27 08:00:00+00:00,6.371,6.57,-0.030289193302891926,-0.03204213907389575,0.001752945771003822,9.046674492363598,6
AVAX,long,2024-01-27 16:00:00+00:00,2024-01-27 20:00:00+00:00,2024-01-28 20:00:00+00:00,32.734,34.639,0.05819637074601336,0.05656573420503097,0.0016306365409823886,7.710732744665526,6
BTC,long,2024-01-27 20:00:00+00:00,2024-01-28 00:00:00+00:00,2024-01-29 00:00:00+00:00,42118.6,42037.0,-0.0019373863328789875,-0.0029375343985946767,0.0010001480657156891,5.012959217987713,6
SOL,long,2024-01-27 20:00:00+00:00,2024-01-28 00:00:00+00:00,2024-01-29 00:00:00+00:00,94.27,95.99,0.01824546515328307,0.017024114968087423,0.0012213501851956465,6.000925858297193,6
XRP,long,2024-01-28 04:00:00+00:00,2024-01-28 08:00:00+00:00,2024-01-29 08:00:00+00:00,0.5303,0.525,-0.009994342824816038,-0.011130763718743553,0.0011364208939275144,5.742762706652812,6
DOT,long,2024-01-29 00:00:00+00:00,2024-01-29 04:00:00+00:00,2024-01-30 04:00:00+00:00,6.923,7.003,0.011555683952043871,0.009727095216028658,0.001828588736015213,9.046674492363598,6
LINK,long,2024-01-29 00:00:00+00:00,2024-01-29 04:00:00+00:00,2024-01-30 04:00:00+00:00,14.719,14.964,0.016645152523948603,0.0153169221673648,0.0013282303565838038,6.536688716426203,6
BNB,long,2024-01-29 12:00:00+00:00,2024-01-29 16:00:00+00:00,2024-01-30 16:00:00+00:00,308.4,309.3,0.0029182879377434023,0.0016241709692044193,0.001294116968538983,6.455921962584254,6
ADA,long,2024-01-29 16:00:00+00:00,2024-01-29 20:00:00+00:00,2024-01-30 20:00:00+00:00,0.5208,0.5207,-0.00019201228878651388,-0.0021873906078433425,0.0019953783190568286,9.988775255673833,6
AVAX,long,2024-01-29 16:00:00+00:00,2024-01-29 20:00:00+00:00,2024-01-30 20:00:00+00:00,35.947,36.206,0.007205051881937319,0.00565299083989923,0.0015520610420380887,7.710732744665526,6
BTC,long,2024-01-29 16:00:00+00:00,2024-01-29 20:00:00+00:00,2024-01-30 20:00:00+00:00,43002.9,43547.3,0.012659611328538434,0.01164483576473141,0.0010147755638070244,5.012959217987713,6
ETH,long,2024-01-29 16:00:00+00:00,2024-01-29 20:00:00+00:00,2024-01-30 20:00:00+00:00,2293.34,2374.55,0.035411234269667746,0.03436766746469755,0.0010435668049701974,5.041924062981029,6
SOL,long,2024-01-29 16:00:00+00:00,2024-01-29 20:00:00+00:00,2024-01-30 20:00:00+00:00,100.56,105.31,0.047235481304693794,0.045979358598718933,0.0012561227059748603,6.000925858297193,6
XRP,long,2024-01-29 16:00:00+00:00,2024-01-29 20:00:00+00:00,2024-01-30 20:00:00+00:00,0.5356,0.5143,-0.03976848394324117,-0.040870727299070264,0.0011022433558290912,5.742762706652812,6
LINK,long,2024-02-01 12:00:00+00:00,2024-02-01 16:00:00+00:00,2024-02-02 16:00:00+00:00,16.701,18.738,0.12196874438656358,0.12050291047024286,0.0014658339163207135,6.536688716426203,6
XRP,short,2024-02-01 12:00:00+00:00,2024-02-01 16:00:00+00:00,2024-02-02 16:00:00+00:00,0.4994,0.5027,-0.006564551422319487,-0.007704909350932709,0.0011403579286132226,5.742762706652812,6
BTC,long,2024-02-03 00:00:00+00:00,2024-02-03 04:00:00+00:00,2024-02-04 04:00:00+00:00,43181.0,43029.3,-0.003513119195942549,-0.0045116882363011035,0.0009985690403585545,5.012959217987713,6
ETH,long,2024-02-03 00:00:00+00:00,2024-02-03 04:00:00+00:00,2024-02-04 04:00:00+00:00,2321.07,2303.11,-0.007737810578741677,-0.008737888468989485,0.001000077890247808,5.041924062981029,6
BNB,short,2024-02-03 04:00:00+00:00,2024-02-03 08:00:00+00:00,2024-02-04 08:00:00+00:00,302.1,299.3,0.00935516204477116,0.008052739247027096,0.0013024227977440628,6.455921962584254,6
ADA,long,2024-02-03 08:00:00+00:00,2024-02-03 12:00:00+00:00,2024-02-04 12:00:00+00:00,0.5217,0.5068,-0.028560475368986094,-0.030499237000768176,0.0019387616317820822,9.988775255673833,6
AVAX,long,2024-02-04 08:00:00+00:00,2024-02-04 12:00:00+00:00,2024-02-05 12:00:00+00:00,35.971,35.642,-0.009146256706791367,-0.0106731210632095,0.001526864356418134,7.710732744665526,6
LINK,long,2024-02-04 16:00:00+00:00,2024-02-04 20:00:00+00:00,2024-02-05 20:00:00+00:00,18.305,19.161,0.046763179459164306,0.04539560039024293,0.0013675790689213763,6.536688716426203,6
SOL,short,2024-02-04 16:00:00+00:00,2024-02-04 20:00:00+00:00,2024-02-05 20:00:00+00:00,96.36,95.95,0.0042730588848358675,0.0030684681172534756,0.001204590767582392,6.000925858297193,6
ADA,short,2024-02-05 16:00:00+00:00,2024-02-05 20:00:00+00:00,2024-02-06 20:00:00+00:00,0.4936,0.5027,-0.018102247861547793,-0.020061881621458943,0.00195963375991115,9.988775255673833,6
BTC,short,2024-02-06 00:00:00+00:00,2024-02-06 04:00:00+00:00,2024-02-07 04:00:00+00:00,42854.9,42811.0,0.0010254373875873135,2.2320307330403466e-05,0.00100311708025691,5.012959217987713,6
SOL,short,2024-02-06 00:00:00+00:00,2024-02-06 04:00:00+00:00,2024-02-07 04:00:00+00:00,96.03,95.54,0.005128741888214217,0.0039231247584923246,0.001205617129721892,6.000925858297193,6
XRP,short,2024-02-06 04:00:00+00:00,2024-02-06 08:00:00+00:00,2024-02-07 08:00:00+00:00,0.5042,0.5012,0.005985634477254642,0.004830870273913712,0.00115476420334093,5.742762706652812,6
ETH,long,2024-02-06 08:00:00+00:00,2024-02-06 12:00:00+00:00,2024-02-07 12:00:00+00:00,2324.92,2362.21,0.01603926156598945,0.015015219319949091,0.0010240422460403575,5.041924062981029,6
ADA,short,2024-02-07 04:00:00+00:00,2024-02-07 08:00:00+00:00,2024-02-08 08:00:00+00:00,0.4835,0.5279,-0.08410683841636679,-0.08593474275365887,0.0018279043372920745,9.988775255673833,6
BNB,long,2024-02-07 08:00:00+00:00,2024-02-07 12:00:00+00:00,2024-02-08 12:00:00+00:00,302.9,316.3,0.04423902277979552,0.04289158754519762,0.0013474352345979046,6.455921962584254,6
BTC,long,2024-02-07 08:00:00+00:00,2024-02-07 12:00:00+00:00,2024-02-08 12:00:00+00:00,42933.9,44705.7,0.04126808885286448,0.04022464503411305,0.0010434438187514328,5.012959217987713,6
SOL,short,2024-02-07 12:00:00+00:00,2024-02-07 16:00:00+00:00,2024-02-08 16:00:00+00:00,96.27,104.83,-0.0816560144996662,-0.08275753631846983,0.0011015218188036302,6.000925858297193,6
XRP,short,2024-02-07 12:00:00+00:00,2024-02-07 16:00:00+00:00,2024-02-08 16:00:00+00:00,0.5035,0.5171,-0.026300522142719163,-0.027418225282113684,0.0011177031393945214,5.742762706652812,6
LINK,long,2024-02-07 20:00:00+00:00,2024-02-08 00:00:00+00:00,2024-02-09 00:00:00+00:00,18.82,18.217,-0.03204038257173225,-0.033305006068557796,0.0012646234968255454,6.536688716426203,6
XRP,long,2024-02-09 00:00:00+00:00,2024-02-09 04:00:00+00:00,2024-02-10 04:00:00+00:00,0.519,0.5272,0.01579961464354529,0.014633585037796992,0.0011660296057482977,5.742762706652812,6
ETH,long,2024-02-09 04:00:00+00:00,2024-02-09 08:00:00+00:00,2024-02-10 08:00:00+00:00,2453.63,2495.38,0.017015605449884452,0.015990579169642416,0.0010250262802420362,5.041924062981029,6
LINK,short,2024-02-10 08:00:00+00:00,2024-02-10 12:00:00+00:00,2024-02-11 12:00:00+00:00,18.17,20.556,-0.11607316598560025,-0.11722800201764383,0.0011548360320435824,6.536688716426203,6
ADA,long,2024-02-11 00:00:00+00:00,2024-02-11 04:00:00+00:00,2024-02-12 04:00:00+00:00,0.5624,0.5387,-0.042140825035561935,-0.04405248352791835,0.0019116584923564162,9.988775255673833,6
BTC,long,2024-02-11 00:00:00+00:00,2024-02-11 04:00:00+00:00,2024-02-12 04:00:00+00:00,48540.0,48150.1,-0.008032550473835998,-0.009026590639564014,0.0009940401657280162,5.012959217987713,6
DOT,long,2024-02-11 04:00:00+00:00,2024-02-11 08:00:00+00:00,2024-02-12 08:00:00+00:00,7.288,7.099,-0.025933040614709135,-0.027693861000886777,0.0017608203861776417,9.046674492363598,6
ETH,long,2024-02-11 04:00:00+00:00,2024-02-11 08:00:00+00:00,2024-02-12 08:00:00+00:00,2527.53,2501.97,-0.01011263961258635,-0.011110323968105962,0.0009976843555196124,5.041924062981029,6
XRP,long,2024-02-11 04:00:00+00:00,2024-02-11 08:00:00+00:00,2024-02-12 08:00:00+00:00,0.5284,0.5196,-0.01665404996214992,-0.017782826222651704,0.0011287762605017848,5.742762706652812,6
ADA,long,2024-02-12 16:00:00+00:00,2024-02-12 20:00:00+00:00,2024-02-13 20:00:00+00:00,0.5546,0.5395,-0.02722683014785432,-0.029168253417463208,0.0019414232696088884,9.988775255673833,6
BNB,long,2024-02-12 16:00:00+00:00,2024-02-12 20:00:00+00:00,2024-02-13 20:00:00+00:00,324.1,322.5,-0.004936747917309581,-0.006220729129714941,0.0012839812124053607,6.455921962584254,6
BTC,long,2024-02-12 16:00:00+00:00,2024-02-12 20:00:00+00:00,2024-02-13 20:00:00+00:00,49561.5,49043.4,-0.010453678762749274,-0.011445292741240398,0.0009916139784911238,5.012959217987713,6
DOT,long,2024-02-12 16:00:00+00:00,2024-02-12 20:00:00+00:00,2024-02-13 20:00:00+00:00,7.221,7.225,0.0005539398975209497,-0.0012547609909205892,0.001808700888441539,9.046674492363598,6
ETH,long,2024-02-12 16:00:00+00:00,2024-02-12 20:00:00+00:00,2024-02-13 20:00:00+00:00,2612.45,2611.8,-0.00024880858963793884,-0.0012564344701136987,0.0010076258804757598,5.041924062981029,6
XRP,long,2024-02-12 16:00:00+00:00,2024-02-12 20:00:00+00:00,2024-02-13 20:00:00+00:00,0.5313,0.525,-0.011857707509881354,-0.012991989459909092,0.001134281950027738,5.742762706652812,6
AVAX,long,2024-02-12 20:00:00+00:00,2024-02-13 00:00:00+00:00,2024-02-14 00:00:00+00:00,40.981,39.748,-0.030087113540421262,-0.0315817089084961,0.0014945953680748358,7.710732744665526,6
LINK,long,2024-02-12 20:00:00+00:00,2024-02-13 00:00:00+00:00,2024-02-14 00:00:00+00:00,20.464,19.874,-0.02883111806098515,-0.03009993440969716,0.0012688163487120097,6.536688716426203,6
SOL,long,2024-02-12 20:00:00+00:00,2024-02-13 00:00:00+00:00,2024-02-14 00:00:00+00:00,111.72,112.5,0.00698174006444674,0.005773900327560533,0.001207839736886207,6.000925858297193,6
DOT,long,2024-02-14 04:00:00+00:00,2024-02-14 08:00:00+00:00,2024-02-15 08:00:00+00:00,7.591,7.65,0.007772362007640643,0.0059506123809320854,0.0018217496267085576,9.046674492363598,6
ADA,long,2024-02-14 08:00:00+00:00,2024-02-14 12:00:00+00:00,2024-02-15 12:00:00+00:00,0.5736,0.5894,0.027545327754532778,0.02549459231927842,0.0020507354352543583,9.988775255673833,6
AVAX,long,2024-02-14 08:00:00+00:00,2024-02-14 12:00:00+00:00,2024-02-15 12:00:00+00:00,41.498,42.88,0.03330280977396516,0.03171053317380146,0.0015922766001637,7.710732744665526,6
BNB,long,2024-02-14 08:00:00+00:00,2024-02-14 12:00:00+00:00,2024-02-15 12:00:00+00:00,332.9,346.9,0.042054671072394134,0.040710054418974684,0.0013446166534194504,6.455921962584254,6
BTC,long,2024-02-14 08:00:00+00:00,2024-02-14 12:00:00+00:00,2024-02-15 12:00:00+00:00,51579.9,52329.6,0.014534731552406921,0.013518076950312041,0.0010166546020948797,5.012959217987713,6
ETH,long,2024-02-14 08:00:00+00:00,2024-02-14 12:00:00+00:00,2024-02-15 12:00:00+00:00,2756.77,2793.42,0.013294543977190765,0.012273268067915843,0.0010212759092749213,5.041924062981029,6
LINK,long,2024-02-14 08:00:00+00:00,2024-02-14 12:00:00+00:00,2024-02-15 12:00:00+00:00,20.287,20.03,-0.012668211169714505,-0.013958144093398905,0.0012899329236844004,6.536688716426203,6
SOL,long,2024-02-14 08:00:00+00:00,2024-02-14 12:00:00+00:00,2024-02-15 12:00:00+00:00,115.71,116.08,0.0031976492956529157,0.0019943484446438564,0.0012033008510090593,6.000925858297193,6
DOT,long,2024-02-16 00:00:00+00:00,2024-02-16 04:00:00+00:00,2024-02-17 04:00:00+00:00,7.819,7.583,-0.030182887837319372,-0.031936025776663546,0.0017531379393441737,9.046674492363598,6
ADA,long,2024-02-18 00:00:00+00:00,2024-02-18 04:00:00+00:00,2024-02-19 04:00:00+00:00,0.6209,0.6196,-0.002093734900950217,-0.0040853178351776265,0.0019915829342274094,9.988775255673833,6
DOT,long,2024-02-18 00:00:00+00:00,2024-02-18 04:00:00+00:00,2024-02-19 04:00:00+00:00,7.743,7.813,0.0090404236084205,0.007216381707349839,0.001824041901070661,9.046674492363598,6
BTC,long,2024-02-18 08:00:00+00:00,2024-02-18 12:00:00+00:00,2024-02-19 12:00:00+00:00,51836.4,52348.1,0.009871441689623506,0.008859460121336538,0.0010119815682869682,5.012959217987713,6
ETH,long,2024-02-18 08:00:00+00:00,2024-02-18 12:00:00+00:00,2024-02-19 12:00:00+00:00,2803.35,2913.25,0.03920309629550367,0.038155707761341695,0.0010473885341619749,5.041924062981029,6
XRP,long,2024-02-18 08:00:00+00:00,2024-02-18 12:00:00+00:00,2024-02-19 12:00:00+00:00,0.5588,0.5592,0.000715819613457569,-0.00043289540453272934,0.0011487150179902983,5.742762706652812,6
LINK,long,2024-02-18 20:00:00+00:00,2024-02-19 00:00:00+00:00,2024-02-20 00:00:00+00:00,20.12,19.837,-0.014065606361829075,-0.015353713611422903,0.0012881072495938284,6.536688716426203,6
AVAX,short,2024-02-19 04:00:00+00:00,2024-02-19 08:00:00+00:00,2024-02-20 08:00:00+00:00,40.505,39.272,0.031396414748421364,0.02980707582360398,0.001589338924817385,7.710732744665526,6
DOT,long,2024-02-19 20:00:00+00:00,2024-02-20 00:00:00+00:00,2024-02-21 00:00:00+00:00,8.031,7.731,-0.03735524841240201,-0.039095420878894616,0.0017401724664926066,9.046674492363598,6
SOL,long,2024-02-19 20:00:00+00:00,2024-02-20 00:00:00+00:00,2024-02-21 00:00:00+00:00,111.6,108.34,-0.029211469534050072,-0.030375896768982003,0.0011644272349319307,6.000925858297193,6
BNB,long,2024-02-20 04:00:00+00:00,2024-02-20 08:00:00+00:00,2024-02-21 08:00:00+00:00,357.7,359.9,0.006150405367626455,0.004852117831992686,0.0012982875356337686,6.455921962584254,6
XRP,long,2024-02-20 04:00:00+00:00,2024-02-20 08:00:00+00:00,2024-02-21 08:00:00+00:00,0.5673,0.547,-0.035783536047946374,-0.03689035369889837,0.0011068176509519967,5.742762706652812,6
ETH,long,2024-02-20 12:00:00+00:00,2024-02-20 16:00:00+00:00,2024-02-21 16:00:00+00:00,2925.82,2915.29,-0.0035989910520811685,-0.004603240361883643,0.001004249309802474,5.041924062981029,6
BTC,short,2024-02-20 16:00:00+00:00,2024-02-20 20:00:00+00:00,2024-02-21 20:00:00+00:00,52107.0,51072.1,0.020263509822388448,0.01924111447174015,0.0010223953506482975,5.012959217987713,6
ETH,long,2024-02-22 04:00:00+00:00,2024-02-22 08:00:00+00:00,2024-02-23 08:00:00+00:00,2994.4,2933.97,-0.020181004541811487,-0.02116854122742695,0.0009875366856154644,5.041924062981029,6
ADA,short,2024-02-23 00:00:00+00:00,2024-02-23 04:00:00+00:00,2024-02-24 04:00:00+00:00,0.5858,0.5758,0.017367141368530792,0.015336719166108681,0.002030422202422111,9.988775255673833,6
AVAX,short,2024-02-23 00:00:00+00:00,2024-02-23 04:00:00+00:00,2024-02-24 04:00:00+00:00,36.517,35.85,0.018605299860529945,0.017035671511096417,0.0015696283494335272,7.710732744665526,6
BTC,short,2024-02-23 00:00:00+00:00,2024-02-23 04:00:00+00:00,2024-02-24 04:00:00+00:00,51097.3,50855.3,0.004758599398686059,0.0037517413559751134,0.0010068580427109453,5.012959217987713,6
LINK,short,2024-02-23 00:00:00+00:00,2024-02-23 04:00:00+00:00,2024-02-24 04:00:00+00:00,17.916,18.168,-0.01387054161162482,-0.015158903710142058,0.0012883620985172373,6.536688716426203,6
SOL,short,2024-02-23 00:00:00+00:00,2024-02-23 04:00:00+00:00,2024-02-24 04:00:00+00:00,101.83,100.24,0.0158619313647248,0.014643440145793774,0.0012184912189310282,6.000925858297193,6
XRP,short,2024-02-23 00:00:00+00:00,2024-02-23 04:00:00+00:00,2024-02-24 04:00:00+00:00,0.538,0.5366,0.002609019754006736,0.0014581315441963838,0.0011508882098103523,5.742762706652812,6
DOT,short,2024-02-23 04:00:00+00:00,2024-02-23 08:00:00+00:00,2024-02-24 08:00:00+00:00,7.345,7.794,-0.05760841673081851,-0.05931197755442952,0.0017035608236110056,9.046674492363598,6
BNB,long,2024-02-24 08:00:00+00:00,2024-02-24 12:00:00+00:00,2024-02-25 12:00:00+00:00,380.2,383.9,0.009731720147290845,0.00842881145729013,0.0013029086900007147,6.455921962584254,6
ADA,short,2024-02-25 16:00:00+00:00,2024-02-25 20:00:00+00:00,2024-02-26 20:00:00+00:00,0.5878,0.618,-0.048867313915857635,-0.05076554794047616,0.001898234024618528,9.988775255673833,6
SOL,short,2024-02-25 16:00:00+00:00,2024-02-25 20:00:00+00:00,2024-02-26 20:00:00+00:00,103.43,109.71,-0.05724181934190131,-0.05837262514261088,0.0011308058007095667,6.000925858297193,6
BNB,long,2024-02-25 20:00:00+00:00,2024-02-26 00:00:00+00:00,2024-02-27 00:00:00+00:00,388.4,401.7,0.03424304840370751,0.03290851148815799,0.0013345369155495224,6.455921962584254,6
BTC,long,2024-02-25 20:00:00+00:00,2024-02-26 00:00:00+00:00,2024-02-27 00:00:00+00:00,51742.7,54490.1,0.053097345132743445,0.05204204734047857,0.0010552977922648754,5.012959217987713,6
DOT,long,2024-02-25 20:00:00+00:00,2024-02-26 00:00:00+00:00,2024-02-27 00:00:00+00:00,7.926,8.114,0.02371940449154697,0.02186882740361029,0.0018505770879366779,9.046674492363598,6
AVAX,long,2024-02-26 12:00:00+00:00,2024-02-26 16:00:00+00:00,2024-02-27 16:00:00+00:00,38.259,38.659,0.010455056326615919,0.00889798716306811,0.0015570691635478084,7.710732744665526,6
ETH,long,2024-02-26 12:00:00+00:00,2024-02-26 16:00:00+00:00,2024-02-27 16:00:00+00:00,3148.44,3230.39,0.02602876345110583,0.024994653019382085,0.0010341104317237448,5.041924062981029,6
LINK,long,2024-02-26 16:00:00+00:00,2024-02-26 20:00:00+00:00,2024-02-27 20:00:00+00:00,19.217,19.117,-0.005203725867721221,-0.006503411020046812,0.0012996851523255915,6.536688716426203,6
DOT,long,2024-02-27 20:00:00+00:00,2024-02-28 00:00:00+00:00,2024-02-29 00:00:00+00:00,8.371,8.345,-0.0031059610560267847,-0.0049080459432292445,0.0018020848872024597,9.046674492363598,6
ADA,long,2024-02-28 08:00:00+00:00,2024-02-28 12:00:00+00:00,2024-02-29 12:00:00+00:00,0.625,0.6908,0.10528000000000004,0.10307412469634669,0.0022058753036533485,9.988775255673833,6
AVAX,long,2024-02-28 08:00:00+00:00,2024-02-28 12:00:00+00:00,2024-02-29 12:00:00+00:00,39.584,42.966,0.08543856103476144,0.08376594541298732,0.0016726156217741206,7.710732744665526,6
BNB,long,2024-02-28 08:00:00+00:00,2024-02-28 12:00:00+00:00,2024-02-29 12:00:00+00:00,406.4,410.4,0.009842519685039353,0.008539468024705288,0.0013030516603340647,6.455921962584254,6
ETH,long,2024-02-28 08:00:00+00:00,2024-02-28 12:00:00+00:00,2024-02-29 12:00:00+00:00,3297.72,3517.28,0.06657933360018453,0.06550435319571002,0.0010749804044745126,5.041924062981029,6
LINK,long,2024-02-28 08:00:00+00:00,2024-02-28 12:00:00+00:00,2024-02-29 12:00:00+00:00,19.245,20.117,0.04531047025201351,0.04394478912404387,0.0013656811279696424,6.536688716426203,6
SOL,long,2024-02-28 08:00:00+00:00,2024-02-28 12:00:00+00:00,2024-02-29 12:00:00+00:00,111.48,129.25,0.15940078937926083,0.15801012826925898,0.0013906611100018562,6.000925858297193,6
XRP,long,2024-02-29 04:00:00+00:00,2024-02-29 08:00:00+00:00,2024-03-01 08:00:00+00:00,0.5939,0.585,-0.01498568782623344,-0.016116379188508945,0.0011306913622755044,5.742762706652812,6
DOT,long,2024-02-29 08:00:00+00:00,2024-02-29 12:00:00+00:00,2024-03-01 12:00:00+00:00,8.729,8.428,-0.0344827586206895,-0.03622812368563266,0.0017453650649431607,9.046674492363598,6
ADA,long,2024-03-01 16:00:00+00:00,2024-03-01 20:00:00+00:00,2024-03-02 20:00:00+00:00,0.6916,0.7413,0.07186234817813753,0.0697231665384066,0.002139181639730925,9.988775255673833,6
BNB,long,2024-03-01 16:00:00+00:00,2024-03-01 20:00:00+00:00,2024-03-02 20:00:00+00:00,406.5,409.7,0.007872078720787101,0.00657156962161487,0.0013005090991722312,6.455921962584254,6
LINK,long,2024-03-01 16:00:00+00:00,2024-03-01 20:00:00+00:00,2024-03-02 20:00:00+00:00,19.872,21.379,0.07583534621578103,0.07442978483383555,0.0014055613819454749,6.536688716426203,6
SOL,long,2024-03-01 16:00:00+00:00,2024-03-01 20:00:00+00:00,2024-03-02 20:00:00+00:00,130.91,130.72,-0.0014513788098693414,-0.0026491033126089247,0.0011977245027395833,6.000925858297193,6
DOT,long,2024-03-01 20:00:00+00:00,2024-03-02 00:00:00+00:00,2024-03-03 00:00:00+00:00,8.665,9.469,0.09278707443739176,0.09081164375484918,0.0019754306825425783,9.046674492363598,6
ETH,long,2024-03-01 20:00:00+00:00,2024-03-02 00:00:00+00:00,2024-03-03 00:00:00+00:00,3433.05,3422.14,-0.0031779321594501697,-0.004182605844678333,0.0010046736852281635,5.041924062981029,6
XRP,long,2024-03-02 00:00:00+00:00,2024-03-02 04:00:00+00:00,2024-03-03 04:00:00+00:00,0.6314,0.6363,0.0077605321507761005,0.00660373055422836,0.0011568015965477407,5.742762706652812,6
AVAX,long,2024-03-02 12:00:00+00:00,2024-03-02 16:00:00+00:00,2024-03-03 16:00:00+00:00,42.201,42.57,0.008743868628705576,0.007189436334141375,0.0015544322945642008,7.710732744665526,6
BNB,long,2024-03-03 12:00:00+00:00,2024-03-03 16:00:00+00:00,2024-03-04 16:00:00+00:00,413.4,418.9,0.013304305757136037,0.011996787176464352,0.001307518580671685,6.455921962584254,6
DOT,long,2024-03-03 16:00:00+00:00,2024-03-03 20:00:00+00:00,2024-03-04 20:00:00+00:00,9.671,9.936,0.02740150966807997,0.02554427644034063,0.001857233227739341,9.046674492363598,6
ETH,long,2024-03-03 16:00:00+00:00,2024-03-03 20:00:00+00:00,2024-03-04 20:00:00+00:00,3466.29,3594.8,0.03707422056434995,0.03602897767432567,0.0010452428900242783,5.041924062981029,6
BTC,long,2024-03-03 20:00:00+00:00,2024-03-04 00:00:00+00:00,2024-03-05 00:00:00+00:00,63148.9,68306.3,0.08167046456866234,0.08058653395342241,0.0010839306152399253,5.012959217987713,6
ADA,long,2024-03-04 00:00:00+00:00,2024-03-04 04:00:00+00:00,2024-03-05 04:00:00+00:00,0.7551,0.7681,0.017216262746656108,0.015186141661983177,0.002030121084672931,9.988775255673833,6
AVAX,long,2024-03-04 00:00:00+00:00,2024-03-04 04:00:00+00:00,2024-03-05 04:00:00+00:00,42.269,42.061,-0.004920863990158231,-0.006454239500795267,0.0015333755106370361,7.710732744665526,6
LINK,long,2024-03-04 00:00:00+00:00,2024-03-04 04:00:00+00:00,2024-03-05 04:00:00+00:00,20.256,20.145,-0.005479857819905232,-0.006779182210326362,0.0012993243904211305,6.536688716426203,6
SOL,long,2024-03-04 00:00:00+00:00,2024-03-04 04:00:00+00:00,2024-03-05 04:00:00+00:00,129.0,130.23,0.009534883720930143,0.00832398157661407,0.0012109021443160728,6.000925858297193,6
XRP,long,2024-03-04 00:00:00+00:00,2024-03-04 04:00:00+00:00,2024-03-05 04:00:00+00:00,0.6351,0.6534,0.028814359943315937,0.02763339079820204,0.001180969145113897,5.742762706652812,6
BNB,long,2024-03-04 20:00:00+00:00,2024-03-05 00:00:00+00:00,2024-03-06 00:00:00+00:00,418.6,394.2,-0.05828953655040614,-0.059504673919879014,0.001215137369472874,6.455921962584254,6
DOT,long,2024-03-05 08:00:00+00:00,2024-03-05 12:00:00+00:00,2024-03-06 12:00:00+00:00,10.479,10.132,-0.03311384674110118,-0.03486168638740805,0.0017478396463068702,9.046674492363598,6
AVAX,long,2024-03-05 12:00:00+00:00,2024-03-05 16:00:00+00:00,2024-03-06 16:00:00+00:00,44.139,39.808,-0.09812184236163035,-0.09951159904575335,0.0013897566841230002,7.710732744665526,6
LINK,long,2024-03-05 12:00:00+00:00,2024-03-05 16:00:00+00:00,2024-03-06 16:00:00+00:00,20.491,19.385,-0.05397491581669989,-0.05521088220259429,0.0012359663858944048,6.536688716426203,6
SOL,long,2024-03-05 12:00:00+00:00,2024-03-05 16:00:00+00:00,2024-03-06 16:00:00+00:00,139.21,128.3,-0.07837080669492136,-0.07947626900675742,0.0011054623118360585,6.000925858297193,6
BTC,long,2024-03-06 12:00:00+00:00,2024-03-06 16:00:00+00:00,2024-03-07 16:00:00+00:00,66514.2,67244.2,0.010975100053823184,0.009962012521077535,0.001013087532745649,5.012959217987713,6
ETH,long,2024-03-06 12:00:00+00:00,2024-03-06 16:00:00+00:00,2024-03-07 16:00:00+00:00,3791.15,3837.6,0.012252218983685559,0.011231993609432056,0.0010202253742535028,5.041924062981029,6
ADA,short,2024-03-07 04:00:00+00:00,2024-03-07 08:00:00+00:00,2024-03-08 08:00:00+00:00,0.7369,0.7308,0.008347016967706677,0.0063345967825576555,0.002012420185149022,9.988775255673833,6
ETH,long,2024-03-07 20:00:00+00:00,2024-03-08 00:00:00+00:00,2024-03-09 00:00:00+00:00,3869.13,3883.48,0.0037088441070731726,0.002697229400860035,0.0010116147062131375,5.041924062981029,6
BTC,long,2024-03-08 12:00:00+00:00,2024-03-08 16:00:00+00:00,2024-03-09 16:00:00+00:00,67635.0,68291.3,0.009703555851260592,0.008691742519609358,0.0010118133316512345,5.012959217987713,6
LINK,short,2024-03-08 12:00:00+00:00,2024-03-08 16:00:00+00:00,2024-03-09 16:00:00+00:00,19.694,20.208,-0.02543547110055422,-0.02670872380679168,0.00127325270623746,6.536688716426203,6
BNB,long,2024-03-08 20:00:00+00:00,2024-03-09 00:00:00+00:00,2024-03-10 00:00:00+00:00,485.7,488.2,0.005147210212065101,0.0038502171506564764,0.0012969930614086245,6.455921962584254,6
DOT,long,2024-03-09 00:00:00+00:00,2024-03-09 04:00:00+00:00,2024-03-10 04:00:00+00:00,10.645,10.454,-0.017942696101455935,-0.01971796062966724,0.0017752645282113066,9.046674492363598,6
AVAX,long,2024-03-09 08:00:00+00:00,2024-03-09 12:00:00+00:00,2024-03-10 12:00:00+00:00,43.114,42.674,-0.01020550169318546,-0.011730733797189474,0.001525232104004015,7.710732744665526,6
BTC,long,2024-03-10 04:00:00+00:00,2024-03-10 08:00:00+00:00,2024-03-11 08:00:00+00:00,69398.0,71208.0,0.02608144326925843,0.025053217828590046,0.0010282254406683844,5.012959217987713,6
LINK,long,2024-03-10 04:00:00+00:00,2024-03-10 08:00:00+00:00,2024-03-11 08:00:00+00:00,20.056,21.352,0.06461906661348227,0.06322815911841007,0.0013909074950722022,6.536688716426203,6
BNB,long,2024-03-10 08:00:00+00:00,2024-03-10 12:00:00+00:00,2024-03-11 12:00:00+00:00,532.0,522.3,-0.018233082706767045,-0.01949990697560333,0.0012668242688362863,6.455921962584254,6
ETH,long,2024-03-11 08:00:00+00:00,2024-03-11 12:00:00+00:00,2024-03-12 12:00:00+00:00,4034.78,4024.12,-0.0026420275702765394,-0.003647241381226074,0.0010052138109495345,5.041924062981029,6
SOL,long,2024-03-11 08:00:00+00:00,2024-03-11 12:00:00+00:00,2024-03-12 12:00:00+00:00,148.41,150.51,0.014149989892864312,0.012933552088463918,0.0012164378044003943,6.000925858297193,6
AVAX,long,2024-03-12 12:00:00+00:00,2024-03-12 16:00:00+00:00,2024-03-13 16:00:00+00:00,53.732,53.547,-0.003443013474279777,-0.00497866629101984,0.001535652816740063,7.710732744665526,6
BNB,long,2024-03-12 12:00:00+00:00,2024-03-12 16:00:00+00:00,2024-03-13 16:00:00+00:00,541.6,582.5,0.07551698670605611,0.0741291919084257,0.001387794797630404,6.455921962584254,6
ADA,long,2024-03-13 04:00:00+00:00,2024-03-13 08:00:00+00:00,2024-03-14 08:00:00+00:00,0.7633,0.7835,0.026464037730905332,0.02441546029268271,0.0020485774382226207,9.988775255673833,6
DOT,long,2024-03-13 04:00:00+00:00,2024-03-13 08:00:00+00:00,2024-03-14 08:00:00+00:00,11.011,11.332,0.029152665516301912,0.027292266724956216,0.0018603987913456965,9.046674492363598,6
ETH,long,2024-03-13 04:00:00+00:00,2024-03-13 08:00:00+00:00,2024-03-14 08:00:00+00:00,4042.03,3965.49,-0.0189360296682608,-0.01992482113497962,0.0009887914667188191,5.041924062981029,6
LINK,long,2024-03-13 04:00:00+00:00,2024-03-13 08:00:00+00:00,2024-03-14 08:00:00+00:00,20.805,20.46,-0.016582552271088624,-0.017867371171788715,0.001284818900700091,6.536688716426203,6
BTC,long,2024-03-13 08:00:00+00:00,2024-03-13 12:00:00+00:00,2024-03-14 12:00:00+00:00,73099.0,72891.6,-0.0028372481155691798,-0.003836494439241056,0.0009992463236718763,5.012959217987713,6
SOL,long,2024-03-13 08:00:00+00:00,2024-03-13 12:00:00+00:00,2024-03-14 12:00:00+00:00,153.84,173.19,0.12578003120124803,0.1244296970267762,0.0013503341744718345,6.000925858297193,6
AVAX,long,2024-03-14 00:00:00+00:00,2024-03-14 04:00:00+00:00,2024-03-15 04:00:00+00:00,57.719,54.184,-0.06124499731457589,-0.06269157968125871,0.0014465823666828248,7.710732744665526,6
XRP,long,2024-03-14 08:00:00+00:00,2024-03-14 12:00:00+00:00,2024-03-15 12:00:00+00:00,0.6857,0.6223,-0.09246025958874149,-0.09350201840658057,0.001041758817839078,5.742762706652812,6
SOL,long,2024-03-14 20:00:00+00:00,2024-03-15 00:00:00+00:00,2024-03-16 00:00:00+00:00,176.72,184.12,0.04187415119963789,0.04062445922352231,0.0012496919761155745,6.000925858297193,6
AVAX,long,2024-03-15 16:00:00+00:00,2024-03-15 20:00:00+00:00,2024-03-16 20:00:00+00:00,56.277,52.779,-0.06215683138760053,-0.06360200865594812,0.001445177268347586,7.710732744665526,6
BNB,long,2024-03-15 20:00:00+00:00,2024-03-16 00:00:00+00:00,2024-03-17 00:00:00+00:00,635.0,576.7,-0.09181102362204718,-0.09298290649536423,0.0011718828733170428,6.455921962584254,6
DOT,short,2024-03-16 08:00:00+00:00,2024-03-16 12:00:00+00:00,2024-03-17 12:00:00+00:00,10.349,9.841,0.05162077024692624,0.04971975587318411,0.001901014373742127,9.046674492363598,6
ADA,short,2024-03-16 12:00:00+00:00,2024-03-16 16:00:00+00:00,2024-03-17 16:00:00+00:00,0.7042,0.6838,0.029833284586136433,0.02777798293465561,0.002055301651480823,9.988775255673833,6
BTC,short,2024-03-16 12:00:00+00:00,2024-03-16 16:00:00+00:00,2024-03-17 16:00:00+00:00,68383.9,67978.1,0.0059695696113892804,0.004961498068143166,0.001008071543246114,5.012959217987713,6
ETH,short,2024-03-16 12:00:00+00:00,2024-03-16 16:00:00+00:00,2024-03-17 16:00:00+00:00,3679.48,3628.24,0.014122549776200088,0.013100439339215342,0.0010221104369847467,5.041924062981029,6
LINK,short,2024-03-16 12:00:00+00:00,2024-03-16 16:00:00+00:00,2024-03-17 16:00:00+00:00,19.018,18.525,0.02661268556005414,0.02527143278367494,0.0013412527763791982,6.536688716426203,6
XRP,short,2024-03-16 12:00:00+00:00,2024-03-16 16:00:00+00:00,2024-03-17 16:00:00+00:00,0.6248,0.6206,0.006767644215275537,0.005611982348169731,0.001155661867105806,5.742762706652812,6
SOL,long,2024-03-17 16:00:00+00:00,2024-03-17 20:00:00+00:00,2024-03-18 20:00:00+00:00,195.68,198.35,0.013644726083401393,0.012428894325448692,0.0012158317579527012,6.000925858297193,6
ADA,short,2024-03-18 12:00:00+00:00,2024-03-18 16:00:00+00:00,2024-03-19 16:00:00+00:00,0.6605,0.6264,0.054438058748403684,0.052333651835200445,0.0021044069132032384,9.988775255673833,6
BTC,short,2024-03-18 12:00:00+00:00,2024-03-18 16:00:00+00:00,2024-03-19 16:00:00+00:00,67462.0,64054.1,0.05320346394688236,0.052148059814068226,0.0010554041328141306,5.012959217987713,6
DOT,short,2024-03-18 12:00:00+00:00,2024-03-18 16:00:00+00:00,2024-03-19 16:00:00+00:00,9.881,9.206,0.07332174668694336,0.07138150346825656,0.001940243218686799,9.046674492363598,6
ETH,short,2024-03-18 12:00:00+00:00,2024-03-18 16:00:00+00:00,2024-03-19 16:00:00+00:00,3526.3,3303.06,0.0675858143660728,0.06650981955313684,0.0010759948129359653,5.041924062981029,6
XRP,short,2024-03-18 12:00:00+00:00,2024-03-18 16:00:00+00:00,2024-03-19 16:00:00+00:00,0.6067,0.6065,0.0003297609233305909,-0.0008185109404629243,0.0011482718637935152,5.742762706652812,6
LINK,short,2024-03-19 00:00:00+00:00,2024-03-19 04:00:00+00:00,2024-03-20 04:00:00+00:00,17.695,16.862,0.04940102004507185,0.0480299946803282,0.0013710253647436499,6.536688716426203,6
BTC,short,2024-03-20 12:00:00+00:00,2024-03-20 16:00:00+00:00,2024-03-21 16:00:00+00:00,63608.9,66577.5,-0.04458863730239193,-0.04554604499733983,0.0009574076949478982,5.012959217987713,6
XRP,short,2024-03-20 12:00:00+00:00,2024-03-20 16:00:00+00:00,2024-03-21 16:00:00+00:00,0.5864,0.6366,-0.078856424756519,-0.07991379932567111,0.0010573745691521141,5.742762706652812,6
AVAX,short,2024-03-21 16:00:00+00:00,2024-03-21 20:00:00+00:00,2024-03-22 20:00:00+00:00,53.701,53.851,-0.002785463593990789,-0.00432212966771417,0.0015366660737233806,7.710732744665526,6
DOT,short,2024-03-21 20:00:00+00:00,2024-03-22 00:00:00+00:00,2024-03-23 00:00:00+00:00,9.181,8.94,0.02695749440715889,0.025101063825598846,0.0018564305815600424,9.046674492363598,6
ETH,long,2024-03-22 00:00:00+00:00,2024-03-22 04:00:00+00:00,2024-03-23 04:00:00+00:00,3522.16,3303.82,-0.06199036954596038,-0.06293576754888508,0.0009453980029247022,5.041924062981029,6
ADA,short,2024-03-22 12:00:00+00:00,2024-03-22 16:00:00+00:00,2024-03-23 16:00:00+00:00,0.6182,0.6329,-0.02322641807552539,-0.02517582521365158,0.0019494071381261913,9.988775255673833,6
BNB,long,2024-03-23 08:00:00+00:00,2024-03-23 12:00:00+00:00,2024-03-24 12:00:00+00:00,554.2,556.6,0.004330566582461115,0.0030346272782639794,0.0012959393041971357,6.455921962584254,6
AVAX,short,2024-03-24 04:00:00+00:00,2024-03-24 08:00:00+00:00,2024-03-25 08:00:00+00:00,53.419,56.107,-0.04790846061988707,-0.04937559403424463,0.0014671334143575576,7.710732744665526,6
ETH,short,2024-03-24 04:00:00+00:00,2024-03-24 08:00:00+00:00,2024-03-25 08:00:00+00:00,3343.24,3445.36,-0.029639863468549077,-0.030617866791127546,0.000978003322578469,5.041924062981029,6
LINK,long,2024-03-24 12:00:00+00:00,2024-03-24 16:00:00+00:00,2024-03-25 16:00:00+00:00,18.286,19.308,0.05588975172262933,0.05451024893548451,0.0013795027871448262,6.536688716426203,6
BNB,long,2024-03-24 16:00:00+00:00,2024-03-24 20:00:00+00:00,2024-03-25 20:00:00+00:00,564.0,594.7,0.05443262411347516,0.053072035551617214,0.001360588561857945,6.455921962584254,6
XRP,long,2024-03-25 12:00:00+00:00,2024-03-25 16:00:00+00:00,2024-03-26 16:00:00+00:00,0.6421,0.6344,-0.011991901572963815,-0.013126029482520951,0.0011341279095571366,5.742762706652812,6
BNB,long,2024-03-26 04:00:00+00:00,2024-03-26 08:00:00+00:00,2024-03-27 08:00:00+00:00,591.5,574.3,-0.029078613693998334,-0.030331443417265014,0.0012528297232666796,6.455921962584254,6
SOL,long,2024-03-26 20:00:00+00:00,2024-03-27 00:00:00+00:00,2024-03-28 00:00:00+00:00,190.47,186.36,-0.021578201291541865,-0.02275178436747749,0.0011735830759356247,6.000925858297193,6
BNB,long,2024-03-28 00:00:00+00:00,2024-03-28 04:00:00+00:00,2024-03-29 04:00:00+00:00,582.1,589.2,0.012197216973028668,0.010891126925866246,0.0013060900471624226,6.455921962584254,6
ADA,long,2024-03-28 12:00:00+00:00,2024-03-28 16:00:00+00:00,2024-03-29 16:00:00+00:00,0.6553,0.6499,-0.00824050053410641,-0.010219815989950587,0.0019793154558441772,9.988775255673833,6
BTC,long,2024-03-28 12:00:00+00:00,2024-03-28 16:00:00+00:00,2024-03-29 16:00:00+00:00,71310.0,69202.2,-0.02955826672275985,-0.030530736194250063,0.0009724694714902116,5.012959217987713,6
ETH,long,2024-03-28 12:00:00+00:00,2024-03-28 16:00:00+00:00,2024-03-29 16:00:00+00:00,3578.91,3488.29,-0.02532055849406656,-0.026302915143268102,0.0009823566492015434,5.041924062981029,6
LINK,long,2024-03-28 12:00:00+00:00,2024-03-28 16:00:00+00:00,2024-03-29 16:00:00+00:00,19.342,18.981,-0.018664047151276897,-0.0199461466127705,0.001282099461493602,6.536688716426203,6
SOL,long,2024-03-28 12:00:00+00:00,2024-03-28 16:00:00+00:00,2024-03-29 16:00:00+00:00,187.36,184.98,-0.01270281810418461,-0.013887046894999977,0.001184228790815367,6.000925858297193,6
DOT,long,2024-03-28 20:00:00+00:00,2024-03-29 00:00:00+00:00,2024-03-30 00:00:00+00:00,9.525,9.605,0.008398950131233596,0.006576067821467468,0.0018228823097661273,9.046674492363598,6
AVAX,short,2024-03-29 00:00:00+00:00,2024-03-29 04:00:00+00:00,2024-03-30 04:00:00+00:00,54.3,53.331,0.01816954491759004,0.016600588048377274,0.0015689568692127676,7.710732744665526,6
XRP,short,2024-03-29 04:00:00+00:00,2024-03-29 08:00:00+00:00,2024-03-30 08:00:00+00:00,0.6105,0.6224,-0.019119537275064102,-0.020245483419115695,0.0011259461440515928,5.742762706652812,6
SOL,long,2024-03-30 00:00:00+00:00,2024-03-30 04:00:00+00:00,2024-03-31 04:00:00+00:00,192.85,194.43,0.008192896033186514,0.00698360355664418,0.001209292476542334,6.000925858297193,6
LINK,short,2024-03-30 08:00:00+00:00,2024-03-30 12:00:00+00:00,2024-03-31 12:00:00+00:00,19.203,19.034,0.008878848376589366,0.007560764570059053,0.0013180838065303124,6.536688716426203,6
ADA,long,2024-03-30 12:00:00+00:00,2024-03-30 16:00:00+00:00,2024-03-31 16:00:00+00:00,0.6506,0.6466,-0.006148170919151541,-0.00813166216594885,0.0019834912467973087,9.988775255673833,6
BTC,long,2024-03-30 12:00:00+00:00,2024-03-30 16:00:00+00:00,2024-03-31 16:00:00+00:00,70028.0,70407.9,0.005424972867995592,0.004417447059427815,0.0010075258085677774,5.012959217987713,6
ETH,short,2024-03-30 20:00:00+00:00,2024-03-31 00:00:00+00:00,2024-04-01 00:00:00+00:00,3507.14,3646.73,-0.03827812862482283,-0.039247425641663725,0.0009692970168408976,5.041924062981029,6
XRP,short,2024-03-30 20:00:00+00:00,2024-03-31 00:00:00+00:00,2024-04-01 00:00:00+00:00,0.6213,0.6296,-0.01318297331639151,-0.014315734002634972,0.0011327606862434614,5.742762706652812,6
AVAX,short,2024-03-31 00:00:00+00:00,2024-03-31 04:00:00+00:00,2024-04-01 04:00:00+00:00,53.184,53.837,-0.01212920482196267,-0.013651472579553903,0.0015222677575912336,7.710732744665526,6
BNB,long,2024-03-31 04:00:00+00:00,2024-03-31 08:00:00+00:00,2024-04-01 08:00:00+00:00,606.5,586.4,-0.03314097279472383,-0.03438856064743334,0.0012475878527095086,6.455921962584254,6
SOL,long,2024-03-31 16:00:00+00:00,2024-03-31 20:00:00+00:00,2024-04-01 20:00:00+00:00,200.45,193.35,-0.03542030431529053,-0.03657728426784379,0.001156979952553261,6.000925858297193,6
ADA,short,2024-04-01 04:00:00+00:00,2024-04-01 08:00:00+00:00,2024-04-02 08:00:00+00:00,0.6307,0.5961,0.058043952356987116,0.0559323489400394,0.002111603416947716,9.988775255673833,6
LINK,short,2024-04-01 04:00:00+00:00,2024-04-01 08:00:00+00:00,2024-04-02 08:00:00+00:00,18.646,18.298,0.019018471964149297,0.017687140904317333,0.0013313310598319639,6.536688716426203,6
LINK,short,2024-04-02 16:00:00+00:00,2024-04-02 20:00:00+00:00,2024-04-03 20:00:00+00:00,17.934,17.639,0.016724304098871823,0.015395970332042541,0.0013283337668292816,6.536688716426203,6
XRP,short,2024-04-03 16:00:00+00:00,2024-04-03 20:00:00+00:00,2024-04-04 20:00:00+00:00,0.5754,0.5963,-0.035049471742411575,-0.03615713202088622,0.0011076602784746425,5.742762706652812,6
ADA,short,2024-04-04 00:00:00+00:00,2024-04-04 04:00:00+00:00,2024-04-05 04:00:00+00:00,0.5664,0.5773,-0.018880997748137895,-0.020839077308984266,0.001958079560846371,9.988775255673833,6
AVAX,short,2024-04-04 00:00:00+00:00,2024-04-04 04:00:00+00:00,2024-04-05 04:00:00+00:00,46.072,46.023,0.0010646850487798787,-0.0004779139436704716,0.0015425989924503503,7.710732744665526,6
DOT,short,2024-04-04 00:00:00+00:00,2024-04-04 04:00:00+00:00,2024-04-05 04:00:00+00:00,8.344,8.425,-0.009614243323442295,-0.011404563191838801,0.001790319868396506,9.046674492363598,6
SOL,short,2024-04-04 00:00:00+00:00,2024-04-04 04:00:00+00:00,2024-04-05 04:00:00+00:00,181.59,179.52,0.011530748663101553,0.010317452547881523,0.0012132961152200306,6.000925858297193,6
ETH,short,2024-04-05 04:00:00+00:00,2024-04-05 08:00:00+00:00,2024-04-06 08:00:00+00:00,3287.0,3330.85,-0.013164807781797405,-0.014159415928291064,0.0009946081464936585,5.041924062981029,6
LINK,short,2024-04-05 04:00:00+00:00,2024-04-05 08:00:00+00:00,2024-04-06 08:00:00+00:00,17.268,17.47,-0.011562678878076604,-0.012854056161719085,0.0012913772836424808,6.536688716426203,6
ADA,short,2024-04-05 08:00:00+00:00,2024-04-05 12:00:00+00:00,2024-04-06 12:00:00+00:00,0.563,0.5806,-0.03031346882535324,-0.03224873190023325,0.0019352630748800115,9.988775255673833,6
DOT,short,2024-04-05 08:00:00+00:00,2024-04-05 12:00:00+00:00,2024-04-06 12:00:00+00:00,8.127,8.398,-0.03226958799714208,-0.03401895380958486,0.0017493658124427824,9.046674492363598,6
XRP,short,2024-04-05 08:00:00+00:00,2024-04-05 12:00:00+00:00,2024-04-06 12:00:00+00:00,0.5722,0.588,-0.02687074829931957,-0.027987796879910376,0.001117048580590807,5.742762706652812,6
BTC,short,2024-04-05 12:00:00+00:00,2024-04-05 16:00:00+00:00,2024-04-06 16:00:00+00:00,68208.7,68113.6,0.0013961969415798858,0.0003927083270667264,0.0010034886145131594,5.012959217987713,6
BNB,long,2024-04-05 20:00:00+00:00,2024-04-06 00:00:00+00:00,2024-04-07 00:00:00+00:00,577.9,585.4,0.012978023879564038,0.011670926317154162,0.0013070975624098757,6.455921962584254,6
SOL,short,2024-04-07 20:00:00+00:00,2024-04-08 00:00:00+00:00,2024-04-09 00:00:00+00:00,179.61,180.7,-0.0060320973990037885,-0.007224327488373761,0.0011922300893699722,6.000925858297193,6
AVAX,long,2024-04-08 04:00:00+00:00,2024-04-08 08:00:00+00:00,2024-04-09 08:00:00+00:00,49.48,48.465,-0.0205133387227161,-0.02202268687910558,0.0015093481563894784,7.710732744665526,6
BTC,long,2024-04-08 04:00:00+00:00,2024-04-08 08:00:00+00:00,2024-04-09 08:00:00+00:00,70714.3,70394.2,-0.004526665752188852,-0.005524219128185348,0.000997553375996496,5.012959217987713,6
DOT,long,2024-04-08 04:00:00+00:00,2024-04-08 08:00:00+00:00,2024-04-09 08:00:00+00:00,8.779,8.85,0.008087481489919002,0.006265162221869902,0.0018223192680490996,9.046674492363598,6
ADA,long,2024-04-08 08:00:00+00:00,2024-04-08 12:00:00+00:00,2024-04-09 12:00:00+00:00,0.6083,0.612,0.00608252506986684,0.00407462427053229,0.00200790079933455,9.988775255673833,6
BNB,long,2024-04-08 08:00:00+00:00,2024-04-08 12:00:00+00:00,2024-04-09 12:00:00+00:00,596.3,584.2,-0.02029179942981707,-0.02155596723074693,0.0012641678009298607,6.455921962584254,6
XRP,long,2024-04-08 08:00:00+00:00,2024-04-08 12:00:00+00:00,2024-04-09 12:00:00+00:00,0.6077,0.6244,0.027480664801711185,0.02630122659635914,0.0011794382053520458,5.742762706652812,6
SOL,short,2024-04-10 12:00:00+00:00,2024-04-10 16:00:00+00:00,2024-04-11 16:00:00+00:00,167.87,173.45,-0.03217065436725275,-0.03333153216242013,0.001160877795167381,6.000925858297193,6
XRP,long,2024-04-10 20:00:00+00:00,2024-04-11 00:00:00+00:00,2024-04-12 00:00:00+00:00,0.6171,0.6087,-0.01361205639280505,-0.01474432453744523,0.0011322681446401806,5.742762706652812,6
AVAX,short,2024-04-11 00:00:00+00:00,2024-04-11 04:00:00+00:00,2024-04-12 04:00:00+00:00,46.871,46.678,0.004134710141822762,0.002587380368548553,0.0015473297732742086,7.710732744665526,6
LINK,short,2024-04-11 00:00:00+00:00,2024-04-11 04:00:00+00:00,2024-04-12 04:00:00+00:00,17.443,17.767,-0.018236055608712665,-0.0195187142341956,0.0012826586254829353,6.536688716426203,6
ETH,long,2024-04-11 04:00:00+00:00,2024-04-11 08:00:00+00:00,2024-04-12 08:00:00+00:00,3583.75,3517.54,-0.018475061039413987,-0.019464317105649775,0.0009892560662357885,5.041924062981029,6
DOT,short,2024-04-11 12:00:00+00:00,2024-04-11 16:00:00+00:00,2024-04-12 16:00:00+00:00,8.287,8.128,0.01956200787401574,0.01771894610999758,0.0018430617640181612,9.046674492363598,6
ADA,short,2024-04-11 16:00:00+00:00,2024-04-11 20:00:00+00:00,2024-04-12 20:00:00+00:00,0.583,0.4816,0.21054817275747517,0.20813220728432058,0.002415965473154591,9.988775255673833,6
BNB,long,2024-04-12 04:00:00+00:00,2024-04-12 08:00:00+00:00,2024-04-13 08:00:00+00:00,620.8,593.1,-0.04461984536082464,-0.045852621434801955,0.0012327760739773153,6.455921962584254,6
BTC,long,2024-04-12 08:00:00+00:00,2024-04-12 12:00:00+00:00,2024-04-13 12:00:00+00:00,70900.1,67364.0,-0.049874400741324876,-0.05082651162822993,0.0009521108869050554,5.012959217987713,6
AVAX,short,2024-04-12 12:00:00+00:00,2024-04-12 16:00:00+00:00,2024-04-13 16:00:00+00:00,44.19,38.224,0.15607994976977824,0.1542984787096735,0.0017814710601047334,7.710732744665526,6
SOL,short,2024-04-12 12:00:00+00:00,2024-04-12 16:00:00+00:00,2024-04-13 16:00:00+00:00,167.35,149.02,0.12300362367467432,0.12165661970491537,0.001347003969758953,6.000925858297193,6
LINK,short,2024-04-12 16:00:00+00:00,2024-04-12 20:00:00+00:00,2024-04-13 20:00:00+00:00,14.466,13.438,0.07649947908915,0.07509305002840727,0.001406429060742731,6.536688716426203,6
ADA,short,2024-04-13 16:00:00+00:00,2024-04-13 20:00:00+00:00,2024-04-14 20:00:00+00:00,0.4506,0.4507,-0.00022187708009757667,-0.002217195796153093,0.0019953187160555164,9.988775255673833,6
BNB,short,2024-04-13 16:00:00+00:00,2024-04-13 20:00:00+00:00,2024-04-14 20:00:00+00:00,545.2,551.9,-0.012139880413118198,-0.013414567053770754,0.0012746866406525559,6.455921962584254,6
BTC,short,2024-04-13 16:00:00+00:00,2024-04-13 20:00:00+00:00,2024-04-14 20:00:00+00:00,64780.0,64161.8,0.009635016473976687,0.008623271824915957,0.0010117446490607307,5.012959217987713,6
DOT,short,2024-04-13 16:00:00+00:00,2024-04-13 20:00:00+00:00,2024-04-14 20:00:00+00:00,6.408,6.605,-0.0298258894776684,-0.031579672762780175,0.0017537832851117763,9.046674492363598,6
ETH,short,2024-04-13 16:00:00+00:00,2024-04-13 20:00:00+00:00,2024-04-14 20:00:00+00:00,3083.8,3073.25,0.003432847962254959,0.0024215114261114667,0.0010113365361434923,5.041924062981029,6
XRP,short,2024-04-13 16:00:00+00:00,2024-04-13 20:00:00+00:00,2024-04-14 20:00:00+00:00,0.4918,0.4899,0.003878342518881528,0.0027259972619311235,0.0011523452569504045,5.742762706652812,6
BTC,short,2024-04-15 16:00:00+00:00,2024-04-15 20:00:00+00:00,2024-04-16 20:00:00+00:00,63300.5,62722.7,0.009211975887517543,0.008200655162986736,0.0010113207245308065,5.012959217987713,6
SOL,short,2024-04-15 16:00:00+00:00,2024-04-15 20:00:00+00:00,2024-04-16 20:00:00+00:00,137.9,132.15,0.04351116155883461,0.042259506045464024,0.0012516555133705864,6.000925858297193,6
BNB,short,2024-04-15 20:00:00+00:00,2024-04-16 00:00:00+00:00,2024-04-17 00:00:00+00:00,552.3,537.6,0.027343749999999778,0.02601811560347178,0.001325634396527997,6.455921962584254,6
AVAX,short,2024-04-16 00:00:00+00:00,2024-04-16 04:00:00+00:00,2024-04-17 04:00:00+00:00,34.643,34.726,-0.0023901399527730405,-0.003927415203765161,0.0015372752509921206,7.710732744665526,6
ETH,short,2024-04-16 00:00:00+00:00,2024-04-16 04:00:00+00:00,2024-04-17 04:00:00+00:00,3072.8,3094.8,-0.00710869846193618,-0.008109410419596008,0.0010007119576598278,5.041924062981029,6
LINK,short,2024-04-16 00:00:00+00:00,2024-04-16 04:00:00+00:00,2024-04-17 04:00:00+00:00,13.354,13.423,-0.005140430604186896,-0.006440198450744838,0.001299767846557942,6.536688716426203,6
ADA,short,2024-04-16 04:00:00+00:00,2024-04-16 08:00:00+00:00,2024-04-17 08:00:00+00:00,0.4739,0.457,0.036980306345733016,0.034910740943171925,0.002069565402561091,9.988775255673833,6
DOT,short,2024-04-16 04:00:00+00:00,2024-04-16 08:00:00+00:00,2024-04-17 08:00:00+00:00,6.763,6.647,0.017451481871521013,0.015612235304368616,0.0018392465671523972,9.046674492363598,6
XRP,short,2024-04-16 04:00:00+00:00,2024-04-16 08:00:00+00:00,2024-04-17 08:00:00+00:00,0.4987,0.504,-0.01051587301587309,-0.011651695248770966,0.0011358222328978762,5.742762706652812,6
BNB,short,2024-04-17 16:00:00+00:00,2024-04-17 20:00:00+00:00,2024-04-18 20:00:00+00:00,533.9,550.0,-0.02927272727272734,-0.030525306521275275,0.001252579248547936,6.455921962584254,6
BTC,short,2024-04-17 16:00:00+00:00,2024-04-17 20:00:00+00:00,2024-04-18 20:00:00+00:00,61020.9,63480.3,-0.03874272805894119,-0.039705993878161316,0.0009632658192201271,5.012959217987713,6
ETH,short,2024-04-17 16:00:00+00:00,2024-04-17 20:00:00+00:00,2024-04-18 20:00:00+00:00,3001.6,3064.57,-0.02054774405544668,-0.021534911112870092,0.0009871670574234104,5.041924062981029,6
SOL,short,2024-04-18 00:00:00+00:00,2024-04-18 04:00:00+00:00,2024-04-19 04:00:00+00:00,135.56,136.45,-0.0065225357273726026,-0.007714177552946011,0.0011916418255734085,6.000925858297193,6
BNB,short,2024-04-19 00:00:00+00:00,2024-04-19 04:00:00+00:00,2024-04-20 04:00:00+00:00,540.8,556.6,-0.028386633129716232,-0.029640355751039182,0.0012537226213229502,6.455921962584254,6
AVAX,short,2024-04-19 16:00:00+00:00,2024-04-19 20:00:00+00:00,2024-04-20 20:00:00+00:00,35.329,37.518,-0.058345327576096784,-0.059796378213096135,0.0014510506369993514,7.710732744665526,6
ETH,short,2024-04-19 16:00:00+00:00,2024-04-19 20:00:00+00:00,2024-04-20 20:00:00+00:00,3104.27,3148.38,-0.014010379941430284,-0.015004135855489209,0.0009937559140589247,5.041924062981029,6
DOT,long,2024-04-19 20:00:00+00:00,2024-04-20 00:00:00+00:00,2024-04-21 00:00:00+00:00,6.681,7.242,0.08396946564885499,0.08200997455358872,0.0019594910952662747,9.046674492363598,6
LINK,long,2024-04-19 20:00:00+00:00,2024-04-20 00:00:00+00:00,2024-04-21 00:00:00+00:00,13.946,14.957,0.07249390506238362,0.07109270921895816,0.0014011958434254623,6.536688716426203,6
XRP,long,2024-04-19 20:00:00+00:00,2024-04-20 00:00:00+00:00,2024-04-21 00:00:00+00:00,0.5029,0.5288,0.0515012925034799,0.05029428117972423,0.001207011323755669,5.742762706652812,6
BNB,long,2024-04-20 12:00:00+00:00,2024-04-20 16:00:00+00:00,2024-04-21 16:00:00+00:00,568.0,573.7,0.010035211267605648,0.008731910967427758,0.0013033003001778898,6.455921962584254,6
BTC,long,2024-04-20 12:00:00+00:00,2024-04-20 16:00:00+00:00,2024-04-21 16:00:00+00:00,64800.1,65041.4,0.0037237596855561605,0.0027179386448561438,0.0010058210407000168,5.012959217987713,6
SOL,long,2024-04-20 16:00:00+00:00,2024-04-20 20:00:00+00:00,2024-04-21 20:00:00+00:00,151.23,148.02,-0.021225947232691778,-0.022399952825176594,0.001174005592484817,6.000925858297193,6
BNB,long,2024-04-21 20:00:00+00:00,2024-04-22 00:00:00+00:00,2024-04-23 00:00:00+00:00,579.4,604.7,0.043665861235761216,0.04231916558093651,0.0013466956548247033,6.455921962584254,6
LINK,long,2024-04-22 00:00:00+00:00,2024-04-22 04:00:00+00:00,2024-04-23 04:00:00+00:00,15.831,15.401,-0.027161897542795743,-0.02843289470096566,0.0012709971581699175,6.536688716426203,6
AVAX,long,2024-04-22 04:00:00+00:00,2024-04-22 08:00:00+00:00,2024-04-23 08:00:00+00:00,38.48,38.264,-0.005613305613305419,-0.007145614100236397,0.0015323084869309778,7.710732744665526,6
BTC,long,2024-04-22 04:00:00+00:00,2024-04-22 08:00:00+00:00,2024-04-23 08:00:00+00:00,65980.0,66109.7,0.0019657471961200823,0.0009616878412768148,0.0010040593548432675,5.012959217987713,6
DOT,long,2024-04-22 04:00:00+00:00,2024-04-22 08:00:00+00:00,2024-04-23 08:00:00+00:00,7.436,7.364,-0.009682625067240491,-0.011472821321990678,0.001790196254750187,9.046674492363598,6
ETH,long,2024-04-22 04:00:00+00:00,2024-04-22 08:00:00+00:00,2024-04-23 08:00:00+00:00,3204.22,3160.68,-0.013588330389299075,-0.014582511677246224,0.000994181287947149,5.041924062981029,6
ADA,long,2024-04-22 08:00:00+00:00,2024-04-22 12:00:00+00:00,2024-04-23 12:00:00+00:00,0.5101,0.5147,0.009017839639286596,0.007004080652056377,0.0020137589872302186,9.988775255673833,6
XRP,long,2024-04-22 08:00:00+00:00,2024-04-22 12:00:00+00:00,2024-04-23 12:00:00+00:00,0.5329,0.5438,0.02045411897166427,0.019282746491427805,0.0011713724802364656,5.742762706652812,6
SOL,long,2024-04-22 12:00:00+00:00,2024-04-22 16:00:00+00:00,2024-04-23 16:00:00+00:00,153.43,157.9,0.029133806947793772,0.027899396573555002,0.0012344103742387702,6.000925858297193,6
BNB,long,2024-04-23 08:00:00+00:00,2024-04-23 12:00:00+00:00,2024-04-24 12:00:00+00:00,604.2,613.8,0.015888778550148697,0.014577925091515231,0.0013108534586334653,6.455921962584254,6
ETH,long,2024-04-24 00:00:00+00:00,2024-04-24 04:00:00+00:00,2024-04-25 04:00:00+00:00,3238.32,3148.1,-0.0278601250030881,-0.028839922082506964,0.0009797970794188648,5.041924062981029,6
AVAX,long,2024-04-24 04:00:00+00:00,2024-04-24 08:00:00+00:00,2024-04-25 08:00:00+00:00,39.113,35.439,-0.0939329634648326,-0.09532917503689875,0.0013962115720661528,7.710732744665526,6
BTC,long,2024-04-24 04:00:00+00:00,2024-04-24 08:00:00+00:00,2024-04-25 08:00:00+00:00,66621.5,64033.1,-0.03885232244845882,-0.03981547844429201,0.000963155995833187,5.012959217987713,6
SOL,long,2024-04-24 04:00:00+00:00,2024-04-24 08:00:00+00:00,2024-04-25 08:00:00+00:00,157.84,146.3,-0.07311201216421692,-0.07422378221804016,0.0011117700538232356,6.000925858297193,6
BNB,long,2024-04-25 12:00:00+00:00,2024-04-25 16:00:00+00:00,2024-04-26 16:00:00+00:00,610.9,599.1,-0.019315763627434812,-0.02058119085748178,0.0012654272300469671,6.455921962584254,6
ADA,short,2024-04-26 00:00:00+00:00,2024-04-26 04:00:00+00:00,2024-04-27 04:00:00+00:00,0.4728,0.4587,0.030739045127534448,0.028681935794009794,0.0020571093335246537,9.988775255673833,6
ETH,short,2024-04-26 00:00:00+00:00,2024-04-26 04:00:00+00:00,2024-04-27 04:00:00+00:00,3142.21,3121.93,0.0064959816523753044,0.005481557855313124,0.0010144237970621806,5.041924062981029,6
LINK,short,2024-04-26 00:00:00+00:00,2024-04-26 04:00:00+00:00,2024-04-27 04:00:00+00:00,14.623,14.175,0.03160493827160482,0.030257163198254444,0.0013477750733503768,6.536688716426203,6
XRP,short,2024-04-26 00:00:00+00:00,2024-04-26 04:00:00+00:00,2024-04-27 04:00:00+00:00,0.5278,0.5186,0.01774006941766304,0.01657181237681593,0.0011682570408471094,5.742762706652812,6
AVAX,short,2024-04-26 12:00:00+00:00,2024-04-26 16:00:00+00:00,2024-04-27 16:00:00+00:00,35.154,34.083,0.03142329020332735,0.029833909864553032,0.0015893803387743155,7.710732744665526,6
BTC,short,2024-04-26 12:00:00+00:00,2024-04-26 16:00:00+00:00,2024-04-27 16:00:00+00:00,63497.7,62955.9,0.00860602421695189,0.007595310710227565,0.0010107135067243256,5.012959217987713,6
DOT,short,2024-04-26 12:00:00+00:00,2024-04-26 16:00:00+00:00,2024-04-27 16:00:00+00:00,6.809,6.644,0.024834437086092676,0.02298184435425732,0.0018525927318353563,9.046674492363598,6
ADA,short,2024-04-28 20:00:00+00:00,2024-04-29 00:00:00+00:00,2024-04-30 00:00:00+00:00,0.4602,0.4571,0.006781885801793841,0.004772589245215064,0.002009296556578777,9.988775255673833,6
BTC,short,2024-04-28 20:00:00+00:00,2024-04-29 00:00:00+00:00,2024-04-30 00:00:00+00:00,63125.0,63881.1,-0.011836051664733338,-0.01282628038185385,0.0009902287171205115,5.012959217987713,6
LINK,short,2024-04-28 20:00:00+00:00,2024-04-29 00:00:00+00:00,2024-04-30 00:00:00+00:00,13.809,14.078,-0.01910782781645126,-0.02038934748572352,0.0012815196692722575,6.536688716426203,6
SOL,short,2024-04-28 20:00:00+00:00,2024-04-29 00:00:00+00:00,2024-04-30 00:00:00+00:00,138.0,137.82,0.0013060513713540889,0.00010501942657059615,0.0012010319447834927,6.000925858297193,6
XRP,short,2024-04-28 20:00:00+00:00,2024-04-29 00:00:00+00:00,2024-04-30 00:00:00+00:00,0.5103,0.5151,-0.009318578916715281,-0.010455775515527788,0.0011371965988125066,5.742762706652812,6
AVAX,short,2024-04-29 00:00:00+00:00,2024-04-29 04:00:00+00:00,2024-04-30 04:00:00+00:00,33.333,34.867,-0.043995755298706474,-0.04546891802902775,0.0014731627303212758,7.710732744665526,6
BNB,short,2024-04-29 00:00:00+00:00,2024-04-29 04:00:00+00:00,2024-04-30 04:00:00+00:00,589.9,591.6,-0.002873563218390829,-0.004160206663961441,0.0012866434455706122,6.455921962584254,6
DOT,short,2024-04-29 00:00:00+00:00,2024-04-29 04:00:00+00:00,2024-04-30 04:00:00+00:00,6.659,6.571,0.013392177750722878,0.011560269185727945,0.001831908564994933,9.046674492363598,6
ADA,short,2024-04-30 08:00:00+00:00,2024-04-30 12:00:00+00:00,2024-05-01 12:00:00+00:00,0.4317,0.4349,-0.007358013336399294,-0.009339090026243002,0.001981076689843708,9.988775255673833,6
BNB,short,2024-04-30 08:00:00+00:00,2024-04-30 12:00:00+00:00,2024-05-01 12:00:00+00:00,568.1,551.4,0.030286543344214767,0.02895711171031712,0.0013294316338976486,6.455921962584254,6
DOT,short,2024-04-30 08:00:00+00:00,2024-04-30 12:00:00+00:00,2024-05-01 12:00:00+00:00,6.271,6.496,-0.034636699507389235,-0.03638178629346389,0.0017450867860746566,9.046674492363598,6
ETH,short,2024-04-30 08:00:00+00:00,2024-04-30 12:00:00+00:00,2024-05-01 12:00:00+00:00,3007.41,2905.74,0.034989365875818246,0.03394622426215066,0.0010431416136675864,5.041924062981029,6
LINK,short,2024-04-30 08:00:00+00:00,2024-04-30 12:00:00+00:00,2024-05-01 12:00:00+00:00,13.198,12.944,0.019622991347342467,0.018290870492768452,0.0013321208545740149,6.536688716426203,6
SOL,short,2024-04-30 08:00:00+00:00,2024-04-30 12:00:00+00:00,2024-05-01 12:00:00+00:00,128.8,123.01,0.04706934395577611,0.04581342052579962,0.001255923429976491,6.000925858297193,6
XRP,short,2024-04-30 08:00:00+00:00,2024-04-30 12:00:00+00:00,2024-05-01 12:00:00+00:00,0.4969,0.4942,0.005463375151760541,0.004309210446417744,0.0011541647053427972,5.742762706652812,6
AVAX,short,2024-04-30 12:00:00+00:00,2024-04-30 16:00:00+00:00,2024-05-01 16:00:00+00:00,32.806,32.481,0.010005849573596848,0.008449472618949239,0.0015563769546476092,7.710732744665526,6
BTC,short,2024-04-30 12:00:00+00:00,2024-04-30 16:00:00+00:00,2024-05-01 16:00:00+00:00,60786.0,56885.1,0.068575075019645,0.06750426715677316,0.0010708078628718365,5.012959217987713,6
ADA,long,2024-05-03 12:00:00+00:00,2024-05-03 16:00:00+00:00,2024-05-04 16:00:00+00:00,0.4669,0.4678,0.0019276076247589646,-7.200095017922958e-05,0.001999608574938194,9.988775255673833,6
DOT,long,2024-05-04 04:00:00+00:00,2024-05-04 08:00:00+00:00,2024-05-05 08:00:00+00:00,7.139,7.078,-0.008544614091609448,-0.010336867528267235,0.001792253436657787,9.046674492363598,6
ETH,long,2024-05-05 08:00:00+00:00,2024-05-05 12:00:00+00:00,2024-05-06 12:00:00+00:00,3138.61,3149.96,0.0036162505057970584,0.002604729122512639,0.0010115213832844194,5.041924062981029,6
LINK,long,2024-05-05 08:00:00+00:00,2024-05-05 12:00:00+00:00,2024-05-06 12:00:00+00:00,14.302,15.034,0.05118165291567611,0.04980830118304791,0.001373351732628203,6.536688716426203,6
BNB,long,2024-05-05 12:00:00+00:00,2024-05-05 16:00:00+00:00,2024-05-06 16:00:00+00:00,593.2,589.0,-0.0070802427511801325,-0.00836145810212896,0.0012812153509488278,6.455921962584254,6
BTC,long,2024-05-05 12:00:00+00:00,2024-05-05 16:00:00+00:00,2024-05-06 16:00:00+00:00,64421.8,63641.3,-0.012115464019943567,-0.01310541274087662,0.0009899487209330537,5.012959217987713,6
ADA,long,2024-05-05 20:00:00+00:00,2024-05-06 00:00:00+00:00,2024-05-07 00:00:00+00:00,0.4579,0.4541,-0.008298755186721962,-0.010277954380171317,0.0019791991934493547,9.988775255673833,6
DOT,long,2024-05-05 20:00:00+00:00,2024-05-06 00:00:00+00:00,2024-05-07 00:00:00+00:00,7.305,7.117,-0.02573579739904175,-0.027496974341687963,0.0017611769426462143,9.046674492363598,6
AVAX,long,2024-05-06 04:00:00+00:00,2024-05-06 08:00:00+00:00,2024-05-07 08:00:00+00:00,38.261,36.608,-0.04320326180706213,-0.04467764573685218,0.0014743839297900463,7.710732744665526,6
SOL,long,2024-05-06 08:00:00+00:00,2024-05-06 12:00:00+00:00,2024-05-07 12:00:00+00:00,153.94,154.98,0.006755878913862423,0.005548310089607211,0.0012075688242552118,6.000925858297193,6
XRP,long,2024-05-06 08:00:00+00:00,2024-05-06 12:00:00+00:00,2024-05-07 12:00:00+00:00,0.535,0.5345,-0.0009345794392524587,-0.0020813999751725376,0.001146820535920079,5.742762706652812,6
BNB,long,2024-05-07 08:00:00+00:00,2024-05-07 12:00:00+00:00,2024-05-08 12:00:00+00:00,592.7,585.2,-0.012653956470389693,-0.013927979772306864,0.001274023301917171,6.455921962584254,6
DOT,short,2024-05-09 00:00:00+00:00,2024-05-09 04:00:00+00:00,2024-05-10 04:00:00+00:00,7.045,7.108,-0.008863252673044442,-0.010654930106887894,0.0017916774338434527,9.046674492363598,6
ETH,short,2024-05-09 08:00:00+00:00,2024-05-09 12:00:00+00:00,2024-05-10 12:00:00+00:00,2977.88,3038.2,-0.01985386083865437,-0.02084172724476885,0.0009878664061144793,5.041924062981029,6
LINK,short,2024-05-10 12:00:00+00:00,2024-05-10 16:00:00+00:00,2024-05-11 16:00:00+00:00,13.828,13.49,0.02505559673832458,0.023716378273165972,0.0013392184651586092,6.536688716426203,6
XRP,short,2024-05-10 12:00:00+00:00,2024-05-10 16:00:00+00:00,2024-05-11 16:00:00+00:00,0.5013,0.5066,-0.010461902881958363,-0.011597787066813026,0.001135884184854663,5.742762706652812,6
AVAX,short,2024-05-10 16:00:00+00:00,2024-05-10 20:00:00+00:00,2024-05-11 20:00:00+00:00,33.934,33.797,0.004053614226114721,0.0025064094182696284,0.0015472048078450928,7.710732744665526,6
BTC,short,2024-05-10 16:00:00+00:00,2024-05-10 20:00:00+00:00,2024-05-11 20:00:00+00:00,60712.6,61140.2,-0.0069937618784366995,-0.007988843003309154,0.0009950811248724545,5.012959217987713,6
DOT,short,2024-05-10 16:00:00+00:00,2024-05-10 20:00:00+00:00,2024-05-11 20:00:00+00:00,6.81,6.725,0.01263940520446094,0.010808857426045204,0.0018305477784157365,9.046674492363598,6
LINK,short,2024-05-11 20:00:00+00:00,2024-05-12 00:00:00+00:00,2024-05-13 00:00:00+00:00,13.306,13.561,-0.018803923014527046,-0.02008583973048017,0.0012819167159531242,6.536688716426203,6
BNB,long,2024-05-12 12:00:00+00:00,2024-05-12 16:00:00+00:00,2024-05-13 16:00:00+00:00,595.3,594.8,-0.0008399126490844511,-0.002129180218416127,0.0012892675693316757,6.455921962584254,6
ADA,short,2024-05-12 20:00:00+00:00,2024-05-13 00:00:00+00:00,2024-05-14 00:00:00+00:00,0.4377,0.4367,0.00228990153423414,0.00028956990704887,0.00200033162718527,9.988775255673833,6
SOL,short,2024-05-12 20:00:00+00:00,2024-05-13 00:00:00+00:00,2024-05-14 00:00:00+00:00,143.43,147.55,-0.027922738054896645,-0.029088711078623652,0.0011659730237270072,6.000925858297193,6
XRP,short,2024-05-12 20:00:00+00:00,2024-05-13 00:00:00+00:00,2024-05-14 00:00:00+00:00,0.4994,0.5052,-0.011480601741884366,-0.01261531656910897,0.0011347148272246033,5.742762706652812,6
AVAX,short,2024-05-13 00:00:00+00:00,2024-05-13 04:00:00+00:00,2024-05-14 04:00:00+00:00,32.322,32.182,0.004350257908147359,0.0028025959847410853,0.0015476619234062738,7.710732744665526,6
DOT,short,2024-05-13 00:00:00+00:00,2024-05-13 04:00:00+00:00,2024-05-14 04:00:00+00:00,6.512,6.644,-0.019867549668874274,-0.02163933464019341,0.0017717849713191347,9.046674492363598,6
BNB,long,2024-05-13 20:00:00+00:00,2024-05-14 00:00:00+00:00,2024-05-15 00:00:00+00:00,591.5,566.9,-0.041589180050718544,-0.042825866747775554,0.00123668669705701,6.455921962584254,6
ADA,short,2024-05-14 04:00:00+00:00,2024-05-14 08:00:00+00:00,2024-05-15 08:00:00+00:00,0.4373,0.4309,0.014852634021814914,0.012827230176421844,0.00202540384539307,9.988775255673833,6
LINK,short,2024-05-14 04:00:00+00:00,2024-05-14 08:00:00+00:00,2024-05-15 08:00:00+00:00,13.531,13.096,0.03321624923640809,0.03186636901148909,0.0013498802249189978,6.536688716426203,6
XRP,short,2024-05-14 12:00:00+00:00,2024-05-14 16:00:00+00:00,2024-05-15 16:00:00+00:00,0.5082,0.5107,-0.004895241824946273,-0.006037515942918015,0.0011422741179717422,5.742762706652812,6
AVAX,short,2024-05-15 04:00:00+00:00,2024-05-15 08:00:00+00:00,2024-05-16 08:00:00+00:00,32.672,34.767,-0.06025829090804513,-0.061706393748211075,0.0014481028401659435,7.710732744665526,6
BNB,short,2024-05-16 12:00:00+00:00,2024-05-16 16:00:00+00:00,2024-05-17 16:00:00+00:00,568.1,582.4,-0.024553571428571397,-0.02581224004624183,0.0012586686176704331,6.455921962584254,6
LINK,long,2024-05-16 16:00:00+00:00,2024-05-16 20:00:00+00:00,2024-05-17 20:00:00+00:00,14.991,16.193,0.08018144219865264,0.0787702027129924,0.0014112394856602428,6.536688716426203,6
DOT,long,2024-05-17 00:00:00+00:00,2024-05-17 04:00:00+00:00,2024-05-18 04:00:00+00:00,7.005,7.207,0.028836545324768093,0.02697671798374457,0.0018598273410235233,9.046674492363598,6
ADA,long,2024-05-17 04:00:00+00:00,2024-05-17 08:00:00+00:00,2024-05-18 08:00:00+00:00,0.4806,0.4805,-0.00020807324178118147,-0.002203419507006088,0.0019953462652249065,9.988775255673833,6
AVAX,long,2024-05-17 04:00:00+00:00,2024-05-17 08:00:00+00:00,2024-05-18 08:00:00+00:00,37.28,37.202,-0.002092274678111683,-0.00363000892708798,0.0015377342489762968,7.710732744665526,6
ETH,long,2024-05-17 08:00:00+00:00,2024-05-17 12:00:00+00:00,2024-05-18 12:00:00+00:00,3031.09,3134.24,0.034030662237017006,0.03298848687836031,0.001042175358656694,5.041924062981029,6
SOL,long,2024-05-17 08:00:00+00:00,2024-05-17 12:00:00+00:00,2024-05-18 12:00:00+00:00,167.52,174.38,0.04095033428844319,0.03970175039873114,0.0012485838897120516,6.000925858297193,6
XRP,long,2024-05-17 08:00:00+00:00,2024-05-17 12:00:00+00:00,2024-05-18 12:00:00+00:00,0.5203,0.5238,0.006726888333653758,0.005571273249952879,0.0011556150837008783,5.742762706652812,6
BTC,long,2024-05-17 12:00:00+00:00,2024-05-17 16:00:00+00:00,2024-05-18 16:00:00+00:00,67200.0,66803.5,-0.005900297619047645,-0.006896474492973259,0.0009961768739256138,5.012959217987713,6
BNB,short,2024-05-18 12:00:00+00:00,2024-05-18 16:00:00+00:00,2024-05-19 16:00:00+00:00,577.7,577.9,-0.0003460806367882041,-0.0016359854229245352,0.001289904786136331,6.455921962584254,6
AVAX,long,2024-05-18 16:00:00+00:00,2024-05-18 20:00:00+00:00,2024-05-19 20:00:00+00:00,37.055,35.562,-0.04029145864255845,-0.04177032953976911,0.0014788708972106601,7.710732744665526,6
LINK,long,2024-05-19 16:00:00+00:00,2024-05-19 20:00:00+00:00,2024-05-20 20:00:00+00:00,16.697,17.066,0.022099778403305903,0.020764421666727317,0.0013353567365785857,6.536688716426203,6
SOL,long,2024-05-20 08:00:00+00:00,2024-05-20 12:00:00+00:00,2024-05-21 12:00:00+00:00,177.74,180.5,0.015528299763699627,0.014310208724324314,0.001218091039375313,6.000925858297193,6
ADA,long,2024-05-20 16:00:00+00:00,2024-05-20 20:00:00+00:00,2024-05-21 20:00:00+00:00,0.4897,0.4955,0.011843986113947214,0.00982458681230547,0.0020193993016417444,9.988775255673833,6
AVAX,long,2024-05-20 16:00:00+00:00,2024-05-20 20:00:00+00:00,2024-05-21 20:00:00+00:00,38.689,40.436,0.045154953604383596,0.04354441334413428,0.0016105402602493157,7.710732744665526,6
BTC,long,2024-05-20 16:00:00+00:00,2024-05-20 20:00:00+00:00,2024-05-21 20:00:00+00:00,70047.3,69293.7,-0.010758444650971644,-0.011749753226765969,0.0009913085757943252,5.012959217987713,6
ETH,long,2024-05-20 16:00:00+00:00,2024-05-20 20:00:00+00:00,2024-05-21 20:00:00+00:00,3439.08,3713.92,0.07991672191400023,0.07882829906728772,0.0010884228467125112,5.041924062981029,6
DOT,long,2024-05-22 00:00:00+00:00,2024-05-22 04:00:00+00:00,2024-05-23 04:00:00+00:00,7.61,7.589,-0.0027595269382391097,-0.00456223807423406,0.00180271113599495,9.046674492363598,6
ETH,long,2024-05-22 00:00:00+00:00,2024-05-22 04:00:00+00:00,2024-05-23 04:00:00+00:00,3794.18,3782.43,-0.0030968483308646544,-0.004101603738590365,0.0010047554077257104,5.041924062981029,6
BNB,long,2024-05-22 08:00:00+00:00,2024-05-22 12:00:00+00:00,2024-05-23 12:00:00+00:00,617.8,613.2,-0.007445775331822446,-0.008726519017312029,0.0012807436854895826,6.455921962584254,6
SOL,long,2024-05-22 16:00:00+00:00,2024-05-22 20:00:00+00:00,2024-05-23 20:00:00+00:00,178.35,171.0,-0.04121110176619003,-0.04236113585767043,0.0011500340914804008,6.000925858297193,6
ETH,long,2024-05-23 08:00:00+00:00,2024-05-23 12:00:00+00:00,2024-05-24 12:00:00+00:00,3918.18,3712.78,-0.05242229810779486,-0.053377339546496594,0.0009550414387017314,5.041924062981029,6
ADA,short,2024-05-23 12:00:00+00:00,2024-05-23 16:00:00+00:00,2024-05-24 16:00:00+00:00,0.4679,0.459,0.01938997821350763,0.017355518911129186,0.002034459302378444,9.988775255673833,6
LINK,short,2024-05-23 12:00:00+00:00,2024-05-23 16:00:00+00:00,2024-05-24 16:00:00+00:00,16.125,17.212,-0.06315361375784334,-0.0643775883241644,0.0012239745663210622,6.536688716426203,6
XRP,short,2024-05-24 04:00:00+00:00,2024-05-24 08:00:00+00:00,2024-05-25 08:00:00+00:00,0.5231,0.535,-0.022242990654205652,-0.023365351406946067,0.0011223607527404145,5.742762706652812,6
ADA,short,2024-05-24 20:00:00+00:00,2024-05-25 00:00:00+00:00,2024-05-26 00:00:00+00:00,0.4601,0.4622,-0.004543487667676316,-0.006530181479574293,0.001986693811897977,9.988775255673833,6
AVAX,short,2024-05-24 20:00:00+00:00,2024-05-25 00:00:00+00:00,2024-05-26 00:00:00+00:00,38.018,38.291,-0.007129612702723831,-0.008659584623573302,0.001529971920849471,7.710732744665526,6
BNB,short,2024-05-24 20:00:00+00:00,2024-05-25 00:00:00+00:00,2024-05-26 00:00:00+00:00,600.3,602.2,-0.003155097974095189,-0.004441378140913166,0.0012862801668179769,6.455921962584254,6
DOT,short,2024-05-24 20:00:00+00:00,2024-05-25 00:00:00+00:00,2024-05-26 00:00:00+00:00,7.247,7.423,-0.023710090260002703,-0.025474929072495267,0.001764838812492564,9.046674492363598,6
BTC,short,2024-05-25 16:00:00+00:00,2024-05-25 20:00:00+00:00,2024-05-26 20:00:00+00:00,69159.7,68908.0,0.003652696348754869,0.0026469465198784015,0.0010057498288764677,5.012959217987713,6
LINK,long,2024-05-25 20:00:00+00:00,2024-05-26 00:00:00+00:00,2024-05-27 00:00:00+00:00,17.444,17.044,-0.022930520522815745,-0.02420704590624123,0.0012765253834254864,6.536688716426203,6
SOL,short,2024-05-26 00:00:00+00:00,2024-05-26 04:00:00+00:00,2024-05-27 04:00:00+00:00,166.29,165.38,0.005502479138952632,0.004296413724336423,0.0012060654146162086,6.000925858297193,6
ETH,long,2024-05-26 12:00:00+00:00,2024-05-26 16:00:00+00:00,2024-05-27 16:00:00+00:00,3832.69,3964.71,0.03444578090062067,0.0334031871535565,0.0010425937470641689,5.041924062981029,6
BNB,short,2024-05-26 20:00:00+00:00,2024-05-27 00:00:00+00:00,2024-05-28 00:00:00+00:00,600.2,603.7,-0.005797581580255118,-0.007080452014779914,0.0012828704345247965,6.455921962584254,6
BTC,short,2024-05-27 04:00:00+00:00,2024-05-27 08:00:00+00:00,2024-05-28 08:00:00+00:00,68655.0,67692.0,0.014226201028186392,0.013209855601290288,0.0010163454268961036,5.012959217987713,6
DOT,long,2024-05-27 12:00:00+00:00,2024-05-27 16:00:00+00:00,2024-05-28 16:00:00+00:00,7.73,7.389,-0.04411384217335057,-0.045841797133067574,0.001727954959717004,9.046674492363598,6
LINK,long,2024-05-27 12:00:00+00:00,2024-05-27 16:00:00+00:00,2024-05-28 16:00:00+00:00,18.029,18.177,0.008208996616562159,0.006891787960461748,0.0013172086561004104,6.536688716426203,6
ADA,short,2024-05-28 08:00:00+00:00,2024-05-28 12:00:00+00:00,2024-05-29 12:00:00+00:00,0.46,0.4601,-0.0002173440556400008,-0.002212671818531353,0.0019953277628913524,9.988775255673833,6
AVAX,short,2024-05-28 08:00:00+00:00,2024-05-28 12:00:00+00:00,2024-05-29 12:00:00+00:00,37.274,36.952,0.008714007360900666,0.007159621081306966,0.0015543862795937002,7.710732744665526,6
SOL,long,2024-05-28 20:00:00+00:00,2024-05-29 00:00:00+00:00,2024-05-30 00:00:00+00:00,168.69,168.36,-0.001956251111506213,-0.0031533700373979068,0.0011971189258916937,6.000925858297193,6
ETH,long,2024-05-29 00:00:00+00:00,2024-05-29 04:00:00+00:00,2024-05-30 04:00:00+00:00,3852.13,3791.96,-0.01561992975314952,-0.016612063439538027,0.0009921336863885077,5.041924062981029,6
LINK,long,2024-05-29 00:00:00+00:00,2024-05-29 04:00:00+00:00,2024-05-30 04:00:00+00:00,18.317,18.728,0.022438172189769068,0.02110237334721199,0.0013357988425570788,6.536688716426203,6
DOT,long,2024-05-29 04:00:00+00:00,2024-05-29 08:00:00+00:00,2024-05-30 08:00:00+00:00,7.408,6.973,-0.05872030237581005,-0.0604218532442613,0.0017015508684512515,9.046674492363598,6
XRP,short,2024-05-29 04:00:00+00:00,2024-05-29 08:00:00+00:00,2024-05-30 08:00:00+00:00,0.5261,0.5159,0.01977127350261676,0.018600684856141525,0.0011705886464752346,5.742762706652812,6
BTC,short,2024-05-29 08:00:00+00:00,2024-05-29 12:00:00+00:00,2024-05-30 12:00:00+00:00,67782.6,67822.0,-0.0005809324408008187,-0.0015824397947193924,0.0010015073539185737,5.012959217987713,6
ADA,short,2024-05-29 16:00:00+00:00,2024-05-29 20:00:00+00:00,2024-05-30 20:00:00+00:00,0.4524,0.4513,0.002437403057833132,0.00043677705278133416,0.0020006260050517977,9.988775255673833,6
AVAX,short,2024-05-29 16:00:00+00:00,2024-05-29 20:00:00+00:00,2024-05-30 20:00:00+00:00,36.396,36.598,-0.005519427291108769,-0.00705188044062488,0.0015324531495161109,7.710732744665526,6
SOL,long,2024-05-30 16:00:00+00:00,2024-05-30 20:00:00+00:00,2024-05-31 20:00:00+00:00,168.37,166.38,-0.011819207697333356,-0.0130044963482423,0.0011852886509089444,6.000925858297193,6
BNB,short,2024-05-30 20:00:00+00:00,2024-05-31 00:00:00+00:00,2024-06-01 00:00:00+00:00,594.9,593.7,0.002021222839817982,0.0007282634004406319,0.0012929594393773503,6.455921962584254,6
ETH,short,2024-05-30 20:00:00+00:00,2024-05-31 00:00:00+00:00,2024-06-01 00:00:00+00:00,3748.41,3762.67,-0.0037898619863023786,-0.004793918921747409,0.0010040569354450302,5.041924062981029,6
XRP,short,2024-05-30 20:00:00+00:00,2024-05-31 00:00:00+00:00,2024-06-01 00:00:00+00:00,0.5187,0.5176,0.0021251931993819806,0.0009748603708481518,0.0011503328285338288,5.742762706652812,6
AVAX,short,2024-05-31 08:00:00+00:00,2024-05-31 12:00:00+00:00,2024-06-01 12:00:00+00:00,36.323,36.046,0.007684625201132,0.00613182515657984,0.0015528000445521606,7.710732744665526,6
DOT,short,2024-05-31 08:00:00+00:00,2024-05-31 12:00:00+00:00,2024-06-01 12:00:00+00:00,6.994,7.065,-0.01004953998584579,-0.011839072968669484,0.0017895329828236939,9.046674492363598,6
BTC,short,2024-05-31 12:00:00+00:00,2024-05-31 16:00:00+00:00,2024-06-01 16:00:00+00:00,67219.6,67688.5,-0.0069273214800149585,-0.00792246918411299,0.0009951477040980317,5.012959217987713,6
ADA,short,2024-06-01 08:00:00+00:00,2024-06-01 12:00:00+00:00,2024-06-02 12:00:00+00:00,0.4486,0.4527,-0.009056770488181987,-0.011034456863853737,0.00197768637567175,9.988775255673833,6
AVAX,short,2024-06-01 16:00:00+00:00,2024-06-01 20:00:00+00:00,2024-06-02 20:00:00+00:00,35.986,35.086,0.025651256911588538,0.024070771035752836,0.001580485875835702,7.710732744665526,6
SOL,short,2024-06-01 20:00:00+00:00,2024-06-02 00:00:00+00:00,2024-06-03 00:00:00+00:00,166.14,163.2,0.018014705882352988,0.016793632484914278,0.00122107339743871,6.000925858297193,6
XRP,short,2024-06-02 08:00:00+00:00,2024-06-02 12:00:00+00:00,2024-06-03 12:00:00+00:00,0.5173,0.5189,-0.003083445750626468,-0.0042277996172332966,0.0011443538666068287,5.742762706652812,6
ADA,short,2024-06-02 16:00:00+00:00,2024-06-02 20:00:00+00:00,2024-06-03 20:00:00+00:00,0.4451,0.4627,-0.03803760535984435,-0.039957452900177826,0.0019198475403334747,9.988775255673833,6
DOT,short,2024-06-02 20:00:00+00:00,2024-06-03 00:00:00+00:00,2024-06-04 00:00:00+00:00,6.991,7.009,-0.002568126694250328,-0.004371183824376734,0.0018030571301264064,9.046674492363598,6
BNB,long,2024-06-03 00:00:00+00:00,2024-06-03 04:00:00+00:00,2024-06-04 04:00:00+00:00,608.5,634.6,0.04289235825801163,0.04154666069379953,0.0013456975642121005,6.455921962584254,6
AVAX,short,2024-06-04 00:00:00+00:00,2024-06-04 04:00:00+00:00,2024-06-05 04:00:00+00:00,34.956,36.32,-0.03755506607929504,-0.03903815364349472,0.001483087564199681,7.710732744665526,6
BNB,long,2024-06-04 08:00:00+00:00,2024-06-04 12:00:00+00:00,2024-06-05 12:00:00+00:00,646.0,700.2,0.08390092879256983,0.08250231576393507,0.0013986130286347542,6.455921962584254,6
BTC,long,2024-06-04 12:00:00+00:00,2024-06-04 16:00:00+00:00,2024-06-05 16:00:00+00:00,70448.7,71574.6,0.01598184210638398,0.014963737369996899,0.001018104736387082,5.012959217987713,6
DOT,long,2024-06-05 16:00:00+00:00,2024-06-05 20:00:00+00:00,2024-06-06 20:00:00+00:00,7.271,7.125,-0.02007976894512442,-0.021851170287757293,0.0017714013426328723,9.046674492363598,6
ETH,long,2024-06-05 16:00:00+00:00,2024-06-05 20:00:00+00:00,2024-06-06 20:00:00+00:00,3876.72,3790.88,-0.022142429682824538,-0.023127989493841872,0.0009855598110173336,5.041924062981029,6
XRP,long,2024-06-05 16:00:00+00:00,2024-06-05 20:00:00+00:00,2024-06-06 20:00:00+00:00,0.5274,0.52,-0.014031095942358629,-0.015162883074293698,0.0011317871319350692,5.742762706652812,6
LINK,short,2024-06-05 20:00:00+00:00,2024-06-06 00:00:00+00:00,2024-06-07 00:00:00+00:00,17.749,17.257,0.0285101697861736,0.0271664379775145,0.0013437318086590988,6.536688716426203,6
AVAX,long,2024-06-06 08:00:00+00:00,2024-06-06 12:00:00+00:00,2024-06-07 12:00:00+00:00,36.803,36.34,-0.012580496155204623,-0.014102068491644304,0.0015215723364396805,7.710732744665526,6
ADA,long,2024-06-07 04:00:00+00:00,2024-06-07 08:00:00+00:00,2024-06-08 08:00:00+00:00,0.4618,0.4455,-0.0352966652230402,-0.037221983026254124,0.0019253178032139218,9.988775255673833,6
XRP,long,2024-06-07 12:00:00+00:00,2024-06-07 16:00:00+00:00,2024-06-08 16:00:00+00:00,0.5242,0.493,-0.05951926745516978,-0.06059883901827545,0.0010795715631056746,5.742762706652812,6
LINK,short,2024-06-07 16:00:00+00:00,2024-06-07 20:00:00+00:00,2024-06-08 20:00:00+00:00,16.279,15.805,0.0299905093324897,0.028644843484290528,0.0013456658481991735,6.536688716426203,6
ETH,short,2024-06-10 04:00:00+00:00,2024-06-10 08:00:00+00:00,2024-06-11 08:00:00+00:00,3648.87,3534.0,0.03250424448217304,0.03146360756432798,0.0010406369178450614,5.041924062981029,6
SOL,short,2024-06-10 08:00:00+00:00,2024-06-10 12:00:00+00:00,2024-06-11 12:00:00+00:00,159.44,153.89,0.03606472155435703,0.03482199778798645,0.0012427237663705792,6.000925858297193,6
ADA,short,2024-06-10 20:00:00+00:00,2024-06-11 00:00:00+00:00,2024-06-12 00:00:00+00:00,0.4405,0.4217,0.044581456011382414,0.042496720526736365,0.0020847354846460497,9.988775255673833,6
AVAX,short,2024-06-10 20:00:00+00:00,2024-06-11 00:00:00+00:00,2024-06-12 00:00:00+00:00,32.28,31.554,0.023008176459403007,0.021431763460478814,0.0015764129989241926,7.710732744665526,6
LINK,short,2024-06-10 20:00:00+00:00,2024-06-11 00:00:00+00:00,2024-06-12 00:00:00+00:00,15.908,14.983,0.061736634852833205,0.06034949320797511,0.001387141644858092,6.536688716426203,6
BTC,short,2024-06-11 00:00:00+00:00,2024-06-11 04:00:00+00:00,2024-06-12 04:00:00+00:00,68466.3,67412.2,0.015636635505146046,0.014618876696669947,0.0010177588084760991,5.012959217987713,6
XRP,short,2024-06-11 00:00:00+00:00,2024-06-11 04:00:00+00:00,2024-06-12 04:00:00+00:00,0.4879,0.4817,0.012871081586049327,0.011708413623874758,0.0011626679621745684,5.742762706652812,6
DOT,short,2024-06-11 12:00:00+00:00,2024-06-11 16:00:00+00:00,2024-06-12 16:00:00+00:00,6.299,6.705,-0.06055182699478001,-0.062250067017035615,0.0016982400222556038,9.046674492363598,6
ADA,short,2024-06-13 08:00:00+00:00,2024-06-13 12:00:00+00:00,2024-06-14 12:00:00+00:00,0.4295,0.4226,0.01632749645054421,0.014299149131454136,0.0020283473190900736,9.988775255673833,6
BNB,short,2024-06-13 08:00:00+00:00,2024-06-13 12:00:00+00:00,2024-06-14 12:00:00+00:00,604.2,610.7,-0.010643523825118684,-0.011920141291517306,0.0012766174663986218,6.455921962584254,6
BTC,short,2024-06-13 08:00:00+00:00,2024-06-13 12:00:00+00:00,2024-06-14 12:00:00+00:00,67735.2,67032.2,0.010487497053654815,0.009474898142755928,0.0010125989108988875,5.012959217987713,6
ETH,short,2024-06-13 08:00:00+00:00,2024-06-13 12:00:00+00:00,2024-06-14 12:00:00+00:00,3497.49,3515.87,-0.005227724574571879,-0.006230332321889964,0.001002607747318085,5.041924062981029,6
LINK,short,2024-06-13 08:00:00+00:00,2024-06-13 12:00:00+00:00,2024-06-14 12:00:00+00:00,15.314,15.431,-0.0075821398483570945,-0.008878717641500722,0.0012965777931436273,6.536688716426203,6
SOL,short,2024-06-13 08:00:00+00:00,2024-06-13 12:00:00+00:00,2024-06-14 12:00:00+00:00,149.62,148.12,0.010126924115581915,0.00891531183930816,0.0012116122762737547,6.000925858297193,6
XRP,short,2024-06-13 08:00:00+00:00,2024-06-13 12:00:00+00:00,2024-06-14 12:00:00+00:00,0.4844,0.4784,0.012541806020066826,0.011379516031119419,0.001162289988947407,5.742762706652812,6
AVAX,short,2024-06-14 12:00:00+00:00,2024-06-14 16:00:00+00:00,2024-06-15 16:00:00+00:00,30.7,30.308,0.01293387884386954,0.011372989918048138,0.001560888925821402,7.710732744665526,6
BTC,short,2024-06-14 16:00:00+00:00,2024-06-14 20:00:00+00:00,2024-06-15 20:00:00+00:00,65522.6,66163.2,-0.009682119365447828,-0.010674506515509719,0.0009923871500618908,5.012959217987713,6
ETH,short,2024-06-14 16:00:00+00:00,2024-06-14 20:00:00+00:00,2024-06-15 20:00:00+00:00,3405.83,3559.2,-0.04309114407732073,-0.04405559016827654,0.0009644460909558061,5.041924062981029,6
LINK,short,2024-06-14 16:00:00+00:00,2024-06-14 20:00:00+00:00,2024-06-15 20:00:00+00:00,14.517,14.91,-0.02635814889336019,-0.027630196136068097,0.0012720472427079077,6.536688716426203,6
SOL,short,2024-06-14 16:00:00+00:00,2024-06-14 20:00:00+00:00,2024-06-15 20:00:00+00:00,141.79,144.68,-0.019975117500691253,-0.021150623420137515,0.0011755059194462625,6.000925858297193,6
AVAX,short,2024-06-16 00:00:00+00:00,2024-06-16 04:00:00+00:00,2024-06-17 04:00:00+00:00,29.979,29.412,0.019277845777233793,0.017707181062549093,0.0015706647146846997,7.710732744665526,6
LINK,short,2024-06-16 00:00:00+00:00,2024-06-16 04:00:00+00:00,2024-06-17 04:00:00+00:00,14.658,14.8,-0.009594594594594663,-0.010888543148343754,0.0012939485537490913,6.536688716426203,6
ADA,short,2024-06-17 04:00:00+00:00,2024-06-17 08:00:00+00:00,2024-06-18 08:00:00+00:00,0.4104,0.3792,0.08227848101265822,0.080118511255727,0.0021599697569312237,9.988775255673833,6
BTC,short,2024-06-17 04:00:00+00:00,2024-06-17 08:00:00+00:00,2024-06-18 08:00:00+00:00,66185.9,65681.8,0.007674881017267987,0.006665100599367424,0.0010097804179005632,5.012959217987713,6
DOT,short,2024-06-17 08:00:00+00:00,2024-06-17 12:00:00+00:00,2024-06-18 12:00:00+00:00,6.203,5.865,0.0576300085251491,0.055718131254186565,0.0019118772709625365,9.046674492363598,6
XRP,long,2024-06-17 08:00:00+00:00,2024-06-17 12:00:00+00:00,2024-06-18 12:00:00+00:00,0.4988,0.496,-0.005613472333600655,-0.006754921999559627,0.0011414496659589712,5.742762706652812,6
BTC,short,2024-06-18 12:00:00+00:00,2024-06-18 16:00:00+00:00,2024-06-19 16:00:00+00:00,64699.8,64934.8,-0.003619014765580242,-0.004617477689100369,0.000998462923520127,5.012959217987713,6
XRP,long,2024-06-19 12:00:00+00:00,2024-06-19 16:00:00+00:00,2024-06-20 16:00:00+00:00,0.4925,0.4922,-0.0006091370558375386,-0.001756331164899927,0.0011471941090623883,5.742762706652812,6
BTC,short,2024-06-19 20:00:00+00:00,2024-06-20 00:00:00+00:00,2024-06-21 00:00:00+00:00,64970.0,64888.0,0.0012637159413142474,0.0002603600846204923,0.001003355856693755,5.012959217987713,6
SOL,short,2024-06-19 20:00:00+00:00,2024-06-20 00:00:00+00:00,2024-06-21 00:00:00+00:00,135.62,133.58,0.01527174726755498,0.014053963954017146,0.0012177833135378346,6.000925858297193,6
ADA,short,2024-06-20 00:00:00+00:00,2024-06-20 04:00:00+00:00,2024-06-21 04:00:00+00:00,0.3881,0.387,0.0028423772609817988,0.0008409430239950666,0.002001434236986732,9.988775255673833,6
BNB,short,2024-06-20 00:00:00+00:00,2024-06-20 04:00:00+00:00,2024-06-21 04:00:00+00:00,598.1,586.3,0.02012621524816649,0.01880989400736155,0.0013163212408049407,6.455921962584254,6
ETH,long,2024-06-20 04:00:00+00:00,2024-06-20 08:00:00+00:00,2024-06-21 08:00:00+00:00,3607.28,3474.7,-0.03675345412610065,-0.037724287826765956,0.0009708337006653078,5.041924062981029,6
DOT,short,2024-06-20 12:00:00+00:00,2024-06-20 16:00:00+00:00,2024-06-21 16:00:00+00:00,5.652,5.65,0.000353982300884903,-0.001454357124303085,0.001808339425187988,9.046674492363598,6
AVAX,short,2024-06-21 04:00:00+00:00,2024-06-21 08:00:00+00:00,2024-06-22 08:00:00+00:00,27.631,25.329,0.09088396699435419,0.08920296022875873,0.0016810067655954608,7.710732744665526,6
ADA,short,2024-06-21 16:00:00+00:00,2024-06-21 20:00:00+00:00,2024-06-22 20:00:00+00:00,0.3782,0.3857,-0.01944516463572732,-0.021402118254003066,0.0019569536182757474,9.988775255673833,6
LINK,short,2024-06-21 16:00:00+00:00,2024-06-21 20:00:00+00:00,2024-06-22 20:00:00+00:00,14.124,13.622,0.03685215093231542,0.03549752046096688,0.001354630471348539,6.536688716426203,6
DOT,short,2024-06-22 00:00:00+00:00,2024-06-22 04:00:00+00:00,2024-06-23 04:00:00+00:00,5.574,5.772,-0.03430353430353439,-0.03604922335219196,0.0017456890486575727,9.046674492363598,6
ETH,short,2024-06-22 16:00:00+00:00,2024-06-22 20:00:00+00:00,2024-06-23 20:00:00+00:00,3491.7,3480.47,0.003226575721095193,0.002215447081926669,0.0010111286391685237,5.041924062981029,6
XRP,short,2024-06-22 16:00:00+00:00,2024-06-22 20:00:00+00:00,2024-06-23 20:00:00+00:00,0.4879,0.4822,0.011820821236001589,0.010659358860681145,0.0011614623753204434,5.742762706652812,6
LINK,short,2024-06-23 08:00:00+00:00,2024-06-23 12:00:00+00:00,2024-06-24 12:00:00+00:00,13.577,13.138,0.033414522758410614,0.03206438349236018,0.0013501392660504319,6.536688716426203,6
AVAX,short,2024-06-23 12:00:00+00:00,2024-06-23 16:00:00+00:00,2024-06-24 16:00:00+00:00,24.403,23.917,0.020320274281891315,0.018748003228290733,0.0015722710536005824,7.710732744665526,6
SOL,short,2024-06-23 12:00:00+00:00,2024-06-23 16:00:00+00:00,2024-06-24 16:00:00+00:00,131.61,126.35,0.04163039176889605,0.040380992173778996,0.0012493995951170511,6.000925858297193,6
BNB,short,2024-06-23 16:00:00+00:00,2024-06-23 20:00:00+00:00,2024-06-24 20:00:00+00:00,585.3,557.7,0.04948897256589557,0.048134763051494556,0.0013542095144010169,6.455921962584254,6
BTC,short,2024-06-23 16:00:00+00:00,2024-06-23 20:00:00+00:00,2024-06-24 20:00:00+00:00,64155.0,59319.6,0.08151437298970321,0.0804305987921956,0.0010837741975076032,5.012959217987713,6
XRP,short,2024-06-26 08:00:00+00:00,2024-06-26 12:00:00+00:00,2024-06-27 12:00:00+00:00,0.4749,0.4704,0.00956632653061229,0.008407452074734367,0.001158874455877923,5.742762706652812,6
BNB,short,2024-06-26 12:00:00+00:00,2024-06-26 16:00:00+00:00,2024-06-27 16:00:00+00:00,572.4,579.3,-0.011910926980838954,-0.013185909051862343,0.0012749820710233895,6.455921962584254,6
ETH,short,2024-06-26 12:00:00+00:00,2024-06-26 16:00:00+00:00,2024-06-27 16:00:00+00:00,3361.99,3452.38,-0.02618193825708648,-0.027163426741739105,0.0009814884846526262,5.041924062981029,6
BTC,short,2024-06-26 16:00:00+00:00,2024-06-26 20:00:00+00:00,2024-06-27 20:00:00+00:00,61002.1,61454.8,-0.007366389606670354,-0.008361097325208844,0.00099470771853849,5.012959217987713,6
DOT,long,2024-06-27 12:00:00+00:00,2024-06-27 16:00:00+00:00,2024-06-28 16:00:00+00:00,6.292,6.305,0.0020661157024792765,0.0002546812545431987,0.0018114344479360778,9.046674492363598,6
LINK,long,2024-06-27 12:00:00+00:00,2024-06-27 16:00:00+00:00,2024-06-28 16:00:00+00:00,14.089,14.37,0.019944637660586295,0.01861209658033558,0.0013325410802507154,6.536688716426203,6
SOL,long,2024-06-27 12:00:00+00:00,2024-06-27 16:00:00+00:00,2024-06-28 16:00:00+00:00,147.78,143.16,-0.031262687779131215,-0.03242465464878863,0.001161966869657416,6.000925858297193,6
BTC,short,2024-06-28 16:00:00+00:00,2024-06-28 20:00:00+00:00,2024-06-29 20:00:00+00:00,60144.5,61050.6,-0.014841786976704574,-0.01582900367802853,0.0009872167013239563,5.012959217987713,6
ADA,long,2024-06-29 00:00:00+00:00,2024-06-29 04:00:00+00:00,2024-06-30 04:00:00+00:00,0.4005,0.3814,-0.04769038701622974,-0.04959096990627787,0.0019005828900481303,9.988775255673833,6
ETH,long,2024-06-29 12:00:00+00:00,2024-06-29 16:00:00+00:00,2024-06-30 16:00:00+00:00,3394.55,3399.92,0.0015819475335463462,0.0005724764767243151,0.001009471056822031,5.041924062981029,6
XRP,long,2024-06-29 12:00:00+00:00,2024-06-29 16:00:00+00:00,2024-06-30 16:00:00+00:00,0.475,0.4734,-0.003368421052631576,-0.004512447797989094,0.0011440267453575181,5.742762706652812,6
DOT,long,2024-06-30 16:00:00+00:00,2024-06-30 20:00:00+00:00,2024-07-01 20:00:00+00:00,6.194,6.38,0.030029060381013828,0.028167077331081813,0.0018619830499320145,9.046674492363598,6
SOL,long,2024-06-30 16:00:00+00:00,2024-06-30 20:00:00+00:00,2024-07-01 20:00:00+00:00,144.8,147.35,0.017610497237569023,0.016389908674406595,0.001220588563162428,6.000925858297193,6
AVAX,long,2024-06-30 20:00:00+00:00,2024-07-01 00:00:00+00:00,2024-07-02 00:00:00+00:00,29.362,28.832,-0.01805054151624541,-0.01956368474057224,0.0015131432243268295,7.710732744665526,6
LINK,long,2024-07-02 04:00:00+00:00,2024-07-02 08:00:00+00:00,2024-07-03 08:00:00+00:00,14.554,14.4,-0.010581283495946114,-0.011873942956693417,0.001292659460747303,6.536688716426203,6
XRP,long,2024-07-02 08:00:00+00:00,2024-07-02 12:00:00+00:00,2024-07-03 12:00:00+00:00,0.4864,0.4824,-0.008223684210526327,-0.009362137631672707,0.0011384534211463793,5.742762706652812,6
SOL,long,2024-07-02 16:00:00+00:00,2024-07-02 20:00:00+00:00,2024-07-03 20:00:00+00:00,152.85,140.47,-0.08099443899247627,-0.08209675434819796,0.0011023153557216947,6.000925858297193,6
BNB,long,2024-07-02 20:00:00+00:00,2024-07-03 00:00:00+00:00,2024-07-04 00:00:00+00:00,580.0,556.7,-0.04017241379310332,-0.04141092861641593,0.0012385148233126086,6.455921962584254,6
DOT,long,2024-07-02 20:00:00+00:00,2024-07-03 00:00:00+00:00,2024-07-04 00:00:00+00:00,6.53,6.079,-0.06906584992343034,-0.07074869915042625,0.0016828492269959083,9.046674492363598,6
BNB,short,2024-07-07 12:00:00+00:00,2024-07-07 16:00:00+00:00,2024-07-08 16:00:00+00:00,498.2,501.2,-0.005985634477254642,-0.00726826225746946,0.0012826277802148178,6.455921962584254,6
XRP,short,2024-07-07 12:00:00+00:00,2024-07-07 16:00:00+00:00,2024-07-08 16:00:00+00:00,0.4271,0.4239,0.0075489502241095074,0.0063923915010448695,0.001156558723064638,5.742762706652812,6
ADA,short,2024-07-07 16:00:00+00:00,2024-07-07 20:00:00+00:00,2024-07-08 20:00:00+00:00,0.3559,0.367,-0.030245231607629375,-0.03218063086772338,0.0019353992600940062,9.988775255673833,6
BTC,short,2024-07-07 16:00:00+00:00,2024-07-07 20:00:00+00:00,2024-07-08 20:00:00+00:00,57154.5,56482.9,0.011890324328247992,0.010876319658866596,0.0010140046693813964,5.012959217987713,6
ETH,short,2024-07-07 16:00:00+00:00,2024-07-07 20:00:00+00:00,2024-07-08 20:00:00+00:00,2985.56,3004.53,-0.006313799496094341,-0.007315312613860092,0.001001513117765751,5.041924062981029,6
LINK,short,2024-07-07 16:00:00+00:00,2024-07-07 20:00:00+00:00,2024-07-08 20:00:00+00:00,12.608,12.922,-0.024299644017953925,-0.025574380663801133,0.0012747366458472076,6.536688716426203,6
DOT,long,2024-07-08 08:00:00+00:00,2024-07-08 12:00:00+00:00,2024-07-09 12:00:00+00:00,6.161,6.111,-0.008115565654926105,-0.009908594682241811,0.0017930290273157068,9.046674492363598,6
ETH,long,2024-07-10 04:00:00+00:00,2024-07-10 08:00:00+00:00,2024-07-11 08:00:00+00:00,3097.38,3118.29,0.006750866861670035,0.005736186171757529,0.001014680689912506,5.041924062981029,6
SOL,long,2024-07-10 08:00:00+00:00,2024-07-10 12:00:00+00:00,2024-07-11 12:00:00+00:00,142.79,143.51,0.005042369913859535,0.0038368563843305115,0.0012055135295290231,6.000925858297193,6
ADA,long,2024-07-11 04:00:00+00:00,2024-07-11 08:00:00+00:00,2024-07-12 08:00:00+00:00,0.3927,0.3987,0.015278838808250539,0.01325258435974086,0.002026254448509679,9.988775255673833,6
BNB,long,2024-07-11 08:00:00+00:00,2024-07-11 12:00:00+00:00,2024-07-12 12:00:00+00:00,536.3,524.0,-0.022934924482565622,-0.024195681723511053,0.0012607572409454315,6.455921962584254,6
BTC,long,2024-07-11 08:00:00+00:00,2024-07-11 12:00:00+00:00,2024-07-12 12:00:00+00:00,58765.6,57209.0,-0.026488285663721634,-0.027463831530996963,0.0009755458672753292,5.012959217987713,6
XRP,long,2024-07-11 08:00:00+00:00,2024-07-11 12:00:00+00:00,2024-07-12 12:00:00+00:00,0.4499,0.4713,0.047566125805734494,0.04636363163359736,0.0012024941721371363,5.742762706652812,6
ADA,long,2024-07-12 12:00:00+00:00,2024-07-12 16:00:00+00:00,2024-07-13 16:00:00+00:00,0.4089,0.434,0.061384201516263115,0.059265931758543555,0.0021182697577195597,9.988775255673833,6
ETH,long,2024-07-12 16:00:00+00:00,2024-07-12 20:00:00+00:00,2024-07-13 20:00:00+00:00,3116.48,3163.49,0.015084325906150386,0.014061246117462955,0.001023079788687431,5.041924062981029,6
AVAX,long,2024-07-14 00:00:00+00:00,2024-07-14 04:00:00+00:00,2024-07-15 04:00:00+00:00,25.913,26.992,0.04163933160961686,0.04003420877646091,0.0016051228331559475,7.710732744665526,6
DOT,long,2024-07-14 08:00:00+00:00,2024-07-14 12:00:00+00:00,2024-07-15 12:00:00+00:00,6.239,6.321,0.013143131912165318,0.011311673547216294,0.0018314583649490235,9.046674492363598,6
BNB,long,2024-07-14 16:00:00+00:00,2024-07-14 20:00:00+00:00,2024-07-15 20:00:00+00:00,536.9,577.1,0.07487427826410875,0.07348731278618548,0.0013869654779232743,6.455921962584254,6
ETH,long,2024-07-14 20:00:00+00:00,2024-07-15 00:00:00+00:00,2024-07-16 00:00:00+00:00,3245.15,3483.72,0.07351586213272099,0.07243389056311456,0.0010819715696064325,5.041924062981029,6
XRP,long,2024-07-16 00:00:00+00:00,2024-07-16 04:00:00+00:00,2024-07-17 04:00:00+00:00,0.5654,0.5856,0.03572691899540148,0.03453801496983466,0.001188904025566817,5.742762706652812,6
AVAX,long,2024-07-16 12:00:00+00:00,2024-07-16 16:00:00+00:00,2024-07-17 16:00:00+00:00,28.459,28.014,-0.01563652974454477,-0.01715339286048545,0.001516863115940681,7.710732744665526,6
BNB,long,2024-07-17 00:00:00+00:00,2024-07-17 04:00:00+00:00,2024-07-18 04:00:00+00:00,579.2,574.0,-0.008977900552486262,-0.01025666725812624,0.0012787667056399776,6.455921962584254,6
BTC,long,2024-07-17 00:00:00+00:00,2024-07-17 04:00:00+00:00,2024-07-18 04:00:00+00:00,65709.1,64861.6,-0.012897756931688376,-0.013886921725108636,0.0009891647934202608,5.012959217987713,6
DOT,long,2024-07-17 00:00:00+00:00,2024-07-17 04:00:00+00:00,2024-07-18 04:00:00+00:00,6.42,6.367,-0.00825545171339559,-0.010048227868749038,0.0017927761553534483,9.046674492363598,6
ETH,long,2024-07-17 00:00:00+00:00,2024-07-17 04:00:00+00:00,2024-07-18 04:00:00+00:00,3480.66,3431.88,-0.014014583441071427,-0.015008335118521177,0.0009937516774497501,5.041924062981029,6
SOL,long,2024-07-17 00:00:00+00:00,2024-07-17 04:00:00+00:00,2024-07-18 04:00:00+00:00,160.9,158.97,-0.011995027967681815,-0.013180105728263336,0.001185077760581521,6.000925858297193,6
ADA,long,2024-07-17 04:00:00+00:00,2024-07-17 08:00:00+00:00,2024-07-18 08:00:00+00:00,0.4485,0.4421,-0.014269788182831644,-0.01623707061833435,0.001967282435502704,9.988775255673833,6
LINK,long,2024-07-17 04:00:00+00:00,2024-07-17 08:00:00+00:00,2024-07-18 08:00:00+00:00,14.374,13.836,-0.037428690691526434,-0.03868627445143136,0.0012575837599049233,6.536688716426203,6
SOL,long,2024-07-19 04:00:00+00:00,2024-07-19 08:00:00+00:00,2024-07-20 08:00:00+00:00,161.44,168.62,0.0444747274529238,0.043221916175620656,0.0012528112773031452,6.000925858297193,6
BNB,long,2024-07-19 12:00:00+00:00,2024-07-19 16:00:00+00:00,2024-07-20 16:00:00+00:00,591.5,594.9,0.005748098055790241,0.004450329637940342,0.0012977684178498983,6.455921962584254,6
BTC,long,2024-07-19 12:00:00+00:00,2024-07-19 16:00:00+00:00,2024-07-20 16:00:00+00:00,65841.5,66829.4,0.015004214667041271,0.013987089600846714,0.0010171250661945574,5.012959217987713,6
ETH,long,2024-07-19 12:00:00+00:00,2024-07-19 16:00:00+00:00,2024-07-20 16:00:00+00:00,3465.14,3503.46,0.011058716242345223,0.01003969377163516,0.0010190224707100626,5.041924062981029,6
AVAX,long,2024-07-20 16:00:00+00:00,2024-07-20 20:00:00+00:00,2024-07-21 20:00:00+00:00,28.653,31.741,0.1077723100547936,0.10606527905582097,0.0017070309989726251,7.710732744665526,6
LINK,long,2024-07-20 16:00:00+00:00,2024-07-20 20:00:00+00:00,2024-07-21 20:00:00+00:00,14.217,14.532,0.02215657311669128,0.02082114217874298,0.001335430937948301,6.536688716426203,6
SOL,long,2024-07-20 20:00:00+00:00,2024-07-21 00:00:00+00:00,2024-07-22 00:00:00+00:00,173.62,184.52,0.06278078562377609,0.061506016863427604,0.001274768760348488,6.000925858297193,6
DOT,long,2024-07-21 08:00:00+00:00,2024-07-21 12:00:00+00:00,2024-07-22 12:00:00+00:00,6.271,6.314,0.006856960612342533,0.0050368657563073516,0.0018200948560351815,9.046674492363598,6
ADA,short,2024-07-21 12:00:00+00:00,2024-07-21 16:00:00+00:00,2024-07-22 16:00:00+00:00,0.4302,0.4298,0.0009306654257794644,-0.001066953490270639,0.0019976189160501034,9.988775255673833,6
BNB,long,2024-07-21 20:00:00+00:00,2024-07-22 00:00:00+00:00,2024-07-23 00:00:00+00:00,602.3,587.1,-0.02523659305993675,-0.026494380339721957,0.0012577872797852052,6.455921962584254,6
BTC,long,2024-07-21 20:00:00+00:00,2024-07-22 00:00:00+00:00,2024-07-23 00:00:00+00:00,68170.2,67526.0,-0.009449876925694767,-0.010442496803466983,0.0009926198777722162,5.012959217987713,6
ETH,long,2024-07-22 00:00:00+00:00,2024-07-22 04:00:00+00:00,2024-07-23 04:00:00+00:00,3517.96,3475.66,-0.012024013917156573,-0.01301977184314751,0.0009957579259909366,5.041924062981029,6
XRP,long,2024-07-22 04:00:00+00:00,2024-07-22 08:00:00+00:00,2024-07-23 08:00:00+00:00,0.5979,0.6001,0.0036795450744271374,0.0025274280157381313,0.0011521170586890062,5.742762706652812,6
ETH,short,2024-07-24 04:00:00+00:00,2024-07-24 08:00:00+00:00,2024-07-25 08:00:00+00:00,3447.19,3172.17,0.08669774949009668,0.08560249220403504,0.001095257286061635,5.041924062981029,6
XRP,long,2024-07-24 08:00:00+00:00,2024-07-24 12:00:00+00:00,2024-07-25 12:00:00+00:00,0.6287,0.6107,-0.028630507396214422,-0.029745535961069658,0.001115028564855236,5.742762706652812,6
SOL,long,2024-07-24 12:00:00+00:00,2024-07-24 16:00:00+00:00,2024-07-25 16:00:00+00:00,177.85,170.42,-0.04177677818386283,-0.042926133766063135,0.0011493555822003065,6.000925858297193,6
BNB,short,2024-07-24 16:00:00+00:00,2024-07-24 20:00:00+00:00,2024-07-25 20:00:00+00:00,579.3,566.2,0.023136700812433686,0.02181649498751148,0.0013202058249222048,6.455921962584254,6
DOT,short,2024-07-24 16:00:00+00:00,2024-07-24 20:00:00+00:00,2024-07-25 20:00:00+00:00,5.832,5.644,0.033309709425938916,0.03144179594826513,0.0018679134776737882,9.046674492363598,6
LINK,short,2024-07-24 16:00:00+00:00,2024-07-24 20:00:00+00:00,2024-07-25 20:00:00+00:00,13.582,12.626,0.07571677490891826,0.07431136843845643,0.001405406470461834,6.536688716426203,6
BTC,short,2024-07-24 20:00:00+00:00,2024-07-25 00:00:00+00:00,2024-07-26 00:00:00+00:00,65377.4,65800.0,-0.006422492401215729,-0.0074181459892330714,0.0009956535880173423,5.012959217987713,6
ADA,short,2024-07-25 00:00:00+00:00,2024-07-25 04:00:00+00:00,2024-07-26 04:00:00+00:00,0.3944,0.4062,-0.029049729197439755,-0.030987514395252713,0.0019377851978129579,9.988775255673833,6
XRP,short,2024-07-26 20:00:00+00:00,2024-07-27 00:00:00+00:00,2024-07-28 00:00:00+00:00,0.6034,0.5958,0.012755958375293863,0.01159342256228535,0.001162535813008514,5.742762706652812,6
AVAX,short,2024-07-28 00:00:00+00:00,2024-07-28 04:00:00+00:00,2024-07-29 04:00:00+00:00,27.756,28.228,-0.016720986254782577,-0.018236178268400738,0.0015151920136181607,7.710732744665526,6
DOT,short,2024-07-28 04:00:00+00:00,2024-07-28 08:00:00+00:00,2024-07-29 08:00:00+00:00,5.751,5.859,-0.018433179723502224,-0.02020755760469961,0.0017743778811973865,9.046674492363598,6
ETH,short,2024-07-28 04:00:00+00:00,2024-07-28 08:00:00+00:00,2024-07-29 08:00:00+00:00,3227.99,3368.01,-0.041573510767485944,-0.04253948644561634,0.000965975678130393,5.041924062981029,6
SOL,long,2024-07-28 12:00:00+00:00,2024-07-28 16:00:00+00:00,2024-07-29 16:00:00+00:00,184.2,186.97,0.015038002171552822,0.013820499227165772,0.00121750294438705,6.000925858297193,6
BNB,long,2024-07-28 16:00:00+00:00,2024-07-28 20:00:00+00:00,2024-07-29 20:00:00+00:00,583.9,577.6,-0.010789518753211103,-0.012065947834856816,0.0012764290816457136,6.455921962584254,6
BTC,long,2024-07-28 20:00:00+00:00,2024-07-29 00:00:00+00:00,2024-07-30 00:00:00+00:00,68239.0,66787.4,-0.021272292970295648,-0.022253065729082255,0.0009807727587866077,5.012959217987713,6
LINK,short,2024-07-28 20:00:00+00:00,2024-07-29 00:00:00+00:00,2024-07-30 00:00:00+00:00,13.302,13.533,-0.017069385945466586,-0.01835356880588923,0.0012841828604226446,6.536688716426203,6
XRP,long,2024-07-29 08:00:00+00:00,2024-07-29 12:00:00+00:00,2024-07-30 12:00:00+00:00,0.6082,0.6295,0.03502137454784604,0.03383328041204714,0.0011880941357989006,5.742762706652812,6
AVAX,short,2024-07-29 20:00:00+00:00,2024-07-30 00:00:00+00:00,2024-07-31 00:00:00+00:00,26.987,26.319,0.025380903529769405,0.02380083425723689,0.0015800692725325138,7.710732744665526,6
DOT,short,2024-07-29 20:00:00+00:00,2024-07-30 00:00:00+00:00,2024-07-31 00:00:00+00:00,5.65,5.52,0.023550724637681375,0.02170045247223773,0.001850272165443645,9.046674492363598,6
ETH,long,2024-07-30 08:00:00+00:00,2024-07-30 12:00:00+00:00,2024-07-31 12:00:00+00:00,3335.0,3323.45,-0.003463268365817118,-0.004467654467345872,0.0010043861015287536,5.041924062981029,6
LINK,long,2024-07-30 12:00:00+00:00,2024-07-30 16:00:00+00:00,2024-07-31 16:00:00+00:00,13.55,13.079,-0.034760147601476055,-0.036021217769525826,0.0012610701680497716,6.536688716426203,6
ADA,short,2024-07-31 20:00:00+00:00,2024-08-01 00:00:00+00:00,2024-08-02 00:00:00+00:00,0.3881,0.3925,-0.011210191082802634,-0.013183579744494023,0.0019733886616913887,9.988775255673833,6
AVAX,short,2024-07-31 20:00:00+00:00,2024-08-01 00:00:00+00:00,2024-08-02 00:00:00+00:00,25.708,25.702,0.0002334448681036161,-0.001307873217843869,0.001541318085947485,7.710732744665526,6
BTC,short,2024-07-31 20:00:00+00:00,2024-08-01 00:00:00+00:00,2024-08-02 00:00:00+00:00,64635.1,65353.7,-0.010995551896832101,-0.011986622869945007,0.0009910709731129064,5.012959217987713,6
SOL,short,2024-07-31 20:00:00+00:00,2024-08-01 00:00:00+00:00,2024-08-02 00:00:00+00:00,171.67,167.36,0.02575286806883348,0.024522513013736535,0.0012303550550969433,6.000925858297193,6
ADA,short,2024-08-02 04:00:00+00:00,2024-08-02 08:00:00+00:00,2024-08-03 08:00:00+00:00,0.3838,0.3696,0.038419913419913465,0.03634747490493573,0.002072438514977737,9.988775255673833,6
DOT,short,2024-08-02 04:00:00+00:00,2024-08-02 08:00:00+00:00,2024-08-03 08:00:00+00:00,5.239,5.181,0.01119475004825321,0.009366813772286653,0.0018279362759665574,9.046674492363598,6
ETH,short,2024-08-02 04:00:00+00:00,2024-08-02 08:00:00+00:00,2024-08-03 08:00:00+00:00,3147.1,2983.43,0.05485967493790711,0.05379650650373069,0.0010631684341764203,5.041924062981029,6
LINK,short,2024-08-02 04:00:00+00:00,2024-08-02 08:00:00+00:00,2024-08-03 08:00:00+00:00,12.487,12.056,0.035749834107498435,0.03439664379515284,0.001353190312345598,6.536688716426203,6
SOL,short,2024-08-02 04:00:00+00:00,2024-08-02 08:00:00+00:00,2024-08-03 08:00:00+00:00,161.41,151.62,0.06456931803192179,0.06329240398886604,0.0012769140430557435,6.000925858297193,6
AVAX,short,2024-08-02 16:00:00+00:00,2024-08-02 20:00:00+00:00,2024-08-03 20:00:00+00:00,23.835,22.462,0.06112545632624,0.05949030618635387,0.0016351501398861323,7.710732744665526,6
BNB,short,2024-08-02 16:00:00+00:00,2024-08-02 20:00:00+00:00,2024-08-03 20:00:00+00:00,555.1,523.4,0.060565533053114295,0.05919703088391581,0.0013685021691984822,6.455921962584254,6
BTC,short,2024-08-02 16:00:00+00:00,2024-08-02 20:00:00+00:00,2024-08-03 20:00:00+00:00,62646.2,60259.5,0.039607032915971674,0.03856525362393404,0.0010417792920376368,5.012959217987713,6
ADA,short,2024-08-03 16:00:00+00:00,2024-08-03 20:00:00+00:00,2024-08-04 20:00:00+00:00,0.3517,0.3505,0.003423680456490885,0.0014210860769492406,0.0020025943795416445,9.988775255673833,6
DOT,short,2024-08-03 16:00:00+00:00,2024-08-03 20:00:00+00:00,2024-08-04 20:00:00+00:00,4.886,4.768,0.024748322147650992,0.02289588508574969,0.001852437061901302,9.046674492363598,6
LINK,short,2024-08-03 16:00:00+00:00,2024-08-03 20:00:00+00:00,2024-08-04 20:00:00+00:00,11.389,11.074,0.028445006321112576,0.027101359647460743,0.0013436466736518327,6.536688716426203,6
SOL,short,2024-08-03 16:00:00+00:00,2024-08-03 20:00:00+00:00,2024-08-04 20:00:00+00:00,140.44,141.97,-0.01077692470240188,-0.011963463535680896,0.001186538833279016,6.000925858297193,6
XRP,short,2024-08-03 16:00:00+00:00,2024-08-03 20:00:00+00:00,2024-08-04 20:00:00+00:00,0.5425,0.5357,0.01269367183124892,0.011531207516549236,0.001162464314699685,5.742762706652812,6
AVAX,short,2024-08-04 00:00:00+00:00,2024-08-04 04:00:00+00:00,2024-08-05 04:00:00+00:00,22.817,18.636,0.2243507190384204,0.22246404556586374,0.0018866734725566658,7.710732744665526,6
BNB,short,2024-08-04 00:00:00+00:00,2024-08-04 04:00:00+00:00,2024-08-05 04:00:00+00:00,528.3,442.0,0.19524886877828052,0.19370657778477018,0.0015422909935103313,6.455921962584254,6
ETH,short,2024-08-04 00:00:00+00:00,2024-08-04 04:00:00+00:00,2024-08-05 04:00:00+00:00,2916.26,2312.85,0.26089456730873173,0.25962374111768804,0.0012708261910436836,5.041924062981029,6
BTC,short,2024-08-04 16:00:00+00:00,2024-08-04 20:00:00+00:00,2024-08-05 20:00:00+00:00,59246.1,53478.9,0.10784066239208356,0.10673050689638619,0.0011101554956973736,5.012959217987713,6
SOL,short,2024-08-05 00:00:00+00:00,2024-08-05 04:00:00+00:00,2024-08-06 04:00:00+00:00,126.09,138.59,-0.0901940976982466,-0.09128537838183026,0.001091280683583662,6.000925858297193,6
ADA,short,2024-08-07 16:00:00+00:00,2024-08-07 20:00:00+00:00,2024-08-08 20:00:00+00:00,0.3206,0.3398,-0.056503825779870454,-0.05838681914788901,0.0018829933680185595,9.988775255673833,6
AVAX,short,2024-08-07 16:00:00+00:00,2024-08-07 20:00:00+00:00,2024-08-08 20:00:00+00:00,19.998,21.666,-0.07698698421489891,-0.07840930883530983,0.0014223246204109197,7.710732744665526,6
LINK,short,2024-08-07 16:00:00+00:00,2024-08-07 20:00:00+00:00,2024-08-08 20:00:00+00:00,9.603,10.321,-0.06956690243193486,-0.07078249814091186,0.001215595708977002,6.536688716426203,6
ETH,short,2024-08-07 20:00:00+00:00,2024-08-08 00:00:00+00:00,2024-08-09 00:00:00+00:00,2342.32,2682.84,-0.12692519867006602,-0.12780515037501994,0.0008799517049539185,5.041924062981029,6
SOL,long,2024-08-08 04:00:00+00:00,2024-08-08 08:00:00+00:00,2024-08-09 08:00:00+00:00,153.69,157.96,0.0277831999479472,0.026550409580048395,0.0012327903678988061,6.000925858297193,6
ADA,long,2024-08-10 00:00:00+00:00,2024-08-10 04:00:00+00:00,2024-08-11 04:00:00+00:00,0.3467,0.3497,0.008653014133256365,0.0066399832507362255,0.0020130308825201393,9.988775255673833,6
BNB,long,2024-08-10 00:00:00+00:00,2024-08-10 04:00:00+00:00,2024-08-11 04:00:00+00:00,509.6,530.5,0.041012558869701676,0.03966928690717175,0.0013432719625299239,6.455921962584254,6
DOT,long,2024-08-10 00:00:00+00:00,2024-08-10 04:00:00+00:00,2024-08-11 04:00:00+00:00,4.744,4.782,0.008010118043844994,0.006187938625660916,0.0018221794181840778,9.046674492363598,6
LINK,long,2024-08-10 00:00:00+00:00,2024-08-10 04:00:00+00:00,2024-08-11 04:00:00+00:00,10.545,10.666,0.011474632527264106,0.01015315737096012,0.0013214751563039862,6.536688716426203,6
ETH,long,2024-08-10 04:00:00+00:00,2024-08-10 08:00:00+00:00,2024-08-11 08:00:00+00:00,2633.8,2677.5,0.016591996355076244,0.015567397020548768,0.0010245993345274762,5.041924062981029,6
BTC,long,2024-08-10 08:00:00+00:00,2024-08-10 12:00:00+00:00,2024-08-11 12:00:00+00:00,60925.7,60676.2,-0.004095151963785404,-0.005093137755218469,0.0009979857914330648,5.012959217987713,6
XRP,long,2024-08-10 08:00:00+00:00,2024-08-10 12:00:00+00:00,2024-08-11 12:00:00+00:00,0.5892,0.5759,-0.022572980312287827,-0.023694962272099773,0.0011219819598119463,5.742762706652812,6
AVAX,long,2024-08-10 12:00:00+00:00,2024-08-10 16:00:00+00:00,2024-08-11 16:00:00+00:00,21.688,21.296,-0.01807451125046111,-0.019587617538425528,0.0015131062879644164,7.710732744665526,6
ADA,long,2024-08-11 08:00:00+00:00,2024-08-11 12:00:00+00:00,2024-08-12 12:00:00+00:00,0.3475,0.3426,-0.01410071942446034,-0.01606833928088669,0.0019676198564263503,9.988775255673833,6
ETH,long,2024-08-12 12:00:00+00:00,2024-08-12 16:00:00+00:00,2024-08-13 16:00:00+00:00,2689.49,2652.0,-0.013939445768528569,-0.014933273175483874,0.0009938274069553055,5.041924062981029,6
BNB,long,2024-08-12 16:00:00+00:00,2024-08-12 20:00:00+00:00,2024-08-13 20:00:00+00:00,513.1,521.8,0.016955759111284108,0.01564352887284115,0.0013122302384429574,6.455921962584254,6
XRP,short,2024-08-13 00:00:00+00:00,2024-08-13 04:00:00+00:00,2024-08-14 04:00:00+00:00,0.5652,0.5795,-0.02467644521138912,-0.025796012617866237,0.0011195674064771177,5.742762706652812,6
ADA,short,2024-08-13 04:00:00+00:00,2024-08-13 08:00:00+00:00,2024-08-14 08:00:00+00:00,0.3372,0.339,-0.005309734513274433,-0.007294899079195782,0.001985164565921349,9.988775255673833,6
AVAX,short,2024-08-13 04:00:00+00:00,2024-08-13 08:00:00+00:00,2024-08-14 08:00:00+00:00,20.979,21.291,-0.014654079188389568,-0.016172456219724962,0.001518377031335394,7.710732744665526,6
BTC,short,2024-08-13 04:00:00+00:00,2024-08-13 08:00:00+00:00,2024-08-14 08:00:00+00:00,59241.2,60918.1,-0.027527122480839106,-0.02850162734064754,0.0009745048598084338,5.012959217987713,6
DOT,short,2024-08-13 04:00:00+00:00,2024-08-13 08:00:00+00:00,2024-08-14 08:00:00+00:00,4.5,4.51,-0.0022172949002217113,-0.004020986228817747,0.0018036913285960354,9.046674492363598,6
SOL,short,2024-08-13 04:00:00+00:00,2024-08-13 08:00:00+00:00,2024-08-14 08:00:00+00:00,145.99,145.72,0.0018528685149603596,0.00065118068194292,0.0012016878330174396,6.000925858297193,6
ETH,long,2024-08-14 00:00:00+00:00,2024-08-14 04:00:00+00:00,2024-08-15 04:00:00+00:00,2709.46,2652.64,-0.020970968384844246,-0.021957708884348892,0.0009867404995046458,5.041924062981029,6
BNB,long,2024-08-14 08:00:00+00:00,2024-08-14 12:00:00+00:00,2024-08-15 12:00:00+00:00,529.6,524.1,-0.010385196374622319,-0.011662147174195892,0.001276950799573573,6.455921962584254,6
ADA,short,2024-08-14 12:00:00+00:00,2024-08-14 16:00:00+00:00,2024-08-15 16:00:00+00:00,0.3377,0.3382,-0.0014784151389710676,-0.0034712261047077364,0.001992810965736669,9.988775255673833,6
DOT,short,2024-08-14 12:00:00+00:00,2024-08-14 16:00:00+00:00,2024-08-15 16:00:00+00:00,4.441,4.453,-0.0026948124859645928,-0.0044976406062445795,0.0018028281202799867,9.046674492363598,6
AVAX,short,2024-08-14 20:00:00+00:00,2024-08-15 00:00:00+00:00,2024-08-16 00:00:00+00:00,20.951,20.126,0.04099175196263527,0.03938762702274845,0.0016041249398868196,7.710732744665526,6
XRP,short,2024-08-14 20:00:00+00:00,2024-08-15 00:00:00+00:00,2024-08-16 00:00:00+00:00,0.5687,0.5608,0.01408701854493577,0.012922954816832366,0.0011640637281034039,5.742762706652812,6
SOL,short,2024-08-15 04:00:00+00:00,2024-08-15 08:00:00+00:00,2024-08-16 08:00:00+00:00,142.48,144.56,-0.014388489208633226,-0.015570696095314362,0.0011822068866811364,6.000925858297193,6
BTC,short,2024-08-15 16:00:00+00:00,2024-08-15 20:00:00+00:00,2024-08-16 20:00:00+00:00,57044.2,59678.6,-0.044143126681926215,-0.0451009808183892,0.0009578541364629878,5.012959217987713,6
DOT,short,2024-08-15 20:00:00+00:00,2024-08-16 00:00:00+00:00,2024-08-17 00:00:00+00:00,4.277,4.291,-0.0032626427406199365,-0.005064444394414558,0.0018018016537946213,9.046674492363598,6
LINK,short,2024-08-15 20:00:00+00:00,2024-08-16 00:00:00+00:00,2024-08-17 00:00:00+00:00,10.17,10.126,0.004345249851866573,0.0030330891180723185,0.0013121607337942542,6.536688716426203,6
SOL,short,2024-08-16 12:00:00+00:00,2024-08-16 16:00:00+00:00,2024-08-17 16:00:00+00:00,137.9,140.19,-0.01633497396390604,-0.01751484610950793,0.0011798721456018901,6.000925858297193,6
ADA,short,2024-08-17 04:00:00+00:00,2024-08-17 08:00:00+00:00,2024-08-18 08:00:00+00:00,0.3298,0.335,-0.01552238805970163,-0.017487170604557734,0.001964782544856103,9.988775255673833,6
ETH,short,2024-08-17 04:00:00+00:00,2024-08-17 08:00:00+00:00,2024-08-18 08:00:00+00:00,2600.06,2608.02,-0.0030521238334062506,-0.004056924317908384,0.001004800484502133,5.041924062981029,6
XRP,short,2024-08-17 04:00:00+00:00,2024-08-17 08:00:00+00:00,2024-08-18 08:00:00+00:00,0.5648,0.5652,-0.0007077140835103357,-0.001854795036659751,0.0011470809531494153,5.742762706652812,6
LINK,short,2024-08-17 16:00:00+00:00,2024-08-17 20:00:00+00:00,2024-08-18 20:00:00+00:00,10.129,10.355,-0.02182520521487208,-0.02310317467477019,0.0012779694598981095,6.536688716426203,6
LINK,short,2024-08-19 04:00:00+00:00,2024-08-19 08:00:00+00:00,2024-08-20 08:00:00+00:00,10.104,10.509,-0.03853839566086226,-0.039794529609273654,0.0012561339484113976,6.536688716426203,6
XRP,long,2024-08-19 04:00:00+00:00,2024-08-19 08:00:00+00:00,2024-08-20 08:00:00+00:00,0.5737,0.607,0.05804427401080714,0.056829752042198534,0.0012145219686086062,5.742762706652812,6
DOT,long,2024-08-19 12:00:00+00:00,2024-08-19 16:00:00+00:00,2024-08-20 16:00:00+00:00,4.449,4.501,0.011688019779726,0.00985919182029682,0.00182882795942918,9.046674492363598,6
BNB,long,2024-08-19 16:00:00+00:00,2024-08-19 20:00:00+00:00,2024-08-20 20:00:00+00:00,553.1,572.7,0.0354366299041764,0.0341005528491245,0.0013360770550518986,6.455921962584254,6
SOL,long,2024-08-19 20:00:00+00:00,2024-08-20 00:00:00+00:00,2024-08-21 00:00:00+00:00,144.25,142.28,-0.013656845753899471,-0.014839930221575925,0.001183084467676454,6.000925858297193,6
DOT,long,2024-08-21 04:00:00+00:00,2024-08-21 08:00:00+00:00,2024-08-22 08:00:00+00:00,4.589,4.667,0.016997167138810054,0.01515874183618715,0.0018384253026229036,9.046674492363598,6
LINK,long,2024-08-21 08:00:00+00:00,2024-08-21 12:00:00+00:00,2024-08-22 12:00:00+00:00,10.294,11.319,0.09957256654361757,0.09813599286938701,0.0014365736742305568,6.536688716426203,6
BTC,long,2024-08-21 12:00:00+00:00,2024-08-21 16:00:00+00:00,2024-08-22 16:00:00+00:00,59514.1,60406.3,0.014991405398048663,0.013974293167887897,0.001017112230160766,5.012959217987713,6
SOL,short,2024-08-22 00:00:00+00:00,2024-08-22 04:00:00+00:00,2024-08-23 04:00:00+00:00,141.75,144.46,-0.01875951820573174,-0.019936482194449878,0.0011769639887181382,6.000925858297193,6
BNB,long,2024-08-22 04:00:00+00:00,2024-08-22 08:00:00+00:00,2024-08-23 08:00:00+00:00,576.7,579.3,0.004508409918501766,0.0032122411339152723,0.0012961687845864933,6.455921962584254,6
XRP,long,2024-08-22 08:00:00+00:00,2024-08-22 12:00:00+00:00,2024-08-23 12:00:00+00:00,0.6027,0.597,-0.009457441513190723,-0.01059447871255459,0.0011370371993638662,5.742762706652812,6
AVAX,long,2024-08-22 12:00:00+00:00,2024-08-22 16:00:00+00:00,2024-08-23 16:00:00+00:00,24.601,26.114,0.06150156497703363,0.05986583526937883,0.0016357297076547983,7.710732744665526,6
ETH,long,2024-08-22 20:00:00+00:00,2024-08-23 00:00:00+00:00,2024-08-24 00:00:00+00:00,2622.86,2762.99,0.05342641238952894,0.05236468850720666,0.0010617238823222852,5.041924062981029,6
ADA,long,2024-08-23 00:00:00+00:00,2024-08-23 04:00:00+00:00,2024-08-24 04:00:00+00:00,0.3748,0.3906,0.04215581643543209,0.040075921948937054,0.0020798944864950375,9.988775255673833,6
DOT,long,2024-08-23 00:00:00+00:00,2024-08-23 04:00:00+00:00,2024-08-24 04:00:00+00:00,4.718,4.863,0.030733361593895836,0.02887010537899104,0.001863256214904796,9.046674492363598,6
LINK,long,2024-08-23 04:00:00+00:00,2024-08-23 08:00:00+00:00,2024-08-24 08:00:00+00:00,11.644,11.964,0.02748196496049471,0.02613957648471721,0.0013423884757775006,6.536688716426203,6
BTC,long,2024-08-23 08:00:00+00:00,2024-08-23 12:00:00+00:00,2024-08-24 12:00:00+00:00,60736.1,63922.0,0.05245480035761263,0.05140014645272051,0.0010546539048921222,5.012959217987713,6
XRP,long,2024-08-23 16:00:00+00:00,2024-08-23 20:00:00+00:00,2024-08-24 20:00:00+00:00,0.6075,0.6198,0.020246913580246773,0.019075778949697586,0.0011711346305491865,5.742762706652812,6
BNB,long,2024-08-23 20:00:00+00:00,2024-08-24 00:00:00+00:00,2024-08-25 00:00:00+00:00,591.4,580.6,-0.018261751775447976,-0.019528539051112848,0.0012667872756648713,6.455921962584254,6
ADA,long,2024-08-24 08:00:00+00:00,2024-08-24 12:00:00+00:00,2024-08-25 12:00:00+00:00,0.3929,0.3816,-0.02876049885467047,-0.030698861287274726,0.001938362432604257,9.988775255673833,6
AVAX,long,2024-08-24 12:00:00+00:00,2024-08-24 16:00:00+00:00,2024-08-25 16:00:00+00:00,27.76,27.034,-0.026152737752161426,-0.027653395829487448,0.0015006580773260225,7.710732744665526,6
LINK,long,2024-08-24 20:00:00+00:00,2024-08-25 00:00:00+00:00,2024-08-26 00:00:00+00:00,12.34,12.102,-0.019286871961102126,-0.020568157712111512,0.0012812857510093867,6.536688716426203,6
SOL,long,2024-08-26 04:00:00+00:00,2024-08-26 08:00:00+00:00,2024-08-27 08:00:00+00:00,159.13,157.76,-0.008609313140199859,-0.009798451948507925,0.0011891388083080656,6.000925858297193,6
BNB,short,2024-08-27 20:00:00+00:00,2024-08-28 00:00:00+00:00,2024-08-29 00:00:00+00:00,533.4,536.9,-0.006518904823989535,-0.007800844498091597,0.0012819396741020617,6.455921962584254,6
XRP,short,2024-08-27 20:00:00+00:00,2024-08-28 00:00:00+00:00,2024-08-29 00:00:00+00:00,0.5666,0.5693,-0.004742666432461018,-0.005885115690708487,0.0011424492582474688,5.742762706652812,6
AVAX,short,2024-08-29 00:00:00+00:00,2024-08-29 04:00:00+00:00,2024-08-30 04:00:00+00:00,23.479,22.982,0.021625620050474303,0.0200513375134026,0.0015742825370717028,7.710732744665526,6
DOT,short,2024-08-29 04:00:00+00:00,2024-08-29 08:00:00+00:00,2024-08-30 08:00:00+00:00,4.304,4.3,0.0009302325581397319,-0.0008791485543685473,0.0018093811125082793,9.046674492363598,6
LINK,short,2024-08-29 08:00:00+00:00,2024-08-29 12:00:00+00:00,2024-08-30 12:00:00+00:00,11.249,11.035,0.019392840960579916,0.018061020793743277,0.0013318201668366392,6.536688716426203,6
SOL,short,2024-08-29 20:00:00+00:00,2024-08-30 00:00:00+00:00,2024-08-31 00:00:00+00:00,140.02,137.99,0.014711210957315757,0.013494099987676922,0.001217110969638835,6.000925858297193,6
XRP,short,2024-08-29 20:00:00+00:00,2024-08-30 00:00:00+00:00,2024-08-31 00:00:00+00:00,0.5618,0.5666,-0.008471584892340345,-0.00960975374994677,0.0011381688576064253,5.742762706652812,6
BNB,short,2024-08-30 00:00:00+00:00,2024-08-30 04:00:00+00:00,2024-08-31 04:00:00+00:00,530.1,537.3,-0.01340033500837512,-0.014673395219736651,0.001273060211361532,6.455921962584254,6
BTC,short,2024-08-30 04:00:00+00:00,2024-08-30 08:00:00+00:00,2024-08-31 08:00:00+00:00,59268.3,59091.1,0.002998759542469198,0.0019936650168002057,0.0010050945256689925,5.012959217987713,6
ETH,short,2024-08-30 04:00:00+00:00,2024-08-30 08:00:00+00:00,2024-08-31 08:00:00+00:00,2517.0,2521.29,-0.0017015099413395518,-0.002707671678045198,0.0010061617367056463,5.041924062981029,6
ADA,short,2024-08-30 08:00:00+00:00,2024-08-30 12:00:00+00:00,2024-08-31 12:00:00+00:00,0.3513,0.3481,0.009192760700947877,0.007178652612991998,0.0020141080879558793,9.988775255673833,6
AVAX,short,2024-08-30 08:00:00+00:00,2024-08-30 12:00:00+00:00,2024-08-31 12:00:00+00:00,23.209,23.031,0.007728713473144966,0.006175845490401732,0.0015528679827432335,7.710732744665526,6
ADA,short,2024-09-01 00:00:00+00:00,2024-09-01 04:00:00+00:00,2024-09-02 04:00:00+00:00,0.3447,0.3316,0.03950542822677927,0.03743082328310976,0.0020746049436695113,9.988775255673833,6
AVAX,short,2024-09-01 00:00:00+00:00,2024-09-01 04:00:00+00:00,2024-09-02 04:00:00+00:00,22.482,21.819,0.030386360511480914,0.0287985780381812,0.0015877824732997148,7.710732744665526,6
BNB,short,2024-09-01 00:00:00+00:00,2024-09-01 04:00:00+00:00,2024-09-02 04:00:00+00:00,526.7,514.9,0.022917071275976086,0.021597148850323045,0.0013199224256530417,6.455921962584254,6
DOT,short,2024-09-01 00:00:00+00:00,2024-09-01 04:00:00+00:00,2024-09-02 04:00:00+00:00,4.22,4.114,0.025765678172095186,0.023911402036185248,0.001854276135909938,9.046674492363598,6
SOL,short,2024-09-01 00:00:00+00:00,2024-09-01 04:00:00+00:00,2024-09-02 04:00:00+00:00,134.08,130.18,0.02995851897372881,0.028723119385965168,0.0012353995877636414,6.000925858297193,6
BTC,short,2024-09-01 04:00:00+00:00,2024-09-01 08:00:00+00:00,2024-09-02 08:00:00+00:00,58477.0,57549.0,0.016125388799110407,0.015107140216090054,0.0010182485830203536,5.012959217987713,6
ETH,short,2024-09-01 04:00:00+00:00,2024-09-01 08:00:00+00:00,2024-09-02 08:00:00+00:00,2486.7,2441.58,0.01847983682697274,0.01745333478211708,0.0010265020448556594,5.041924062981029,6
LINK,short,2024-09-01 04:00:00+00:00,2024-09-01 08:00:00+00:00,2024-09-02 08:00:00+00:00,10.881,10.384,0.047862095531586935,0.04649308074669034,0.001369014784896594,6.536688716426203,6
XRP,short,2024-09-01 04:00:00+00:00,2024-09-01 08:00:00+00:00,2024-09-02 08:00:00+00:00,0.559,0.5462,0.023434639326254114,0.02225984552657234,0.0011747937996817726,5.742762706652812,6
ADA,short,2024-09-03 12:00:00+00:00,2024-09-03 16:00:00+00:00,2024-09-04 16:00:00+00:00,0.3203,0.3258,-0.016881522406384297,-0.018843592443197443,0.001962070036813146,9.988775255673833,6
LINK,short,2024-09-03 12:00:00+00:00,2024-09-03 16:00:00+00:00,2024-09-04 16:00:00+00:00,10.291,10.39,-0.009528392685274278,-0.010822427730741158,0.0012940350454668792,6.536688716426203,6
AVAX,short,2024-09-03 16:00:00+00:00,2024-09-03 20:00:00+00:00,2024-09-04 20:00:00+00:00,21.825,21.89,-0.0029693924166286356,-0.0045057750636955385,0.0015363826470669029,7.710732744665526,6
SOL,short,2024-09-03 16:00:00+00:00,2024-09-03 20:00:00+00:00,2024-09-04 20:00:00+00:00,130.99,133.19,-0.016517756588332322,-0.01769740949250387,0.0011796529041715464,6.000925858297193,6
XRP,short,2024-09-05 04:00:00+00:00,2024-09-05 08:00:00+00:00,2024-09-06 08:00:00+00:00,0.5534,0.5351,0.03419921509998125,0.03301206471553164,0.001187150384449609,5.742762706652812,6
BTC,short,2024-09-05 08:00:00+00:00,2024-09-05 12:00:00+00:00,2024-09-06 12:00:00+00:00,56690.2,56007.0,0.012198475190601021,0.011184161726476072,0.0010143134641249496,5.012959217987713,6
DOT,short,2024-09-05 08:00:00+00:00,2024-09-05 12:00:00+00:00,2024-09-06 12:00:00+00:00,4.043,4.016,0.006723107569721165,0.004903254679768487,0.0018198528899526778,9.046674492363598,6
ETH,short,2024-09-05 08:00:00+00:00,2024-09-05 12:00:00+00:00,2024-09-06 12:00:00+00:00,2389.94,2373.27,0.007024063844400352,0.006009107805628355,0.001014956038771997,5.041924062981029,6
AVAX,short,2024-09-05 12:00:00+00:00,2024-09-05 16:00:00+00:00,2024-09-06 16:00:00+00:00,21.41,21.346,0.002998219806989555,0.0014526413179947184,0.0015455784889948365,7.710732744665526,6
LINK,short,2024-09-05 12:00:00+00:00,2024-09-05 16:00:00+00:00,2024-09-06 16:00:00+00:00,10.002,9.684,0.03283767038413887,0.03148828476633314,0.0013493856178057317,6.536688716426203,6
BNB,short,2024-09-05 16:00:00+00:00,2024-09-05 20:00:00+00:00,2024-09-06 20:00:00+00:00,499.3,482.1,0.0356772453847749,0.0343408578512121,0.0013363875335627995,6.455921962584254,6
ADA,short,2024-09-06 08:00:00+00:00,2024-09-06 12:00:00+00:00,2024-09-07 12:00:00+00:00,0.3214,0.3234,-0.00618429189857761,-0.008167711056513594,0.001983419157935984,9.988775255673833,6
DOT,short,2024-09-06 16:00:00+00:00,2024-09-06 20:00:00+00:00,2024-09-07 20:00:00+00:00,3.925,4.114,-0.045940690325717126,-0.04766534289288471,0.0017246525671675839,9.046674492363598,6
SOL,short,2024-09-06 16:00:00+00:00,2024-09-06 20:00:00+00:00,2024-09-07 20:00:00+00:00,125.1,128.32,-0.025093516209476308,-0.026262882786863284,0.0011693665773869766,6.000925858297193,6
SOL,short,2024-09-09 04:00:00+00:00,2024-09-09 08:00:00+00:00,2024-09-10 08:00:00+00:00,129.31,134.96,-0.041864256075874406,-0.0430135067313715,0.0011492506554970916,6.000925858297193,6
DOT,long,2024-09-09 08:00:00+00:00,2024-09-09 12:00:00+00:00,2024-09-10 12:00:00+00:00,4.173,4.241,0.016295231248502295,0.014458074835059342,0.001837156413442953,9.046674492363598,6
AVAX,long,2024-09-10 08:00:00+00:00,2024-09-10 12:00:00+00:00,2024-09-11 12:00:00+00:00,24.072,23.631,-0.018320039880358907,-0.019832767818929398,0.0015127279385704906,7.710732744665526,6
LINK,long,2024-09-10 08:00:00+00:00,2024-09-10 12:00:00+00:00,2024-09-11 12:00:00+00:00,10.536,10.357,-0.016989369779802588,-0.018273657180044256,0.0012842874002416682,6.536688716426203,6
BNB,long,2024-09-10 20:00:00+00:00,2024-09-11 00:00:00+00:00,2024-09-12 00:00:00+00:00,517.0,530.2,0.025531914893617058,0.02420861840096733,0.0013232964926497282,6.455921962584254,6
BTC,long,2024-09-10 20:00:00+00:00,2024-09-11 00:00:00+00:00,2024-09-12 00:00:00+00:00,57644.5,57340.2,-0.005278907788253906,-0.006275707350404391,0.0009967995621504855,5.012959217987713,6
ADA,long,2024-09-11 20:00:00+00:00,2024-09-12 00:00:00+00:00,2024-09-13 00:00:00+00:00,0.3532,0.3563,0.008776896942242374,0.0067636188191779745,0.0020132781230643992,9.988775255673833,6
DOT,long,2024-09-12 00:00:00+00:00,2024-09-12 04:00:00+00:00,2024-09-13 04:00:00+00:00,4.24,4.291,0.01202830188679238,0.010198858799557842,0.001829443087234539,9.046674492363598,6
ETH,long,2024-09-12 00:00:00+00:00,2024-09-12 04:00:00+00:00,2024-09-13 04:00:00+00:00,2367.93,2356.5,-0.004827000798165448,-0.005830012425620312,0.001003011627454864,5.041924062981029,6
LINK,long,2024-09-12 00:00:00+00:00,2024-09-12 04:00:00+00:00,2024-09-13 04:00:00+00:00,10.525,10.735,0.019952494061757697,0.01861994271724665,0.001332551344511046,6.536688716426203,6
SOL,long,2024-09-12 00:00:00+00:00,2024-09-12 04:00:00+00:00,2024-09-13 04:00:00+00:00,135.61,134.46,-0.008480200575178842,-0.009669494249539112,0.00118929367436027,6.000925858297193,6
XRP,long,2024-09-12 00:00:00+00:00,2024-09-12 04:00:00+00:00,2024-09-13 04:00:00+00:00,0.5372,0.5608,0.04393149664929252,0.042733174643733385,0.0011983220055591381,5.742762706652812,6
ETH,long,2024-09-13 08:00:00+00:00,2024-09-13 12:00:00+00:00,2024-09-14 12:00:00+00:00,2354.61,2417.66,0.026777258229600642,0.025742393407467645,0.001034864822132997,5.041924062981029,6
AVAX,long,2024-09-13 12:00:00+00:00,2024-09-13 16:00:00+00:00,2024-09-14 16:00:00+00:00,24.706,25.475,0.03112604225694171,0.029537119964874847,0.0015889222920668633,7.710732744665526,6
BNB,long,2024-09-13 12:00:00+00:00,2024-09-13 16:00:00+00:00,2024-09-14 16:00:00+00:00,553.4,550.8,-0.004698229129020626,-0.005982518114466817,0.0012842889854461914,6.455921962584254,6
BTC,long,2024-09-13 12:00:00+00:00,2024-09-13 16:00:00+00:00,2024-09-14 16:00:00+00:00,59658.4,59865.3,0.003468078258887397,0.0024625134338602805,0.0010055648250271165,5.012959217987713,6
XRP,long,2024-09-13 12:00:00+00:00,2024-09-13 16:00:00+00:00,2024-09-14 16:00:00+00:00,0.5711,0.587,0.027841008579933213,0.02666115673836056,0.0011798518415726544,5.742762706652812,6
ADA,long,2024-09-13 16:00:00+00:00,2024-09-13 20:00:00+00:00,2024-09-14 20:00:00+00:00,0.3588,0.3528,-0.01672240802675584,-0.018684795617926797,0.0019623875911709554,9.988775255673833,6
SOL,long,2024-09-13 20:00:00+00:00,2024-09-14 00:00:00+00:00,2024-09-15 00:00:00+00:00,138.97,137.15,-0.013096351730589317,-0.014280108491443455,0.0011837567608541377,6.000925858297193,6
DOT,long,2024-09-15 00:00:00+00:00,2024-09-15 04:00:00+00:00,2024-09-16 04:00:00+00:00,4.498,4.281,-0.048243663850600416,-0.04996415333360604,0.0017204894830056272,9.046674492363598,6
BNB,long,2024-09-15 12:00:00+00:00,2024-09-15 16:00:00+00:00,2024-09-16 16:00:00+00:00,561.4,535.0,-0.04702529390808685,-0.04825496610827973,0.0012296722001928773,6.455921962584254,6
BTC,long,2024-09-15 12:00:00+00:00,2024-09-15 16:00:00+00:00,2024-09-16 16:00:00+00:00,60336.8,57887.8,-0.040588828045239334,-0.04155024390704687,0.0009614158618075352,5.012959217987713,6
ETH,long,2024-09-15 12:00:00+00:00,2024-09-15 16:00:00+00:00,2024-09-16 16:00:00+00:00,2408.49,2287.78,-0.050118539001615,-0.05107590234532433,0.0009573633437093276,5.041924062981029,6
XRP,long,2024-09-16 20:00:00+00:00,2024-09-17 00:00:00+00:00,2024-09-18 00:00:00+00:00,0.5865,0.5838,-0.004603580562659859,-0.005746189476650065,0.0011426089139902063,5.742762706652812,6
ETH,short,2024-09-17 00:00:00+00:00,2024-09-17 04:00:00+00:00,2024-09-18 04:00:00+00:00,2283.87,2335.01,-0.02190140513316874,-0.022887207867201553,0.0009858027340328146,5.041924062981029,6
AVAX,short,2024-09-18 00:00:00+00:00,2024-09-18 04:00:00+00:00,2024-09-19 04:00:00+00:00,23.847,25.636,-0.06978467779684805,-0.07121810087152458,0.001433423074676532,7.710732744665526,6
DOT,short,2024-09-18 00:00:00+00:00,2024-09-18 04:00:00+00:00,2024-09-19 04:00:00+00:00,4.162,4.224,-0.014678030303030387,-0.016459196366075957,0.0017811660630455695,9.046674492363598,6
SOL,short,2024-09-18 00:00:00+00:00,2024-09-18 04:00:00+00:00,2024-09-19 04:00:00+00:00,131.67,138.01,-0.045938700094196094,-0.047083063595144914,0.0011443635009488196,6.000925858297193,6
LINK,short,2024-09-18 04:00:00+00:00,2024-09-18 08:00:00+00:00,2024-09-19 08:00:00+00:00,10.595,11.156,-0.050286841161706675,-0.05152762595715332,0.0012407847954466478,6.536688716426203,6
ADA,short,2024-09-18 08:00:00+00:00,2024-09-18 12:00:00+00:00,2024-09-19 12:00:00+00:00,0.3308,0.3492,-0.05269186712485685,-0.054582468253312144,0.0018906011284552937,9.988775255673833,6
BNB,short,2024-09-18 08:00:00+00:00,2024-09-18 12:00:00+00:00,2024-09-19 12:00:00+00:00,539.7,558.4,-0.03348853868194834,-0.034735678052545405,0.0012471393705970613,6.455921962584254,6
ETH,short,2024-09-18 08:00:00+00:00,2024-09-18 12:00:00+00:00,2024-09-19 12:00:00+00:00,2300.37,2435.25,-0.05538651062519251,-0.05633856450331576,0.000952053878123249,5.041924062981029,6
BTC,long,2024-09-19 00:00:00+00:00,2024-09-19 04:00:00+00:00,2024-09-20 04:00:00+00:00,62114.9,63766.1,0.026582993774440622,0.02555426573527697,0.001028728039163651,5.012959217987713,6
XRP,long,2024-09-20 04:00:00+00:00,2024-09-20 08:00:00+00:00,2024-09-21 08:00:00+00:00,0.5909,0.5834,-0.012692502961583974,-0.013825826655477713,0.0011333236938937397,5.742762706652812,6
BNB,long,2024-09-20 16:00:00+00:00,2024-09-20 20:00:00+00:00,2024-09-21 20:00:00+00:00,566.8,585.2,0.03246294989414267,0.03113070993111111,0.0013322399630315562,6.455921962584254,6
DOT,long,2024-09-21 08:00:00+00:00,2024-09-21 12:00:00+00:00,2024-09-22 12:00:00+00:00,4.333,4.348,0.0034618047542118724,0.0016478473198306975,0.0018139574343811748,9.046674492363598,6
ADA,long,2024-09-21 12:00:00+00:00,2024-09-21 16:00:00+00:00,2024-09-22 16:00:00+00:00,0.3557,0.3476,-0.022771998875456778,-0.02472231292594096,0.001950314050484181,9.988775255673833,6
AVAX,long,2024-09-21 12:00:00+00:00,2024-09-21 16:00:00+00:00,2024-09-22 16:00:00+00:00,27.57,26.869,-0.025426187885382645,-0.026927965545797683,0.001501777660415038,7.710732744665526,6
ETH,long,2024-09-22 00:00:00+00:00,2024-09-22 04:00:00+00:00,2024-09-23 04:00:00+00:00,2595.0,2676.99,0.03159537572254334,0.03055565483229783,0.0010397208902455102,5.041924062981029,6
LINK,long,2024-09-22 00:00:00+00:00,2024-09-22 04:00:00+00:00,2024-09-23 04:00:00+00:00,11.377,11.43,0.0046585215786234535,0.003345951560413285,0.0013125700182101685,6.536688716426203,6
BNB,long,2024-09-23 00:00:00+00:00,2024-09-23 04:00:00+00:00,2024-09-24 04:00:00+00:00,596.8,606.6,0.016420911528150173,0.0151093714310091,0.0013115400971410729,6.455921962584254,6
ADA,long,2024-09-23 04:00:00+00:00,2024-09-23 08:00:00+00:00,2024-09-24 08:00:00+00:00,0.3532,0.3683,0.04275198187995466,0.0406708975893999,0.0020810842905547577,9.988775255673833,6
AVAX,long,2024-09-23 04:00:00+00:00,2024-09-23 08:00:00+00:00,2024-09-24 08:00:00+00:00,27.652,27.391,-0.00943873860841904,-0.010965152262406574,0.001526413653987535,7.710732744665526,6
BTC,long,2024-09-23 04:00:00+00:00,2024-09-23 08:00:00+00:00,2024-09-24 08:00:00+00:00,63553.2,63559.9,0.00010542348772379917,-0.0008967716562642281,0.0010021951439880272,5.012959217987713,6
DOT,long,2024-09-23 12:00:00+00:00,2024-09-23 16:00:00+00:00,2024-09-24 16:00:00+00:00,4.42,4.496,0.017194570135746767,0.015355787987818559,0.0018387821479282085,9.046674492363598,6
XRP,long,2024-09-23 16:00:00+00:00,2024-09-23 20:00:00+00:00,2024-09-24 20:00:00+00:00,0.5876,0.5912,0.006126616746085611,0.004971690710138255,0.0011549260359473568,5.742762706652812,6
SOL,long,2024-09-24 08:00:00+00:00,2024-09-24 12:00:00+00:00,2024-09-25 12:00:00+00:00,146.46,150.95,0.030656834630615748,0.029420597437396445,0.0012362371932193028,6.000925858297193,6
BTC,long,2024-09-24 16:00:00+00:00,2024-09-24 20:00:00+00:00,2024-09-25 20:00:00+00:00,64287.6,63192.9,-0.017028167173762876,-0.018013192926447874,0.0009850257526849981,5.012959217987713,6
LINK,long,2024-09-24 16:00:00+00:00,2024-09-24 20:00:00+00:00,2024-09-25 20:00:00+00:00,11.851,12.136,0.02404860349337601,0.022710700648513438,0.0013379028448625707,6.536688716426203,6
AVAX,long,2024-09-24 20:00:00+00:00,2024-09-25 00:00:00+00:00,2024-09-26 00:00:00+00:00,28.477,27.29,-0.041682761526846246,-0.04315948848425022,0.0014767269574039732,7.710732744665526,6
ADA,long,2024-09-26 04:00:00+00:00,2024-09-26 08:00:00+00:00,2024-09-27 08:00:00+00:00,0.3955,0.4078,0.03109987357774968,0.029042044116685206,0.0020578294610644754,9.988775255673833,6
AVAX,long,2024-09-26 04:00:00+00:00,2024-09-26 08:00:00+00:00,2024-09-27 08:00:00+00:00,28.013,29.629,0.05768750223110697,0.05605764983531514,0.001629852395791831,7.710732744665526,6
DOT,long,2024-09-26 04:00:00+00:00,2024-09-26 08:00:00+00:00,2024-09-27 08:00:00+00:00,4.808,4.888,0.016638935108153063,0.014801157381403973,0.0018377777267490902,9.046674492363598,6
BTC,long,2024-09-26 08:00:00+00:00,2024-09-26 12:00:00+00:00,2024-09-27 12:00:00+00:00,64408.2,65448.6,0.01615322272629882,0.015134946251192494,0.0010182764751063278,5.012959217987713,6
SOL,long,2024-09-26 12:00:00+00:00,2024-09-26 16:00:00+00:00,2024-09-27 16:00:00+00:00,157.12,159.05,0.012283604887983746,0.011069405747784922,0.001214199140198824,6.000925858297193,6
LINK,long,2024-09-26 16:00:00+00:00,2024-09-26 20:00:00+00:00,2024-09-27 20:00:00+00:00,12.62,12.683,0.004992076069730622,0.0036790702680029597,0.0013130058017276625,6.536688716426203,6
XRP,long,2024-09-27 16:00:00+00:00,2024-09-27 20:00:00+00:00,2024-09-28 20:00:00+00:00,0.5869,0.6228,0.061168853296984294,0.05995074464464323,0.0012181086523410656,5.742762706652812,6
BNB,short,2024-09-29 20:00:00+00:00,2024-09-30 00:00:00+00:00,2024-10-01 00:00:00+00:00,595.6,567.3,0.049885422175216076,0.04853070110152591,0.0013547210736901683,6.455921962584254,6
SOL,long,2024-09-29 20:00:00+00:00,2024-09-30 00:00:00+00:00,2024-10-01 00:00:00+00:00,158.47,152.51,-0.03760964220357166,-0.038763996121119915,0.0011543539175482564,6.000925858297193,6
ADA,short,2024-10-01 12:00:00+00:00,2024-10-01 16:00:00+00:00,2024-10-02 16:00:00+00:00,0.3664,0.3519,0.041204887752202435,0.03912689109259082,0.002077996659611614,9.988775255673833,6
AVAX,short,2024-10-01 12:00:00+00:00,2024-10-01 16:00:00+00:00,2024-10-02 16:00:00+00:00,26.684,26.217,0.017812869512148666,0.016244462264882742,0.0015684072472659238,7.710732744665526,6
BNB,short,2024-10-01 12:00:00+00:00,2024-10-01 16:00:00+00:00,2024-10-02 16:00:00+00:00,561.4,549.4,0.021842009464870804,0.020523474246679108,0.0013185352181916965,6.455921962584254,6
ETH,short,2024-10-01 12:00:00+00:00,2024-10-01 16:00:00+00:00,2024-10-02 16:00:00+00:00,2524.71,2460.31,0.02617556324203041,0.025141304854225055,0.0010342583878053535,5.041924062981029,6
LINK,short,2024-10-01 12:00:00+00:00,2024-10-01 16:00:00+00:00,2024-10-02 16:00:00+00:00,11.427,10.923,0.046141170008239474,0.044774403584549205,0.0013667664236902688,6.536688716426203,6
ADA,short,2024-10-02 20:00:00+00:00,2024-10-03 00:00:00+00:00,2024-10-04 00:00:00+00:00,0.3431,0.3453,-0.006371271358239117,-0.008354317349762663,0.0019830459915235465,9.988775255673833,6
AVAX,short,2024-10-02 20:00:00+00:00,2024-10-03 00:00:00+00:00,2024-10-04 00:00:00+00:00,25.329,24.65,0.02754563894523332,0.025962233905571397,0.0015834050396619226,7.710732744665526,6
BTC,short,2024-10-02 20:00:00+00:00,2024-10-03 00:00:00+00:00,2024-10-04 00:00:00+00:00,60650.1,60757.9,-0.0017742548705600436,-0.002774566408601409,0.0010003115380413652,5.012959217987713,6
ETH,short,2024-10-02 20:00:00+00:00,2024-10-03 00:00:00+00:00,2024-10-04 00:00:00+00:00,2364.0,2349.62,0.006120138575599565,0.005106093581998206,0.0010140449936013596,5.041924062981029,6
LINK,short,2024-10-02 20:00:00+00:00,2024-10-03 00:00:00+00:00,2024-10-04 00:00:00+00:00,10.652,10.655,-0.0002815579540121904,-0.0015876738386605416,0.0013061158846483512,6.536688716426203,6
SOL,short,2024-10-02 20:00:00+00:00,2024-10-03 00:00:00+00:00,2024-10-04 00:00:00+00:00,140.19,136.77,0.025005483658697036,0.0237760250653265,0.001229458593370536,6.000925858297193,6
BNB,short,2024-10-03 00:00:00+00:00,2024-10-03 04:00:00+00:00,2024-10-04 04:00:00+00:00,549.7,546.7,0.005487470276202666,0.004190038159760379,0.0012974321164422875,6.455921962584254,6
AVAX,short,2024-10-05 16:00:00+00:00,2024-10-05 20:00:00+00:00,2024-10-06 20:00:00+00:00,25.459,26.85,-0.051806331471136,-0.053267458428830405,0.001461126957694403,7.710732744665526,6
DOT,short,2024-10-06 04:00:00+00:00,2024-10-06 08:00:00+00:00,2024-10-07 08:00:00+00:00,4.135,4.244,-0.025683317624882185,-0.02744458943519168,0.0017612718103094949,9.046674492363598,6
BTC,long,2024-10-06 08:00:00+00:00,2024-10-06 12:00:00+00:00,2024-10-07 12:00:00+00:00,62102.6,63149.2,0.016852756567357963,0.015833779096734224,0.0010189774706237387,5.012959217987713,6
XRP,long,2024-10-08 04:00:00+00:00,2024-10-08 08:00:00+00:00,2024-10-09 08:00:00+00:00,0.5271,0.5309,0.007209258205274294,0.006053089412413337,0.0011561687928609565,5.742762706652812,6
BNB,long,2024-10-08 16:00:00+00:00,2024-10-08 20:00:00+00:00,2024-10-09 20:00:00+00:00,585.4,571.8,-0.023231978134608866,-0.024492352071972645,0.001260373937363779,6.455921962584254,6
ETH,long,2024-10-08 20:00:00+00:00,2024-10-09 00:00:00+00:00,2024-10-10 00:00:00+00:00,2440.6,2370.7,-0.02864049823813819,-0.029619508797596006,0.0009790105594578158,5.041924062981029,6
LINK,short,2024-10-10 12:00:00+00:00,2024-10-10 16:00:00+00:00,2024-10-11 16:00:00+00:00,10.635,10.863,-0.020988677161005276,-0.02226773953119998,0.0012790623701947057,6.536688716426203,6
XRP,long,2024-10-12 08:00:00+00:00,2024-10-12 12:00:00+00:00,2024-10-13 12:00:00+00:00,0.5392,0.5311,-0.015022255192878364,-0.016152904579717187,0.0011306493868388223,5.742762706652812,6
SOL,long,2024-10-13 20:00:00+00:00,2024-10-14 00:00:00+00:00,2024-10-15 00:00:00+00:00,147.74,157.59,0.06667117909841602,0.06539174394577452,0.001279435152641506,6.000925858297193,6
BTC,long,2024-10-14 00:00:00+00:00,2024-10-14 04:00:00+00:00,2024-10-15 04:00:00+00:00,64315.1,65423.5,0.01723389997061342,0.01621454056018723,0.0010193594104261905,5.012959217987713,6
DOT,long,2024-10-14 00:00:00+00:00,2024-10-14 04:00:00+00:00,2024-10-15 04:00:00+00:00,4.256,4.375,0.02796052631578938,0.026102282553917888,0.001858243761871492,9.046674492363598,6
ETH,long,2024-10-14 00:00:00+00:00,2024-10-14 04:00:00+00:00,2024-10-15 04:00:00+00:00,2521.26,2612.73,0.036279479307965046,0.03523503741909484,0.0010444418888702067,5.041924062981029,6
LINK,long,2024-10-14 04:00:00+00:00,2024-10-14 08:00:00+00:00,2024-10-15 08:00:00+00:00,11.023,11.494,0.042728839698811694,0.041366531429170905,0.0013623082696407884,6.536688716426203,6
ADA,long,2024-10-14 08:00:00+00:00,2024-10-14 12:00:00+00:00,2024-10-15 12:00:00+00:00,0.3558,0.3552,-0.001686340640809414,-0.0036787366368286056,0.0019923959960191917,9.988775255673833,6
AVAX,long,2024-10-14 08:00:00+00:00,2024-10-14 12:00:00+00:00,2024-10-15 12:00:00+00:00,29.357,28.474,-0.030078005245767536,-0.03157261464934524,0.0014946094035777069,7.710732744665526,6
BNB,long,2024-10-16 00:00:00+00:00,2024-10-16 04:00:00+00:00,2024-10-17 04:00:00+00:00,593.9,604.0,0.017006230005051304,0.015693934641422436,0.0013122953636288681,6.455921962584254,6
BTC,long,2024-10-16 00:00:00+00:00,2024-10-16 04:00:00+00:00,2024-10-17 04:00:00+00:00,67103.2,67600.1,0.007405011981544973,0.006395501996571351,0.0010095099849736222,5.012959217987713,6
XRP,long,2024-10-16 08:00:00+00:00,2024-10-16 12:00:00+00:00,2024-10-17 12:00:00+00:00,0.544,0.5526,0.015808823529411598,0.014642783352844857,0.0011660401765667405,5.742762706652812,6
AVAX,short,2024-10-17 04:00:00+00:00,2024-10-17 08:00:00+00:00,2024-10-18 08:00:00+00:00,27.579,27.698,-0.004296339085854584,-0.005830676963362036,0.0015343378775074523,7.710732744665526,6
BTC,long,2024-10-18 04:00:00+00:00,2024-10-18 08:00:00+00:00,2024-10-19 08:00:00+00:00,67980.0,68359.3,0.0055795822300677145,0.004571901489081709,0.0010076807409860056,5.012959217987713,6
BNB,long,2024-10-18 08:00:00+00:00,2024-10-18 12:00:00+00:00,2024-10-19 12:00:00+00:00,595.0,596.9,0.003193277310924225,0.0018988055094759648,0.0012944718014482604,6.455921962584254,6
ETH,long,2024-10-18 08:00:00+00:00,2024-10-18 12:00:00+00:00,2024-10-19 12:00:00+00:00,2622.0,2631.57,0.0036498855835240818,0.002638330300230196,0.0010115552832938857,5.041924062981029,6
XRP,long,2024-10-18 20:00:00+00:00,2024-10-19 00:00:00+00:00,2024-10-20 00:00:00+00:00,0.5466,0.5441,-0.004573728503475927,-0.00571637168444572,0.0011426431809697934,5.742762706652812,6
SOL,long,2024-10-19 16:00:00+00:00,2024-10-19 20:00:00+00:00,2024-10-20 20:00:00+00:00,156.38,160.38,0.025578718506202858,0.024348572337477448,0.00123014616872541,6.000925858297193,6
ADA,short,2024-10-19 20:00:00+00:00,2024-10-20 00:00:00+00:00,2024-10-21 00:00:00+00:00,0.3515,0.365,-0.03698630136986303,-0.03890824706225593,0.0019219456923929013,9.988775255673833,6
AVAX,short,2024-10-20 00:00:00+00:00,2024-10-20 04:00:00+00:00,2024-10-21 04:00:00+00:00,27.824,28.686,-0.030049501498988995,-0.031544154825653536,0.0014946533266645412,7.710732744665526,6
DOT,long,2024-10-20 04:00:00+00:00,2024-10-20 08:00:00+00:00,2024-10-21 08:00:00+00:00,4.408,4.509,0.02291288566243188,0.021063766518204963,0.0018491191442269184,9.046674492363598,6
ETH,long,2024-10-20 08:00:00+00:00,2024-10-20 12:00:00+00:00,2024-10-21 12:00:00+00:00,2649.79,2705.16,0.02089599553172139,0.019867058296927365,0.001028937234794025,5.041924062981029,6
LINK,long,2024-10-20 08:00:00+00:00,2024-10-20 12:00:00+00:00,2024-10-21 12:00:00+00:00,11.676,11.741,0.005566974991435325,0.004253218093617006,0.001313756897818319,6.536688716426203,6
BNB,long,2024-10-20 12:00:00+00:00,2024-10-20 16:00:00+00:00,2024-10-21 16:00:00+00:00,599.1,595.6,-0.005842096478050451,-0.00712490947271649,0.0012828129946660383,6.455921962584254,6
BTC,long,2024-10-20 12:00:00+00:00,2024-10-20 16:00:00+00:00,2024-10-21 16:00:00+00:00,68635.2,67331.1,-0.019000454577243087,-0.01998350392142967,0.0009830493441865817,5.012959217987713,6
LINK,long,2024-10-22 04:00:00+00:00,2024-10-22 08:00:00+00:00,2024-10-23 08:00:00+00:00,12.11,11.609,-0.04137076796036332,-0.0426232014604323,0.0012524335000689835,6.536688716426203,6
ADA,long,2024-10-22 08:00:00+00:00,2024-10-22 12:00:00+00:00,2024-10-23 12:00:00+00:00,0.3618,0.3541,-0.021282476506357062,-0.02323576328828314,0.001953286781926078,9.988775255673833,6
SOL,long,2024-10-22 08:00:00+00:00,2024-10-22 12:00:00+00:00,2024-10-23 12:00:00+00:00,167.93,166.41,-0.009051390460310893,-0.010239999012177758,0.0011886085518668654,6.000925858297193,6
AVAX,short,2024-10-22 16:00:00+00:00,2024-10-22 20:00:00+00:00,2024-10-23 20:00:00+00:00,27.659,26.589,0.040242205423295374,0.038639235503412195,0.0016029699198831793,7.710732744665526,6
BTC,short,2024-10-23 00:00:00+00:00,2024-10-23 04:00:00+00:00,2024-10-24 04:00:00+00:00,67090.1,67220.1,-0.0019339453526548978,-0.0029340968665406697,0.001000151513885772,5.012959217987713,6
SOL,long,2024-10-23 20:00:00+00:00,2024-10-24 00:00:00+00:00,2024-10-25 00:00:00+00:00,170.87,177.18,0.03692865921460764,0.03568489918492168,0.0012437600296859586,6.000925858297193,6
AVAX,short,2024-10-25 00:00:00+00:00,2024-10-25 04:00:00+00:00,2024-10-26 04:00:00+00:00,26.553,25.279,0.05039756319474664,0.04877894429143592,0.0016186189033107201,7.710732744665526,6
DOT,short,2024-10-25 00:00:00+00:00,2024-10-25 04:00:00+00:00,2024-10-26 04:00:00+00:00,4.16,4.029,0.03251427153139752,0.030647795966432856,0.0018664755649646647,9.046674492363598,6
ETH,short,2024-10-25 00:00:00+00:00,2024-10-25 04:00:00+00:00,2024-10-26 04:00:00+00:00,2521.74,2452.29,0.02832046780764097,0.027284047620609986,0.0010364201870309842,5.041924062981029,6
BNB,short,2024-10-25 08:00:00+00:00,2024-10-25 12:00:00+00:00,2024-10-26 12:00:00+00:00,592.5,584.4,0.01386036960985626,0.012552133511440466,0.0013082360984157937,6.455921962584254,6
XRP,short,2024-10-25 08:00:00+00:00,2024-10-25 12:00:00+00:00,2024-10-26 12:00:00+00:00,0.5264,0.5144,0.023328149300155587,0.022153477739664584,0.001174671560491003,5.742762706652812,6
SOL,long,2024-10-28 08:00:00+00:00,2024-10-28 12:00:00+00:00,2024-10-29 12:00:00+00:00,176.96,180.81,0.021756329113924,0.0205307677689488,0.0012255613449752012,6.000925858297193,6
DOT,long,2024-10-29 08:00:00+00:00,2024-10-29 12:00:00+00:00,2024-10-30 12:00:00+00:00,4.162,4.144,-0.004324843825084024,-0.006124725338475967,0.0017998815133919432,9.046674492363598,6
ETH,long,2024-10-30 04:00:00+00:00,2024-10-30 08:00:00+00:00,2024-10-31 08:00:00+00:00,2669.0,2647.0,-0.008242787560884257,-0.009242356496623527,0.00099956893573927,5.041924062981029,6
ADA,long,2024-10-30 16:00:00+00:00,2024-10-30 20:00:00+00:00,2024-10-31 20:00:00+00:00,0.3551,0.3409,-0.039988735567445866,-0.04190468911717138,0.0019159535497255131,9.988775255673833,6
DOT,long,2024-10-30 16:00:00+00:00,2024-10-30 20:00:00+00:00,2024-10-31 20:00:00+00:00,4.151,3.911,-0.057817393399180905,-0.05952057645576636,0.0017031830565854555,9.046674492363598,6
BNB,short,2024-11-01 20:00:00+00:00,2024-11-02 00:00:00+00:00,2024-11-03 00:00:00+00:00,573.0,568.7,0.00756110427290313,0.006260996440029976,0.0013001078328731541,6.455921962584254,6
XRP,short,2024-11-02 00:00:00+00:00,2024-11-02 04:00:00+00:00,2024-11-03 04:00:00+00:00,0.5144,0.5019,0.02490535963339302,0.023728877603675258,0.0011764820297177625,5.742762706652812,6
ETH,short,2024-11-02 04:00:00+00:00,2024-11-02 08:00:00+00:00,2024-11-03 08:00:00+00:00,2507.68,2450.19,0.023463486505128195,0.022431961556135915,0.0010315249489922795,5.041924062981029,6
AVAX,short,2024-11-02 08:00:00+00:00,2024-11-02 12:00:00+00:00,2024-11-03 12:00:00+00:00,24.654,23.221,0.061711381938762244,0.06007532891190692,0.001636053026855322,7.710732744665526,6
SOL,short,2024-11-02 08:00:00+00:00,2024-11-02 12:00:00+00:00,2024-11-03 12:00:00+00:00,166.03,163.64,0.014605230994866769,0.013388247144524357,0.0012169838503424124,6.000925858297193,6
DOT,short,2024-11-02 12:00:00+00:00,2024-11-02 16:00:00+00:00,2024-11-03 16:00:00+00:00,3.857,3.733,0.033217251540316184,0.03134950519871893,0.001867746341597254,9.046674492363598,6
ADA,short,2024-11-04 16:00:00+00:00,2024-11-04 20:00:00+00:00,2024-11-05 20:00:00+00:00,0.3283,0.3299,-0.004849954531676359,-0.006836036708797066,0.001986082177120707,9.988775255673833,6
BTC,short,2024-11-04 16:00:00+00:00,2024-11-04 20:00:00+00:00,2024-11-05 20:00:00+00:00,67851.6,68998.6,-0.01662352569472425,-0.0176089569343868,0.0009854312396625486,5.012959217987713,6
ETH,short,2024-11-04 16:00:00+00:00,2024-11-04 20:00:00+00:00,2024-11-05 20:00:00+00:00,2430.63,2408.06,0.009372690049251231,0.008355366884970516,0.0010173231642807146,5.041924062981029,6
LINK,short,2024-11-04 16:00:00+00:00,2024-11-04 20:00:00+00:00,2024-11-05 20:00:00+00:00,10.361,10.655,-0.02759267949319555,-0.028863113841753885,0.0012704343485583358,6.536688716426203,6
AVAX,short,2024-11-04 20:00:00+00:00,2024-11-05 00:00:00+00:00,2024-11-06 00:00:00+00:00,22.726,23.99,-0.05268862025844101,-0.05414838764585517,0.001459767387414157,7.710732744665526,6
BNB,short,2024-11-04 20:00:00+00:00,2024-11-05 00:00:00+00:00,2024-11-06 00:00:00+00:00,552.5,563.3,-0.01917273211432624,-0.020438343905279543,0.0012656117909533027,6.455921962584254,6
SOL,short,2024-11-04 20:00:00+00:00,2024-11-05 00:00:00+00:00,2024-11-06 00:00:00+00:00,157.95,166.63,-0.052091460121226674,-0.05322844359952328,0.0011369834782966048,6.000925858297193,6
DOT,long,2024-11-07 12:00:00+00:00,2024-11-07 16:00:00+00:00,2024-11-08 16:00:00+00:00,4.149,4.341,0.0462762111352133,0.044384858118474035,0.0018913530167392612,9.046674492363598,6
SOL,long,2024-11-07 16:00:00+00:00,2024-11-07 20:00:00+00:00,2024-11-08 20:00:00+00:00,197.04,199.53,0.012637028014616414,0.011422404955612198,0.0012146230590042162,6.000925858297193,6
BTC,long,2024-11-08 00:00:00+00:00,2024-11-08 04:00:00+00:00,2024-11-09 04:00:00+00:00,75903.5,76346.2,0.005832405620294079,0.004824471527643315,0.001007934092650764,5.012959217987713,6
LINK,long,2024-11-08 00:00:00+00:00,2024-11-08 04:00:00+00:00,2024-11-09 04:00:00+00:00,12.632,13.347,0.05660227992400246,0.05522184623035176,0.0013804336936507067,6.536688716426203,6
AVAX,long,2024-11-08 04:00:00+00:00,2024-11-08 08:00:00+00:00,2024-11-09 08:00:00+00:00,27.584,29.266,0.06097737819025517,0.05934245623261014,0.0016349219576450302,7.710732744665526,6
BNB,long,2024-11-08 08:00:00+00:00,2024-11-08 12:00:00+00:00,2024-11-09 12:00:00+00:00,596.0,625.8,0.04999999999999982,0.04864513108065838,0.0013548689193414454,6.455921962584254,6
ETH,long,2024-11-09 04:00:00+00:00,2024-11-09 08:00:00+00:00,2024-11-10 08:00:00+00:00,3030.75,3186.23,0.051300833127113865,0.05024125156649539,0.0010595815606184722,5.041924062981029,6
ADA,long,2024-11-09 20:00:00+00:00,2024-11-10 00:00:00+00:00,2024-11-11 00:00:00+00:00,0.4966,0.5902,0.18848167539267013,0.1861097493860535,0.0023719260066166203,9.988775255673833,6
DOT,long,2024-11-09 20:00:00+00:00,2024-11-10 00:00:00+00:00,2024-11-11 00:00:00+00:00,4.634,5.241,0.13098834700043138,0.12894385989537205,0.002044487105059334,9.046674492363598,6
AVAX,long,2024-11-10 00:00:00+00:00,2024-11-10 04:00:00+00:00,2024-11-11 04:00:00+00:00,30.482,32.254,0.0581326684600747,0.05650213008166216,0.0016305383784125382,7.710732744665526,6
XRP,long,2024-11-10 00:00:00+00:00,2024-11-10 04:00:00+00:00,2024-11-11 04:00:00+00:00,0.5715,0.5946,0.04041994750656164,0.039225656384853425,0.001194291121708213,5.742762706652812,6
BTC,long,2024-11-10 04:00:00+00:00,2024-11-10 08:00:00+00:00,2024-11-11 08:00:00+00:00,78844.3,81114.7,0.028795994130203395,0.027765048466619424,0.0010309456635839709,5.012959217987713,6
LINK,long,2024-11-10 04:00:00+00:00,2024-11-10 08:00:00+00:00,2024-11-11 08:00:00+00:00,14.49,13.798,-0.047757073844030384,-0.049001163739332276,0.001244089895301892,6.536688716426203,6
BNB,long,2024-11-10 08:00:00+00:00,2024-11-10 12:00:00+00:00,2024-11-11 12:00:00+00:00,641.7,626.4,-0.02384291725105203,-0.02510250286230098,0.0012595856112489479,6.455921962584254,6
SOL,long,2024-11-10 12:00:00+00:00,2024-11-10 16:00:00+00:00,2024-11-11 16:00:00+00:00,212.46,219.08,0.03115880636355084,0.029921967072615407,0.001236839290935432,6.000925858297193,6
AVAX,long,2024-11-11 16:00:00+00:00,2024-11-11 20:00:00+00:00,2024-11-12 20:00:00+00:00,33.981,34.254,0.008033901297783919,0.0064805630333120146,0.001553338264471904,7.710732744665526,6
BNB,long,2024-11-11 16:00:00+00:00,2024-11-11 20:00:00+00:00,2024-11-12 20:00:00+00:00,635.7,628.6,-0.011168790309894594,-0.012444729997974413,0.001275939688079819,6.455921962584254,6
ETH,long,2024-11-11 16:00:00+00:00,2024-11-11 20:00:00+00:00,2024-11-12 20:00:00+00:00,3302.41,3274.19,-0.00854527451164444,-0.009544538577849537,0.0009992640662050967,5.041924062981029,6
XRP,long,2024-11-11 16:00:00+00:00,2024-11-11 20:00:00+00:00,2024-11-12 20:00:00+00:00,0.5989,0.6926,0.1564534980798129,0.15512601281894778,0.0013274852608651244,5.742762706652812,6
DOT,long,2024-11-11 20:00:00+00:00,2024-11-12 00:00:00+00:00,2024-11-13 00:00:00+00:00,5.709,5.309,-0.07006480994920294,-0.0717458533566282,0.0016810434074252534,9.046674492363598,6
LINK,long,2024-11-12 00:00:00+00:00,2024-11-12 04:00:00+00:00,2024-11-13 04:00:00+00:00,14.787,13.408,-0.09325759112734167,-0.09444223533685447,0.0011846442095128085,6.536688716426203,6
BTC,long,2024-11-13 12:00:00+00:00,2024-11-13 16:00:00+00:00,2024-11-14 16:00:00+00:00,92561.1,87965.9,-0.04964504527279834,-0.05059738599441044,0.0009523407216120994,5.012959217987713,6
SOL,long,2024-11-13 16:00:00+00:00,2024-11-13 20:00:00+00:00,2024-11-14 20:00:00+00:00,210.88,215.6,0.022382397572078938,0.02115608527966173,0.0012263122924172087,6.000925858297193,6
ADA,long,2024-11-14 00:00:00+00:00,2024-11-14 04:00:00+00:00,2024-11-15 04:00:00+00:00,0.5729,0.5943,0.03735381392913273,0.03528350309450534,0.002070310834627387,9.988775255673833,6
XRP,long,2024-11-14 00:00:00+00:00,2024-11-14 04:00:00+00:00,2024-11-15 04:00:00+00:00,0.6971,0.8209,0.17759288480849222,0.17624113378652817,0.0013517510219640538,5.742762706652812,6
AVAX,long,2024-11-14 04:00:00+00:00,2024-11-14 08:00:00+00:00,2024-11-15 08:00:00+00:00,33.742,31.617,-0.06297789105565754,-0.06442180310524792,0.001443912049590379,7.710732744665526,6
LINK,short,2024-11-14 08:00:00+00:00,2024-11-14 12:00:00+00:00,2024-11-15 12:00:00+00:00,13.282,13.494,-0.015710686230917426,-0.016996644210418577,0.001285957979501151,6.536688716426203,6
BNB,long,2024-11-14 16:00:00+00:00,2024-11-14 20:00:00+00:00,2024-11-15 20:00:00+00:00,637.5,612.8,-0.038745098039215775,-0.03998545460134084,0.0012403565621250667,6.455921962584254,6
BTC,long,2024-11-15 20:00:00+00:00,2024-11-16 00:00:00+00:00,2024-11-17 00:00:00+00:00,91050.1,90576.4,-0.005202630200296432,-0.006199506199417004,0.0009968759991205722,5.012959217987713,6
ETH,short,2024-11-17 00:00:00+00:00,2024-11-17 04:00:00+00:00,2024-11-18 04:00:00+00:00,3080.33,3113.4,-0.010621828226376362,-0.011618999382582262,0.0009971711562059005,5.041924062981029,6
AVAX,long,2024-11-17 04:00:00+00:00,2024-11-17 08:00:00+00:00,2024-11-18 08:00:00+00:00,36.506,35.92,-0.016052155810003743,-0.017568378463485135,0.0015162226534813916,7.710732744665526,6
SOL,long,2024-11-17 04:00:00+00:00,2024-11-17 08:00:00+00:00,2024-11-18 08:00:00+00:00,237.27,242.05,0.020145825430943676,0.018922195829382815,0.0012236296015608605,6.000925858297193,6
BNB,long,2024-11-17 20:00:00+00:00,2024-11-18 00:00:00+00:00,2024-11-19 00:00:00+00:00,618.7,619.1,0.0006465168902536345,-0.0006446686954433289,0.0012911855856969634,6.455921962584254,6
ADA,long,2024-11-18 04:00:00+00:00,2024-11-18 08:00:00+00:00,2024-11-19 08:00:00+00:00,0.7617,0.7555,-0.008139687541026785,-0.010119204195564002,0.0019795166545372167,9.988775255673833,6
DOT,long,2024-11-18 04:00:00+00:00,2024-11-18 08:00:00+00:00,2024-11-19 08:00:00+00:00,5.91,5.827,-0.014043993231810492,-0.015826305443372823,0.0017823122115623313,9.046674492363598,6
LINK,long,2024-11-18 04:00:00+00:00,2024-11-18 08:00:00+00:00,2024-11-19 08:00:00+00:00,14.865,14.848,-0.0011436259670366544,-0.0024486155738470128,0.0013049896068103584,6.536688716426203,6
XRP,long,2024-11-18 04:00:00+00:00,2024-11-18 08:00:00+00:00,2024-11-19 08:00:00+00:00,1.1704,1.1024,-0.05809979494190021,-0.05918099590804082,0.0010812009661406163,5.742762706652812,6
BTC,long,2024-11-18 08:00:00+00:00,2024-11-18 12:00:00+00:00,2024-11-19 12:00:00+00:00,90295.9,91678.5,0.015311880162886649,0.014294446788329251,0.0010174333745573971,5.012959217987713,6
AVAX,long,2024-11-18 16:00:00+00:00,2024-11-18 20:00:00+00:00,2024-11-19 20:00:00+00:00,34.832,34.758,-0.0021244832338079833,-0.003662167850741027,0.0015376846169330438,7.710732744665526,6
SOL,long,2024-11-19 16:00:00+00:00,2024-11-19 20:00:00+00:00,2024-11-20 20:00:00+00:00,243.62,233.03,-0.04346933749281667,-0.044616662908719795,0.001147325415903122,6.000925858297193,6
ADA,long,2024-11-20 04:00:00+00:00,2024-11-20 08:00:00+00:00,2024-11-21 08:00:00+00:00,0.7892,0.785,-0.005321844906234108,-0.007306985302699021,0.001985140396464913,9.988775255673833,6
SOL,long,2024-11-21 12:00:00+00:00,2024-11-21 16:00:00+00:00,2024-11-22 16:00:00+00:00,248.95,256.36,0.02976501305483037,0.028529845570717693,0.0012351674841126759,6.000925858297193,6
XRP,long,2024-11-21 16:00:00+00:00,2024-11-21 20:00:00+00:00,2024-11-22 20:00:00+00:00,1.1719,1.4356,0.22501919959040872,0.22361300821787777,0.0014061913725309516,5.742762706652812,6
