id,market_and_exchange_names,report_date_as_yyyy_mm_dd,yyyy_report_week_ww,contract_market_name,cftc_contract_market_code,cftc_market_code,cftc_region_code,cftc_commodity_code,commodity_name,open_interest_all,dealer_positions_long_all,dealer_positions_short_all,dealer_positions_spread_all,asset_mgr_positions_long,asset_mgr_positions_short,asset_mgr_positions_spread,lev_money_positions_long,lev_money_positions_short,lev_money_positions_spread,other_rept_positions_long,other_rept_positions_short,other_rept_positions_spread,tot_rept_positions_long_all,tot_rept_positions_short,nonrept_positions_long_all,nonrept_positions_short_all,pct_of_open_interest_all,pct_of_oi_dealer_long_all,pct_of_oi_dealer_short_all,pct_of_oi_dealer_spread_all,pct_of_oi_asset_mgr_long,pct_of_oi_asset_mgr_short,pct_of_oi_asset_mgr_spread,pct_of_oi_lev_money_long,pct_of_oi_lev_money_short,pct_of_oi_lev_money_spread,pct_of_oi_other_rept_long,pct_of_oi_other_rept_short,pct_of_oi_other_rept_spread,pct_of_oi_tot_rept_long_all,pct_of_oi_tot_rept_short,pct_of_oi_nonrept_long_all,pct_of_oi_nonrept_short_all,traders_tot_all,traders_dealer_long_all,traders_dealer_short_all,traders_dealer_spread_all,traders_asset_mgr_short_all,traders_asset_mgr_spread,traders_lev_money_long_all,traders_lev_money_short_all,traders_other_rept_short,traders_tot_rept_long_all,traders_tot_rept_short_all,conc_gross_le_4_tdr_long,conc_gross_le_4_tdr_short,conc_gross_le_8_tdr_long,conc_gross_le_8_tdr_short,conc_net_le_4_tdr_long_all,conc_net_le_4_tdr_short_all,conc_net_le_8_tdr_long_all,conc_net_le_8_tdr_short_all,contract_units,cftc_subgroup_code,commodity,commodity_subgroup_name,commodity_group_name,futonly_or_combined,change_in_open_interest_all,change_in_dealer_long_all,change_in_dealer_short_all,change_in_dealer_spread_all,change_in_asset_mgr_long,change_in_asset_mgr_short,change_in_asset_mgr_spread,change_in_lev_money_long,change_in_lev_money_short,change_in_lev_money_spread,change_in_other_rept_long,change_in_other_rept_short,change_in_other_rept_spread,change_in_tot_rept_long_all,change_in_tot_rept_short,change_in_nonrept_long_all,change_in_nonrept_short_all,traders_other_rept_spread,traders_asset_mgr_long_all,traders_other_rept_long_all,traders_lev_money_spread
180410133741F,BITCOIN - CHICAGO MERCANTILE EXCHANGE,2018-04-10T00:00:00.000,2018 Report Week 15,BITCOIN,133741,CME,CHI,133,BITCOIN,1702,0,0,0,122,0,0,902,1108,25,53,207,1,1103,1341,599,361,100.0,0.0,0.0,0.0,7.2,0.0,0.0,53.0,65.1,1.5,3.1,12.2,0.1,64.8,78.8,35.2,21.2,20,0,0,0,0,0,5,8,5,9,14,57.1,52.6,64.7,67.9,57.1,52.5,63.3,67.7,(5 Bitcoins),F85,BITCOIN,DIGITAL ASSET,FINANCIAL INSTRUMENTS,FutOnly,,,,,,,,,,,,,,,,,,,,,
180417133741F,BITCOIN - CHICAGO MERCANTILE EXCHANGE,2018-04-17T00:00:00.000,2018 Report Week 16,BITCOIN,133741,CME,CHI,133,BITCOIN,2029,0,0,0,122,0,0,1053,1313,42,130,332,0,1347,1687,682,342,100.0,0.0,0.0,0.0,6.0,0.0,0.0,51.9,64.7,2.1,6.4,16.4,0.0,66.4,83.1,33.6,16.9,22,0,0,0,0,0,5,9,5,9,14,51.1,55.1,65.1,73.9,51.1,55.1,64.3,71.8,(5 Bitcoins),F85,BITCOIN,DIGITAL ASSET,FINANCIAL INSTRUMENTS,FutOnly,327,0,0,0,0,0,0,151,205,17,77,125,-1,244,346,83,-19,0,,,
180424133741F,BITCOIN - CHICAGO MERCANTILE EXCHANGE,2018-04-24T00:00:00.000,2018 Report Week 17,BITCOIN,133741,CME,CHI,133,BITCOIN,2380,0,0,0,105,0,0,1194,1682,46,198,336,8,1551,2072,829,308,100.0,0.0,0.0,0.0,4.4,0.0,0.0,50.2,70.7,1.9,8.3,14.1,0.3,65.2,87.1,34.8,12.9,23,0,0,0,0,0,6,8,5,13,13,45.8,62.1,59.9,80.0,45.8,61.8,59.9,77.8,(5 Bitcoins),F85,BITCOIN,DIGITAL ASSET,FINANCIAL INSTRUMENTS,FutOnly,351,0,0,0,-17,0,0,141,369,4,68,4,8,204,385,147,-34,,,,
180501133741F,BITCOIN - CHICAGO MERCANTILE EXCHANGE,2018-05-01T00:00:00.000,2018 Report Week 18,BITCOIN,133741,CME,CHI,133,BITCOIN,1991,0,0,0,0,0,0,1198,1348,27,177,283,0,1402,1658,589,333,100.0,0.0,0.0,0.0,0.0,0.0,0.0,60.2,67.7,1.4,8.9,14.2,0.0,70.4,83.3,29.6,16.7,23,0,0,0,0,0,7,9,,11,13,55.0,60.2,65.6,75.2,55.0,60.2,65.5,75.2,(5 Bitcoins),F85,BITCOIN,DIGITAL ASSET,FINANCIAL INSTRUMENTS,FutOnly,-389,0,0,0,-105,0,0,4,-334,-19,-21,-53,-8,-149,-414,-240,25,0,0,4,
180508133741F,BITCOIN - CHICAGO MERCANTILE EXCHANGE,2018-05-08T00:00:00.000,2018 Report Week 19,BITCOIN,133741,CME,CHI,133,BITCOIN,2485,0,0,0,0,0,0,1284,1707,20,391,368,0,1695,2095,790,390,100.0,0.0,0.0,0.0,0.0,0.0,0.0,51.7,68.7,0.8,15.7,14.8,0.0,68.2,84.3,31.8,15.7,27,0,0,0,0,0,7,10,5,13,16,44.3,58.9,62.1,74.5,44.3,58.9,62.1,74.5,(5 Bitcoins),F85,BITCOIN,DIGITAL ASSET,FINANCIAL INSTRUMENTS,FutOnly,494,0,0,0,0,0,0,86,359,-7,214,85,0,293,437,201,57,0,0,5,
180515133741F,BITCOIN - CHICAGO MERCANTILE EXCHANGE,2018-05-15T00:00:00.000,2018 Report Week 20,BITCOIN,133741,CME,CHI,133,BITCOIN,2505,0,0,0,0,29,0,1338,1657,26,337,366,0,1701,2078,804,427,100.0,0.0,0.0,0.0,0.0,1.2,0.0,53.4,66.1,1.0,13.5,14.6,0.0,67.9,83.0,32.1,17.0,28,0,0,0,,0,7,10,5,13,17,45.5,53.0,60.8,70.5,45.5,53.0,60.5,70.5,(5 Bitcoins),F85,BITCOIN,DIGITAL ASSET,FINANCIAL INSTRUMENTS,FutOnly,20,0,0,0,0,29,0,54,-50,6,-54,-2,0,6,-17,14,37,0,0,5,
180522133741F,BITCOIN - CHICAGO MERCANTILE EXCHANGE,2018-05-22T00:00:00.000,2018 Report Week 21,BITCOIN,133741,CME,CHI,133,BITCOIN,2684,0,0,0,0,29,0,1323,1872,50,462,327,0,1835,2278,849,406,100.0,0.0,0.0,0.0,0.0,1.1,0.0,49.3,69.7,1.9,17.2,12.2,0.0,68.4,84.9,31.6,15.1,31,0,0,0,,0,8,11,4,16,18,40.4,51.1,56.0,72.5,40.4,51.1,56.0,72.5,(5 Bitcoins),F85,BITCOIN,DIGITAL ASSET,FINANCIAL INSTRUMENTS,FutOnly,179,0,0,0,0,0,0,-15,215,24,125,-39,0,134,200,45,-21,0,0,7,
180529133741F,BITCOIN - CHICAGO MERCANTILE EXCHANGE,2018-05-29T00:00:00.000,2018 Report Week 22,BITCOIN,133741,CME,CHI,133,BITCOIN,2714,0,0,0,38,25,0,1172,1812,55,486,416,3,1754,2311,960,403,100.0,0.0,0.0,0.0,1.4,0.9,0.0,43.2,66.8,2.0,17.9,15.3,0.1,64.6,85.2,35.4,14.8,32,0,0,0,,0,7,13,6,15,21,42.6,45.3,57.2,66.0,42.6,45.3,57.2,65.9,(5 Bitcoins),F85,BITCOIN,DIGITAL ASSET,FINANCIAL INSTRUMENTS,FutOnly,30,0,0,0,38,-4,0,-151,-60,5,24,89,3,-81,33,111,-3,,,4,
180605133741F,BITCOIN - CHICAGO MERCANTILE EXCHANGE,2018-06-05T00:00:00.000,2018 Report Week 23,BITCOIN,133741,CME,CHI,133,BITCOIN,2556,0,0,0,47,29,0,1126,1845,27,540,305,0,1740,2206,816,350,100.0,0.0,0.0,0.0,1.8,1.1,0.0,44.1,72.2,1.1,21.1,11.9,0.0,68.1,86.3,31.9,13.7,27,0,0,0,,0,6,10,4,13,16,50.8,60.3,62.5,74.9,50.8,60.3,62.5,74.9,(5 Bitcoins),F85,BITCOIN,DIGITAL ASSET,FINANCIAL INSTRUMENTS,FutOnly,-158,0,0,0,9,4,0,-46,33,-28,54,-111,-3,-14,-105,-144,-53,0,,5,
180612133741F,BITCOIN - CHICAGO MERCANTILE EXCHANGE,2018-06-12T00:00:00.000,2018 Report Week 24,BITCOIN,133741,CME,CHI,133,BITCOIN,2643,29,0,0,0,108,0,1349,1634,19,427,440,0,1824,2201,819,442,100.0,1.1,0.0,0.0,0.0,4.1,0.0,51.0,61.8,0.7,16.2,16.6,0.0,69.0,83.3,31.0,16.7,32,,0,0,,0,7,10,7,13,21,50.3,50.2,63.9,63.8,50.3,50.2,63.9,63.8,(5 Bitcoins),F85,BITCOIN,DIGITAL ASSET,FINANCIAL INSTRUMENTS,FutOnly,87,29,0,0,-47,79,0,223,-211,-8,-113,135,0,84,-5,3,92,0,0,4,
180619133741F,BITCOIN - CHICAGO MERCANTILE EXCHANGE,2018-06-19T00:00:00.000,2018 Report Week 25,BITCOIN,133741,CME,CHI,133,BITCOIN,2633,29,0,0,52,59,0,1478,1414,111,159,590,0,1829,2174,804,459,100.0,1.1,0.0,0.0,2.0,2.2,0.0,56.1,53.7,4.2,6.0,22.4,0.0,69.5,82.6,30.5,17.4,33,,0,0,,0,9,8,8,16,21,43.6,44.6,59.1,61.9,43.6,44.6,56.6,61.9,(5 Bitcoins),F85,BITCOIN,DIGITAL ASSET,FINANCIAL INSTRUMENTS,FutOnly,-10,0,0,0,52,-49,0,129,-220,92,-268,150,0,5,-27,-15,17,0,,4,4
180626133741F,BITCOIN - CHICAGO MERCANTILE EXCHANGE,2018-06-26T00:00:00.000,2018 Report Week 26,BITCOIN,133741,CME,CHI,133,BITCOIN,2687,29,0,0,0,111,0,1508,1505,137,171,515,3,1848,2271,839,416,100.0,1.1,0.0,0.0,0.0,4.1,0.0,56.1,56.0,5.1,6.4,19.2,0.1,68.8,84.5,31.2,15.5,35,,0,0,,0,8,11,8,18,23,41.7,43.7,56.6,60.4,41.7,43.7,56.6,58.3,(5 Bitcoins),F85,BITCOIN,DIGITAL ASSET,FINANCIAL INSTRUMENTS,FutOnly,54,0,0,0,-52,52,0,30,91,26,12,-75,3,19,97,35,-43,,0,4,5
180703133741F,BITCOIN - CHICAGO MERCANTILE EXCHANGE,2018-07-03T00:00:00.000,2018 Report Week 27,BITCOIN,133741,CME,CHI,133,BITCOIN,2514,0,0,0,44,84,0,1198,1639,42,438,366,6,1728,2137,786,377,100.0,0.0,0.0,0.0,1.8,3.3,0.0,47.7,65.2,1.7,17.4,14.6,0.2,68.7,85.0,31.3,15.0,30,0,0,0,,0,7,10,5,16,17,44.8,49.0,58.1,67.7,44.8,49.0,58.1,67.1,(5 Bitcoins),F85,BITCOIN,DIGITAL ASSET,FINANCIAL INSTRUMENTS,FutOnly,-173,-29,0,0,44,-27,0,-310,134,-95,267,-149,3,-120,-134,-53,-39,,,5,
180710133741F,BITCOIN - CHICAGO MERCANTILE EXCHANGE,2018-07-10T00:00:00.000,2018 Report Week 28,BITCOIN,133741,CME,CHI,133,BITCOIN,2622,0,0,0,0,119,0,1412,1652,102,396,368,11,1921,2252,701,370,100.0,0.0,0.0,0.0,0.0,4.5,0.0,53.9,63.0,3.9,15.1,14.0,0.4,73.3,85.9,26.7,14.1,37,0,0,0,,0,9,11,5,21,20,40.6,50.5,54.3,66.0,40.6,50.1,54.3,64.6,(5 Bitcoins),F85,BITCOIN,DIGITAL ASSET,FINANCIAL INSTRUMENTS,FutOnly,108,0,0,0,-44,35,0,214,13,60,-42,2,5,193,115,-85,-7,,0,9,
180717133741F,BITCOIN - CHICAGO MERCANTILE EXCHANGE,2018-07-17T00:00:00.000,2018 Report Week 29,BITCOIN,133741,CME,CHI,133,BITCOIN,2854,0,0,0,25,89,0,1469,1990,68,493,332,15,2070,2494,784,360,100.0,0.0,0.0,0.0,0.9,3.1,0.0,51.5,69.7,2.4,17.3,11.6,0.5,72.5,87.4,27.5,12.6,33,0,0,0,,0,9,10,4,21,17,38.0,58.8,54.1,73.2,37.6,58.3,53.6,71.9,(5 Bitcoins),F85,BITCOIN,DIGITAL ASSET,FINANCIAL INSTRUMENTS,FutOnly,232,0,0,0,25,-30,0,57,338,-34,97,-36,4,149,242,83,-10,,,7,4
180724133741F,BITCOIN - CHICAGO MERCANTILE EXCHANGE,2018-07-24T00:00:00.000,2018 Report Week 30,BITCOIN,133741,CME,CHI,133,BITCOIN,3431,30,0,0,44,164,6,1353,2313,174,868,392,25,2500,3074,931,357,100.0,0.9,0.0,0.0,1.3,4.8,0.2,39.4,67.4,5.1,25.3,11.4,0.7,72.9,89.6,27.1,10.4,36,,0,0,,,8,11,,23,18,35.7,61.4,51.4,75.0,35.7,60.7,51.1,72.5,(5 Bitcoins),F85,BITCOIN,DIGITAL ASSET,FINANCIAL INSTRUMENTS,FutOnly,577,30,0,0,19,75,6,-116,323,106,375,60,10,430,580,147,-3,,,9,
180731133741F,BITCOIN - CHICAGO MERCANTILE EXCHANGE,2018-07-31T00:00:00.000,2018 Report Week 31,BITCOIN,133741,CME,CHI,133,BITCOIN,3063,0,0,0,0,209,9,1722,1969,258,259,340,0,2248,2785,815,278,100.0,0.0,0.0,0.0,0.0,6.8,0.3,56.2,64.3,8.4,8.5,11.1,0.0,73.4,90.9,26.6,9.1,37,0,0,0,4,,12,13,,20,22,37.7,54.9,54.1,69.5,36.2,51.5,52.4,65.2,(5 Bitcoins),F85,BITCOIN,DIGITAL ASSET,FINANCIAL INSTRUMENTS,FutOnly,-368,-30,0,0,-44,45,3,369,-344,84,-609,-52,-25,-252,-289,-116,-79,0,0,5,4
180807133741F,BITCOIN - CHICAGO MERCANTILE EXCHANGE,2018-08-07T00:00:00.000,2018 Report Week 32,BITCOIN,133741,CME,CHI,133,BITCOIN,2732,0,0,0,0,143,23,1481,1454,293,135,470,0,1932,2383,800,349,100.0,0.0,0.0,0.0,0.0,5.2,0.8,54.2,53.2,10.7,4.9,17.2,0.0,70.7,87.2,29.3,12.8,33,0,0,0,4,,8,13,5,16,23,43.7,47.6,59.9,63.5,40.6,43.1,54.2,56.8,(5 Bitcoins),F85,BITCOIN,DIGITAL ASSET,FINANCIAL INSTRUMENTS,FutOnly,-331,0,0,0,0,-66,14,-241,-515,35,-124,130,0,-316,-402,-15,71,0,0,,4
180814133741F,BITCOIN - CHICAGO MERCANTILE EXCHANGE,2018-08-14T00:00:00.000,2018 Report Week 33,BITCOIN,133741,CME,CHI,133,BITCOIN,2983,0,0,0,0,215,8,2065,1766,67,138,521,0,2278,2577,705,406,100.0,0.0,0.0,0.0,0.0,7.2,0.3,69.2,59.2,2.2,4.6,17.5,0.0,76.4,86.4,23.6,13.6,37,0,0,0,4,,12,13,5,17,24,49.9,44.8,65.5,60.2,49.3,44.8,63.7,60.2,(5 Bitcoins),F85,BITCOIN,DIGITAL ASSET,FINANCIAL INSTRUMENTS,FutOnly,251,0,0,0,0,72,-15,584,312,-226,3,51,0,346,194,-95,57,0,0,,
180821133741F,BITCOIN - CHICAGO MERCANTILE EXCHANGE,2018-08-21T00:00:00.000,2018 Report Week 34,BITCOIN,133741,CME,CHI,133,BITCOIN,2981,0,0,0,0,191,13,2104,1838,68,85,515,0,2270,2625,711,356,100.0,0.0,0.0,0.0,0.0,6.4,0.4,70.6,61.7,2.3,2.9,17.3,0.0,76.1,88.1,23.9,11.9,33,0,0,0,4,,10,13,4,14,23,54.1,46.8,69.8,63.3,52.4,46.8,68.0,63.3,(5 Bitcoins),F85,BITCOIN,DIGITAL ASSET,FINANCIAL INSTRUMENTS,FutOnly,-2,0,0,0,0,-24,5,39,72,1,-53,-6,0,-8,48,6,-50,0,0,,
180828133741F,BITCOIN - CHICAGO MERCANTILE EXCHANGE,2018-08-28T00:00:00.000,2018 Report Week 35,BITCOIN,133741,CME,CHI,133,BITCOIN,2840,0,0,0,67,170,13,1688,1745,53,160,529,0,1981,2510,859,330,100.0,0.0,0.0,0.0,2.4,6.0,0.5,59.4,61.4,1.9,5.6,18.6,0.0,69.8,88.4,30.2,11.6,34,0,0,0,,,9,13,4,15,22,49.7,49.4,60.8,63.8,48.8,49.4,58.9,63.8,(5 Bitcoins),F85,BITCOIN,DIGITAL ASSET,FINANCIAL INSTRUMENTS,FutOnly,-141,0,0,0,67,-21,0,-416,-93,-15,75,14,0,-289,-115,148,-26,0,,4,
180904133741F,BITCOIN - CHICAGO MERCANTILE EXCHANGE,2018-09-04T00:00:00.000,2018 Report Week 36,BITCOIN,133741,CME,CHI,133,BITCOIN,2707,0,0,0,99,140,8,1187,1657,17,576,532,0,1887,2354,820,353,100.0,0.0,0.0,0.0,3.7,5.2,0.3,43.8,61.2,0.6,21.3,19.7,0.0,69.7,87.0,30.3,13.0,36,0,0,0,,,6,13,4,18,21,44.1,48.0,56.0,65.6,44.1,48.0,56.0,65.1,(5 Bitcoins),F85,BITCOIN,DIGITAL ASSET,FINANCIAL INSTRUMENTS,FutOnly,-133,0,0,0,32,-30,-5,-501,-88,-36,416,3,0,-94,-156,-39,23,0,,8,
180911133741F,BITCOIN - CHICAGO MERCANTILE EXCHANGE,2018-09-11T00:00:00.000,2018 Report Week 37,BITCOIN,133741,CME,CHI,133,BITCOIN,2711,0,0,0,0,199,10,1630,1322,198,116,727,14,1968,2470,743,241,100.0,0.0,0.0,0.0,0.0,7.3,0.4,60.1,48.8,7.3,4.3,26.8,0.5,72.6,91.1,27.4,8.9,35,0,0,0,4,,10,12,6,17,23,46.3,39.0,61.0,57.9,42.8,38.5,57.5,54.9,(5 Bitcoins),F85,BITCOIN,DIGITAL ASSET,FINANCIAL INSTRUMENTS,FutOnly,4,0,0,0,-99,59,2,443,-335,181,-460,195,14,81,116,-77,-112,,0,,
180918133741F,BITCOIN - CHICAGO MERCANTILE EXCHANGE,2018-09-18T00:00:00.000,2018 Report Week 38,BITCOIN,133741,CME,CHI,133,BITCOIN,2742,0,0,0,0,140,10,1566,1382,203,90,654,15,1884,2404,858,338,100.0,0.0,0.0,0.0,0.0,5.1,0.4,57.1,50.4,7.4,3.3,23.9,0.5,68.7,87.7,31.3,12.3,30,0,0,0,,,8,12,5,14,21,46.8,39.7,62.4,60.0,43.9,38.4,57.5,55.8,(5 Bitcoins),F85,BITCOIN,DIGITAL ASSET,FINANCIAL INSTRUMENTS,FutOnly,31,0,0,0,0,-59,0,-64,60,5,-26,-73,1,-84,-66,115,97,,0,,
180925133741F,BITCOIN - CHICAGO MERCANTILE EXCHANGE,2018-09-25T00:00:00.000,2018 Report Week 39,BITCOIN,133741,CME,CHI,133,BITCOIN,2746,0,1,35,0,131,18,1412,1420,277,213,539,2,1957,2423,789,323,100.0,0.0,0.0,1.3,0.0,4.8,0.7,51.4,51.7,10.1,7.8,19.6,0.1,71.3,88.2,28.7,11.8,35,0,,,,,9,12,5,18,23,49.5,42.5,60.9,61.3,42.1,41.8,53.3,56.2,(5 Bitcoins),F85,BITCOIN,DIGITAL ASSET,FINANCIAL INSTRUMENTS,FutOnly,4,0,1,35,0,-9,8,-154,38,74,123,-115,-13,73,19,-69,-15,,0,5,
181002133741F,BITCOIN - CHICAGO MERCANTILE EXCHANGE,2018-10-02T00:00:00.000,2018 Report Week 40,BITCOIN,133741,CME,CHI,133,BITCOIN,2354,0,40,0,26,125,4,1237,1342,19,327,566,0,1613,2096,741,258,100.0,0.0,1.7,0.0,1.1,5.3,0.2,52.5,57.0,0.8,13.9,24.0,0.0,68.5,89.0,31.5,11.0,30,0,,0,,,5,12,4,13,20,48.9,52.0,63.5,66.9,48.9,52.0,63.5,66.8,(5 Bitcoins),F85,BITCOIN,DIGITAL ASSET,FINANCIAL INSTRUMENTS,FutOnly,-392,0,39,-35,26,-6,-14,-175,-78,-258,114,27,-2,-344,-327,-48,-65,0,,5,
181009133741F,BITCOIN - CHICAGO MERCANTILE EXCHANGE,2018-10-09T00:00:00.000,2018 Report Week 41,BITCOIN,133741,CME,CHI,133,BITCOIN,2848,0,76,0,0,121,0,1643,1656,24,395,606,0,2062,2483,786,365,100.0,0.0,2.7,0.0,0.0,4.2,0.0,57.7,58.1,0.8,13.9,21.3,0.0,72.4,87.2,27.6,12.8,34,0,,0,,0,9,13,4,15,20,43.8,50.0,58.9,66.1,43.8,50.0,58.9,66.1,(5 Bitcoins),F85,BITCOIN,DIGITAL ASSET,FINANCIAL INSTRUMENTS,FutOnly,494,0,36,0,-26,-4,-4,406,314,5,68,40,0,449,387,45,107,0,0,5,
181016133741F,BITCOIN - CHICAGO MERCANTILE EXCHANGE,2018-10-16T00:00:00.000,2018 Report Week 42,BITCOIN,133741,CME,CHI,133,BITCOIN,2730,0,76,0,54,108,0,1606,1620,64,302,556,0,2026,2424,704,306,100.0,0.0,2.8,0.0,2.0,4.0,0.0,58.8,59.3,2.3,11.1,20.4,0.0,74.2,88.8,25.8,11.2,41,0,,0,,0,11,16,,23,22,42.6,49.0,55.0,64.5,42.6,49.0,55.0,64.2,(5 Bitcoins),F85,BITCOIN,DIGITAL ASSET,FINANCIAL INSTRUMENTS,FutOnly,-118,0,0,0,54,-13,0,-37,-36,40,-93,-50,0,-36,-59,-82,-59,0,,7,4
181023133741F,BITCOIN - CHICAGO MERCANTILE EXCHANGE,2018-10-23T00:00:00.000,2018 Report Week 43,BITCOIN,133741,CME,CHI,133,BITCOIN,3001,0,76,0,0,161,0,1659,1400,466,211,531,0,2336,2634,665,367,100.0,0.0,2.5,0.0,0.0,5.4,0.0,55.3,46.7,15.5,7.0,17.7,0.0,77.8,87.8,22.2,12.2,38,0,,0,,0,11,16,,19,23,51.5,53.0,64.3,65.2,42.1,42.1,53.2,52.2,(5 Bitcoins),F85,BITCOIN,DIGITAL ASSET,FINANCIAL INSTRUMENTS,FutOnly,271,0,0,0,-54,53,0,53,-220,402,-91,-25,0,310,210,-39,61,0,0,5,4
181030133741F,BITCOIN - CHICAGO MERCANTILE EXCHANGE,2018-10-30T00:00:00.000,2018 Report Week 44,BITCOIN,133741,CME,CHI,133,BITCOIN,2608,0,0,0,0,238,0,1789,1511,82,184,451,0,2055,2282,553,326,100.0,0.0,0.0,0.0,0.0,9.1,0.0,68.6,57.9,3.1,7.1,17.3,0.0,78.8,87.5,21.2,12.5,34,0,0,0,4,0,11,13,,15,21,51.9,46.1,65.5,64.0,51.9,46.1,64.9,62.3,(5 Bitcoins),F85,BITCOIN,DIGITAL ASSET,FINANCIAL INSTRUMENTS,FutOnly,-393,0,-76,0,0,77,0,130,111,-384,-27,-80,0,-281,-352,-112,-41,0,0,,
181106133741F,BITCOIN - CHICAGO MERCANTILE EXCHANGE,2018-11-06T00:00:00.000,2018 Report Week 45,BITCOIN,133741,CME,CHI,133,BITCOIN,2913,0,0,0,72,108,0,1877,1965,0,299,552,0,2248,2625,665,288,100.0,0.0,0.0,0.0,2.5,3.7,0.0,64.4,67.5,0.0,10.3,18.9,0.0,77.2,90.1,22.8,9.9,40,0,0,0,,0,15,12,4,22,18,41.8,59.6,55.8,74.9,41.8,59.6,55.8,74.9,(5 Bitcoins),F85,BITCOIN,DIGITAL ASSET,FINANCIAL INSTRUMENTS,FutOnly,305,0,0,0,72,-130,0,88,454,-82,115,101,0,193,343,112,-38,0,,6,0
181113133741F,BITCOIN - CHICAGO MERCANTILE EXCHANGE,2018-11-13T00:00:00.000,2018 Report Week 46,BITCOIN,133741,CME,CHI,133,BITCOIN,3530,31,0,0,0,250,0,2462,2353,1,399,619,0,2893,3223,637,307,100.0,0.9,0.0,0.0,0.0,7.1,0.0,69.7,66.7,0.0,11.3,17.5,0.0,82.0,91.3,18.0,8.7,44,,0,0,4,0,15,15,4,22,23,45.2,54.0,60.5,69.9,45.2,54.0,60.5,69.9,(5 Bitcoins),F85,BITCOIN,DIGITAL ASSET,FINANCIAL INSTRUMENTS,FutOnly,617,31,0,0,-72,142,0,585,388,1,100,67,0,645,598,-28,19,0,0,5,
181120133741F,BITCOIN - CHICAGO MERCANTILE EXCHANGE,2018-11-20T00:00:00.000,2018 Report Week 47,BITCOIN,133741,CME,CHI,133,BITCOIN,3729,0,0,0,0,166,0,2152,1912,586,315,672,13,3066,3349,663,380,100.0,0.0,0.0,0.0,0.0,4.5,0.0,57.7,51.3,15.7,8.4,18.0,0.3,82.2,89.8,17.8,10.2,43,0,0,0,,0,17,13,4,27,25,43.1,46.6,54.3,62.9,35.4,43.8,46.3,57.5,(5 Bitcoins),F85,BITCOIN,DIGITAL ASSET,FINANCIAL INSTRUMENTS,FutOnly,199,-31,0,0,0,-84,0,-310,-441,585,-84,53,13,173,126,26,73,,0,5,8
181127133741F,BITCOIN - CHICAGO MERCANTILE EXCHANGE,2018-11-27T00:00:00.000,2018 Report Week 48,BITCOIN,133741,CME,CHI,133,BITCOIN,3791,0,0,0,0,238,0,2416,2089,367,261,674,13,3057,3381,734,410,100.0,0.0,0.0,0.0,0.0,6.3,0.0,63.7,55.1,9.7,6.9,17.8,0.3,80.6,89.2,19.4,10.8,44,0,0,0,4,0,14,18,,23,27,50.1,40.3,63.3,58.3,42.9,37.9,56.1,53.7,(5 Bitcoins),F85,BITCOIN,DIGITAL ASSET,FINANCIAL INSTRUMENTS,FutOnly,62,0,0,0,0,72,0,264,177,-219,-54,2,0,-9,32,71,30,,0,5,5
181204133741F,BITCOIN - CHICAGO MERCANTILE EXCHANGE,2018-12-04T00:00:00.000,2018 Report Week 49,BITCOIN,133741,CME,CHI,133,BITCOIN,3301,0,0,0,34,123,0,2409,2317,64,195,465,14,2716,2983,585,318,100.0,0.0,0.0,0.0,1.0,3.7,0.0,73.0,70.2,1.9,5.9,14.1,0.4,82.3,90.4,17.7,9.6,43,0,0,0,,0,14,17,4,22,25,53.3,43.0,64.5,63.4,52.9,42.6,64.1,63.0,(5 Bitcoins),F85,BITCOIN,DIGITAL ASSET,FINANCIAL INSTRUMENTS,FutOnly,-490,0,0,0,34,-115,0,-7,228,-303,-66,-209,1,-341,-398,-149,-92,,,4,
181211133741F,BITCOIN - CHICAGO MERCANTILE EXCHANGE,2018-12-11T00:00:00.000,2018 Report Week 50,BITCOIN,133741,CME,CHI,133,BITCOIN,3970,0,0,0,27,256,0,2905,2699,117,159,545,11,3219,3628,751,342,100.0,0.0,0.0,0.0,0.7,6.4,0.0,73.2,68.0,2.9,4.0,13.7,0.3,81.1,91.4,18.9,8.6,43,0,0,0,4,0,15,17,4,22,26,52.8,44.9,65.6,62.3,50.9,44.4,63.8,61.5,(5 Bitcoins),F85,BITCOIN,DIGITAL ASSET,FINANCIAL INSTRUMENTS,FutOnly,669,0,0,0,-7,133,0,496,382,53,-36,80,-3,503,645,166,24,,,,4
181218133741F,BITCOIN - CHICAGO MERCANTILE EXCHANGE,2018-12-18T00:00:00.000,2018 Report Week 51,BITCOIN,133741,CME,CHI,133,BITCOIN,4359,0,0,0,138,110,0,3091,3213,152,178,605,0,3559,4080,800,279,100.0,0.0,0.0,0.0,3.2,2.5,0.0,70.9,73.7,3.5,4.1,13.9,0.0,81.6,93.6,18.4,6.4,45,0,0,0,,0,17,17,4,27,24,49.4,49.2,61.8,68.2,47.3,49.0,59.7,68.0,(5 Bitcoins),F85,BITCOIN,DIGITAL ASSET,FINANCIAL INSTRUMENTS,FutOnly,389,0,0,0,111,-146,0,186,514,35,19,60,-11,340,452,49,-63,0,,,6
181224133741F,BITCOIN - CHICAGO MERCANTILE EXCHANGE,2018-12-24T00:00:00.000,2018 Report Week 52,BITCOIN,133741,CME,CHI,133,BITCOIN,3857,0,0,0,101,140,0,2690,2577,173,160,673,13,3137,3576,720,281,100.0,0.0,0.0,0.0,2.6,3.6,0.0,69.7,66.8,4.5,4.1,17.4,0.3,81.3,92.7,18.7,7.3,46,0,0,0,,0,15,17,6,27,26,47.2,38.0,61.8,61.0,47.0,37.6,61.6,58.4,(5 Bitcoins),F85,BITCOIN,DIGITAL ASSET,FINANCIAL INSTRUMENTS,FutOnly,-502,0,0,0,-37,30,0,-401,-636,21,-18,68,13,-422,-504,-80,2,,,4,6
181231133741F,BITCOIN - CHICAGO MERCANTILE EXCHANGE,2018-12-31T00:00:00.000,2018 Report Week 53,BITCOIN,133741,CME,CHI,133,BITCOIN,3708,49,0,1,80,140,0,2452,2389,222,105,674,4,2913,3430,795,278,100.0,1.3,0.0,0.0,2.2,3.8,0.0,66.1,64.4,6.0,2.8,18.2,0.1,78.6,92.5,21.4,7.5,41,,0,,,0,15,14,5,24,23,47.6,43.2,60.2,66.8,46.1,43.0,58.3,63.3,(5 Bitcoins),F85,BITCOIN,DIGITAL ASSET,FINANCIAL INSTRUMENTS,FutOnly,-149,49,0,1,-21,0,0,-238,-188,49,-55,1,-9,-224,-146,75,-3,,,,4
190108133741F,BITCOIN - CHICAGO MERCANTILE EXCHANGE,2019-01-08T00:00:00.000,2019 Report Week 01,BITCOIN,133741,CME,CHI,133,BITCOIN,3764,0,0,0,165,140,0,2610,2648,68,201,602,0,3044,3458,720,306,100.0,0.0,0.0,0.0,4.4,3.7,0.0,69.3,70.4,1.8,5.3,16.0,0.0,80.9,91.9,19.1,8.1,43,0,0,0,,0,14,15,4,23,23,50.6,45.0,63.3,68.8,50.1,45.0,62.8,68.8,(5 Bitcoins),F85,BITCOIN,DIGITAL ASSET,FINANCIAL INSTRUMENTS,FutOnly,56,-49,0,-1,85,0,0,158,259,-154,96,-72,-4,131,28,-75,28,0,,5,
190115133741F,BITCOIN - CHICAGO MERCANTILE EXCHANGE,2019-01-15T00:00:00.000,2019 Report Week 02,BITCOIN,133741,CME,CHI,133,BITCOIN,4473,0,1,80,27,337,0,3417,2923,125,110,608,8,3767,4082,706,391,100.0,0.0,0.0,1.8,0.6,7.5,0.0,76.4,65.3,2.8,2.5,13.6,0.2,84.2,91.3,15.8,8.7,41,0,,,4,0,15,13,5,22,24,51.5,46.7,67.0,65.8,50.5,46.7,66.0,65.7,(5 Bitcoins),F85,BITCOIN,DIGITAL ASSET,FINANCIAL INSTRUMENTS,FutOnly,709,0,1,80,-138,197,0,807,275,57,-91,6,8,723,624,-14,85,,,,
190122133741F,BITCOIN - CHICAGO MERCANTILE EXCHANGE,2019-01-22T00:00:00.000,2019 Report Week 03,BITCOIN,133741,CME,CHI,133,BITCOIN,4976,0,1,100,27,344,0,3341,2863,706,111,610,8,4293,4632,683,344,100.0,0.0,0.0,2.0,0.5,6.9,0.0,67.1,57.5,14.2,2.2,12.3,0.2,86.3,93.1,13.7,6.9,45,0,,,4,0,17,14,5,24,29,47.6,45.9,66.3,64.0,41.5,45.0,55.7,58.8,(5 Bitcoins),F85,BITCOIN,DIGITAL ASSET,FINANCIAL INSTRUMENTS,FutOnly,503,0,0,20,0,7,0,-76,-60,581,1,2,0,526,550,-23,-47,,,,6
190129133741F,BITCOIN - CHICAGO MERCANTILE EXCHANGE,2019-01-29T00:00:00.000,2019 Report Week 04,BITCOIN,133741,CME,CHI,133,BITCOIN,4047,0,97,0,30,360,0,2760,2572,336,227,347,5,3358,3717,689,330,100.0,0.0,2.4,0.0,0.7,8.9,0.0,68.2,63.6,8.3,5.6,8.6,0.1,83.0,91.8,17.0,8.2,42,0,,0,4,0,17,12,,25,25,40.8,48.4,55.5,65.6,38.6,48.4,53.0,64.7,(5 Bitcoins),F85,BITCOIN,DIGITAL ASSET,FINANCIAL INSTRUMENTS,FutOnly,-929,0,96,-100,3,16,0,-581,-291,-370,116,-263,-3,-935,-915,6,-14,,,4,6
190205133741F,BITCOIN - CHICAGO MERCANTILE EXCHANGE,2019-02-05T00:00:00.000,2019 Report Week 05,BITCOIN,133741,CME,CHI,133,BITCOIN,3881,0,97,0,32,291,0,2532,2429,373,245,354,4,3186,3548,695,333,100.0,0.0,2.5,0.0,0.8,7.5,0.0,65.2,62.6,9.6,6.3,9.1,0.1,82.1,91.4,17.9,8.6,42,0,,0,4,0,17,12,,24,26,42.8,51.6,56.8,66.8,40.2,50.6,52.8,65.7,(5 Bitcoins),F85,BITCOIN,DIGITAL ASSET,FINANCIAL INSTRUMENTS,FutOnly,-166,0,0,0,2,-69,0,-228,-143,37,18,7,-1,-172,-169,6,3,,,4,7
190212133741F,BITCOIN - CHICAGO MERCANTILE EXCHANGE,2019-02-12T00:00:00.000,2019 Report Week 06,BITCOIN,133741,CME,CHI,133,BITCOIN,3361,0,97,11,134,205,15,1697,2090,232,510,462,0,2599,3112,762,249,100.0,0.0,2.9,0.3,4.0,6.1,0.4,50.5,62.2,6.9,15.2,13.7,0.0,77.3,92.6,22.7,7.4,44,0,,,,,9,17,,26,26,37.8,41.9,55.5,60.1,35.2,41.7,52.1,59.0,(5 Bitcoins),F85,BITCOIN,DIGITAL ASSET,FINANCIAL INSTRUMENTS,FutOnly,-520,0,0,11,102,-86,15,-835,-339,-141,265,108,-4,-587,-436,67,-84,0,,8,6
190219133741F,BITCOIN - CHICAGO MERCANTILE EXCHANGE,2019-02-19T00:00:00.000,2019 Report Week 07,BITCOIN,133741,CME,CHI,133,BITCOIN,3964,0,97,27,170,165,52,1834,2259,268,704,761,51,3106,3680,858,284,100.0,0.0,2.4,0.7,4.3,4.2,1.3,46.3,57.0,6.8,17.8,19.2,1.3,78.4,92.8,21.6,7.2,46,0,,,,,11,15,,32,24,33.9,54.7,48.5,68.9,33.9,54.7,48.5,66.9,(5 Bitcoins),F85,BITCOIN,DIGITAL ASSET,FINANCIAL INSTRUMENTS,FutOnly,603,0,0,16,36,-40,37,137,169,36,194,299,51,507,568,96,35,,,9,6
190226133741F,BITCOIN - CHICAGO MERCANTILE EXCHANGE,2019-02-26T00:00:00.000,2019 Report Week 08,BITCOIN,133741,CME,CHI,133,BITCOIN,3324,0,124,0,54,283,27,1575,1885,105,739,624,0,2500,3048,824,276,100.0,0.0,3.7,0.0,1.6,8.5,0.8,47.4,56.7,3.2,22.2,18.8,0.0,75.2,91.7,24.8,8.3,44,0,,0,4,,10,13,5,23,24,42.1,50.1,53.4,67.5,42.1,50.1,53.4,66.2,(5 Bitcoins),F85,BITCOIN,DIGITAL ASSET,FINANCIAL INSTRUMENTS,FutOnly,-640,0,27,-27,-116,118,-25,-259,-374,-163,35,-137,-51,-606,-632,-34,-8,0,,9,
190305133741F,BITCOIN - CHICAGO MERCANTILE EXCHANGE,2019-03-05T00:00:00.000,2019 Report Week 09,BITCOIN,133741,CME,CHI,133,BITCOIN,3226,0,124,0,33,228,27,1347,1812,138,823,559,0,2368,2888,858,338,100.0,0.0,3.8,0.0,1.0,7.1,0.8,41.8,56.2,4.3,25.5,17.3,0.0,73.4,89.5,26.6,10.5,40,0,,0,,,8,11,5,23,22,42.4,51.0,53.9,69.2,42.4,50.8,53.9,67.1,(5 Bitcoins),F85,BITCOIN,DIGITAL ASSET,FINANCIAL INSTRUMENTS,FutOnly,-98,0,0,0,-21,-55,0,-228,-73,33,84,-65,0,-132,-160,34,62,0,,10,4
190312133741F,BITCOIN - CHICAGO MERCANTILE EXCHANGE,2019-03-12T00:00:00.000,2019 Report Week 10,BITCOIN,133741,CME,CHI,133,BITCOIN,3480,0,124,0,97,195,40,1459,2257,187,751,343,104,2638,3250,842,230,100.0,0.0,3.6,0.0,2.8,5.6,1.1,41.9,64.9,5.4,21.6,9.9,3.0,75.8,93.4,24.2,6.6,46,0,,0,,,11,15,,31,26,39.5,47.4,50.7,64.6,39.5,44.3,50.3,60.2,(5 Bitcoins),F85,BITCOIN,DIGITAL ASSET,FINANCIAL INSTRUMENTS,FutOnly,254,0,0,0,64,-33,13,112,445,49,-72,-216,104,270,362,-16,-108,,,9,7
190319133741F,BITCOIN - CHICAGO MERCANTILE EXCHANGE,2019-03-19T00:00:00.000,2019 Report Week 11,BITCOIN,133741,CME,CHI,133,BITCOIN,3681,0,124,0,156,177,0,1460,2528,129,767,285,166,2678,3409,1003,272,100.0,0.0,3.4,0.0,4.2,4.8,0.0,39.7,68.7,3.5,20.8,7.7,4.5,72.8,92.6,27.2,7.4,44,0,,0,,0,10,14,4,29,21,38.7,49.4,49.3,70.3,37.3,44.9,46.9,63.4,(5 Bitcoins),F85,BITCOIN,DIGITAL ASSET,FINANCIAL INSTRUMENTS,FutOnly,201,0,0,0,59,-18,-40,1,271,-58,16,-58,62,40,159,161,42,,,10,5
190326133741F,BITCOIN - CHICAGO MERCANTILE EXCHANGE,2019-03-26T00:00:00.000,2019 Report Week 12,BITCOIN,133741,CME,CHI,133,BITCOIN,3428,0,124,0,35,241,0,1238,2105,276,687,88,262,2498,3096,930,332,100.0,0.0,3.6,0.0,1.0,7.0,0.0,36.1,61.4,8.1,20.0,2.6,7.6,72.9,90.3,27.1,9.7,41,0,,0,,0,10,14,,25,23,38.9,40.5,50.0,59.6,34.1,37.5,44.2,54.4,(5 Bitcoins),F85,BITCOIN,DIGITAL ASSET,FINANCIAL INSTRUMENTS,FutOnly,-253,0,0,0,-121,64,0,-222,-423,147,-80,-197,96,-180,-313,-73,60,,,8,6
190402133741F,BITCOIN - CHICAGO MERCANTILE EXCHANGE,2019-04-02T00:00:00.000,2019 Report Week 13,BITCOIN,133741,CME,CHI,133,BITCOIN,4000,0,158,0,315,89,35,1517,2598,416,598,440,20,2901,3756,1099,244,100.0,0.0,4.0,0.0,7.9,2.2,0.9,37.9,65.0,10.4,14.9,11.0,0.5,72.5,93.9,27.5,6.1,45,0,,0,,,10,20,,28,26,32.9,50.0,44.6,65.2,32.7,46.5,44.0,61.2,(5 Bitcoins),F85,BITCOIN,DIGITAL ASSET,FINANCIAL INSTRUMENTS,FutOnly,572,0,34,0,280,-152,35,279,493,140,-89,352,-242,403,660,169,-88,,,7,7
190409133741F,BITCOIN - CHICAGO MERCANTILE EXCHANGE,2019-04-09T00:00:00.000,2019 Report Week 14,BITCOIN,133741,CME,CHI,133,BITCOIN,4443,0,158,0,244,80,3,1968,2714,350,634,804,68,3267,4177,1176,266,100.0,0.0,3.6,0.0,5.5,1.8,0.1,44.3,61.1,7.9,14.3,18.1,1.5,73.5,94.0,26.5,6.0,48,0,,0,,,12,20,4,30,28,38.1,59.5,48.1,71.6,37.5,54.2,47.2,64.9,(5 Bitcoins),F85,BITCOIN,DIGITAL ASSET,FINANCIAL INSTRUMENTS,FutOnly,443,0,0,0,-71,-9,-32,451,116,-66,36,364,48,366,421,77,22,,,7,8
190416133741F,BITCOIN - CHICAGO MERCANTILE EXCHANGE,2019-04-16T00:00:00.000,2019 Report Week 15,BITCOIN,133741,CME,CHI,133,BITCOIN,4324,0,158,0,163,201,0,2272,2541,176,532,975,17,3160,4068,1164,256,100.0,0.0,3.7,0.0,3.8,4.6,0.0,52.5,58.8,4.1,12.3,22.5,0.4,73.1,94.1,26.9,5.9,45,0,,0,,0,9,20,4,23,27,44.8,54.9,57.2,68.9,44.8,51.2,56.4,64.9,(5 Bitcoins),F85,BITCOIN,DIGITAL ASSET,FINANCIAL INSTRUMENTS,FutOnly,-119,0,0,0,-81,121,-3,304,-173,-174,-102,171,-51,-107,-109,-12,-10,,,7,4
190423133741F,BITCOIN - CHICAGO MERCANTILE EXCHANGE,2019-04-23T00:00:00.000,2019 Report Week 16,BITCOIN,133741,CME,CHI,133,BITCOIN,4313,0,158,0,245,132,4,2025,2458,152,501,1173,0,2927,4077,1386,236,100.0,0.0,3.7,0.0,5.7,3.1,0.1,47.0,57.0,3.5,11.6,27.2,0.0,67.9,94.5,32.1,5.5,44,0,,0,,,9,20,4,20,27,42.5,53.5,53.4,68.0,42.5,50.4,52.6,64.9,(5 Bitcoins),F85,BITCOIN,DIGITAL ASSET,FINANCIAL INSTRUMENTS,FutOnly,-11,0,0,0,82,-69,4,-247,-83,-24,-31,198,-17,-233,9,222,-20,0,,6,
190430133741F,BITCOIN - CHICAGO MERCANTILE EXCHANGE,2019-04-30T00:00:00.000,2019 Report Week 17,BITCOIN,133741,CME,CHI,133,BITCOIN,3817,0,123,0,254,72,35,1789,2375,63,458,942,0,2599,3610,1218,207,100.0,0.0,3.2,0.0,6.7,1.9,0.9,46.9,62.2,1.7,12.0,24.7,0.0,68.1,94.6,31.9,5.4,43,0,,0,,,10,17,4,24,26,39.0,53.8,51.8,71.5,38.6,53.8,50.8,71.5,(5 Bitcoins),F85,BITCOIN,DIGITAL ASSET,FINANCIAL INSTRUMENTS,FutOnly,-496,0,-35,0,9,-60,31,-236,-83,-89,-43,-231,0,-328,-467,-168,-29,0,4,5,5
190507133741F,BITCOIN - CHICAGO MERCANTILE EXCHANGE,2019-05-07T00:00:00.000,2019 Report Week 18,BITCOIN,133741,CME,CHI,133,BITCOIN,4388,0,123,0,286,0,29,1941,2692,79,719,1216,0,3054,4139,1334,249,100.0,0.0,2.8,0.0,6.5,0.0,0.7,44.2,61.3,1.8,16.4,27.7,0.0,69.6,94.3,30.4,5.7,47,0,,0,0,,11,16,4,29,23,33.4,56.5,45.1,74.9,33.4,56.3,45.1,73.7,(5 Bitcoins),F85,BITCOIN,DIGITAL ASSET,FINANCIAL INSTRUMENTS,FutOnly,571,0,0,0,32,-72,-6,152,317,16,261,274,0,455,529,116,42,0,4,10,
190514133741F,BITCOIN - CHICAGO MERCANTILE EXCHANGE,2019-05-14T00:00:00.000,2019 Report Week 19,BITCOIN,133741,CME,CHI,133,BITCOIN,4447,0,123,0,199,0,15,2289,2455,274,317,1218,0,3094,4085,1353,362,100.0,0.0,2.8,0.0,4.5,0.0,0.3,51.5,55.2,6.2,7.1,27.4,0.0,69.6,91.9,30.4,8.1,41,0,,0,0,,12,15,,27,19,37.6,61.8,49.6,77.1,37.6,59.3,48.3,71.8,(5 Bitcoins),F85,BITCOIN,DIGITAL ASSET,FINANCIAL INSTRUMENTS,FutOnly,59,0,0,0,-87,0,-14,348,-237,195,-402,2,0,40,-54,19,113,0,4,7,4
190521133741F,BITCOIN - CHICAGO MERCANTILE EXCHANGE,2019-05-21T00:00:00.000,2019 Report Week 20,BITCOIN,133741,CME,CHI,133,BITCOIN,4650,0,123,0,223,0,0,2354,2498,384,268,1251,0,3229,4256,1421,394,100.0,0.0,2.6,0.0,4.8,0.0,0.0,50.6,53.7,8.3,5.8,26.9,0.0,69.4,91.5,30.6,8.5,44,0,,0,0,0,15,14,,32,20,36.8,67.9,47.6,80.2,36.5,63.9,46.1,75.2,(5 Bitcoins),F85,BITCOIN,DIGITAL ASSET,FINANCIAL INSTRUMENTS,FutOnly,203,0,0,0,24,0,-15,65,43,110,-49,33,0,135,171,68,32,0,4,6,8
190528133741F,BITCOIN - CHICAGO MERCANTILE EXCHANGE,2019-05-28T00:00:00.000,2019 Report Week 21,BITCOIN,133741,CME,CHI,133,BITCOIN,5190,0,123,0,319,0,0,2709,2763,371,238,1577,0,3637,4834,1553,356,100.0,0.0,2.4,0.0,6.1,0.0,0.0,52.2,53.2,7.1,4.6,30.4,0.0,70.1,93.1,29.9,6.9,47,0,,0,0,0,18,15,,32,21,34.0,66.6,44.6,79.3,33.7,66.1,43.1,76.6,(5 Bitcoins),F85,BITCOIN,DIGITAL ASSET,FINANCIAL INSTRUMENTS,FutOnly,540,0,0,0,96,0,0,355,265,-13,-30,326,0,408,578,132,-38,0,4,6,6
190604133741F,BITCOIN - CHICAGO MERCANTILE EXCHANGE,2019-06-04T00:00:00.000,2019 Report Week 22,BITCOIN,133741,CME,CHI,133,BITCOIN,4436,0,0,0,300,56,0,2321,2698,211,213,1043,0,3045,4008,1391,428,100.0,0.0,0.0,0.0,6.8,1.3,0.0,52.3,60.8,4.8,4.8,23.5,0.0,68.6,90.4,31.4,9.6,42,0,0,0,,0,14,16,,25,21,40.9,59.9,50.6,76.1,40.9,59.9,49.3,73.2,(5 Bitcoins),F85,BITCOIN,DIGITAL ASSET,FINANCIAL INSTRUMENTS,FutOnly,-754,0,-123,0,-19,56,0,-388,-65,-160,-25,-534,0,-592,-826,-162,72,0,,5,4
190611133741F,BITCOIN - CHICAGO MERCANTILE EXCHANGE,2019-06-11T00:00:00.000,2019 Report Week 23,BITCOIN,133741,CME,CHI,133,BITCOIN,4434,0,0,0,359,0,0,2073,3044,256,362,751,24,3074,4075,1360,359,100.0,0.0,0.0,0.0,8.1,0.0,0.0,46.8,68.7,5.8,8.2,16.9,0.5,69.3,91.9,30.7,8.1,43,0,0,0,0,0,15,16,,29,20,36.5,63.2,46.6,79.6,36.5,62.6,45.0,76.0,(5 Bitcoins),F85,BITCOIN,DIGITAL ASSET,FINANCIAL INSTRUMENTS,FutOnly,-2,0,0,0,59,-56,0,-248,346,45,149,-292,24,29,67,-31,-69,,,7,5
190618133741F,BITCOIN - CHICAGO MERCANTILE EXCHANGE,2019-06-18T00:00:00.000,2019 Report Week 24,BITCOIN,133741,CME,CHI,133,BITCOIN,5391,0,0,0,354,0,0,2564,2911,491,482,1621,0,3891,5023,1500,368,100.0,0.0,0.0,0.0,6.6,0.0,0.0,47.6,54.0,9.1,8.9,30.1,0.0,72.2,93.2,27.8,6.8,48,0,0,0,0,0,17,14,,36,18,32.6,70.2,44.6,83.9,32.4,70.2,41.4,79.3,(5 Bitcoins),F85,BITCOIN,DIGITAL ASSET,FINANCIAL INSTRUMENTS,FutOnly,957,0,0,0,-5,0,0,491,-133,235,120,870,-24,817,948,140,9,0,5,10,6
190625133741F,BITCOIN - CHICAGO MERCANTILE EXCHANGE,2019-06-25T00:00:00.000,2019 Report Week 25,BITCOIN,133741,CME,CHI,133,BITCOIN,6021,0,0,0,310,0,25,3093,3246,366,490,1967,0,4284,5604,1737,417,100.0,0.0,0.0,0.0,5.1,0.0,0.4,51.4,53.9,6.1,8.1,32.7,0.0,71.2,93.1,28.8,6.9,49,0,0,0,0,,19,14,,39,17,32.7,74.6,42.7,83.8,32.7,74.6,41.6,82.2,(5 Bitcoins),F85,BITCOIN,DIGITAL ASSET,FINANCIAL INSTRUMENTS,FutOnly,630,0,0,0,-44,0,25,529,335,-125,8,346,0,393,581,237,49,0,5,10,6
190702133741F,BITCOIN - CHICAGO MERCANTILE EXCHANGE,2019-07-02T00:00:00.000,2019 Report Week 26,BITCOIN,133741,CME,CHI,133,BITCOIN,5839,36,0,0,188,146,30,3253,3326,162,605,1812,30,4304,5506,1535,333,100.0,0.6,0.0,0.0,3.2,2.5,0.5,55.7,57.0,2.8,10.4,31.0,0.5,73.7,94.3,26.3,5.7,54,,0,0,,,19,17,,38,24,34.3,68.3,45.6,81.6,34.3,68.1,45.6,81.4,(5 Bitcoins),F85,BITCOIN,DIGITAL ASSET,FINANCIAL INSTRUMENTS,FutOnly,-182,36,0,0,-122,146,5,160,80,-204,115,-155,30,20,-98,-202,-84,,,11,6
190709133741F,BITCOIN - CHICAGO MERCANTILE EXCHANGE,2019-07-09T00:00:00.000,2019 Report Week 27,BITCOIN,133741,CME,CHI,133,BITCOIN,6075,57,0,0,249,109,15,3233,3730,136,625,1711,30,4345,5731,1730,344,100.0,0.9,0.0,0.0,4.1,1.8,0.2,53.2,61.4,2.2,10.3,28.2,0.5,71.5,94.3,28.5,5.7,56,,0,0,,,18,19,,38,23,33.0,66.7,44.0,80.7,33.0,65.9,44.0,80.0,(5 Bitcoins),F85,BITCOIN,DIGITAL ASSET,FINANCIAL INSTRUMENTS,FutOnly,236,21,0,0,61,-37,-15,-20,404,-26,20,-101,0,41,225,195,11,,4,11,
190716133741F,BITCOIN - CHICAGO MERCANTILE EXCHANGE,2019-07-16T00:00:00.000,2019 Report Week 28,BITCOIN,133741,CME,CHI,133,BITCOIN,5322,39,0,0,211,151,0,2566,3394,120,506,1157,91,3533,4913,1789,409,100.0,0.7,0.0,0.0,4.0,2.8,0.0,48.2,63.8,2.3,9.5,21.7,1.7,66.4,92.3,33.6,7.7,51,,0,0,,0,14,17,,34,24,34.2,59.9,43.8,74.4,34.2,58.4,43.8,73.0,(5 Bitcoins),F85,BITCOIN,DIGITAL ASSET,FINANCIAL INSTRUMENTS,FutOnly,-753,-18,0,0,-38,42,-15,-667,-336,-16,-119,-554,61,-812,-818,59,65,,,10,4
190723133741F,BITCOIN - CHICAGO MERCANTILE EXCHANGE,2019-07-23T00:00:00.000,2019 Report Week 29,BITCOIN,133741,CME,CHI,133,BITCOIN,4928,40,0,0,102,111,53,2208,2799,59,682,1370,72,3216,4464,1712,464,100.0,0.8,0.0,0.0,2.1,2.3,1.1,44.8,56.8,1.2,13.8,27.8,1.5,65.3,90.6,34.7,9.4,43,,0,0,,,13,13,,33,17,31.7,65.3,43.0,78.7,31.7,64.1,43.0,77.6,(5 Bitcoins),F85,BITCOIN,DIGITAL ASSET,FINANCIAL INSTRUMENTS,FutOnly,-394,1,0,0,-109,-40,53,-358,-595,-61,176,213,-19,-317,-449,-77,55,,,12,4
190730133741F,BITCOIN - CHICAGO MERCANTILE EXCHANGE,2019-07-30T00:00:00.000,2019 Report Week 30,BITCOIN,133741,CME,CHI,133,BITCOIN,4302,60,0,0,251,147,0,1843,2288,6,533,1280,86,2779,3807,1523,495,100.0,1.4,0.0,0.0,5.8,3.4,0.0,42.8,53.2,0.1,12.4,29.8,2.0,64.6,88.5,35.4,11.5,45,,0,0,,0,10,15,,29,20,35.2,58.9,44.3,75.2,35.2,58.9,44.3,75.1,(5 Bitcoins),F85,BITCOIN,DIGITAL ASSET,FINANCIAL INSTRUMENTS,FutOnly,-626,20,0,0,149,36,-53,-365,-511,-53,-149,-90,14,-437,-657,-189,31,,4,10,
190806133741F,BITCOIN - CHICAGO MERCANTILE EXCHANGE,2019-08-06T00:00:00.000,2019 Report Week 31,BITCOIN,133741,CME,CHI,133,BITCOIN,4692,0,0,0,260,224,0,1847,2264,35,713,1586,37,2892,4146,1800,546,100.0,0.0,0.0,0.0,5.5,4.8,0.0,39.4,48.3,0.7,15.2,33.8,0.8,61.6,88.4,38.4,11.6,42,0,0,0,,0,10,13,,29,16,30.8,68.8,40.1,81.5,30.8,68.7,40.1,81.4,(5 Bitcoins),F85,BITCOIN,DIGITAL ASSET,FINANCIAL INSTRUMENTS,FutOnly,390,-60,0,0,9,77,0,4,-24,29,180,306,-49,113,339,277,51,,4,13,
190813133741F,BITCOIN - CHICAGO MERCANTILE EXCHANGE,2019-08-13T00:00:00.000,2019 Report Week 32,BITCOIN,133741,CME,CHI,133,BITCOIN,4729,0,50,0,222,224,0,2002,2480,20,647,1346,90,2981,4210,1748,519,100.0,0.0,1.1,0.0,4.7,4.7,0.0,42.3,52.4,0.4,13.7,28.5,1.9,63.0,89.0,37.0,11.0,45,0,,0,,0,13,13,,30,20,30.5,62.1,39.6,77.5,30.5,62.1,39.6,77.1,(5 Bitcoins),F85,BITCOIN,DIGITAL ASSET,FINANCIAL INSTRUMENTS,FutOnly,37,0,50,0,-38,0,0,155,216,-15,-66,-240,53,89,64,-52,-27,,,12,
190820133741F,BITCOIN - CHICAGO MERCANTILE EXCHANGE,2019-08-20T00:00:00.000,2019 Report Week 33,BITCOIN,133741,CME,CHI,133,BITCOIN,4485,0,50,0,266,224,5,1836,2209,13,463,1350,206,2789,4057,1696,428,100.0,0.0,1.1,0.0,5.9,5.0,0.1,40.9,49.3,0.3,10.3,30.1,4.6,62.2,90.5,37.8,9.5,43,0,,0,,,10,12,4,27,24,32.1,60.8,41.2,75.4,32.1,60.8,41.2,75.1,(5 Bitcoins),F85,BITCOIN,DIGITAL ASSET,FINANCIAL INSTRUMENTS,FutOnly,-244,0,0,0,44,0,5,-166,-271,-7,-184,4,116,-192,-153,-52,-91,5,4,9,
190827133741F,BITCOIN - CHICAGO MERCANTILE EXCHANGE,2019-08-27T00:00:00.000,2019 Report Week 34,BITCOIN,133741,CME,CHI,133,BITCOIN,4091,0,50,0,237,222,0,1739,2093,13,309,1131,68,2366,3577,1725,514,100.0,0.0,1.2,0.0,5.8,5.4,0.0,42.5,51.2,0.3,7.6,27.6,1.7,57.8,87.4,42.2,12.6,38,0,,0,,0,10,13,,23,21,34.8,57.1,44.0,74.5,34.8,56.9,44.0,74.2,(5 Bitcoins),F85,BITCOIN,DIGITAL ASSET,FINANCIAL INSTRUMENTS,FutOnly,-394,0,0,0,-29,-2,-5,-97,-116,0,-154,-219,-138,-423,-480,29,86,,,6,
190903133741F,BITCOIN - CHICAGO MERCANTILE EXCHANGE,2019-09-03T00:00:00.000,2019 Report Week 35,BITCOIN,133741,CME,CHI,133,BITCOIN,4493,31,50,0,324,163,0,1979,2467,36,421,1221,118,2909,4055,1584,438,100.0,0.7,1.1,0.0,7.2,3.6,0.0,44.0,54.9,0.8,9.4,27.2,2.6,64.7,90.3,35.3,9.7,51,,,0,,0,11,19,4,29,27,31.1,55.6,41.0,68.3,31.1,55.5,41.0,67.8,(5 Bitcoins),F85,BITCOIN,DIGITAL ASSET,FINANCIAL INSTRUMENTS,FutOnly,402,31,0,0,87,-59,0,240,374,23,112,90,50,543,478,-141,-76,,4,10,
190910133741F,BITCOIN - CHICAGO MERCANTILE EXCHANGE,2019-09-10T00:00:00.000,2019 Report Week 36,BITCOIN,133741,CME,CHI,133,BITCOIN,4128,31,50,0,244,190,0,1692,2233,142,480,951,111,2700,3677,1428,451,100.0,0.8,1.2,0.0,5.9,4.6,0.0,41.0,54.1,3.4,11.6,23.0,2.7,65.4,89.1,34.6,10.9,48,,,0,,0,11,16,,30,25,31.2,55.7,40.3,69.9,31.2,54.8,40.2,68.7,(5 Bitcoins),F85,BITCOIN,DIGITAL ASSET,FINANCIAL INSTRUMENTS,FutOnly,-365,0,0,0,-80,27,0,-287,-234,106,59,-270,-7,-209,-378,-156,13,,,12,4
190917133741F,BITCOIN - CHICAGO MERCANTILE EXCHANGE,2019-09-17T00:00:00.000,2019 Report Week 37,BITCOIN,133741,CME,CHI,133,BITCOIN,4174,31,50,0,262,201,0,1688,2254,164,521,1093,55,2721,3817,1453,357,100.0,0.7,1.2,0.0,6.3,4.8,0.0,40.4,54.0,3.9,12.5,26.2,1.3,65.2,91.4,34.8,8.6,49,,,0,,0,11,16,,31,25,30.7,59.8,39.5,73.8,30.7,59.1,39.3,72.4,(5 Bitcoins),F85,BITCOIN,DIGITAL ASSET,FINANCIAL INSTRUMENTS,FutOnly,46,0,0,0,18,11,0,-4,21,22,41,142,-56,21,140,25,-94,,4,12,5
190924133741F,BITCOIN - CHICAGO MERCANTILE EXCHANGE,2019-09-24T00:00:00.000,2019 Report Week 38,BITCOIN,133741,CME,CHI,133,BITCOIN,4178,72,50,0,42,100,55,1651,2510,171,488,687,71,2550,3644,1628,534,100.0,1.7,1.2,0.0,1.0,2.4,1.3,39.5,60.1,4.1,11.7,16.4,1.7,61.0,87.2,39.0,12.8,50,,,0,,,9,20,,27,29,32.6,43.7,40.9,60.0,32.6,42.7,40.3,58.0,(5 Bitcoins),F85,BITCOIN,DIGITAL ASSET,FINANCIAL INSTRUMENTS,FutOnly,4,41,0,0,-220,-101,55,-37,256,7,-33,-406,16,-171,-173,175,177,,,11,
191001133741F,BITCOIN - CHICAGO MERCANTILE EXCHANGE,2019-10-01T00:00:00.000,2019 Report Week 39,BITCOIN,133741,CME,CHI,133,BITCOIN,3348,59,0,0,70,31,30,1298,2063,42,374,572,65,1938,2803,1410,545,100.0,1.8,0.0,0.0,2.1,0.9,0.9,38.8,61.6,1.3,11.2,17.1,1.9,57.9,83.7,42.1,16.3,42,,0,0,,,9,15,,25,22,33.4,48.2,40.2,65.9,33.4,47.6,39.6,65.2,(5 Bitcoins),F85,BITCOIN,DIGITAL ASSET,FINANCIAL INSTRUMENTS,FutOnly,-830,-13,-50,0,28,-69,-25,-353,-447,-129,-114,-115,-6,-612,-841,-218,11,,,10,
191008133741F,BITCOIN - CHICAGO MERCANTILE EXCHANGE,2019-10-08T00:00:00.000,2019 Report Week 40,BITCOIN,133741,CME,CHI,133,BITCOIN,3335,59,0,0,140,138,0,1211,2048,79,395,526,56,1940,2847,1395,488,100.0,1.8,0.0,0.0,4.2,4.1,0.0,36.3,61.4,2.4,11.8,15.8,1.7,58.2,85.4,41.8,14.6,45,,0,0,,0,8,18,,24,25,31.9,44.2,39.8,63.2,31.9,43.5,39.1,61.4,(5 Bitcoins),F85,BITCOIN,DIGITAL ASSET,FINANCIAL INSTRUMENTS,FutOnly,-13,0,0,0,70,107,-30,-87,-15,37,21,-46,-9,2,44,-15,-57,,,10,
191015133741F,BITCOIN - CHICAGO MERCANTILE EXCHANGE,2019-10-15T00:00:00.000,2019 Report Week 41,BITCOIN,133741,CME,CHI,133,BITCOIN,3444,59,0,0,210,149,1,1186,2031,154,370,511,46,2026,2892,1418,552,100.0,1.7,0.0,0.0,6.1,4.3,0.0,34.4,59.0,4.5,10.7,14.8,1.3,58.8,84.0,41.2,16.0,44,,0,0,,,10,15,,26,23,30.3,39.6,39.4,60.0,29.2,39.6,36.4,57.4,(5 Bitcoins),F85,BITCOIN,DIGITAL ASSET,FINANCIAL INSTRUMENTS,FutOnly,109,0,0,0,70,11,1,-25,-17,75,-25,-15,-10,86,45,23,64,,,9,
191022133741F,BITCOIN - CHICAGO MERCANTILE EXCHANGE,2019-10-22T00:00:00.000,2019 Report Week 42,BITCOIN,133741,CME,CHI,133,BITCOIN,3093,59,0,0,163,31,0,950,1714,148,321,518,68,1709,2479,1384,614,100.0,1.9,0.0,0.0,5.3,1.0,0.0,30.7,55.4,4.8,10.4,16.7,2.2,55.3,80.1,44.7,19.9,39,,0,0,,0,9,15,,24,20,25.8,44.9,35.0,62.4,25.2,43.3,32.8,58.0,(5 Bitcoins),F85,BITCOIN,DIGITAL ASSET,FINANCIAL INSTRUMENTS,FutOnly,-351,0,0,0,-47,-118,-1,-236,-317,-6,-49,7,22,-317,-413,-34,62,,,8,
191029133741F,BITCOIN - CHICAGO MERCANTILE EXCHANGE,2019-10-29T00:00:00.000,2019 Report Week 43,BITCOIN,133741,CME,CHI,133,BITCOIN,3155,33,0,0,260,86,0,956,2016,103,569,445,49,1970,2699,1185,456,100.0,1.0,0.0,0.0,8.2,2.7,0.0,30.3,63.9,3.3,18.0,14.1,1.6,62.4,85.5,37.6,14.5,46,,0,0,,0,10,15,,29,21,25.5,53.8,35.0,68.8,25.5,53.8,35.0,68.0,(5 Bitcoins),F85,BITCOIN,DIGITAL ASSET,FINANCIAL INSTRUMENTS,FutOnly,62,-26,0,0,97,55,0,6,302,-45,248,-73,-19,261,220,-199,-158,,4,12,
191105133741F,BITCOIN - CHICAGO MERCANTILE EXCHANGE,2019-11-05T00:00:00.000,2019 Report Week 44,BITCOIN,133741,CME,CHI,133,BITCOIN,3520,32,0,0,188,149,10,1221,2345,134,595,457,43,2223,3138,1297,382,100.0,0.9,0.0,0.0,5.3,4.2,0.3,34.7,66.6,3.8,16.9,13.0,1.2,63.2,89.1,36.8,10.9,47,,0,0,,,13,12,,32,21,24.2,59.8,35.0,73.6,23.7,59.8,32.8,73.2,(5 Bitcoins),F85,BITCOIN,DIGITAL ASSET,FINANCIAL INSTRUMENTS,FutOnly,365,-1,0,0,-72,63,10,265,329,31,26,12,-6,253,439,112,-74,,4,13,
191112133741F,BITCOIN - CHICAGO MERCANTILE EXCHANGE,2019-11-12T00:00:00.000,2019 Report Week 45,BITCOIN,133741,CME,CHI,133,BITCOIN,3091,32,0,0,99,143,10,912,2043,87,636,358,41,1817,2682,1274,409,100.0,1.0,0.0,0.0,3.2,4.6,0.3,29.5,66.1,2.8,20.6,11.6,1.3,58.8,86.8,41.2,13.2,46,,0,0,,,12,12,,30,21,24.8,53.6,33.1,71.0,24.4,53.6,31.8,71.0,(5 Bitcoins),F85,BITCOIN,DIGITAL ASSET,FINANCIAL INSTRUMENTS,FutOnly,-429,0,0,0,-89,-6,0,-309,-302,-47,41,-99,-2,-406,-456,-23,27,,,14,
191119133741F,BITCOIN - CHICAGO MERCANTILE EXCHANGE,2019-11-19T00:00:00.000,2019 Report Week 46,BITCOIN,133741,CME,CHI,133,BITCOIN,3157,38,0,0,67,292,0,1059,1914,84,466,334,41,1755,2665,1402,492,100.0,1.2,0.0,0.0,2.1,9.2,0.0,33.5,60.6,2.7,14.8,10.6,1.3,55.6,84.4,44.4,15.6,45,,0,0,4,0,11,14,,28,23,23.8,44.0,32.5,62.1,22.1,44.0,30.5,61.9,(5 Bitcoins),F85,BITCOIN,DIGITAL ASSET,FINANCIAL INSTRUMENTS,FutOnly,66,6,0,0,-32,149,-10,147,-129,-3,-170,-24,0,-62,-17,128,83,,,12,4
191126133741F,BITCOIN - CHICAGO MERCANTILE EXCHANGE,2019-11-26T00:00:00.000,2019 Report Week 47,BITCOIN,133741,CME,CHI,133,BITCOIN,3554,38,0,0,56,298,1,1155,1669,263,334,626,38,1885,2895,1669,659,100.0,1.1,0.0,0.0,1.6,8.4,0.0,32.5,47.0,7.4,9.4,17.6,1.1,53.0,81.5,47.0,18.5,41,,0,0,,,10,14,,25,24,25.8,47.8,35.9,61.9,23.1,47.8,30.7,59.6,(5 Bitcoins),F85,BITCOIN,DIGITAL ASSET,FINANCIAL INSTRUMENTS,FutOnly,397,0,0,0,-11,6,1,96,-245,179,-132,292,-3,130,230,267,167,,,9,5
191203133741F,BITCOIN - CHICAGO MERCANTILE EXCHANGE,2019-12-03T00:00:00.000,2019 Report Week 48,BITCOIN,133741,CME,CHI,133,BITCOIN,2983,131,0,0,93,256,11,894,1257,17,307,638,44,1497,2223,1486,760,100.0,4.4,0.0,0.0,3.1,8.6,0.4,30.0,42.1,0.6,10.3,21.4,1.5,50.2,74.5,49.8,25.5,39,,0,0,4,,9,10,,25,19,24.1,47.4,31.9,62.5,24.1,46.3,31.8,61.4,(5 Bitcoins),F85,BITCOIN,DIGITAL ASSET,FINANCIAL INSTRUMENTS,FutOnly,-571,93,0,0,37,-42,10,-261,-412,-246,-27,12,6,-388,-672,-183,101,,,8,
191210133741F,BITCOIN - CHICAGO MERCANTILE EXCHANGE,2019-12-10T00:00:00.000,2019 Report Week 49,BITCOIN,133741,CME,CHI,133,BITCOIN,3232,131,0,0,56,285,1,1069,1766,109,310,396,12,1688,2569,1544,663,100.0,4.1,0.0,0.0,1.7,8.8,0.0,33.1,54.6,3.4,9.6,12.3,0.4,52.2,79.5,47.8,20.5,43,,0,0,4,,11,14,,24,23,22.8,41.2,32.3,58.3,22.1,41.2,30.6,58.1,(5 Bitcoins),F85,BITCOIN,DIGITAL ASSET,FINANCIAL INSTRUMENTS,FutOnly,249,0,0,0,-37,29,-10,175,509,92,3,-242,-32,191,346,58,-97,,,8,
191217133741F,BITCOIN - CHICAGO MERCANTILE EXCHANGE,2019-12-17T00:00:00.000,2019 Report Week 50,BITCOIN,133741,CME,CHI,133,BITCOIN,3840,134,0,0,38,444,0,1578,2446,125,295,331,12,2182,3358,1658,482,100.0,3.5,0.0,0.0,1.0,11.6,0.0,41.1,63.7,3.3,7.7,8.6,0.3,56.8,87.4,43.2,12.6,45,,0,0,4,0,9,18,,24,27,33.6,38.5,41.9,56.8,32.6,38.0,40.9,55.3,(5 Bitcoins),F85,BITCOIN,DIGITAL ASSET,FINANCIAL INSTRUMENTS,FutOnly,608,3,0,0,-18,159,-1,509,680,16,-15,-65,0,494,789,114,-181,,,8,5
191224133741F,BITCOIN - CHICAGO MERCANTILE EXCHANGE,2019-12-24T00:00:00.000,2019 Report Week 51,BITCOIN,133741,CME,CHI,133,BITCOIN,3541,137,0,0,133,283,1,1179,2256,100,276,514,25,1851,3179,1690,362,100.0,3.9,0.0,0.0,3.8,8.0,0.0,33.3,63.7,2.8,7.8,14.5,0.7,52.3,89.8,47.7,10.2,45,,0,0,,,11,14,4,30,23,21.0,44.4,30.2,66.1,21.0,42.6,30.0,63.3,(5 Bitcoins),F85,BITCOIN,DIGITAL ASSET,FINANCIAL INSTRUMENTS,FutOnly,-299,3,0,0,95,-161,1,-399,-190,-25,-19,183,13,-331,-179,32,-120,,,7,4
191231133741F,BITCOIN - CHICAGO MERCANTILE EXCHANGE,2019-12-31T00:00:00.000,2019 Report Week 52,BITCOIN,133741,CME,CHI,133,BITCOIN,3186,137,0,0,159,437,1,1037,1840,102,366,451,30,1832,2861,1354,325,100.0,4.3,0.0,0.0,5.0,13.7,0.0,32.5,57.8,3.2,11.5,14.2,0.9,57.5,89.8,42.5,10.2,47,,0,0,4,,9,16,,28,25,21.7,42.8,32.2,63.2,21.7,42.8,31.6,62.3,(5 Bitcoins),F85,BITCOIN,DIGITAL ASSET,FINANCIAL INSTRUMENTS,FutOnly,-355,0,0,0,26,154,0,-142,-416,2,90,-63,5,-19,-318,-336,-37,,,9,
200107133741F,BITCOIN - CHICAGO MERCANTILE EXCHANGE,2020-01-07T00:00:00.000,2020 Report Week 01,BITCOIN,133741,CME,CHI,133,BITCOIN,5400,66,42,0,338,331,0,2517,3661,238,464,786,20,3643,5078,1757,322,100.0,1.2,0.8,0.0,6.3,6.1,0.0,46.6,67.8,4.4,8.6,14.6,0.4,67.5,94.0,32.5,6.0,58,,,0,4,0,15,18,,37,28,29.5,54.4,39.5,70.4,29.5,54.1,38.9,68.4,(5 Bitcoins),F85,BITCOIN,DIGITAL ASSET,FINANCIAL INSTRUMENTS,FutOnly,2214,-71,42,0,179,-106,-1,1480,1821,136,98,335,-10,1811,2217,403,-3,,5,11,5
200114133741F,BITCOIN - CHICAGO MERCANTILE EXCHANGE,2020-01-14T00:00:00.000,2020 Report Week 02,BITCOIN,133741,CME,CHI,133,BITCOIN,5405,66,46,0,272,300,0,2688,3339,230,342,1043,33,3631,4991,1774,414,100.0,1.2,0.9,0.0,5.0,5.6,0.0,49.7,61.8,4.3,6.3,19.3,0.6,67.2,92.3,32.8,7.7,56,,,0,4,0,21,12,,39,28,24.4,61.7,36.9,76.6,23.8,61.2,36.0,76.0,(5 Bitcoins),F85,BITCOIN,DIGITAL ASSET,FINANCIAL INSTRUMENTS,FutOnly,5,0,4,0,-66,-31,0,171,-322,-8,-122,257,13,-12,-87,17,92,,,10,9
200121133741F,BITCOIN - CHICAGO MERCANTILE EXCHANGE,2020-01-21T00:00:00.000,2020 Report Week 03,BITCOIN,133741,CME,CHI,133,BITCOIN,5139,66,46,0,185,445,0,2304,3035,302,437,864,43,3337,4735,1802,404,100.0,1.3,0.9,0.0,3.6,8.7,0.0,44.8,59.1,5.9,8.5,16.8,0.8,64.9,92.1,35.1,7.9,56,,,0,,0,22,11,,39,24,21.3,54.8,31.6,73.3,21.0,53.9,29.9,72.5,(5 Bitcoins),F85,BITCOIN,DIGITAL ASSET,FINANCIAL INSTRUMENTS,FutOnly,-266,0,0,0,-87,145,0,-384,-304,72,95,-179,10,-294,-256,28,-10,,,11,6
200128133741F,BITCOIN - CHICAGO MERCANTILE EXCHANGE,2020-01-28T00:00:00.000,2020 Report Week 04,BITCOIN,133741,CME,CHI,133,BITCOIN,4917,66,46,0,391,438,0,1747,2907,253,419,765,74,2950,4483,1967,434,100.0,1.3,0.9,0.0,8.0,8.9,0.0,35.5,59.1,5.1,8.5,15.6,1.5,60.0,91.2,40.0,8.8,55,,,0,,0,20,10,5,38,24,18.0,55.4,29.2,73.8,17.9,53.9,27.9,72.3,(5 Bitcoins),F85,BITCOIN,DIGITAL ASSET,FINANCIAL INSTRUMENTS,FutOnly,-222,0,0,0,206,-7,0,-557,-128,-49,-18,-99,31,-387,-252,165,30,,4,11,6
200204133741F,BITCOIN - CHICAGO MERCANTILE EXCHANGE,2020-02-04T00:00:00.000,2020 Report Week 05,BITCOIN,133741,CME,CHI,133,BITCOIN,4367,71,50,0,132,434,0,1436,3136,96,678,168,103,2516,3987,1851,380,100.0,1.6,1.1,0.0,3.0,9.9,0.0,32.9,71.8,2.2,15.5,3.8,2.4,57.6,91.3,42.4,8.7,47,,,0,,0,15,11,,32,18,20.2,59.9,31.2,75.9,18.1,59.9,27.0,75.9,(5 Bitcoins),F85,BITCOIN,DIGITAL ASSET,FINANCIAL INSTRUMENTS,FutOnly,-550,5,4,0,-259,-4,0,-311,229,-157,259,-597,29,-434,-496,-116,-54,,,13,
200211133741F,BITCOIN - CHICAGO MERCANTILE EXCHANGE,2020-02-11T00:00:00.000,2020 Report Week 06,BITCOIN,133741,CME,CHI,133,BITCOIN,6106,76,50,0,367,148,0,2237,4553,244,924,533,146,3994,5674,2112,432,100.0,1.2,0.8,0.0,6.0,2.4,0.0,36.6,74.6,4.0,15.1,8.7,2.4,65.4,92.9,34.6,7.1,59,,,0,,0,20,13,,43,22,19.2,69.1,32.2,81.1,17.9,66.8,29.9,78.8,(5 Bitcoins),F85,BITCOIN,DIGITAL ASSET,FINANCIAL INSTRUMENTS,FutOnly,1739,5,0,0,235,-286,0,801,1417,148,246,365,43,1478,1687,261,52,,4,14,5
200218133741F,BITCOIN - CHICAGO MERCANTILE EXCHANGE,2020-02-18T00:00:00.000,2020 Report Week 07,BITCOIN,133741,CME,CHI,133,BITCOIN,6463,78,158,0,260,177,0,2452,5258,130,1576,181,145,4641,6049,1822,414,100.0,1.2,2.4,0.0,4.0,2.7,0.0,37.9,81.4,2.0,24.4,2.8,2.2,71.8,93.6,28.2,6.4,61,,,0,,0,22,13,4,44,24,29.6,71.7,40.0,81.2,26.8,71.7,37.2,81.1,(5 Bitcoins),F85,BITCOIN,DIGITAL ASSET,FINANCIAL INSTRUMENTS,FutOnly,357,2,108,0,-107,29,0,215,705,-114,652,-352,-1,647,375,-290,-18,,4,13,5
200225133741F,BITCOIN - CHICAGO MERCANTILE EXCHANGE,2020-02-25T00:00:00.000,2020 Report Week 08,BITCOIN,133741,CME,CHI,133,BITCOIN,5632,71,178,5,164,189,0,1774,4511,102,1741,38,182,4039,5205,1593,427,100.0,1.3,3.2,0.1,2.9,3.4,0.0,31.5,80.1,1.8,30.9,0.7,3.2,71.7,92.4,28.3,7.6,58,,,,,0,21,12,,41,24,37.2,67.7,44.8,79.8,32.9,67.7,40.5,79.3,(5 Bitcoins),F85,BITCOIN,DIGITAL ASSET,FINANCIAL INSTRUMENTS,FutOnly,-831,-7,20,5,-96,12,0,-678,-747,-28,165,-143,37,-602,-844,-229,13,,,14,5
200303133741F,BITCOIN - CHICAGO MERCANTILE EXCHANGE,2020-03-03T00:00:00.000,2020 Report Week 09,BITCOIN,133741,CME,CHI,133,BITCOIN,4837,66,159,0,163,196,0,764,3454,208,1234,0,413,2848,4430,1989,407,100.0,1.4,3.3,0.0,3.4,4.1,0.0,15.8,71.4,4.3,25.5,0.0,8.5,58.9,91.6,41.1,8.4,40,,,0,,0,12,11,0,26,21,38.2,64.0,44.8,80.1,27.0,62.0,33.5,73.2,(5 Bitcoins),F85,BITCOIN,DIGITAL ASSET,FINANCIAL INSTRUMENTS,FutOnly,-795,-5,-19,-5,-1,7,0,-1010,-1057,106,-507,-38,231,-1191,-775,396,-20,,,8,5
200310133741F,BITCOIN - CHICAGO MERCANTILE EXCHANGE,2020-03-10T00:00:00.000,2020 Report Week 10,BITCOIN,133741,CME,CHI,133,BITCOIN,4368,65,41,0,115,362,0,1421,3002,181,783,25,313,2878,3924,1490,444,100.0,1.5,0.9,0.0,2.6,8.3,0.0,32.5,68.7,4.1,17.9,0.6,7.2,65.9,89.8,34.1,10.2,42,,,0,4,0,11,14,,23,23,42.7,61.3,51.2,73.8,33.3,58.3,41.3,68.2,(5 Bitcoins),F85,BITCOIN,DIGITAL ASSET,FINANCIAL INSTRUMENTS,FutOnly,-469,-1,-118,0,-48,166,0,657,-452,-27,-451,25,-100,30,-506,-499,37,,,7,
200317133741F,BITCOIN - CHICAGO MERCANTILE EXCHANGE,2020-03-17T00:00:00.000,2020 Report Week 11,BITCOIN,133741,CME,CHI,133,BITCOIN,4474,336,0,0,101,465,0,1869,2907,10,584,504,93,2993,3979,1481,495,100.0,7.5,0.0,0.0,2.3,10.4,0.0,41.8,65.0,0.2,13.1,11.3,2.1,66.9,88.9,33.1,11.1,44,,0,0,,0,9,18,,23,27,47.2,52.2,55.1,71.8,47.0,50.3,54.6,69.9,(5 Bitcoins),F85,BITCOIN,DIGITAL ASSET,FINANCIAL INSTRUMENTS,FutOnly,106,271,-41,0,-14,103,0,448,-95,-171,-199,479,-220,115,55,-9,51,4,,8,
200324133741F,BITCOIN - CHICAGO MERCANTILE EXCHANGE,2020-03-24T00:00:00.000,2020 Report Week 12,BITCOIN,133741,CME,CHI,133,BITCOIN,3909,36,0,0,125,297,0,1136,2291,76,969,550,64,2406,3278,1503,631,100.0,0.9,0.0,0.0,3.2,7.6,0.0,29.1,58.6,1.9,24.8,14.1,1.6,61.6,83.9,38.4,16.1,41,,0,0,,0,12,13,,27,20,30.2,59.4,42.0,71.3,30.2,57.8,41.9,69.7,(5 Bitcoins),F85,BITCOIN,DIGITAL ASSET,FINANCIAL INSTRUMENTS,FutOnly,-565,-300,0,0,24,-168,0,-733,-616,66,385,46,-29,-587,-701,22,136,,,9,
200331133741F,BITCOIN - CHICAGO MERCANTILE EXCHANGE,2020-03-31T00:00:00.000,2020 Report Week 13,BITCOIN,133741,CME,CHI,133,BITCOIN,3947,36,0,0,173,248,0,1489,2602,51,900,453,39,2688,3393,1259,554,100.0,0.9,0.0,0.0,4.4,6.3,0.0,37.7,65.9,1.3,22.8,11.5,1.0,68.1,86.0,31.9,14.0,44,,0,0,4,0,13,12,,31,19,30.7,60.9,43.5,76.9,30.7,59.6,43.5,75.6,(5 Bitcoins),F85,BITCOIN,DIGITAL ASSET,FINANCIAL INSTRUMENTS,FutOnly,38,0,0,0,48,-49,0,353,311,-25,-69,-97,-25,282,115,-244,-77,,,10,
200407133741F,BITCOIN - CHICAGO MERCANTILE EXCHANGE,2020-04-07T00:00:00.000,2020 Report Week 14,BITCOIN,133741,CME,CHI,133,BITCOIN,5448,36,0,0,221,204,0,2452,3652,272,671,934,31,3683,5093,1765,355,100.0,0.7,0.0,0.0,4.1,3.7,0.0,45.0,67.0,5.0,12.3,17.1,0.6,67.6,93.5,32.4,6.5,55,,0,0,,0,16,17,,39,25,31.6,58.1,41.9,78.6,31.6,57.8,41.4,75.8,(5 Bitcoins),F85,BITCOIN,DIGITAL ASSET,FINANCIAL INSTRUMENTS,FutOnly,1501,0,0,0,48,-44,0,963,1050,221,-229,481,-8,995,1700,506,-199,,,13,6
200414133741F,BITCOIN - CHICAGO MERCANTILE EXCHANGE,2020-04-14T00:00:00.000,2020 Report Week 15,BITCOIN,133741,CME,CHI,133,BITCOIN,5538,38,0,0,203,283,0,2260,3198,244,868,1394,22,3635,5141,1903,397,100.0,0.7,0.0,0.0,3.7,5.1,0.0,40.8,57.7,4.4,15.7,25.2,0.4,65.6,92.8,34.4,7.2,62,,0,0,5,0,16,21,,38,32,26.4,54.0,36.9,72.1,26.4,52.5,36.9,69.6,(5 Bitcoins),F85,BITCOIN,DIGITAL ASSET,FINANCIAL INSTRUMENTS,FutOnly,90,2,0,0,-18,79,0,-192,-454,-28,197,460,-9,-48,48,138,42,,,15,5
200421133741F,BITCOIN - CHICAGO MERCANTILE EXCHANGE,2020-04-21T00:00:00.000,2020 Report Week 16,BITCOIN,133741,CME,CHI,133,BITCOIN,5648,38,0,0,218,316,0,2394,3026,261,759,1600,5,3675,5208,1973,440,100.0,0.7,0.0,0.0,3.9,5.6,0.0,42.4,53.6,4.6,13.4,28.3,0.1,65.1,92.2,34.9,7.8,60,,0,0,,0,17,20,,37,29,26.3,53.4,37.1,71.1,26.3,50.9,36.8,68.1,(5 Bitcoins),F85,BITCOIN,DIGITAL ASSET,FINANCIAL INSTRUMENTS,FutOnly,110,0,0,0,15,33,0,134,-172,17,-109,206,-17,40,67,70,43,,,14,4
200428133741F,BITCOIN - CHICAGO MERCANTILE EXCHANGE,2020-04-28T00:00:00.000,2020 Report Week 17,BITCOIN,133741,CME,CHI,133,BITCOIN,6111,53,30,0,324,35,0,2024,3379,402,1233,1784,64,4100,5694,2011,417,100.0,0.9,0.5,0.0,5.3,0.6,0.0,33.1,55.3,6.6,20.2,29.2,1.0,67.1,93.2,32.9,6.8,54,,,0,,0,13,16,,36,24,26.1,64.4,37.3,80.8,25.6,63.3,35.4,75.3,(5 Bitcoins),F85,BITCOIN,DIGITAL ASSET,FINANCIAL INSTRUMENTS,FutOnly,463,15,30,0,106,-281,0,-370,353,141,474,184,59,425,486,38,-23,,,16,
200505133741F,BITCOIN - CHICAGO MERCANTILE EXCHANGE,2020-05-05T00:00:00.000,2020 Report Week 18,BITCOIN,133741,CME,CHI,133,BITCOIN,7784,48,160,0,316,0,1,3312,4269,557,1330,2302,149,5713,7438,2071,346,100.0,0.6,2.1,0.0,4.1,0.0,0.0,42.5,54.8,7.2,17.1,29.6,1.9,73.4,95.6,26.6,4.4,66,,,0,0,,16,20,6,46,29,27.1,64.8,43.2,78.6,27.1,63.6,41.0,74.2,(5 Bitcoins),F85,BITCOIN,DIGITAL ASSET,FINANCIAL INSTRUMENTS,FutOnly,1673,-5,130,0,-8,-35,1,1288,890,155,97,518,85,1613,1744,60,-71,,,19,5
200512133741F,BITCOIN - CHICAGO MERCANTILE EXCHANGE,2020-05-12T00:00:00.000,2020 Report Week 19,BITCOIN,133741,CME,CHI,133,BITCOIN,9939,43,300,0,282,113,1,4923,6477,627,1389,2047,29,7294,9594,2645,345,100.0,0.4,3.0,0.0,2.8,1.1,0.0,49.5,65.2,6.3,14.0,20.6,0.3,73.4,96.5,26.6,3.5,71,,,0,,,20,22,4,52,31,34.4,62.0,47.8,78.5,34.4,61.6,46.9,75.7,(5 Bitcoins),F85,BITCOIN,DIGITAL ASSET,FINANCIAL INSTRUMENTS,FutOnly,2155,-5,140,0,-34,113,0,1611,2208,70,59,-255,-120,1581,2156,574,-1,,,20,8
200519133741F,BITCOIN - CHICAGO MERCANTILE EXCHANGE,2020-05-19T00:00:00.000,2020 Report Week 20,BITCOIN,133741,CME,CHI,133,BITCOIN,10878,41,342,0,342,193,10,5458,6815,593,1535,2576,3,7982,10532,2896,346,100.0,0.4,3.1,0.0,3.1,1.8,0.1,50.2,62.6,5.5,14.1,23.7,0.0,73.4,96.8,26.6,3.2,75,,,0,,,24,20,7,53,32,34.2,65.7,46.4,78.7,34.2,65.7,46.4,77.2,(5 Bitcoins),F85,BITCOIN,DIGITAL ASSET,FINANCIAL INSTRUMENTS,FutOnly,939,-2,42,0,60,80,9,535,338,-34,146,529,-26,688,938,251,1,,,18,8
200526133741F,BITCOIN - CHICAGO MERCANTILE EXCHANGE,2020-05-26T00:00:00.000,2020 Report Week 21,BITCOIN,133741,CME,CHI,133,BITCOIN,8722,36,307,0,363,93,1,3880,4783,396,1755,2501,5,6436,8086,2286,636,100.0,0.4,3.5,0.0,4.2,1.1,0.0,44.5,54.8,4.5,20.1,28.7,0.1,73.8,92.7,26.2,7.3,65,,,0,,,18,18,4,46,31,35.0,63.6,48.5,79.0,35.0,63.5,48.5,77.7,(5 Bitcoins),F85,BITCOIN,DIGITAL ASSET,FINANCIAL INSTRUMENTS,FutOnly,-2156,-5,-35,0,21,-100,-9,-1578,-2032,-197,220,-75,2,-1546,-2446,-610,290,,4,18,10
200602133741F,BITCOIN - CHICAGO MERCANTILE EXCHANGE,2020-06-02T00:00:00.000,2020 Report Week 22,BITCOIN,133741,CME,CHI,133,BITCOIN,8824,36,394,80,423,214,0,3684,5752,139,1806,1706,59,6227,8344,2597,480,100.0,0.4,4.5,0.9,4.8,2.4,0.0,41.7,65.2,1.6,20.5,19.3,0.7,70.6,94.6,29.4,5.4,68,,,,,0,21,16,4,51,26,32.8,62.4,45.5,76.9,32.8,61.8,45.5,76.2,(5 Bitcoins),F85,BITCOIN,DIGITAL ASSET,FINANCIAL INSTRUMENTS,FutOnly,102,0,87,80,60,121,-1,-196,969,-257,51,-795,54,-209,258,311,-156,,4,19,5
200609133741F,BITCOIN - CHICAGO MERCANTILE EXCHANGE,2020-06-09T00:00:00.000,2020 Report Week 23,BITCOIN,133741,CME,CHI,133,BITCOIN,9565,36,532,14,435,214,25,4203,6198,180,2175,1816,24,7092,9003,2473,562,100.0,0.4,5.6,0.1,4.5,2.2,0.3,43.9,64.8,1.9,22.7,19.0,0.3,74.1,94.1,25.9,5.9,70,,,,,,23,16,5,52,28,35.8,66.1,49.5,78.9,35.8,65.8,49.5,78.6,(5 Bitcoins),F85,BITCOIN,DIGITAL ASSET,FINANCIAL INSTRUMENTS,FutOnly,741,0,138,-66,12,0,25,519,446,41,369,110,-35,865,659,-124,82,,4,18,5
200616133741F,BITCOIN - CHICAGO MERCANTILE EXCHANGE,2020-06-16T00:00:00.000,2020 Report Week 24,BITCOIN,133741,CME,CHI,133,BITCOIN,8784,31,495,0,406,294,15,3776,5710,176,2169,1447,18,6591,8155,2193,629,100.0,0.4,5.6,0.0,4.6,3.3,0.2,43.0,65.0,2.0,24.7,16.5,0.2,75.0,92.8,25.0,7.2,66,,,0,,,19,17,5,46,28,39.5,64.5,53.9,76.8,39.5,64.3,53.9,76.6,(5 Bitcoins),F85,BITCOIN,DIGITAL ASSET,FINANCIAL INSTRUMENTS,FutOnly,-781,-5,-37,-14,-29,80,-10,-427,-488,-4,-6,-369,-6,-501,-848,-280,67,,,18,4
200623133741F,BITCOIN - CHICAGO MERCANTILE EXCHANGE,2020-06-23T00:00:00.000,2020 Report Week 25,BITCOIN,133741,CME,CHI,133,BITCOIN,9330,31,493,1,642,297,26,3847,6230,335,2120,1417,20,7022,8819,2308,511,100.0,0.3,5.3,0.0,6.9,3.2,0.3,41.2,66.8,3.6,22.7,15.2,0.2,75.3,94.5,24.7,5.5,65,,,,,,20,18,,46,27,39.0,64.5,53.7,76.0,39.0,64.3,53.0,75.2,(5 Bitcoins),F85,BITCOIN,DIGITAL ASSET,FINANCIAL INSTRUMENTS,FutOnly,546,0,-2,1,236,3,11,71,520,159,-49,-30,2,431,664,115,-118,,,16,
200630133741F,BITCOIN - CHICAGO MERCANTILE EXCHANGE,2020-06-30T00:00:00.000,2020 Report Week 26,BITCOIN,133741,CME,CHI,133,BITCOIN,7675,0,493,0,362,80,30,3079,5332,74,2255,1017,1,5801,7027,1874,648,100.0,0.0,6.4,0.0,4.7,1.0,0.4,40.1,69.5,1.0,29.4,13.3,0.0,75.6,91.6,24.4,8.4,60,0,,0,,,14,19,4,38,27,46.9,51.7,57.4,68.5,46.9,51.6,57.4,68.4,(5 Bitcoins),F85,BITCOIN,DIGITAL ASSET,FINANCIAL INSTRUMENTS,FutOnly,-1655,-31,0,-1,-280,-217,4,-768,-898,-261,135,-400,-19,-1221,-1792,-434,137,,,18,
200707133741F,BITCOIN - CHICAGO MERCANTILE EXCHANGE,2020-07-07T00:00:00.000,2020 Report Week 27,BITCOIN,133741,CME,CHI,133,BITCOIN,8165,0,523,0,626,203,30,3262,5731,54,2132,1048,1,6105,7590,2060,575,100.0,0.0,6.4,0.0,7.7,2.5,0.4,40.0,70.2,0.7,26.1,12.8,0.0,74.8,93.0,25.2,7.0,64,0,,0,,,17,18,5,43,27,44.9,57.7,57.2,73.6,44.9,57.7,57.2,73.5,(5 Bitcoins),F85,BITCOIN,DIGITAL ASSET,FINANCIAL INSTRUMENTS,FutOnly,490,0,30,0,264,123,0,183,399,-20,-123,31,0,304,563,186,-73,,,18,4
200714133741F,BITCOIN - CHICAGO MERCANTILE EXCHANGE,2020-07-14T00:00:00.000,2020 Report Week 28,BITCOIN,133741,CME,CHI,133,BITCOIN,8322,0,533,0,444,255,30,3573,5460,71,2306,1385,2,6426,7736,1896,586,100.0,0.0,6.4,0.0,5.3,3.1,0.4,42.9,65.6,0.9,27.7,16.6,0.0,77.2,93.0,22.8,7.0,70,0,,0,,,20,19,6,47,31,43.2,56.3,54.0,70.3,43.2,56.3,54.0,70.3,(5 Bitcoins),F85,BITCOIN,DIGITAL ASSET,FINANCIAL INSTRUMENTS,FutOnly,157,0,10,0,-182,52,0,311,-271,17,174,337,1,321,146,-164,11,,,19,5
200721133741F,BITCOIN - CHICAGO MERCANTILE EXCHANGE,2020-07-21T00:00:00.000,2020 Report Week 29,BITCOIN,133741,CME,CHI,133,BITCOIN,9230,0,533,0,485,278,30,4122,6062,98,2217,1651,1,6953,8653,2277,577,100.0,0.0,5.8,0.0,5.3,3.0,0.3,44.7,65.7,1.1,24.0,17.9,0.0,75.3,93.7,24.7,6.3,66,0,,0,,,21,16,5,46,27,39.1,59.6,50.9,75.0,39.1,59.5,50.9,74.9,(5 Bitcoins),F85,BITCOIN,DIGITAL ASSET,FINANCIAL INSTRUMENTS,FutOnly,908,0,0,0,41,23,0,549,602,27,-89,266,-1,527,917,381,-9,,,18,5
200728133741F,BITCOIN - CHICAGO MERCANTILE EXCHANGE,2020-07-28T00:00:00.000,2020 Report Week 30,BITCOIN,133741,CME,CHI,133,BITCOIN,13068,0,580,2,646,684,20,5982,7942,174,2292,2847,267,9383,12516,3685,552,100.0,0.0,4.4,0.0,4.9,5.2,0.2,45.8,60.8,1.3,17.5,21.8,2.0,71.8,95.8,28.2,4.2,84,0,,,,,31,19,4,65,28,29.6,63.3,40.2,81.5,29.6,61.2,39.8,79.2,(5 Bitcoins),F85,BITCOIN,DIGITAL ASSET,FINANCIAL INSTRUMENTS,FutOnly,3838,0,47,2,161,406,-10,1860,1880,76,75,1196,266,2430,3863,1408,-25,,5,23,6
200804133741F,BITCOIN - CHICAGO MERCANTILE EXCHANGE,2020-08-04T00:00:00.000,2020 Report Week 31,BITCOIN,133741,CME,CHI,133,BITCOIN,12703,0,580,0,451,584,15,6312,7702,276,2131,3106,4,9189,12267,3514,436,100.0,0.0,4.6,0.0,3.6,4.6,0.1,49.7,60.6,2.2,16.8,24.5,0.0,72.3,96.6,27.7,3.4,93,0,,0,,,36,18,6,73,32,30.2,60.2,40.1,81.8,30.2,60.2,40.0,81.7,(5 Bitcoins),F85,BITCOIN,DIGITAL ASSET,FINANCIAL INSTRUMENTS,FutOnly,-365,0,0,-2,-195,-100,-5,330,-240,102,-161,259,-263,-194,-249,-171,-116,,6,25,10
200811133741F,BITCOIN - CHICAGO MERCANTILE EXCHANGE,2020-08-11T00:00:00.000,2020 Report Week 32,BITCOIN,133741,CME,CHI,133,BITCOIN,13090,0,580,0,206,495,156,6444,7785,373,1943,2677,540,9662,12606,3428,484,100.0,0.0,4.4,0.0,1.6,3.8,1.2,49.2,59.5,2.8,14.8,20.5,4.1,73.8,96.3,26.2,3.7,90,0,,0,,,34,16,7,73,33,33.0,60.0,44.0,80.6,33.0,56.9,42.2,76.4,(5 Bitcoins),F85,BITCOIN,DIGITAL ASSET,FINANCIAL INSTRUMENTS,FutOnly,387,0,0,0,-245,-89,141,132,83,97,-188,-429,536,473,339,-86,48,5,5,23,9
200818133741F,BITCOIN - CHICAGO MERCANTILE EXCHANGE,2020-08-18T00:00:00.000,2020 Report Week 33,BITCOIN,133741,CME,CHI,133,BITCOIN,14454,0,580,0,296,585,214,5760,8590,384,2776,2427,1139,10569,13919,3885,535,100.0,0.0,4.0,0.0,2.0,4.0,1.5,39.9,59.4,2.7,19.2,16.8,7.9,73.1,96.3,26.9,3.7,94,0,,0,,,30,17,7,76,34,27.5,59.4,40.2,78.4,26.8,55.2,36.1,71.5,(5 Bitcoins),F85,BITCOIN,DIGITAL ASSET,FINANCIAL INSTRUMENTS,FutOnly,1364,0,0,0,90,90,58,-684,805,11,833,-250,599,907,1313,457,51,7,4,31,7
200825133741F,BITCOIN - CHICAGO MERCANTILE EXCHANGE,2020-08-25T00:00:00.000,2020 Report Week 34,BITCOIN,133741,CME,CHI,133,BITCOIN,11615,0,580,0,296,1,24,4839,6148,549,1957,2345,753,8418,10400,3197,1215,100.0,0.0,5.0,0.0,2.5,0.0,0.2,41.7,52.9,4.7,16.8,20.2,6.5,72.5,89.5,27.5,10.5,84,0,,0,,,29,19,6,66,35,30.6,52.9,41.2,72.9,30.6,48.2,38.1,67.0,(5 Bitcoins),F85,BITCOIN,DIGITAL ASSET,FINANCIAL INSTRUMENTS,FutOnly,-2839,0,0,0,0,-584,-190,-921,-2442,165,-819,-82,-386,-2151,-3519,-688,680,6,4,22,10
200901133741F,BITCOIN - CHICAGO MERCANTILE EXCHANGE,2020-09-01T00:00:00.000,2020 Report Week 35,BITCOIN,133741,CME,CHI,133,BITCOIN,10617,0,540,0,745,182,82,4271,6842,287,1947,1775,470,7802,10178,2815,439,100.0,0.0,5.1,0.0,7.0,1.7,0.8,40.2,64.4,2.7,18.3,16.7,4.4,73.5,95.9,26.5,4.1,85,0,,0,,,30,14,4,69,28,28.0,58.8,37.8,78.0,28.0,58.8,36.9,76.2,(5 Bitcoins),F85,BITCOIN,DIGITAL ASSET,FINANCIAL INSTRUMENTS,FutOnly,-998,0,-40,0,449,181,58,-568,694,-262,-10,-570,-283,-616,-222,-382,-776,4,6,26,7
200908133741F,BITCOIN - CHICAGO MERCANTILE EXCHANGE,2020-09-08T00:00:00.000,2020 Report Week 36,BITCOIN,133741,CME,CHI,133,BITCOIN,8198,0,229,0,256,35,108,2758,4661,401,1729,2028,222,5474,7684,2724,514,100.0,0.0,2.8,0.0,3.1,0.4,1.3,33.6,56.9,4.9,21.1,24.7,2.7,66.8,93.7,33.2,6.3,81,0,,0,,,27,19,4,60,32,27.3,55.8,35.6,70.3,27.0,55.8,34.6,69.0,(5 Bitcoins),F85,BITCOIN,DIGITAL ASSET,FINANCIAL INSTRUMENTS,FutOnly,-2419,0,-311,0,-489,-147,26,-1513,-2181,114,-218,253,-248,-2328,-2494,-91,75,,,23,6
200915133741F,BITCOIN - CHICAGO MERCANTILE EXCHANGE,2020-09-15T00:00:00.000,2020 Report Week 37,BITCOIN,133741,CME,CHI,133,BITCOIN,9383,0,0,0,717,12,70,2819,5224,388,1653,2766,321,5968,8781,3415,602,100.0,0.0,0.0,0.0,7.6,0.1,0.7,30.0,55.7,4.1,17.6,29.5,3.4,63.6,93.6,36.4,6.4,76,0,0,0,,,23,17,6,57,30,27.3,64.2,35.9,77.2,27.3,63.3,34.5,76.1,(5 Bitcoins),F85,BITCOIN,DIGITAL ASSET,FINANCIAL INSTRUMENTS,FutOnly,1185,0,-229,0,461,-23,-38,61,563,-13,-76,738,99,494,1097,691,88,4,5,22,6
200922133741F,BITCOIN - CHICAGO MERCANTILE EXCHANGE,2020-09-22T00:00:00.000,2020 Report Week 38,BITCOIN,133741,CME,CHI,133,BITCOIN,8426,0,0,0,285,12,45,2280,4480,874,1580,2062,356,5420,7829,3006,597,100.0,0.0,0.0,0.0,3.4,0.1,0.5,27.1,53.2,10.4,18.8,24.5,4.2,64.3,92.9,35.7,7.1,75,0,0,0,,,22,19,6,56,33,27.6,59.4,36.2,74.9,23.5,55.9,30.6,68.2,(5 Bitcoins),F85,BITCOIN,DIGITAL ASSET,FINANCIAL INSTRUMENTS,FutOnly,-957,0,0,0,-432,0,-25,-539,-744,486,-73,-704,35,-548,-952,-409,-5,6,4,21,7
200929133741F,BITCOIN - CHICAGO MERCANTILE EXCHANGE,2020-09-29T00:00:00.000,2020 Report Week 39,BITCOIN,133741,CME,CHI,133,BITCOIN,7324,0,0,0,525,28,49,2004,4730,292,1590,1482,215,4675,6796,2649,528,100.0,0.0,0.0,0.0,7.2,0.4,0.7,27.4,64.6,4.0,21.7,20.2,2.9,63.8,92.8,36.2,7.2,68,0,0,0,,,17,19,6,49,31,29.4,62.9,38.9,75.0,29.0,62.9,37.2,73.6,(5 Bitcoins),F85,BITCOIN,DIGITAL ASSET,FINANCIAL INSTRUMENTS,FutOnly,-1102,0,0,0,240,16,4,-276,250,-582,10,-580,-141,-745,-1033,-357,-69,6,4,19,5
201006133741F,BITCOIN - CHICAGO MERCANTILE EXCHANGE,2020-10-06T00:00:00.000,2020 Report Week 40,BITCOIN,133741,CME,CHI,133,BITCOIN,7511,0,0,0,703,64,49,2153,4854,159,1604,1747,147,4815,7020,2696,491,100.0,0.0,0.0,0.0,9.4,0.9,0.7,28.7,64.6,2.1,21.4,23.3,2.0,64.1,93.5,35.9,6.5,74,0,0,0,,,18,24,6,49,34,30.4,60.4,38.9,75.8,30.4,60.3,38.3,75.8,(5 Bitcoins),F85,BITCOIN,DIGITAL ASSET,FINANCIAL INSTRUMENTS,FutOnly,187,0,0,0,178,36,0,149,124,-133,14,265,-68,140,224,47,-37,,4,20,5
201013133741F,BITCOIN - CHICAGO MERCANTILE EXCHANGE,2020-10-13T00:00:00.000,2020 Report Week 41,BITCOIN,133741,CME,CHI,133,BITCOIN,9353,0,0,0,702,0,0,3487,6314,307,1713,2063,183,6392,8867,2961,486,100.0,0.0,0.0,0.0,7.5,0.0,0.0,37.3,67.5,3.3,18.3,22.1,2.0,68.3,94.8,31.7,5.2,82,0,0,0,0,0,24,22,9,59,35,25.6,66.2,37.1,79.4,25.6,66.2,36.5,77.9,(5 Bitcoins),F85,BITCOIN,DIGITAL ASSET,FINANCIAL INSTRUMENTS,FutOnly,1842,0,0,0,-1,-64,-49,1334,1460,148,109,316,36,1577,1847,265,-5,7,4,22,5
201020133741F,BITCOIN - CHICAGO MERCANTILE EXCHANGE,2020-10-20T00:00:00.000,2020 Report Week 42,BITCOIN,133741,CME,CHI,133,BITCOIN,10896,0,0,0,874,0,0,4558,7741,304,1926,2320,162,7824,10527,3072,369,100.0,0.0,0.0,0.0,8.0,0.0,0.0,41.8,71.0,2.8,17.7,21.3,1.5,71.8,96.6,28.2,3.4,92,0,0,0,0,0,31,23,9,66,36,23.3,63.7,34.4,79.5,23.0,63.7,34.1,78.3,(5 Bitcoins),F85,BITCOIN,DIGITAL ASSET,FINANCIAL INSTRUMENTS,FutOnly,1543,0,0,0,172,0,0,1071,1427,-3,213,257,-21,1432,1660,111,-117,5,5,23,5
201027133741F,BITCOIN - CHICAGO MERCANTILE EXCHANGE,2020-10-27T00:00:00.000,2020 Report Week 43,BITCOIN,133741,CME,CHI,133,BITCOIN,12665,0,285,0,770,0,0,5462,9010,275,2579,2578,39,9125,12187,3540,478,100.0,0.0,2.3,0.0,6.1,0.0,0.0,43.1,71.1,2.2,20.4,20.4,0.3,72.0,96.2,28.0,3.8,102,0,,0,0,0,33,20,10,77,38,21.1,63.4,31.8,79.4,21.1,63.4,31.8,78.8,(5 Bitcoins),F85,BITCOIN,DIGITAL ASSET,FINANCIAL INSTRUMENTS,FutOnly,1769,0,285,0,-104,0,0,904,1269,-29,653,258,-123,1301,1660,468,109,,5,32,10
201103133741F,BITCOIN - CHICAGO MERCANTILE EXCHANGE,2020-11-03T00:00:00.000,2020 Report Week 44,BITCOIN,133741,CME,CHI,133,BITCOIN,11278,0,661,0,800,0,0,4379,8007,101,2539,2030,54,7873,10853,3405,425,100.0,0.0,5.9,0.0,7.1,0.0,0.0,38.8,71.0,0.9,22.5,18.0,0.5,69.8,96.2,30.2,3.8,99,0,,0,0,0,32,21,10,71,36,18.2,60.9,29.8,78.6,18.2,60.9,29.8,78.5,(5 Bitcoins),F85,BITCOIN,DIGITAL ASSET,FINANCIAL INSTRUMENTS,FutOnly,-1387,0,376,0,30,0,0,-1083,-1003,-174,-40,-548,15,-1252,-1334,-135,-53,,6,28,5
201110133741F,BITCOIN - CHICAGO MERCANTILE EXCHANGE,2020-11-10T00:00:00.000,2020 Report Week 45,BITCOIN,133741,CME,CHI,133,BITCOIN,11311,0,732,0,832,7,33,5097,7881,130,2250,1803,130,8472,10716,2839,595,100.0,0.0,6.5,0.0,7.4,0.1,0.3,45.1,69.7,1.1,19.9,15.9,1.1,74.9,94.7,25.1,5.3,102,0,,0,,,40,19,10,79,37,18.5,55.6,30.8,74.6,18.5,55.5,30.8,74.5,(5 Bitcoins),F85,BITCOIN,DIGITAL ASSET,FINANCIAL INSTRUMENTS,FutOnly,33,0,71,0,32,7,33,718,-126,29,-289,-227,76,599,-137,-566,170,5,5,25,8
201117133741F,BITCOIN - CHICAGO MERCANTILE EXCHANGE,2020-11-17T00:00:00.000,2020 Report Week 46,BITCOIN,133741,CME,CHI,133,BITCOIN,11509,0,732,0,845,4,26,5305,8097,207,1933,1663,83,8399,10812,3110,697,100.0,0.0,6.4,0.0,7.3,0.0,0.2,46.1,70.4,1.8,16.8,14.4,0.7,73.0,93.9,27.0,6.1,102,0,,0,,,40,18,9,80,37,18.6,55.3,30.3,74.8,18.6,55.0,30.3,74.5,(5 Bitcoins),F85,BITCOIN,DIGITAL ASSET,FINANCIAL INSTRUMENTS,FutOnly,198,0,0,0,13,-3,-7,208,216,77,-317,-140,-47,-73,96,271,102,5,5,26,9
201124133741F,BITCOIN - CHICAGO MERCANTILE EXCHANGE,2020-11-24T00:00:00.000,2020 Report Week 47,BITCOIN,133741,CME,CHI,133,BITCOIN,12336,0,643,0,668,0,0,5441,9864,408,2381,300,334,9232,11549,3104,787,100.0,0.0,5.2,0.0,5.4,0.0,0.0,44.1,80.0,3.3,19.3,2.4,2.7,74.8,93.6,25.2,6.4,108,0,,0,0,0,40,21,6,85,33,19.8,63.6,30.5,78.4,19.8,63.4,29.9,76.5,(5 Bitcoins),F85,BITCOIN,DIGITAL ASSET,FINANCIAL INSTRUMENTS,FutOnly,827,0,-89,0,-177,-4,-26,136,1767,201,448,-1363,251,833,737,-6,90,4,5,35,6
201201133741F,BITCOIN - CHICAGO MERCANTILE EXCHANGE,2020-12-01T00:00:00.000,2020 Report Week 48,BITCOIN,133741,CME,CHI,133,BITCOIN,11812,28,643,0,626,0,0,4509,9375,344,2442,460,529,8478,11351,3334,461,100.0,0.2,5.4,0.0,5.3,0.0,0.0,38.2,79.4,2.9,20.7,3.9,4.5,71.8,96.1,28.2,3.9,110,,,0,0,0,37,21,7,87,35,17.9,62.1,27.5,80.3,17.9,62.1,26.8,77.3,(5 Bitcoins),F85,BITCOIN,DIGITAL ASSET,FINANCIAL INSTRUMENTS,FutOnly,-524,28,0,0,-42,0,0,-932,-489,-64,61,160,195,-754,-198,230,-326,5,6,36,7
201208133741F,BITCOIN - CHICAGO MERCANTILE EXCHANGE,2020-12-08T00:00:00.000,2020 Report Week 49,BITCOIN,133741,CME,CHI,133,BITCOIN,11750,316,643,0,544,11,19,4365,9354,493,2063,177,547,8347,11244,3403,506,100.0,2.7,5.5,0.0,4.6,0.1,0.2,37.1,79.6,4.2,17.6,1.5,4.7,71.0,95.7,29.0,4.3,103,,,0,,,37,18,7,80,37,17.5,62.6,27.6,77.4,17.0,62.6,25.9,76.4,(5 Bitcoins),F85,BITCOIN,DIGITAL ASSET,FINANCIAL INSTRUMENTS,FutOnly,-62,288,0,0,-82,11,19,-144,-21,149,-379,-283,18,-131,-107,69,45,6,5,31,7
201215133741F,BITCOIN - CHICAGO MERCANTILE EXCHANGE,2020-12-15T00:00:00.000,2020 Report Week 50,BITCOIN,133741,CME,CHI,133,BITCOIN,11370,437,618,0,492,26,14,3946,8702,625,2027,84,695,8236,10764,3134,606,100.0,3.8,5.4,0.0,4.3,0.2,0.1,34.7,76.5,5.5,17.8,0.7,6.1,72.4,94.7,27.6,5.3,99,,,0,,,41,16,5,80,32,19.6,61.3,31.0,76.6,18.6,61.3,28.5,75.1,(5 Bitcoins),F85,BITCOIN,DIGITAL ASSET,FINANCIAL INSTRUMENTS,FutOnly,-380,121,-25,0,-52,15,-5,-419,-652,132,-36,-93,148,-111,-480,-269,100,5,5,26,7
201221133741F,BITCOIN - CHICAGO MERCANTILE EXCHANGE,2020-12-21T00:00:00.000,2020 Report Week 51,BITCOIN,133741,CME,CHI,133,BITCOIN,12603,525,618,0,573,30,10,4357,10320,172,2418,120,670,8725,11940,3878,663,100.0,4.2,4.9,0.0,4.5,0.2,0.1,34.6,81.9,1.4,19.2,1.0,5.3,69.2,94.7,30.8,5.3,102,,,0,,,39,16,5,83,32,17.9,60.9,28.1,76.5,17.1,60.9,26.1,76.5,(5 Bitcoins),F85,BITCOIN,DIGITAL ASSET,FINANCIAL INSTRUMENTS,FutOnly,1233,88,0,0,81,4,-4,411,1618,-453,391,36,-25,489,1176,744,57,5,5,32,7
201229133741F,BITCOIN - CHICAGO MERCANTILE EXCHANGE,2020-12-29T00:00:00.000,2020 Report Week 52,BITCOIN,133741,CME,CHI,133,BITCOIN,10653,504,628,0,620,32,8,3679,8466,60,2123,245,494,7488,9933,3165,720,100.0,4.7,5.9,0.0,5.8,0.3,0.1,34.5,79.5,0.6,19.9,2.3,4.6,70.3,93.2,29.7,6.8,87,,,0,,,35,12,5,71,26,19.7,64.2,31.6,82.6,19.7,64.2,30.4,82.1,(5 Bitcoins),F85,BITCOIN,DIGITAL ASSET,FINANCIAL INSTRUMENTS,FutOnly,-1950,-21,10,0,47,2,-2,-678,-1854,-112,-295,125,-176,-1237,-2007,-713,57,4,4,26,5
210105133741F,BITCOIN - CHICAGO MERCANTILE EXCHANGE,2021-01-05T00:00:00.000,2021 Report Week 01,BITCOIN,133741,CME,CHI,133,BITCOIN,11296,436,663,0,793,32,3,3544,9058,129,2672,261,376,7953,10522,3343,774,100.0,3.9,5.9,0.0,7.0,0.3,0.0,31.4,80.2,1.1,23.7,2.3,3.3,70.4,93.1,29.6,6.9,89,,,0,,,30,18,4,69,30,18.2,61.0,29.2,79.5,18.2,61.0,28.9,79.5,(5 Bitcoins),F85,BITCOIN,DIGITAL ASSET,FINANCIAL INSTRUMENTS,FutOnly,643,-68,35,0,173,0,-5,-135,592,69,549,16,-118,465,589,178,54,4,4,28,5
210112133741F,BITCOIN - CHICAGO MERCANTILE EXCHANGE,2021-01-12T00:00:00.000,2021 Report Week 02,BITCOIN,133741,CME,CHI,133,BITCOIN,12039,324,754,0,733,0,5,4107,9602,212,2522,373,460,8363,11406,3676,633,100.0,2.7,6.3,0.0,6.1,0.0,0.0,34.1,79.8,1.8,20.9,3.1,3.8,69.5,94.7,30.5,5.3,93,,,0,0,,33,20,6,72,37,17.2,53.9,27.6,77.6,16.7,53.9,27.0,77.6,(5 Bitcoins),F85,BITCOIN,DIGITAL ASSET,FINANCIAL INSTRUMENTS,FutOnly,743,-112,91,0,-60,-32,2,563,544,83,-150,112,84,410,884,333,-141,5,,27,10
210119133741F,BITCOIN - CHICAGO MERCANTILE EXCHANGE,2021-01-19T00:00:00.000,2021 Report Week 03,BITCOIN,133741,CME,CHI,133,BITCOIN,11945,413,709,0,639,123,10,3911,9119,275,2879,674,289,8416,11199,3529,746,100.0,3.5,5.9,0.0,5.3,1.0,0.1,32.7,76.3,2.3,24.1,5.6,2.4,70.5,93.8,29.5,6.2,89,,,0,,,30,18,5,67,35,20.2,54.9,30.6,76.9,19.6,54.9,29.8,76.9,(5 Bitcoins),F85,BITCOIN,DIGITAL ASSET,FINANCIAL INSTRUMENTS,FutOnly,-94,89,-45,0,-94,123,5,-196,-483,63,357,301,-171,53,-207,-147,113,,4,26,9
210126133741F,BITCOIN - CHICAGO MERCANTILE EXCHANGE,2021-01-26T00:00:00.000,2021 Report Week 04,BITCOIN,133741,CME,CHI,133,BITCOIN,10787,428,605,42,308,225,13,3605,7991,453,2424,364,338,7611,10031,3176,756,100.0,4.0,5.6,0.4,2.9,2.1,0.1,33.4,74.1,4.2,22.5,3.4,3.1,70.6,93.0,29.4,7.0,90,,,,,,35,15,7,70,40,19.5,53.5,29.6,76.3,18.7,53.5,28.3,75.7,(5 Bitcoins),F85,BITCOIN,DIGITAL ASSET,FINANCIAL INSTRUMENTS,FutOnly,-1158,15,-104,42,-331,102,3,-306,-1128,178,-455,-310,49,-805,-1168,-353,10,8,,23,10
210202133741F,BITCOIN - CHICAGO MERCANTILE EXCHANGE,2021-02-02T00:00:00.000,2021 Report Week 05,BITCOIN,133741,CME,CHI,133,BITCOIN,9469,422,446,97,308,357,20,3031,7224,456,2008,161,57,6399,8818,3070,651,100.0,4.5,4.7,1.0,3.3,3.8,0.2,32.0,76.3,4.8,21.2,1.7,0.6,67.6,93.1,32.4,6.9,85,,,,,,31,20,5,62,37,19.7,53.4,30.2,72.6,19.5,53.4,29.7,72.6,(5 Bitcoins),F85,BITCOIN,DIGITAL ASSET,FINANCIAL INSTRUMENTS,FutOnly,-1318,-6,-159,55,0,132,7,-574,-767,3,-416,-203,-281,-1212,-1213,-106,-105,,,20,10
210209133741F,BITCOIN - CHICAGO MERCANTILE EXCHANGE,2021-02-09T00:00:00.000,2021 Report Week 06,BITCOIN,133741,CME,CHI,133,BITCOIN,11055,387,564,89,348,265,26,3149,8481,665,2822,64,146,7632,10300,3423,755,100.0,3.5,5.1,0.8,3.1,2.4,0.2,28.5,76.7,6.0,25.5,0.6,1.3,69.0,93.2,31.0,6.8,90,,,,,,35,18,,71,33,19.7,50.0,29.0,74.4,19.3,50.0,27.9,74.3,(5 Bitcoins),F85,BITCOIN,DIGITAL ASSET,FINANCIAL INSTRUMENTS,FutOnly,1586,-35,118,-8,40,-92,6,118,1257,209,814,-97,89,1233,1482,353,104,,,24,9
210216133741F,BITCOIN - CHICAGO MERCANTILE EXCHANGE,2021-02-16T00:00:00.000,2021 Report Week 07,BITCOIN,133741,CME,CHI,133,BITCOIN,11426,368,564,61,338,339,9,3301,8750,660,3030,132,151,7918,10666,3508,760,100.0,3.2,4.9,0.5,3.0,3.0,0.1,28.9,76.6,5.8,26.5,1.2,1.3,69.3,93.3,30.7,6.7,89,,,,,,33,19,4,68,37,21.5,48.4,32.1,70.6,20.5,48.4,29.9,70.5,(5 Bitcoins),F85,BITCOIN,DIGITAL ASSET,FINANCIAL INSTRUMENTS,FutOnly,371,-19,0,-28,-10,74,-17,152,269,-5,208,68,5,286,366,85,5,4,,22,10
210223133741F,BITCOIN - CHICAGO MERCANTILE EXCHANGE,2021-02-23T00:00:00.000,2021 Report Week 08,BITCOIN,133741,CME,CHI,133,BITCOIN,10572,332,464,62,314,551,0,2633,7639,608,3650,259,81,7680,9664,2892,908,100.0,3.1,4.4,0.6,3.0,5.2,0.0,24.9,72.3,5.8,34.5,2.4,0.8,72.6,91.4,27.4,8.6,85,,,,,0,31,18,5,62,38,24.5,48.2,33.9,66.2,23.9,48.0,32.4,66.0,(5 Bitcoins),F85,BITCOIN,DIGITAL ASSET,FINANCIAL INSTRUMENTS,FutOnly,-854,-36,-100,1,-24,212,-9,-668,-1111,-52,620,127,-70,-238,-1002,-616,148,4,,20,10
210302133741F,BITCOIN - CHICAGO MERCANTILE EXCHANGE,2021-03-02T00:00:00.000,2021 Report Week 09,BITCOIN,133741,CME,CHI,133,BITCOIN,8068,376,137,42,323,643,0,1757,5563,572,2419,168,114,5603,7239,2465,829,100.0,4.7,1.7,0.5,4.0,8.0,0.0,21.8,69.0,7.1,30.0,2.1,1.4,69.4,89.7,30.6,10.3,77,,,,,0,28,17,4,55,33,22.0,48.4,32.4,64.9,21.4,48.4,30.8,64.6,(5 Bitcoins),F85,BITCOIN,DIGITAL ASSET,FINANCIAL INSTRUMENTS,FutOnly,-2504,44,-327,-20,9,92,0,-876,-2076,-36,-1231,-91,33,-2077,-2425,-427,-79,,,17,8
210309133741F,BITCOIN - CHICAGO MERCANTILE EXCHANGE,2021-03-09T00:00:00.000,2021 Report Week 10,BITCOIN,133741,CME,CHI,133,BITCOIN,8785,395,164,41,331,619,15,2055,6148,664,2573,186,76,6150,7913,2635,872,100.0,4.5,1.9,0.5,3.8,7.0,0.2,23.4,70.0,7.6,29.3,2.1,0.9,70.0,90.1,30.0,9.9,75,,,,,,24,18,,54,33,20.5,42.5,32.6,59.9,20.4,42.5,32.1,59.9,(5 Bitcoins),F85,BITCOIN,DIGITAL ASSET,FINANCIAL INSTRUMENTS,FutOnly,717,19,27,-1,8,-24,15,298,585,92,154,18,-38,547,674,170,43,,,18,8
210316133741F,BITCOIN - CHICAGO MERCANTILE EXCHANGE,2021-03-16T00:00:00.000,2021 Report Week 11,BITCOIN,133741,CME,CHI,133,BITCOIN,9335,468,203,63,357,516,55,2099,6756,842,2352,139,44,6280,8618,3055,717,100.0,5.0,2.2,0.7,3.8,5.5,0.6,22.5,72.4,9.0,25.2,1.5,0.5,67.3,92.3,32.7,7.7,77,,,,,,25,22,,55,37,21.1,43.1,32.5,62.7,21.0,43.1,30.8,61.4,(5 Bitcoins),F85,BITCOIN,DIGITAL ASSET,FINANCIAL INSTRUMENTS,FutOnly,550,73,39,22,26,-103,40,44,608,178,-221,-47,-32,130,705,420,-155,,,15,9
210323133741F,BITCOIN - CHICAGO MERCANTILE EXCHANGE,2021-03-23T00:00:00.000,2021 Report Week 12,BITCOIN,133741,CME,CHI,133,BITCOIN,9897,502,132,181,358,463,120,2606,7198,623,2608,315,71,7069,9103,2828,794,100.0,5.1,1.3,1.8,3.6,4.7,1.2,26.3,72.7,6.3,26.4,3.2,0.7,71.4,92.0,28.6,8.0,84,,,,,,31,21,6,61,39,23.1,44.7,33.4,60.9,22.9,44.7,32.2,60.9,(5 Bitcoins),F85,BITCOIN,DIGITAL ASSET,FINANCIAL INSTRUMENTS,FutOnly,562,34,-71,118,1,-53,65,507,442,-219,256,176,27,789,485,-227,77,,,16,9
210330133741F,BITCOIN - CHICAGO MERCANTILE EXCHANGE,2021-03-30T00:00:00.000,2021 Report Week 13,BITCOIN,133741,CME,CHI,133,BITCOIN,9322,493,243,27,354,534,105,2335,7144,420,2992,173,0,6726,8646,2596,676,100.0,5.3,2.6,0.3,3.8,5.7,1.1,25.0,76.6,4.5,32.1,1.9,0.0,72.2,92.7,27.8,7.3,78,,,,4,,25,23,,52,36,27.9,46.8,38.5,62.9,27.9,46.8,38.5,62.9,(5 Bitcoins),F85,BITCOIN,DIGITAL ASSET,FINANCIAL INSTRUMENTS,FutOnly,-575,-9,111,-154,-4,71,-15,-271,-54,-203,384,-142,-71,-343,-457,-232,-118,0,,16,8
210406133741F,BITCOIN - CHICAGO MERCANTILE EXCHANGE,2021-04-06T00:00:00.000,2021 Report Week 14,BITCOIN,133741,CME,CHI,133,BITCOIN,9865,501,264,31,355,519,115,2481,7477,535,3105,174,0,7123,9115,2742,750,100.0,5.1,2.7,0.3,3.6,5.3,1.2,25.1,75.8,5.4,31.5,1.8,0.0,72.2,92.4,27.8,7.6,81,,,,4,,25,27,,54,39,27.9,40.6,39.2,55.7,27.9,40.6,39.1,55.7,(5 Bitcoins),F85,BITCOIN,DIGITAL ASSET,FINANCIAL INSTRUMENTS,FutOnly,543,8,21,4,1,-15,10,146,333,115,113,1,0,397,469,146,74,0,,15,10
210413133741F,BITCOIN - CHICAGO MERCANTILE EXCHANGE,2021-04-13T00:00:00.000,2021 Report Week 15,BITCOIN,133741,CME,CHI,133,BITCOIN,9653,556,311,0,366,340,136,2979,7634,363,2433,174,0,6833,8958,2820,695,100.0,5.8,3.2,0.0,3.8,3.5,1.4,30.9,79.1,3.8,25.2,1.8,0.0,70.8,92.8,29.2,7.2,85,,,0,,,32,25,,61,37,26.5,45.7,35.9,61.1,26.5,45.7,35.9,60.6,(5 Bitcoins),F85,BITCOIN,DIGITAL ASSET,FINANCIAL INSTRUMENTS,FutOnly,-212,55,47,-31,11,-179,21,498,157,-172,-672,0,0,-290,-157,78,-55,0,4,16,11
210420133741F,BITCOIN - CHICAGO MERCANTILE EXCHANGE,2021-04-20T00:00:00.000,2021 Report Week 16,BITCOIN,133741,CME,CHI,133,BITCOIN,8817,516,87,70,372,554,0,2616,6709,328,2173,268,90,6165,8106,2652,711,100.0,5.9,1.0,0.8,4.2,6.3,0.0,29.7,76.1,3.7,24.6,3.0,1.0,69.9,91.9,30.1,8.1,86,,,,,0,30,25,6,56,43,21.6,46.5,32.6,60.9,20.6,46.4,31.5,60.8,(5 Bitcoins),F85,BITCOIN,DIGITAL ASSET,FINANCIAL INSTRUMENTS,FutOnly,-836,-40,-224,70,6,214,-136,-363,-925,-35,-260,94,90,-668,-852,-168,16,,,15,11
210427133741F,BITCOIN - CHICAGO MERCANTILE EXCHANGE,2021-04-27T00:00:00.000,2021 Report Week 17,BITCOIN,133741,CME,CHI,133,BITCOIN,8429,489,41,305,369,869,20,1991,5464,325,2040,169,205,5744,7398,2685,1031,100.0,5.8,0.5,3.6,4.4,10.3,0.2,23.6,64.8,3.9,24.2,2.0,2.4,68.1,87.8,31.9,12.2,66,,,,4,,22,21,,45,36,24.2,42.6,34.3,56.9,22.6,42.5,32.7,56.8,(5 Bitcoins),F85,BITCOIN,DIGITAL ASSET,FINANCIAL INSTRUMENTS,FutOnly,-388,-27,-46,235,-3,315,20,-625,-1245,-3,-133,-99,115,-421,-708,33,320,,,10,10
210504133741F,BITCOIN - CHICAGO MERCANTILE EXCHANGE,2021-05-04T00:00:00.000,2021 Report Week 18,BITCOIN,133741,CME,CHI,133,BITCOIN,8306,500,93,151,370,994,20,2544,5507,328,2020,258,87,6020,7438,2286,868,100.0,6.0,1.1,1.8,4.5,12.0,0.2,30.6,66.3,3.9,24.3,3.1,1.0,72.5,89.5,27.5,10.5,70,,,,5,,24,20,,44,40,26.0,41.0,37.9,55.5,24.9,40.9,36.8,55.4,(5 Bitcoins),F85,BITCOIN,DIGITAL ASSET,FINANCIAL INSTRUMENTS,FutOnly,-123,11,52,-154,1,125,0,553,43,3,-20,89,-118,276,40,-399,-163,,,10,10
210511133741F,BITCOIN - CHICAGO MERCANTILE EXCHANGE,2021-05-11T00:00:00.000,2021 Report Week 19,BITCOIN,133741,CME,CHI,133,BITCOIN,8259,516,113,131,377,910,112,2327,5409,382,2152,271,110,6107,7438,2152,821,100.0,6.2,1.4,1.6,4.6,11.0,1.4,28.2,65.5,4.6,26.1,3.3,1.3,73.9,90.1,26.1,9.9,76,,,,4,,24,20,,50,41,25.0,39.2,35.9,55.6,24.4,39.2,35.2,55.6,(5 Bitcoins),F85,BITCOIN,DIGITAL ASSET,FINANCIAL INSTRUMENTS,FutOnly,-47,16,20,-20,7,-84,92,-217,-98,54,132,13,23,87,0,-134,-47,,4,15,10
210518133741F,BITCOIN - CHICAGO MERCANTILE EXCHANGE,2021-05-18T00:00:00.000,2021 Report Week 20,BITCOIN,133741,CME,CHI,133,BITCOIN,9160,572,96,69,356,1085,0,3302,6123,419,2402,302,221,7341,8315,1819,845,100.0,6.2,1.0,0.8,3.9,11.8,0.0,36.0,66.8,4.6,26.2,3.3,2.4,80.1,90.8,19.9,9.2,86,,,,5,0,27,23,4,56,48,29.8,34.8,43.6,48.9,29.3,34.8,43.2,48.8,(5 Bitcoins),F85,BITCOIN,DIGITAL ASSET,FINANCIAL INSTRUMENTS,FutOnly,901,56,-17,-62,-21,175,-112,975,714,37,250,31,111,1234,877,-333,24,5,,16,12
210525133741F,BITCOIN - CHICAGO MERCANTILE EXCHANGE,2021-05-25T00:00:00.000,2021 Report Week 21,BITCOIN,133741,CME,CHI,133,BITCOIN,8893,381,132,65,404,651,60,2261,5748,535,2564,336,552,6822,8079,2071,814,100.0,4.3,1.5,0.7,4.5,7.3,0.7,25.4,64.6,6.0,28.8,3.8,6.2,76.7,90.8,23.3,9.2,82,,,,4,,23,24,,56,44,23.1,35.6,35.7,52.6,21.5,33.8,32.3,49.1,(5 Bitcoins),F85,BITCOIN,DIGITAL ASSET,FINANCIAL INSTRUMENTS,FutOnly,-267,-191,36,-4,48,-434,60,-1041,-375,116,162,34,331,-519,-236,252,-31,,,19,13
210601133741F,BITCOIN - CHICAGO MERCANTILE EXCHANGE,2021-06-01T00:00:00.000,2021 Report Week 22,BITCOIN,133741,CME,CHI,133,BITCOIN,7318,228,145,80,407,619,31,2081,4949,369,2144,269,78,5418,6540,1900,778,100.0,3.1,2.0,1.1,5.6,8.5,0.4,28.4,67.6,5.0,29.3,3.7,1.1,74.0,89.4,26.0,10.6,74,,,,,,22,23,,47,38,20.6,36.6,33.3,51.8,19.5,36.6,31.9,51.6,(5 Bitcoins),F85,BITCOIN,DIGITAL ASSET,FINANCIAL INSTRUMENTS,FutOnly,-1575,-153,13,15,3,-32,-29,-180,-799,-166,-420,-67,-474,-1404,-1539,-171,-36,,,16,8
210608133741F,BITCOIN - CHICAGO MERCANTILE EXCHANGE,2021-06-08T00:00:00.000,2021 Report Week 23,BITCOIN,133741,CME,CHI,133,BITCOIN,7566,235,181,40,382,739,41,2507,4964,352,1915,233,191,5663,6741,1903,825,100.0,3.1,2.4,0.5,5.0,9.8,0.5,33.1,65.6,4.7,25.3,3.1,2.5,74.8,89.1,25.2,10.9,73,,,,4,,23,22,,46,40,26.6,37.9,38.0,53.5,25.3,37.9,35.8,53.3,(5 Bitcoins),F85,BITCOIN,DIGITAL ASSET,FINANCIAL INSTRUMENTS,FutOnly,248,7,36,-40,-25,120,10,426,15,-17,-229,-36,113,245,201,3,47,,,13,9
210615133741F,BITCOIN - CHICAGO MERCANTILE EXCHANGE,2021-06-15T00:00:00.000,2021 Report Week 24,BITCOIN,133741,CME,CHI,133,BITCOIN,7528,227,153,50,517,629,5,2603,5090,489,1604,199,182,5677,6797,1851,731,100.0,3.0,2.0,0.7,6.9,8.4,0.1,34.6,67.6,6.5,21.3,2.6,2.4,75.4,90.3,24.6,9.7,73,,,,,,25,24,,47,42,24.5,37.5,37.2,54.0,22.4,37.5,35.1,53.7,(5 Bitcoins),F85,BITCOIN,DIGITAL ASSET,FINANCIAL INSTRUMENTS,FutOnly,-38,-8,-28,10,135,-110,-36,96,126,137,-311,-34,-9,14,56,-52,-94,,4,10,12
210622133741F,BITCOIN - CHICAGO MERCANTILE EXCHANGE,2021-06-22T00:00:00.000,2021 Report Week 25,BITCOIN,133741,CME,CHI,133,BITCOIN,7914,255,145,81,419,739,0,2563,4927,474,1910,361,299,6001,7026,1913,888,100.0,3.2,1.8,1.0,5.3,9.3,0.0,32.4,62.3,6.0,24.1,4.6,3.8,75.8,88.8,24.2,11.2,67,,,,4,0,19,23,,39,42,24.0,37.9,38.8,53.3,23.3,37.9,37.2,51.7,(5 Bitcoins),F85,BITCOIN,DIGITAL ASSET,FINANCIAL INSTRUMENTS,FutOnly,386,28,-8,31,-98,110,-5,-40,-163,-15,306,162,117,324,229,62,157,,,11,11
210629133741F,BITCOIN - CHICAGO MERCANTILE EXCHANGE,2021-06-29T00:00:00.000,2021 Report Week 26,BITCOIN,133741,CME,CHI,133,BITCOIN,6788,248,120,49,542,613,0,2291,4357,416,1389,180,238,5173,5973,1615,815,100.0,3.7,1.8,0.7,8.0,9.0,0.0,33.8,64.2,6.1,20.5,2.7,3.5,76.2,88.0,23.8,12.0,63,,,,4,0,20,21,,38,36,26.2,42.4,42.0,58.0,26.2,42.4,41.5,56.6,(5 Bitcoins),F85,BITCOIN,DIGITAL ASSET,FINANCIAL INSTRUMENTS,FutOnly,-1126,-7,-25,-32,123,-126,0,-272,-570,-58,-521,-181,-61,-828,-1053,-298,-73,,,9,9
210706133741F,BITCOIN - CHICAGO MERCANTILE EXCHANGE,2021-07-06T00:00:00.000,2021 Report Week 27,BITCOIN,133741,CME,CHI,133,BITCOIN,6889,280,117,82,504,497,0,2412,4603,403,1384,184,221,5286,6107,1603,782,100.0,4.1,1.7,1.2,7.3,7.2,0.0,35.0,66.8,5.8,20.1,2.7,3.2,76.7,88.6,23.3,11.4,67,,,,4,0,18,24,,41,39,27.3,42.5,42.2,56.0,27.0,42.5,42.0,55.0,(5 Bitcoins),F85,BITCOIN,DIGITAL ASSET,FINANCIAL INSTRUMENTS,FutOnly,101,32,-3,33,-38,-116,0,121,246,-13,-5,4,-17,113,134,-12,-33,,,11,10
210713133741F,BITCOIN - CHICAGO MERCANTILE EXCHANGE,2021-07-13T00:00:00.000,2021 Report Week 28,BITCOIN,133741,CME,CHI,133,BITCOIN,7129,295,102,74,546,496,0,2696,4923,353,1484,226,139,5587,6313,1542,816,100.0,4.1,1.4,1.0,7.7,7.0,0.0,37.8,69.1,5.0,20.8,3.2,1.9,78.4,88.6,21.6,11.4,71,,,,,0,20,27,,41,43,29.5,41.9,44.6,54.5,29.3,41.9,44.4,54.5,(5 Bitcoins),F85,BITCOIN,DIGITAL ASSET,FINANCIAL INSTRUMENTS,FutOnly,240,15,-15,-8,42,-1,0,284,320,-50,100,42,-82,301,206,-61,34,,,10,9
210720133741F,BITCOIN - CHICAGO MERCANTILE EXCHANGE,2021-07-20T00:00:00.000,2021 Report Week 29,BITCOIN,133741,CME,CHI,133,BITCOIN,8283,341,120,48,560,602,0,3738,5724,429,1373,262,230,6719,7415,1564,868,100.0,4.1,1.4,0.6,6.8,7.3,0.0,45.1,69.1,5.2,16.6,3.2,2.8,81.1,89.5,18.9,10.5,77,,,,4,0,21,31,4,40,49,31.7,40.3,47.4,53.6,31.6,40.3,46.6,53.6,(5 Bitcoins),F85,BITCOIN,DIGITAL ASSET,FINANCIAL INSTRUMENTS,FutOnly,1154,46,18,-26,14,106,0,1042,801,76,-111,36,91,1132,1102,22,52,4,,8,7
210727133741F,BITCOIN - CHICAGO MERCANTILE EXCHANGE,2021-07-27T00:00:00.000,2021 Report Week 30,BITCOIN,133741,CME,CHI,133,BITCOIN,7802,195,105,104,494,165,13,2800,4841,1197,984,306,323,6110,7054,1692,748,100.0,2.5,1.3,1.3,6.3,2.1,0.2,35.9,62.0,15.3,12.6,3.9,4.1,78.3,90.4,21.7,9.6,67,,,,,,24,23,,45,40,24.8,39.7,41.6,54.9,24.5,39.7,38.6,51.1,(5 Bitcoins),F85,BITCOIN,DIGITAL ASSET,FINANCIAL INSTRUMENTS,FutOnly,-481,-146,-15,56,-66,-437,13,-938,-883,768,-389,44,93,-609,-361,128,-120,,4,7,13
210803133741F,BITCOIN - CHICAGO MERCANTILE EXCHANGE,2021-08-03T00:00:00.000,2021 Report Week 31,BITCOIN,133741,CME,CHI,133,BITCOIN,6408,232,74,140,643,234,0,1969,4782,206,1571,169,42,4803,5647,1605,761,100.0,3.6,1.2,2.2,10.0,3.7,0.0,30.7,74.6,3.2,24.5,2.6,0.7,75.0,88.1,25.0,11.9,69,,,,,0,23,22,,45,32,25.3,47.8,39.9,62.5,25.1,47.6,39.7,62.4,(5 Bitcoins),F85,BITCOIN,DIGITAL ASSET,FINANCIAL INSTRUMENTS,FutOnly,-1394,37,-31,36,149,69,-13,-831,-59,-991,587,-137,-281,-1307,-1407,-87,13,,6,11,5
210810133741F,BITCOIN - CHICAGO MERCANTILE EXCHANGE,2021-08-10T00:00:00.000,2021 Report Week 32,BITCOIN,133741,CME,CHI,133,BITCOIN,6769,281,51,69,629,275,0,1995,5113,188,1749,231,84,4995,6011,1774,758,100.0,4.2,0.8,1.0,9.3,4.1,0.0,29.5,75.5,2.8,25.8,3.4,1.2,73.8,88.8,26.2,11.2,77,,,,,0,29,22,,50,37,27.0,46.0,39.5,61.5,26.2,45.9,38.7,61.4,(5 Bitcoins),F85,BITCOIN,DIGITAL ASSET,FINANCIAL INSTRUMENTS,FutOnly,361,49,-23,-71,-14,41,0,26,331,-18,178,62,42,192,364,169,-3,,6,11,7
210817133741F,BITCOIN - CHICAGO MERCANTILE EXCHANGE,2021-08-17T00:00:00.000,2021 Report Week 33,BITCOIN,133741,CME,CHI,133,BITCOIN,7363,288,52,92,672,311,9,2292,5542,199,1845,239,103,5500,6547,1863,816,100.0,3.9,0.7,1.2,9.1,4.2,0.1,31.1,75.3,2.7,25.1,3.2,1.4,74.7,88.9,25.3,11.1,78,,,,,,28,23,,51,37,25.9,43.9,38.2,61.8,24.9,43.6,37.2,61.5,(5 Bitcoins),F85,BITCOIN,DIGITAL ASSET,FINANCIAL INSTRUMENTS,FutOnly,594,7,1,23,43,36,9,297,429,11,96,8,19,505,536,89,58,,7,11,6
210824133741F,BITCOIN - CHICAGO MERCANTILE EXCHANGE,2021-08-24T00:00:00.000,2021 Report Week 34,BITCOIN,133741,CME,CHI,133,BITCOIN,7515,252,110,32,695,311,9,2016,5302,591,1864,247,133,5592,6735,1923,780,100.0,3.4,1.5,0.4,9.2,4.1,0.1,26.8,70.6,7.9,24.8,3.3,1.8,74.4,89.6,25.6,10.4,78,,,,,,27,23,,50,42,25.3,45.6,36.8,61.7,24.1,42.4,34.5,58.5,(5 Bitcoins),F85,BITCOIN,DIGITAL ASSET,FINANCIAL INSTRUMENTS,FutOnly,152,-36,58,-60,23,0,0,-276,-240,392,19,8,30,92,188,60,-36,,8,9,9
210831133741F,BITCOIN - CHICAGO MERCANTILE EXCHANGE,2021-08-31T00:00:00.000,2021 Report Week 35,BITCOIN,133741,CME,CHI,133,BITCOIN,6362,326,139,58,702,370,9,1810,4797,151,1586,247,0,4642,5771,1720,591,100.0,5.1,2.2,0.9,11.0,5.8,0.1,28.5,75.4,2.4,24.9,3.9,0.0,73.0,90.7,27.0,9.3,73,,,,,,22,20,,47,33,23.2,45.5,35.8,64.4,23.2,45.2,35.8,64.2,(5 Bitcoins),F85,BITCOIN,DIGITAL ASSET,FINANCIAL INSTRUMENTS,FutOnly,-1153,74,29,26,7,59,0,-206,-505,-440,-278,0,-133,-950,-964,-203,-189,0,8,11,5
210907133741F,BITCOIN - CHICAGO MERCANTILE EXCHANGE,2021-09-07T00:00:00.000,2021 Report Week 36,BITCOIN,133741,CME,CHI,133,BITCOIN,6659,302,161,44,621,378,9,1684,4990,182,1923,210,44,4809,6018,1850,641,100.0,4.5,2.4,0.7,9.3,5.7,0.1,25.3,74.9,2.7,28.9,3.2,0.7,72.2,90.4,27.8,9.6,81,,4,,,,24,23,,52,41,22.9,40.1,34.3,60.5,22.3,39.9,33.6,60.3,(5 Bitcoins),F85,BITCOIN,DIGITAL ASSET,FINANCIAL INSTRUMENTS,FutOnly,297,-24,22,-14,-81,8,0,-126,193,31,337,-37,44,167,247,130,50,,8,15,8
210914133741F,BITCOIN - CHICAGO MERCANTILE EXCHANGE,2021-09-14T00:00:00.000,2021 Report Week 37,BITCOIN,133741,CME,CHI,133,BITCOIN,6620,357,195,51,502,451,65,1780,4496,218,1612,210,224,4809,5910,1811,710,100.0,5.4,2.9,0.8,7.6,6.8,1.0,26.9,67.9,3.3,24.4,3.2,3.4,72.6,89.3,27.4,10.7,73,,4,,,,22,19,,49,37,24.3,40.2,38.1,58.3,21.0,40.1,34.7,58.2,(5 Bitcoins),F85,BITCOIN,DIGITAL ASSET,FINANCIAL INSTRUMENTS,FutOnly,-39,55,34,7,-119,73,56,96,-494,36,-311,0,180,0,-108,-39,69,,7,13,7
210921133741F,BITCOIN - CHICAGO MERCANTILE EXCHANGE,2021-09-21T00:00:00.000,2021 Report Week 38,BITCOIN,133741,CME,CHI,133,BITCOIN,7348,360,145,79,519,471,25,1971,4939,633,1916,210,0,5503,6502,1845,846,100.0,4.9,2.0,1.1,7.1,6.4,0.3,26.8,67.2,8.6,26.1,2.9,0.0,74.9,88.5,25.1,11.5,72,,4,,,,22,22,,47,40,28.4,39.9,42.4,57.5,27.6,39.8,39.6,56.5,(5 Bitcoins),F85,BITCOIN,DIGITAL ASSET,FINANCIAL INSTRUMENTS,FutOnly,728,3,-50,28,17,20,-40,191,443,415,304,0,-224,694,592,34,136,0,7,10,11
210928133741F,BITCOIN - CHICAGO MERCANTILE EXCHANGE,2021-09-28T00:00:00.000,2021 Report Week 39,BITCOIN,133741,CME,CHI,133,BITCOIN,7039,479,144,97,559,413,9,1338,4956,431,2642,210,4,5559,6264,1480,775,100.0,6.8,2.0,1.4,7.9,5.9,0.1,19.0,70.4,6.1,37.5,3.0,0.1,79.0,89.0,21.0,11.0,73,,4,,,,21,22,,46,41,40.7,41.9,51.0,57.8,38.7,41.7,48.3,57.6,(5 Bitcoins),F85,BITCOIN,DIGITAL ASSET,FINANCIAL INSTRUMENTS,FutOnly,-309,119,-1,18,40,-58,-16,-633,17,-202,726,0,4,56,-238,-365,-71,,8,10,10
211005133741F,BITCOIN - CHICAGO MERCANTILE EXCHANGE,2021-10-05T00:00:00.000,2021 Report Week 40,BITCOIN,133741,CME,CHI,133,BITCOIN,8886,503,533,78,487,399,9,1710,5994,865,3472,210,4,7128,8092,1758,794,100.0,5.7,6.0,0.9,5.5,4.5,0.1,19.2,67.5,9.7,39.1,2.4,0.0,80.2,91.1,19.8,8.9,88,,8,,,,23,29,,55,46,39.6,35.0,50.1,50.4,39.6,33.6,48.2,47.1,(5 Bitcoins),F85,BITCOIN,DIGITAL ASSET,FINANCIAL INSTRUMENTS,FutOnly,1847,24,389,-19,-72,-14,0,372,1038,434,830,0,0,1569,1828,278,19,,8,12,10
211012133741F,BITCOIN - CHICAGO MERCANTILE EXCHANGE,2021-10-12T00:00:00.000,2021 Report Week 41,BITCOIN,133741,CME,CHI,133,BITCOIN,10918,485,1010,153,696,320,9,2148,6863,1293,4204,211,179,9167,10038,1751,880,100.0,4.4,9.3,1.4,6.4,2.9,0.1,19.7,62.9,11.8,38.5,1.9,1.6,84.0,91.9,16.0,8.1,94,,7,,,,26,32,,62,51,36.5,31.2,46.3,46.6,35.3,29.5,44.2,41.6,(5 Bitcoins),F85,BITCOIN,DIGITAL ASSET,FINANCIAL INSTRUMENTS,FutOnly,2032,-18,477,75,209,-79,0,438,869,428,732,1,175,2039,1946,-7,86,,8,12,14
211019133741F,BITCOIN - CHICAGO MERCANTILE EXCHANGE,2021-10-19T00:00:00.000,2021 Report Week 42,BITCOIN,133741,CME,CHI,133,BITCOIN,13605,490,1264,133,839,354,9,2072,8317,1443,4153,219,598,9737,12337,3868,1268,100.0,3.6,9.3,1.0,6.2,2.6,0.1,15.2,61.1,10.6,30.5,1.6,4.4,71.6,90.7,28.4,9.3,100,,7,,,,26,32,,72,55,31.4,29.3,39.0,45.4,28.6,28.9,35.5,40.4,(5 Bitcoins),F85,BITCOIN,DIGITAL ASSET,FINANCIAL INSTRUMENTS,FutOnly,2687,5,254,-20,143,34,0,-76,1454,150,-51,8,419,570,2299,2117,388,5,10,14,20
211026133741F,BITCOIN - CHICAGO MERCANTILE EXCHANGE,2021-10-26T00:00:00.000,2021 Report Week 43,BITCOIN,133741,CME,CHI,133,BITCOIN,16671,530,1485,141,1794,514,230,3185,9423,2403,2498,414,1080,11861,15690,4810,981,100.0,3.2,8.9,0.8,10.8,3.1,1.4,19.1,56.5,14.4,15.0,2.5,6.5,71.1,94.1,28.9,5.9,103,,4,,,,31,38,4,75,62,24.6,31.7,33.4,47.3,21.6,29.6,28.8,40.0,(5 Bitcoins),F85,BITCOIN,DIGITAL ASSET,FINANCIAL INSTRUMENTS,FutOnly,3066,40,221,8,955,160,221,1113,1106,960,-1655,195,482,2124,3353,942,-287,6,8,9,23
211102133741F,BITCOIN - CHICAGO MERCANTILE EXCHANGE,2021-11-02T00:00:00.000,2021 Report Week 44,BITCOIN,133741,CME,CHI,133,BITCOIN,13512,554,1429,203,4807,691,34,2957,8642,856,1471,218,687,11569,12760,1943,752,100.0,4.1,10.6,1.5,35.6,5.1,0.3,21.9,64.0,6.3,10.9,1.6,5.1,85.6,94.4,14.4,5.6,100,4,4,,,,35,31,,69,56,43.0,45.1,51.3,57.2,42.1,44.7,47.9,55.8,(5 Bitcoins),F85,BITCOIN,DIGITAL ASSET,FINANCIAL INSTRUMENTS,FutOnly,-3159,24,-56,62,3013,177,-196,-228,-781,-1547,-1027,-196,-393,-292,-2930,-2867,-229,5,10,11,15
211109133741F,BITCOIN - CHICAGO MERCANTILE EXCHANGE,2021-11-09T00:00:00.000,2021 Report Week 45,BITCOIN,133741,CME,CHI,133,BITCOIN,13821,586,1422,196,4980,750,28,2620,8676,1104,1638,220,598,11750,12994,2071,827,100.0,4.2,10.3,1.4,36.0,5.4,0.2,19.0,62.8,8.0,11.9,1.6,4.3,85.0,94.0,15.0,6.0,104,4,,,,,36,35,,68,61,43.9,44.6,51.8,58.3,42.2,44.3,47.7,55.1,(5 Bitcoins),F85,BITCOIN,DIGITAL ASSET,FINANCIAL INSTRUMENTS,FutOnly,309,32,-7,-7,173,59,-6,-337,34,248,167,2,-89,181,234,128,75,6,10,10,15
211116133741F,BITCOIN - CHICAGO MERCANTILE EXCHANGE,2021-11-16T00:00:00.000,2021 Report Week 46,BITCOIN,133741,CME,CHI,133,BITCOIN,13648,629,1176,146,5139,779,9,2236,8182,1210,1280,268,991,11640,12761,2008,887,100.0,4.6,8.6,1.1,37.7,5.7,0.1,16.4,60.0,8.9,9.4,2.0,7.3,85.3,93.5,14.7,6.5,97,4,,,,,29,33,4,63,63,46.4,42.8,54.9,57.2,44.1,42.5,49.4,53.1,(5 Bitcoins),F85,BITCOIN,DIGITAL ASSET,FINANCIAL INSTRUMENTS,FutOnly,-173,43,-246,-50,159,29,-19,-384,-494,106,-358,48,393,-110,-233,-63,60,9,8,10,18
211123133741F,BITCOIN - CHICAGO MERCANTILE EXCHANGE,2021-11-23T00:00:00.000,2021 Report Week 47,BITCOIN,133741,CME,CHI,133,BITCOIN,14357,617,1334,107,5395,750,56,2414,7063,869,1590,300,1215,12263,11694,2094,2663,100.0,4.3,9.3,0.7,37.6,5.2,0.4,16.8,49.2,6.1,11.1,2.1,8.5,85.4,81.5,14.6,18.5,94,,,,,,27,33,,63,62,51.5,33.0,58.3,45.2,45.3,32.1,51.8,41.3,(5 Bitcoins),F85,BITCOIN,DIGITAL ASSET,FINANCIAL INSTRUMENTS,FutOnly,709,-12,158,-39,256,-29,47,178,-1119,-341,310,32,224,623,-1067,86,1776,8,9,8,18
211130133741F,BITCOIN - CHICAGO MERCANTILE EXCHANGE,2021-11-30T00:00:00.000,2021 Report Week 48,BITCOIN,133741,CME,CHI,133,BITCOIN,13197,587,1336,75,5726,702,29,2374,7811,628,1662,1494,305,11386,12380,1811,817,100.0,4.4,10.1,0.6,43.4,5.3,0.2,18.0,59.2,4.8,12.6,11.3,2.3,86.3,93.8,13.7,6.2,88,,,,,,28,27,,59,47,52.8,50.8,59.2,66.0,52.1,50.0,57.9,65.2,(5 Bitcoins),F85,BITCOIN,DIGITAL ASSET,FINANCIAL INSTRUMENTS,FutOnly,-1160,-30,2,-32,331,-48,-27,-40,748,-241,72,1194,-910,-877,686,-283,-1846,5,9,10,10
211207133741F,BITCOIN - CHICAGO MERCANTILE EXCHANGE,2021-12-07T00:00:00.000,2021 Report Week 49,BITCOIN,133741,CME,CHI,133,BITCOIN,13242,479,1082,87,5826,718,36,1997,8095,870,1735,933,544,11574,12365,1668,877,100.0,3.6,8.2,0.7,44.0,5.4,0.3,15.1,61.1,6.6,13.1,7.0,4.1,87.4,93.4,12.6,6.6,89,,,,,,26,32,5,55,55,55.4,43.2,62.9,59.7,53.3,41.8,59.5,57.1,(5 Bitcoins),F85,BITCOIN,DIGITAL ASSET,FINANCIAL INSTRUMENTS,FutOnly,45,-108,-254,12,100,16,7,-377,284,242,73,-561,239,188,-15,-143,60,5,7,9,13
211214133741F,BITCOIN - CHICAGO MERCANTILE EXCHANGE,2021-12-14T00:00:00.000,2021 Report Week 50,BITCOIN,133741,CME,CHI,133,BITCOIN,13518,443,870,75,5759,778,47,2198,7824,1328,1816,1259,287,11953,12468,1565,1050,100.0,3.3,6.4,0.6,42.6,5.8,0.3,16.3,57.9,9.8,13.4,9.3,2.1,88.4,92.2,11.6,7.8,93,,,,,,27,31,5,61,57,56.5,41.5,64.3,59.9,54.1,40.6,60.0,57.7,(5 Bitcoins),F85,BITCOIN,DIGITAL ASSET,FINANCIAL INSTRUMENTS,FutOnly,276,-36,-212,-12,-67,60,11,201,-271,458,81,326,-257,379,103,-103,173,6,6,11,15
211221133741F,BITCOIN - CHICAGO MERCANTILE EXCHANGE,2021-12-21T00:00:00.000,2021 Report Week 51,BITCOIN,133741,CME,CHI,133,BITCOIN,12852,431,573,44,5630,751,45,1893,7571,1462,1048,946,544,11097,11936,1755,916,100.0,3.4,4.5,0.3,43.8,5.8,0.4,14.7,58.9,11.4,8.2,7.4,4.2,86.3,92.9,13.7,7.1,82,,4,,,,24,27,5,53,53,52.9,42.6,63.0,58.9,50.1,39.6,56.4,53.5,(5 Bitcoins),F85,BITCOIN,DIGITAL ASSET,FINANCIAL INSTRUMENTS,FutOnly,-666,-12,-297,-31,-129,-27,-2,-305,-253,134,-768,-313,257,-856,-532,190,-134,6,5,10,15
211228133741F,BITCOIN - CHICAGO MERCANTILE EXCHANGE,2021-12-28T00:00:00.000,2021 Report Week 52,BITCOIN,133741,CME,CHI,133,BITCOIN,12468,459,540,251,5554,859,2,2453,8104,1101,697,426,345,10862,11628,1606,840,100.0,3.7,4.3,2.0,44.5,6.9,0.0,19.7,65.0,8.8,5.6,3.4,2.8,87.1,93.3,12.9,6.7,86,,4,,,,28,29,5,57,55,53.8,40.9,63.6,57.1,52.1,40.4,59.5,54.0,(5 Bitcoins),F85,BITCOIN,DIGITAL ASSET,FINANCIAL INSTRUMENTS,FutOnly,-384,28,-33,207,-76,108,-43,560,533,-361,-351,-520,-199,-235,-308,-149,-76,6,5,8,16
220104133741F,BITCOIN - CHICAGO MERCANTILE EXCHANGE,2022-01-04T00:00:00.000,2022 Report Week 01,BITCOIN,133741,CME,CHI,133,BITCOIN,10563,463,401,38,5541,900,2,1451,6807,666,749,793,155,9065,9762,1498,801,100.0,4.4,3.8,0.4,52.5,8.5,0.0,13.7,64.4,6.3,7.1,7.5,1.5,85.8,92.4,14.2,7.6,73,,,,4,,17,30,5,39,46,60.8,42.1,69.3,58.2,60.8,42.1,67.3,57.1,(5 Bitcoins),F85,BITCOIN,DIGITAL ASSET,FINANCIAL INSTRUMENTS,FutOnly,-1905,4,-139,-213,-13,41,0,-1002,-1297,-435,52,367,-190,-1797,-1866,-108,-39,,5,6,8
220111133741F,BITCOIN - CHICAGO MERCANTILE EXCHANGE,2022-01-11T00:00:00.000,2022 Report Week 02,BITCOIN,133741,CME,CHI,133,BITCOIN,10855,404,264,37,5419,968,3,1464,7159,932,1085,540,70,9414,9973,1441,882,100.0,3.7,2.4,0.3,49.9,8.9,0.0,13.5,66.0,8.6,10.0,5.0,0.6,86.7,91.9,13.3,8.1,83,,4,,4,,19,32,,44,53,57.2,40.3,66.0,57.3,56.7,40.3,62.9,55.5,(5 Bitcoins),F85,BITCOIN,DIGITAL ASSET,FINANCIAL INSTRUMENTS,FutOnly,292,-59,-137,-1,-122,68,1,13,352,266,336,-253,-85,349,211,-57,81,,6,10,10
220118133741F,BITCOIN - CHICAGO MERCANTILE EXCHANGE,2022-01-18T00:00:00.000,2022 Report Week 03,BITCOIN,133741,CME,CHI,133,BITCOIN,11468,414,244,58,5417,1043,3,1496,7339,1182,1445,717,46,10061,10632,1407,836,100.0,3.6,2.1,0.5,47.2,9.1,0.0,13.0,64.0,10.3,12.6,6.3,0.4,87.7,92.7,12.3,7.3,86,,4,,6,,19,32,6,42,59,58.3,39.1,67.9,56.1,56.1,39.1,62.3,52.9,(5 Bitcoins),F85,BITCOIN,DIGITAL ASSET,FINANCIAL INSTRUMENTS,FutOnly,613,10,-20,21,-2,75,0,32,180,250,360,177,-24,647,659,-34,-46,,6,8,10
220125133741F,BITCOIN - CHICAGO MERCANTILE EXCHANGE,2022-01-25T00:00:00.000,2022 Report Week 04,BITCOIN,133741,CME,CHI,133,BITCOIN,11756,300,288,40,5525,1004,82,1565,7612,850,1573,571,352,10287,10799,1469,957,100.0,2.6,2.4,0.3,47.0,8.5,0.7,13.3,64.7,7.2,13.4,4.9,3.0,87.5,91.9,12.5,8.1,86,,4,,6,,19,34,4,45,60,57.4,36.8,66.2,54.2,55.2,36.8,62.6,52.9,(5 Bitcoins),F85,BITCOIN,DIGITAL ASSET,FINANCIAL INSTRUMENTS,FutOnly,288,-114,44,-18,108,-39,79,69,273,-332,128,-146,306,226,167,62,121,,6,9,14
220201133741F,BITCOIN - CHICAGO MERCANTILE EXCHANGE,2022-02-01T00:00:00.000,2022 Report Week 05,BITCOIN,133741,CME,CHI,133,BITCOIN,9948,384,228,0,5536,703,98,1248,6716,188,1120,991,142,8716,9066,1232,882,100.0,3.9,2.3,0.0,55.6,7.1,1.0,12.5,67.5,1.9,11.3,10.0,1.4,87.6,91.1,12.4,8.9,83,4,,0,6,,20,30,6,48,48,63.5,34.2,69.9,53.9,63.5,34.2,69.4,53.9,(5 Bitcoins),F85,BITCOIN,DIGITAL ASSET,FINANCIAL INSTRUMENTS,FutOnly,-1808,84,-60,-40,11,-301,16,-317,-896,-662,-453,420,-210,-1571,-1733,-237,-75,,7,8,10
220208133741F,BITCOIN - CHICAGO MERCANTILE EXCHANGE,2022-02-08T00:00:00.000,2022 Report Week 06,BITCOIN,133741,CME,CHI,133,BITCOIN,9886,362,280,58,5856,655,45,1045,6361,182,864,1339,0,8412,8920,1474,966,100.0,3.7,2.8,0.6,59.2,6.6,0.5,10.6,64.3,1.8,8.7,13.5,0.0,85.1,90.2,14.9,9.8,82,,5,,5,,18,31,6,44,52,64.4,34.4,70.7,51.2,64.4,34.4,70.7,51.2,(5 Bitcoins),F85,BITCOIN,DIGITAL ASSET,FINANCIAL INSTRUMENTS,FutOnly,-62,-22,52,58,320,-48,-53,-203,-355,-6,-256,348,-142,-304,-146,242,84,0,8,6,11
220215133741F,BITCOIN - CHICAGO MERCANTILE EXCHANGE,2022-02-15T00:00:00.000,2022 Report Week 07,BITCOIN,133741,CME,CHI,133,BITCOIN,10646,355,353,70,6118,718,22,1103,6396,514,1100,1637,0,9282,9710,1364,936,100.0,3.3,3.3,0.7,57.5,6.7,0.2,10.4,60.1,4.8,10.3,15.4,0.0,87.2,91.2,12.8,8.8,86,,6,,5,,21,31,6,48,53,63.6,33.9,70.7,52.0,63.6,33.9,69.7,51.0,(5 Bitcoins),F85,BITCOIN,DIGITAL ASSET,FINANCIAL INSTRUMENTS,FutOnly,760,-7,73,12,262,63,-23,58,35,332,236,298,0,870,790,-110,-30,0,8,7,11
220222133741F,BITCOIN - CHICAGO MERCANTILE EXCHANGE,2022-02-22T00:00:00.000,2022 Report Week 08,BITCOIN,133741,CME,CHI,133,BITCOIN,11007,335,317,0,6025,821,2,1365,7243,391,1098,981,453,9669,10208,1338,799,100.0,3.0,2.9,0.0,54.7,7.5,0.0,12.4,65.8,3.6,10.0,8.9,4.1,87.8,92.7,12.2,7.3,83,,,0,5,,19,36,4,43,54,64.2,33.9,71.2,53.3,62.0,33.4,68.3,48.8,(5 Bitcoins),F85,BITCOIN,DIGITAL ASSET,FINANCIAL INSTRUMENTS,FutOnly,361,-20,-36,-70,-93,103,-20,262,847,-123,-2,-656,453,387,498,-26,-137,,7,6,11
220301133741F,BITCOIN - CHICAGO MERCANTILE EXCHANGE,2022-03-01T00:00:00.000,2022 Report Week 09,BITCOIN,133741,CME,CHI,133,BITCOIN,9980,306,294,67,5862,843,2,1036,6299,393,1098,1303,18,8782,9219,1198,761,100.0,3.1,2.9,0.7,58.7,8.4,0.0,10.4,63.1,3.9,11.0,13.1,0.2,88.0,92.4,12.0,7.6,77,,5,,5,,17,32,5,38,50,68.6,32.8,74.0,49.8,68.6,32.8,73.3,49.8,(5 Bitcoins),F85,BITCOIN,DIGITAL ASSET,FINANCIAL INSTRUMENTS,FutOnly,-1027,-29,-23,67,-163,22,0,-329,-944,2,0,322,-435,-887,-989,-140,-38,,6,4,8
220308133741F,BITCOIN - CHICAGO MERCANTILE EXCHANGE,2022-03-08T00:00:00.000,2022 Report Week 10,BITCOIN,133741,CME,CHI,133,BITCOIN,9591,299,355,63,5893,925,2,906,6174,495,934,735,49,8641,8798,950,793,100.0,3.1,3.7,0.7,61.4,9.6,0.0,9.4,64.4,5.2,9.7,7.7,0.5,90.1,91.7,9.9,8.3,81,,6,,5,,15,35,5,38,56,68.2,30.3,74.8,48.6,67.6,29.9,73.3,46.8,(5 Bitcoins),F85,BITCOIN,DIGITAL ASSET,FINANCIAL INSTRUMENTS,FutOnly,-389,-7,61,-4,31,82,0,-130,-125,102,-164,-568,31,-141,-421,-248,32,,7,5,9
220315133741F,BITCOIN - CHICAGO MERCANTILE EXCHANGE,2022-03-15T00:00:00.000,2022 Report Week 11,BITCOIN,133741,CME,CHI,133,BITCOIN,10198,281,328,54,5957,902,0,982,6512,770,1048,789,77,9169,9432,1029,766,100.0,2.8,3.2,0.5,58.4,8.8,0.0,9.6,63.9,7.6,10.3,7.7,0.8,89.9,92.5,10.1,7.5,75,,5,,4,0,14,36,4,38,53,68.7,31.7,75.5,50.7,66.4,30.0,72.4,47.7,(5 Bitcoins),F85,BITCOIN,DIGITAL ASSET,FINANCIAL INSTRUMENTS,FutOnly,607,-18,-27,-9,64,-23,-2,76,338,275,114,54,28,528,634,79,-27,,6,4,13
220322133741F,BITCOIN - CHICAGO MERCANTILE EXCHANGE,2022-03-22T00:00:00.000,2022 Report Week 12,BITCOIN,133741,CME,CHI,133,BITCOIN,11274,300,356,9,6289,816,6,1159,6807,848,1003,1253,397,10011,10492,1263,782,100.0,2.7,3.2,0.1,55.8,7.2,0.1,10.3,60.4,7.5,8.9,11.1,3.5,88.8,93.1,11.2,6.9,80,,4,,4,,17,34,5,47,53,64.7,33.7,72.5,51.1,63.7,30.5,68.9,46.5,(5 Bitcoins),F85,BITCOIN,DIGITAL ASSET,FINANCIAL INSTRUMENTS,FutOnly,1076,19,28,-45,332,-86,6,177,295,78,-45,464,320,842,1060,234,16,,7,5,15
220329133741F,BITCOIN - CHICAGO MERCANTILE EXCHANGE,2022-03-29T00:00:00.000,2022 Report Week 13,BITCOIN,133741,CME,CHI,133,BITCOIN,12024,354,1193,100,6812,614,15,1788,7133,294,1140,1836,219,10722,11404,1302,620,100.0,2.9,9.9,0.8,56.7,5.1,0.1,14.9,59.3,2.4,9.5,15.3,1.8,89.2,94.8,10.8,5.2,83,,5,,,,24,30,5,47,49,61.2,41.8,68.5,60.2,61.2,40.2,68.1,58.6,(5 Bitcoins),F85,BITCOIN,DIGITAL ASSET,FINANCIAL INSTRUMENTS,FutOnly,750,54,837,91,523,-202,9,629,326,-554,137,583,-178,711,912,39,-162,,8,6,8
220405133741F,BITCOIN - CHICAGO MERCANTILE EXCHANGE,2022-04-05T00:00:00.000,2022 Report Week 14,BITCOIN,133741,CME,CHI,133,BITCOIN,11374,345,1393,31,6674,635,0,1507,6702,448,722,1159,325,10052,10693,1322,681,100.0,3.0,12.2,0.3,58.7,5.6,0.0,13.2,58.9,3.9,6.3,10.2,2.9,88.4,94.0,11.6,6.0,81,,5,,,0,24,29,4,46,46,59.9,40.5,68.6,61.0,59.6,37.8,66.0,57.9,(5 Bitcoins),F85,BITCOIN,DIGITAL ASSET,FINANCIAL INSTRUMENTS,FutOnly,-650,-9,200,-69,-138,21,-15,-281,-431,154,-418,-677,106,-670,-711,20,61,,8,6,8
220412133741F,BITCOIN - CHICAGO MERCANTILE EXCHANGE,2022-04-12T00:00:00.000,2022 Report Week 15,BITCOIN,133741,CME,CHI,133,BITCOIN,10632,406,1127,125,6110,807,25,1374,6654,660,656,230,218,9574,9846,1058,786,100.0,3.8,10.6,1.2,57.5,7.6,0.2,12.9,62.6,6.2,6.2,2.2,2.1,90.0,92.6,10.0,7.4,77,4,4,,,,18,31,,39,50,61.8,33.4,69.5,54.6,59.1,33.4,65.7,52.1,(5 Bitcoins),F85,BITCOIN,DIGITAL ASSET,FINANCIAL INSTRUMENTS,FutOnly,-742,61,-266,94,-564,172,25,-133,-48,212,-66,-929,-107,-478,-847,-264,105,,7,6,9
220419133741F,BITCOIN - CHICAGO MERCANTILE EXCHANGE,2022-04-19T00:00:00.000,2022 Report Week 16,BITCOIN,133741,CME,CHI,133,BITCOIN,11276,377,1124,122,6214,570,50,1194,6226,1242,833,1067,89,10121,10490,1155,786,100.0,3.3,10.0,1.1,55.1,5.1,0.4,10.6,55.2,11.0,7.4,9.5,0.8,89.8,93.0,10.2,7.0,81,,4,,4,,16,33,,48,51,62.0,33.4,68.8,55.4,58.3,32.6,64.1,50.8,(5 Bitcoins),F85,BITCOIN,DIGITAL ASSET,FINANCIAL INSTRUMENTS,FutOnly,644,-29,-3,-3,104,-237,25,-180,-428,582,177,837,-129,547,644,97,0,,8,7,15
220426133741F,BITCOIN - CHICAGO MERCANTILE EXCHANGE,2022-04-26T00:00:00.000,2022 Report Week 17,BITCOIN,133741,CME,CHI,133,BITCOIN,10709,364,872,58,6147,523,0,1714,6812,718,654,686,112,9767,9781,942,928,100.0,3.4,8.1,0.5,57.4,4.9,0.0,16.0,63.6,6.7,6.1,6.4,1.0,91.2,91.3,8.8,8.7,86,4,5,,,0,19,32,6,45,56,61.0,29.5,69.3,49.7,59.6,29.5,67.0,47.8,(5 Bitcoins),F85,BITCOIN,DIGITAL ASSET,FINANCIAL INSTRUMENTS,FutOnly,-567,-13,-252,-64,-67,-47,-50,520,586,-524,-179,-381,23,-354,-709,-213,142,,7,8,12
220503133741F,BITCOIN - CHICAGO MERCANTILE EXCHANGE,2022-05-03T00:00:00.000,2022 Report Week 18,BITCOIN,133741,CME,CHI,133,BITCOIN,10051,353,722,138,5831,658,0,1496,6834,498,739,246,129,9184,9225,867,826,100.0,3.5,7.2,1.4,58.0,6.5,0.0,14.9,68.0,5.0,7.4,2.4,1.3,91.4,91.8,8.6,8.2,81,4,4,,5,0,15,37,4,34,59,64.8,30.2,72.4,47.0,63.6,30.2,71.2,47.0,(5 Bitcoins),F85,BITCOIN,DIGITAL ASSET,FINANCIAL INSTRUMENTS,FutOnly,-658,-11,-150,80,-316,135,0,-218,22,-220,85,-440,17,-583,-556,-75,-102,,6,5,9
220510133741F,BITCOIN - CHICAGO MERCANTILE EXCHANGE,2022-05-10T00:00:00.000,2022 Report Week 19,BITCOIN,133741,CME,CHI,133,BITCOIN,10841,283,802,82,5735,888,19,1863,7192,537,1135,220,198,9852,9938,989,903,100.0,2.6,7.4,0.8,52.9,8.2,0.2,17.2,66.3,5.0,10.5,2.0,1.8,90.9,91.7,9.1,8.3,85,4,,,7,,17,39,,39,64,63.4,29.0,71.8,45.2,61.5,29.0,69.2,45.1,(5 Bitcoins),F85,BITCOIN,DIGITAL ASSET,FINANCIAL INSTRUMENTS,FutOnly,790,-70,80,-56,-96,230,19,367,358,39,396,-26,69,668,713,122,77,,5,7,15
220517133741F,BITCOIN - CHICAGO MERCANTILE EXCHANGE,2022-05-17T00:00:00.000,2022 Report Week 20,BITCOIN,133741,CME,CHI,133,BITCOIN,11644,192,1062,37,5688,641,46,1413,7691,686,2465,433,36,10563,10632,1081,1012,100.0,1.6,9.1,0.3,48.8,5.5,0.4,12.1,66.1,5.9,21.2,3.7,0.3,90.7,91.3,9.3,8.7,92,,4,,5,,13,44,8,38,69,68.1,27.8,75.8,45.1,67.0,27.8,72.8,42.9,(5 Bitcoins),F85,BITCOIN,DIGITAL ASSET,FINANCIAL INSTRUMENTS,FutOnly,803,-91,260,-45,-47,-247,27,-450,499,149,1330,213,-162,711,694,92,109,,6,9,12
220524133741F,BITCOIN - CHICAGO MERCANTILE EXCHANGE,2022-05-24T00:00:00.000,2022 Report Week 21,BITCOIN,133741,CME,CHI,133,BITCOIN,11729,191,1335,24,5386,566,85,2116,7249,657,2171,682,27,10657,10625,1072,1104,100.0,1.6,11.4,0.2,45.9,4.8,0.7,18.0,61.8,5.6,18.5,5.8,0.2,90.9,90.6,9.1,9.4,91,,,,6,,15,45,8,37,69,65.6,29.0,74.5,43.6,65.4,29.0,73.1,42.7,(5 Bitcoins),F85,BITCOIN,DIGITAL ASSET,FINANCIAL INSTRUMENTS,FutOnly,85,-1,273,-13,-302,-75,39,703,-442,-29,-294,249,-9,94,-7,-9,92,,5,6,12
220531133741F,BITCOIN - CHICAGO MERCANTILE EXCHANGE,2022-05-31T00:00:00.000,2022 Report Week 22,BITCOIN,133741,CME,CHI,133,BITCOIN,10900,209,1688,90,5566,572,110,1102,6428,672,1962,251,156,9867,9967,1033,933,100.0,1.9,15.5,0.8,51.1,5.2,1.0,10.1,59.0,6.2,18.0,2.3,1.4,90.5,91.4,9.5,8.6,86,,4,,5,,14,40,5,42,63,67.2,32.7,73.3,45.1,65.8,32.5,71.8,44.9,(5 Bitcoins),F85,BITCOIN,DIGITAL ASSET,FINANCIAL INSTRUMENTS,FutOnly,-829,18,353,66,180,6,25,-1014,-821,15,-209,-431,129,-790,-658,-39,-171,,5,9,16
220607133741F,BITCOIN - CHICAGO MERCANTILE EXCHANGE,2022-06-07T00:00:00.000,2022 Report Week 23,BITCOIN,133741,CME,CHI,133,BITCOIN,10990,215,1827,0,5857,856,25,1118,6173,582,1938,311,192,9927,9966,1063,1024,100.0,2.0,16.6,0.0,53.3,7.8,0.2,10.2,56.2,5.3,17.6,2.8,1.7,90.3,90.7,9.7,9.3,92,,,0,6,,16,42,7,40,66,68.5,33.1,75.0,44.9,66.4,32.6,72.5,44.1,(5 Bitcoins),F85,BITCOIN,DIGITAL ASSET,FINANCIAL INSTRUMENTS,FutOnly,90,6,139,-90,291,284,-85,16,-255,-90,-24,60,36,60,-1,30,91,,4,10,12
220614133741F,BITCOIN - CHICAGO MERCANTILE EXCHANGE,2022-06-14T00:00:00.000,2022 Report Week 24,BITCOIN,133741,CME,CHI,133,BITCOIN,12242,253,1917,10,6371,1060,2,1344,6572,791,2090,395,373,11234,11120,1008,1122,100.0,2.1,15.7,0.1,52.0,8.7,0.0,11.0,53.7,6.5,17.1,3.2,3.0,91.8,90.8,8.2,9.2,95,5,,,8,,13,47,7,41,74,70.6,29.7,77.6,42.6,66.7,29.6,72.7,40.8,(5 Bitcoins),F85,BITCOIN,DIGITAL ASSET,FINANCIAL INSTRUMENTS,FutOnly,1252,38,90,10,514,204,-23,226,399,209,152,84,181,1307,1154,-55,98,,4,8,17
220621133741F,BITCOIN - CHICAGO MERCANTILE EXCHANGE,2022-06-21T00:00:00.000,2022 Report Week 25,BITCOIN,133741,CME,CHI,133,BITCOIN,13537,62,2010,98,6612,1012,49,1508,7167,1272,2391,333,497,12489,12438,1048,1099,100.0,0.5,14.8,0.7,48.8,7.5,0.4,11.1,52.9,9.4,17.7,2.5,3.7,92.3,91.9,7.7,8.1,101,,5,,7,,17,45,8,51,81,67.2,26.7,73.6,40.3,63.8,26.6,69.5,38.2,(5 Bitcoins),F85,BITCOIN,DIGITAL ASSET,FINANCIAL INSTRUMENTS,FutOnly,1295,-191,93,88,241,-48,47,164,595,481,301,-62,124,1255,1318,40,-23,,4,12,25
220628133741F,BITCOIN - CHICAGO MERCANTILE EXCHANGE,2022-06-28T00:00:00.000,2022 Report Week 26,BITCOIN,133741,CME,CHI,133,BITCOIN,13707,153,2003,218,6526,1088,96,2478,7597,1151,2095,426,100,12817,12679,890,1028,100.0,1.1,14.6,1.6,47.6,7.9,0.7,18.1,55.4,8.4,15.3,3.1,0.7,93.5,92.5,6.5,7.5,101,,,,10,,18,46,9,45,78,66.5,26.7,75.8,41.4,64.0,26.6,70.9,40.3,(5 Bitcoins),F85,BITCOIN,DIGITAL ASSET,FINANCIAL INSTRUMENTS,FutOnly,170,91,-7,120,-86,76,47,970,430,-121,-296,93,-397,328,241,-158,-71,,,9,17
220705133741F,BITCOIN - CHICAGO MERCANTILE EXCHANGE,2022-07-05T00:00:00.000,2022 Report Week 27,BITCOIN,133741,CME,CHI,133,BITCOIN,13258,96,2002,159,5914,961,472,2171,7408,667,2619,471,102,12200,12242,1058,1016,100.0,0.7,15.1,1.2,44.6,7.2,3.6,16.4,55.9,5.0,19.8,3.6,0.8,92.0,92.3,8.0,7.7,103,,,,10,,15,49,8,50,77,69.4,28.3,75.4,42.2,66.2,28.2,72.3,41.1,(5 Bitcoins),F85,BITCOIN,DIGITAL ASSET,FINANCIAL INSTRUMENTS,FutOnly,-449,-57,-1,-59,-612,-127,376,-307,-189,-484,524,45,2,-617,-437,168,-12,,4,11,17
220712133741F,BITCOIN - CHICAGO MERCANTILE EXCHANGE,2022-07-12T00:00:00.000,2022 Report Week 28,BITCOIN,133741,CME,CHI,133,BITCOIN,13505,137,2108,87,6096,1369,520,2264,7149,1000,2044,287,110,12258,12630,1247,875,100.0,1.0,15.6,0.6,45.1,10.1,3.9,16.8,52.9,7.4,15.1,2.1,0.8,90.8,93.5,9.2,6.5,102,,4,,9,,19,45,8,51,76,65.9,28.8,74.6,44.0,61.9,28.7,68.4,42.6,(5 Bitcoins),F85,BITCOIN,DIGITAL ASSET,FINANCIAL INSTRUMENTS,FutOnly,247,41,106,-72,182,408,48,93,-259,333,-575,-184,8,58,388,189,-141,,4,9,17
220719133741F,BITCOIN - CHICAGO MERCANTILE EXCHANGE,2022-07-19T00:00:00.000,2022 Report Week 29,BITCOIN,133741,CME,CHI,133,BITCOIN,14512,132,2178,70,6247,1211,381,2800,8296,1066,2209,275,247,13152,13724,1360,788,100.0,0.9,15.0,0.5,43.0,8.3,2.6,19.3,57.2,7.3,15.2,1.9,1.7,90.6,94.6,9.4,5.4,97,,4,,10,,21,39,5,53,74,62.8,30.8,71.4,47.2,59.4,30.3,66.1,45.8,(5 Bitcoins),F85,BITCOIN,DIGITAL ASSET,FINANCIAL INSTRUMENTS,FutOnly,1007,-5,70,-17,151,-158,-139,536,1147,66,165,-12,137,894,1094,113,-87,4,4,9,22
220726133741F,BITCOIN - CHICAGO MERCANTILE EXCHANGE,2022-07-26T00:00:00.000,2022 Report Week 30,BITCOIN,133741,CME,CHI,133,BITCOIN,14957,126,2239,690,6580,1138,1162,2184,6814,972,1337,275,746,13797,14036,1160,921,100.0,0.8,15.0,4.6,44.0,7.6,7.8,14.6,45.6,6.5,8.9,1.8,5.0,92.2,93.8,7.8,6.2,90,,4,,9,,12,41,5,47,70,65.3,33.5,73.7,48.7,53.3,28.1,59.7,40.0,(5 Bitcoins),F85,BITCOIN,DIGITAL ASSET,FINANCIAL INSTRUMENTS,FutOnly,445,-6,61,620,333,-73,781,-616,-1482,-94,-872,0,499,645,312,-200,133,4,5,10,17
220802133741F,BITCOIN - CHICAGO MERCANTILE EXCHANGE,2022-08-02T00:00:00.000,2022 Report Week 31,BITCOIN,133741,CME,CHI,133,BITCOIN,12849,94,2153,29,7082,957,374,2233,7094,453,1085,627,414,11764,12101,1085,748,100.0,0.7,16.8,0.2,55.1,7.4,2.9,17.4,55.2,3.5,8.4,4.9,3.2,91.6,94.2,8.4,5.8,97,,5,,8,,17,42,6,52,70,65.7,32.9,75.2,48.7,62.9,31.8,71.1,45.9,(5 Bitcoins),F85,BITCOIN,DIGITAL ASSET,FINANCIAL INSTRUMENTS,FutOnly,-2108,-32,-86,-661,502,-181,-788,49,280,-519,-252,352,-332,-2033,-1935,-75,-173,,5,10,18
220809133741F,BITCOIN - CHICAGO MERCANTILE EXCHANGE,2022-08-09T00:00:00.000,2022 Report Week 32,BITCOIN,133741,CME,CHI,133,BITCOIN,12510,106,1937,0,7153,935,303,2029,6556,981,445,606,459,11476,11777,1034,733,100.0,0.8,15.5,0.0,57.2,7.5,2.4,16.2,52.4,7.8,3.6,4.8,3.7,91.7,94.1,8.3,5.9,99,,,0,8,,22,42,8,52,69,64.7,32.0,72.2,47.2,59.7,30.6,65.8,44.7,(5 Bitcoins),F85,BITCOIN,DIGITAL ASSET,FINANCIAL INSTRUMENTS,FutOnly,-339,12,-216,-29,71,-22,-71,-204,-538,528,-640,-21,45,-288,-324,-51,-15,,6,7,17
220816133741F,BITCOIN - CHICAGO MERCANTILE EXCHANGE,2022-08-16T00:00:00.000,2022 Report Week 33,BITCOIN,133741,CME,CHI,133,BITCOIN,12423,113,1819,0,7129,983,279,1673,6270,954,619,815,454,11221,11574,1202,849,100.0,0.9,14.6,0.0,57.4,7.9,2.2,13.5,50.5,7.7,5.0,6.6,3.7,90.3,93.2,9.7,6.8,91,,4,0,7,,20,36,7,49,63,63.5,32.6,71.5,47.9,59.1,29.7,64.6,45.0,(5 Bitcoins),F85,BITCOIN,DIGITAL ASSET,FINANCIAL INSTRUMENTS,FutOnly,-87,7,-118,0,-24,48,-24,-356,-286,-27,174,209,-5,-255,-203,168,116,,6,8,15
220823133741F,BITCOIN - CHICAGO MERCANTILE EXCHANGE,2022-08-23T00:00:00.000,2022 Report Week 34,BITCOIN,133741,CME,CHI,133,BITCOIN,13302,59,1968,0,6368,1144,395,2804,7502,826,1597,449,112,12161,12396,1141,906,100.0,0.4,14.8,0.0,47.9,8.6,3.0,21.1,56.4,6.2,12.0,3.4,0.8,91.4,93.2,8.6,6.8,92,,,0,8,,16,42,8,37,72,67.9,29.0,76.5,42.5,62.9,29.0,71.3,42.4,(5 Bitcoins),F85,BITCOIN,DIGITAL ASSET,FINANCIAL INSTRUMENTS,FutOnly,879,-54,149,0,-761,161,116,1131,1232,-128,978,-366,-342,940,822,-61,57,,5,9,12
220830133741F,BITCOIN - CHICAGO MERCANTILE EXCHANGE,2022-08-30T00:00:00.000,2022 Report Week 35,BITCOIN,133741,CME,CHI,133,BITCOIN,14440,173,2048,187,5823,1410,521,3928,7908,693,1928,517,191,13444,13475,996,965,100.0,1.2,14.2,1.3,40.3,9.8,3.6,27.2,54.8,4.8,13.4,3.6,1.3,93.1,93.3,6.9,6.7,98,,,,8,,21,42,9,41,75,68.9,26.4,76.6,39.4,62.1,26.3,68.9,38.5,(5 Bitcoins),F85,BITCOIN,DIGITAL ASSET,FINANCIAL INSTRUMENTS,FutOnly,1138,114,80,187,-545,266,126,1124,406,-133,331,68,79,1283,1079,-145,59,,4,8,13
220906133741F,BITCOIN - CHICAGO MERCANTILE EXCHANGE,2022-09-06T00:00:00.000,2022 Report Week 36,BITCOIN,133741,CME,CHI,133,BITCOIN,15337,200,2110,157,5402,1899,520,4538,8072,892,2666,704,6,14381,14360,956,977,100.0,1.3,13.8,1.0,35.2,12.4,3.4,29.6,52.6,5.8,17.4,4.6,0.0,93.8,93.6,6.2,6.4,100,,,,9,,20,45,10,41,82,68.1,24.8,77.3,38.0,62.8,24.7,71.1,37.4,(5 Bitcoins),F85,BITCOIN,DIGITAL ASSET,FINANCIAL INSTRUMENTS,FutOnly,897,27,62,-30,-421,489,-1,610,164,199,738,187,-185,937,885,-40,12,,4,6,16
220913133741F,BITCOIN - CHICAGO MERCANTILE EXCHANGE,2022-09-13T00:00:00.000,2022 Report Week 37,BITCOIN,133741,CME ,CHI,133 ,BITCOIN,13089,100,2162,155,5653,1394,471,3420,7045,705,1641,407,0,12145,12339,944,750,100.0,0.8,16.5,1.2,43.2,10.7,3.6,26.1,53.8,5.4,12.5,3.1,0.0,92.8,94.3,7.2,5.7,91,,,,8,,17,39,8,44,67,68.5,30.6,76.1,44.8,65.0,30.1,72.3,43.9,(5 Bitcoins),F85,BITCOIN,DIGITAL ASSET,FINANCIAL INSTRUMENTS,FutOnly,-2248,-100,52,-2,251,-505,-49,-1118,-1027,-187,-1025,-297,-6,-2236,-2021,-12,-227,0,4,8,15
220920133741F,BITCOIN - CHICAGO MERCANTILE EXCHANGE,2022-09-20T00:00:00.000,2022 Report Week 38,BITCOIN,133741,CME ,CHI,133 ,BITCOIN,13880,108,2502,92,5488,1431,575,3390,7241,704,2416,463,0,12773,13008,1107,872,100.0,0.8,18.0,0.7,39.5,10.3,4.1,24.4,52.2,5.1,17.4,3.3,0.0,92.0,93.7,8.0,6.3,91,,,,8,,21,40,9,42,70,67.7,30.5,75.2,44.8,62.3,30.4,69.9,43.4,(5 Bitcoins),F85,BITCOIN,DIGITAL ASSET,FINANCIAL INSTRUMENTS,FutOnly,791,8,340,-63,-165,37,104,-30,196,-1,775,56,0,628,669,163,122,0,4,,16
220927133741F,BITCOIN - CHICAGO MERCANTILE EXCHANGE,2022-09-27T00:00:00.000,2022 Report Week 39,BITCOIN,133741,CME ,CHI,133 ,BITCOIN,14271,105,2574,38,5666,1151,637,3472,7962,537,2717,470,38,13210,13407,1061,864,100.0,0.7,18.0,0.3,39.7,8.1,4.5,24.3,55.8,3.8,19.0,3.3,0.3,92.6,93.9,7.4,6.1,98,,,,8,4,22,42,7,50,72,68.0,30.6,74.7,44.1,63.8,30.3,70.5,42.8,(5 Bitcoins),F85,BITCOIN,DIGITAL ASSET,FINANCIAL INSTRUMENTS,FutOnly,391,-3,72,-54,178,-280,62,82,721,-167,301,7,38,437,399,-46,-8,4,5,9,15
221004133741F,BITCOIN - CHICAGO MERCANTILE EXCHANGE,2022-10-04T00:00:00.000,2022 Report Week 40,BITCOIN,133741,CME,CHI,133,BITCOIN,14230,124,2487,0,6028,1117,824,2682,8175,296,2985,493,0,12939,13392,1291,838,100.0,0.9,17.5,0.0,42.4,7.8,5.8,18.8,57.4,2.1,21.0,3.5,0.0,90.9,94.1,9.1,5.9,86,,,0,8,4,17,40,7,38,63,70.4,33.2,78.4,48.5,65.5,33.2,73.5,46.3,(5 Bitcoins),F85,BITCOIN,DIGITAL ASSET,FINANCIAL INSTRUMENTS,FutOnly,-41,19,-87,-38,362,-34,187,-790,213,-241,268,23,-38,-271,-15,230,-26,0,,6,11
221011133741F,BITCOIN - CHICAGO MERCANTILE EXCHANGE,2022-10-11T00:00:00.000,2022 Report Week 41,BITCOIN,133741,CME ,CHI,133 ,BITCOIN,15756,246,2553,53,5902,1486,1006,3722,8172,949,2867,746,4,14749,14969,1007,787,100.0,1.6,16.2,0.3,37.5,9.4,6.4,23.6,51.9,6.0,18.2,4.7,0.0,93.6,95.0,6.4,5.0,97,5,,,8,4,24,41,8,44,72,73.0,29.7,79.3,43.2,64.1,27.8,70.3,39.8,(5 Bitcoins),F85,BITCOIN,DIGITAL ASSET,FINANCIAL INSTRUMENTS,FutOnly,1526,122,66,53,-126,369,182,1040,-3,653,-118,253,4,1810,1577,-284,-51,,,5,13
221018133741F,BITCOIN - CHICAGO MERCANTILE EXCHANGE,2022-10-18T00:00:00.000,2022 Report Week 42,BITCOIN,133741,CME ,CHI,133 ,BITCOIN,14228,258,2568,43,5992,1158,929,2091,7219,1022,2489,528,0,12824,13467,1404,761,100.0,1.8,18.0,0.3,42.1,8.1,6.5,14.7,50.7,7.2,17.5,3.7,0.0,90.1,94.7,9.9,5.3,92,4,,,8,4,25,36,7,46,63,68.7,32.3,74.8,46.4,59.1,30.1,64.6,42.7,(5 Bitcoins),F85,BITCOIN,DIGITAL ASSET,FINANCIAL INSTRUMENTS,FutOnly,-1528,12,15,-10,90,-328,-77,-1631,-953,73,-378,-218,-4,-1925,-1502,397,-26,0,4,5,12
221025133741F,BITCOIN - CHICAGO MERCANTILE EXCHANGE,2022-10-25T00:00:00.000,2022 Report Week 43,BITCOIN,133741,CME ,CHI,133 ,BITCOIN,14854,237,2330,92,6309,847,813,3525,7875,1239,1239,615,224,13678,14035,1176,819,100.0,1.6,15.7,0.6,42.5,5.7,5.5,23.7,53.0,8.3,8.3,4.1,1.5,92.1,94.5,7.9,5.5,98,4,,,7,5,27,36,10,53,71,61.9,31.2,70.0,44.9,54.9,30.6,61.3,42.3,(5 Bitcoins),F85,BITCOIN,DIGITAL ASSET,FINANCIAL INSTRUMENTS,FutOnly,626,-21,-238,49,317,-311,-116,1434,656,217,-1250,87,224,854,568,-228,58,,5,6,18
221101133741F,BITCOIN - CHICAGO MERCANTILE EXCHANGE,2022-11-01T00:00:00.000,2022 Report Week 44,BITCOIN,133741,CME ,CHI,133 ,BITCOIN,12183,222,2453,38,6397,1042,556,2304,5873,956,450,473,42,10965,11433,1218,750,100.0,1.8,20.1,0.3,52.5,8.6,4.6,18.9,48.2,7.8,3.7,3.9,0.3,90.0,93.8,10.0,6.2,88,4,,,7,4,21,38,6,48,65,64.7,35.2,72.4,49.2,58.1,33.5,65.6,44.9,(5 Bitcoins),F85,BITCOIN,DIGITAL ASSET,FINANCIAL INSTRUMENTS,FutOnly,-2671,-15,123,-54,88,195,-257,-1221,-2002,-283,-789,-142,-182,-2713,-2602,42,-69,,4,,19
221108133741F,BITCOIN - CHICAGO MERCANTILE EXCHANGE,2022-11-08T00:00:00.000,2022 Report Week 45,BITCOIN,133741,CME ,CHI,133 ,BITCOIN,14439,224,2640,83,6265,1434,677,3998,7038,959,962,768,2,13170,13601,1269,838,100.0,1.6,18.3,0.6,43.4,9.9,4.7,27.7,48.7,6.6,6.7,5.3,0.0,91.2,94.2,8.8,5.8,92,4,,,7,4,24,34,9,49,65,65.7,32.4,73.7,47.7,59.3,32.4,67.4,46.9,(5 Bitcoins),F85,BITCOIN,DIGITAL ASSET,FINANCIAL INSTRUMENTS,FutOnly,2256,2,187,45,-132,392,121,1694,1165,3,512,295,-40,2205,2168,51,88,,4,4,15
221115133741F,BITCOIN - CHICAGO MERCANTILE EXCHANGE,2022-11-15T00:00:00.000,2022 Report Week 46,BITCOIN,133741,CME ,CHI,133 ,BITCOIN,17901,415,2608,108,5706,1416,836,5365,9052,863,2736,1489,641,16670,17013,1231,888,100.0,2.3,14.6,0.6,31.9,7.9,4.7,30.0,50.6,4.8,15.3,8.3,3.6,93.1,95.0,6.9,5.0,109,7,,,9,5,25,42,11,56,80,61.0,30.6,74.5,45.6,56.6,28.1,67.5,41.2,(5 Bitcoins),F85,BITCOIN,DIGITAL ASSET,FINANCIAL INSTRUMENTS,FutOnly,3462,191,-32,25,-559,-18,159,1367,2014,-96,1774,721,639,3500,3412,-38,50,4,,8,15
221122133741F,BITCOIN - CHICAGO MERCANTILE EXCHANGE,2022-11-22T00:00:00.000,2022 Report Week 47,BITCOIN,133741,CME ,CHI,133 ,BITCOIN,18354,340,3017,290,5459,1322,886,5743,8672,1107,2761,1595,363,16949,17252,1405,1102,100.0,1.9,16.4,1.6,29.7,7.2,4.8,31.3,47.2,6.0,15.0,8.7,2.0,92.3,94.0,7.7,6.0,114,5,,,10,5,27,41,13,61,85,58.5,29.6,68.0,43.7,53.2,28.0,62.5,40.1,(5 Bitcoins),F85,BITCOIN,DIGITAL ASSET,FINANCIAL INSTRUMENTS,FutOnly,453,-75,409,182,-247,-94,50,378,-380,244,25,106,-278,279,239,174,214,5,4,11,19
221129133741F,BITCOIN - CHICAGO MERCANTILE EXCHANGE,2022-11-29T00:00:00.000,2022 Report Week 48,BITCOIN,133741,CME ,CHI,133 ,BITCOIN,16832,271,3095,169,5606,1369,835,4842,8606,675,3191,1296,7,15596,16052,1236,780,100.0,1.6,18.4,1.0,33.3,8.1,5.0,28.8,51.1,4.0,19.0,7.7,0.0,92.7,95.4,7.3,4.6,114,4,,,9,4,24,48,10,56,82,62.6,31.7,71.8,45.6,57.8,30.5,67.0,43.5,(5 Bitcoins),F85,BITCOIN,DIGITAL ASSET,FINANCIAL INSTRUMENTS,FutOnly,-1522,-69,78,-121,147,47,-51,-901,-66,-432,430,-299,-356,-1353,-1200,-169,-322,,4,11,18
221206133741F,BITCOIN - CHICAGO MERCANTILE EXCHANGE,2022-12-06T00:00:00.000,2022 Report Week 49,BITCOIN,133741,CME ,CHI,133 ,BITCOIN,15769,171,3130,67,6303,1278,651,4197,7707,729,2286,1343,0,14404,14905,1365,864,100.0,1.1,19.8,0.4,40.0,8.1,4.1,26.6,48.9,4.6,14.5,8.5,0.0,91.3,94.5,8.7,5.5,109,,,,8,,20,48,10,54,74,61.8,30.9,71.1,44.9,57.8,30.7,67.2,43.6,(5 Bitcoins),F85,BITCOIN,DIGITAL ASSET,FINANCIAL INSTRUMENTS,FutOnly,-1063,-100,35,-102,697,-91,-184,-645,-899,54,-905,47,-7,-1192,-1147,129,84,0,6,11,15
221213133741F,BITCOIN - CHICAGO MERCANTILE EXCHANGE,2022-12-13T00:00:00.000,2022 Report Week 50,BITCOIN,133741,CME ,CHI,133 ,BITCOIN,13989,101,3490,98,6455,968,618,4176,5677,831,337,1383,44,12660,13109,1329,880,100.0,0.7,24.9,0.7,46.1,6.9,4.4,29.9,40.6,5.9,2.4,9.9,0.3,90.5,93.7,9.5,6.3,105,,4,,6,4,29,39,9,59,69,59.1,35.1,67.6,47.3,54.9,34.3,62.7,45.2,(5 Bitcoins),F85,BITCOIN,DIGITAL ASSET,FINANCIAL INSTRUMENTS,FutOnly,-1780,-70,360,31,152,-310,-33,-21,-2030,102,-1949,40,44,-1744,-1796,-36,16,,6,9,16
221220133741F,BITCOIN - CHICAGO MERCANTILE EXCHANGE,2022-12-20T00:00:00.000,2022 Report Week 51,BITCOIN,133741,CME ,CHI,133 ,BITCOIN,14563,272,3754,66,6006,875,854,3962,5692,864,1174,1571,46,13244,13722,1319,841,100.0,1.9,25.8,0.5,41.2,6.0,5.9,27.2,39.1,5.9,8.1,10.8,0.3,90.9,94.2,9.1,5.8,104,,4,,6,,24,41,11,52,70,58.8,34.3,69.3,46.2,53.3,32.1,62.7,42.7,(5 Bitcoins),F85,BITCOIN,DIGITAL ASSET,FINANCIAL INSTRUMENTS,FutOnly,574,171,264,-32,-449,-93,236,-214,15,33,837,188,2,584,613,-10,-39,,5,9,12
221227133741F,BITCOIN - CHICAGO MERCANTILE EXCHANGE,2022-12-27T00:00:00.000,2022 Report Week 52,BITCOIN,133741,CME ,CHI,133 ,BITCOIN,16028,272,3659,95,5941,969,1266,4768,6690,831,1423,1432,141,14737,15083,1291,945,100.0,1.7,22.8,0.6,37.1,6.0,7.9,29.7,41.7,5.2,8.9,8.9,0.9,91.9,94.1,8.1,5.9,106,,4,,8,,25,40,9,51,75,59.5,33.2,68.6,44.5,51.8,28.6,60.9,39.3,(5 Bitcoins),F85,BITCOIN,DIGITAL ASSET,FINANCIAL INSTRUMENTS,FutOnly,1465,0,-95,29,-65,94,412,806,998,-33,249,-139,95,1493,1361,-28,104,,4,12,14
230103133741F,BITCOIN - CHICAGO MERCANTILE EXCHANGE,2023-01-03T00:00:00.000,2023 Report Week 01,BITCOIN,133741,CME ,CHI,133 ,BITCOIN,14530,300,3643,63,5766,923,731,4453,5650,684,1297,1789,133,13427,13616,1103,914,100.0,2.1,25.1,0.4,39.7,6.4,5.0,30.6,38.9,4.7,8.9,12.3,0.9,92.4,93.7,7.6,6.3,99,4,4,,7,4,18,41,9,47,68,58.2,35.9,71.2,48.3,53.3,34.3,65.5,46.3,(5 Bitcoins),F85,BITCOIN,DIGITAL ASSET,FINANCIAL INSTRUMENTS,FutOnly,-1498,28,-16,-32,-175,-46,-535,-315,-1040,-147,-126,357,-8,-1310,-1467,-188,-31,,5,10,9
230110133741F,BITCOIN - CHICAGO MERCANTILE EXCHANGE,2023-01-10T00:00:00.000,2023 Report Week 02,BITCOIN,133741,CME ,CHI,133 ,BITCOIN,14891,306,3576,81,6212,880,651,5217,6612,335,701,1991,49,13552,14175,1339,716,100.0,2.1,24.0,0.5,41.7,5.9,4.4,35.0,44.4,2.2,4.7,13.4,0.3,91.0,95.2,9.0,4.8,111,4,4,,8,4,27,42,11,62,72,57.5,37.5,66.9,49.7,53.5,36.9,62.9,47.9,(5 Bitcoins),F85,BITCOIN,DIGITAL ASSET,FINANCIAL INSTRUMENTS,FutOnly,361,6,-67,18,446,-43,-80,764,962,-349,-596,202,-84,125,559,236,-198,,5,9,16
230117133741F,BITCOIN - CHICAGO MERCANTILE EXCHANGE,2023-01-17T00:00:00.000,2023 Report Week 03,BITCOIN,133741,CME ,CHI,133 ,BITCOIN,15885,203,3622,91,7027,306,576,5291,6490,475,769,3162,13,14445,14735,1440,1150,100.0,1.3,22.8,0.6,44.2,1.9,3.6,33.3,40.9,3.0,4.8,19.9,0.1,90.9,92.8,9.1,7.2,113,,8,,4,4,31,36,13,68,67,57.8,41.7,65.3,55.0,55.7,41.5,63.2,54.5,(5 Bitcoins),F85,BITCOIN,DIGITAL ASSET,FINANCIAL INSTRUMENTS,FutOnly,994,-103,46,10,815,-574,-75,74,-122,140,68,1171,-36,893,560,101,434,,8,9,15
230124133741F,BITCOIN - CHICAGO MERCANTILE EXCHANGE,2023-01-24T00:00:00.000,2023 Report Week 04,BITCOIN,133741,CME ,CHI,133 ,BITCOIN,17390,304,4346,107,7671,63,795,5605,7642,642,769,2823,30,15923,16448,1467,942,100.0,1.7,25.0,0.6,44.1,0.4,4.6,32.2,43.9,3.7,4.4,16.2,0.2,91.6,94.6,8.4,5.4,115,4,11,5,,4,34,37,9,71,71,58.2,46.3,65.2,57.1,54.9,46.0,62.0,55.6,(5 Bitcoins),F85,BITCOIN,DIGITAL ASSET,FINANCIAL INSTRUMENTS,FutOnly,1505,101,724,16,644,-243,219,314,1152,167,0,-339,17,1478,1713,27,-208,,9,8,17
230131133741F,BITCOIN - CHICAGO MERCANTILE EXCHANGE,2023-01-31T00:00:00.000,2023 Report Week 05,BITCOIN,133741,CME ,CHI,133 ,BITCOIN,17542,292,5797,76,8149,58,680,5683,7201,229,766,2713,32,15907,16786,1635,756,100.0,1.7,33.0,0.4,46.5,0.3,3.9,32.4,41.0,1.3,4.4,15.5,0.2,90.7,95.7,9.3,4.3,114,,10,,,4,30,35,13,60,67,58.8,42.1,66.2,54.9,56.0,42.1,63.4,54.7,(5 Bitcoins),F85,BITCOIN,DIGITAL ASSET,FINANCIAL INSTRUMENTS,FutOnly,152,-12,1451,-31,478,-5,-115,78,-441,-413,-3,-110,2,-16,338,168,-186,,10,10,7
230207133741F,BITCOIN - CHICAGO MERCANTILE EXCHANGE,2023-02-07T00:00:00.000,2023 Report Week 06,BITCOIN,133741,CME ,CHI,133 ,BITCOIN,16843,303,5827,92,7721,28,698,5274,6690,477,796,2160,38,15399,16010,1444,833,100.0,1.8,34.6,0.5,45.8,0.2,4.1,31.3,39.7,2.8,4.7,12.8,0.2,91.4,95.1,8.6,4.9,108,,9,,,4,29,35,9,63,62,59.7,40.0,66.9,53.7,56.6,39.4,63.9,52.7,(5 Bitcoins),F85,BITCOIN,DIGITAL ASSET,FINANCIAL INSTRUMENTS,FutOnly,-699,11,30,16,-428,-30,18,-409,-511,248,30,-553,6,-508,-776,-191,77,,10,11,10
230214133741F,BITCOIN - CHICAGO MERCANTILE EXCHANGE,2023-02-14T00:00:00.000,2023 Report Week 07,BITCOIN,133741,CME ,CHI,133 ,BITCOIN,15158,356,5298,162,7187,72,744,4207,6159,394,782,1421,58,13890,14308,1268,850,100.0,2.3,35.0,1.1,47.4,0.5,4.9,27.8,40.6,2.6,5.2,9.4,0.4,91.6,94.4,8.4,5.6,105,5,9,,,4,21,36,11,61,64,57.4,36.8,67.0,49.6,53.9,35.9,63.4,47.6,(5 Bitcoins),F85,BITCOIN,DIGITAL ASSET,FINANCIAL INSTRUMENTS,FutOnly,-1685,53,-529,70,-534,44,46,-1067,-531,-83,-14,-739,20,-1509,-1702,-176,17,,10,10,11
230221133741F,BITCOIN - CHICAGO MERCANTILE EXCHANGE,2023-02-21T00:00:00.000,2023 Report Week 08,BITCOIN,133741,CME ,CHI,133 ,BITCOIN,16501,348,5345,189,7406,70,1020,4614,6405,461,624,1546,441,15103,15477,1398,1024,100.0,2.1,32.4,1.1,44.9,0.4,6.2,28.0,38.8,2.8,3.8,9.4,2.7,91.5,93.8,8.5,6.2,115,4,9,5,,4,33,37,10,74,69,55.4,35.0,63.8,49.0,50.3,33.2,58.1,44.0,(5 Bitcoins),F85,BITCOIN,DIGITAL ASSET,FINANCIAL INSTRUMENTS,FutOnly,1343,-8,47,27,219,-2,276,407,246,67,-158,125,383,1213,1169,130,174,4,11,8,15
230228133741F,BITCOIN - CHICAGO MERCANTILE EXCHANGE,2023-02-28T00:00:00.000,2023 Report Week 09,BITCOIN,133741,CME ,CHI,133 ,BITCOIN,15161,369,5140,206,7047,240,655,4527,6106,282,682,1452,161,13929,14242,1232,919,100.0,2.4,33.9,1.4,46.5,1.6,4.3,29.9,40.3,1.9,4.5,9.6,1.1,91.9,93.9,8.1,6.1,110,5,9,,,,27,35,10,63,65,57.1,37.8,65.5,50.5,53.3,37.2,61.7,48.5,(5 Bitcoins),F85,BITCOIN,DIGITAL ASSET,FINANCIAL INSTRUMENTS,FutOnly,-1340,21,-205,17,-359,170,-365,-87,-299,-179,58,-94,-280,-1174,-1235,-166,-105,,10,9,10
230307133741F,BITCOIN - CHICAGO MERCANTILE EXCHANGE,2023-03-07T00:00:00.000,2023 Report Week 10,BITCOIN,133741,CME ,CHI,133 ,BITCOIN,12821,414,4185,159,6470,362,649,2346,5259,463,1161,696,69,11731,11842,1090,979,100.0,3.2,32.6,1.2,50.5,2.8,5.1,18.3,41.0,3.6,9.1,5.4,0.5,91.5,92.4,8.5,7.6,105,6,7,4,,4,20,37,11,58,67,61.7,37.6,69.2,49.7,57.0,35.5,63.3,45.2,(5 Bitcoins),F85,BITCOIN,DIGITAL ASSET,FINANCIAL INSTRUMENTS,FutOnly,-2340,45,-955,-47,-577,122,-6,-2181,-847,181,479,-756,-92,-2198,-2400,-142,60,,10,10,10
230314133741F,BITCOIN - CHICAGO MERCANTILE EXCHANGE,2023-03-14T00:00:00.000,2023 Report Week 11,BITCOIN,133741,CME ,CHI,133 ,BITCOIN,13472,305,3881,359,5924,318,536,2551,6047,449,2030,949,70,12224,12609,1248,863,100.0,2.3,28.8,2.7,44.0,2.4,4.0,18.9,44.9,3.3,15.1,7.0,0.5,90.7,93.6,9.3,6.4,111,4,9,5,,,21,38,14,59,72,59.5,37.0,67.9,49.5,55.5,36.2,63.9,47.2,(5 Bitcoins),F85,BITCOIN,DIGITAL ASSET,FINANCIAL INSTRUMENTS,FutOnly,651,-109,-304,200,-546,-44,-113,205,788,-14,869,253,1,493,767,158,-116,,7,13,11
230321133741F,BITCOIN - CHICAGO MERCANTILE EXCHANGE,2023-03-21T00:00:00.000,2023 Report Week 12,BITCOIN,133741,CME ,CHI,133 ,BITCOIN,14049,292,3299,305,6899,243,516,3484,7746,337,605,716,161,12599,13323,1450,726,100.0,2.1,23.5,2.2,49.1,1.7,3.7,24.8,55.1,2.4,4.3,5.1,1.1,89.7,94.8,10.3,5.2,122,5,11,4,,,31,41,10,70,72,58.7,30.3,63.7,44.0,55.2,29.5,60.1,42.5,(5 Bitcoins),F85,BITCOIN,DIGITAL ASSET,FINANCIAL INSTRUMENTS,FutOnly,577,-13,-582,-54,975,-75,-20,933,1699,-112,-1425,-233,91,375,714,202,-137,4,9,12,10
230328133741F,BITCOIN - CHICAGO MERCANTILE EXCHANGE,2023-03-28T00:00:00.000,2023 Report Week 13,BITCOIN,133741,CME ,CHI,133 ,BITCOIN,14409,285,3767,251,6428,220,588,4147,7217,587,546,749,128,12960,13507,1449,902,100.0,2.0,26.1,1.7,44.6,1.5,4.1,28.8,50.1,4.1,3.8,5.2,0.9,89.9,93.7,10.1,6.3,120,4,12,,,,32,37,13,71,72,55.7,29.9,61.9,43.4,51.9,29.4,58.1,41.4,(5 Bitcoins),F85,BITCOIN,DIGITAL ASSET,FINANCIAL INSTRUMENTS,FutOnly,360,-7,468,-54,-471,-23,72,663,-529,250,-59,33,-33,361,184,-1,176,,9,9,14
230404133741F,BITCOIN - CHICAGO MERCANTILE EXCHANGE,2023-04-04T00:00:00.000,2023 Report Week 14,BITCOIN,133741,CME ,CHI,133 ,BITCOIN,13380,321,3714,118,6450,170,567,3327,6656,445,616,972,78,11922,12720,1458,660,100.0,2.4,27.8,0.9,48.2,1.3,4.2,24.9,49.7,3.3,4.6,7.3,0.6,89.1,95.1,10.9,4.9,109,5,9,,,,27,37,11,64,64,58.9,35.4,64.2,48.8,54.9,34.5,60.2,47.1,(5 Bitcoins),F85,BITCOIN,DIGITAL ASSET,FINANCIAL INSTRUMENTS,FutOnly,-1029,36,-53,-133,22,-50,-21,-820,-561,-142,70,223,-50,-1038,-787,9,-242,,9,9,13
230411133741F,BITCOIN - CHICAGO MERCANTILE EXCHANGE,2023-04-11T00:00:00.000,2023 Report Week 15,BITCOIN,133741,CME ,CHI,133 ,BITCOIN,15977,508,4146,254,7376,82,519,4637,8136,522,546,1452,73,14435,15184,1542,793,100.0,3.2,25.9,1.6,46.2,0.5,3.2,29.0,50.9,3.3,3.4,9.1,0.5,90.3,95.0,9.7,5.0,115,4,10,,,,32,39,9,71,66,54.2,34.7,61.0,51.5,51.4,34.2,58.3,51.0,(5 Bitcoins),F85,BITCOIN,DIGITAL ASSET,FINANCIAL INSTRUMENTS,FutOnly,2597,187,432,136,926,-88,-48,1310,1480,77,-70,480,-5,2513,2464,84,133,,11,9,16
230418133741F,BITCOIN - CHICAGO MERCANTILE EXCHANGE,2023-04-18T00:00:00.000,2023 Report Week 16,BITCOIN,133741,CME ,CHI,133 ,BITCOIN,15385,493,3998,242,7041,249,521,4053,7737,727,557,825,383,14017,14682,1368,703,100.0,3.2,26.0,1.6,45.8,1.6,3.4,26.3,50.3,4.7,3.6,5.4,2.5,91.1,95.4,8.9,4.6,116,4,11,,,,30,40,10,71,68,54.5,33.0,61.3,45.7,50.7,32.4,56.3,43.2,(5 Bitcoins),F85,BITCOIN,DIGITAL ASSET,FINANCIAL INSTRUMENTS,FutOnly,-592,-15,-148,-12,-335,167,2,-584,-399,205,11,-627,310,-418,-502,-174,-90,,10,9,15
230425133741F,BITCOIN - CHICAGO MERCANTILE EXCHANGE,2023-04-25T00:00:00.000,2023 Report Week 17,BITCOIN,133741,CME ,CHI,133 ,BITCOIN,14064,458,3045,80,6406,256,886,2249,6625,1063,811,587,747,12700,13289,1364,775,100.0,3.3,21.7,0.6,45.5,1.8,6.3,16.0,47.1,7.6,5.8,4.2,5.3,90.3,94.5,9.7,5.5,103,,10,4,,,21,39,10,61,70,58.5,32.5,65.2,46.7,48.0,30.5,54.0,40.3,(5 Bitcoins),F85,BITCOIN,DIGITAL ASSET,FINANCIAL INSTRUMENTS,FutOnly,-1321,-35,-953,-162,-635,7,365,-1804,-1112,336,254,-238,364,-1317,-1393,-4,72,,7,10,18
230502133741F,BITCOIN - CHICAGO MERCANTILE EXCHANGE,2023-05-02T00:00:00.000,2023 Report Week 18,BITCOIN,133741,CME ,CHI,133 ,BITCOIN,12521,554,2825,91,6582,363,587,2280,6596,523,540,823,105,11262,11913,1259,608,100.0,4.4,22.6,0.7,52.6,2.9,4.7,18.2,52.7,4.2,4.3,6.6,0.8,89.9,95.1,10.1,4.9,104,5,9,,,,24,37,9,58,68,60.5,33.2,67.5,47.6,56.0,33.1,62.4,45.9,(5 Bitcoins),F85,BITCOIN,DIGITAL ASSET,FINANCIAL INSTRUMENTS,FutOnly,-1543,96,-220,11,176,107,-299,31,-29,-540,-271,236,-642,-1438,-1376,-105,-167,,7,9,14
230509133741F,BITCOIN - CHICAGO MERCANTILE EXCHANGE,2023-05-09T00:00:00.000,2023 Report Week 19,BITCOIN,133741,CME ,CHI,133 ,BITCOIN,13102,556,2483,54,6511,229,585,2752,7634,669,399,580,242,11768,12476,1334,626,100.0,4.2,19.0,0.4,49.7,1.7,4.5,21.0,58.3,5.1,3.0,4.4,1.8,89.8,95.2,10.2,4.8,110,5,8,,,,23,45,9,62,76,59.5,30.0,67.0,44.2,54.6,30.0,61.2,42.4,(5 Bitcoins),F85,BITCOIN,DIGITAL ASSET,FINANCIAL INSTRUMENTS,FutOnly,581,2,-342,-37,-71,-134,-2,472,1038,146,-141,-243,137,506,563,75,18,,7,8,19
230516133741F,BITCOIN - CHICAGO MERCANTILE EXCHANGE,2023-05-16T00:00:00.000,2023 Report Week 20,BITCOIN,133741,CME ,CHI,133 ,BITCOIN,13043,558,2469,90,6349,169,565,2337,7062,831,953,949,26,11709,12161,1334,882,100.0,4.3,18.9,0.7,48.7,1.3,4.3,17.9,54.1,6.4,7.3,7.3,0.2,89.8,93.2,10.2,6.8,101,6,7,5,,,22,43,9,53,75,63.3,28.1,70.9,43.2,57.3,27.9,63.7,40.3,(5 Bitcoins),F85,BITCOIN,DIGITAL ASSET,FINANCIAL INSTRUMENTS,FutOnly,-59,2,-14,36,-162,-60,-20,-415,-572,162,554,369,-216,-59,-315,0,256,,5,5,19
230523133741F,BITCOIN - CHICAGO MERCANTILE EXCHANGE,2023-05-23T00:00:00.000,2023 Report Week 21,BITCOIN,133741,CME ,CHI,133 ,BITCOIN,13043,546,2437,133,6373,180,555,2184,7078,689,1189,949,167,11836,12188,1207,855,100.0,4.2,18.7,1.0,48.9,1.4,4.3,16.7,54.3,5.3,9.1,7.3,1.3,90.7,93.4,9.3,6.6,99,6,7,,,,19,43,9,50,73,63.3,26.4,71.0,40.6,57.9,26.0,65.1,39.3,(5 Bitcoins),F85,BITCOIN,DIGITAL ASSET,FINANCIAL INSTRUMENTS,FutOnly,0,-12,-32,43,24,11,-10,-153,16,-142,236,0,141,127,27,-127,-27,,4,7,17
230530133741F,BITCOIN - CHICAGO MERCANTILE EXCHANGE,2023-05-30T00:00:00.000,2023 Report Week 22,BITCOIN,133741,CME ,CHI,133 ,BITCOIN,11715,497,2555,180,6478,184,647,1865,6639,400,416,315,54,10537,10974,1178,741,100.0,4.2,21.8,1.5,55.3,1.6,5.5,15.9,56.7,3.4,3.6,2.7,0.5,89.9,93.7,10.1,6.3,94,4,8,,,,19,37,8,48,69,65.0,33.4,72.2,47.4,60.0,33.4,67.2,44.9,(5 Bitcoins),F85,BITCOIN,DIGITAL ASSET,FINANCIAL INSTRUMENTS,FutOnly,-1328,-49,118,47,105,4,92,-319,-439,-289,-773,-634,-113,-1299,-1214,-29,-114,,5,8,17
230606133741F,BITCOIN - CHICAGO MERCANTILE EXCHANGE,2023-06-06T00:00:00.000,2023 Report Week 23,BITCOIN,133741,CME ,CHI,133 ,BITCOIN,13026,567,2205,163,6198,368,557,2397,7625,819,1126,517,27,11854,12281,1172,745,100.0,4.4,16.9,1.3,47.6,2.8,4.3,18.4,58.5,6.3,8.6,4.0,0.2,91.0,94.3,9.0,5.7,101,5,6,4,4,,20,42,8,49,72,62.9,33.8,71.5,48.9,58.0,33.7,64.4,46.4,(5 Bitcoins),F85,BITCOIN,DIGITAL ASSET,FINANCIAL INSTRUMENTS,FutOnly,1311,70,-350,-17,-280,184,-90,532,986,419,710,202,-27,1317,1307,-6,4,,5,10,14
230613133741F,BITCOIN - CHICAGO MERCANTILE EXCHANGE,2023-06-13T00:00:00.000,2023 Report Week 24,BITCOIN,133741,CME ,CHI,133 ,BITCOIN,13251,584,2166,174,6045,327,665,1859,7634,1008,1718,523,30,12083,12527,1168,724,100.0,4.4,16.3,1.3,45.6,2.5,5.0,14.0,57.6,7.6,13.0,3.9,0.2,91.2,94.5,8.8,5.5,102,6,6,4,4,,19,44,8,50,76,66.5,33.9,73.6,48.9,59.1,33.4,64.8,43.5,(5 Bitcoins),F85,BITCOIN,DIGITAL ASSET,FINANCIAL INSTRUMENTS,FutOnly,225,17,-39,11,-153,-41,108,-538,9,189,592,6,3,229,246,-4,-21,,4,10,16
230620133741F,BITCOIN - CHICAGO MERCANTILE EXCHANGE,2023-06-20T00:00:00.000,2023 Report Week 25,BITCOIN,133741,CME ,CHI,133 ,BITCOIN,15687,555,3008,287,6540,261,612,3308,9079,1322,1726,311,78,14428,14958,1259,729,100.0,3.5,19.2,1.8,41.7,1.7,3.9,21.1,57.9,8.4,11.0,2.0,0.5,92.0,95.4,8.0,4.6,112,5,9,4,4,,26,41,8,62,75,60.0,33.8,67.7,49.6,53.9,33.5,60.4,45.9,(5 Bitcoins),F85,BITCOIN,DIGITAL ASSET,FINANCIAL INSTRUMENTS,FutOnly,2436,-29,842,113,495,-66,-53,1449,1445,314,8,-212,48,2345,2431,91,5,,6,12,16
230627133741F,BITCOIN - CHICAGO MERCANTILE EXCHANGE,2023-06-27T00:00:00.000,2023 Report Week 26,BITCOIN,133741,CME ,CHI,133 ,BITCOIN,18829,536,4473,159,7603,70,363,6145,10411,1567,324,758,352,17049,18153,1780,676,100.0,2.8,23.8,0.8,40.4,0.4,1.9,32.6,55.3,8.3,1.7,4.0,1.9,90.5,96.4,9.5,3.6,121,4,10,,,,37,40,8,76,72,51.1,30.0,60.1,47.6,49.4,29.9,56.7,46.7,(5 Bitcoins),F85,BITCOIN,DIGITAL ASSET,FINANCIAL INSTRUMENTS,FutOnly,3142,-19,1465,-128,1063,-191,-249,2837,1332,245,-1402,447,274,2621,3195,521,-53,4,10,7,18
230703133741F,BITCOIN - CHICAGO MERCANTILE EXCHANGE,2023-07-03T00:00:00.000,2023 Report Week 27,BITCOIN,133741,CME ,CHI,133 ,BITCOIN,17008,556,4081,110,8311,70,247,5356,10464,453,321,873,86,15440,16384,1568,624,100.0,3.3,24.0,0.6,48.9,0.4,1.5,31.5,61.5,2.7,1.9,5.1,0.5,90.8,96.3,9.2,3.7,116,5,9,,,,34,38,7,68,66,53.9,32.9,62.9,49.6,52.7,32.3,61.5,49.0,(5 Bitcoins),F85,BITCOIN,DIGITAL ASSET,FINANCIAL INSTRUMENTS,FutOnly,-1821,20,-392,-49,708,0,-116,-789,53,-1114,-3,115,-266,-1609,-1769,-212,-52,,12,8,11
230711133741F,BITCOIN - CHICAGO MERCANTILE EXCHANGE,2023-07-11T00:00:00.000,2023 Report Week 28,BITCOIN,133741,CME ,CHI,133 ,BITCOIN,16302,777,4140,64,8243,152,240,4189,9931,569,453,490,232,14767,15818,1535,484,100.0,4.8,25.4,0.4,50.6,0.9,1.5,25.7,60.9,3.5,2.8,3.0,1.4,90.6,97.0,9.4,3.0,117,5,9,,,,29,41,8,67,70,53.1,36.3,60.6,50.6,51.8,36.1,59.3,50.0,(5 Bitcoins),F85,BITCOIN,DIGITAL ASSET,FINANCIAL INSTRUMENTS,FutOnly,-706,221,59,-46,-68,82,-7,-1167,-533,116,132,-383,146,-673,-566,-33,-140,,12,10,13
230718133741F,BITCOIN - CHICAGO MERCANTILE EXCHANGE,2023-07-18T00:00:00.000,2023 Report Week 29,BITCOIN,133741,CME ,CHI,133 ,BITCOIN,15455,627,4177,170,8958,113,245,2487,8830,697,493,410,121,13798,14763,1657,692,100.0,4.1,27.0,1.1,58.0,0.7,1.6,16.1,57.1,4.5,3.2,2.7,0.8,89.3,95.5,10.7,4.5,114,5,10,,,,27,38,8,69,69,56.5,37.4,62.5,50.2,55.1,37.4,60.6,50.1,(5 Bitcoins),F85,BITCOIN,DIGITAL ASSET,FINANCIAL INSTRUMENTS,FutOnly,-847,-150,37,106,715,-39,5,-1702,-1101,128,40,-80,-111,-969,-1055,122,208,,13,10,16
230725133741F,BITCOIN - CHICAGO MERCANTILE EXCHANGE,2023-07-25T00:00:00.000,2023 Report Week 30,BITCOIN,133741,CME ,CHI,133 ,BITCOIN,16017,658,4037,425,8616,113,350,2440,8844,1314,644,187,67,14514,15337,1503,680,100.0,4.1,25.2,2.7,53.8,0.7,2.2,15.2,55.2,8.2,4.0,1.2,0.4,90.6,95.8,9.4,4.2,112,5,11,6,,4,30,36,7,71,74,55.7,36.6,62.5,51.1,51.8,36.3,57.1,48.7,(5 Bitcoins),F85,BITCOIN,DIGITAL ASSET,FINANCIAL INSTRUMENTS,FutOnly,562,31,-140,255,-342,0,105,-47,14,617,151,-223,-54,716,574,-154,-12,,13,8,20
230801133741F,BITCOIN - CHICAGO MERCANTILE EXCHANGE,2023-08-01T00:00:00.000,2023 Report Week 31,BITCOIN,133741,CME ,CHI,133 ,BITCOIN,14860,583,3480,128,8220,121,357,2311,8957,560,1169,350,306,13634,14259,1226,601,100.0,3.9,23.4,0.9,55.3,0.8,2.4,15.6,60.3,3.8,7.9,2.4,2.1,91.7,96.0,8.3,4.0,105,5,8,,,4,24,39,6,60,64,60.3,34.4,66.7,50.1,56.9,34.4,63.4,50.1,(5 Bitcoins),F85,BITCOIN,DIGITAL ASSET,FINANCIAL INSTRUMENTS,FutOnly,-1157,-75,-557,-297,-396,8,7,-129,113,-754,525,163,239,-880,-1078,-277,-79,,13,7,12
230808133741F,BITCOIN - CHICAGO MERCANTILE EXCHANGE,2023-08-08T00:00:00.000,2023 Report Week 32,BITCOIN,133741,CME ,CHI,133 ,BITCOIN,16743,587,4372,63,8748,50,334,3637,10164,847,1092,171,185,15493,16186,1250,557,100.0,3.5,26.1,0.4,52.2,0.3,2.0,21.7,60.7,5.1,6.5,1.0,1.1,92.5,96.7,7.5,3.3,111,5,10,,,4,28,39,6,65,67,54.1,35.9,63.8,56.4,53.0,35.9,60.9,55.6,(5 Bitcoins),F85,BITCOIN,DIGITAL ASSET,FINANCIAL INSTRUMENTS,FutOnly,1883,4,892,-65,528,-71,-23,1326,1207,287,-77,-179,-121,1859,1927,24,-44,,13,9,12
230815133741F,BITCOIN - CHICAGO MERCANTILE EXCHANGE,2023-08-15T00:00:00.000,2023 Report Week 33,BITCOIN,133741,CME ,CHI,133 ,BITCOIN,15432,614,4359,41,8471,0,318,2131,8694,1161,1364,225,33,14133,14831,1299,601,100.0,4.0,28.2,0.3,54.9,0.0,2.1,13.8,56.3,7.5,8.8,1.5,0.2,91.6,96.1,8.4,3.9,103,5,8,,0,,23,38,8,59,64,60.4,36.5,68.0,53.1,56.3,36.5,63.0,51.0,(5 Bitcoins),F85,BITCOIN,DIGITAL ASSET,FINANCIAL INSTRUMENTS,FutOnly,-1311,27,-13,-22,-277,-50,-16,-1506,-1470,314,272,54,-152,-1360,-1355,49,44,,12,7,12
230822133741F,BITCOIN - CHICAGO MERCANTILE EXCHANGE,2023-08-22T00:00:00.000,2023 Report Week 34,BITCOIN,133741,CME ,CHI,133 ,BITCOIN,17262,599,3066,529,7633,582,405,2771,10163,1489,2556,162,109,16091,16505,1171,757,100.0,3.5,17.8,3.1,44.2,3.4,2.3,16.1,58.9,8.6,14.8,0.9,0.6,93.2,95.6,6.8,4.4,106,5,7,,6,,20,47,5,52,78,60.9,32.5,72.3,45.4,56.9,32.5,65.3,45.3,(5 Bitcoins),F85,BITCOIN,DIGITAL ASSET,FINANCIAL INSTRUMENTS,FutOnly,1830,-15,-1293,488,-838,582,87,640,1469,328,1192,-63,76,1958,1674,-128,156,,7,8,16
230829133741F,BITCOIN - CHICAGO MERCANTILE EXCHANGE,2023-08-29T00:00:00.000,2023 Report Week 35,BITCOIN,133741,CME ,CHI,133 ,BITCOIN,16172,565,2785,177,7758,936,340,2483,10012,832,2517,164,223,14895,15469,1277,703,100.0,3.5,17.2,1.1,48.0,5.8,2.1,15.4,61.9,5.1,15.6,1.0,1.4,92.1,95.7,7.9,4.3,112,5,10,,7,,22,47,5,58,77,63.2,29.7,70.8,46.2,60.5,29.7,67.7,44.3,(5 Bitcoins),F85,BITCOIN,DIGITAL ASSET,FINANCIAL INSTRUMENTS,FutOnly,-1090,-34,-281,-352,125,354,-65,-288,-151,-657,-39,2,114,-1196,-1036,106,-54,,5,11,15
230905133741F,BITCOIN - CHICAGO MERCANTILE EXCHANGE,2023-09-05T00:00:00.000,2023 Report Week 36,BITCOIN,133741,CME ,CHI,133 ,BITCOIN,14962,520,2077,200,7624,1539,345,1670,8755,1066,2224,162,95,13744,14239,1218,723,100.0,3.5,13.9,1.3,51.0,10.3,2.3,11.2,58.5,7.1,14.9,1.1,0.6,91.9,95.2,8.1,4.8,107,4,7,,8,,16,51,5,52,79,65.2,26.1,73.5,41.4,62.0,25.8,68.9,39.6,(5 Bitcoins),F85,BITCOIN,DIGITAL ASSET,FINANCIAL INSTRUMENTS,FutOnly,-1210,-45,-708,23,-134,603,5,-813,-1257,234,-293,-2,-128,-1151,-1230,-59,20,,7,8,16
230912133741F,BITCOIN - CHICAGO MERCANTILE EXCHANGE,2023-09-12T00:00:00.000,2023 Report Week 37,BITCOIN,133741,CME ,CHI,133 ,BITCOIN,15423,530,1679,122,7295,1291,336,1660,9221,1771,2509,114,66,14289,14600,1134,823,100.0,3.4,10.9,0.8,47.3,8.4,2.2,10.8,59.8,11.5,16.3,0.7,0.4,92.6,94.7,7.4,5.3,101,5,6,,6,,16,47,4,49,75,66.3,27.2,74.7,43.9,60.6,23.6,67.1,38.4,(5 Bitcoins),F85,BITCOIN,DIGITAL ASSET,FINANCIAL INSTRUMENTS,FutOnly,461,10,-398,-78,-329,-248,-9,-10,466,705,285,-48,-29,545,361,-84,100,,8,7,16
230919133741F,BITCOIN - CHICAGO MERCANTILE EXCHANGE,2023-09-19T00:00:00.000,2023 Report Week 38,BITCOIN,133741,CME ,CHI,133 ,BITCOIN,16670,620,2111,65,7392,850,321,2204,10304,2044,2763,114,70,15479,15879,1191,791,100.0,3.7,12.7,0.4,44.3,5.1,1.9,13.2,61.8,12.3,16.6,0.7,0.4,92.9,95.3,7.1,4.7,104,5,9,,6,,18,43,4,53,74,64.1,29.7,72.0,46.7,56.5,24.8,63.3,39.4,(5 Bitcoins),F85,BITCOIN,DIGITAL ASSET,FINANCIAL INSTRUMENTS,FutOnly,1247,90,432,-57,97,-441,-15,544,1083,273,254,0,4,1190,1279,57,-32,,8,9,15
230926133741F,BITCOIN - CHICAGO MERCANTILE EXCHANGE,2023-09-26T00:00:00.000,2023 Report Week 39,BITCOIN,133741,CME ,CHI,133 ,BITCOIN,14844,433,1859,85,7168,1093,433,1594,8220,1619,1852,114,460,13644,13883,1200,961,100.0,2.9,12.5,0.6,48.3,7.4,2.9,10.7,55.4,10.9,12.5,0.8,3.1,91.9,93.5,8.1,6.5,106,4,8,4,6,,16,49,4,51,77,63.9,22.1,72.1,37.7,56.7,19.7,63.3,32.9,(5 Bitcoins),F85,BITCOIN,DIGITAL ASSET,FINANCIAL INSTRUMENTS,FutOnly,-1826,-187,-252,20,-224,243,112,-610,-2084,-425,-911,0,390,-1835,-1996,9,170,,8,9,13
231003133741F,BITCOIN - CHICAGO MERCANTILE EXCHANGE,2023-10-03T00:00:00.000,2023 Report Week 40,BITCOIN,133741,CME ,CHI,133 ,BITCOIN,14447,427,2898,77,7336,623,404,2373,8565,694,1941,410,0,13252,13671,1195,776,100.0,3.0,20.1,0.5,50.8,4.3,2.8,16.4,59.3,4.8,13.4,2.8,0.0,91.7,94.6,8.3,5.4,102,4,9,,4,4,22,40,5,56,67,62.7,26.1,70.3,44.8,61.1,26.0,68.5,43.6,(5 Bitcoins),F85,BITCOIN,DIGITAL ASSET,FINANCIAL INSTRUMENTS,FutOnly,-397,-6,1039,-8,168,-470,-29,779,345,-925,89,296,-460,-392,-212,-5,-185,0,8,8,14
231010133741F,BITCOIN - CHICAGO MERCANTILE EXCHANGE,2023-10-10T00:00:00.000,2023 Report Week 41,BITCOIN,133741,CME ,CHI,133 ,BITCOIN,14683,429,2600,98,7402,517,444,1946,9114,976,2096,153,6,13397,13908,1286,775,100.0,2.9,17.7,0.7,50.4,3.5,3.0,13.3,62.1,6.6,14.3,1.0,0.0,91.2,94.7,8.8,5.3,99,4,9,4,6,4,21,38,4,55,66,60.8,24.2,68.5,43.9,58.4,24.1,65.2,43.4,(5 Bitcoins),F85,BITCOIN,DIGITAL ASSET,FINANCIAL INSTRUMENTS,FutOnly,236,2,-298,21,66,-106,40,-427,549,282,155,-257,6,145,237,91,-1,,8,8,13
231017133741F,BITCOIN - CHICAGO MERCANTILE EXCHANGE,2023-10-17T00:00:00.000,2023 Report Week 42,BITCOIN,133741,CME ,CHI,133 ,BITCOIN,16561,407,2823,203,7344,127,514,2576,10429,1232,2567,183,377,15220,15888,1341,673,100.0,2.5,17.0,1.2,44.3,0.8,3.1,15.6,63.0,7.4,15.5,1.1,2.3,91.9,95.9,8.1,4.1,109,4,10,6,4,5,27,41,5,64,70,59.8,27.6,67.2,47.3,55.8,26.5,61.4,44.2,(5 Bitcoins),F85,BITCOIN,DIGITAL ASSET,FINANCIAL INSTRUMENTS,FutOnly,1878,-22,223,105,-58,-390,70,630,1315,256,471,30,371,1823,1980,55,-102,,8,8,13
231024133741F,BITCOIN - CHICAGO MERCANTILE EXCHANGE,2023-10-24T00:00:00.000,2023 Report Week 43,BITCOIN,133741,CME ,CHI,133 ,BITCOIN,19678,509,3596,195,8383,25,374,3536,11489,1457,3021,1231,586,18061,18953,1617,725,100.0,2.6,18.3,1.0,42.6,0.1,1.9,18.0,58.4,7.4,15.4,6.3,3.0,91.8,96.3,8.2,3.7,122,4,10,,,,32,43,10,73,71,52.9,32.0,62.0,51.6,50.1,30.9,56.6,47.5,(5 Bitcoins),F85,BITCOIN,DIGITAL ASSET,FINANCIAL INSTRUMENTS,FutOnly,3117,102,773,-8,1039,-102,-140,960,1060,225,454,1048,209,2841,3065,276,52,,12,10,15
231031133741F,BITCOIN - CHICAGO MERCANTILE EXCHANGE,2023-10-31T00:00:00.000,2023 Report Week 44,BITCOIN,133741,CME ,CHI,133 ,BITCOIN,19603,683,4757,116,9181,0,162,4780,11822,691,2450,1358,72,18135,18978,1468,625,100.0,3.5,24.3,0.6,46.8,0.0,0.8,24.4,60.3,3.5,12.5,6.9,0.4,92.5,96.8,7.5,3.2,127,5,9,,0,,36,38,9,79,66,49.5,41.1,58.8,60.6,48.7,41.1,58.1,60.4,(5 Bitcoins),F85,BITCOIN,DIGITAL ASSET,FINANCIAL INSTRUMENTS,FutOnly,-75,174,1161,-79,798,-25,-212,1244,333,-766,-571,127,-514,74,25,-149,-100,,16,13,11
231107133741F,BITCOIN - CHICAGO MERCANTILE EXCHANGE,2023-11-07T00:00:00.000,2023 Report Week 45,BITCOIN,133741,CME ,CHI,133 ,BITCOIN,21749,798,5355,104,10268,0,150,4782,12188,1084,2836,2024,147,20169,21052,1580,697,100.0,3.7,24.6,0.5,47.2,0.0,0.7,22.0,56.0,5.0,13.0,9.3,0.7,92.7,96.8,7.3,3.2,137,5,11,,0,,44,35,9,90,70,50.5,38.8,58.4,59.8,49.9,38.7,57.3,59.6,(5 Bitcoins),F85,BITCOIN,DIGITAL ASSET,FINANCIAL INSTRUMENTS,FutOnly,2146,115,598,-12,1087,0,-12,2,366,393,386,666,75,2034,2074,112,72,5,17,14,14
231114133741F,BITCOIN - CHICAGO MERCANTILE EXCHANGE,2023-11-14T00:00:00.000,2023 Report Week 46,BITCOIN,133741,CME ,CHI,133 ,BITCOIN,21203,834,5539,166,10886,0,263,3958,10635,1360,1347,1714,780,19594,20457,1609,746,100.0,3.9,26.1,0.8,51.3,0.0,1.2,18.7,50.2,6.4,6.4,8.1,3.7,92.4,96.5,7.6,3.5,131,5,11,,0,,40,36,9,86,74,48.1,39.3,56.5,54.8,47.5,36.4,53.7,51.8,(5 Bitcoins),F85,BITCOIN,DIGITAL ASSET,FINANCIAL INSTRUMENTS,FutOnly,-546,36,184,62,618,0,113,-824,-1553,276,-1489,-310,633,-575,-595,29,49,5,17,10,19
231121133741F,BITCOIN - CHICAGO MERCANTILE EXCHANGE,2023-11-21T00:00:00.000,2023 Report Week 47,BITCOIN,133741,CME ,CHI,133 ,BITCOIN,21939,850,6226,178,10973,34,250,3780,11322,931,2701,1153,612,20275,20706,1664,1233,100.0,3.9,28.4,0.8,50.0,0.2,1.1,17.2,51.6,4.2,12.3,5.3,2.8,92.4,94.4,7.6,5.6,130,5,11,4,,,36,39,7,90,80,52.5,39.4,59.4,54.8,52.0,39.2,58.3,52.9,(5 Bitcoins),F85,BITCOIN,DIGITAL ASSET,FINANCIAL INSTRUMENTS,FutOnly,736,16,687,12,87,34,-13,-178,687,-429,1354,-561,-168,681,249,55,487,7,17,12,26
231128133741F,BITCOIN - CHICAGO MERCANTILE EXCHANGE,2023-11-28T00:00:00.000,2023 Report Week 48,BITCOIN,133741,CME ,CHI,133 ,BITCOIN,23027,676,6408,73,11448,0,235,4479,13303,547,3720,1565,161,21339,22292,1688,735,100.0,2.9,27.8,0.3,49.7,0.0,1.0,19.5,57.8,2.4,16.2,6.8,0.7,92.7,96.8,7.3,3.2,131,4,13,,0,,33,42,9,82,72,55.6,39.1,63.6,54.6,55.1,39.0,63.1,54.4,(5 Bitcoins),F85,BITCOIN,DIGITAL ASSET,FINANCIAL INSTRUMENTS,FutOnly,1088,-174,182,-105,475,-34,-15,699,1981,-384,1019,412,-451,1064,1586,24,-498,,18,12,14
231205133741F,BITCOIN - CHICAGO MERCANTILE EXCHANGE,2023-12-05T00:00:00.000,2023 Report Week 49,BITCOIN,133741,CME ,CHI,133 ,BITCOIN,23035,647,6439,126,11735,0,239,4390,12535,976,3030,1691,251,21394,22257,1641,778,100.0,2.8,28.0,0.5,50.9,0.0,1.0,19.1,54.4,4.2,13.2,7.3,1.1,92.9,96.6,7.1,3.4,132,5,12,,0,,32,42,10,83,77,53.6,39.6,61.9,55.5,53.1,39.6,61.4,54.9,(5 Bitcoins),F85,BITCOIN,DIGITAL ASSET,FINANCIAL INSTRUMENTS,FutOnly,8,-29,31,53,287,0,4,-89,-768,429,-690,126,90,55,-35,-47,43,,19,12,20
231212133741F,BITCOIN - CHICAGO MERCANTILE EXCHANGE,2023-12-12T00:00:00.000,2023 Report Week 50,BITCOIN,133741,CME ,CHI,133 ,BITCOIN,21211,734,6292,291,11469,0,286,3435,11606,1219,1760,379,363,19557,20436,1654,775,100.0,3.5,29.7,1.4,54.1,0.0,1.3,16.2,54.7,5.7,8.3,1.8,1.7,92.2,96.3,7.8,3.7,121,5,11,,0,,30,37,8,81,67,52.2,42.9,58.8,56.7,51.5,42.2,58.1,55.6,(5 Bitcoins),F85,BITCOIN,DIGITAL ASSET,FINANCIAL INSTRUMENTS,FutOnly,-1824,87,-147,165,-266,0,47,-955,-929,243,-1270,-1312,112,-1837,-1821,13,-3,4,18,12,17
231219133741F,BITCOIN - CHICAGO MERCANTILE EXCHANGE,2023-12-19T00:00:00.000,2023 Report Week 51,BITCOIN,133741,CME ,CHI,133 ,BITCOIN,23239,870,6399,288,11606,0,256,3187,12415,1309,2625,520,509,20650,21696,2589,1543,100.0,3.7,27.5,1.2,49.9,0.0,1.1,13.7,53.4,5.6,11.3,2.2,2.2,88.9,93.4,11.1,6.6,120,5,10,,0,,29,35,8,82,69,50.0,39.2,57.5,52.8,49.4,38.7,55.5,51.9,(5 Bitcoins),F85,BITCOIN,DIGITAL ASSET,FINANCIAL INSTRUMENTS,FutOnly,2028,136,107,-3,137,0,-30,-248,809,90,865,141,146,1093,1260,935,768,6,17,15,19
231226133741F,BITCOIN - CHICAGO MERCANTILE EXCHANGE,2023-12-26T00:00:00.000,2023 Report Week 52,BITCOIN,133741,CME ,CHI,133 ,BITCOIN,22526,976,5841,444,11862,0,317,2818,12649,1293,2162,538,509,20381,21591,2145,935,100.0,4.3,25.9,2.0,52.7,0.0,1.4,12.5,56.2,5.7,9.6,2.4,2.3,90.5,95.8,9.5,4.2,122,5,9,,0,4,28,38,6,83,69,50.2,39.1,59.1,53.4,48.8,38.5,56.1,52.3,(5 Bitcoins),F85,BITCOIN,DIGITAL ASSET,FINANCIAL INSTRUMENTS,FutOnly,-713,106,-558,156,256,0,61,-369,234,-16,-463,18,0,-269,-105,-444,-608,5,19,15,19
240102133741F,BITCOIN - CHICAGO MERCANTILE EXCHANGE,2024-01-02T00:00:00.000,2024 Report Week 01,BITCOIN,133741,CME ,CHI,133 ,BITCOIN,23579,882,5867,361,12724,0,167,3317,13616,1163,2977,1404,304,21895,22882,1684,697,100.0,3.7,24.9,1.5,54.0,0.0,0.7,14.1,57.7,4.9,12.6,6.0,1.3,92.9,97.0,7.1,3.0,118,4,9,,0,,33,32,6,83,59,56.1,41.2,63.0,57.0,55.6,39.8,62.1,55.2,(5 Bitcoins),F85,BITCOIN,DIGITAL ASSET,FINANCIAL INSTRUMENTS,FutOnly,1053,-94,26,-83,862,0,-150,499,967,-130,815,866,-205,1514,1291,-461,-238,,19,14,16
240109133741F,BITCOIN - CHICAGO MERCANTILE EXCHANGE,2024-01-09T00:00:00.000,2024 Report Week 02,BITCOIN,133741,CME ,CHI,133 ,BITCOIN,26846,906,6261,595,14339,0,168,3579,14998,1865,3484,1888,349,25285,26124,1561,722,100.0,3.4,23.3,2.2,53.4,0.0,0.6,13.3,55.9,6.9,13.0,7.0,1.3,94.2,97.3,5.8,2.7,131,5,10,5,0,,35,34,7,98,69,56.0,36.1,63.1,52.6,55.6,34.6,61.2,50.7,(5 Bitcoins),F85,BITCOIN,DIGITAL ASSET,FINANCIAL INSTRUMENTS,FutOnly,3267,24,394,234,1615,0,1,262,1382,702,507,484,45,3390,3242,-123,25,4,22,16,24
240116133741F,BITCOIN - CHICAGO MERCANTILE EXCHANGE,2024-01-16T00:00:00.000,2024 Report Week 03,BITCOIN,133741,CME ,CHI,133 ,BITCOIN,23286,1921,5039,508,12824,15,195,3578,13413,1537,613,1488,363,21539,22558,1747,728,100.0,8.2,21.6,2.2,55.1,0.1,0.8,15.4,57.6,6.6,2.6,6.4,1.6,92.5,96.9,7.5,3.1,127,8,6,5,,5,36,35,6,97,68,50.8,42.1,57.8,57.6,50.3,40.4,56.9,55.2,(5 Bitcoins),F85,BITCOIN,DIGITAL ASSET,FINANCIAL INSTRUMENTS,FutOnly,-3560,1015,-1222,-87,-1515,15,27,-1,-1585,-328,-2871,-400,14,-3746,-3566,186,6,5,21,11,23
240123133741F,BITCOIN - CHICAGO MERCANTILE EXCHANGE,2024-01-23T00:00:00.000,2024 Report Week 04,BITCOIN,133741,CME ,CHI,133 ,BITCOIN,22815,1588,4017,976,12427,42,422,2972,11328,2022,288,2662,507,21202,21976,1613,839,100.0,7.0,17.6,4.3,54.5,0.2,1.8,13.0,49.7,8.9,1.3,11.7,2.2,92.9,96.3,7.1,3.7,118,8,7,,,5,33,36,6,84,73,53.2,42.4,61.0,59.2,51.6,40.6,57.1,53.7,(5 Bitcoins),F85,BITCOIN,DIGITAL ASSET,FINANCIAL INSTRUMENTS,FutOnly,-471,-333,-1022,468,-397,27,227,-606,-2085,485,-325,1174,144,-337,-582,-134,111,4,17,8,27
240130133741F,BITCOIN - CHICAGO MERCANTILE EXCHANGE,2024-01-30T00:00:00.000,2024 Report Week 05,BITCOIN,133741,CME ,CHI,133 ,BITCOIN,20679,1575,4784,172,12793,0,220,2642,12123,848,762,1646,232,19244,20025,1435,654,100.0,7.6,23.1,0.8,61.9,0.0,1.1,12.8,58.6,4.1,3.7,8.0,1.1,93.1,96.8,6.9,3.2,114,8,7,,0,,28,37,6,80,62,58.8,43.4,65.9,63.6,57.9,42.9,65.0,61.6,(5 Bitcoins),F85,BITCOIN,DIGITAL ASSET,FINANCIAL INSTRUMENTS,FutOnly,-2136,-13,767,-804,366,-42,-202,-330,795,-1174,474,-1016,-275,-1958,-1951,-178,-185,,18,9,20
240206133741F,BITCOIN - CHICAGO MERCANTILE EXCHANGE,2024-02-06T00:00:00.000,2024 Report Week 06,BITCOIN,133741,CME ,CHI,133 ,BITCOIN,20897,1675,4957,145,12290,0,268,2938,12252,1108,614,1074,268,19306,20072,1591,825,100.0,8.0,23.7,0.7,58.8,0.0,1.3,14.1,58.6,5.3,2.9,5.1,1.3,92.4,96.1,7.6,3.9,110,8,7,,0,,24,36,6,82,57,55.5,43.2,63.2,61.6,54.6,42.9,62.2,59.7,(5 Bitcoins),F85,BITCOIN,DIGITAL ASSET,FINANCIAL INSTRUMENTS,FutOnly,218,100,173,-27,-503,0,48,296,129,260,-148,-572,36,62,47,156,171,5,18,10,19
240213133741F,BITCOIN - CHICAGO MERCANTILE EXCHANGE,2024-02-13T00:00:00.000,2024 Report Week 07,BITCOIN,133741,CME ,CHI,133 ,BITCOIN,24769,1923,5462,246,13220,0,239,3935,14059,1557,1560,1886,364,23044,23813,1725,956,100.0,7.8,22.1,1.0,53.4,0.0,1.0,15.9,56.8,6.3,6.3,7.6,1.5,93.0,96.1,7.0,3.9,124,9,8,,0,,32,36,6,96,62,50.6,39.5,58.8,57.7,49.8,39.0,58.0,56.0,(5 Bitcoins),F85,BITCOIN,DIGITAL ASSET,FINANCIAL INSTRUMENTS,FutOnly,3872,248,505,101,930,0,-29,997,1807,449,946,812,96,3738,3741,134,131,6,19,12,24
240220133741F,BITCOIN - CHICAGO MERCANTILE EXCHANGE,2024-02-20T00:00:00.000,2024 Report Week 08,BITCOIN,133741,CME ,CHI,133 ,BITCOIN,25530,1941,5606,406,13724,34,292,4400,14677,1299,1380,2024,364,23806,24702,1724,828,100.0,7.6,22.0,1.6,53.8,0.1,1.1,17.2,57.5,5.1,5.4,7.9,1.4,93.2,96.8,6.8,3.2,124,8,8,4,,4,31,33,9,99,64,50.3,39.3,58.8,57.3,49.5,38.6,58.0,56.2,(5 Bitcoins),F85,BITCOIN,DIGITAL ASSET,FINANCIAL INSTRUMENTS,FutOnly,761,18,144,160,504,34,53,465,618,-258,-180,138,0,762,889,-1,-128,6,21,12,25
240227133741F,BITCOIN - CHICAGO MERCANTILE EXCHANGE,2024-02-27T00:00:00.000,2024 Report Week 09,BITCOIN,133741,CME ,CHI,133 ,BITCOIN,25229,1956,5454,167,14065,311,234,4141,15037,1060,1631,1998,249,23503,24510,1726,719,100.0,7.8,21.6,0.7,55.7,1.2,0.9,16.4,59.6,4.2,6.5,7.9,1.0,93.2,97.2,6.8,2.8,129,8,8,,,,38,33,7,91,65,52.6,40.3,60.3,59.5,51.8,40.2,59.5,58.2,(5 Bitcoins),F85,BITCOIN,DIGITAL ASSET,FINANCIAL INSTRUMENTS,FutOnly,-301,15,-152,-239,341,277,-58,-259,360,-239,251,-26,-115,-303,-192,2,-109,,20,11,21
240305133741F,BITCOIN - CHICAGO MERCANTILE EXCHANGE,2024-03-05T00:00:00.000,2024 Report Week 10,BITCOIN,133741,CME ,CHI,133 ,BITCOIN,27747,2501,5169,287,15924,393,201,4650,17059,1349,770,2116,360,26042,26934,1705,813,100.0,9.0,18.6,1.0,57.4,1.4,0.7,16.8,61.5,4.9,2.8,7.6,1.3,93.9,97.1,6.1,2.9,130,9,8,,,,36,35,9,91,73,56.1,35.6,63.0,55.5,55.3,35.1,61.9,54.3,(5 Bitcoins),F85,BITCOIN,DIGITAL ASSET,FINANCIAL INSTRUMENTS,FutOnly,2518,545,-285,120,1859,82,-33,509,2022,289,-861,118,111,2539,2424,-21,94,4,18,12,25
240312133741F,BITCOIN - CHICAGO MERCANTILE EXCHANGE,2024-03-12T00:00:00.000,2024 Report Week 11,BITCOIN,133741,CME ,CHI,133 ,BITCOIN,30398,2835,4893,193,18936,464,123,3813,19287,1566,879,2754,253,28598,29533,1800,865,100.0,9.3,16.1,0.6,62.3,1.5,0.4,12.5,63.4,5.2,2.9,9.1,0.8,94.1,97.2,5.9,2.8,132,8,8,4,,,34,37,11,92,72,59.5,34.5,66.2,54.4,59.1,33.5,65.0,51.8,(5 Bitcoins),F85,BITCOIN,DIGITAL ASSET,FINANCIAL INSTRUMENTS,FutOnly,2651,334,-276,-94,3012,71,-78,-837,2228,217,109,638,-107,2556,2599,95,52,,18,13,23
240319133741F,BITCOIN - CHICAGO MERCANTILE EXCHANGE,2024-03-19T00:00:00.000,2024 Report Week 12,BITCOIN,133741,CME ,CHI,133 ,BITCOIN,33196,2723,4948,683,18097,524,184,5548,19917,1779,895,2717,1624,31533,32376,1663,820,100.0,8.2,14.9,2.1,54.5,1.6,0.6,16.7,60.0,5.4,2.7,8.2,4.9,95.0,97.5,5.0,2.5,136,8,9,,,,38,33,12,97,71,54.7,35.2,62.5,55.1,53.0,32.6,59.9,50.3,(5 Bitcoins),F85,BITCOIN,DIGITAL ASSET,FINANCIAL INSTRUMENTS,FutOnly,2798,-112,55,490,-839,60,61,1735,630,213,16,-37,1371,2935,2843,-137,-45,4,18,15,22
240326133741F,BITCOIN - CHICAGO MERCANTILE EXCHANGE,2024-03-26T00:00:00.000,2024 Report Week 13,BITCOIN,133741,CME ,CHI,133 ,BITCOIN,31238,2967,4679,191,19284,588,260,3629,19731,1602,827,2675,655,29415,30381,1823,857,100.0,9.5,15.0,0.6,61.7,1.9,0.8,11.6,63.2,5.1,2.6,8.6,2.1,94.2,97.3,5.8,2.7,126,7,7,,,,31,33,12,93,70,60.4,35.9,66.3,54.4,59.8,34.0,65.3,52.3,(5 Bitcoins),F85,BITCOIN,DIGITAL ASSET,FINANCIAL INSTRUMENTS,FutOnly,-1958,244,-269,-492,1187,64,76,-1919,-186,-177,-68,-42,-969,-2118,-1995,160,37,5,19,14,27
240402133741F,BITCOIN - CHICAGO MERCANTILE EXCHANGE,2024-04-02T00:00:00.000,2024 Report Week 14,BITCOIN,133741,CME ,CHI,133 ,BITCOIN,29745,2285,4281,198,19477,548,145,3232,19313,1704,821,2521,264,28126,28974,1619,771,100.0,7.7,14.4,0.7,65.5,1.8,0.5,10.9,64.9,5.7,2.8,8.5,0.9,94.6,97.4,5.4,2.6,126,8,8,,,,29,36,11,83,73,62.7,37.6,69.4,57.5,62.3,34.7,68.1,54.6,(5 Bitcoins),F85,BITCOIN,DIGITAL ASSET,FINANCIAL INSTRUMENTS,FutOnly,-1493,-682,-398,7,193,-40,-115,-397,-418,102,-6,-154,-391,-1289,-1407,-204,-86,4,18,14,22
240409133741F,BITCOIN - CHICAGO MERCANTILE EXCHANGE,2024-04-09T00:00:00.000,2024 Report Week 15,BITCOIN,133741,CME ,CHI,133 ,BITCOIN,29074,1761,4354,124,19547,508,151,2994,19010,1891,807,2228,100,27375,28366,1699,708,100.0,6.1,15.0,0.4,67.2,1.7,0.5,10.3,65.4,6.5,2.8,7.7,0.3,94.2,97.6,5.8,2.4,126,6,8,,,,31,37,12,82,76,65.7,35.8,71.0,55.8,64.4,33.4,69.3,52.7,(5 Bitcoins),F85,BITCOIN,DIGITAL ASSET,FINANCIAL INSTRUMENTS,FutOnly,-671,-524,73,-74,70,-40,6,-238,-303,187,-14,-293,-164,-751,-608,80,-63,4,17,12,22
240416133741F,BITCOIN - CHICAGO MERCANTILE EXCHANGE,2024-04-16T00:00:00.000,2024 Report Week 16,BITCOIN,133741,CME ,CHI,133 ,BITCOIN,29526,1703,4395,208,18898,632,138,2653,17836,2599,598,1665,1197,27994,28670,1532,856,100.0,5.8,14.9,0.7,64.0,2.1,0.5,9.0,60.4,8.8,2.0,5.6,4.1,94.8,97.1,5.2,2.9,125,6,8,4,,,28,40,10,81,76,63.3,33.9,70.2,52.6,60.7,31.5,65.3,50.2,(5 Bitcoins),F85,BITCOIN,DIGITAL ASSET,FINANCIAL INSTRUMENTS,FutOnly,452,-58,41,84,-649,124,-13,-341,-1174,708,-209,-563,1097,619,304,-167,148,4,18,11,23
240423133741F,BITCOIN - CHICAGO MERCANTILE EXCHANGE,2024-04-23T00:00:00.000,2024 Report Week 17,BITCOIN,133741,CME ,CHI,133 ,BITCOIN,27932,1460,4139,153,19010,517,168,2566,19059,1917,701,679,432,26407,27064,1525,868,100.0,5.2,14.8,0.5,68.1,1.9,0.6,9.2,68.2,6.9,2.5,2.4,1.5,94.5,96.9,5.5,3.1,123,6,6,,,,30,39,9,79,77,65.2,36.2,71.0,55.6,64.2,36.1,69.2,55.5,(5 Bitcoins),F85,BITCOIN,DIGITAL ASSET,FINANCIAL INSTRUMENTS,FutOnly,-1594,-243,-256,-55,112,-115,30,-87,1223,-682,103,-986,-765,-1587,-1606,-7,12,5,17,11,24
240430133741F,BITCOIN - CHICAGO MERCANTILE EXCHANGE,2024-04-30T00:00:00.000,2024 Report Week 18,BITCOIN,133741,CME ,CHI,133 ,BITCOIN,24795,1506,3461,367,16882,421,161,2061,16525,1395,411,977,551,23334,23858,1461,937,100.0,6.1,14.0,1.5,68.1,1.7,0.6,8.3,66.6,5.6,1.7,3.9,2.2,94.1,96.2,5.9,3.8,118,6,6,,,,26,42,10,69,76,66.0,34.2,72.5,53.0,64.9,34.1,70.0,52.7,(5 Bitcoins),F85,BITCOIN,DIGITAL ASSET,FINANCIAL INSTRUMENTS,FutOnly,-3137,46,-678,214,-2128,-96,-7,-505,-2534,-522,-290,298,119,-3073,-3206,-64,69,4,16,7,20
240507133741F,BITCOIN - CHICAGO MERCANTILE EXCHANGE,2024-05-07T00:00:00.000,2024 Report Week 19,BITCOIN,133741,CME ,CHI,133 ,BITCOIN,26155,1330,3810,404,17255,476,185,1899,17120,1393,1435,1162,666,24567,25216,1588,939,100.0,5.1,14.6,1.5,66.0,1.8,0.7,7.3,65.5,5.3,5.5,4.4,2.5,93.9,96.4,6.1,3.6,119,5,11,5,,,22,46,10,71,79,66.9,33.1,73.5,52.1,66.3,32.8,71.4,51.0,(5 Bitcoins),F85,BITCOIN,DIGITAL ASSET,FINANCIAL INSTRUMENTS,FutOnly,1360,-176,349,37,373,55,24,-162,595,-2,1024,185,115,1233,1358,127,2,,13,9,21
240514133741F,BITCOIN - CHICAGO MERCANTILE EXCHANGE,2024-05-14T00:00:00.000,2024 Report Week 20,BITCOIN,133741,CME ,CHI,133 ,BITCOIN,27077,1326,3476,631,16904,518,223,1833,17479,1656,2057,1245,928,25558,26156,1519,921,100.0,4.9,12.8,2.3,62.4,1.9,0.8,6.8,64.6,6.1,7.6,4.6,3.4,94.4,96.6,5.6,3.4,123,5,9,5,4,,23,47,10,76,83,66.3,33.1,72.8,51.7,65.2,31.2,69.6,47.7,(5 Bitcoins),F85,BITCOIN,DIGITAL ASSET,FINANCIAL INSTRUMENTS,FutOnly,922,-4,-334,227,-351,42,38,-66,359,263,622,83,262,991,940,-69,-18,,14,10,25
240521133741F,BITCOIN - CHICAGO MERCANTILE EXCHANGE,2024-05-21T00:00:00.000,2024 Report Week 21,BITCOIN,133741,CME ,CHI,133 ,BITCOIN,30694,1254,4164,532,18734,706,168,2332,19154,2153,2098,1162,1837,29108,29876,1586,818,100.0,4.1,13.6,1.7,61.0,2.3,0.5,7.6,62.4,7.0,6.8,3.8,6.0,94.8,97.3,5.2,2.7,131,6,9,5,,,28,51,9,85,84,65.8,32.4,71.7,53.5,61.9,30.7,66.0,48.4,(5 Bitcoins),F85,BITCOIN,DIGITAL ASSET,FINANCIAL INSTRUMENTS,FutOnly,3617,-72,688,-99,1830,188,-55,499,1675,497,41,-83,909,3550,3720,67,-103,6,15,9,25
240528133741F,BITCOIN - CHICAGO MERCANTILE EXCHANGE,2024-05-28T00:00:00.000,2024 Report Week 22,BITCOIN,133741,CME ,CHI,133 ,BITCOIN,30255,1277,3924,539,18594,773,143,2140,19191,2502,1919,946,1378,28492,29396,1763,859,100.0,4.2,13.0,1.8,61.5,2.6,0.5,7.1,63.4,8.3,6.3,3.1,4.6,94.2,97.2,5.8,2.8,122,6,7,5,4,,26,44,8,77,77,64.2,32.7,72.0,53.6,61.9,31.9,66.4,50.3,(5 Bitcoins),F85,BITCOIN,DIGITAL ASSET,FINANCIAL INSTRUMENTS,FutOnly,-439,23,-240,7,-140,67,-25,-192,37,349,-179,-216,-459,-616,-480,177,41,4,16,9,21
240604133741F,BITCOIN - CHICAGO MERCANTILE EXCHANGE,2024-06-04T00:00:00.000,2024 Report Week 23,BITCOIN,133741,CME ,CHI,133 ,BITCOIN,31086,1245,3974,522,18527,636,120,3326,21276,1629,2844,809,1272,29485,30238,1601,848,100.0,4.0,12.8,1.7,59.6,2.0,0.4,10.7,68.4,5.2,9.1,2.6,4.1,94.8,97.3,5.2,2.7,132,5,9,,4,,32,47,8,84,79,64.3,34.6,71.1,54.2,62.6,33.5,67.9,51.3,(5 Bitcoins),F85,BITCOIN,DIGITAL ASSET,FINANCIAL INSTRUMENTS,FutOnly,831,-32,50,-17,-67,-137,-23,1186,2085,-873,925,-137,-106,993,842,-162,-11,5,15,9,23
240611133741F,BITCOIN - CHICAGO MERCANTILE EXCHANGE,2024-06-11T00:00:00.000,2024 Report Week 24,BITCOIN,133741,CME ,CHI,133 ,BITCOIN,30503,1259,3830,649,18482,591,124,2402,20045,2117,2396,762,1442,28871,29560,1632,943,100.0,4.1,12.6,2.1,60.6,1.9,0.4,7.9,65.7,6.9,7.9,2.5,4.7,94.6,96.9,5.4,3.1,128,5,8,,,,26,49,10,77,82,64.4,33.5,71.7,53.6,62.2,31.3,67.1,49.2,(5 Bitcoins),F85,BITCOIN,DIGITAL ASSET,FINANCIAL INSTRUMENTS,FutOnly,-583,14,-144,127,-45,-45,4,-924,-1231,488,-448,-47,170,-614,-678,31,95,4,15,10,22
240618133741F,BITCOIN - CHICAGO MERCANTILE EXCHANGE,2024-06-18T00:00:00.000,2024 Report Week 25,BITCOIN,133741,CME ,CHI,133 ,BITCOIN,30627,1214,3799,549,17911,654,166,2477,19548,2604,2537,636,1630,29088,29586,1539,1041,100.0,4.0,12.4,1.8,58.5,2.1,0.5,8.1,63.8,8.5,8.3,2.1,5.3,95.0,96.6,5.0,3.4,119,5,8,4,4,,22,45,9,70,80,64.6,31.5,72.7,51.8,61.6,28.9,65.7,46.8,(5 Bitcoins),F85,BITCOIN,DIGITAL ASSET,FINANCIAL INSTRUMENTS,FutOnly,124,-45,-31,-100,-571,63,42,75,-497,487,141,-126,188,217,26,-93,98,4,15,8,21
240625133741F,BITCOIN - CHICAGO MERCANTILE EXCHANGE,2024-06-25T00:00:00.000,2024 Report Week 26,BITCOIN,133741,CME ,CHI,133 ,BITCOIN,30171,1187,3790,842,17398,493,252,1655,18592,3430,2783,531,1125,28672,29055,1499,1116,100.0,3.9,12.6,2.8,57.7,1.6,0.8,5.5,61.6,11.4,9.2,1.8,3.7,95.0,96.3,5.0,3.7,119,6,7,5,,4,18,49,8,73,81,64.4,33.0,74.2,53.2,62.2,29.1,65.9,47.9,(5 Bitcoins),F85,BITCOIN,DIGITAL ASSET,FINANCIAL INSTRUMENTS,FutOnly,-456,-27,-9,293,-513,-161,86,-822,-956,826,246,-105,-505,-416,-531,-40,75,,14,11,23
240702133741F,BITCOIN - CHICAGO MERCANTILE EXCHANGE,2024-07-02T00:00:00.000,2024 Report Week 27,BITCOIN,133741,CME ,CHI,133 ,BITCOIN,27063,1151,3690,1062,17291,493,226,1251,18022,1560,2663,551,512,25716,26116,1347,947,100.0,4.3,13.6,3.9,63.9,1.8,0.8,4.6,66.6,5.8,9.8,2.0,1.9,95.0,96.5,5.0,3.5,108,5,7,,,,18,43,9,64,74,69.5,34.6,77.0,56.1,68.4,33.4,72.8,54.4,(5 Bitcoins),F85,BITCOIN,DIGITAL ASSET,FINANCIAL INSTRUMENTS,FutOnly,-3108,-36,-100,220,-107,0,-26,-404,-570,-1870,-120,20,-613,-2956,-2939,-152,-169,,12,8,21
240709133741F,BITCOIN - CHICAGO MERCANTILE EXCHANGE,2024-07-09T00:00:00.000,2024 Report Week 28,BITCOIN,133741,CME ,CHI,133 ,BITCOIN,28241,1052,3795,973,17695,563,276,1152,18928,1430,3882,701,418,26878,27084,1363,1157,100.0,3.7,13.4,3.4,62.7,2.0,1.0,4.1,67.0,5.1,13.7,2.5,1.5,95.2,95.9,4.8,4.1,117,6,9,,4,4,14,52,9,66,83,73.5,32.3,78.8,52.1,71.7,31.5,75.5,50.5,(5 Bitcoins),F85,BITCOIN,DIGITAL ASSET,FINANCIAL INSTRUMENTS,FutOnly,1178,-99,105,-89,404,70,50,-99,906,-130,1219,150,-94,1162,968,16,210,,11,12,23
240716133741F,BITCOIN - CHICAGO MERCANTILE EXCHANGE,2024-07-16T00:00:00.000,2024 Report Week 29,BITCOIN,133741,CME ,CHI,133 ,BITCOIN,31183,1141,3892,810,19999,656,165,1636,20439,1630,2963,1150,1376,29720,30118,1463,1065,100.0,3.7,12.5,2.6,64.1,2.1,0.5,5.2,65.5,5.2,9.5,3.7,4.4,95.3,96.6,4.7,3.4,125,6,8,,5,,22,52,9,74,88,71.7,30.9,78.0,52.7,68.9,30.4,73.0,48.3,(5 Bitcoins),F85,BITCOIN,DIGITAL ASSET,FINANCIAL INSTRUMENTS,FutOnly,2942,89,97,-163,2304,93,-111,484,1511,200,-919,449,958,2842,3034,100,-92,4,11,10,27
240723133741F,BITCOIN - CHICAGO MERCANTILE EXCHANGE,2024-07-23T00:00:00.000,2024 Report Week 30,BITCOIN,133741,CME ,CHI,133 ,BITCOIN,32435,1206,3812,1131,20438,636,181,1868,20542,3248,2093,1094,672,30837,31316,1598,1119,100.0,3.7,11.8,3.5,63.0,2.0,0.6,5.8,63.3,10.0,6.5,3.4,2.1,95.1,96.5,4.9,3.4,119,8,5,7,5,,24,45,9,78,85,66.2,33.7,73.6,52.7,64.7,31.0,68.9,48.4,(5 Bitcoins),F85,BITCOIN,DIGITAL ASSET,FINANCIAL INSTRUMENTS,FutOnly,1252,65,-80,321,439,-20,16,232,103,1618,-870,-56,-704,1117,1198,135,54,4,13,8,30
240730133741F,BITCOIN - CHICAGO MERCANTILE EXCHANGE,2024-07-30T00:00:00.000,2024 Report Week 31,BITCOIN,133741,CME ,CHI,133 ,BITCOIN,28605,1092,4247,459,19767,643,140,2700,20293,749,1670,721,561,27138,27813,1467,792,100.0,3.8,14.8,1.6,69.1,2.2,0.5,9.4,70.9,2.6,5.8,2.5,2.0,94.9,97.2,5.1,2.8,131,8,7,4,5,,29,48,11,73,88,69.2,35.2,75.9,54.1,68.8,35.2,74.5,53.8,(5 Bitcoins),F85,BITCOIN,DIGITAL ASSET,FINANCIAL INSTRUMENTS,FutOnly,-3830,-114,435,-672,-671,7,-41,832,-249,-2499,-423,-373,-111,-3699,-3503,-131,-327,4,14,8,20
240806133741F,BITCOIN - CHICAGO MERCANTILE EXCHANGE,2024-08-06T00:00:00.000,2024 Report Week 32,BITCOIN,133741,CME ,CHI,133 ,BITCOIN,27535,977,4272,479,17710,629,184,1882,19127,1184,3900,622,55,26371,26552,1164,983,100.0,3.5,15.5,1.7,64.3,2.3,0.7,6.8,69.5,4.3,14.2,2.3,0.2,95.8,96.4,4.2,3.6,124,8,7,4,5,,20,50,8,63,90,73.1,35.2,78.8,52.5,72.4,35.2,77.2,52.3,(5 Bitcoins),F85,BITCOIN,DIGITAL ASSET,FINANCIAL INSTRUMENTS,FutOnly,-1070,-115,25,20,-2057,-14,44,-818,-1166,435,2230,-99,-506,-767,-1261,-303,191,,13,11,21
240813133741F,BITCOIN - CHICAGO MERCANTILE EXCHANGE,2024-08-13T00:00:00.000,2024 Report Week 33,BITCOIN,133741,CME ,CHI,133 ,BITCOIN,27874,868,4249,582,18608,598,171,2203,19491,1111,3000,622,183,26726,27007,1148,867,100.0,3.1,15.2,2.1,66.8,2.1,0.6,7.9,69.9,4.0,10.8,2.2,0.7,95.9,96.9,4.1,3.1,126,8,7,7,4,,20,53,8,68,90,73.5,34.9,78.1,52.5,73.0,34.7,76.8,52.1,(5 Bitcoins),F85,BITCOIN,DIGITAL ASSET,FINANCIAL INSTRUMENTS,FutOnly,339,-109,-23,103,898,-31,-13,321,364,-73,-900,0,128,355,455,-16,-116,,12,11,22
240820133741F,BITCOIN - CHICAGO MERCANTILE EXCHANGE,2024-08-20T00:00:00.000,2024 Report Week 34,BITCOIN,133741,CME ,CHI,133 ,BITCOIN,29630,940,4278,924,18784,620,202,1905,19036,1445,2997,918,1218,28415,28641,1215,989,100.0,3.2,14.4,3.1,63.4,2.1,0.7,6.4,64.2,4.9,10.1,3.1,4.1,95.9,96.7,4.1,3.3,128,8,7,7,4,,14,60,11,64,98,72.2,32.3,77.4,50.4,69.0,32.1,73.0,49.2,(5 Bitcoins),F85,BITCOIN,DIGITAL ASSET,FINANCIAL INSTRUMENTS,FutOnly,1756,72,29,342,176,22,31,-298,-455,334,-3,296,1035,1689,1634,67,122,,12,10,22
240827133741F,BITCOIN - CHICAGO MERCANTILE EXCHANGE,2024-08-27T00:00:00.000,2024 Report Week 35,BITCOIN,133741,CME ,CHI,133 ,BITCOIN,29817,1152,4603,793,19303,604,336,2365,20297,921,3180,794,459,28509,28807,1308,1010,100.0,3.9,15.4,2.7,64.7,2.0,1.1,7.9,68.1,3.1,10.7,2.7,1.5,95.6,96.6,4.4,3.4,125,8,6,8,5,5,17,54,10,70,93,71.3,34.1,77.3,53.7,70.3,34.1,75.1,53.3,(5 Bitcoins),F85,BITCOIN,DIGITAL ASSET,FINANCIAL INSTRUMENTS,FutOnly,187,212,325,-131,519,-16,134,460,1261,-524,183,-124,-759,94,166,93,21,,14,9,23
240903133741F,BITCOIN - CHICAGO MERCANTILE EXCHANGE,2024-09-03T00:00:00.000,2024 Report Week 36,BITCOIN,133741,CME ,CHI,133 ,BITCOIN,26859,1200,4188,490,17664,371,242,2184,18876,575,3207,1063,230,25792,26035,1067,824,100.0,4.5,15.6,1.8,65.8,1.4,0.9,8.1,70.3,2.1,11.9,4.0,0.9,96.0,96.9,4.0,3.1,126,9,6,4,,,21,50,13,63,87,72.5,38.9,79.0,57.5,71.8,38.9,76.9,57.0,(5 Bitcoins),F85,BITCOIN,DIGITAL ASSET,FINANCIAL INSTRUMENTS,FutOnly,-2958,48,-415,-303,-1639,-233,-94,-181,-1421,-346,27,269,-229,-2717,-2772,-241,-186,,14,10,17
240910133741F,BITCOIN - CHICAGO MERCANTILE EXCHANGE,2024-09-10T00:00:00.000,2024 Report Week 37,BITCOIN,133741,CME ,CHI,133 ,BITCOIN,28157,1005,3807,930,18196,367,402,1748,18886,1147,2926,1083,578,26932,27200,1225,957,100.0,3.6,13.5,3.3,64.6,1.3,1.4,6.2,67.1,4.1,10.4,3.8,2.1,95.6,96.6,4.4,3.4,123,8,6,4,,5,20,52,11,65,91,71.7,37.1,77.9,55.6,70.3,36.9,74.2,53.6,(5 Bitcoins),F85,BITCOIN,DIGITAL ASSET,FINANCIAL INSTRUMENTS,FutOnly,1298,-195,-381,440,532,-4,160,-436,10,572,-281,20,348,1140,1165,158,133,,13,9,23
240917133741F,BITCOIN - CHICAGO MERCANTILE EXCHANGE,2024-09-17T00:00:00.000,2024 Report Week 38,BITCOIN,133741,CME ,CHI,133 ,BITCOIN,30995,1014,3760,898,11674,416,504,1914,19963,1798,10213,1053,1742,29757,30134,1238,861,100.0,3.3,12.1,2.9,37.7,1.3,1.6,6.2,64.4,5.8,33.0,3.4,5.6,96.0,97.2,4.0,2.8,122,8,6,4,,4,21,52,11,64,88,65.9,33.1,76.4,55.5,65.3,32.8,69.5,51.7,(5 Bitcoins),F85,BITCOIN,DIGITAL ASSET,FINANCIAL INSTRUMENTS,FutOnly,2838,9,-47,-32,-6522,49,102,166,1077,651,7287,-30,1164,2825,2934,13,-96,,13,7,20
240924133741F,BITCOIN - CHICAGO MERCANTILE EXCHANGE,2024-09-24T00:00:00.000,2024 Report Week 39,BITCOIN,133741,CME ,CHI,133 ,BITCOIN,30542,1040,3833,1302,9233,365,406,1985,20623,1511,13060,950,572,29109,29562,1433,980,100.0,3.4,12.5,4.3,30.2,1.2,1.3,6.5,67.5,4.9,42.8,3.1,1.9,95.3,96.8,4.7,3.2,116,7,6,5,,4,20,51,9,66,82,68.1,34.8,75.8,55.6,66.9,33.6,71.6,53.3,(5 Bitcoins),F85,BITCOIN,DIGITAL ASSET,FINANCIAL INSTRUMENTS,FutOnly,-453,26,73,404,-2441,-51,-98,71,660,-287,2847,-103,-1170,-648,-572,195,119,,14,6,22
241001133741F,BITCOIN - CHICAGO MERCANTILE EXCHANGE,2024-10-01T00:00:00.000,2024 Report Week 40,BITCOIN,133741,CME ,CHI,133 ,BITCOIN,28539,1061,4200,983,9163,359,339,2690,20031,900,12237,792,16,27389,27620,1150,919,100.0,3.7,14.7,3.4,32.1,1.3,1.2,9.4,70.2,3.2,42.9,2.8,0.1,96.0,96.8,4.0,3.2,121,8,7,4,,,27,40,10,72,74,66.9,35.6,75.5,57.4,66.2,35.3,72.7,57.0,(5 Bitcoins),F85,BITCOIN,DIGITAL ASSET,FINANCIAL INSTRUMENTS,FutOnly,-2003,21,367,-319,-70,-6,-67,705,-592,-611,-823,-158,-556,-1720,-1942,-283,-61,,14,11,17
241008133741F,BITCOIN - CHICAGO MERCANTILE EXCHANGE,2024-10-08T00:00:00.000,2024 Report Week 41,BITCOIN,133741,CME ,CHI,133 ,BITCOIN,29382,1202,4234,1060,9632,359,339,1980,20828,903,13007,810,9,28132,28542,1250,840,100.0,4.1,14.4,3.6,32.8,1.2,1.2,6.7,70.9,3.1,44.3,2.8,0.0,95.7,97.1,4.3,2.9,121,7,7,4,,,24,42,11,71,76,68.3,35.6,77.7,56.8,67.8,35.3,74.5,56.4,(5 Bitcoins),F85,BITCOIN,DIGITAL ASSET,FINANCIAL INSTRUMENTS,FutOnly,843,141,34,77,469,0,0,-710,797,3,770,18,-7,743,922,100,-79,,14,12,16
241015133741F,BITCOIN - CHICAGO MERCANTILE EXCHANGE,2024-10-15T00:00:00.000,2024 Report Week 42,BITCOIN,133741,CME ,CHI,133 ,BITCOIN,34494,11766,4400,624,10112,540,341,2795,23179,1725,3786,746,1940,33089,33495,1405,999,100.0,34.1,12.8,1.8,29.3,1.6,1.0,8.1,67.2,5.0,11.0,2.2,5.6,95.9,97.1,4.1,2.9,133,8,8,4,4,,27,48,10,83,82,68.0,33.2,75.5,53.5,62.7,32.7,67.7,50.8,(5 Bitcoins),F85,BITCOIN,DIGITAL ASSET,FINANCIAL INSTRUMENTS,FutOnly,5112,10564,166,-436,480,181,2,815,2351,822,-9221,-64,1931,4957,4953,155,159,,15,12,22
241022133741F,BITCOIN - CHICAGO MERCANTILE EXCHANGE,2024-10-22T00:00:00.000,2024 Report Week 43,BITCOIN,133741,CME ,CHI,133 ,BITCOIN,33562,11972,4402,615,9535,528,522,3054,23303,1493,3933,792,920,32044,32575,1518,987,100.0,35.7,13.1,1.8,28.4,1.6,1.6,9.1,69.4,4.4,11.7,2.4,2.7,95.5,97.1,4.5,2.9,132,8,7,4,,5,28,44,10,84,83,66.1,33.6,73.5,52.7,63.1,33.1,69.4,51.3,(5 Bitcoins),F85,BITCOIN,DIGITAL ASSET,FINANCIAL INSTRUMENTS,FutOnly,-932,206,2,-9,-577,-12,181,259,124,-232,147,46,-1020,-1045,-920,113,-12,4,16,13,22
241029133741F,BITCOIN - CHICAGO MERCANTILE EXCHANGE,2024-10-29T00:00:00.000,2024 Report Week 44,BITCOIN,133741,CME ,CHI,133 ,BITCOIN,33787,12506,4409,1032,10072,546,365,3745,24660,1028,3487,822,111,32346,32973,1441,814,100.0,37.0,13.0,3.1,29.8,1.6,1.1,11.1,73.0,3.0,10.3,2.4,0.3,95.7,97.6,4.3,2.4,148,8,9,,4,4,38,47,10,94,86,65.9,29.7,73.1,52.0,65.5,29.6,71.0,50.9,(5 Bitcoins),F85,BITCOIN,DIGITAL ASSET,FINANCIAL INSTRUMENTS,FutOnly,225,534,7,417,537,18,-157,691,1357,-465,-446,30,-809,302,398,-77,-173,,17,14,22
241105133741F,BITCOIN - CHICAGO MERCANTILE EXCHANGE,2024-11-05T00:00:00.000,2024 Report Week 45,BITCOIN,133741,CME ,CHI,133 ,BITCOIN,32011,12401,4350,721,9865,598,318,3484,22738,724,2214,808,841,30568,31098,1443,913,100.0,38.7,13.6,2.3,30.8,1.9,1.0,10.9,71.0,2.3,6.9,2.5,2.6,95.5,97.1,4.5,2.9,140,9,10,4,5,4,32,46,8,86,84,66.4,28.9,74.2,50.7,65.5,28.6,71.1,49.8,(5 Bitcoins),F85,BITCOIN,DIGITAL ASSET,FINANCIAL INSTRUMENTS,FutOnly,-1776,-105,-59,-311,-207,52,-47,-261,-1922,-304,-1273,-14,730,-1778,-1875,2,99,4,16,13,18
241112133741F,BITCOIN - CHICAGO MERCANTILE EXCHANGE,2024-11-12T00:00:00.000,2024 Report Week 46,BITCOIN,133741,CME ,CHI,133 ,BITCOIN,38531,14935,4966,894,11083,947,316,4830,25189,1462,1579,1972,1828,36927,37574,1604,957,100.0,38.8,12.9,2.3,28.8,2.5,0.8,12.5,65.4,3.8,4.1,5.1,4.7,95.8,97.5,4.2,2.5,152,8,10,4,4,4,39,50,10,97,88,66.0,26.2,72.9,46.5,63.4,24.1,68.9,42.5,(5 Bitcoins),F85,BITCOIN,DIGITAL ASSET,FINANCIAL INSTRUMENTS,FutOnly,6520,2534,616,173,1218,349,-2,1346,2451,738,-635,1164,987,6359,6476,161,44,5,16,13,20
241119133741F,BITCOIN - CHICAGO MERCANTILE EXCHANGE,2024-11-19T00:00:00.000,2024 Report Week 47,BITCOIN,133741,CME ,CHI,133 ,BITCOIN,41203,14936,5097,1215,11393,947,316,4914,25022,1379,1628,2595,3589,39370,40160,1833,1043,100.0,36.2,12.4,2.9,27.7,2.3,0.8,11.9,60.7,3.3,4.0,6.3,8.7,95.6,97.5,4.4,2.5,152,8,9,6,,4,36,48,15,94,90,65.9,29.1,71.9,47.1,59.6,22.4,64.6,39.5,(5 Bitcoins),F85,BITCOIN,DIGITAL ASSET,FINANCIAL INSTRUMENTS,FutOnly,2672,1,131,321,310,0,0,84,-167,-83,49,623,1761,2443,2586,229,86,4,17,14,18
241126133741F,BITCOIN - CHICAGO MERCANTILE EXCHANGE,2024-11-26T00:00:00.000,2024 Report Week 48,BITCOIN,133741,CME ,CHI,133 ,BITCOIN,40510,13795,5204,1668,11119,960,423,5300,24505,3363,1282,1517,1893,38843,39533,1667,977,100.0,34.1,12.8,4.1,27.4,2.4,1.0,13.1,60.5,8.3,3.2,3.7,4.7,95.9,97.6,4.1,2.4,151,9,10,8,4,4,32,51,15,93,98,61.5,26.5,69.2,44.9,58.5,22.1,63.4,38.0,(5 Bitcoins),F85,BITCOIN,DIGITAL ASSET,FINANCIAL INSTRUMENTS,FutOnly,-693,-1141,107,453,-274,13,107,386,-517,1984,-346,-1078,-1696,-527,-627,-166,-66,4,15,15,24
241203133741F,BITCOIN - CHICAGO MERCANTILE EXCHANGE,2024-12-03T00:00:00.000,2024 Report Week 49,BITCOIN,133741,CME ,CHI,133 ,BITCOIN,37021,14397,4705,1528,11038,922,285,4094,25749,1278,2584,1292,217,35421,35976,1600,1045,100.0,38.9,12.7,4.1,29.8,2.5,0.8,11.1,69.6,3.5,7.0,3.5,0.6,95.7,97.2,4.3,2.8,143,9,8,4,,,30,50,14,84,90,65.8,26.6,74.2,45.7,65.4,25.3,72.1,43.3,(5 Bitcoins),F85,BITCOIN,DIGITAL ASSET,FINANCIAL INSTRUMENTS,FutOnly,-3489,602,-499,-140,-81,-38,-138,-1206,1244,-2085,1302,-225,-1676,-3422,-3557,-67,68,5,15,13,19
241210133741F,BITCOIN - CHICAGO MERCANTILE EXCHANGE,2024-12-10T00:00:00.000,2024 Report Week 50,BITCOIN,133741,CME ,CHI,133 ,BITCOIN,37588,14698,4747,1281,10889,828,317,4657,25643,1549,2254,1764,316,35961,36445,1627,1143,100.0,39.1,12.6,3.4,29.0,2.2,0.8,12.4,68.2,4.1,6.0,4.7,0.8,95.7,97.0,4.3,3.0,145,9,9,,,,25,55,14,79,93,66.9,26.3,74.4,44.5,66.4,25.1,72.7,43.0,(5 Bitcoins),F85,BITCOIN,DIGITAL ASSET,FINANCIAL INSTRUMENTS,FutOnly,567,301,42,-247,-149,-94,32,563,-106,271,-330,472,99,540,469,27,98,5,17,13,16
241217133741F,BITCOIN - CHICAGO MERCANTILE EXCHANGE,2024-12-17T00:00:00.000,2024 Report Week 51,BITCOIN,133741,CME ,CHI,133 ,BITCOIN,42524,16088,4682,1092,11452,854,323,3653,26850,1709,3148,2267,3420,40885,41197,1639,1327,100.0,37.8,11.0,2.6,26.9,2.0,0.8,8.6,63.1,4.0,7.4,5.3,8.0,96.1,96.9,3.9,3.1,155,8,10,4,,4,28,57,18,86,104,70.0,24.8,76.3,42.6,64.0,21.5,68.6,38.3,(5 Bitcoins),F85,BITCOIN,DIGITAL ASSET,FINANCIAL INSTRUMENTS,FutOnly,4936,1390,-65,-189,563,26,6,-1004,1207,160,894,503,3104,4924,4752,12,184,5,16,14,22
241224133741F,BITCOIN - CHICAGO MERCANTILE EXCHANGE,2024-12-24T00:00:00.000,2024 Report Week 52,BITCOIN,133741,CME ,CHI,133 ,BITCOIN,37125,15216,3993,1078,10767,781,139,4140,25242,2240,1556,1938,653,35789,36064,1336,1061,100.0,41.0,10.8,2.9,29.0,2.1,0.4,11.2,68.0,6.0,4.2,5.2,1.8,96.4,97.1,3.6,2.9,150,9,8,6,,4,28,57,15,89,104,65.1,24.4,72.6,42.6,64.7,23.0,70.9,41.0,(5 Bitcoins),F85,BITCOIN,DIGITAL ASSET,FINANCIAL INSTRUMENTS,FutOnly,-5399,-872,-689,-14,-685,-73,-184,487,-1608,531,-1592,-329,-2767,-5096,-5133,-303,-266,7,16,12,26
241231133741F,BITCOIN - CHICAGO MERCANTILE EXCHANGE,2024-12-31T00:00:00.000,2024 Report Week 53,BITCOIN,133741,CME ,CHI,133 ,BITCOIN,33893,14154,2988,913,10520,750,214,3771,23835,1617,897,2132,481,32567,32930,1326,963,100.0,41.8,8.8,2.7,31.0,2.2,0.6,11.1,70.3,4.8,2.6,6.3,1.4,96.1,97.2,3.9,2.8,136,9,7,4,,,29,49,14,76,86,69.7,24.4,77.3,43.9,69.2,23.0,75.3,42.4,(5 Bitcoins),F85,BITCOIN,DIGITAL ASSET,FINANCIAL INSTRUMENTS,FutOnly,-3232,-1062,-1005,-165,-247,-31,75,-369,-1407,-623,-659,194,-172,-3222,-3134,-10,-98,4,14,11,15
250107133741F,BITCOIN - CHICAGO MERCANTILE EXCHANGE,2025-01-07T00:00:00.000,2025 Report Week 01,BITCOIN,133741,CME ,CHI,133 ,BITCOIN,35079,14648,3469,1113,10244,705,378,4035,25239,1569,1336,1068,409,33732,33950,1347,1129,100.0,41.8,9.9,3.2,29.2,2.0,1.1,11.5,71.9,4.5,3.8,3.0,1.2,96.2,96.8,3.8,3.2,139,10,9,4,,5,28,52,13,77,95,69.3,23.7,77.7,42.8,68.6,21.9,74.4,40.1,(5 Bitcoins),F85,BITCOIN,DIGITAL ASSET,FINANCIAL INSTRUMENTS,FutOnly,1186,494,481,200,-276,-45,164,264,1404,-48,439,-1064,-72,1165,1020,21,166,5,13,10,19
250114133741F,BITCOIN - CHICAGO MERCANTILE EXCHANGE,2025-01-14T00:00:00.000,2025 Report Week 02,BITCOIN,133741,CME ,CHI,133 ,BITCOIN,35471,14359,3600,1245,10346,527,254,3877,25213,2297,1567,994,222,34167,34352,1304,1119,100.0,40.5,10.1,3.5,29.2,1.5,0.7,10.9,71.1,6.5,4.4,2.8,0.6,96.3,96.8,3.7,3.2,139,8,10,7,,4,29,55,14,79,97,68.6,23.4,76.3,42.2,68.1,21.0,74.4,39.0,(5 Bitcoins),F85,BITCOIN,DIGITAL ASSET,FINANCIAL INSTRUMENTS,FutOnly,392,-289,131,132,102,-178,-124,-158,-26,728,231,-74,-187,435,402,-43,-10,5,12,9,21
250121133741F,BITCOIN - CHICAGO MERCANTILE EXCHANGE,2025-01-21T00:00:00.000,2025 Report Week 03,BITCOIN,133741,CME ,CHI,133 ,BITCOIN,38556,15435,3808,1176,11151,512,239,2596,25465,2855,1321,986,2297,37070,37338,1486,1218,100.0,40.0,9.9,3.1,28.9,1.3,0.6,6.7,66.0,7.4,3.4,2.6,6.0,96.1,96.8,3.9,3.2,138,8,10,6,,5,31,53,13,84,93,69.8,23.6,76.4,42.0,65.6,19.9,69.5,36.9,(5 Bitcoins),F85,BITCOIN,DIGITAL ASSET,FINANCIAL INSTRUMENTS,FutOnly,3085,1076,208,-69,805,-15,-15,-1281,252,558,-246,-8,2075,2903,2986,182,99,4,12,9,24
250128133741F,BITCOIN - CHICAGO MERCANTILE EXCHANGE,2025-01-28T00:00:00.000,2025 Report Week 04,BITCOIN,133741,CME ,CHI,133 ,BITCOIN,34317,14591,3167,746,10212,675,204,3497,25715,1498,1708,759,200,32656,32964,1661,1353,100.0,42.5,9.2,2.2,29.8,2.0,0.6,10.2,74.9,4.4,5.0,2.2,0.6,95.2,96.1,4.8,3.9,128,9,7,6,,5,26,50,9,77,87,70.2,24.4,76.7,44.2,69.6,23.7,76.1,42.9,(5 Bitcoins),F85,BITCOIN,DIGITAL ASSET,FINANCIAL INSTRUMENTS,FutOnly,-4239,-844,-641,-430,-939,163,-35,901,250,-1357,387,-227,-2097,-4414,-4374,175,135,5,13,9,20
250204133741F,BITCOIN - CHICAGO MERCANTILE EXCHANGE,2025-02-04T00:00:00.000,2025 Report Week 05,BITCOIN,133741,CME ,CHI,133 ,BITCOIN,32892,14123,3208,343,9863,616,185,3542,24540,1626,1501,797,380,31563,31695,1329,1197,100.0,42.9,9.8,1.0,30.0,1.9,0.6,10.8,74.6,4.9,4.6,2.4,1.2,96.0,96.4,4.0,3.6,136,11,8,,,,31,50,10,79,86,71.3,26.7,78.7,46.1,69.7,24.0,76.3,42.9,(5 Bitcoins),F85,BITCOIN,DIGITAL ASSET,FINANCIAL INSTRUMENTS,FutOnly,-1425,-468,41,-403,-349,-59,-19,45,-1175,128,-207,38,180,-1093,-1269,-332,-156,,14,9,21
250211133741F,BITCOIN - CHICAGO MERCANTILE EXCHANGE,2025-02-11T00:00:00.000,2025 Report Week 06,BITCOIN,133741,CME ,CHI,133 ,BITCOIN,32949,13785,3316,488,9494,686,224,3361,23444,2657,1477,731,16,31502,31562,1447,1387,100.0,41.8,10.1,1.5,28.8,2.1,0.7,10.2,71.2,8.1,4.5,2.2,0.0,95.6,95.8,4.4,4.2,128,10,7,,,,26,52,8,69,84,70.0,26.2,77.5,45.5,69.2,23.8,74.8,41.9,(5 Bitcoins),F85,BITCOIN,DIGITAL ASSET,FINANCIAL INSTRUMENTS,FutOnly,57,-338,108,145,-369,70,39,-181,-1096,1031,-24,-66,-364,-61,-133,118,190,,12,9,19
250218133741F,BITCOIN - CHICAGO MERCANTILE EXCHANGE,2025-02-18T00:00:00.000,2025 Report Week 07,BITCOIN,133741,CME ,CHI,133 ,BITCOIN,33833,13667,3250,248,9175,832,372,4032,23814,2610,1657,861,553,32314,32540,1519,1293,100.0,40.4,9.6,0.7,27.1,2.5,1.1,11.9,70.4,7.7,4.9,2.5,1.6,95.5,96.2,4.5,3.8,132,10,7,,5,6,23,57,11,69,92,72.5,24.4,78.5,43.3,70.6,23.3,74.7,40.9,(5 Bitcoins),F85,BITCOIN,DIGITAL ASSET,FINANCIAL INSTRUMENTS,FutOnly,884,-118,-66,-240,-319,146,148,671,370,-47,180,130,537,812,978,72,-94,,10,8,17
250225133741F,BITCOIN - CHICAGO MERCANTILE EXCHANGE,2025-02-25T00:00:00.000,2025 Report Week 08,BITCOIN,133741,CME ,CHI,133 ,BITCOIN,32060,12226,2474,479,8737,512,280,3849,23048,3023,1907,742,79,30580,30637,1480,1423,100.0,38.1,7.7,1.5,27.3,1.6,0.9,12.0,71.9,9.4,5.9,2.3,0.2,95.4,95.6,4.6,4.4,127,10,8,,4,4,20,54,9,67,87,68.7,26.5,76.7,45.0,68.2,23.3,73.3,41.6,(5 Bitcoins),F85,BITCOIN,DIGITAL ASSET,FINANCIAL INSTRUMENTS,FutOnly,-1773,-1441,-776,231,-438,-320,-92,-183,-766,413,250,-119,-474,-1734,-1903,-39,130,,9,12,17
250304133741F,BITCOIN - CHICAGO MERCANTILE EXCHANGE,2025-03-04T00:00:00.000,2025 Report Week 09,BITCOIN,133741,CME ,CHI,133 ,BITCOIN,28209,11694,2780,352,8324,433,240,2809,21286,1140,2383,613,81,27023,26925,1186,1284,100.0,41.5,9.9,1.2,29.5,1.5,0.9,10.0,75.5,4.0,8.4,2.2,0.3,95.8,95.4,4.2,4.6,116,9,9,,5,5,23,46,6,64,78,72.6,28.5,80.4,47.1,71.8,26.6,79.5,45.1,(5 Bitcoins),F85,BITCOIN,DIGITAL ASSET,FINANCIAL INSTRUMENTS,FutOnly,-3851,-532,306,-127,-413,-79,-40,-1040,-1762,-1883,476,-129,2,-3557,-3712,-294,-139,,8,8,16
250311133741F,BITCOIN - CHICAGO MERCANTILE EXCHANGE,2025-03-11T00:00:00.000,2025 Report Week 10,BITCOIN,133741,CME ,CHI,133 ,BITCOIN,28545,11145,2803,672,7930,596,375,2547,20818,1219,3433,610,110,27431,27203,1114,1342,100.0,39.0,9.8,2.4,27.8,2.1,1.3,8.9,72.9,4.3,12.0,2.1,0.4,96.1,95.3,3.9,4.7,122,9,8,7,8,4,23,47,6,70,83,72.7,26.6,80.7,46.2,71.8,24.8,79.5,43.9,(5 Bitcoins),F85,BITCOIN,DIGITAL ASSET,FINANCIAL INSTRUMENTS,FutOnly,336,-549,23,320,-394,163,135,-262,-468,79,1050,-3,29,408,278,-72,58,,7,10,17
250318133741F,BITCOIN - CHICAGO MERCANTILE EXCHANGE,2025-03-18T00:00:00.000,2025 Report Week 11,BITCOIN,133741,CME ,CHI,133 ,BITCOIN,30213,10537,3058,678,7653,693,494,3381,21349,1802,4241,618,129,28915,28821,1298,1392,100.0,34.9,10.1,2.2,25.3,2.3,1.6,11.2,70.7,6.0,14.0,2.0,0.4,95.7,95.4,4.3,4.6,116,9,9,5,8,4,24,45,7,67,78,68.6,26.1,77.9,45.6,67.7,24.1,75.8,43.2,(5 Bitcoins),F85,BITCOIN,DIGITAL ASSET,FINANCIAL INSTRUMENTS,FutOnly,1668,-608,255,6,-277,97,119,834,531,583,808,8,19,1484,1618,184,50,,6,8,18
250325133741F,BITCOIN - CHICAGO MERCANTILE EXCHANGE,2025-03-25T00:00:00.000,2025 Report Week 12,BITCOIN,133741,CME ,CHI,133 ,BITCOIN,29036,11044,3228,990,8235,644,344,1825,20637,1224,4060,626,107,27829,27800,1207,1236,100.0,38.0,11.1,3.4,28.4,2.2,1.2,6.3,71.1,4.2,14.0,2.2,0.4,95.8,95.7,4.2,4.3,123,9,10,7,8,4,24,48,7,75,86,73.2,25.2,78.9,45.0,72.6,24.2,76.4,43.7,(5 Bitcoins),F85,BITCOIN,DIGITAL ASSET,FINANCIAL INSTRUMENTS,FutOnly,-1177,507,170,312,582,-49,-150,-1556,-712,-578,-181,8,-22,-1086,-1021,-91,-156,,6,9,24
250401133741F,BITCOIN - CHICAGO MERCANTILE EXCHANGE,2025-04-01T00:00:00.000,2025 Report Week 13,BITCOIN,133741,CME ,CHI,133 ,BITCOIN,27069,10410,3687,900,7991,599,288,1963,19104,628,3793,582,19,25992,25807,1077,1262,100.0,38.5,13.6,3.3,29.5,2.2,1.1,7.3,70.6,2.3,14.0,2.1,0.1,96.0,95.3,4.0,4.7,115,8,10,,7,4,20,48,7,59,81,74.8,26.7,82.7,46.2,74.2,25.8,80.3,44.8,(5 Bitcoins),F85,BITCOIN,DIGITAL ASSET,FINANCIAL INSTRUMENTS,FutOnly,-1967,-634,459,-90,-244,-45,-56,138,-1533,-596,-267,-44,-88,-1837,-1993,-130,26,,6,8,16
250408133741F,BITCOIN - CHICAGO MERCANTILE EXCHANGE,2025-04-08T00:00:00.000,2025 Report Week 14,BITCOIN,133741,CME ,CHI,133 ,BITCOIN,26909,9337,4464,1099,7378,728,332,2883,16828,1126,3333,476,436,25924,25489,985,1420,100.0,34.7,16.6,4.1,27.4,2.7,1.2,10.7,62.5,4.2,12.4,1.8,1.6,96.3,94.7,3.7,5.3,119,8,11,4,7,4,21,50,6,63,85,71.2,26.4,81.1,43.0,70.4,26.4,76.8,42.5,(5 Bitcoins),F85,BITCOIN,DIGITAL ASSET,FINANCIAL INSTRUMENTS,FutOnly,-160,-1073,777,199,-613,129,44,920,-2276,498,-460,-106,417,-68,-318,-92,158,,6,8,18
250415133741F,BITCOIN - CHICAGO MERCANTILE EXCHANGE,2025-04-15T00:00:00.000,2025 Report Week 15,BITCOIN,133741,CME ,CHI,133 ,BITCOIN,27126,9966,4414,1415,7300,559,382,888,15328,1775,2991,526,1392,26109,25791,1017,1335,100.0,36.7,16.3,5.2,26.9,2.1,1.4,3.3,56.5,6.5,11.0,1.9,5.1,96.3,95.1,3.7,4.9,117,8,11,,8,4,18,51,6,65,86,73.0,27.4,80.8,43.2,67.7,25.9,71.1,37.6,(5 Bitcoins),F85,BITCOIN,DIGITAL ASSET,FINANCIAL INSTRUMENTS,FutOnly,217,629,-50,316,-78,-169,50,-1995,-1500,649,-342,50,956,185,302,32,-85,,7,7,25
250422133741F,BITCOIN - CHICAGO MERCANTILE EXCHANGE,2025-04-22T00:00:00.000,2025 Report Week 16,BITCOIN,133741,CME ,CHI,133 ,BITCOIN,28202,10821,4540,719,8105,904,271,1983,18186,1781,3160,633,109,26949,27143,1253,1059,100.0,38.4,16.1,2.5,28.7,3.2,1.0,7.0,64.5,6.3,11.2,2.2,0.4,95.6,96.2,4.4,3.8,139,9,9,5,9,4,29,57,9,83,96,71.2,26.0,76.6,43.9,70.7,25.6,74.5,41.4,(5 Bitcoins),F85,BITCOIN,DIGITAL ASSET,FINANCIAL INSTRUMENTS,FutOnly,1076,855,126,-696,805,345,-111,1095,2858,6,169,107,-1283,840,1352,236,-276,,7,8,28
250429133741F,BITCOIN - CHICAGO MERCANTILE EXCHANGE,2025-04-29T00:00:00.000,2025 Report Week 17,BITCOIN,133741,CME ,CHI,133 ,BITCOIN,26966,11110,4826,497,8128,509,183,2162,18060,576,2315,636,688,25659,25975,1307,991,100.0,41.2,17.9,1.8,30.1,1.9,0.7,8.0,67.0,2.1,8.6,2.4,2.6,95.2,96.3,4.8,3.7,127,9,9,,6,4,29,47,8,69,80,72.9,26.1,78.7,45.5,72.0,26.1,76.8,44.9,(5 Bitcoins),F85,BITCOIN,DIGITAL ASSET,FINANCIAL INSTRUMENTS,FutOnly,-1236,289,286,-222,23,-395,-88,179,-126,-1205,-845,3,579,-1290,-1168,54,-68,,10,8,12
250506133741F,BITCOIN - CHICAGO MERCANTILE EXCHANGE,2025-05-06T00:00:00.000,2025 Report Week 18,BITCOIN,133741,CME ,CHI,133 ,BITCOIN,27971,10710,4670,633,7805,423,181,3156,19432,714,3247,633,165,26611,26851,1360,1120,100.0,38.3,16.7,2.3,27.9,1.5,0.6,11.3,69.5,2.6,11.6,2.3,0.6,95.1,96.0,4.9,4.0,124,9,9,4,,,28,49,7,68,78,70.5,28.1,78.2,47.2,70.1,27.7,76.8,46.6,(5 Bitcoins),F85,BITCOIN,DIGITAL ASSET,FINANCIAL INSTRUMENTS,FutOnly,1005,-400,-156,136,-323,-86,-2,994,1372,138,932,-3,-523,952,876,53,129,,11,7,13
250513133741F,BITCOIN - CHICAGO MERCANTILE EXCHANGE,2025-05-13T00:00:00.000,2025 Report Week 19,BITCOIN,133741,CME ,CHI,133 ,BITCOIN,29070,11319,4845,868,8623,451,153,3043,17182,841,2453,2239,494,27794,27073,1276,1997,100.0,38.9,16.7,3.0,29.7,1.6,0.5,10.5,59.1,2.9,8.4,7.7,1.7,95.6,93.1,4.4,6.9,130,12,9,4,5,5,30,47,8,77,82,68.1,23.7,76.7,42.1,67.6,23.6,74.1,41.6,(5 Bitcoins),F85,BITCOIN,DIGITAL ASSET,FINANCIAL INSTRUMENTS,FutOnly,1099,609,175,235,818,28,-28,-113,-2250,127,-794,1606,329,1183,222,-84,877,,12,7,17
250520133741F,BITCOIN - CHICAGO MERCANTILE EXCHANGE,2025-05-20T00:00:00.000,2025 Report Week 20,BITCOIN,133741,CME ,CHI,133 ,BITCOIN,32033,11892,4747,1158,8943,439,152,3128,17839,1403,2297,3495,1594,30567,30827,1466,1206,100.0,37.1,14.8,3.6,27.9,1.4,0.5,9.8,55.7,4.4,7.2,10.9,5.0,95.4,96.2,4.6,3.8,132,11,9,5,5,5,28,49,9,79,87,66.5,24.9,75.3,43.3,64.3,24.6,70.4,40.7,(5 Bitcoins),F85,BITCOIN,DIGITAL ASSET,FINANCIAL INSTRUMENTS,FutOnly,2963,573,-98,290,320,-12,-1,85,657,562,-156,1256,1100,2773,3754,190,-791,5,12,8,19
250527133741F,BITCOIN - CHICAGO MERCANTILE EXCHANGE,2025-05-27T00:00:00.000,2025 Report Week 21,BITCOIN,133741,CME ,CHI,133 ,BITCOIN,31964,12439,4594,783,9148,414,161,3525,18786,2089,1650,3470,615,30410,30912,1554,1052,100.0,38.9,14.4,2.4,28.6,1.3,0.5,11.0,58.8,6.5,5.2,10.9,1.9,95.1,96.7,4.9,3.3,140,11,10,4,4,5,29,54,11,86,94,64.5,28.6,72.0,46.1,64.1,25.0,70.3,40.9,(5 Bitcoins),F85,BITCOIN,DIGITAL ASSET,FINANCIAL INSTRUMENTS,FutOnly,-69,547,-153,-375,205,-25,9,397,947,686,-647,-25,-979,-157,85,88,-154,,12,8,28
250603133741F,BITCOIN - CHICAGO MERCANTILE EXCHANGE,2025-06-03T00:00:00.000,2025 Report Week 22,BITCOIN,133741,CME ,CHI,133 ,BITCOIN,29758,12040,4674,306,8591,449,158,4040,18484,610,1820,3247,852,28417,28780,1341,978,100.0,40.5,15.7,1.0,28.9,1.5,0.5,13.6,62.1,2.0,6.1,10.9,2.9,95.5,96.7,4.5,3.3,139,11,9,4,5,,34,49,9,76,84,67.3,26.8,75.1,46.1,66.8,25.6,73.9,44.7,(5 Bitcoins),F85,BITCOIN,DIGITAL ASSET,FINANCIAL INSTRUMENTS,FutOnly,-2206,-399,80,-477,-557,35,-3,515,-302,-1479,170,-223,237,-1993,-2132,-213,-74,4,11,9,10
250610133741F,BITCOIN - CHICAGO MERCANTILE EXCHANGE,2025-06-10T00:00:00.000,2025 Report Week 23,BITCOIN,133741,CME ,CHI,133 ,BITCOIN,30261,11925,4708,252,8737,525,144,3649,18785,633,2667,3228,725,28732,29000,1529,1261,100.0,39.4,15.6,0.8,28.9,1.7,0.5,12.1,62.1,2.1,8.8,10.7,2.4,94.9,95.8,5.1,4.2,138,11,9,,6,,31,51,9,78,85,67.4,26.3,75.7,45.5,67.0,25.1,74.2,44.0,(5 Bitcoins),F85,BITCOIN,DIGITAL ASSET,FINANCIAL INSTRUMENTS,FutOnly,503,-115,34,-54,146,76,-14,-391,301,23,847,-19,-127,315,220,188,283,4,11,9,15
250617133741F,BITCOIN - CHICAGO MERCANTILE EXCHANGE,2025-06-17T00:00:00.000,2025 Report Week 24,BITCOIN,133741,CME ,CHI,133 ,BITCOIN,30860,11360,4027,287,8675,551,239,3782,18800,1214,2439,3200,1364,29360,29682,1500,1178,100.0,36.8,13.0,0.9,28.1,1.8,0.8,12.3,60.9,3.9,7.9,10.4,4.4,95.1,96.2,4.9,3.8,137,12,9,4,6,,29,51,9,80,87,64.9,25.2,72.9,42.4,61.2,24.2,68.8,40.7,(5 Bitcoins),F85,BITCOIN,DIGITAL ASSET,FINANCIAL INSTRUMENTS,FutOnly,599,-565,-681,35,-62,26,95,133,15,581,-228,-28,639,628,682,-29,-83,5,12,7,18
250624133741F,BITCOIN - CHICAGO MERCANTILE EXCHANGE,2025-06-24T00:00:00.000,2025 Report Week 25,BITCOIN,133741,CME ,CHI,133 ,BITCOIN,31352,11329,3988,652,8747,516,182,3429,19112,2080,2868,3226,568,29855,30324,1497,1028,100.0,36.1,12.7,2.1,27.9,1.6,0.6,10.9,61.0,6.6,9.1,10.3,1.8,95.2,96.7,4.8,3.3,142,11,8,,5,,31,54,10,90,93,62.8,25.9,71.5,44.6,61.9,24.1,69.8,40.6,(5 Bitcoins),F85,BITCOIN,DIGITAL ASSET,FINANCIAL INSTRUMENTS,FutOnly,492,-31,-39,365,72,-35,-57,-353,312,866,429,26,-796,495,642,-3,-150,,13,9,32
250701133741F,BITCOIN - CHICAGO MERCANTILE EXCHANGE,2025-07-01T00:00:00.000,2025 Report Week 26,BITCOIN,133741,CME ,CHI,133 ,BITCOIN,29388,10627,4194,736,8519,549,181,3712,18353,929,3015,3231,331,28050,28504,1338,884,100.0,36.2,14.3,2.5,29.0,1.9,0.6,12.6,62.5,3.2,10.3,11.0,1.1,95.4,97.0,4.6,3.0,138,12,8,,6,,34,48,8,85,81,64.4,26.6,71.9,46.1,63.9,25.5,71.3,43.8,(5 Bitcoins),F85,BITCOIN,DIGITAL ASSET,FINANCIAL INSTRUMENTS,FutOnly,-1964,-702,206,84,-228,33,-1,283,-759,-1151,147,5,-237,-1805,-1820,-159,-144,,12,10,20
250708133741F,BITCOIN - CHICAGO MERCANTILE EXCHANGE,2025-07-08T00:00:00.000,2025 Report Week 27,BITCOIN,133741,CME ,CHI,133 ,BITCOIN,29591,10805,4252,174,8955,516,167,3940,18764,1095,2520,3244,452,28108,28664,1483,927,100.0,36.5,14.4,0.6,30.3,1.7,0.6,13.3,63.4,3.7,8.5,11.0,1.5,95.0,96.9,5.0,3.1,133,12,8,,5,,32,47,8,83,80,64.9,27.3,72.8,45.8,64.4,26.3,71.9,44.4,(5 Bitcoins),F85,BITCOIN,DIGITAL ASSET,FINANCIAL INSTRUMENTS,FutOnly,203,178,58,-562,436,-33,-14,228,411,166,-495,13,121,58,160,145,43,,12,9,22
250715133741F,BITCOIN - CHICAGO MERCANTILE EXCHANGE,2025-07-15T00:00:00.000,2025 Report Week 28,BITCOIN,133741,CME,CHI,133,BITCOIN,31309,11046,3795,279,9199,465,223,5258,19605,944,1039,3236,1692,29680,30239,1629,1070,100.0,35.3,12.1,0.9,29.4,1.5,0.7,16.8,62.6,3.0,3.3,10.3,5.4,94.8,96.6,5.2,3.4,144,13,10,,4,5,35,50,11,88,89,60.7,26.5,69.8,44.3,59.2,24.7,66.6,42.2,(5 Bitcoins),F85,BITCOIN,DIGITAL ASSET,FINANCIAL INSTRUMENTS,FutOnly,1718,241,-457,105,244,-51,56,1318,841,-151,-1481,-8,1240,1572,1575,146,143,4,13,8,21
250722133741F,BITCOIN - CHICAGO MERCANTILE EXCHANGE,2025-07-22T00:00:00.000,2025 Report Week 29,BITCOIN,133741,CME ,CHI,133 ,BITCOIN,30797,11105,2894,790,9131,458,183,4724,19707,1105,1101,3607,948,29087,29692,1710,1105,100.0,36.1,9.4,2.6,29.6,1.5,0.6,15.3,64.0,3.6,3.6,11.7,3.1,94.4,96.4,5.6,3.6,143,13,7,4,,4,37,51,11,95,90,59.3,26.8,66.2,44.5,58.8,25.4,65.1,42.9,(5 Bitcoins),F85,BITCOIN,DIGITAL ASSET,FINANCIAL INSTRUMENTS,FutOnly,-512,59,-901,511,-68,-7,-40,-534,102,161,62,371,-744,-593,-547,81,35,4,14,7,30
250729133741F,BITCOIN - CHICAGO MERCANTILE EXCHANGE,2025-07-29T00:00:00.000,2025 Report Week 30,BITCOIN,133741,CME ,CHI,133 ,BITCOIN,28068,10763,2165,126,9003,455,144,3776,19584,712,1409,3225,668,26601,27079,1467,989,100.0,38.3,7.7,0.4,32.1,1.6,0.5,13.5,69.8,2.5,5.0,11.5,2.4,94.8,96.5,5.2,3.5,133,11,8,5,,4,31,47,10,83,81,64.4,28.0,71.5,47.4,64.0,26.7,71.0,46.0,(5 Bitcoins),F85,BITCOIN,DIGITAL ASSET,FINANCIAL INSTRUMENTS,FutOnly,-2729,-342,-729,-664,-128,-3,-39,-948,-123,-393,308,-382,-280,-2486,-2613,-243,-116,,13,9,19
250805133741F,BITCOIN - CHICAGO MERCANTILE EXCHANGE,2025-08-05T00:00:00.000,2025 Report Week 31,BITCOIN,133741,CME ,CHI,133 ,BITCOIN,27561,9679,2278,210,8379,420,274,4889,18987,678,1656,3224,336,26101,26407,1460,1154,100.0,35.1,8.3,0.8,30.4,1.5,1.0,17.7,68.9,2.5,6.0,11.7,1.2,94.7,95.8,5.3,4.2,133,8,9,,,5,34,47,8,81,79,62.1,28.0,70.3,47.3,61.6,26.4,69.5,45.6,(5 Bitcoins),F85,BITCOIN,DIGITAL ASSET,FINANCIAL INSTRUMENTS,FutOnly,-507,-1084,113,84,-624,-35,130,1113,-597,-34,247,-1,-332,-500,-672,-7,165,,13,9,17
250812133741F,BITCOIN - CHICAGO MERCANTILE EXCHANGE,2025-08-12T00:00:00.000,2025 Report Week 32,BITCOIN,133741,CME ,CHI,133 ,BITCOIN,27851,9998,1912,142,8858,420,222,4120,19736,835,1699,3231,353,26227,26851,1624,1000,100.0,35.9,6.9,0.5,31.8,1.5,0.8,14.8,70.9,3.0,6.1,11.6,1.3,94.2,96.4,5.8,3.6,130,9,7,4,,4,33,46,10,84,78,62.5,28.0,70.0,47.2,62.2,26.5,69.6,45.3,(5 Bitcoins),F85,BITCOIN,DIGITAL ASSET,FINANCIAL INSTRUMENTS,FutOnly,290,319,-366,-68,479,0,-52,-769,749,157,43,7,17,126,444,164,-154,4,13,8,20
250819133741F,BITCOIN - CHICAGO MERCANTILE EXCHANGE,2025-08-19T00:00:00.000,2025 Report Week 33,BITCOIN,133741,CME ,CHI,133 ,BITCOIN,28971,9521,1926,163,8401,439,335,4322,19148,2272,1980,3153,484,27478,27920,1493,1051,100.0,32.9,6.6,0.6,29.0,1.5,1.2,14.9,66.1,7.8,6.8,10.9,1.7,94.8,96.4,5.2,3.6,136,9,7,4,4,4,31,51,11,82,89,59.3,27.8,67.4,45.7,58.1,25.9,66.0,41.8,(5 Bitcoins),F85,BITCOIN,DIGITAL ASSET,FINANCIAL INSTRUMENTS,FutOnly,1120,-477,14,21,-457,19,113,202,-588,1437,281,-78,131,1251,1069,-131,51,,11,10,24
250826133741F,BITCOIN - CHICAGO MERCANTILE EXCHANGE,2025-08-26T00:00:00.000,2025 Report Week 34,BITCOIN,133741,CME ,CHI,133 ,BITCOIN,27481,9670,1727,149,8397,441,251,3581,18587,1401,2187,3172,463,26099,26191,1382,1290,100.0,35.2,6.3,0.5,30.6,1.6,0.9,13.0,67.6,5.1,8.0,11.5,1.7,95.0,95.3,5.0,4.7,124,9,4,4,4,4,23,52,10,73,82,62.9,29.0,70.0,46.9,62.3,27.3,69.4,43.9,(5 Bitcoins),F85,BITCOIN,DIGITAL ASSET,FINANCIAL INSTRUMENTS,FutOnly,-1490,149,-199,-14,-4,2,-84,-741,-561,-871,207,19,-21,-1379,-1729,-111,239,,10,11,21
250902133741F,BITCOIN - CHICAGO MERCANTILE EXCHANGE,2025-09-02T00:00:00.000,2025 Report Week 35,BITCOIN,133741,CME ,CHI,133 ,BITCOIN,26684,9432,1984,215,8709,510,178,2848,18170,1060,2631,3209,422,25495,25748,1189,936,100.0,35.3,7.4,0.8,32.6,1.9,0.7,10.7,68.1,4.0,9.9,12.0,1.6,95.5,96.5,4.5,3.5,128,9,6,,5,,27,49,10,73,81,65.7,28.8,73.7,45.9,65.2,27.3,73.0,44.2,(5 Bitcoins),F85,BITCOIN,DIGITAL ASSET,FINANCIAL INSTRUMENTS,FutOnly,-797,-238,257,66,312,69,-73,-733,-417,-341,444,37,-41,-604,-443,-193,-354,,11,10,19
250909133741F,BITCOIN - CHICAGO MERCANTILE EXCHANGE,2025-09-09T00:00:00.000,2025 Report Week 36,BITCOIN,133741,CME ,CHI,133 ,BITCOIN,26930,9458,2301,184,8560,714,187,3754,18505,710,2384,3048,430,25667,26079,1263,851,100.0,35.1,8.5,0.7,31.8,2.7,0.7,13.9,68.7,2.6,8.9,11.3,1.6,95.3,96.8,4.7,3.2,132,10,7,,6,,27,50,10,72,81,64.0,28.6,72.7,46.3,63.5,27.0,72.0,44.5,(5 Bitcoins),F85,BITCOIN,DIGITAL ASSET,FINANCIAL INSTRUMENTS,FutOnly,246,26,317,-31,-149,204,9,906,335,-350,-247,-161,8,172,331,74,-85,,11,10,14
250916133741F,BITCOIN - CHICAGO MERCANTILE EXCHANGE,2025-09-16T00:00:00.000,2025 Report Week 37,BITCOIN,133741,CME ,CHI,133 ,BITCOIN,28844,9976,2326,205,9038,771,159,2958,19327,1721,2967,2948,497,27521,27954,1323,890,100.0,34.6,8.1,0.7,31.3,2.7,0.6,10.3,67.0,6.0,10.3,10.2,1.7,95.4,96.9,4.6,3.1,137,10,7,,6,,30,53,9,77,85,65.5,25.4,73.0,43.2,63.4,23.7,69.7,40.9,(5 Bitcoins),F85,BITCOIN,DIGITAL ASSET,FINANCIAL INSTRUMENTS,FutOnly,1914,518,25,21,478,57,-28,-796,822,1011,583,-100,67,1854,1875,60,39,,11,10,17
250923133741F,BITCOIN - CHICAGO MERCANTILE EXCHANGE,2025-09-23T00:00:00.000,2025 Report Week 38,BITCOIN,133741,CME ,CHI,133 ,BITCOIN,27809,9454,2630,319,8612,727,248,3623,18016,1408,2459,3021,441,26564,26810,1245,999,100.0,34.0,9.5,1.1,31.0,2.6,0.9,13.0,64.8,5.1,8.8,10.9,1.6,95.5,96.4,4.5,3.6,133,10,6,4,6,4,25,51,11,80,89,63.3,26.8,70.7,44.3,62.8,24.0,69.7,41.0,(5 Bitcoins),F85,BITCOIN,DIGITAL ASSET,FINANCIAL INSTRUMENTS,FutOnly,-1035,-522,304,114,-426,-44,89,665,-1311,-313,-508,73,-56,-957,-1144,-78,109,,10,11,26
250930133741F,BITCOIN - CHICAGO MERCANTILE EXCHANGE,2025-09-30T00:00:00.000,2025 Report Week 39,BITCOIN,133741,CME ,CHI,133 ,BITCOIN,26874,9294,3017,286,8734,609,239,3010,16883,819,2822,3537,390,25594,25780,1280,1094,100.0,34.6,11.2,1.1,32.5,2.3,0.9,11.2,62.8,3.0,10.5,13.2,1.5,95.2,95.9,4.8,4.1,128,8,9,,5,,29,45,11,72,80,67.1,26.8,73.5,44.4,66.8,25.3,73.1,42.5,(5 Bitcoins),F85,BITCOIN,DIGITAL ASSET,FINANCIAL INSTRUMENTS,FutOnly,-935,-160,387,-33,122,-118,-9,-613,-1133,-589,363,516,-51,-970,-1030,35,95,,10,9,17
251007133741F,BITCOIN - CHICAGO MERCANTILE EXCHANGE,2025-10-07T00:00:00.000,2025 Report Week 40,BITCOIN,133741,CME ,CHI,133 ,BITCOIN,29001,9554,3195,579,9212,612,244,3383,17430,1490,2783,3927,456,27701,27933,1300,1068,100.0,32.9,11.0,2.0,31.8,2.1,0.8,11.7,60.1,5.1,9.6,13.5,1.6,95.5,96.3,4.5,3.7,141,8,12,4,5,4,36,50,12,84,91,64.2,25.2,70.3,40.7,63.8,23.6,69.7,38.3,(5 Bitcoins),F85,BITCOIN,DIGITAL ASSET,FINANCIAL INSTRUMENTS,FutOnly,2127,260,178,293,478,3,5,373,547,671,-39,390,66,2107,2153,20,-26,,10,6,24
251014133741F,BITCOIN - CHICAGO MERCANTILE EXCHANGE,2025-10-14T00:00:00.000,2025 Report Week 41,BITCOIN,133741,CME ,CHI,133 ,BITCOIN,28503,9496,3169,585,8651,608,191,4039,17470,1003,2819,4082,308,27092,27416,1411,1087,100.0,33.3,11.1,2.1,30.4,2.1,0.7,14.2,61.3,3.5,9.9,14.3,1.1,95.0,96.2,5.0,3.8,138,10,11,,4,4,30,52,11,78,93,64.6,25.8,71.3,43.3,64.2,24.5,70.9,41.3,(5 Bitcoins),F85,BITCOIN,DIGITAL ASSET,FINANCIAL INSTRUMENTS,FutOnly,-498,-58,-26,6,-561,-4,-53,656,40,-487,36,155,-148,-609,-517,111,19,,10,7,24
251021133741F,BITCOIN - CHICAGO MERCANTILE EXCHANGE,2025-10-21T00:00:00.000,2025 Report Week 42,BITCOIN,133741,CME ,CHI,133 ,BITCOIN,28477,9639,3035,598,8475,633,273,3138,17140,1340,3224,4137,273,26960,27429,1517,1048,100.0,33.8,10.7,2.1,29.8,2.2,1.0,11.0,60.2,4.7,11.3,14.5,1.0,94.7,96.3,5.3,3.7,131,8,10,,6,,24,51,11,77,88,66.4,26.7,73.1,43.4,66.0,24.3,72.5,40.6,(5 Bitcoins),F85,BITCOIN,DIGITAL ASSET,FINANCIAL INSTRUMENTS,FutOnly,-26,143,-134,13,-176,25,82,-901,-330,337,405,55,-35,-132,13,106,-39,,10,8,26
251028133741F,BITCOIN - CHICAGO MERCANTILE EXCHANGE,2025-10-28T00:00:00.000,2025 Report Week 43,BITCOIN,133741,CME ,CHI,133 ,BITCOIN,28717,9609,2278,488,8622,677,248,2721,19944,2461,3167,1646,36,27352,27778,1365,939,100.0,33.5,7.9,1.7,30.0,2.4,0.9,9.5,69.5,8.6,11.0,5.7,0.1,95.2,96.7,4.8,3.3,134,8,9,,6,4,24,55,13,79,96,66.0,27.6,72.6,44.9,65.4,25.2,71.6,40.9,(5 Bitcoins),F85,BITCOIN,DIGITAL ASSET,FINANCIAL INSTRUMENTS,FutOnly,240,-30,-757,-110,147,44,-25,-417,2804,1121,-57,-2491,-237,392,349,-152,-109,,10,7,32
251104133741F,BITCOIN - CHICAGO MERCANTILE EXCHANGE,2025-11-04T00:00:00.000,2025 Report Week 44,BITCOIN,133741,CME ,CHI,133 ,BITCOIN,27093,8775,2218,430,7682,714,464,4270,19438,1168,2958,1559,36,25783,26027,1310,1066,100.0,32.4,8.2,1.6,28.4,2.6,1.7,15.8,71.7,4.3,10.9,5.8,0.1,95.2,96.1,4.8,3.9,132,7,7,,8,6,28,51,10,73,90,65.7,26.9,74.9,44.1,64.6,25.8,72.5,42.7,(5 Bitcoins),F85,BITCOIN,DIGITAL ASSET,FINANCIAL INSTRUMENTS,FutOnly,-1624,-834,-60,-58,-940,37,216,1549,-506,-1293,-209,-87,0,-1569,-1751,-55,127,,10,9,21
251110133741F,BITCOIN - CHICAGO MERCANTILE EXCHANGE,2025-11-10T00:00:00.000,2025 Report Week 45,BITCOIN,133741,CME ,CHI,133 ,BITCOIN,27544,9135,2336,628,8073,647,387,3776,19586,1097,3190,1576,39,26325,26296,1219,1248,100.0,33.2,8.5,2.3,29.3,2.3,1.4,13.7,71.1,4.0,11.6,5.7,0.1,95.6,95.5,4.4,4.5,127,8,9,4,6,4,24,50,10,74,88,68.8,26.3,76.0,42.7,68.0,25.3,74.4,41.6,(5 Bitcoins),F85,BITCOIN,DIGITAL ASSET,FINANCIAL INSTRUMENTS,FutOnly,451,360,118,198,391,-67,-77,-494,148,-71,232,17,3,542,269,-91,182,,9,10,26
251118133741F,BITCOIN - CHICAGO MERCANTILE EXCHANGE,2025-11-18T00:00:00.000,2025 Report Week 46,BITCOIN,133741,CME ,CHI,133 ,BITCOIN,27116,7764,2459,412,7123,875,699,5570,19134,728,3375,1515,74,25745,25896,1371,1220,100.0,28.6,9.1,1.5,26.3,3.2,2.6,20.5,70.6,2.7,12.4,5.6,0.3,94.9,95.5,5.1,4.5,137,9,9,4,11,6,30,49,11,78,101,69.0,24.1,75.3,42.4,67.2,23.4,73.5,41.5,(5 Bitcoins),F85,BITCOIN,DIGITAL ASSET,FINANCIAL INSTRUMENTS,FutOnly,-428,-1371,123,-216,-950,228,312,1794,-452,-369,185,-61,35,-580,-400,152,-28,,7,8,29
251125133741F,BITCOIN - CHICAGO MERCANTILE EXCHANGE,2025-11-25T00:00:00.000,2025 Report Week 47,BITCOIN,133741,CME ,CHI,133 ,BITCOIN,26260,7320,2433,475,7227,727,666,4352,18116,1231,3360,1328,90,24721,25066,1539,1194,100.0,27.9,9.3,1.8,27.5,2.8,2.5,16.6,69.0,4.7,12.8,5.1,0.3,94.1,95.5,5.9,4.5,134,8,9,4,9,6,28,51,9,78,95,66.4,24.7,72.9,40.7,64.3,24.7,70.4,39.8,(5 Bitcoins),F85,BITCOIN,DIGITAL ASSET,FINANCIAL INSTRUMENTS,FutOnly,-856,-444,-26,63,104,-148,-33,-1218,-1018,503,-15,-187,16,-1024,-830,168,-26,,8,10,26
251202133741F,BITCOIN - CHICAGO MERCANTILE EXCHANGE,2025-12-02T00:00:00.000,2025 Report Week 48,BITCOIN,133741,CME ,CHI,133 ,BITCOIN,24329,7587,2417,775,7590,704,492,2674,16800,675,3382,1336,0,23175,23199,1154,1130,100.0,31.2,9.9,3.2,31.2,2.9,2.0,11.0,69.1,2.8,13.9,5.5,0.0,95.3,95.4,4.7,4.6,127,8,10,,7,5,27,48,8,69,87,72.2,27.6,79.7,45.6,70.5,27.6,76.1,44.3,(5 Bitcoins),F85,BITCOIN,DIGITAL ASSET,FINANCIAL INSTRUMENTS,FutOnly,-1931,267,-16,300,363,-23,-174,-1678,-1316,-556,22,8,-90,-1546,-1867,-385,-64,0,9,9,22
251209133741F,BITCOIN - CHICAGO MERCANTILE EXCHANGE,2025-12-09T00:00:00.000,2025 Report Week 49,BITCOIN,133741,CME ,CHI,133 ,BITCOIN,24793,8055,2397,851,8098,746,465,2303,17173,788,3070,1292,1,23631,23713,1162,1080,100.0,32.5,9.7,3.4,32.7,3.0,1.9,9.3,69.3,3.2,12.4,5.2,0.0,95.3,95.6,4.7,4.4,131,8,9,,8,,27,53,8,68,93,71.9,27.2,79.8,43.8,70.2,27.2,76.0,42.3,(5 Bitcoins),F85,BITCOIN,DIGITAL ASSET,FINANCIAL INSTRUMENTS,FutOnly,464,468,-20,76,508,42,-27,-371,373,113,-312,-44,1,456,514,8,-50,,8,9,23
251216133741F,BITCOIN - CHICAGO MERCANTILE EXCHANGE,2025-12-16T00:00:00.000,2025 Report Week 50,BITCOIN,133741,CME ,CHI,133 ,BITCOIN,24502,7117,2537,916,7511,686,692,3092,15635,1454,2662,1399,33,23477,23352,1025,1150,100.0,29.0,10.4,3.7,30.7,2.8,2.8,12.6,63.8,5.9,10.9,5.7,0.1,95.8,95.3,4.2,4.7,135,7,10,,9,4,27,54,9,72,98,68.8,27.0,77.5,43.5,66.4,25.7,72.1,39.4,(5 Bitcoins),F85,BITCOIN,DIGITAL ASSET,FINANCIAL INSTRUMENTS,FutOnly,-291,-938,140,65,-587,-60,227,789,-1538,666,-408,107,32,-154,-361,-137,70,,7,10,27
251223133741F,BITCOIN - CHICAGO MERCANTILE EXCHANGE,2025-12-23T00:00:00.000,2025 Report Week 51,BITCOIN,133741,CME ,CHI,133 ,BITCOIN,21988,7203,2686,717,6820,572,646,2686,13937,825,1851,1391,37,20785,20811,1203,1177,100.0,32.8,12.2,3.3,31.0,2.6,2.9,12.2,63.4,3.8,8.4,6.3,0.2,94.5,94.6,5.5,5.4,125,7,10,5,7,4,24,51,8,70,91,67.6,26.6,77.4,44.5,64.6,26.4,72.1,41.4,(5 Bitcoins),F85,BITCOIN,DIGITAL ASSET,FINANCIAL INSTRUMENTS,FutOnly,-2514,86,149,-199,-691,-114,-46,-406,-1698,-629,-811,-8,4,-2692,-2541,178,27,,6,9,25
251230133741F,BITCOIN - CHICAGO MERCANTILE EXCHANGE,2025-12-30T00:00:00.000,2025 Report Week 52,BITCOIN,133741,CME ,CHI,133 ,BITCOIN,20166,7064,2564,77,7075,478,613,2115,13026,747,1416,1489,1,19108,18995,1058,1171,100.0,35.0,12.7,0.4,35.1,2.4,3.0,10.5,64.6,3.7,7.0,7.4,0.0,94.8,94.2,5.2,5.8,117,7,10,,7,,20,48,9,55,86,72.6,29.7,79.6,45.2,69.7,29.5,76.4,44.8,(5 Bitcoins),F85,BITCOIN,DIGITAL ASSET,FINANCIAL INSTRUMENTS,FutOnly,-1822,-139,-122,-640,255,-94,-33,-571,-911,-78,-435,98,-36,-1677,-1816,-145,-6,,8,5,18
260106133741F,BITCOIN - CHICAGO MERCANTILE EXCHANGE,2026-01-06T00:00:00.000,2026 Report Week 01,BITCOIN,133741,CME ,CHI,133 ,BITCOIN,22168,7366,2712,97,7677,752,566,2554,14294,1085,1628,1543,1,20974,21050,1194,1118,100.0,33.2,12.2,0.4,34.6,3.4,2.6,11.5,64.5,4.9,7.3,7.0,0.0,94.6,95.0,5.4,5.0,132,7,12,,7,5,26,53,10,66,95,69.9,28.8,77.4,42.9,67.8,28.6,74.7,42.5,(5 Bitcoins),F85,BITCOIN,DIGITAL ASSET,FINANCIAL INSTRUMENTS,FutOnly,2002,302,148,20,602,274,-47,439,1268,338,212,54,0,1866,2055,136,-53,,9,6,21
260113133741F,BITCOIN - CHICAGO MERCANTILE EXCHANGE,2026-01-13T00:00:00.000,2026 Report Week 02,BITCOIN,133741,CME ,CHI,133 ,BITCOIN,23843,7605,2820,149,8085,736,490,2690,15408,1624,1995,1476,1,22639,22704,1204,1139,100.0,31.9,11.8,0.6,33.9,3.1,2.1,11.3,64.6,6.8,8.4,6.2,0.0,95.0,95.2,5.0,4.8,134,7,12,,8,,28,51,9,70,94,68.5,27.3,77.5,41.3,66.7,23.6,73.1,37.6,(5 Bitcoins),F85,BITCOIN,DIGITAL ASSET,FINANCIAL INSTRUMENTS,FutOnly,1675,239,108,52,408,-16,-76,136,1114,539,367,-67,0,1665,1654,10,21,,8,8,24
260120133741F,BITCOIN - CHICAGO MERCANTILE EXCHANGE,2026-01-20T00:00:00.000,2026 Report Week 03,BITCOIN,133741,CME ,CHI,133 ,BITCOIN,24541,7151,2761,222,7800,548,507,4591,16149,1753,1231,1462,1,23256,23403,1285,1138,100.0,29.1,11.3,0.9,31.8,2.2,2.1,18.7,65.8,7.1,5.0,6.0,0.0,94.8,95.4,5.2,4.6,135,7,12,,7,4,27,54,9,70,96,63.7,28.5,74.8,43.9,62.1,23.6,70.3,39.1,(5 Bitcoins),F85,BITCOIN,DIGITAL ASSET,FINANCIAL INSTRUMENTS,FutOnly,698,-454,-59,73,-285,-188,17,1901,741,129,-764,-14,0,617,699,81,-1,,8,8,23
260127133741F,BITCOIN - CHICAGO MERCANTILE EXCHANGE,2026-01-27T00:00:00.000,2026 Report Week 04,BITCOIN,133741,CME ,CHI,133 ,BITCOIN,24276,7130,2502,1001,7769,491,430,3003,15399,2733,1004,409,0,23070,22965,1206,1311,100.0,29.4,10.3,4.1,32.0,2.0,1.8,12.4,63.4,11.3,4.1,1.7,0.0,95.0,94.6,5.0,5.4,124,7,10,,5,4,26,57,4,66,88,62.3,29.4,74.3,46.5,59.4,21.9,65.1,36.5,(5 Bitcoins),F85,BITCOIN,DIGITAL ASSET,FINANCIAL INSTRUMENTS,FutOnly,-265,-21,-259,779,-31,-57,-77,-1588,-750,980,-227,-1053,-1,-186,-438,-79,173,0,7,5,24
260203133741F,BITCOIN - CHICAGO MERCANTILE EXCHANGE,2026-02-03T00:00:00.000,2026 Report Week 05,BITCOIN,133741,CME ,CHI,133 ,BITCOIN,23044,6302,2224,863,7193,891,800,4450,15875,798,1486,401,1,21893,21853,1151,1191,100.0,27.3,9.7,3.7,31.2,3.9,3.5,19.3,68.9,3.5,6.4,1.7,0.0,95.0,94.8,5.0,5.2,123,7,9,,11,5,23,56,4,62,88,65.8,22.5,76.0,39.7,62.6,22.0,70.6,38.0,(5 Bitcoins),F85,BITCOIN,DIGITAL ASSET,FINANCIAL INSTRUMENTS,FutOnly,-1232,-828,-278,-138,-576,400,370,1447,476,-1935,482,-8,1,-1177,-1112,-55,-120,,6,5,18
260210133741F,BITCOIN - CHICAGO MERCANTILE EXCHANGE,2026-02-10T00:00:00.000,2026 Report Week 06,BITCOIN,133741,CME ,CHI,133 ,BITCOIN,24157,5746,2470,946,7476,972,697,4372,13871,3601,116,497,1,22955,23055,1202,1102,100.0,23.8,10.2,3.9,30.9,4.0,2.9,18.1,57.4,14.9,0.5,2.1,0.0,95.0,95.4,5.0,4.6,135,6,12,4,10,,29,59,6,70,100,62.3,23.2,72.6,40.0,54.9,19.8,61.2,31.8,(5 Bitcoins),F85,BITCOIN,DIGITAL ASSET,FINANCIAL INSTRUMENTS,FutOnly,1113,-556,246,83,283,81,-103,-78,-2004,2803,-1370,96,0,1062,1202,51,-89,,6,5,27
260217133741F,BITCOIN - CHICAGO MERCANTILE EXCHANGE,2026-02-17T00:00:00.000,2026 Report Week 07,BITCOIN,133741,CME ,CHI,133 ,BITCOIN,23335,5821,2570,976,6957,1019,1002,3954,12830,3137,293,675,32,22172,22241,1163,1094,100.0,24.9,11.0,4.2,29.8,4.4,4.3,16.9,55.0,13.4,1.3,2.9,0.1,95.0,95.3,5.0,4.7,135,6,13,4,11,,28,59,6,69,104,61.5,22.1,73.1,36.2,55.2,19.4,61.4,28.7,(5 Bitcoins),F85,BITCOIN,DIGITAL ASSET,FINANCIAL INSTRUMENTS,FutOnly,-822,75,100,30,-519,47,305,-418,-1041,-464,177,178,31,-783,-814,-39,-8,,6,,29
260224133741F,BITCOIN - CHICAGO MERCANTILE EXCHANGE,2026-02-24T00:00:00.000,2026 Report Week 08,BITCOIN,133741,CME ,CHI,133 ,BITCOIN,22919,5763,2612,1147,6662,944,1101,4124,12360,2631,328,909,1,21757,21705,1162,1214,100.0,25.1,11.4,5.0,29.1,4.1,4.8,18.0,53.9,11.5,1.4,4.0,0.0,94.9,94.7,5.1,5.3,138,7,13,4,10,,29,58,7,67,107,60.7,20.9,70.8,36.0,53.9,18.5,59.9,28.8,(5 Bitcoins),F85,BITCOIN,DIGITAL ASSET,FINANCIAL INSTRUMENTS,FutOnly,-416,-58,42,171,-295,-75,99,170,-470,-506,35,234,-31,-415,-536,-1,120,,6,5,29
260303133741F,BITCOIN - CHICAGO MERCANTILE EXCHANGE,2026-03-03T00:00:00.000,2026 Report Week 09,BITCOIN,133741,CME ,CHI,133 ,BITCOIN,20302,5975,2332,450,7154,1129,907,3138,12333,1416,69,393,44,19153,19004,1149,1298,100.0,29.4,11.5,2.2,35.2,5.6,4.5,15.5,60.7,7.0,0.3,1.9,0.2,94.3,93.6,5.7,6.4,125,8,12,,12,,23,52,4,58,94,66.8,21.5,76.4,35.6,62.0,20.0,68.9,31.6,(5 Bitcoins),F85,BITCOIN,DIGITAL ASSET,FINANCIAL INSTRUMENTS,FutOnly,-2617,212,-280,-697,492,185,-194,-986,-27,-1215,-259,-516,43,-2604,-2701,-13,84,,8,,21
260310133741F,BITCOIN - CHICAGO MERCANTILE EXCHANGE,2026-03-10T00:00:00.000,2026 Report Week 10,BITCOIN,133741,CME ,CHI,133 ,BITCOIN,21047,5842,2329,629,6875,984,936,3058,12737,1950,682,427,2,19974,19994,1073,1053,100.0,27.8,11.1,3.0,32.7,4.7,4.4,14.5,60.5,9.3,3.2,2.0,0.0,94.9,95.0,5.1,5.0,125,7,12,,11,4,23,53,5,62,94,66.0,23.3,75.3,37.9,60.1,21.2,66.5,32.9,(5 Bitcoins),F85,BITCOIN,DIGITAL ASSET,FINANCIAL INSTRUMENTS,FutOnly,745,-133,-3,179,-279,-145,29,-80,404,534,613,34,-42,821,990,-76,-245,,7,6,24
260317133741F,BITCOIN - CHICAGO MERCANTILE EXCHANGE,2026-03-17T00:00:00.000,2026 Report Week 11,BITCOIN,133741,CME ,CHI,133 ,BITCOIN,23807,6302,2257,1834,6954,1068,958,2530,13390,2713,1268,428,2,22561,22650,1246,1157,100.0,26.5,9.5,7.7,29.2,4.5,4.0,10.6,56.2,11.4,5.3,1.8,0.0,94.8,95.1,5.2,4.9,127,6,13,4,10,5,21,52,5,66,92,64.5,24.4,74.7,40.7,54.4,20.7,59.4,32.6,(5 Bitcoins),F85,BITCOIN,DIGITAL ASSET,FINANCIAL INSTRUMENTS,FutOnly,2760,460,-72,1205,79,84,22,-528,653,763,586,1,0,2587,2656,173,104,,9,10,21
260324133741F,BITCOIN - CHICAGO MERCANTILE EXCHANGE,2026-03-24T00:00:00.000,2026 Report Week 12,BITCOIN,133741,CME ,CHI,133 ,BITCOIN,23268,5904,2095,2609,6219,1151,1137,3814,12165,2422,64,433,2,22171,22014,1097,1254,100.0,25.4,9.0,11.2,26.7,4.9,4.9,16.4,52.3,10.4,0.3,1.9,0.0,95.3,94.6,4.7,5.4,116,7,9,4,10,4,20,52,6,57,92,67.2,26.8,78.5,43.7,54.0,19.9,60.2,31.2,(5 Bitcoins),F85,BITCOIN,DIGITAL ASSET,FINANCIAL INSTRUMENTS,FutOnly,-539,-398,-162,775,-735,83,179,1284,-1225,-291,-1204,5,0,-390,-636,-149,97,,6,,24
260331133741F,BITCOIN - CHICAGO MERCANTILE EXCHANGE,2026-03-31T00:00:00.000,2026 Report Week 13,BITCOIN,133741,CME ,CHI,133 ,BITCOIN,20631,6014,2148,2039,5965,1161,1182,2991,11043,1539,94,268,2,19826,19382,805,1249,100.0,29.2,10.4,9.9,28.9,5.6,5.7,14.5,53.5,7.5,0.5,1.3,0.0,96.1,93.9,3.9,6.1,111,9,9,,11,,14,53,4,47,86,72.8,26.5,81.6,41.1,59.9,19.0,64.7,30.3,(5 Bitcoins),F85,BITCOIN,DIGITAL ASSET,FINANCIAL INSTRUMENTS,FutOnly,-2637,110,53,-570,-254,10,45,-823,-1122,-883,30,-165,0,-2345,-2632,-292,-5,,5,4,16
260407133741F,BITCOIN - CHICAGO MERCANTILE EXCHANGE,2026-04-07T00:00:00.000,2026 Report Week 14,BITCOIN,133741,CME ,CHI,133 ,BITCOIN,22308,5959,2233,2096,6022,1449,1248,3601,12028,1743,710,274,2,21381,21073,927,1235,100.0,26.7,10.0,9.4,27.0,6.5,5.6,16.1,53.9,7.8,3.2,1.2,0.0,95.8,94.5,4.2,5.5,115,7,11,5,12,,16,50,4,51,88,69.9,26.0,79.3,41.3,58.2,19.3,63.2,28.9,(5 Bitcoins),F85,BITCOIN,DIGITAL ASSET,FINANCIAL INSTRUMENTS,FutOnly,1677,-55,85,57,57,288,66,610,985,204,616,6,0,1555,1691,122,-14,,7,5,15
260414133741F,BITCOIN - CHICAGO MERCANTILE EXCHANGE,2026-04-14T00:00:00.000,2026 Report Week 15,BITCOIN,133741,CME ,CHI,133 ,BITCOIN,23761,6520,2326,2041,6505,1244,1032,3318,13557,2003,1326,392,4,22749,22599,1012,1162,100.0,27.4,9.8,8.6,27.4,5.2,4.3,14.0,57.1,8.4,5.6,1.6,0.0,95.7,95.1,4.3,4.9,126,8,12,5,11,4,20,53,5,60,95,66.4,25.9,78.3,42.6,58.3,19.5,63.7,31.2,(5 Bitcoins),F85,BITCOIN,DIGITAL ASSET,FINANCIAL INSTRUMENTS,FutOnly,1453,561,93,-55,483,-205,-216,-283,1529,260,616,118,2,1368,1526,85,-73,,9,6,19
260421133741F,BITCOIN - CHICAGO MERCANTILE EXCHANGE,2026-04-21T00:00:00.000,2026 Report Week 16,BITCOIN,133741,CME ,CHI,133 ,BITCOIN,24994,6748,2187,2106,6587,1229,975,2935,13657,3431,977,353,2,23761,23940,1233,1054,100.0,27.0,8.8,8.4,26.4,4.9,3.9,11.7,54.6,13.7,3.9,1.4,0.0,95.1,95.8,4.9,4.2,124,8,12,5,11,4,22,53,5,65,93,64.8,27.2,78.2,44.0,55.2,19.5,59.4,29.9,(5 Bitcoins),F85,BITCOIN,DIGITAL ASSET,FINANCIAL INSTRUMENTS,FutOnly,1233,228,-139,65,82,-15,-57,-383,100,1428,-349,-39,-2,1012,1341,221,-108,,7,5,24
260428133741F,BITCOIN - CHICAGO MERCANTILE EXCHANGE,2026-04-28T00:00:00.000,2026 Report Week 17,BITCOIN,133741,CME ,CHI,133 ,BITCOIN,21692,6704,2143,992,6621,1196,683,3534,13894,1380,727,293,5,20646,20586,1046,1106,100.0,30.9,9.9,4.6,30.5,5.5,3.1,16.3,64.1,6.4,3.4,1.4,0.0,95.2,94.9,4.8,5.1,109,8,8,,8,4,21,46,4,57,75,69.1,27.0,78.8,41.9,65.2,24.3,70.1,37.3,(5 Bitcoins),F85,BITCOIN,DIGITAL ASSET,FINANCIAL INSTRUMENTS,FutOnly,-3302,-44,-44,-1114,34,-33,-292,599,237,-2051,-250,-60,3,-3115,-3354,-187,52,,8,4,16
260505133741F,BITCOIN - CHICAGO MERCANTILE EXCHANGE,2026-05-05T00:00:00.000,2026 Report Week 18,BITCOIN,133741,CME ,CHI,133 ,BITCOIN,23402,6891,2422,912,7096,909,611,4148,15886,1204,1356,372,0,22218,22316,1184,1086,100.0,29.4,10.3,3.9,30.3,3.9,2.6,17.7,67.9,5.1,5.8,1.6,0.0,94.9,95.4,5.1,4.6,135,8,11,4,10,5,25,55,6,69,91,64.1,24.5,74.5,42.2,62.3,21.9,69.7,38.6,(5 Bitcoins),F85,BITCOIN,DIGITAL ASSET,FINANCIAL INSTRUMENTS,FutOnly,1710,187,279,-80,475,-287,-72,614,1992,-176,629,79,-5,1572,1730,138,-20,0,10,8,16
260512133741F,BITCOIN - CHICAGO MERCANTILE EXCHANGE,2026-05-12T00:00:00.000,2026 Report Week 19,BITCOIN,133741,CME ,CHI,133 ,BITCOIN,23535,6135,2254,1242,7097,1297,510,4347,15417,1473,782,294,0,21586,22487,1949,1048,100.0,26.1,9.6,5.3,30.2,5.5,2.2,18.5,65.5,6.3,3.3,1.2,0.0,91.7,95.5,8.3,4.5,127,9,11,6,8,4,19,56,4,67,90,62.7,25.9,72.5,41.3,60.8,23.7,67.7,37.7,(5 Bitcoins),F85,BITCOIN,DIGITAL ASSET,FINANCIAL INSTRUMENTS,FutOnly,133,-756,-168,330,1,388,-101,199,-469,269,-574,-78,0,-632,171,765,-38,0,11,6,20
260519133741F,BITCOIN - CHICAGO MERCANTILE EXCHANGE,2026-05-19T00:00:00.000,2026 Report Week 20,BITCOIN,133741,CME ,CHI,133 ,BITCOIN,23000,6313,2252,1300,6227,1406,728,5253,14214,1707,210,291,0,21738,21898,1262,1102,100.0,27.4,9.8,5.7,27.1,6.1,3.2,22.8,61.8,7.4,0.9,1.3,0.0,94.5,95.2,5.5,4.8,110,7,12,4,9,,18,46,4,50,80,67.1,27.8,78.4,40.6,64.3,24.6,69.6,37.0,(5 Bitcoins),F85,BITCOIN,DIGITAL ASSET,FINANCIAL INSTRUMENTS,FutOnly,-535,178,-2,58,-870,109,218,906,-1203,234,-572,-3,0,152,-589,-687,54,0,7,6,14
260526133741F,BITCOIN - CHICAGO MERCANTILE EXCHANGE,2026-05-26T00:00:00.000,2026 Report Week 21,BITCOIN,133741,CME ,CHI,133 ,BITCOIN,21625,6321,2239,458,5950,1598,708,4666,13300,1834,421,329,0,20358,20466,1267,1159,100.0,29.2,10.4,2.1,27.5,7.4,3.3,21.6,61.5,8.5,1.9,1.5,0.0,94.1,94.6,5.9,5.4,114,9,10,5,8,,24,46,5,59,82,70.9,25.1,78.4,39.7,65.2,23.0,69.6,36.1,(5 Bitcoins),F85,BITCOIN,DIGITAL ASSET,FINANCIAL INSTRUMENTS,FutOnly,-1375,8,-13,-842,-277,192,-20,-587,-914,127,211,38,0,-1380,-1432,5,57,0,6,6,20
260602133741F,BITCOIN - CHICAGO MERCANTILE EXCHANGE,2026-06-02T00:00:00.000,2026 Report Week 22,BITCOIN,133741,CME ,CHI,133 ,BITCOIN,19882,5504,2033,199,5256,2153,653,6269,12827,483,365,518,0,18729,18866,1153,1016,100.0,27.7,10.2,1.0,26.4,10.8,3.3,31.5,64.5,2.4,1.8,2.6,0.0,94.2,94.9,5.8,5.1,123,8,10,4,12,,27,46,6,58,86,66.2,22.5,77.7,37.4,62.9,22.5,74.5,37.2,(5 Bitcoins),F85,BITCOIN,DIGITAL ASSET,FINANCIAL INSTRUMENTS,FutOnly,-1743,-817,-206,-259,-694,555,-55,1603,-473,-1351,-56,189,0,-1629,-1600,-114,-143,0,7,5,15
260609133741F,BITCOIN - CHICAGO MERCANTILE EXCHANGE,2026-06-09T00:00:00.000,2026 Report Week 23,BITCOIN,133741,CME ,CHI,133 ,BITCOIN,19776,5679,1990,293,5330,2442,469,6153,12148,721,122,592,0,18767,18655,1009,1121,100.0,28.7,10.1,1.5,27.0,12.3,2.4,31.1,61.4,3.6,0.6,3.0,0.0,94.9,94.3,5.1,5.7,132,9,10,4,15,,26,54,6,56,98,67.2,22.2,76.6,35.6,64.9,22.2,74.0,35.6,(5 Bitcoins),F85,BITCOIN,DIGITAL ASSET,FINANCIAL INSTRUMENTS,FutOnly,-106,175,-43,94,74,289,-184,-116,-679,238,-243,74,0,38,-211,-144,105,0,6,5,16
260616133741F,BITCOIN - CHICAGO MERCANTILE EXCHANGE,2026-06-16T00:00:00.000,2026 Report Week 24,BITCOIN,133741,CME ,CHI,133 ,BITCOIN,21125,6026,2016,399,5433,2926,285,6077,12684,1463,301,281,1,19985,20055,1140,1070,100.0,28.5,9.5,1.9,25.7,13.9,1.3,28.8,60.0,6.9,1.4,1.3,0.0,94.6,94.9,5.4,5.1,127,9,10,,15,,23,51,6,56,93,63.7,24.8,73.2,39.8,62.9,24.2,70.2,37.8,(5 Bitcoins),F85,BITCOIN,DIGITAL ASSET,FINANCIAL INSTRUMENTS,FutOnly,1349,347,26,106,103,484,-184,-76,536,742,179,-311,1,1218,1400,131,-51,,7,5,16
260623133741F,BITCOIN - CHICAGO MERCANTILE EXCHANGE,2026-06-23T00:00:00.000,2026 Report Week 25,BITCOIN,133741,CME ,CHI,133 ,BITCOIN,20554,6075,2044,343,5202,2617,505,4925,11055,2352,216,431,1,19619,19348,935,1206,100.0,29.6,9.9,1.7,25.3,12.7,2.5,24.0,53.8,11.4,1.1,2.1,0.0,95.5,94.1,4.5,5.9,130,8,11,5,14,,26,49,6,65,98,63.2,23.9,73.8,37.2,60.8,22.6,67.3,34.7,(5 Bitcoins),F85,BITCOIN,DIGITAL ASSET,FINANCIAL INSTRUMENTS,FutOnly,-571,49,28,-56,-231,-309,220,-1152,-1629,889,-85,150,0,-366,-707,-205,136,,7,6,24
260630133741F,BITCOIN - CHICAGO MERCANTILE EXCHANGE,2026-06-30T00:00:00.000,2026 Report Week 26,BITCOIN,133741,CME ,CHI,133 ,BITCOIN,18336,6260,1735,290,4754,2754,275,5408,10721,436,145,1123,10,17578,17344,758,992,100.0,34.1,9.5,1.6,25.9,15.0,1.5,29.5,58.5,2.4,0.8,6.1,0.1,95.9,94.6,4.1,5.4,120,8,9,4,11,,22,49,8,54,86,68.0,25.5,79.7,37.8,66.6,25.5,77.4,37.8,(5 Bitcoins),F85,BITCOIN,DIGITAL ASSET,FINANCIAL INSTRUMENTS,FutOnly,-2218,185,-309,-53,-448,137,-230,483,-334,-1916,-71,692,9,-2041,-2004,-177,-214,,7,4,13
