id,market_and_exchange_names,report_date_as_yyyy_mm_dd,yyyy_report_week_ww,contract_market_name,cftc_contract_market_code,cftc_market_code,cftc_region_code,cftc_commodity_code,commodity_name,open_interest_all,dealer_positions_long_all,dealer_positions_short_all,dealer_positions_spread_all,asset_mgr_positions_long,asset_mgr_positions_short,asset_mgr_positions_spread,lev_money_positions_long,lev_money_positions_short,lev_money_positions_spread,other_rept_positions_long,other_rept_positions_short,other_rept_positions_spread,tot_rept_positions_long_all,tot_rept_positions_short,nonrept_positions_long_all,nonrept_positions_short_all,pct_of_open_interest_all,pct_of_oi_dealer_long_all,pct_of_oi_dealer_short_all,pct_of_oi_dealer_spread_all,pct_of_oi_asset_mgr_long,pct_of_oi_asset_mgr_short,pct_of_oi_asset_mgr_spread,pct_of_oi_lev_money_long,pct_of_oi_lev_money_short,pct_of_oi_lev_money_spread,pct_of_oi_other_rept_long,pct_of_oi_other_rept_short,pct_of_oi_other_rept_spread,pct_of_oi_tot_rept_long_all,pct_of_oi_tot_rept_short,pct_of_oi_nonrept_long_all,pct_of_oi_nonrept_short_all,traders_tot_all,traders_dealer_long_all,traders_dealer_short_all,traders_dealer_spread_all,traders_asset_mgr_long_all,traders_asset_mgr_spread,traders_lev_money_long_all,traders_lev_money_short_all,traders_lev_money_spread,traders_tot_rept_long_all,traders_tot_rept_short_all,conc_gross_le_4_tdr_long,conc_gross_le_4_tdr_short,conc_gross_le_8_tdr_long,conc_gross_le_8_tdr_short,conc_net_le_4_tdr_long_all,conc_net_le_4_tdr_short_all,conc_net_le_8_tdr_long_all,conc_net_le_8_tdr_short_all,contract_units,cftc_subgroup_code,commodity,commodity_subgroup_name,commodity_group_name,futonly_or_combined,change_in_open_interest_all,change_in_dealer_long_all,change_in_dealer_short_all,change_in_dealer_spread_all,change_in_asset_mgr_long,change_in_asset_mgr_short,change_in_asset_mgr_spread,change_in_lev_money_long,change_in_lev_money_short,change_in_lev_money_spread,change_in_other_rept_long,change_in_other_rept_short,change_in_other_rept_spread,change_in_tot_rept_long_all,change_in_tot_rept_short,change_in_nonrept_long_all,change_in_nonrept_short_all,traders_other_rept_long_all,traders_asset_mgr_short_all,traders_other_rept_spread,traders_other_rept_short
210406146021F,ETHER CASH SETTLED - CHICAGO MERCANTILE EXCHANGE,2021-04-06T00:00:00.000,2021 Report Week 14,ETHER CASH SETTLED,146021,CME,CHI,146,ETHER,1772,0,0,0,0,55,0,794,1414,57,70,124,9,930,1659,842,113,100.0,0.0,0.0,0.0,0.0,3.1,0.0,44.8,79.8,3.2,4.0,7.0,0.5,52.5,93.6,47.5,6.4,22,0,0,0,0,0,7,9,5,15,13,39.8,66.3,47.2,83.6,39.8,65.2,47.2,82.0,(50 Index Points),F85,ETHEREUM (ETHER),DIGITAL ASSET,FINANCIAL INSTRUMENTS,FutOnly,,,,,,,,,,,,,,,,,,,,,
210413146021F,ETHER CASH SETTLED - CHICAGO MERCANTILE EXCHANGE,2021-04-13T00:00:00.000,2021 Report Week 15,ETHER CASH SETTLED,146021,CME,CHI,146,ETHER,2017,0,0,0,0,32,0,757,1495,153,166,119,5,1081,1804,936,213,100.0,0.0,0.0,0.0,0.0,1.6,0.0,37.5,74.1,7.6,8.2,5.9,0.2,53.6,89.4,46.4,10.6,22,0,0,0,0,0,6,8,4,14,13,37.5,64.5,46.9,79.7,34.7,64.0,43.1,77.2,(50 Index Points),F85,ETHEREUM (ETHER),DIGITAL ASSET,FINANCIAL INSTRUMENTS,FutOnly,245,0,0,0,0,-23,0,-37,81,96,96,-5,-4,151,145,94,100,4,,,
210420146021F,ETHER CASH SETTLED - CHICAGO MERCANTILE EXCHANGE,2021-04-20T00:00:00.000,2021 Report Week 16,ETHER CASH SETTLED,146021,CME,CHI,146,ETHER,2034,0,0,0,60,33,0,790,1536,120,75,53,10,1055,1752,979,282,100.0,0.0,0.0,0.0,2.9,1.6,0.0,38.8,75.5,5.9,3.7,2.6,0.5,51.9,86.1,48.1,13.9,23,0,0,0,,0,11,7,,16,11,29.5,67.4,40.2,82.1,27.1,67.4,36.8,78.8,(50 Index Points),F85,ETHEREUM (ETHER),DIGITAL ASSET,FINANCIAL INSTRUMENTS,FutOnly,17,0,0,0,60,1,0,33,41,-33,-91,-66,5,-26,-52,43,69,,,,
210427146021F,ETHER CASH SETTLED - CHICAGO MERCANTILE EXCHANGE,2021-04-27T00:00:00.000,2021 Report Week 17,ETHER CASH SETTLED,146021,CME,CHI,146,ETHER,2675,0,26,0,60,0,0,1011,1945,244,228,118,22,1565,2355,1110,320,100.0,0.0,1.0,0.0,2.2,0.0,0.0,37.8,72.7,9.1,8.5,4.4,0.8,58.5,88.0,41.5,12.0,34,0,,0,,0,14,11,6,24,17,25.2,59.3,39.3,76.4,24.3,59.3,34.9,71.4,(50 Index Points),F85,ETHEREUM (ETHER),DIGITAL ASSET,FINANCIAL INSTRUMENTS,FutOnly,641,0,26,0,0,-33,0,221,409,124,153,65,12,510,603,131,38,5,0,,
210504146021F,ETHER CASH SETTLED - CHICAGO MERCANTILE EXCHANGE,2021-05-04T00:00:00.000,2021 Report Week 18,ETHER CASH SETTLED,146021,CME,CHI,146,ETHER,2416,0,0,0,66,0,0,950,1858,74,311,69,18,1419,2019,997,397,100.0,0.0,0.0,0.0,2.7,0.0,0.0,39.3,76.9,3.1,12.9,2.9,0.7,58.7,83.6,41.3,16.4,32,0,0,0,,0,13,11,,22,14,27.2,53.0,37.8,74.4,27.2,53.0,37.8,73.7,(50 Index Points),F85,ETHEREUM (ETHER),DIGITAL ASSET,FINANCIAL INSTRUMENTS,FutOnly,-259,0,-26,0,6,0,0,-61,-87,-170,83,-49,-4,-146,-336,-113,77,6,0,,
210511146021F,ETHER CASH SETTLED - CHICAGO MERCANTILE EXCHANGE,2021-05-11T00:00:00.000,2021 Report Week 19,ETHER CASH SETTLED,146021,CME,CHI,146,ETHER,2843,0,42,0,0,70,10,1123,2089,106,405,44,19,1663,2380,1180,463,100.0,0.0,1.5,0.0,0.0,2.5,0.4,39.5,73.5,3.7,14.2,1.5,0.7,58.5,83.7,41.5,16.3,33,0,,0,0,,13,10,5,23,17,26.6,54.4,38.7,72.7,26.6,54.4,38.7,71.5,(50 Index Points),F85,ETHEREUM (ETHER),DIGITAL ASSET,FINANCIAL INSTRUMENTS,FutOnly,427,0,42,0,-66,70,10,173,231,32,94,-25,1,244,361,183,66,6,,,
210518146021F,ETHER CASH SETTLED - CHICAGO MERCANTILE EXCHANGE,2021-05-18T00:00:00.000,2021 Report Week 20,ETHER CASH SETTLED,146021,CME,CHI,146,ETHER,2969,2,41,38,0,84,14,1332,2264,109,383,52,4,1882,2606,1087,363,100.0,0.1,1.4,1.3,0.0,2.8,0.5,44.9,76.3,3.7,12.9,1.8,0.1,63.4,87.8,36.6,12.2,37,,,,0,,14,12,4,25,19,29.7,56.2,42.4,72.2,29.7,56.2,42.4,71.8,(50 Index Points),F85,ETHEREUM (ETHER),DIGITAL ASSET,FINANCIAL INSTRUMENTS,FutOnly,126,2,-1,38,0,14,4,209,175,3,-22,8,-15,219,226,-93,-100,5,,,
210525146021F,ETHER CASH SETTLED - CHICAGO MERCANTILE EXCHANGE,2021-05-25T00:00:00.000,2021 Report Week 21,ETHER CASH SETTLED,146021,CME,CHI,146,ETHER,3665,6,0,38,0,62,0,1580,2626,109,726,293,70,2529,3198,1136,467,100.0,0.2,0.0,1.0,0.0,1.7,0.0,43.1,71.7,3.0,19.8,8.0,1.9,69.0,87.3,31.0,12.7,44,,0,,0,0,15,15,5,30,22,32.0,50.0,44.1,70.3,32.0,50.0,43.2,68.4,(50 Index Points),F85,ETHEREUM (ETHER),DIGITAL ASSET,FINANCIAL INSTRUMENTS,FutOnly,696,4,-41,0,0,-22,-14,248,362,0,343,241,66,647,592,49,104,9,,,
210601146021F,ETHER CASH SETTLED - CHICAGO MERCANTILE EXCHANGE,2021-06-01T00:00:00.000,2021 Report Week 22,ETHER CASH SETTLED,146021,CME,CHI,146,ETHER,2819,0,0,0,0,64,0,1177,2310,12,416,34,33,1638,2453,1181,366,100.0,0.0,0.0,0.0,0.0,2.3,0.0,41.8,81.9,0.4,14.8,1.2,1.2,58.1,87.0,41.9,13.0,38,0,0,0,0,0,15,14,,23,19,25.2,54.2,37.3,72.6,25.2,54.2,37.2,72.6,(50 Index Points),F85,ETHEREUM (ETHER),DIGITAL ASSET,FINANCIAL INSTRUMENTS,FutOnly,-846,-6,0,-38,0,2,0,-403,-316,-97,-310,-259,-37,-891,-745,45,-101,7,,,
210608146021F,ETHER CASH SETTLED - CHICAGO MERCANTILE EXCHANGE,2021-06-08T00:00:00.000,2021 Report Week 23,ETHER CASH SETTLED,146021,CME,CHI,146,ETHER,3527,27,67,0,43,80,7,1346,2662,59,711,98,145,2338,3118,1189,409,100.0,0.8,1.9,0.0,1.2,2.3,0.2,38.2,75.5,1.7,20.2,2.8,4.1,66.3,88.4,33.7,11.6,43,,,0,,,14,13,,28,21,29.0,50.4,41.3,71.1,29.0,50.4,40.1,68.2,(50 Index Points),F85,ETHEREUM (ETHER),DIGITAL ASSET,FINANCIAL INSTRUMENTS,FutOnly,708,27,67,0,43,16,7,169,352,47,295,64,112,700,665,8,43,8,,,
210615146021F,ETHER CASH SETTLED - CHICAGO MERCANTILE EXCHANGE,2021-06-15T00:00:00.000,2021 Report Week 24,ETHER CASH SETTLED,146021,CME,CHI,146,ETHER,3470,27,63,0,0,75,0,1448,2720,42,612,31,113,2242,3044,1228,426,100.0,0.8,1.8,0.0,0.0,2.2,0.0,41.7,78.4,1.2,17.6,0.9,3.3,64.6,87.7,35.4,12.3,42,,,0,0,0,16,13,4,28,20,32.0,53.5,43.1,71.3,32.0,53.1,42.6,70.8,(50 Index Points),F85,ETHEREUM (ETHER),DIGITAL ASSET,FINANCIAL INSTRUMENTS,FutOnly,-57,0,-4,0,-43,-5,-7,102,58,-17,-99,-67,-32,-96,-74,39,17,7,,,
210622146021F,ETHER CASH SETTLED - CHICAGO MERCANTILE EXCHANGE,2021-06-22T00:00:00.000,2021 Report Week 25,ETHER CASH SETTLED,146021,CME,CHI,146,ETHER,2896,53,78,33,0,126,0,1174,2217,54,477,78,0,1791,2586,1105,310,100.0,1.8,2.7,1.1,0.0,4.4,0.0,40.5,76.6,1.9,16.5,2.7,0.0,61.8,89.3,38.2,10.7,41,,,,0,0,11,15,4,23,23,36.2,50.9,45.5,65.6,36.2,50.9,45.3,65.5,(50 Index Points),F85,ETHEREUM (ETHER),DIGITAL ASSET,FINANCIAL INSTRUMENTS,FutOnly,-574,26,15,33,0,51,0,-274,-503,12,-135,47,-113,-451,-458,-123,-116,7,,0,
210629146021F,ETHER CASH SETTLED - CHICAGO MERCANTILE EXCHANGE,2021-06-29T00:00:00.000,2021 Report Week 26,ETHER CASH SETTLED,146021,CME,CHI,146,ETHER,2733,59,88,43,0,81,0,1136,2087,28,333,62,27,1626,2416,1107,317,100.0,2.2,3.2,1.6,0.0,3.0,0.0,41.6,76.4,1.0,12.2,2.3,1.0,59.5,88.4,40.5,11.6,40,,,,0,0,13,15,,22,25,31.5,50.4,42.6,65.5,31.5,50.4,42.6,65.5,(50 Index Points),F85,ETHEREUM (ETHER),DIGITAL ASSET,FINANCIAL INSTRUMENTS,FutOnly,-163,6,10,10,0,-45,0,-38,-130,-26,-144,-16,27,-165,-170,2,7,4,,,
210706146021F,ETHER CASH SETTLED - CHICAGO MERCANTILE EXCHANGE,2021-07-06T00:00:00.000,2021 Report Week 27,ETHER CASH SETTLED,146021,CME,CHI,146,ETHER,3428,70,130,0,0,120,0,1142,2625,42,977,73,44,2275,3034,1153,394,100.0,2.0,3.8,0.0,0.0,3.5,0.0,33.3,76.6,1.2,28.5,2.1,1.3,66.4,88.5,33.6,11.5,45,,,0,0,0,13,16,,24,25,35.9,47.5,47.3,62.9,35.9,47.5,47.3,62.9,(50 Index Points),F85,ETHEREUM (ETHER),DIGITAL ASSET,FINANCIAL INSTRUMENTS,FutOnly,695,11,42,-43,0,39,0,6,538,14,644,11,17,649,618,46,77,7,,,
210713146021F,ETHER CASH SETTLED - CHICAGO MERCANTILE EXCHANGE,2021-07-13T00:00:00.000,2021 Report Week 28,ETHER CASH SETTLED,146021,CME,CHI,146,ETHER,3252,69,102,45,0,142,0,1074,2306,47,958,21,55,2248,2718,1004,534,100.0,2.1,3.1,1.4,0.0,4.4,0.0,33.0,70.9,1.4,29.5,0.6,1.7,69.1,83.6,30.9,16.4,43,,,,0,0,12,15,,24,23,37.8,46.0,48.5,61.0,37.8,46.0,48.5,61.0,(50 Index Points),F85,ETHEREUM (ETHER),DIGITAL ASSET,FINANCIAL INSTRUMENTS,FutOnly,-176,-1,-28,45,0,22,0,-68,-319,5,-19,-52,11,-27,-316,-149,140,7,,,
210720146021F,ETHER CASH SETTLED - CHICAGO MERCANTILE EXCHANGE,2021-07-20T00:00:00.000,2021 Report Week 29,ETHER CASH SETTLED,146021,CME,CHI,146,ETHER,3267,74,98,55,0,118,0,932,2282,76,1061,106,50,2248,2785,1019,482,100.0,2.3,3.0,1.7,0.0,3.6,0.0,28.5,69.8,2.3,32.5,3.2,1.5,68.8,85.2,31.2,14.8,42,,,,0,0,12,15,4,27,23,35.7,47.1,49.8,62.3,35.7,46.8,49.8,61.3,(50 Index Points),F85,ETHEREUM (ETHER),DIGITAL ASSET,FINANCIAL INSTRUMENTS,FutOnly,15,5,-4,10,0,-24,0,-142,-24,29,103,85,-5,0,67,15,-52,6,,,
210727146021F,ETHER CASH SETTLED - CHICAGO MERCANTILE EXCHANGE,2021-07-27T00:00:00.000,2021 Report Week 30,ETHER CASH SETTLED,146021,CME,CHI,146,ETHER,3133,61,90,58,25,75,0,657,2380,122,1057,0,0,1980,2725,1153,408,100.0,1.9,2.9,1.9,0.8,2.4,0.0,21.0,76.0,3.9,33.7,0.0,0.0,63.2,87.0,36.8,13.0,41,,,,,0,10,15,4,24,23,30.7,51.2,42.8,64.7,30.7,51.2,41.9,64.7,(50 Index Points),F85,ETHEREUM (ETHER),DIGITAL ASSET,FINANCIAL INSTRUMENTS,FutOnly,-134,-13,-8,3,25,-43,0,-275,98,46,-4,-106,-50,-268,-60,134,-74,9,,0,0
210803146021F,ETHER CASH SETTLED - CHICAGO MERCANTILE EXCHANGE,2021-08-03T00:00:00.000,2021 Report Week 31,ETHER CASH SETTLED,146021,CME,CHI,146,ETHER,3501,53,97,41,25,51,0,778,2788,113,1291,0,66,2367,3156,1134,345,100.0,1.5,2.8,1.2,0.7,1.5,0.0,22.2,79.6,3.2,36.9,0.0,1.9,67.6,90.1,32.4,9.9,44,,,,,0,11,17,,26,23,33.5,56.5,47.3,70.1,33.5,56.5,46.4,69.6,(50 Index Points),F85,ETHEREUM (ETHER),DIGITAL ASSET,FINANCIAL INSTRUMENTS,FutOnly,368,-8,7,-17,0,-24,0,121,408,-9,234,0,66,387,431,-19,-63,9,,,0
210810146021F,ETHER CASH SETTLED - CHICAGO MERCANTILE EXCHANGE,2021-08-10T00:00:00.000,2021 Report Week 32,ETHER CASH SETTLED,146021,CME,CHI,146,ETHER,3794,45,132,0,50,42,0,876,3073,145,1330,13,75,2521,3480,1273,314,100.0,1.2,3.5,0.0,1.3,1.1,0.0,23.1,81.0,3.8,35.1,0.3,2.0,66.4,91.7,33.6,8.3,45,,,0,,0,13,13,,29,22,29.6,63.9,41.9,77.1,29.6,63.9,40.6,76.2,(50 Index Points),F85,ETHEREUM (ETHER),DIGITAL ASSET,FINANCIAL INSTRUMENTS,FutOnly,293,-8,35,-41,25,-9,0,98,285,32,39,13,9,154,324,139,-31,11,,,
210817146021F,ETHER CASH SETTLED - CHICAGO MERCANTILE EXCHANGE,2021-08-17T00:00:00.000,2021 Report Week 33,ETHER CASH SETTLED,146021,CME,CHI,146,ETHER,3989,77,89,0,54,80,0,1036,3286,105,1260,52,75,2607,3687,1382,302,100.0,1.9,2.2,0.0,1.4,2.0,0.0,26.0,82.4,2.6,31.6,1.3,1.9,65.4,92.4,34.6,7.6,44,,,0,,0,13,13,,28,21,27.6,63.7,40.7,76.8,27.4,63.7,39.9,76.7,(50 Index Points),F85,ETHEREUM (ETHER),DIGITAL ASSET,FINANCIAL INSTRUMENTS,FutOnly,195,32,-43,0,4,38,0,160,213,-40,-70,39,0,86,207,109,-12,9,,,
210824146021F,ETHER CASH SETTLED - CHICAGO MERCANTILE EXCHANGE,2021-08-24T00:00:00.000,2021 Report Week 34,ETHER CASH SETTLED,146021,CME,CHI,146,ETHER,3796,93,43,0,54,47,0,935,3173,103,1080,23,37,2302,3426,1494,370,100.0,2.4,1.1,0.0,1.4,1.2,0.0,24.6,83.6,2.7,28.5,0.6,1.0,60.6,90.3,39.4,9.7,43,,,0,,0,14,15,,26,20,30.1,62.2,39.5,74.9,30.1,62.2,39.4,74.9,(50 Index Points),F85,ETHEREUM (ETHER),DIGITAL ASSET,FINANCIAL INSTRUMENTS,FutOnly,-193,16,-46,0,0,-33,0,-101,-113,-2,-180,-29,-38,-305,-261,112,68,7,,,
210831146021F,ETHER CASH SETTLED - CHICAGO MERCANTILE EXCHANGE,2021-08-31T00:00:00.000,2021 Report Week 35,ETHER CASH SETTLED,146021,CME,CHI,146,ETHER,4029,118,149,0,57,58,0,1093,3366,96,1193,30,28,2585,3727,1444,302,100.0,2.9,3.7,0.0,1.4,1.4,0.0,27.1,83.5,2.4,29.6,0.7,0.7,64.2,92.5,35.8,7.5,48,,,0,,0,16,12,,33,20,25.8,62.9,37.5,78.4,25.2,62.9,36.8,78.3,(50 Index Points),F85,ETHEREUM (ETHER),DIGITAL ASSET,FINANCIAL INSTRUMENTS,FutOnly,233,25,106,0,3,11,0,158,193,-7,113,7,-9,283,301,-50,-68,11,,,
210907146021F,ETHER CASH SETTLED - CHICAGO MERCANTILE EXCHANGE,2021-09-07T00:00:00.000,2021 Report Week 36,ETHER CASH SETTLED,146021,CME,CHI,146,ETHER,4272,118,99,59,57,30,0,1088,3626,133,1377,28,2,2834,3977,1438,295,100.0,2.8,2.3,1.4,1.3,0.7,0.0,25.5,84.9,3.1,32.2,0.7,0.0,66.3,93.1,33.7,6.9,51,,,,,0,18,13,5,37,21,27.0,63.9,37.1,79.8,27.0,63.9,37.1,79.4,(50 Index Points),F85,ETHEREUM (ETHER),DIGITAL ASSET,FINANCIAL INSTRUMENTS,FutOnly,243,0,-50,59,0,-28,0,-5,260,37,184,-2,-26,249,250,-6,-7,11,,,
210914146021F,ETHER CASH SETTLED - CHICAGO MERCANTILE EXCHANGE,2021-09-14T00:00:00.000,2021 Report Week 37,ETHER CASH SETTLED,146021,CME,CHI,146,ETHER,4195,214,87,35,62,0,0,981,3618,118,1405,0,0,2815,3858,1380,337,100.0,5.1,2.1,0.8,1.5,0.0,0.0,23.4,86.2,2.8,33.5,0.0,0.0,67.1,92.0,32.9,8.0,48,,,,,0,15,15,4,31,22,27.6,64.1,40.8,79.5,27.6,64.1,40.8,79.2,(50 Index Points),F85,ETHEREUM (ETHER),DIGITAL ASSET,FINANCIAL INSTRUMENTS,FutOnly,-77,96,-12,-24,5,-30,0,-107,-8,-15,28,-28,-2,-19,-119,-58,42,10,0,0,0
210921146021F,ETHER CASH SETTLED - CHICAGO MERCANTILE EXCHANGE,2021-09-21T00:00:00.000,2021 Report Week 38,ETHER CASH SETTLED,146021,CME,CHI,146,ETHER,3972,196,29,56,0,11,39,842,3232,179,1373,20,9,2694,3575,1278,397,100.0,4.9,0.7,1.4,0.0,0.3,1.0,21.2,81.4,4.5,34.6,0.5,0.2,67.8,90.0,32.2,10.0,45,,,,0,,13,15,,30,22,31.0,58.2,42.8,71.0,31.0,58.2,41.6,70.8,(50 Index Points),F85,ETHEREUM (ETHER),DIGITAL ASSET,FINANCIAL INSTRUMENTS,FutOnly,-223,-18,-58,21,-62,11,39,-139,-386,61,-32,20,9,-121,-283,-102,60,10,,,
210928146021F,ETHER CASH SETTLED - CHICAGO MERCANTILE EXCHANGE,2021-09-28T00:00:00.000,2021 Report Week 39,ETHER CASH SETTLED,146021,CME,CHI,146,ETHER,4296,212,42,70,0,85,38,1162,3356,194,1402,22,33,3111,3840,1185,456,100.0,4.9,1.0,1.6,0.0,2.0,0.9,27.0,78.1,4.5,32.6,0.5,0.8,72.4,89.4,27.6,10.6,47,,,,0,,16,13,,33,20,28.5,58.1,42.0,75.0,28.2,58.1,39.9,73.2,(50 Index Points),F85,ETHEREUM (ETHER),DIGITAL ASSET,FINANCIAL INSTRUMENTS,FutOnly,324,16,13,14,0,74,-1,320,124,15,29,2,24,417,265,-93,59,10,,,
211005146021F,ETHER CASH SETTLED - CHICAGO MERCANTILE EXCHANGE,2021-10-05T00:00:00.000,2021 Report Week 40,ETHER CASH SETTLED,146021,CME,CHI,146,ETHER,4736,244,91,36,0,12,38,1242,3892,166,1511,53,40,3277,4328,1459,408,100.0,5.2,1.9,0.8,0.0,0.3,0.8,26.2,82.2,3.5,31.9,1.1,0.8,69.2,91.4,30.8,8.6,54,,,,0,,16,17,,35,25,25.8,56.9,40.0,73.5,25.8,56.9,39.3,72.5,(50 Index Points),F85,ETHEREUM (ETHER),DIGITAL ASSET,FINANCIAL INSTRUMENTS,FutOnly,440,32,49,-34,0,-73,0,80,536,-28,109,31,7,166,488,274,-48,11,,,
211012146021F,ETHER CASH SETTLED - CHICAGO MERCANTILE EXCHANGE,2021-10-12T00:00:00.000,2021 Report Week 41,ETHER CASH SETTLED,146021,CME,CHI,146,ETHER,4677,308,102,44,77,21,5,1328,3741,180,1231,22,31,3204,4146,1473,531,100.0,6.6,2.2,0.9,1.6,0.4,0.1,28.4,80.0,3.8,26.3,0.5,0.7,68.5,88.6,31.5,11.4,50,,,,,,15,15,,32,24,24.8,57.0,39.6,73.6,24.8,57.0,39.5,73.3,(50 Index Points),F85,ETHEREUM (ETHER),DIGITAL ASSET,FINANCIAL INSTRUMENTS,FutOnly,-59,64,11,8,77,9,-33,86,-151,14,-280,-31,-9,-73,-182,14,123,9,,,
211019146021F,ETHER CASH SETTLED - CHICAGO MERCANTILE EXCHANGE,2021-10-19T00:00:00.000,2021 Report Week 42,ETHER CASH SETTLED,146021,CME,CHI,146,ETHER,5024,287,58,56,136,0,0,1428,3701,196,1148,222,193,3444,4426,1580,598,100.0,5.7,1.2,1.1,2.7,0.0,0.0,28.4,73.7,3.9,22.9,4.4,3.8,68.6,88.1,31.4,11.9,53,,,,,0,17,15,5,36,24,21.0,50.4,33.8,71.9,21.0,50.4,32.7,68.1,(50 Index Points),F85,ETHEREUM (ETHER),DIGITAL ASSET,FINANCIAL INSTRUMENTS,FutOnly,347,-21,-44,12,59,-21,-5,100,-40,16,-83,200,162,240,280,107,67,10,0,,
211026146021F,ETHER CASH SETTLED - CHICAGO MERCANTILE EXCHANGE,2021-10-26T00:00:00.000,2021 Report Week 43,ETHER CASH SETTLED,146021,CME,CHI,146,ETHER,5230,383,31,58,141,0,0,1350,3931,357,971,193,191,3451,4761,1779,469,100.0,7.3,0.6,1.1,2.7,0.0,0.0,25.8,75.2,6.8,18.6,3.7,3.7,66.0,91.0,34.0,9.0,53,,,,,0,18,15,6,39,25,21.4,54.2,31.1,74.0,21.4,54.2,30.0,70.2,(50 Index Points),F85,ETHEREUM (ETHER),DIGITAL ASSET,FINANCIAL INSTRUMENTS,FutOnly,206,96,-27,2,5,0,0,-78,230,161,-177,-29,-2,7,335,199,-129,10,0,,
211102146021F,ETHER CASH SETTLED - CHICAGO MERCANTILE EXCHANGE,2021-11-02T00:00:00.000,2021 Report Week 44,ETHER CASH SETTLED,146021,CME,CHI,146,ETHER,5155,414,0,61,134,0,0,1483,4331,187,1042,108,98,3419,4785,1736,370,100.0,8.0,0.0,1.2,2.6,0.0,0.0,28.8,84.0,3.6,20.2,2.1,1.9,66.3,92.8,33.7,7.2,53,,0,,,0,19,16,6,38,25,22.7,60.6,33.7,76.2,22.7,60.5,33.7,75.8,(50 Index Points),F85,ETHEREUM (ETHER),DIGITAL ASSET,FINANCIAL INSTRUMENTS,FutOnly,-75,31,-31,3,-7,0,0,133,400,-170,71,-85,-93,-32,24,-43,-99,9,0,,
211109146021F,ETHER CASH SETTLED - CHICAGO MERCANTILE EXCHANGE,2021-11-09T00:00:00.000,2021 Report Week 45,ETHER CASH SETTLED,146021,CME,CHI,146,ETHER,5354,427,0,48,124,0,0,1627,4445,241,1114,159,100,3681,4993,1673,361,100.0,8.0,0.0,0.9,2.3,0.0,0.0,30.4,83.0,4.5,20.8,3.0,1.9,68.8,93.3,31.2,6.7,58,,0,,,0,20,19,4,40,26,22.7,56.1,35.1,73.8,22.7,56.1,34.5,71.8,(50 Index Points),F85,ETHEREUM (ETHER),DIGITAL ASSET,FINANCIAL INSTRUMENTS,FutOnly,199,13,0,-13,-10,0,0,144,114,54,72,51,2,262,208,-63,-9,10,0,,
211116146021F,ETHER CASH SETTLED - CHICAGO MERCANTILE EXCHANGE,2021-11-16T00:00:00.000,2021 Report Week 46,ETHER CASH SETTLED,146021,CME,CHI,146,ETHER,5339,461,2,52,43,4,47,1689,4431,232,1162,33,74,3760,4875,1579,464,100.0,8.6,0.0,1.0,0.8,0.1,0.9,31.6,83.0,4.3,21.8,0.6,1.4,70.4,91.3,29.6,8.7,55,,,,,,18,18,6,40,27,22.2,53.9,33.7,72.9,22.1,53.8,33.6,72.3,(50 Index Points),F85,ETHEREUM (ETHER),DIGITAL ASSET,FINANCIAL INSTRUMENTS,FutOnly,-15,34,2,4,-81,4,47,62,-14,-9,48,-126,-26,79,-118,-94,103,11,,4,
211123146021F,ETHER CASH SETTLED - CHICAGO MERCANTILE EXCHANGE,2021-11-23T00:00:00.000,2021 Report Week 47,ETHER CASH SETTLED,146021,CME,CHI,146,ETHER,5244,483,42,83,71,74,47,1609,4136,244,1035,39,48,3620,4713,1624,531,100.0,9.2,0.8,1.6,1.4,1.4,0.9,30.7,78.9,4.7,19.7,0.7,0.9,69.0,89.9,31.0,10.1,58,,,,,,20,17,7,44,28,22.9,52.9,33.2,69.2,22.8,50.7,33.2,67.0,(50 Index Points),F85,ETHEREUM (ETHER),DIGITAL ASSET,FINANCIAL INSTRUMENTS,FutOnly,-95,22,40,31,28,70,0,-80,-295,12,-127,6,-26,-140,-162,45,67,10,,,
211130146021F,ETHER CASH SETTLED - CHICAGO MERCANTILE EXCHANGE,2021-11-30T00:00:00.000,2021 Report Week 48,ETHER CASH SETTLED,146021,CME,CHI,146,ETHER,4981,548,26,51,36,74,47,1418,3953,124,1077,36,133,3434,4444,1547,537,100.0,11.0,0.5,1.0,0.7,1.5,0.9,28.5,79.4,2.5,21.6,0.7,2.7,68.9,89.2,31.1,10.8,54,,,,,,21,16,4,39,24,28.1,52.5,37.7,69.4,28.1,52.5,37.7,69.2,(50 Index Points),F85,ETHEREUM (ETHER),DIGITAL ASSET,FINANCIAL INSTRUMENTS,FutOnly,-263,65,-16,-32,-35,0,0,-191,-183,-120,42,-3,85,-186,-269,-77,6,8,,,
211207146021F,ETHER CASH SETTLED - CHICAGO MERCANTILE EXCHANGE,2021-12-07T00:00:00.000,2021 Report Week 49,ETHER CASH SETTLED,146021,CME,CHI,146,ETHER,4535,198,63,69,25,74,47,1205,3248,229,1144,32,316,3233,4078,1302,457,100.0,4.4,1.4,1.5,0.6,1.6,1.0,26.6,71.6,5.0,25.2,0.7,7.0,71.3,89.9,28.7,10.1,53,,,,,,16,15,6,38,27,23.9,53.8,37.2,66.4,23.9,53.7,35.0,64.3,(50 Index Points),F85,ETHEREUM (ETHER),DIGITAL ASSET,FINANCIAL INSTRUMENTS,FutOnly,-446,-350,37,18,-11,0,0,-213,-705,105,67,-4,183,-201,-366,-245,-80,12,,4,
211214146021F,ETHER CASH SETTLED - CHICAGO MERCANTILE EXCHANGE,2021-12-14T00:00:00.000,2021 Report Week 50,ETHER CASH SETTLED,146021,CME,CHI,146,ETHER,4910,106,0,89,0,113,30,1803,3368,550,987,90,148,3713,4388,1197,522,100.0,2.2,0.0,1.8,0.0,2.3,0.6,36.7,68.6,11.2,20.1,1.8,3.0,75.6,89.4,24.4,10.6,47,,0,,0,,15,16,9,34,27,28.7,47.9,42.1,60.6,26.2,47.3,37.8,58.3,(50 Index Points),F85,ETHEREUM (ETHER),DIGITAL ASSET,FINANCIAL INSTRUMENTS,FutOnly,375,-92,-63,20,-25,39,-17,598,120,321,-157,58,-168,480,310,-105,65,9,,,
211221146021F,ETHER CASH SETTLED - CHICAGO MERCANTILE EXCHANGE,2021-12-21T00:00:00.000,2021 Report Week 51,ETHER CASH SETTLED,146021,CME,CHI,146,ETHER,4903,104,29,145,36,111,30,1462,3288,632,1078,23,200,3687,4458,1216,445,100.0,2.1,0.6,3.0,0.7,2.3,0.6,29.8,67.1,12.9,22.0,0.5,4.1,75.2,90.9,24.8,9.1,48,,,,,,16,14,9,36,26,27.7,48.5,41.9,63.7,27.0,47.6,36.8,60.0,(50 Index Points),F85,ETHEREUM (ETHER),DIGITAL ASSET,FINANCIAL INSTRUMENTS,FutOnly,-7,-2,29,56,36,-2,0,-341,-80,82,91,-67,52,-26,70,19,-77,10,,,
211228146021F,ETHER CASH SETTLED - CHICAGO MERCANTILE EXCHANGE,2021-12-28T00:00:00.000,2021 Report Week 52,ETHER CASH SETTLED,146021,CME,CHI,146,ETHER,4554,160,40,62,0,111,30,1343,3223,494,1081,21,120,3290,4101,1264,453,100.0,3.5,0.9,1.4,0.0,2.4,0.7,29.5,70.8,10.8,23.7,0.5,2.6,72.2,90.1,27.8,9.9,44,,,,0,,13,15,8,32,25,29.8,49.6,44.4,66.2,27.6,49.0,38.8,62.1,(50 Index Points),F85,ETHEREUM (ETHER),DIGITAL ASSET,FINANCIAL INSTRUMENTS,FutOnly,-349,56,11,-83,-36,0,0,-119,-65,-138,3,-2,-80,-397,-357,48,8,9,,,
220104146021F,ETHER CASH SETTLED - CHICAGO MERCANTILE EXCHANGE,2022-01-04T00:00:00.000,2022 Report Week 01,ETHER CASH SETTLED,146021,CME,CHI,146,ETHER,3530,152,0,59,43,111,30,1092,2604,179,769,3,95,2419,3081,1111,449,100.0,4.3,0.0,1.7,1.2,3.1,0.8,30.9,73.8,5.1,21.8,0.1,2.7,68.5,87.3,31.5,12.7,46,,0,,,,19,13,5,35,19,27.0,47.7,39.4,66.2,26.5,47.5,36.7,65.2,(50 Index Points),F85,ETHEREUM (ETHER),DIGITAL ASSET,FINANCIAL INSTRUMENTS,FutOnly,-1024,-8,-40,-3,43,0,0,-251,-619,-315,-312,-18,-25,-871,-1020,-153,-4,7,,,
220111146021F,ETHER CASH SETTLED - CHICAGO MERCANTILE EXCHANGE,2022-01-11T00:00:00.000,2022 Report Week 02,ETHER CASH SETTLED,146021,CME,CHI,146,ETHER,3880,117,62,38,17,109,44,1031,2408,556,927,92,81,2811,3390,1069,490,100.0,3.0,1.6,1.0,0.4,2.8,1.1,26.6,62.1,14.3,23.9,2.4,2.1,72.4,87.4,27.6,12.6,44,,,,,,16,13,6,31,24,30.0,45.1,43.2,63.2,23.7,43.1,35.2,56.4,(50 Index Points),F85,ETHEREUM (ETHER),DIGITAL ASSET,FINANCIAL INSTRUMENTS,FutOnly,350,-35,62,-21,-26,-2,14,-61,-196,377,158,89,-14,392,309,-42,41,7,,,
220118146021F,ETHER CASH SETTLED - CHICAGO MERCANTILE EXCHANGE,2022-01-18T00:00:00.000,2022 Report Week 03,ETHER CASH SETTLED,146021,CME,CHI,146,ETHER,3868,114,98,40,0,109,32,879,2477,476,1333,40,88,2962,3360,906,508,100.0,2.9,2.5,1.0,0.0,2.8,0.8,22.7,64.0,12.3,34.5,1.0,2.3,76.6,86.9,23.4,13.1,42,,,,0,,13,12,4,29,21,38.8,46.5,50.2,65.3,29.4,45.5,40.3,59.1,(50 Index Points),F85,ETHEREUM (ETHER),DIGITAL ASSET,FINANCIAL INSTRUMENTS,FutOnly,-12,-3,36,2,-17,0,-12,-152,69,-80,406,-52,7,151,-30,-163,18,10,,,
220125146021F,ETHER CASH SETTLED - CHICAGO MERCANTILE EXCHANGE,2022-01-25T00:00:00.000,2022 Report Week 04,ETHER CASH SETTLED,146021,CME,CHI,146,ETHER,4186,103,109,1,0,207,14,679,2581,499,1630,0,269,3195,3680,991,506,100.0,2.5,2.6,0.0,0.0,4.9,0.3,16.2,61.7,11.9,38.9,0.0,6.4,76.3,87.9,23.7,12.1,44,,,,0,,11,16,8,29,27,37.6,41.3,49.9,58.9,30.7,40.1,41.2,53.0,(50 Index Points),F85,ETHEREUM (ETHER),DIGITAL ASSET,FINANCIAL INSTRUMENTS,FutOnly,318,-11,11,-39,0,98,-18,-200,104,23,297,-40,181,233,320,85,-2,11,,,0
220201146021F,ETHER CASH SETTLED - CHICAGO MERCANTILE EXCHANGE,2022-02-01T00:00:00.000,2022 Report Week 05,ETHER CASH SETTLED,146021,CME,CHI,146,ETHER,3611,106,48,41,0,179,14,651,2312,367,1404,11,167,2750,3139,861,472,100.0,2.9,1.3,1.1,0.0,5.0,0.4,18.0,64.0,10.2,38.9,0.3,4.6,76.2,86.9,23.8,13.1,42,,,,0,,11,15,7,29,25,40.0,37.7,52.7,55.9,38.3,36.5,48.2,53.1,(50 Index Points),F85,ETHEREUM (ETHER),DIGITAL ASSET,FINANCIAL INSTRUMENTS,FutOnly,-575,3,-61,40,0,-28,0,-28,-269,-132,-226,11,-102,-445,-541,-130,-34,9,,,
220208146021F,ETHER CASH SETTLED - CHICAGO MERCANTILE EXCHANGE,2022-02-08T00:00:00.000,2022 Report Week 06,ETHER CASH SETTLED,146021,CME,CHI,146,ETHER,3262,114,122,72,0,97,16,396,2044,296,1323,134,70,2287,2851,975,411,100.0,3.5,3.7,2.2,0.0,3.0,0.5,12.1,62.7,9.1,40.6,4.1,2.1,70.1,87.4,29.9,12.6,45,,,,0,,8,17,6,27,28,39.6,38.3,50.1,55.7,37.6,37.0,46.5,51.3,(50 Index Points),F85,ETHEREUM (ETHER),DIGITAL ASSET,FINANCIAL INSTRUMENTS,FutOnly,-349,8,74,31,0,-82,2,-255,-268,-71,-81,123,-97,-463,-288,114,-61,11,,,
220215146021F,ETHER CASH SETTLED - CHICAGO MERCANTILE EXCHANGE,2022-02-15T00:00:00.000,2022 Report Week 07,ETHER CASH SETTLED,146021,CME,CHI,146,ETHER,3539,115,92,54,0,135,15,853,2065,168,1332,421,21,2558,2971,981,568,100.0,3.2,2.6,1.5,0.0,3.8,0.4,24.1,58.3,4.7,37.6,11.9,0.6,72.3,84.0,27.7,16.0,45,,,,0,,13,16,5,26,27,42.9,35.7,53.9,51.8,42.9,34.6,53.4,50.2,(50 Index Points),F85,ETHEREUM (ETHER),DIGITAL ASSET,FINANCIAL INSTRUMENTS,FutOnly,277,1,-30,-18,0,38,-1,457,21,-128,9,287,-49,271,120,6,157,6,,,
220222146021F,ETHER CASH SETTLED - CHICAGO MERCANTILE EXCHANGE,2022-02-22T00:00:00.000,2022 Report Week 08,ETHER CASH SETTLED,146021,CME,CHI,146,ETHER,3782,112,0,36,0,182,15,992,2442,384,1274,71,88,2901,3218,881,564,100.0,3.0,0.0,1.0,0.0,4.8,0.4,26.2,64.6,10.2,33.7,1.9,2.3,76.7,85.1,23.3,14.9,42,,0,,0,,12,19,5,26,24,39.8,35.1,53.9,52.7,39.8,33.2,51.5,47.8,(50 Index Points),F85,ETHEREUM (ETHER),DIGITAL ASSET,FINANCIAL INSTRUMENTS,FutOnly,243,-3,-92,-18,0,47,0,139,377,216,-58,-350,67,343,247,-100,-4,5,,,
220301146021F,ETHER CASH SETTLED - CHICAGO MERCANTILE EXCHANGE,2022-03-01T00:00:00.000,2022 Report Week 09,ETHER CASH SETTLED,146021,CME,CHI,146,ETHER,3104,112,143,30,0,214,4,749,1938,68,1221,235,0,2184,2632,920,472,100.0,3.6,4.6,1.0,0.0,6.9,0.1,24.1,62.4,2.2,39.3,7.6,0.0,70.4,84.8,29.6,15.2,38,,4,,0,,8,14,,20,22,47.2,36.7,58.3,55.1,47.2,35.5,58.3,53.8,(50 Index Points),F85,ETHEREUM (ETHER),DIGITAL ASSET,FINANCIAL INSTRUMENTS,FutOnly,-678,0,143,-6,0,32,-11,-243,-504,-316,-53,164,-88,-717,-586,39,-92,7,,0,
220308146021F,ETHER CASH SETTLED - CHICAGO MERCANTILE EXCHANGE,2022-03-08T00:00:00.000,2022 Report Week 10,ETHER CASH SETTLED,146021,CME,CHI,146,ETHER,3158,109,113,0,0,238,3,1108,2159,42,1028,29,19,2309,2603,849,555,100.0,3.5,3.6,0.0,0.0,7.5,0.1,35.1,68.4,1.3,32.6,0.9,0.6,73.1,82.4,26.9,17.6,37,,,0,0,,9,14,,20,23,40.8,41.7,59.9,59.0,40.5,41.5,59.2,58.7,(50 Index Points),F85,ETHEREUM (ETHER),DIGITAL ASSET,FINANCIAL INSTRUMENTS,FutOnly,54,-3,-30,-30,0,24,-1,359,221,-26,-193,-206,19,125,-29,-71,83,7,,,
220315146021F,ETHER CASH SETTLED - CHICAGO MERCANTILE EXCHANGE,2022-03-15T00:00:00.000,2022 Report Week 11,ETHER CASH SETTLED,146021,CME,CHI,146,ETHER,2879,109,107,0,0,169,3,832,1972,32,974,29,14,1964,2326,915,553,100.0,3.8,3.7,0.0,0.0,5.9,0.1,28.9,68.5,1.1,33.8,1.0,0.5,68.2,80.8,31.8,19.2,35,,,0,0,,10,14,,18,22,41.6,38.9,57.5,56.9,41.1,38.8,57.0,56.6,(50 Index Points),F85,ETHEREUM (ETHER),DIGITAL ASSET,FINANCIAL INSTRUMENTS,FutOnly,-279,0,-6,0,0,-69,0,-276,-187,-10,-54,0,-5,-345,-277,66,-2,4,,,
220322146021F,ETHER CASH SETTLED - CHICAGO MERCANTILE EXCHANGE,2022-03-22T00:00:00.000,2022 Report Week 12,ETHER CASH SETTLED,146021,CME,CHI,146,ETHER,3358,109,130,0,0,106,3,943,2233,144,1060,364,66,2325,3046,1033,312,100.0,3.2,3.9,0.0,0.0,3.2,0.1,28.1,66.5,4.3,31.6,10.8,2.0,69.2,90.7,30.8,9.3,42,,,0,0,,13,13,4,27,21,40.3,41.7,50.3,66.8,40.3,38.1,49.6,62.4,(50 Index Points),F85,ETHEREUM (ETHER),DIGITAL ASSET,FINANCIAL INSTRUMENTS,FutOnly,479,0,23,0,0,-63,0,111,261,112,86,335,52,361,720,118,-241,7,,,
220329146021F,ETHER CASH SETTLED - CHICAGO MERCANTILE EXCHANGE,2022-03-29T00:00:00.000,2022 Report Week 13,ETHER CASH SETTLED,146021,CME,CHI,146,ETHER,3411,115,167,87,46,0,21,900,2583,15,1050,236,19,2253,3128,1158,283,100.0,3.4,4.9,2.6,1.3,0.0,0.6,26.4,75.7,0.4,30.8,6.9,0.6,66.1,91.7,33.9,8.3,46,,,,,,16,13,,31,20,31.8,46.3,42.0,68.0,31.8,46.2,41.3,68.0,(50 Index Points),F85,ETHEREUM (ETHER),DIGITAL ASSET,FINANCIAL INSTRUMENTS,FutOnly,53,6,37,87,46,-106,18,-43,350,-129,-10,-128,-47,-72,82,125,-29,8,0,,
220405146021F,ETHER CASH SETTLED - CHICAGO MERCANTILE EXCHANGE,2022-04-05T00:00:00.000,2022 Report Week 14,ETHER CASH SETTLED,146021,CME,CHI,146,ETHER,3501,115,134,85,12,0,21,990,2568,55,1017,245,34,2329,3142,1172,359,100.0,3.3,3.8,2.4,0.3,0.0,0.6,28.3,73.4,1.6,29.0,7.0,1.0,66.5,89.7,33.5,10.3,46,,,,,,16,13,,32,20,28.7,48.2,40.3,68.7,28.7,48.2,40.3,68.7,(50 Index Points),F85,ETHEREUM (ETHER),DIGITAL ASSET,FINANCIAL INSTRUMENTS,FutOnly,90,0,-33,-2,-34,0,0,90,-15,40,-33,9,15,76,14,14,76,9,0,,
220412146021F,ETHER CASH SETTLED - CHICAGO MERCANTILE EXCHANGE,2022-04-12T00:00:00.000,2022 Report Week 15,ETHER CASH SETTLED,146021,CME,CHI,146,ETHER,3287,111,105,85,0,122,18,921,2437,179,981,30,0,2295,2976,992,311,100.0,3.4,3.2,2.6,0.0,3.7,0.5,28.0,74.1,5.4,29.8,0.9,0.0,69.8,90.5,30.2,9.5,41,,,,0,,12,15,6,25,24,36.0,48.3,49.0,66.2,35.1,46.1,48.1,63.9,(50 Index Points),F85,ETHEREUM (ETHER),DIGITAL ASSET,FINANCIAL INSTRUMENTS,FutOnly,-214,-4,-29,0,-12,122,-3,-69,-131,124,-36,-215,-34,-34,-166,-180,-48,6,,0,
220419146021F,ETHER CASH SETTLED - CHICAGO MERCANTILE EXCHANGE,2022-04-19T00:00:00.000,2022 Report Week 16,ETHER CASH SETTLED,146021,CME,CHI,146,ETHER,3254,110,126,45,0,63,18,884,2417,249,961,30,8,2275,2956,979,298,100.0,3.4,3.9,1.4,0.0,1.9,0.6,27.2,74.3,7.7,29.5,0.9,0.2,69.9,90.8,30.1,9.2,39,,,,0,,12,14,6,25,23,31.2,49.0,45.9,67.8,30.9,44.9,44.2,63.7,(50 Index Points),F85,ETHEREUM (ETHER),DIGITAL ASSET,FINANCIAL INSTRUMENTS,FutOnly,-33,-1,21,-40,0,-59,0,-37,-20,70,-20,0,8,-20,-20,-13,-13,6,,,
220426146021F,ETHER CASH SETTLED - CHICAGO MERCANTILE EXCHANGE,2022-04-26T00:00:00.000,2022 Report Week 17,ETHER CASH SETTLED,146021,CME,CHI,146,ETHER,3745,141,106,73,0,126,18,1235,2616,315,1234,110,28,3044,3392,701,353,100.0,3.8,2.8,1.9,0.0,3.4,0.5,33.0,69.9,8.4,33.0,2.9,0.7,81.3,90.6,18.7,9.4,49,,,,0,,12,19,8,28,34,39.5,42.3,55.8,60.4,38.6,38.2,53.6,56.3,(50 Index Points),F85,ETHEREUM (ETHER),DIGITAL ASSET,FINANCIAL INSTRUMENTS,FutOnly,491,31,-20,28,0,63,0,351,199,66,273,80,20,769,436,-278,55,8,,,
220503146021F,ETHER CASH SETTLED - CHICAGO MERCANTILE EXCHANGE,2022-05-03T00:00:00.000,2022 Report Week 18,ETHER CASH SETTLED,146021,CME,CHI,146,ETHER,2981,103,86,45,0,128,18,888,2161,82,1051,37,22,2209,2579,772,402,100.0,3.5,2.9,1.5,0.0,4.3,0.6,29.8,72.5,2.8,35.3,1.2,0.7,74.1,86.5,25.9,13.5,38,,,,0,,8,16,,18,26,40.8,43.3,56.5,61.2,39.7,43.3,55.4,61.2,(50 Index Points),F85,ETHEREUM (ETHER),DIGITAL ASSET,FINANCIAL INSTRUMENTS,FutOnly,-764,-38,-20,-28,0,2,0,-347,-455,-233,-183,-73,-6,-835,-813,71,49,6,,,
220510146021F,ETHER CASH SETTLED - CHICAGO MERCANTILE EXCHANGE,2022-05-10T00:00:00.000,2022 Report Week 19,ETHER CASH SETTLED,146021,CME,CHI,146,ETHER,3443,128,175,0,0,249,3,857,2366,119,1673,0,16,2796,2928,647,515,100.0,3.7,5.1,0.0,0.0,7.2,0.1,24.9,68.7,3.5,48.6,0.0,0.5,81.2,85.0,18.8,15.0,46,,,0,0,,10,21,4,22,30,46.9,35.2,63.9,52.3,46.0,34.3,62.7,51.3,(50 Index Points),F85,ETHEREUM (ETHER),DIGITAL ASSET,FINANCIAL INSTRUMENTS,FutOnly,462,25,89,-45,0,121,-15,-31,205,37,622,-37,-6,587,349,-125,113,7,,,0
220517146021F,ETHER CASH SETTLED - CHICAGO MERCANTILE EXCHANGE,2022-05-17T00:00:00.000,2022 Report Week 20,ETHER CASH SETTLED,146021,CME,CHI,146,ETHER,3646,97,140,32,0,252,3,749,2340,143,1828,0,56,2908,2966,738,680,100.0,2.7,3.8,0.9,0.0,6.9,0.1,20.5,64.2,3.9,50.1,0.0,1.5,79.8,81.3,20.2,18.7,45,,,,0,,11,19,4,22,30,52.4,32.5,62.3,49.3,50.9,31.7,60.4,48.5,(50 Index Points),F85,ETHEREUM (ETHER),DIGITAL ASSET,FINANCIAL INSTRUMENTS,FutOnly,203,-31,-35,32,0,3,0,-108,-26,24,155,0,40,112,38,91,165,6,4,,0
220524146021F,ETHER CASH SETTLED - CHICAGO MERCANTILE EXCHANGE,2022-05-24T00:00:00.000,2022 Report Week 21,ETHER CASH SETTLED,146021,CME,CHI,146,ETHER,3443,91,144,0,0,274,3,983,2126,193,1401,59,20,2691,2819,752,624,100.0,2.6,4.2,0.0,0.0,8.0,0.1,28.6,61.7,5.6,40.7,1.7,0.6,78.2,81.9,21.8,18.1,47,,,0,0,,11,20,5,21,33,46.2,32.6,59.7,47.1,45.6,31.6,58.5,46.2,(50 Index Points),F85,ETHEREUM (ETHER),DIGITAL ASSET,FINANCIAL INSTRUMENTS,FutOnly,-203,-6,4,-32,0,22,0,234,-214,50,-427,59,-36,-217,-147,14,-56,6,4,,
220531146021F,ETHER CASH SETTLED - CHICAGO MERCANTILE EXCHANGE,2022-05-31T00:00:00.000,2022 Report Week 22,ETHER CASH SETTLED,146021,CME,CHI,146,ETHER,3086,91,184,0,0,322,3,900,2013,53,1241,67,3,2291,2645,795,441,100.0,2.9,6.0,0.0,0.0,10.4,0.1,29.2,65.2,1.7,40.2,2.2,0.1,74.2,85.7,25.8,14.3,47,,4,0,0,,12,19,,19,31,48.7,33.1,60.1,52.1,48.6,33.1,60.0,52.0,(50 Index Points),F85,ETHEREUM (ETHER),DIGITAL ASSET,FINANCIAL INSTRUMENTS,FutOnly,-357,0,40,0,0,48,0,-83,-113,-140,-160,8,-17,-400,-174,43,-183,4,4,,
220607146021F,ETHER CASH SETTLED - CHICAGO MERCANTILE EXCHANGE,2022-06-07T00:00:00.000,2022 Report Week 23,ETHER CASH SETTLED,146021,CME,CHI,146,ETHER,3072,91,71,0,0,366,3,1010,1812,48,1147,120,3,2302,2423,770,649,100.0,3.0,2.3,0.0,0.0,11.9,0.1,32.9,59.0,1.6,37.3,3.9,0.1,74.9,78.9,25.1,21.1,44,,,0,0,,9,20,,17,31,49.4,28.2,63.4,43.0,49.1,28.2,63.0,42.9,(50 Index Points),F85,ETHEREUM (ETHER),DIGITAL ASSET,FINANCIAL INSTRUMENTS,FutOnly,-14,0,-113,0,0,44,0,110,-201,-5,-94,53,0,11,-222,-25,208,5,5,,
220614146021F,ETHER CASH SETTLED - CHICAGO MERCANTILE EXCHANGE,2022-06-14T00:00:00.000,2022 Report Week 24,ETHER CASH SETTLED,146021,CME,CHI,146,ETHER,3476,154,98,44,0,614,3,899,1785,145,1473,210,105,2823,3004,653,472,100.0,4.4,2.8,1.3,0.0,17.7,0.1,25.9,51.4,4.2,42.4,6.0,3.0,81.2,86.4,18.8,13.6,51,4,,,0,,6,24,,18,39,49.4,25.3,65.8,40.7,48.4,25.3,62.6,40.6,(50 Index Points),F85,ETHEREUM (ETHER),DIGITAL ASSET,FINANCIAL INSTRUMENTS,FutOnly,404,63,27,44,0,248,0,-111,-27,97,326,90,102,521,581,-117,-177,5,5,,
220621146021F,ETHER CASH SETTLED - CHICAGO MERCANTILE EXCHANGE,2022-06-21T00:00:00.000,2022 Report Week 25,ETHER CASH SETTLED,146021,CME,CHI,146,ETHER,3615,91,77,0,0,569,3,977,1767,182,1477,255,105,2835,2958,780,657,100.0,2.5,2.1,0.0,0.0,15.7,0.1,27.0,48.9,5.0,40.9,7.1,2.9,78.4,81.8,21.6,18.2,48,,,0,0,,7,21,,19,34,52.6,20.7,66.4,35.9,52.6,20.7,63.8,35.9,(50 Index Points),F85,ETHEREUM (ETHER),DIGITAL ASSET,FINANCIAL INSTRUMENTS,FutOnly,139,-63,-21,-44,0,-45,0,78,-18,37,4,45,0,12,-46,127,185,7,5,,4
220628146021F,ETHER CASH SETTLED - CHICAGO MERCANTILE EXCHANGE,2022-06-28T00:00:00.000,2022 Report Week 26,ETHER CASH SETTLED,146021,CME,CHI,146,ETHER,3967,91,294,0,0,449,3,1499,2175,138,1449,226,105,3285,3390,682,577,100.0,2.3,7.4,0.0,0.0,11.3,0.1,37.8,54.8,3.5,36.5,5.7,2.6,82.8,85.5,17.2,14.5,50,,,0,0,,11,21,,18,37,58.1,23.6,71.4,40.1,55.5,23.6,68.1,40.1,(50 Index Points),F85,ETHEREUM (ETHER),DIGITAL ASSET,FINANCIAL INSTRUMENTS,FutOnly,352,0,217,0,0,-120,0,522,408,-44,-28,-29,0,450,432,-98,-80,4,5,,5
220705146021F,ETHER CASH SETTLED - CHICAGO MERCANTILE EXCHANGE,2022-07-05T00:00:00.000,2022 Report Week 27,ETHER CASH SETTLED,146021,CME,CHI,146,ETHER,3905,89,298,32,0,582,3,1335,2060,152,1478,153,105,3194,3385,711,520,100.0,2.3,7.6,0.8,0.0,14.9,0.1,34.2,52.8,3.9,37.8,3.9,2.7,81.8,86.7,18.2,13.3,55,,,,0,,12,20,,24,37,47.2,25.2,61.9,41.1,44.5,25.2,58.8,41.1,(50 Index Points),F85,ETHEREUM (ETHER),DIGITAL ASSET,FINANCIAL INSTRUMENTS,FutOnly,-62,-2,4,32,0,133,0,-164,-115,14,29,-73,0,-91,-5,29,-57,8,7,,
220712146021F,ETHER CASH SETTLED - CHICAGO MERCANTILE EXCHANGE,2022-07-12T00:00:00.000,2022 Report Week 28,ETHER CASH SETTLED,146021,CME,CHI,146,ETHER,4312,117,383,38,0,634,3,1836,2197,235,1275,218,110,3614,3818,698,494,100.0,2.7,8.9,0.9,0.0,14.7,0.1,42.6,51.0,5.4,29.6,5.1,2.6,83.8,88.5,16.2,11.5,61,,,,0,,12,23,5,27,43,47.9,26.4,63.4,40.7,45.5,26.4,60.0,40.7,(50 Index Points),F85,ETHEREUM (ETHER),DIGITAL ASSET,FINANCIAL INSTRUMENTS,FutOnly,407,28,85,6,0,52,0,501,137,83,-203,65,5,420,433,-13,-26,9,7,,4
220719146021F,ETHER CASH SETTLED - CHICAGO MERCANTILE EXCHANGE,2022-07-19T00:00:00.000,2022 Report Week 29,ETHER CASH SETTLED,146021,CME,CHI,146,ETHER,3608,129,425,0,0,441,3,1331,1718,297,808,80,213,2781,3177,827,431,100.0,3.6,11.8,0.0,0.0,12.2,0.1,36.9,47.6,8.2,22.4,2.2,5.9,77.1,88.1,22.9,11.9,55,,,0,0,,15,15,6,32,33,31.1,31.0,44.4,46.6,31.1,30.6,41.9,45.3,(50 Index Points),F85,ETHEREUM (ETHER),DIGITAL ASSET,FINANCIAL INSTRUMENTS,FutOnly,-704,12,42,-38,0,-193,0,-505,-479,62,-467,-138,103,-833,-641,129,-63,8,7,,
220726146021F,ETHER CASH SETTLED - CHICAGO MERCANTILE EXCHANGE,2022-07-26T00:00:00.000,2022 Report Week 30,ETHER CASH SETTLED,146021,CME,CHI,146,ETHER,3533,127,431,49,0,394,3,1179,1452,329,775,226,307,2769,3191,764,342,100.0,3.6,12.2,1.4,0.0,11.2,0.1,33.4,41.1,9.3,21.9,6.4,8.7,78.4,90.3,21.6,9.7,57,,,,0,,11,17,9,33,38,30.9,29.5,47.0,44.4,29.6,26.4,41.5,39.7,(50 Index Points),F85,ETHEREUM (ETHER),DIGITAL ASSET,FINANCIAL INSTRUMENTS,FutOnly,-75,-2,6,49,0,-47,0,-152,-266,32,-33,146,94,-12,14,-63,-89,9,7,,5
220802146021F,ETHER CASH SETTLED - CHICAGO MERCANTILE EXCHANGE,2022-08-02T00:00:00.000,2022 Report Week 31,ETHER CASH SETTLED,146021,CME,CHI,146,ETHER,3485,89,271,82,0,240,11,945,1969,269,1049,29,251,2696,3122,789,363,100.0,2.6,7.8,2.4,0.0,6.9,0.3,27.1,56.5,7.7,30.1,0.8,7.2,77.4,89.6,22.6,10.4,51,,,,0,,10,17,6,29,33,36.0,25.9,49.5,43.0,30.9,24.6,42.2,40.5,(50 Index Points),F85,ETHEREUM (ETHER),DIGITAL ASSET,FINANCIAL INSTRUMENTS,FutOnly,-48,-38,-160,33,0,-154,8,-234,517,-60,274,-197,-56,-73,-69,25,21,10,6,,
220809146021F,ETHER CASH SETTLED - CHICAGO MERCANTILE EXCHANGE,2022-08-09T00:00:00.000,2022 Report Week 32,ETHER CASH SETTLED,146021,CME,CHI,146,ETHER,3481,92,113,140,0,96,0,936,1792,366,624,213,322,2480,3042,1001,439,100.0,2.6,3.2,4.0,0.0,2.8,0.0,26.9,51.5,10.5,17.9,6.1,9.3,71.2,87.4,28.8,12.6,49,,,,0,0,14,15,6,30,30,30.0,24.9,42.5,44.5,22.1,23.8,32.2,41.0,(50 Index Points),F85,ETHEREUM (ETHER),DIGITAL ASSET,FINANCIAL INSTRUMENTS,FutOnly,-4,3,-158,58,0,-144,-11,-9,-177,97,-425,184,71,-216,-80,212,76,7,,,4
220816146021F,ETHER CASH SETTLED - CHICAGO MERCANTILE EXCHANGE,2022-08-16T00:00:00.000,2022 Report Week 33,ETHER CASH SETTLED,146021,CME,CHI,146,ETHER,4014,92,92,167,287,0,0,985,1956,473,674,410,508,3186,3606,828,408,100.0,2.3,2.3,4.2,7.1,0.0,0.0,24.5,48.7,11.8,16.8,10.2,12.7,79.4,89.8,20.6,10.2,55,,,,4,0,15,16,10,41,31,27.9,34.5,40.9,52.1,20.2,24.5,29.8,40.5,(50 Index Points),F85,ETHEREUM (ETHER),DIGITAL ASSET,FINANCIAL INSTRUMENTS,FutOnly,533,0,-21,27,287,-96,0,49,164,107,50,197,186,706,564,-173,-31,9,0,4,5
220823146021F,ETHER CASH SETTLED - CHICAGO MERCANTILE EXCHANGE,2022-08-23T00:00:00.000,2022 Report Week 34,ETHER CASH SETTLED,146021,CME,CHI,146,ETHER,3978,88,90,176,169,30,0,705,1799,639,903,296,500,3180,3530,798,448,100.0,2.2,2.3,4.4,4.2,0.8,0.0,17.7,45.2,16.1,22.7,7.4,12.6,79.9,88.7,20.1,11.3,53,,,,,0,10,15,11,36,35,30.2,34.8,44.9,49.9,21.4,24.4,30.5,37.5,(50 Index Points),F85,ETHEREUM (ETHER),DIGITAL ASSET,FINANCIAL INSTRUMENTS,FutOnly,-36,-4,-2,9,-118,30,0,-280,-157,166,229,-114,-8,-6,-76,-30,40,11,,4,7
220830146021F,ETHER CASH SETTLED - CHICAGO MERCANTILE EXCHANGE,2022-08-30T00:00:00.000,2022 Report Week 35,ETHER CASH SETTLED,146021,CME,CHI,146,ETHER,4155,198,38,58,205,92,1,1578,2662,128,1037,372,273,3478,3624,677,531,100.0,4.8,0.9,1.4,4.9,2.2,0.0,38.0,64.1,3.1,25.0,9.0,6.6,83.7,87.2,16.3,12.8,57,4,,,,,9,19,7,33,36,37.2,33.0,52.4,48.4,34.2,32.9,48.8,47.3,(50 Index Points),F85,ETHEREUM (ETHER),DIGITAL ASSET,FINANCIAL INSTRUMENTS,FutOnly,177,110,-52,-118,36,62,1,873,863,-511,134,76,-227,298,94,-121,83,10,,,7
220906146021F,ETHER CASH SETTLED - CHICAGO MERCANTILE EXCHANGE,2022-09-06T00:00:00.000,2022 Report Week 36,ETHER CASH SETTLED,146021,CME,CHI,146,ETHER,4452,193,65,160,401,146,7,1700,2780,206,981,506,166,3814,4036,638,416,100.0,4.3,1.5,3.6,9.0,3.3,0.2,38.2,62.4,4.6,22.0,11.4,3.7,85.7,90.7,14.3,9.3,62,4,,,,,12,19,7,35,39,30.7,38.4,49.8,52.2,27.9,37.9,46.4,51.2,(50 Index Points),F85,ETHEREUM (ETHER),DIGITAL ASSET,FINANCIAL INSTRUMENTS,FutOnly,297,-5,27,102,196,54,6,122,118,78,-56,134,-107,336,412,-39,-115,9,,,8
220913146021F,ETHER CASH SETTLED - CHICAGO MERCANTILE EXCHANGE,2022-09-13T00:00:00.000,2022 Report Week 37,ETHER CASH SETTLED,146021,CME ,CHI,146 ,ETHER,4125,144,61,172,303,110,4,1206,2458,238,1204,435,169,3440,3647,685,478,100.0,3.5,1.5,4.2,7.3,2.7,0.1,29.2,59.6,5.8,29.2,10.5,4.1,83.4,88.4,16.6,11.6,56,,,,,,9,14,7,35,33,32.6,39.8,48.3,53.9,29.1,39.8,43.3,53.0,(50 Index Points),F85,ETHEREUM (ETHER),DIGITAL ASSET,FINANCIAL INSTRUMENTS,FutOnly,-327,-49,-4,12,-98,-36,-3,-494,-322,32,223,-71,3,-374,-389,47,62,13,,,7
220920146021F,ETHER CASH SETTLED - CHICAGO MERCANTILE EXCHANGE,2022-09-20T00:00:00.000,2022 Report Week 38,ETHER CASH SETTLED,146021,CME ,CHI,146 ,ETHER,4359,126,117,167,98,152,11,1302,1991,242,1540,924,157,3643,3761,716,598,100.0,2.9,2.7,3.8,2.2,3.5,0.3,29.9,45.7,5.6,35.3,21.2,3.6,83.6,86.3,16.4,13.7,63,,,,,,12,21,8,32,44,41.4,31.0,55.9,42.9,35.3,30.9,49.2,41.9,(50 Index Points),F85,ETHEREUM (ETHER),DIGITAL ASSET,FINANCIAL INSTRUMENTS,FutOnly,234,-18,56,-5,-205,42,7,96,-467,4,336,489,-12,203,114,31,120,10,,,7
220927146021F,ETHER CASH SETTLED - CHICAGO MERCANTILE EXCHANGE,2022-09-27T00:00:00.000,2022 Report Week 39,ETHER CASH SETTLED,146021,CME ,CHI,146 ,ETHER,4687,133,114,172,86,238,16,1375,2173,249,1754,931,169,3954,4062,733,625,100.0,2.8,2.4,3.7,1.8,5.1,0.3,29.3,46.4,5.3,37.4,19.9,3.6,84.4,86.7,15.6,13.3,63,,,,,,14,20,8,33,45,45.1,29.6,58.0,42.3,41.2,29.6,51.7,41.4,(50 Index Points),F85,ETHEREUM (ETHER),DIGITAL ASSET,FINANCIAL INSTRUMENTS,FutOnly,328,7,-3,5,-12,86,5,73,182,7,214,7,12,311,301,17,27,8,4,,8
221004146021F,ETHER CASH SETTLED - CHICAGO MERCANTILE EXCHANGE,2022-10-04T00:00:00.000,2022 Report Week 40,ETHER CASH SETTLED,146021,CME,CHI,146,ETHER,3812,102,92,159,116,284,16,1448,1374,265,986,1045,29,3121,3264,691,548,100.0,2.7,2.4,4.2,3.0,7.5,0.4,38.0,36.0,7.0,25.9,27.4,0.8,81.9,85.6,18.1,14.4,58,,,,,,13,16,8,29,43,43.2,31.2,54.5,42.5,41.1,31.2,52.2,42.1,(50 Index Points),F85,ETHEREUM (ETHER),DIGITAL ASSET,FINANCIAL INSTRUMENTS,FutOnly,-875,-31,-22,-13,30,46,0,73,-799,16,-768,114,-140,-833,-798,-42,-77,7,4,,10
221011146021F,ETHER CASH SETTLED - CHICAGO MERCANTILE EXCHANGE,2022-10-11T00:00:00.000,2022 Report Week 41,ETHER CASH SETTLED,146021,CME ,CHI,146 ,ETHER,3871,96,93,168,0,385,13,1639,1951,258,977,363,42,3193,3273,678,598,100.0,2.5,2.4,4.3,0.0,9.9,0.3,42.3,50.4,6.7,25.2,9.4,1.1,82.5,84.6,17.5,15.4,55,,,,0,,9,23,7,23,44,46.2,19.9,62.9,32.2,43.0,19.8,58.3,32.0,(50 Index Points),F85,ETHEREUM (ETHER),DIGITAL ASSET,FINANCIAL INSTRUMENTS,FutOnly,59,-6,1,9,-116,101,-3,191,577,-7,-9,-682,13,72,9,-13,50,6,4,,6
221018146021F,ETHER CASH SETTLED - CHICAGO MERCANTILE EXCHANGE,2022-10-18T00:00:00.000,2022 Report Week 42,ETHER CASH SETTLED,146021,CME ,CHI,146 ,ETHER,4052,96,68,169,0,489,14,1179,2199,223,1661,363,0,3342,3525,710,527,100.0,2.4,1.7,4.2,0.0,12.1,0.3,29.1,54.3,5.5,41.0,9.0,0.0,82.5,87.0,17.5,13.0,56,,,,0,,10,23,8,25,43,48.9,19.9,63.4,33.6,47.2,19.7,60.4,33.2,(50 Index Points),F85,ETHEREUM (ETHER),DIGITAL ASSET,FINANCIAL INSTRUMENTS,FutOnly,181,0,-25,1,0,104,1,-460,248,-35,684,0,-42,149,252,32,-71,6,5,0,6
221025146021F,ETHER CASH SETTLED - CHICAGO MERCANTILE EXCHANGE,2022-10-25T00:00:00.000,2022 Report Week 43,ETHER CASH SETTLED,146021,CME ,CHI,146 ,ETHER,4808,96,85,161,192,448,24,1394,2557,646,1382,432,0,3895,4353,913,455,100.0,2.0,1.8,3.3,4.0,9.3,0.5,29.0,53.2,13.4,28.7,9.0,0.0,81.0,90.5,19.0,9.5,64,,,,,,18,21,13,39,42,35.7,33.7,48.2,47.5,34.0,28.3,43.9,40.9,(50 Index Points),F85,ETHEREUM (ETHER),DIGITAL ASSET,FINANCIAL INSTRUMENTS,FutOnly,756,0,17,-8,192,-41,10,215,358,423,-279,69,0,553,828,203,-72,8,5,0,5
221101146021F,ETHER CASH SETTLED - CHICAGO MERCANTILE EXCHANGE,2022-11-01T00:00:00.000,2022 Report Week 44,ETHER CASH SETTLED,146021,CME ,CHI,146 ,ETHER,3279,96,141,148,325,277,31,1230,1834,204,356,268,5,2395,2908,884,371,100.0,2.9,4.3,4.5,9.9,8.4,0.9,37.5,55.9,6.2,10.9,8.2,0.2,73.0,88.7,27.0,11.3,58,,,,,,20,17,7,36,34,24.9,32.0,38.8,47.5,24.9,28.5,37.0,44.0,(50 Index Points),F85,ETHEREUM (ETHER),DIGITAL ASSET,FINANCIAL INSTRUMENTS,FutOnly,-1529,0,56,-13,133,-171,7,-164,-723,-442,-1026,-164,5,-1500,-1445,-29,-84,5,4,,5
221108146021F,ETHER CASH SETTLED - CHICAGO MERCANTILE EXCHANGE,2022-11-08T00:00:00.000,2022 Report Week 45,ETHER CASH SETTLED,146021,CME ,CHI,146 ,ETHER,3246,117,0,134,88,515,9,1247,941,358,362,840,10,2325,2807,921,439,100.0,3.6,0.0,4.1,2.7,15.9,0.3,38.4,29.0,11.0,11.2,25.9,0.3,71.6,86.5,28.4,13.5,52,,0,,,,17,14,10,32,34,26.4,26.7,38.5,44.3,21.3,26.7,31.7,43.4,(50 Index Points),F85,ETHEREUM (ETHER),DIGITAL ASSET,FINANCIAL INSTRUMENTS,FutOnly,-33,21,-141,-14,-237,238,-22,17,-893,154,6,572,5,-70,-101,37,68,6,4,,7
221115146021F,ETHER CASH SETTLED - CHICAGO MERCANTILE EXCHANGE,2022-11-15T00:00:00.000,2022 Report Week 46,ETHER CASH SETTLED,146021,CME ,CHI,146 ,ETHER,5653,165,29,224,0,786,8,3386,2420,296,691,1332,0,4770,5095,883,558,100.0,2.9,0.5,4.0,0.0,13.9,0.1,59.9,42.8,5.2,12.2,23.6,0.0,84.4,90.1,15.6,9.9,68,,,,0,,16,24,8,31,49,51.1,31.8,63.7,44.8,50.5,31.8,60.7,44.5,(50 Index Points),F85,ETHEREUM (ETHER),DIGITAL ASSET,FINANCIAL INSTRUMENTS,FutOnly,2407,48,29,90,-88,271,-1,2139,1479,-62,329,492,-10,2445,2288,-38,119,8,6,0,9
221122146021F,ETHER CASH SETTLED - CHICAGO MERCANTILE EXCHANGE,2022-11-22T00:00:00.000,2022 Report Week 47,ETHER CASH SETTLED,146021,CME ,CHI,146 ,ETHER,6592,163,376,214,34,1009,8,3532,2669,299,1587,1339,23,5860,5937,732,655,100.0,2.5,5.7,3.2,0.5,15.3,0.1,53.6,40.5,4.5,24.1,20.3,0.3,88.9,90.1,11.1,9.9,76,,,,,,17,26,7,37,52,47.4,28.6,63.9,42.1,47.4,28.6,62.3,42.1,(50 Index Points),F85,ETHEREUM (ETHER),DIGITAL ASSET,FINANCIAL INSTRUMENTS,FutOnly,939,-2,347,-10,34,223,0,146,249,3,896,7,23,1090,842,-151,97,13,6,,8
221129146021F,ETHER CASH SETTLED - CHICAGO MERCANTILE EXCHANGE,2022-11-29T00:00:00.000,2022 Report Week 48,ETHER CASH SETTLED,146021,CME ,CHI,146 ,ETHER,5647,163,376,175,34,817,30,2585,2324,81,1873,1244,0,4941,5047,706,600,100.0,2.9,6.7,3.1,0.6,14.5,0.5,45.8,41.2,1.4,33.2,22.0,0.0,87.5,89.4,12.5,10.6,67,,,,,4,15,19,5,36,42,50.6,32.1,65.7,48.2,50.5,32.1,63.8,48.1,(50 Index Points),F85,ETHEREUM (ETHER),DIGITAL ASSET,FINANCIAL INSTRUMENTS,FutOnly,-945,0,0,-39,0,-192,22,-947,-345,-218,286,-95,-23,-919,-890,-26,-55,12,7,0,8
221206146021F,ETHER CASH SETTLED - CHICAGO MERCANTILE EXCHANGE,2022-12-06T00:00:00.000,2022 Report Week 49,ETHER CASH SETTLED,146021,CME ,CHI,146 ,ETHER,5272,147,399,133,34,608,26,2141,2071,134,1980,1328,1,4596,4700,676,572,100.0,2.8,7.6,2.5,0.6,11.5,0.5,40.6,39.3,2.5,37.6,25.2,0.0,87.2,89.2,12.8,10.8,67,,,,,,12,21,5,34,44,53.6,33.9,66.9,49.2,53.6,33.9,65.2,49.2,(50 Index Points),F85,ETHEREUM (ETHER),DIGITAL ASSET,FINANCIAL INSTRUMENTS,FutOnly,-375,-16,23,-42,0,-209,-4,-444,-253,53,107,84,1,-345,-347,-30,-28,12,5,,10
221213146021F,ETHER CASH SETTLED - CHICAGO MERCANTILE EXCHANGE,2022-12-13T00:00:00.000,2022 Report Week 50,ETHER CASH SETTLED,146021,CME ,CHI,146 ,ETHER,4736,114,556,30,34,519,32,2064,1694,231,1381,1187,1,3887,4250,849,486,100.0,2.4,11.7,0.6,0.7,11.0,0.7,43.6,35.8,4.9,29.2,25.1,0.0,82.1,89.7,17.9,10.3,69,,4,,,,19,17,6,42,39,43.9,39.4,52.4,53.4,43.9,39.3,51.2,53.1,(50 Index Points),F85,ETHEREUM (ETHER),DIGITAL ASSET,FINANCIAL INSTRUMENTS,FutOnly,-536,-33,157,-103,0,-89,6,-77,-377,97,-599,-141,0,-709,-450,173,-86,13,5,,7
221220146021F,ETHER CASH SETTLED - CHICAGO MERCANTILE EXCHANGE,2022-12-20T00:00:00.000,2022 Report Week 51,ETHER CASH SETTLED,146021,CME ,CHI,146 ,ETHER,5698,231,672,58,34,655,9,2448,2283,165,1921,1285,0,4866,5127,832,571,100.0,4.1,11.8,1.0,0.6,11.5,0.2,43.0,40.1,2.9,33.7,22.6,0.0,85.4,90.0,14.6,10.0,66,,,,,,12,22,6,33,43,51.1,33.5,63.7,50.1,51.1,33.4,63.6,50.0,(50 Index Points),F85,ETHEREUM (ETHER),DIGITAL ASSET,FINANCIAL INSTRUMENTS,FutOnly,962,117,116,28,0,136,-23,384,589,-66,540,98,-1,979,877,-17,85,11,5,0,7
221227146021F,ETHER CASH SETTLED - CHICAGO MERCANTILE EXCHANGE,2022-12-27T00:00:00.000,2022 Report Week 52,ETHER CASH SETTLED,146021,CME ,CHI,146 ,ETHER,6199,214,687,66,34,581,15,2575,2302,532,2055,1323,0,5491,5506,708,693,100.0,3.5,11.1,1.1,0.5,9.4,0.2,41.5,37.1,8.6,33.2,21.3,0.0,88.6,88.8,11.4,11.2,69,,4,,,,13,23,9,35,48,44.8,30.8,65.3,46.2,44.8,30.7,60.6,45.7,(50 Index Points),F85,ETHEREUM (ETHER),DIGITAL ASSET,FINANCIAL INSTRUMENTS,FutOnly,501,-17,15,8,0,-74,6,127,19,367,134,38,0,625,379,-124,122,10,5,0,8
230103146021F,ETHER CASH SETTLED - CHICAGO MERCANTILE EXCHANGE,2023-01-03T00:00:00.000,2023 Report Week 01,ETHER CASH SETTLED,146021,CME ,CHI,146 ,ETHER,5977,198,689,76,34,653,31,3069,2493,113,1817,1303,0,5338,5358,639,619,100.0,3.3,11.5,1.3,0.6,10.9,0.5,51.3,41.7,1.9,30.4,21.8,0.0,89.3,89.6,10.7,10.4,70,,4,,,,14,23,5,33,47,48.6,33.9,69.2,50.0,48.6,33.8,68.8,49.9,(50 Index Points),F85,ETHEREUM (ETHER),DIGITAL ASSET,FINANCIAL INSTRUMENTS,FutOnly,-222,-16,2,10,0,72,16,494,191,-419,-238,-20,0,-153,-148,-69,-74,10,5,0,8
230110146021F,ETHER CASH SETTLED - CHICAGO MERCANTILE EXCHANGE,2023-01-10T00:00:00.000,2023 Report Week 02,ETHER CASH SETTLED,146021,CME ,CHI,146 ,ETHER,5442,198,730,72,166,266,115,2788,2385,143,986,1245,0,4468,4956,974,486,100.0,3.6,13.4,1.3,3.1,4.9,2.1,51.2,43.8,2.6,18.1,22.9,0.0,82.1,91.1,17.9,8.9,71,,4,,,,19,19,7,43,40,32.9,40.8,45.1,57.6,32.9,40.4,45.1,57.2,(50 Index Points),F85,ETHEREUM (ETHER),DIGITAL ASSET,FINANCIAL INSTRUMENTS,FutOnly,-535,0,41,-4,132,-387,84,-281,-108,30,-831,-58,0,-870,-402,335,-133,11,4,0,8
230117146021F,ETHER CASH SETTLED - CHICAGO MERCANTILE EXCHANGE,2023-01-17T00:00:00.000,2023 Report Week 03,ETHER CASH SETTLED,146021,CME ,CHI,146 ,ETHER,5585,167,822,117,454,164,134,2859,1837,97,673,1875,52,4553,5098,1032,487,100.0,3.0,14.7,2.1,8.1,2.9,2.4,51.2,32.9,1.7,12.1,33.6,0.9,81.5,91.3,18.5,8.7,79,,5,,4,,25,17,6,52,40,31.4,37.7,43.1,55.9,31.4,37.2,43.1,55.2,(50 Index Points),F85,ETHEREUM (ETHER),DIGITAL ASSET,FINANCIAL INSTRUMENTS,FutOnly,143,-31,92,45,288,-102,19,71,-548,-46,-313,630,52,85,142,58,1,12,,,9
230124146021F,ETHER CASH SETTLED - CHICAGO MERCANTILE EXCHANGE,2023-01-24T00:00:00.000,2023 Report Week 04,ETHER CASH SETTLED,146021,CME ,CHI,146 ,ETHER,5047,158,777,87,447,102,40,2495,1930,240,560,1207,34,4061,4417,986,630,100.0,3.1,15.4,1.7,8.9,2.0,0.8,49.4,38.2,4.8,11.1,23.9,0.7,80.5,87.5,19.5,12.5,71,,6,,4,,24,15,6,45,37,28.2,36.0,40.8,54.8,28.0,36.0,39.5,54.8,(50 Index Points),F85,ETHEREUM (ETHER),DIGITAL ASSET,FINANCIAL INSTRUMENTS,FutOnly,-538,-9,-45,-30,-7,-62,-94,-364,93,143,-113,-668,-18,-492,-681,-46,143,9,,,8
230131146021F,ETHER CASH SETTLED - CHICAGO MERCANTILE EXCHANGE,2023-01-31T00:00:00.000,2023 Report Week 05,ETHER CASH SETTLED,146021,CME ,CHI,146 ,ETHER,4331,158,786,137,278,154,25,2036,2175,230,479,407,24,3367,3938,964,393,100.0,3.6,18.1,3.2,6.4,3.6,0.6,47.0,50.2,5.3,11.1,9.4,0.6,77.7,90.9,22.3,9.1,78,,7,4,5,,20,19,8,49,43,27.8,34.8,37.0,50.8,27.8,34.6,36.9,48.8,(50 Index Points),F85,ETHEREUM (ETHER),DIGITAL ASSET,FINANCIAL INSTRUMENTS,FutOnly,-716,0,9,50,-169,52,-15,-459,245,-10,-81,-800,-10,-694,-479,-22,-237,9,,,10
230207146021F,ETHER CASH SETTLED - CHICAGO MERCANTILE EXCHANGE,2023-02-07T00:00:00.000,2023 Report Week 06,ETHER CASH SETTLED,146021,CME ,CHI,146 ,ETHER,4659,167,427,121,531,134,97,2007,2447,343,446,621,16,3728,4206,931,453,100.0,3.6,9.2,2.6,11.4,2.9,2.1,43.1,52.5,7.4,9.6,13.3,0.3,80.0,90.3,20.0,9.7,73,,7,4,5,,19,18,9,49,39,28.0,29.0,38.2,44.9,28.0,27.5,37.9,43.4,(50 Index Points),F85,ETHEREUM (ETHER),DIGITAL ASSET,FINANCIAL INSTRUMENTS,FutOnly,328,9,-359,-16,253,-20,72,-29,272,113,-33,214,-8,361,268,-33,60,8,,,8
230214146021F,ETHER CASH SETTLED - CHICAGO MERCANTILE EXCHANGE,2023-02-14T00:00:00.000,2023 Report Week 07,ETHER CASH SETTLED,146021,CME ,CHI,146 ,ETHER,4372,167,396,82,554,146,119,1617,2430,251,733,421,0,3523,3845,849,527,100.0,3.8,9.1,1.9,12.7,3.3,2.7,37.0,55.6,5.7,16.8,9.6,0.0,80.6,87.9,19.4,12.1,70,,7,,5,,16,18,7,41,41,33.8,26.0,44.1,41.0,33.8,26.0,44.0,39.9,(50 Index Points),F85,ETHEREUM (ETHER),DIGITAL ASSET,FINANCIAL INSTRUMENTS,FutOnly,-287,0,-31,-39,23,12,22,-390,-17,-92,287,-200,-16,-205,-361,-82,74,9,,0,7
230221146021F,ETHER CASH SETTLED - CHICAGO MERCANTILE EXCHANGE,2023-02-21T00:00:00.000,2023 Report Week 08,ETHER CASH SETTLED,146021,CME ,CHI,146 ,ETHER,4700,141,372,116,851,102,75,1689,2477,450,385,516,26,3733,4134,967,566,100.0,3.0,7.9,2.5,18.1,2.2,1.6,35.9,52.7,9.6,8.2,11.0,0.6,79.4,88.0,20.6,12.0,69,,5,,6,,17,22,12,43,42,32.7,21.1,42.8,37.9,30.4,21.1,40.2,36.3,(50 Index Points),F85,ETHEREUM (ETHER),DIGITAL ASSET,FINANCIAL INSTRUMENTS,FutOnly,328,-26,-24,34,297,-44,-44,72,47,199,-348,95,26,210,289,118,39,6,,,7
230228146021F,ETHER CASH SETTLED - CHICAGO MERCANTILE EXCHANGE,2023-02-28T00:00:00.000,2023 Report Week 09,ETHER CASH SETTLED,146021,CME ,CHI,146 ,ETHER,4126,141,373,65,999,129,50,1489,2540,262,345,218,36,3387,3673,739,453,100.0,3.4,9.0,1.6,24.2,3.1,1.2,36.1,61.6,6.3,8.4,5.3,0.9,82.1,89.0,17.9,11.0,65,,6,,6,,16,18,6,39,37,45.2,36.9,55.5,53.9,43.1,31.9,52.6,48.9,(50 Index Points),F85,ETHEREUM (ETHER),DIGITAL ASSET,FINANCIAL INSTRUMENTS,FutOnly,-574,0,1,-51,148,27,-25,-200,63,-188,-40,-298,10,-346,-461,-228,-113,7,,,5
230307146021F,ETHER CASH SETTLED - CHICAGO MERCANTILE EXCHANGE,2023-03-07T00:00:00.000,2023 Report Week 10,ETHER CASH SETTLED,146021,CME ,CHI,146 ,ETHER,3588,141,329,55,720,225,71,1370,1790,115,448,349,41,2961,2975,627,613,100.0,3.9,9.2,1.5,20.1,6.3,2.0,38.2,49.9,3.2,12.5,9.7,1.1,82.5,82.9,17.5,17.1,63,,5,,5,,12,20,4,31,39,44.5,22.3,56.2,37.4,43.1,22.2,54.6,35.8,(50 Index Points),F85,ETHEREUM (ETHER),DIGITAL ASSET,FINANCIAL INSTRUMENTS,FutOnly,-538,0,-44,-10,-279,96,21,-119,-750,-147,103,131,5,-426,-698,-112,160,8,,,6
230314146021F,ETHER CASH SETTLED - CHICAGO MERCANTILE EXCHANGE,2023-03-14T00:00:00.000,2023 Report Week 11,ETHER CASH SETTLED,146021,CME ,CHI,146 ,ETHER,4442,158,567,67,584,181,77,1839,2299,251,724,411,55,3755,3908,687,534,100.0,3.6,12.8,1.5,13.1,4.1,1.7,41.4,51.8,5.7,16.3,9.3,1.2,84.5,88.0,15.5,12.0,71,,8,,,,15,22,6,40,42,41.9,27.8,55.3,43.2,41.9,25.3,52.7,38.8,(50 Index Points),F85,ETHEREUM (ETHER),DIGITAL ASSET,FINANCIAL INSTRUMENTS,FutOnly,854,17,238,12,-136,-44,6,469,509,136,276,62,14,794,933,60,-79,11,,,5
230321146021F,ETHER CASH SETTLED - CHICAGO MERCANTILE EXCHANGE,2023-03-21T00:00:00.000,2023 Report Week 12,ETHER CASH SETTLED,146021,CME ,CHI,146 ,ETHER,4571,79,461,70,957,162,44,1895,2492,188,407,577,64,3704,4058,867,513,100.0,1.7,10.1,1.5,20.9,3.5,1.0,41.5,54.5,4.1,8.9,12.6,1.4,81.0,88.8,19.0,11.2,69,,7,,5,,17,20,,37,40,43.6,24.6,52.4,40.9,41.3,24.6,49.7,40.3,(50 Index Points),F85,ETHEREUM (ETHER),DIGITAL ASSET,FINANCIAL INSTRUMENTS,FutOnly,129,-79,-106,3,373,-19,-33,56,193,-63,-317,166,9,-51,150,180,-21,8,,,7
230328146021F,ETHER CASH SETTLED - CHICAGO MERCANTILE EXCHANGE,2023-03-28T00:00:00.000,2023 Report Week 13,ETHER CASH SETTLED,146021,CME ,CHI,146 ,ETHER,4119,77,452,57,835,126,49,1647,2376,95,417,391,58,3235,3604,884,515,100.0,1.9,11.0,1.4,20.3,3.1,1.2,40.0,57.7,2.3,10.1,9.5,1.4,78.5,87.5,21.5,12.5,63,,6,,5,,16,19,5,34,38,37.8,30.7,48.7,48.0,37.6,30.7,48.3,47.8,(50 Index Points),F85,ETHEREUM (ETHER),DIGITAL ASSET,FINANCIAL INSTRUMENTS,FutOnly,-452,-2,-9,-13,-122,-36,5,-248,-116,-93,10,-186,-6,-469,-454,17,2,6,,,5
230404146021F,ETHER CASH SETTLED - CHICAGO MERCANTILE EXCHANGE,2023-04-04T00:00:00.000,2023 Report Week 14,ETHER CASH SETTLED,146021,CME ,CHI,146 ,ETHER,4730,72,441,108,867,98,54,2016,2930,332,322,307,35,3806,4305,924,425,100.0,1.5,9.3,2.3,18.3,2.1,1.1,42.6,61.9,7.0,6.8,6.5,0.7,80.5,91.0,19.5,9.0,62,,8,,5,,19,14,5,40,32,39.9,44.5,50.7,61.8,37.6,40.4,46.7,55.8,(50 Index Points),F85,ETHEREUM (ETHER),DIGITAL ASSET,FINANCIAL INSTRUMENTS,FutOnly,611,-5,-11,51,32,-28,5,369,554,237,-95,-84,-23,571,701,40,-90,7,,,4
230411146021F,ETHER CASH SETTLED - CHICAGO MERCANTILE EXCHANGE,2023-04-11T00:00:00.000,2023 Report Week 15,ETHER CASH SETTLED,146021,CME ,CHI,146 ,ETHER,4416,176,550,48,941,98,49,1814,2408,300,187,554,31,3546,4038,870,378,100.0,4.0,12.5,1.1,21.3,2.2,1.1,41.1,54.5,6.8,4.2,12.5,0.7,80.3,91.4,19.7,8.6,65,,8,,5,,19,16,6,35,39,38.0,31.4,50.1,51.0,35.6,31.4,45.4,49.4,(50 Index Points),F85,ETHEREUM (ETHER),DIGITAL ASSET,FINANCIAL INSTRUMENTS,FutOnly,-314,104,109,-60,74,0,-5,-202,-522,-32,-135,247,-4,-260,-267,-54,-47,4,,,7
230418146021F,ETHER CASH SETTLED - CHICAGO MERCANTILE EXCHANGE,2023-04-18T00:00:00.000,2023 Report Week 16,ETHER CASH SETTLED,146021,CME ,CHI,146 ,ETHER,6248,205,746,65,1065,77,49,3436,3609,340,195,924,31,5386,5841,862,407,100.0,3.3,11.9,1.0,17.0,1.2,0.8,55.0,57.8,5.4,3.1,14.8,0.5,86.2,93.5,13.8,6.5,77,4,10,,5,,23,23,9,43,47,46.7,36.2,57.3,53.3,45.8,32.2,54.9,49.4,(50 Index Points),F85,ETHEREUM (ETHER),DIGITAL ASSET,FINANCIAL INSTRUMENTS,FutOnly,1832,29,196,17,124,-21,0,1622,1201,40,8,370,0,1840,1803,-8,29,4,,,5
230425146021F,ETHER CASH SETTLED - CHICAGO MERCANTILE EXCHANGE,2023-04-25T00:00:00.000,2023 Report Week 17,ETHER CASH SETTLED,146021,CME ,CHI,146 ,ETHER,3894,207,388,54,623,77,66,1808,2092,218,144,524,31,3151,3450,743,444,100.0,5.3,10.0,1.4,16.0,2.0,1.7,46.4,53.7,5.6,3.7,13.5,0.8,80.9,88.6,19.1,11.4,65,4,5,,4,,20,20,8,38,40,30.4,29.8,46.5,49.2,27.8,29.8,42.0,49.2,(50 Index Points),F85,ETHEREUM (ETHER),DIGITAL ASSET,FINANCIAL INSTRUMENTS,FutOnly,-2354,2,-358,-11,-442,0,17,-1628,-1517,-122,-51,-400,0,-2235,-2391,-119,37,4,,,5
230502146021F,ETHER CASH SETTLED - CHICAGO MERCANTILE EXCHANGE,2023-05-02T00:00:00.000,2023 Report Week 18,ETHER CASH SETTLED,146021,CME ,CHI,146 ,ETHER,3112,252,357,0,593,52,37,1209,2049,91,227,140,26,2435,2752,677,360,100.0,8.1,11.5,0.0,19.1,1.7,1.2,38.8,65.8,2.9,7.3,4.5,0.8,78.2,88.4,21.8,11.6,63,4,5,0,5,,18,20,7,38,35,28.3,33.0,41.6,56.5,27.8,33.0,40.2,56.5,(50 Index Points),F85,ETHEREUM (ETHER),DIGITAL ASSET,FINANCIAL INSTRUMENTS,FutOnly,-782,45,-31,-54,-30,-25,-29,-599,-43,-127,83,-384,-5,-716,-698,-66,-84,6,,,
230509146021F,ETHER CASH SETTLED - CHICAGO MERCANTILE EXCHANGE,2023-05-09T00:00:00.000,2023 Report Week 19,ETHER CASH SETTLED,146021,CME ,CHI,146 ,ETHER,3173,238,334,0,614,31,32,961,1989,191,321,173,0,2357,2750,816,423,100.0,7.5,10.5,0.0,19.4,1.0,1.0,30.3,62.7,6.0,10.1,5.5,0.0,74.3,86.7,25.7,13.3,58,4,5,0,5,,13,19,8,34,34,28.9,34.6,42.4,54.7,26.4,34.6,38.9,54.7,(50 Index Points),F85,ETHEREUM (ETHER),DIGITAL ASSET,FINANCIAL INSTRUMENTS,FutOnly,61,-14,-23,0,21,-21,-5,-248,-60,100,94,33,-26,-78,-2,139,63,6,,0,4
230516146021F,ETHER CASH SETTLED - CHICAGO MERCANTILE EXCHANGE,2023-05-16T00:00:00.000,2023 Report Week 20,ETHER CASH SETTLED,146021,CME ,CHI,146 ,ETHER,3228,260,343,0,537,31,14,1325,1875,156,133,330,0,2425,2749,803,479,100.0,8.1,10.6,0.0,16.6,1.0,0.4,41.0,58.1,4.8,4.1,10.2,0.0,75.1,85.2,24.9,14.8,58,4,5,0,6,,16,18,6,32,34,32.6,35.7,45.3,53.6,32.3,35.7,44.6,53.6,(50 Index Points),F85,ETHEREUM (ETHER),DIGITAL ASSET,FINANCIAL INSTRUMENTS,FutOnly,55,22,9,0,-77,0,-18,364,-114,-35,-188,157,0,68,-1,-13,56,,,0,5
230523146021F,ETHER CASH SETTLED - CHICAGO MERCANTILE EXCHANGE,2023-05-23T00:00:00.000,2023 Report Week 21,ETHER CASH SETTLED,146021,CME ,CHI,146 ,ETHER,3442,219,284,24,471,31,5,1615,2167,115,322,273,0,2771,2899,671,543,100.0,6.4,8.3,0.7,13.7,0.9,0.1,46.9,63.0,3.3,9.4,7.9,0.0,80.5,84.2,19.5,15.8,55,4,,,5,,15,18,7,32,32,36.5,35.7,53.0,55.1,36.3,35.7,52.8,55.1,(50 Index Points),F85,ETHEREUM (ETHER),DIGITAL ASSET,FINANCIAL INSTRUMENTS,FutOnly,214,-41,-59,24,-66,0,-9,290,292,-41,189,-57,0,346,150,-132,64,5,,0,
230530146021F,ETHER CASH SETTLED - CHICAGO MERCANTILE EXCHANGE,2023-05-30T00:00:00.000,2023 Report Week 22,ETHER CASH SETTLED,146021,CME ,CHI,146 ,ETHER,3076,268,307,0,691,31,1,1029,2145,18,351,135,0,2358,2637,718,439,100.0,8.7,10.0,0.0,22.5,1.0,0.0,33.5,69.7,0.6,11.4,4.4,0.0,76.7,85.7,23.3,14.3,54,5,4,0,5,,16,16,,33,25,28.9,43.6,46.4,63.3,28.9,43.6,46.4,63.3,(50 Index Points),F85,ETHEREUM (ETHER),DIGITAL ASSET,FINANCIAL INSTRUMENTS,FutOnly,-366,49,23,-24,220,0,-4,-586,-22,-97,29,-138,0,-413,-262,47,-104,5,,0,
230606146021F,ETHER CASH SETTLED - CHICAGO MERCANTILE EXCHANGE,2023-06-06T00:00:00.000,2023 Report Week 23,ETHER CASH SETTLED,146021,CME ,CHI,146 ,ETHER,4124,264,205,0,741,31,7,1499,3184,53,851,170,0,3415,3650,709,474,100.0,6.4,5.0,0.0,18.0,0.8,0.2,36.3,77.2,1.3,20.6,4.1,0.0,82.8,88.5,17.2,11.5,60,4,6,0,6,,14,20,5,33,33,43.6,50.6,56.2,63.5,43.6,50.1,56.2,63.0,(50 Index Points),F85,ETHEREUM (ETHER),DIGITAL ASSET,FINANCIAL INSTRUMENTS,FutOnly,1048,-4,-102,0,50,0,6,470,1039,35,500,35,0,1057,1013,-9,35,5,,0,4
230613146021F,ETHER CASH SETTLED - CHICAGO MERCANTILE EXCHANGE,2023-06-13T00:00:00.000,2023 Report Week 24,ETHER CASH SETTLED,146021,CME ,CHI,146 ,ETHER,3211,205,192,9,603,31,55,867,2116,67,807,167,0,2613,2637,598,574,100.0,6.4,6.0,0.3,18.8,1.0,1.7,27.0,65.9,2.1,25.1,5.2,0.0,81.4,82.1,18.6,17.9,59,,6,,6,,9,26,7,29,39,37.5,25.0,56.8,38.9,37.2,25.0,56.6,38.9,(50 Index Points),F85,ETHEREUM (ETHER),DIGITAL ASSET,FINANCIAL INSTRUMENTS,FutOnly,-913,-59,-13,9,-138,0,48,-632,-1068,14,-44,-3,0,-802,-1013,-111,100,5,,0,
230620146021F,ETHER CASH SETTLED - CHICAGO MERCANTILE EXCHANGE,2023-06-20T00:00:00.000,2023 Report Week 25,ETHER CASH SETTLED,146021,CME ,CHI,146 ,ETHER,3242,166,214,3,463,31,0,745,2223,63,1168,145,0,2608,2679,634,563,100.0,5.1,6.6,0.1,14.3,1.0,0.0,23.0,68.6,1.9,36.0,4.5,0.0,80.4,82.6,19.6,17.4,58,,6,,5,0,11,24,5,29,35,39.2,31.9,57.0,49.3,39.2,31.9,57.0,49.3,(50 Index Points),F85,ETHEREUM (ETHER),DIGITAL ASSET,FINANCIAL INSTRUMENTS,FutOnly,31,-39,22,-6,-140,0,-55,-122,107,-4,361,-22,0,-5,42,36,-11,7,,0,
230627146021F,ETHER CASH SETTLED - CHICAGO MERCANTILE EXCHANGE,2023-06-27T00:00:00.000,2023 Report Week 26,ETHER CASH SETTLED,146021,CME ,CHI,146 ,ETHER,4493,189,375,41,934,31,0,1385,2859,103,1028,702,0,3680,4111,813,382,100.0,4.2,8.3,0.9,20.8,0.7,0.0,30.8,63.6,2.3,22.9,15.6,0.0,81.9,91.5,18.1,8.5,66,4,8,,6,0,16,21,5,36,36,38.6,40.8,53.2,57.1,38.6,40.0,53.2,56.4,(50 Index Points),F85,ETHEREUM (ETHER),DIGITAL ASSET,FINANCIAL INSTRUMENTS,FutOnly,1251,23,161,38,471,0,0,640,636,40,-140,557,0,1072,1432,179,-181,6,,0,4
230703146021F,ETHER CASH SETTLED - CHICAGO MERCANTILE EXCHANGE,2023-07-03T00:00:00.000,2023 Report Week 27,ETHER CASH SETTLED,146021,CME ,CHI,146 ,ETHER,4730,190,237,0,1145,31,0,1662,3501,51,968,546,0,4016,4366,714,364,100.0,4.0,5.0,0.0,24.2,0.7,0.0,35.1,74.0,1.1,20.5,11.5,0.0,84.9,92.3,15.1,7.7,65,,6,0,6,0,19,20,,37,31,38.2,61.3,53.3,73.6,38.2,61.0,53.3,73.2,(50 Index Points),F85,ETHEREUM (ETHER),DIGITAL ASSET,FINANCIAL INSTRUMENTS,FutOnly,237,1,-138,-41,211,0,0,277,642,-52,-60,-156,0,336,255,-99,-18,6,,0,
230711146021F,ETHER CASH SETTLED - CHICAGO MERCANTILE EXCHANGE,2023-07-11T00:00:00.000,2023 Report Week 28,ETHER CASH SETTLED,146021,CME ,CHI,146 ,ETHER,3709,188,354,3,916,0,0,935,2343,130,818,591,0,2990,3421,719,288,100.0,5.1,9.5,0.1,24.7,0.0,0.0,25.2,63.2,3.5,22.1,15.9,0.0,80.6,92.2,19.4,7.8,61,,7,,6,0,15,21,5,34,33,35.9,48.0,50.2,62.3,35.9,47.4,50.2,61.2,(50 Index Points),F85,ETHEREUM (ETHER),DIGITAL ASSET,FINANCIAL INSTRUMENTS,FutOnly,-1021,-2,117,3,-229,-31,0,-727,-1158,79,-150,45,0,-1026,-945,5,-76,4,0,0,4
230718146021F,ETHER CASH SETTLED - CHICAGO MERCANTILE EXCHANGE,2023-07-18T00:00:00.000,2023 Report Week 29,ETHER CASH SETTLED,146021,CME ,CHI,146 ,ETHER,4096,208,528,3,1114,0,13,813,2413,254,860,363,0,3265,3574,831,522,100.0,5.1,12.9,0.1,27.2,0.0,0.3,19.8,58.9,6.2,21.0,8.9,0.0,79.7,87.3,20.3,12.7,65,,7,,7,,15,24,7,37,37,34.8,33.1,49.2,50.5,34.5,32.5,46.7,48.7,(50 Index Points),F85,ETHEREUM (ETHER),DIGITAL ASSET,FINANCIAL INSTRUMENTS,FutOnly,387,20,174,0,198,0,13,-122,70,124,42,-228,0,275,153,112,234,6,0,0,
230725146021F,ETHER CASH SETTLED - CHICAGO MERCANTILE EXCHANGE,2023-07-25T00:00:00.000,2023 Report Week 30,ETHER CASH SETTLED,146021,CME ,CHI,146 ,ETHER,3632,231,389,28,1049,0,27,418,2353,362,744,66,0,2859,3225,773,407,100.0,6.4,10.7,0.8,28.9,0.0,0.7,11.5,64.8,10.0,20.5,1.8,0.0,78.7,88.8,21.3,11.2,57,4,6,,8,,11,21,9,34,35,37.2,38.7,50.7,57.2,34.7,31.3,45.8,49.8,(50 Index Points),F85,ETHEREUM (ETHER),DIGITAL ASSET,FINANCIAL INSTRUMENTS,FutOnly,-464,23,-139,25,-65,0,14,-395,-60,108,-116,-297,0,-406,-349,-58,-115,5,0,0,
230801146021F,ETHER CASH SETTLED - CHICAGO MERCANTILE EXCHANGE,2023-08-01T00:00:00.000,2023 Report Week 31,ETHER CASH SETTLED,146021,CME ,CHI,146 ,ETHER,3016,200,389,39,836,0,17,304,2028,130,892,29,0,2418,2632,598,384,100.0,6.6,12.9,1.3,27.7,0.0,0.6,10.1,67.2,4.3,29.6,1.0,0.0,80.2,87.3,19.8,12.7,59,,7,,7,,7,25,8,31,38,37.1,33.6,51.8,51.5,37.1,33.2,51.8,51.1,(50 Index Points),F85,ETHEREUM (ETHER),DIGITAL ASSET,FINANCIAL INSTRUMENTS,FutOnly,-616,-31,0,11,-213,0,-10,-114,-325,-232,148,-37,0,-441,-593,-175,-23,7,0,0,
230808146021F,ETHER CASH SETTLED - CHICAGO MERCANTILE EXCHANGE,2023-08-08T00:00:00.000,2023 Report Week 32,ETHER CASH SETTLED,146021,CME ,CHI,146 ,ETHER,3194,202,330,28,681,0,13,458,2103,100,1043,101,0,2525,2675,669,519,100.0,6.3,10.3,0.9,21.3,0.0,0.4,14.3,65.8,3.1,32.7,3.2,0.0,79.1,83.8,20.9,16.2,59,4,6,,7,,7,25,4,30,35,37.2,35.8,50.0,49.2,37.2,35.1,50.0,48.0,(50 Index Points),F85,ETHEREUM (ETHER),DIGITAL ASSET,FINANCIAL INSTRUMENTS,FutOnly,178,2,-59,-11,-155,0,-4,154,75,-30,151,72,0,107,43,71,135,8,0,0,
230815146021F,ETHER CASH SETTLED - CHICAGO MERCANTILE EXCHANGE,2023-08-15T00:00:00.000,2023 Report Week 33,ETHER CASH SETTLED,146021,CME ,CHI,146 ,ETHER,3161,248,349,0,562,0,15,453,2011,136,1209,105,0,2623,2616,538,545,100.0,7.8,11.0,0.0,17.8,0.0,0.5,14.3,63.6,4.3,38.2,3.3,0.0,83.0,82.8,17.0,17.2,61,4,6,0,6,,7,29,9,30,41,44.4,22.8,58.3,38.0,44.3,22.8,58.1,38.0,(50 Index Points),F85,ETHEREUM (ETHER),DIGITAL ASSET,FINANCIAL INSTRUMENTS,FutOnly,-33,46,19,-28,-119,0,2,-5,-92,36,166,4,0,98,-59,-131,26,7,0,0,
230822146021F,ETHER CASH SETTLED - CHICAGO MERCANTILE EXCHANGE,2023-08-22T00:00:00.000,2023 Report Week 34,ETHER CASH SETTLED,146021,CME ,CHI,146 ,ETHER,4433,460,131,0,310,462,0,1322,2673,457,1332,70,0,3881,3793,552,640,100.0,10.4,3.0,0.0,7.0,10.4,0.0,29.8,60.3,10.3,30.0,1.6,0.0,87.5,85.6,12.5,14.4,59,4,,0,,0,11,27,5,27,37,43.5,30.1,64.9,46.9,40.1,27.2,58.5,42.9,(50 Index Points),F85,ETHEREUM (ETHER),DIGITAL ASSET,FINANCIAL INSTRUMENTS,FutOnly,1272,212,-218,0,-252,462,-15,869,662,321,123,-35,0,1258,1177,14,95,7,,0,
230829146021F,ETHER CASH SETTLED - CHICAGO MERCANTILE EXCHANGE,2023-08-29T00:00:00.000,2023 Report Week 35,ETHER CASH SETTLED,146021,CME ,CHI,146 ,ETHER,4125,418,138,6,336,706,0,1095,2553,155,1465,112,0,3475,3670,650,455,100.0,10.1,3.3,0.1,8.1,17.1,0.0,26.5,61.9,3.8,35.5,2.7,0.0,84.2,89.0,15.8,11.0,62,5,,,,0,11,26,4,27,40,42.3,37.4,59.5,51.7,42.3,37.4,59.0,51.4,(50 Index Points),F85,ETHEREUM (ETHER),DIGITAL ASSET,FINANCIAL INSTRUMENTS,FutOnly,-308,-42,7,6,26,244,0,-227,-120,-302,133,42,0,-406,-123,98,-185,7,4,0,
230905146021F,ETHER CASH SETTLED - CHICAGO MERCANTILE EXCHANGE,2023-09-05T00:00:00.000,2023 Report Week 36,ETHER CASH SETTLED,146021,CME ,CHI,146 ,ETHER,4515,474,152,44,248,905,5,1786,2596,195,1313,143,0,4065,4040,450,475,100.0,10.5,3.4,1.0,5.5,20.0,0.1,39.6,57.5,4.3,29.1,3.2,0.0,90.0,89.5,10.0,10.5,68,6,,,,,16,26,6,33,44,39.5,34.4,56.1,48.8,38.0,34.4,53.8,48.8,(50 Index Points),F85,ETHEREUM (ETHER),DIGITAL ASSET,FINANCIAL INSTRUMENTS,FutOnly,390,56,14,38,-88,199,5,691,43,40,-152,31,0,590,370,-200,20,7,4,0,
230912146021F,ETHER CASH SETTLED - CHICAGO MERCANTILE EXCHANGE,2023-09-12T00:00:00.000,2023 Report Week 37,ETHER CASH SETTLED,146021,CME ,CHI,146 ,ETHER,5181,476,155,16,253,1116,0,2255,2957,210,1441,126,0,4651,4580,530,601,100.0,9.2,3.0,0.3,4.9,21.5,0.0,43.5,57.1,4.1,27.8,2.4,0.0,89.8,88.4,10.2,11.6,69,6,,,,0,15,29,10,34,47,40.0,34.5,58.7,49.0,38.9,34.5,56.9,49.0,(50 Index Points),F85,ETHEREUM (ETHER),DIGITAL ASSET,FINANCIAL INSTRUMENTS,FutOnly,666,2,3,-28,5,211,-5,469,361,15,128,-17,0,586,540,80,126,7,4,0,
230919146021F,ETHER CASH SETTLED - CHICAGO MERCANTILE EXCHANGE,2023-09-19T00:00:00.000,2023 Report Week 38,ETHER CASH SETTLED,146021,CME ,CHI,146 ,ETHER,4560,472,216,14,272,959,0,1490,2355,371,1457,126,0,4076,4041,484,519,100.0,10.4,4.7,0.3,6.0,21.0,0.0,32.7,51.6,8.1,32.0,2.8,0.0,89.4,88.6,10.6,11.4,69,6,5,,,0,17,26,10,36,44,35.6,34.6,52.0,49.3,34.6,34.6,49.3,49.3,(50 Index Points),F85,ETHEREUM (ETHER),DIGITAL ASSET,FINANCIAL INSTRUMENTS,FutOnly,-621,-4,61,-2,19,-157,0,-765,-602,161,16,0,0,-575,-539,-46,-82,7,,0,
230926146021F,ETHER CASH SETTLED - CHICAGO MERCANTILE EXCHANGE,2023-09-26T00:00:00.000,2023 Report Week 39,ETHER CASH SETTLED,146021,CME ,CHI,146 ,ETHER,4647,360,124,0,276,1211,0,2195,2184,324,950,160,0,4105,4003,542,644,100.0,7.7,2.7,0.0,5.9,26.1,0.0,47.2,47.0,7.0,20.4,3.4,0.0,88.3,86.1,11.7,13.9,61,4,,0,,0,17,23,8,32,37,36.5,36.4,53.5,51.6,31.8,36.0,48.5,49.5,(50 Index Points),F85,ETHEREUM (ETHER),DIGITAL ASSET,FINANCIAL INSTRUMENTS,FutOnly,87,-112,-92,-14,4,252,0,705,-171,-47,-507,34,0,29,-38,58,125,6,4,0,
231003146021F,ETHER CASH SETTLED - CHICAGO MERCANTILE EXCHANGE,2023-10-03T00:00:00.000,2023 Report Week 40,ETHER CASH SETTLED,146021,CME ,CHI,146 ,ETHER,3809,256,178,28,334,758,29,1319,2159,72,1225,109,10,3273,3343,536,466,100.0,6.7,4.7,0.7,8.8,19.9,0.8,34.6,56.7,1.9,32.2,2.9,0.3,85.9,87.8,14.1,12.2,62,5,,,4,,16,22,6,34,38,36.6,37.9,51.2,54.3,35.9,37.9,49.4,53.7,(50 Index Points),F85,ETHEREUM (ETHER),DIGITAL ASSET,FINANCIAL INSTRUMENTS,FutOnly,-838,-104,54,28,58,-453,29,-876,-25,-252,275,-51,10,-832,-660,-6,-178,6,4,,
231010146021F,ETHER CASH SETTLED - CHICAGO MERCANTILE EXCHANGE,2023-10-10T00:00:00.000,2023 Report Week 41,ETHER CASH SETTLED,146021,CME ,CHI,146 ,ETHER,4766,276,161,0,365,979,7,2637,2784,93,751,136,48,4177,4208,589,558,100.0,5.8,3.4,0.0,7.7,20.5,0.1,55.3,58.4,2.0,15.8,2.9,1.0,87.6,88.3,12.4,11.7,63,4,,0,4,,17,24,8,33,41,38.9,33.5,57.5,50.9,38.8,33.5,56.5,50.9,(50 Index Points),F85,ETHEREUM (ETHER),DIGITAL ASSET,FINANCIAL INSTRUMENTS,FutOnly,957,20,-17,-28,31,221,-22,1318,625,21,-474,27,38,904,865,53,92,5,4,,
231017146021F,ETHER CASH SETTLED - CHICAGO MERCANTILE EXCHANGE,2023-10-17T00:00:00.000,2023 Report Week 42,ETHER CASH SETTLED,146021,CME ,CHI,146 ,ETHER,5358,216,129,42,241,1194,40,3242,3146,91,945,139,48,4865,4829,493,529,100.0,4.0,2.4,0.8,4.5,22.3,0.7,60.5,58.7,1.7,17.6,2.6,0.9,90.8,90.1,9.2,9.9,66,,,,,,17,25,7,35,44,45.0,33.4,63.1,49.5,44.9,33.4,62.3,49.2,(50 Index Points),F85,ETHEREUM (ETHER),DIGITAL ASSET,FINANCIAL INSTRUMENTS,FutOnly,592,-60,-32,42,-124,215,33,605,362,-2,194,3,0,688,621,-96,-29,7,7,,
231024146021F,ETHER CASH SETTLED - CHICAGO MERCANTILE EXCHANGE,2023-10-24T00:00:00.000,2023 Report Week 43,ETHER CASH SETTLED,146021,CME ,CHI,146 ,ETHER,4721,135,329,130,278,729,136,2014,2582,196,1169,166,1,4059,4269,662,452,100.0,2.9,7.0,2.8,5.9,15.4,2.9,42.7,54.7,4.2,24.8,3.5,0.0,86.0,90.4,14.0,9.6,64,,6,,,4,18,21,9,38,41,37.0,29.5,48.3,46.7,36.3,29.4,46.9,45.5,(50 Index Points),F85,ETHEREUM (ETHER),DIGITAL ASSET,FINANCIAL INSTRUMENTS,FutOnly,-637,-81,200,88,37,-465,96,-1228,-564,105,224,27,-47,-806,-560,169,-77,7,5,,
231031146021F,ETHER CASH SETTLED - CHICAGO MERCANTILE EXCHANGE,2023-10-31T00:00:00.000,2023 Report Week 44,ETHER CASH SETTLED,146021,CME ,CHI,146 ,ETHER,4127,187,539,71,463,144,76,1528,2473,84,928,332,2,3339,3721,788,406,100.0,4.5,13.1,1.7,11.2,3.5,1.8,37.0,59.9,2.0,22.5,8.0,0.0,80.9,90.2,19.1,9.8,63,4,8,,5,,17,17,5,38,36,31.4,32.5,44.3,50.0,31.4,32.5,44.3,50.0,(50 Index Points),F85,ETHEREUM (ETHER),DIGITAL ASSET,FINANCIAL INSTRUMENTS,FutOnly,-594,52,210,-59,185,-585,-60,-486,-109,-112,-241,166,1,-720,-548,126,-46,5,,,
231107146021F,ETHER CASH SETTLED - CHICAGO MERCANTILE EXCHANGE,2023-11-07T00:00:00.000,2023 Report Week 45,ETHER CASH SETTLED,146021,CME ,CHI,146 ,ETHER,4610,148,912,39,810,35,26,1456,2342,133,1046,768,3,3661,4258,949,352,100.0,3.2,19.8,0.8,17.6,0.8,0.6,31.6,50.8,2.9,22.7,16.7,0.1,79.4,92.4,20.6,7.6,67,,9,,8,,20,20,7,41,37,29.6,34.1,40.4,57.2,29.6,34.0,40.4,57.2,(50 Index Points),F85,ETHEREUM (ETHER),DIGITAL ASSET,FINANCIAL INSTRUMENTS,FutOnly,483,-39,373,-32,347,-109,-50,-72,-131,49,118,436,1,322,537,161,-54,,,,
231114146021F,ETHER CASH SETTLED - CHICAGO MERCANTILE EXCHANGE,2023-11-14T00:00:00.000,2023 Report Week 46,ETHER CASH SETTLED,146021,CME ,CHI,146 ,ETHER,5385,189,962,53,1393,31,14,1816,2820,259,661,864,6,4391,5009,994,376,100.0,3.5,17.9,1.0,25.9,0.6,0.3,33.7,52.4,4.8,12.3,16.0,0.1,81.5,93.0,18.5,7.0,72,4,8,,9,,21,19,8,46,37,20.4,33.4,34.3,56.4,20.4,32.1,34.3,54.2,(50 Index Points),F85,ETHEREUM (ETHER),DIGITAL ASSET,FINANCIAL INSTRUMENTS,FutOnly,775,41,50,14,583,-4,-12,360,478,126,-385,96,3,730,751,45,24,7,,,
231121146021F,ETHER CASH SETTLED - CHICAGO MERCANTILE EXCHANGE,2023-11-21T00:00:00.000,2023 Report Week 47,ETHER CASH SETTLED,146021,CME ,CHI,146 ,ETHER,5319,189,1047,133,1400,0,14,1757,2617,278,647,908,0,4418,4997,901,322,100.0,3.6,19.7,2.5,26.3,0.0,0.3,33.0,49.2,5.2,12.2,17.1,0.0,83.1,93.9,16.9,6.1,71,4,8,,9,,18,23,7,44,37,22.2,33.8,37.9,56.5,22.2,31.7,37.9,54.1,(50 Index Points),F85,ETHEREUM (ETHER),DIGITAL ASSET,FINANCIAL INSTRUMENTS,FutOnly,-66,0,85,80,7,-31,0,-59,-203,19,-14,44,-6,27,-12,-93,-54,6,0,0,
231128146021F,ETHER CASH SETTLED - CHICAGO MERCANTILE EXCHANGE,2023-11-28T00:00:00.000,2023 Report Week 48,ETHER CASH SETTLED,146021,CME ,CHI,146 ,ETHER,5748,208,989,57,1567,25,13,1984,3575,23,1056,771,0,4908,5453,840,295,100.0,3.6,17.2,1.0,27.3,0.4,0.2,34.5,62.2,0.4,18.4,13.4,0.0,85.4,94.9,14.6,5.1,76,4,7,,10,,22,23,4,47,36,27.6,29.4,43.9,51.7,27.6,29.4,43.9,51.4,(50 Index Points),F85,ETHEREUM (ETHER),DIGITAL ASSET,FINANCIAL INSTRUMENTS,FutOnly,429,19,-58,-76,167,25,-1,227,958,-255,409,-137,0,490,456,-61,-27,7,,0,
231205146021F,ETHER CASH SETTLED - CHICAGO MERCANTILE EXCHANGE,2023-12-05T00:00:00.000,2023 Report Week 49,ETHER CASH SETTLED,146021,CME ,CHI,146 ,ETHER,6373,234,1106,76,1711,28,12,2291,3624,31,920,976,29,5304,5882,1069,491,100.0,3.7,17.4,1.2,26.8,0.4,0.2,35.9,56.9,0.5,14.4,15.3,0.5,83.2,92.3,16.8,7.7,77,4,7,,11,,22,23,6,50,37,22.8,38.3,38.4,58.8,22.8,38.2,38.4,58.5,(50 Index Points),F85,ETHEREUM (ETHER),DIGITAL ASSET,FINANCIAL INSTRUMENTS,FutOnly,625,26,117,19,144,3,-1,307,49,8,-136,205,29,396,429,229,196,6,,,
231212146021F,ETHER CASH SETTLED - CHICAGO MERCANTILE EXCHANGE,2023-12-12T00:00:00.000,2023 Report Week 50,ETHER CASH SETTLED,146021,CME ,CHI,146 ,ETHER,5193,214,1124,59,1586,31,12,1915,2774,195,279,666,33,4293,4894,900,299,100.0,4.1,21.6,1.1,30.5,0.6,0.2,36.9,53.4,3.8,5.4,12.8,0.6,82.7,94.2,17.3,5.8,73,4,6,,11,,24,19,5,49,34,21.5,32.9,35.7,54.2,21.5,32.9,35.7,53.6,(50 Index Points),F85,ETHEREUM (ETHER),DIGITAL ASSET,FINANCIAL INSTRUMENTS,FutOnly,-1180,-20,18,-17,-125,3,0,-376,-850,164,-641,-310,4,-1011,-988,-169,-192,,,,4
231219146021F,ETHER CASH SETTLED - CHICAGO MERCANTILE EXCHANGE,2023-12-19T00:00:00.000,2023 Report Week 51,ETHER CASH SETTLED,146021,CME ,CHI,146 ,ETHER,5137,224,1138,46,1732,30,16,1690,2724,147,314,599,28,4197,4728,940,409,100.0,4.4,22.2,0.9,33.7,0.6,0.3,32.9,53.0,2.9,6.1,11.7,0.5,81.7,92.0,18.3,8.0,71,4,6,,11,,19,21,7,44,39,21.6,34.5,36.2,54.0,21.6,34.4,36.2,53.9,(50 Index Points),F85,ETHEREUM (ETHER),DIGITAL ASSET,FINANCIAL INSTRUMENTS,FutOnly,-56,10,14,-13,146,-1,4,-225,-50,-48,35,-67,-5,-96,-166,40,110,4,,,4
231226146021F,ETHER CASH SETTLED - CHICAGO MERCANTILE EXCHANGE,2023-12-26T00:00:00.000,2023 Report Week 52,ETHER CASH SETTLED,146021,CME ,CHI,146 ,ETHER,5621,263,1182,33,1649,0,15,2314,2965,186,230,932,29,4719,5342,902,279,100.0,4.7,21.0,0.6,29.3,0.0,0.3,41.2,52.7,3.3,4.1,16.6,0.5,84.0,95.0,16.0,5.0,74,4,6,,11,,24,21,11,48,40,21.2,35.0,37.3,58.9,21.0,35.0,37.0,58.7,(50 Index Points),F85,ETHEREUM (ETHER),DIGITAL ASSET,FINANCIAL INSTRUMENTS,FutOnly,484,39,44,-13,-83,-30,-1,624,241,39,-84,333,1,522,614,-38,-130,,0,,4
240102146021F,ETHER CASH SETTLED - CHICAGO MERCANTILE EXCHANGE,2024-01-02T00:00:00.000,2024 Report Week 01,ETHER CASH SETTLED,146021,CME ,CHI,146 ,ETHER,5548,233,1090,44,1821,40,14,2095,3319,62,364,700,3,4636,5272,912,276,100.0,4.2,19.6,0.8,32.8,0.7,0.3,37.8,59.8,1.1,6.6,12.6,0.1,83.6,95.0,16.4,5.0,73,,6,,12,,25,16,5,49,32,23.2,33.7,39.4,58.2,22.7,33.1,39.0,57.7,(50 Index Points),F85,ETHEREUM (ETHER),DIGITAL ASSET,FINANCIAL INSTRUMENTS,FutOnly,-73,-30,-92,11,172,40,-1,-219,354,-124,134,-232,-26,-83,-70,10,-3,6,,,
240109146021F,ETHER CASH SETTLED - CHICAGO MERCANTILE EXCHANGE,2024-01-09T00:00:00.000,2024 Report Week 02,ETHER CASH SETTLED,146021,CME ,CHI,146 ,ETHER,5853,230,1225,137,1503,42,28,2236,3618,108,670,378,0,4912,5536,941,317,100.0,3.9,20.9,2.3,25.7,0.7,0.5,38.2,61.8,1.8,11.4,6.5,0.0,83.9,94.6,16.1,5.4,72,,7,,13,,23,19,10,48,37,22.9,33.4,37.1,58.0,22.5,32.6,36.8,57.2,(50 Index Points),F85,ETHEREUM (ETHER),DIGITAL ASSET,FINANCIAL INSTRUMENTS,FutOnly,305,-3,135,93,-318,2,14,141,299,46,306,-322,-3,276,264,29,41,4,,0,
240116146021F,ETHER CASH SETTLED - CHICAGO MERCANTILE EXCHANGE,2024-01-16T00:00:00.000,2024 Report Week 03,ETHER CASH SETTLED,146021,CME ,CHI,146 ,ETHER,6556,301,1342,140,1636,43,15,2494,4308,87,858,337,8,5539,6280,1017,276,100.0,4.6,20.5,2.1,25.0,0.7,0.2,38.0,65.7,1.3,13.1,5.1,0.1,84.5,95.8,15.5,4.2,85,4,8,,13,,27,23,6,56,38,18.3,32.4,30.7,54.5,18.3,31.8,30.5,53.9,(50 Index Points),F85,ETHEREUM (ETHER),DIGITAL ASSET,FINANCIAL INSTRUMENTS,FutOnly,703,71,117,3,133,1,-13,258,690,-21,188,-41,8,627,744,76,-41,7,,,
240123146021F,ETHER CASH SETTLED - CHICAGO MERCANTILE EXCHANGE,2024-01-23T00:00:00.000,2024 Report Week 04,ETHER CASH SETTLED,146021,CME ,CHI,146 ,ETHER,6136,258,1420,83,1291,1,138,2343,3518,295,718,229,16,5142,5700,994,436,100.0,4.2,23.1,1.4,21.0,0.0,2.2,38.2,57.3,4.8,11.7,3.7,0.3,83.8,92.9,16.2,7.1,73,4,7,,11,,24,18,14,50,42,19.2,34.3,33.4,57.5,18.7,33.3,32.5,56.6,(50 Index Points),F85,ETHEREUM (ETHER),DIGITAL ASSET,FINANCIAL INSTRUMENTS,FutOnly,-420,-43,78,-57,-345,-42,123,-151,-790,208,-140,-108,8,-397,-580,-23,160,4,,,
240130146021F,ETHER CASH SETTLED - CHICAGO MERCANTILE EXCHANGE,2024-01-30T00:00:00.000,2024 Report Week 05,ETHER CASH SETTLED,146021,CME ,CHI,146 ,ETHER,5141,237,1021,104,1278,34,17,1812,3706,32,864,0,0,4344,4914,797,227,100.0,4.6,19.9,2.0,24.9,0.7,0.3,35.2,72.1,0.6,16.8,0.0,0.0,84.5,95.6,15.5,4.4,75,,6,,11,,24,24,,44,37,20.9,37.9,36.2,63.0,20.9,37.9,35.9,63.0,(50 Index Points),F85,ETHEREUM (ETHER),DIGITAL ASSET,FINANCIAL INSTRUMENTS,FutOnly,-995,-21,-399,21,-13,33,-121,-531,188,-263,146,-229,-16,-798,-786,-197,-209,5,,0,0
240206146021F,ETHER CASH SETTLED - CHICAGO MERCANTILE EXCHANGE,2024-02-06T00:00:00.000,2024 Report Week 06,ETHER CASH SETTLED,146021,CME ,CHI,146 ,ETHER,5668,248,889,110,1271,33,16,1949,4312,11,1265,0,0,4870,5371,798,297,100.0,4.4,15.7,1.9,22.4,0.6,0.3,34.4,76.1,0.2,22.3,0.0,0.0,85.9,94.8,14.1,5.2,73,,6,,11,,23,23,,44,34,24.7,35.9,40.0,62.0,24.7,35.9,39.7,62.0,(50 Index Points),F85,ETHEREUM (ETHER),DIGITAL ASSET,FINANCIAL INSTRUMENTS,FutOnly,527,11,-132,6,-7,-1,-1,137,606,-21,401,0,0,526,457,1,70,5,,0,0
240213146021F,ETHER CASH SETTLED - CHICAGO MERCANTILE EXCHANGE,2024-02-13T00:00:00.000,2024 Report Week 07,ETHER CASH SETTLED,146021,CME ,CHI,146 ,ETHER,6449,274,1213,135,1563,34,39,2339,4369,182,827,40,113,5472,6125,977,324,100.0,4.2,18.8,2.1,24.2,0.5,0.6,36.3,67.7,2.8,12.8,0.6,1.8,84.9,95.0,15.1,5.0,85,,6,,13,,27,28,6,54,41,20.0,35.2,33.4,53.0,20.0,35.0,33.2,52.8,(50 Index Points),F85,ETHEREUM (ETHER),DIGITAL ASSET,FINANCIAL INSTRUMENTS,FutOnly,781,26,324,25,292,1,23,390,57,171,-438,40,113,602,754,179,27,5,,,
240220146021F,ETHER CASH SETTLED - CHICAGO MERCANTILE EXCHANGE,2024-02-20T00:00:00.000,2024 Report Week 08,ETHER CASH SETTLED,146021,CME ,CHI,146 ,ETHER,6749,314,1342,117,1747,0,24,2422,4259,361,629,125,88,5702,6316,1047,433,100.0,4.7,19.9,1.7,25.9,0.0,0.4,35.9,63.1,5.3,9.3,1.9,1.3,84.5,93.6,15.5,6.4,79,,6,,13,,28,22,10,59,35,20.0,38.0,33.3,56.9,19.8,37.8,33.1,54.7,(50 Index Points),F85,ETHEREUM (ETHER),DIGITAL ASSET,FINANCIAL INSTRUMENTS,FutOnly,300,40,129,-18,184,-34,-15,83,-110,179,-198,85,-25,230,191,70,109,4,0,,
240227146021F,ETHER CASH SETTLED - CHICAGO MERCANTILE EXCHANGE,2024-02-27T00:00:00.000,2024 Report Week 09,ETHER CASH SETTLED,146021,CME ,CHI,146 ,ETHER,6564,366,1621,155,1756,29,13,2656,4062,184,345,201,0,5475,6265,1089,299,100.0,5.6,24.7,2.4,26.8,0.4,0.2,40.5,61.9,2.8,5.3,3.1,0.0,83.4,95.4,16.6,4.6,78,4,7,,12,,26,23,7,50,39,19.7,40.8,35.2,62.6,19.5,40.6,34.0,62.4,(50 Index Points),F85,ETHEREUM (ETHER),DIGITAL ASSET,FINANCIAL INSTRUMENTS,FutOnly,-185,52,279,38,9,29,-11,234,-197,-177,-284,76,-88,-227,-51,42,-134,,,0,
240305146021F,ETHER CASH SETTLED - CHICAGO MERCANTILE EXCHANGE,2024-03-05T00:00:00.000,2024 Report Week 10,ETHER CASH SETTLED,146021,CME ,CHI,146 ,ETHER,7471,357,1652,221,1891,26,12,2715,3782,529,701,960,0,6426,7182,1045,289,100.0,4.8,22.1,3.0,25.3,0.3,0.2,36.3,50.6,7.1,9.4,12.8,0.0,86.0,96.1,14.0,3.9,78,4,7,,13,,26,20,6,52,36,24.1,39.5,39.5,62.6,22.0,39.5,35.4,62.1,(50 Index Points),F85,ETHEREUM (ETHER),DIGITAL ASSET,FINANCIAL INSTRUMENTS,FutOnly,907,-9,31,66,135,-3,-1,59,-280,345,356,759,0,951,917,-44,-10,4,,0,
240312146021F,ETHER CASH SETTLED - CHICAGO MERCANTILE EXCHANGE,2024-03-12T00:00:00.000,2024 Report Week 11,ETHER CASH SETTLED,146021,CME ,CHI,146 ,ETHER,7239,404,1424,144,1866,0,11,2747,3999,311,585,969,39,6107,6897,1132,342,100.0,5.6,19.7,2.0,25.8,0.0,0.2,37.9,55.2,4.3,8.1,13.4,0.5,84.4,95.3,15.6,4.7,80,4,6,,12,,29,21,8,56,36,25.4,38.2,37.7,63.8,25.3,38.0,37.6,62.1,(50 Index Points),F85,ETHEREUM (ETHER),DIGITAL ASSET,FINANCIAL INSTRUMENTS,FutOnly,-232,47,-228,-77,-25,-26,-1,32,217,-218,-116,9,39,-319,-285,87,53,5,0,,
240319146021F,ETHER CASH SETTLED - CHICAGO MERCANTILE EXCHANGE,2024-03-19T00:00:00.000,2024 Report Week 12,ETHER CASH SETTLED,146021,CME ,CHI,146 ,ETHER,7366,281,1495,39,1464,0,19,3723,3924,170,511,1232,159,6366,7038,1000,328,100.0,3.8,20.3,0.5,19.9,0.0,0.3,50.5,53.3,2.3,6.9,16.7,2.2,86.4,95.5,13.6,4.5,76,5,6,,11,,25,20,7,52,37,32.3,38.8,45.1,64.7,32.1,38.8,44.8,64.5,(50 Index Points),F85,ETHEREUM (ETHER),DIGITAL ASSET,FINANCIAL INSTRUMENTS,FutOnly,127,-123,71,-105,-402,0,8,976,-75,-141,-74,263,120,259,141,-132,-14,6,0,,
240326146021F,ETHER CASH SETTLED - CHICAGO MERCANTILE EXCHANGE,2024-03-26T00:00:00.000,2024 Report Week 13,ETHER CASH SETTLED,146021,CME ,CHI,146 ,ETHER,7180,313,1389,125,1494,0,13,3201,3503,351,517,1382,55,6069,6818,1111,362,100.0,4.4,19.3,1.7,20.8,0.0,0.2,44.6,48.8,4.9,7.2,19.2,0.8,84.5,95.0,15.5,5.0,71,5,6,,11,,22,19,8,50,35,34.1,41.7,44.6,65.9,33.9,38.4,43.4,62.3,(50 Index Points),F85,ETHEREUM (ETHER),DIGITAL ASSET,FINANCIAL INSTRUMENTS,FutOnly,-186,32,-106,86,30,0,-6,-522,-421,181,6,150,-104,-297,-220,111,34,6,0,,
240402146021F,ETHER CASH SETTLED - CHICAGO MERCANTILE EXCHANGE,2024-04-02T00:00:00.000,2024 Report Week 14,ETHER CASH SETTLED,146021,CME ,CHI,146 ,ETHER,6498,342,1290,107,1436,40,19,2902,3360,78,737,1304,31,5652,6229,846,269,100.0,5.3,19.9,1.6,22.1,0.6,0.3,44.7,51.7,1.2,11.3,20.1,0.5,87.0,95.9,13.0,4.1,71,4,6,,12,,22,17,7,47,35,35.3,47.4,48.3,71.0,34.7,47.4,47.7,71.0,(50 Index Points),F85,ETHEREUM (ETHER),DIGITAL ASSET,FINANCIAL INSTRUMENTS,FutOnly,-682,29,-99,-18,-58,40,6,-299,-143,-273,220,-78,-24,-417,-589,-265,-93,6,,,
240409146021F,ETHER CASH SETTLED - CHICAGO MERCANTILE EXCHANGE,2024-04-09T00:00:00.000,2024 Report Week 15,ETHER CASH SETTLED,146021,CME ,CHI,146 ,ETHER,5984,332,1173,57,1465,0,15,2401,3216,116,738,1036,32,5156,5645,828,339,100.0,5.5,19.6,1.0,24.5,0.0,0.3,40.1,53.7,1.9,12.3,17.3,0.5,86.2,94.3,13.8,5.7,72,4,6,,12,,23,20,8,48,35,31.5,47.1,43.8,66.6,30.9,47.1,43.0,66.1,(50 Index Points),F85,ETHEREUM (ETHER),DIGITAL ASSET,FINANCIAL INSTRUMENTS,FutOnly,-514,-10,-117,-50,29,-40,-4,-501,-144,38,1,-268,1,-496,-584,-18,70,5,0,,
240416146021F,ETHER CASH SETTLED - CHICAGO MERCANTILE EXCHANGE,2024-04-16T00:00:00.000,2024 Report Week 16,ETHER CASH SETTLED,146021,CME ,CHI,146 ,ETHER,5644,253,1074,66,1295,50,22,2340,2882,135,696,1068,31,4838,5328,806,316,100.0,4.5,19.0,1.2,22.9,0.9,0.4,41.5,51.1,2.4,12.3,18.9,0.5,85.7,94.4,14.3,5.6,71,,5,,10,,22,20,7,46,35,34.2,48.4,46.5,66.8,33.4,48.4,45.3,66.1,(50 Index Points),F85,ETHEREUM (ETHER),DIGITAL ASSET,FINANCIAL INSTRUMENTS,FutOnly,-340,-79,-99,9,-170,50,7,-61,-334,19,-42,32,-1,-318,-317,-22,-23,7,,,
240423146021F,ETHER CASH SETTLED - CHICAGO MERCANTILE EXCHANGE,2024-04-23T00:00:00.000,2024 Report Week 17,ETHER CASH SETTLED,146021,CME ,CHI,146 ,ETHER,5126,293,1006,46,1377,58,30,1525,2424,251,710,851,67,4299,4733,827,393,100.0,5.7,19.6,0.9,26.9,1.1,0.6,29.8,47.3,4.9,13.9,16.6,1.3,83.9,92.3,16.1,7.7,69,,6,,10,,21,17,10,47,38,26.5,47.3,40.6,65.6,25.7,45.1,39.3,63.2,(50 Index Points),F85,ETHEREUM (ETHER),DIGITAL ASSET,FINANCIAL INSTRUMENTS,FutOnly,-518,40,-68,-20,82,8,8,-815,-458,116,14,-217,36,-539,-595,21,77,7,,,
240430146021F,ETHER CASH SETTLED - CHICAGO MERCANTILE EXCHANGE,2024-04-30T00:00:00.000,2024 Report Week 18,ETHER CASH SETTLED,146021,CME ,CHI,146 ,ETHER,5155,293,836,0,1238,0,42,2165,2704,101,589,1046,18,4446,4747,709,408,100.0,5.7,16.2,0.0,24.0,0.0,0.8,42.0,52.5,2.0,11.4,20.3,0.3,86.2,92.1,13.8,7.9,71,,7,0,10,,23,20,7,43,38,37.9,44.1,49.9,62.1,37.0,44.1,49.0,61.9,(50 Index Points),F85,ETHEREUM (ETHER),DIGITAL ASSET,FINANCIAL INSTRUMENTS,FutOnly,29,0,-170,-46,-139,-58,12,640,280,-150,-121,195,-49,147,14,-118,15,5,0,,
240507146021F,ETHER CASH SETTLED - CHICAGO MERCANTILE EXCHANGE,2024-05-07T00:00:00.000,2024 Report Week 19,ETHER CASH SETTLED,146021,CME ,CHI,146 ,ETHER,4411,317,801,0,1230,0,32,1237,2202,99,735,871,0,3650,4005,761,406,100.0,7.2,18.2,0.0,27.9,0.0,0.7,28.0,49.9,2.2,16.7,19.7,0.0,82.7,90.8,17.3,9.2,67,,7,0,9,,21,20,8,40,37,30.9,42.2,43.8,60.7,30.2,42.2,43.1,60.7,(50 Index Points),F85,ETHEREUM (ETHER),DIGITAL ASSET,FINANCIAL INSTRUMENTS,FutOnly,-744,24,-35,0,-8,0,-10,-928,-502,-2,146,-175,-18,-796,-742,52,-2,4,0,0,
240514146021F,ETHER CASH SETTLED - CHICAGO MERCANTILE EXCHANGE,2024-05-14T00:00:00.000,2024 Report Week 20,ETHER CASH SETTLED,146021,CME ,CHI,146 ,ETHER,4326,289,779,13,1099,0,85,1169,2083,59,801,804,0,3515,3823,811,503,100.0,6.7,18.0,0.3,25.4,0.0,2.0,27.0,48.2,1.4,18.5,18.6,0.0,81.3,88.4,18.7,11.6,68,,7,,9,,19,21,4,41,35,31.9,37.8,45.4,54.4,31.1,37.8,44.0,54.4,(50 Index Points),F85,ETHEREUM (ETHER),DIGITAL ASSET,FINANCIAL INSTRUMENTS,FutOnly,-85,-28,-22,13,-131,0,53,-68,-119,-40,66,-67,0,-135,-182,50,97,6,0,0,
240521146021F,ETHER CASH SETTLED - CHICAGO MERCANTILE EXCHANGE,2024-05-21T00:00:00.000,2024 Report Week 21,ETHER CASH SETTLED,146021,CME ,CHI,146 ,ETHER,5964,282,1214,143,1305,108,35,1948,2751,328,557,692,167,4765,5438,1199,526,100.0,4.7,20.4,2.4,21.9,1.8,0.6,32.7,46.1,5.5,9.3,11.6,2.8,79.9,91.2,20.1,8.8,80,,9,,10,,24,24,10,52,44,26.3,28.3,38.3,47.1,25.9,25.3,37.4,42.5,(50 Index Points),F85,ETHEREUM (ETHER),DIGITAL ASSET,FINANCIAL INSTRUMENTS,FutOnly,1638,-7,435,130,206,108,-50,779,668,269,-244,-112,167,1250,1615,388,23,4,,,4
240528146021F,ETHER CASH SETTLED - CHICAGO MERCANTILE EXCHANGE,2024-05-28T00:00:00.000,2024 Report Week 22,ETHER CASH SETTLED,146021,CME ,CHI,146 ,ETHER,6544,285,1529,165,1347,202,61,2499,2580,450,636,1077,74,5517,6138,1027,406,100.0,4.4,23.4,2.5,20.6,3.1,0.9,38.2,39.4,6.9,9.7,16.5,1.1,84.3,93.8,15.7,6.2,82,4,6,4,9,,33,17,12,61,41,25.6,44.0,36.2,63.4,24.8,44.0,34.3,62.9,(50 Index Points),F85,ETHEREUM (ETHER),DIGITAL ASSET,FINANCIAL INSTRUMENTS,FutOnly,580,3,315,22,42,94,26,551,-171,122,79,385,-93,752,700,-172,-120,6,,,4
240604146021F,ETHER CASH SETTLED - CHICAGO MERCANTILE EXCHANGE,2024-06-04T00:00:00.000,2024 Report Week 23,ETHER CASH SETTLED,146021,CME ,CHI,146 ,ETHER,6323,318,1570,75,1547,219,39,2473,2392,97,612,1670,0,5161,6062,1162,261,100.0,5.0,24.8,1.2,24.5,3.5,0.6,39.1,37.8,1.5,9.7,26.4,0.0,81.6,95.9,18.4,4.1,73,5,6,,9,,27,15,7,51,33,27.5,58.4,39.9,77.1,26.9,57.6,38.9,76.3,(50 Index Points),F85,ETHEREUM (ETHER),DIGITAL ASSET,FINANCIAL INSTRUMENTS,FutOnly,-221,33,41,-90,200,17,-22,-26,-188,-353,-24,593,-74,-356,-76,135,-145,5,,0,4
240611146021F,ETHER CASH SETTLED - CHICAGO MERCANTILE EXCHANGE,2024-06-11T00:00:00.000,2024 Report Week 24,ETHER CASH SETTLED,146021,CME ,CHI,146 ,ETHER,7088,297,1575,123,1858,182,66,2784,3313,61,599,1115,302,6090,6737,998,351,100.0,4.2,22.2,1.7,26.2,2.6,0.9,39.3,46.7,0.9,8.5,15.7,4.3,85.9,95.0,14.1,5.0,77,5,6,4,11,,29,16,7,53,39,31.3,46.8,45.8,67.4,30.3,46.1,42.0,66.7,(50 Index Points),F85,ETHEREUM (ETHER),DIGITAL ASSET,FINANCIAL INSTRUMENTS,FutOnly,765,-21,5,48,311,-37,27,311,921,-36,-13,-555,302,929,675,-164,90,5,,,
240618146021F,ETHER CASH SETTLED - CHICAGO MERCANTILE EXCHANGE,2024-06-18T00:00:00.000,2024 Report Week 25,ETHER CASH SETTLED,146021,CME ,CHI,146 ,ETHER,7327,279,1202,155,2168,226,87,2702,3713,127,516,1110,394,6428,7014,899,313,100.0,3.8,16.4,2.1,29.6,3.1,1.2,36.9,50.7,1.7,7.0,15.1,5.4,87.7,95.7,12.3,4.3,76,4,5,4,10,,26,21,10,53,42,29.0,46.0,45.2,67.6,28.0,45.3,41.5,66.9,(50 Index Points),F85,ETHEREUM (ETHER),DIGITAL ASSET,FINANCIAL INSTRUMENTS,FutOnly,239,-18,-373,32,310,44,21,-82,400,66,-83,-5,92,338,277,-99,-38,,,,4
240625146021F,ETHER CASH SETTLED - CHICAGO MERCANTILE EXCHANGE,2024-06-25T00:00:00.000,2024 Report Week 26,ETHER CASH SETTLED,146021,CME ,CHI,146 ,ETHER,7450,290,946,130,2230,139,58,2843,3968,391,532,1347,106,6580,7085,870,365,100.0,3.9,12.7,1.7,29.9,1.9,0.8,38.2,53.3,5.2,7.1,18.1,1.4,88.3,95.1,11.7,4.9,72,4,4,,10,,28,17,8,53,35,33.7,44.5,48.0,68.3,33.1,43.6,45.1,64.5,(50 Index Points),F85,ETHEREUM (ETHER),DIGITAL ASSET,FINANCIAL INSTRUMENTS,FutOnly,123,11,-256,-25,62,-87,-29,141,255,264,16,237,-288,152,71,-29,52,,,,4
240702146021F,ETHER CASH SETTLED - CHICAGO MERCANTILE EXCHANGE,2024-07-02T00:00:00.000,2024 Report Week 27,ETHER CASH SETTLED,146021,CME ,CHI,146 ,ETHER,6461,290,819,0,2143,160,69,2417,3446,42,533,1451,81,5575,6068,886,393,100.0,4.5,12.7,0.0,33.2,2.5,1.1,37.4,53.3,0.7,8.2,22.5,1.3,86.3,93.9,13.7,6.1,60,,,0,9,,25,13,7,43,27,38.5,49.2,50.5,74.1,37.7,49.2,49.7,72.9,(50 Index Points),F85,ETHEREUM (ETHER),DIGITAL ASSET,FINANCIAL INSTRUMENTS,FutOnly,-989,0,-127,-130,-87,21,11,-426,-522,-349,1,104,-25,-1005,-1017,16,28,,,,
240709146021F,ETHER CASH SETTLED - CHICAGO MERCANTILE EXCHANGE,2024-07-09T00:00:00.000,2024 Report Week 28,ETHER CASH SETTLED,146021,CME ,CHI,146 ,ETHER,6462,292,923,61,2323,292,62,1964,3615,106,514,652,234,5556,5945,906,517,100.0,4.5,14.3,0.9,35.9,4.5,1.0,30.4,55.9,1.6,8.0,10.1,3.6,86.0,92.0,14.0,8.0,63,4,4,,9,,21,15,6,40,34,39.9,47.2,51.2,69.9,39.0,43.6,48.5,66.1,(50 Index Points),F85,ETHEREUM (ETHER),DIGITAL ASSET,FINANCIAL INSTRUMENTS,FutOnly,1,2,104,61,180,132,-7,-453,169,64,-19,-799,153,-19,-123,20,124,,4,,4
240716146021F,ETHER CASH SETTLED - CHICAGO MERCANTILE EXCHANGE,2024-07-16T00:00:00.000,2024 Report Week 29,ETHER CASH SETTLED,146021,CME ,CHI,146 ,ETHER,6772,296,914,49,2878,362,66,1341,3221,285,514,1052,399,5828,6348,944,424,100.0,4.4,13.5,0.7,42.5,5.3,1.0,19.8,47.6,4.2,7.6,15.5,5.9,86.1,93.7,13.9,6.3,62,4,,,10,,20,16,7,42,34,43.3,47.5,52.7,66.7,39.5,41.6,48.1,60.7,(50 Index Points),F85,ETHEREUM (ETHER),DIGITAL ASSET,FINANCIAL INSTRUMENTS,FutOnly,310,4,-9,-12,555,70,4,-623,-394,179,0,400,165,272,403,38,-93,,4,,
240723146021F,ETHER CASH SETTLED - CHICAGO MERCANTILE EXCHANGE,2024-07-23T00:00:00.000,2024 Report Week 30,ETHER CASH SETTLED,146021,CME ,CHI,146 ,ETHER,7661,289,1293,99,2975,271,108,1833,3449,265,552,1268,499,6620,7252,1041,409,100.0,3.8,16.9,1.3,38.8,3.5,1.4,23.9,45.0,3.5,7.2,16.6,6.5,86.4,94.7,13.6,5.3,69,4,,,9,,19,24,12,47,40,41.1,44.3,56.4,65.9,38.3,39.8,51.0,58.1,(50 Index Points),F85,ETHEREUM (ETHER),DIGITAL ASSET,FINANCIAL INSTRUMENTS,FutOnly,889,-7,379,50,97,-91,42,492,228,-20,38,216,100,792,904,97,-15,,,,4
240730146021F,ETHER CASH SETTLED - CHICAGO MERCANTILE EXCHANGE,2024-07-30T00:00:00.000,2024 Report Week 31,ETHER CASH SETTLED,146021,CME ,CHI,146 ,ETHER,6243,277,1128,26,3059,211,25,1334,3311,175,574,973,0,5470,5849,773,394,100.0,4.4,18.1,0.4,49.0,3.4,0.4,21.4,53.0,2.8,9.2,15.6,0.0,87.6,93.7,12.4,6.3,67,,4,,9,,19,22,8,42,36,46.3,41.6,58.3,65.5,45.9,41.2,57.9,63.6,(50 Index Points),F85,ETHEREUM (ETHER),DIGITAL ASSET,FINANCIAL INSTRUMENTS,FutOnly,-1418,-12,-165,-73,84,-60,-83,-499,-138,-90,22,-295,-499,-1150,-1403,-268,-15,,4,0,
240806146021F,ETHER CASH SETTLED - CHICAGO MERCANTILE EXCHANGE,2024-08-06T00:00:00.000,2024 Report Week 32,ETHER CASH SETTLED,146021,CME ,CHI,146 ,ETHER,6703,177,1135,79,3007,180,99,1194,3545,384,1066,767,0,6006,6189,697,514,100.0,2.6,16.9,1.2,44.9,2.7,1.5,17.8,52.9,5.7,15.9,11.4,0.0,89.6,92.3,10.4,7.7,69,,6,,9,,16,26,7,40,40,47.0,38.6,59.6,63.0,45.5,37.6,56.5,60.6,(50 Index Points),F85,ETHEREUM (ETHER),DIGITAL ASSET,FINANCIAL INSTRUMENTS,FutOnly,460,-100,7,53,-52,-31,74,-140,234,209,492,-206,0,536,340,-76,120,5,,0,
240813146021F,ETHER CASH SETTLED - CHICAGO MERCANTILE EXCHANGE,2024-08-13T00:00:00.000,2024 Report Week 33,ETHER CASH SETTLED,146021,CME ,CHI,146 ,ETHER,6836,177,1031,117,3098,132,72,1006,3883,507,1137,695,0,6114,6437,722,399,100.0,2.6,15.1,1.7,45.3,1.9,1.1,14.7,56.8,7.4,16.6,10.2,0.0,89.4,94.2,10.6,5.8,68,,5,,8,,15,26,9,38,44,51.6,35.7,62.0,57.6,50.7,33.6,59.2,55.4,(50 Index Points),F85,ETHEREUM (ETHER),DIGITAL ASSET,FINANCIAL INSTRUMENTS,FutOnly,133,0,-104,38,91,-48,-27,-188,338,123,71,-72,0,108,248,25,-115,5,4,0,
240820146021F,ETHER CASH SETTLED - CHICAGO MERCANTILE EXCHANGE,2024-08-20T00:00:00.000,2024 Report Week 34,ETHER CASH SETTLED,146021,CME ,CHI,146 ,ETHER,7337,177,932,107,3205,102,78,1038,3531,957,1072,1137,0,6634,6844,703,493,100.0,2.4,12.7,1.5,43.7,1.4,1.1,14.1,48.1,13.0,14.6,15.5,0.0,90.4,93.3,9.6,6.7,69,,4,,8,,14,28,9,39,44,48.8,34.9,63.6,53.6,47.8,30.8,55.8,48.2,(50 Index Points),F85,ETHEREUM (ETHER),DIGITAL ASSET,FINANCIAL INSTRUMENTS,FutOnly,501,0,-99,-10,107,-30,6,32,-352,450,-65,442,0,520,407,-19,94,6,,0,
240827146021F,ETHER CASH SETTLED - CHICAGO MERCANTILE EXCHANGE,2024-08-27T00:00:00.000,2024 Report Week 35,ETHER CASH SETTLED,146021,CME ,CHI,146 ,ETHER,6977,180,934,31,3031,105,164,1248,3194,614,1023,1333,10,6301,6385,676,592,100.0,2.6,13.4,0.4,43.4,1.5,2.4,17.9,45.8,8.8,14.7,19.1,0.1,90.3,91.5,9.7,8.5,67,,4,,8,,14,26,10,38,45,50.5,36.0,65.2,55.3,49.1,31.9,61.0,51.3,(50 Index Points),F85,ETHEREUM (ETHER),DIGITAL ASSET,FINANCIAL INSTRUMENTS,FutOnly,-360,3,2,-76,-174,3,86,210,-337,-343,-49,196,10,-333,-459,-27,99,6,,,
240903146021F,ETHER CASH SETTLED - CHICAGO MERCANTILE EXCHANGE,2024-09-03T00:00:00.000,2024 Report Week 36,ETHER CASH SETTLED,146021,CME ,CHI,146 ,ETHER,5939,185,902,1,3098,85,108,802,2896,121,1028,1249,0,5343,5362,596,577,100.0,3.1,15.2,0.0,52.2,1.4,1.8,13.5,48.8,2.0,17.3,21.0,0.0,90.0,90.3,10.0,9.7,59,,4,,8,,13,23,4,30,36,59.7,40.6,69.0,61.4,57.9,39.6,67.2,60.4,(50 Index Points),F85,ETHEREUM (ETHER),DIGITAL ASSET,FINANCIAL INSTRUMENTS,FutOnly,-1038,5,-32,-30,67,-20,-56,-446,-298,-493,5,-84,-10,-958,-1023,-80,-15,4,,0,
240910146021F,ETHER CASH SETTLED - CHICAGO MERCANTILE EXCHANGE,2024-09-10T00:00:00.000,2024 Report Week 37,ETHER CASH SETTLED,146021,CME ,CHI,146 ,ETHER,6204,235,994,0,2978,129,194,1029,3003,139,1019,1178,0,5594,5637,610,567,100.0,3.8,16.0,0.0,48.0,2.1,3.1,16.6,48.4,2.2,16.4,19.0,0.0,90.2,90.9,9.8,9.1,64,,4,0,9,,14,24,6,35,37,55.0,38.5,67.3,57.7,52.5,37.5,64.8,56.5,(50 Index Points),F85,ETHEREUM (ETHER),DIGITAL ASSET,FINANCIAL INSTRUMENTS,FutOnly,265,50,92,-1,-120,44,86,227,107,18,-9,-71,0,251,275,14,-10,5,,0,
240917146021F,ETHER CASH SETTLED - CHICAGO MERCANTILE EXCHANGE,2024-09-17T00:00:00.000,2024 Report Week 38,ETHER CASH SETTLED,146021,CME ,CHI,146 ,ETHER,6718,240,947,0,1354,148,220,1141,3244,454,2623,1193,0,6032,6206,686,512,100.0,3.6,14.1,0.0,20.2,2.2,3.3,17.0,48.3,6.8,39.0,17.8,0.0,89.8,92.4,10.2,7.6,68,,4,0,7,,16,26,8,37,41,51.6,35.7,64.6,55.2,49.3,34.6,61.4,53.8,(50 Index Points),F85,ETHEREUM (ETHER),DIGITAL ASSET,FINANCIAL INSTRUMENTS,FutOnly,514,5,-47,0,-1624,19,26,112,241,315,1604,15,0,438,569,76,-55,6,,0,
240924146021F,ETHER CASH SETTLED - CHICAGO MERCANTILE EXCHANGE,2024-09-24T00:00:00.000,2024 Report Week 39,ETHER CASH SETTLED,146021,CME ,CHI,146 ,ETHER,6489,268,996,0,1541,122,268,998,3373,229,2291,823,81,5676,5892,813,597,100.0,4.1,15.3,0.0,23.7,1.9,4.1,15.4,52.0,3.5,35.3,12.7,1.2,87.5,90.8,12.5,9.2,64,,4,0,9,5,10,27,8,35,43,55.5,33.9,67.2,50.7,53.8,32.6,63.5,49.3,(50 Index Points),F85,ETHEREUM (ETHER),DIGITAL ASSET,FINANCIAL INSTRUMENTS,FutOnly,-229,28,49,0,187,-26,48,-143,129,-225,-332,-370,81,-356,-314,127,85,5,,,
241001146021F,ETHER CASH SETTLED - CHICAGO MERCANTILE EXCHANGE,2024-10-01T00:00:00.000,2024 Report Week 40,ETHER CASH SETTLED,146021,CME ,CHI,146 ,ETHER,6087,260,1027,51,1423,168,239,1023,2873,41,2364,1160,0,5401,5559,686,528,100.0,4.3,16.9,0.8,23.4,2.8,3.9,16.8,47.2,0.7,38.8,19.1,0.0,88.7,91.3,11.3,8.7,59,,4,,7,4,11,20,6,32,39,56.1,39.8,65.1,62.6,54.0,39.6,63.0,62.4,(50 Index Points),F85,ETHEREUM (ETHER),DIGITAL ASSET,FINANCIAL INSTRUMENTS,FutOnly,-402,-8,31,51,-118,46,-29,25,-500,-188,73,337,-81,-275,-333,-127,-69,4,5,0,4
241008146021F,ETHER CASH SETTLED - CHICAGO MERCANTILE EXCHANGE,2024-10-08T00:00:00.000,2024 Report Week 41,ETHER CASH SETTLED,146021,CME ,CHI,146 ,ETHER,6198,287,930,28,1390,162,257,730,2887,44,2810,1373,0,5546,5681,652,517,100.0,4.6,15.0,0.5,22.4,2.6,4.1,11.8,46.6,0.7,45.3,22.2,0.0,89.5,91.7,10.5,8.3,65,4,4,,8,4,13,20,6,36,40,58.9,42.1,67.7,61.5,56.8,42.1,65.7,61.5,(50 Index Points),F85,ETHEREUM (ETHER),DIGITAL ASSET,FINANCIAL INSTRUMENTS,FutOnly,111,27,-97,-23,-33,-6,18,-293,14,3,446,213,0,145,122,-34,-11,7,4,0,4
241015146021F,ETHER CASH SETTLED - CHICAGO MERCANTILE EXCHANGE,2024-10-15T00:00:00.000,2024 Report Week 42,ETHER CASH SETTLED,146021,CME ,CHI,146 ,ETHER,6413,2271,1025,0,1476,271,192,820,3631,176,717,741,0,5652,6036,761,377,100.0,35.4,16.0,0.0,23.0,4.2,3.0,12.8,56.6,2.7,11.2,11.6,0.0,88.1,94.1,11.9,5.9,65,5,4,0,7,,8,26,7,33,42,58.6,41.1,67.4,58.8,57.2,41.1,65.7,58.6,(50 Index Points),F85,ETHEREUM (ETHER),DIGITAL ASSET,FINANCIAL INSTRUMENTS,FutOnly,215,1984,95,-28,86,109,-65,90,744,132,-2093,-632,0,106,355,109,-140,6,5,0,
241022146021F,ETHER CASH SETTLED - CHICAGO MERCANTILE EXCHANGE,2024-10-22T00:00:00.000,2024 Report Week 43,ETHER CASH SETTLED,146021,CME ,CHI,146 ,ETHER,7262,2280,1031,196,1534,407,196,893,3375,435,651,893,302,6487,6835,775,427,100.0,31.4,14.2,2.7,21.1,5.6,2.7,12.3,46.5,6.0,9.0,12.3,4.2,89.3,94.1,10.7,5.9,67,4,4,,7,,14,19,9,40,44,51.3,36.6,64.0,58.2,49.2,36.6,57.9,53.7,(50 Index Points),F85,ETHEREUM (ETHER),DIGITAL ASSET,FINANCIAL INSTRUMENTS,FutOnly,849,9,6,196,58,136,4,73,-256,259,-66,152,302,835,799,14,50,7,6,,5
241029146021F,ETHER CASH SETTLED - CHICAGO MERCANTILE EXCHANGE,2024-10-29T00:00:00.000,2024 Report Week 44,ETHER CASH SETTLED,146021,CME ,CHI,146 ,ETHER,7031,2523,1016,3,1557,283,139,1324,3921,106,623,1137,37,6312,6642,719,389,100.0,35.9,14.5,0.0,22.1,4.0,2.0,18.8,55.8,1.5,8.9,16.2,0.5,89.8,94.5,10.2,5.5,69,4,4,,8,,14,23,6,39,40,57.7,41.7,67.4,61.4,56.5,41.5,66.1,61.1,(50 Index Points),F85,ETHEREUM (ETHER),DIGITAL ASSET,FINANCIAL INSTRUMENTS,FutOnly,-231,243,-15,-193,23,-124,-57,431,546,-329,-28,244,-265,-175,-193,-56,-38,6,6,,4
241105146021F,ETHER CASH SETTLED - CHICAGO MERCANTILE EXCHANGE,2024-11-05T00:00:00.000,2024 Report Week 45,ETHER CASH SETTLED,146021,CME ,CHI,146 ,ETHER,7214,2434,972,67,1545,490,151,1482,3429,318,454,1169,111,6562,6707,652,507,100.0,33.7,13.5,0.9,21.4,6.8,2.1,20.5,47.5,4.4,6.3,16.2,1.5,91.0,93.0,9.0,7.0,69,4,,,7,,16,25,10,40,43,58.9,39.3,69.9,54.9,56.8,39.1,65.7,54.8,(50 Index Points),F85,ETHEREUM (ETHER),DIGITAL ASSET,FINANCIAL INSTRUMENTS,FutOnly,183,-89,-44,64,-12,207,12,158,-492,212,-169,32,74,250,65,-67,118,4,5,,4
241112146021F,ETHER CASH SETTLED - CHICAGO MERCANTILE EXCHANGE,2024-11-12T00:00:00.000,2024 Report Week 46,ETHER CASH SETTLED,146021,CME ,CHI,146 ,ETHER,10781,4506,1266,112,2556,91,121,1656,5274,165,521,3153,218,9855,10400,926,381,100.0,41.8,11.7,1.0,23.7,0.8,1.1,15.4,48.9,1.5,4.8,29.2,2.0,91.4,96.5,8.6,3.5,86,4,7,,9,,27,24,10,56,44,61.3,44.3,69.1,65.4,60.4,42.2,67.3,63.3,(50 Index Points),F85,ETHEREUM (ETHER),DIGITAL ASSET,FINANCIAL INSTRUMENTS,FutOnly,3567,2072,294,45,1011,-399,-30,174,1845,-153,67,1984,107,3293,3693,274,-126,8,,,4
241119146021F,ETHER CASH SETTLED - CHICAGO MERCANTILE EXCHANGE,2024-11-19T00:00:00.000,2024 Report Week 47,ETHER CASH SETTLED,146021,CME ,CHI,146 ,ETHER,11944,4926,1249,113,2645,192,108,1687,4784,359,434,3996,747,11019,11548,925,396,100.0,41.2,10.5,0.9,22.1,1.6,0.9,14.1,40.1,3.0,3.6,33.5,6.3,92.3,96.7,7.7,3.3,79,4,5,,10,,25,20,10,54,41,63.3,53.6,71.2,70.9,58.8,47.2,65.2,64.5,(50 Index Points),F85,ETHEREUM (ETHER),DIGITAL ASSET,FINANCIAL INSTRUMENTS,FutOnly,1163,420,-17,1,89,101,-13,31,-490,194,-87,843,529,1164,1148,-1,15,8,,,4
241126146021F,ETHER CASH SETTLED - CHICAGO MERCANTILE EXCHANGE,2024-11-26T00:00:00.000,2024 Report Week 48,ETHER CASH SETTLED,146021,CME ,CHI,146 ,ETHER,14110,7052,1590,800,2932,143,117,1358,5905,486,328,4546,122,13195,13709,915,401,100.0,50.0,11.3,5.7,20.8,1.0,0.8,9.6,41.8,3.4,2.3,32.2,0.9,93.5,97.2,6.5,2.8,78,4,7,4,10,,22,22,12,56,43,67.4,43.3,73.6,62.7,64.9,43.1,69.6,62.2,(50 Index Points),F85,ETHEREUM (ETHER),DIGITAL ASSET,FINANCIAL INSTRUMENTS,FutOnly,2166,2126,341,687,287,-49,9,-329,1121,127,-106,550,-625,2176,2161,-10,5,8,,,4
241203146021F,ETHER CASH SETTLED - CHICAGO MERCANTILE EXCHANGE,2024-12-03T00:00:00.000,2024 Report Week 49,ETHER CASH SETTLED,146021,CME ,CHI,146 ,ETHER,14798,8621,2535,32,3005,160,119,1616,6903,99,263,4533,62,13817,14443,981,355,100.0,58.3,17.1,0.2,20.3,1.1,0.8,10.9,46.6,0.7,1.8,30.6,0.4,93.4,97.6,6.6,2.4,74,4,7,,8,,21,22,7,49,40,74.4,48.5,79.3,68.8,73.9,48.2,78.7,68.5,(50 Index Points),F85,ETHEREUM (ETHER),DIGITAL ASSET,FINANCIAL INSTRUMENTS,FutOnly,688,1569,945,-768,73,17,2,258,998,-387,-65,-13,-60,622,734,66,-46,5,,,4
241210146021F,ETHER CASH SETTLED - CHICAGO MERCANTILE EXCHANGE,2024-12-10T00:00:00.000,2024 Report Week 50,ETHER CASH SETTLED,146021,CME ,CHI,146 ,ETHER,18762,11505,3533,33,3699,239,126,1661,7998,288,401,6047,91,17804,18355,958,407,100.0,61.3,18.8,0.2,19.7,1.3,0.7,8.9,42.6,1.5,2.1,32.2,0.5,94.9,97.8,5.1,2.2,82,5,7,,10,,20,25,12,54,48,76.8,46.0,80.8,67.6,76.3,45.8,80.3,67.4,(50 Index Points),F85,ETHEREUM (ETHER),DIGITAL ASSET,FINANCIAL INSTRUMENTS,FutOnly,3964,2884,998,1,694,79,7,45,1095,189,138,1514,29,3987,3912,-23,52,8,,,5
241217146021F,ETHER CASH SETTLED - CHICAGO MERCANTILE EXCHANGE,2024-12-17T00:00:00.000,2024 Report Week 51,ETHER CASH SETTLED,146021,CME ,CHI,146 ,ETHER,22486,12496,4039,90,4058,216,263,1709,8462,1931,367,6511,546,21460,22058,1026,428,100.0,55.6,18.0,0.4,18.0,1.0,1.2,7.6,37.6,8.6,1.6,29.0,2.4,95.4,98.1,4.6,1.9,81,5,7,,10,4,18,26,7,50,48,75.6,43.1,81.7,61.1,70.0,39.4,73.3,56.7,(50 Index Points),F85,ETHEREUM (ETHER),DIGITAL ASSET,FINANCIAL INSTRUMENTS,FutOnly,3724,991,506,57,359,-23,137,48,464,1643,-34,464,455,3656,3703,68,21,7,,,5
241224146021F,ETHER CASH SETTLED - CHICAGO MERCANTILE EXCHANGE,2024-12-24T00:00:00.000,2024 Report Week 52,ETHER CASH SETTLED,146021,CME ,CHI,146 ,ETHER,19754,11373,5101,575,3743,249,127,1410,7626,830,380,4344,487,18925,19339,829,415,100.0,57.6,25.8,2.9,18.9,1.3,0.6,7.1,38.6,4.2,1.9,22.0,2.5,95.8,97.9,4.2,2.1,75,5,7,4,8,,14,26,8,47,46,74.5,42.9,80.5,62.4,72.6,38.7,77.0,57.1,(50 Index Points),F85,ETHEREUM (ETHER),DIGITAL ASSET,FINANCIAL INSTRUMENTS,FutOnly,-2732,-1123,1062,485,-315,33,-136,-299,-836,-1101,13,-2167,-59,-2535,-2719,-197,-13,7,,,6
241231146021F,ETHER CASH SETTLED - CHICAGO MERCANTILE EXCHANGE,2024-12-31T00:00:00.000,2024 Report Week 53,ETHER CASH SETTLED,146021,CME ,CHI,146 ,ETHER,17440,10786,5876,90,3679,63,111,1153,6238,551,360,4083,41,16771,17053,669,387,100.0,61.8,33.7,0.5,21.1,0.4,0.6,6.6,35.8,3.2,2.1,23.4,0.2,96.2,97.8,3.8,2.2,73,4,8,,8,,15,24,6,42,44,78.8,46.9,83.3,66.1,78.2,46.7,82.1,65.0,(50 Index Points),F85,ETHEREUM (ETHER),DIGITAL ASSET,FINANCIAL INSTRUMENTS,FutOnly,-2314,-587,775,-485,-64,-186,-16,-257,-1388,-279,-20,-261,-446,-2154,-2286,-160,-28,5,,,6
250107146021F,ETHER CASH SETTLED - CHICAGO MERCANTILE EXCHANGE,2025-01-07T00:00:00.000,2025 Report Week 01,ETHER CASH SETTLED,146021,CME ,CHI,146 ,ETHER,18026,10779,6204,155,3314,307,183,1866,7323,185,361,2819,444,17287,17620,739,406,100.0,59.8,34.4,0.9,18.4,1.7,1.0,10.4,40.6,1.0,2.0,15.6,2.5,95.9,97.7,4.1,2.3,75,4,8,,7,,14,26,5,40,48,78.0,42.3,84.0,64.6,76.8,41.2,81.5,62.1,(50 Index Points),F85,ETHEREUM (ETHER),DIGITAL ASSET,FINANCIAL INSTRUMENTS,FutOnly,586,-7,328,65,-365,244,72,713,1085,-366,1,-1264,403,516,567,70,19,7,,,6
250114146021F,ETHER CASH SETTLED - CHICAGO MERCANTILE EXCHANGE,2025-01-14T00:00:00.000,2025 Report Week 02,ETHER CASH SETTLED,146021,CME ,CHI,146 ,ETHER,17427,10262,6287,163,3308,201,153,868,7702,795,688,1236,470,16707,17007,720,420,100.0,58.9,36.1,0.9,19.0,1.2,0.9,5.0,44.2,4.6,3.9,7.1,2.7,95.9,97.6,4.1,2.4,74,5,8,,6,,12,29,10,39,52,80.4,39.2,85.8,58.4,76.0,39.2,79.7,56.8,(50 Index Points),F85,ETHEREUM (ETHER),DIGITAL ASSET,FINANCIAL INSTRUMENTS,FutOnly,-599,-517,83,8,-6,-106,-30,-998,379,610,327,-1583,26,-580,-613,-19,14,7,,,5
250121146021F,ETHER CASH SETTLED - CHICAGO MERCANTILE EXCHANGE,2025-01-21T00:00:00.000,2025 Report Week 03,ETHER CASH SETTLED,146021,CME ,CHI,146 ,ETHER,20128,11677,6338,126,3631,154,133,775,9104,566,395,1234,2008,19311,19663,817,465,100.0,58.0,31.5,0.6,18.0,0.8,0.7,3.9,45.2,2.8,2.0,6.1,10.0,95.9,97.7,4.1,2.3,76,5,7,,6,,15,29,12,43,51,82.2,40.9,86.5,61.0,73.1,35.4,75.8,51.0,(50 Index Points),F85,ETHEREUM (ETHER),DIGITAL ASSET,FINANCIAL INSTRUMENTS,FutOnly,2701,1415,51,-37,323,-47,-20,-93,1402,-229,-293,-2,1538,2604,2656,97,45,6,,,6
250128146021F,ETHER CASH SETTLED - CHICAGO MERCANTILE EXCHANGE,2025-01-28T00:00:00.000,2025 Report Week 04,ETHER CASH SETTLED,146021,CME ,CHI,146 ,ETHER,19883,11626,6558,393,3329,69,279,757,8866,687,726,1121,1320,19117,19293,766,590,100.0,58.5,33.0,2.0,16.7,0.3,1.4,3.8,44.6,3.5,3.7,5.6,6.6,96.1,97.0,3.9,3.0,76,5,7,,6,5,11,33,13,42,57,80.2,37.4,85.9,59.2,73.0,37.1,76.9,54.4,(50 Index Points),F85,ETHEREUM (ETHER),DIGITAL ASSET,FINANCIAL INSTRUMENTS,FutOnly,-245,-51,220,267,-302,-85,146,-18,-238,121,331,-113,-688,-194,-370,-51,125,7,,,5
250204146021F,ETHER CASH SETTLED - CHICAGO MERCANTILE EXCHANGE,2025-02-04T00:00:00.000,2025 Report Week 05,ETHER CASH SETTLED,146021,CME ,CHI,146 ,ETHER,22276,13388,6987,714,3594,261,134,748,12225,554,1882,347,473,21487,21695,789,581,100.0,60.1,31.4,3.2,16.1,1.2,0.6,3.4,54.9,2.5,8.4,1.6,2.1,96.5,97.4,3.5,2.6,78,4,7,,5,,10,34,8,37,54,80.4,40.4,87.2,58.2,77.8,37.4,81.8,54.5,(50 Index Points),F85,ETHEREUM (ETHER),DIGITAL ASSET,FINANCIAL INSTRUMENTS,FutOnly,2393,1762,429,321,265,192,-145,-9,3359,-133,1156,-774,-847,2370,2402,23,-9,10,,,5
250211146021F,ETHER CASH SETTLED - CHICAGO MERCANTILE EXCHANGE,2025-02-11T00:00:00.000,2025 Report Week 06,ETHER CASH SETTLED,146021,CME ,CHI,146 ,ETHER,20262,12762,7135,146,3304,202,151,714,11126,504,1964,347,7,19552,19618,710,644,100.0,63.0,35.2,0.7,16.3,1.0,0.7,3.5,54.9,2.5,9.7,1.7,0.0,96.5,96.8,3.5,3.2,80,4,7,,4,,9,37,8,37,57,82.8,38.4,87.2,57.4,82.2,38.3,86.4,56.5,(50 Index Points),F85,ETHEREUM (ETHER),DIGITAL ASSET,FINANCIAL INSTRUMENTS,FutOnly,-2014,-626,148,-568,-290,-59,17,-34,-1099,-50,82,0,-466,-1935,-2077,-79,63,10,,,5
250218146021F,ETHER CASH SETTLED - CHICAGO MERCANTILE EXCHANGE,2025-02-18T00:00:00.000,2025 Report Week 07,ETHER CASH SETTLED,146021,CME ,CHI,146 ,ETHER,21214,12917,7465,159,2900,217,534,665,10278,512,1843,352,943,20473,20460,741,754,100.0,60.9,35.2,0.7,13.7,1.0,2.5,3.1,48.4,2.4,8.7,1.7,4.4,96.5,96.4,3.5,3.6,76,4,8,,4,,9,35,8,35,56,84.2,38.6,87.9,57.5,78.8,38.1,81.5,56.0,(50 Index Points),F85,ETHEREUM (ETHER),DIGITAL ASSET,FINANCIAL INSTRUMENTS,FutOnly,952,155,330,13,-404,15,383,-49,-848,8,-121,5,936,921,842,31,110,8,,,6
250225146021F,ETHER CASH SETTLED - CHICAGO MERCANTILE EXCHANGE,2025-02-25T00:00:00.000,2025 Report Week 08,ETHER CASH SETTLED,146021,CME ,CHI,146 ,ETHER,20133,12324,6629,218,2847,485,222,542,10666,420,2292,340,533,19398,19513,735,620,100.0,61.2,32.9,1.1,14.1,2.4,1.1,2.7,53.0,2.1,11.4,1.7,2.6,96.3,96.9,3.7,3.1,78,4,8,,4,,7,38,11,34,61,84.8,37.9,88.8,57.1,81.3,37.6,84.9,56.1,(50 Index Points),F85,ETHEREUM (ETHER),DIGITAL ASSET,FINANCIAL INSTRUMENTS,FutOnly,-1081,-593,-836,59,-53,268,-312,-123,388,-92,449,-12,-410,-1075,-947,-6,-134,8,,,6
250304146021F,ETHER CASH SETTLED - CHICAGO MERCANTILE EXCHANGE,2025-03-04T00:00:00.000,2025 Report Week 09,ETHER CASH SETTLED,146021,CME ,CHI,146 ,ETHER,18575,10806,5670,405,2823,693,260,748,8544,428,2321,1865,0,17791,17865,784,710,100.0,58.2,30.5,2.2,15.2,3.7,1.4,4.0,46.0,2.3,12.5,10.0,0.0,95.8,96.2,4.2,3.8,76,4,7,,4,,8,35,8,32,55,83.1,37.2,87.8,56.9,81.7,34.9,84.8,54.3,(50 Index Points),F85,ETHEREUM (ETHER),DIGITAL ASSET,FINANCIAL INSTRUMENTS,FutOnly,-1558,-1518,-959,187,-24,208,38,206,-2122,8,29,1525,-533,-1607,-1648,49,90,7,5,0,5
250311146021F,ETHER CASH SETTLED - CHICAGO MERCANTILE EXCHANGE,2025-03-11T00:00:00.000,2025 Report Week 10,ETHER CASH SETTLED,146021,CME ,CHI,146 ,ETHER,19269,9546,5661,52,2456,954,318,1285,7654,1589,3264,2379,0,18510,18607,759,662,100.0,49.5,29.4,0.3,12.7,5.0,1.7,6.7,39.7,8.2,16.9,12.3,0.0,96.1,96.6,3.9,3.4,86,4,7,,4,,15,36,13,42,61,78.8,36.0,84.8,56.0,75.6,35.7,79.5,51.9,(50 Index Points),F85,ETHEREUM (ETHER),DIGITAL ASSET,FINANCIAL INSTRUMENTS,FutOnly,694,-1260,-9,-353,-367,261,58,537,-890,1161,943,514,0,719,742,-25,-48,7,8,0,4
250318146021F,ETHER CASH SETTLED - CHICAGO MERCANTILE EXCHANGE,2025-03-18T00:00:00.000,2025 Report Week 11,ETHER CASH SETTLED,146021,CME ,CHI,146 ,ETHER,18806,9525,5453,86,2297,949,306,1470,6862,1068,3258,3337,26,18036,18087,770,719,100.0,50.6,29.0,0.5,12.2,5.0,1.6,7.8,36.5,5.7,17.3,17.7,0.1,95.9,96.2,4.1,3.8,84,4,7,4,4,,15,33,14,46,59,78.3,41.3,84.2,59.2,76.5,41.3,80.5,57.1,(50 Index Points),F85,ETHEREUM (ETHER),DIGITAL ASSET,FINANCIAL INSTRUMENTS,FutOnly,-463,-21,-208,34,-159,-5,-12,185,-792,-521,-6,958,26,-474,-520,11,57,8,6,,5
250325146021F,ETHER CASH SETTLED - CHICAGO MERCANTILE EXCHANGE,2025-03-25T00:00:00.000,2025 Report Week 12,ETHER CASH SETTLED,146021,CME ,CHI,146 ,ETHER,18842,10494,5624,134,2619,938,299,1014,7476,835,2605,2714,26,18026,18046,816,796,100.0,55.7,29.8,0.7,13.9,5.0,1.6,5.4,39.7,4.4,13.8,14.4,0.1,95.7,95.8,4.3,4.2,80,4,8,,5,,12,32,15,42,60,80.9,40.2,85.2,57.5,79.4,40.2,83.3,57.5,(50 Index Points),F85,ETHEREUM (ETHER),DIGITAL ASSET,FINANCIAL INSTRUMENTS,FutOnly,36,969,171,48,322,-11,-7,-456,614,-233,-653,-623,0,-10,-41,46,77,7,6,,4
250401146021F,ETHER CASH SETTLED - CHICAGO MERCANTILE EXCHANGE,2025-04-01T00:00:00.000,2025 Report Week 13,ETHER CASH SETTLED,146021,CME ,CHI,146 ,ETHER,16906,9687,4598,96,2653,1088,221,1095,6902,601,1931,2864,0,16284,16370,622,536,100.0,57.3,27.2,0.6,15.7,6.4,1.3,6.5,40.8,3.6,11.4,16.9,0.0,96.3,96.8,3.7,3.2,81,4,7,,4,,13,33,11,34,60,81.9,42.4,87.4,55.3,80.6,42.1,85.1,53.9,(50 Index Points),F85,ETHEREUM (ETHER),DIGITAL ASSET,FINANCIAL INSTRUMENTS,FutOnly,-1936,-807,-1026,-38,34,150,-78,81,-574,-234,-674,150,-26,-1742,-1676,-194,-260,6,7,0,6
250408146021F,ETHER CASH SETTLED - CHICAGO MERCANTILE EXCHANGE,2025-04-08T00:00:00.000,2025 Report Week 14,ETHER CASH SETTLED,146021,CME ,CHI,146 ,ETHER,14944,8125,4393,157,1732,1453,458,1322,5435,743,1828,1663,0,14365,14302,579,642,100.0,54.4,29.4,1.1,11.6,9.7,3.1,8.8,36.4,5.0,12.2,11.1,0.0,96.1,95.7,3.9,4.3,81,,7,,,,16,34,14,33,65,79.7,33.1,85.2,46.5,76.8,31.7,81.6,44.4,(50 Index Points),F85,ETHEREUM (ETHER),DIGITAL ASSET,FINANCIAL INSTRUMENTS,FutOnly,-1962,-1562,-205,61,-921,365,237,227,-1467,142,-103,-1201,0,-1919,-2068,-43,106,,8,0,6
250415146021F,ETHER CASH SETTLED - CHICAGO MERCANTILE EXCHANGE,2025-04-15T00:00:00.000,2025 Report Week 15,ETHER CASH SETTLED,146021,CME ,CHI,146 ,ETHER,14338,8619,3496,153,1807,1844,319,789,5835,302,686,679,992,13667,13620,671,718,100.0,60.1,24.4,1.1,12.6,12.9,2.2,5.5,40.7,2.1,4.8,4.7,6.9,95.3,95.0,4.7,5.0,69,,7,,,,11,30,10,28,56,84.9,31.6,89.3,45.8,76.0,28.2,79.8,41.3,(50 Index Points),F85,ETHEREUM (ETHER),DIGITAL ASSET,FINANCIAL INSTRUMENTS,FutOnly,-606,494,-897,-4,75,391,-139,-533,400,-441,-1142,-984,992,-698,-682,92,76,,8,,4
250422146021F,ETHER CASH SETTLED - CHICAGO MERCANTILE EXCHANGE,2025-04-22T00:00:00.000,2025 Report Week 16,ETHER CASH SETTLED,146021,CME ,CHI,146 ,ETHER,15457,8960,3174,529,1843,1758,780,1192,6252,587,26,520,1046,14963,14646,494,811,100.0,58.0,20.5,3.4,11.9,11.4,5.0,7.7,40.4,3.8,0.2,3.4,6.8,96.8,94.8,3.2,5.2,73,,7,,4,,15,29,14,38,57,77.6,31.8,84.0,45.6,68.9,25.7,72.6,36.9,(50 Index Points),F85,ETHEREUM (ETHER),DIGITAL ASSET,FINANCIAL INSTRUMENTS,FutOnly,1119,341,-322,376,36,-86,461,403,417,285,-660,-159,54,1296,1026,-177,93,,8,,5
250429146021F,ETHER CASH SETTLED - CHICAGO MERCANTILE EXCHANGE,2025-04-29T00:00:00.000,2025 Report Week 17,ETHER CASH SETTLED,146021,CME ,CHI,146 ,ETHER,13667,9706,4625,154,1490,1365,153,852,6209,417,84,180,55,12911,13158,756,509,100.0,71.0,33.8,1.1,10.9,10.0,1.1,6.2,45.4,3.1,0.6,1.3,0.4,94.5,96.3,5.5,3.7,74,,7,,6,,12,32,8,31,56,80.7,39.5,85.2,53.1,79.3,39.3,83.0,51.6,(50 Index Points),F85,ETHEREUM (ETHER),DIGITAL ASSET,FINANCIAL INSTRUMENTS,FutOnly,-1790,746,1451,-375,-353,-393,-627,-340,-43,-170,58,-340,-991,-2052,-1488,262,-302,,7,,
250506146021F,ETHER CASH SETTLED - CHICAGO MERCANTILE EXCHANGE,2025-05-06T00:00:00.000,2025 Report Week 18,ETHER CASH SETTLED,146021,CME ,CHI,146 ,ETHER,13573,9486,4750,163,1790,1870,85,983,5259,172,251,678,6,12936,12983,637,590,100.0,69.9,35.0,1.2,13.2,13.8,0.6,7.2,38.7,1.3,1.8,5.0,0.0,95.3,95.7,4.7,4.3,74,4,7,,5,,13,31,12,35,55,81.9,33.2,86.3,48.0,81.2,33.2,85.3,48.0,(50 Index Points),F85,ETHEREUM (ETHER),DIGITAL ASSET,FINANCIAL INSTRUMENTS,FutOnly,-94,-220,125,9,300,505,-68,131,-950,-245,167,498,-49,25,-175,-119,81,,8,,
250513146021F,ETHER CASH SETTLED - CHICAGO MERCANTILE EXCHANGE,2025-05-13T00:00:00.000,2025 Report Week 19,ETHER CASH SETTLED,146021,CME ,CHI,146 ,ETHER,19714,14628,5342,62,2670,1288,339,737,10075,415,65,1500,44,18960,19065,754,649,100.0,74.2,27.1,0.3,13.5,6.5,1.7,3.7,51.1,2.1,0.3,7.6,0.2,96.2,96.7,3.8,3.3,77,4,8,,7,4,14,29,10,39,54,86.7,40.6,89.4,57.1,85.0,40.6,87.5,57.1,(50 Index Points),F85,ETHEREUM (ETHER),DIGITAL ASSET,FINANCIAL INSTRUMENTS,FutOnly,6141,5142,592,-101,880,-582,254,-246,4816,243,-186,822,38,6024,6082,117,59,,6,,4
250520146021F,ETHER CASH SETTLED - CHICAGO MERCANTILE EXCHANGE,2025-05-20T00:00:00.000,2025 Report Week 20,ETHER CASH SETTLED,146021,CME ,CHI,146 ,ETHER,20036,14065,5425,148,2600,934,395,1093,10556,692,78,1156,173,19244,19479,792,557,100.0,70.2,27.1,0.7,13.0,4.7,2.0,5.5,52.7,3.5,0.4,5.8,0.9,96.0,97.2,4.0,2.8,71,4,7,,6,4,13,28,11,40,49,83.6,45.7,87.1,61.3,81.2,45.7,84.4,59.1,(50 Index Points),F85,ETHEREUM (ETHER),DIGITAL ASSET,FINANCIAL INSTRUMENTS,FutOnly,322,-563,83,86,-70,-354,56,356,481,277,13,-344,129,284,414,38,-92,,4,,5
250527146021F,ETHER CASH SETTLED - CHICAGO MERCANTILE EXCHANGE,2025-05-27T00:00:00.000,2025 Report Week 21,ETHER CASH SETTLED,146021,CME ,CHI,146 ,ETHER,23392,15520,5618,651,2973,600,526,1027,12961,1184,123,939,375,22379,22854,1013,538,100.0,66.3,24.0,2.8,12.7,2.6,2.2,4.4,55.4,5.1,0.5,4.0,1.6,95.7,97.7,4.3,2.3,80,4,7,,8,5,15,32,13,47,56,79.4,48.8,84.6,63.1,76.3,47.8,79.2,59.4,(50 Index Points),F85,ETHEREUM (ETHER),DIGITAL ASSET,FINANCIAL INSTRUMENTS,FutOnly,3356,1455,193,503,373,-334,131,-66,2405,492,45,-217,202,3135,3375,221,-19,4,4,,4
250603146021F,ETHER CASH SETTLED - CHICAGO MERCANTILE EXCHANGE,2025-06-03T00:00:00.000,2025 Report Week 22,ETHER CASH SETTLED,146021,CME ,CHI,146 ,ETHER,22164,14953,7307,257,2925,544,392,1326,11384,1236,102,511,1,21192,21632,972,532,100.0,67.5,33.0,1.2,13.2,2.5,1.8,6.0,51.4,5.6,0.5,2.3,0.0,95.6,97.6,4.4,2.4,70,4,7,4,8,,16,26,9,41,45,82.6,47.9,86.8,63.4,77.9,47.9,80.8,59.9,(50 Index Points),F85,ETHEREUM (ETHER),DIGITAL ASSET,FINANCIAL INSTRUMENTS,FutOnly,-1228,-567,1689,-394,-48,-56,-134,299,-1577,52,-21,-428,-374,-1187,-1222,-41,-6,,,,
250610146021F,ETHER CASH SETTLED - CHICAGO MERCANTILE EXCHANGE,2025-06-10T00:00:00.000,2025 Report Week 23,ETHER CASH SETTLED,146021,CME ,CHI,146 ,ETHER,23387,15771,7368,65,3222,648,466,2292,13297,344,112,611,1,22273,22800,1114,587,100.0,67.4,31.5,0.3,13.8,2.8,2.0,9.8,56.9,1.5,0.5,2.6,0.0,95.2,97.5,4.8,2.5,74,4,6,,10,,19,25,10,44,46,80.9,49.1,85.4,65.4,79.0,49.1,83.3,65.3,(50 Index Points),F85,ETHEREUM (ETHER),DIGITAL ASSET,FINANCIAL INSTRUMENTS,FutOnly,1223,818,61,-192,297,104,74,966,1913,-892,10,100,0,1081,1168,142,55,,,,
250617146021F,ETHER CASH SETTLED - CHICAGO MERCANTILE EXCHANGE,2025-06-17T00:00:00.000,2025 Report Week 24,ETHER CASH SETTLED,146021,CME ,CHI,146 ,ETHER,23715,15371,7338,333,2989,520,499,2062,12744,776,368,469,454,22852,23133,863,582,100.0,64.8,30.9,1.4,12.6,2.2,2.1,8.7,53.7,3.3,1.6,2.0,1.9,96.4,97.5,3.6,2.5,79,4,7,,9,,16,32,12,45,51,77.8,48.9,83.4,61.6,74.9,48.9,79.1,61.4,(50 Index Points),F85,ETHEREUM (ETHER),DIGITAL ASSET,FINANCIAL INSTRUMENTS,FutOnly,328,-400,-30,268,-233,-128,33,-230,-553,432,256,-142,453,579,333,-251,-5,4,,,4
250624146021F,ETHER CASH SETTLED - CHICAGO MERCANTILE EXCHANGE,2025-06-24T00:00:00.000,2025 Report Week 25,ETHER CASH SETTLED,146021,CME ,CHI,146 ,ETHER,27869,16502,8316,397,3058,512,474,2116,13221,2370,652,502,905,26474,26697,1395,1172,100.0,59.2,29.8,1.4,11.0,1.8,1.7,7.6,47.4,8.5,2.3,1.8,3.2,95.0,95.8,5.0,4.2,83,4,7,,8,,18,31,18,51,56,73.8,47.0,82.1,65.3,68.6,46.9,73.1,60.8,(50 Index Points),F85,ETHEREUM (ETHER),DIGITAL ASSET,FINANCIAL INSTRUMENTS,FutOnly,4154,1131,978,64,69,-8,-25,54,477,1594,284,33,451,3622,3564,532,590,5,,,
250701146021F,ETHER CASH SETTLED - CHICAGO MERCANTILE EXCHANGE,2025-07-01T00:00:00.000,2025 Report Week 26,ETHER CASH SETTLED,146021,CME ,CHI,146 ,ETHEREUM (ETHER),24314,16172,8403,332,3027,540,508,1275,12574,1329,841,27,17,23501,23730,813,584,100.0,66.5,34.6,1.4,12.4,2.2,2.1,5.2,51.7,5.5,3.5,0.1,0.1,96.7,97.6,3.3,2.4,83,5,7,,7,,17,35,14,45,57,81.1,51.0,85.5,64.6,76.8,50.7,80.3,63.4,(50 Index Points),F85,ETHEREUM (ETHER),DIGITAL ASSET,FINANCIAL INSTRUMENTS,FutOnly,-3555,-330,87,-65,-31,28,34,-841,-647,-1041,189,-475,-888,-2973,-2967,-582,-588,6,4,,
250708146021F,ETHER CASH SETTLED - CHICAGO MERCANTILE EXCHANGE,2025-07-08T00:00:00.000,2025 Report Week 27,ETHER CASH SETTLED,146021,CME ,CHI,146 ,ETHEREUM (ETHER),25914,17716,8225,367,3693,526,462,973,14241,847,485,324,289,24832,25281,1082,633,100.0,68.4,31.7,1.4,14.3,2.0,1.8,3.8,55.0,3.3,1.9,1.3,1.1,95.8,97.6,4.2,2.4,77,5,6,,9,,16,30,14,45,51,81.7,50.9,86.4,66.6,80.1,50.7,83.3,66.4,(50 Index Points),F85,ETHEREUM (ETHER),DIGITAL ASSET,FINANCIAL INSTRUMENTS,FutOnly,1600,1544,-178,35,666,-14,-46,-302,1667,-482,-356,297,272,1331,1551,269,49,5,,,
250715146021F,ETHER CASH SETTLED - CHICAGO MERCANTILE EXCHANGE,2025-07-15T00:00:00.000,2025 Report Week 28,ETHER CASH SETTLED,146021,CME,CHI,146,ETHEREUM (ETHER),30812,20733,8536,712,4075,527,448,1460,16907,1413,374,1105,502,29717,30150,1095,662,100.0,67.3,27.7,2.3,13.2,1.7,1.5,4.7,54.9,4.6,1.2,3.6,1.6,96.4,97.9,3.6,2.1,91,5,6,4,11,4,24,30,19,63,56,80.6,50.1,84.7,64.6,77.7,49.5,80.0,63.6,(50 Index Points),F85,ETHEREUM (ETHER),DIGITAL ASSET,FINANCIAL INSTRUMENTS,FutOnly,4898,3017,311,345,382,1,-14,487,2666,566,-111,781,213,4885,4869,13,29,7,,,4
250722146021F,ETHER CASH SETTLED - CHICAGO MERCANTILE EXCHANGE,2025-07-22T00:00:00.000,2025 Report Week 29,ETHER CASH SETTLED,146021,CME ,CHI,146 ,ETHEREUM (ETHER),38612,20750,10788,2143,4905,439,623,2172,15353,4075,332,1978,2491,37491,37890,1121,722,100.0,53.7,27.9,5.5,12.7,1.1,1.6,5.6,39.8,10.6,0.9,5.1,6.5,97.1,98.1,2.9,1.9,96,7,6,6,10,4,22,38,19,64,62,73.9,43.9,82.7,62.1,64.6,38.0,67.1,51.9,(50 Index Points),F85,ETHEREUM (ETHER),DIGITAL ASSET,FINANCIAL INSTRUMENTS,FutOnly,7800,17,2252,1431,830,-88,175,712,-1554,2662,-42,873,1989,7774,7740,26,60,5,,,4
250729146021F,ETHER CASH SETTLED - CHICAGO MERCANTILE EXCHANGE,2025-07-29T00:00:00.000,2025 Report Week 30,ETHER CASH SETTLED,146021,CME ,CHI,146 ,ETHEREUM (ETHER),33821,21188,11993,494,4318,511,300,2124,14455,3124,561,1839,489,32598,33205,1223,616,100.0,62.6,35.5,1.5,12.8,1.5,0.9,6.3,42.7,9.2,1.7,5.4,1.4,96.4,98.2,3.6,1.8,100,6,8,,10,,22,40,11,54,64,76.4,39.4,83.4,58.4,72.1,38.0,74.9,54.5,(50 Index Points),F85,ETHEREUM (ETHER),DIGITAL ASSET,FINANCIAL INSTRUMENTS,FutOnly,-4791,438,1205,-1649,-587,72,-323,-48,-898,-951,229,-139,-2002,-4893,-4685,102,-106,6,4,,4
250805146021F,ETHER CASH SETTLED - CHICAGO MERCANTILE EXCHANGE,2025-08-05T00:00:00.000,2025 Report Week 31,ETHER CASH SETTLED,146021,CME ,CHI,146 ,ETHEREUM (ETHER),30265,19662,10962,377,4894,339,370,2455,15231,704,793,1704,0,29255,29687,1010,578,100.0,65.0,36.2,1.2,16.2,1.1,1.2,8.1,50.3,2.3,2.6,5.6,0.0,96.7,98.1,3.3,1.9,101,6,8,,10,,25,37,15,60,61,78.1,40.3,82.0,59.4,76.9,40.0,80.7,59.0,(50 Index Points),F85,ETHEREUM (ETHER),DIGITAL ASSET,FINANCIAL INSTRUMENTS,FutOnly,-3556,-1526,-1031,-117,576,-172,70,331,776,-2420,232,-135,-489,-3343,-3518,-213,-38,11,,0,
250812146021F,ETHER CASH SETTLED - CHICAGO MERCANTILE EXCHANGE,2025-08-12T00:00:00.000,2025 Report Week 32,ETHER CASH SETTLED,146021,CME ,CHI,146 ,ETHEREUM (ETHER),36936,25432,11502,200,5817,475,397,2184,20488,660,860,2595,0,35550,36317,1386,619,100.0,68.9,31.1,0.5,15.7,1.3,1.1,5.9,55.5,1.8,2.3,7.0,0.0,96.2,98.3,3.8,1.7,117,6,8,,10,4,28,45,16,67,72,81.9,36.9,84.4,56.7,81.2,36.7,83.7,56.5,(50 Index Points),F85,ETHEREUM (ETHER),DIGITAL ASSET,FINANCIAL INSTRUMENTS,FutOnly,6671,5770,540,-177,923,136,27,-271,5257,-44,67,891,0,6295,6630,376,41,11,,0,6
250819146021F,ETHER CASH SETTLED - CHICAGO MERCANTILE EXCHANGE,2025-08-19T00:00:00.000,2025 Report Week 33,ETHER CASH SETTLED,146021,CME ,CHI,146 ,ETHEREUM (ETHER),37381,21285,11129,308,5118,326,699,4131,18111,3369,1164,2650,26,36100,36618,1281,763,100.0,56.9,29.8,0.8,13.7,0.9,1.9,11.1,48.4,9.0,3.1,7.1,0.1,96.6,98.0,3.4,2.0,118,6,8,,12,,29,42,19,72,72,74.5,38.7,80.7,61.5,69.2,38.5,73.6,58.2,(50 Index Points),F85,ETHEREUM (ETHER),DIGITAL ASSET,FINANCIAL INSTRUMENTS,FutOnly,445,-4147,-373,108,-699,-149,302,1947,-2377,2709,304,55,26,550,301,-105,144,10,4,,6
250826146021F,ETHER CASH SETTLED - CHICAGO MERCANTILE EXCHANGE,2025-08-26T00:00:00.000,2025 Report Week 34,ETHER CASH SETTLED,146021,CME ,CHI,146 ,ETHEREUM (ETHER),43853,26514,11724,727,6073,293,577,2938,21927,4852,806,3053,0,42487,43153,1366,700,100.0,60.5,26.7,1.7,13.8,0.7,1.3,6.7,50.0,11.1,1.8,7.0,0.0,96.9,98.4,3.1,1.6,117,6,8,4,11,5,26,45,17,67,76,79.3,38.4,84.3,58.3,71.7,35.8,74.4,52.8,(50 Index Points),F85,ETHEREUM (ETHER),DIGITAL ASSET,FINANCIAL INSTRUMENTS,FutOnly,6472,5229,595,419,955,-33,-122,-1193,3816,1483,-358,403,-26,6387,6535,85,-63,10,4,0,5
250902146021F,ETHER CASH SETTLED - CHICAGO MERCANTILE EXCHANGE,2025-09-02T00:00:00.000,2025 Report Week 35,ETHER CASH SETTLED,146021,CME ,CHI,146 ,ETHEREUM (ETHER),37915,23318,11675,386,5147,375,712,3361,18196,2977,784,2927,0,36685,37248,1230,667,100.0,61.5,30.8,1.0,13.6,1.0,1.9,8.9,48.0,7.9,2.1,7.7,0.0,96.8,98.2,3.2,1.8,112,6,7,,10,,30,41,15,65,67,78.7,42.3,83.1,64.1,72.1,41.9,75.4,60.8,(50 Index Points),F85,ETHEREUM (ETHER),DIGITAL ASSET,FINANCIAL INSTRUMENTS,FutOnly,-5938,-3196,-49,-341,-926,82,135,423,-3731,-1875,-22,-126,0,-5802,-5905,-136,-33,8,5,0,5
250909146021F,ETHER CASH SETTLED - CHICAGO MERCANTILE EXCHANGE,2025-09-09T00:00:00.000,2025 Report Week 36,ETHER CASH SETTLED,146021,CME ,CHI,146 ,ETHEREUM (ETHER),36993,22952,11844,85,4945,430,553,4663,18356,1893,583,3108,0,35674,36269,1319,724,100.0,62.0,32.0,0.2,13.4,1.2,1.5,12.6,49.6,5.1,1.6,8.4,0.0,96.4,98.0,3.6,2.0,110,5,7,,9,,34,40,19,62,71,77.3,44.3,82.1,65.8,74.9,44.0,78.5,64.3,(50 Index Points),F85,ETHEREUM (ETHER),DIGITAL ASSET,FINANCIAL INSTRUMENTS,FutOnly,-922,-366,169,-301,-202,55,-159,1302,160,-1084,-201,181,0,-1011,-979,89,57,5,5,0,5
250916146021F,ETHER CASH SETTLED - CHICAGO MERCANTILE EXCHANGE,2025-09-16T00:00:00.000,2025 Report Week 37,ETHER CASH SETTLED,146021,CME ,CHI,146 ,ETHEREUM (ETHER),38209,25413,11846,294,5104,392,655,3466,19641,1356,624,3217,0,36912,37401,1297,808,100.0,66.5,31.0,0.8,13.4,1.0,1.7,9.1,51.4,3.5,1.6,8.4,0.0,96.6,97.9,3.4,2.1,107,6,6,,10,4,25,45,18,60,72,81.1,43.8,84.9,64.0,78.5,43.6,81.9,63.8,(50 Index Points),F85,ETHEREUM (ETHER),DIGITAL ASSET,FINANCIAL INSTRUMENTS,FutOnly,1216,2461,2,209,159,-38,102,-1197,1285,-537,41,109,0,1238,1132,-22,84,6,4,0,5
250923146021F,ETHER CASH SETTLED - CHICAGO MERCANTILE EXCHANGE,2025-09-23T00:00:00.000,2025 Report Week 38,ETHER CASH SETTLED,146021,CME ,CHI,146 ,ETHEREUM (ETHER),42940,25340,12053,1201,4908,438,757,3693,19738,5154,591,2644,0,41644,41985,1296,955,100.0,59.0,28.1,2.8,11.4,1.0,1.8,8.6,46.0,12.0,1.4,6.2,0.0,97.0,97.8,3.0,2.2,96,6,7,,8,,27,34,16,57,61,77.3,41.6,84.2,61.2,70.6,38.2,73.0,55.9,(50 Index Points),F85,ETHEREUM (ETHER),DIGITAL ASSET,FINANCIAL INSTRUMENTS,FutOnly,4731,-73,207,907,-196,46,102,227,97,3798,-33,-573,0,4732,4584,-1,147,5,5,0,4
250930146021F,ETHER CASH SETTLED - CHICAGO MERCANTILE EXCHANGE,2025-09-30T00:00:00.000,2025 Report Week 39,ETHER CASH SETTLED,146021,CME ,CHI,146 ,ETHEREUM (ETHER),43169,27627,11382,2459,5231,747,597,1824,20784,3743,524,2553,0,42005,42265,1164,904,100.0,64.0,26.4,5.7,12.1,1.7,1.4,4.2,48.1,8.7,1.2,5.9,0.0,97.3,97.9,2.7,2.1,99,6,8,,7,,24,38,15,55,64,86.9,43.5,89.5,64.6,74.1,37.5,75.9,55.3,(50 Index Points),F85,ETHEREUM (ETHER),DIGITAL ASSET,FINANCIAL INSTRUMENTS,FutOnly,229,2287,-671,1258,323,309,-160,-1869,1046,-1411,-67,-91,0,361,280,-132,-51,8,5,0,
251007146021F,ETHER CASH SETTLED - CHICAGO MERCANTILE EXCHANGE,2025-10-07T00:00:00.000,2025 Report Week 40,ETHER CASH SETTLED,146021,CME ,CHI,146 ,ETHEREUM (ETHER),43251,27816,11241,2400,5915,711,456,2054,22116,2763,554,2871,0,41958,42558,1293,693,100.0,64.3,26.0,5.5,13.7,1.6,1.1,4.7,51.1,6.4,1.3,6.6,0.0,97.0,98.4,3.0,1.6,109,5,8,,8,4,28,42,19,63,72,83.8,42.0,87.5,61.2,75.8,36.6,77.8,54.7,(50 Index Points),F85,ETHEREUM (ETHER),DIGITAL ASSET,FINANCIAL INSTRUMENTS,FutOnly,82,189,-141,-59,684,-36,-141,230,1332,-980,30,318,0,-47,293,129,-211,7,5,0,5
251014146021F,ETHER CASH SETTLED - CHICAGO MERCANTILE EXCHANGE,2025-10-14T00:00:00.000,2025 Report Week 41,ETHER CASH SETTLED,146021,CME ,CHI,146 ,ETHEREUM (ETHER),45830,29391,11153,2959,5386,782,762,2949,24201,2653,637,2709,0,44737,45219,1093,611,100.0,64.1,24.3,6.5,11.8,1.7,1.7,6.4,52.8,5.8,1.4,5.9,0.0,97.6,98.7,2.4,1.3,110,6,8,,6,,30,37,21,61,74,82.9,48.1,87.2,64.8,74.7,38.9,77.0,55.6,(50 Index Points),F85,ETHEREUM (ETHER),DIGITAL ASSET,FINANCIAL INSTRUMENTS,FutOnly,2579,1575,-88,559,-529,71,306,895,2085,-110,83,-162,0,2779,2661,-200,-82,9,6,0,7
251021146021F,ETHER CASH SETTLED - CHICAGO MERCANTILE EXCHANGE,2025-10-21T00:00:00.000,2025 Report Week 42,ETHER CASH SETTLED,146021,CME ,CHI,146 ,ETHEREUM (ETHER),48616,28771,11078,4446,4629,813,470,3298,23787,5228,664,2175,0,47506,47997,1110,619,100.0,59.2,22.8,9.1,9.5,1.7,1.0,6.8,48.9,10.8,1.4,4.5,0.0,97.7,98.7,2.3,1.3,109,6,7,,6,,31,35,16,62,68,79.4,50.8,87.6,65.9,68.1,37.8,70.3,52.3,(50 Index Points),F85,ETHEREUM (ETHER),DIGITAL ASSET,FINANCIAL INSTRUMENTS,FutOnly,2786,-620,-75,1487,-757,31,-292,349,-414,2575,27,-534,0,2769,2778,17,8,10,6,0,7
251028146021F,ETHER CASH SETTLED - CHICAGO MERCANTILE EXCHANGE,2025-10-28T00:00:00.000,2025 Report Week 43,ETHER CASH SETTLED,146021,CME ,CHI,146 ,ETHEREUM (ETHER),53183,29226,10950,7706,3640,880,516,2216,22183,8213,538,2010,1,52056,52459,1127,724,100.0,55.0,20.6,14.5,6.8,1.7,1.0,4.2,41.7,15.4,1.0,3.8,0.0,97.9,98.6,2.1,1.4,104,6,8,,8,5,25,35,17,59,71,79.5,52.1,89.0,68.5,60.5,33.1,62.1,46.1,(50 Index Points),F85,ETHEREUM (ETHER),DIGITAL ASSET,FINANCIAL INSTRUMENTS,FutOnly,4567,455,-128,3260,-989,67,46,-1082,-1604,2985,-126,-165,1,4550,4462,17,105,8,6,,6
251104146021F,ETHER CASH SETTLED - CHICAGO MERCANTILE EXCHANGE,2025-11-04T00:00:00.000,2025 Report Week 44,ETHER CASH SETTLED,146021,CME ,CHI,146 ,ETHEREUM (ETHER),43229,23058,11610,5472,3266,935,920,6912,19939,1936,534,1727,36,42134,42575,1095,654,100.0,53.3,26.9,12.7,7.6,2.2,2.1,16.0,46.1,4.5,1.2,4.0,0.1,97.5,98.5,2.5,1.5,104,6,8,,5,4,29,29,17,62,66,76.0,51.4,85.8,67.0,65.3,39.3,70.2,54.9,(50 Index Points),F85,ETHEREUM (ETHER),DIGITAL ASSET,FINANCIAL INSTRUMENTS,FutOnly,-9954,-6168,660,-2234,-374,55,404,4696,-2244,-6277,-4,-283,35,-9922,-9884,-32,-70,11,8,,6
251110146021F,ETHER CASH SETTLED - CHICAGO MERCANTILE EXCHANGE,2025-11-10T00:00:00.000,2025 Report Week 45,ETHER CASH SETTLED,146021,CME ,CHI,146 ,ETHEREUM (ETHER),43217,26125,11565,5284,3622,1029,615,4852,21443,1162,474,1378,0,42134,42476,1083,741,100.0,60.5,26.8,12.2,8.4,2.4,1.4,11.2,49.6,2.7,1.1,3.2,0.0,97.5,98.3,2.5,1.7,102,6,8,,4,,23,38,16,57,67,82.6,53.1,89.3,68.9,71.8,41.0,75.4,56.8,(50 Index Points),F85,ETHEREUM (ETHER),DIGITAL ASSET,FINANCIAL INSTRUMENTS,FutOnly,-12,3067,-45,-188,356,94,-305,-2060,1504,-774,-60,-349,-36,0,-99,-12,87,11,7,0,5
251118146021F,ETHER CASH SETTLED - CHICAGO MERCANTILE EXCHANGE,2025-11-18T00:00:00.000,2025 Report Week 46,ETHER CASH SETTLED,146021,CME ,CHI,146 ,ETHEREUM (ETHER),42864,22060,11308,4632,2898,952,976,5218,17815,5557,502,836,0,41843,42076,1021,788,100.0,51.5,26.4,10.8,6.8,2.2,2.3,12.2,41.6,13.0,1.2,2.0,0.0,97.6,98.2,2.4,1.8,98,5,9,,,,24,35,20,59,65,73.7,50.5,85.8,67.0,62.5,35.2,65.2,50.2,(50 Index Points),F85,ETHEREUM (ETHER),DIGITAL ASSET,FINANCIAL INSTRUMENTS,FutOnly,-353,-4065,-257,-652,-724,-77,361,366,-3628,4395,28,-542,0,-291,-400,-62,47,10,7,0,4
251125146021F,ETHER CASH SETTLED - CHICAGO MERCANTILE EXCHANGE,2025-11-25T00:00:00.000,2025 Report Week 47,ETHER CASH SETTLED,146021,CME ,CHI,146 ,ETHEREUM (ETHER),41364,19872,11474,6151,2556,1194,847,5442,15914,4902,449,151,0,40219,40633,1145,731,100.0,48.0,27.7,14.9,6.2,2.9,2.0,13.2,38.5,11.9,1.1,0.4,0.0,97.2,98.2,2.8,1.8,99,5,9,4,,5,21,39,15,54,69,75.8,52.4,86.7,68.3,59.6,34.3,63.1,48.7,(50 Index Points),F85,ETHEREUM (ETHER),DIGITAL ASSET,FINANCIAL INSTRUMENTS,FutOnly,-1500,-2188,166,1519,-342,242,-129,224,-1901,-655,-53,-685,0,-1624,-1443,124,-57,9,8,0,5
251202146021F,ETHER CASH SETTLED - CHICAGO MERCANTILE EXCHANGE,2025-12-02T00:00:00.000,2025 Report Week 48,ETHER CASH SETTLED,146021,CME ,CHI,146 ,ETHEREUM (ETHER),38895,20635,12059,5241,2459,1186,951,3782,14198,4522,437,130,0,38027,38287,868,608,100.0,53.1,31.0,13.5,6.3,3.0,2.4,9.7,36.5,11.6,1.1,0.3,0.0,97.8,98.4,2.2,1.6,102,5,8,,,5,29,36,16,60,65,79.3,51.6,87.2,69.6,61.4,36.6,63.6,51.6,(50 Index Points),F85,ETHEREUM (ETHER),DIGITAL ASSET,FINANCIAL INSTRUMENTS,FutOnly,-2469,763,585,-910,-97,-8,104,-1660,-1716,-380,-12,-21,0,-2192,-2346,-277,-123,9,8,0,4
251209146021F,ETHER CASH SETTLED - CHICAGO MERCANTILE EXCHANGE,2025-12-09T00:00:00.000,2025 Report Week 49,ETHER CASH SETTLED,146021,CME ,CHI,146 ,ETHEREUM (ETHER),42332,23939,11514,6310,3197,1320,690,2162,17140,4558,470,140,0,41326,41672,1006,660,100.0,56.6,27.2,14.9,7.6,3.1,1.6,5.1,40.5,10.8,1.1,0.3,0.0,97.6,98.4,2.4,1.6,101,5,8,,,5,24,40,17,56,69,81.7,49.3,89.2,66.2,64.6,32.0,66.1,47.3,(50 Index Points),F85,ETHEREUM (ETHER),DIGITAL ASSET,FINANCIAL INSTRUMENTS,FutOnly,3437,3304,-545,1069,738,134,-261,-1620,2942,36,33,10,0,3299,3385,138,52,8,9,0,4
251216146021F,ETHER CASH SETTLED - CHICAGO MERCANTILE EXCHANGE,2025-12-16T00:00:00.000,2025 Report Week 50,ETHER CASH SETTLED,146021,CME ,CHI,146 ,ETHEREUM (ETHER),41074,22249,11671,6023,2517,1136,890,2191,14030,5841,385,776,0,40096,40367,978,707,100.0,54.2,28.4,14.7,6.1,2.8,2.2,5.3,34.2,14.2,0.9,1.9,0.0,97.6,98.3,2.4,1.7,100,5,7,,,,20,39,15,50,69,81.9,51.2,89.8,68.2,60.7,32.4,62.5,46.7,(50 Index Points),F85,ETHEREUM (ETHER),DIGITAL ASSET,FINANCIAL INSTRUMENTS,FutOnly,-1258,-1690,157,-287,-680,-184,200,29,-3110,1283,-85,636,0,-1230,-1305,-28,47,10,7,0,8
251223146021F,ETHER CASH SETTLED - CHICAGO MERCANTILE EXCHANGE,2025-12-23T00:00:00.000,2025 Report Week 51,ETHER CASH SETTLED,146021,CME ,CHI,146 ,ETHEREUM (ETHER),39065,22334,10985,5497,2271,1315,901,1369,13548,5444,225,647,0,38041,38337,1024,728,100.0,57.2,28.1,14.1,5.8,3.4,2.3,3.5,34.7,13.9,0.6,1.7,0.0,97.4,98.1,2.6,1.9,85,5,7,,,,18,34,18,44,63,86.8,49.2,90.7,67.9,62.5,30.7,64.0,45.5,(50 Index Points),F85,ETHEREUM (ETHER),DIGITAL ASSET,FINANCIAL INSTRUMENTS,FutOnly,-2009,85,-686,-526,-246,179,11,-822,-482,-397,-160,-129,0,-2055,-2030,46,21,5,7,0,6
251230146021F,ETHER CASH SETTLED - CHICAGO MERCANTILE EXCHANGE,2025-12-30T00:00:00.000,2025 Report Week 52,ETHER CASH SETTLED,146021,CME ,CHI,146 ,ETHEREUM (ETHER),33635,22162,10791,1772,2097,1200,842,1378,13241,4321,197,706,0,32769,32873,866,762,100.0,65.9,32.1,5.3,6.2,3.6,2.5,4.1,39.4,12.8,0.6,2.1,0.0,97.4,97.7,2.6,2.3,82,5,8,,,,18,30,12,42,57,88.0,46.7,92.0,69.0,71.8,36.7,73.5,54.2,(50 Index Points),F85,ETHEREUM (ETHER),DIGITAL ASSET,FINANCIAL INSTRUMENTS,FutOnly,-5430,-172,-194,-3725,-174,-115,-59,9,-307,-1123,-28,59,0,-5272,-5464,-158,34,4,7,0,7
260106146021F,ETHER CASH SETTLED - CHICAGO MERCANTILE EXCHANGE,2026-01-06T00:00:00.000,2026 Report Week 01,ETHER CASH SETTLED,146021,CME ,CHI,146 ,ETHEREUM (ETHER),37920,23618,10493,2990,3047,939,695,1476,16847,4550,523,785,0,36899,37299,1021,621,100.0,62.3,27.7,7.9,8.0,2.5,1.8,3.9,44.4,12.0,1.4,2.1,0.0,97.3,98.4,2.7,1.6,93,5,8,,4,4,17,38,17,50,67,85.1,44.8,89.2,64.4,69.6,32.1,71.5,50.0,(50 Index Points),F85,ETHEREUM (ETHER),DIGITAL ASSET,FINANCIAL INSTRUMENTS,FutOnly,4285,1456,-298,1218,950,-261,-147,98,3606,229,326,79,0,4130,4426,155,-141,6,6,0,7
260113146021F,ETHER CASH SETTLED - CHICAGO MERCANTILE EXCHANGE,2026-01-13T00:00:00.000,2026 Report Week 02,ETHER CASH SETTLED,146021,CME ,CHI,146 ,ETHEREUM (ETHER),37336,23339,10510,2939,2921,1118,584,2382,17383,3529,623,707,0,36317,36770,1019,566,100.0,62.5,28.1,7.9,7.8,3.0,1.6,6.4,46.6,9.5,1.7,1.9,0.0,97.3,98.5,2.7,1.5,99,5,8,,4,,20,39,16,52,67,80.4,43.9,87.4,63.0,71.2,33.3,73.1,51.3,(50 Index Points),F85,ETHEREUM (ETHER),DIGITAL ASSET,FINANCIAL INSTRUMENTS,FutOnly,-584,-279,17,-51,-126,179,-111,906,536,-1021,100,-78,0,-582,-529,-2,-55,8,7,0,6
260120146021F,ETHER CASH SETTLED - CHICAGO MERCANTILE EXCHANGE,2026-01-20T00:00:00.000,2026 Report Week 03,ETHER CASH SETTLED,146021,CME ,CHI,146 ,ETHEREUM (ETHER),36570,21428,10578,3012,2310,1517,635,5982,17432,1834,384,951,4,35589,35963,981,607,100.0,58.6,28.9,8.2,6.3,4.1,1.7,16.4,47.7,5.0,1.1,2.6,0.0,97.3,98.3,2.7,1.7,107,5,8,,5,,27,40,18,60,71,77.6,46.6,86.2,64.4,71.8,36.6,74.7,54.1,(50 Index Points),F85,ETHEREUM (ETHER),DIGITAL ASSET,FINANCIAL INSTRUMENTS,FutOnly,-766,-1911,68,73,-611,399,51,3600,49,-1695,-239,244,4,-728,-807,-38,41,6,8,,6
260127146021F,ETHER CASH SETTLED - CHICAGO MERCANTILE EXCHANGE,2026-01-27T00:00:00.000,2026 Report Week 04,ETHER CASH SETTLED,146021,CME ,CHI,146 ,ETHEREUM (ETHER),40419,21932,10257,6734,1970,633,862,3209,16114,4495,351,659,0,39553,39754,866,665,100.0,54.3,25.4,16.7,4.9,1.6,2.1,7.9,39.9,11.1,0.9,1.6,0.0,97.9,98.4,2.1,1.6,92,5,8,,5,,20,40,12,44,65,77.7,51.6,87.3,68.8,60.4,31.1,63.2,46.6,(50 Index Points),F85,ETHEREUM (ETHER),DIGITAL ASSET,FINANCIAL INSTRUMENTS,FutOnly,3849,504,-321,3722,-340,-884,227,-2773,-1318,2661,-33,-292,-4,3964,3791,-115,58,5,5,0,4
260203146021F,ETHER CASH SETTLED - CHICAGO MERCANTILE EXCHANGE,2026-02-03T00:00:00.000,2026 Report Week 05,ETHER CASH SETTLED,146021,CME ,CHI,146 ,ETHEREUM (ETHER),33723,17857,9907,4941,1272,679,1399,4126,12360,3155,169,643,0,32919,33084,804,639,100.0,53.0,29.4,14.7,3.8,2.0,4.1,12.2,36.7,9.4,0.5,1.9,0.0,97.6,98.1,2.4,1.9,94,4,8,5,5,,20,41,16,48,69,77.7,48.5,88.1,67.1,62.0,32.7,64.1,48.7,(50 Index Points),F85,ETHEREUM (ETHER),DIGITAL ASSET,FINANCIAL INSTRUMENTS,FutOnly,-6696,-4075,-350,-1793,-698,46,537,917,-3754,-1340,-182,-16,0,-6634,-6670,-62,-26,4,6,0,4
260210146021F,ETHER CASH SETTLED - CHICAGO MERCANTILE EXCHANGE,2026-02-10T00:00:00.000,2026 Report Week 06,ETHER CASH SETTLED,146021,CME ,CHI,146 ,ETHEREUM (ETHER),33814,15802,10047,4519,1635,954,1272,5214,10963,4393,119,858,0,32954,33006,860,808,100.0,46.7,29.7,13.4,4.8,2.8,3.8,15.4,32.4,13.0,0.4,2.5,0.0,97.5,97.6,2.5,2.4,88,4,8,,,,21,37,15,42,67,76.7,46.4,90.1,63.0,61.2,31.6,63.4,43.4,(50 Index Points),F85,ETHEREUM (ETHER),DIGITAL ASSET,FINANCIAL INSTRUMENTS,FutOnly,91,-2055,140,-422,363,275,-127,1088,-1397,1238,-50,215,0,35,-78,56,169,,9,0,4
260217146021F,ETHER CASH SETTLED - CHICAGO MERCANTILE EXCHANGE,2026-02-17T00:00:00.000,2026 Report Week 07,ETHER CASH SETTLED,146021,CME ,CHI,146 ,ETHEREUM (ETHER),33154,15632,10251,4426,2423,1587,1330,4469,9994,3849,145,983,0,32274,32420,880,734,100.0,47.1,30.9,13.3,7.3,4.8,4.0,13.5,30.1,11.6,0.4,3.0,0.0,97.3,97.8,2.7,2.2,102,4,10,4,4,4,22,42,17,49,78,77.6,44.5,87.9,58.5,61.7,31.5,64.2,42.3,(50 Index Points),F85,ETHEREUM (ETHER),DIGITAL ASSET,FINANCIAL INSTRUMENTS,FutOnly,-660,-170,204,-93,788,633,58,-745,-969,-544,26,125,0,-680,-586,20,-74,4,11,0,5
260224146021F,ETHER CASH SETTLED - CHICAGO MERCANTILE EXCHANGE,2026-02-24T00:00:00.000,2026 Report Week 08,ETHER CASH SETTLED,146021,CME ,CHI,146 ,ETHEREUM (ETHER),37088,14731,10067,5206,1209,2378,1894,5031,7734,7983,170,1003,0,36224,36265,864,823,100.0,39.7,27.1,14.0,3.3,6.4,5.1,13.6,20.9,21.5,0.5,2.7,0.0,97.7,97.8,2.3,2.2,98,4,9,,4,6,20,39,21,53,74,71.4,45.5,88.5,62.4,51.5,27.5,53.5,37.7,(50 Index Points),F85,ETHEREUM (ETHER),DIGITAL ASSET,FINANCIAL INSTRUMENTS,FutOnly,3934,-901,-184,780,-1214,791,564,562,-2260,4134,25,20,0,3950,3845,-16,89,5,10,0,5
260303146021F,ETHER CASH SETTLED - CHICAGO MERCANTILE EXCHANGE,2026-03-03T00:00:00.000,2026 Report Week 09,ETHER CASH SETTLED,146021,CME ,CHI,146 ,ETHEREUM (ETHER),34357,16906,8369,5783,2012,2050,1525,3100,10867,4207,59,750,0,33592,33551,765,806,100.0,49.2,24.4,16.8,5.9,6.0,4.4,9.0,31.6,12.2,0.2,2.2,0.0,97.8,97.7,2.2,2.3,97,4,10,,5,4,20,43,17,46,74,80.8,46.4,89.9,61.0,58.7,24.3,60.5,35.5,(50 Index Points),F85,ETHEREUM (ETHER),DIGITAL ASSET,FINANCIAL INSTRUMENTS,FutOnly,-2731,2175,-1698,577,803,-328,-369,-1931,3133,-3776,-111,-253,0,-2632,-2714,-99,-17,,9,0,
260310146021F,ETHER CASH SETTLED - CHICAGO MERCANTILE EXCHANGE,2026-03-10T00:00:00.000,2026 Report Week 10,ETHER CASH SETTLED,146021,CME ,CHI,146 ,ETHEREUM (ETHER),35259,17103,5912,9166,2209,2161,1533,2454,13602,1913,84,422,0,34462,34709,797,550,100.0,48.5,16.8,26.0,6.3,6.1,4.3,7.0,38.6,5.4,0.2,1.2,0.0,97.7,98.4,2.3,1.6,101,5,9,,6,4,17,47,15,45,77,84.5,43.8,89.9,62.6,56.4,22.1,58.3,35.7,(50 Index Points),F85,ETHEREUM (ETHER),DIGITAL ASSET,FINANCIAL INSTRUMENTS,FutOnly,902,197,-2457,3383,197,111,8,-646,2735,-2294,25,-328,0,870,1158,32,-256,,11,0,
260317146021F,ETHER CASH SETTLED - CHICAGO MERCANTILE EXCHANGE,2026-03-17T00:00:00.000,2026 Report Week 11,ETHER CASH SETTLED,146021,CME ,CHI,146 ,ETHEREUM (ETHER),38577,19146,6177,9473,2894,2192,1450,2314,16303,2064,449,349,0,37790,38008,787,569,100.0,49.6,16.0,24.6,7.5,5.7,3.8,6.0,42.3,5.4,1.2,0.9,0.0,98.0,98.5,2.0,1.5,100,5,10,,4,5,17,45,13,44,77,83.7,44.5,88.9,61.4,58.6,24.6,60.9,37.9,(50 Index Points),F85,ETHEREUM (ETHER),DIGITAL ASSET,FINANCIAL INSTRUMENTS,FutOnly,3318,2043,265,307,685,31,-83,-140,2701,151,365,-73,0,3328,3299,-10,19,4,12,0,
260324146021F,ETHER CASH SETTLED - CHICAGO MERCANTILE EXCHANGE,2026-03-24T00:00:00.000,2026 Report Week 12,ETHER CASH SETTLED,146021,CME ,CHI,146 ,ETHEREUM (ETHER),35846,17347,6192,9065,2210,2082,1905,1924,12926,2534,63,603,0,35048,35307,798,539,100.0,48.4,17.3,25.3,6.2,5.8,5.3,5.4,36.1,7.1,0.2,1.7,0.0,97.8,98.5,2.2,1.5,90,4,11,4,6,4,12,42,13,40,71,84.4,46.8,91.3,64.1,56.8,25.1,58.2,38.7,(50 Index Points),F85,ETHEREUM (ETHER),DIGITAL ASSET,FINANCIAL INSTRUMENTS,FutOnly,-2731,-1799,15,-408,-684,-110,455,-390,-3377,470,-386,254,0,-2742,-2701,11,-30,,9,0,
260331146021F,ETHER CASH SETTLED - CHICAGO MERCANTILE EXCHANGE,2026-03-31T00:00:00.000,2026 Report Week 13,ETHER CASH SETTLED,146021,CME ,CHI,146 ,ETHEREUM (ETHER),28463,16657,6243,4370,2113,2205,1731,2563,12874,390,29,87,0,27853,27900,610,563,100.0,58.5,21.9,15.4,7.4,7.7,6.1,9.0,45.2,1.4,0.1,0.3,0.0,97.9,98.0,2.1,2.0,89,4,11,,6,4,12,44,7,31,71,87.2,41.7,92.2,61.1,69.3,33.3,72.1,47.7,(50 Index Points),F85,ETHEREUM (ETHER),DIGITAL ASSET,FINANCIAL INSTRUMENTS,FutOnly,-7383,-690,51,-4695,-97,123,-174,639,-52,-2144,-34,-516,0,-7195,-7407,-188,24,,8,0,
260407146021F,ETHER CASH SETTLED - CHICAGO MERCANTILE EXCHANGE,2026-04-07T00:00:00.000,2026 Report Week 14,ETHER CASH SETTLED,146021,CME ,CHI,146 ,ETHEREUM (ETHER),28648,16567,6436,3999,2080,2169,1740,2802,12829,771,87,189,0,28046,28133,602,515,100.0,57.8,22.5,14.0,7.3,7.6,6.1,9.8,44.8,2.7,0.3,0.7,0.0,97.9,98.2,2.1,1.8,94,4,12,,6,6,14,42,12,42,73,85.4,39.5,90.2,60.4,69.2,32.0,71.6,48.0,(50 Index Points),F85,ETHEREUM (ETHER),DIGITAL ASSET,FINANCIAL INSTRUMENTS,FutOnly,185,-90,193,-371,-33,-36,9,239,-45,381,58,102,0,193,233,-8,-48,,9,0,
260414146021F,ETHER CASH SETTLED - CHICAGO MERCANTILE EXCHANGE,2026-04-14T00:00:00.000,2026 Report Week 15,ETHER CASH SETTLED,146021,CME ,CHI,146 ,ETHEREUM (ETHER),34354,18421,7569,4277,2976,2449,1387,2080,14029,3957,432,167,0,33530,33835,824,519,100.0,53.6,22.0,12.4,8.7,7.1,4.0,6.1,40.8,11.5,1.3,0.5,0.0,97.6,98.5,2.4,1.5,104,4,12,,6,5,18,45,18,51,78,82.3,37.0,88.6,58.8,61.4,27.6,64.4,41.7,(50 Index Points),F85,ETHEREUM (ETHER),DIGITAL ASSET,FINANCIAL INSTRUMENTS,FutOnly,5706,1854,1133,278,896,280,-353,-722,1200,3186,345,-22,0,5484,5702,222,4,4,11,0,
260421146021F,ETHER CASH SETTLED - CHICAGO MERCANTILE EXCHANGE,2026-04-21T00:00:00.000,2026 Report Week 16,ETHER CASH SETTLED,146021,CME ,CHI,146 ,ETHEREUM (ETHER),31005,18774,8334,3173,2527,2576,1573,2441,13124,1644,66,88,0,30198,30512,807,493,100.0,60.6,26.9,10.2,8.2,8.3,5.1,7.9,42.3,5.3,0.2,0.3,0.0,97.4,98.4,2.6,1.6,91,4,11,4,6,4,18,35,21,51,69,79.8,36.6,86.5,56.4,69.9,29.0,72.7,45.4,(50 Index Points),F85,ETHEREUM (ETHER),DIGITAL ASSET,FINANCIAL INSTRUMENTS,FutOnly,-3349,353,765,-1104,-449,127,186,361,-905,-2313,-366,-79,0,-3332,-3323,-17,-26,,11,0,
260428146021F,ETHER CASH SETTLED - CHICAGO MERCANTILE EXCHANGE,2026-04-28T00:00:00.000,2026 Report Week 17,ETHER CASH SETTLED,146021,CME ,CHI,146 ,ETHEREUM (ETHER),27777,18756,7464,2357,2462,2017,977,2142,13783,311,36,308,0,27041,27217,736,560,100.0,67.5,26.9,8.5,8.9,7.3,3.5,7.7,49.6,1.1,0.1,1.1,0.0,97.4,98.0,2.6,2.0,87,4,11,,7,4,11,39,8,34,67,87.1,38.5,91.4,58.5,78.2,36.0,80.3,52.6,(50 Index Points),F85,ETHEREUM (ETHER),DIGITAL ASSET,FINANCIAL INSTRUMENTS,FutOnly,-3228,-18,-870,-816,-65,-559,-596,-299,659,-1333,-30,220,0,-3157,-3295,-71,67,,9,0,4
260505146021F,ETHER CASH SETTLED - CHICAGO MERCANTILE EXCHANGE,2026-05-05T00:00:00.000,2026 Report Week 18,ETHER CASH SETTLED,146021,CME ,CHI,146 ,ETHEREUM (ETHER),30408,19036,7259,2448,3385,2025,1204,2330,15923,950,244,83,0,29597,29892,811,516,100.0,62.6,23.9,8.1,11.1,6.7,4.0,7.7,52.4,3.1,0.8,0.3,0.0,97.3,98.3,2.7,1.7,99,6,10,,8,5,18,44,9,45,71,81.1,40.2,87.1,58.4,71.9,35.5,75.5,50.7,(50 Index Points),F85,ETHEREUM (ETHER),DIGITAL ASSET,FINANCIAL INSTRUMENTS,FutOnly,2631,280,-205,91,923,8,227,188,2140,639,208,-225,0,2556,2675,75,-44,,8,0,
260512146021F,ETHER CASH SETTLED - CHICAGO MERCANTILE EXCHANGE,2026-05-12T00:00:00.000,2026 Report Week 19,ETHER CASH SETTLED,146021,CME ,CHI,146 ,ETHEREUM (ETHER),31749,15547,7231,2499,2639,3175,998,4372,14776,1995,37,503,0,28087,31177,3662,572,100.0,49.0,22.8,7.9,8.3,10.0,3.1,13.8,46.5,6.3,0.1,1.6,0.0,88.5,98.2,11.5,1.8,94,4,9,,6,4,18,41,15,44,72,68.8,37.8,79.6,55.0,63.6,31.6,67.1,45.7,(50 Index Points),F85,ETHEREUM (ETHER),DIGITAL ASSET,FINANCIAL INSTRUMENTS,FutOnly,1341,-3489,-28,51,-746,1150,-206,2042,-1147,1045,-207,420,0,-1510,1285,2851,56,,10,0,
260519146021F,ETHER CASH SETTLED - CHICAGO MERCANTILE EXCHANGE,2026-05-19T00:00:00.000,2026 Report Week 20,ETHER CASH SETTLED,146021,CME ,CHI,146 ,ETHEREUM (ETHER),33062,16992,6974,2666,1932,3432,1303,5907,14242,3520,58,514,0,32378,32651,684,411,100.0,51.4,21.1,8.1,5.8,10.4,3.9,17.9,43.1,10.6,0.2,1.6,0.0,97.9,98.8,2.1,1.2,104,5,10,4,5,4,18,48,18,46,84,72.7,37.8,87.8,53.7,66.9,28.8,70.6,41.5,(50 Index Points),F85,ETHEREUM (ETHER),DIGITAL ASSET,FINANCIAL INSTRUMENTS,FutOnly,1313,1445,-257,167,-707,257,305,1535,-534,1525,21,11,0,4291,1474,-2978,-161,,11,0,4
260526146021F,ETHER CASH SETTLED - CHICAGO MERCANTILE EXCHANGE,2026-05-26T00:00:00.000,2026 Report Week 21,ETHER CASH SETTLED,146021,CME ,CHI,146 ,ETHEREUM (ETHER),30856,16615,6282,2548,1593,3185,1504,6212,13716,1525,106,443,0,30103,29203,753,1653,100.0,53.8,20.4,8.3,5.2,10.3,4.9,20.1,44.5,4.9,0.3,1.4,0.0,97.6,94.6,2.4,5.4,100,5,11,5,4,,22,41,20,51,77,74.7,30.2,85.6,45.6,70.5,27.3,74.3,40.4,(50 Index Points),F85,ETHEREUM (ETHER),DIGITAL ASSET,FINANCIAL INSTRUMENTS,FutOnly,-2206,-377,-692,-118,-339,-247,201,305,-526,-1995,48,-71,0,-2275,-3448,69,1242,,10,0,
260602146021F,ETHER CASH SETTLED - CHICAGO MERCANTILE EXCHANGE,2026-06-02T00:00:00.000,2026 Report Week 22,ETHER CASH SETTLED,146021,CME ,CHI,146 ,ETHEREUM (ETHER),25516,15173,6440,84,1183,4486,1089,7161,11482,169,25,549,0,24884,24299,632,1217,100.0,59.5,25.2,0.3,4.6,17.6,4.3,28.1,45.0,0.7,0.1,2.2,0.0,97.5,95.2,2.5,4.8,97,4,8,,5,,22,40,11,40,71,83.5,37.9,88.7,55.6,79.3,37.9,84.4,55.2,(50 Index Points),F85,ETHEREUM (ETHER),DIGITAL ASSET,FINANCIAL INSTRUMENTS,FutOnly,-5340,-1442,158,-2464,-410,1301,-415,949,-2234,-1356,-81,106,0,-5219,-4904,-121,-436,,12,0,
260609146021F,ETHER CASH SETTLED - CHICAGO MERCANTILE EXCHANGE,2026-06-09T00:00:00.000,2026 Report Week 23,ETHER CASH SETTLED,146021,CME ,CHI,146 ,ETHEREUM (ETHER),25138,14237,6136,41,903,4145,805,7370,12021,1051,54,398,0,24461,24597,677,541,100.0,56.6,24.4,0.2,3.6,16.5,3.2,29.3,47.8,4.2,0.2,1.6,0.0,97.3,97.8,2.7,2.2,96,4,6,,4,,22,41,17,42,73,73.8,38.6,84.9,55.7,71.1,37.8,80.6,54.7,(50 Index Points),F85,ETHEREUM (ETHER),DIGITAL ASSET,FINANCIAL INSTRUMENTS,FutOnly,-378,-936,-304,-43,-280,-341,-284,209,539,882,29,-151,0,-423,298,45,-676,,11,0,
260616146021F,ETHER CASH SETTLED - CHICAGO MERCANTILE EXCHANGE,2026-06-16T00:00:00.000,2026 Report Week 24,ETHER CASH SETTLED,146021,CME ,CHI,146 ,ETHEREUM (ETHER),26110,15543,6438,106,1433,3747,559,4855,11607,2828,151,245,0,25475,25530,635,580,100.0,59.5,24.7,0.4,5.5,14.4,2.1,18.6,44.5,10.8,0.6,0.9,0.0,97.6,97.8,2.4,2.2,91,5,7,,4,,20,35,16,43,69,76.4,36.5,86.3,55.7,70.4,34.5,78.2,50.5,(50 Index Points),F85,ETHEREUM (ETHER),DIGITAL ASSET,FINANCIAL INSTRUMENTS,FutOnly,972,1306,302,65,530,-398,-246,-2515,-414,1777,97,-153,0,1014,933,-42,39,,12,0,
260623146021F,ETHER CASH SETTLED - CHICAGO MERCANTILE EXCHANGE,2026-06-23T00:00:00.000,2026 Report Week 25,ETHER CASH SETTLED,146021,CME ,CHI,146 ,ETHEREUM (ETHER),26007,14645,6390,929,1038,4054,1034,5617,10594,1945,100,445,0,25308,25391,699,616,100.0,56.3,24.6,3.6,4.0,15.6,4.0,21.6,40.7,7.5,0.4,1.7,0.0,97.3,97.6,2.7,2.4,94,4,6,,6,4,19,35,17,47,71,72.3,41.4,83.9,57.7,69.8,34.9,76.9,50.1,(50 Index Points),F85,ETHEREUM (ETHER),DIGITAL ASSET,FINANCIAL INSTRUMENTS,FutOnly,-103,-898,-48,823,-395,307,475,762,-1013,-883,-51,200,0,-167,-139,64,36,,12,0,4
260630146021F,ETHER CASH SETTLED - CHICAGO MERCANTILE EXCHANGE,2026-06-30T00:00:00.000,2026 Report Week 26,ETHER CASH SETTLED,146021,CME ,CHI,146 ,ETHEREUM (ETHER),21475,14448,6311,31,874,3912,797,4668,9359,56,50,537,1,20925,21004,550,471,100.0,67.3,29.4,0.1,4.1,18.2,3.7,21.7,43.6,0.3,0.2,2.5,0.0,97.4,97.8,2.6,2.2,88,5,6,,6,,16,37,5,33,64,81.3,39.5,88.9,58.4,78.1,39.5,85.2,58.4,(50 Index Points),F85,ETHEREUM (ETHER),DIGITAL ASSET,FINANCIAL INSTRUMENTS,FutOnly,-4532,-197,-79,-898,-164,-142,-237,-949,-1235,-1889,-50,92,1,-4383,-4387,-149,-145,,10,,5
