instrument,direction,signal_time,entry_time,exit_time,gross,net,fees_slippage,side_cost_bps,bars_held
DOT,-1,2026-08-04 22:34:00+00:00,2026-08-04 22:35:00+00:00,2026-08-04 22:40:00+00:00,0.003456619426201124,0.0016472845277284043,0.0018093348984727197,9.046674492363598,5
DOT,1,2026-08-04 22:51:00+00:00,2026-08-04 22:52:00+00:00,2026-08-04 22:57:00+00:00,0.001504455502835178,-0.0003048793956375417,0.0018093348984727197,9.046674492363598,5
BTC,-1,2026-08-04 23:08:00+00:00,2026-08-04 23:09:00+00:00,2026-08-04 23:14:00+00:00,0.0010657854932166755,6.319364961913303e-05,0.0010025918435975425,5.012959217987713,5
DOT,1,2026-08-04 23:28:00+00:00,2026-08-04 23:29:00+00:00,2026-08-04 23:34:00+00:00,-0.0019765143587954226,-0.0037858492572681425,0.0018093348984727197,9.046674492363598,5
DOT,-1,2026-08-05 00:09:00+00:00,2026-08-05 00:10:00+00:00,2026-08-05 00:15:00+00:00,-0.009896379089533003,-0.011705713988005722,0.0018093348984727197,9.046674492363598,5
BNB,-1,2026-08-05 00:32:00+00:00,2026-08-05 00:33:00+00:00,2026-08-05 00:38:00+00:00,-0.007393715341959206,-0.008684899734476057,0.0012911843925168507,6.455921962584254,5
BNB,1,2026-08-05 00:42:00+00:00,2026-08-05 00:43:00+00:00,2026-08-05 00:48:00+00:00,0.002694056238424114,0.0014028718459072633,0.0012911843925168507,6.455921962584254,5
BNB,-1,2026-08-05 01:00:00+00:00,2026-08-05 01:01:00+00:00,2026-08-05 01:06:00+00:00,-0.0010056989607778455,-0.002296883353294696,0.0012911843925168507,6.455921962584254,5
DOT,1,2026-08-05 01:00:00+00:00,2026-08-05 01:01:00+00:00,2026-08-05 01:06:00+00:00,0.0011611704598235573,-0.0006481644386491625,0.0018093348984727197,9.046674492363598,5
LINK,1,2026-08-05 01:00:00+00:00,2026-08-05 01:01:00+00:00,2026-08-05 01:06:00+00:00,0.0009874105159219937,-0.00031992722736324673,0.0013073377432852404,6.536688716426203,5
BNB,-1,2026-08-05 01:39:00+00:00,2026-08-05 01:40:00+00:00,2026-08-05 01:45:00+00:00,-0.0004985873358815951,-0.0017897717283984458,0.0012911843925168507,6.455921962584254,5
ETH,-1,2026-08-05 01:39:00+00:00,2026-08-05 01:40:00+00:00,2026-08-05 01:45:00+00:00,0.0016021875200273872,0.0005938027074311814,0.0010083848125962058,5.041924062981029,5
DOT,1,2026-08-05 01:41:00+00:00,2026-08-05 01:42:00+00:00,2026-08-05 01:47:00+00:00,0.0014007237072486411,-0.0004086111912240786,0.0018093348984727197,9.046674492363598,5
BNB,-1,2026-08-05 01:54:00+00:00,2026-08-05 01:55:00+00:00,2026-08-05 02:00:00+00:00,0.0009938711280437218,-0.00029731326447312895,0.0012911843925168507,6.455921962584254,5
BNB,-1,2026-08-05 02:03:00+00:00,2026-08-05 02:04:00+00:00,2026-08-05 02:09:00+00:00,0.003471648206315181,0.0021804638137983305,0.0012911843925168507,6.455921962584254,5
SOL,-1,2026-08-05 02:03:00+00:00,2026-08-05 02:04:00+00:00,2026-08-05 02:09:00+00:00,0.001749663526244838,0.0005494783545853994,0.0012001851716594385,6.000925858297193,5
BNB,1,2026-08-05 02:18:00+00:00,2026-08-05 02:19:00+00:00,2026-08-05 02:24:00+00:00,0.00016652789342219698,-0.0011246564990946538,0.0012911843925168507,6.455921962584254,5
BTC,1,2026-08-05 02:18:00+00:00,2026-08-05 02:19:00+00:00,2026-08-05 02:24:00+00:00,0.0010233170089906096,2.0725165393067164e-05,0.0010025918435975425,5.012959217987713,5
SOL,1,2026-08-05 02:18:00+00:00,2026-08-05 02:19:00+00:00,2026-08-05 02:24:00+00:00,0.0009456903539584172,-0.00025449481770102133,0.0012001851716594385,6.000925858297193,5
ADA,1,2026-08-05 02:19:00+00:00,2026-08-05 02:20:00+00:00,2026-08-05 02:25:00+00:00,0.003136434918975306,0.0011386798678405395,0.0019977550511347665,9.988775255673833,5
AVAX,1,2026-08-05 03:02:00+00:00,2026-08-05 03:03:00+00:00,2026-08-05 03:08:00+00:00,-0.00029953571963448056,-0.0018416822685675858,0.0015421465489331052,7.710732744665526,5
BNB,1,2026-08-05 03:02:00+00:00,2026-08-05 03:03:00+00:00,2026-08-05 03:08:00+00:00,-0.0009968433294567092,-0.0022880277219735597,0.0012911843925168507,6.455921962584254,5
LINK,1,2026-08-05 03:09:00+00:00,2026-08-05 03:10:00+00:00,2026-08-05 03:15:00+00:00,-0.0004910385465261013,-0.0017983762898113418,0.0013073377432852404,6.536688716426203,5
ADA,1,2026-08-05 03:14:00+00:00,2026-08-05 03:15:00+00:00,2026-08-05 03:20:00+00:00,-0.003141361256544406,-0.005139116307679173,0.0019977550511347665,9.988775255673833,5
BNB,1,2026-08-05 03:14:00+00:00,2026-08-05 03:15:00+00:00,2026-08-05 03:20:00+00:00,0.0,-0.0012911843925168507,0.0012911843925168507,6.455921962584254,5
AVAX,1,2026-08-05 03:15:00+00:00,2026-08-05 03:16:00+00:00,2026-08-05 03:21:00+00:00,-0.0028614457831324103,-0.004403592332065515,0.0015421465489331052,7.710732744665526,5
DOT,1,2026-08-05 03:15:00+00:00,2026-08-05 03:16:00+00:00,2026-08-05 03:21:00+00:00,-0.0033026657230479373,-0.005112000621520657,0.0018093348984727197,9.046674492363598,5
XRP,1,2026-08-05 03:17:00+00:00,2026-08-05 03:18:00+00:00,2026-08-05 03:23:00+00:00,-0.0014975664545114897,-0.0026461189958420523,0.0011485525413305624,5.742762706652812,5
BTC,1,2026-08-05 03:18:00+00:00,2026-08-05 03:19:00+00:00,2026-08-05 03:24:00+00:00,-0.0016030809065118445,-0.0026056727501093868,0.0010025918435975425,5.012959217987713,5
AVAX,-1,2026-08-05 05:02:00+00:00,2026-08-05 05:03:00+00:00,2026-08-05 05:08:00+00:00,-0.00044957290573965913,-0.001991719454672764,0.0015421465489331052,7.710732744665526,5
XRP,-1,2026-08-05 05:26:00+00:00,2026-08-05 05:27:00+00:00,2026-08-05 05:32:00+00:00,0.0015856729782669499,0.0004371204369363875,0.0011485525413305624,5.742762706652812,5
AVAX,-1,2026-08-05 06:39:00+00:00,2026-08-05 06:40:00+00:00,2026-08-05 06:45:00+00:00,0.0016381236038719438,9.597705493883855e-05,0.0015421465489331052,7.710732744665526,5
ADA,-1,2026-08-05 07:06:00+00:00,2026-08-05 07:07:00+00:00,2026-08-05 07:12:00+00:00,-0.0005202913631632278,-0.0025180464142979943,0.0019977550511347665,9.988775255673833,5
XRP,1,2026-08-05 07:20:00+00:00,2026-08-05 07:21:00+00:00,2026-08-05 07:26:00+00:00,0.00018800526414741725,-0.0009605472771831451,0.0011485525413305624,5.742762706652812,5
ADA,-1,2026-08-05 07:32:00+00:00,2026-08-05 07:33:00+00:00,2026-08-05 07:38:00+00:00,-0.004672897196261738,-0.006670652247396505,0.0019977550511347665,9.988775255673833,5
BTC,-1,2026-08-05 07:57:00+00:00,2026-08-05 07:58:00+00:00,2026-08-05 08:03:00+00:00,1.4033752734676774e-05,-0.0009885580908628657,0.0010025918435975425,5.012959217987713,5
ETH,-1,2026-08-05 07:59:00+00:00,2026-08-05 08:00:00+00:00,2026-08-05 08:05:00+00:00,0.00027241843471570437,-0.0007359663778805014,0.0010083848125962058,5.041924062981029,5
ADA,-1,2026-08-05 08:00:00+00:00,2026-08-05 08:01:00+00:00,2026-08-05 08:06:00+00:00,0.005138746145940343,0.0031409910948055762,0.0019977550511347665,9.988775255673833,5
ADA,-1,2026-08-05 09:42:00+00:00,2026-08-05 09:43:00+00:00,2026-08-05 09:48:00+00:00,-0.0,-0.0019977550511347665,0.0019977550511347665,9.988775255673833,5
ADA,-1,2026-08-05 09:52:00+00:00,2026-08-05 09:53:00+00:00,2026-08-05 09:58:00+00:00,-0.0020283975659229903,-0.004026152617057757,0.0019977550511347665,9.988775255673833,5
BNB,1,2026-08-05 10:00:00+00:00,2026-08-05 10:01:00+00:00,2026-08-05 10:06:00+00:00,0.0010062049304042642,-0.00028497946211258657,0.0012911843925168507,6.455921962584254,5
BTC,-1,2026-08-05 12:19:00+00:00,2026-08-05 12:20:00+00:00,2026-08-05 12:25:00+00:00,-9.469167768805242e-05,-0.0010972835212855949,0.0010025918435975425,5.012959217987713,5
ETH,-1,2026-08-05 12:19:00+00:00,2026-08-05 12:20:00+00:00,2026-08-05 12:25:00+00:00,-0.0006443470527779382,-0.001652731865374144,0.0010083848125962058,5.041924062981029,5
ETH,1,2026-08-05 13:10:00+00:00,2026-08-05 13:11:00+00:00,2026-08-05 13:16:00+00:00,-0.0014329481839521208,-0.0024413329965483265,0.0010083848125962058,5.041924062981029,5
SOL,1,2026-08-05 13:10:00+00:00,2026-08-05 13:11:00+00:00,2026-08-05 13:16:00+00:00,0.0008134490238609349,-0.0003867361477985036,0.0012001851716594385,6.000925858297193,5
ADA,1,2026-08-05 13:15:00+00:00,2026-08-05 13:16:00+00:00,2026-08-05 13:21:00+00:00,0.0025987525987525295,0.000600997547617763,0.0019977550511347665,9.988775255673833,5
ADA,1,2026-08-05 13:28:00+00:00,2026-08-05 13:29:00+00:00,2026-08-05 13:34:00+00:00,-0.00782064650677794,-0.009818401557912707,0.0019977550511347665,9.988775255673833,5
ETH,1,2026-08-05 13:31:00+00:00,2026-08-05 13:32:00+00:00,2026-08-05 13:37:00+00:00,-0.002609830361026577,-0.003618215173622783,0.0010083848125962058,5.041924062981029,5
SOL,1,2026-08-05 13:31:00+00:00,2026-08-05 13:32:00+00:00,2026-08-05 13:37:00+00:00,-0.0031271244051666036,-0.004327309576826042,0.0012001851716594385,6.000925858297193,5
XRP,1,2026-08-05 13:31:00+00:00,2026-08-05 13:32:00+00:00,2026-08-05 13:37:00+00:00,-0.0019863791146423893,-0.003134931655972952,0.0011485525413305624,5.742762706652812,5
AVAX,1,2026-08-05 13:32:00+00:00,2026-08-05 13:33:00+00:00,2026-08-05 13:38:00+00:00,-0.01013002721499856,-0.011672173763931665,0.0015421465489331052,7.710732744665526,5
BTC,1,2026-08-05 13:32:00+00:00,2026-08-05 13:33:00+00:00,2026-08-05 13:38:00+00:00,0.0012490706319703282,0.00024647878837278574,0.0010025918435975425,5.012959217987713,5
LINK,1,2026-08-05 13:32:00+00:00,2026-08-05 13:33:00+00:00,2026-08-05 13:38:00+00:00,-0.0006183527083849505,-0.001925690451670191,0.0013073377432852404,6.536688716426203,5
ETH,-1,2026-08-05 13:38:00+00:00,2026-08-05 13:39:00+00:00,2026-08-05 13:44:00+00:00,-0.0032785301882336526,-0.004286915000829858,0.0010083848125962058,5.041924062981029,5
BTC,-1,2026-08-05 13:39:00+00:00,2026-08-05 13:40:00+00:00,2026-08-05 13:45:00+00:00,0.0009827879716720611,-1.9803871925481347e-05,0.0010025918435975425,5.012959217987713,5
LINK,-1,2026-08-05 13:39:00+00:00,2026-08-05 13:40:00+00:00,2026-08-05 13:45:00+00:00,-0.00012321340561860517,-0.0014305511489038456,0.0013073377432852404,6.536688716426203,5
SOL,-1,2026-08-05 13:39:00+00:00,2026-08-05 13:40:00+00:00,2026-08-05 13:45:00+00:00,0.0004071661237785573,-0.0007930190478808812,0.0012001851716594385,6.000925858297193,5
XRP,-1,2026-08-05 13:39:00+00:00,2026-08-05 13:40:00+00:00,2026-08-05 13:45:00+00:00,0.0007553583231044714,-0.000393194218226091,0.0011485525413305624,5.742762706652812,5
ETH,-1,2026-08-05 13:47:00+00:00,2026-08-05 13:48:00+00:00,2026-08-05 13:53:00+00:00,-0.0015456529180215561,-0.002554037730617762,0.0010083848125962058,5.041924062981029,5
BTC,-1,2026-08-05 14:05:00+00:00,2026-08-05 14:06:00+00:00,2026-08-05 14:11:00+00:00,-0.00034136471406043256,-0.001343956557657975,0.0010025918435975425,5.012959217987713,5
ETH,-1,2026-08-05 14:05:00+00:00,2026-08-05 14:06:00+00:00,2026-08-05 14:11:00+00:00,-6.912944754944306e-05,-0.0010775142601456488,0.0010083848125962058,5.041924062981029,5
SOL,-1,2026-08-05 14:05:00+00:00,2026-08-05 14:06:00+00:00,2026-08-05 14:11:00+00:00,0.0004051863857374993,-0.0007949987859219392,0.0012001851716594385,6.000925858297193,5
DOT,-1,2026-08-05 14:13:00+00:00,2026-08-05 14:14:00+00:00,2026-08-05 14:19:00+00:00,0.00047130906091663594,-0.0013380258375560838,0.0018093348984727197,9.046674492363598,5
ETH,-1,2026-08-05 14:32:00+00:00,2026-08-05 14:33:00+00:00,2026-08-05 14:38:00+00:00,0.001265309173224538,0.00025692436062833227,0.0010083848125962058,5.041924062981029,5
ADA,1,2026-08-05 14:53:00+00:00,2026-08-05 14:54:00+00:00,2026-08-05 14:59:00+00:00,0.00525762355415349,0.0032598685030187234,0.0019977550511347665,9.988775255673833,5
AVAX,1,2026-08-05 14:53:00+00:00,2026-08-05 14:54:00+00:00,2026-08-05 14:59:00+00:00,0.0021160822249093325,0.0005739356759762273,0.0015421465489331052,7.710732744665526,5
BNB,-1,2026-08-05 15:09:00+00:00,2026-08-05 15:10:00+00:00,2026-08-05 15:15:00+00:00,0.0028178352395158424,0.0015266508469989916,0.0012911843925168507,6.455921962584254,5
BTC,-1,2026-08-05 15:09:00+00:00,2026-08-05 15:10:00+00:00,2026-08-05 15:15:00+00:00,0.00108111786659415,7.852602299660764e-05,0.0010025918435975425,5.012959217987713,5
ETH,-1,2026-08-05 15:09:00+00:00,2026-08-05 15:10:00+00:00,2026-08-05 15:15:00+00:00,0.002366077362754293,0.0013576925501580872,0.0010083848125962058,5.041924062981029,5
LINK,-1,2026-08-05 15:09:00+00:00,2026-08-05 15:10:00+00:00,2026-08-05 15:15:00+00:00,0.0026848913839394584,0.001377553640654218,0.0013073377432852404,6.536688716426203,5
XRP,-1,2026-08-05 15:09:00+00:00,2026-08-05 15:10:00+00:00,2026-08-05 15:15:00+00:00,0.001970350910114438,0.0008217983687838755,0.0011485525413305624,5.742762706652812,5
ADA,1,2026-08-05 15:57:00+00:00,2026-08-05 15:58:00+00:00,2026-08-05 16:03:00+00:00,0.003701745108408261,0.0017039900572734944,0.0019977550511347665,9.988775255673833,5
ETH,-1,2026-08-05 16:21:00+00:00,2026-08-05 16:22:00+00:00,2026-08-05 16:27:00+00:00,-0.0013353894090901708,-0.0023437742216863766,0.0010083848125962058,5.041924062981029,5
ETH,-1,2026-08-05 16:57:00+00:00,2026-08-05 16:58:00+00:00,2026-08-05 17:03:00+00:00,-0.0013098130347524162,-0.002318197847348622,0.0010083848125962058,5.041924062981029,5
ETH,-1,2026-08-05 17:38:00+00:00,2026-08-05 17:39:00+00:00,2026-08-05 17:44:00+00:00,-0.002965879265091953,-0.003974264077688159,0.0010083848125962058,5.041924062981029,5
LINK,-1,2026-08-05 17:38:00+00:00,2026-08-05 17:39:00+00:00,2026-08-05 17:44:00+00:00,-0.0014607425441266475,-0.0027680802874118877,0.0013073377432852404,6.536688716426203,5
SOL,-1,2026-08-05 17:38:00+00:00,2026-08-05 17:39:00+00:00,2026-08-05 17:44:00+00:00,-0.0009394712119177306,-0.0021396563835771694,0.0012001851716594385,6.000925858297193,5
XRP,-1,2026-08-05 17:38:00+00:00,2026-08-05 17:39:00+00:00,2026-08-05 17:44:00+00:00,0.00018674136321195078,-0.0009618111781186116,0.0011485525413305624,5.742762706652812,5
ETH,-1,2026-08-05 17:51:00+00:00,2026-08-05 17:52:00+00:00,2026-08-05 17:57:00+00:00,-0.00013055307504705738,-0.0011389378876432632,0.0010083848125962058,5.041924062981029,5
ETH,-1,2026-08-05 18:04:00+00:00,2026-08-05 18:05:00+00:00,2026-08-05 18:10:00+00:00,0.0030783173948372156,0.0020699325822410098,0.0010083848125962058,5.041924062981029,5
ETH,-1,2026-08-05 18:20:00+00:00,2026-08-05 18:21:00+00:00,2026-08-05 18:26:00+00:00,0.0037177230504021885,0.0027093382378059827,0.0010083848125962058,5.041924062981029,5
SOL,-1,2026-08-05 18:20:00+00:00,2026-08-05 18:21:00+00:00,2026-08-05 18:26:00+00:00,0.003077334760502981,0.0018771495888435426,0.0012001851716594385,6.000925858297193,5
ADA,1,2026-08-05 19:43:00+00:00,2026-08-05 19:44:00+00:00,2026-08-05 19:49:00+00:00,0.002116402116402183,0.00011864706526741641,0.0019977550511347665,9.988775255673833,5
AVAX,-1,2026-08-05 20:20:00+00:00,2026-08-05 20:21:00+00:00,2026-08-05 20:26:00+00:00,0.001492760113449787,-4.938643548331825e-05,0.0015421465489331052,7.710732744665526,5
BTC,-1,2026-08-05 20:20:00+00:00,2026-08-05 20:21:00+00:00,2026-08-05 20:26:00+00:00,0.001012053900329657,9.462056732114461e-06,0.0010025918435975425,5.012959217987713,5
LINK,-1,2026-08-05 20:20:00+00:00,2026-08-05 20:21:00+00:00,2026-08-05 20:26:00+00:00,0.0019462352511859793,0.0006388975079007389,0.0013073377432852404,6.536688716426203,5
XRP,-1,2026-08-05 20:20:00+00:00,2026-08-05 20:21:00+00:00,2026-08-05 20:26:00+00:00,0.0009330969487730822,-0.0002154555925574801,0.0011485525413305624,5.742762706652812,5
ETH,1,2026-08-05 21:01:00+00:00,2026-08-05 21:02:00+00:00,2026-08-05 21:07:00+00:00,-0.00016751120231162098,-0.0011758960149078268,0.0010083848125962058,5.041924062981029,5
XRP,1,2026-08-05 21:26:00+00:00,2026-08-05 21:27:00+00:00,2026-08-05 21:32:00+00:00,0.0012221491021904285,7.359656085986614e-05,0.0011485525413305624,5.742762706652812,5
XRP,1,2026-08-06 01:57:00+00:00,2026-08-06 01:58:00+00:00,2026-08-06 02:03:00+00:00,-0.001516587677725112,-0.0026651402190556745,0.0011485525413305624,5.742762706652812,5
XRP,1,2026-08-06 02:08:00+00:00,2026-08-06 02:09:00+00:00,2026-08-06 02:14:00+00:00,0.0037231503579950864,0.002574597816664524,0.0011485525413305624,5.742762706652812,5
ETH,1,2026-08-06 02:14:00+00:00,2026-08-06 02:15:00+00:00,2026-08-06 02:20:00+00:00,-0.0035834195911118583,-0.004591804403708064,0.0010083848125962058,5.041924062981029,5
SOL,1,2026-08-06 02:14:00+00:00,2026-08-06 02:15:00+00:00,2026-08-06 02:20:00+00:00,-0.0017672648178357342,-0.002967449989495173,0.0012001851716594385,6.000925858297193,5
XRP,1,2026-08-06 02:19:00+00:00,2026-08-06 02:20:00+00:00,2026-08-06 02:25:00+00:00,9.584052137245891e-05,-0.0010527120199581034,0.0011485525413305624,5.742762706652812,5
ADA,1,2026-08-06 03:44:00+00:00,2026-08-06 03:45:00+00:00,2026-08-06 03:50:00+00:00,0.0037473233404712314,0.001749568289336465,0.0019977550511347665,9.988775255673833,5
XRP,1,2026-08-06 04:03:00+00:00,2026-08-06 04:04:00+00:00,2026-08-06 04:09:00+00:00,0.0037518037518038394,0.002603251210473277,0.0011485525413305624,5.742762706652812,5
ADA,1,2026-08-06 04:28:00+00:00,2026-08-06 04:29:00+00:00,2026-08-06 04:34:00+00:00,0.0015991471215353048,-0.0003986079295994617,0.0019977550511347665,9.988775255673833,5
BTC,-1,2026-08-06 05:05:00+00:00,2026-08-06 05:06:00+00:00,2026-08-06 05:11:00+00:00,-0.0007139343642976748,-0.0017165262078952172,0.0010025918435975425,5.012959217987713,5
SOL,-1,2026-08-06 05:05:00+00:00,2026-08-06 05:06:00+00:00,2026-08-06 05:11:00+00:00,-0.0005397382269600737,-0.0017399233986195122,0.0012001851716594385,6.000925858297193,5
LINK,1,2026-08-06 05:27:00+00:00,2026-08-06 05:28:00+00:00,2026-08-06 05:33:00+00:00,-0.0009763241396144595,-0.0022836618828996997,0.0013073377432852404,6.536688716426203,5
ADA,1,2026-08-06 07:08:00+00:00,2026-08-06 07:09:00+00:00,2026-08-06 07:14:00+00:00,-0.0005316321105793831,-0.0025293871617141496,0.0019977550511347665,9.988775255673833,5
DOT,1,2026-08-06 07:56:00+00:00,2026-08-06 07:57:00+00:00,2026-08-06 08:02:00+00:00,-0.002278450653555586,-0.004087785552028306,0.0018093348984727197,9.046674492363598,5
XRP,-1,2026-08-06 08:41:00+00:00,2026-08-06 08:42:00+00:00,2026-08-06 08:47:00+00:00,0.0006631299734749518,-0.0004854225678556105,0.0011485525413305624,5.742762706652812,5
LINK,1,2026-08-06 09:07:00+00:00,2026-08-06 09:08:00+00:00,2026-08-06 09:13:00+00:00,-0.0036850509765384842,-0.0049923887198237244,0.0013073377432852404,6.536688716426203,5
AVAX,1,2026-08-06 09:11:00+00:00,2026-08-06 09:12:00+00:00,2026-08-06 09:17:00+00:00,-0.0016561276723878748,-0.00319827422132098,0.0015421465489331052,7.710732744665526,5
AVAX,1,2026-08-06 09:30:00+00:00,2026-08-06 09:31:00+00:00,2026-08-06 09:36:00+00:00,0.002578492340361116,0.0010363457914280107,0.0015421465489331052,7.710732744665526,5
XRP,1,2026-08-06 09:40:00+00:00,2026-08-06 09:41:00+00:00,2026-08-06 09:46:00+00:00,-0.002487800210506097,-0.0036363527518366596,0.0011485525413305624,5.742762706652812,5
LINK,1,2026-08-06 09:44:00+00:00,2026-08-06 09:45:00+00:00,2026-08-06 09:50:00+00:00,0.002231589387552635,0.0009242516442673945,0.0013073377432852404,6.536688716426203,5
AVAX,1,2026-08-06 09:45:00+00:00,2026-08-06 09:46:00+00:00,2026-08-06 09:51:00+00:00,0.0018301052310507604,0.00028795868211765516,0.0015421465489331052,7.710732744665526,5
BNB,1,2026-08-06 09:45:00+00:00,2026-08-06 09:46:00+00:00,2026-08-06 09:51:00+00:00,0.0011802394199964539,-0.00011094497252039687,0.0012911843925168507,6.455921962584254,5
AVAX,1,2026-08-06 09:56:00+00:00,2026-08-06 09:57:00+00:00,2026-08-06 10:02:00+00:00,-0.007063882063881977,-0.008606028612815082,0.0015421465489331052,7.710732744665526,5
DOT,1,2026-08-06 10:00:00+00:00,2026-08-06 10:01:00+00:00,2026-08-06 10:06:00+00:00,0.0004846135207172697,-0.00132472137775545,0.0018093348984727197,9.046674492363598,5
AVAX,1,2026-08-06 10:03:00+00:00,2026-08-06 10:04:00+00:00,2026-08-06 10:09:00+00:00,-0.001405591129158168,-0.002947737678091273,0.0015421465489331052,7.710732744665526,5
BNB,1,2026-08-06 10:53:00+00:00,2026-08-06 10:54:00+00:00,2026-08-06 10:59:00+00:00,0.0,-0.0012911843925168507,0.0012911843925168507,6.455921962584254,5
LINK,-1,2026-08-06 11:15:00+00:00,2026-08-06 11:16:00+00:00,2026-08-06 11:21:00+00:00,-0.0001228803145736368,-0.0014302180578588772,0.0013073377432852404,6.536688716426203,5
ADA,-1,2026-08-06 11:33:00+00:00,2026-08-06 11:34:00+00:00,2026-08-06 11:39:00+00:00,-0.0010465724751438366,-0.003044327526278603,0.0019977550511347665,9.988775255673833,5
ADA,-1,2026-08-06 11:58:00+00:00,2026-08-06 11:59:00+00:00,2026-08-06 12:04:00+00:00,-0.0005202913631632278,-0.0025180464142979943,0.0019977550511347665,9.988775255673833,5
AVAX,1,2026-08-06 12:00:00+00:00,2026-08-06 12:01:00+00:00,2026-08-06 12:06:00+00:00,-0.0020246067590717898,-0.003566753308004895,0.0015421465489331052,7.710732744665526,5
XRP,1,2026-08-06 13:06:00+00:00,2026-08-06 13:07:00+00:00,2026-08-06 13:12:00+00:00,0.0007664303506418335,-0.00038212219068872884,0.0011485525413305624,5.742762706652812,5
BNB,1,2026-08-06 13:07:00+00:00,2026-08-06 13:08:00+00:00,2026-08-06 13:13:00+00:00,0.0011846336097478538,-0.00010655078276899693,0.0012911843925168507,6.455921962584254,5
DOT,-1,2026-08-06 13:46:00+00:00,2026-08-06 13:47:00+00:00,2026-08-06 13:52:00+00:00,0.0003667481662591454,-0.0014425867322135743,0.0018093348984727197,9.046674492363598,5
ADA,-1,2026-08-06 13:49:00+00:00,2026-08-06 13:50:00+00:00,2026-08-06 13:55:00+00:00,-0.005708354955889838,-0.007706110007024605,0.0019977550511347665,9.988775255673833,5
ADA,-1,2026-08-06 14:17:00+00:00,2026-08-06 14:18:00+00:00,2026-08-06 14:23:00+00:00,-0.005125576627370565,-0.007123331678505332,0.0019977550511347665,9.988775255673833,5
BTC,-1,2026-08-06 14:22:00+00:00,2026-08-06 14:23:00+00:00,2026-08-06 14:28:00+00:00,0.002305329059385408,0.0013027372157878656,0.0010025918435975425,5.012959217987713,5
ADA,-1,2026-08-06 14:29:00+00:00,2026-08-06 14:30:00+00:00,2026-08-06 14:35:00+00:00,0.0010178117048346147,-0.0009799433463001518,0.0019977550511347665,9.988775255673833,5
ADA,-1,2026-08-06 14:40:00+00:00,2026-08-06 14:41:00+00:00,2026-08-06 14:46:00+00:00,-0.021728145528044474,-0.02372590057917924,0.0019977550511347665,9.988775255673833,5
BTC,-1,2026-08-06 14:42:00+00:00,2026-08-06 14:43:00+00:00,2026-08-06 14:48:00+00:00,8.182358526254152e-05,-0.0009207682583350009,0.0010025918435975425,5.012959217987713,5
DOT,-1,2026-08-06 14:42:00+00:00,2026-08-06 14:43:00+00:00,2026-08-06 14:48:00+00:00,-0.0006093102607849232,-0.002418645159257643,0.0018093348984727197,9.046674492363598,5
ETH,-1,2026-08-06 14:42:00+00:00,2026-08-06 14:43:00+00:00,2026-08-06 14:48:00+00:00,0.002092574231592148,0.0010841894189959423,0.0010083848125962058,5.041924062981029,5
SOL,-1,2026-08-06 14:42:00+00:00,2026-08-06 14:43:00+00:00,2026-08-06 14:48:00+00:00,-0.0,-0.0012001851716594385,0.0012001851716594385,6.000925858297193,5
XRP,-1,2026-08-06 14:42:00+00:00,2026-08-06 14:43:00+00:00,2026-08-06 14:48:00+00:00,0.001050620821394399,-9.79317199361633e-05,0.0011485525413305624,5.742762706652812,5
ADA,1,2026-08-06 14:51:00+00:00,2026-08-06 14:52:00+00:00,2026-08-06 14:57:00+00:00,-0.0014955134596210673,-0.003493268510755834,0.0019977550511347665,9.988775255673833,5
DOT,-1,2026-08-06 14:56:00+00:00,2026-08-06 14:57:00+00:00,2026-08-06 15:02:00+00:00,0.0015828564470962148,-0.00022647845137650498,0.0018093348984727197,9.046674492363598,5
ADA,-1,2026-08-06 15:00:00+00:00,2026-08-06 15:01:00+00:00,2026-08-06 15:06:00+00:00,0.0009960159362549792,-0.0010017391148797873,0.0019977550511347665,9.988775255673833,5
ADA,-1,2026-08-06 15:09:00+00:00,2026-08-06 15:10:00+00:00,2026-08-06 15:15:00+00:00,-0.0024764735017335227,-0.00447422855286829,0.0019977550511347665,9.988775255673833,5
ADA,1,2026-08-06 15:17:00+00:00,2026-08-06 15:18:00+00:00,2026-08-06 15:23:00+00:00,-0.000987166831194486,-0.0029849218823292524,0.0019977550511347665,9.988775255673833,5
BTC,1,2026-08-06 15:19:00+00:00,2026-08-06 15:20:00+00:00,2026-08-06 15:25:00+00:00,0.0009859189753860242,-1.6672868211518215e-05,0.0010025918435975425,5.012959217987713,5
ADA,-1,2026-08-06 15:30:00+00:00,2026-08-06 15:31:00+00:00,2026-08-06 15:36:00+00:00,-0.01123046875,-0.013228223801134767,0.0019977550511347665,9.988775255673833,5
ADA,-1,2026-08-06 15:40:00+00:00,2026-08-06 15:41:00+00:00,2026-08-06 15:46:00+00:00,-0.0019147917663955294,-0.003912546817530296,0.0019977550511347665,9.988775255673833,5
XRP,-1,2026-08-06 15:46:00+00:00,2026-08-06 15:47:00+00:00,2026-08-06 15:52:00+00:00,0.00038033659788927476,-0.0007682159434412876,0.0011485525413305624,5.742762706652812,5
ADA,1,2026-08-06 15:52:00+00:00,2026-08-06 15:53:00+00:00,2026-08-06 15:58:00+00:00,-0.0028639618138424083,-0.004861716864977175,0.0019977550511347665,9.988775255673833,5
ADA,1,2026-08-06 16:03:00+00:00,2026-08-06 16:04:00+00:00,2026-08-06 16:09:00+00:00,-0.0004840271055179812,-0.0024817821566527477,0.0019977550511347665,9.988775255673833,5
ADA,1,2026-08-06 16:12:00+00:00,2026-08-06 16:13:00+00:00,2026-08-06 16:18:00+00:00,-0.003421309872922773,-0.00541906492405754,0.0019977550511347665,9.988775255673833,5
XRP,1,2026-08-06 16:13:00+00:00,2026-08-06 16:14:00+00:00,2026-08-06 16:19:00+00:00,0.0009579461634254827,-0.0001906063779050797,0.0011485525413305624,5.742762706652812,5
ADA,-1,2026-08-06 16:19:00+00:00,2026-08-06 16:20:00+00:00,2026-08-06 16:25:00+00:00,-0.004373177842565523,-0.00637093289370029,0.0019977550511347665,9.988775255673833,5
LINK,-1,2026-08-06 17:05:00+00:00,2026-08-06 17:06:00+00:00,2026-08-06 17:11:00+00:00,0.001207000603500319,-0.00010033713978492152,0.0013073377432852404,6.536688716426203,5
LINK,-1,2026-08-06 17:31:00+00:00,2026-08-06 17:32:00+00:00,2026-08-06 17:37:00+00:00,0.0014426544842510713,0.00013531674096583092,0.0013073377432852404,6.536688716426203,5
XRP,1,2026-08-06 18:01:00+00:00,2026-08-06 18:02:00+00:00,2026-08-06 18:07:00+00:00,9.63298333493956e-05,-0.0010522227079811668,0.0011485525413305624,5.742762706652812,5
LINK,1,2026-08-06 19:33:00+00:00,2026-08-06 19:34:00+00:00,2026-08-06 19:39:00+00:00,0.0009759668171283042,-0.0003313709261569362,0.0013073377432852404,6.536688716426203,5
XRP,1,2026-08-06 19:59:00+00:00,2026-08-06 20:00:00+00:00,2026-08-06 20:05:00+00:00,0.0020301624129930307,0.0008816098716624683,0.0011485525413305624,5.742762706652812,5
SOL,-1,2026-08-06 21:36:00+00:00,2026-08-06 21:37:00+00:00,2026-08-06 21:42:00+00:00,-0.00013717421124814777,-0.0013373593829075863,0.0012001851716594385,6.000925858297193,5
BNB,-1,2026-08-07 02:15:00+00:00,2026-08-07 02:16:00+00:00,2026-08-07 02:21:00+00:00,0.001179046656560656,-0.00011213773595619464,0.0012911843925168507,6.455921962584254,5
BTC,-1,2026-08-07 02:15:00+00:00,2026-08-07 02:16:00+00:00,2026-08-07 02:21:00+00:00,0.0014408752580468143,0.0004382834144492718,0.0010025918435975425,5.012959217987713,5
DOT,-1,2026-08-07 02:15:00+00:00,2026-08-07 02:16:00+00:00,2026-08-07 02:21:00+00:00,0.0006093845216331717,-0.001199950376839548,0.0018093348984727197,9.046674492363598,5
ETH,-1,2026-08-07 02:15:00+00:00,2026-08-07 02:16:00+00:00,2026-08-07 02:21:00+00:00,0.0017468852459016082,0.0007385004333054024,0.0010083848125962058,5.041924062981029,5
LINK,-1,2026-08-07 02:15:00+00:00,2026-08-07 02:16:00+00:00,2026-08-07 02:21:00+00:00,0.0019436345966957758,0.0006362968534105353,0.0013073377432852404,6.536688716426203,5
SOL,-1,2026-08-07 02:15:00+00:00,2026-08-07 02:16:00+00:00,2026-08-07 02:21:00+00:00,0.0026070252469813093,0.0014068400753218708,0.0012001851716594385,6.000925858297193,5
XRP,1,2026-08-07 02:37:00+00:00,2026-08-07 02:38:00+00:00,2026-08-07 02:43:00+00:00,-0.0005833171300796414,-0.0017318696714102037,0.0011485525413305624,5.742762706652812,5
BTC,-1,2026-08-07 02:41:00+00:00,2026-08-07 02:42:00+00:00,2026-08-07 02:47:00+00:00,-0.00039458149505988693,-0.0013971733386574294,0.0010025918435975425,5.012959217987713,5
XRP,1,2026-08-07 03:51:00+00:00,2026-08-07 03:52:00+00:00,2026-08-07 03:57:00+00:00,-0.003226121810538496,-0.0043746743518690585,0.0011485525413305624,5.742762706652812,5
LINK,1,2026-08-07 03:53:00+00:00,2026-08-07 03:54:00+00:00,2026-08-07 03:59:00+00:00,-0.0008594229588704261,-0.0021667607021556663,0.0013073377432852404,6.536688716426203,5
BNB,1,2026-08-07 04:26:00+00:00,2026-08-07 04:27:00+00:00,2026-08-07 04:32:00+00:00,-0.0003397893306150701,-0.0016309737231319209,0.0012911843925168507,6.455921962584254,5
BNB,1,2026-08-07 04:37:00+00:00,2026-08-07 04:38:00+00:00,2026-08-07 04:43:00+00:00,-0.0005099439061702071,-0.0018011282986870579,0.0012911843925168507,6.455921962584254,5
XRP,1,2026-08-07 04:49:00+00:00,2026-08-07 04:50:00+00:00,2026-08-07 04:55:00+00:00,0.0004898119122258571,-0.0006587406291047053,0.0011485525413305624,5.742762706652812,5
DOT,1,2026-08-07 05:23:00+00:00,2026-08-07 05:24:00+00:00,2026-08-07 05:29:00+00:00,-0.0002460024600245969,-0.002055337358497317,0.0018093348984727197,9.046674492363598,5
SOL,-1,2026-08-07 05:35:00+00:00,2026-08-07 05:36:00+00:00,2026-08-07 05:41:00+00:00,-0.0005510400881663102,-0.0017512252598257487,0.0012001851716594385,6.000925858297193,5
XRP,-1,2026-08-07 05:35:00+00:00,2026-08-07 05:36:00+00:00,2026-08-07 05:41:00+00:00,-9.831874938570628e-05,-0.0012468712907162686,0.0011485525413305624,5.742762706652812,5
SOL,-1,2026-08-07 05:50:00+00:00,2026-08-07 05:51:00+00:00,2026-08-07 05:56:00+00:00,-0.0,-0.0012001851716594385,0.0012001851716594385,6.000925858297193,5
BTC,-1,2026-08-07 07:21:00+00:00,2026-08-07 07:22:00+00:00,2026-08-07 07:27:00+00:00,0.00028110697129768436,-0.0007214848722998581,0.0010025918435975425,5.012959217987713,5
BTC,-1,2026-08-07 08:42:00+00:00,2026-08-07 08:43:00+00:00,2026-08-07 08:48:00+00:00,0.00015639541095602283,-0.0008461964326415196,0.0010025918435975425,5.012959217987713,5
ETH,-1,2026-08-07 08:42:00+00:00,2026-08-07 08:43:00+00:00,2026-08-07 08:48:00+00:00,0.0014021209695562753,0.0003937361569600695,0.0010083848125962058,5.041924062981029,5
SOL,-1,2026-08-07 08:42:00+00:00,2026-08-07 08:43:00+00:00,2026-08-07 08:48:00+00:00,-0.00041028446389490547,-0.001610469635554344,0.0012001851716594385,6.000925858297193,5
SOL,-1,2026-08-07 09:03:00+00:00,2026-08-07 09:04:00+00:00,2026-08-07 09:09:00+00:00,0.0006821282401090478,-0.0005180569315503907,0.0012001851716594385,6.000925858297193,5
ETH,-1,2026-08-07 09:11:00+00:00,2026-08-07 09:12:00+00:00,2026-08-07 09:17:00+00:00,0.0013483498392955484,0.0003399650266993426,0.0010083848125962058,5.041924062981029,5
ETH,-1,2026-08-07 09:31:00+00:00,2026-08-07 09:32:00+00:00,2026-08-07 09:37:00+00:00,-0.0004180820486019421,-0.0014264668611981479,0.0010083848125962058,5.041924062981029,5
BTC,-1,2026-08-07 11:22:00+00:00,2026-08-07 11:23:00+00:00,2026-08-07 11:28:00+00:00,0.000620312152129987,-0.00038227969146755543,0.0010025918435975425,5.012959217987713,5
ETH,-1,2026-08-07 11:22:00+00:00,2026-08-07 11:23:00+00:00,2026-08-07 11:28:00+00:00,0.0013805894335415791,0.00037220462094537336,0.0010083848125962058,5.041924062981029,5
ETH,-1,2026-08-07 12:07:00+00:00,2026-08-07 12:08:00+00:00,2026-08-07 12:13:00+00:00,-0.006106759048302601,-0.007115143860898807,0.0010083848125962058,5.041924062981029,5
SOL,-1,2026-08-07 12:10:00+00:00,2026-08-07 12:11:00+00:00,2026-08-07 12:16:00+00:00,0.0009463295930781657,-0.00025385557858127283,0.0012001851716594385,6.000925858297193,5
ETH,-1,2026-08-07 12:26:00+00:00,2026-08-07 12:27:00+00:00,2026-08-07 12:32:00+00:00,7.770410277663231e-05,-0.0009306807098195735,0.0010083848125962058,5.041924062981029,5
BTC,1,2026-08-07 12:30:00+00:00,2026-08-07 12:31:00+00:00,2026-08-07 12:36:00+00:00,0.0006322289068592113,-0.00037036293673833117,0.0010025918435975425,5.012959217987713,5
AVAX,1,2026-08-07 12:34:00+00:00,2026-08-07 12:35:00+00:00,2026-08-07 12:40:00+00:00,0.0003094059405939209,-0.0012327406083391843,0.0015421465489331052,7.710732744665526,5
ETH,1,2026-08-07 12:34:00+00:00,2026-08-07 12:35:00+00:00,2026-08-07 12:40:00+00:00,0.003387273011082881,0.002378888198486675,0.0010083848125962058,5.041924062981029,5
LINK,1,2026-08-07 12:34:00+00:00,2026-08-07 12:35:00+00:00,2026-08-07 12:40:00+00:00,0.001825261620832297,0.0005179238775470565,0.0013073377432852404,6.536688716426203,5
BNB,-1,2026-08-07 12:35:00+00:00,2026-08-07 12:36:00+00:00,2026-08-07 12:41:00+00:00,-0.0001691474966170059,-0.0014603318891338566,0.0012911843925168507,6.455921962584254,5
XRP,1,2026-08-07 13:12:00+00:00,2026-08-07 13:13:00+00:00,2026-08-07 13:18:00+00:00,0.00028918449971082616,-0.0008593680416197362,0.0011485525413305624,5.742762706652812,5
ETH,1,2026-08-07 13:36:00+00:00,2026-08-07 13:37:00+00:00,2026-08-07 13:42:00+00:00,0.001058305362599432,4.9920550003226295e-05,0.0010083848125962058,5.041924062981029,5
LINK,1,2026-08-07 13:36:00+00:00,2026-08-07 13:37:00+00:00,2026-08-07 13:42:00+00:00,0.001933067536546984,0.0006257297932617436,0.0013073377432852404,6.536688716426203,5
SOL,-1,2026-08-07 13:47:00+00:00,2026-08-07 13:48:00+00:00,2026-08-07 13:53:00+00:00,-0.001348072256672772,-0.002548257428332211,0.0012001851716594385,6.000925858297193,5
BTC,1,2026-08-07 13:51:00+00:00,2026-08-07 13:52:00+00:00,2026-08-07 13:57:00+00:00,-0.0017307202068879146,-0.002733312050485457,0.0010025918435975425,5.012959217987713,5
DOT,1,2026-08-07 14:01:00+00:00,2026-08-07 14:02:00+00:00,2026-08-07 14:07:00+00:00,-0.0012304663467453958,-0.0030398012452181157,0.0018093348984727197,9.046674492363598,5
LINK,-1,2026-08-07 14:02:00+00:00,2026-08-07 14:03:00+00:00,2026-08-07 14:08:00+00:00,0.004948105237750466,0.003640767494465226,0.0013073377432852404,6.536688716426203,5
AVAX,1,2026-08-07 14:03:00+00:00,2026-08-07 14:04:00+00:00,2026-08-07 14:09:00+00:00,-0.0012368583797155441,-0.002779004928648649,0.0015421465489331052,7.710732744665526,5
BTC,1,2026-08-07 14:03:00+00:00,2026-08-07 14:04:00+00:00,2026-08-07 14:09:00+00:00,-0.0014409443964985558,-0.002443536240096098,0.0010025918435975425,5.012959217987713,5
ETH,1,2026-08-07 14:03:00+00:00,2026-08-07 14:04:00+00:00,2026-08-07 14:09:00+00:00,-0.0025296253025118842,-0.00353801011510809,0.0010083848125962058,5.041924062981029,5
SOL,1,2026-08-07 14:03:00+00:00,2026-08-07 14:04:00+00:00,2026-08-07 14:09:00+00:00,-0.0020281233098971008,-0.0032283084815565395,0.0012001851716594385,6.000925858297193,5
XRP,1,2026-08-07 14:03:00+00:00,2026-08-07 14:04:00+00:00,2026-08-07 14:09:00+00:00,-0.0030018398373194977,-0.00415039237865006,0.0011485525413305624,5.742762706652812,5
DOT,1,2026-08-07 14:12:00+00:00,2026-08-07 14:13:00+00:00,2026-08-07 14:18:00+00:00,0.00111358574610243,-0.0006957491523702896,0.0018093348984727197,9.046674492363598,5
AVAX,1,2026-08-07 14:14:00+00:00,2026-08-07 14:15:00+00:00,2026-08-07 14:20:00+00:00,0.0034172103137619647,0.0018750637648288595,0.0015421465489331052,7.710732744665526,5
DOT,1,2026-08-07 14:39:00+00:00,2026-08-07 14:40:00+00:00,2026-08-07 14:45:00+00:00,-0.0007418397626112183,-0.0025511746610839383,0.0018093348984727197,9.046674492363598,5
AVAX,1,2026-08-07 14:51:00+00:00,2026-08-07 14:52:00+00:00,2026-08-07 14:57:00+00:00,0.001403618215845448,-0.00013852833308765724,0.0015421465489331052,7.710732744665526,5
DOT,1,2026-08-07 14:51:00+00:00,2026-08-07 14:52:00+00:00,2026-08-07 14:57:00+00:00,-0.0007439553626783502,-0.00255329026115107,0.0018093348984727197,9.046674492363598,5
ETH,1,2026-08-07 14:51:00+00:00,2026-08-07 14:52:00+00:00,2026-08-07 14:57:00+00:00,0.00028229094787035613,-0.0007260938647258497,0.0010083848125962058,5.041924062981029,5
LINK,1,2026-08-07 14:51:00+00:00,2026-08-07 14:52:00+00:00,2026-08-07 14:57:00+00:00,0.0004866772113396589,-0.0008206605319455815,0.0013073377432852404,6.536688716426203,5
SOL,1,2026-08-07 14:51:00+00:00,2026-08-07 14:52:00+00:00,2026-08-07 14:57:00+00:00,0.0008151066431192344,-0.0003850785285402041,0.0012001851716594385,6.000925858297193,5
AVAX,-1,2026-08-07 15:09:00+00:00,2026-08-07 15:10:00+00:00,2026-08-07 15:15:00+00:00,0.0017072792177555973,0.0001651326688224921,0.0015421465489331052,7.710732744665526,5
ETH,1,2026-08-07 16:23:00+00:00,2026-08-07 16:24:00+00:00,2026-08-07 16:29:00+00:00,0.0005593016569966913,-0.00044908315559951447,0.0010083848125962058,5.041924062981029,5
XRP,1,2026-08-07 16:58:00+00:00,2026-08-07 16:59:00+00:00,2026-08-07 17:04:00+00:00,0.00029530465596994127,-0.0008532478853606211,0.0011485525413305624,5.742762706652812,5
AVAX,1,2026-08-07 17:02:00+00:00,2026-08-07 17:03:00+00:00,2026-08-07 17:08:00+00:00,-0.0012521521364845523,-0.0027942986854176573,0.0015421465489331052,7.710732744665526,5
DOT,-1,2026-08-07 17:16:00+00:00,2026-08-07 17:17:00+00:00,2026-08-07 17:22:00+00:00,0.002362596369062442,0.0005532614705897221,0.0018093348984727197,9.046674492363598,5
DOT,-1,2026-08-07 18:04:00+00:00,2026-08-07 18:05:00+00:00,2026-08-07 18:10:00+00:00,0.0006195019204560115,-0.0011898329780167082,0.0018093348984727197,9.046674492363598,5
ADA,1,2026-08-07 18:14:00+00:00,2026-08-07 18:15:00+00:00,2026-08-07 18:20:00+00:00,0.0025239777889953796,0.0005262227378606131,0.0019977550511347665,9.988775255673833,5
XRP,1,2026-08-07 21:32:00+00:00,2026-08-07 21:33:00+00:00,2026-08-07 21:38:00+00:00,9.778994719344958e-05,-0.0010507625941371128,0.0011485525413305624,5.742762706652812,5
DOT,-1,2026-08-07 23:52:00+00:00,2026-08-07 23:53:00+00:00,2026-08-07 23:58:00+00:00,-0.0001222493887531595,-0.0019315842872258792,0.0018093348984727197,9.046674492363598,5
AVAX,-1,2026-08-08 01:31:00+00:00,2026-08-08 01:32:00+00:00,2026-08-08 01:37:00+00:00,-0.0009264978381717803,-0.0024686443871048853,0.0015421465489331052,7.710732744665526,5
XRP,-1,2026-08-08 01:35:00+00:00,2026-08-08 01:36:00+00:00,2026-08-08 01:41:00+00:00,-0.00038876470016546705,-0.0015373172414960294,0.0011485525413305624,5.742762706652812,5
AVAX,-1,2026-08-08 01:40:00+00:00,2026-08-08 01:41:00+00:00,2026-08-08 01:46:00+00:00,-0.007521105141980122,-0.009063251690913227,0.0015421465489331052,7.710732744665526,5
AVAX,1,2026-08-08 01:52:00+00:00,2026-08-08 01:53:00+00:00,2026-08-08 01:58:00+00:00,0.0004581551618814128,-0.0010839913870516924,0.0015421465489331052,7.710732744665526,5
AVAX,1,2026-08-08 02:05:00+00:00,2026-08-08 02:06:00+00:00,2026-08-08 02:11:00+00:00,0.0009182736455464191,-0.0006238729033866861,0.0015421465489331052,7.710732744665526,5
AVAX,1,2026-08-08 02:23:00+00:00,2026-08-08 02:24:00+00:00,2026-08-08 02:29:00+00:00,0.0012260536398467359,-0.00031609290908636936,0.0015421465489331052,7.710732744665526,5
ADA,1,2026-08-08 02:31:00+00:00,2026-08-08 02:32:00+00:00,2026-08-08 02:37:00+00:00,-0.0009990009990008542,-0.0029967560501356206,0.0019977550511347665,9.988775255673833,5
LINK,-1,2026-08-08 03:19:00+00:00,2026-08-08 03:20:00+00:00,2026-08-08 03:25:00+00:00,0.00012171372930858126,-0.0011856240139766592,0.0013073377432852404,6.536688716426203,5
SOL,-1,2026-08-08 03:26:00+00:00,2026-08-08 03:27:00+00:00,2026-08-08 03:32:00+00:00,-0.0020229265003370855,-0.0032231116719965243,0.0012001851716594385,6.000925858297193,5
XRP,-1,2026-08-08 03:29:00+00:00,2026-08-08 03:30:00+00:00,2026-08-08 03:35:00+00:00,-0.002511591962905957,-0.0036601445042365194,0.0011485525413305624,5.742762706652812,5
ADA,-1,2026-08-08 03:31:00+00:00,2026-08-08 03:32:00+00:00,2026-08-08 03:37:00+00:00,-0.0014873574615767993,-0.0034851125127115658,0.0019977550511347665,9.988775255673833,5
DOT,-1,2026-08-08 03:32:00+00:00,2026-08-08 03:33:00+00:00,2026-08-08 03:38:00+00:00,-0.0,-0.0018093348984727197,0.0018093348984727197,9.046674492363598,5
SOL,-1,2026-08-08 03:33:00+00:00,2026-08-08 03:34:00+00:00,2026-08-08 03:39:00+00:00,0.0010752688172044333,-0.00012491635445500515,0.0012001851716594385,6.000925858297193,5
DOT,-1,2026-08-08 03:48:00+00:00,2026-08-08 03:49:00+00:00,2026-08-08 03:54:00+00:00,0.0013310745401742263,-0.0004782603582984934,0.0018093348984727197,9.046674492363598,5
SOL,-1,2026-08-08 03:55:00+00:00,2026-08-08 03:56:00+00:00,2026-08-08 04:01:00+00:00,-0.0020072260136489994,-0.003207411185308438,0.0012001851716594385,6.000925858297193,5
DOT,1,2026-08-08 03:57:00+00:00,2026-08-08 03:58:00+00:00,2026-08-08 04:03:00+00:00,-0.00012137395314959498,-0.0019307088516223147,0.0018093348984727197,9.046674492363598,5
AVAX,-1,2026-08-08 04:00:00+00:00,2026-08-08 04:01:00+00:00,2026-08-08 04:06:00+00:00,0.0007652280379553122,-0.000776918510977793,0.0015421465489331052,7.710732744665526,5
SOL,1,2026-08-08 04:04:00+00:00,2026-08-08 04:05:00+00:00,2026-08-08 04:10:00+00:00,-0.0037383177570093906,-0.004938502928668829,0.0012001851716594385,6.000925858297193,5
LINK,1,2026-08-08 05:03:00+00:00,2026-08-08 05:04:00+00:00,2026-08-08 05:09:00+00:00,0.00012115338017948396,-0.0011861843631057565,0.0013073377432852404,6.536688716426203,5
DOT,1,2026-08-08 07:29:00+00:00,2026-08-08 07:30:00+00:00,2026-08-08 07:35:00+00:00,0.0006123698714022296,-0.00119696502707049,0.0018093348984727197,9.046674492363598,5
ETH,-1,2026-08-08 09:30:00+00:00,2026-08-08 09:31:00+00:00,2026-08-08 09:36:00+00:00,0.0006614273289272665,-0.00034695748366893927,0.0010083848125962058,5.041924062981029,5
LINK,-1,2026-08-08 09:30:00+00:00,2026-08-08 09:31:00+00:00,2026-08-08 09:36:00+00:00,0.0010844680081938396,-0.00022286973509140083,0.0013073377432852404,6.536688716426203,5
SOL,-1,2026-08-08 11:10:00+00:00,2026-08-08 11:11:00+00:00,2026-08-08 11:16:00+00:00,-0.000929985385944132,-0.0021301705576035708,0.0012001851716594385,6.000925858297193,5
DOT,-1,2026-08-08 12:04:00+00:00,2026-08-08 12:05:00+00:00,2026-08-08 12:10:00+00:00,0.0014594989053758889,-0.00034983599309683085,0.0018093348984727197,9.046674492363598,5
DOT,-1,2026-08-08 12:13:00+00:00,2026-08-08 12:14:00+00:00,2026-08-08 12:19:00+00:00,0.0004872107186357777,-0.001322124179836942,0.0018093348984727197,9.046674492363598,5
DOT,1,2026-08-08 13:44:00+00:00,2026-08-08 13:45:00+00:00,2026-08-08 13:50:00+00:00,0.000614401572868184,-0.0011949333256045358,0.0018093348984727197,9.046674492363598,5
BNB,-1,2026-08-08 13:55:00+00:00,2026-08-08 13:56:00+00:00,2026-08-08 14:01:00+00:00,0.0008354218880535225,-0.0004557625044633283,0.0012911843925168507,6.455921962584254,5
DOT,1,2026-08-08 14:02:00+00:00,2026-08-08 14:03:00+00:00,2026-08-08 14:08:00+00:00,0.0004914608674284615,-0.0013178740310442582,0.0018093348984727197,9.046674492363598,5
BNB,-1,2026-08-08 14:21:00+00:00,2026-08-08 14:22:00+00:00,2026-08-08 14:27:00+00:00,-0.006974427100630898,-0.00826561149314775,0.0012911843925168507,6.455921962584254,5
BTC,-1,2026-08-08 14:23:00+00:00,2026-08-08 14:24:00+00:00,2026-08-08 14:29:00+00:00,-0.00012751966568336215,-0.0011301115092809046,0.0010025918435975425,5.012959217987713,5
BNB,-1,2026-08-08 14:28:00+00:00,2026-08-08 14:29:00+00:00,2026-08-08 14:34:00+00:00,-0.0032954358213874713,-0.004586620213904322,0.0012911843925168507,6.455921962584254,5
SOL,-1,2026-08-08 14:34:00+00:00,2026-08-08 14:35:00+00:00,2026-08-08 14:40:00+00:00,0.0006578081831339899,-0.0005423769885254486,0.0012001851716594385,6.000925858297193,5
BNB,1,2026-08-08 14:35:00+00:00,2026-08-08 14:36:00+00:00,2026-08-08 14:41:00+00:00,-0.0018041659832704893,-0.00309535037578734,0.0012911843925168507,6.455921962584254,5
BNB,1,2026-08-08 14:45:00+00:00,2026-08-08 14:46:00+00:00,2026-08-08 14:51:00+00:00,0.0018077239112572752,0.0005165395187404244,0.0012911843925168507,6.455921962584254,5
SOL,-1,2026-08-08 14:51:00+00:00,2026-08-08 14:52:00+00:00,2026-08-08 14:57:00+00:00,-0.00433298319327724,-0.005533168364936679,0.0012001851716594385,6.000925858297193,5
BNB,1,2026-08-08 14:58:00+00:00,2026-08-08 14:59:00+00:00,2026-08-08 15:04:00+00:00,0.006652253450856405,0.005361069058339554,0.0012911843925168507,6.455921962584254,5
SOL,-1,2026-08-08 15:00:00+00:00,2026-08-08 15:01:00+00:00,2026-08-08 15:06:00+00:00,0.002088500195796872,0.0008883150241374334,0.0012001851716594385,6.000925858297193,5
LINK,-1,2026-08-08 15:11:00+00:00,2026-08-08 15:12:00+00:00,2026-08-08 15:17:00+00:00,0.0014312977099236734,0.00012395996663843302,0.0013073377432852404,6.536688716426203,5
SOL,-1,2026-08-08 15:14:00+00:00,2026-08-08 15:15:00+00:00,2026-08-08 15:20:00+00:00,0.0007829831658620057,-0.00041720200579743283,0.0012001851716594385,6.000925858297193,5
LINK,1,2026-08-08 15:21:00+00:00,2026-08-08 15:22:00+00:00,2026-08-08 15:27:00+00:00,-0.0015563270681192565,-0.0028636648114044967,0.0013073377432852404,6.536688716426203,5
BNB,-1,2026-08-08 16:04:00+00:00,2026-08-08 16:05:00+00:00,2026-08-08 16:10:00+00:00,-0.0011560693641619046,-0.002447253756678755,0.0012911843925168507,6.455921962584254,5
ETH,1,2026-08-08 18:19:00+00:00,2026-08-08 18:20:00+00:00,2026-08-08 18:25:00+00:00,-0.0003802994467424492,-0.001388684259338655,0.0010083848125962058,5.041924062981029,5
DOT,-1,2026-08-08 19:00:00+00:00,2026-08-08 19:01:00+00:00,2026-08-08 19:06:00+00:00,-0.0,-0.0018093348984727197,0.0018093348984727197,9.046674492363598,5
AVAX,1,2026-08-08 22:01:00+00:00,2026-08-08 22:02:00+00:00,2026-08-08 22:07:00+00:00,-0.0010785824345147521,-0.002620728983447857,0.0015421465489331052,7.710732744665526,5
BNB,1,2026-08-08 22:12:00+00:00,2026-08-08 22:13:00+00:00,2026-08-08 22:18:00+00:00,-0.00016680567139282232,-0.001457990063909673,0.0012911843925168507,6.455921962584254,5
ADA,1,2026-08-08 22:36:00+00:00,2026-08-08 22:37:00+00:00,2026-08-08 22:42:00+00:00,-0.0010101010101010166,-0.003007856061235783,0.0019977550511347665,9.988775255673833,5
ETH,1,2026-08-08 22:56:00+00:00,2026-08-08 22:57:00+00:00,2026-08-08 23:02:00+00:00,-3.131524008348485e-05,-0.0010397000526796906,0.0010083848125962058,5.041924062981029,5
LINK,1,2026-08-08 22:56:00+00:00,2026-08-08 22:57:00+00:00,2026-08-08 23:02:00+00:00,0.00012054001928651914,-0.0011867977239987213,0.0013073377432852404,6.536688716426203,5
SOL,1,2026-08-08 22:56:00+00:00,2026-08-08 22:57:00+00:00,2026-08-08 23:02:00+00:00,0.0007913479293062409,-0.0004088372423531976,0.0012001851716594385,6.000925858297193,5
ETH,1,2026-08-08 23:57:00+00:00,2026-08-08 23:58:00+00:00,2026-08-09 00:03:00+00:00,-3.652968036527149e-05,-0.0010449144929614773,0.0010083848125962058,5.041924062981029,5
ETH,-1,2026-08-09 00:10:00+00:00,2026-08-09 00:11:00+00:00,2026-08-09 00:16:00+00:00,-0.00018775620899336154,-0.0011961410215895673,0.0010083848125962058,5.041924062981029,5
BNB,-1,2026-08-09 00:41:00+00:00,2026-08-09 00:42:00+00:00,2026-08-09 00:47:00+00:00,-0.0004975949577046279,-0.0017887793502214787,0.0012911843925168507,6.455921962584254,5
XRP,1,2026-08-09 01:03:00+00:00,2026-08-09 01:04:00+00:00,2026-08-09 01:09:00+00:00,-0.0003850596842510656,-0.001533612225581628,0.0011485525413305624,5.742762706652812,5
BTC,1,2026-08-09 01:22:00+00:00,2026-08-09 01:23:00+00:00,2026-08-09 01:28:00+00:00,-0.0006409357662187087,-0.0016435276098162512,0.0010025918435975425,5.012959217987713,5
ETH,1,2026-08-09 01:28:00+00:00,2026-08-09 01:29:00+00:00,2026-08-09 01:34:00+00:00,0.00033431363842950645,-0.0006740711741666993,0.0010083848125962058,5.041924062981029,5
XRP,1,2026-08-09 01:28:00+00:00,2026-08-09 01:29:00+00:00,2026-08-09 01:34:00+00:00,0.0007724990343760396,-0.00037605350695452274,0.0011485525413305624,5.742762706652812,5
BTC,1,2026-08-09 02:06:00+00:00,2026-08-09 02:07:00+00:00,2026-08-09 02:12:00+00:00,0.0006683656222359335,-0.0003342262213616089,0.0010025918435975425,5.012959217987713,5
BTC,1,2026-08-09 02:43:00+00:00,2026-08-09 02:44:00+00:00,2026-08-09 02:49:00+00:00,-0.00014050885823424508,-0.0011431007018317875,0.0010025918435975425,5.012959217987713,5
ETH,-1,2026-08-09 02:55:00+00:00,2026-08-09 02:56:00+00:00,2026-08-09 03:01:00+00:00,0.0003968896385693199,-0.0006114951740268859,0.0010083848125962058,5.041924062981029,5
BTC,1,2026-08-09 03:13:00+00:00,2026-08-09 03:14:00+00:00,2026-08-09 03:19:00+00:00,7.88034240859492e-05,-0.0009237884195115933,0.0010025918435975425,5.012959217987713,5
ADA,-1,2026-08-09 05:55:00+00:00,2026-08-09 05:56:00+00:00,2026-08-09 06:01:00+00:00,-0.0005050505050503418,-0.0025028055561851083,0.0019977550511347665,9.988775255673833,5
ADA,-1,2026-08-09 06:06:00+00:00,2026-08-09 06:07:00+00:00,2026-08-09 06:12:00+00:00,0.001006036217303885,-0.0009917188338308815,0.0019977550511347665,9.988775255673833,5
AVAX,1,2026-08-09 06:08:00+00:00,2026-08-09 06:09:00+00:00,2026-08-09 06:14:00+00:00,0.0004646840148698761,-0.0010774625340632291,0.0015421465489331052,7.710732744665526,5
XRP,-1,2026-08-09 06:42:00+00:00,2026-08-09 06:43:00+00:00,2026-08-09 06:48:00+00:00,0.00019217834150087043,-0.0009563741998296919,0.0011485525413305624,5.742762706652812,5
XRP,1,2026-08-09 07:06:00+00:00,2026-08-09 07:07:00+00:00,2026-08-09 07:12:00+00:00,-0.0006738544474392816,-0.001822406988769844,0.0011485525413305624,5.742762706652812,5
LINK,-1,2026-08-09 07:09:00+00:00,2026-08-09 07:10:00+00:00,2026-08-09 07:15:00+00:00,-0.0005994485073732569,-0.0019067862506584974,0.0013073377432852404,6.536688716426203,5
AVAX,-1,2026-08-09 08:04:00+00:00,2026-08-09 08:05:00+00:00,2026-08-09 08:10:00+00:00,0.0015398829688942905,-2.2635800388146835e-06,0.0015421465489331052,7.710732744665526,5
BTC,-1,2026-08-09 08:04:00+00:00,2026-08-09 08:05:00+00:00,2026-08-09 08:10:00+00:00,8.475425119613966e-05,-0.0009178375924014028,0.0010025918435975425,5.012959217987713,5
ETH,-1,2026-08-09 08:04:00+00:00,2026-08-09 08:05:00+00:00,2026-08-09 08:10:00+00:00,0.0006291597337770849,-0.0003792250788191209,0.0010083848125962058,5.041924062981029,5
BTC,1,2026-08-09 08:39:00+00:00,2026-08-09 08:40:00+00:00,2026-08-09 08:45:00+00:00,-0.0008887517358432406,-0.001891343579440783,0.0010025918435975425,5.012959217987713,5
ETH,1,2026-08-09 08:39:00+00:00,2026-08-09 08:40:00+00:00,2026-08-09 08:45:00+00:00,-0.0016379332829086213,-0.002646318095504827,0.0010083848125962058,5.041924062981029,5
XRP,1,2026-08-09 08:39:00+00:00,2026-08-09 08:40:00+00:00,2026-08-09 08:45:00+00:00,-0.0019361084220715918,-0.0030846609634021544,0.0011485525413305624,5.742762706652812,5
XRP,-1,2026-08-09 08:46:00+00:00,2026-08-09 08:47:00+00:00,2026-08-09 08:52:00+00:00,-0.00029064134857592627,-0.0014391938899064886,0.0011485525413305624,5.742762706652812,5
DOT,1,2026-08-09 09:26:00+00:00,2026-08-09 09:27:00+00:00,2026-08-09 09:32:00+00:00,-0.00024838549428707335,-0.0020577203927597933,0.0018093348984727197,9.046674492363598,5
SOL,-1,2026-08-09 09:33:00+00:00,2026-08-09 09:34:00+00:00,2026-08-09 09:39:00+00:00,0.000523217789404895,-0.0006769673822545434,0.0012001851716594385,6.000925858297193,5
ETH,-1,2026-08-09 09:52:00+00:00,2026-08-09 09:53:00+00:00,2026-08-09 09:58:00+00:00,-0.0005683032758252438,-0.0015766880884214496,0.0010083848125962058,5.041924062981029,5
ETH,-1,2026-08-09 09:59:00+00:00,2026-08-09 10:00:00+00:00,2026-08-09 10:05:00+00:00,-2.082628276878218e-05,-0.001029211095364988,0.0010083848125962058,5.041924062981029,5
BTC,-1,2026-08-09 10:13:00+00:00,2026-08-09 10:14:00+00:00,2026-08-09 10:19:00+00:00,-9.242144177457057e-05,-0.001095013285372113,0.0010025918435975425,5.012959217987713,5
ETH,1,2026-08-09 12:01:00+00:00,2026-08-09 12:02:00+00:00,2026-08-09 12:07:00+00:00,-0.0003547468255374886,-0.0013631316381336944,0.0010083848125962058,5.041924062981029,5
LINK,1,2026-08-09 12:01:00+00:00,2026-08-09 12:02:00+00:00,2026-08-09 12:07:00+00:00,0.00024145840878908587,-0.0010658793344961546,0.0013073377432852404,6.536688716426203,5
AVAX,1,2026-08-09 13:09:00+00:00,2026-08-09 13:10:00+00:00,2026-08-09 13:15:00+00:00,0.0012383900928791824,-0.0003037564560539228,0.0015421465489331052,7.710732744665526,5
ETH,-1,2026-08-09 13:16:00+00:00,2026-08-09 13:17:00+00:00,2026-08-09 13:22:00+00:00,-0.0001613062685696942,-0.0011696910811659,0.0010083848125962058,5.041924062981029,5
SOL,-1,2026-08-09 13:16:00+00:00,2026-08-09 13:17:00+00:00,2026-08-09 13:22:00+00:00,0.00039108330074288933,-0.0008091018709165492,0.0012001851716594385,6.000925858297193,5
BNB,-1,2026-08-09 13:18:00+00:00,2026-08-09 13:19:00+00:00,2026-08-09 13:24:00+00:00,0.0004941525284138937,-0.0007970318641029571,0.0012911843925168507,6.455921962584254,5
ETH,-1,2026-08-09 13:29:00+00:00,2026-08-09 13:30:00+00:00,2026-08-09 13:35:00+00:00,0.0004313368845003662,-0.0005770479280958396,0.0010083848125962058,5.041924062981029,5
BTC,-1,2026-08-09 13:32:00+00:00,2026-08-09 13:33:00+00:00,2026-08-09 13:38:00+00:00,9.678088347120362e-05,-0.0009058109601263388,0.0010025918435975425,5.012959217987713,5
BTC,-1,2026-08-09 13:39:00+00:00,2026-08-09 13:40:00+00:00,2026-08-09 13:45:00+00:00,-0.0007430389988010155,-0.001745630842398558,0.0010025918435975425,5.012959217987713,5
ADA,1,2026-08-09 13:43:00+00:00,2026-08-09 13:44:00+00:00,2026-08-09 13:49:00+00:00,0.0005076142131978933,-0.0014901408379368731,0.0019977550511347665,9.988775255673833,5
BNB,-1,2026-08-09 14:05:00+00:00,2026-08-09 14:06:00+00:00,2026-08-09 14:11:00+00:00,-0.0019707669568074238,-0.0032619513493242743,0.0012911843925168507,6.455921962584254,5
LINK,-1,2026-08-09 14:17:00+00:00,2026-08-09 14:18:00+00:00,2026-08-09 14:23:00+00:00,0.0016782546152003253,0.00037091687191508483,0.0013073377432852404,6.536688716426203,5
BTC,-1,2026-08-09 14:57:00+00:00,2026-08-09 14:58:00+00:00,2026-08-09 15:03:00+00:00,0.0010345017839408222,3.190994034327969e-05,0.0010025918435975425,5.012959217987713,5
AVAX,-1,2026-08-09 15:04:00+00:00,2026-08-09 15:05:00+00:00,2026-08-09 15:10:00+00:00,0.0010747735298632932,-0.000467373019069812,0.0015421465489331052,7.710732744665526,5
BTC,-1,2026-08-09 15:04:00+00:00,2026-08-09 15:05:00+00:00,2026-08-09 15:10:00+00:00,0.00012111734584374645,-0.000881474497753796,0.0010025918435975425,5.012959217987713,5
SOL,1,2026-08-09 15:08:00+00:00,2026-08-09 15:09:00+00:00,2026-08-09 15:14:00+00:00,0.00026014568158183593,-0.0009400394900776026,0.0012001851716594385,6.000925858297193,5
BNB,1,2026-08-09 15:09:00+00:00,2026-08-09 15:10:00+00:00,2026-08-09 15:15:00+00:00,0.00016444663706627338,-0.0011267377554505774,0.0012911843925168507,6.455921962584254,5
ETH,-1,2026-08-09 15:10:00+00:00,2026-08-09 15:11:00+00:00,2026-08-09 15:16:00+00:00,-0.00015576404861916693,-0.0011641488612153727,0.0010083848125962058,5.041924062981029,5
LINK,-1,2026-08-09 15:15:00+00:00,2026-08-09 15:16:00+00:00,2026-08-09 15:21:00+00:00,-0.0,-0.0013073377432852404,0.0013073377432852404,6.536688716426203,5
SOL,-1,2026-08-09 15:36:00+00:00,2026-08-09 15:37:00+00:00,2026-08-09 15:42:00+00:00,-0.0014263485477177262,-0.002626533719377165,0.0012001851716594385,6.000925858297193,5
AVAX,-1,2026-08-09 15:51:00+00:00,2026-08-09 15:52:00+00:00,2026-08-09 15:57:00+00:00,0.0003059975520195435,-0.0012361489969135617,0.0015421465489331052,7.710732744665526,5
SOL,-1,2026-08-09 15:54:00+00:00,2026-08-09 15:55:00+00:00,2026-08-09 16:00:00+00:00,-0.002591344908007054,-0.0037915300796664926,0.0012001851716594385,6.000925858297193,5
ADA,1,2026-08-09 16:02:00+00:00,2026-08-09 16:03:00+00:00,2026-08-09 16:08:00+00:00,-0.0005070993914806365,-0.002504854442615403,0.0019977550511347665,9.988775255673833,5
SOL,-1,2026-08-09 16:06:00+00:00,2026-08-09 16:07:00+00:00,2026-08-09 16:12:00+00:00,0.0015493867010974993,0.0003492015294380608,0.0012001851716594385,6.000925858297193,5
ADA,-1,2026-08-09 16:09:00+00:00,2026-08-09 16:10:00+00:00,2026-08-09 16:15:00+00:00,0.0005063291139241199,-0.0014914259372106465,0.0019977550511347665,9.988775255673833,5
AVAX,-1,2026-08-09 16:15:00+00:00,2026-08-09 16:16:00+00:00,2026-08-09 16:21:00+00:00,0.0007604562737641984,-0.0007816902751689068,0.0015421465489331052,7.710732744665526,5
AVAX,1,2026-08-09 16:22:00+00:00,2026-08-09 16:23:00+00:00,2026-08-09 16:28:00+00:00,-0.001982614000305083,-0.003524760549238188,0.0015421465489331052,7.710732744665526,5
BTC,1,2026-08-09 16:24:00+00:00,2026-08-09 16:25:00+00:00,2026-08-09 16:30:00+00:00,0.00011816068318348805,-0.0008844311604140544,0.0010025918435975425,5.012959217987713,5
ETH,1,2026-08-09 16:25:00+00:00,2026-08-09 16:26:00+00:00,2026-08-09 16:31:00+00:00,0.0009633158895050453,-4.506892309116047e-05,0.0010083848125962058,5.041924062981029,5
ADA,-1,2026-08-09 17:35:00+00:00,2026-08-09 17:36:00+00:00,2026-08-09 17:41:00+00:00,0.001512859304084735,-0.0004848957470500316,0.0019977550511347665,9.988775255673833,5
AVAX,1,2026-08-09 18:04:00+00:00,2026-08-09 18:05:00+00:00,2026-08-09 18:10:00+00:00,0.00045878574705615627,-0.001083360801876949,0.0015421465489331052,7.710732744665526,5
ADA,1,2026-08-09 18:15:00+00:00,2026-08-09 18:16:00+00:00,2026-08-09 18:21:00+00:00,0.0005063291139240089,-0.0014914259372107576,0.0019977550511347665,9.988775255673833,5
AVAX,1,2026-08-09 18:15:00+00:00,2026-08-09 18:16:00+00:00,2026-08-09 18:21:00+00:00,0.0015313935681469104,-1.0752980786194822e-05,0.0015421465489331052,7.710732744665526,5
ETH,1,2026-08-09 18:15:00+00:00,2026-08-09 18:16:00+00:00,2026-08-09 18:21:00+00:00,0.0005520977108779412,-0.00045628710171826455,0.0010083848125962058,5.041924062981029,5
DOT,1,2026-08-09 18:36:00+00:00,2026-08-09 18:37:00+00:00,2026-08-09 18:42:00+00:00,0.000372717107715248,-0.0014366177907574717,0.0018093348984727197,9.046674492363598,5
AVAX,-1,2026-08-09 19:07:00+00:00,2026-08-09 19:08:00+00:00,2026-08-09 19:13:00+00:00,0.0016773406526380263,0.0001351941037049211,0.0015421465489331052,7.710732744665526,5
AVAX,-1,2026-08-09 19:30:00+00:00,2026-08-09 19:31:00+00:00,2026-08-09 19:36:00+00:00,0.00015248551387614384,-0.0013896610350569614,0.0015421465489331052,7.710732744665526,5
ETH,1,2026-08-09 20:12:00+00:00,2026-08-09 20:13:00+00:00,2026-08-09 20:18:00+00:00,-0.00020324355874268285,-0.0012116283713388886,0.0010083848125962058,5.041924062981029,5
BTC,1,2026-08-09 20:14:00+00:00,2026-08-09 20:15:00+00:00,2026-08-09 20:20:00+00:00,0.0006549060302085685,-0.00034768581338897393,0.0010025918435975425,5.012959217987713,5
XRP,1,2026-08-09 20:14:00+00:00,2026-08-09 20:15:00+00:00,2026-08-09 20:20:00+00:00,-0.00028846153846151523,-0.0014370140797920776,0.0011485525413305624,5.742762706652812,5
XRP,-1,2026-08-09 21:13:00+00:00,2026-08-09 21:14:00+00:00,2026-08-09 21:19:00+00:00,0.0002879078694817405,-0.0008606446718488218,0.0011485525413305624,5.742762706652812,5
DOT,-1,2026-08-09 22:00:00+00:00,2026-08-09 22:01:00+00:00,2026-08-09 22:06:00+00:00,-0.00012354830738825484,-0.0019328832058609746,0.0018093348984727197,9.046674492363598,5
ADA,-1,2026-08-09 22:14:00+00:00,2026-08-09 22:15:00+00:00,2026-08-09 22:20:00+00:00,0.0025100401606426015,0.000512285109507835,0.0019977550511347665,9.988775255673833,5
BNB,-1,2026-08-09 22:14:00+00:00,2026-08-09 22:15:00+00:00,2026-08-09 22:20:00+00:00,0.0013108307389807505,1.9646346463899787e-05,0.0012911843925168507,6.455921962584254,5
BTC,-1,2026-08-09 22:14:00+00:00,2026-08-09 22:15:00+00:00,2026-08-09 22:20:00+00:00,0.0014818779629912626,0.00047928611939372016,0.0010025918435975425,5.012959217987713,5
DOT,-1,2026-08-09 22:14:00+00:00,2026-08-09 22:15:00+00:00,2026-08-09 22:20:00+00:00,0.000862281350086147,-0.0009470535483865727,0.0018093348984727197,9.046674492363598,5
ETH,-1,2026-08-09 22:14:00+00:00,2026-08-09 22:15:00+00:00,2026-08-09 22:20:00+00:00,0.0008278359849954731,-0.00018054882760073273,0.0010083848125962058,5.041924062981029,5
LINK,-1,2026-08-09 22:14:00+00:00,2026-08-09 22:15:00+00:00,2026-08-09 22:20:00+00:00,0.0015522388059701075,0.0002449010626848671,0.0013073377432852404,6.536688716426203,5
SOL,-1,2026-08-09 22:14:00+00:00,2026-08-09 22:15:00+00:00,2026-08-09 22:20:00+00:00,0.0016739634303373219,0.00047377825867788337,0.0012001851716594385,6.000925858297193,5
XRP,-1,2026-08-09 22:14:00+00:00,2026-08-09 22:15:00+00:00,2026-08-09 22:20:00+00:00,0.0011476664116297774,-8.861297007849069e-07,0.0011485525413305624,5.742762706652812,5
BNB,1,2026-08-09 22:32:00+00:00,2026-08-09 22:33:00+00:00,2026-08-09 22:38:00+00:00,-0.0016507098052161995,-0.00294189419773305,0.0012911843925168507,6.455921962584254,5
BTC,1,2026-08-09 22:32:00+00:00,2026-08-09 22:33:00+00:00,2026-08-09 22:38:00+00:00,-0.0015481159981202142,-0.0025507078417177564,0.0010025918435975425,5.012959217987713,5
ETH,1,2026-08-09 22:33:00+00:00,2026-08-09 22:34:00+00:00,2026-08-09 22:39:00+00:00,-0.0022623375407609947,-0.0032707223533572005,0.0010083848125962058,5.041924062981029,5
LINK,1,2026-08-09 22:33:00+00:00,2026-08-09 22:34:00+00:00,2026-08-09 22:39:00+00:00,-0.002527379949452291,-0.003834717692737531,0.0013073377432852404,6.536688716426203,5
SOL,1,2026-08-09 22:33:00+00:00,2026-08-09 22:34:00+00:00,2026-08-09 22:39:00+00:00,-0.0018137064386578583,-0.003013891610317297,0.0012001851716594385,6.000925858297193,5
XRP,1,2026-08-09 22:33:00+00:00,2026-08-09 22:34:00+00:00,2026-08-09 22:39:00+00:00,-0.0021168093909361696,-0.003265361932266732,0.0011485525413305624,5.742762706652812,5
DOT,1,2026-08-09 22:45:00+00:00,2026-08-09 22:46:00+00:00,2026-08-09 22:51:00+00:00,0.0,-0.0018093348984727197,0.0018093348984727197,9.046674492363598,5
ETH,1,2026-08-09 22:45:00+00:00,2026-08-09 22:46:00+00:00,2026-08-09 22:51:00+00:00,0.00019307034022109093,-0.0008153144723751149,0.0010083848125962058,5.041924062981029,5
AVAX,1,2026-08-09 22:51:00+00:00,2026-08-09 22:52:00+00:00,2026-08-09 22:57:00+00:00,0.0016964836520665383,0.00015433710313343305,0.0015421465489331052,7.710732744665526,5
LINK,1,2026-08-09 22:51:00+00:00,2026-08-09 22:52:00+00:00,2026-08-09 22:57:00+00:00,0.002671523982999524,0.0013641862397142837,0.0013073377432852404,6.536688716426203,5
SOL,1,2026-08-09 22:51:00+00:00,2026-08-09 22:52:00+00:00,2026-08-09 22:57:00+00:00,0.001956947162426559,0.0007567619907671204,0.0012001851716594385,6.000925858297193,5
XRP,1,2026-08-09 22:51:00+00:00,2026-08-09 22:52:00+00:00,2026-08-09 22:57:00+00:00,0.0011590843233844073,1.0531782053844899e-05,0.0011485525413305624,5.742762706652812,5
ETH,1,2026-08-09 23:18:00+00:00,2026-08-09 23:19:00+00:00,2026-08-09 23:24:00+00:00,0.0005533254336558269,-0.0004550593789403789,0.0010083848125962058,5.041924062981029,5
XRP,1,2026-08-09 23:18:00+00:00,2026-08-09 23:19:00+00:00,2026-08-09 23:24:00+00:00,0.0,-0.0011485525413305624,0.0011485525413305624,5.742762706652812,5
ADA,1,2026-08-09 23:29:00+00:00,2026-08-09 23:30:00+00:00,2026-08-09 23:35:00+00:00,-0.0005151983513652647,-0.002512953402500031,0.0019977550511347665,9.988775255673833,5
AVAX,1,2026-08-09 23:29:00+00:00,2026-08-09 23:30:00+00:00,2026-08-09 23:35:00+00:00,-0.0061996280223186595,-0.0077417745712517645,0.0015421465489331052,7.710732744665526,5
SOL,1,2026-08-09 23:29:00+00:00,2026-08-09 23:30:00+00:00,2026-08-09 23:35:00+00:00,-0.0011783189316573184,-0.002378504103316757,0.0012001851716594385,6.000925858297193,5
DOT,1,2026-08-09 23:30:00+00:00,2026-08-09 23:31:00+00:00,2026-08-09 23:36:00+00:00,0.0005015673981192403,-0.0013077675003534794,0.0018093348984727197,9.046674492363598,5
ETH,1,2026-08-09 23:30:00+00:00,2026-08-09 23:31:00+00:00,2026-08-09 23:36:00+00:00,-0.000413497825210829,-0.0014218826378070348,0.0010083848125962058,5.041924062981029,5
LINK,1,2026-08-09 23:30:00+00:00,2026-08-09 23:31:00+00:00,2026-08-09 23:36:00+00:00,0.0,-0.0013073377432852404,0.0013073377432852404,6.536688716426203,5
XRP,1,2026-08-09 23:30:00+00:00,2026-08-09 23:31:00+00:00,2026-08-09 23:36:00+00:00,0.0,-0.0011485525413305624,0.0011485525413305624,5.742762706652812,5
BTC,-1,2026-08-09 23:36:00+00:00,2026-08-09 23:37:00+00:00,2026-08-09 23:42:00+00:00,0.0010367036213767555,3.411177777921308e-05,0.0010025918435975425,5.012959217987713,5
SOL,-1,2026-08-09 23:36:00+00:00,2026-08-09 23:37:00+00:00,2026-08-09 23:42:00+00:00,0.0023535564853557345,0.001153371313696296,0.0012001851716594385,6.000925858297193,5
ADA,1,2026-08-09 23:59:00+00:00,2026-08-10 00:00:00+00:00,2026-08-10 00:05:00+00:00,0.0,-0.0019977550511347665,0.0019977550511347665,9.988775255673833,5
AVAX,1,2026-08-10 00:00:00+00:00,2026-08-10 00:01:00+00:00,2026-08-10 00:06:00+00:00,0.0046992481203007586,0.0031571015713676535,0.0015421465489331052,7.710732744665526,5
BNB,-1,2026-08-10 00:00:00+00:00,2026-08-10 00:01:00+00:00,2026-08-10 00:06:00+00:00,-0.0023228803716608404,-0.003614064764177691,0.0012911843925168507,6.455921962584254,5
BTC,-1,2026-08-10 00:08:00+00:00,2026-08-10 00:09:00+00:00,2026-08-10 00:14:00+00:00,-0.0020999515395798696,-0.003102543383177412,0.0010025918435975425,5.012959217987713,5
ETH,-1,2026-08-10 00:08:00+00:00,2026-08-10 00:09:00+00:00,2026-08-10 00:14:00+00:00,-0.003629242819843448,-0.004637627632439654,0.0010083848125962058,5.041924062981029,5
LINK,-1,2026-08-10 00:08:00+00:00,2026-08-10 00:09:00+00:00,2026-08-10 00:14:00+00:00,-0.002802827199610114,-0.004110164942895354,0.0013073377432852404,6.536688716426203,5
SOL,-1,2026-08-10 00:08:00+00:00,2026-08-10 00:09:00+00:00,2026-08-10 00:14:00+00:00,-0.004443863547248572,-0.005644048718908011,0.0012001851716594385,6.000925858297193,5
ADA,-1,2026-08-10 00:10:00+00:00,2026-08-10 00:11:00+00:00,2026-08-10 00:16:00+00:00,-0.0010240655401945187,-0.003021820591329285,0.0019977550511347665,9.988775255673833,5
AVAX,-1,2026-08-10 00:10:00+00:00,2026-08-10 00:11:00+00:00,2026-08-10 00:16:00+00:00,0.0010854396030391955,-0.0004567069458939097,0.0015421465489331052,7.710732744665526,5
BNB,-1,2026-08-10 00:10:00+00:00,2026-08-10 00:11:00+00:00,2026-08-10 00:16:00+00:00,0.0011560693641619046,-0.0001351150283549461,0.0012911843925168507,6.455921962584254,5
DOT,-1,2026-08-10 00:10:00+00:00,2026-08-10 00:11:00+00:00,2026-08-10 00:16:00+00:00,0.001122754491017952,-0.0006865804074547676,0.0018093348984727197,9.046674492363598,5
XRP,-1,2026-08-10 00:10:00+00:00,2026-08-10 00:11:00+00:00,2026-08-10 00:16:00+00:00,9.665571235262238e-05,-0.00105189682897794,0.0011485525413305624,5.742762706652812,5
BTC,1,2026-08-10 00:24:00+00:00,2026-08-10 00:25:00+00:00,2026-08-10 00:30:00+00:00,0.00026325431598528404,-0.0007393375276122584,0.0010025918435975425,5.012959217987713,5
ETH,1,2026-08-10 00:24:00+00:00,2026-08-10 00:25:00+00:00,2026-08-10 00:30:00+00:00,-0.0001463073080499866,-0.0011546921206461924,0.0010083848125962058,5.041924062981029,5
ETH,1,2026-08-10 00:39:00+00:00,2026-08-10 00:40:00+00:00,2026-08-10 00:45:00+00:00,-0.00037226958609914984,-0.0013806543986953556,0.0010083848125962058,5.041924062981029,5
XRP,1,2026-08-10 00:39:00+00:00,2026-08-10 00:40:00+00:00,2026-08-10 00:45:00+00:00,0.00029208450978490674,-0.0008564680315456556,0.0011485525413305624,5.742762706652812,5
BTC,1,2026-08-10 00:43:00+00:00,2026-08-10 00:44:00+00:00,2026-08-10 00:49:00+00:00,0.0012018414865191396,0.00019924964292159712,0.0010025918435975425,5.012959217987713,5
DOT,-1,2026-08-10 00:48:00+00:00,2026-08-10 00:49:00+00:00,2026-08-10 00:54:00+00:00,-0.0008773029201654126,-0.0026866378186381325,0.0018093348984727197,9.046674492363598,5
ETH,-1,2026-08-10 00:51:00+00:00,2026-08-10 00:52:00+00:00,2026-08-10 00:57:00+00:00,0.0008510638297872797,-0.0001573209828089261,0.0010083848125962058,5.041924062981029,5
ETH,1,2026-08-10 01:06:00+00:00,2026-08-10 01:07:00+00:00,2026-08-10 01:12:00+00:00,0.0023264953234301,0.0013181105108338942,0.0010083848125962058,5.041924062981029,5
ETH,-1,2026-08-10 01:15:00+00:00,2026-08-10 01:16:00+00:00,2026-08-10 01:21:00+00:00,0.00015136647389202285,-0.0008570183387041829,0.0010083848125962058,5.041924062981029,5
BTC,-1,2026-08-10 01:47:00+00:00,2026-08-10 01:48:00+00:00,2026-08-10 01:53:00+00:00,-0.0022516637720362276,-0.00325425561563377,0.0010025918435975425,5.012959217987713,5
ETH,-1,2026-08-10 01:47:00+00:00,2026-08-10 01:48:00+00:00,2026-08-10 01:53:00+00:00,-0.0038726760034817342,-0.00488106081607794,0.0010083848125962058,5.041924062981029,5
XRP,-1,2026-08-10 01:48:00+00:00,2026-08-10 01:49:00+00:00,2026-08-10 01:54:00+00:00,-0.004545014988879048,-0.005693567530209611,0.0011485525413305624,5.742762706652812,5
AVAX,-1,2026-08-10 01:49:00+00:00,2026-08-10 01:50:00+00:00,2026-08-10 01:55:00+00:00,-0.0013816395455941155,-0.0029237860945272205,0.0015421465489331052,7.710732744665526,5
ETH,1,2026-08-10 02:17:00+00:00,2026-08-10 02:18:00+00:00,2026-08-10 02:23:00+00:00,-0.00010438358881215137,-0.0011127684014083572,0.0010083848125962058,5.041924062981029,5
DOT,-1,2026-08-10 02:39:00+00:00,2026-08-10 02:40:00+00:00,2026-08-10 02:45:00+00:00,-0.0024993751562110145,-0.004308710054683734,0.0018093348984727197,9.046674492363598,5
BTC,-1,2026-08-10 02:43:00+00:00,2026-08-10 02:44:00+00:00,2026-08-10 02:49:00+00:00,0.0004988334970530417,-0.0005037583465445008,0.0010025918435975425,5.012959217987713,5
ETH,-1,2026-08-10 02:43:00+00:00,2026-08-10 02:44:00+00:00,2026-08-10 02:49:00+00:00,0.00040535694797394495,-0.0006030278646222608,0.0010083848125962058,5.041924062981029,5
XRP,-1,2026-08-10 02:43:00+00:00,2026-08-10 02:44:00+00:00,2026-08-10 02:49:00+00:00,0.001062391346339675,-8.616119499088733e-05,0.0011485525413305624,5.742762706652812,5
XRP,1,2026-08-10 03:13:00+00:00,2026-08-10 03:14:00+00:00,2026-08-10 03:19:00+00:00,0.002621868323946286,0.0014733157826157235,0.0011485525413305624,5.742762706652812,5
BTC,-1,2026-08-10 03:17:00+00:00,2026-08-10 03:18:00+00:00,2026-08-10 03:23:00+00:00,-0.0012005541018931254,-0.0022031459454906676,0.0010025918435975425,5.012959217987713,5
SOL,-1,2026-08-10 03:17:00+00:00,2026-08-10 03:18:00+00:00,2026-08-10 03:23:00+00:00,-0.002611647949856355,-0.0038118331215157937,0.0012001851716594385,6.000925858297193,5
SOL,1,2026-08-10 03:26:00+00:00,2026-08-10 03:27:00+00:00,2026-08-10 03:32:00+00:00,-0.0011726384364820763,-0.002372823608141515,0.0012001851716594385,6.000925858297193,5
XRP,1,2026-08-10 03:26:00+00:00,2026-08-10 03:27:00+00:00,2026-08-10 03:32:00+00:00,-0.0019370460048425686,-0.003085598546173131,0.0011485525413305624,5.742762706652812,5
ETH,1,2026-08-10 04:40:00+00:00,2026-08-10 04:41:00+00:00,2026-08-10 04:46:00+00:00,0.0019865749356977602,0.0009781901231015544,0.0010083848125962058,5.041924062981029,5
AVAX,1,2026-08-10 05:19:00+00:00,2026-08-10 05:20:00+00:00,2026-08-10 05:25:00+00:00,0.002618204219928977,0.0010760576709958716,0.0015421465489331052,7.710732744665526,5
AVAX,-1,2026-08-10 05:45:00+00:00,2026-08-10 05:46:00+00:00,2026-08-10 05:51:00+00:00,-0.00045850527281054987,-0.002000651821743655,0.0015421465489331052,7.710732744665526,5
ADA,-1,2026-08-10 07:19:00+00:00,2026-08-10 07:20:00+00:00,2026-08-10 07:25:00+00:00,0.0025113008538423243,0.0005135458027075578,0.0019977550511347665,9.988775255673833,5
ADA,1,2026-08-10 07:45:00+00:00,2026-08-10 07:46:00+00:00,2026-08-10 07:51:00+00:00,0.0,-0.0019977550511347665,0.0019977550511347665,9.988775255673833,5
SOL,1,2026-08-10 08:27:00+00:00,2026-08-10 08:28:00+00:00,2026-08-10 08:33:00+00:00,-0.0006496881496881324,-0.0018498733213475709,0.0012001851716594385,6.000925858297193,5
DOT,1,2026-08-10 08:41:00+00:00,2026-08-10 08:42:00+00:00,2026-08-10 08:47:00+00:00,0.0002478929102629479,-0.0015614419882097718,0.0018093348984727197,9.046674492363598,5
DOT,-1,2026-08-10 09:37:00+00:00,2026-08-10 09:38:00+00:00,2026-08-10 09:43:00+00:00,-0.0006197322756569257,-0.0024290671741296456,0.0018093348984727197,9.046674492363598,5
BTC,-1,2026-08-10 12:02:00+00:00,2026-08-10 12:03:00+00:00,2026-08-10 12:08:00+00:00,0.0008696038931260697,-0.0001329879504714728,0.0010025918435975425,5.012959217987713,5
DOT,-1,2026-08-10 12:10:00+00:00,2026-08-10 12:11:00+00:00,2026-08-10 12:16:00+00:00,0.0006155361319709618,-0.001193798766501758,0.0018093348984727197,9.046674492363598,5
LINK,-1,2026-08-10 12:10:00+00:00,2026-08-10 12:11:00+00:00,2026-08-10 12:16:00+00:00,0.003949730700179677,0.0026423929568944364,0.0013073377432852404,6.536688716426203,5
AVAX,1,2026-08-10 12:14:00+00:00,2026-08-10 12:15:00+00:00,2026-08-10 12:20:00+00:00,-0.0009164502825720344,-0.0024585968315051394,0.0015421465489331052,7.710732744665526,5
DOT,-1,2026-08-10 13:01:00+00:00,2026-08-10 13:02:00+00:00,2026-08-10 13:07:00+00:00,-0.004914608674284393,-0.006723943572757113,0.0018093348984727197,9.046674492363598,5
BNB,1,2026-08-10 13:12:00+00:00,2026-08-10 13:13:00+00:00,2026-08-10 13:18:00+00:00,0.0013297872340425343,3.860284152568355e-05,0.0012911843925168507,6.455921962584254,5
ADA,1,2026-08-10 13:34:00+00:00,2026-08-10 13:35:00+00:00,2026-08-10 13:40:00+00:00,0.0010224948875254825,-0.000975260163609284,0.0019977550511347665,9.988775255673833,5
AVAX,1,2026-08-10 13:34:00+00:00,2026-08-10 13:35:00+00:00,2026-08-10 13:40:00+00:00,0.0010744435917116046,-0.0004677029572215006,0.0015421465489331052,7.710732744665526,5
BNB,1,2026-08-10 13:34:00+00:00,2026-08-10 13:35:00+00:00,2026-08-10 13:40:00+00:00,0.0006658897952389609,-0.0006252945972778899,0.0012911843925168507,6.455921962584254,5
BTC,1,2026-08-10 13:34:00+00:00,2026-08-10 13:35:00+00:00,2026-08-10 13:40:00+00:00,-7.424169073066977e-05,-0.0010768335343282122,0.0010025918435975425,5.012959217987713,5
ETH,1,2026-08-10 13:34:00+00:00,2026-08-10 13:35:00+00:00,2026-08-10 13:40:00+00:00,0.001316627957804739,0.0003082431452085333,0.0010083848125962058,5.041924062981029,5
LINK,1,2026-08-10 13:34:00+00:00,2026-08-10 13:35:00+00:00,2026-08-10 13:40:00+00:00,0.0,-0.0013073377432852404,0.0013073377432852404,6.536688716426203,5
SOL,1,2026-08-10 13:34:00+00:00,2026-08-10 13:35:00+00:00,2026-08-10 13:40:00+00:00,-0.0006546216286985596,-0.001854806800357998,0.0012001851716594385,6.000925858297193,5
XRP,1,2026-08-10 13:34:00+00:00,2026-08-10 13:35:00+00:00,2026-08-10 13:40:00+00:00,0.0010744285993355973,-7.412394199496504e-05,0.0011485525413305624,5.742762706652812,5
BNB,1,2026-08-10 13:46:00+00:00,2026-08-10 13:47:00+00:00,2026-08-10 13:52:00+00:00,0.00033316674995842455,-0.0009580176425584262,0.0012911843925168507,6.455921962584254,5
LINK,1,2026-08-10 13:52:00+00:00,2026-08-10 13:53:00+00:00,2026-08-10 13:58:00+00:00,0.001573088092933217,0.0002657503496479765,0.0013073377432852404,6.536688716426203,5
BTC,-1,2026-08-10 14:00:00+00:00,2026-08-10 14:01:00+00:00,2026-08-10 14:06:00+00:00,-0.0007069597636248925,-0.001709551607222435,0.0010025918435975425,5.012959217987713,5
SOL,-1,2026-08-10 14:00:00+00:00,2026-08-10 14:01:00+00:00,2026-08-10 14:06:00+00:00,-0.0015702695629415953,-0.002770454734601034,0.0012001851716594385,6.000925858297193,5
DOT,-1,2026-08-10 14:19:00+00:00,2026-08-10 14:20:00+00:00,2026-08-10 14:25:00+00:00,0.0004890573419732425,-0.0013202775564994773,0.0018093348984727197,9.046674492363598,5
ETH,1,2026-08-10 15:00:00+00:00,2026-08-10 15:01:00+00:00,2026-08-10 15:06:00+00:00,0.0007517364052176401,-0.0002566484073785657,0.0010083848125962058,5.041924062981029,5
ADA,1,2026-08-10 15:12:00+00:00,2026-08-10 15:13:00+00:00,2026-08-10 15:18:00+00:00,0.0,-0.0019977550511347665,0.0019977550511347665,9.988775255673833,5
AVAX,1,2026-08-10 15:12:00+00:00,2026-08-10 15:13:00+00:00,2026-08-10 15:18:00+00:00,0.0007710100231301809,-0.0007711365258029244,0.0015421465489331052,7.710732744665526,5
DOT,1,2026-08-10 15:12:00+00:00,2026-08-10 15:13:00+00:00,2026-08-10 15:18:00+00:00,-0.0008644109656704702,-0.00267374586414319,0.0018093348984727197,9.046674492363598,5
ETH,1,2026-08-10 15:12:00+00:00,2026-08-10 15:13:00+00:00,2026-08-10 15:18:00+00:00,-0.0011109929832022747,-0.0021193777957984805,0.0010083848125962058,5.041924062981029,5
XRP,1,2026-08-10 15:12:00+00:00,2026-08-10 15:13:00+00:00,2026-08-10 15:18:00+00:00,0.0019540791402052893,0.0008055265988747269,0.0011485525413305624,5.742762706652812,5
LINK,1,2026-08-10 15:13:00+00:00,2026-08-10 15:14:00+00:00,2026-08-10 15:19:00+00:00,0.00012093360744946935,-0.001186404135835771,0.0013073377432852404,6.536688716426203,5
SOL,1,2026-08-10 15:18:00+00:00,2026-08-10 15:19:00+00:00,2026-08-10 15:24:00+00:00,-0.0017098513744573385,-0.002910036546116777,0.0012001851716594385,6.000925858297193,5
BTC,1,2026-08-10 15:24:00+00:00,2026-08-10 15:25:00+00:00,2026-08-10 15:30:00+00:00,0.00022996221161486474,-0.0007726296319826777,0.0010025918435975425,5.012959217987713,5
DOT,1,2026-08-10 15:25:00+00:00,2026-08-10 15:26:00+00:00,2026-08-10 15:31:00+00:00,0.001489388109718215,-0.00031994678875450484,0.0018093348984727197,9.046674492363598,5
BTC,1,2026-08-10 15:53:00+00:00,2026-08-10 15:54:00+00:00,2026-08-10 15:59:00+00:00,0.000984446677102957,-1.814516649458549e-05,0.0010025918435975425,5.012959217987713,5
XRP,1,2026-08-10 16:07:00+00:00,2026-08-10 16:08:00+00:00,2026-08-10 16:13:00+00:00,0.0003920031360249432,-0.0007565494053056192,0.0011485525413305624,5.742762706652812,5
BTC,1,2026-08-10 16:21:00+00:00,2026-08-10 16:22:00+00:00,2026-08-10 16:27:00+00:00,0.0018774161376500231,0.0008748242940524807,0.0010025918435975425,5.012959217987713,5
ETH,1,2026-08-10 16:21:00+00:00,2026-08-10 16:22:00+00:00,2026-08-10 16:27:00+00:00,0.0026525766359337677,0.001644191823337562,0.0010083848125962058,5.041924062981029,5
ADA,-1,2026-08-10 16:39:00+00:00,2026-08-10 16:40:00+00:00,2026-08-10 16:45:00+00:00,-0.0,-0.0019977550511347665,0.0019977550511347665,9.988775255673833,5
BTC,1,2026-08-10 16:43:00+00:00,2026-08-10 16:44:00+00:00,2026-08-10 16:49:00+00:00,-0.0013843749999999932,-0.0023869668435975355,0.0010025918435975425,5.012959217987713,5
AVAX,1,2026-08-10 16:49:00+00:00,2026-08-10 16:50:00+00:00,2026-08-10 16:55:00+00:00,-0.00015573898146714615,-0.0016978855304002514,0.0015421465489331052,7.710732744665526,5
BNB,1,2026-08-10 16:54:00+00:00,2026-08-10 16:55:00+00:00,2026-08-10 17:00:00+00:00,0.0,-0.0012911843925168507,0.0012911843925168507,6.455921962584254,5
BNB,1,2026-08-10 17:01:00+00:00,2026-08-10 17:02:00+00:00,2026-08-10 17:07:00+00:00,0.0016739203213926857,0.0003827359288758349,0.0012911843925168507,6.455921962584254,5
ADA,1,2026-08-10 17:14:00+00:00,2026-08-10 17:15:00+00:00,2026-08-10 17:20:00+00:00,-0.0035714285714285587,-0.005569183622563326,0.0019977550511347665,9.988775255673833,5
ADA,1,2026-08-10 18:36:00+00:00,2026-08-10 18:37:00+00:00,2026-08-10 18:42:00+00:00,0.0031152647975078995,0.001117509746373133,0.0019977550511347665,9.988775255673833,5
DOT,-1,2026-08-10 19:13:00+00:00,2026-08-10 19:14:00+00:00,2026-08-10 19:19:00+00:00,-0.0021120636103864054,-0.003921398508859125,0.0018093348984727197,9.046674492363598,5
ADA,-1,2026-08-10 19:40:00+00:00,2026-08-10 19:41:00+00:00,2026-08-10 19:46:00+00:00,0.0015400410677617327,-0.00045771398337303383,0.0019977550511347665,9.988775255673833,5
DOT,1,2026-08-10 21:57:00+00:00,2026-08-10 21:58:00+00:00,2026-08-10 22:03:00+00:00,0.0,-0.0018093348984727197,0.0018093348984727197,9.046674492363598,5
XRP,1,2026-08-10 22:04:00+00:00,2026-08-10 22:05:00+00:00,2026-08-10 22:10:00+00:00,0.0009913750371766117,-0.00015717750415395067,0.0011485525413305624,5.742762706652812,5
DOT,1,2026-08-10 23:22:00+00:00,2026-08-10 23:23:00+00:00,2026-08-10 23:28:00+00:00,0.0004975743251649511,-0.0013117605733077686,0.0018093348984727197,9.046674492363598,5
ADA,1,2026-08-11 00:00:00+00:00,2026-08-11 00:01:00+00:00,2026-08-11 00:06:00+00:00,0.002116402116402183,0.00011864706526741641,0.0019977550511347665,9.988775255673833,5
AVAX,-1,2026-08-11 01:13:00+00:00,2026-08-11 01:14:00+00:00,2026-08-11 01:19:00+00:00,0.0003072668612691398,-0.0012348796876639654,0.0015421465489331052,7.710732744665526,5
LINK,-1,2026-08-11 01:28:00+00:00,2026-08-11 01:29:00+00:00,2026-08-11 01:34:00+00:00,-0.0019011406844107182,-0.0032084784276959584,0.0013073377432852404,6.536688716426203,5
AVAX,1,2026-08-11 05:00:00+00:00,2026-08-11 05:01:00+00:00,2026-08-11 05:06:00+00:00,0.0018492834026815341,0.0003071368537484289,0.0015421465489331052,7.710732744665526,5
ADA,1,2026-08-11 05:20:00+00:00,2026-08-11 05:21:00+00:00,2026-08-11 05:26:00+00:00,-0.0005305039787797394,-0.002528259029914506,0.0019977550511347665,9.988775255673833,5
ADA,1,2026-08-11 05:29:00+00:00,2026-08-11 05:30:00+00:00,2026-08-11 05:35:00+00:00,-0.0010638297872340718,-0.0030615848383688383,0.0019977550511347665,9.988775255673833,5
ADA,1,2026-08-11 05:53:00+00:00,2026-08-11 05:54:00+00:00,2026-08-11 05:59:00+00:00,-0.0005339028296849069,-0.0025316578808196734,0.0019977550511347665,9.988775255673833,5
AVAX,-1,2026-08-11 06:06:00+00:00,2026-08-11 06:07:00+00:00,2026-08-11 06:12:00+00:00,-0.000768639508070601,-0.002310786057003706,0.0015421465489331052,7.710732744665526,5
XRP,1,2026-08-11 06:36:00+00:00,2026-08-11 06:37:00+00:00,2026-08-11 06:42:00+00:00,0.0014935776162501302,0.00034502507491956783,0.0011485525413305624,5.742762706652812,5
SOL,1,2026-08-11 07:15:00+00:00,2026-08-11 07:16:00+00:00,2026-08-11 07:21:00+00:00,-0.001323801959226989,-0.0025239871308864277,0.0012001851716594385,6.000925858297193,5
SOL,-1,2026-08-11 07:30:00+00:00,2026-08-11 07:31:00+00:00,2026-08-11 07:36:00+00:00,-0.0013241525423730582,-0.002524337714032497,0.0012001851716594385,6.000925858297193,5
BNB,1,2026-08-11 08:48:00+00:00,2026-08-11 08:49:00+00:00,2026-08-11 08:54:00+00:00,0.0011583650504716214,-0.00013281934204522933,0.0012911843925168507,6.455921962584254,5
DOT,1,2026-08-11 09:03:00+00:00,2026-08-11 09:04:00+00:00,2026-08-11 09:09:00+00:00,0.00024891101431245843,-0.0015604238841602613,0.0018093348984727197,9.046674492363598,5
LINK,-1,2026-08-11 09:10:00+00:00,2026-08-11 09:11:00+00:00,2026-08-11 09:16:00+00:00,0.0012867001988535742,-2.0637544431666198e-05,0.0013073377432852404,6.536688716426203,5
LINK,-1,2026-08-11 09:22:00+00:00,2026-08-11 09:23:00+00:00,2026-08-11 09:28:00+00:00,-0.0032313906520484714,-0.004538728395333712,0.0013073377432852404,6.536688716426203,5
LINK,1,2026-08-11 09:29:00+00:00,2026-08-11 09:30:00+00:00,2026-08-11 09:35:00+00:00,-0.003927457548804525,-0.005234795292089765,0.0013073377432852404,6.536688716426203,5
LINK,-1,2026-08-11 09:40:00+00:00,2026-08-11 09:41:00+00:00,2026-08-11 09:46:00+00:00,-0.004165702383707615,-0.005473040126992855,0.0013073377432852404,6.536688716426203,5
LINK,-1,2026-08-11 10:46:00+00:00,2026-08-11 10:47:00+00:00,2026-08-11 10:52:00+00:00,-0.0014963167587476178,-0.002803654502032858,0.0013073377432852404,6.536688716426203,5
BTC,-1,2026-08-11 11:01:00+00:00,2026-08-11 11:02:00+00:00,2026-08-11 11:07:00+00:00,4.5085031924907426e-05,-0.000957506811672635,0.0010025918435975425,5.012959217987713,5
ETH,-1,2026-08-11 11:01:00+00:00,2026-08-11 11:02:00+00:00,2026-08-11 11:07:00+00:00,-0.0010215315563271155,-0.0020299163689233212,0.0010083848125962058,5.041924062981029,5
SOL,-1,2026-08-11 11:01:00+00:00,2026-08-11 11:02:00+00:00,2026-08-11 11:07:00+00:00,-0.0006569438969912245,-0.001857129068650663,0.0012001851716594385,6.000925858297193,5
XRP,-1,2026-08-11 11:01:00+00:00,2026-08-11 11:02:00+00:00,2026-08-11 11:07:00+00:00,-0.0004963764519010372,-0.0016449289932315995,0.0011485525413305624,5.742762706652812,5
ETH,-1,2026-08-11 11:10:00+00:00,2026-08-11 11:11:00+00:00,2026-08-11 11:16:00+00:00,0.0009504097321957339,-5.797508040047191e-05,0.0010083848125962058,5.041924062981029,5
BNB,1,2026-08-11 11:13:00+00:00,2026-08-11 11:14:00+00:00,2026-08-11 11:19:00+00:00,-0.00032948929159815066,-0.0016206736841150014,0.0012911843925168507,6.455921962584254,5
LINK,-1,2026-08-11 11:46:00+00:00,2026-08-11 11:47:00+00:00,2026-08-11 11:52:00+00:00,-0.0006915629322268302,-0.0019989006755120704,0.0013073377432852404,6.536688716426203,5
BNB,-1,2026-08-11 12:05:00+00:00,2026-08-11 12:06:00+00:00,2026-08-11 12:11:00+00:00,-0.0011462256427050566,-0.002437410035221907,0.0012911843925168507,6.455921962584254,5
BNB,-1,2026-08-11 12:12:00+00:00,2026-08-11 12:13:00+00:00,2026-08-11 12:18:00+00:00,0.0011413663786074002,-0.00014981801390945054,0.0012911843925168507,6.455921962584254,5
BNB,-1,2026-08-11 12:20:00+00:00,2026-08-11 12:21:00+00:00,2026-08-11 12:26:00+00:00,0.00032621105855490384,-0.0009649733339619469,0.0012911843925168507,6.455921962584254,5
ADA,1,2026-08-11 12:43:00+00:00,2026-08-11 12:44:00+00:00,2026-08-11 12:49:00+00:00,-0.0032051282051283048,-0.005202883256263072,0.0019977550511347665,9.988775255673833,5
LINK,-1,2026-08-11 13:37:00+00:00,2026-08-11 13:38:00+00:00,2026-08-11 13:43:00+00:00,-0.0,-0.0013073377432852404,0.0013073377432852404,6.536688716426203,5
BTC,-1,2026-08-11 13:40:00+00:00,2026-08-11 13:41:00+00:00,2026-08-11 13:46:00+00:00,0.0006576804452279594,-0.000344911398369583,0.0010025918435975425,5.012959217987713,5
ADA,1,2026-08-11 14:22:00+00:00,2026-08-11 14:23:00+00:00,2026-08-11 14:28:00+00:00,-0.0010787486515642097,-0.0030765037026989762,0.0019977550511347665,9.988775255673833,5
ETH,1,2026-08-11 14:22:00+00:00,2026-08-11 14:23:00+00:00,2026-08-11 14:28:00+00:00,-0.0023957248794169717,-0.0034041096920131774,0.0010083848125962058,5.041924062981029,5
AVAX,1,2026-08-11 14:24:00+00:00,2026-08-11 14:25:00+00:00,2026-08-11 14:30:00+00:00,0.0009401441554373058,-0.0006020023934957994,0.0015421465489331052,7.710732744665526,5
BTC,1,2026-08-11 14:24:00+00:00,2026-08-11 14:25:00+00:00,2026-08-11 14:30:00+00:00,0.00119344994627113,0.00019085810267358764,0.0010025918435975425,5.012959217987713,5
DOT,1,2026-08-11 14:24:00+00:00,2026-08-11 14:25:00+00:00,2026-08-11 14:30:00+00:00,0.000507421032601707,-0.0013019138658710127,0.0018093348984727197,9.046674492363598,5
SOL,1,2026-08-11 14:24:00+00:00,2026-08-11 14:25:00+00:00,2026-08-11 14:30:00+00:00,-0.00039672044432692566,-0.0015969056159863642,0.0012001851716594385,6.000925858297193,5
XRP,1,2026-08-11 14:24:00+00:00,2026-08-11 14:25:00+00:00,2026-08-11 14:30:00+00:00,0.0005968961400715234,-0.000551656401259039,0.0011485525413305624,5.742762706652812,5
AVAX,1,2026-08-11 14:50:00+00:00,2026-08-11 14:51:00+00:00,2026-08-11 14:56:00+00:00,-0.012654223347042137,-0.014196369895975242,0.0015421465489331052,7.710732744665526,5
DOT,1,2026-08-11 14:50:00+00:00,2026-08-11 14:51:00+00:00,2026-08-11 14:56:00+00:00,-0.0028068384792040435,-0.0046161733776767635,0.0018093348984727197,9.046674492363598,5
SOL,1,2026-08-11 14:50:00+00:00,2026-08-11 14:51:00+00:00,2026-08-11 14:56:00+00:00,-0.0007979784545817381,-0.001998163626241177,0.0012001851716594385,6.000925858297193,5
XRP,1,2026-08-11 14:50:00+00:00,2026-08-11 14:51:00+00:00,2026-08-11 14:56:00+00:00,0.00010026067776225389,-0.0010482918635683085,0.0011485525413305624,5.742762706652812,5
BNB,1,2026-08-11 14:55:00+00:00,2026-08-11 14:56:00+00:00,2026-08-11 15:01:00+00:00,0.00032965221691094726,-0.0009615321756059035,0.0012911843925168507,6.455921962584254,5
XRP,1,2026-08-11 14:57:00+00:00,2026-08-11 14:58:00+00:00,2026-08-11 15:03:00+00:00,0.0038294870502872946,0.002680934508956732,0.0011485525413305624,5.742762706652812,5
AVAX,1,2026-08-11 15:00:00+00:00,2026-08-11 15:01:00+00:00,2026-08-11 15:06:00+00:00,0.0039024390243902474,0.0023602924754571424,0.0015421465489331052,7.710732744665526,5
DOT,1,2026-08-11 15:00:00+00:00,2026-08-11 15:01:00+00:00,2026-08-11 15:06:00+00:00,0.0008992805755396738,-0.000910054322933046,0.0018093348984727197,9.046674492363598,5
BNB,-1,2026-08-11 15:02:00+00:00,2026-08-11 15:03:00+00:00,2026-08-11 15:08:00+00:00,-0.00016444663706627338,-0.0014556310295831241,0.0012911843925168507,6.455921962584254,5
AVAX,-1,2026-08-11 15:07:00+00:00,2026-08-11 15:08:00+00:00,2026-08-11 15:13:00+00:00,-0.0006458905215567246,-0.0021880370704898296,0.0015421465489331052,7.710732744665526,5
XRP,1,2026-08-11 15:11:00+00:00,2026-08-11 15:12:00+00:00,2026-08-11 15:17:00+00:00,0.00210885720024101,0.0009603046589104476,0.0011485525413305624,5.742762706652812,5
LINK,-1,2026-08-11 15:19:00+00:00,2026-08-11 15:20:00+00:00,2026-08-11 15:25:00+00:00,-0.0015170965106781065,-0.0028244342539633467,0.0013073377432852404,6.536688716426203,5
SOL,-1,2026-08-11 15:19:00+00:00,2026-08-11 15:20:00+00:00,2026-08-11 15:25:00+00:00,-0.0011969676818726072,-0.002397152853532046,0.0012001851716594385,6.000925858297193,5
XRP,-1,2026-08-11 15:19:00+00:00,2026-08-11 15:20:00+00:00,2026-08-11 15:25:00+00:00,-0.0022993102069379656,-0.003447862748268528,0.0011485525413305624,5.742762706652812,5
ETH,-1,2026-08-11 15:21:00+00:00,2026-08-11 15:22:00+00:00,2026-08-11 15:27:00+00:00,-0.00013328357413233682,-0.0011416683867285426,0.0010083848125962058,5.041924062981029,5
XRP,-1,2026-08-11 15:27:00+00:00,2026-08-11 15:28:00+00:00,2026-08-11 15:33:00+00:00,0.00019882692116512946,-0.0009497256201654329,0.0011485525413305624,5.742762706652812,5
BNB,1,2026-08-11 15:35:00+00:00,2026-08-11 15:36:00+00:00,2026-08-11 15:41:00+00:00,-0.000988956650733508,-0.0022801410432503584,0.0012911843925168507,6.455921962584254,5
ETH,1,2026-08-11 15:36:00+00:00,2026-08-11 15:37:00+00:00,2026-08-11 15:42:00+00:00,-0.00527850122718454,-0.006286886039780746,0.0010083848125962058,5.041924062981029,5
SOL,1,2026-08-11 15:36:00+00:00,2026-08-11 15:37:00+00:00,2026-08-11 15:42:00+00:00,-0.002935290193462281,-0.00413547536512172,0.0012001851716594385,6.000925858297193,5
AVAX,1,2026-08-11 15:37:00+00:00,2026-08-11 15:38:00+00:00,2026-08-11 15:43:00+00:00,-0.0016095284081764083,-0.0031516749571095133,0.0015421465489331052,7.710732744665526,5
BTC,1,2026-08-11 15:37:00+00:00,2026-08-11 15:38:00+00:00,2026-08-11 15:43:00+00:00,-0.0012022654205489092,-0.0022048572641464514,0.0010025918435975425,5.012959217987713,5
LINK,1,2026-08-11 15:37:00+00:00,2026-08-11 15:38:00+00:00,2026-08-11 15:43:00+00:00,0.0,-0.0013073377432852404,0.0013073377432852404,6.536688716426203,5
XRP,1,2026-08-11 15:41:00+00:00,2026-08-11 15:42:00+00:00,2026-08-11 15:47:00+00:00,0.003308602366151936,0.0021600498248213734,0.0011485525413305624,5.742762706652812,5
BTC,-1,2026-08-11 15:58:00+00:00,2026-08-11 15:59:00+00:00,2026-08-11 16:04:00+00:00,0.0001289466318196153,-0.0008736452117779272,0.0010025918435975425,5.012959217987713,5
AVAX,1,2026-08-11 16:00:00+00:00,2026-08-11 16:01:00+00:00,2026-08-11 16:06:00+00:00,0.005812076202776906,0.004269929653843801,0.0015421465489331052,7.710732744665526,5
ETH,-1,2026-08-11 16:09:00+00:00,2026-08-11 16:10:00+00:00,2026-08-11 16:15:00+00:00,0.0004289337243779112,-0.0005794510882182946,0.0010083848125962058,5.041924062981029,5
BTC,1,2026-08-11 18:33:00+00:00,2026-08-11 18:34:00+00:00,2026-08-11 18:39:00+00:00,0.00022571866930176654,-0.0007768731742957759,0.0010025918435975425,5.012959217987713,5
BTC,1,2026-08-11 18:40:00+00:00,2026-08-11 18:41:00+00:00,2026-08-11 18:46:00+00:00,0.0007067383629282276,-0.0002958534806693149,0.0010025918435975425,5.012959217987713,5
ADA,-1,2026-08-11 19:42:00+00:00,2026-08-11 19:43:00+00:00,2026-08-11 19:48:00+00:00,0.0005411255411255089,-0.0014566295100092576,0.0019977550511347665,9.988775255673833,5
ADA,-1,2026-08-11 19:59:00+00:00,2026-08-11 20:00:00+00:00,2026-08-11 20:05:00+00:00,-0.000538502961766163,-0.0025362580129009295,0.0019977550511347665,9.988775255673833,5
BTC,-1,2026-08-11 20:00:00+00:00,2026-08-11 20:01:00+00:00,2026-08-11 20:06:00+00:00,-0.0009609093882891884,-0.0019635012318867306,0.0010025918435975425,5.012959217987713,5
SOL,-1,2026-08-11 20:00:00+00:00,2026-08-11 20:01:00+00:00,2026-08-11 20:06:00+00:00,-0.0019807209824374006,-0.0031809061540968393,0.0012001851716594385,6.000925858297193,5
AVAX,-1,2026-08-11 20:07:00+00:00,2026-08-11 20:08:00+00:00,2026-08-11 20:13:00+00:00,0.00015830299192665098,-0.0013838435570064543,0.0015421465489331052,7.710732744665526,5
XRP,-1,2026-08-11 20:07:00+00:00,2026-08-11 20:08:00+00:00,2026-08-11 20:13:00+00:00,0.0003912363067292146,-0.0007573162346013477,0.0011485525413305624,5.742762706652812,5
SOL,-1,2026-08-11 20:08:00+00:00,2026-08-11 20:09:00+00:00,2026-08-11 20:14:00+00:00,-0.00026291573550696334,-0.0014631009071664018,0.0012001851716594385,6.000925858297193,5
ADA,1,2026-08-11 20:58:00+00:00,2026-08-11 20:59:00+00:00,2026-08-11 21:04:00+00:00,-0.002159827213822907,-0.004157582264957674,0.0019977550511347665,9.988775255673833,5
ADA,-1,2026-08-11 21:13:00+00:00,2026-08-11 21:14:00+00:00,2026-08-11 21:19:00+00:00,-0.003225806451612856,-0.005223561502747623,0.0019977550511347665,9.988775255673833,5
ADA,-1,2026-08-11 21:21:00+00:00,2026-08-11 21:22:00+00:00,2026-08-11 21:27:00+00:00,0.0032051282051283048,0.0012073731539935383,0.0019977550511347665,9.988775255673833,5
XRP,-1,2026-08-11 21:39:00+00:00,2026-08-11 21:40:00+00:00,2026-08-11 21:45:00+00:00,-0.0008797653958945162,-0.0020283179372250788,0.0011485525413305624,5.742762706652812,5
SOL,-1,2026-08-11 22:00:00+00:00,2026-08-11 22:01:00+00:00,2026-08-11 22:06:00+00:00,0.0009143155694880667,-0.0002858696021713718,0.0012001851716594385,6.000925858297193,5
BNB,-1,2026-08-11 23:27:00+00:00,2026-08-11 23:28:00+00:00,2026-08-11 23:33:00+00:00,0.0017854244440838052,0.0004942400515669544,0.0012911843925168507,6.455921962584254,5
BNB,-1,2026-08-11 23:34:00+00:00,2026-08-11 23:35:00+00:00,2026-08-11 23:40:00+00:00,0.0006492452523940706,-0.0006419391401227801,0.0012911843925168507,6.455921962584254,5
ADA,1,2026-08-12 00:15:00+00:00,2026-08-12 00:16:00+00:00,2026-08-12 00:21:00+00:00,-0.0010746910263298437,-0.00307244607746461,0.0019977550511347665,9.988775255673833,5
BNB,-1,2026-08-12 04:18:00+00:00,2026-08-12 04:19:00+00:00,2026-08-12 04:24:00+00:00,-0.0004878842088145152,-0.001779068601331366,0.0012911843925168507,6.455921962584254,5
BNB,1,2026-08-12 06:04:00+00:00,2026-08-12 06:05:00+00:00,2026-08-12 06:10:00+00:00,-0.0001637465203865318,-0.0014549309129033826,0.0012911843925168507,6.455921962584254,5
ADA,1,2026-08-12 06:53:00+00:00,2026-08-12 06:54:00+00:00,2026-08-12 06:59:00+00:00,-0.0005396654074473206,-0.002537420458582087,0.0019977550511347665,9.988775255673833,5
AVAX,-1,2026-08-12 07:15:00+00:00,2026-08-12 07:16:00+00:00,2026-08-12 07:21:00+00:00,0.0015997440409535324,5.7597492020427165e-05,0.0015421465489331052,7.710732744665526,5
BTC,-1,2026-08-12 09:19:00+00:00,2026-08-12 09:20:00+00:00,2026-08-12 09:25:00+00:00,-0.00014701926265159315,-0.0011496111062491356,0.0010025918435975425,5.012959217987713,5
XRP,-1,2026-08-12 09:19:00+00:00,2026-08-12 09:20:00+00:00,2026-08-12 09:25:00+00:00,-0.0017617695996867688,-0.0029103221410173314,0.0011485525413305624,5.742762706652812,5
ETH,-1,2026-08-12 09:32:00+00:00,2026-08-12 09:33:00+00:00,2026-08-12 09:38:00+00:00,0.0013990484374672985,0.00039066362487109266,0.0010083848125962058,5.041924062981029,5
ADA,-1,2026-08-12 09:46:00+00:00,2026-08-12 09:47:00+00:00,2026-08-12 09:52:00+00:00,-0.0010706638115631772,-0.0030684188626979437,0.0019977550511347665,9.988775255673833,5
ETH,-1,2026-08-12 10:02:00+00:00,2026-08-12 10:03:00+00:00,2026-08-12 10:08:00+00:00,0.0010358519882603945,2.7467175664188694e-05,0.0010083848125962058,5.041924062981029,5
LINK,-1,2026-08-12 10:35:00+00:00,2026-08-12 10:36:00+00:00,2026-08-12 10:41:00+00:00,-0.0018095453517303905,-0.0031168830950156308,0.0013073377432852404,6.536688716426203,5
BTC,-1,2026-08-12 11:00:00+00:00,2026-08-12 11:01:00+00:00,2026-08-12 11:06:00+00:00,0.001226328509566832,0.00022373666596928947,0.0010025918435975425,5.012959217987713,5
ADA,1,2026-08-12 11:13:00+00:00,2026-08-12 11:14:00+00:00,2026-08-12 11:19:00+00:00,0.0005379236148466138,-0.0014598314362881527,0.0019977550511347665,9.988775255673833,5
SOL,-1,2026-08-12 12:04:00+00:00,2026-08-12 12:05:00+00:00,2026-08-12 12:10:00+00:00,0.0009090909090908594,-0.00029109426256857906,0.0012001851716594385,6.000925858297193,5
AVAX,-1,2026-08-12 12:27:00+00:00,2026-08-12 12:28:00+00:00,2026-08-12 12:33:00+00:00,-0.014556962025316311,-0.016099108574249416,0.0015421465489331052,7.710732744665526,5
ETH,-1,2026-08-12 12:28:00+00:00,2026-08-12 12:29:00+00:00,2026-08-12 12:34:00+00:00,0.001782271092813592,0.0007738862802173863,0.0010083848125962058,5.041924062981029,5
BNB,1,2026-08-12 12:30:00+00:00,2026-08-12 12:31:00+00:00,2026-08-12 12:36:00+00:00,-0.0006522093592042921,-0.0019433937517211429,0.0012911843925168507,6.455921962584254,5
BTC,1,2026-08-12 12:30:00+00:00,2026-08-12 12:31:00+00:00,2026-08-12 12:36:00+00:00,-0.0008323526431872619,-0.0018349444867848043,0.0010025918435975425,5.012959217987713,5
LINK,1,2026-08-12 12:30:00+00:00,2026-08-12 12:31:00+00:00,2026-08-12 12:36:00+00:00,0.002372345232715567,0.0010650074894303265,0.0013073377432852404,6.536688716426203,5
SOL,1,2026-08-12 12:30:00+00:00,2026-08-12 12:31:00+00:00,2026-08-12 12:36:00+00:00,0.0001302592158396454,-0.001069925955819793,0.0012001851716594385,6.000925858297193,5
XRP,1,2026-08-12 12:30:00+00:00,2026-08-12 12:31:00+00:00,2026-08-12 12:36:00+00:00,0.0,-0.0011485525413305624,0.0011485525413305624,5.742762706652812,5
DOT,-1,2026-08-12 12:33:00+00:00,2026-08-12 12:34:00+00:00,2026-08-12 12:39:00+00:00,-0.00012567550584385856,-0.0019350104043165783,0.0018093348984727197,9.046674492363598,5
SOL,1,2026-08-12 12:37:00+00:00,2026-08-12 12:38:00+00:00,2026-08-12 12:43:00+00:00,-0.002736869542551923,-0.003937054714211362,0.0012001851716594385,6.000925858297193,5
ADA,1,2026-08-12 12:38:00+00:00,2026-08-12 12:39:00+00:00,2026-08-12 12:44:00+00:00,-0.005396654074473872,-0.007394409125608639,0.0019977550511347665,9.988775255673833,5
BTC,1,2026-08-12 12:39:00+00:00,2026-08-12 12:40:00+00:00,2026-08-12 12:45:00+00:00,0.0004950162637047395,-0.000507575579892803,0.0010025918435975425,5.012959217987713,5
AVAX,-1,2026-08-12 12:43:00+00:00,2026-08-12 12:44:00+00:00,2026-08-12 12:49:00+00:00,0.002172900822598023,0.0006307542736649176,0.0015421465489331052,7.710732744665526,5
ADA,1,2026-08-12 12:45:00+00:00,2026-08-12 12:46:00+00:00,2026-08-12 12:51:00+00:00,-0.0005440696409140244,-0.002541824692048791,0.0019977550511347665,9.988775255673833,5
ADA,1,2026-08-12 13:34:00+00:00,2026-08-12 13:35:00+00:00,2026-08-12 13:40:00+00:00,0.0,-0.0019977550511347665,0.0019977550511347665,9.988775255673833,5
SOL,1,2026-08-12 13:40:00+00:00,2026-08-12 13:41:00+00:00,2026-08-12 13:46:00+00:00,0.0030231335436383677,0.0018229483719789292,0.0012001851716594385,6.000925858297193,5
AVAX,1,2026-08-12 13:50:00+00:00,2026-08-12 13:51:00+00:00,2026-08-12 13:56:00+00:00,-0.0026683409197928443,-0.004210487468725949,0.0015421465489331052,7.710732744665526,5
BTC,1,2026-08-12 14:02:00+00:00,2026-08-12 14:03:00+00:00,2026-08-12 14:08:00+00:00,-0.00014299003155215928,-0.0011455818751497017,0.0010025918435975425,5.012959217987713,5
SOL,1,2026-08-12 14:02:00+00:00,2026-08-12 14:03:00+00:00,2026-08-12 14:08:00+00:00,-0.001711652402896724,-0.0029118375745561626,0.0012001851716594385,6.000925858297193,5
DOT,1,2026-08-12 14:05:00+00:00,2026-08-12 14:06:00+00:00,2026-08-12 14:11:00+00:00,0.0029228618630066094,0.0011135269645338897,0.0018093348984727197,9.046674492363598,5
LINK,1,2026-08-12 14:05:00+00:00,2026-08-12 14:06:00+00:00,2026-08-12 14:11:00+00:00,0.0029663434112949805,0.00165900566800974,0.0013073377432852404,6.536688716426203,5
BTC,-1,2026-08-12 14:10:00+00:00,2026-08-12 14:11:00+00:00,2026-08-12 14:16:00+00:00,0.00021936112638809568,-0.0007832307172094468,0.0010025918435975425,5.012959217987713,5
ETH,-1,2026-08-12 14:10:00+00:00,2026-08-12 14:11:00+00:00,2026-08-12 14:16:00+00:00,0.00044748146900264185,-0.0005609033435935639,0.0010083848125962058,5.041924062981029,5
SOL,-1,2026-08-12 14:10:00+00:00,2026-08-12 14:11:00+00:00,2026-08-12 14:16:00+00:00,0.0002629848783693989,-0.0009372002932900396,0.0012001851716594385,6.000925858297193,5
BTC,1,2026-08-12 14:29:00+00:00,2026-08-12 14:30:00+00:00,2026-08-12 14:35:00+00:00,-0.001120538864468168,-0.00212313070806571,0.0010025918435975425,5.012959217987713,5
ETH,1,2026-08-12 14:29:00+00:00,2026-08-12 14:30:00+00:00,2026-08-12 14:35:00+00:00,-0.0010891460777524564,-0.002097530890348662,0.0010083848125962058,5.041924062981029,5
BNB,1,2026-08-12 14:34:00+00:00,2026-08-12 14:35:00+00:00,2026-08-12 14:40:00+00:00,-0.0004915615271177121,-0.0017827459196345628,0.0012911843925168507,6.455921962584254,5
DOT,1,2026-08-12 14:51:00+00:00,2026-08-12 14:52:00+00:00,2026-08-12 14:57:00+00:00,-0.0008964015879113774,-0.0027057364863840973,0.0018093348984727197,9.046674492363598,5
ETH,-1,2026-08-12 15:01:00+00:00,2026-08-12 15:02:00+00:00,2026-08-12 15:07:00+00:00,-0.0014775351113183177,-0.0024859199239145235,0.0010083848125962058,5.041924062981029,5
ADA,-1,2026-08-12 18:19:00+00:00,2026-08-12 18:20:00+00:00,2026-08-12 18:25:00+00:00,-0.0,-0.0019977550511347665,0.0019977550511347665,9.988775255673833,5
AVAX,1,2026-08-12 19:54:00+00:00,2026-08-12 19:55:00+00:00,2026-08-12 20:00:00+00:00,-0.00047214353163360645,-0.0020142900805667115,0.0015421465489331052,7.710732744665526,5
ADA,1,2026-08-12 21:24:00+00:00,2026-08-12 21:25:00+00:00,2026-08-12 21:30:00+00:00,0.0005527915975676034,-0.001444963453567163,0.0019977550511347665,9.988775255673833,5
DOT,1,2026-08-12 21:24:00+00:00,2026-08-12 21:25:00+00:00,2026-08-12 21:30:00+00:00,-0.0009043927648578753,-0.0027137276633305953,0.0018093348984727197,9.046674492363598,5
LINK,1,2026-08-12 21:24:00+00:00,2026-08-12 21:25:00+00:00,2026-08-12 21:30:00+00:00,-0.0027570361861000148,-0.004064373929385255,0.0013073377432852404,6.536688716426203,5
XRP,1,2026-08-12 21:24:00+00:00,2026-08-12 21:25:00+00:00,2026-08-12 21:30:00+00:00,0.0005973120955700129,-0.0005512404457605495,0.0011485525413305624,5.742762706652812,5
BNB,1,2026-08-12 21:26:00+00:00,2026-08-12 21:27:00+00:00,2026-08-12 21:32:00+00:00,-0.0004922874958975809,-0.0017834718884144317,0.0012911843925168507,6.455921962584254,5
DOT,-1,2026-08-12 21:31:00+00:00,2026-08-12 21:32:00+00:00,2026-08-12 21:37:00+00:00,0.000645911380958597,-0.0011634235175141227,0.0018093348984727197,9.046674492363598,5
XRP,-1,2026-08-12 21:31:00+00:00,2026-08-12 21:32:00+00:00,2026-08-12 21:37:00+00:00,0.000596777402029236,-0.0005517751393013263,0.0011485525413305624,5.742762706652812,5
ADA,1,2026-08-12 21:35:00+00:00,2026-08-12 21:36:00+00:00,2026-08-12 21:41:00+00:00,0.0005530973451328691,-0.0014446577060018974,0.0019977550511347665,9.988775255673833,5
LINK,-1,2026-08-12 21:37:00+00:00,2026-08-12 21:38:00+00:00,2026-08-12 21:43:00+00:00,-0.0006920415224913601,-0.0019993792657766003,0.0013073377432852404,6.536688716426203,5
XRP,1,2026-08-12 21:58:00+00:00,2026-08-12 21:59:00+00:00,2026-08-12 22:04:00+00:00,0.0006967947441769429,-0.0004517577971536195,0.0011485525413305624,5.742762706652812,5
DOT,1,2026-08-12 21:59:00+00:00,2026-08-12 22:00:00+00:00,2026-08-12 22:05:00+00:00,-0.001166407465007624,-0.002975742363480344,0.0018093348984727197,9.046674492363598,5
DOT,1,2026-08-13 00:04:00+00:00,2026-08-13 00:05:00+00:00,2026-08-13 00:10:00+00:00,0.002718798549974144,0.0009094636515014243,0.0018093348984727197,9.046674492363598,5
DOT,1,2026-08-13 00:11:00+00:00,2026-08-13 00:12:00+00:00,2026-08-13 00:17:00+00:00,0.002459228578824746,0.0006498936803520261,0.0018093348984727197,9.046674492363598,5
BTC,-1,2026-08-13 00:16:00+00:00,2026-08-13 00:17:00+00:00,2026-08-13 00:22:00+00:00,0.0009312800153277179,-7.131182826982459e-05,0.0010025918435975425,5.012959217987713,5
DOT,1,2026-08-13 00:27:00+00:00,2026-08-13 00:28:00+00:00,2026-08-13 00:33:00+00:00,0.0009070882467279162,-0.0009022466517448035,0.0018093348984727197,9.046674492363598,5
ADA,-1,2026-08-13 02:47:00+00:00,2026-08-13 02:48:00+00:00,2026-08-13 02:53:00+00:00,-0.00164473684210531,-0.0036424918932400764,0.0019977550511347665,9.988775255673833,5
SOL,-1,2026-08-13 02:47:00+00:00,2026-08-13 02:48:00+00:00,2026-08-13 02:53:00+00:00,-0.000791974656810801,-0.0019921598284702398,0.0012001851716594385,6.000925858297193,5
LINK,-1,2026-08-13 03:13:00+00:00,2026-08-13 03:14:00+00:00,2026-08-13 03:19:00+00:00,0.0009170105456213218,-0.00039032719766391864,0.0013073377432852404,6.536688716426203,5
AVAX,-1,2026-08-13 03:48:00+00:00,2026-08-13 03:49:00+00:00,2026-08-13 03:54:00+00:00,-0.0016904871676655109,-0.003232633716598616,0.0015421465489331052,7.710732744665526,5
BNB,-1,2026-08-13 03:58:00+00:00,2026-08-13 03:59:00+00:00,2026-08-13 04:04:00+00:00,-0.0004903563255966858,-0.0017815407181135366,0.0012911843925168507,6.455921962584254,5
AVAX,-1,2026-08-13 04:00:00+00:00,2026-08-13 04:01:00+00:00,2026-08-13 04:06:00+00:00,0.005360698422423038,0.003818551873489933,0.0015421465489331052,7.710732744665526,5
BTC,-1,2026-08-13 05:06:00+00:00,2026-08-13 05:07:00+00:00,2026-08-13 05:12:00+00:00,-0.0002162524700575208,-0.0012188443136550633,0.0010025918435975425,5.012959217987713,5
ETH,-1,2026-08-13 05:06:00+00:00,2026-08-13 05:07:00+00:00,2026-08-13 05:12:00+00:00,0.0004954696155894389,-0.0005129151970067669,0.0010083848125962058,5.041924062981029,5
BNB,-1,2026-08-13 05:07:00+00:00,2026-08-13 05:08:00+00:00,2026-08-13 05:13:00+00:00,0.0008139345596613889,-0.0004772498328554618,0.0012911843925168507,6.455921962584254,5
BTC,-1,2026-08-13 05:15:00+00:00,2026-08-13 05:16:00+00:00,2026-08-13 05:21:00+00:00,0.001390927091977745,0.00038833524838020254,0.0010025918435975425,5.012959217987713,5
LINK,-1,2026-08-13 05:15:00+00:00,2026-08-13 05:16:00+00:00,2026-08-13 05:21:00+00:00,0.002271694684234382,0.0009643569409491417,0.0013073377432852404,6.536688716426203,5
XRP,-1,2026-08-13 05:38:00+00:00,2026-08-13 05:39:00+00:00,2026-08-13 05:44:00+00:00,0.0003943995267204903,-0.0007541530146100721,0.0011485525413305624,5.742762706652812,5
ADA,-1,2026-08-13 06:06:00+00:00,2026-08-13 06:07:00+00:00,2026-08-13 06:12:00+00:00,0.0016242555495397104,-0.0003734995015950561,0.0019977550511347665,9.988775255673833,5
XRP,1,2026-08-13 10:02:00+00:00,2026-08-13 10:03:00+00:00,2026-08-13 10:08:00+00:00,-0.000990197049212882,-0.0021387495905434446,0.0011485525413305624,5.742762706652812,5
SOL,1,2026-08-13 10:07:00+00:00,2026-08-13 10:08:00+00:00,2026-08-13 10:13:00+00:00,-0.0003953089998682824,-0.0015954941715277209,0.0012001851716594385,6.000925858297193,5
XRP,1,2026-08-13 10:12:00+00:00,2026-08-13 10:13:00+00:00,2026-08-13 10:18:00+00:00,0.000992950054612196,-0.00015560248671836626,0.0011485525413305624,5.742762706652812,5
BNB,1,2026-08-13 10:27:00+00:00,2026-08-13 10:28:00+00:00,2026-08-13 10:33:00+00:00,-0.00016388069485417933,-0.00145506508737103,0.0012911843925168507,6.455921962584254,5
LINK,1,2026-08-13 11:10:00+00:00,2026-08-13 11:11:00+00:00,2026-08-13 11:16:00+00:00,-0.0019508836355291992,-0.0032582213788144394,0.0013073377432852404,6.536688716426203,5
ADA,1,2026-08-13 11:31:00+00:00,2026-08-13 11:32:00+00:00,2026-08-13 11:37:00+00:00,-0.0010893246187364536,-0.00308707966987122,0.0019977550511347665,9.988775255673833,5
BNB,1,2026-08-13 11:31:00+00:00,2026-08-13 11:32:00+00:00,2026-08-13 11:37:00+00:00,-0.0008219628472793117,-0.002113147239796162,0.0012911843925168507,6.455921962584254,5
XRP,1,2026-08-13 11:31:00+00:00,2026-08-13 11:32:00+00:00,2026-08-13 11:37:00+00:00,0.0008973975471135986,-0.0002511549942169637,0.0011485525413305624,5.742762706652812,5
DOT,1,2026-08-13 12:00:00+00:00,2026-08-13 12:01:00+00:00,2026-08-13 12:06:00+00:00,0.0009116957541024373,-0.0008976391443702824,0.0018093348984727197,9.046674492363598,5
BTC,1,2026-08-13 12:31:00+00:00,2026-08-13 12:32:00+00:00,2026-08-13 12:37:00+00:00,0.002253956244877342,0.0012513644012797996,0.0010025918435975425,5.012959217987713,5
ETH,-1,2026-08-13 13:06:00+00:00,2026-08-13 13:07:00+00:00,2026-08-13 13:12:00+00:00,0.0007132064706316665,-0.00029517834196453926,0.0010083848125962058,5.041924062981029,5
DOT,1,2026-08-13 13:15:00+00:00,2026-08-13 13:16:00+00:00,2026-08-13 13:21:00+00:00,0.00026096033402911445,-0.0015483745644436053,0.0018093348984727197,9.046674492363598,5
LINK,-1,2026-08-13 14:12:00+00:00,2026-08-13 14:13:00+00:00,2026-08-13 14:18:00+00:00,0.0018126203693213938,0.0005052826260361534,0.0013073377432852404,6.536688716426203,5
AVAX,-1,2026-08-13 14:44:00+00:00,2026-08-13 14:45:00+00:00,2026-08-13 14:50:00+00:00,0.00030788177339913236,-0.0012342647755339729,0.0015421465489331052,7.710732744665526,5
XRP,-1,2026-08-13 15:00:00+00:00,2026-08-13 15:01:00+00:00,2026-08-13 15:06:00+00:00,0.0005937067088856995,-0.0005548458324448628,0.0011485525413305624,5.742762706652812,5
AVAX,1,2026-08-13 15:12:00+00:00,2026-08-13 15:13:00+00:00,2026-08-13 15:18:00+00:00,-0.0012389654638377268,-0.0027811120127708318,0.0015421465489331052,7.710732744665526,5
ADA,1,2026-08-13 15:28:00+00:00,2026-08-13 15:29:00+00:00,2026-08-13 15:34:00+00:00,-0.0005455537370430141,-0.0025433087881777806,0.0019977550511347665,9.988775255673833,5
BTC,1,2026-08-13 15:28:00+00:00,2026-08-13 15:29:00+00:00,2026-08-13 15:34:00+00:00,0.0008523245500922094,-0.00015026729350533304,0.0010025918435975425,5.012959217987713,5
ETH,1,2026-08-13 15:28:00+00:00,2026-08-13 15:29:00+00:00,2026-08-13 15:34:00+00:00,0.002097226351781778,0.0010888415391855722,0.0010083848125962058,5.041924062981029,5
LINK,1,2026-08-13 15:28:00+00:00,2026-08-13 15:29:00+00:00,2026-08-13 15:34:00+00:00,0.00022771262666521075,-0.0010796251166200297,0.0013073377432852404,6.536688716426203,5
SOL,1,2026-08-13 15:28:00+00:00,2026-08-13 15:29:00+00:00,2026-08-13 15:34:00+00:00,0.0013154433043935931,0.00011525813273415464,0.0012001851716594385,6.000925858297193,5
XRP,1,2026-08-13 15:28:00+00:00,2026-08-13 15:29:00+00:00,2026-08-13 15:34:00+00:00,9.946290033813199e-05,-0.0010490896409924304,0.0011485525413305624,5.742762706652812,5
BNB,1,2026-08-13 15:30:00+00:00,2026-08-13 15:31:00+00:00,2026-08-13 15:36:00+00:00,0.0016474464579900872,0.0003562620654732364,0.0012911843925168507,6.455921962584254,5
BTC,1,2026-08-13 15:57:00+00:00,2026-08-13 15:58:00+00:00,2026-08-13 16:03:00+00:00,-0.0010821487978225353,-0.0020847406414200775,0.0010025918435975425,5.012959217987713,5
SOL,1,2026-08-13 15:57:00+00:00,2026-08-13 15:58:00+00:00,2026-08-13 16:03:00+00:00,-0.0011881188118811892,-0.002388303983540628,0.0012001851716594385,6.000925858297193,5
LINK,1,2026-08-13 15:58:00+00:00,2026-08-13 15:59:00+00:00,2026-08-13 16:04:00+00:00,-0.003082191780821808,-0.004389529524107048,0.0013073377432852404,6.536688716426203,5
ETH,1,2026-08-13 15:59:00+00:00,2026-08-13 16:00:00+00:00,2026-08-13 16:05:00+00:00,0.0009631296925967092,-4.525511999949657e-05,0.0010083848125962058,5.041924062981029,5
ADA,1,2026-08-13 16:27:00+00:00,2026-08-13 16:28:00+00:00,2026-08-13 16:33:00+00:00,0.0011031439602868787,-0.0008946110908478878,0.0019977550511347665,9.988775255673833,5
BNB,1,2026-08-13 16:27:00+00:00,2026-08-13 16:28:00+00:00,2026-08-13 16:33:00+00:00,0.0009874917709018494,-0.0003036926216150014,0.0012911843925168507,6.455921962584254,5
BTC,1,2026-08-13 16:29:00+00:00,2026-08-13 16:30:00+00:00,2026-08-13 16:35:00+00:00,0.000685171561275455,-0.0003174202823220875,0.0010025918435975425,5.012959217987713,5
BTC,1,2026-08-13 16:37:00+00:00,2026-08-13 16:38:00+00:00,2026-08-13 16:43:00+00:00,-0.006275995187876693,-0.007278587031474235,0.0010025918435975425,5.012959217987713,5
ETH,1,2026-08-13 16:37:00+00:00,2026-08-13 16:38:00+00:00,2026-08-13 16:43:00+00:00,-0.006417397329637975,-0.007425782142234181,0.0010083848125962058,5.041924062981029,5
BNB,1,2026-08-13 16:39:00+00:00,2026-08-13 16:40:00+00:00,2026-08-13 16:45:00+00:00,-0.00016493485073376668,-0.0014561192432506174,0.0012911843925168507,6.455921962584254,5
SOL,1,2026-08-13 16:39:00+00:00,2026-08-13 16:40:00+00:00,2026-08-13 16:45:00+00:00,0.0007970244420829609,-0.00040316072957647764,0.0012001851716594385,6.000925858297193,5
XRP,1,2026-08-13 16:39:00+00:00,2026-08-13 16:40:00+00:00,2026-08-13 16:45:00+00:00,0.003200640128025567,0.0020520875866950044,0.0011485525413305624,5.742762706652812,5
ADA,1,2026-08-13 16:41:00+00:00,2026-08-13 16:42:00+00:00,2026-08-13 16:47:00+00:00,0.0016620498614958734,-0.0003357051896388931,0.0019977550511347665,9.988775255673833,5
DOT,1,2026-08-13 16:41:00+00:00,2026-08-13 16:42:00+00:00,2026-08-13 16:47:00+00:00,0.002484634497188276,0.0006752995987155564,0.0018093348984727197,9.046674492363598,5
BTC,-1,2026-08-13 16:44:00+00:00,2026-08-13 16:45:00+00:00,2026-08-13 16:50:00+00:00,-0.0030538497086693983,-0.0040564415522669406,0.0010025918435975425,5.012959217987713,5
ETH,-1,2026-08-13 16:44:00+00:00,2026-08-13 16:45:00+00:00,2026-08-13 16:50:00+00:00,-0.0023683000630834172,-0.003376684875679623,0.0010083848125962058,5.041924062981029,5
LINK,-1,2026-08-13 16:44:00+00:00,2026-08-13 16:45:00+00:00,2026-08-13 16:50:00+00:00,-0.002525252525252597,-0.0038325902685378372,0.0013073377432852404,6.536688716426203,5
BTC,1,2026-08-13 16:52:00+00:00,2026-08-13 16:53:00+00:00,2026-08-13 16:58:00+00:00,2.3785888942029487e-05,-0.000978805954655513,0.0010025918435975425,5.012959217987713,5
ETH,1,2026-08-13 16:52:00+00:00,2026-08-13 16:53:00+00:00,2026-08-13 16:58:00+00:00,9.077996005668609e-05,-0.0009176048525395197,0.0010083848125962058,5.041924062981029,5
XRP,1,2026-08-13 16:52:00+00:00,2026-08-13 16:53:00+00:00,2026-08-13 16:58:00+00:00,-0.0010952902519166807,-0.0022438427932472433,0.0011485525413305624,5.742762706652812,5
LINK,-1,2026-08-13 17:03:00+00:00,2026-08-13 17:04:00+00:00,2026-08-13 17:09:00+00:00,0.0010289242025838252,-0.0002784135407014152,0.0013073377432852404,6.536688716426203,5
XRP,-1,2026-08-13 18:53:00+00:00,2026-08-13 18:54:00+00:00,2026-08-13 18:59:00+00:00,0.0008917071237493079,-0.0002568454175812544,0.0011485525413305624,5.742762706652812,5
ETH,-1,2026-08-13 19:06:00+00:00,2026-08-13 19:07:00+00:00,2026-08-13 19:12:00+00:00,-0.0011601358259478722,-0.002168520638544078,0.0010083848125962058,5.041924062981029,5
LINK,1,2026-08-13 19:24:00+00:00,2026-08-13 19:25:00+00:00,2026-08-13 19:30:00+00:00,0.0002273760800364233,-0.0010799616632488171,0.0013073377432852404,6.536688716426203,5
ADA,-1,2026-08-14 00:39:00+00:00,2026-08-14 00:40:00+00:00,2026-08-14 00:45:00+00:00,-0.002192982456140191,-0.004190737507274958,0.0019977550511347665,9.988775255673833,5
AVAX,-1,2026-08-14 00:50:00+00:00,2026-08-14 00:51:00+00:00,2026-08-14 00:56:00+00:00,0.002007722007722035,0.00046557545878892956,0.0015421465489331052,7.710732744665526,5
DOT,1,2026-08-14 03:41:00+00:00,2026-08-14 03:42:00+00:00,2026-08-14 03:47:00+00:00,-0.0009180327868851812,-0.002727367685357901,0.0018093348984727197,9.046674492363598,5
ETH,-1,2026-08-14 04:16:00+00:00,2026-08-14 04:17:00+00:00,2026-08-14 04:22:00+00:00,0.0007152545246472686,-0.0002931302879489372,0.0010083848125962058,5.041924062981029,5
BNB,-1,2026-08-14 06:43:00+00:00,2026-08-14 06:44:00+00:00,2026-08-14 06:49:00+00:00,-0.000493583415597243,-0.0017847678081140937,0.0012911843925168507,6.455921962584254,5
DOT,1,2026-08-14 06:47:00+00:00,2026-08-14 06:48:00+00:00,2026-08-14 06:53:00+00:00,-0.0019749835418036987,-0.0037843184402764187,0.0018093348984727197,9.046674492363598,5
ADA,1,2026-08-14 06:52:00+00:00,2026-08-14 06:53:00+00:00,2026-08-14 06:58:00+00:00,0.0011013215859030367,-0.0008964334652317297,0.0019977550511347665,9.988775255673833,5
BTC,1,2026-08-14 06:52:00+00:00,2026-08-14 06:53:00+00:00,2026-08-14 06:58:00+00:00,-0.0006730660858825788,-0.0016756579294801212,0.0010025918435975425,5.012959217987713,5
ADA,-1,2026-08-14 07:18:00+00:00,2026-08-14 07:19:00+00:00,2026-08-14 07:24:00+00:00,0.0005491488193301031,-0.0014486062318046634,0.0019977550511347665,9.988775255673833,5
BTC,1,2026-08-14 08:24:00+00:00,2026-08-14 08:25:00+00:00,2026-08-14 08:30:00+00:00,0.00017850312380462974,-0.0008240887197929127,0.0010025918435975425,5.012959217987713,5
LINK,-1,2026-08-14 08:58:00+00:00,2026-08-14 08:59:00+00:00,2026-08-14 09:04:00+00:00,-0.001365498406918686,-0.002672836150203926,0.0013073377432852404,6.536688716426203,5
LINK,-1,2026-08-14 10:03:00+00:00,2026-08-14 10:04:00+00:00,2026-08-14 10:09:00+00:00,0.0023710059839673336,0.0010636682406820932,0.0013073377432852404,6.536688716426203,5
ADA,1,2026-08-14 10:29:00+00:00,2026-08-14 10:30:00+00:00,2026-08-14 10:35:00+00:00,-0.0027593818984547047,-0.004757136949589472,0.0019977550511347665,9.988775255673833,5
ADA,1,2026-08-14 10:36:00+00:00,2026-08-14 10:37:00+00:00,2026-08-14 10:42:00+00:00,-0.007756232686980558,-0.009753987738115324,0.0019977550511347665,9.988775255673833,5
ADA,1,2026-08-14 10:51:00+00:00,2026-08-14 10:52:00+00:00,2026-08-14 10:57:00+00:00,0.0,-0.0019977550511347665,0.0019977550511347665,9.988775255673833,5
SOL,1,2026-08-14 10:58:00+00:00,2026-08-14 10:59:00+00:00,2026-08-14 11:04:00+00:00,0.001725511016724024,0.0005253258450645855,0.0012001851716594385,6.000925858297193,5
BNB,1,2026-08-14 11:04:00+00:00,2026-08-14 11:05:00+00:00,2026-08-14 11:10:00+00:00,-0.000661375661375585,-0.0019525600538924358,0.0012911843925168507,6.455921962584254,5
LINK,-1,2026-08-14 11:15:00+00:00,2026-08-14 11:16:00+00:00,2026-08-14 11:21:00+00:00,-0.006928668786915004,-0.008236006530200245,0.0013073377432852404,6.536688716426203,5
DOT,-1,2026-08-14 12:03:00+00:00,2026-08-14 12:04:00+00:00,2026-08-14 12:09:00+00:00,-0.00026336581511721135,-0.0020727007135899313,0.0018093348984727197,9.046674492363598,5
LINK,1,2026-08-14 12:09:00+00:00,2026-08-14 12:10:00+00:00,2026-08-14 12:15:00+00:00,-0.0009068238494671643,-0.0022141615927524045,0.0013073377432852404,6.536688716426203,5
LINK,-1,2026-08-14 12:23:00+00:00,2026-08-14 12:24:00+00:00,2026-08-14 12:29:00+00:00,-0.0019246009283369059,-0.003231938671622146,0.0013073377432852404,6.536688716426203,5
LINK,-1,2026-08-14 12:31:00+00:00,2026-08-14 12:32:00+00:00,2026-08-14 12:37:00+00:00,0.0004507042253520943,-0.0008566335179331461,0.0013073377432852404,6.536688716426203,5
SOL,1,2026-08-14 13:16:00+00:00,2026-08-14 13:17:00+00:00,2026-08-14 13:22:00+00:00,0.0009301089556204012,-0.0002700762160390373,0.0012001851716594385,6.000925858297193,5
BTC,1,2026-08-14 13:39:00+00:00,2026-08-14 13:40:00+00:00,2026-08-14 13:45:00+00:00,0.0009387782471670381,-6.38135964305044e-05,0.0010025918435975425,5.012959217987713,5
ADA,1,2026-08-14 14:18:00+00:00,2026-08-14 14:19:00+00:00,2026-08-14 14:24:00+00:00,0.0011198208286673506,-0.0008779342224674159,0.0019977550511347665,9.988775255673833,5
AVAX,1,2026-08-14 14:33:00+00:00,2026-08-14 14:34:00+00:00,2026-08-14 14:39:00+00:00,0.001883534766912609,0.0003413882179795038,0.0015421465489331052,7.710732744665526,5
BNB,1,2026-08-14 14:49:00+00:00,2026-08-14 14:50:00+00:00,2026-08-14 14:55:00+00:00,-0.0006622516556290536,-0.001953436048145904,0.0012911843925168507,6.455921962584254,5
ETH,-1,2026-08-14 15:29:00+00:00,2026-08-14 15:30:00+00:00,2026-08-14 15:35:00+00:00,0.0011921996082773223,0.0001838147956811165,0.0010083848125962058,5.041924062981029,5
SOL,-1,2026-08-14 15:29:00+00:00,2026-08-14 15:30:00+00:00,2026-08-14 15:35:00+00:00,0.0002647954455182733,-0.0009353897261411652,0.0012001851716594385,6.000925858297193,5
XRP,-1,2026-08-14 15:29:00+00:00,2026-08-14 15:30:00+00:00,2026-08-14 15:35:00+00:00,-0.0,-0.0011485525413305624,0.0011485525413305624,5.742762706652812,5
BNB,-1,2026-08-14 15:35:00+00:00,2026-08-14 15:36:00+00:00,2026-08-14 15:41:00+00:00,-0.0008260366760284299,-0.0021172210685452804,0.0012911843925168507,6.455921962584254,5
XRP,-1,2026-08-14 15:38:00+00:00,2026-08-14 15:39:00+00:00,2026-08-14 15:44:00+00:00,0.0010906206623040315,-5.7931879026530816e-05,0.0011485525413305624,5.742762706652812,5
ADA,-1,2026-08-14 15:46:00+00:00,2026-08-14 15:47:00+00:00,2026-08-14 15:52:00+00:00,0.0016675931072818173,-0.0003301619438529492,0.0019977550511347665,9.988775255673833,5
LINK,1,2026-08-14 16:42:00+00:00,2026-08-14 16:43:00+00:00,2026-08-14 16:48:00+00:00,0.00022619316896621555,-0.0010811445743190249,0.0013073377432852404,6.536688716426203,5
XRP,1,2026-08-14 16:50:00+00:00,2026-08-14 16:51:00+00:00,2026-08-14 16:56:00+00:00,0.000999200639488551,-0.00014935190184201127,0.0011485525413305624,5.742762706652812,5
LINK,-1,2026-08-14 17:30:00+00:00,2026-08-14 17:31:00+00:00,2026-08-14 17:36:00+00:00,-0.002579053599461867,-0.003886391342747107,0.0013073377432852404,6.536688716426203,5
AVAX,1,2026-08-14 17:55:00+00:00,2026-08-14 17:56:00+00:00,2026-08-14 18:01:00+00:00,-0.0007760360080707462,-0.0023181825570038513,0.0015421465489331052,7.710732744665526,5
ETH,1,2026-08-14 17:55:00+00:00,2026-08-14 17:56:00+00:00,2026-08-14 18:01:00+00:00,0.0004957435353443174,-0.0005126412772518884,0.0010083848125962058,5.041924062981029,5
SOL,1,2026-08-14 17:55:00+00:00,2026-08-14 17:56:00+00:00,2026-08-14 18:01:00+00:00,0.0010648209769732464,-0.0001353641946861921,0.0012001851716594385,6.000925858297193,5
ADA,-1,2026-08-14 18:31:00+00:00,2026-08-14 18:32:00+00:00,2026-08-14 18:37:00+00:00,-0.004469273743016755,-0.006467028794151522,0.0019977550511347665,9.988775255673833,5
LINK,-1,2026-08-14 18:37:00+00:00,2026-08-14 18:38:00+00:00,2026-08-14 18:43:00+00:00,-0.003921129285234137,-0.0052284670285193775,0.0013073377432852404,6.536688716426203,5
DOT,1,2026-08-14 18:45:00+00:00,2026-08-14 18:46:00+00:00,2026-08-14 18:51:00+00:00,-0.0017166248514458582,-0.003525959749918578,0.0018093348984727197,9.046674492363598,5
AVAX,1,2026-08-14 18:48:00+00:00,2026-08-14 18:49:00+00:00,2026-08-14 18:54:00+00:00,0.00281162136832247,0.0012694748193893648,0.0015421465489331052,7.710732744665526,5
LINK,1,2026-08-14 18:48:00+00:00,2026-08-14 18:49:00+00:00,2026-08-14 18:54:00+00:00,0.0022419011321601623,0.0009345633888749219,0.0013073377432852404,6.536688716426203,5
SOL,1,2026-08-14 18:48:00+00:00,2026-08-14 18:49:00+00:00,2026-08-14 18:54:00+00:00,0.0006676458806249563,-0.0005325392910344822,0.0012001851716594385,6.000925858297193,5
XRP,1,2026-08-14 18:48:00+00:00,2026-08-14 18:49:00+00:00,2026-08-14 18:54:00+00:00,0.0007011217948718063,-0.0004474307464587561,0.0011485525413305624,5.742762706652812,5
SOL,1,2026-08-14 19:00:00+00:00,2026-08-14 19:01:00+00:00,2026-08-14 19:06:00+00:00,0.00013385089010853335,-0.0010663342815509051,0.0012001851716594385,6.000925858297193,5
AVAX,1,2026-08-14 19:26:00+00:00,2026-08-14 19:27:00+00:00,2026-08-14 19:32:00+00:00,0.00031245117950318146,-0.0012296953694299238,0.0015421465489331052,7.710732744665526,5
XRP,1,2026-08-14 20:00:00+00:00,2026-08-14 20:01:00+00:00,2026-08-14 20:06:00+00:00,0.0012032487716835405,5.469623035297814e-05,0.0011485525413305624,5.742762706652812,5
ADA,1,2026-08-14 21:44:00+00:00,2026-08-14 21:45:00+00:00,2026-08-14 21:50:00+00:00,0.001121704991587258,-0.0008760500595475086,0.0019977550511347665,9.988775255673833,5
XRP,1,2026-08-14 22:16:00+00:00,2026-08-14 22:17:00+00:00,2026-08-14 22:22:00+00:00,0.00010064412238319775,-0.0010479084189473646,0.0011485525413305624,5.742762706652812,5
XRP,1,2026-08-14 22:24:00+00:00,2026-08-14 22:25:00+00:00,2026-08-14 22:30:00+00:00,-0.00010108157282928687,-0.0012496341141598492,0.0011485525413305624,5.742762706652812,5
XRP,-1,2026-08-14 23:13:00+00:00,2026-08-14 23:14:00+00:00,2026-08-14 23:19:00+00:00,-0.0011069739357953967,-0.0022555264771259593,0.0011485525413305624,5.742762706652812,5
AVAX,-1,2026-08-15 00:00:00+00:00,2026-08-15 00:01:00+00:00,2026-08-15 00:06:00+00:00,-0.001695437731195959,-0.003237584280129064,0.0015421465489331052,7.710732744665526,5
LINK,-1,2026-08-15 00:24:00+00:00,2026-08-15 00:25:00+00:00,2026-08-15 00:30:00+00:00,-0.0006640106241699861,-0.0019713483674552263,0.0013073377432852404,6.536688716426203,5
LINK,-1,2026-08-15 01:10:00+00:00,2026-08-15 01:11:00+00:00,2026-08-15 01:16:00+00:00,-0.00010950503723172744,-0.0014168427805169679,0.0013073377432852404,6.536688716426203,5
LINK,-1,2026-08-15 01:22:00+00:00,2026-08-15 01:23:00+00:00,2026-08-15 01:28:00+00:00,-0.0009809264305176146,-0.002288264173802855,0.0013073377432852404,6.536688716426203,5
LINK,-1,2026-08-15 01:58:00+00:00,2026-08-15 01:59:00+00:00,2026-08-15 02:04:00+00:00,-0.011392949269131591,-0.012700287012416833,0.0013073377432852404,6.536688716426203,5
LINK,1,2026-08-15 02:06:00+00:00,2026-08-15 02:07:00+00:00,2026-08-15 02:12:00+00:00,0.011081513052743741,0.0097741753094585,0.0013073377432852404,6.536688716426203,5
AVAX,-1,2026-08-15 02:10:00+00:00,2026-08-15 02:11:00+00:00,2026-08-15 02:16:00+00:00,-0.006277752258459612,-0.007819898807392717,0.0015421465489331052,7.710732744665526,5
LINK,-1,2026-08-15 02:15:00+00:00,2026-08-15 02:16:00+00:00,2026-08-15 02:21:00+00:00,-0.002831078955646271,-0.004138416698931511,0.0013073377432852404,6.536688716426203,5
XRP,-1,2026-08-15 02:15:00+00:00,2026-08-15 02:16:00+00:00,2026-08-15 02:21:00+00:00,-0.0004979583706801183,-0.0016465109120106806,0.0011485525413305624,5.742762706652812,5
AVAX,-1,2026-08-15 02:20:00+00:00,2026-08-15 02:21:00+00:00,2026-08-15 02:26:00+00:00,0.00045620437956195303,-0.0010859421693711522,0.0015421465489331052,7.710732744665526,5
LINK,1,2026-08-15 02:28:00+00:00,2026-08-15 02:29:00+00:00,2026-08-15 02:34:00+00:00,0.004502617801046993,0.003195280057761753,0.0013073377432852404,6.536688716426203,5
LINK,-1,2026-08-15 02:38:00+00:00,2026-08-15 02:39:00+00:00,2026-08-15 02:44:00+00:00,-0.0005175447676224465,-0.001824882510907687,0.0013073377432852404,6.536688716426203,5
AVAX,-1,2026-08-15 02:53:00+00:00,2026-08-15 02:54:00+00:00,2026-08-15 02:59:00+00:00,-0.0241837968561065,-0.025725943405039604,0.0015421465489331052,7.710732744665526,5
DOT,-1,2026-08-15 02:54:00+00:00,2026-08-15 02:55:00+00:00,2026-08-15 03:00:00+00:00,0.004501607717041778,0.002692272818569058,0.0018093348984727197,9.046674492363598,5
AVAX,-1,2026-08-15 03:00:00+00:00,2026-08-15 03:01:00+00:00,2026-08-15 03:06:00+00:00,0.0029222676797194813,0.001380121130786376,0.0015421465489331052,7.710732744665526,5
DOT,-1,2026-08-15 03:05:00+00:00,2026-08-15 03:06:00+00:00,2026-08-15 03:11:00+00:00,0.0009004373552868872,-0.0009088975431858326,0.0018093348984727197,9.046674492363598,5
AVAX,1,2026-08-15 03:07:00+00:00,2026-08-15 03:08:00+00:00,2026-08-15 03:13:00+00:00,0.005437178545187438,0.0038950319962543327,0.0015421465489331052,7.710732744665526,5
LINK,1,2026-08-15 03:11:00+00:00,2026-08-15 03:12:00+00:00,2026-08-15 03:17:00+00:00,-0.001550708156724978,-0.0028580459000102183,0.0013073377432852404,6.536688716426203,5
AVAX,1,2026-08-15 03:16:00+00:00,2026-08-15 03:17:00+00:00,2026-08-15 03:22:00+00:00,-0.0019148622772131585,-0.0034570088261462635,0.0015421465489331052,7.710732744665526,5
ADA,1,2026-08-15 03:19:00+00:00,2026-08-15 03:20:00+00:00,2026-08-15 03:25:00+00:00,-0.0027639579878385723,-0.004761713038973339,0.0019977550511347665,9.988775255673833,5
LINK,1,2026-08-15 03:24:00+00:00,2026-08-15 03:25:00+00:00,2026-08-15 03:30:00+00:00,-0.005189413596263459,-0.006496751339548699,0.0013073377432852404,6.536688716426203,5
LINK,1,2026-08-15 03:58:00+00:00,2026-08-15 03:59:00+00:00,2026-08-15 04:04:00+00:00,0.0014645883460613351,0.00015725060277609472,0.0013073377432852404,6.536688716426203,5
AVAX,-1,2026-08-15 04:00:00+00:00,2026-08-15 04:01:00+00:00,2026-08-15 04:06:00+00:00,0.005008101340403526,0.0034659547914704207,0.0015421465489331052,7.710732744665526,5
LINK,1,2026-08-15 04:05:00+00:00,2026-08-15 04:06:00+00:00,2026-08-15 04:11:00+00:00,-0.0031459731543623803,-0.0044533108976476206,0.0013073377432852404,6.536688716426203,5
BNB,1,2026-08-15 04:47:00+00:00,2026-08-15 04:48:00+00:00,2026-08-15 04:53:00+00:00,0.0006548788474134426,-0.0006363055451034081,0.0012911843925168507,6.455921962584254,5
AVAX,1,2026-08-15 06:14:00+00:00,2026-08-15 06:15:00+00:00,2026-08-15 06:20:00+00:00,0.0039245283018867205,0.0023823817529536155,0.0015421465489331052,7.710732744665526,5
DOT,1,2026-08-15 06:14:00+00:00,2026-08-15 06:15:00+00:00,2026-08-15 06:20:00+00:00,0.0011680726800777919,-0.0006412622183949279,0.0018093348984727197,9.046674492363598,5
XRP,1,2026-08-15 08:02:00+00:00,2026-08-15 08:03:00+00:00,2026-08-15 08:08:00+00:00,0.0003995205753095643,-0.000749031966020998,0.0011485525413305624,5.742762706652812,5
ADA,1,2026-08-15 10:02:00+00:00,2026-08-15 10:03:00+00:00,2026-08-15 10:08:00+00:00,-0.0011173184357542443,-0.0031150734868890108,0.0019977550511347665,9.988775255673833,5
DOT,1,2026-08-15 10:21:00+00:00,2026-08-15 10:22:00+00:00,2026-08-15 10:27:00+00:00,-0.004732668201586132,-0.006542003100058852,0.0018093348984727197,9.046674492363598,5
ADA,1,2026-08-15 10:23:00+00:00,2026-08-15 10:24:00+00:00,2026-08-15 10:29:00+00:00,0.001680672268907557,-0.00031708278222720944,0.0019977550511347665,9.988775255673833,5
DOT,1,2026-08-15 11:00:00+00:00,2026-08-15 11:01:00+00:00,2026-08-15 11:06:00+00:00,0.0016641065028162316,-0.0001452283956564881,0.0018093348984727197,9.046674492363598,5
ADA,1,2026-08-15 11:09:00+00:00,2026-08-15 11:10:00+00:00,2026-08-15 11:15:00+00:00,0.0011210762331839152,-0.0008766788179508512,0.0019977550511347665,9.988775255673833,5
DOT,1,2026-08-15 11:09:00+00:00,2026-08-15 11:10:00+00:00,2026-08-15 11:15:00+00:00,-0.00294758426246311,-0.00475691916093583,0.0018093348984727197,9.046674492363598,5
BNB,-1,2026-08-15 11:58:00+00:00,2026-08-15 11:59:00+00:00,2026-08-15 12:04:00+00:00,0.00016347882949163672,-0.001127705563025214,0.0012911843925168507,6.455921962584254,5
BNB,-1,2026-08-15 12:06:00+00:00,2026-08-15 12:07:00+00:00,2026-08-15 12:12:00+00:00,0.0004896360372124153,-0.0008015483553044354,0.0012911843925168507,6.455921962584254,5
ADA,1,2026-08-15 12:29:00+00:00,2026-08-15 12:30:00+00:00,2026-08-15 12:35:00+00:00,0.001122964626614209,-0.0008747904245205575,0.0019977550511347665,9.988775255673833,5
BNB,1,2026-08-15 12:49:00+00:00,2026-08-15 12:50:00+00:00,2026-08-15 12:55:00+00:00,0.0,-0.0012911843925168507,0.0012911843925168507,6.455921962584254,5
AVAX,1,2026-08-15 16:15:00+00:00,2026-08-15 16:16:00+00:00,2026-08-15 16:21:00+00:00,0.0,-0.0015421465489331052,0.0015421465489331052,7.710732744665526,5
ADA,1,2026-08-15 17:00:00+00:00,2026-08-15 17:01:00+00:00,2026-08-15 17:06:00+00:00,0.0005627462014632378,-0.0014350088496715287,0.0019977550511347665,9.988775255673833,5
DOT,1,2026-08-15 18:00:00+00:00,2026-08-15 18:01:00+00:00,2026-08-15 18:06:00+00:00,-0.0020736132711248745,-0.0038829481695975944,0.0018093348984727197,9.046674492363598,5
ADA,1,2026-08-15 22:12:00+00:00,2026-08-15 22:13:00+00:00,2026-08-15 22:18:00+00:00,-0.0005643340857787171,-0.0025620891369134836,0.0019977550511347665,9.988775255673833,5
AVAX,1,2026-08-15 22:35:00+00:00,2026-08-15 22:36:00+00:00,2026-08-15 22:41:00+00:00,-0.0024879489970455193,-0.004030095545978624,0.0015421465489331052,7.710732744665526,5
DOT,1,2026-08-15 22:35:00+00:00,2026-08-15 22:36:00+00:00,2026-08-15 22:41:00+00:00,0.000783903841128808,-0.0010254310573439118,0.0018093348984727197,9.046674492363598,5
AVAX,1,2026-08-15 22:59:00+00:00,2026-08-15 23:00:00+00:00,2026-08-15 23:05:00+00:00,-0.005493643070161647,-0.007035789619094752,0.0015421465489331052,7.710732744665526,5
ADA,1,2026-08-15 23:30:00+00:00,2026-08-15 23:31:00+00:00,2026-08-15 23:36:00+00:00,0.0,-0.0019977550511347665,0.0019977550511347665,9.988775255673833,5
DOT,1,2026-08-15 23:30:00+00:00,2026-08-15 23:31:00+00:00,2026-08-15 23:36:00+00:00,0.00026350461133062275,-0.001545830287142097,0.0018093348984727197,9.046674492363598,5
BNB,1,2026-08-15 23:36:00+00:00,2026-08-15 23:37:00+00:00,2026-08-15 23:42:00+00:00,0.0,-0.0012911843925168507,0.0012911843925168507,6.455921962584254,5
AVAX,1,2026-08-16 00:00:00+00:00,2026-08-16 00:01:00+00:00,2026-08-16 00:06:00+00:00,0.004659383033418951,0.003117236484485846,0.0015421465489331052,7.710732744665526,5
ETH,1,2026-08-16 01:00:00+00:00,2026-08-16 01:01:00+00:00,2026-08-16 01:06:00+00:00,0.00027648250450607037,-0.0007319023080901354,0.0010083848125962058,5.041924062981029,5
ETH,1,2026-08-16 01:38:00+00:00,2026-08-16 01:39:00+00:00,2026-08-16 01:44:00+00:00,0.00016501562325355046,-0.0008433691893426553,0.0010083848125962058,5.041924062981029,5
SOL,1,2026-08-16 01:38:00+00:00,2026-08-16 01:39:00+00:00,2026-08-16 01:44:00+00:00,0.001328374070137972,0.00012818889847853354,0.0012001851716594385,6.000925858297193,5
BTC,1,2026-08-16 01:39:00+00:00,2026-08-16 01:40:00+00:00,2026-08-16 01:45:00+00:00,0.0010130183978749319,1.0426554277389406e-05,0.0010025918435975425,5.012959217987713,5
BTC,-1,2026-08-16 01:59:00+00:00,2026-08-16 02:00:00+00:00,2026-08-16 02:05:00+00:00,0.0006470993138842918,-0.0003554925297132507,0.0010025918435975425,5.012959217987713,5
ETH,-1,2026-08-16 02:19:00+00:00,2026-08-16 02:20:00+00:00,2026-08-16 02:25:00+00:00,-0.0014301892209456213,-0.002438574033541827,0.0010083848125962058,5.041924062981029,5
BTC,-1,2026-08-16 02:20:00+00:00,2026-08-16 02:21:00+00:00,2026-08-16 02:26:00+00:00,-0.0005169892827803224,-0.0015195811263778649,0.0010025918435975425,5.012959217987713,5
SOL,-1,2026-08-16 02:25:00+00:00,2026-08-16 02:26:00+00:00,2026-08-16 02:31:00+00:00,-0.000397035468501894,-0.0015972206401613325,0.0012001851716594385,6.000925858297193,5
ADA,1,2026-08-16 02:38:00+00:00,2026-08-16 02:39:00+00:00,2026-08-16 02:44:00+00:00,0.0011325028312572094,-0.0008652522198775571,0.0019977550511347665,9.988775255673833,5
XRP,-1,2026-08-16 04:18:00+00:00,2026-08-16 04:19:00+00:00,2026-08-16 04:24:00+00:00,-9.989012086708549e-05,-0.0012484426621976478,0.0011485525413305624,5.742762706652812,5
BNB,1,2026-08-16 06:13:00+00:00,2026-08-16 06:14:00+00:00,2026-08-16 06:19:00+00:00,-0.0008264462809917106,-0.002117630673508561,0.0012911843925168507,6.455921962584254,5
BTC,1,2026-08-16 06:14:00+00:00,2026-08-16 06:15:00+00:00,2026-08-16 06:20:00+00:00,0.00020629353983836474,-0.0007962983037591777,0.0010025918435975425,5.012959217987713,5
SOL,1,2026-08-16 06:49:00+00:00,2026-08-16 06:50:00+00:00,2026-08-16 06:55:00+00:00,-0.0005305039787799615,-0.0017306891504394,0.0012001851716594385,6.000925858297193,5
ADA,-1,2026-08-16 08:01:00+00:00,2026-08-16 08:02:00+00:00,2026-08-16 08:07:00+00:00,0.0022471910112358273,0.00024943596010106083,0.0019977550511347665,9.988775255673833,5
BTC,1,2026-08-16 09:42:00+00:00,2026-08-16 09:43:00+00:00,2026-08-16 09:48:00+00:00,-0.00026036374720583844,-0.001262955590803381,0.0010025918435975425,5.012959217987713,5
SOL,1,2026-08-16 09:42:00+00:00,2026-08-16 09:43:00+00:00,2026-08-16 09:48:00+00:00,-0.00013281976358092695,-0.0013330049352403654,0.0012001851716594385,6.000925858297193,5
XRP,1,2026-08-16 09:42:00+00:00,2026-08-16 09:43:00+00:00,2026-08-16 09:48:00+00:00,0.0003000600120024455,-0.0008484925293281169,0.0011485525413305624,5.742762706652812,5
ADA,1,2026-08-16 10:12:00+00:00,2026-08-16 10:13:00+00:00,2026-08-16 10:18:00+00:00,-0.00170068027210879,-0.0036984353232435564,0.0019977550511347665,9.988775255673833,5
XRP,1,2026-08-16 10:15:00+00:00,2026-08-16 10:16:00+00:00,2026-08-16 10:21:00+00:00,0.0008020050125312483,-0.000346547528799314,0.0011485525413305624,5.742762706652812,5
XRP,1,2026-08-16 12:11:00+00:00,2026-08-16 12:12:00+00:00,2026-08-16 12:17:00+00:00,-0.00020022024226651336,-0.0013487727835970757,0.0011485525413305624,5.742762706652812,5
ADA,1,2026-08-16 12:30:00+00:00,2026-08-16 12:31:00+00:00,2026-08-16 12:36:00+00:00,0.0,-0.0019977550511347665,0.0019977550511347665,9.988775255673833,5
ADA,1,2026-08-16 12:44:00+00:00,2026-08-16 12:45:00+00:00,2026-08-16 12:50:00+00:00,0.001136363636363713,-0.0008613914147710534,0.0019977550511347665,9.988775255673833,5
ETH,-1,2026-08-16 13:30:00+00:00,2026-08-16 13:31:00+00:00,2026-08-16 13:36:00+00:00,0.00011693854879257781,-0.000891446263803628,0.0010083848125962058,5.041924062981029,5
LINK,-1,2026-08-16 14:17:00+00:00,2026-08-16 14:18:00+00:00,2026-08-16 14:23:00+00:00,-0.0018234473881797442,-0.0031307851314649844,0.0013073377432852404,6.536688716426203,5
ADA,-1,2026-08-16 14:20:00+00:00,2026-08-16 14:21:00+00:00,2026-08-16 14:26:00+00:00,-0.0017035775127767216,-0.003701332563911488,0.0019977550511347665,9.988775255673833,5
BTC,-1,2026-08-16 14:20:00+00:00,2026-08-16 14:21:00+00:00,2026-08-16 14:26:00+00:00,-2.8544877304748084e-05,-0.0010311367209022905,0.0010025918435975425,5.012959217987713,5
ETH,1,2026-08-16 14:26:00+00:00,2026-08-16 14:27:00+00:00,2026-08-16 14:32:00+00:00,-2.6572564358895434e-05,-0.0010349573769551012,0.0010083848125962058,5.041924062981029,5
ADA,1,2026-08-16 14:40:00+00:00,2026-08-16 14:41:00+00:00,2026-08-16 14:46:00+00:00,0.0,-0.0019977550511347665,0.0019977550511347665,9.988775255673833,5
AVAX,1,2026-08-16 14:43:00+00:00,2026-08-16 14:44:00+00:00,2026-08-16 14:49:00+00:00,0.0007806401249024209,-0.0007615064240306844,0.0015421465489331052,7.710732744665526,5
ETH,1,2026-08-16 15:44:00+00:00,2026-08-16 15:45:00+00:00,2026-08-16 15:50:00+00:00,0.0008343740865728311,-0.00017401072602337472,0.0010083848125962058,5.041924062981029,5
SOL,-1,2026-08-16 15:46:00+00:00,2026-08-16 15:47:00+00:00,2026-08-16 15:52:00+00:00,-0.00013232764324477841,-0.001332512814904217,0.0012001851716594385,6.000925858297193,5
BTC,-1,2026-08-16 16:11:00+00:00,2026-08-16 16:12:00+00:00,2026-08-16 16:17:00+00:00,-0.0015280254111418312,-0.0025306172547393735,0.0010025918435975425,5.012959217987713,5
XRP,-1,2026-08-16 16:11:00+00:00,2026-08-16 16:12:00+00:00,2026-08-16 16:17:00+00:00,-0.0002994609702535733,-0.0014480135115841357,0.0011485525413305624,5.742762706652812,5
SOL,1,2026-08-16 16:12:00+00:00,2026-08-16 16:13:00+00:00,2026-08-16 16:18:00+00:00,0.0011925268318537796,-7.658339805658885e-06,0.0012001851716594385,6.000925858297193,5
ETH,-1,2026-08-16 16:17:00+00:00,2026-08-16 16:18:00+00:00,2026-08-16 16:23:00+00:00,-3.1800546969273924e-05,-0.0010401853595654797,0.0010083848125962058,5.041924062981029,5
BTC,1,2026-08-16 16:21:00+00:00,2026-08-16 16:22:00+00:00,2026-08-16 16:27:00+00:00,0.0008031976119100559,-0.00019939423168748656,0.0010025918435975425,5.012959217987713,5
LINK,1,2026-08-16 16:21:00+00:00,2026-08-16 16:22:00+00:00,2026-08-16 16:27:00+00:00,0.001494768310911887,0.00018743056762664657,0.0013073377432852404,6.536688716426203,5
BTC,-1,2026-08-16 16:30:00+00:00,2026-08-16 16:31:00+00:00,2026-08-16 16:36:00+00:00,-0.00013261678170639613,-0.0011352086253039386,0.0010025918435975425,5.012959217987713,5
ETH,-1,2026-08-16 16:30:00+00:00,2026-08-16 16:31:00+00:00,2026-08-16 16:36:00+00:00,-0.0004868574936363057,-0.0014952423062325115,0.0010083848125962058,5.041924062981029,5
AVAX,1,2026-08-16 16:31:00+00:00,2026-08-16 16:32:00+00:00,2026-08-16 16:37:00+00:00,-0.00046933667083859376,-0.0020114832197716988,0.0015421465489331052,7.710732744665526,5
DOT,1,2026-08-16 16:36:00+00:00,2026-08-16 16:37:00+00:00,2026-08-16 16:42:00+00:00,-0.0016980146290490605,-0.0035073495275217805,0.0018093348984727197,9.046674492363598,5
ETH,1,2026-08-16 16:39:00+00:00,2026-08-16 16:40:00+00:00,2026-08-16 16:45:00+00:00,-3.7050563433171924e-05,-0.0010454353760293777,0.0010083848125962058,5.041924062981029,5
ADA,1,2026-08-16 16:50:00+00:00,2026-08-16 16:51:00+00:00,2026-08-16 16:56:00+00:00,0.0005681818181819676,-0.001429573232952799,0.0019977550511347665,9.988775255673833,5
BTC,1,2026-08-16 16:51:00+00:00,2026-08-16 16:52:00+00:00,2026-08-16 16:57:00+00:00,0.0006473393403469974,-0.0003552525032505451,0.0010025918435975425,5.012959217987713,5
ETH,1,2026-08-16 16:51:00+00:00,2026-08-16 16:52:00+00:00,2026-08-16 16:57:00+00:00,0.0005086362191373262,-0.0004997485934588796,0.0010083848125962058,5.041924062981029,5
ETH,1,2026-08-16 17:10:00+00:00,2026-08-16 17:11:00+00:00,2026-08-16 17:16:00+00:00,-0.00033914651659427975,-0.0013475313291904855,0.0010083848125962058,5.041924062981029,5
LINK,-1,2026-08-16 17:11:00+00:00,2026-08-16 17:12:00+00:00,2026-08-16 17:17:00+00:00,-0.0031921685464992855,-0.004499506289784526,0.0013073377432852404,6.536688716426203,5
LINK,-1,2026-08-16 17:20:00+00:00,2026-08-16 17:21:00+00:00,2026-08-16 17:26:00+00:00,0.0007406623637710164,-0.0005666753795142241,0.0013073377432852404,6.536688716426203,5
ETH,1,2026-08-16 17:34:00+00:00,2026-08-16 17:35:00+00:00,2026-08-16 17:40:00+00:00,0.0014018617148379153,0.00039347690224170954,0.0010083848125962058,5.041924062981029,5
DOT,1,2026-08-16 17:43:00+00:00,2026-08-16 17:44:00+00:00,2026-08-16 17:49:00+00:00,0.0,-0.0018093348984727197,0.0018093348984727197,9.046674492363598,5
BTC,1,2026-08-16 18:12:00+00:00,2026-08-16 18:13:00+00:00,2026-08-16 18:18:00+00:00,0.00044060194467121505,-0.0005619898989263274,0.0010025918435975425,5.012959217987713,5
ETH,1,2026-08-16 18:12:00+00:00,2026-08-16 18:13:00+00:00,2026-08-16 18:18:00+00:00,0.00075956763073326,-0.00024881718186294585,0.0010083848125962058,5.041924062981029,5
SOL,1,2026-08-16 18:12:00+00:00,2026-08-16 18:13:00+00:00,2026-08-16 18:18:00+00:00,0.0006662225183211579,-0.0005339626533382806,0.0012001851716594385,6.000925858297193,5
XRP,1,2026-08-16 18:12:00+00:00,2026-08-16 18:13:00+00:00,2026-08-16 18:18:00+00:00,0.0006013831813169723,-0.00054716936001359,0.0011485525413305624,5.742762706652812,5
ADA,1,2026-08-16 18:24:00+00:00,2026-08-16 18:25:00+00:00,2026-08-16 18:30:00+00:00,-0.0017084282460135825,-0.003706183297148349,0.0019977550511347665,9.988775255673833,5
ADA,-1,2026-08-16 18:59:00+00:00,2026-08-16 19:00:00+00:00,2026-08-16 19:05:00+00:00,-0.007972665148063607,-0.009970420199198374,0.0019977550511347665,9.988775255673833,5
ADA,-1,2026-08-16 19:06:00+00:00,2026-08-16 19:07:00+00:00,2026-08-16 19:12:00+00:00,0.0056242969628796935,0.003626541911744927,0.0019977550511347665,9.988775255673833,5
ADA,-1,2026-08-16 19:20:00+00:00,2026-08-16 19:21:00+00:00,2026-08-16 19:26:00+00:00,-0.003939223410241999,-0.005936978461376766,0.0019977550511347665,9.988775255673833,5
ADA,1,2026-08-16 19:35:00+00:00,2026-08-16 19:36:00+00:00,2026-08-16 19:41:00+00:00,0.001680672268907557,-0.00031708278222720944,0.0019977550511347665,9.988775255673833,5
BTC,1,2026-08-16 19:44:00+00:00,2026-08-16 19:45:00+00:00,2026-08-16 19:50:00+00:00,-0.0005052536880352232,-0.0015078455316327656,0.0010025918435975425,5.012959217987713,5
XRP,-1,2026-08-16 19:50:00+00:00,2026-08-16 19:51:00+00:00,2026-08-16 19:56:00+00:00,-9.996001599366089e-05,-0.0012485125573242232,0.0011485525413305624,5.742762706652812,5
BTC,1,2026-08-16 19:53:00+00:00,2026-08-16 19:54:00+00:00,2026-08-16 19:59:00+00:00,1.9026297514379564e-05,-0.000983565546083163,0.0010025918435975425,5.012959217987713,5
ETH,1,2026-08-16 19:53:00+00:00,2026-08-16 19:54:00+00:00,2026-08-16 19:59:00+00:00,0.000722006328172986,-0.00028637848442321975,0.0010083848125962058,5.041924062981029,5
ADA,-1,2026-08-16 20:22:00+00:00,2026-08-16 20:23:00+00:00,2026-08-16 20:28:00+00:00,0.005586592178770999,0.003588837127636233,0.0019977550511347665,9.988775255673833,5
BTC,1,2026-08-16 20:25:00+00:00,2026-08-16 20:26:00+00:00,2026-08-16 20:31:00+00:00,-7.928051348404797e-05,-0.0010818723570815904,0.0010025918435975425,5.012959217987713,5
XRP,1,2026-08-16 20:41:00+00:00,2026-08-16 20:42:00+00:00,2026-08-16 20:47:00+00:00,0.0016035277610741971,0.0004549752197436348,0.0011485525413305624,5.742762706652812,5
SOL,1,2026-08-16 20:42:00+00:00,2026-08-16 20:43:00+00:00,2026-08-16 20:48:00+00:00,0.000932835820895539,-0.00026734935076389954,0.0012001851716594385,6.000925858297193,5
SOL,1,2026-08-16 20:52:00+00:00,2026-08-16 20:53:00+00:00,2026-08-16 20:58:00+00:00,0.0001333511134817833,-0.0010668340581776552,0.0012001851716594385,6.000925858297193,5
SOL,1,2026-08-16 21:00:00+00:00,2026-08-16 21:01:00+00:00,2026-08-16 21:06:00+00:00,0.00040042712226373567,-0.0007997580493957028,0.0012001851716594385,6.000925858297193,5
BNB,1,2026-08-16 21:13:00+00:00,2026-08-16 21:14:00+00:00,2026-08-16 21:19:00+00:00,0.00033090668431512427,-0.0009602777082017265,0.0012911843925168507,6.455921962584254,5
SOL,1,2026-08-16 21:13:00+00:00,2026-08-16 21:14:00+00:00,2026-08-16 21:19:00+00:00,0.0005334755934915947,-0.0006667095781678438,0.0012001851716594385,6.000925858297193,5
SOL,1,2026-08-16 21:24:00+00:00,2026-08-16 21:25:00+00:00,2026-08-16 21:30:00+00:00,0.0001334400854016149,-0.0010667450862578236,0.0012001851716594385,6.000925858297193,5
BNB,-1,2026-08-16 21:29:00+00:00,2026-08-16 21:30:00+00:00,2026-08-16 21:35:00+00:00,0.0003308519437552615,-0.0009603324487615892,0.0012911843925168507,6.455921962584254,5
AVAX,1,2026-08-16 21:39:00+00:00,2026-08-16 21:40:00+00:00,2026-08-16 21:45:00+00:00,0.0031847133757960666,0.0016425668268629614,0.0015421465489331052,7.710732744665526,5
BNB,1,2026-08-16 21:39:00+00:00,2026-08-16 21:40:00+00:00,2026-08-16 21:45:00+00:00,0.0004971002485500975,-0.0007940841439667533,0.0012911843925168507,6.455921962584254,5
DOT,1,2026-08-16 21:39:00+00:00,2026-08-16 21:40:00+00:00,2026-08-16 21:45:00+00:00,0.0010594623228712408,-0.000749872575601479,0.0018093348984727197,9.046674492363598,5
ETH,1,2026-08-16 21:39:00+00:00,2026-08-16 21:40:00+00:00,2026-08-16 21:45:00+00:00,-0.001598567683355756,-0.002606952495951962,0.0010083848125962058,5.041924062981029,5
SOL,1,2026-08-16 21:39:00+00:00,2026-08-16 21:40:00+00:00,2026-08-16 21:45:00+00:00,-0.0034768654720513936,-0.004677050643710832,0.0012001851716594385,6.000925858297193,5
XRP,1,2026-08-16 21:39:00+00:00,2026-08-16 21:40:00+00:00,2026-08-16 21:45:00+00:00,0.0023166800966962775,0.0011681275553657151,0.0011485525413305624,5.742762706652812,5
BTC,1,2026-08-16 21:40:00+00:00,2026-08-16 21:41:00+00:00,2026-08-16 21:46:00+00:00,0.0007337960015281197,-0.0002687958420694227,0.0010025918435975425,5.012959217987713,5
ADA,1,2026-08-16 21:45:00+00:00,2026-08-16 21:46:00+00:00,2026-08-16 21:51:00+00:00,0.005142857142857116,0.003145102091722349,0.0019977550511347665,9.988775255673833,5
ETH,-1,2026-08-16 21:46:00+00:00,2026-08-16 21:47:00+00:00,2026-08-16 21:52:00+00:00,-0.0016070646776793485,-0.0026154494902755543,0.0010083848125962058,5.041924062981029,5
SOL,-1,2026-08-16 21:46:00+00:00,2026-08-16 21:47:00+00:00,2026-08-16 21:52:00+00:00,-0.0014796879203657909,-0.0026798730920252296,0.0012001851716594385,6.000925858297193,5
XRP,-1,2026-08-16 21:46:00+00:00,2026-08-16 21:47:00+00:00,2026-08-16 21:52:00+00:00,-0.0013073209975864586,-0.002455873538917021,0.0011485525413305624,5.742762706652812,5
BTC,1,2026-08-16 22:00:00+00:00,2026-08-16 22:01:00+00:00,2026-08-16 22:06:00+00:00,0.0006782111147021208,-0.00032438072889542165,0.0010025918435975425,5.012959217987713,5
DOT,1,2026-08-16 22:00:00+00:00,2026-08-16 22:01:00+00:00,2026-08-16 22:06:00+00:00,0.0030520169851380174,0.0012426820866652977,0.0018093348984727197,9.046674492363598,5
ETH,1,2026-08-16 22:00:00+00:00,2026-08-16 22:01:00+00:00,2026-08-16 22:06:00+00:00,0.0017321293964811524,0.0007237445838849466,0.0010083848125962058,5.041924062981029,5
SOL,1,2026-08-16 22:00:00+00:00,2026-08-16 22:01:00+00:00,2026-08-16 22:06:00+00:00,0.00337290879654617,0.0021727236248867314,0.0012001851716594385,6.000925858297193,5
XRP,1,2026-08-16 22:00:00+00:00,2026-08-16 22:01:00+00:00,2026-08-16 22:06:00+00:00,0.002114803625377526,0.0009662510840469636,0.0011485525413305624,5.742762706652812,5
BNB,-1,2026-08-16 22:01:00+00:00,2026-08-16 22:02:00+00:00,2026-08-16 22:07:00+00:00,0.0004969355640219719,-0.0007942488284948788,0.0012911843925168507,6.455921962584254,5
ADA,-1,2026-08-16 22:04:00+00:00,2026-08-16 22:05:00+00:00,2026-08-16 22:10:00+00:00,-0.0022740193291643784,-0.004271774380299145,0.0019977550511347665,9.988775255673833,5
XRP,1,2026-08-16 22:12:00+00:00,2026-08-16 22:13:00+00:00,2026-08-16 22:18:00+00:00,0.0006030756859987108,-0.0005454768553318516,0.0011485525413305624,5.742762706652812,5
BNB,1,2026-08-16 22:31:00+00:00,2026-08-16 22:32:00+00:00,2026-08-16 22:37:00+00:00,-0.0011627906976744429,-0.0024539750901912934,0.0012911843925168507,6.455921962584254,5
ETH,1,2026-08-16 22:31:00+00:00,2026-08-16 22:32:00+00:00,2026-08-16 22:37:00+00:00,-0.0006461673199542606,-0.0016545521325504664,0.0010083848125962058,5.041924062981029,5
BTC,1,2026-08-16 22:35:00+00:00,2026-08-16 22:36:00+00:00,2026-08-16 22:41:00+00:00,-0.0008909246810043792,-0.0018935165246019216,0.0010025918435975425,5.012959217987713,5
ADA,1,2026-08-16 22:41:00+00:00,2026-08-16 22:42:00+00:00,2026-08-16 22:47:00+00:00,0.0005724098454493731,-0.0014253452056853934,0.0019977550511347665,9.988775255673833,5
ETH,-1,2026-08-16 22:41:00+00:00,2026-08-16 22:42:00+00:00,2026-08-16 22:47:00+00:00,-0.0008121784013976896,-0.0018205632139938954,0.0010083848125962058,5.041924062981029,5
BTC,1,2026-08-16 22:45:00+00:00,2026-08-16 22:46:00+00:00,2026-08-16 22:51:00+00:00,0.000993216474958425,-9.375368639117547e-06,0.0010025918435975425,5.012959217987713,5
BTC,-1,2026-08-16 23:02:00+00:00,2026-08-16 23:03:00+00:00,2026-08-16 23:08:00+00:00,0.000571791613723005,-0.00043080022987453744,0.0010025918435975425,5.012959217987713,5
XRP,-1,2026-08-16 23:02:00+00:00,2026-08-16 23:03:00+00:00,2026-08-16 23:08:00+00:00,0.0012067578439259874,5.820530259542504e-05,0.0011485525413305624,5.742762706652812,5
BNB,1,2026-08-16 23:03:00+00:00,2026-08-16 23:04:00+00:00,2026-08-16 23:09:00+00:00,0.0009980039920158834,-0.00029318040050096733,0.0012911843925168507,6.455921962584254,5
LINK,-1,2026-08-16 23:07:00+00:00,2026-08-16 23:08:00+00:00,2026-08-16 23:13:00+00:00,-0.003193527783691641,-0.004500865526976881,0.0013073377432852404,6.536688716426203,5
BTC,1,2026-08-16 23:14:00+00:00,2026-08-16 23:15:00+00:00,2026-08-16 23:20:00+00:00,0.0005221400099333362,-0.00048045183366420626,0.0010025918435975425,5.012959217987713,5
BNB,1,2026-08-16 23:54:00+00:00,2026-08-16 23:55:00+00:00,2026-08-17 00:00:00+00:00,-0.00033184005309450093,-0.0016230244456113517,0.0012911843925168507,6.455921962584254,5
AVAX,1,2026-08-17 00:06:00+00:00,2026-08-17 00:07:00+00:00,2026-08-17 00:12:00+00:00,-0.0014233749802309292,-0.0029655215291640342,0.0015421465489331052,7.710732744665526,5
BNB,1,2026-08-17 00:10:00+00:00,2026-08-17 00:11:00+00:00,2026-08-17 00:16:00+00:00,0.0014975041597338201,0.00020631976721696937,0.0012911843925168507,6.455921962584254,5
AVAX,1,2026-08-17 00:15:00+00:00,2026-08-17 00:16:00+00:00,2026-08-17 00:21:00+00:00,0.0003176115610610264,-0.0012245349878720788,0.0015421465489331052,7.710732744665526,5
XRP,1,2026-08-17 00:19:00+00:00,2026-08-17 00:20:00+00:00,2026-08-17 00:25:00+00:00,-0.001212366134572651,-0.0023609186759032137,0.0011485525413305624,5.742762706652812,5
BTC,1,2026-08-17 00:22:00+00:00,2026-08-17 00:23:00+00:00,2026-08-17 00:28:00+00:00,-0.0002452912833990073,-0.0012478831269965498,0.0010025918435975425,5.012959217987713,5
BTC,-1,2026-08-17 00:43:00+00:00,2026-08-17 00:44:00+00:00,2026-08-17 00:49:00+00:00,0.0002386255170219176,-0.0007639663265756249,0.0010025918435975425,5.012959217987713,5
SOL,-1,2026-08-17 00:44:00+00:00,2026-08-17 00:45:00+00:00,2026-08-17 00:50:00+00:00,0.002276074441022957,0.0010758892693635187,0.0012001851716594385,6.000925858297193,5
XRP,-1,2026-08-17 00:44:00+00:00,2026-08-17 00:45:00+00:00,2026-08-17 00:50:00+00:00,0.002015925813930064,0.0008673732725995016,0.0011485525413305624,5.742762706652812,5
BNB,-1,2026-08-17 01:00:00+00:00,2026-08-17 01:01:00+00:00,2026-08-17 01:06:00+00:00,-0.0016594756057086713,-0.0029506599982255218,0.0012911843925168507,6.455921962584254,5
BTC,-1,2026-08-17 01:00:00+00:00,2026-08-17 01:01:00+00:00,2026-08-17 01:06:00+00:00,-0.0020001270930638526,-0.003002718936661395,0.0010025918435975425,5.012959217987713,5
ETH,-1,2026-08-17 01:00:00+00:00,2026-08-17 01:01:00+00:00,2026-08-17 01:06:00+00:00,-0.003958554729011743,-0.004966939541607949,0.0010083848125962058,5.041924062981029,5
SOL,-1,2026-08-17 01:00:00+00:00,2026-08-17 01:01:00+00:00,2026-08-17 01:06:00+00:00,-0.0036163943209217564,-0.004816579492581195,0.0012001851716594385,6.000925858297193,5
AVAX,-1,2026-08-17 01:01:00+00:00,2026-08-17 01:02:00+00:00,2026-08-17 01:07:00+00:00,-0.003473867045634016,-0.005016013594567121,0.0015421465489331052,7.710732744665526,5
DOT,-1,2026-08-17 01:01:00+00:00,2026-08-17 01:02:00+00:00,2026-08-17 01:07:00+00:00,-0.0013092432573971191,-0.003118578155869839,0.0018093348984727197,9.046674492363598,5
LINK,-1,2026-08-17 01:01:00+00:00,2026-08-17 01:02:00+00:00,2026-08-17 01:07:00+00:00,-0.0013775564268305729,-0.002684894170115813,0.0013073377432852404,6.536688716426203,5
XRP,-1,2026-08-17 01:01:00+00:00,2026-08-17 01:02:00+00:00,2026-08-17 01:07:00+00:00,-0.002207727044656327,-0.0033562795859868894,0.0011485525413305624,5.742762706652812,5
BTC,1,2026-08-17 01:11:00+00:00,2026-08-17 01:12:00+00:00,2026-08-17 01:17:00+00:00,0.00016184541858477175,-0.0008407464250127707,0.0010025918435975425,5.012959217987713,5
SOL,-1,2026-08-17 01:15:00+00:00,2026-08-17 01:16:00+00:00,2026-08-17 01:21:00+00:00,-0.0009330845107973218,-0.0021332696824567605,0.0012001851716594385,6.000925858297193,5
LINK,-1,2026-08-17 01:25:00+00:00,2026-08-17 01:26:00+00:00,2026-08-17 01:31:00+00:00,-0.0015746378332983646,-0.002881975576583605,0.0013073377432852404,6.536688716426203,5
BTC,-1,2026-08-17 01:30:00+00:00,2026-08-17 01:31:00+00:00,2026-08-17 01:36:00+00:00,0.0002610094580336453,-0.0007415823855638972,0.0010025918435975425,5.012959217987713,5
ETH,-1,2026-08-17 01:30:00+00:00,2026-08-17 01:31:00+00:00,2026-08-17 01:36:00+00:00,0.0009230103851853855,-8.537442741082032e-05,0.0010083848125962058,5.041924062981029,5
SOL,-1,2026-08-17 01:30:00+00:00,2026-08-17 01:31:00+00:00,2026-08-17 01:36:00+00:00,0.0015938371629699022,0.0003936519913104637,0.0012001851716594385,6.000925858297193,5
XRP,-1,2026-08-17 01:30:00+00:00,2026-08-17 01:31:00+00:00,2026-08-17 01:36:00+00:00,0.0010992305386228196,-4.932200270774275e-05,0.0011485525413305624,5.742762706652812,5
BNB,1,2026-08-17 02:03:00+00:00,2026-08-17 02:04:00+00:00,2026-08-17 02:09:00+00:00,0.0004985044865404298,-0.000792679905976421,0.0012911843925168507,6.455921962584254,5
DOT,-1,2026-08-17 02:08:00+00:00,2026-08-17 02:09:00+00:00,2026-08-17 02:14:00+00:00,0.0001309757694826219,-0.0016783591289900978,0.0018093348984727197,9.046674492363598,5
LINK,1,2026-08-17 02:12:00+00:00,2026-08-17 02:13:00+00:00,2026-08-17 02:18:00+00:00,0.0007408975444538335,-0.0005664401988314069,0.0013073377432852404,6.536688716426203,5
ETH,-1,2026-08-17 02:25:00+00:00,2026-08-17 02:26:00+00:00,2026-08-17 02:31:00+00:00,0.00023777191860807623,-0.0007706128939881296,0.0010083848125962058,5.041924062981029,5
ADA,1,2026-08-17 02:28:00+00:00,2026-08-17 02:29:00+00:00,2026-08-17 02:34:00+00:00,0.0034266133637921303,0.0014288583126573638,0.0019977550511347665,9.988775255673833,5
DOT,1,2026-08-17 02:29:00+00:00,2026-08-17 02:30:00+00:00,2026-08-17 02:35:00+00:00,0.0034129692832762792,0.0016036343848035595,0.0018093348984727197,9.046674492363598,5
AVAX,-1,2026-08-17 02:32:00+00:00,2026-08-17 02:33:00+00:00,2026-08-17 02:38:00+00:00,0.0004716239584970916,-0.0010705225904360136,0.0015421465489331052,7.710732744665526,5
BNB,-1,2026-08-17 02:32:00+00:00,2026-08-17 02:33:00+00:00,2026-08-17 02:38:00+00:00,-0.0006634599436059485,-0.001954644336122799,0.0012911843925168507,6.455921962584254,5
BTC,-1,2026-08-17 02:32:00+00:00,2026-08-17 02:33:00+00:00,2026-08-17 02:38:00+00:00,0.0007742261688444829,-0.00022836567475305954,0.0010025918435975425,5.012959217987713,5
ETH,-1,2026-08-17 02:32:00+00:00,2026-08-17 02:33:00+00:00,2026-08-17 02:38:00+00:00,0.0006702554359299118,-0.000338129376666294,0.0010083848125962058,5.041924062981029,5
LINK,-1,2026-08-17 02:32:00+00:00,2026-08-17 02:33:00+00:00,2026-08-17 02:38:00+00:00,0.0011594813955938532,-0.0001478563476913872,0.0013073377432852404,6.536688716426203,5
SOL,-1,2026-08-17 02:32:00+00:00,2026-08-17 02:33:00+00:00,2026-08-17 02:38:00+00:00,-0.001329256945367563,-0.0025294421170270016,0.0012001851716594385,6.000925858297193,5
XRP,-1,2026-08-17 02:32:00+00:00,2026-08-17 02:33:00+00:00,2026-08-17 02:38:00+00:00,0.00039948067512252106,-0.0007490718662080413,0.0011485525413305624,5.742762706652812,5
BTC,-1,2026-08-17 02:52:00+00:00,2026-08-17 02:53:00+00:00,2026-08-17 02:58:00+00:00,9.462364234791298e-05,-0.0009079682012496295,0.0010025918435975425,5.012959217987713,5
ETH,-1,2026-08-17 02:52:00+00:00,2026-08-17 02:53:00+00:00,2026-08-17 02:58:00+00:00,0.0003309692671394915,-0.0006774155454567143,0.0010083848125962058,5.041924062981029,5
BNB,-1,2026-08-17 02:53:00+00:00,2026-08-17 02:54:00+00:00,2026-08-17 02:59:00+00:00,0.0016523463317911213,0.0003611619392742706,0.0012911843925168507,6.455921962584254,5
XRP,-1,2026-08-17 02:53:00+00:00,2026-08-17 02:54:00+00:00,2026-08-17 02:59:00+00:00,0.002290608505128966,0.0011420559637984036,0.0011485525413305624,5.742762706652812,5
XRP,1,2026-08-17 03:21:00+00:00,2026-08-17 03:22:00+00:00,2026-08-17 03:27:00+00:00,-0.0001998401278976436,-0.001348392669228206,0.0011485525413305624,5.742762706652812,5
BTC,-1,2026-08-17 04:00:00+00:00,2026-08-17 04:01:00+00:00,2026-08-17 04:06:00+00:00,0.0001370413250477709,-0.0008655505185497716,0.0010025918435975425,5.012959217987713,5
BTC,1,2026-08-17 05:07:00+00:00,2026-08-17 05:08:00+00:00,2026-08-17 05:13:00+00:00,8.988267944998185e-05,-0.0009127091641475606,0.0010025918435975425,5.012959217987713,5
SOL,1,2026-08-17 06:24:00+00:00,2026-08-17 06:25:00+00:00,2026-08-17 06:30:00+00:00,0.00026518164942990197,-0.0009350035222295365,0.0012001851716594385,6.000925858297193,5
XRP,1,2026-08-17 06:24:00+00:00,2026-08-17 06:25:00+00:00,2026-08-17 06:30:00+00:00,0.0006979062811567349,-0.00045064626017382744,0.0011485525413305624,5.742762706652812,5
ETH,-1,2026-08-17 06:48:00+00:00,2026-08-17 06:49:00+00:00,2026-08-17 06:54:00+00:00,0.0015662486511404117,0.0005578638385442059,0.0010083848125962058,5.041924062981029,5
AVAX,1,2026-08-17 08:19:00+00:00,2026-08-17 08:20:00+00:00,2026-08-17 08:25:00+00:00,0.0,-0.0015421465489331052,0.0015421465489331052,7.710732744665526,5
ETH,1,2026-08-17 08:20:00+00:00,2026-08-17 08:21:00+00:00,2026-08-17 08:26:00+00:00,0.0012160175952458108,0.00020763278264960498,0.0010083848125962058,5.041924062981029,5
ADA,1,2026-08-17 09:20:00+00:00,2026-08-17 09:21:00+00:00,2026-08-17 09:26:00+00:00,0.0017182130584192379,-0.0002795419927155286,0.0019977550511347665,9.988775255673833,5
ADA,1,2026-08-17 09:56:00+00:00,2026-08-17 09:57:00+00:00,2026-08-17 10:02:00+00:00,-0.0005740528128587163,-0.002571807863993483,0.0019977550511347665,9.988775255673833,5
ADA,1,2026-08-17 10:19:00+00:00,2026-08-17 10:20:00+00:00,2026-08-17 10:25:00+00:00,-0.00461627236006934,-0.006614027411204107,0.0019977550511347665,9.988775255673833,5
BNB,-1,2026-08-17 10:29:00+00:00,2026-08-17 10:30:00+00:00,2026-08-17 10:35:00+00:00,-0.00016545334215756213,-0.0014566377346744129,0.0012911843925168507,6.455921962584254,5
BTC,-1,2026-08-17 10:29:00+00:00,2026-08-17 10:30:00+00:00,2026-08-17 10:35:00+00:00,-0.00039258595898195026,-0.0013951778025794927,0.0010025918435975425,5.012959217987713,5
ETH,-1,2026-08-17 10:29:00+00:00,2026-08-17 10:30:00+00:00,2026-08-17 10:35:00+00:00,-0.0011536881143785482,-0.002162072926974754,0.0010083848125962058,5.041924062981029,5
BTC,-1,2026-08-17 10:44:00+00:00,2026-08-17 10:45:00+00:00,2026-08-17 10:50:00+00:00,0.00015407181947801885,-0.0008485200241195236,0.0010025918435975425,5.012959217987713,5
ETH,-1,2026-08-17 10:44:00+00:00,2026-08-17 10:45:00+00:00,2026-08-17 10:50:00+00:00,0.0007080704294053497,-0.0003003143831908561,0.0010083848125962058,5.041924062981029,5
ADA,-1,2026-08-17 11:31:00+00:00,2026-08-17 11:32:00+00:00,2026-08-17 11:37:00+00:00,-0.0028571428571428914,-0.004854897908277658,0.0019977550511347665,9.988775255673833,5
LINK,-1,2026-08-17 11:55:00+00:00,2026-08-17 11:56:00+00:00,2026-08-17 12:01:00+00:00,0.0027279404049942446,0.0014206026617090042,0.0013073377432852404,6.536688716426203,5
DOT,1,2026-08-17 12:26:00+00:00,2026-08-17 12:27:00+00:00,2026-08-17 12:32:00+00:00,0.0015900357758049655,-0.00021929912266775427,0.0018093348984727197,9.046674492363598,5
BNB,-1,2026-08-17 13:31:00+00:00,2026-08-17 13:32:00+00:00,2026-08-17 13:37:00+00:00,-0.001322751322751392,-0.0026139357152682426,0.0012911843925168507,6.455921962584254,5
BTC,-1,2026-08-17 13:31:00+00:00,2026-08-17 13:32:00+00:00,2026-08-17 13:37:00+00:00,-0.0020065322373934436,-0.003009124080990986,0.0010025918435975425,5.012959217987713,5
ETH,-1,2026-08-17 13:31:00+00:00,2026-08-17 13:32:00+00:00,2026-08-17 13:37:00+00:00,-0.0021602813096246454,-0.003168666122220851,0.0010083848125962058,5.041924062981029,5
SOL,-1,2026-08-17 13:32:00+00:00,2026-08-17 13:33:00+00:00,2026-08-17 13:38:00+00:00,-0.0005291005291006012,-0.0017292857007600397,0.0012001851716594385,6.000925858297193,5
BTC,-1,2026-08-17 14:51:00+00:00,2026-08-17 14:52:00+00:00,2026-08-17 14:57:00+00:00,0.0005594892192538614,-0.00044310262434368104,0.0010025918435975425,5.012959217987713,5
ETH,-1,2026-08-17 14:51:00+00:00,2026-08-17 14:52:00+00:00,2026-08-17 14:57:00+00:00,0.0012361586892528642,0.00022777387665665842,0.0010083848125962058,5.041924062981029,5
SOL,-1,2026-08-17 14:51:00+00:00,2026-08-17 14:52:00+00:00,2026-08-17 14:57:00+00:00,0.00026336581511710033,-0.0009368193565423382,0.0012001851716594385,6.000925858297193,5
XRP,1,2026-08-17 15:14:00+00:00,2026-08-17 15:15:00+00:00,2026-08-17 15:20:00+00:00,-0.000698463380562675,-0.0018470159218932373,0.0011485525413305624,5.742762706652812,5
ADA,-1,2026-08-17 15:28:00+00:00,2026-08-17 15:29:00+00:00,2026-08-17 15:34:00+00:00,0.0017172295363480083,-0.00028052551478675814,0.0019977550511347665,9.988775255673833,5
BTC,-1,2026-08-17 15:28:00+00:00,2026-08-17 15:29:00+00:00,2026-08-17 15:34:00+00:00,0.0013938359050881255,0.00039124406149058303,0.0010025918435975425,5.012959217987713,5
BTC,-1,2026-08-17 17:17:00+00:00,2026-08-17 17:18:00+00:00,2026-08-17 17:23:00+00:00,-0.004724495447914423,-0.005727087291511965,0.0010025918435975425,5.012959217987713,5
XRP,-1,2026-08-17 17:18:00+00:00,2026-08-17 17:19:00+00:00,2026-08-17 17:24:00+00:00,-0.0011965300628178355,-0.002345082604148398,0.0011485525413305624,5.742762706652812,5
AVAX,-1,2026-08-17 17:23:00+00:00,2026-08-17 17:24:00+00:00,2026-08-17 17:29:00+00:00,0.0014195583596213757,-0.00012258818931172957,0.0015421465489331052,7.710732744665526,5
BTC,1,2026-08-17 17:25:00+00:00,2026-08-17 17:26:00+00:00,2026-08-17 17:31:00+00:00,-0.00042828486706036895,-0.0014308767106579114,0.0010025918435975425,5.012959217987713,5
BTC,-1,2026-08-17 17:45:00+00:00,2026-08-17 17:46:00+00:00,2026-08-17 17:51:00+00:00,-0.0,-0.0010025918435975425,0.0010025918435975425,5.012959217987713,5
LINK,-1,2026-08-17 17:55:00+00:00,2026-08-17 17:56:00+00:00,2026-08-17 18:01:00+00:00,0.0026254988447805827,0.0013181611014953423,0.0013073377432852404,6.536688716426203,5
BTC,-1,2026-08-17 18:23:00+00:00,2026-08-17 18:24:00+00:00,2026-08-17 18:29:00+00:00,0.0013849192517718656,0.00038232740817432313,0.0010025918435975425,5.012959217987713,5
DOT,-1,2026-08-17 18:23:00+00:00,2026-08-17 18:24:00+00:00,2026-08-17 18:29:00+00:00,0.00026346989856407266,-0.001545864999908647,0.0018093348984727197,9.046674492363598,5
AVAX,-1,2026-08-17 19:28:00+00:00,2026-08-17 19:29:00+00:00,2026-08-17 19:34:00+00:00,0.002206461780929758,0.000664315231996653,0.0015421465489331052,7.710732744665526,5
AVAX,-1,2026-08-18 01:01:00+00:00,2026-08-18 01:02:00+00:00,2026-08-18 01:07:00+00:00,0.0006245120999219811,-0.0009176344490111241,0.0015421465489331052,7.710732744665526,5
DOT,1,2026-08-18 01:52:00+00:00,2026-08-18 01:53:00+00:00,2026-08-18 01:58:00+00:00,-0.005178595140087672,-0.006987930038560392,0.0018093348984727197,9.046674492363598,5
DOT,1,2026-08-18 02:00:00+00:00,2026-08-18 02:01:00+00:00,2026-08-18 02:06:00+00:00,0.0005351170568561603,-0.0012742178416165594,0.0018093348984727197,9.046674492363598,5
DOT,1,2026-08-18 02:09:00+00:00,2026-08-18 02:10:00+00:00,2026-08-18 02:15:00+00:00,-0.0004025224741713851,-0.002211857372644105,0.0018093348984727197,9.046674492363598,5
ADA,1,2026-08-18 02:30:00+00:00,2026-08-18 02:31:00+00:00,2026-08-18 02:36:00+00:00,-0.0017452006980802626,-0.003742955749215029,0.0019977550511347665,9.988775255673833,5
ADA,1,2026-08-18 02:44:00+00:00,2026-08-18 02:45:00+00:00,2026-08-18 02:50:00+00:00,0.0017492711370261649,-0.0002484839141086016,0.0019977550511347665,9.988775255673833,5
DOT,1,2026-08-18 02:44:00+00:00,2026-08-18 02:45:00+00:00,2026-08-18 02:50:00+00:00,-0.013421017313112293,-0.015230352211585012,0.0018093348984727197,9.046674492363598,5
ETH,1,2026-08-18 02:44:00+00:00,2026-08-18 02:45:00+00:00,2026-08-18 02:50:00+00:00,0.0007128524659416602,-0.0002955323466545456,0.0010083848125962058,5.041924062981029,5
XRP,1,2026-08-18 02:44:00+00:00,2026-08-18 02:45:00+00:00,2026-08-18 02:50:00+00:00,-0.00040310390003017726,-0.0015516564413607396,0.0011485525413305624,5.742762706652812,5
AVAX,1,2026-08-18 02:46:00+00:00,2026-08-18 02:47:00+00:00,2026-08-18 02:52:00+00:00,-0.00015951507417455435,-0.0017016616231076596,0.0015421465489331052,7.710732744665526,5
LINK,1,2026-08-18 02:46:00+00:00,2026-08-18 02:47:00+00:00,2026-08-18 02:52:00+00:00,0.0023514322359983186,0.0010440944927130782,0.0013073377432852404,6.536688716426203,5
ADA,1,2026-08-18 02:55:00+00:00,2026-08-18 02:56:00+00:00,2026-08-18 03:01:00+00:00,0.003504672897196359,0.0015069178460615927,0.0019977550511347665,9.988775255673833,5
AVAX,1,2026-08-18 02:55:00+00:00,2026-08-18 02:56:00+00:00,2026-08-18 03:01:00+00:00,-0.0011203585147248063,-0.0026625050636579113,0.0015421465489331052,7.710732744665526,5
DOT,1,2026-08-18 02:55:00+00:00,2026-08-18 02:56:00+00:00,2026-08-18 03:01:00+00:00,0.0019275781357566135,0.00011824323728389379,0.0018093348984727197,9.046674492363598,5
LINK,1,2026-08-18 02:55:00+00:00,2026-08-18 02:56:00+00:00,2026-08-18 03:01:00+00:00,0.0029972168700491686,0.0016898791267639282,0.0013073377432852404,6.536688716426203,5
SOL,1,2026-08-18 02:55:00+00:00,2026-08-18 02:56:00+00:00,2026-08-18 03:01:00+00:00,0.001063688339316693,-0.00013649683234274556,0.0012001851716594385,6.000925858297193,5
XRP,1,2026-08-18 02:55:00+00:00,2026-08-18 02:56:00+00:00,2026-08-18 03:01:00+00:00,0.0008087343307723316,-0.00033981821055823077,0.0011485525413305624,5.742762706652812,5
XRP,-1,2026-08-18 06:30:00+00:00,2026-08-18 06:31:00+00:00,2026-08-18 06:36:00+00:00,0.00030006001200233445,-0.0008484925293282279,0.0011485525413305624,5.742762706652812,5
LINK,1,2026-08-18 06:56:00+00:00,2026-08-18 06:57:00+00:00,2026-08-18 07:02:00+00:00,-0.0013763896241397733,-0.0026837273674250135,0.0013073377432852404,6.536688716426203,5
BNB,1,2026-08-18 09:29:00+00:00,2026-08-18 09:30:00+00:00,2026-08-18 09:35:00+00:00,0.0,-0.0012911843925168507,0.0012911843925168507,6.455921962584254,5
BNB,-1,2026-08-18 11:15:00+00:00,2026-08-18 11:16:00+00:00,2026-08-18 11:21:00+00:00,0.0003323363243601385,-0.0009588480681567123,0.0012911843925168507,6.455921962584254,5
SOL,-1,2026-08-18 11:19:00+00:00,2026-08-18 11:20:00+00:00,2026-08-18 11:25:00+00:00,-0.0006553938917288615,-0.0018555790633883,0.0012001851716594385,6.000925858297193,5
XRP,-1,2026-08-18 11:24:00+00:00,2026-08-18 11:25:00+00:00,2026-08-18 11:30:00+00:00,0.0008996401439422819,-0.0002489123973882805,0.0011485525413305624,5.742762706652812,5
ADA,-1,2026-08-18 12:29:00+00:00,2026-08-18 12:30:00+00:00,2026-08-18 12:35:00+00:00,-0.001728110599078292,-0.0037258656502130584,0.0019977550511347665,9.988775255673833,5
BNB,1,2026-08-18 13:32:00+00:00,2026-08-18 13:33:00+00:00,2026-08-18 13:38:00+00:00,0.0005002501250623848,-0.000790934267454466,0.0012911843925168507,6.455921962584254,5
ETH,1,2026-08-18 13:32:00+00:00,2026-08-18 13:33:00+00:00,2026-08-18 13:38:00+00:00,0.00041174421182654797,-0.0005966406007696578,0.0010083848125962058,5.041924062981029,5
SOL,-1,2026-08-18 13:39:00+00:00,2026-08-18 13:40:00+00:00,2026-08-18 13:45:00+00:00,0.0023600367116820564,0.001159851540022618,0.0012001851716594385,6.000925858297193,5
BTC,-1,2026-08-18 14:02:00+00:00,2026-08-18 14:03:00+00:00,2026-08-18 14:08:00+00:00,-0.00029548713386806646,-0.001298078977465609,0.0010025918435975425,5.012959217987713,5
ADA,1,2026-08-18 14:09:00+00:00,2026-08-18 14:10:00+00:00,2026-08-18 14:15:00+00:00,-0.004579278763594652,-0.006577033814729419,0.0019977550511347665,9.988775255673833,5
BNB,-1,2026-08-18 14:19:00+00:00,2026-08-18 14:20:00+00:00,2026-08-18 14:25:00+00:00,-0.0016619577862722057,-0.0029531421787890562,0.0012911843925168507,6.455921962584254,5
BTC,-1,2026-08-18 14:19:00+00:00,2026-08-18 14:20:00+00:00,2026-08-18 14:25:00+00:00,-0.0041675915046324175,-0.00517018334822996,0.0010025918435975425,5.012959217987713,5
ETH,-1,2026-08-18 14:19:00+00:00,2026-08-18 14:20:00+00:00,2026-08-18 14:25:00+00:00,-0.003428313028115415,-0.004436697840711621,0.0010083848125962058,5.041924062981029,5
DOT,-1,2026-08-18 14:24:00+00:00,2026-08-18 14:25:00+00:00,2026-08-18 14:30:00+00:00,-0.004563145886458342,-0.006372480784931062,0.0018093348984727197,9.046674492363598,5
SOL,-1,2026-08-18 14:24:00+00:00,2026-08-18 14:25:00+00:00,2026-08-18 14:30:00+00:00,-0.005094043887147404,-0.006294229058806842,0.0012001851716594385,6.000925858297193,5
AVAX,-1,2026-08-18 14:26:00+00:00,2026-08-18 14:27:00+00:00,2026-08-18 14:32:00+00:00,-0.0009411764705882231,-0.002483323019521328,0.0015421465489331052,7.710732744665526,5
BTC,-1,2026-08-18 14:26:00+00:00,2026-08-18 14:27:00+00:00,2026-08-18 14:32:00+00:00,0.0009079473914624936,-9.464445213504887e-05,0.0010025918435975425,5.012959217987713,5
ETH,-1,2026-08-18 14:26:00+00:00,2026-08-18 14:27:00+00:00,2026-08-18 14:32:00+00:00,-0.001725147421688833,-0.0027335322342850387,0.0010083848125962058,5.041924062981029,5
BNB,1,2026-08-18 14:31:00+00:00,2026-08-18 14:32:00+00:00,2026-08-18 14:37:00+00:00,0.0003317850033179859,-0.0009593993891988649,0.0012911843925168507,6.455921962584254,5
XRP,1,2026-08-18 14:31:00+00:00,2026-08-18 14:32:00+00:00,2026-08-18 14:37:00+00:00,-0.001494768310911887,-0.0026433208522424496,0.0011485525413305624,5.742762706652812,5
SOL,1,2026-08-18 14:34:00+00:00,2026-08-18 14:35:00+00:00,2026-08-18 14:40:00+00:00,-0.0014302431413339978,-0.0026304283129934365,0.0012001851716594385,6.000925858297193,5
AVAX,1,2026-08-18 14:35:00+00:00,2026-08-18 14:36:00+00:00,2026-08-18 14:41:00+00:00,-0.0009429514380009385,-0.0024850979869340435,0.0015421465489331052,7.710732744665526,5
BNB,1,2026-08-18 14:39:00+00:00,2026-08-18 14:40:00+00:00,2026-08-18 14:45:00+00:00,0.00016605778811018546,-0.0011251266044066653,0.0012911843925168507,6.455921962584254,5
SOL,-1,2026-08-18 14:41:00+00:00,2026-08-18 14:42:00+00:00,2026-08-18 14:47:00+00:00,0.0009105098855357596,-0.0002896752861236789,0.0012001851716594385,6.000925858297193,5
ETH,-1,2026-08-18 15:00:00+00:00,2026-08-18 15:01:00+00:00,2026-08-18 15:06:00+00:00,0.0008512682852949149,-0.00015711652730129085,0.0010083848125962058,5.041924062981029,5
ETH,1,2026-08-18 15:08:00+00:00,2026-08-18 15:09:00+00:00,2026-08-18 15:14:00+00:00,0.0006646743880547312,-0.00034371042454147457,0.0010083848125962058,5.041924062981029,5
DOT,1,2026-08-18 15:44:00+00:00,2026-08-18 15:45:00+00:00,2026-08-18 15:50:00+00:00,-0.00026652452025588413,-0.002075859418728604,0.0018093348984727197,9.046674492363598,5
AVAX,-1,2026-08-18 17:31:00+00:00,2026-08-18 17:32:00+00:00,2026-08-18 17:37:00+00:00,0.0007867820613691734,-0.0007553644875639318,0.0015421465489331052,7.710732744665526,5
SOL,-1,2026-08-18 20:52:00+00:00,2026-08-18 20:53:00+00:00,2026-08-18 20:58:00+00:00,0.0005204267499350212,-0.0006797584217244172,0.0012001851716594385,6.000925858297193,5
XRP,-1,2026-08-18 22:56:00+00:00,2026-08-18 22:57:00+00:00,2026-08-18 23:02:00+00:00,-0.000499950004999361,-0.0016485025463299234,0.0011485525413305624,5.742762706652812,5
DOT,-1,2026-08-18 23:05:00+00:00,2026-08-18 23:06:00+00:00,2026-08-18 23:11:00+00:00,0.002775941837409146,0.0009666069389364263,0.0018093348984727197,9.046674492363598,5
DOT,1,2026-08-18 23:14:00+00:00,2026-08-18 23:15:00+00:00,2026-08-18 23:20:00+00:00,-0.0017319477751133183,-0.0035412826735860383,0.0018093348984727197,9.046674492363598,5
ADA,-1,2026-08-18 23:22:00+00:00,2026-08-18 23:23:00+00:00,2026-08-18 23:28:00+00:00,0.0017201834862384802,-0.0002775715648962863,0.0019977550511347665,9.988775255673833,5
