instrument,direction,signal_time,entry_time,exit_time,gross,net,fees_slippage,side_cost_bps,bars_held
ADA,1,2026-08-04 23:08:00+00:00,2026-08-04 23:09:00+00:00,2026-08-04 23:14:00+00:00,0.0,-0.0019977550511347665,0.0019977550511347665,9.988775255673833,5
AVAX,1,2026-08-04 23:08:00+00:00,2026-08-04 23:09:00+00:00,2026-08-04 23:14:00+00:00,-0.0008931229532599394,-0.0024352695021930444,0.0015421465489331052,7.710732744665526,5
BNB,1,2026-08-04 23:08:00+00:00,2026-08-04 23:09:00+00:00,2026-08-04 23:14:00+00:00,-0.00016829350387081998,-0.0014594778963876707,0.0012911843925168507,6.455921962584254,5
DOT,1,2026-08-04 23:08:00+00:00,2026-08-04 23:09:00+00:00,2026-08-04 23:14:00+00:00,-0.00023150827642082206,-0.002040843174893542,0.0018093348984727197,9.046674492363598,5
ETH,1,2026-08-04 23:08:00+00:00,2026-08-04 23:09:00+00:00,2026-08-04 23:14:00+00:00,-0.0001438013623847878,-0.0011521861749809936,0.0010083848125962058,5.041924062981029,5
LINK,1,2026-08-04 23:08:00+00:00,2026-08-04 23:09:00+00:00,2026-08-04 23:14:00+00:00,0.00012211503236048138,-0.001185222710924759,0.0013073377432852404,6.536688716426203,5
SOL,1,2026-08-04 23:08:00+00:00,2026-08-04 23:09:00+00:00,2026-08-04 23:14:00+00:00,0.0008091706001347454,-0.0003910145715246931,0.0012001851716594385,6.000925858297193,5
XRP,1,2026-08-04 23:08:00+00:00,2026-08-04 23:09:00+00:00,2026-08-04 23:14:00+00:00,0.0,-0.0011485525413305624,0.0011485525413305624,5.742762706652812,5
ADA,-1,2026-08-05 02:18:00+00:00,2026-08-05 02:19:00+00:00,2026-08-05 02:24:00+00:00,-0.0,-0.0019977550511347665,0.0019977550511347665,9.988775255673833,5
AVAX,-1,2026-08-05 02:18:00+00:00,2026-08-05 02:19:00+00:00,2026-08-05 02:24:00+00:00,-0.0016516516516515978,-0.003193798200584703,0.0015421465489331052,7.710732744665526,5
BNB,-1,2026-08-05 02:18:00+00:00,2026-08-05 02:19:00+00:00,2026-08-05 02:24:00+00:00,-0.00016652789342219698,-0.0014577122859390477,0.0012911843925168507,6.455921962584254,5
DOT,-1,2026-08-05 02:18:00+00:00,2026-08-05 02:19:00+00:00,2026-08-05 02:24:00+00:00,-0.002098880597015018,-0.003908215495487738,0.0018093348984727197,9.046674492363598,5
ETH,-1,2026-08-05 02:18:00+00:00,2026-08-05 02:19:00+00:00,2026-08-05 02:24:00+00:00,-0.00048618383091492134,-0.0014945686435111271,0.0010083848125962058,5.041924062981029,5
LINK,-1,2026-08-05 02:18:00+00:00,2026-08-05 02:19:00+00:00,2026-08-05 02:24:00+00:00,-0.0011037527593820151,-0.0024110905026672553,0.0013073377432852404,6.536688716426203,5
SOL,-1,2026-08-05 02:18:00+00:00,2026-08-05 02:19:00+00:00,2026-08-05 02:24:00+00:00,-0.0009456903539584172,-0.002145875525617856,0.0012001851716594385,6.000925858297193,5
XRP,-1,2026-08-05 02:18:00+00:00,2026-08-05 02:19:00+00:00,2026-08-05 02:24:00+00:00,-0.0007461294534600871,-0.0018946819947906494,0.0011485525413305624,5.742762706652812,5
ADA,-1,2026-08-05 03:18:00+00:00,2026-08-05 03:19:00+00:00,2026-08-05 03:24:00+00:00,-0.0005252100840336116,-0.002522965135168378,0.0019977550511347665,9.988775255673833,5
AVAX,-1,2026-08-05 03:18:00+00:00,2026-08-05 03:19:00+00:00,2026-08-05 03:24:00+00:00,-0.00015094339622656605,-0.0016930899451596713,0.0015421465489331052,7.710732744665526,5
BNB,-1,2026-08-05 03:18:00+00:00,2026-08-05 03:19:00+00:00,2026-08-05 03:24:00+00:00,-0.0,-0.0012911843925168507,0.0012911843925168507,6.455921962584254,5
DOT,-1,2026-08-05 03:18:00+00:00,2026-08-05 03:19:00+00:00,2026-08-05 03:24:00+00:00,0.0008281083638944642,-0.0009812265345782556,0.0018093348984727197,9.046674492363598,5
ETH,-1,2026-08-05 03:18:00+00:00,2026-08-05 03:19:00+00:00,2026-08-05 03:24:00+00:00,0.0009162808641975939,-9.210394839861188e-05,0.0010083848125962058,5.041924062981029,5
LINK,-1,2026-08-05 03:18:00+00:00,2026-08-05 03:19:00+00:00,2026-08-05 03:24:00+00:00,0.0009849790691947025,-0.00032235867409053797,0.0013073377432852404,6.536688716426203,5
SOL,-1,2026-08-05 03:18:00+00:00,2026-08-05 03:19:00+00:00,2026-08-05 03:24:00+00:00,0.0008122377149045734,-0.0003879474567548651,0.0012001851716594385,6.000925858297193,5
XRP,-1,2026-08-05 03:18:00+00:00,2026-08-05 03:19:00+00:00,2026-08-05 03:24:00+00:00,0.0001873887379367778,-0.0009611638033937846,0.0011485525413305624,5.742762706652812,5
ADA,1,2026-08-05 07:57:00+00:00,2026-08-05 07:58:00+00:00,2026-08-05 08:03:00+00:00,0.002067183462532318,6.942841139755173e-05,0.0019977550511347665,9.988775255673833,5
AVAX,1,2026-08-05 07:57:00+00:00,2026-08-05 07:58:00+00:00,2026-08-05 08:03:00+00:00,0.0022475277195084242,0.000705381170575319,0.0015421465489331052,7.710732744665526,5
BNB,1,2026-08-05 07:57:00+00:00,2026-08-05 07:58:00+00:00,2026-08-05 08:03:00+00:00,-0.0003335000833750712,-0.001624684475891922,0.0012911843925168507,6.455921962584254,5
DOT,1,2026-08-05 07:57:00+00:00,2026-08-05 07:58:00+00:00,2026-08-05 08:03:00+00:00,0.0014048232264107785,-0.00040451167206194123,0.0018093348984727197,9.046674492363598,5
ETH,1,2026-08-05 07:57:00+00:00,2026-08-05 07:58:00+00:00,2026-08-05 08:03:00+00:00,0.0012305980171321007,0.00022221320453589492,0.0010083848125962058,5.041924062981029,5
LINK,1,2026-08-05 07:57:00+00:00,2026-08-05 07:58:00+00:00,2026-08-05 08:03:00+00:00,0.0023244433569855616,0.0010171056137003212,0.0013073377432852404,6.536688716426203,5
SOL,1,2026-08-05 07:57:00+00:00,2026-08-05 07:58:00+00:00,2026-08-05 08:03:00+00:00,0.001759610178668325,0.0005594250070088864,0.0012001851716594385,6.000925858297193,5
XRP,1,2026-08-05 07:57:00+00:00,2026-08-05 07:58:00+00:00,2026-08-05 08:03:00+00:00,0.0006567220189510614,-0.0004918305223795009,0.0011485525413305624,5.742762706652812,5
ADA,1,2026-08-05 12:19:00+00:00,2026-08-05 12:20:00+00:00,2026-08-05 12:25:00+00:00,-0.006144393241167445,-0.008142148292302212,0.0019977550511347665,9.988775255673833,5
AVAX,1,2026-08-05 12:19:00+00:00,2026-08-05 12:20:00+00:00,2026-08-05 12:25:00+00:00,-0.0014918693122483173,-0.0030340158611814223,0.0015421465489331052,7.710732744665526,5
BNB,1,2026-08-05 12:19:00+00:00,2026-08-05 12:20:00+00:00,2026-08-05 12:25:00+00:00,0.0,-0.0012911843925168507,0.0012911843925168507,6.455921962584254,5
DOT,1,2026-08-05 12:19:00+00:00,2026-08-05 12:20:00+00:00,2026-08-05 12:25:00+00:00,-0.000235100505466046,-0.002044435403938766,0.0018093348984727197,9.046674492363598,5
ETH,1,2026-08-05 12:19:00+00:00,2026-08-05 12:20:00+00:00,2026-08-05 12:25:00+00:00,0.0006443470527779382,-0.00036403775981826755,0.0010083848125962058,5.041924062981029,5
LINK,1,2026-08-05 12:19:00+00:00,2026-08-05 12:20:00+00:00,2026-08-05 12:25:00+00:00,0.0007317965605562193,-0.0005755411827290211,0.0013073377432852404,6.536688716426203,5
SOL,1,2026-08-05 12:19:00+00:00,2026-08-05 12:20:00+00:00,2026-08-05 12:25:00+00:00,0.0016198704103671524,0.0004196852387077139,0.0012001851716594385,6.000925858297193,5
XRP,1,2026-08-05 12:19:00+00:00,2026-08-05 12:20:00+00:00,2026-08-05 12:25:00+00:00,0.0008447531443589451,-0.00030379939697161725,0.0011485525413305624,5.742762706652812,5
ADA,-1,2026-08-05 13:32:00+00:00,2026-08-05 13:33:00+00:00,2026-08-05 13:38:00+00:00,-0.0005246589716685346,-0.002522414022803301,0.0019977550511347665,9.988775255673833,5
AVAX,-1,2026-08-05 13:32:00+00:00,2026-08-05 13:33:00+00:00,2026-08-05 13:38:00+00:00,0.01013002721499856,0.008587880666065455,0.0015421465489331052,7.710732744665526,5
BNB,-1,2026-08-05 13:32:00+00:00,2026-08-05 13:33:00+00:00,2026-08-05 13:38:00+00:00,-0.0,-0.0012911843925168507,0.0012911843925168507,6.455921962584254,5
DOT,-1,2026-08-05 13:32:00+00:00,2026-08-05 13:33:00+00:00,2026-08-05 13:38:00+00:00,0.0010667298802892189,-0.0007426050181835008,0.0018093348984727197,9.046674492363598,5
ETH,-1,2026-08-05 13:32:00+00:00,2026-08-05 13:33:00+00:00,2026-08-05 13:38:00+00:00,-0.000791003013344671,-0.0017993878259408768,0.0010083848125962058,5.041924062981029,5
LINK,-1,2026-08-05 13:32:00+00:00,2026-08-05 13:33:00+00:00,2026-08-05 13:38:00+00:00,0.0006183527083849505,-0.0006889850349002899,0.0013073377432852404,6.536688716426203,5
SOL,-1,2026-08-05 13:32:00+00:00,2026-08-05 13:33:00+00:00,2026-08-05 13:38:00+00:00,0.0002724795640328681,-0.0009277056076265704,0.0012001851716594385,6.000925858297193,5
XRP,-1,2026-08-05 13:32:00+00:00,2026-08-05 13:33:00+00:00,2026-08-05 13:38:00+00:00,0.0002841985600607888,-0.0008643539812697735,0.0011485525413305624,5.742762706652812,5
ADA,1,2026-08-05 13:39:00+00:00,2026-08-05 13:40:00+00:00,2026-08-05 13:45:00+00:00,0.0010460251046024993,-0.0009517299465322672,0.0019977550511347665,9.988775255673833,5
AVAX,1,2026-08-05 13:39:00+00:00,2026-08-05 13:40:00+00:00,2026-08-05 13:45:00+00:00,0.001369237790962874,-0.00017290875797023133,0.0015421465489331052,7.710732744665526,5
BNB,1,2026-08-05 13:39:00+00:00,2026-08-05 13:40:00+00:00,2026-08-05 13:45:00+00:00,0.0,-0.0012911843925168507,0.0012911843925168507,6.455921962584254,5
DOT,1,2026-08-05 13:39:00+00:00,2026-08-05 13:40:00+00:00,2026-08-05 13:45:00+00:00,-0.0004734288081429394,-0.0022827637066156594,0.0018093348984727197,9.046674492363598,5
ETH,1,2026-08-05 13:39:00+00:00,2026-08-05 13:40:00+00:00,2026-08-05 13:45:00+00:00,0.0003960374844127479,-0.0006123473281834579,0.0010083848125962058,5.041924062981029,5
LINK,1,2026-08-05 13:39:00+00:00,2026-08-05 13:40:00+00:00,2026-08-05 13:45:00+00:00,0.00012321340561860517,-0.0011841243376666353,0.0013073377432852404,6.536688716426203,5
SOL,1,2026-08-05 13:39:00+00:00,2026-08-05 13:40:00+00:00,2026-08-05 13:45:00+00:00,-0.0004071661237785573,-0.0016073512954379958,0.0012001851716594385,6.000925858297193,5
XRP,1,2026-08-05 13:39:00+00:00,2026-08-05 13:40:00+00:00,2026-08-05 13:45:00+00:00,-0.0007553583231044714,-0.0019039108644350337,0.0011485525413305624,5.742762706652812,5
ADA,1,2026-08-05 14:05:00+00:00,2026-08-05 14:06:00+00:00,2026-08-05 14:11:00+00:00,-0.0005211047420531356,-0.002518859793187902,0.0019977550511347665,9.988775255673833,5
AVAX,1,2026-08-05 14:05:00+00:00,2026-08-05 14:06:00+00:00,2026-08-05 14:11:00+00:00,0.002112251056125558,0.0005701045071924528,0.0015421465489331052,7.710732744665526,5
BNB,1,2026-08-05 14:05:00+00:00,2026-08-05 14:06:00+00:00,2026-08-05 14:11:00+00:00,-0.0008325008325008598,-0.0021236852250177103,0.0012911843925168507,6.455921962584254,5
DOT,1,2026-08-05 14:05:00+00:00,2026-08-05 14:06:00+00:00,2026-08-05 14:11:00+00:00,0.0022509181376615395,0.00044158323918881974,0.0018093348984727197,9.046674492363598,5
ETH,1,2026-08-05 14:05:00+00:00,2026-08-05 14:06:00+00:00,2026-08-05 14:11:00+00:00,6.912944754944306e-05,-0.0009392553650467627,0.0010083848125962058,5.041924062981029,5
LINK,1,2026-08-05 14:05:00+00:00,2026-08-05 14:06:00+00:00,2026-08-05 14:11:00+00:00,0.0011025358324145973,-0.00020480191087064313,0.0013073377432852404,6.536688716426203,5
SOL,1,2026-08-05 14:05:00+00:00,2026-08-05 14:06:00+00:00,2026-08-05 14:11:00+00:00,-0.0004051863857374993,-0.0016053715573969378,0.0012001851716594385,6.000925858297193,5
XRP,1,2026-08-05 14:05:00+00:00,2026-08-05 14:06:00+00:00,2026-08-05 14:11:00+00:00,0.000470322641332066,-0.0006782298999984963,0.0011485525413305624,5.742762706652812,5
ADA,1,2026-08-05 15:09:00+00:00,2026-08-05 15:10:00+00:00,2026-08-05 15:15:00+00:00,0.0,-0.0019977550511347665,0.0019977550511347665,9.988775255673833,5
AVAX,1,2026-08-05 15:09:00+00:00,2026-08-05 15:10:00+00:00,2026-08-05 15:15:00+00:00,-0.0021077988557663963,-0.0036499454046995013,0.0015421465489331052,7.710732744665526,5
BNB,1,2026-08-05 15:09:00+00:00,2026-08-05 15:10:00+00:00,2026-08-05 15:15:00+00:00,-0.0028178352395158424,-0.004109019632032693,0.0012911843925168507,6.455921962584254,5
DOT,1,2026-08-05 15:09:00+00:00,2026-08-05 15:10:00+00:00,2026-08-05 15:15:00+00:00,-0.00047108703332932045,-0.0022804219318020404,0.0018093348984727197,9.046674492363598,5
ETH,1,2026-08-05 15:09:00+00:00,2026-08-05 15:10:00+00:00,2026-08-05 15:15:00+00:00,-0.002366077362754293,-0.003374462175350499,0.0010083848125962058,5.041924062981029,5
LINK,1,2026-08-05 15:09:00+00:00,2026-08-05 15:10:00+00:00,2026-08-05 15:15:00+00:00,-0.0026848913839394584,-0.003992229127224699,0.0013073377432852404,6.536688716426203,5
SOL,1,2026-08-05 15:09:00+00:00,2026-08-05 15:10:00+00:00,2026-08-05 15:15:00+00:00,-0.0018880647336479983,-0.003088249905307437,0.0012001851716594385,6.000925858297193,5
XRP,1,2026-08-05 15:09:00+00:00,2026-08-05 15:10:00+00:00,2026-08-05 15:15:00+00:00,-0.001970350910114438,-0.0031189034514450004,0.0011485525413305624,5.742762706652812,5
ADA,1,2026-08-05 20:20:00+00:00,2026-08-05 20:21:00+00:00,2026-08-05 20:26:00+00:00,-0.002104155707522315,-0.004101910758657082,0.0019977550511347665,9.988775255673833,5
AVAX,1,2026-08-05 20:20:00+00:00,2026-08-05 20:21:00+00:00,2026-08-05 20:26:00+00:00,-0.001492760113449787,-0.003034906662382892,0.0015421465489331052,7.710732744665526,5
BNB,1,2026-08-05 20:20:00+00:00,2026-08-05 20:21:00+00:00,2026-08-05 20:26:00+00:00,-0.0013344453711425786,-0.002625629763659429,0.0012911843925168507,6.455921962584254,5
DOT,1,2026-08-05 20:20:00+00:00,2026-08-05 20:21:00+00:00,2026-08-05 20:26:00+00:00,-0.0003532736693357963,-0.0021626085678085162,0.0018093348984727197,9.046674492363598,5
ETH,1,2026-08-05 20:20:00+00:00,2026-08-05 20:21:00+00:00,2026-08-05 20:26:00+00:00,-0.00032796955609581957,-0.0013363543686920254,0.0010083848125962058,5.041924062981029,5
LINK,1,2026-08-05 20:20:00+00:00,2026-08-05 20:21:00+00:00,2026-08-05 20:26:00+00:00,-0.0019462352511859793,-0.0032535729944712195,0.0013073377432852404,6.536688716426203,5
SOL,1,2026-08-05 20:20:00+00:00,2026-08-05 20:21:00+00:00,2026-08-05 20:26:00+00:00,-0.002146210596914777,-0.003346395768574216,0.0012001851716594385,6.000925858297193,5
XRP,1,2026-08-05 20:20:00+00:00,2026-08-05 20:21:00+00:00,2026-08-05 20:26:00+00:00,-0.0009330969487730822,-0.002081649490103645,0.0011485525413305624,5.742762706652812,5
ADA,1,2026-08-06 05:05:00+00:00,2026-08-06 05:06:00+00:00,2026-08-06 05:11:00+00:00,0.0021276595744681437,0.0001299045233333772,0.0019977550511347665,9.988775255673833,5
AVAX,1,2026-08-06 05:05:00+00:00,2026-08-06 05:06:00+00:00,2026-08-06 05:11:00+00:00,0.0,-0.0015421465489331052,0.0015421465489331052,7.710732744665526,5
BNB,1,2026-08-06 05:05:00+00:00,2026-08-06 05:06:00+00:00,2026-08-06 05:11:00+00:00,0.0003355704697987072,-0.0009556139227181436,0.0012911843925168507,6.455921962584254,5
DOT,1,2026-08-06 05:05:00+00:00,2026-08-06 05:06:00+00:00,2026-08-06 05:11:00+00:00,-0.00023721978412993838,-0.0020465546826026583,0.0018093348984727197,9.046674492363598,5
ETH,1,2026-08-06 05:05:00+00:00,2026-08-06 05:06:00+00:00,2026-08-06 05:11:00+00:00,0.0012664852417836325,0.00025810042918742674,0.0010083848125962058,5.041924062981029,5
LINK,1,2026-08-06 05:05:00+00:00,2026-08-06 05:06:00+00:00,2026-08-06 05:11:00+00:00,0.0007316180953542695,-0.000575719647930971,0.0013073377432852404,6.536688716426203,5
SOL,1,2026-08-06 05:05:00+00:00,2026-08-06 05:06:00+00:00,2026-08-06 05:11:00+00:00,0.0005397382269600737,-0.0006604469446993648,0.0012001851716594385,6.000925858297193,5
XRP,1,2026-08-06 05:05:00+00:00,2026-08-06 05:06:00+00:00,2026-08-06 05:11:00+00:00,0.0001905850962453659,-0.0009579674450851965,0.0011485525413305624,5.742762706652812,5
ADA,1,2026-08-06 14:22:00+00:00,2026-08-06 14:23:00+00:00,2026-08-06 14:28:00+00:00,-0.0005099439061703182,-0.0025076989573050846,0.0019977550511347665,9.988775255673833,5
AVAX,1,2026-08-06 14:22:00+00:00,2026-08-06 14:23:00+00:00,2026-08-06 14:28:00+00:00,-0.0026483875993144057,-0.004190534148247511,0.0015421465489331052,7.710732744665526,5
BNB,1,2026-08-06 14:22:00+00:00,2026-08-06 14:23:00+00:00,2026-08-06 14:28:00+00:00,-0.002023267577137111,-0.0033144519696539617,0.0012911843925168507,6.455921962584254,5
DOT,1,2026-08-06 14:22:00+00:00,2026-08-06 14:23:00+00:00,2026-08-06 14:28:00+00:00,-0.002569121605089264,-0.004378456503561984,0.0018093348984727197,9.046674492363598,5
ETH,1,2026-08-06 14:22:00+00:00,2026-08-06 14:23:00+00:00,2026-08-06 14:28:00+00:00,-0.0031284495341330487,-0.0041368343467292545,0.0010083848125962058,5.041924062981029,5
LINK,1,2026-08-06 14:22:00+00:00,2026-08-06 14:23:00+00:00,2026-08-06 14:28:00+00:00,-0.0019579050416055344,-0.0032652427848907746,0.0013073377432852404,6.536688716426203,5
SOL,1,2026-08-06 14:22:00+00:00,2026-08-06 14:23:00+00:00,2026-08-06 14:28:00+00:00,-0.002454657029864915,-0.003654842201524354,0.0012001851716594385,6.000925858297193,5
XRP,1,2026-08-06 14:22:00+00:00,2026-08-06 14:23:00+00:00,2026-08-06 14:28:00+00:00,-0.0025807684955074794,-0.003729321036838042,0.0011485525413305624,5.742762706652812,5
ADA,1,2026-08-06 14:42:00+00:00,2026-08-06 14:43:00+00:00,2026-08-06 14:48:00+00:00,0.014543630892678072,0.012545875841543305,0.0019977550511347665,9.988775255673833,5
AVAX,1,2026-08-06 14:42:00+00:00,2026-08-06 14:43:00+00:00,2026-08-06 14:48:00+00:00,-0.0013972985561246931,-0.002939445105057798,0.0015421465489331052,7.710732744665526,5
BNB,1,2026-08-06 14:42:00+00:00,2026-08-06 14:43:00+00:00,2026-08-06 14:48:00+00:00,-0.0015154066341134254,-0.002806591026630276,0.0012911843925168507,6.455921962584254,5
DOT,1,2026-08-06 14:42:00+00:00,2026-08-06 14:43:00+00:00,2026-08-06 14:48:00+00:00,0.0006093102607849232,-0.0012000246376877965,0.0018093348984727197,9.046674492363598,5
ETH,1,2026-08-06 14:42:00+00:00,2026-08-06 14:43:00+00:00,2026-08-06 14:48:00+00:00,-0.002092574231592148,-0.003100959044188354,0.0010083848125962058,5.041924062981029,5
LINK,1,2026-08-06 14:42:00+00:00,2026-08-06 14:43:00+00:00,2026-08-06 14:48:00+00:00,-0.0009728809436946317,-0.002280218686979872,0.0013073377432852404,6.536688716426203,5
SOL,1,2026-08-06 14:42:00+00:00,2026-08-06 14:43:00+00:00,2026-08-06 14:48:00+00:00,0.0,-0.0012001851716594385,0.0012001851716594385,6.000925858297193,5
XRP,1,2026-08-06 14:42:00+00:00,2026-08-06 14:43:00+00:00,2026-08-06 14:48:00+00:00,-0.001050620821394399,-0.0021991733627249616,0.0011485525413305624,5.742762706652812,5
ADA,-1,2026-08-06 15:19:00+00:00,2026-08-06 15:20:00+00:00,2026-08-06 15:25:00+00:00,-0.004459861248760966,-0.006457616299895733,0.0019977550511347665,9.988775255673833,5
AVAX,-1,2026-08-06 15:19:00+00:00,2026-08-06 15:20:00+00:00,2026-08-06 15:25:00+00:00,-0.001863643422891581,-0.003405789971824686,0.0015421465489331052,7.710732744665526,5
BNB,-1,2026-08-06 15:19:00+00:00,2026-08-06 15:20:00+00:00,2026-08-06 15:25:00+00:00,-0.0003373819163292602,-0.001628566308846111,0.0012911843925168507,6.455921962584254,5
DOT,-1,2026-08-06 15:19:00+00:00,2026-08-06 15:20:00+00:00,2026-08-06 15:25:00+00:00,-0.0010958236941434052,-0.002905158592616125,0.0018093348984727197,9.046674492363598,5
ETH,-1,2026-08-06 15:19:00+00:00,2026-08-06 15:20:00+00:00,2026-08-06 15:25:00+00:00,-0.0018308311973636027,-0.0028392160099598085,0.0010083848125962058,5.041924062981029,5
LINK,-1,2026-08-06 15:19:00+00:00,2026-08-06 15:20:00+00:00,2026-08-06 15:25:00+00:00,-0.0019474196689386325,-0.0032547574122238727,0.0013073377432852404,6.536688716426203,5
SOL,-1,2026-08-06 15:19:00+00:00,2026-08-06 15:20:00+00:00,2026-08-06 15:25:00+00:00,-0.0010908099263702287,-0.0022909950980296674,0.0012001851716594385,6.000925858297193,5
XRP,-1,2026-08-06 15:19:00+00:00,2026-08-06 15:20:00+00:00,2026-08-06 15:25:00+00:00,-0.000954107432496798,-0.0021026599738273605,0.0011485525413305624,5.742762706652812,5
ADA,1,2026-08-07 02:15:00+00:00,2026-08-07 02:16:00+00:00,2026-08-07 02:21:00+00:00,-0.002490039840637448,-0.004487794891772215,0.0019977550511347665,9.988775255673833,5
AVAX,1,2026-08-07 02:15:00+00:00,2026-08-07 02:16:00+00:00,2026-08-07 02:21:00+00:00,-0.0010898334111785202,-0.002631979960111625,0.0015421465489331052,7.710732744665526,5
BNB,1,2026-08-07 02:15:00+00:00,2026-08-07 02:16:00+00:00,2026-08-07 02:21:00+00:00,-0.001179046656560656,-0.0024702310490775066,0.0012911843925168507,6.455921962584254,5
DOT,1,2026-08-07 02:15:00+00:00,2026-08-07 02:16:00+00:00,2026-08-07 02:21:00+00:00,-0.0006093845216331717,-0.0024187194201058916,0.0018093348984727197,9.046674492363598,5
ETH,1,2026-08-07 02:15:00+00:00,2026-08-07 02:16:00+00:00,2026-08-07 02:21:00+00:00,-0.0017468852459016082,-0.002755270058497814,0.0010083848125962058,5.041924062981029,5
LINK,1,2026-08-07 02:15:00+00:00,2026-08-07 02:16:00+00:00,2026-08-07 02:21:00+00:00,-0.0019436345966957758,-0.003250972339981016,0.0013073377432852404,6.536688716426203,5
SOL,1,2026-08-07 02:15:00+00:00,2026-08-07 02:16:00+00:00,2026-08-07 02:21:00+00:00,-0.0026070252469813093,-0.003807210418640748,0.0012001851716594385,6.000925858297193,5
XRP,1,2026-08-07 02:15:00+00:00,2026-08-07 02:16:00+00:00,2026-08-07 02:21:00+00:00,-0.0021212997782277254,-0.003269852319558288,0.0011485525413305624,5.742762706652812,5
ADA,1,2026-08-07 02:41:00+00:00,2026-08-07 02:42:00+00:00,2026-08-07 02:47:00+00:00,0.0010040160642570406,-0.000993738986877726,0.0019977550511347665,9.988775255673833,5
AVAX,1,2026-08-07 02:41:00+00:00,2026-08-07 02:42:00+00:00,2026-08-07 02:47:00+00:00,0.0007789375292102108,-0.0007632090197228945,0.0015421465489331052,7.710732744665526,5
BNB,1,2026-08-07 02:41:00+00:00,2026-08-07 02:42:00+00:00,2026-08-07 02:47:00+00:00,0.0008441668073611019,-0.0004470175851557488,0.0012911843925168507,6.455921962584254,5
DOT,1,2026-08-07 02:41:00+00:00,2026-08-07 02:42:00+00:00,2026-08-07 02:47:00+00:00,-0.001097293343087058,-0.002906628241559778,0.0018093348984727197,9.046674492363598,5
ETH,1,2026-08-07 02:41:00+00:00,2026-08-07 02:42:00+00:00,2026-08-07 02:47:00+00:00,0.0005679935627396215,-0.00044039124985658425,0.0010083848125962058,5.041924062981029,5
LINK,1,2026-08-07 02:41:00+00:00,2026-08-07 02:42:00+00:00,2026-08-07 02:47:00+00:00,-0.0002440214738895774,-0.0015513592171748178,0.0013073377432852404,6.536688716426203,5
SOL,1,2026-08-07 02:41:00+00:00,2026-08-07 02:42:00+00:00,2026-08-07 02:47:00+00:00,0.000688325991189398,-0.0005118591804700405,0.0012001851716594385,6.000925858297193,5
XRP,1,2026-08-07 02:41:00+00:00,2026-08-07 02:42:00+00:00,2026-08-07 02:47:00+00:00,0.0017501215362178968,0.0006015689948873344,0.0011485525413305624,5.742762706652812,5
ADA,1,2026-08-07 07:21:00+00:00,2026-08-07 07:22:00+00:00,2026-08-07 07:27:00+00:00,-0.0014844136566055655,-0.003482168707740332,0.0019977550511347665,9.988775255673833,5
AVAX,1,2026-08-07 07:21:00+00:00,2026-08-07 07:22:00+00:00,2026-08-07 07:27:00+00:00,-0.00031138097462246606,-0.0018535275235555713,0.0015421465489331052,7.710732744665526,5
BNB,1,2026-08-07 07:21:00+00:00,2026-08-07 07:22:00+00:00,2026-08-07 07:27:00+00:00,0.000681082921845988,-0.0006101014706708628,0.0012911843925168507,6.455921962584254,5
DOT,1,2026-08-07 07:21:00+00:00,2026-08-07 07:22:00+00:00,2026-08-07 07:27:00+00:00,-0.0002450079627587254,-0.0020543428612314453,0.0018093348984727197,9.046674492363598,5
ETH,1,2026-08-07 07:21:00+00:00,2026-08-07 07:22:00+00:00,2026-08-07 07:27:00+00:00,-0.0005982210794217568,-0.0016066058920179626,0.0010083848125962058,5.041924062981029,5
LINK,1,2026-08-07 07:21:00+00:00,2026-08-07 07:22:00+00:00,2026-08-07 07:27:00+00:00,-0.0014628794343530815,-0.0027702171776383218,0.0013073377432852404,6.536688716426203,5
SOL,1,2026-08-07 07:21:00+00:00,2026-08-07 07:22:00+00:00,2026-08-07 07:27:00+00:00,0.0,-0.0012001851716594385,0.0012001851716594385,6.000925858297193,5
XRP,1,2026-08-07 07:21:00+00:00,2026-08-07 07:22:00+00:00,2026-08-07 07:27:00+00:00,-0.0006812652068127756,-0.001829817748143338,0.0011485525413305624,5.742762706652812,5
ADA,1,2026-08-07 08:42:00+00:00,2026-08-07 08:43:00+00:00,2026-08-07 08:48:00+00:00,-0.0029732408325074955,-0.004970995883642262,0.0019977550511347665,9.988775255673833,5
AVAX,1,2026-08-07 08:42:00+00:00,2026-08-07 08:43:00+00:00,2026-08-07 08:48:00+00:00,-0.0009332711152589823,-0.0024754176641920873,0.0015421465489331052,7.710732744665526,5
BNB,1,2026-08-07 08:42:00+00:00,2026-08-07 08:43:00+00:00,2026-08-07 08:48:00+00:00,-0.000849617672047609,-0.0021408020645644595,0.0012911843925168507,6.455921962584254,5
DOT,1,2026-08-07 08:42:00+00:00,2026-08-07 08:43:00+00:00,2026-08-07 08:48:00+00:00,-0.0014713094654241754,-0.0032806443638968954,0.0018093348984727197,9.046674492363598,5
ETH,1,2026-08-07 08:42:00+00:00,2026-08-07 08:43:00+00:00,2026-08-07 08:48:00+00:00,-0.0014021209695562753,-0.002410505782152481,0.0010083848125962058,5.041924062981029,5
LINK,1,2026-08-07 08:42:00+00:00,2026-08-07 08:43:00+00:00,2026-08-07 08:48:00+00:00,-0.0012152144853566638,-0.002522552228641904,0.0013073377432852404,6.536688716426203,5
SOL,1,2026-08-07 08:42:00+00:00,2026-08-07 08:43:00+00:00,2026-08-07 08:48:00+00:00,0.00041028446389490547,-0.000789900707764533,0.0012001851716594385,6.000925858297193,5
XRP,1,2026-08-07 08:42:00+00:00,2026-08-07 08:43:00+00:00,2026-08-07 08:48:00+00:00,-0.0005820721769498327,-0.001730624718280395,0.0011485525413305624,5.742762706652812,5
ADA,1,2026-08-07 11:22:00+00:00,2026-08-07 11:23:00+00:00,2026-08-07 11:28:00+00:00,0.0019753086419751487,-2.244640915961783e-05,0.0019977550511347665,9.988775255673833,5
AVAX,1,2026-08-07 11:22:00+00:00,2026-08-07 11:23:00+00:00,2026-08-07 11:28:00+00:00,-0.0007733952049496784,-0.0023155417538827834,0.0015421465489331052,7.710732744665526,5
BNB,1,2026-08-07 11:22:00+00:00,2026-08-07 11:23:00+00:00,2026-08-07 11:28:00+00:00,0.00016917611233302488,-0.0011220082801838259,0.0012911843925168507,6.455921962584254,5
DOT,1,2026-08-07 11:22:00+00:00,2026-08-07 11:23:00+00:00,2026-08-07 11:28:00+00:00,0.002211573903428077,0.00040223900495535707,0.0018093348984727197,9.046674492363598,5
ETH,1,2026-08-07 11:22:00+00:00,2026-08-07 11:23:00+00:00,2026-08-07 11:28:00+00:00,-0.0013805894335415791,-0.002388974246137785,0.0010083848125962058,5.041924062981029,5
LINK,1,2026-08-07 11:22:00+00:00,2026-08-07 11:23:00+00:00,2026-08-07 11:28:00+00:00,-0.0008501335924215869,-0.002157471335706827,0.0013073377432852404,6.536688716426203,5
SOL,1,2026-08-07 11:22:00+00:00,2026-08-07 11:23:00+00:00,2026-08-07 11:28:00+00:00,-0.0012211668928087116,-0.0024213520644681503,0.0012001851716594385,6.000925858297193,5
XRP,1,2026-08-07 11:22:00+00:00,2026-08-07 11:23:00+00:00,2026-08-07 11:28:00+00:00,-0.00019314340898113347,-0.0013416959503116958,0.0011485525413305624,5.742762706652812,5
ADA,-1,2026-08-07 12:30:00+00:00,2026-08-07 12:31:00+00:00,2026-08-07 12:36:00+00:00,0.003976143141153021,0.0019783880900182548,0.0019977550511347665,9.988775255673833,5
AVAX,-1,2026-08-07 12:30:00+00:00,2026-08-07 12:31:00+00:00,2026-08-07 12:36:00+00:00,0.002774780329890536,0.0012326337809574308,0.0015421465489331052,7.710732744665526,5
BNB,-1,2026-08-07 12:30:00+00:00,2026-08-07 12:31:00+00:00,2026-08-07 12:36:00+00:00,-0.0006770480704132442,-0.0019682324629300947,0.0012911843925168507,6.455921962584254,5
DOT,-1,2026-08-07 12:30:00+00:00,2026-08-07 12:31:00+00:00,2026-08-07 12:36:00+00:00,0.0023250122369065096,0.0005156773384337899,0.0018093348984727197,9.046674492363598,5
ETH,-1,2026-08-07 12:30:00+00:00,2026-08-07 12:31:00+00:00,2026-08-07 12:36:00+00:00,0.0016284364417108455,0.0006200516291146397,0.0010083848125962058,5.041924062981029,5
LINK,-1,2026-08-07 12:30:00+00:00,2026-08-07 12:31:00+00:00,2026-08-07 12:36:00+00:00,0.0031503695625832995,0.001843031819298059,0.0013073377432852404,6.536688716426203,5
SOL,-1,2026-08-07 12:30:00+00:00,2026-08-07 12:31:00+00:00,2026-08-07 12:36:00+00:00,0.0021650879566983416,0.0009649027850389031,0.0012001851716594385,6.000925858297193,5
XRP,-1,2026-08-07 12:30:00+00:00,2026-08-07 12:31:00+00:00,2026-08-07 12:36:00+00:00,0.00212048192771086,0.0009719293863802976,0.0011485525413305624,5.742762706652812,5
ADA,-1,2026-08-07 13:51:00+00:00,2026-08-07 13:52:00+00:00,2026-08-07 13:57:00+00:00,0.001506024096385561,-0.0004917309547492056,0.0019977550511347665,9.988775255673833,5
AVAX,-1,2026-08-07 13:51:00+00:00,2026-08-07 13:52:00+00:00,2026-08-07 13:57:00+00:00,0.001387390164945379,-0.0001547563839877262,0.0015421465489331052,7.710732744665526,5
BNB,-1,2026-08-07 13:51:00+00:00,2026-08-07 13:52:00+00:00,2026-08-07 13:57:00+00:00,0.0003374388392104466,-0.0009537455533064041,0.0012911843925168507,6.455921962584254,5
DOT,-1,2026-08-07 13:51:00+00:00,2026-08-07 13:52:00+00:00,2026-08-07 13:57:00+00:00,-0.0006137981831575434,-0.0024231330816302634,0.0018093348984727197,9.046674492363598,5
ETH,-1,2026-08-07 13:51:00+00:00,2026-08-07 13:52:00+00:00,2026-08-07 13:57:00+00:00,0.0020960336195491314,0.0010876488069529256,0.0010083848125962058,5.041924062981029,5
LINK,-1,2026-08-07 13:51:00+00:00,2026-08-07 13:52:00+00:00,2026-08-07 13:57:00+00:00,0.0003624939584340181,-0.0009448437848512223,0.0013073377432852404,6.536688716426203,5
SOL,-1,2026-08-07 13:51:00+00:00,2026-08-07 13:52:00+00:00,2026-08-07 13:57:00+00:00,0.0005390109149708833,-0.0006611742566885552,0.0012001851716594385,6.000925858297193,5
XRP,-1,2026-08-07 13:51:00+00:00,2026-08-07 13:52:00+00:00,2026-08-07 13:57:00+00:00,0.0016390281527186579,0.0004904756113880955,0.0011485525413305624,5.742762706652812,5
ADA,-1,2026-08-07 14:03:00+00:00,2026-08-07 14:04:00+00:00,2026-08-07 14:09:00+00:00,-0.002012072434607548,-0.004009827485742315,0.0019977550511347665,9.988775255673833,5
AVAX,-1,2026-08-07 14:03:00+00:00,2026-08-07 14:04:00+00:00,2026-08-07 14:09:00+00:00,0.0012368583797155441,-0.0003052881692175611,0.0015421465489331052,7.710732744665526,5
BNB,-1,2026-08-07 14:03:00+00:00,2026-08-07 14:04:00+00:00,2026-08-07 14:09:00+00:00,-0.0,-0.0012911843925168507,0.0012911843925168507,6.455921962584254,5
DOT,-1,2026-08-07 14:03:00+00:00,2026-08-07 14:04:00+00:00,2026-08-07 14:09:00+00:00,0.0017222290564644638,-8.710584200825595e-05,0.0018093348984727197,9.046674492363598,5
ETH,-1,2026-08-07 14:03:00+00:00,2026-08-07 14:04:00+00:00,2026-08-07 14:09:00+00:00,0.0025296253025118842,0.0015212404899156784,0.0010083848125962058,5.041924062981029,5
LINK,-1,2026-08-07 14:03:00+00:00,2026-08-07 14:04:00+00:00,2026-08-07 14:09:00+00:00,0.003386141008586363,0.002078803265301123,0.0013073377432852404,6.536688716426203,5
SOL,-1,2026-08-07 14:03:00+00:00,2026-08-07 14:04:00+00:00,2026-08-07 14:09:00+00:00,0.0020281233098971008,0.0008279381382376623,0.0012001851716594385,6.000925858297193,5
XRP,-1,2026-08-07 14:03:00+00:00,2026-08-07 14:04:00+00:00,2026-08-07 14:09:00+00:00,0.0030018398373194977,0.0018532872959889353,0.0011485525413305624,5.742762706652812,5
ADA,1,2026-08-08 14:23:00+00:00,2026-08-08 14:24:00+00:00,2026-08-08 14:29:00+00:00,0.0,-0.0019977550511347665,0.0019977550511347665,9.988775255673833,5
AVAX,1,2026-08-08 14:23:00+00:00,2026-08-08 14:24:00+00:00,2026-08-08 14:29:00+00:00,0.0006116207951070152,-0.0009305257538260901,0.0015421465489331052,7.710732744665526,5
BNB,1,2026-08-08 14:23:00+00:00,2026-08-08 14:24:00+00:00,2026-08-08 14:29:00+00:00,0.0011547344110853786,-0.0001364499814314722,0.0012911843925168507,6.455921962584254,5
DOT,1,2026-08-08 14:23:00+00:00,2026-08-08 14:24:00+00:00,2026-08-08 14:29:00+00:00,0.00036764705882363913,-0.0014416878396490806,0.0018093348984727197,9.046674492363598,5
ETH,1,2026-08-08 14:23:00+00:00,2026-08-08 14:24:00+00:00,2026-08-08 14:29:00+00:00,-0.0003016136329361263,-0.001309998445532332,0.0010083848125962058,5.041924062981029,5
LINK,1,2026-08-08 14:23:00+00:00,2026-08-08 14:24:00+00:00,2026-08-08 14:29:00+00:00,0.0,-0.0013073377432852404,0.0013073377432852404,6.536688716426203,5
SOL,1,2026-08-08 14:23:00+00:00,2026-08-08 14:24:00+00:00,2026-08-08 14:29:00+00:00,0.0007930214115781098,-0.0004071637600813287,0.0012001851716594385,6.000925858297193,5
XRP,1,2026-08-08 14:23:00+00:00,2026-08-08 14:24:00+00:00,2026-08-08 14:29:00+00:00,-0.00047966231772822443,-0.0016282148590587868,0.0011485525413305624,5.742762706652812,5
ADA,-1,2026-08-09 01:22:00+00:00,2026-08-09 01:23:00+00:00,2026-08-09 01:28:00+00:00,-0.0,-0.0019977550511347665,0.0019977550511347665,9.988775255673833,5
AVAX,-1,2026-08-09 01:22:00+00:00,2026-08-09 01:23:00+00:00,2026-08-09 01:28:00+00:00,-0.0,-0.0015421465489331052,0.0015421465489331052,7.710732744665526,5
BNB,-1,2026-08-09 01:22:00+00:00,2026-08-09 01:23:00+00:00,2026-08-09 01:28:00+00:00,0.0004974299452827902,-0.0007937544472340606,0.0012911843925168507,6.455921962584254,5
DOT,-1,2026-08-09 01:22:00+00:00,2026-08-09 01:23:00+00:00,2026-08-09 01:28:00+00:00,-0.0004917025199753233,-0.0023010374184480433,0.0018093348984727197,9.046674492363598,5
ETH,-1,2026-08-09 01:22:00+00:00,2026-08-09 01:23:00+00:00,2026-08-09 01:28:00+00:00,0.00044872530706374647,-0.0005596595055324593,0.0010083848125962058,5.041924062981029,5
LINK,-1,2026-08-09 01:22:00+00:00,2026-08-09 01:23:00+00:00,2026-08-09 01:28:00+00:00,0.0006016123210204061,-0.0007057254222648344,0.0013073377432852404,6.536688716426203,5
SOL,-1,2026-08-09 01:22:00+00:00,2026-08-09 01:23:00+00:00,2026-08-09 01:28:00+00:00,-0.0,-0.0012001851716594385,0.0012001851716594385,6.000925858297193,5
XRP,-1,2026-08-09 01:22:00+00:00,2026-08-09 01:23:00+00:00,2026-08-09 01:28:00+00:00,0.0012520466146586084,0.00010349407332804609,0.0011485525413305624,5.742762706652812,5
ADA,-1,2026-08-09 02:06:00+00:00,2026-08-09 02:07:00+00:00,2026-08-09 02:12:00+00:00,-0.0010045203415369741,-0.0030022753926717406,0.0019977550511347665,9.988775255673833,5
AVAX,-1,2026-08-09 02:06:00+00:00,2026-08-09 02:07:00+00:00,2026-08-09 02:12:00+00:00,-0.0007719623282382848,-0.00231410887717139,0.0015421465489331052,7.710732744665526,5
BNB,-1,2026-08-09 02:06:00+00:00,2026-08-09 02:07:00+00:00,2026-08-09 02:12:00+00:00,0.0009975062344139696,-0.00029367815810288117,0.0012911843925168507,6.455921962584254,5
DOT,-1,2026-08-09 02:06:00+00:00,2026-08-09 02:07:00+00:00,2026-08-09 02:12:00+00:00,-0.0007369196757551766,-0.0025462545742278965,0.0018093348984727197,9.046674492363598,5
ETH,-1,2026-08-09 02:06:00+00:00,2026-08-09 02:07:00+00:00,2026-08-09 02:12:00+00:00,-0.0007364616413170211,-0.0017448464539132269,0.0010083848125962058,5.041924062981029,5
LINK,-1,2026-08-09 02:06:00+00:00,2026-08-09 02:07:00+00:00,2026-08-09 02:12:00+00:00,-0.0007236762754794235,-0.0020310140187646637,0.0013073377432852404,6.536688716426203,5
SOL,-1,2026-08-09 02:06:00+00:00,2026-08-09 02:07:00+00:00,2026-08-09 02:12:00+00:00,-0.0009239704329460086,-0.0021241556046054473,0.0012001851716594385,6.000925858297193,5
XRP,-1,2026-08-09 02:06:00+00:00,2026-08-09 02:07:00+00:00,2026-08-09 02:12:00+00:00,-0.0011598685482312465,-0.002308421089561809,0.0011485525413305624,5.742762706652812,5
ADA,-1,2026-08-09 02:43:00+00:00,2026-08-09 02:44:00+00:00,2026-08-09 02:49:00+00:00,-0.0005040322580645018,-0.0025017873091992683,0.0019977550511347665,9.988775255673833,5
AVAX,-1,2026-08-09 02:43:00+00:00,2026-08-09 02:44:00+00:00,2026-08-09 02:49:00+00:00,0.0006176652254477055,-0.0009244813234853997,0.0015421465489331052,7.710732744665526,5
BNB,-1,2026-08-09 02:43:00+00:00,2026-08-09 02:44:00+00:00,2026-08-09 02:49:00+00:00,-0.0008325008325007488,-0.0021236852250175993,0.0012911843925168507,6.455921962584254,5
DOT,-1,2026-08-09 02:43:00+00:00,2026-08-09 02:44:00+00:00,2026-08-09 02:49:00+00:00,0.0008595284872299214,-0.0009498064112427984,0.0018093348984727197,9.046674492363598,5
ETH,-1,2026-08-09 02:43:00+00:00,2026-08-09 02:44:00+00:00,2026-08-09 02:49:00+00:00,2.6119071623642576e-05,-0.0009822657409725632,0.0010083848125962058,5.041924062981029,5
LINK,-1,2026-08-09 02:43:00+00:00,2026-08-09 02:44:00+00:00,2026-08-09 02:49:00+00:00,-0.0,-0.0013073377432852404,0.0013073377432852404,6.536688716426203,5
SOL,-1,2026-08-09 02:43:00+00:00,2026-08-09 02:44:00+00:00,2026-08-09 02:49:00+00:00,0.0006586747464102372,-0.0005415104252492013,0.0012001851716594385,6.000925858297193,5
XRP,-1,2026-08-09 02:43:00+00:00,2026-08-09 02:44:00+00:00,2026-08-09 02:49:00+00:00,0.00019321804656557973,-0.0009553344947649826,0.0011485525413305624,5.742762706652812,5
ADA,-1,2026-08-09 03:13:00+00:00,2026-08-09 03:14:00+00:00,2026-08-09 03:19:00+00:00,-0.001009591115598285,-0.0030073461667330516,0.0019977550511347665,9.988775255673833,5
AVAX,-1,2026-08-09 03:13:00+00:00,2026-08-09 03:14:00+00:00,2026-08-09 03:19:00+00:00,0.001241079739373263,-0.00030106680955984213,0.0015421465489331052,7.710732744665526,5
BNB,-1,2026-08-09 03:13:00+00:00,2026-08-09 03:14:00+00:00,2026-08-09 03:19:00+00:00,-0.0006658897952389609,-0.0019570741877558114,0.0012911843925168507,6.455921962584254,5
DOT,-1,2026-08-09 03:13:00+00:00,2026-08-09 03:14:00+00:00,2026-08-09 03:19:00+00:00,-0.0003695946778368153,-0.0021789295763095353,0.0018093348984727197,9.046674492363598,5
ETH,-1,2026-08-09 03:13:00+00:00,2026-08-09 03:14:00+00:00,2026-08-09 03:19:00+00:00,-0.00018301132055742464,-0.0011913961331536304,0.0010083848125962058,5.041924062981029,5
LINK,-1,2026-08-09 03:13:00+00:00,2026-08-09 03:14:00+00:00,2026-08-09 03:19:00+00:00,-0.0009681713663318714,-0.0022755091096171116,0.0013073377432852404,6.536688716426203,5
SOL,-1,2026-08-09 03:13:00+00:00,2026-08-09 03:14:00+00:00,2026-08-09 03:19:00+00:00,-0.000263991552270193,-0.0014641767239296315,0.0012001851716594385,6.000925858297193,5
XRP,-1,2026-08-09 03:13:00+00:00,2026-08-09 03:14:00+00:00,2026-08-09 03:19:00+00:00,-0.0002899951667472145,-0.0014385477080777768,0.0011485525413305624,5.742762706652812,5
ADA,1,2026-08-09 08:04:00+00:00,2026-08-09 08:05:00+00:00,2026-08-09 08:10:00+00:00,-0.003018108651911544,-0.005015863703046311,0.0019977550511347665,9.988775255673833,5
AVAX,1,2026-08-09 08:04:00+00:00,2026-08-09 08:05:00+00:00,2026-08-09 08:10:00+00:00,-0.0015398829688942905,-0.0030820295178273956,0.0015421465489331052,7.710732744665526,5
BNB,1,2026-08-09 08:04:00+00:00,2026-08-09 08:05:00+00:00,2026-08-09 08:10:00+00:00,-0.0006630200563566557,-0.0019542044488735063,0.0012911843925168507,6.455921962584254,5
DOT,1,2026-08-09 08:04:00+00:00,2026-08-09 08:05:00+00:00,2026-08-09 08:10:00+00:00,-0.0023399014778324734,-0.004149236376305193,0.0018093348984727197,9.046674492363598,5
ETH,1,2026-08-09 08:04:00+00:00,2026-08-09 08:05:00+00:00,2026-08-09 08:10:00+00:00,-0.0006291597337770849,-0.0016375445463732907,0.0010083848125962058,5.041924062981029,5
LINK,1,2026-08-09 08:04:00+00:00,2026-08-09 08:05:00+00:00,2026-08-09 08:10:00+00:00,-0.0023952095808382756,-0.003702547324123516,0.0013073377432852404,6.536688716426203,5
SOL,1,2026-08-09 08:04:00+00:00,2026-08-09 08:05:00+00:00,2026-08-09 08:10:00+00:00,-0.0009151523074910628,-0.0021153374791505015,0.0012001851716594385,6.000925858297193,5
XRP,1,2026-08-09 08:04:00+00:00,2026-08-09 08:05:00+00:00,2026-08-09 08:10:00+00:00,-0.0008669685001445604,-0.002015521041475123,0.0011485525413305624,5.742762706652812,5
ADA,-1,2026-08-09 08:39:00+00:00,2026-08-09 08:40:00+00:00,2026-08-09 08:45:00+00:00,0.002024291497975783,2.6536446841016626e-05,0.0019977550511347665,9.988775255673833,5
AVAX,-1,2026-08-09 08:39:00+00:00,2026-08-09 08:40:00+00:00,2026-08-09 08:45:00+00:00,0.00015477480266212762,-0.0013873717462709776,0.0015421465489331052,7.710732744665526,5
BNB,-1,2026-08-09 08:39:00+00:00,2026-08-09 08:40:00+00:00,2026-08-09 08:45:00+00:00,0.0008304268393954928,-0.00046075755312135797,0.0012911843925168507,6.455921962584254,5
DOT,-1,2026-08-09 08:39:00+00:00,2026-08-09 08:40:00+00:00,2026-08-09 08:45:00+00:00,0.00024718823384017874,-0.001562146664632541,0.0018093348984727197,9.046674492363598,5
ETH,-1,2026-08-09 08:39:00+00:00,2026-08-09 08:40:00+00:00,2026-08-09 08:45:00+00:00,0.0016379332829086213,0.0006295484703124155,0.0010083848125962058,5.041924062981029,5
LINK,-1,2026-08-09 08:39:00+00:00,2026-08-09 08:40:00+00:00,2026-08-09 08:45:00+00:00,0.0018048369630611072,0.0004974992197758668,0.0013073377432852404,6.536688716426203,5
SOL,-1,2026-08-09 08:39:00+00:00,2026-08-09 08:40:00+00:00,2026-08-09 08:45:00+00:00,0.0017055890842297972,0.0005054039125703587,0.0012001851716594385,6.000925858297193,5
XRP,-1,2026-08-09 08:39:00+00:00,2026-08-09 08:40:00+00:00,2026-08-09 08:45:00+00:00,0.0019361084220715918,0.0007875558807410295,0.0011485525413305624,5.742762706652812,5
ADA,1,2026-08-09 10:13:00+00:00,2026-08-09 10:14:00+00:00,2026-08-09 10:19:00+00:00,0.0005089058524172518,-0.0014888491987175147,0.0019977550511347665,9.988775255673833,5
AVAX,1,2026-08-09 10:13:00+00:00,2026-08-09 10:14:00+00:00,2026-08-09 10:19:00+00:00,-0.00030840400925225,-0.0018505505581853552,0.0015421465489331052,7.710732744665526,5
BNB,1,2026-08-09 10:13:00+00:00,2026-08-09 10:14:00+00:00,2026-08-09 10:19:00+00:00,0.0008282259400365088,-0.0004629584524803419,0.0012911843925168507,6.455921962584254,5
DOT,1,2026-08-09 10:13:00+00:00,2026-08-09 10:14:00+00:00,2026-08-09 10:19:00+00:00,0.00012405408758220382,-0.001685280810890516,0.0018093348984727197,9.046674492363598,5
ETH,1,2026-08-09 10:13:00+00:00,2026-08-09 10:14:00+00:00,2026-08-09 10:19:00+00:00,-0.0005256775254641743,-0.0015340623380603801,0.0010083848125962058,5.041924062981029,5
LINK,1,2026-08-09 10:13:00+00:00,2026-08-09 10:14:00+00:00,2026-08-09 10:19:00+00:00,-0.00024038461538467004,-0.0015477223586699105,0.0013073377432852404,6.536688716426203,5
SOL,1,2026-08-09 10:13:00+00:00,2026-08-09 10:14:00+00:00,2026-08-09 10:19:00+00:00,0.0003920543648718855,-0.000808130806787553,0.0012001851716594385,6.000925858297193,5
XRP,1,2026-08-09 10:13:00+00:00,2026-08-09 10:14:00+00:00,2026-08-09 10:19:00+00:00,0.0004822996045141803,-0.0006662529368163821,0.0011485525413305624,5.742762706652812,5
ADA,1,2026-08-09 13:32:00+00:00,2026-08-09 13:33:00+00:00,2026-08-09 13:38:00+00:00,0.0005068423720222537,-0.0014909126791125128,0.0019977550511347665,9.988775255673833,5
AVAX,1,2026-08-09 13:32:00+00:00,2026-08-09 13:33:00+00:00,2026-08-09 13:38:00+00:00,-0.0010800802345316551,-0.00262222678346476,0.0015421465489331052,7.710732744665526,5
BNB,1,2026-08-09 13:32:00+00:00,2026-08-09 13:33:00+00:00,2026-08-09 13:38:00+00:00,-0.0004947229551450771,-0.0017859073476619279,0.0012911843925168507,6.455921962584254,5
DOT,1,2026-08-09 13:32:00+00:00,2026-08-09 13:33:00+00:00,2026-08-09 13:38:00+00:00,-0.0016061279960464248,-0.0034154628945191447,0.0018093348984727197,9.046674492363598,5
ETH,1,2026-08-09 13:32:00+00:00,2026-08-09 13:33:00+00:00,2026-08-09 13:38:00+00:00,-0.00015600542898885905,-0.0011643902415850648,0.0010083848125962058,5.041924062981029,5
LINK,1,2026-08-09 13:32:00+00:00,2026-08-09 13:33:00+00:00,2026-08-09 13:38:00+00:00,-0.0007219347852244207,-0.002029272528509661,0.0013073377432852404,6.536688716426203,5
SOL,1,2026-08-09 13:32:00+00:00,2026-08-09 13:33:00+00:00,2026-08-09 13:38:00+00:00,-0.0006522306287503055,-0.001852415800409744,0.0012001851716594385,6.000925858297193,5
XRP,1,2026-08-09 13:32:00+00:00,2026-08-09 13:33:00+00:00,2026-08-09 13:38:00+00:00,0.00038502262007877874,-0.0007635299212517836,0.0011485525413305624,5.742762706652812,5
ADA,1,2026-08-09 13:39:00+00:00,2026-08-09 13:40:00+00:00,2026-08-09 13:45:00+00:00,-0.0020263424518742745,-0.0040240975030090415,0.0019977550511347665,9.988775255673833,5
AVAX,1,2026-08-09 13:39:00+00:00,2026-08-09 13:40:00+00:00,2026-08-09 13:45:00+00:00,-0.0003087372645877995,-0.0018508838135209047,0.0015421465489331052,7.710732744665526,5
BNB,1,2026-08-09 13:39:00+00:00,2026-08-09 13:40:00+00:00,2026-08-09 13:45:00+00:00,0.0006600660066005126,-0.0006311183859163381,0.0012911843925168507,6.455921962584254,5
DOT,1,2026-08-09 13:39:00+00:00,2026-08-09 13:40:00+00:00,2026-08-09 13:45:00+00:00,-0.00037119524870088405,-0.002180530147173604,0.0018093348984727197,9.046674492363598,5
ETH,1,2026-08-09 13:39:00+00:00,2026-08-09 13:40:00+00:00,2026-08-09 13:45:00+00:00,-0.0006084275009230478,-0.0016168123135192536,0.0010083848125962058,5.041924062981029,5
LINK,1,2026-08-09 13:39:00+00:00,2026-08-09 13:40:00+00:00,2026-08-09 13:45:00+00:00,0.00012039489525661473,-0.0011869428480286257,0.0013073377432852404,6.536688716426203,5
SOL,1,2026-08-09 13:39:00+00:00,2026-08-09 13:40:00+00:00,2026-08-09 13:45:00+00:00,0.00039149158293105835,-0.0008086935887283802,0.0012001851716594385,6.000925858297193,5
XRP,1,2026-08-09 13:39:00+00:00,2026-08-09 13:40:00+00:00,2026-08-09 13:45:00+00:00,0.0,-0.0011485525413305624,0.0011485525413305624,5.742762706652812,5
ADA,1,2026-08-09 14:57:00+00:00,2026-08-09 14:58:00+00:00,2026-08-09 15:03:00+00:00,-0.001515917129863542,-0.0035136721809983086,0.0019977550511347665,9.988775255673833,5
AVAX,1,2026-08-09 14:57:00+00:00,2026-08-09 14:58:00+00:00,2026-08-09 15:03:00+00:00,0.0009239297813365965,-0.0006182167675965087,0.0015421465489331052,7.710732744665526,5
BNB,1,2026-08-09 14:57:00+00:00,2026-08-09 14:58:00+00:00,2026-08-09 15:03:00+00:00,0.0003289473684211508,-0.0009622370240957,0.0012911843925168507,6.455921962584254,5
DOT,1,2026-08-09 14:57:00+00:00,2026-08-09 14:58:00+00:00,2026-08-09 15:03:00+00:00,0.0,-0.0018093348984727197,0.0018093348984727197,9.046674492363598,5
ETH,1,2026-08-09 14:57:00+00:00,2026-08-09 14:58:00+00:00,2026-08-09 15:03:00+00:00,-0.000613174947126649,-0.0016215597597228548,0.0010083848125962058,5.041924062981029,5
LINK,1,2026-08-09 14:57:00+00:00,2026-08-09 14:58:00+00:00,2026-08-09 15:03:00+00:00,0.0004818696542585599,-0.0008254680890266806,0.0013073377432852404,6.536688716426203,5
SOL,1,2026-08-09 14:57:00+00:00,2026-08-09 14:58:00+00:00,2026-08-09 15:03:00+00:00,0.0,-0.0012001851716594385,0.0012001851716594385,6.000925858297193,5
XRP,1,2026-08-09 14:57:00+00:00,2026-08-09 14:58:00+00:00,2026-08-09 15:03:00+00:00,0.0002881014116971059,-0.0008604511296334565,0.0011485525413305624,5.742762706652812,5
ADA,1,2026-08-09 15:04:00+00:00,2026-08-09 15:05:00+00:00,2026-08-09 15:10:00+00:00,-0.002022244691607722,-0.004019999742742489,0.0019977550511347665,9.988775255673833,5
AVAX,1,2026-08-09 15:04:00+00:00,2026-08-09 15:05:00+00:00,2026-08-09 15:10:00+00:00,-0.0010747735298632932,-0.0026169200787963982,0.0015421465489331052,7.710732744665526,5
BNB,1,2026-08-09 15:04:00+00:00,2026-08-09 15:05:00+00:00,2026-08-09 15:10:00+00:00,-0.0006573541495480395,-0.0019485385420648902,0.0012911843925168507,6.455921962584254,5
DOT,1,2026-08-09 15:04:00+00:00,2026-08-09 15:05:00+00:00,2026-08-09 15:10:00+00:00,-0.0004929143561305249,-0.002302249254603245,0.0018093348984727197,9.046674492363598,5
ETH,1,2026-08-09 15:04:00+00:00,2026-08-09 15:05:00+00:00,2026-08-09 15:10:00+00:00,-2.0782999506474553e-05,-0.0010291678121026803,0.0010083848125962058,5.041924062981029,5
LINK,1,2026-08-09 15:04:00+00:00,2026-08-09 15:05:00+00:00,2026-08-09 15:10:00+00:00,-0.0006013229104027129,-0.0019086606536879533,0.0013073377432852404,6.536688716426203,5
SOL,1,2026-08-09 15:04:00+00:00,2026-08-09 15:05:00+00:00,2026-08-09 15:10:00+00:00,-0.0012983640612826974,-0.002498549232942136,0.0012001851716594385,6.000925858297193,5
XRP,1,2026-08-09 15:04:00+00:00,2026-08-09 15:05:00+00:00,2026-08-09 15:10:00+00:00,-0.0009589566551591044,-0.002107509196489667,0.0011485525413305624,5.742762706652812,5
ADA,-1,2026-08-09 16:24:00+00:00,2026-08-09 16:25:00+00:00,2026-08-09 16:30:00+00:00,-0.0,-0.0019977550511347665,0.0019977550511347665,9.988775255673833,5
AVAX,-1,2026-08-09 16:24:00+00:00,2026-08-09 16:25:00+00:00,2026-08-09 16:30:00+00:00,0.0013744654856445715,-0.00016768106328853374,0.0015421465489331052,7.710732744665526,5
BNB,-1,2026-08-09 16:24:00+00:00,2026-08-09 16:25:00+00:00,2026-08-09 16:30:00+00:00,0.0008227743952607947,-0.0004684099972560561,0.0012911843925168507,6.455921962584254,5
DOT,-1,2026-08-09 16:24:00+00:00,2026-08-09 16:25:00+00:00,2026-08-09 16:30:00+00:00,0.0007409236848603395,-0.0010684112136123802,0.0018093348984727197,9.046674492363598,5
ETH,-1,2026-08-09 16:24:00+00:00,2026-08-09 16:25:00+00:00,2026-08-09 16:30:00+00:00,0.0002497320583124685,-0.0007586527542837373,0.0010083848125962058,5.041924062981029,5
LINK,-1,2026-08-09 16:24:00+00:00,2026-08-09 16:25:00+00:00,2026-08-09 16:30:00+00:00,0.0004800192007680115,-0.0008273185425172289,0.0013073377432852404,6.536688716426203,5
SOL,-1,2026-08-09 16:24:00+00:00,2026-08-09 16:25:00+00:00,2026-08-09 16:30:00+00:00,0.0011667098781437124,-3.347529351572609e-05,0.0012001851716594385,6.000925858297193,5
XRP,-1,2026-08-09 16:24:00+00:00,2026-08-09 16:25:00+00:00,2026-08-09 16:30:00+00:00,-9.597850081588533e-05,-0.0012445310421464477,0.0011485525413305624,5.742762706652812,5
ADA,-1,2026-08-09 20:14:00+00:00,2026-08-09 20:15:00+00:00,2026-08-09 20:20:00+00:00,-0.001519756838905817,-0.0035175118900405834,0.0019977550511347665,9.988775255673833,5
AVAX,-1,2026-08-09 20:14:00+00:00,2026-08-09 20:15:00+00:00,2026-08-09 20:20:00+00:00,0.0016783643576442353,0.00013621780871113007,0.0015421465489331052,7.710732744665526,5
BNB,-1,2026-08-09 20:14:00+00:00,2026-08-09 20:15:00+00:00,2026-08-09 20:20:00+00:00,0.00032905561039808795,-0.0009621287821187628,0.0012911843925168507,6.455921962584254,5
DOT,-1,2026-08-09 20:14:00+00:00,2026-08-09 20:15:00+00:00,2026-08-09 20:20:00+00:00,-0.0008669804310130758,-0.0026763153294857957,0.0018093348984727197,9.046674492363598,5
ETH,-1,2026-08-09 20:14:00+00:00,2026-08-09 20:15:00+00:00,2026-08-09 20:20:00+00:00,5.2126772310368e-05,-0.0009562580402858378,0.0010083848125962058,5.041924062981029,5
LINK,-1,2026-08-09 20:14:00+00:00,2026-08-09 20:15:00+00:00,2026-08-09 20:20:00+00:00,-0.001684717208182862,-0.0029920549514681023,0.0013073377432852404,6.536688716426203,5
SOL,-1,2026-08-09 20:14:00+00:00,2026-08-09 20:15:00+00:00,2026-08-09 20:20:00+00:00,-0.0009086188992730726,-0.0021088040709325113,0.0012001851716594385,6.000925858297193,5
XRP,-1,2026-08-09 20:14:00+00:00,2026-08-09 20:15:00+00:00,2026-08-09 20:20:00+00:00,0.00028846153846151523,-0.0008600910028690471,0.0011485525413305624,5.742762706652812,5
ADA,1,2026-08-09 22:14:00+00:00,2026-08-09 22:15:00+00:00,2026-08-09 22:20:00+00:00,-0.0025100401606426015,-0.004507795211777368,0.0019977550511347665,9.988775255673833,5
AVAX,1,2026-08-09 22:14:00+00:00,2026-08-09 22:15:00+00:00,2026-08-09 22:20:00+00:00,-0.0015199878400972144,-0.0030621343890303195,0.0015421465489331052,7.710732744665526,5
BNB,1,2026-08-09 22:14:00+00:00,2026-08-09 22:15:00+00:00,2026-08-09 22:20:00+00:00,-0.0013108307389807505,-0.002602015131497601,0.0012911843925168507,6.455921962584254,5
DOT,1,2026-08-09 22:14:00+00:00,2026-08-09 22:15:00+00:00,2026-08-09 22:20:00+00:00,-0.000862281350086147,-0.002671616248558867,0.0018093348984727197,9.046674492363598,5
ETH,1,2026-08-09 22:14:00+00:00,2026-08-09 22:15:00+00:00,2026-08-09 22:20:00+00:00,-0.0008278359849954731,-0.0018362207975916789,0.0010083848125962058,5.041924062981029,5
LINK,1,2026-08-09 22:14:00+00:00,2026-08-09 22:15:00+00:00,2026-08-09 22:20:00+00:00,-0.0015522388059701075,-0.0028595765492553478,0.0013073377432852404,6.536688716426203,5
SOL,1,2026-08-09 22:14:00+00:00,2026-08-09 22:15:00+00:00,2026-08-09 22:20:00+00:00,-0.0016739634303373219,-0.0028741486019967606,0.0012001851716594385,6.000925858297193,5
XRP,1,2026-08-09 22:14:00+00:00,2026-08-09 22:15:00+00:00,2026-08-09 22:20:00+00:00,-0.0011476664116297774,-0.00229621895296034,0.0011485525413305624,5.742762706652812,5
ADA,-1,2026-08-09 22:32:00+00:00,2026-08-09 22:33:00+00:00,2026-08-09 22:38:00+00:00,0.003034901365705611,0.0010371463145708447,0.0019977550511347665,9.988775255673833,5
AVAX,-1,2026-08-09 22:32:00+00:00,2026-08-09 22:33:00+00:00,2026-08-09 22:38:00+00:00,0.003056234718826323,0.0015140881698932176,0.0015421465489331052,7.710732744665526,5
BNB,-1,2026-08-09 22:32:00+00:00,2026-08-09 22:33:00+00:00,2026-08-09 22:38:00+00:00,0.0016507098052161995,0.00035952541269934873,0.0012911843925168507,6.455921962584254,5
DOT,-1,2026-08-09 22:32:00+00:00,2026-08-09 22:33:00+00:00,2026-08-09 22:38:00+00:00,0.0028461824031680294,0.0010368475046953097,0.0018093348984727197,9.046674492363598,5
ETH,-1,2026-08-09 22:32:00+00:00,2026-08-09 22:33:00+00:00,2026-08-09 22:38:00+00:00,0.003722393545774527,0.0027140087331783214,0.0010083848125962058,5.041924062981029,5
LINK,-1,2026-08-09 22:32:00+00:00,2026-08-09 22:33:00+00:00,2026-08-09 22:38:00+00:00,0.004443376966494661,0.0031360392232094208,0.0013073377432852404,6.536688716426203,5
SOL,-1,2026-08-09 22:32:00+00:00,2026-08-09 22:33:00+00:00,2026-08-09 22:38:00+00:00,0.002846054333764503,0.0016458691621050643,0.0012001851716594385,6.000925858297193,5
XRP,-1,2026-08-09 22:32:00+00:00,2026-08-09 22:33:00+00:00,2026-08-09 22:38:00+00:00,0.002979909641449674,0.0018313571001191116,0.0011485525413305624,5.742762706652812,5
ADA,1,2026-08-09 23:36:00+00:00,2026-08-09 23:37:00+00:00,2026-08-09 23:42:00+00:00,-0.0015416238437820917,-0.003539378894916858,0.0019977550511347665,9.988775255673833,5
AVAX,1,2026-08-09 23:36:00+00:00,2026-08-09 23:37:00+00:00,2026-08-09 23:42:00+00:00,-0.002179327521793284,-0.003721474070726389,0.0015421465489331052,7.710732744665526,5
BNB,1,2026-08-09 23:36:00+00:00,2026-08-09 23:37:00+00:00,2026-08-09 23:42:00+00:00,-0.0023190326321022026,-0.003610217024619053,0.0012911843925168507,6.455921962584254,5
DOT,1,2026-08-09 23:36:00+00:00,2026-08-09 23:37:00+00:00,2026-08-09 23:42:00+00:00,-0.002376782586940185,-0.004186117485412905,0.0018093348984727197,9.046674492363598,5
ETH,1,2026-08-09 23:36:00+00:00,2026-08-09 23:37:00+00:00,2026-08-09 23:42:00+00:00,-0.0013539297942968265,-0.0023623146068930323,0.0010083848125962058,5.041924062981029,5
LINK,1,2026-08-09 23:36:00+00:00,2026-08-09 23:37:00+00:00,2026-08-09 23:42:00+00:00,-0.0020726652036088256,-0.0033800029468940658,0.0013073377432852404,6.536688716426203,5
SOL,1,2026-08-09 23:36:00+00:00,2026-08-09 23:37:00+00:00,2026-08-09 23:42:00+00:00,-0.0023535564853557345,-0.003553741657015173,0.0012001851716594385,6.000925858297193,5
XRP,1,2026-08-09 23:36:00+00:00,2026-08-09 23:37:00+00:00,2026-08-09 23:42:00+00:00,-0.0009704968944098669,-0.0021190494357404294,0.0011485525413305624,5.742762706652812,5
ADA,1,2026-08-10 00:08:00+00:00,2026-08-10 00:09:00+00:00,2026-08-10 00:14:00+00:00,0.0035915854284249704,0.001593830377290204,0.0019977550511347665,9.988775255673833,5
AVAX,1,2026-08-10 00:08:00+00:00,2026-08-10 00:09:00+00:00,2026-08-10 00:14:00+00:00,0.00514258999532502,0.003600443446391915,0.0015421465489331052,7.710732744665526,5
BNB,1,2026-08-10 00:08:00+00:00,2026-08-10 00:09:00+00:00,2026-08-10 00:14:00+00:00,0.0014880952380953438,0.00019691084557849309,0.0012911843925168507,6.455921962584254,5
DOT,1,2026-08-10 00:08:00+00:00,2026-08-10 00:09:00+00:00,2026-08-10 00:14:00+00:00,0.0023764853033145794,0.0005671504048418597,0.0018093348984727197,9.046674492363598,5
ETH,1,2026-08-10 00:08:00+00:00,2026-08-10 00:09:00+00:00,2026-08-10 00:14:00+00:00,0.003629242819843448,0.002620858007247242,0.0010083848125962058,5.041924062981029,5
LINK,1,2026-08-10 00:08:00+00:00,2026-08-10 00:09:00+00:00,2026-08-10 00:14:00+00:00,0.002802827199610114,0.0014954894563248735,0.0013073377432852404,6.536688716426203,5
SOL,1,2026-08-10 00:08:00+00:00,2026-08-10 00:09:00+00:00,2026-08-10 00:14:00+00:00,0.004443863547248572,0.0032436783755891334,0.0012001851716594385,6.000925858297193,5
XRP,1,2026-08-10 00:08:00+00:00,2026-08-10 00:09:00+00:00,2026-08-10 00:14:00+00:00,0.004949534161490687,0.003800981620160125,0.0011485525413305624,5.742762706652812,5
ADA,-1,2026-08-10 00:24:00+00:00,2026-08-10 00:25:00+00:00,2026-08-10 00:30:00+00:00,-0.0020512820512819108,-0.004049037102416678,0.0019977550511347665,9.988775255673833,5
AVAX,-1,2026-08-10 00:24:00+00:00,2026-08-10 00:25:00+00:00,2026-08-10 00:30:00+00:00,-0.0010879701585326806,-0.0026301167074657857,0.0015421465489331052,7.710732744665526,5
BNB,-1,2026-08-10 00:24:00+00:00,2026-08-10 00:25:00+00:00,2026-08-10 00:30:00+00:00,-0.0004970178926440028,-0.0017882022851608535,0.0012911843925168507,6.455921962584254,5
DOT,-1,2026-08-10 00:24:00+00:00,2026-08-10 00:25:00+00:00,2026-08-10 00:30:00+00:00,-0.0007515971439309155,-0.0025609320424036354,0.0018093348984727197,9.046674492363598,5
ETH,-1,2026-08-10 00:24:00+00:00,2026-08-10 00:25:00+00:00,2026-08-10 00:30:00+00:00,0.0001463073080499866,-0.0008620775045462192,0.0010083848125962058,5.041924062981029,5
LINK,-1,2026-08-10 00:24:00+00:00,2026-08-10 00:25:00+00:00,2026-08-10 00:30:00+00:00,0.00048810250152531154,-0.0008192352417599289,0.0013073377432852404,6.536688716426203,5
SOL,-1,2026-08-10 00:24:00+00:00,2026-08-10 00:25:00+00:00,2026-08-10 00:30:00+00:00,-0.000653680219636632,-0.0018538653912960705,0.0012001851716594385,6.000925858297193,5
XRP,-1,2026-08-10 00:24:00+00:00,2026-08-10 00:25:00+00:00,2026-08-10 00:30:00+00:00,0.00019394879751744032,-0.000954603743813122,0.0011485525413305624,5.742762706652812,5
ADA,-1,2026-08-10 00:43:00+00:00,2026-08-10 00:44:00+00:00,2026-08-10 00:49:00+00:00,-0.0005122950819671512,-0.0025100501331019177,0.0019977550511347665,9.988775255673833,5
AVAX,-1,2026-08-10 00:43:00+00:00,2026-08-10 00:44:00+00:00,2026-08-10 00:49:00+00:00,-0.0026422132421510813,-0.004184359791084186,0.0015421465489331052,7.710732744665526,5
BNB,-1,2026-08-10 00:43:00+00:00,2026-08-10 00:44:00+00:00,2026-08-10 00:49:00+00:00,-0.0008289124668434678,-0.0021200968593603183,0.0012911843925168507,6.455921962584254,5
DOT,-1,2026-08-10 00:43:00+00:00,2026-08-10 00:44:00+00:00,2026-08-10 00:49:00+00:00,-0.0007525398218990453,-0.0025618747203717653,0.0018093348984727197,9.046674492363598,5
ETH,-1,2026-08-10 00:43:00+00:00,2026-08-10 00:44:00+00:00,2026-08-10 00:49:00+00:00,-0.0018830119799424505,-0.0028913967925386563,0.0010083848125962058,5.041924062981029,5
LINK,-1,2026-08-10 00:43:00+00:00,2026-08-10 00:44:00+00:00,2026-08-10 00:49:00+00:00,-0.0003671521233630237,-0.0016744898666482641,0.0013073377432852404,6.536688716426203,5
SOL,-1,2026-08-10 00:43:00+00:00,2026-08-10 00:44:00+00:00,2026-08-10 00:49:00+00:00,-0.0020967107849561017,-0.0032968959566155405,0.0012001851716594385,6.000925858297193,5
XRP,-1,2026-08-10 00:43:00+00:00,2026-08-10 00:44:00+00:00,2026-08-10 00:49:00+00:00,-0.0017514838960785983,-0.002900036437409161,0.0011485525413305624,5.742762706652812,5
ADA,1,2026-08-10 01:47:00+00:00,2026-08-10 01:48:00+00:00,2026-08-10 01:53:00+00:00,0.007139214686384454,0.005141459635249687,0.0019977550511347665,9.988775255673833,5
AVAX,1,2026-08-10 01:47:00+00:00,2026-08-10 01:48:00+00:00,2026-08-10 01:53:00+00:00,0.00803088803088814,0.006488741481955034,0.0015421465489331052,7.710732744665526,5
BNB,1,2026-08-10 01:47:00+00:00,2026-08-10 01:48:00+00:00,2026-08-10 01:53:00+00:00,0.0014878492312777603,0.0001966648387609095,0.0012911843925168507,6.455921962584254,5
DOT,1,2026-08-10 01:47:00+00:00,2026-08-10 01:48:00+00:00,2026-08-10 01:53:00+00:00,0.003003378801151202,0.0011940439026784822,0.0018093348984727197,9.046674492363598,5
ETH,1,2026-08-10 01:47:00+00:00,2026-08-10 01:48:00+00:00,2026-08-10 01:53:00+00:00,0.0038726760034817342,0.0028642911908855285,0.0010083848125962058,5.041924062981029,5
LINK,1,2026-08-10 01:47:00+00:00,2026-08-10 01:48:00+00:00,2026-08-10 01:53:00+00:00,0.005733105635520763,0.004425767892235523,0.0013073377432852404,6.536688716426203,5
SOL,1,2026-08-10 01:47:00+00:00,2026-08-10 01:48:00+00:00,2026-08-10 01:53:00+00:00,0.0033893886064400025,0.002189203434780564,0.0012001851716594385,6.000925858297193,5
XRP,1,2026-08-10 01:47:00+00:00,2026-08-10 01:48:00+00:00,2026-08-10 01:53:00+00:00,0.005810012588360669,0.0046614600470301065,0.0011485525413305624,5.742762706652812,5
ADA,1,2026-08-10 02:43:00+00:00,2026-08-10 02:44:00+00:00,2026-08-10 02:49:00+00:00,-0.002024291497975783,-0.00402204654911055,0.0019977550511347665,9.988775255673833,5
AVAX,1,2026-08-10 02:43:00+00:00,2026-08-10 02:44:00+00:00,2026-08-10 02:49:00+00:00,0.0,-0.0015421465489331052,0.0015421465489331052,7.710732744665526,5
BNB,1,2026-08-10 02:43:00+00:00,2026-08-10 02:44:00+00:00,2026-08-10 02:49:00+00:00,-0.0008282259400363978,-0.0021194103325532484,0.0012911843925168507,6.455921962584254,5
DOT,1,2026-08-10 02:43:00+00:00,2026-08-10 02:44:00+00:00,2026-08-10 02:49:00+00:00,0.0006237524950101214,-0.0011855824034625983,0.0018093348984727197,9.046674492363598,5
ETH,1,2026-08-10 02:43:00+00:00,2026-08-10 02:44:00+00:00,2026-08-10 02:49:00+00:00,-0.00040535694797394495,-0.0014137417605701507,0.0010083848125962058,5.041924062981029,5
LINK,1,2026-08-10 02:43:00+00:00,2026-08-10 02:44:00+00:00,2026-08-10 02:49:00+00:00,-0.0006079766536966069,-0.0019153143969818473,0.0013073377432852404,6.536688716426203,5
SOL,1,2026-08-10 02:43:00+00:00,2026-08-10 02:44:00+00:00,2026-08-10 02:49:00+00:00,-0.00039067586925378706,-0.0015908610409132256,0.0012001851716594385,6.000925858297193,5
XRP,1,2026-08-10 02:43:00+00:00,2026-08-10 02:44:00+00:00,2026-08-10 02:49:00+00:00,-0.001062391346339675,-0.0022109438876702376,0.0011485525413305624,5.742762706652812,5
ADA,1,2026-08-10 03:17:00+00:00,2026-08-10 03:18:00+00:00,2026-08-10 03:23:00+00:00,0.0020397756246812726,4.202057354650611e-05,0.0019977550511347665,9.988775255673833,5
AVAX,1,2026-08-10 03:17:00+00:00,2026-08-10 03:18:00+00:00,2026-08-10 03:23:00+00:00,0.00355322107214584,0.002011074523212735,0.0015421465489331052,7.710732744665526,5
BNB,1,2026-08-10 03:17:00+00:00,2026-08-10 03:18:00+00:00,2026-08-10 03:23:00+00:00,0.0014952649941850638,0.000204080601668213,0.0012911843925168507,6.455921962584254,5
DOT,1,2026-08-10 03:17:00+00:00,2026-08-10 03:18:00+00:00,2026-08-10 03:23:00+00:00,0.0011248593925758943,-0.0006844755058968254,0.0018093348984727197,9.046674492363598,5
ETH,1,2026-08-10 03:17:00+00:00,2026-08-10 03:18:00+00:00,2026-08-10 03:23:00+00:00,0.001042959501882601,3.457468928639521e-05,0.0010083848125962058,5.041924062981029,5
LINK,1,2026-08-10 03:17:00+00:00,2026-08-10 03:18:00+00:00,2026-08-10 03:23:00+00:00,0.0009768009768011954,-0.00033053676648404505,0.0013073377432852404,6.536688716426203,5
SOL,1,2026-08-10 03:17:00+00:00,2026-08-10 03:18:00+00:00,2026-08-10 03:23:00+00:00,0.002611647949856355,0.0014114627781969165,0.0012001851716594385,6.000925858297193,5
XRP,1,2026-08-10 03:17:00+00:00,2026-08-10 03:18:00+00:00,2026-08-10 03:23:00+00:00,0.0020358700920988237,0.0008873175507682614,0.0011485525413305624,5.742762706652812,5
ADA,1,2026-08-10 12:02:00+00:00,2026-08-10 12:03:00+00:00,2026-08-10 12:08:00+00:00,0.0,-0.0019977550511347665,0.0019977550511347665,9.988775255673833,5
AVAX,1,2026-08-10 12:02:00+00:00,2026-08-10 12:03:00+00:00,2026-08-10 12:08:00+00:00,-0.0007610350076103778,-0.002303181556543483,0.0015421465489331052,7.710732744665526,5
BNB,1,2026-08-10 12:02:00+00:00,2026-08-10 12:03:00+00:00,2026-08-10 12:08:00+00:00,-0.0006606110652352948,-0.0019517954577521455,0.0012911843925168507,6.455921962584254,5
DOT,1,2026-08-10 12:02:00+00:00,2026-08-10 12:03:00+00:00,2026-08-10 12:08:00+00:00,0.00012360939431399487,-0.0016857255041587249,0.0018093348984727197,9.046674492363598,5
ETH,1,2026-08-10 12:02:00+00:00,2026-08-10 12:03:00+00:00,2026-08-10 12:08:00+00:00,-0.00011450401544765842,-0.0011228888280438642,0.0010083848125962058,5.041924062981029,5
LINK,1,2026-08-10 12:02:00+00:00,2026-08-10 12:03:00+00:00,2026-08-10 12:08:00+00:00,0.0013222743118161961,1.493656853095572e-05,0.0013073377432852404,6.536688716426203,5
SOL,1,2026-08-10 12:02:00+00:00,2026-08-10 12:03:00+00:00,2026-08-10 12:08:00+00:00,0.0009099181073701779,-0.00029026706428926063,0.0012001851716594385,6.000925858297193,5
XRP,1,2026-08-10 12:02:00+00:00,2026-08-10 12:03:00+00:00,2026-08-10 12:08:00+00:00,-0.00019333011116484666,-0.001341882652495409,0.0011485525413305624,5.742762706652812,5
ADA,-1,2026-08-10 13:34:00+00:00,2026-08-10 13:35:00+00:00,2026-08-10 13:40:00+00:00,-0.0010224948875254825,-0.003020249938660249,0.0019977550511347665,9.988775255673833,5
AVAX,-1,2026-08-10 13:34:00+00:00,2026-08-10 13:35:00+00:00,2026-08-10 13:40:00+00:00,-0.0010744435917116046,-0.0026165901406447097,0.0015421465489331052,7.710732744665526,5
BNB,-1,2026-08-10 13:34:00+00:00,2026-08-10 13:35:00+00:00,2026-08-10 13:40:00+00:00,-0.0006658897952389609,-0.0019570741877558114,0.0012911843925168507,6.455921962584254,5
DOT,-1,2026-08-10 13:34:00+00:00,2026-08-10 13:35:00+00:00,2026-08-10 13:40:00+00:00,-0.003551745254133598,-0.005361080152606318,0.0018093348984727197,9.046674492363598,5
ETH,-1,2026-08-10 13:34:00+00:00,2026-08-10 13:35:00+00:00,2026-08-10 13:40:00+00:00,-0.001316627957804739,-0.002325012770400945,0.0010083848125962058,5.041924062981029,5
LINK,-1,2026-08-10 13:34:00+00:00,2026-08-10 13:35:00+00:00,2026-08-10 13:40:00+00:00,-0.0,-0.0013073377432852404,0.0013073377432852404,6.536688716426203,5
SOL,-1,2026-08-10 13:34:00+00:00,2026-08-10 13:35:00+00:00,2026-08-10 13:40:00+00:00,0.0006546216286985596,-0.0005455635429608789,0.0012001851716594385,6.000925858297193,5
XRP,-1,2026-08-10 13:34:00+00:00,2026-08-10 13:35:00+00:00,2026-08-10 13:40:00+00:00,-0.0010744285993355973,-0.00222298114066616,0.0011485525413305624,5.742762706652812,5
ADA,1,2026-08-10 14:00:00+00:00,2026-08-10 14:01:00+00:00,2026-08-10 14:06:00+00:00,-0.001015744032503707,-0.0030134990836384735,0.0019977550511347665,9.988775255673833,5
AVAX,1,2026-08-10 14:00:00+00:00,2026-08-10 14:01:00+00:00,2026-08-10 14:06:00+00:00,0.0015299877600980505,-1.2158788835054746e-05,0.0015421465489331052,7.710732744665526,5
BNB,1,2026-08-10 14:00:00+00:00,2026-08-10 14:01:00+00:00,2026-08-10 14:06:00+00:00,0.00033305578684439396,-0.0009581286056724568,0.0012911843925168507,6.455921962584254,5
DOT,1,2026-08-10 14:00:00+00:00,2026-08-10 14:01:00+00:00,2026-08-10 14:06:00+00:00,-0.0014650225857649746,-0.0032743574842376945,0.0018093348984727197,9.046674492363598,5
ETH,1,2026-08-10 14:00:00+00:00,2026-08-10 14:01:00+00:00,2026-08-10 14:06:00+00:00,0.00010530084451287891,-0.0009030839680833269,0.0010083848125962058,5.041924062981029,5
LINK,1,2026-08-10 14:00:00+00:00,2026-08-10 14:01:00+00:00,2026-08-10 14:06:00+00:00,0.00024108003857281624,-0.0010662577047124242,0.0013073377432852404,6.536688716426203,5
SOL,1,2026-08-10 14:00:00+00:00,2026-08-10 14:01:00+00:00,2026-08-10 14:06:00+00:00,0.0015702695629415953,0.00037008439128215676,0.0012001851716594385,6.000925858297193,5
XRP,1,2026-08-10 14:00:00+00:00,2026-08-10 14:01:00+00:00,2026-08-10 14:06:00+00:00,9.734254842785894e-05,-0.0010512099929027034,0.0011485525413305624,5.742762706652812,5
ADA,-1,2026-08-10 15:24:00+00:00,2026-08-10 15:25:00+00:00,2026-08-10 15:30:00+00:00,-0.0010277492291881352,-0.0030255042803229017,0.0019977550511347665,9.988775255673833,5
AVAX,-1,2026-08-10 15:24:00+00:00,2026-08-10 15:25:00+00:00,2026-08-10 15:30:00+00:00,-0.0018521376755671337,-0.0033942842245002387,0.0015421465489331052,7.710732744665526,5
BNB,-1,2026-08-10 15:24:00+00:00,2026-08-10 15:25:00+00:00,2026-08-10 15:30:00+00:00,-0.0008331944675887826,-0.002124378860105633,0.0012911843925168507,6.455921962584254,5
DOT,-1,2026-08-10 15:24:00+00:00,2026-08-10 15:25:00+00:00,2026-08-10 15:30:00+00:00,-0.0,-0.0018093348984727197,0.0018093348984727197,9.046674492363598,5
ETH,-1,2026-08-10 15:24:00+00:00,2026-08-10 15:25:00+00:00,2026-08-10 15:30:00+00:00,-0.0009388569416737269,-0.0019472417542699327,0.0010083848125962058,5.041924062981029,5
LINK,-1,2026-08-10 15:24:00+00:00,2026-08-10 15:25:00+00:00,2026-08-10 15:30:00+00:00,-0.002418672148990053,-0.0037260098922752933,0.0013073377432852404,6.536688716426203,5
SOL,-1,2026-08-10 15:24:00+00:00,2026-08-10 15:25:00+00:00,2026-08-10 15:30:00+00:00,-0.0017139090309823413,-0.00291409420264178,0.0012001851716594385,6.000925858297193,5
XRP,-1,2026-08-10 15:24:00+00:00,2026-08-10 15:25:00+00:00,2026-08-10 15:30:00+00:00,-0.0007828554653095399,-0.0019314080066401022,0.0011485525413305624,5.742762706652812,5
ADA,-1,2026-08-10 15:53:00+00:00,2026-08-10 15:54:00+00:00,2026-08-10 15:59:00+00:00,-0.0015400410677617327,-0.003537796118896499,0.0019977550511347665,9.988775255673833,5
AVAX,-1,2026-08-10 15:53:00+00:00,2026-08-10 15:54:00+00:00,2026-08-10 15:59:00+00:00,-0.00015432098765422175,-0.001696467536587327,0.0015421465489331052,7.710732744665526,5
BNB,-1,2026-08-10 15:53:00+00:00,2026-08-10 15:54:00+00:00,2026-08-10 15:59:00+00:00,-0.0006660006660006434,-0.001957185058517494,0.0012911843925168507,6.455921962584254,5
DOT,-1,2026-08-10 15:53:00+00:00,2026-08-10 15:54:00+00:00,2026-08-10 15:59:00+00:00,-0.0008724915866882288,-0.0026818264851609487,0.0018093348984727197,9.046674492363598,5
ETH,-1,2026-08-10 15:53:00+00:00,2026-08-10 15:54:00+00:00,2026-08-10 15:59:00+00:00,-2.13170755103409e-05,-0.0010297018881065467,0.0010083848125962058,5.041924062981029,5
LINK,-1,2026-08-10 15:53:00+00:00,2026-08-10 15:54:00+00:00,2026-08-10 15:59:00+00:00,-0.0013270599589818577,-0.002634397702267098,0.0013073377432852404,6.536688716426203,5
SOL,-1,2026-08-10 15:53:00+00:00,2026-08-10 15:54:00+00:00,2026-08-10 15:59:00+00:00,-0.0009227524387029895,-0.0021229376103624282,0.0012001851716594385,6.000925858297193,5
XRP,-1,2026-08-10 15:53:00+00:00,2026-08-10 15:54:00+00:00,2026-08-10 15:59:00+00:00,-0.001076531610882725,-0.0022250841522132875,0.0011485525413305624,5.742762706652812,5
ADA,-1,2026-08-10 16:21:00+00:00,2026-08-10 16:22:00+00:00,2026-08-10 16:27:00+00:00,-0.0015416238437819807,-0.003539378894916747,0.0019977550511347665,9.988775255673833,5
AVAX,-1,2026-08-10 16:21:00+00:00,2026-08-10 16:22:00+00:00,2026-08-10 16:27:00+00:00,-0.0013953488372091538,-0.002937495386142259,0.0015421465489331052,7.710732744665526,5
BNB,-1,2026-08-10 16:21:00+00:00,2026-08-10 16:22:00+00:00,2026-08-10 16:27:00+00:00,-0.0019993335554813196,-0.00329051794799817,0.0012911843925168507,6.455921962584254,5
DOT,-1,2026-08-10 16:21:00+00:00,2026-08-10 16:22:00+00:00,2026-08-10 16:27:00+00:00,-0.003119540803593557,-0.004928875702066277,0.0018093348984727197,9.046674492363598,5
ETH,-1,2026-08-10 16:21:00+00:00,2026-08-10 16:22:00+00:00,2026-08-10 16:27:00+00:00,-0.0026525766359337677,-0.0036609614485299735,0.0010083848125962058,5.041924062981029,5
LINK,-1,2026-08-10 16:21:00+00:00,2026-08-10 16:22:00+00:00,2026-08-10 16:27:00+00:00,-0.002423361201987051,-0.003730698945272291,0.0013073377432852404,6.536688716426203,5
SOL,-1,2026-08-10 16:21:00+00:00,2026-08-10 16:22:00+00:00,2026-08-10 16:27:00+00:00,-0.002778145257309017,-0.003978330428968456,0.0012001851716594385,6.000925858297193,5
XRP,-1,2026-08-10 16:21:00+00:00,2026-08-10 16:22:00+00:00,2026-08-10 16:27:00+00:00,-0.0020612485276796377,-0.0032098010690102003,0.0011485525413305624,5.742762706652812,5
ADA,-1,2026-08-10 16:43:00+00:00,2026-08-10 16:44:00+00:00,2026-08-10 16:49:00+00:00,-0.0010214504596526286,-0.003019205510787395,0.0019977550511347665,9.988775255673833,5
AVAX,-1,2026-08-10 16:43:00+00:00,2026-08-10 16:44:00+00:00,2026-08-10 16:49:00+00:00,0.0010856079404467645,-0.0004565386084863408,0.0015421465489331052,7.710732744665526,5
BNB,-1,2026-08-10 16:43:00+00:00,2026-08-10 16:44:00+00:00,2026-08-10 16:49:00+00:00,0.0011647254575707366,-0.0001264589349461141,0.0012911843925168507,6.455921962584254,5
DOT,-1,2026-08-10 16:43:00+00:00,2026-08-10 16:44:00+00:00,2026-08-10 16:49:00+00:00,0.0003748594277145356,-0.0014344754707581841,0.0018093348984727197,9.046674492363598,5
ETH,-1,2026-08-10 16:43:00+00:00,2026-08-10 16:44:00+00:00,2026-08-10 16:49:00+00:00,0.0006245929469043121,-0.0003837918656918937,0.0010083848125962058,5.041924062981029,5
LINK,-1,2026-08-10 16:43:00+00:00,2026-08-10 16:44:00+00:00,2026-08-10 16:49:00+00:00,0.0025429886170984517,0.0012356508738132113,0.0013073377432852404,6.536688716426203,5
SOL,-1,2026-08-10 16:43:00+00:00,2026-08-10 16:44:00+00:00,2026-08-10 16:49:00+00:00,0.0022418567849136206,0.0010416716132541821,0.0012001851716594385,6.000925858297193,5
XRP,-1,2026-08-10 16:43:00+00:00,2026-08-10 16:44:00+00:00,2026-08-10 16:49:00+00:00,0.0013721454474174832,0.00022359290608692088,0.0011485525413305624,5.742762706652812,5
ADA,1,2026-08-11 11:01:00+00:00,2026-08-11 11:02:00+00:00,2026-08-11 11:07:00+00:00,0.0005305039787797394,-0.001467251072355027,0.0019977550511347665,9.988775255673833,5
AVAX,1,2026-08-11 11:01:00+00:00,2026-08-11 11:02:00+00:00,2026-08-11 11:07:00+00:00,-0.0013814274750574285,-0.0029235740239905335,0.0015421465489331052,7.710732744665526,5
BNB,1,2026-08-11 11:01:00+00:00,2026-08-11 11:02:00+00:00,2026-08-11 11:07:00+00:00,-0.0011509371917133304,-0.002442121584230181,0.0012911843925168507,6.455921962584254,5
DOT,1,2026-08-11 11:01:00+00:00,2026-08-11 11:02:00+00:00,2026-08-11 11:07:00+00:00,-0.0016181229773462036,-0.0034274578758189235,0.0018093348984727197,9.046674492363598,5
ETH,1,2026-08-11 11:01:00+00:00,2026-08-11 11:02:00+00:00,2026-08-11 11:07:00+00:00,0.0010215315563271155,1.3146743730909662e-05,0.0010083848125962058,5.041924062981029,5
LINK,1,2026-08-11 11:01:00+00:00,2026-08-11 11:02:00+00:00,2026-08-11 11:07:00+00:00,-0.0014964890065615188,-0.002803826749846759,0.0013073377432852404,6.536688716426203,5
SOL,1,2026-08-11 11:01:00+00:00,2026-08-11 11:02:00+00:00,2026-08-11 11:07:00+00:00,0.0006569438969912245,-0.000543241274668214,0.0012001851716594385,6.000925858297193,5
XRP,1,2026-08-11 11:01:00+00:00,2026-08-11 11:02:00+00:00,2026-08-11 11:07:00+00:00,0.0004963764519010372,-0.0006521760894295252,0.0011485525413305624,5.742762706652812,5
ADA,1,2026-08-11 13:40:00+00:00,2026-08-11 13:41:00+00:00,2026-08-11 13:46:00+00:00,-0.0026709401709401615,-0.004668695222074928,0.0019977550511347665,9.988775255673833,5
AVAX,1,2026-08-11 13:40:00+00:00,2026-08-11 13:41:00+00:00,2026-08-11 13:46:00+00:00,-0.0009306654257794644,-0.0024728119747125694,0.0015421465489331052,7.710732744665526,5
BNB,1,2026-08-11 13:40:00+00:00,2026-08-11 13:41:00+00:00,2026-08-11 13:46:00+00:00,-0.0013074031704526368,-0.0025985875629694873,0.0012911843925168507,6.455921962584254,5
DOT,1,2026-08-11 13:40:00+00:00,2026-08-11 13:41:00+00:00,2026-08-11 13:46:00+00:00,-0.0012583364791745044,-0.0030676713776472244,0.0018093348984727197,9.046674492363598,5
ETH,1,2026-08-11 13:40:00+00:00,2026-08-11 13:41:00+00:00,2026-08-11 13:46:00+00:00,-0.0012695792931617378,-0.0022779641057579436,0.0010083848125962058,5.041924062981029,5
LINK,1,2026-08-11 13:40:00+00:00,2026-08-11 13:41:00+00:00,2026-08-11 13:46:00+00:00,-0.0010408234069619882,-0.0023481611502472284,0.0013073377432852404,6.536688716426203,5
SOL,1,2026-08-11 13:40:00+00:00,2026-08-11 13:41:00+00:00,2026-08-11 13:46:00+00:00,-0.0007899934167215905,-0.0019901785883810292,0.0012001851716594385,6.000925858297193,5
XRP,1,2026-08-11 13:40:00+00:00,2026-08-11 13:41:00+00:00,2026-08-11 13:46:00+00:00,-0.0007943600436899345,-0.0019429125850204969,0.0011485525413305624,5.742762706652812,5
ADA,-1,2026-08-11 14:24:00+00:00,2026-08-11 14:25:00+00:00,2026-08-11 14:30:00+00:00,-0.001621621621621605,-0.0036193766727563715,0.0019977550511347665,9.988775255673833,5
AVAX,-1,2026-08-11 14:24:00+00:00,2026-08-11 14:25:00+00:00,2026-08-11 14:30:00+00:00,-0.0009401441554373058,-0.002482290704370411,0.0015421465489331052,7.710732744665526,5
BNB,-1,2026-08-11 14:24:00+00:00,2026-08-11 14:25:00+00:00,2026-08-11 14:30:00+00:00,-0.0009839291571007713,-0.002275113549617622,0.0012911843925168507,6.455921962584254,5
DOT,-1,2026-08-11 14:24:00+00:00,2026-08-11 14:25:00+00:00,2026-08-11 14:30:00+00:00,-0.000507421032601707,-0.002316755931074427,0.0018093348984727197,9.046674492363598,5
ETH,-1,2026-08-11 14:24:00+00:00,2026-08-11 14:25:00+00:00,2026-08-11 14:30:00+00:00,-0.00133156501499343,-0.0023399498275896357,0.0010083848125962058,5.041924062981029,5
LINK,-1,2026-08-11 14:24:00+00:00,2026-08-11 14:25:00+00:00,2026-08-11 14:30:00+00:00,0.0009268914378404158,-0.0003804463054448246,0.0013073377432852404,6.536688716426203,5
SOL,-1,2026-08-11 14:24:00+00:00,2026-08-11 14:25:00+00:00,2026-08-11 14:30:00+00:00,0.00039672044432692566,-0.0008034647273325128,0.0012001851716594385,6.000925858297193,5
XRP,-1,2026-08-11 14:24:00+00:00,2026-08-11 14:25:00+00:00,2026-08-11 14:30:00+00:00,-0.0005968961400715234,-0.0017454486814020857,0.0011485525413305624,5.742762706652812,5
ADA,-1,2026-08-11 15:37:00+00:00,2026-08-11 15:38:00+00:00,2026-08-11 15:43:00+00:00,-0.0016330974414806576,-0.003630852492615424,0.0019977550511347665,9.988775255673833,5
AVAX,-1,2026-08-11 15:37:00+00:00,2026-08-11 15:38:00+00:00,2026-08-11 15:43:00+00:00,0.0016095284081764083,6.738185924330307e-05,0.0015421465489331052,7.710732744665526,5
BNB,-1,2026-08-11 15:37:00+00:00,2026-08-11 15:38:00+00:00,2026-08-11 15:43:00+00:00,-0.000660283922086613,-0.0019514683146034638,0.0012911843925168507,6.455921962584254,5
DOT,-1,2026-08-11 15:37:00+00:00,2026-08-11 15:38:00+00:00,2026-08-11 15:43:00+00:00,0.002178649237472796,0.0003693143390000764,0.0018093348984727197,9.046674492363598,5
ETH,-1,2026-08-11 15:37:00+00:00,2026-08-11 15:38:00+00:00,2026-08-11 15:43:00+00:00,0.0007317335628967969,-0.0002766512496994089,0.0010083848125962058,5.041924062981029,5
LINK,-1,2026-08-11 15:37:00+00:00,2026-08-11 15:38:00+00:00,2026-08-11 15:43:00+00:00,-0.0,-0.0013073377432852404,0.0013073377432852404,6.536688716426203,5
SOL,-1,2026-08-11 15:37:00+00:00,2026-08-11 15:38:00+00:00,2026-08-11 15:43:00+00:00,0.0018711574445333667,0.0006709722728739282,0.0012001851716594385,6.000925858297193,5
XRP,-1,2026-08-11 15:37:00+00:00,2026-08-11 15:38:00+00:00,2026-08-11 15:43:00+00:00,0.0036970423661070173,0.0025484898247764547,0.0011485525413305624,5.742762706652812,5
ADA,1,2026-08-11 15:58:00+00:00,2026-08-11 15:59:00+00:00,2026-08-11 16:04:00+00:00,0.00108108108108107,-0.0009166739700536965,0.0019977550511347665,9.988775255673833,5
AVAX,1,2026-08-11 15:58:00+00:00,2026-08-11 15:59:00+00:00,2026-08-11 16:04:00+00:00,0.0008047642040882597,-0.0007373823448448456,0.0015421465489331052,7.710732744665526,5
BNB,1,2026-08-11 15:58:00+00:00,2026-08-11 15:59:00+00:00,2026-08-11 16:04:00+00:00,0.0011513157894738058,-0.000139868603043045,0.0012911843925168507,6.455921962584254,5
DOT,1,2026-08-11 15:58:00+00:00,2026-08-11 15:59:00+00:00,2026-08-11 16:04:00+00:00,-0.0001279590531030328,-0.0019372939515757525,0.0018093348984727197,9.046674492363598,5
ETH,1,2026-08-11 15:58:00+00:00,2026-08-11 15:59:00+00:00,2026-08-11 16:04:00+00:00,0.0006765645555346644,-0.00033182025706154136,0.0010083848125962058,5.041924062981029,5
LINK,1,2026-08-11 15:58:00+00:00,2026-08-11 15:59:00+00:00,2026-08-11 16:04:00+00:00,-0.0004663635303718827,-0.0017737012736571231,0.0013073377432852404,6.536688716426203,5
SOL,1,2026-08-11 15:58:00+00:00,2026-08-11 15:59:00+00:00,2026-08-11 16:04:00+00:00,0.00013351134846439905,-0.0010666738231950394,0.0012001851716594385,6.000925858297193,5
XRP,1,2026-08-11 15:58:00+00:00,2026-08-11 15:59:00+00:00,2026-08-11 16:04:00+00:00,0.0005980265125087314,-0.000550526028821831,0.0011485525413305624,5.742762706652812,5
ADA,-1,2026-08-11 18:33:00+00:00,2026-08-11 18:34:00+00:00,2026-08-11 18:39:00+00:00,-0.0,-0.0019977550511347665,0.0019977550511347665,9.988775255673833,5
AVAX,-1,2026-08-11 18:33:00+00:00,2026-08-11 18:34:00+00:00,2026-08-11 18:39:00+00:00,-0.001448342452526452,-0.002990489001459557,0.0015421465489331052,7.710732744665526,5
BNB,-1,2026-08-11 18:33:00+00:00,2026-08-11 18:34:00+00:00,2026-08-11 18:39:00+00:00,-0.000985869208018464,-0.0022770536005353144,0.0012911843925168507,6.455921962584254,5
DOT,-1,2026-08-11 18:33:00+00:00,2026-08-11 18:34:00+00:00,2026-08-11 18:39:00+00:00,-0.001279590531030106,-0.003088925429502826,0.0018093348984727197,9.046674492363598,5
ETH,-1,2026-08-11 18:33:00+00:00,2026-08-11 18:34:00+00:00,2026-08-11 18:39:00+00:00,-0.001074465856161222,-0.0020828506687574277,0.0010083848125962058,5.041924062981029,5
LINK,-1,2026-08-11 18:33:00+00:00,2026-08-11 18:34:00+00:00,2026-08-11 18:39:00+00:00,-0.002809646452821557,-0.004116984196106797,0.0013073377432852404,6.536688716426203,5
SOL,-1,2026-08-11 18:33:00+00:00,2026-08-11 18:34:00+00:00,2026-08-11 18:39:00+00:00,-0.0013312034078807322,-0.002531388579540171,0.0012001851716594385,6.000925858297193,5
XRP,-1,2026-08-11 18:33:00+00:00,2026-08-11 18:34:00+00:00,2026-08-11 18:39:00+00:00,-0.000792157639370128,-0.0019407101807006903,0.0011485525413305624,5.742762706652812,5
ADA,-1,2026-08-11 18:40:00+00:00,2026-08-11 18:41:00+00:00,2026-08-11 18:46:00+00:00,-0.0,-0.0019977550511347665,0.0019977550511347665,9.988775255673833,5
AVAX,-1,2026-08-11 18:40:00+00:00,2026-08-11 18:41:00+00:00,2026-08-11 18:46:00+00:00,-0.0014481094127112293,-0.0029902559616443343,0.0015421465489331052,7.710732744665526,5
BNB,-1,2026-08-11 18:40:00+00:00,2026-08-11 18:41:00+00:00,2026-08-11 18:46:00+00:00,-0.0009860312243221703,-0.002277215616839021,0.0012911843925168507,6.455921962584254,5
DOT,-1,2026-08-11 18:40:00+00:00,2026-08-11 18:41:00+00:00,2026-08-11 18:46:00+00:00,-0.001280409731113874,-0.003089744629586594,0.0018093348984727197,9.046674492363598,5
ETH,-1,2026-08-11 18:40:00+00:00,2026-08-11 18:41:00+00:00,2026-08-11 18:46:00+00:00,-0.00121965634704857,-0.0022280411596447757,0.0010083848125962058,5.041924062981029,5
LINK,-1,2026-08-11 18:40:00+00:00,2026-08-11 18:41:00+00:00,2026-08-11 18:46:00+00:00,-0.0007015082427217489,-0.002008845986006989,0.0013073377432852404,6.536688716426203,5
SOL,-1,2026-08-11 18:40:00+00:00,2026-08-11 18:41:00+00:00,2026-08-11 18:46:00+00:00,-0.0011979235990948744,-0.002398108770754313,0.0012001851716594385,6.000925858297193,5
XRP,-1,2026-08-11 18:40:00+00:00,2026-08-11 18:41:00+00:00,2026-08-11 18:46:00+00:00,-0.0013866877971471236,-0.0025352403384776862,0.0011485525413305624,5.742762706652812,5
ADA,1,2026-08-11 20:00:00+00:00,2026-08-11 20:01:00+00:00,2026-08-11 20:06:00+00:00,0.001077005923532548,-0.0009207491276022185,0.0019977550511347665,9.988775255673833,5
AVAX,1,2026-08-11 20:00:00+00:00,2026-08-11 20:01:00+00:00,2026-08-11 20:06:00+00:00,0.0017513134851139256,0.00020916693618082036,0.0015421465489331052,7.710732744665526,5
BNB,1,2026-08-11 20:00:00+00:00,2026-08-11 20:01:00+00:00,2026-08-11 20:06:00+00:00,0.0004905968928863302,-0.0008005874996305205,0.0012911843925168507,6.455921962584254,5
DOT,1,2026-08-11 20:00:00+00:00,2026-08-11 20:01:00+00:00,2026-08-11 20:06:00+00:00,0.000508453031651257,-0.0013008818668214627,0.0018093348984727197,9.046674492363598,5
ETH,1,2026-08-11 20:00:00+00:00,2026-08-11 20:01:00+00:00,2026-08-11 20:06:00+00:00,0.00031350794131546067,-0.0006948768712807451,0.0010083848125962058,5.041924062981029,5
LINK,1,2026-08-11 20:00:00+00:00,2026-08-11 20:01:00+00:00,2026-08-11 20:06:00+00:00,0.0026679039554575734,0.001360566212172333,0.0013073377432852404,6.536688716426203,5
SOL,1,2026-08-11 20:00:00+00:00,2026-08-11 20:01:00+00:00,2026-08-11 20:06:00+00:00,0.0019807209824374006,0.0007805358107779621,0.0012001851716594385,6.000925858297193,5
XRP,1,2026-08-11 20:00:00+00:00,2026-08-11 20:01:00+00:00,2026-08-11 20:06:00+00:00,0.002165993895835383,0.0010174413545048207,0.0011485525413305624,5.742762706652812,5
ADA,1,2026-08-12 09:19:00+00:00,2026-08-12 09:20:00+00:00,2026-08-12 09:25:00+00:00,0.001615508885298933,-0.0003822461658358335,0.0019977550511347665,9.988775255673833,5
AVAX,1,2026-08-12 09:19:00+00:00,2026-08-12 09:20:00+00:00,2026-08-12 09:25:00+00:00,0.0016023073225446272,6.016077361152192e-05,0.0015421465489331052,7.710732744665526,5
BNB,1,2026-08-12 09:19:00+00:00,2026-08-12 09:20:00+00:00,2026-08-12 09:25:00+00:00,-0.00016347882949163672,-0.0014546632220084875,0.0012911843925168507,6.455921962584254,5
DOT,1,2026-08-12 09:19:00+00:00,2026-08-12 09:20:00+00:00,2026-08-12 09:25:00+00:00,0.00025345330122927834,-0.0015558815972434414,0.0018093348984727197,9.046674492363598,5
ETH,1,2026-08-12 09:19:00+00:00,2026-08-12 09:20:00+00:00,2026-08-12 09:25:00+00:00,0.0008331663485166008,-0.00017521846407960503,0.0010083848125962058,5.041924062981029,5
LINK,1,2026-08-12 09:19:00+00:00,2026-08-12 09:20:00+00:00,2026-08-12 09:25:00+00:00,0.0002282844424152941,-0.0010790533008699463,0.0013073377432852404,6.536688716426203,5
SOL,1,2026-08-12 09:19:00+00:00,2026-08-12 09:20:00+00:00,2026-08-12 09:25:00+00:00,0.0013082155939299067,0.00010803042227046822,0.0012001851716594385,6.000925858297193,5
XRP,1,2026-08-12 09:19:00+00:00,2026-08-12 09:20:00+00:00,2026-08-12 09:25:00+00:00,0.0017617695996867688,0.0006132170583562065,0.0011485525413305624,5.742762706652812,5
ADA,1,2026-08-12 11:00:00+00:00,2026-08-12 11:01:00+00:00,2026-08-12 11:06:00+00:00,-0.0016051364365972098,-0.0036028914877319763,0.0019977550511347665,9.988775255673833,5
AVAX,1,2026-08-12 11:00:00+00:00,2026-08-12 11:01:00+00:00,2026-08-12 11:06:00+00:00,-0.0015918497293855305,-0.0031339962783186355,0.0015421465489331052,7.710732744665526,5
BNB,1,2026-08-12 11:00:00+00:00,2026-08-12 11:01:00+00:00,2026-08-12 11:06:00+00:00,-0.0009775171065492527,-0.0022687014990661033,0.0012911843925168507,6.455921962584254,5
DOT,1,2026-08-12 11:00:00+00:00,2026-08-12 11:01:00+00:00,2026-08-12 11:06:00+00:00,-0.0011386639676113086,-0.0029479988660840286,0.0018093348984727197,9.046674492363598,5
ETH,1,2026-08-12 11:00:00+00:00,2026-08-12 11:01:00+00:00,2026-08-12 11:06:00+00:00,-0.0018688164162696808,-0.0028772012288658865,0.0010083848125962058,5.041924062981029,5
LINK,1,2026-08-12 11:00:00+00:00,2026-08-12 11:01:00+00:00,2026-08-12 11:06:00+00:00,-0.0005676013168349758,-0.0018749390601202163,0.0013073377432852404,6.536688716426203,5
SOL,1,2026-08-12 11:00:00+00:00,2026-08-12 11:01:00+00:00,2026-08-12 11:06:00+00:00,-0.0015629070070330986,-0.0027630921786925373,0.0012001851716594385,6.000925858297193,5
XRP,1,2026-08-12 11:00:00+00:00,2026-08-12 11:01:00+00:00,2026-08-12 11:06:00+00:00,-0.0015655577299413803,-0.002714110271271943,0.0011485525413305624,5.742762706652812,5
ADA,-1,2026-08-12 12:30:00+00:00,2026-08-12 12:31:00+00:00,2026-08-12 12:36:00+00:00,-0.0010787486515639877,-0.003076503702698754,0.0019977550511347665,9.988775255673833,5
AVAX,-1,2026-08-12 12:30:00+00:00,2026-08-12 12:31:00+00:00,2026-08-12 12:36:00+00:00,-0.002966895690193594,-0.004509042239126699,0.0015421465489331052,7.710732744665526,5
BNB,-1,2026-08-12 12:30:00+00:00,2026-08-12 12:31:00+00:00,2026-08-12 12:36:00+00:00,0.0006522093592042921,-0.0006389750333125586,0.0012911843925168507,6.455921962584254,5
DOT,-1,2026-08-12 12:30:00+00:00,2026-08-12 12:31:00+00:00,2026-08-12 12:36:00+00:00,-0.00542929292929295,-0.00723862782776567,0.0018093348984727197,9.046674492363598,5
ETH,-1,2026-08-12 12:30:00+00:00,2026-08-12 12:31:00+00:00,2026-08-12 12:36:00+00:00,0.0006539880189394554,-0.00035439679365675044,0.0010083848125962058,5.041924062981029,5
LINK,-1,2026-08-12 12:30:00+00:00,2026-08-12 12:31:00+00:00,2026-08-12 12:36:00+00:00,-0.002372345232715567,-0.003679682976000807,0.0013073377432852404,6.536688716426203,5
SOL,-1,2026-08-12 12:30:00+00:00,2026-08-12 12:31:00+00:00,2026-08-12 12:36:00+00:00,-0.0001302592158396454,-0.0013304443874990839,0.0012001851716594385,6.000925858297193,5
XRP,-1,2026-08-12 12:30:00+00:00,2026-08-12 12:31:00+00:00,2026-08-12 12:36:00+00:00,-0.0,-0.0011485525413305624,0.0011485525413305624,5.742762706652812,5
ADA,-1,2026-08-12 12:39:00+00:00,2026-08-12 12:40:00+00:00,2026-08-12 12:45:00+00:00,0.003783783783783856,0.0017860287326490897,0.0019977550511347665,9.988775255673833,5
AVAX,-1,2026-08-12 12:39:00+00:00,2026-08-12 12:40:00+00:00,2026-08-12 12:45:00+00:00,-0.000779544745868499,-0.002321691294801604,0.0015421465489331052,7.710732744665526,5
BNB,-1,2026-08-12 12:39:00+00:00,2026-08-12 12:40:00+00:00,2026-08-12 12:45:00+00:00,0.0014705882352941124,0.00017940384277726168,0.0012911843925168507,6.455921962584254,5
DOT,-1,2026-08-12 12:39:00+00:00,2026-08-12 12:40:00+00:00,2026-08-12 12:45:00+00:00,0.001634808853118619,-0.00017452604535410083,0.0018093348984727197,9.046674492363598,5
ETH,-1,2026-08-12 12:39:00+00:00,2026-08-12 12:40:00+00:00,2026-08-12 12:45:00+00:00,0.00010476250340463178,-0.000903622309191574,0.0010083848125962058,5.041924062981029,5
LINK,-1,2026-08-12 12:39:00+00:00,2026-08-12 12:40:00+00:00,2026-08-12 12:45:00+00:00,0.004516201874223635,0.003208864130938395,0.0013073377432852404,6.536688716426203,5
SOL,-1,2026-08-12 12:39:00+00:00,2026-08-12 12:40:00+00:00,2026-08-12 12:45:00+00:00,0.002218162839248472,0.0010179776675890335,0.0012001851716594385,6.000925858297193,5
XRP,-1,2026-08-12 12:39:00+00:00,2026-08-12 12:40:00+00:00,2026-08-12 12:45:00+00:00,0.0021564399137423695,0.0010078873724118072,0.0011485525413305624,5.742762706652812,5
ADA,-1,2026-08-12 14:02:00+00:00,2026-08-12 14:03:00+00:00,2026-08-12 14:08:00+00:00,0.0010928961748634114,-0.0009048588762713551,0.0019977550511347665,9.988775255673833,5
AVAX,-1,2026-08-12 14:02:00+00:00,2026-08-12 14:03:00+00:00,2026-08-12 14:08:00+00:00,0.0018909549322408958,0.0003488083833077906,0.0015421465489331052,7.710732744665526,5
BNB,-1,2026-08-12 14:02:00+00:00,2026-08-12 14:03:00+00:00,2026-08-12 14:08:00+00:00,-0.0013095432967753506,-0.002600727689292201,0.0012911843925168507,6.455921962584254,5
DOT,-1,2026-08-12 14:02:00+00:00,2026-08-12 14:03:00+00:00,2026-08-12 14:08:00+00:00,0.003038743985819159,0.0012294090873464392,0.0018093348984727197,9.046674492363598,5
ETH,-1,2026-08-12 14:02:00+00:00,2026-08-12 14:03:00+00:00,2026-08-12 14:08:00+00:00,0.001246230943491966,0.00023784613089576027,0.0010083848125962058,5.041924062981029,5
LINK,-1,2026-08-12 14:02:00+00:00,2026-08-12 14:03:00+00:00,2026-08-12 14:08:00+00:00,0.0038636363636364024,0.002556298620351162,0.0013073377432852404,6.536688716426203,5
SOL,-1,2026-08-12 14:02:00+00:00,2026-08-12 14:03:00+00:00,2026-08-12 14:08:00+00:00,0.001711652402896724,0.0005114672312372854,0.0012001851716594385,6.000925858297193,5
XRP,-1,2026-08-12 14:02:00+00:00,2026-08-12 14:03:00+00:00,2026-08-12 14:08:00+00:00,0.000987556784515009,-0.0001609957568155533,0.0011485525413305624,5.742762706652812,5
ADA,1,2026-08-12 14:10:00+00:00,2026-08-12 14:11:00+00:00,2026-08-12 14:16:00+00:00,-0.0005458515283842669,-0.0025436065795190334,0.0019977550511347665,9.988775255673833,5
AVAX,1,2026-08-12 14:10:00+00:00,2026-08-12 14:11:00+00:00,2026-08-12 14:16:00+00:00,-0.0007869058860560108,-0.0023290524349891158,0.0015421465489331052,7.710732744665526,5
BNB,1,2026-08-12 14:10:00+00:00,2026-08-12 14:11:00+00:00,2026-08-12 14:16:00+00:00,0.0006526350138684744,-0.0006385493786483763,0.0012911843925168507,6.455921962584254,5
DOT,1,2026-08-12 14:10:00+00:00,2026-08-12 14:11:00+00:00,2026-08-12 14:16:00+00:00,-0.0038013177901672357,-0.005610652688639956,0.0018093348984727197,9.046674492363598,5
ETH,1,2026-08-12 14:10:00+00:00,2026-08-12 14:11:00+00:00,2026-08-12 14:16:00+00:00,-0.00044748146900264185,-0.0014558662815988476,0.0010083848125962058,5.041924062981029,5
LINK,1,2026-08-12 14:10:00+00:00,2026-08-12 14:11:00+00:00,2026-08-12 14:16:00+00:00,-0.0029575702422932615,-0.004264907985578502,0.0013073377432852404,6.536688716426203,5
SOL,1,2026-08-12 14:10:00+00:00,2026-08-12 14:11:00+00:00,2026-08-12 14:16:00+00:00,-0.0002629848783693989,-0.0014631700500288374,0.0012001851716594385,6.000925858297193,5
XRP,1,2026-08-12 14:10:00+00:00,2026-08-12 14:11:00+00:00,2026-08-12 14:16:00+00:00,-0.0010839574300353094,-0.002232509971365872,0.0011485525413305624,5.742762706652812,5
ADA,-1,2026-08-12 14:29:00+00:00,2026-08-12 14:30:00+00:00,2026-08-12 14:35:00+00:00,-0.0,-0.0019977550511347665,0.0019977550511347665,9.988775255673833,5
AVAX,-1,2026-08-12 14:29:00+00:00,2026-08-12 14:30:00+00:00,2026-08-12 14:35:00+00:00,-0.0004757373929591413,-0.0020178839418922463,0.0015421465489331052,7.710732744665526,5
BNB,-1,2026-08-12 14:29:00+00:00,2026-08-12 14:30:00+00:00,2026-08-12 14:35:00+00:00,0.001962387571545432,0.0006712031790285812,0.0012911843925168507,6.455921962584254,5
DOT,-1,2026-08-12 14:29:00+00:00,2026-08-12 14:30:00+00:00,2026-08-12 14:35:00+00:00,0.0010191082802547546,-0.0007902266182179651,0.0018093348984727197,9.046674492363598,5
ETH,-1,2026-08-12 14:29:00+00:00,2026-08-12 14:30:00+00:00,2026-08-12 14:35:00+00:00,0.0010891460777524564,8.076126515625063e-05,0.0010083848125962058,5.041924062981029,5
LINK,-1,2026-08-12 14:29:00+00:00,2026-08-12 14:30:00+00:00,2026-08-12 14:35:00+00:00,0.00034399724802203213,-0.0009633404952632083,0.0013073377432852404,6.536688716426203,5
SOL,-1,2026-08-12 14:29:00+00:00,2026-08-12 14:30:00+00:00,2026-08-12 14:35:00+00:00,0.0015845767859501425,0.000384391614290704,0.0012001851716594385,6.000925858297193,5
XRP,-1,2026-08-12 14:29:00+00:00,2026-08-12 14:30:00+00:00,2026-08-12 14:35:00+00:00,-9.873617693512138e-05,-0.0012472887182656837,0.0011485525413305624,5.742762706652812,5
ADA,1,2026-08-13 00:16:00+00:00,2026-08-13 00:17:00+00:00,2026-08-13 00:22:00+00:00,0.0,-0.0019977550511347665,0.0019977550511347665,9.988775255673833,5
AVAX,1,2026-08-13 00:16:00+00:00,2026-08-13 00:17:00+00:00,2026-08-13 00:22:00+00:00,-0.0007850525985241275,-0.0023271991474572325,0.0015421465489331052,7.710732744665526,5
BNB,1,2026-08-13 00:16:00+00:00,2026-08-13 00:17:00+00:00,2026-08-13 00:22:00+00:00,-0.0011452879581153041,-0.0024364723506321547,0.0012911843925168507,6.455921962584254,5
DOT,1,2026-08-13 00:16:00+00:00,2026-08-13 00:17:00+00:00,2026-08-13 00:22:00+00:00,-0.0010329244673982219,-0.002842259365870942,0.0018093348984727197,9.046674492363598,5
ETH,1,2026-08-13 00:16:00+00:00,2026-08-13 00:17:00+00:00,2026-08-13 00:22:00+00:00,-0.0006742121804127477,-0.0016825969930089535,0.0010083848125962058,5.041924062981029,5
LINK,1,2026-08-13 00:16:00+00:00,2026-08-13 00:17:00+00:00,2026-08-13 00:22:00+00:00,-0.0022975301550832716,-0.003604867898368512,0.0013073377432852404,6.536688716426203,5
SOL,1,2026-08-13 00:16:00+00:00,2026-08-13 00:17:00+00:00,2026-08-13 00:22:00+00:00,-0.0007913479293061298,-0.0019915331009655686,0.0012001851716594385,6.000925858297193,5
XRP,1,2026-08-13 00:16:00+00:00,2026-08-13 00:17:00+00:00,2026-08-13 00:22:00+00:00,-0.0006951340615689583,-0.0018436866028995207,0.0011485525413305624,5.742762706652812,5
ADA,1,2026-08-13 05:06:00+00:00,2026-08-13 05:07:00+00:00,2026-08-13 05:12:00+00:00,-0.0005458515283842669,-0.0025436065795190334,0.0019977550511347665,9.988775255673833,5
AVAX,1,2026-08-13 05:06:00+00:00,2026-08-13 05:07:00+00:00,2026-08-13 05:12:00+00:00,0.0,-0.0015421465489331052,0.0015421465489331052,7.710732744665526,5
BNB,1,2026-08-13 05:06:00+00:00,2026-08-13 05:07:00+00:00,2026-08-13 05:12:00+00:00,0.0008149959250203231,-0.0004761884674965276,0.0012911843925168507,6.455921962584254,5
DOT,1,2026-08-13 05:06:00+00:00,2026-08-13 05:07:00+00:00,2026-08-13 05:12:00+00:00,0.00012909888974976802,-0.0016802360087229517,0.0018093348984727197,9.046674492363598,5
ETH,1,2026-08-13 05:06:00+00:00,2026-08-13 05:07:00+00:00,2026-08-13 05:12:00+00:00,-0.0004954696155894389,-0.0015038544281856447,0.0010083848125962058,5.041924062981029,5
LINK,1,2026-08-13 05:06:00+00:00,2026-08-13 05:07:00+00:00,2026-08-13 05:12:00+00:00,0.0012549914432400389,-5.2346300045201565e-05,0.0013073377432852404,6.536688716426203,5
SOL,1,2026-08-13 05:06:00+00:00,2026-08-13 05:07:00+00:00,2026-08-13 05:12:00+00:00,-0.0003937007874016407,-0.0015938859590610792,0.0012001851716594385,6.000925858297193,5
XRP,1,2026-08-13 05:06:00+00:00,2026-08-13 05:07:00+00:00,2026-08-13 05:12:00+00:00,-0.0007913740231475508,-0.0019399265644781131,0.0011485525413305624,5.742762706652812,5
ADA,1,2026-08-13 05:15:00+00:00,2026-08-13 05:16:00+00:00,2026-08-13 05:21:00+00:00,-0.0005443658138268859,-0.0025421208649616524,0.0019977550511347665,9.988775255673833,5
AVAX,1,2026-08-13 05:15:00+00:00,2026-08-13 05:16:00+00:00,2026-08-13 05:21:00+00:00,-0.0015349194167305624,-0.0030770659656636674,0.0015421465489331052,7.710732744665526,5
BNB,1,2026-08-13 05:15:00+00:00,2026-08-13 05:16:00+00:00,2026-08-13 05:21:00+00:00,-0.0006508298080051267,-0.0019420142005219774,0.0012911843925168507,6.455921962584254,5
DOT,1,2026-08-13 05:15:00+00:00,2026-08-13 05:16:00+00:00,2026-08-13 05:21:00+00:00,-0.0011599432916613583,-0.0029692781901340783,0.0018093348984727197,9.046674492363598,5
ETH,1,2026-08-13 05:15:00+00:00,2026-08-13 05:16:00+00:00,2026-08-13 05:21:00+00:00,-0.0016479582166248896,-0.0026563430292210954,0.0010083848125962058,5.041924062981029,5
LINK,1,2026-08-13 05:15:00+00:00,2026-08-13 05:16:00+00:00,2026-08-13 05:21:00+00:00,-0.002271694684234382,-0.0035790324275196224,0.0013073377432852404,6.536688716426203,5
SOL,1,2026-08-13 05:15:00+00:00,2026-08-13 05:16:00+00:00,2026-08-13 05:21:00+00:00,-0.0009173109684184055,-0.0021174961400778443,0.0012001851716594385,6.000925858297193,5
XRP,1,2026-08-13 05:15:00+00:00,2026-08-13 05:16:00+00:00,2026-08-13 05:21:00+00:00,-0.0011862396204034287,-0.0023347921617339912,0.0011485525413305624,5.742762706652812,5
ADA,-1,2026-08-13 12:31:00+00:00,2026-08-13 12:32:00+00:00,2026-08-13 12:37:00+00:00,-0.0016384489350080855,-0.003636203986142852,0.0019977550511347665,9.988775255673833,5
AVAX,-1,2026-08-13 12:31:00+00:00,2026-08-13 12:32:00+00:00,2026-08-13 12:37:00+00:00,-0.0027641277641279327,-0.004306274313061038,0.0015421465489331052,7.710732744665526,5
BNB,-1,2026-08-13 12:31:00+00:00,2026-08-13 12:32:00+00:00,2026-08-13 12:37:00+00:00,-0.0016436554898093814,-0.002934839882326232,0.0012911843925168507,6.455921962584254,5
DOT,-1,2026-08-13 12:31:00+00:00,2026-08-13 12:32:00+00:00,2026-08-13 12:37:00+00:00,-0.001429685469196862,-0.003239020367669582,0.0018093348984727197,9.046674492363598,5
ETH,-1,2026-08-13 12:31:00+00:00,2026-08-13 12:32:00+00:00,2026-08-13 12:37:00+00:00,-0.0026838004740494803,-0.003692185286645686,0.0010083848125962058,5.041924062981029,5
LINK,-1,2026-08-13 12:31:00+00:00,2026-08-13 12:32:00+00:00,2026-08-13 12:37:00+00:00,-0.0041227668346313084,-0.005430104577916549,0.0013073377432852404,6.536688716426203,5
SOL,-1,2026-08-13 12:31:00+00:00,2026-08-13 12:32:00+00:00,2026-08-13 12:37:00+00:00,-0.0031695721077653616,-0.0043697572794248,0.0012001851716594385,6.000925858297193,5
XRP,-1,2026-08-13 12:31:00+00:00,2026-08-13 12:32:00+00:00,2026-08-13 12:37:00+00:00,-0.0021905805038335835,-0.003339133045164146,0.0011485525413305624,5.742762706652812,5
ADA,-1,2026-08-13 15:28:00+00:00,2026-08-13 15:29:00+00:00,2026-08-13 15:34:00+00:00,0.0005455537370430141,-0.0014522013140917524,0.0019977550511347665,9.988775255673833,5
AVAX,-1,2026-08-13 15:28:00+00:00,2026-08-13 15:29:00+00:00,2026-08-13 15:34:00+00:00,0.0007773631840797268,-0.0007647833648533784,0.0015421465489331052,7.710732744665526,5
BNB,-1,2026-08-13 15:28:00+00:00,2026-08-13 15:29:00+00:00,2026-08-13 15:34:00+00:00,0.0006577865482650935,-0.0006333978442517572,0.0012911843925168507,6.455921962584254,5
DOT,-1,2026-08-13 15:28:00+00:00,2026-08-13 15:29:00+00:00,2026-08-13 15:34:00+00:00,-0.002073882047958664,-0.003883216946431384,0.0018093348984727197,9.046674492363598,5
ETH,-1,2026-08-13 15:28:00+00:00,2026-08-13 15:29:00+00:00,2026-08-13 15:34:00+00:00,-0.002097226351781778,-0.0031056111643779838,0.0010083848125962058,5.041924062981029,5
LINK,-1,2026-08-13 15:28:00+00:00,2026-08-13 15:29:00+00:00,2026-08-13 15:34:00+00:00,-0.00022771262666521075,-0.0015350503699504512,0.0013073377432852404,6.536688716426203,5
SOL,-1,2026-08-13 15:28:00+00:00,2026-08-13 15:29:00+00:00,2026-08-13 15:34:00+00:00,-0.0013154433043935931,-0.002515628476053032,0.0012001851716594385,6.000925858297193,5
XRP,-1,2026-08-13 15:28:00+00:00,2026-08-13 15:29:00+00:00,2026-08-13 15:34:00+00:00,-9.946290033813199e-05,-0.0012480154416686943,0.0011485525413305624,5.742762706652812,5
ADA,-1,2026-08-13 15:57:00+00:00,2026-08-13 15:58:00+00:00,2026-08-13 16:03:00+00:00,0.0016429353778752986,-0.00035481967325946785,0.0019977550511347665,9.988775255673833,5
AVAX,-1,2026-08-13 15:57:00+00:00,2026-08-13 15:58:00+00:00,2026-08-13 16:03:00+00:00,0.000779666302822335,-0.0007624802461107703,0.0015421465489331052,7.710732744665526,5
BNB,-1,2026-08-13 15:57:00+00:00,2026-08-13 15:58:00+00:00,2026-08-13 16:03:00+00:00,0.0011518841533652013,-0.0001393002391516494,0.0012911843925168507,6.455921962584254,5
DOT,-1,2026-08-13 15:57:00+00:00,2026-08-13 15:58:00+00:00,2026-08-13 16:03:00+00:00,-0.000259302476338652,-0.002068637374811372,0.0018093348984727197,9.046674492363598,5
ETH,-1,2026-08-13 15:57:00+00:00,2026-08-13 15:58:00+00:00,2026-08-13 16:03:00+00:00,0.001842353965573973,0.0008339691529777671,0.0010083848125962058,5.041924062981029,5
LINK,-1,2026-08-13 15:57:00+00:00,2026-08-13 15:58:00+00:00,2026-08-13 16:03:00+00:00,0.005810641449242149,0.0045033037059569085,0.0013073377432852404,6.536688716426203,5
SOL,-1,2026-08-13 15:57:00+00:00,2026-08-13 15:58:00+00:00,2026-08-13 16:03:00+00:00,0.0011881188118811892,-1.2066359778249323e-05,0.0012001851716594385,6.000925858297193,5
XRP,-1,2026-08-13 15:57:00+00:00,2026-08-13 15:58:00+00:00,2026-08-13 16:03:00+00:00,0.0012949496961849327,0.00014639715485437036,0.0011485525413305624,5.742762706652812,5
ADA,-1,2026-08-13 16:29:00+00:00,2026-08-13 16:30:00+00:00,2026-08-13 16:35:00+00:00,-0.0,-0.0019977550511347665,0.0019977550511347665,9.988775255673833,5
AVAX,-1,2026-08-13 16:29:00+00:00,2026-08-13 16:30:00+00:00,2026-08-13 16:35:00+00:00,-0.0010970067387556792,-0.0026391532876887842,0.0015421465489331052,7.710732744665526,5
BNB,-1,2026-08-13 16:29:00+00:00,2026-08-13 16:30:00+00:00,2026-08-13 16:35:00+00:00,-0.0011524530786961584,-0.002443637471213009,0.0012911843925168507,6.455921962584254,5
DOT,-1,2026-08-13 16:29:00+00:00,2026-08-13 16:30:00+00:00,2026-08-13 16:35:00+00:00,0.00013017443374119253,-0.0016791604647315272,0.0018093348984727197,9.046674492363598,5
ETH,-1,2026-08-13 16:29:00+00:00,2026-08-13 16:30:00+00:00,2026-08-13 16:35:00+00:00,-0.0006759921648782363,-0.0016843769774744421,0.0010083848125962058,5.041924062981029,5
LINK,-1,2026-08-13 16:29:00+00:00,2026-08-13 16:30:00+00:00,2026-08-13 16:35:00+00:00,0.0005737893045674181,-0.0007335484387178224,0.0013073377432852404,6.536688716426203,5
SOL,-1,2026-08-13 16:29:00+00:00,2026-08-13 16:30:00+00:00,2026-08-13 16:35:00+00:00,0.00026448029621806146,-0.000935704875441377,0.0012001851716594385,6.000925858297193,5
XRP,-1,2026-08-13 16:29:00+00:00,2026-08-13 16:30:00+00:00,2026-08-13 16:35:00+00:00,-0.0011979634621142043,-0.002346516003444767,0.0011485525413305624,5.742762706652812,5
ADA,-1,2026-08-13 16:37:00+00:00,2026-08-13 16:38:00+00:00,2026-08-13 16:43:00+00:00,0.003865267807841022,0.0018675127567062554,0.0019977550511347665,9.988775255673833,5
AVAX,-1,2026-08-13 16:37:00+00:00,2026-08-13 16:38:00+00:00,2026-08-13 16:43:00+00:00,0.002194701363850027,0.0006525548149169216,0.0015421465489331052,7.710732744665526,5
BNB,-1,2026-08-13 16:37:00+00:00,2026-08-13 16:38:00+00:00,2026-08-13 16:43:00+00:00,0.0032938076416337836,0.002002623249116933,0.0012911843925168507,6.455921962584254,5
DOT,-1,2026-08-13 16:37:00+00:00,2026-08-13 16:38:00+00:00,2026-08-13 16:43:00+00:00,0.004689331770222793,0.0028799968717500733,0.0018093348984727197,9.046674492363598,5
ETH,-1,2026-08-13 16:37:00+00:00,2026-08-13 16:38:00+00:00,2026-08-13 16:43:00+00:00,0.006417397329637975,0.005409012517041769,0.0010083848125962058,5.041924062981029,5
LINK,-1,2026-08-13 16:37:00+00:00,2026-08-13 16:38:00+00:00,2026-08-13 16:43:00+00:00,0.00264215967834569,0.0013348219350604498,0.0013073377432852404,6.536688716426203,5
SOL,-1,2026-08-13 16:37:00+00:00,2026-08-13 16:38:00+00:00,2026-08-13 16:43:00+00:00,0.005429025423728806,0.004228840252069367,0.0012001851716594385,6.000925858297193,5
XRP,-1,2026-08-13 16:37:00+00:00,2026-08-13 16:38:00+00:00,2026-08-13 16:43:00+00:00,0.0024955080854462963,0.001346955544115734,0.0011485525413305624,5.742762706652812,5
ADA,1,2026-08-13 16:44:00+00:00,2026-08-13 16:45:00+00:00,2026-08-13 16:50:00+00:00,0.001105583195135429,-0.0008921718559993376,0.0019977550511347665,9.988775255673833,5
AVAX,1,2026-08-13 16:44:00+00:00,2026-08-13 16:45:00+00:00,2026-08-13 16:50:00+00:00,0.0029794574251216233,0.001437310876188518,0.0015421465489331052,7.710732744665526,5
BNB,1,2026-08-13 16:44:00+00:00,2026-08-13 16:45:00+00:00,2026-08-13 16:50:00+00:00,0.001319696469811893,2.851207729504218e-05,0.0012911843925168507,6.455921962584254,5
DOT,1,2026-08-13 16:44:00+00:00,2026-08-13 16:45:00+00:00,2026-08-13 16:50:00+00:00,0.001695357329160041,-0.00011397756931267873,0.0018093348984727197,9.046674492363598,5
ETH,1,2026-08-13 16:44:00+00:00,2026-08-13 16:45:00+00:00,2026-08-13 16:50:00+00:00,0.0023683000630834172,0.0013599152504872114,0.0010083848125962058,5.041924062981029,5
LINK,1,2026-08-13 16:44:00+00:00,2026-08-13 16:45:00+00:00,2026-08-13 16:50:00+00:00,0.002525252525252597,0.0012179147819673566,0.0013073377432852404,6.536688716426203,5
SOL,1,2026-08-13 16:44:00+00:00,2026-08-13 16:45:00+00:00,2026-08-13 16:50:00+00:00,0.00212370586673738,0.0009235206950779413,0.0012001851716594385,6.000925858297193,5
XRP,1,2026-08-13 16:44:00+00:00,2026-08-13 16:45:00+00:00,2026-08-13 16:50:00+00:00,0.0027916251246262735,0.0016430725832957112,0.0011485525413305624,5.742762706652812,5
ADA,-1,2026-08-13 16:52:00+00:00,2026-08-13 16:53:00+00:00,2026-08-13 16:58:00+00:00,-0.001104362230811562,-0.0031021172819463284,0.0019977550511347665,9.988775255673833,5
AVAX,-1,2026-08-13 16:52:00+00:00,2026-08-13 16:53:00+00:00,2026-08-13 16:58:00+00:00,-0.0003135287662643371,-0.0018556753151974424,0.0015421465489331052,7.710732744665526,5
BNB,-1,2026-08-13 16:52:00+00:00,2026-08-13 16:53:00+00:00,2026-08-13 16:58:00+00:00,-0.0009899356541824833,-0.002281120046699334,0.0012911843925168507,6.455921962584254,5
DOT,-1,2026-08-13 16:52:00+00:00,2026-08-13 16:53:00+00:00,2026-08-13 16:58:00+00:00,-0.0006516356053696271,-0.002460970503842347,0.0018093348984727197,9.046674492363598,5
ETH,-1,2026-08-13 16:52:00+00:00,2026-08-13 16:53:00+00:00,2026-08-13 16:58:00+00:00,-9.077996005668609e-05,-0.0010991647726528919,0.0010083848125962058,5.041924062981029,5
LINK,-1,2026-08-13 16:52:00+00:00,2026-08-13 16:53:00+00:00,2026-08-13 16:58:00+00:00,-0.0004589261128959965,-0.001766263856181237,0.0013073377432852404,6.536688716426203,5
SOL,-1,2026-08-13 16:52:00+00:00,2026-08-13 16:53:00+00:00,2026-08-13 16:58:00+00:00,-0.0005302226935313126,-0.001730407865190751,0.0012001851716594385,6.000925858297193,5
XRP,-1,2026-08-13 16:52:00+00:00,2026-08-13 16:53:00+00:00,2026-08-13 16:58:00+00:00,0.0010952902519166807,-5.326228941388163e-05,0.0011485525413305624,5.742762706652812,5
ADA,-1,2026-08-14 06:52:00+00:00,2026-08-14 06:53:00+00:00,2026-08-14 06:58:00+00:00,-0.0011013215859030367,-0.0030990766370378032,0.0019977550511347665,9.988775255673833,5
AVAX,-1,2026-08-14 06:52:00+00:00,2026-08-14 06:53:00+00:00,2026-08-14 06:58:00+00:00,-0.0007840677434529653,-0.0023262142923860703,0.0015421465489331052,7.710732744665526,5
BNB,-1,2026-08-14 06:52:00+00:00,2026-08-14 06:53:00+00:00,2026-08-14 06:58:00+00:00,0.00032878513891165806,-0.0009623992536051927,0.0012911843925168507,6.455921962584254,5
DOT,-1,2026-08-14 06:52:00+00:00,2026-08-14 06:53:00+00:00,2026-08-14 06:58:00+00:00,-0.0009234828496043068,-0.0027328177480770268,0.0018093348984727197,9.046674492363598,5
ETH,-1,2026-08-14 06:52:00+00:00,2026-08-14 06:53:00+00:00,2026-08-14 06:58:00+00:00,0.00014949279231180057,-0.0008588920202844052,0.0010083848125962058,5.041924062981029,5
LINK,-1,2026-08-14 06:52:00+00:00,2026-08-14 06:53:00+00:00,2026-08-14 06:58:00+00:00,-0.0012575740253799594,-0.0025649117686651996,0.0013073377432852404,6.536688716426203,5
SOL,-1,2026-08-14 06:52:00+00:00,2026-08-14 06:53:00+00:00,2026-08-14 06:58:00+00:00,-0.0,-0.0012001851716594385,0.0012001851716594385,6.000925858297193,5
XRP,-1,2026-08-14 06:52:00+00:00,2026-08-14 06:53:00+00:00,2026-08-14 06:58:00+00:00,0.0005958883702452678,-0.0005526641710852946,0.0011485525413305624,5.742762706652812,5
ADA,-1,2026-08-14 08:24:00+00:00,2026-08-14 08:25:00+00:00,2026-08-14 08:30:00+00:00,-0.000550964187327807,-0.0025487192384625735,0.0019977550511347665,9.988775255673833,5
AVAX,-1,2026-08-14 08:24:00+00:00,2026-08-14 08:25:00+00:00,2026-08-14 08:30:00+00:00,-0.0012539184952977678,-0.002796065044230873,0.0015421465489331052,7.710732744665526,5
BNB,-1,2026-08-14 08:24:00+00:00,2026-08-14 08:25:00+00:00,2026-08-14 08:30:00+00:00,-0.00016493485073398872,-0.0014561192432508395,0.0012911843925168507,6.455921962584254,5
DOT,-1,2026-08-14 08:24:00+00:00,2026-08-14 08:25:00+00:00,2026-08-14 08:30:00+00:00,-0.0010589013898081312,-0.002868236288280851,0.0018093348984727197,9.046674492363598,5
ETH,-1,2026-08-14 08:24:00+00:00,2026-08-14 08:25:00+00:00,2026-08-14 08:30:00+00:00,-0.0010699306684927024,-0.002078315481088908,0.0010083848125962058,5.041924062981029,5
LINK,-1,2026-08-14 08:24:00+00:00,2026-08-14 08:25:00+00:00,2026-08-14 08:30:00+00:00,-0.0,-0.0013073377432852404,0.0013073377432852404,6.536688716426203,5
SOL,-1,2026-08-14 08:24:00+00:00,2026-08-14 08:25:00+00:00,2026-08-14 08:30:00+00:00,-0.0011915795048325073,-0.002391764676491946,0.0012001851716594385,6.000925858297193,5
XRP,-1,2026-08-14 08:24:00+00:00,2026-08-14 08:25:00+00:00,2026-08-14 08:30:00+00:00,-0.0007971303308089706,-0.001945682872139533,0.0011485525413305624,5.742762706652812,5
ADA,-1,2026-08-14 13:39:00+00:00,2026-08-14 13:40:00+00:00,2026-08-14 13:45:00+00:00,-0.002233389168062372,-0.004231144219197139,0.0019977550511347665,9.988775255673833,5
AVAX,-1,2026-08-14 13:39:00+00:00,2026-08-14 13:40:00+00:00,2026-08-14 13:45:00+00:00,-0.002193669696020084,-0.003735816244953189,0.0015421465489331052,7.710732744665526,5
BNB,-1,2026-08-14 13:39:00+00:00,2026-08-14 13:40:00+00:00,2026-08-14 13:45:00+00:00,-0.0011600928074246841,-0.0024512771999415347,0.0012911843925168507,6.455921962584254,5
DOT,-1,2026-08-14 13:39:00+00:00,2026-08-14 13:40:00+00:00,2026-08-14 13:45:00+00:00,-0.0,-0.0018093348984727197,0.0018093348984727197,9.046674492363598,5
ETH,-1,2026-08-14 13:39:00+00:00,2026-08-14 13:40:00+00:00,2026-08-14 13:45:00+00:00,-0.0009745597078463231,-0.001982944520442529,0.0010083848125962058,5.041924062981029,5
LINK,-1,2026-08-14 13:39:00+00:00,2026-08-14 13:40:00+00:00,2026-08-14 13:45:00+00:00,-0.001361779391738649,-0.002669117135023889,0.0013073377432852404,6.536688716426203,5
SOL,-1,2026-08-14 13:39:00+00:00,2026-08-14 13:40:00+00:00,2026-08-14 13:45:00+00:00,-0.0005311379630859037,-0.0017313231347453422,0.0012001851716594385,6.000925858297193,5
XRP,-1,2026-08-14 13:39:00+00:00,2026-08-14 13:40:00+00:00,2026-08-14 13:45:00+00:00,-9.969095803019634e-05,-0.0012482434993607587,0.0011485525413305624,5.742762706652812,5
ADA,-1,2026-08-16 01:39:00+00:00,2026-08-16 01:40:00+00:00,2026-08-16 01:45:00+00:00,-0.002270147559591429,-0.004267902610726196,0.0019977550511347665,9.988775255673833,5
AVAX,-1,2026-08-16 01:39:00+00:00,2026-08-16 01:40:00+00:00,2026-08-16 01:45:00+00:00,-0.0014218009478672577,-0.0029639474968003628,0.0015421465489331052,7.710732744665526,5
BNB,-1,2026-08-16 01:39:00+00:00,2026-08-16 01:40:00+00:00,2026-08-16 01:45:00+00:00,-0.001154543955137699,-0.0024457283476545496,0.0012911843925168507,6.455921962584254,5
DOT,-1,2026-08-16 01:39:00+00:00,2026-08-16 01:40:00+00:00,2026-08-16 01:45:00+00:00,-0.0023815824292141574,-0.004190917327686877,0.0018093348984727197,9.046674492363598,5
ETH,-1,2026-08-16 01:39:00+00:00,2026-08-16 01:40:00+00:00,2026-08-16 01:45:00+00:00,-0.0018225225417263236,-0.0028309073543225293,0.0010083848125962058,5.041924062981029,5
LINK,-1,2026-08-16 01:39:00+00:00,2026-08-16 01:40:00+00:00,2026-08-16 01:45:00+00:00,-0.002539145154464739,-0.0038464828977499794,0.0013073377432852404,6.536688716426203,5
SOL,-1,2026-08-16 01:39:00+00:00,2026-08-16 01:40:00+00:00,2026-08-16 01:45:00+00:00,-0.0019933554817277432,-0.003193540653387182,0.0012001851716594385,6.000925858297193,5
XRP,-1,2026-08-16 01:39:00+00:00,2026-08-16 01:40:00+00:00,2026-08-16 01:45:00+00:00,-0.0019011406844107182,-0.0030496932257412807,0.0011485525413305624,5.742762706652812,5
ADA,1,2026-08-16 01:59:00+00:00,2026-08-16 02:00:00+00:00,2026-08-16 02:05:00+00:00,-0.0011344299489506326,-0.003132185000085399,0.0019977550511347665,9.988775255673833,5
AVAX,1,2026-08-16 01:59:00+00:00,2026-08-16 02:00:00+00:00,2026-08-16 02:05:00+00:00,-0.00031590586005381116,-0.0018580524089869164,0.0015421465489331052,7.710732744665526,5
BNB,1,2026-08-16 01:59:00+00:00,2026-08-16 02:00:00+00:00,2026-08-16 02:05:00+00:00,-0.000988956650733508,-0.0022801410432503584,0.0012911843925168507,6.455921962584254,5
DOT,1,2026-08-16 01:59:00+00:00,2026-08-16 02:00:00+00:00,2026-08-16 02:05:00+00:00,-0.0009249471458774305,-0.0027342820443501505,0.0018093348984727197,9.046674492363598,5
ETH,1,2026-08-16 01:59:00+00:00,2026-08-16 02:00:00+00:00,2026-08-16 02:05:00+00:00,-0.00028194038822659806,-0.0012903252008228039,0.0010083848125962058,5.041924062981029,5
LINK,1,2026-08-16 01:59:00+00:00,2026-08-16 02:00:00+00:00,2026-08-16 02:05:00+00:00,-0.0008425487098472351,-0.0021498864531324753,0.0013073377432852404,6.536688716426203,5
SOL,1,2026-08-16 01:59:00+00:00,2026-08-16 02:00:00+00:00,2026-08-16 02:05:00+00:00,-0.0005306447333509601,-0.0017308299050103986,0.0012001851716594385,6.000925858297193,5
XRP,1,2026-08-16 01:59:00+00:00,2026-08-16 02:00:00+00:00,2026-08-16 02:05:00+00:00,-0.000699580251848797,-0.0018481327931793594,0.0011485525413305624,5.742762706652812,5
ADA,1,2026-08-16 02:20:00+00:00,2026-08-16 02:21:00+00:00,2026-08-16 02:26:00+00:00,0.0022688598979012653,0.0002711048467664988,0.0019977550511347665,9.988775255673833,5
AVAX,1,2026-08-16 02:20:00+00:00,2026-08-16 02:21:00+00:00,2026-08-16 02:26:00+00:00,0.000789515237644034,-0.0007526313112890713,0.0015421465489331052,7.710732744665526,5
BNB,1,2026-08-16 02:20:00+00:00,2026-08-16 02:21:00+00:00,2026-08-16 02:26:00+00:00,0.0004943153732082095,-0.0007968690193086412,0.0012911843925168507,6.455921962584254,5
DOT,1,2026-08-16 02:20:00+00:00,2026-08-16 02:21:00+00:00,2026-08-16 02:26:00+00:00,0.0023778071334215056,0.0005684722349487859,0.0018093348984727197,9.046674492363598,5
ETH,1,2026-08-16 02:20:00+00:00,2026-08-16 02:21:00+00:00,2026-08-16 02:26:00+00:00,0.0008925203606207077,-0.00011586445197549807,0.0010083848125962058,5.041924062981029,5
LINK,1,2026-08-16 02:20:00+00:00,2026-08-16 02:21:00+00:00,2026-08-16 02:26:00+00:00,0.0018997361477572916,0.0005923984044720512,0.0013073377432852404,6.536688716426203,5
SOL,1,2026-08-16 02:20:00+00:00,2026-08-16 02:21:00+00:00,2026-08-16 02:26:00+00:00,0.002786994027869971,0.0015868088562105327,0.0012001851716594385,6.000925858297193,5
XRP,1,2026-08-16 02:20:00+00:00,2026-08-16 02:21:00+00:00,2026-08-16 02:26:00+00:00,0.0009996001599361648,-0.00014895238139439756,0.0011485525413305624,5.742762706652812,5
ADA,-1,2026-08-16 06:14:00+00:00,2026-08-16 06:15:00+00:00,2026-08-16 06:20:00+00:00,0.0011325028312570984,-0.0008652522198776681,0.0019977550511347665,9.988775255673833,5
AVAX,-1,2026-08-16 06:14:00+00:00,2026-08-16 06:15:00+00:00,2026-08-16 06:20:00+00:00,-0.000158202816010089,-0.0017003493649431942,0.0015421465489331052,7.710732744665526,5
BNB,-1,2026-08-16 06:14:00+00:00,2026-08-16 06:15:00+00:00,2026-08-16 06:20:00+00:00,0.00033063316250603325,-0.0009605512300108175,0.0012911843925168507,6.455921962584254,5
DOT,-1,2026-08-16 06:14:00+00:00,2026-08-16 06:15:00+00:00,2026-08-16 06:20:00+00:00,0.00026437541308654833,-0.0015449594853861714,0.0018093348984727197,9.046674492363598,5
ETH,-1,2026-08-16 06:14:00+00:00,2026-08-16 06:15:00+00:00,2026-08-16 06:20:00+00:00,0.00031395336462225476,-0.000694431447973951,0.0010083848125962058,5.041924062981029,5
LINK,-1,2026-08-16 06:14:00+00:00,2026-08-16 06:15:00+00:00,2026-08-16 06:20:00+00:00,0.0015998293515356865,0.0002924916082504461,0.0013073377432852404,6.536688716426203,5
SOL,-1,2026-08-16 06:14:00+00:00,2026-08-16 06:15:00+00:00,2026-08-16 06:20:00+00:00,-0.0,-0.0012001851716594385,0.0012001851716594385,6.000925858297193,5
XRP,-1,2026-08-16 06:14:00+00:00,2026-08-16 06:15:00+00:00,2026-08-16 06:20:00+00:00,0.0005001000200040018,-0.0006484525213265606,0.0011485525413305624,5.742762706652812,5
ADA,-1,2026-08-16 09:42:00+00:00,2026-08-16 09:43:00+00:00,2026-08-16 09:48:00+00:00,-0.0005656108597285048,-0.0025633659108632713,0.0019977550511347665,9.988775255673833,5
AVAX,-1,2026-08-16 09:42:00+00:00,2026-08-16 09:43:00+00:00,2026-08-16 09:48:00+00:00,-0.0009463722397475838,-0.002488518788680689,0.0015421465489331052,7.710732744665526,5
BNB,-1,2026-08-16 09:42:00+00:00,2026-08-16 09:43:00+00:00,2026-08-16 09:48:00+00:00,-0.0,-0.0012911843925168507,0.0012911843925168507,6.455921962584254,5
DOT,-1,2026-08-16 09:42:00+00:00,2026-08-16 09:43:00+00:00,2026-08-16 09:48:00+00:00,-0.0009229957805907407,-0.0027323306790634607,0.0018093348984727197,9.046674492363598,5
ETH,-1,2026-08-16 09:42:00+00:00,2026-08-16 09:43:00+00:00,2026-08-16 09:48:00+00:00,-7.978723404256094e-05,-0.0010881720466387667,0.0010083848125962058,5.041924062981029,5
LINK,-1,2026-08-16 09:42:00+00:00,2026-08-16 09:43:00+00:00,2026-08-16 09:48:00+00:00,-0.00042435815828545387,-0.0017316959015706943,0.0013073377432852404,6.536688716426203,5
SOL,-1,2026-08-16 09:42:00+00:00,2026-08-16 09:43:00+00:00,2026-08-16 09:48:00+00:00,0.00013281976358092695,-0.0010673654080785115,0.0012001851716594385,6.000925858297193,5
XRP,-1,2026-08-16 09:42:00+00:00,2026-08-16 09:43:00+00:00,2026-08-16 09:48:00+00:00,-0.0003000600120024455,-0.0014486125533330078,0.0011485525413305624,5.742762706652812,5
ADA,1,2026-08-16 14:20:00+00:00,2026-08-16 14:21:00+00:00,2026-08-16 14:26:00+00:00,0.0017035775127767216,-0.00029417753835804484,0.0019977550511347665,9.988775255673833,5
AVAX,1,2026-08-16 14:20:00+00:00,2026-08-16 14:21:00+00:00,2026-08-16 14:26:00+00:00,0.0,-0.0015421465489331052,0.0015421465489331052,7.710732744665526,5
BNB,1,2026-08-16 14:20:00+00:00,2026-08-16 14:21:00+00:00,2026-08-16 14:26:00+00:00,0.0006584362139916422,-0.0006327481785252085,0.0012911843925168507,6.455921962584254,5
DOT,1,2026-08-16 14:20:00+00:00,2026-08-16 14:21:00+00:00,2026-08-16 14:26:00+00:00,-0.00039323633503740574,-0.0022025712335101257,0.0018093348984727197,9.046674492363598,5
ETH,1,2026-08-16 14:20:00+00:00,2026-08-16 14:21:00+00:00,2026-08-16 14:26:00+00:00,-3.186404673394261e-05,-0.0010402488593301484,0.0010083848125962058,5.041924062981029,5
LINK,1,2026-08-16 14:20:00+00:00,2026-08-16 14:21:00+00:00,2026-08-16 14:26:00+00:00,0.0016085790884718953,0.0003012413451866549,0.0013073377432852404,6.536688716426203,5
SOL,1,2026-08-16 14:20:00+00:00,2026-08-16 14:21:00+00:00,2026-08-16 14:26:00+00:00,0.0,-0.0012001851716594385,0.0012001851716594385,6.000925858297193,5
XRP,1,2026-08-16 14:20:00+00:00,2026-08-16 14:21:00+00:00,2026-08-16 14:26:00+00:00,0.00019992003198709973,-0.0009486325093434626,0.0011485525413305624,5.742762706652812,5
ADA,1,2026-08-16 16:11:00+00:00,2026-08-16 16:12:00+00:00,2026-08-16 16:17:00+00:00,-0.0005652911249293124,-0.002563046176064079,0.0019977550511347665,9.988775255673833,5
AVAX,1,2026-08-16 16:11:00+00:00,2026-08-16 16:12:00+00:00,2026-08-16 16:17:00+00:00,-0.0003112840466925615,-0.0018534305956256667,0.0015421465489331052,7.710732744665526,5
BNB,1,2026-08-16 16:11:00+00:00,2026-08-16 16:12:00+00:00,2026-08-16 16:17:00+00:00,0.0008238589553468678,-0.00046732543716998293,0.0012911843925168507,6.455921962584254,5
DOT,1,2026-08-16 16:11:00+00:00,2026-08-16 16:12:00+00:00,2026-08-16 16:17:00+00:00,-0.0005213084842955462,-0.002330643382768266,0.0018093348984727197,9.046674492363598,5
ETH,1,2026-08-16 16:11:00+00:00,2026-08-16 16:12:00+00:00,2026-08-16 16:17:00+00:00,0.00048295077617099835,-0.0005254340364252074,0.0010083848125962058,5.041924062981029,5
LINK,1,2026-08-16 16:11:00+00:00,2026-08-16 16:12:00+00:00,2026-08-16 16:17:00+00:00,0.0008507923003295836,-0.0004565454429556568,0.0013073377432852404,6.536688716426203,5
SOL,1,2026-08-16 16:11:00+00:00,2026-08-16 16:12:00+00:00,2026-08-16 16:17:00+00:00,-0.000264760391845531,-0.0014649455635049695,0.0012001851716594385,6.000925858297193,5
XRP,1,2026-08-16 16:11:00+00:00,2026-08-16 16:12:00+00:00,2026-08-16 16:17:00+00:00,0.0002994609702535733,-0.000849091571076989,0.0011485525413305624,5.742762706652812,5
ADA,-1,2026-08-16 16:21:00+00:00,2026-08-16 16:22:00+00:00,2026-08-16 16:27:00+00:00,-0.0,-0.0019977550511347665,0.0019977550511347665,9.988775255673833,5
AVAX,-1,2026-08-16 16:21:00+00:00,2026-08-16 16:22:00+00:00,2026-08-16 16:27:00+00:00,0.0009351620947630757,-0.0006069844541700296,0.0015421465489331052,7.710732744665526,5
BNB,-1,2026-08-16 16:21:00+00:00,2026-08-16 16:22:00+00:00,2026-08-16 16:27:00+00:00,-0.00016471750947122388,-0.0014559019019880746,0.0012911843925168507,6.455921962584254,5
DOT,-1,2026-08-16 16:21:00+00:00,2026-08-16 16:22:00+00:00,2026-08-16 16:27:00+00:00,-0.0014352818371607956,-0.0032446167356335156,0.0018093348984727197,9.046674492363598,5
ETH,-1,2026-08-16 16:21:00+00:00,2026-08-16 16:22:00+00:00,2026-08-16 16:27:00+00:00,-0.0006255931205962906,-0.0016339779331924964,0.0010083848125962058,5.041924062981029,5
LINK,-1,2026-08-16 16:21:00+00:00,2026-08-16 16:22:00+00:00,2026-08-16 16:27:00+00:00,-0.001494768310911887,-0.002802106054197127,0.0013073377432852404,6.536688716426203,5
SOL,-1,2026-08-16 16:21:00+00:00,2026-08-16 16:22:00+00:00,2026-08-16 16:27:00+00:00,-0.00026483050847470047,-0.001465015680134139,0.0012001851716594385,6.000925858297193,5
XRP,-1,2026-08-16 16:21:00+00:00,2026-08-16 16:22:00+00:00,2026-08-16 16:27:00+00:00,-0.0004992012779552191,-0.0016477538192857814,0.0011485525413305624,5.742762706652812,5
ADA,1,2026-08-16 16:30:00+00:00,2026-08-16 16:31:00+00:00,2026-08-16 16:36:00+00:00,0.0011305822498586249,-0.0008671728012761416,0.0019977550511347665,9.988775255673833,5
AVAX,1,2026-08-16 16:30:00+00:00,2026-08-16 16:31:00+00:00,2026-08-16 16:36:00+00:00,-0.0010932375449007603,-0.0026353840938338653,0.0015421465489331052,7.710732744665526,5
BNB,1,2026-08-16 16:30:00+00:00,2026-08-16 16:31:00+00:00,2026-08-16 16:36:00+00:00,-0.0004938271604937317,-0.0017850115530105824,0.0012911843925168507,6.455921962584254,5
DOT,1,2026-08-16 16:30:00+00:00,2026-08-16 16:31:00+00:00,2026-08-16 16:36:00+00:00,0.0002608242044861431,-0.0015485106939865767,0.0018093348984727197,9.046674492363598,5
ETH,1,2026-08-16 16:30:00+00:00,2026-08-16 16:31:00+00:00,2026-08-16 16:36:00+00:00,0.0004868574936363057,-0.0005215273189599001,0.0010083848125962058,5.041924062981029,5
LINK,1,2026-08-16 16:30:00+00:00,2026-08-16 16:31:00+00:00,2026-08-16 16:36:00+00:00,0.000640204865556937,-0.0006671328777283034,0.0013073377432852404,6.536688716426203,5
SOL,1,2026-08-16 16:30:00+00:00,2026-08-16 16:31:00+00:00,2026-08-16 16:36:00+00:00,0.0005291005291006012,-0.0006710846425588373,0.0012001851716594385,6.000925858297193,5
XRP,1,2026-08-16 16:30:00+00:00,2026-08-16 16:31:00+00:00,2026-08-16 16:36:00+00:00,0.0007982438635001365,-0.0003503086778304258,0.0011485525413305624,5.742762706652812,5
ADA,-1,2026-08-16 16:51:00+00:00,2026-08-16 16:52:00+00:00,2026-08-16 16:57:00+00:00,-0.0005685048322909836,-0.00256625988342575,0.0019977550511347665,9.988775255673833,5
AVAX,-1,2026-08-16 16:51:00+00:00,2026-08-16 16:52:00+00:00,2026-08-16 16:57:00+00:00,-0.00015691197238343335,-0.0016990585213165386,0.0015421465489331052,7.710732744665526,5
BNB,-1,2026-08-16 16:51:00+00:00,2026-08-16 16:52:00+00:00,2026-08-16 16:57:00+00:00,-0.0006591957811472593,-0.00195038017366411,0.0012911843925168507,6.455921962584254,5
DOT,-1,2026-08-16 16:51:00+00:00,2026-08-16 16:52:00+00:00,2026-08-16 16:57:00+00:00,-0.0003925673907354543,-0.0022019022892081743,0.0018093348984727197,9.046674492363598,5
ETH,-1,2026-08-16 16:51:00+00:00,2026-08-16 16:52:00+00:00,2026-08-16 16:57:00+00:00,-0.0005086362191373262,-0.001517021031733532,0.0010083848125962058,5.041924062981029,5
LINK,-1,2026-08-16 16:51:00+00:00,2026-08-16 16:52:00+00:00,2026-08-16 16:57:00+00:00,-0.0014950875694146326,-0.002802425312699873,0.0013073377432852404,6.536688716426203,5
SOL,-1,2026-08-16 16:51:00+00:00,2026-08-16 16:52:00+00:00,2026-08-16 16:57:00+00:00,-0.0006626027034191129,-0.0018627878750785514,0.0012001851716594385,6.000925858297193,5
XRP,-1,2026-08-16 16:51:00+00:00,2026-08-16 16:52:00+00:00,2026-08-16 16:57:00+00:00,-0.00069909118146394,-0.0018476437227945024,0.0011485525413305624,5.742762706652812,5
ADA,-1,2026-08-16 18:12:00+00:00,2026-08-16 18:13:00+00:00,2026-08-16 18:18:00+00:00,-0.0005685048322909836,-0.00256625988342575,0.0019977550511347665,9.988775255673833,5
AVAX,-1,2026-08-16 18:12:00+00:00,2026-08-16 18:13:00+00:00,2026-08-16 18:18:00+00:00,0.0003154076644061865,-0.0012267388845269187,0.0015421465489331052,7.710732744665526,5
BNB,-1,2026-08-16 18:12:00+00:00,2026-08-16 18:13:00+00:00,2026-08-16 18:18:00+00:00,0.0006601749463607254,-0.0006310094461561254,0.0012911843925168507,6.455921962584254,5
DOT,-1,2026-08-16 18:12:00+00:00,2026-08-16 18:13:00+00:00,2026-08-16 18:18:00+00:00,-0.0005252100840336116,-0.0023345449825063315,0.0018093348984727197,9.046674492363598,5
ETH,-1,2026-08-16 18:12:00+00:00,2026-08-16 18:13:00+00:00,2026-08-16 18:18:00+00:00,-0.00075956763073326,-0.0017679524433294657,0.0010083848125962058,5.041924062981029,5
LINK,-1,2026-08-16 18:12:00+00:00,2026-08-16 18:13:00+00:00,2026-08-16 18:18:00+00:00,-0.0019153011278996157,-0.003222638871184856,0.0013073377432852404,6.536688716426203,5
SOL,-1,2026-08-16 18:12:00+00:00,2026-08-16 18:13:00+00:00,2026-08-16 18:18:00+00:00,-0.0006662225183211579,-0.0018664076899805964,0.0012001851716594385,6.000925858297193,5
XRP,-1,2026-08-16 18:12:00+00:00,2026-08-16 18:13:00+00:00,2026-08-16 18:18:00+00:00,-0.0006013831813169723,-0.0017499357226475347,0.0011485525413305624,5.742762706652812,5
ADA,-1,2026-08-16 19:44:00+00:00,2026-08-16 19:45:00+00:00,2026-08-16 19:50:00+00:00,0.0016797312430012479,-0.0003180238081335186,0.0019977550511347665,9.988775255673833,5
AVAX,-1,2026-08-16 19:44:00+00:00,2026-08-16 19:45:00+00:00,2026-08-16 19:50:00+00:00,0.00047311149660933527,-0.00106903505232377,0.0015421465489331052,7.710732744665526,5
BNB,-1,2026-08-16 19:44:00+00:00,2026-08-16 19:45:00+00:00,2026-08-16 19:50:00+00:00,0.00033014196104308446,-0.0009610424314737663,0.0012911843925168507,6.455921962584254,5
DOT,-1,2026-08-16 19:44:00+00:00,2026-08-16 19:45:00+00:00,2026-08-16 19:50:00+00:00,0.00013090718680452973,-0.00167842771166819,0.0018093348984727197,9.046674492363598,5
ETH,-1,2026-08-16 19:44:00+00:00,2026-08-16 19:45:00+00:00,2026-08-16 19:50:00+00:00,0.0003713685461451677,-0.0006370162664510381,0.0010083848125962058,5.041924062981029,5
LINK,-1,2026-08-16 19:44:00+00:00,2026-08-16 19:45:00+00:00,2026-08-16 19:50:00+00:00,-0.0009534908358936889,-0.002260828579178929,0.0013073377432852404,6.536688716426203,5
SOL,-1,2026-08-16 19:44:00+00:00,2026-08-16 19:45:00+00:00,2026-08-16 19:50:00+00:00,0.0011961722488036397,-4.012922855798793e-06,0.0012001851716594385,6.000925858297193,5
XRP,-1,2026-08-16 19:44:00+00:00,2026-08-16 19:45:00+00:00,2026-08-16 19:50:00+00:00,0.000899460323805612,-0.00024909221752495033,0.0011485525413305624,5.742762706652812,5
ADA,-1,2026-08-16 19:53:00+00:00,2026-08-16 19:54:00+00:00,2026-08-16 19:59:00+00:00,0.0005611672278338364,-0.00143658782330093,0.0019977550511347665,9.988775255673833,5
AVAX,-1,2026-08-16 19:53:00+00:00,2026-08-16 19:54:00+00:00,2026-08-16 19:59:00+00:00,-0.0003156067539846763,-0.0018577533029177815,0.0015421465489331052,7.710732744665526,5
BNB,-1,2026-08-16 19:53:00+00:00,2026-08-16 19:54:00+00:00,2026-08-16 19:59:00+00:00,-0.0006608293408227883,-0.001952013733339639,0.0012911843925168507,6.455921962584254,5
DOT,-1,2026-08-16 19:53:00+00:00,2026-08-16 19:54:00+00:00,2026-08-16 19:59:00+00:00,-0.0,-0.0018093348984727197,0.0018093348984727197,9.046674492363598,5
ETH,-1,2026-08-16 19:53:00+00:00,2026-08-16 19:54:00+00:00,2026-08-16 19:59:00+00:00,-0.000722006328172986,-0.0017303911407691918,0.0010083848125962058,5.041924062981029,5
LINK,-1,2026-08-16 19:53:00+00:00,2026-08-16 19:54:00+00:00,2026-08-16 19:59:00+00:00,-0.0015879737455009035,-0.0028953114887861437,0.0013073377432852404,6.536688716426203,5
SOL,-1,2026-08-16 19:53:00+00:00,2026-08-16 19:54:00+00:00,2026-08-16 19:59:00+00:00,-0.0005322687957416417,-0.0017324539674010802,0.0012001851716594385,6.000925858297193,5
XRP,-1,2026-08-16 19:53:00+00:00,2026-08-16 19:54:00+00:00,2026-08-16 19:59:00+00:00,-0.00029997000299974985,-0.0014485225443303122,0.0011485525413305624,5.742762706652812,5
ADA,-1,2026-08-16 20:25:00+00:00,2026-08-16 20:26:00+00:00,2026-08-16 20:31:00+00:00,0.0022446689113354568,0.00024691386020069027,0.0019977550511347665,9.988775255673833,5
AVAX,-1,2026-08-16 20:25:00+00:00,2026-08-16 20:26:00+00:00,2026-08-16 20:31:00+00:00,0.000473709142586487,-0.0010684374063466182,0.0015421465489331052,7.710732744665526,5
BNB,-1,2026-08-16 20:25:00+00:00,2026-08-16 20:26:00+00:00,2026-08-16 20:31:00+00:00,-0.0,-0.0012911843925168507,0.0012911843925168507,6.455921962584254,5
DOT,-1,2026-08-16 20:25:00+00:00,2026-08-16 20:26:00+00:00,2026-08-16 20:31:00+00:00,0.000785648814979778,-0.0010236860834929417,0.0018093348984727197,9.046674492363598,5
ETH,-1,2026-08-16 20:25:00+00:00,2026-08-16 20:26:00+00:00,2026-08-16 20:31:00+00:00,0.00011138633554874655,-0.0008969984770474592,0.0010083848125962058,5.041924062981029,5
LINK,-1,2026-08-16 20:25:00+00:00,2026-08-16 20:26:00+00:00,2026-08-16 20:31:00+00:00,0.0012676949080919764,-3.964283519326405e-05,0.0013073377432852404,6.536688716426203,5
SOL,-1,2026-08-16 20:25:00+00:00,2026-08-16 20:26:00+00:00,2026-08-16 20:31:00+00:00,-0.0002659928181938387,-0.0014661779898532772,0.0012001851716594385,6.000925858297193,5
XRP,-1,2026-08-16 20:25:00+00:00,2026-08-16 20:26:00+00:00,2026-08-16 20:31:00+00:00,-0.0,-0.0011485525413305624,0.0011485525413305624,5.742762706652812,5
ADA,-1,2026-08-16 21:40:00+00:00,2026-08-16 21:41:00+00:00,2026-08-16 21:46:00+00:00,0.003416856492027387,0.0014191014408926205,0.0019977550511347665,9.988775255673833,5
AVAX,-1,2026-08-16 21:40:00+00:00,2026-08-16 21:41:00+00:00,2026-08-16 21:46:00+00:00,0.00015890672175433718,-0.001383239827178768,0.0015421465489331052,7.710732744665526,5
BNB,-1,2026-08-16 21:40:00+00:00,2026-08-16 21:41:00+00:00,2026-08-16 21:46:00+00:00,-0.0,-0.0012911843925168507,0.0012911843925168507,6.455921962584254,5
DOT,-1,2026-08-16 21:40:00+00:00,2026-08-16 21:41:00+00:00,2026-08-16 21:46:00+00:00,0.0025118984664198596,0.0007025635679471399,0.0018093348984727197,9.046674492363598,5
ETH,-1,2026-08-16 21:40:00+00:00,2026-08-16 21:41:00+00:00,2026-08-16 21:46:00+00:00,0.0008650380456547424,-0.0001433467669414634,0.0010083848125962058,5.041924062981029,5
LINK,-1,2026-08-16 21:40:00+00:00,2026-08-16 21:41:00+00:00,2026-08-16 21:46:00+00:00,0.0030903665814151493,0.0017830288381299089,0.0013073377432852404,6.536688716426203,5
SOL,-1,2026-08-16 21:40:00+00:00,2026-08-16 21:41:00+00:00,2026-08-16 21:46:00+00:00,0.002955797393524251,0.0017556122218648125,0.0012001851716594385,6.000925858297193,5
XRP,-1,2026-08-16 21:40:00+00:00,2026-08-16 21:41:00+00:00,2026-08-16 21:46:00+00:00,0.0018095908314065268,0.0006610382900759644,0.0011485525413305624,5.742762706652812,5
ADA,-1,2026-08-16 22:00:00+00:00,2026-08-16 22:01:00+00:00,2026-08-16 22:06:00+00:00,-0.002849002849002913,-0.00484675790013768,0.0019977550511347665,9.988775255673833,5
AVAX,-1,2026-08-16 22:00:00+00:00,2026-08-16 22:01:00+00:00,2026-08-16 22:06:00+00:00,-0.0020684168655529245,-0.0036105634144860295,0.0015421465489331052,7.710732744665526,5
BNB,-1,2026-08-16 22:00:00+00:00,2026-08-16 22:01:00+00:00,2026-08-16 22:06:00+00:00,-0.00016578249336851592,-0.0014569668858853667,0.0012911843925168507,6.455921962584254,5
DOT,-1,2026-08-16 22:00:00+00:00,2026-08-16 22:01:00+00:00,2026-08-16 22:06:00+00:00,-0.0030520169851380174,-0.004861351883610737,0.0018093348984727197,9.046674492363598,5
ETH,-1,2026-08-16 22:00:00+00:00,2026-08-16 22:01:00+00:00,2026-08-16 22:06:00+00:00,-0.0017321293964811524,-0.002740514209077358,0.0010083848125962058,5.041924062981029,5
LINK,-1,2026-08-16 22:00:00+00:00,2026-08-16 22:01:00+00:00,2026-08-16 22:06:00+00:00,-0.001388443874826395,-0.002695781618111635,0.0013073377432852404,6.536688716426203,5
SOL,-1,2026-08-16 22:00:00+00:00,2026-08-16 22:01:00+00:00,2026-08-16 22:06:00+00:00,-0.00337290879654617,-0.004573093968205609,0.0012001851716594385,6.000925858297193,5
XRP,-1,2026-08-16 22:00:00+00:00,2026-08-16 22:01:00+00:00,2026-08-16 22:06:00+00:00,-0.002114803625377526,-0.0032633561667080885,0.0011485525413305624,5.742762706652812,5
ADA,-1,2026-08-16 22:35:00+00:00,2026-08-16 22:36:00+00:00,2026-08-16 22:41:00+00:00,0.002279202279202197,0.0002814472280674306,0.0019977550511347665,9.988775255673833,5
AVAX,-1,2026-08-16 22:35:00+00:00,2026-08-16 22:36:00+00:00,2026-08-16 22:41:00+00:00,0.0003173092178327952,-0.00122483733110031,0.0015421465489331052,7.710732744665526,5
BNB,-1,2026-08-16 22:35:00+00:00,2026-08-16 22:36:00+00:00,2026-08-16 22:41:00+00:00,0.001329345297440887,3.8160904924036286e-05,0.0012911843925168507,6.455921962584254,5
DOT,-1,2026-08-16 22:35:00+00:00,2026-08-16 22:36:00+00:00,2026-08-16 22:41:00+00:00,0.0005300821627353125,-0.0012792527357374072,0.0018093348984727197,9.046674492363598,5
ETH,-1,2026-08-16 22:35:00+00:00,2026-08-16 22:36:00+00:00,2026-08-16 22:41:00+00:00,0.001405477621910567,0.0003970928093143611,0.0010083848125962058,5.041924062981029,5
LINK,-1,2026-08-16 22:35:00+00:00,2026-08-16 22:36:00+00:00,2026-08-16 22:41:00+00:00,0.000213835133112239,-0.0010935026101730014,0.0013073377432852404,6.536688716426203,5
SOL,-1,2026-08-16 22:35:00+00:00,2026-08-16 22:36:00+00:00,2026-08-16 22:41:00+00:00,0.0013457139012247321,0.00014552872956529361,0.0012001851716594385,6.000925858297193,5
XRP,-1,2026-08-16 22:35:00+00:00,2026-08-16 22:36:00+00:00,2026-08-16 22:41:00+00:00,0.0005041338979633325,-0.0006444186433672298,0.0011485525413305624,5.742762706652812,5
ADA,-1,2026-08-16 22:45:00+00:00,2026-08-16 22:46:00+00:00,2026-08-16 22:51:00+00:00,-0.0005724098454493731,-0.0025701648965841396,0.0019977550511347665,9.988775255673833,5
AVAX,-1,2026-08-16 22:45:00+00:00,2026-08-16 22:46:00+00:00,2026-08-16 22:51:00+00:00,-0.001427212178877424,-0.002969358727810529,0.0015421465489331052,7.710732744665526,5
BNB,-1,2026-08-16 22:45:00+00:00,2026-08-16 22:46:00+00:00,2026-08-16 22:51:00+00:00,-0.0003326679973385538,-0.0016238523898554045,0.0012911843925168507,6.455921962584254,5
DOT,-1,2026-08-16 22:45:00+00:00,2026-08-16 22:46:00+00:00,2026-08-16 22:51:00+00:00,-0.0005301524188205953,-0.0023394873172933152,0.0018093348984727197,9.046674492363598,5
ETH,-1,2026-08-16 22:45:00+00:00,2026-08-16 22:46:00+00:00,2026-08-16 22:51:00+00:00,-0.000977668554332789,-0.0019860533669289948,0.0010083848125962058,5.041924062981029,5
LINK,-1,2026-08-16 22:45:00+00:00,2026-08-16 22:46:00+00:00,2026-08-16 22:51:00+00:00,0.000320649850363397,-0.0009866878929218434,0.0013073377432852404,6.536688716426203,5
SOL,-1,2026-08-16 22:45:00+00:00,2026-08-16 22:46:00+00:00,2026-08-16 22:51:00+00:00,-0.0008077544426494665,-0.002007939614308905,0.0012001851716594385,6.000925858297193,5
XRP,-1,2026-08-16 22:45:00+00:00,2026-08-16 22:46:00+00:00,2026-08-16 22:51:00+00:00,-0.0005040322580645018,-0.0016525847993950642,0.0011485525413305624,5.742762706652812,5
ADA,1,2026-08-16 23:02:00+00:00,2026-08-16 23:03:00+00:00,2026-08-16 23:08:00+00:00,0.0005701254275940482,-0.0014276296235407183,0.0019977550511347665,9.988775255673833,5
AVAX,1,2026-08-16 23:02:00+00:00,2026-08-16 23:03:00+00:00,2026-08-16 23:08:00+00:00,-0.0007902639481586204,-0.0023324104970917255,0.0015421465489331052,7.710732744665526,5
BNB,1,2026-08-16 23:02:00+00:00,2026-08-16 23:03:00+00:00,2026-08-16 23:08:00+00:00,-0.00016614055490948854,-0.0014573249474263393,0.0012911843925168507,6.455921962584254,5
DOT,1,2026-08-16 23:02:00+00:00,2026-08-16 23:03:00+00:00,2026-08-16 23:08:00+00:00,-0.0005289605924357899,-0.00233829549090851,0.0018093348984727197,9.046674492363598,5
ETH,1,2026-08-16 23:02:00+00:00,2026-08-16 23:03:00+00:00,2026-08-16 23:08:00+00:00,-0.0003943280702969343,-0.00140271288289314,0.0010083848125962058,5.041924062981029,5
LINK,1,2026-08-16 23:02:00+00:00,2026-08-16 23:03:00+00:00,2026-08-16 23:08:00+00:00,0.0014925373134326847,0.00018519957014744427,0.0013073377432852404,6.536688716426203,5
SOL,1,2026-08-16 23:02:00+00:00,2026-08-16 23:03:00+00:00,2026-08-16 23:08:00+00:00,-0.0009390931043735673,-0.002139278276033006,0.0012001851716594385,6.000925858297193,5
XRP,1,2026-08-16 23:02:00+00:00,2026-08-16 23:03:00+00:00,2026-08-16 23:08:00+00:00,-0.0012067578439259874,-0.00235531038525655,0.0011485525413305624,5.742762706652812,5
ADA,-1,2026-08-16 23:14:00+00:00,2026-08-16 23:15:00+00:00,2026-08-16 23:20:00+00:00,-0.0,-0.0019977550511347665,0.0019977550511347665,9.988775255673833,5
AVAX,-1,2026-08-16 23:14:00+00:00,2026-08-16 23:15:00+00:00,2026-08-16 23:20:00+00:00,0.00031605562579029023,-0.001226090923142815,0.0015421465489331052,7.710732744665526,5
BNB,-1,2026-08-16 23:14:00+00:00,2026-08-16 23:15:00+00:00,2026-08-16 23:20:00+00:00,-0.0001662234042554278,-0.0014574077967722786,0.0012911843925168507,6.455921962584254,5
DOT,-1,2026-08-16 23:14:00+00:00,2026-08-16 23:15:00+00:00,2026-08-16 23:20:00+00:00,-0.0007933359777867466,-0.0026026708762594665,0.0018093348984727197,9.046674492363598,5
ETH,-1,2026-08-16 23:14:00+00:00,2026-08-16 23:15:00+00:00,2026-08-16 23:20:00+00:00,-0.0007421090846966294,-0.0017504938972928352,0.0010083848125962058,5.041924062981029,5
LINK,-1,2026-08-16 23:14:00+00:00,2026-08-16 23:15:00+00:00,2026-08-16 23:20:00+00:00,-0.0002128565346954936,-0.001520194277980734,0.0013073377432852404,6.536688716426203,5
SOL,-1,2026-08-16 23:14:00+00:00,2026-08-16 23:15:00+00:00,2026-08-16 23:20:00+00:00,-0.0006718624025798814,-0.0018720475742393199,0.0012001851716594385,6.000925858297193,5
XRP,-1,2026-08-16 23:14:00+00:00,2026-08-16 23:15:00+00:00,2026-08-16 23:20:00+00:00,-0.0003025108399716814,-0.0014510633813022437,0.0011485525413305624,5.742762706652812,5
ADA,-1,2026-08-17 00:22:00+00:00,2026-08-17 00:23:00+00:00,2026-08-17 00:28:00+00:00,-0.0017261219792865656,-0.003723877030421332,0.0019977550511347665,9.988775255673833,5
AVAX,-1,2026-08-17 00:22:00+00:00,2026-08-17 00:23:00+00:00,2026-08-17 00:28:00+00:00,0.0011121703209405753,-0.0004299762279925299,0.0015421465489331052,7.710732744665526,5
BNB,-1,2026-08-17 00:22:00+00:00,2026-08-17 00:23:00+00:00,2026-08-17 00:28:00+00:00,0.0008315316813570783,-0.0004596527111597724,0.0012911843925168507,6.455921962584254,5
DOT,-1,2026-08-17 00:22:00+00:00,2026-08-17 00:23:00+00:00,2026-08-17 00:28:00+00:00,0.0017152658662091813,-9.406903226353842e-05,0.0018093348984727197,9.046674492363598,5
ETH,-1,2026-08-17 00:22:00+00:00,2026-08-17 00:23:00+00:00,2026-08-17 00:28:00+00:00,0.00020287982573685692,-0.0008055049868593489,0.0010083848125962058,5.041924062981029,5
LINK,-1,2026-08-17 00:22:00+00:00,2026-08-17 00:23:00+00:00,2026-08-17 00:28:00+00:00,0.0010678056593699248,-0.00023953208391531565,0.0013073377432852404,6.536688716426203,5
SOL,-1,2026-08-17 00:22:00+00:00,2026-08-17 00:23:00+00:00,2026-08-17 00:28:00+00:00,0.00026867275658237766,-0.0009315124150770608,0.0012001851716594385,6.000925858297193,5
XRP,-1,2026-08-17 00:22:00+00:00,2026-08-17 00:23:00+00:00,2026-08-17 00:28:00+00:00,0.00010109179134654145,-0.001047460749984021,0.0011485525413305624,5.742762706652812,5
ADA,1,2026-08-17 00:43:00+00:00,2026-08-17 00:44:00+00:00,2026-08-17 00:49:00+00:00,0.0011422044545974508,-0.0008555505965373157,0.0019977550511347665,9.988775255673833,5
AVAX,1,2026-08-17 00:43:00+00:00,2026-08-17 00:44:00+00:00,2026-08-17 00:49:00+00:00,-0.0009519276534983856,-0.0024940742024314906,0.0015421465489331052,7.710732744665526,5
BNB,1,2026-08-17 00:43:00+00:00,2026-08-17 00:44:00+00:00,2026-08-17 00:49:00+00:00,-0.0013284623048822608,-0.0026196466973991113,0.0012911843925168507,6.455921962584254,5
DOT,1,2026-08-17 00:43:00+00:00,2026-08-17 00:44:00+00:00,2026-08-17 00:49:00+00:00,0.0,-0.0018093348984727197,0.0018093348984727197,9.046674492363598,5
ETH,1,2026-08-17 00:43:00+00:00,2026-08-17 00:44:00+00:00,2026-08-17 00:49:00+00:00,-0.0006236673773987178,-0.0016320521899949236,0.0010083848125962058,5.041924062981029,5
LINK,1,2026-08-17 00:43:00+00:00,2026-08-17 00:44:00+00:00,2026-08-17 00:49:00+00:00,-0.0011693419793770143,-0.0024766797226622545,0.0013073377432852404,6.536688716426203,5
SOL,1,2026-08-17 00:43:00+00:00,2026-08-17 00:44:00+00:00,2026-08-17 00:49:00+00:00,-0.0009385894341645828,-0.0021387746058240216,0.0012001851716594385,6.000925858297193,5
XRP,1,2026-08-17 00:43:00+00:00,2026-08-17 00:44:00+00:00,2026-08-17 00:49:00+00:00,-0.000908173562058523,-0.0020567261033890855,0.0011485525413305624,5.742762706652812,5
ADA,1,2026-08-17 01:00:00+00:00,2026-08-17 01:01:00+00:00,2026-08-17 01:06:00+00:00,0.003984063745019917,0.0019863086938851503,0.0019977550511347665,9.988775255673833,5
AVAX,1,2026-08-17 01:00:00+00:00,2026-08-17 01:01:00+00:00,2026-08-17 01:06:00+00:00,0.005541481950601668,0.003999335401668563,0.0015421465489331052,7.710732744665526,5
BNB,1,2026-08-17 01:00:00+00:00,2026-08-17 01:01:00+00:00,2026-08-17 01:06:00+00:00,0.0016594756057086713,0.0003682912131918205,0.0012911843925168507,6.455921962584254,5
DOT,1,2026-08-17 01:00:00+00:00,2026-08-17 01:01:00+00:00,2026-08-17 01:06:00+00:00,0.002360346184107076,0.0005510112856343564,0.0018093348984727197,9.046674492363598,5
ETH,1,2026-08-17 01:00:00+00:00,2026-08-17 01:01:00+00:00,2026-08-17 01:06:00+00:00,0.003958554729011743,0.002950169916415537,0.0010083848125962058,5.041924062981029,5
LINK,1,2026-08-17 01:00:00+00:00,2026-08-17 01:01:00+00:00,2026-08-17 01:06:00+00:00,0.0033988316516198047,0.0020914939083345645,0.0013073377432852404,6.536688716426203,5
SOL,1,2026-08-17 01:00:00+00:00,2026-08-17 01:01:00+00:00,2026-08-17 01:06:00+00:00,0.0036163943209217564,0.0024162091492623177,0.0012001851716594385,6.000925858297193,5
XRP,1,2026-08-17 01:00:00+00:00,2026-08-17 01:01:00+00:00,2026-08-17 01:06:00+00:00,0.003923541247484952,0.0027749887061543892,0.0011485525413305624,5.742762706652812,5
ADA,-1,2026-08-17 01:11:00+00:00,2026-08-17 01:12:00+00:00,2026-08-17 01:17:00+00:00,-0.0005678591709254999,-0.0025656142220602664,0.0019977550511347665,9.988775255673833,5
AVAX,-1,2026-08-17 01:11:00+00:00,2026-08-17 01:12:00+00:00,2026-08-17 01:17:00+00:00,-0.0012628255722177961,-0.002804972121150901,0.0015421465489331052,7.710732744665526,5
BNB,-1,2026-08-17 01:11:00+00:00,2026-08-17 01:12:00+00:00,2026-08-17 01:17:00+00:00,-0.0006634599436059485,-0.001954644336122799,0.0012911843925168507,6.455921962584254,5
DOT,-1,2026-08-17 01:11:00+00:00,2026-08-17 01:12:00+00:00,2026-08-17 01:17:00+00:00,-0.0002618486514793794,-0.0020711835499520994,0.0018093348984727197,9.046674492363598,5
ETH,-1,2026-08-17 01:11:00+00:00,2026-08-17 01:12:00+00:00,2026-08-17 01:17:00+00:00,-0.0008899719235049286,-0.0018983567361011344,0.0010083848125962058,5.041924062981029,5
LINK,-1,2026-08-17 01:11:00+00:00,2026-08-17 01:12:00+00:00,2026-08-17 01:17:00+00:00,-0.0011661189441323216,-0.002473456687417562,0.0013073377432852404,6.536688716426203,5
SOL,-1,2026-08-17 01:11:00+00:00,2026-08-17 01:12:00+00:00,2026-08-17 01:17:00+00:00,-0.0032047002269994795,-0.004404885398658918,0.0012001851716594385,6.000925858297193,5
XRP,-1,2026-08-17 01:11:00+00:00,2026-08-17 01:12:00+00:00,2026-08-17 01:17:00+00:00,-0.0004013646397751369,-0.0015499171811056993,0.0011485525413305624,5.742762706652812,5
ADA,1,2026-08-17 01:30:00+00:00,2026-08-17 01:31:00+00:00,2026-08-17 01:36:00+00:00,-0.0011325028312570984,-0.003130257882391865,0.0019977550511347665,9.988775255673833,5
AVAX,1,2026-08-17 01:30:00+00:00,2026-08-17 01:31:00+00:00,2026-08-17 01:36:00+00:00,-0.0009442870632673239,-0.002486433612200429,0.0015421465489331052,7.710732744665526,5
BNB,1,2026-08-17 01:30:00+00:00,2026-08-17 01:31:00+00:00,2026-08-17 01:36:00+00:00,-0.0008269930532583958,-0.0021181774457752463,0.0012911843925168507,6.455921962584254,5
DOT,1,2026-08-17 01:30:00+00:00,2026-08-17 01:31:00+00:00,2026-08-17 01:36:00+00:00,-0.00039179835444702604,-0.002201133252919746,0.0018093348984727197,9.046674492363598,5
ETH,1,2026-08-17 01:30:00+00:00,2026-08-17 01:31:00+00:00,2026-08-17 01:36:00+00:00,-0.0009230103851853855,-0.0019313951977815913,0.0010083848125962058,5.041924062981029,5
LINK,1,2026-08-17 01:30:00+00:00,2026-08-17 01:31:00+00:00,2026-08-17 01:36:00+00:00,-0.0004192432659050338,-0.0017265810091902742,0.0013073377432852404,6.536688716426203,5
SOL,1,2026-08-17 01:30:00+00:00,2026-08-17 01:31:00+00:00,2026-08-17 01:36:00+00:00,-0.0015938371629699022,-0.002794022334629341,0.0012001851716594385,6.000925858297193,5
XRP,1,2026-08-17 01:30:00+00:00,2026-08-17 01:31:00+00:00,2026-08-17 01:36:00+00:00,-0.0010992305386228196,-0.002247783079953382,0.0011485525413305624,5.742762706652812,5
ADA,1,2026-08-17 02:32:00+00:00,2026-08-17 02:33:00+00:00,2026-08-17 02:38:00+00:00,0.0028473804100228595,0.000849625358888093,0.0019977550511347665,9.988775255673833,5
AVAX,1,2026-08-17 02:32:00+00:00,2026-08-17 02:33:00+00:00,2026-08-17 02:38:00+00:00,-0.0004716239584970916,-0.0020137705074301966,0.0015421465489331052,7.710732744665526,5
BNB,1,2026-08-17 02:32:00+00:00,2026-08-17 02:33:00+00:00,2026-08-17 02:38:00+00:00,0.0006634599436059485,-0.0006277244489109022,0.0012911843925168507,6.455921962584254,5
DOT,1,2026-08-17 02:32:00+00:00,2026-08-17 02:33:00+00:00,2026-08-17 02:38:00+00:00,0.0009162303664922433,-0.0008931045319804764,0.0018093348984727197,9.046674492363598,5
ETH,1,2026-08-17 02:32:00+00:00,2026-08-17 02:33:00+00:00,2026-08-17 02:38:00+00:00,-0.0006702554359299118,-0.0016786402485261176,0.0010083848125962058,5.041924062981029,5
LINK,1,2026-08-17 02:32:00+00:00,2026-08-17 02:33:00+00:00,2026-08-17 02:38:00+00:00,-0.0011594813955938532,-0.0024668191388790934,0.0013073377432852404,6.536688716426203,5
SOL,1,2026-08-17 02:32:00+00:00,2026-08-17 02:33:00+00:00,2026-08-17 02:38:00+00:00,0.001329256945367563,0.0001290717737081244,0.0012001851716594385,6.000925858297193,5
XRP,1,2026-08-17 02:32:00+00:00,2026-08-17 02:33:00+00:00,2026-08-17 02:38:00+00:00,-0.00039948067512252106,-0.0015480332164530834,0.0011485525413305624,5.742762706652812,5
ADA,1,2026-08-17 02:52:00+00:00,2026-08-17 02:53:00+00:00,2026-08-17 02:58:00+00:00,0.0005656108597285048,-0.0014321441914062617,0.0019977550511347665,9.988775255673833,5
AVAX,1,2026-08-17 02:52:00+00:00,2026-08-17 02:53:00+00:00,2026-08-17 02:58:00+00:00,-0.0007843137254901489,-0.002326460274423254,0.0015421465489331052,7.710732744665526,5
BNB,1,2026-08-17 02:52:00+00:00,2026-08-17 02:53:00+00:00,2026-08-17 02:58:00+00:00,-0.0008267195767195368,-0.0021179039692363873,0.0012911843925168507,6.455921962584254,5
DOT,1,2026-08-17 02:52:00+00:00,2026-08-17 02:53:00+00:00,2026-08-17 02:58:00+00:00,0.0003921568627449634,-0.0014171780357277563,0.0018093348984727197,9.046674492363598,5
ETH,1,2026-08-17 02:52:00+00:00,2026-08-17 02:53:00+00:00,2026-08-17 02:58:00+00:00,-0.0003309692671394915,-0.0013393540797356973,0.0010083848125962058,5.041924062981029,5
LINK,1,2026-08-17 02:52:00+00:00,2026-08-17 02:53:00+00:00,2026-08-17 02:58:00+00:00,0.0016833245660179408,0.00037598682273270036,0.0013073377432852404,6.536688716426203,5
SOL,1,2026-08-17 02:52:00+00:00,2026-08-17 02:53:00+00:00,2026-08-17 02:58:00+00:00,0.00013248542660293516,-0.0010676997450565033,0.0012001851716594385,6.000925858297193,5
XRP,1,2026-08-17 02:52:00+00:00,2026-08-17 02:53:00+00:00,2026-08-17 02:58:00+00:00,-0.000299251870324202,-0.0014478044116547643,0.0011485525413305624,5.742762706652812,5
ADA,1,2026-08-17 04:00:00+00:00,2026-08-17 04:01:00+00:00,2026-08-17 04:06:00+00:00,-0.0005643340857787171,-0.0025620891369134836,0.0019977550511347665,9.988775255673833,5
AVAX,1,2026-08-17 04:00:00+00:00,2026-08-17 04:01:00+00:00,2026-08-17 04:06:00+00:00,-0.00015705983979896754,-0.0016992063887320728,0.0015421465489331052,7.710732744665526,5
BNB,1,2026-08-17 04:00:00+00:00,2026-08-17 04:01:00+00:00,2026-08-17 04:06:00+00:00,-0.00033057851239681746,-0.0016217629049136682,0.0012911843925168507,6.455921962584254,5
DOT,1,2026-08-17 04:00:00+00:00,2026-08-17 04:01:00+00:00,2026-08-17 04:06:00+00:00,0.0,-0.0018093348984727197,0.0018093348984727197,9.046674492363598,5
ETH,1,2026-08-17 04:00:00+00:00,2026-08-17 04:01:00+00:00,2026-08-17 04:06:00+00:00,0.00023662416195602276,-0.000771760650640183,0.0010083848125962058,5.041924062981029,5
LINK,1,2026-08-17 04:00:00+00:00,2026-08-17 04:01:00+00:00,2026-08-17 04:06:00+00:00,-0.0007371524852569644,-0.0020444902285422046,0.0013073377432852404,6.536688716426203,5
SOL,1,2026-08-17 04:00:00+00:00,2026-08-17 04:01:00+00:00,2026-08-17 04:06:00+00:00,0.0,-0.0012001851716594385,0.0012001851716594385,6.000925858297193,5
XRP,1,2026-08-17 04:00:00+00:00,2026-08-17 04:01:00+00:00,2026-08-17 04:06:00+00:00,-0.0003989626969878035,-0.0015475152383183659,0.0011485525413305624,5.742762706652812,5
ADA,-1,2026-08-17 05:07:00+00:00,2026-08-17 05:08:00+00:00,2026-08-17 05:13:00+00:00,-0.0,-0.0019977550511347665,0.0019977550511347665,9.988775255673833,5
AVAX,-1,2026-08-17 05:07:00+00:00,2026-08-17 05:08:00+00:00,2026-08-17 05:13:00+00:00,0.0009413241292750563,-0.000600822419658049,0.0015421465489331052,7.710732744665526,5
BNB,-1,2026-08-17 05:07:00+00:00,2026-08-17 05:08:00+00:00,2026-08-17 05:13:00+00:00,-0.0,-0.0012911843925168507,0.0012911843925168507,6.455921962584254,5
DOT,-1,2026-08-17 05:07:00+00:00,2026-08-17 05:08:00+00:00,2026-08-17 05:13:00+00:00,0.0015639254528867497,-0.00024540944558597007,0.0018093348984727197,9.046674492363598,5
ETH,-1,2026-08-17 05:07:00+00:00,2026-08-17 05:08:00+00:00,2026-08-17 05:13:00+00:00,0.0004947055975411674,-0.0005136792150550384,0.0010083848125962058,5.041924062981029,5
LINK,-1,2026-08-17 05:07:00+00:00,2026-08-17 05:08:00+00:00,2026-08-17 05:13:00+00:00,0.0013759525825571828,6.861483927194235e-05,0.0013073377432852404,6.536688716426203,5
SOL,-1,2026-08-17 05:07:00+00:00,2026-08-17 05:08:00+00:00,2026-08-17 05:13:00+00:00,-0.0,-0.0012001851716594385,0.0012001851716594385,6.000925858297193,5
XRP,-1,2026-08-17 05:07:00+00:00,2026-08-17 05:08:00+00:00,2026-08-17 05:13:00+00:00,-0.0,-0.0011485525413305624,0.0011485525413305624,5.742762706652812,5
ADA,1,2026-08-17 10:29:00+00:00,2026-08-17 10:30:00+00:00,2026-08-17 10:35:00+00:00,0.0,-0.0019977550511347665,0.0019977550511347665,9.988775255673833,5
AVAX,1,2026-08-17 10:29:00+00:00,2026-08-17 10:30:00+00:00,2026-08-17 10:35:00+00:00,0.00015770383220292672,-0.0013844427167301785,0.0015421465489331052,7.710732744665526,5
BNB,1,2026-08-17 10:29:00+00:00,2026-08-17 10:30:00+00:00,2026-08-17 10:35:00+00:00,0.00016545334215756213,-0.0011257310503592886,0.0012911843925168507,6.455921962584254,5
DOT,1,2026-08-17 10:29:00+00:00,2026-08-17 10:30:00+00:00,2026-08-17 10:35:00+00:00,0.0010542962572483994,-0.0007550386412243204,0.0018093348984727197,9.046674492363598,5
ETH,1,2026-08-17 10:29:00+00:00,2026-08-17 10:30:00+00:00,2026-08-17 10:35:00+00:00,0.0011536881143785482,0.00014530330178234244,0.0010083848125962058,5.041924062981029,5
LINK,1,2026-08-17 10:29:00+00:00,2026-08-17 10:30:00+00:00,2026-08-17 10:35:00+00:00,-0.0020101565806178723,-0.0033174943239031125,0.0013073377432852404,6.536688716426203,5
SOL,1,2026-08-17 10:29:00+00:00,2026-08-17 10:30:00+00:00,2026-08-17 10:35:00+00:00,0.00026497085320609237,-0.0009352143184533461,0.0012001851716594385,6.000925858297193,5
XRP,1,2026-08-17 10:29:00+00:00,2026-08-17 10:30:00+00:00,2026-08-17 10:35:00+00:00,0.00040060090135196624,-0.0007479516399785961,0.0011485525413305624,5.742762706652812,5
ADA,1,2026-08-17 10:44:00+00:00,2026-08-17 10:45:00+00:00,2026-08-17 10:50:00+00:00,0.0,-0.0019977550511347665,0.0019977550511347665,9.988775255673833,5
AVAX,1,2026-08-17 10:44:00+00:00,2026-08-17 10:45:00+00:00,2026-08-17 10:50:00+00:00,-0.0012596441505274836,-0.0028017906994605886,0.0015421465489331052,7.710732744665526,5
BNB,1,2026-08-17 10:44:00+00:00,2026-08-17 10:45:00+00:00,2026-08-17 10:50:00+00:00,-0.001156833581226313,-0.0024480179737431636,0.0012911843925168507,6.455921962584254,5
DOT,1,2026-08-17 10:44:00+00:00,2026-08-17 10:45:00+00:00,2026-08-17 10:50:00+00:00,-0.0010516629420270762,-0.002860997840499796,0.0018093348984727197,9.046674492363598,5
ETH,1,2026-08-17 10:44:00+00:00,2026-08-17 10:45:00+00:00,2026-08-17 10:50:00+00:00,-0.0007080704294053497,-0.0017164552420015555,0.0010083848125962058,5.041924062981029,5
LINK,1,2026-08-17 10:44:00+00:00,2026-08-17 10:45:00+00:00,2026-08-17 10:50:00+00:00,-0.0014725991374775482,-0.0027799368807627884,0.0013073377432852404,6.536688716426203,5
SOL,1,2026-08-17 10:44:00+00:00,2026-08-17 10:45:00+00:00,2026-08-17 10:50:00+00:00,-0.0002641310089803728,-0.0014643161806398113,0.0012001851716594385,6.000925858297193,5
XRP,1,2026-08-17 10:44:00+00:00,2026-08-17 10:45:00+00:00,2026-08-17 10:50:00+00:00,-0.00019970044932593467,-0.001348252990656497,0.0011485525413305624,5.742762706652812,5
ADA,1,2026-08-17 13:31:00+00:00,2026-08-17 13:32:00+00:00,2026-08-17 13:37:00+00:00,0.004022988505747227,0.0020252334546124605,0.0019977550511347665,9.988775255673833,5
AVAX,1,2026-08-17 13:31:00+00:00,2026-08-17 13:32:00+00:00,2026-08-17 13:37:00+00:00,0.0012690355329949554,-0.0002731110159381498,0.0015421465489331052,7.710732744665526,5
BNB,1,2026-08-17 13:31:00+00:00,2026-08-17 13:32:00+00:00,2026-08-17 13:37:00+00:00,0.001322751322751392,3.156693023454132e-05,0.0012911843925168507,6.455921962584254,5
DOT,1,2026-08-17 13:31:00+00:00,2026-08-17 13:32:00+00:00,2026-08-17 13:37:00+00:00,0.0034409740603493777,0.001631639161876658,0.0018093348984727197,9.046674492363598,5
ETH,1,2026-08-17 13:31:00+00:00,2026-08-17 13:32:00+00:00,2026-08-17 13:37:00+00:00,0.0021602813096246454,0.0011518964970284396,0.0010083848125962058,5.041924062981029,5
LINK,1,2026-08-17 13:31:00+00:00,2026-08-17 13:32:00+00:00,2026-08-17 13:37:00+00:00,0.0011544920235095901,-0.0001528457197756503,0.0013073377432852404,6.536688716426203,5
SOL,1,2026-08-17 13:31:00+00:00,2026-08-17 13:32:00+00:00,2026-08-17 13:37:00+00:00,0.00291545189504383,0.0017152667233843917,0.0012001851716594385,6.000925858297193,5
XRP,1,2026-08-17 13:31:00+00:00,2026-08-17 13:32:00+00:00,2026-08-17 13:37:00+00:00,0.003000300030002956,0.0018517474886723935,0.0011485525413305624,5.742762706652812,5
ADA,1,2026-08-17 14:51:00+00:00,2026-08-17 14:52:00+00:00,2026-08-17 14:57:00+00:00,-0.0011467889908257645,-0.003144544041960531,0.0019977550511347665,9.988775255673833,5
AVAX,1,2026-08-17 14:51:00+00:00,2026-08-17 14:52:00+00:00,2026-08-17 14:57:00+00:00,-0.0011060199083583466,-0.0026481664572914516,0.0015421465489331052,7.710732744665526,5
BNB,1,2026-08-17 14:51:00+00:00,2026-08-17 14:52:00+00:00,2026-08-17 14:57:00+00:00,-0.0006591957811469262,-0.001950380173663777,0.0012911843925168507,6.455921962584254,5
DOT,1,2026-08-17 14:51:00+00:00,2026-08-17 14:52:00+00:00,2026-08-17 14:57:00+00:00,0.0009262935027125607,-0.000883041395760159,0.0018093348984727197,9.046674492363598,5
ETH,1,2026-08-17 14:51:00+00:00,2026-08-17 14:52:00+00:00,2026-08-17 14:57:00+00:00,-0.0012361586892528642,-0.00224454350184907,0.0010083848125962058,5.041924062981029,5
LINK,1,2026-08-17 14:51:00+00:00,2026-08-17 14:52:00+00:00,2026-08-17 14:57:00+00:00,-0.001989320490001112,-0.003296658233286352,0.0013073377432852404,6.536688716426203,5
SOL,1,2026-08-17 14:51:00+00:00,2026-08-17 14:52:00+00:00,2026-08-17 14:57:00+00:00,-0.00026336581511710033,-0.0014635509867765388,0.0012001851716594385,6.000925858297193,5
XRP,1,2026-08-17 14:51:00+00:00,2026-08-17 14:52:00+00:00,2026-08-17 14:57:00+00:00,-0.0009958175662218016,-0.002144370107552364,0.0011485525413305624,5.742762706652812,5
ADA,1,2026-08-17 15:28:00+00:00,2026-08-17 15:29:00+00:00,2026-08-17 15:34:00+00:00,-0.0017172295363480083,-0.003714984587482775,0.0019977550511347665,9.988775255673833,5
AVAX,1,2026-08-17 15:28:00+00:00,2026-08-17 15:29:00+00:00,2026-08-17 15:34:00+00:00,-0.002053063802905819,-0.003595210351838924,0.0015421465489331052,7.710732744665526,5
BNB,1,2026-08-17 15:28:00+00:00,2026-08-17 15:29:00+00:00,2026-08-17 15:34:00+00:00,-0.0006593044338224496,-0.0019504888263393004,0.0012911843925168507,6.455921962584254,5
DOT,1,2026-08-17 15:28:00+00:00,2026-08-17 15:29:00+00:00,2026-08-17 15:34:00+00:00,-0.0010579211848718018,-0.0028672560833445217,0.0018093348984727197,9.046674492363598,5
ETH,1,2026-08-17 15:28:00+00:00,2026-08-17 15:29:00+00:00,2026-08-17 15:34:00+00:00,-0.0015867945179652843,-0.00259517933056149,0.0010083848125962058,5.041924062981029,5
LINK,1,2026-08-17 15:28:00+00:00,2026-08-17 15:29:00+00:00,2026-08-17 15:34:00+00:00,-0.0005251549207017092,-0.0018324926639869496,0.0013073377432852404,6.536688716426203,5
SOL,1,2026-08-17 15:28:00+00:00,2026-08-17 15:29:00+00:00,2026-08-17 15:34:00+00:00,-0.0014485119831445514,-0.00264869715480399,0.0012001851716594385,6.000925858297193,5
XRP,1,2026-08-17 15:28:00+00:00,2026-08-17 15:29:00+00:00,2026-08-17 15:34:00+00:00,0.0002986560477848954,-0.000849896493545667,0.0011485525413305624,5.742762706652812,5
ADA,1,2026-08-17 17:17:00+00:00,2026-08-17 17:18:00+00:00,2026-08-17 17:23:00+00:00,0.005169442848937278,0.0031716877978025114,0.0019977550511347665,9.988775255673833,5
AVAX,1,2026-08-17 17:17:00+00:00,2026-08-17 17:18:00+00:00,2026-08-17 17:23:00+00:00,0.003328578221588163,0.001786431672655058,0.0015421465489331052,7.710732744665526,5
BNB,1,2026-08-17 17:17:00+00:00,2026-08-17 17:18:00+00:00,2026-08-17 17:23:00+00:00,0.0011541632316571793,-0.00013702116085967148,0.0012911843925168507,6.455921962584254,5
DOT,1,2026-08-17 17:17:00+00:00,2026-08-17 17:18:00+00:00,2026-08-17 17:23:00+00:00,0.004230565838180933,0.002421230939708213,0.0018093348984727197,9.046674492363598,5
ETH,1,2026-08-17 17:17:00+00:00,2026-08-17 17:18:00+00:00,2026-08-17 17:23:00+00:00,0.0028371546642613765,0.0018287698516651707,0.0010083848125962058,5.041924062981029,5
LINK,1,2026-08-17 17:17:00+00:00,2026-08-17 17:18:00+00:00,2026-08-17 17:23:00+00:00,0.00263296471827279,0.0013256269749875496,0.0013073377432852404,6.536688716426203,5
SOL,1,2026-08-17 17:17:00+00:00,2026-08-17 17:18:00+00:00,2026-08-17 17:23:00+00:00,0.0023727919852361,0.0011726068135766616,0.0012001851716594385,6.000925858297193,5
XRP,1,2026-08-17 17:17:00+00:00,2026-08-17 17:18:00+00:00,2026-08-17 17:23:00+00:00,0.0029964043148220654,0.001847851773491503,0.0011485525413305624,5.742762706652812,5
ADA,-1,2026-08-17 17:25:00+00:00,2026-08-17 17:26:00+00:00,2026-08-17 17:31:00+00:00,0.004009163802978222,0.0020114087518434552,0.0019977550511347665,9.988775255673833,5
AVAX,-1,2026-08-17 17:25:00+00:00,2026-08-17 17:26:00+00:00,2026-08-17 17:31:00+00:00,0.0011061946902656272,-0.000435951858667478,0.0015421465489331052,7.710732744665526,5
BNB,-1,2026-08-17 17:25:00+00:00,2026-08-17 17:26:00+00:00,2026-08-17 17:31:00+00:00,0.0008246742536698326,-0.00046651013884701814,0.0012911843925168507,6.455921962584254,5
DOT,-1,2026-08-17 17:25:00+00:00,2026-08-17 17:26:00+00:00,2026-08-17 17:31:00+00:00,0.0019775873434408897,0.00016825244496816998,0.0018093348984727197,9.046674492363598,5
ETH,-1,2026-08-17 17:25:00+00:00,2026-08-17 17:26:00+00:00,2026-08-17 17:31:00+00:00,0.000628703456297286,-0.0003796813562989198,0.0010083848125962058,5.041924062981029,5
LINK,-1,2026-08-17 17:25:00+00:00,2026-08-17 17:26:00+00:00,2026-08-17 17:31:00+00:00,0.00010519671786235474,-0.0012021410254228857,0.0013073377432852404,6.536688716426203,5
SOL,-1,2026-08-17 17:25:00+00:00,2026-08-17 17:26:00+00:00,2026-08-17 17:31:00+00:00,0.0007906179997364537,-0.00040956717192298475,0.0012001851716594385,6.000925858297193,5
XRP,-1,2026-08-17 17:25:00+00:00,2026-08-17 17:26:00+00:00,2026-08-17 17:31:00+00:00,0.0007984031936126845,-0.00035014934771787783,0.0011485525413305624,5.742762706652812,5
ADA,1,2026-08-17 17:45:00+00:00,2026-08-17 17:46:00+00:00,2026-08-17 17:51:00+00:00,0.0005750431282345314,-0.001422711922900235,0.0019977550511347665,9.988775255673833,5
AVAX,1,2026-08-17 17:45:00+00:00,2026-08-17 17:46:00+00:00,2026-08-17 17:51:00+00:00,-0.0017388555169142172,-0.0032810020658473223,0.0015421465489331052,7.710732744665526,5
BNB,1,2026-08-17 17:45:00+00:00,2026-08-17 17:46:00+00:00,2026-08-17 17:51:00+00:00,-0.00033003300330036733,-0.001621217395817218,0.0012911843925168507,6.455921962584254,5
DOT,1,2026-08-17 17:45:00+00:00,2026-08-17 17:46:00+00:00,2026-08-17 17:51:00+00:00,-0.0009254362771019542,-0.002734771175574674,0.0018093348984727197,9.046674492363598,5
ETH,1,2026-08-17 17:45:00+00:00,2026-08-17 17:46:00+00:00,2026-08-17 17:51:00+00:00,-0.0002253267237493084,-0.0012337115363455142,0.0010083848125962058,5.041924062981029,5
LINK,1,2026-08-17 17:45:00+00:00,2026-08-17 17:46:00+00:00,2026-08-17 17:51:00+00:00,-0.0014716703458425018,-0.002779008089127742,0.0013073377432852404,6.536688716426203,5
SOL,1,2026-08-17 17:45:00+00:00,2026-08-17 17:46:00+00:00,2026-08-17 17:51:00+00:00,0.0,-0.0012001851716594385,0.0012001851716594385,6.000925858297193,5
XRP,1,2026-08-17 17:45:00+00:00,2026-08-17 17:46:00+00:00,2026-08-17 17:51:00+00:00,-0.000599221012683615,-0.0017477735540141774,0.0011485525413305624,5.742762706652812,5
ADA,1,2026-08-17 18:23:00+00:00,2026-08-17 18:24:00+00:00,2026-08-17 18:29:00+00:00,-0.0022857142857142243,-0.004283469336848991,0.0019977550511347665,9.988775255673833,5
AVAX,1,2026-08-17 18:23:00+00:00,2026-08-17 18:24:00+00:00,2026-08-17 18:29:00+00:00,-0.0006304176516941373,-0.0021725642006272423,0.0015421465489331052,7.710732744665526,5
BNB,1,2026-08-17 18:23:00+00:00,2026-08-17 18:24:00+00:00,2026-08-17 18:29:00+00:00,-0.0006591957811469262,-0.001950380173663777,0.0012911843925168507,6.455921962584254,5
DOT,1,2026-08-17 18:23:00+00:00,2026-08-17 18:24:00+00:00,2026-08-17 18:29:00+00:00,-0.00026346989856407266,-0.0020728047970367926,0.0018093348984727197,9.046674492363598,5
ETH,1,2026-08-17 18:23:00+00:00,2026-08-17 18:24:00+00:00,2026-08-17 18:29:00+00:00,-0.000816241105064841,-0.0018246259176610468,0.0010083848125962058,5.041924062981029,5
LINK,1,2026-08-17 18:23:00+00:00,2026-08-17 18:24:00+00:00,2026-08-17 18:29:00+00:00,0.00020970955226995436,-0.001097628191015286,0.0013073377432852404,6.536688716426203,5
SOL,1,2026-08-17 18:23:00+00:00,2026-08-17 18:24:00+00:00,2026-08-17 18:29:00+00:00,-0.0011828098304639267,-0.0023829950021233655,0.0012001851716594385,6.000925858297193,5
XRP,1,2026-08-17 18:23:00+00:00,2026-08-17 18:24:00+00:00,2026-08-17 18:29:00+00:00,-0.0011968880909634105,-0.002345440632293973,0.0011485525413305624,5.742762706652812,5
ADA,1,2026-08-18 14:02:00+00:00,2026-08-18 14:03:00+00:00,2026-08-18 14:08:00+00:00,0.0034364261168384758,0.0014386710657037093,0.0019977550511347665,9.988775255673833,5
AVAX,1,2026-08-18 14:02:00+00:00,2026-08-18 14:03:00+00:00,2026-08-18 14:08:00+00:00,0.0007902639481587315,-0.0007518826007743738,0.0015421465489331052,7.710732744665526,5
BNB,1,2026-08-18 14:02:00+00:00,2026-08-18 14:03:00+00:00,2026-08-18 14:08:00+00:00,0.0008327781479013918,-0.0004584062446154589,0.0012911843925168507,6.455921962584254,5
DOT,1,2026-08-18 14:02:00+00:00,2026-08-18 14:03:00+00:00,2026-08-18 14:08:00+00:00,0.0016233766233766378,-0.00018595827509608194,0.0018093348984727197,9.046674492363598,5
ETH,1,2026-08-18 14:02:00+00:00,2026-08-18 14:03:00+00:00,2026-08-18 14:08:00+00:00,0.0006528446124522969,-0.00035554020014390893,0.0010083848125962058,5.041924062981029,5
LINK,1,2026-08-18 14:02:00+00:00,2026-08-18 14:03:00+00:00,2026-08-18 14:08:00+00:00,0.0006366047745356429,-0.0006707329687495975,0.0013073377432852404,6.536688716426203,5
SOL,1,2026-08-18 14:02:00+00:00,2026-08-18 14:03:00+00:00,2026-08-18 14:08:00+00:00,0.0014439485429247334,0.0002437633712652949,0.0012001851716594385,6.000925858297193,5
XRP,1,2026-08-18 14:02:00+00:00,2026-08-18 14:03:00+00:00,2026-08-18 14:08:00+00:00,0.000300510868476378,-0.0008480416728541844,0.0011485525413305624,5.742762706652812,5
ADA,1,2026-08-18 14:19:00+00:00,2026-08-18 14:20:00+00:00,2026-08-18 14:25:00+00:00,0.00401606425702794,0.002018309205893174,0.0019977550511347665,9.988775255673833,5
AVAX,1,2026-08-18 14:19:00+00:00,2026-08-18 14:20:00+00:00,2026-08-18 14:25:00+00:00,0.0006295247088448086,-0.0009126218400882966,0.0015421465489331052,7.710732744665526,5
BNB,1,2026-08-18 14:19:00+00:00,2026-08-18 14:20:00+00:00,2026-08-18 14:25:00+00:00,0.0016619577862722057,0.00037077339375535495,0.0012911843925168507,6.455921962584254,5
DOT,1,2026-08-18 14:19:00+00:00,2026-08-18 14:20:00+00:00,2026-08-18 14:25:00+00:00,0.004177897574124012,0.002368562675651292,0.0018093348984727197,9.046674492363598,5
ETH,1,2026-08-18 14:19:00+00:00,2026-08-18 14:20:00+00:00,2026-08-18 14:25:00+00:00,0.003428313028115415,0.0024199282155192093,0.0010083848125962058,5.041924062981029,5
LINK,1,2026-08-18 14:19:00+00:00,2026-08-18 14:20:00+00:00,2026-08-18 14:25:00+00:00,0.00317729294640956,0.0018699552031243196,0.0013073377432852404,6.536688716426203,5
SOL,1,2026-08-18 14:19:00+00:00,2026-08-18 14:20:00+00:00,2026-08-18 14:25:00+00:00,0.002750491159135615,0.0015503059874761767,0.0012001851716594385,6.000925858297193,5
XRP,1,2026-08-18 14:19:00+00:00,2026-08-18 14:20:00+00:00,2026-08-18 14:25:00+00:00,0.002101050525262549,0.0009524979839319865,0.0011485525413305624,5.742762706652812,5
ADA,1,2026-08-18 14:26:00+00:00,2026-08-18 14:27:00+00:00,2026-08-18 14:32:00+00:00,0.003416856492027165,0.0014191014408923984,0.0019977550511347665,9.988775255673833,5
AVAX,1,2026-08-18 14:26:00+00:00,2026-08-18 14:27:00+00:00,2026-08-18 14:32:00+00:00,0.0009411764705882231,-0.0006009700783448822,0.0015421465489331052,7.710732744665526,5
BNB,1,2026-08-18 14:26:00+00:00,2026-08-18 14:27:00+00:00,2026-08-18 14:32:00+00:00,-0.0003316749585406953,-0.001622859351057546,0.0012911843925168507,6.455921962584254,5
DOT,1,2026-08-18 14:26:00+00:00,2026-08-18 14:27:00+00:00,2026-08-18 14:32:00+00:00,0.001473148520155343,-0.0003361863783173768,0.0018093348984727197,9.046674492363598,5
ETH,1,2026-08-18 14:26:00+00:00,2026-08-18 14:27:00+00:00,2026-08-18 14:32:00+00:00,0.001725147421688833,0.0007167626090926272,0.0010083848125962058,5.041924062981029,5
LINK,1,2026-08-18 14:26:00+00:00,2026-08-18 14:27:00+00:00,2026-08-18 14:32:00+00:00,0.001054407423028314,-0.0002529303202569264,0.0013073377432852404,6.536688716426203,5
SOL,1,2026-08-18 14:26:00+00:00,2026-08-18 14:27:00+00:00,2026-08-18 14:32:00+00:00,0.003123373243102412,0.0019231880714429734,0.0012001851716594385,6.000925858297193,5
XRP,1,2026-08-18 14:26:00+00:00,2026-08-18 14:27:00+00:00,2026-08-18 14:32:00+00:00,0.0004985044865406518,-0.0006500480547899105,0.0011485525413305624,5.742762706652812,5
