instrument,side,signal_time,entry_time,exit_time,entry_open,exit_open,gross,net,fees_slippage,side_cost_bps,bars_held
AVAX,short,2023-01-24 08:00:00+00:00,2023-01-24 12:00:00+00:00,2023-01-24 16:00:00+00:00,18.19,18.23,-0.0021941854086670043,-0.0037317626174512286,0.0015375772087842243,7.710732744665526,1
DOT,short,2023-01-24 08:00:00+00:00,2023-01-24 12:00:00+00:00,2023-01-24 16:00:00+00:00,6.513,6.486,0.004162812210915856,0.002347587565683762,0.0018152246452320941,9.046674492363598,1
ETH,short,2023-01-24 08:00:00+00:00,2023-01-24 12:00:00+00:00,2023-01-24 16:00:00+00:00,1625.63,1620.85,0.002949069932443038,0.0019382209848790577,0.0010108489475639804,5.041924062981029,1
SOL,short,2023-01-24 08:00:00+00:00,2023-01-24 12:00:00+00:00,2023-01-24 16:00:00+00:00,24.455,24.479,-0.000980432207198012,-0.0021787215940839433,0.0011982893868859312,6.000925858297193,1
BNB,long,2023-01-25 04:00:00+00:00,2023-01-25 08:00:00+00:00,2023-01-25 12:00:00+00:00,303.27,300.63,-0.008705114254624502,-0.009984232950432714,0.0012791186958082124,6.455921962584254,1
LINK,long,2023-01-25 04:00:00+00:00,2023-01-25 08:00:00+00:00,2023-01-25 12:00:00+00:00,6.792,6.699,-0.01369257950530034,-0.01498117410841504,0.001288594603114701,6.536688716426203,1
SOL,long,2023-01-25 04:00:00+00:00,2023-01-25 08:00:00+00:00,2023-01-25 12:00:00+00:00,23.242,23.16,-0.0035280956888391612,-0.004723329241575369,0.001195233552736208,6.000925858297193,1
BTC,short,2023-01-27 00:00:00+00:00,2023-01-27 04:00:00+00:00,2023-01-27 08:00:00+00:00,22769.5,23075.1,-0.013243712919987272,-0.014232531034544027,0.0009888181145567554,5.012959217987713,1
ETH,short,2023-01-27 00:00:00+00:00,2023-01-27 04:00:00+00:00,2023-01-27 08:00:00+00:00,1565.87,1585.78,-0.012555335544653157,-0.013550557963982635,0.0009952224193294779,5.041924062981029,1
AVAX,short,2023-01-28 04:00:00+00:00,2023-01-28 08:00:00+00:00,2023-01-28 12:00:00+00:00,20.56,20.44,0.005870841487279677,0.004320836407899709,0.001550005079379968,7.710732744665526,1
SOL,short,2023-01-30 00:00:00+00:00,2023-01-30 04:00:00+00:00,2023-01-30 08:00:00+00:00,25.454,25.373,0.0031923698419580315,0.0019890753234708125,0.001203294518487219,6.000925858297193,1
AVAX,short,2023-01-30 20:00:00+00:00,2023-01-31 00:00:00+00:00,2023-01-31 04:00:00+00:00,19.73,19.66,0.003560528992879064,0.00201408400884473,0.0015464449840343342,7.710732744665526,1
BNB,long,2023-01-31 00:00:00+00:00,2023-01-31 04:00:00+00:00,2023-01-31 08:00:00+00:00,311.6,311.74,0.0004492939666238538,-0.0008416371322069738,0.0012909310988308276,6.455921962584254,1
ADA,short,2023-02-05 12:00:00+00:00,2023-02-05 16:00:00+00:00,2023-02-05 20:00:00+00:00,0.39075,0.38616,0.011886264760720966,0.009866781080982268,0.0020194836797386984,9.988775255673833,1
ADA,short,2023-02-06 20:00:00+00:00,2023-02-07 00:00:00+00:00,2023-02-07 04:00:00+00:00,0.38207,0.38645,-0.011333937119937909,-0.013307078814049134,0.0019731416941112245,9.988775255673833,1
AVAX,short,2023-02-06 20:00:00+00:00,2023-02-07 00:00:00+00:00,2023-02-07 04:00:00+00:00,19.56,19.99,-0.021510755377688873,-0.023018566556548437,0.0015078111788595638,7.710732744665526,1
BNB,short,2023-02-06 20:00:00+00:00,2023-02-07 00:00:00+00:00,2023-02-07 04:00:00+00:00,324.32,326.81,-0.0076191059025121355,-0.008899625930665511,0.0012805200281533757,6.455921962584254,1
BTC,short,2023-02-06 20:00:00+00:00,2023-02-07 00:00:00+00:00,2023-02-07 04:00:00+00:00,22759.9,22882.2,-0.005344765800491147,-0.00634149936701911,0.000996733566527963,5.012959217987713,1
ETH,short,2023-02-06 20:00:00+00:00,2023-02-07 00:00:00+00:00,2023-02-07 04:00:00+00:00,1614.49,1633.31,-0.011522613588357378,-0.012518876864031192,0.0009962632756738143,5.041924062981029,1
LINK,short,2023-02-06 20:00:00+00:00,2023-02-07 00:00:00+00:00,2023-02-07 04:00:00+00:00,6.83,6.935,-0.015140591204037435,-0.016427294003418913,0.0012867027993814784,6.536688716426203,1
XRP,short,2023-02-10 08:00:00+00:00,2023-02-10 12:00:00+00:00,2023-02-10 16:00:00+00:00,0.38301,0.37994,0.008080223193135838,0.006923054625371794,0.0011571685677640442,5.742762706652812,1
XRP,long,2023-02-13 16:00:00+00:00,2023-02-13 20:00:00+00:00,2023-02-14 00:00:00+00:00,0.37135,0.37037,-0.002639019792648578,-0.0037838838128497754,0.0011448640202011973,5.742762706652812,1
BNB,long,2023-02-13 20:00:00+00:00,2023-02-14 00:00:00+00:00,2023-02-14 04:00:00+00:00,294.26,290.87,-0.011520424114728423,-0.012795910071652927,0.0012754859569245047,6.455921962584254,1
AVAX,short,2023-02-16 20:00:00+00:00,2023-02-17 00:00:00+00:00,2023-02-17 04:00:00+00:00,18.59,18.98,-0.020547945205479534,-0.022057240034720205,0.0015092948292406705,7.710732744665526,1
BTC,short,2023-02-16 20:00:00+00:00,2023-02-17 00:00:00+00:00,2023-02-17 04:00:00+00:00,23499.0,23837.2,-0.014187907975768965,-0.015175779922374177,0.0009878719466052122,5.012959217987713,1
ETH,short,2023-02-16 20:00:00+00:00,2023-02-17 00:00:00+00:00,2023-02-17 04:00:00+00:00,1638.27,1663.59,-0.015220096297765662,-0.016212632966957186,0.0009925366691915238,5.041924062981029,1
XRP,short,2023-02-16 20:00:00+00:00,2023-02-17 00:00:00+00:00,2023-02-17 04:00:00+00:00,0.38404,0.39018,-0.015736326823517444,-0.016866156532292176,0.0011298297087747322,5.742762706652812,1
SOL,long,2023-02-20 00:00:00+00:00,2023-02-20 04:00:00+00:00,2023-02-20 08:00:00+00:00,26.177,26.484,0.011727852695114116,0.01051432016043119,0.0012135325346829262,6.000925858297193,1
ADA,long,2023-02-22 20:00:00+00:00,2023-02-23 00:00:00+00:00,2023-02-23 04:00:00+00:00,0.38885,0.39171,0.00735502121640752,0.005344580818216649,0.0020104403981908714,9.988775255673833,1
BTC,long,2023-02-22 20:00:00+00:00,2023-02-23 00:00:00+00:00,2023-02-23 04:00:00+00:00,24187.5,24456.0,0.011100775193798373,0.010087561723314709,0.0010132134704836648,5.012959217987713,1
ETH,long,2023-02-22 20:00:00+00:00,2023-02-23 00:00:00+00:00,2023-02-23 04:00:00+00:00,1642.98,1667.13,0.01469890077785485,0.013676209450153909,0.001022691327700942,5.041924062981029,1
BTC,short,2023-02-23 08:00:00+00:00,2023-02-23 12:00:00+00:00,2023-02-23 16:00:00+00:00,23778.0,23954.5,-0.007368135423406863,-0.00836284139248078,0.0009947059690739168,5.012959217987713,1
DOT,short,2023-02-23 08:00:00+00:00,2023-02-23 12:00:00+00:00,2023-02-23 16:00:00+00:00,7.159,7.208,-0.006798002219755905,-0.008593413005876238,0.0017954107861203328,9.046674492363598,1
ETH,short,2023-02-23 08:00:00+00:00,2023-02-23 12:00:00+00:00,2023-02-23 16:00:00+00:00,1638.0,1656.03,-0.010887483922392693,-0.01188438733042596,0.0009969034080332673,5.041924062981029,1
AVAX,short,2023-02-27 00:00:00+00:00,2023-02-27 04:00:00+00:00,2023-02-27 08:00:00+00:00,18.28,18.11,0.009387078961899498,0.00783165550699727,0.0015554234549022272,7.710732744665526,1
SOL,short,2023-02-27 00:00:00+00:00,2023-02-27 04:00:00+00:00,2023-02-27 08:00:00+00:00,23.031,22.878,0.0066876475216364195,0.005480160538574141,0.001207486983062278,6.000925858297193,1
BTC,long,2023-02-27 12:00:00+00:00,2023-02-27 16:00:00+00:00,2023-02-27 20:00:00+00:00,23559.1,23278.8,-0.011897738029041816,-0.012887904930904415,0.0009901669018625991,5.012959217987713,1
BTC,short,2023-02-28 04:00:00+00:00,2023-02-28 08:00:00+00:00,2023-02-28 12:00:00+00:00,23237.3,23396.7,-0.006812926609308212,-0.0078081889473051724,0.0009952623379969605,5.012959217987713,1
DOT,short,2023-02-28 04:00:00+00:00,2023-02-28 08:00:00+00:00,2023-02-28 12:00:00+00:00,6.446,6.467,-0.0032472552961186896,-0.005049084765789691,0.0018018294696710013,9.046674492363598,1
ETH,short,2023-02-28 04:00:00+00:00,2023-02-28 08:00:00+00:00,2023-02-28 12:00:00+00:00,1619.39,1629.53,-0.006222653157658908,-0.007224258139690631,0.001001604982031723,5.041924062981029,1
BNB,long,2023-02-28 12:00:00+00:00,2023-02-28 16:00:00+00:00,2023-02-28 20:00:00+00:00,304.37,302.11,-0.007425173308801769,-0.008705943578139586,0.0012807702693378165,6.455921962584254,1
SOL,long,2023-02-28 12:00:00+00:00,2023-02-28 16:00:00+00:00,2023-02-28 20:00:00+00:00,22.539,22.203,-0.01490749367762556,-0.01608907803641335,0.0011815843587877906,6.000925858297193,1
XRP,long,2023-03-01 04:00:00+00:00,2023-03-01 08:00:00+00:00,2023-03-01 12:00:00+00:00,0.38218,0.38036,-0.004762153958867699,-0.005904580847513441,0.0011424268886457423,5.742762706652812,1
BNB,short,2023-03-03 00:00:00+00:00,2023-03-03 04:00:00+00:00,2023-03-03 08:00:00+00:00,289.8,290.96,-0.003986802309595694,-0.00527200928560001,0.001285206976004316,6.455921962584254,1
ETH,short,2023-03-03 00:00:00+00:00,2023-03-03 04:00:00+00:00,2023-03-03 08:00:00+00:00,1565.17,1567.8,-0.0016775098864650895,-0.002683695812265463,0.0010061859258003736,5.041924062981029,1
ADA,long,2023-03-05 00:00:00+00:00,2023-03-05 04:00:00+00:00,2023-03-05 08:00:00+00:00,0.3401,0.33889,-0.0035577771243751055,-0.005546438179454993,0.0019886610550798878,9.988775255673833,1
DOT,long,2023-03-05 00:00:00+00:00,2023-03-05 04:00:00+00:00,2023-03-05 08:00:00+00:00,6.001,5.979,-0.0036660556573904213,-0.005467128061844351,0.0018010724044539295,9.046674492363598,1
LINK,long,2023-03-05 00:00:00+00:00,2023-03-05 04:00:00+00:00,2023-03-05 08:00:00+00:00,6.944,6.92,-0.003456221198156695,-0.004758189436910865,0.0013019682387541698,6.536688716426203,1
BTC,long,2023-03-07 00:00:00+00:00,2023-03-07 04:00:00+00:00,2023-03-07 08:00:00+00:00,22455.0,22419.5,-0.0015809396570919398,-0.0025814449142788076,0.0010005052571868678,5.012959217987713,1
ETH,short,2023-03-07 08:00:00+00:00,2023-03-07 12:00:00+00:00,2023-03-07 16:00:00+00:00,1563.87,1560.99,0.0018449829915629934,0.0008352468274450686,0.0010097361641179248,5.041924062981029,1
SOL,short,2023-03-07 08:00:00+00:00,2023-03-07 12:00:00+00:00,2023-03-07 16:00:00+00:00,20.31,20.424,-0.005581668625146974,-0.006774438988238041,0.0011927703630910669,6.000925858297193,1
ADA,long,2023-03-07 16:00:00+00:00,2023-03-07 20:00:00+00:00,2023-03-08 00:00:00+00:00,0.33065,0.33076,0.00033267805836989517,-0.0016637474174970857,0.001996425475866981,9.988775255673833,1
AVAX,short,2023-03-08 04:00:00+00:00,2023-03-08 08:00:00+00:00,2023-03-08 12:00:00+00:00,15.88,16.01,-0.008119925046845777,-0.009648370937612616,0.0015284458907668386,7.710732744665526,1
BTC,short,2023-03-08 04:00:00+00:00,2023-03-08 08:00:00+00:00,2023-03-08 12:00:00+00:00,21966.6,22067.8,-0.004585867191111093,-0.005583361241967344,0.0009974940508562513,5.012959217987713,1
LINK,short,2023-03-08 04:00:00+00:00,2023-03-08 08:00:00+00:00,2023-03-08 12:00:00+00:00,6.79,6.798,-0.0011768167107972793,-0.0024817629544409137,0.0013049462436436343,6.536688716426203,1
XRP,short,2023-03-08 20:00:00+00:00,2023-03-09 00:00:00+00:00,2023-03-09 04:00:00+00:00,0.38922,0.38862,0.0015439246564767917,0.0003942590622283415,0.0011496655942484502,5.742762706652812,1
XRP,long,2023-03-12 20:00:00+00:00,2023-03-13 00:00:00+00:00,2023-03-13 04:00:00+00:00,0.37147,0.36663,-0.013029315960912058,-0.014162253029409433,0.001132937068497375,5.742762706652812,1
DOT,long,2023-03-14 12:00:00+00:00,2023-03-14 16:00:00+00:00,2023-03-14 20:00:00+00:00,6.515,6.345,-0.02609363008442056,-0.02785416017308906,0.0017605300886684994,9.046674492363598,1
AVAX,long,2023-03-17 20:00:00+00:00,2023-03-18 00:00:00+00:00,2023-03-18 04:00:00+00:00,17.65,17.95,0.016997167138810276,0.015430016854933282,0.0015671502838769946,7.710732744665526,1
DOT,long,2023-03-17 20:00:00+00:00,2023-03-18 00:00:00+00:00,2023-03-18 04:00:00+00:00,6.623,6.676,0.008002415823644915,0.006180250328760684,0.0018221654948842314,9.046674492363598,1
LINK,long,2023-03-17 20:00:00+00:00,2023-03-18 00:00:00+00:00,2023-03-18 04:00:00+00:00,7.209,7.249,0.0055486197808294335,0.00423488686379514,0.0013137329170342937,6.536688716426203,1
BTC,short,2023-03-20 00:00:00+00:00,2023-03-20 04:00:00+00:00,2023-03-20 08:00:00+00:00,27273.3,28178.5,-0.03212378231630497,-0.0330936809115564,0.0009698985952514283,5.012959217987713,1
XRP,short,2023-03-22 00:00:00+00:00,2023-03-22 04:00:00+00:00,2023-03-22 08:00:00+00:00,0.45862,0.45588,0.0060103536018250026,0.004855561023566102,0.0011547925782589008,5.742762706652812,1
BTC,short,2023-03-24 20:00:00+00:00,2023-03-25 00:00:00+00:00,2023-03-25 04:00:00+00:00,27455.2,27579.2,-0.004496142020073091,-0.00549372598358111,0.0009975839635080197,5.012959217987713,1
DOT,long,2023-03-26 00:00:00+00:00,2023-03-26 04:00:00+00:00,2023-03-26 08:00:00+00:00,5.968,6.001,0.0055294906166221125,0.00371179542747635,0.0018176951891457627,9.046674492363598,1
SOL,long,2023-03-26 00:00:00+00:00,2023-03-26 04:00:00+00:00,2023-03-26 08:00:00+00:00,20.686,20.776,0.004350768635792424,0.0031460846580539936,0.00120468397773843,6.000925858297193,1
SOL,long,2023-03-29 04:00:00+00:00,2023-03-29 08:00:00+00:00,2023-03-29 12:00:00+00:00,21.209,21.217,0.0003771983591871475,-0.0008227194585638253,0.0011999178177509728,6.000925858297193,1
BTC,short,2023-03-30 12:00:00+00:00,2023-03-30 16:00:00+00:00,2023-03-30 20:00:00+00:00,28299.8,27986.9,0.011180230750815534,0.010166937658752095,0.0010132930920634386,5.012959217987713,1
ETH,short,2023-03-30 12:00:00+00:00,2023-03-30 16:00:00+00:00,2023-03-30 20:00:00+00:00,1789.52,1781.76,0.004355244252873591,0.003342978055047796,0.0010122661978257952,5.041924062981029,1
BTC,long,2023-03-31 12:00:00+00:00,2023-03-31 16:00:00+00:00,2023-03-31 20:00:00+00:00,28497.0,28466.7,-0.0010632698178755229,-0.002064293826573027,0.0010010240086975042,5.012959217987713,1
SOL,long,2023-03-31 12:00:00+00:00,2023-03-31 16:00:00+00:00,2023-03-31 20:00:00+00:00,20.866,20.981,0.00551135819035764,0.004305282125626642,0.0012060760647309987,6.000925858297193,1
BTC,long,2023-04-04 04:00:00+00:00,2023-04-04 08:00:00+00:00,2023-04-04 12:00:00+00:00,28024.7,28280.7,0.009134798945216183,0.008123555558888773,0.0010112433863274095,5.012959217987713,1
LINK,short,2023-04-05 08:00:00+00:00,2023-04-05 12:00:00+00:00,2023-04-05 16:00:00+00:00,7.473,7.296,0.024259868421052655,0.02292168956199836,0.0013381788590542953,6.536688716426203,1
XRP,long,2023-04-06 12:00:00+00:00,2023-04-06 16:00:00+00:00,2023-04-06 20:00:00+00:00,0.50637,0.50714,0.001520627209352865,0.00037098835808868635,0.0011496388512641786,5.742762706652812,1
ADA,long,2023-04-07 12:00:00+00:00,2023-04-07 16:00:00+00:00,2023-04-07 20:00:00+00:00,0.38406,0.38242,-0.004270166119877183,-0.006257405416405515,0.0019872392965283314,9.988775255673833,1
SOL,long,2023-04-07 12:00:00+00:00,2023-04-07 16:00:00+00:00,2023-04-07 20:00:00+00:00,20.533,20.489,-0.002142891930063784,-0.003339786986755078,0.001196895056691294,6.000925858297193,1
SOL,short,2023-04-08 12:00:00+00:00,2023-04-08 16:00:00+00:00,2023-04-08 20:00:00+00:00,20.452,20.199,0.012525372543195301,0.011310883411063566,0.0012144891321317353,6.000925858297193,1
ADA,long,2023-04-09 00:00:00+00:00,2023-04-09 04:00:00+00:00,2023-04-09 08:00:00+00:00,0.38799,0.38602,-0.00507745044975394,-0.0070630785992730205,0.001985628149519081,9.988775255673833,1
BTC,long,2023-04-09 00:00:00+00:00,2023-04-09 04:00:00+00:00,2023-04-09 08:00:00+00:00,28027.7,27908.2,-0.004263639185520085,-0.005261456137677256,0.0009978169521571711,5.012959217987713,1
DOT,long,2023-04-09 00:00:00+00:00,2023-04-09 04:00:00+00:00,2023-04-09 08:00:00+00:00,6.174,6.134,-0.006478781988986104,-0.008274769829368034,0.0017959878403819296,9.046674492363598,1
LINK,long,2023-04-09 00:00:00+00:00,2023-04-09 04:00:00+00:00,2023-04-09 08:00:00+00:00,7.161,7.127,-0.004747940231811132,-0.006048220860657039,0.0013002806288459068,6.536688716426203,1
ADA,short,2023-04-10 00:00:00+00:00,2023-04-10 04:00:00+00:00,2023-04-10 08:00:00+00:00,0.38665,0.38688,-0.0005944995864350933,-0.0025890746368272266,0.0019945750503921333,9.988775255673833,1
BTC,long,2023-04-14 20:00:00+00:00,2023-04-15 00:00:00+00:00,2023-04-15 04:00:00+00:00,30466.0,30386.7,-0.002602901595220919,-0.003602382755079958,0.0009994811598590392,5.012959217987713,1
DOT,short,2023-04-15 00:00:00+00:00,2023-04-15 04:00:00+00:00,2023-04-15 08:00:00+00:00,6.661,6.698,-0.005524037025978035,-0.007321750758382484,0.001797713732404449,9.046674492363598,1
LINK,short,2023-04-15 00:00:00+00:00,2023-04-15 04:00:00+00:00,2023-04-15 08:00:00+00:00,7.647,7.707,-0.007785130400934204,-0.009081442990222177,0.0012963125892879734,6.536688716426203,1
LINK,long,2023-04-17 16:00:00+00:00,2023-04-17 20:00:00+00:00,2023-04-18 00:00:00+00:00,8.24,8.164,-0.009223300970873871,-0.010517734613703533,0.0012944336428296621,6.536688716426203,1
BTC,long,2023-04-18 20:00:00+00:00,2023-04-19 00:00:00+00:00,2023-04-19 04:00:00+00:00,30383.8,30216.7,-0.005499641256195731,-0.0064962196236557634,0.0009965783674600326,5.012959217987713,1
AVAX,short,2023-04-19 04:00:00+00:00,2023-04-19 08:00:00+00:00,2023-04-19 12:00:00+00:00,20.73,19.57,0.05927439959121106,0.05764210185267049,0.0016322977385405668,7.710732744665526,1
BTC,short,2023-04-23 12:00:00+00:00,2023-04-23 16:00:00+00:00,2023-04-23 20:00:00+00:00,27473.9,27464.1,0.000356829461005459,-0.0006456176142684011,0.0010024470752738601,5.012959217987713,1
LINK,long,2023-04-25 08:00:00+00:00,2023-04-25 12:00:00+00:00,2023-04-25 16:00:00+00:00,7.051,7.014,-0.005247482626577815,-0.006547110611409557,0.0012996279848317416,6.536688716426203,1
DOT,long,2023-04-25 20:00:00+00:00,2023-04-26 00:00:00+00:00,2023-04-26 04:00:00+00:00,5.998,5.993,-0.0008336112037345966,-0.002639803816700592,0.0018061926129659955,9.046674492363598,1
BNB,short,2023-04-26 04:00:00+00:00,2023-04-26 08:00:00+00:00,2023-04-26 12:00:00+00:00,336.23,337.74,-0.004470894771125722,-0.005755477097767803,0.0012845823266420808,6.455921962584254,1
SOL,long,2023-04-27 00:00:00+00:00,2023-04-27 04:00:00+00:00,2023-04-27 08:00:00+00:00,21.623,21.675,0.0024048466910233657,0.0012024967792927388,0.0012023499117306269,6.000925858297193,1
AVAX,short,2023-05-01 12:00:00+00:00,2023-05-01 16:00:00+00:00,2023-05-01 20:00:00+00:00,16.83,16.62,0.012635379061371577,0.011074950111284787,0.0015604289500867896,7.710732744665526,1
BTC,long,2023-05-03 20:00:00+00:00,2023-05-04 00:00:00+00:00,2023-05-04 04:00:00+00:00,29038.9,29093.7,0.0018871238235607102,0.0008831432563738417,0.0010039805671868685,5.012959217987713,1
LINK,short,2023-05-06 00:00:00+00:00,2023-05-06 04:00:00+00:00,2023-05-06 08:00:00+00:00,7.16,7.11,0.007032348804500765,0.005716677419629113,0.0013156713848716528,6.536688716426203,1
XRP,short,2023-05-06 00:00:00+00:00,2023-05-06 04:00:00+00:00,2023-05-06 08:00:00+00:00,0.46316,0.46226,0.0019469562583827038,0.0007968280268453309,0.0011501282315373729,5.742762706652812,1
SOL,short,2023-05-07 20:00:00+00:00,2023-05-08 00:00:00+00:00,2023-05-08 04:00:00+00:00,21.659,21.296,0.017045454545454586,0.015825543731440295,0.0012199108140142911,6.000925858297193,1
AVAX,short,2023-05-08 16:00:00+00:00,2023-05-08 20:00:00+00:00,2023-05-09 00:00:00+00:00,15.24,15.4,-0.010389610389610393,-0.011914558789780205,0.0015249484001698121,7.710732744665526,1
LINK,short,2023-05-08 16:00:00+00:00,2023-05-08 20:00:00+00:00,2023-05-09 00:00:00+00:00,6.536,6.582,-0.006988757216651487,-0.008286110254552281,0.0012973530379007947,6.536688716426203,1
SOL,long,2023-05-12 08:00:00+00:00,2023-05-12 12:00:00+00:00,2023-05-12 16:00:00+00:00,20.275,20.285,0.0004932182490753334,-0.0007068387305170232,0.0012000569795923566,6.000925858297193,1
ADA,long,2023-05-12 20:00:00+00:00,2023-05-13 00:00:00+00:00,2023-05-13 04:00:00+00:00,0.37028,0.36683,-0.009317273414713223,-0.011294439888665742,0.0019771664739525185,9.988775255673833,1
XRP,long,2023-05-12 20:00:00+00:00,2023-05-13 00:00:00+00:00,2023-05-13 04:00:00+00:00,0.43054,0.42644,-0.009522924699214896,-0.01065988673086593,0.0011369620316510343,5.742762706652812,1
BNB,long,2023-05-15 00:00:00+00:00,2023-05-15 04:00:00+00:00,2023-05-15 08:00:00+00:00,313.96,315.52,0.004968785832590195,0.0036720230013209676,0.001296762831269227,6.455921962584254,1
BTC,long,2023-05-15 00:00:00+00:00,2023-05-15 04:00:00+00:00,2023-05-15 08:00:00+00:00,27225.0,27409.6,0.006780532598714473,0.005771648397973506,0.001008884200740967,5.012959217987713,1
DOT,long,2023-05-15 00:00:00+00:00,2023-05-15 04:00:00+00:00,2023-05-15 08:00:00+00:00,5.385,5.417,0.005942432683379684,0.0041239910190533635,0.0018184416643263202,9.046674492363598,1
ETH,long,2023-05-15 00:00:00+00:00,2023-05-15 04:00:00+00:00,2023-05-15 08:00:00+00:00,1825.77,1828.91,0.001719822321541109,0.0007102123039397501,0.001009610017601359,5.041924062981029,1
LINK,long,2023-05-15 00:00:00+00:00,2023-05-15 04:00:00+00:00,2023-05-15 08:00:00+00:00,6.626,6.676,0.007546030787805691,0.006229688285777524,0.0013163425020281672,6.536688716426203,1
SOL,long,2023-05-15 00:00:00+00:00,2023-05-15 04:00:00+00:00,2023-05-15 08:00:00+00:00,21.226,21.394,0.007914821445397013,0.006705862509696292,0.0012089589357007213,6.000925858297193,1
XRP,long,2023-05-15 00:00:00+00:00,2023-05-15 04:00:00+00:00,2023-05-15 08:00:00+00:00,0.4278,0.42548,-0.005423094904160819,-0.006564763103101612,0.0011416681989407929,5.742762706652812,1
XRP,short,2023-05-16 00:00:00+00:00,2023-05-16 04:00:00+00:00,2023-05-16 08:00:00+00:00,0.42426,0.426,-0.0040845070422533825,-0.0052277117972773235,0.001143204755023941,5.742762706652812,1
ETH,short,2023-05-17 04:00:00+00:00,2023-05-17 08:00:00+00:00,2023-05-17 12:00:00+00:00,1808.0,1790.61,0.009711774199853807,0.00869410928057568,0.0010176649192781273,5.041924062981029,1
BNB,long,2023-05-17 16:00:00+00:00,2023-05-17 20:00:00+00:00,2023-05-18 00:00:00+00:00,313.83,314.25,0.0013383041774208682,4.6225943062916386e-05,0.0012920782343579518,6.455921962584254,1
DOT,long,2023-05-17 16:00:00+00:00,2023-05-17 20:00:00+00:00,2023-05-18 00:00:00+00:00,5.406,5.417,0.0020347761746208892,0.00022339837913465388,0.0018113777954862353,9.046674492363598,1
ETH,long,2023-05-17 16:00:00+00:00,2023-05-17 20:00:00+00:00,2023-05-18 00:00:00+00:00,1827.73,1822.4,-0.002916185651053449,-0.003921123144475347,0.001004937493421898,5.041924062981029,1
LINK,long,2023-05-22 20:00:00+00:00,2023-05-23 00:00:00+00:00,2023-05-23 04:00:00+00:00,6.532,6.624,0.014084507042253502,0.012759622127343606,0.0013248849149098962,6.536688716426203,1
ADA,short,2023-05-24 12:00:00+00:00,2023-05-24 16:00:00+00:00,2023-05-24 20:00:00+00:00,0.36191,0.36346,-0.004264568315633044,-0.0062518187840439055,0.0019872504684108616,9.988775255673833,1
LINK,short,2023-05-25 00:00:00+00:00,2023-05-25 04:00:00+00:00,2023-05-25 08:00:00+00:00,6.275,6.293,-0.002860320991577958,-0.004163067764260009,0.0013027467726820507,6.536688716426203,1
AVAX,short,2023-05-27 08:00:00+00:00,2023-05-27 12:00:00+00:00,2023-05-27 16:00:00+00:00,14.28,14.36,-0.005571030640668551,-0.007103404271571967,0.0015323736309034164,7.710732744665526,1
AVAX,short,2023-05-28 08:00:00+00:00,2023-05-28 12:00:00+00:00,2023-05-28 16:00:00+00:00,14.48,14.52,-0.0027548209366390353,-0.004291534229421301,0.0015367132927822658,7.710732744665526,1
LINK,long,2023-05-29 20:00:00+00:00,2023-05-30 00:00:00+00:00,2023-05-30 04:00:00+00:00,6.638,6.615,-0.0034648990659836842,-0.0047668559672447985,0.0013019569012611143,6.536688716426203,1
BTC,long,2023-05-31 20:00:00+00:00,2023-06-01 00:00:00+00:00,2023-06-01 04:00:00+00:00,27206.5,26778.3,-0.015738885927995216,-0.016725203655879373,0.0009863177278841562,5.012959217987713,1
ADA,short,2023-06-01 00:00:00+00:00,2023-06-01 04:00:00+00:00,2023-06-01 08:00:00+00:00,0.36519,0.36351,0.0046216060080879195,0.002616620854814844,0.0020049851532730756,9.988775255673833,1
BNB,short,2023-06-03 00:00:00+00:00,2023-06-03 04:00:00+00:00,2023-06-03 08:00:00+00:00,306.23,306.05,0.0005881391929423163,-0.0007029710650138243,0.0012911102579561407,6.455921962584254,1
LINK,short,2023-06-03 00:00:00+00:00,2023-06-03 04:00:00+00:00,2023-06-03 08:00:00+00:00,6.416,6.437,-0.003262389311791236,-0.004564610788752366,0.0013022214769611296,6.536688716426203,1
LINK,short,2023-06-05 12:00:00+00:00,2023-06-05 16:00:00+00:00,2023-06-05 20:00:00+00:00,6.089,6.051,0.006279953726656684,0.004965265333716884,0.0013146883929398001,6.536688716426203,1
XRP,long,2023-06-05 20:00:00+00:00,2023-06-06 00:00:00+00:00,2023-06-06 04:00:00+00:00,0.50885,0.50621,-0.005188169401591725,-0.00633010726995098,0.0011419378683592551,5.742762706652812,1
SOL,long,2023-06-06 16:00:00+00:00,2023-06-06 20:00:00+00:00,2023-06-07 00:00:00+00:00,20.586,20.389,-0.009569610414845053,-0.010757597379816297,0.0011879869649712438,6.000925858297193,1
ADA,short,2023-06-07 00:00:00+00:00,2023-06-07 04:00:00+00:00,2023-06-07 08:00:00+00:00,0.34472,0.34099,0.01093873720636962,0.0089211445656725,0.002017592640697119,9.988775255673833,1
LINK,short,2023-06-07 00:00:00+00:00,2023-06-07 04:00:00+00:00,2023-06-07 08:00:00+00:00,6.179,6.179,0.0,-0.0013064837355358794,0.0013064837355358794,6.536688716426203,1
LINK,short,2023-06-09 16:00:00+00:00,2023-06-09 20:00:00+00:00,2023-06-10 00:00:00+00:00,5.934,5.992,-0.009679572763684918,-0.010973410294838115,0.0012938375311531969,6.536688716426203,1
BTC,short,2023-06-12 00:00:00+00:00,2023-06-12 04:00:00+00:00,2023-06-12 08:00:00+00:00,25787.4,25804.5,-0.0006626751148055554,-0.001664100555248682,0.0010014254404431266,5.012959217987713,1
ETH,short,2023-06-12 00:00:00+00:00,2023-06-12 04:00:00+00:00,2023-06-12 08:00:00+00:00,1736.0,1736.77,-0.0004433517391480013,-0.0014507815441261451,0.0010074298049781438,5.041924062981029,1
LINK,short,2023-06-12 00:00:00+00:00,2023-06-12 04:00:00+00:00,2023-06-12 08:00:00+00:00,5.066,5.076,-0.0019700551615444706,-0.0032739650520537955,0.001303909890509325,6.536688716426203,1
XRP,short,2023-06-12 00:00:00+00:00,2023-06-12 04:00:00+00:00,2023-06-12 08:00:00+00:00,0.51413,0.51255,0.0030826260852601095,0.0019311942258992687,0.0011514318593608408,5.742762706652812,1
BNB,long,2023-06-13 20:00:00+00:00,2023-06-14 00:00:00+00:00,2023-06-14 04:00:00+00:00,244.18,250.36,0.0253091981325253,0.023986189022749516,0.0013230091097757857,6.455921962584254,1
ADA,long,2023-06-16 16:00:00+00:00,2023-06-16 20:00:00+00:00,2023-06-17 00:00:00+00:00,0.26387,0.26309,-0.002956001061128588,-0.004945863117724936,0.0019898620565963476,9.988775255673833,1
DOT,long,2023-06-19 20:00:00+00:00,2023-06-20 00:00:00+00:00,2023-06-20 04:00:00+00:00,4.529,4.498,-0.006844778096710025,-0.008640104326099518,0.0017953262293894934,9.046674492363598,1
XRP,short,2023-06-20 00:00:00+00:00,2023-06-20 04:00:00+00:00,2023-06-20 08:00:00+00:00,0.49053,0.48758,0.0060502891833136285,0.0048954507632665845,0.001154838420047044,5.742762706652812,1
ADA,long,2023-06-21 12:00:00+00:00,2023-06-21 16:00:00+00:00,2023-06-21 20:00:00+00:00,0.2822,0.28616,0.01403260099220427,0.012008833737184643,0.002023767255019626,9.988775255673833,1
AVAX,short,2023-06-22 08:00:00+00:00,2023-06-22 12:00:00+00:00,2023-06-22 16:00:00+00:00,12.78,12.73,0.003927729772191579,0.002380718947047722,0.0015470108251438575,7.710732744665526,1
DOT,short,2023-06-22 08:00:00+00:00,2023-06-22 12:00:00+00:00,2023-06-22 16:00:00+00:00,4.823,4.798,0.005210504376823799,0.0033933858189540977,0.0018171185578697013,9.046674492363598,1
ETH,short,2023-06-22 08:00:00+00:00,2023-06-22 12:00:00+00:00,2023-06-22 16:00:00+00:00,1887.26,1877.66,0.0051127467166578455,0.004099717049787621,0.0010130296668702243,5.041924062981029,1
LINK,short,2023-06-22 08:00:00+00:00,2023-06-22 12:00:00+00:00,2023-06-22 16:00:00+00:00,5.623,5.56,0.011330935251798735,0.010009647833647772,0.0013212874181509626,6.536688716426203,1
XRP,long,2023-06-22 16:00:00+00:00,2023-06-22 20:00:00+00:00,2023-06-23 00:00:00+00:00,0.49908,0.49376,-0.010659613689188219,-0.01179527092312549,0.0011356572339372706,5.742762706652812,1
XRP,long,2023-06-23 12:00:00+00:00,2023-06-23 16:00:00+00:00,2023-06-23 20:00:00+00:00,0.49824,0.50092,0.005378933847141942,0.004224866071409927,0.001154067775732015,5.742762706652812,1
DOT,short,2023-06-25 12:00:00+00:00,2023-06-25 16:00:00+00:00,2023-06-25 20:00:00+00:00,5.127,5.131,-0.0007795751315533561,-0.0025858654255017655,0.0018062902939484093,9.046674492363598,1
ETH,long,2023-06-27 00:00:00+00:00,2023-06-27 04:00:00+00:00,2023-06-27 08:00:00+00:00,1871.92,1875.59,0.0019605538698235225,0.0009507012245157931,0.0010098526453077294,5.041924062981029,1
SOL,short,2023-06-27 12:00:00+00:00,2023-06-27 16:00:00+00:00,2023-06-27 20:00:00+00:00,16.397,16.719,-0.01925952509121376,-0.020435889338982216,0.0011763642477684577,6.000925858297193,1
ETH,short,2023-06-28 00:00:00+00:00,2023-06-28 04:00:00+00:00,2023-06-28 08:00:00+00:00,1867.07,1851.12,0.008616405203336397,0.0075998442808917765,0.0010165609224446204,5.041924062981029,1
LINK,short,2023-06-28 00:00:00+00:00,2023-06-28 04:00:00+00:00,2023-06-28 08:00:00+00:00,6.102,5.972,0.021768251841928876,0.020433328239410686,0.0013349236025181899,6.536688716426203,1
SOL,short,2023-06-28 00:00:00+00:00,2023-06-28 04:00:00+00:00,2023-06-28 08:00:00+00:00,16.394,15.958,0.02732171951372342,0.026089482675629716,0.0012322368380937032,6.000925858297193,1
BNB,long,2023-06-28 12:00:00+00:00,2023-06-28 16:00:00+00:00,2023-06-28 20:00:00+00:00,235.05,228.11,-0.029525632844075722,-0.030777885755577716,0.0012522529115019942,6.455921962584254,1
DOT,long,2023-06-29 00:00:00+00:00,2023-06-29 04:00:00+00:00,2023-06-29 08:00:00+00:00,4.918,4.939,0.004270028466856424,0.0024546100068485455,0.0018154184600078782,9.046674492363598,1
SOL,short,2023-07-01 00:00:00+00:00,2023-07-01 04:00:00+00:00,2023-07-01 08:00:00+00:00,18.308,18.433,-0.00678131611783217,-0.007972647545285816,0.0011913314274536457,6.000925858297193,1
BTC,short,2023-07-04 16:00:00+00:00,2023-07-04 20:00:00+00:00,2023-07-05 00:00:00+00:00,30699.7,30767.3,-0.0021971378704013222,-0.0031970256418286658,0.0009998877714273435,5.012959217987713,1
ETH,short,2023-07-04 16:00:00+00:00,2023-07-04 20:00:00+00:00,2023-07-05 00:00:00+00:00,1934.7,1936.69,-0.0010275263464983864,-0.0020343673755309766,0.0010068410290325902,5.041924062981029,1
XRP,short,2023-07-05 08:00:00+00:00,2023-07-05 12:00:00+00:00,2023-07-05 16:00:00+00:00,0.47796,0.47182,0.013013437327794364,0.01185060595641274,0.001162831371381623,5.742762706652812,1
ADA,short,2023-07-06 12:00:00+00:00,2023-07-06 16:00:00+00:00,2023-07-06 20:00:00+00:00,0.28229,0.28371,-0.005005110852631334,-0.006990883374735635,0.001985772522104301,9.988775255673833,1
BNB,short,2023-07-06 12:00:00+00:00,2023-07-06 16:00:00+00:00,2023-07-06 20:00:00+00:00,238.24,237.69,0.0023139383230257327,0.0010206011778290947,0.001293337145196638,6.455921962584254,1
DOT,short,2023-07-06 12:00:00+00:00,2023-07-06 16:00:00+00:00,2023-07-06 20:00:00+00:00,5.142,5.099,0.008433026083545903,0.006610082174696608,0.001822943908849295,9.046674492363598,1
ETH,short,2023-07-06 12:00:00+00:00,2023-07-06 16:00:00+00:00,2023-07-06 20:00:00+00:00,1888.36,1885.61,0.0014584139880462477,0.0004490674378001547,0.001009346550246093,5.041924062981029,1
AVAX,long,2023-07-09 00:00:00+00:00,2023-07-09 04:00:00+00:00,2023-07-09 08:00:00+00:00,14.06,13.94,-0.008534850640113834,-0.010062657147820064,0.0015278065077062308,7.710732744665526,1
BNB,short,2023-07-09 04:00:00+00:00,2023-07-09 08:00:00+00:00,2023-07-09 12:00:00+00:00,234.52,234.67,-0.0006391954659733523,-0.0019287220309935904,0.001289526565020238,6.455921962584254,1
DOT,long,2023-07-10 08:00:00+00:00,2023-07-10 12:00:00+00:00,2023-07-10 16:00:00+00:00,5.09,5.11,0.003929273084479545,0.0021144706078168873,0.001814802476662658,9.046674492363598,1
SOL,long,2023-07-10 12:00:00+00:00,2023-07-10 16:00:00+00:00,2023-07-10 20:00:00+00:00,21.144,21.578,0.020525917517971948,0.019301832009110953,0.0012240855088609948,6.000925858297193,1
XRP,short,2023-07-11 00:00:00+00:00,2023-07-11 04:00:00+00:00,2023-07-11 08:00:00+00:00,0.47609,0.47646,-0.0007765604667757664,-0.0019235623916208366,0.0011470019248450702,5.742762706652812,1
SOL,long,2023-07-13 08:00:00+00:00,2023-07-13 12:00:00+00:00,2023-07-13 16:00:00+00:00,22.414,24.075,0.07410546979566335,0.07281711746869557,0.0012883523269677788,6.000925858297193,1
XRP,short,2023-07-14 00:00:00+00:00,2023-07-14 04:00:00+00:00,2023-07-14 08:00:00+00:00,0.7832,0.77068,0.016245393678310016,0.015078852365779882,0.0011665413125301338,5.742762706652812,1
XRP,short,2023-07-14 16:00:00+00:00,2023-07-14 20:00:00+00:00,2023-07-15 00:00:00+00:00,0.69948,0.71767,-0.025345911073334615,-0.026464710004411862,0.0011187989310772473,5.742762706652812,1
AVAX,short,2023-07-18 04:00:00+00:00,2023-07-18 08:00:00+00:00,2023-07-18 12:00:00+00:00,14.0,13.84,0.011560693641618602,0.010001920737010339,0.0015587729046082632,7.710732744665526,1
BTC,short,2023-07-18 04:00:00+00:00,2023-07-18 08:00:00+00:00,2023-07-18 12:00:00+00:00,29969.1,29888.1,0.0027101087054715034,0.0017053034337755069,0.0010048052716959965,5.012959217987713,1
ETH,short,2023-07-18 04:00:00+00:00,2023-07-18 08:00:00+00:00,2023-07-18 12:00:00+00:00,1899.13,1894.71,0.0023328108259312863,0.0013225829915302079,0.0010102278344010784,5.041924062981029,1
AVAX,long,2023-07-19 00:00:00+00:00,2023-07-19 04:00:00+00:00,2023-07-19 08:00:00+00:00,14.01,13.98,-0.0021413276231262435,-0.0036789862835570064,0.001537658660430763,7.710732744665526,1
AVAX,long,2023-07-20 04:00:00+00:00,2023-07-20 08:00:00+00:00,2023-07-20 12:00:00+00:00,14.26,14.25,-0.0007012622720897754,-0.002241140013257925,0.0015398777411681497,7.710732744665526,1
BTC,long,2023-07-20 04:00:00+00:00,2023-07-20 08:00:00+00:00,2023-07-20 12:00:00+00:00,30203.0,30279.9,0.0025461046915868923,0.0015414637665913666,0.0010046409249955257,5.012959217987713,1
ETH,long,2023-07-20 04:00:00+00:00,2023-07-20 08:00:00+00:00,2023-07-20 12:00:00+00:00,1912.6,1920.85,0.004313499947715238,0.003301275822999772,0.0010122241247154662,5.041924062981029,1
LINK,long,2023-07-20 04:00:00+00:00,2023-07-20 08:00:00+00:00,2023-07-20 12:00:00+00:00,7.431,8.326,0.12044139415960164,0.11897755570151092,0.001463838458090727,6.536688716426203,1
LINK,long,2023-07-20 20:00:00+00:00,2023-07-21 00:00:00+00:00,2023-07-21 04:00:00+00:00,8.359,8.292,-0.008015312836463728,-0.009311324696143597,0.0012960118596798686,6.536688716426203,1
BTC,short,2023-07-24 00:00:00+00:00,2023-07-24 04:00:00+00:00,2023-07-24 08:00:00+00:00,29723.8,29832.6,-0.0036470170216473807,-0.0046454518844007975,0.0009984348627534168,5.012959217987713,1
ETH,short,2023-07-24 00:00:00+00:00,2023-07-24 04:00:00+00:00,2023-07-24 08:00:00+00:00,1868.73,1875.25,-0.00347686975069994,-0.004481242143710373,0.0010043723930104331,5.041924062981029,1
XRP,long,2023-07-24 16:00:00+00:00,2023-07-24 20:00:00+00:00,2023-07-25 00:00:00+00:00,0.70357,0.70197,-0.002274116292621975,-0.003419399183118177,0.001145282890496202,5.742762706652812,1
BNB,short,2023-07-25 04:00:00+00:00,2023-07-25 08:00:00+00:00,2023-07-25 12:00:00+00:00,237.19,237.98,-0.0033196066896377108,-0.004605674582412123,0.0012860678927744118,6.455921962584254,1
XRP,long,2023-07-25 12:00:00+00:00,2023-07-25 16:00:00+00:00,2023-07-25 20:00:00+00:00,0.69974,0.70044,0.001000371566581837,-0.0001486700866983881,0.001149041653280225,5.742762706652812,1
BNB,short,2023-07-27 12:00:00+00:00,2023-07-27 16:00:00+00:00,2023-07-27 20:00:00+00:00,240.64,240.1,0.002249062890462339,0.0009558094573676179,0.001293253433094721,6.455921962584254,1
DOT,short,2023-07-28 04:00:00+00:00,2023-07-28 08:00:00+00:00,2023-07-28 12:00:00+00:00,5.177,5.225,-0.00918660287081341,-0.010977695784655905,0.0017910929138424958,9.046674492363598,1
AVAX,long,2023-07-28 12:00:00+00:00,2023-07-28 16:00:00+00:00,2023-07-28 20:00:00+00:00,13.21,13.22,0.0007570022710068347,-0.0007851225950958884,0.0015421248661027231,7.710732744665526,1
SOL,long,2023-07-28 12:00:00+00:00,2023-07-28 16:00:00+00:00,2023-07-28 20:00:00+00:00,25.233,25.04,-0.00764871398565381,-0.008839004999393163,0.001190291013739353,6.000925858297193,1
ADA,short,2023-07-29 08:00:00+00:00,2023-07-29 12:00:00+00:00,2023-07-29 16:00:00+00:00,0.30902,0.31072,-0.005471163748712593,-0.007456006140376115,0.0019848423916635216,9.988775255673833,1
LINK,long,2023-07-31 00:00:00+00:00,2023-07-31 04:00:00+00:00,2023-07-31 08:00:00+00:00,7.616,7.603,-0.0017069327731091821,-0.003011186428739543,0.0013042536556303608,6.536688716426203,1
SOL,long,2023-07-31 00:00:00+00:00,2023-07-31 04:00:00+00:00,2023-07-31 08:00:00+00:00,24.635,24.497,-0.005601786076720128,-0.006794532309624457,0.0011927462329043292,6.000925858297193,1
ADA,short,2023-07-31 04:00:00+00:00,2023-07-31 08:00:00+00:00,2023-07-31 12:00:00+00:00,0.3124,0.31358,-0.0037629950889725983,-0.0057512465779334665,0.0019882514889608682,9.988775255673833,1
SOL,long,2023-08-04 04:00:00+00:00,2023-08-04 08:00:00+00:00,2023-08-04 12:00:00+00:00,22.974,22.914,-0.002611647949856355,-0.003807980749929385,0.00119633280007303,6.000925858297193,1
ADA,long,2023-08-09 04:00:00+00:00,2023-08-09 08:00:00+00:00,2023-08-09 12:00:00+00:00,0.29937,0.29847,-0.0030063132578415086,-0.004996074903291237,0.001989761645449728,9.988775255673833,1
SOL,long,2023-08-09 04:00:00+00:00,2023-08-09 08:00:00+00:00,2023-08-09 12:00:00+00:00,24.571,24.856,0.011599039518131127,0.01038566149039477,0.001213378027736356,6.000925858297193,1
ADA,short,2023-08-10 04:00:00+00:00,2023-08-10 08:00:00+00:00,2023-08-10 12:00:00+00:00,0.29733,0.29726,0.00023548408800366794,-0.0017607474118763733,0.0019962314998800412,9.988775255673833,1
DOT,short,2023-08-10 04:00:00+00:00,2023-08-10 08:00:00+00:00,2023-08-10 12:00:00+00:00,5.015,5.005,0.0019980019980019303,0.00018669067917764792,0.0018113113188242824,9.046674492363598,1
BNB,long,2023-08-11 20:00:00+00:00,2023-08-12 00:00:00+00:00,2023-08-12 04:00:00+00:00,239.86,240.35,0.0020428583340281747,0.0007498709772615353,0.0012929873567666395,6.455921962584254,1
SOL,short,2023-08-13 04:00:00+00:00,2023-08-13 08:00:00+00:00,2023-08-13 12:00:00+00:00,24.772,24.708,0.002590254168690409,0.0013876818671088031,0.0012025723015816059,6.000925858297193,1
LINK,short,2023-08-13 12:00:00+00:00,2023-08-13 16:00:00+00:00,2023-08-13 20:00:00+00:00,7.417,7.54,-0.01631299734748015,-0.017598168417303772,0.0012851710698236207,6.536688716426203,1
XRP,long,2023-08-14 12:00:00+00:00,2023-08-14 16:00:00+00:00,2023-08-14 20:00:00+00:00,0.63183,0.62844,-0.0053653672665116,-0.006507101730622966,0.0011417344641113658,5.742762706652812,1
AVAX,short,2023-08-16 04:00:00+00:00,2023-08-16 08:00:00+00:00,2023-08-16 12:00:00+00:00,11.69,11.64,0.004295532646048095,0.0027479550519919904,0.0015475775940561043,7.710732744665526,1
XRP,short,2023-08-16 04:00:00+00:00,2023-08-16 08:00:00+00:00,2023-08-16 12:00:00+00:00,0.60279,0.60018,0.0043486953913824955,0.003195810219505768,0.0011528851718767275,5.742762706652812,1
AVAX,long,2023-08-18 04:00:00+00:00,2023-08-18 08:00:00+00:00,2023-08-18 12:00:00+00:00,10.94,10.88,-0.005484460694698212,-0.007016967726283241,0.0015325070315850287,7.710732744665526,1
ETH,short,2023-08-18 12:00:00+00:00,2023-08-18 16:00:00+00:00,2023-08-18 20:00:00+00:00,1660.67,1657.79,0.0017372526073871075,0.0007276250222076897,0.0010096275851794179,5.041924062981029,1
LINK,short,2023-08-18 12:00:00+00:00,2023-08-18 16:00:00+00:00,2023-08-18 20:00:00+00:00,6.165,6.134,0.005053798500163076,0.003740712059083773,0.001313086441079303,6.536688716426203,1
SOL,short,2023-08-18 12:00:00+00:00,2023-08-18 16:00:00+00:00,2023-08-18 20:00:00+00:00,21.609,21.286,0.015174292962510494,0.013956626542037887,0.0012176664204726073,6.000925858297193,1
LINK,short,2023-08-22 00:00:00+00:00,2023-08-22 04:00:00+00:00,2023-08-22 08:00:00+00:00,6.14,6.198,-0.009357857373346379,-0.01065211522042464,0.0012942578470782617,6.536688716426203,1
BNB,long,2023-08-23 16:00:00+00:00,2023-08-23 20:00:00+00:00,2023-08-24 00:00:00+00:00,217.76,216.53,-0.005648420279206423,-0.006931483184217546,0.001283062905011123,6.455921962584254,1
BNB,long,2023-08-24 20:00:00+00:00,2023-08-25 00:00:00+00:00,2023-08-25 04:00:00+00:00,219.12,217.09,-0.009264330047462632,-0.01054272715841642,0.0012783971109537884,6.455921962584254,1
BTC,long,2023-08-24 20:00:00+00:00,2023-08-25 00:00:00+00:00,2023-08-25 04:00:00+00:00,26176.1,26107.9,-0.0026054301442918204,-0.0036049087703184934,0.000999478626026673,5.012959217987713,1
ETH,long,2023-08-24 20:00:00+00:00,2023-08-25 00:00:00+00:00,2023-08-25 04:00:00+00:00,1660.8,1655.21,-0.0033658477842003487,-0.004370332073658334,0.0010044842894579853,5.041924062981029,1
BNB,long,2023-08-28 12:00:00+00:00,2023-08-28 16:00:00+00:00,2023-08-28 20:00:00+00:00,218.31,217.71,-0.0027483853236223155,-0.004035190292658641,0.001286804969036326,6.455921962584254,1
DOT,long,2023-08-28 12:00:00+00:00,2023-08-28 16:00:00+00:00,2023-08-28 20:00:00+00:00,4.565,4.58,0.003285870755750153,0.0014722313571757795,0.0018136393985743737,9.046674492363598,1
XRP,long,2023-08-28 12:00:00+00:00,2023-08-28 16:00:00+00:00,2023-08-28 20:00:00+00:00,0.52002,0.52141,0.0026729741163802334,0.0015220124937835866,0.0011509616225966468,5.742762706652812,1
BTC,short,2023-08-29 04:00:00+00:00,2023-08-29 08:00:00+00:00,2023-08-29 12:00:00+00:00,26006.6,25977.9,0.0011047852212842102,0.00010158862739606533,0.0010031965938881449,5.012959217987713,1
DOT,short,2023-08-29 04:00:00+00:00,2023-08-29 08:00:00+00:00,2023-08-29 12:00:00+00:00,4.574,4.571,0.0006563115292059774,-0.0011525744163866092,0.0018088859455925865,9.046674492363598,1
ETH,short,2023-08-29 04:00:00+00:00,2023-08-29 08:00:00+00:00,2023-08-29 12:00:00+00:00,1647.51,1642.28,0.0031845970236501486,0.002173510693830538,0.0010110863298196104,5.041924062981029,1
BTC,short,2023-08-30 00:00:00+00:00,2023-08-30 04:00:00+00:00,2023-08-30 08:00:00+00:00,27393.3,27439.9,-0.001698256917845975,-0.0026986446126376906,0.0010003876947917156,5.012959217987713,1
ETH,short,2023-08-30 00:00:00+00:00,2023-08-30 04:00:00+00:00,2023-08-30 08:00:00+00:00,1718.82,1717.99,0.00048312271899142445,-0.0005252408579589085,0.001008363576950333,5.041924062981029,1
AVAX,long,2023-08-31 08:00:00+00:00,2023-08-31 12:00:00+00:00,2023-08-31 16:00:00+00:00,10.461,10.215,-0.02351591626039584,-0.025020637569835857,0.0015047213094400158,7.710732744665526,1
LINK,long,2023-09-01 00:00:00+00:00,2023-09-01 04:00:00+00:00,2023-09-01 08:00:00+00:00,5.967,5.962,-0.0008379420144125627,-0.002143330992335435,0.0013053889779228722,6.536688716426203,1
ADA,short,2023-09-04 08:00:00+00:00,2023-09-04 12:00:00+00:00,2023-09-04 16:00:00+00:00,0.25535,0.25578,-0.0016811322230040338,-0.003673538613783167,0.0019924063907791334,9.988775255673833,1
AVAX,short,2023-09-04 08:00:00+00:00,2023-09-04 12:00:00+00:00,2023-09-04 16:00:00+00:00,9.877,9.853,0.0024358063533949093,0.0008910945201114906,0.0015447118332834187,7.710732744665526,1
LINK,short,2023-09-04 08:00:00+00:00,2023-09-04 12:00:00+00:00,2023-09-04 16:00:00+00:00,6.07,6.017,0.008808376267242846,0.007490384531377403,0.0013179917358654425,6.536688716426203,1
BNB,short,2023-09-05 00:00:00+00:00,2023-09-05 04:00:00+00:00,2023-09-05 08:00:00+00:00,214.38,214.71,-0.0015369568254856025,-0.0028253249629219823,0.0012883681374363798,6.455921962584254,1
ETH,short,2023-09-05 00:00:00+00:00,2023-09-05 04:00:00+00:00,2023-09-05 08:00:00+00:00,1618.24,1624.76,-0.004012900366823446,-0.005016732507092891,0.001003832140269445,5.041924062981029,1
XRP,short,2023-09-05 00:00:00+00:00,2023-09-05 04:00:00+00:00,2023-09-05 08:00:00+00:00,0.50557,0.50464,0.0018428979074192053,0.0006928891237689694,0.001150008783650236,5.742762706652812,1
DOT,long,2023-09-06 20:00:00+00:00,2023-09-07 00:00:00+00:00,2023-09-07 04:00:00+00:00,4.27,4.28,0.0023419203747074846,0.0005299873547948142,0.0018119330199126704,9.046674492363598,1
ETH,short,2023-09-07 08:00:00+00:00,2023-09-07 12:00:00+00:00,2023-09-07 16:00:00+00:00,1627.82,1630.87,-0.001870167456633598,-0.0028761592073679454,0.0010059917507343474,5.041924062981029,1
AVAX,long,2023-09-07 16:00:00+00:00,2023-09-07 20:00:00+00:00,2023-09-08 00:00:00+00:00,9.974,10.095,0.012131542009224061,0.01057188945105314,0.0015596525581709209,7.710732744665526,1
ETH,long,2023-09-08 16:00:00+00:00,2023-09-08 20:00:00+00:00,2023-09-09 00:00:00+00:00,1634.42,1636.27,0.0011319000012235403,0.00012288253680048378,0.0010090174644230565,5.041924062981029,1
XRP,short,2023-09-09 00:00:00+00:00,2023-09-09 04:00:00+00:00,2023-09-09 08:00:00+00:00,0.5025,0.50388,-0.002738747320790713,-0.0038834968644272383,0.0011447495436365251,5.742762706652812,1
DOT,short,2023-09-11 00:00:00+00:00,2023-09-11 04:00:00+00:00,2023-09-11 08:00:00+00:00,4.119,4.117,0.00048579062424081165,-0.0013227870707913647,0.0018085776950321764,9.046674492363598,1
BTC,short,2023-09-14 20:00:00+00:00,2023-09-15 00:00:00+00:00,2023-09-15 04:00:00+00:00,26526.6,26610.1,-0.0031379062837043614,-0.004136851320982515,0.0009989450372781539,5.012959217987713,1
DOT,short,2023-09-16 08:00:00+00:00,2023-09-16 12:00:00+00:00,2023-09-16 16:00:00+00:00,4.167,4.152,0.0036127167630057855,0.001798486525057097,0.0018142302379486885,9.046674492363598,1
LINK,short,2023-09-17 04:00:00+00:00,2023-09-17 08:00:00+00:00,2023-09-17 12:00:00+00:00,6.189,6.204,-0.0024177949709863755,-0.0037211198967168624,0.0013033249257304869,6.536688716426203,1
ADA,short,2023-09-17 16:00:00+00:00,2023-09-17 20:00:00+00:00,2023-09-18 00:00:00+00:00,0.24769,0.24702,0.0027123309853454014,0.0007111562897124113,0.00200117469563299,9.988775255673833,1
LINK,long,2023-09-18 00:00:00+00:00,2023-09-18 04:00:00+00:00,2023-09-18 08:00:00+00:00,6.62,6.547,-0.011027190332326353,-0.012319267223044439,0.0012920768907180857,6.536688716426203,1
AVAX,short,2023-09-18 16:00:00+00:00,2023-09-18 20:00:00+00:00,2023-09-19 00:00:00+00:00,9.146,9.104,0.004613356766256738,0.0030652894184666213,0.0015480673477901163,7.710732744665526,1
BNB,short,2023-09-18 16:00:00+00:00,2023-09-18 20:00:00+00:00,2023-09-19 00:00:00+00:00,216.53,215.91,0.002871566856560648,0.0015775101746318132,0.0012940566819288346,6.455921962584254,1
DOT,short,2023-09-18 16:00:00+00:00,2023-09-18 20:00:00+00:00,2023-09-19 00:00:00+00:00,4.126,4.105,0.005115712545675999,0.0032987653429552566,0.0018169472027207423,9.046674492363598,1
ETH,short,2023-09-18 16:00:00+00:00,2023-09-18 20:00:00+00:00,2023-09-19 00:00:00+00:00,1640.75,1636.62,0.0025234935415674453,0.0015130735225101777,0.0010104200190572676,5.041924062981029,1
LINK,short,2023-09-18 16:00:00+00:00,2023-09-18 20:00:00+00:00,2023-09-19 00:00:00+00:00,6.617,6.562,0.00838159097836022,0.007064156830533186,0.0013174341478270346,6.536688716426203,1
SOL,short,2023-09-19 16:00:00+00:00,2023-09-19 20:00:00+00:00,2023-09-20 00:00:00+00:00,19.924,20.022,-0.00489461592248519,-0.006088210381508197,0.0011935944590230063,6.000925858297193,1
XRP,short,2023-09-21 04:00:00+00:00,2023-09-21 08:00:00+00:00,2023-09-21 12:00:00+00:00,0.50968,0.50523,0.008807869683114644,0.007649865854795879,0.0011580038283187655,5.742762706652812,1
SOL,short,2023-09-23 12:00:00+00:00,2023-09-23 16:00:00+00:00,2023-09-23 20:00:00+00:00,19.317,19.467,-0.007705347511172689,-0.008895570594958713,0.001190223083786024,6.000925858297193,1
DOT,short,2023-09-24 16:00:00+00:00,2023-09-24 20:00:00+00:00,2023-09-25 00:00:00+00:00,4.015,3.99,0.006265664160400863,0.004446638190684693,0.0018190259697161704,9.046674492363598,1
XRP,short,2023-09-24 16:00:00+00:00,2023-09-24 20:00:00+00:00,2023-09-25 00:00:00+00:00,0.50645,0.50198,0.008904737240527538,0.007746622218585131,0.0011581150219424075,5.742762706652812,1
AVAX,long,2023-09-25 04:00:00+00:00,2023-09-25 08:00:00+00:00,2023-09-25 12:00:00+00:00,8.865,8.803,-0.006993795826283011,-0.008523977035283403,0.001530181209000392,7.710732744665526,1
DOT,long,2023-09-25 04:00:00+00:00,2023-09-25 08:00:00+00:00,2023-09-25 12:00:00+00:00,4.061,4.028,-0.008126077320857017,-0.009919087346239253,0.0017930100253822356,9.046674492363598,1
SOL,long,2023-09-27 20:00:00+00:00,2023-09-28 00:00:00+00:00,2023-09-28 04:00:00+00:00,19.13,19.209,0.004129639309984334,0.0029252205692171795,0.0012044187407671547,6.000925858297193,1
BNB,short,2023-09-30 20:00:00+00:00,2023-10-01 00:00:00+00:00,2023-10-01 04:00:00+00:00,214.61,215.26,-0.0030196041995724787,-0.004306059200965495,0.0012864550013930165,6.455921962584254,1
AVAX,short,2023-10-01 16:00:00+00:00,2023-10-01 20:00:00+00:00,2023-10-02 00:00:00+00:00,9.5,9.753,-0.025940736183738378,-0.02744172094665287,0.0015009847629144923,7.710732744665526,1
BNB,short,2023-10-01 16:00:00+00:00,2023-10-01 20:00:00+00:00,2023-10-02 00:00:00+00:00,214.18,218.19,-0.018378477473761312,-0.019645114132263664,0.0012666366585023514,6.455921962584254,1
BTC,short,2023-10-02 12:00:00+00:00,2023-10-02 16:00:00+00:00,2023-10-02 20:00:00+00:00,28026.9,27972.9,0.0019304398185386873,0.0009264158448478721,0.0010040239736908152,5.012959217987713,1
AVAX,long,2023-10-03 20:00:00+00:00,2023-10-04 00:00:00+00:00,2023-10-04 04:00:00+00:00,9.413,9.305,-0.011473494103898974,-0.012996772284401104,0.00152327818050213,7.710732744665526,1
SOL,long,2023-10-04 08:00:00+00:00,2023-10-04 12:00:00+00:00,2023-10-04 16:00:00+00:00,23.578,22.703,-0.03711086606158287,-0.03826581824384634,0.001154952182263469,6.000925858297193,1
LINK,short,2023-10-05 12:00:00+00:00,2023-10-05 16:00:00+00:00,2023-10-05 20:00:00+00:00,7.531,7.506,0.003330668798294578,0.002019833598145171,0.0013108352001494072,6.536688716426203,1
ETH,long,2023-10-08 00:00:00+00:00,2023-10-08 04:00:00+00:00,2023-10-08 08:00:00+00:00,1639.47,1628.93,-0.006428906902840481,-0.007430304006538768,0.0010013971036982872,5.041924062981029,1
LINK,long,2023-10-08 00:00:00+00:00,2023-10-08 04:00:00+00:00,2023-10-08 08:00:00+00:00,7.621,7.65,0.003805274898307287,0.0024938196330075435,0.0013114552652997435,6.536688716426203,1
XRP,long,2023-10-09 16:00:00+00:00,2023-10-09 20:00:00+00:00,2023-10-10 00:00:00+00:00,0.5011,0.50266,0.0031131510676511986,0.001961684168866773,0.0011514668987844257,5.742762706652812,1
BNB,long,2023-10-10 16:00:00+00:00,2023-10-10 20:00:00+00:00,2023-10-11 00:00:00+00:00,208.7,208.55,-0.0007187350263535563,-0.002008158957394479,0.0012894239310409228,6.455921962584254,1
ADA,long,2023-10-11 08:00:00+00:00,2023-10-11 12:00:00+00:00,2023-10-11 16:00:00+00:00,0.2474,0.24661,-0.003193209377526318,-0.00518259802289045,0.001989388645364132,9.988775255673833,1
BNB,long,2023-10-11 08:00:00+00:00,2023-10-11 12:00:00+00:00,2023-10-11 16:00:00+00:00,207.65,205.19,-0.011846857693233792,-0.01312192243614918,0.0012750647429153883,6.455921962584254,1
BTC,long,2023-10-11 08:00:00+00:00,2023-10-11 12:00:00+00:00,2023-10-11 16:00:00+00:00,27199.9,26780.1,-0.015433880271618738,-0.01642050364246872,0.0009866233708499816,5.012959217987713,1
ETH,long,2023-10-11 08:00:00+00:00,2023-10-11 12:00:00+00:00,2023-10-11 16:00:00+00:00,1572.93,1559.57,-0.00849370283483697,-0.009493018878930726,0.0009993160440937565,5.041924062981029,1
LINK,long,2023-10-11 08:00:00+00:00,2023-10-11 12:00:00+00:00,2023-10-11 16:00:00+00:00,7.318,7.308,-0.001366493577480199,-0.0026711920113825505,0.0013046984339023515,6.536688716426203,1
ETH,short,2023-10-13 12:00:00+00:00,2023-10-13 16:00:00+00:00,2023-10-13 20:00:00+00:00,1539.38,1545.87,-0.004198283167407224,-0.005201928464680816,0.001003645297273592,5.041924062981029,1
LINK,long,2023-10-13 20:00:00+00:00,2023-10-14 00:00:00+00:00,2023-10-14 04:00:00+00:00,7.257,7.304,0.006476505443020697,0.005161560258460263,0.0013149451845604343,6.536688716426203,1
LINK,long,2023-10-14 12:00:00+00:00,2023-10-14 16:00:00+00:00,2023-10-14 20:00:00+00:00,7.313,7.342,0.003965540817721935,0.0026538761676049294,0.001311664650117006,6.536688716426203,1
DOT,short,2023-10-16 12:00:00+00:00,2023-10-16 16:00:00+00:00,2023-10-16 20:00:00+00:00,3.761,3.782,-0.005552617662612391,-0.0073502797298132805,0.0017976620672008892,9.046674492363598,1
ADA,short,2023-10-17 00:00:00+00:00,2023-10-17 04:00:00+00:00,2023-10-17 08:00:00+00:00,0.24994,0.25066,-0.0028724168195962685,-0.004862445690406392,0.0019900288708101233,9.988775255673833,1
AVAX,short,2023-10-17 00:00:00+00:00,2023-10-17 04:00:00+00:00,2023-10-17 08:00:00+00:00,9.315,9.338,-0.0024630541871920597,-0.004000217080385116,0.0015371628931930559,7.710732744665526,1
DOT,short,2023-10-17 00:00:00+00:00,2023-10-17 04:00:00+00:00,2023-10-17 08:00:00+00:00,3.741,3.749,-0.0021339023739663787,-0.003937744451193104,0.001803842077226725,9.046674492363598,1
DOT,short,2023-10-18 16:00:00+00:00,2023-10-18 20:00:00+00:00,2023-10-19 00:00:00+00:00,3.654,3.651,0.0008216926869351049,-0.0009874922180985735,0.0018091849050336783,9.046674492363598,1
SOL,long,2023-10-19 04:00:00+00:00,2023-10-19 08:00:00+00:00,2023-10-19 12:00:00+00:00,23.844,24.275,0.018075826203656886,0.016854679494508806,0.0012211467091480799,6.000925858297193,1
XRP,short,2023-10-20 20:00:00+00:00,2023-10-21 00:00:00+00:00,2023-10-21 04:00:00+00:00,0.51499,0.5139,0.002121035220860046,0.0009707071652420574,0.0011503280556179885,5.742762706652812,1
LINK,long,2023-10-21 04:00:00+00:00,2023-10-21 08:00:00+00:00,2023-10-21 12:00:00+00:00,7.837,8.06,0.028454765854281083,0.027111106429958065,0.0013436594243230182,6.536688716426203,1
AVAX,long,2023-10-22 16:00:00+00:00,2023-10-22 20:00:00+00:00,2023-10-23 00:00:00+00:00,9.879,10.083,0.02064986334649266,0.01907708440986844,0.0015727789366242195,7.710732744665526,1
LINK,long,2023-10-22 16:00:00+00:00,2023-10-22 20:00:00+00:00,2023-10-23 00:00:00+00:00,9.394,10.194,0.08516074089844583,0.08374299604001978,0.001417744858426051,6.536688716426203,1
AVAX,short,2023-10-23 08:00:00+00:00,2023-10-23 12:00:00+00:00,2023-10-23 16:00:00+00:00,10.019,9.974,0.0045117304992980944,0.0029638197533532473,0.0015479107459448471,7.710732744665526,1
BTC,long,2023-10-23 12:00:00+00:00,2023-10-23 16:00:00+00:00,2023-10-23 20:00:00+00:00,30878.2,31354.4,0.015421883399939107,0.01440433979229283,0.0010175436076462763,5.012959217987713,1
XRP,short,2023-10-24 04:00:00+00:00,2023-10-24 08:00:00+00:00,2023-10-24 12:00:00+00:00,0.54066,0.55246,-0.021359012417188405,-0.02248238788265411,0.0011233754654657035,5.742762706652812,1
AVAX,long,2023-10-24 08:00:00+00:00,2023-10-24 12:00:00+00:00,2023-10-24 16:00:00+00:00,10.659,10.226,-0.040622947743690796,-0.04210130783000088,0.001478360086310082,7.710732744665526,1
LINK,long,2023-10-24 20:00:00+00:00,2023-10-25 00:00:00+00:00,2023-10-25 04:00:00+00:00,10.374,11.342,0.09331019857335643,0.09188180658102474,0.0014283919923316901,6.536688716426203,1
XRP,short,2023-10-25 00:00:00+00:00,2023-10-25 04:00:00+00:00,2023-10-25 08:00:00+00:00,0.55348,0.54412,0.017202087774755404,0.016034448279449887,0.001167639495305517,5.742762706652812,1
ETH,long,2023-10-25 12:00:00+00:00,2023-10-25 16:00:00+00:00,2023-10-25 20:00:00+00:00,1806.19,1790.24,-0.008830743166555077,-0.00982971951556888,0.0009989763490138026,5.041924062981029,1
ADA,long,2023-10-26 00:00:00+00:00,2023-10-26 04:00:00+00:00,2023-10-26 08:00:00+00:00,0.2899,0.29552,0.019385995170748682,0.017351543817573756,0.0020344513531749264,9.988775255673833,1
XRP,long,2023-10-27 12:00:00+00:00,2023-10-27 16:00:00+00:00,2023-10-27 20:00:00+00:00,0.55494,0.54504,-0.01783976646123908,-0.018967181645676456,0.0011274151844373748,5.742762706652812,1
BTC,short,2023-10-30 00:00:00+00:00,2023-10-30 04:00:00+00:00,2023-10-30 08:00:00+00:00,34272.8,34196.1,0.0022429458330044394,0.0012386087003177781,0.0010043371326866612,5.012959217987713,1
BNB,long,2023-10-30 08:00:00+00:00,2023-10-30 12:00:00+00:00,2023-10-30 16:00:00+00:00,228.34,228.64,0.001313830253131254,2.178359873439284e-05,0.0012920466543968612,6.455921962584254,1
ETH,long,2023-10-30 08:00:00+00:00,2023-10-30 12:00:00+00:00,2023-10-30 16:00:00+00:00,1815.87,1819.92,0.002230335872061451,0.0012202113197736786,0.0010101245522877722,5.041924062981029,1
LINK,long,2023-10-31 00:00:00+00:00,2023-10-31 04:00:00+00:00,2023-10-31 08:00:00+00:00,11.481,11.431,-0.004355021339604637,-0.005655815310592449,0.0013007939709878125,6.536688716426203,1
SOL,long,2023-10-31 20:00:00+00:00,2023-11-01 00:00:00+00:00,2023-11-01 04:00:00+00:00,38.401,38.271,-0.0033853285070701844,-0.004580733304098805,0.0011954047970286208,6.000925858297193,1
LINK,short,2023-11-02 04:00:00+00:00,2023-11-02 08:00:00+00:00,2023-11-02 12:00:00+00:00,11.178,11.296,-0.010446175637393695,-0.01173901161436064,0.001292835976966944,6.536688716426203,1
ADA,short,2023-11-03 00:00:00+00:00,2023-11-03 04:00:00+00:00,2023-11-03 08:00:00+00:00,0.31624,0.32299,-0.02089847982909676,-0.022852532976818885,0.0019540531477221235,9.988775255673833,1
BNB,short,2023-11-03 00:00:00+00:00,2023-11-03 04:00:00+00:00,2023-11-03 08:00:00+00:00,229.96,229.87,0.00039152564492983544,-0.0008993309124690763,0.0012908565573989117,6.455921962584254,1
BTC,short,2023-11-03 00:00:00+00:00,2023-11-03 04:00:00+00:00,2023-11-03 08:00:00+00:00,34682.6,34469.9,0.006170601017119193,0.0051623280224122325,0.0010082729947069602,5.012959217987713,1
DOT,short,2023-11-03 00:00:00+00:00,2023-11-03 04:00:00+00:00,2023-11-03 08:00:00+00:00,4.516,4.557,-0.008997147245995207,-0.010788582638681765,0.0017914353926865578,9.046674492363598,1
LINK,short,2023-11-03 00:00:00+00:00,2023-11-03 04:00:00+00:00,2023-11-03 08:00:00+00:00,10.811,11.174,-0.03248612851261856,-0.0337501696496223,0.0012640411370037352,6.536688716426203,1
BNB,short,2023-11-05 12:00:00+00:00,2023-11-05 16:00:00+00:00,2023-11-05 20:00:00+00:00,240.63,243.57,-0.012070452026111567,-0.013345228253777042,0.001274776227665475,6.455921962584254,1
LINK,long,2023-11-05 20:00:00+00:00,2023-11-06 00:00:00+00:00,2023-11-06 04:00:00+00:00,12.23,12.296,0.005396565821749633,0.004083031560739858,0.0013135342610097744,6.536688716426203,1
BTC,long,2023-11-07 16:00:00+00:00,2023-11-07 20:00:00+00:00,2023-11-08 00:00:00+00:00,35468.4,35404.0,-0.0018157007364302258,-0.002815970742004681,0.0010002700055744551,5.012959217987713,1
LINK,long,2023-11-09 08:00:00+00:00,2023-11-09 12:00:00+00:00,2023-11-09 16:00:00+00:00,14.81,15.111,0.020324105334233566,0.01899106848563914,0.0013330368485944266,6.536688716426203,1
SOL,short,2023-11-09 16:00:00+00:00,2023-11-09 20:00:00+00:00,2023-11-10 00:00:00+00:00,44.393,45.279,-0.019567569955166952,-0.020743564713785134,0.0011759947586181818,6.000925858297193,1
XRP,short,2023-11-10 04:00:00+00:00,2023-11-10 08:00:00+00:00,2023-11-10 12:00:00+00:00,0.6541,0.6608,-0.010139225181598155,-0.011275479766033936,0.0011362545844357808,5.742762706652812,1
SOL,short,2023-11-11 04:00:00+00:00,2023-11-11 08:00:00+00:00,2023-11-11 12:00:00+00:00,54.27,55.26,-0.01791530944625397,-0.019093286034153834,0.001177976587899865,6.000925858297193,1
SOL,short,2023-11-11 20:00:00+00:00,2023-11-12 00:00:00+00:00,2023-11-12 04:00:00+00:00,56.39,57.38,-0.017253398396653963,-0.018432168923943282,0.001178770527289319,6.000925858297193,1
LINK,short,2023-11-13 00:00:00+00:00,2023-11-13 04:00:00+00:00,2023-11-13 08:00:00+00:00,15.505,15.292,0.01392885168715674,0.012604170133436954,0.0013246815537197865,6.536688716426203,1
BNB,short,2023-11-13 20:00:00+00:00,2023-11-14 00:00:00+00:00,2023-11-14 04:00:00+00:00,240.8,242.5,-0.007010309278350446,-0.008291614868050634,0.001281305589700188,6.455921962584254,1
ETH,short,2023-11-13 20:00:00+00:00,2023-11-14 00:00:00+00:00,2023-11-14 04:00:00+00:00,2053.95,2055.56,-0.0007832415497480705,-0.0017903287877230056,0.0010070872379749352,5.041924062981029,1
ADA,long,2023-11-14 04:00:00+00:00,2023-11-14 08:00:00+00:00,2023-11-14 12:00:00+00:00,0.3676,0.3568,-0.029379760609357986,-0.031316887143175376,0.0019371265338173904,9.988775255673833,1
DOT,long,2023-11-14 04:00:00+00:00,2023-11-14 08:00:00+00:00,2023-11-14 12:00:00+00:00,5.468,5.294,-0.03182150694952457,-0.03357168275786715,0.00175017580834258,9.046674492363598,1
ADA,short,2023-11-16 12:00:00+00:00,2023-11-16 16:00:00+00:00,2023-11-16 20:00:00+00:00,0.3827,0.3671,0.04249523290656487,0.0404146610257341,0.0020805718808307727,9.988775255673833,1
ETH,long,2023-11-17 20:00:00+00:00,2023-11-18 00:00:00+00:00,2023-11-18 04:00:00+00:00,1960.45,1941.69,-0.009569231553979929,-0.010567463597792592,0.0009982320438126635,5.041924062981029,1
ADA,short,2023-11-20 16:00:00+00:00,2023-11-20 20:00:00+00:00,2023-11-21 00:00:00+00:00,0.3853,0.3804,0.01288117770767605,0.01085970841895234,0.0020214692887237096,9.988775255673833,1
ETH,short,2023-11-20 20:00:00+00:00,2023-11-21 00:00:00+00:00,2023-11-21 04:00:00+00:00,2021.34,2018.85,0.0012333754365108085,0.0002242556973659493,0.0010091197391448592,5.041924062981029,1
ADA,short,2023-11-21 08:00:00+00:00,2023-11-21 12:00:00+00:00,2023-11-21 16:00:00+00:00,0.3786,0.3755,0.008255659121171766,0.006243421264498394,0.002012237856673371,9.988775255673833,1
BNB,long,2023-11-21 12:00:00+00:00,2023-11-21 16:00:00+00:00,2023-11-21 20:00:00+00:00,264.9,240.1,-0.09362023405058506,-0.09478978240678004,0.0011695483561949827,6.455921962584254,1
ADA,long,2023-11-23 20:00:00+00:00,2023-11-24 00:00:00+00:00,2023-11-24 04:00:00+00:00,0.3875,0.395,0.019354838709677358,0.017320449537368887,0.0020343891723084706,9.988775255673833,1
ADA,long,2023-11-25 00:00:00+00:00,2023-11-25 04:00:00+00:00,2023-11-25 08:00:00+00:00,0.3907,0.3929,0.00563091886357836,0.0036239193625369204,0.00200699950104144,9.988775255673833,1
AVAX,short,2023-11-25 08:00:00+00:00,2023-11-25 12:00:00+00:00,2023-11-25 16:00:00+00:00,20.737,20.966,-0.010922445864733454,-0.012446573187624876,0.001524127322891422,7.710732744665526,1
SOL,short,2023-11-25 08:00:00+00:00,2023-11-25 12:00:00+00:00,2023-11-25 16:00:00+00:00,57.78,58.54,-0.012982576016398961,-0.014166469247283597,0.0011838932308846362,6.000925858297193,1
XRP,long,2023-11-26 08:00:00+00:00,2023-11-26 12:00:00+00:00,2023-11-26 16:00:00+00:00,0.6298,0.6219,-0.012543664655446207,-0.013677159199839362,0.0011334945443931543,5.742762706652812,1
ETH,short,2023-11-26 12:00:00+00:00,2023-11-26 16:00:00+00:00,2023-11-26 20:00:00+00:00,2065.04,2057.07,0.00387444277540383,0.0028626611661599632,0.001011781609243867,5.041924062981029,1
BTC,long,2023-11-27 20:00:00+00:00,2023-11-28 00:00:00+00:00,2023-11-28 04:00:00+00:00,37246.0,37135.2,-0.002974816087633614,-0.003973924555884967,0.000999108468251353,5.012959217987713,1
SOL,long,2023-11-27 20:00:00+00:00,2023-11-28 00:00:00+00:00,2023-11-28 04:00:00+00:00,55.04,54.95,-0.0016351744186046124,-0.0028326784648742276,0.0011975040462696152,6.000925858297193,1
XRP,long,2023-11-27 20:00:00+00:00,2023-11-28 00:00:00+00:00,2023-11-28 04:00:00+00:00,0.6038,0.6044,0.0009937065253395883,-0.00015532747718416395,0.0011490340025237522,5.742762706652812,1
AVAX,short,2023-11-28 04:00:00+00:00,2023-11-28 08:00:00+00:00,2023-11-28 12:00:00+00:00,19.72,20.183,-0.022940098102363415,-0.02444570672360613,0.0015056086212427156,7.710732744665526,1
LINK,short,2023-11-28 04:00:00+00:00,2023-11-28 08:00:00+00:00,2023-11-28 12:00:00+00:00,13.983,14.3,-0.022167832167832136,-0.023445353991188744,0.0012775218233566088,6.536688716426203,1
XRP,long,2023-11-30 20:00:00+00:00,2023-12-01 00:00:00+00:00,2023-12-01 04:00:00+00:00,0.6064,0.6104,0.006596306068601621,0.005440840879412212,0.0011554651891894085,5.742762706652812,1
BNB,long,2023-12-03 20:00:00+00:00,2023-12-04 00:00:00+00:00,2023-12-04 04:00:00+00:00,228.2,228.8,0.002629272567922891,0.0013355285307570242,0.001293744037165867,6.455921962584254,1
SOL,short,2023-12-04 08:00:00+00:00,2023-12-04 12:00:00+00:00,2023-12-04 16:00:00+00:00,62.08,60.52,0.025776602775941848,0.02454621925188527,0.0012303835240565775,6.000925858297193,1
ETH,short,2023-12-04 12:00:00+00:00,2023-12-04 16:00:00+00:00,2023-12-04 20:00:00+00:00,2211.94,2235.18,-0.01039737291851206,-0.011394770297981527,0.0009973973794694668,5.041924062981029,1
BNB,long,2023-12-04 16:00:00+00:00,2023-12-04 20:00:00+00:00,2023-12-05 00:00:00+00:00,232.1,233.7,0.006893580353295903,0.005594333860814871,0.001299246492481032,6.455921962584254,1
ADA,short,2023-12-05 04:00:00+00:00,2023-12-05 08:00:00+00:00,2023-12-05 12:00:00+00:00,0.399,0.3993,-0.0007513148009015147,-0.0027455768855213503,0.0019942620846198356,9.988775255673833,1
BNB,short,2023-12-05 04:00:00+00:00,2023-12-05 08:00:00+00:00,2023-12-05 12:00:00+00:00,229.2,230.1,-0.003911342894393766,-0.0051966472395565955,0.0012853043451628299,6.455921962584254,1
BTC,long,2023-12-05 12:00:00+00:00,2023-12-05 16:00:00+00:00,2023-12-05 20:00:00+00:00,42265.9,43834.4,0.03711029458736248,0.03607101725058848,0.0010392773367740027,5.012959217987713,1
ETH,long,2023-12-05 12:00:00+00:00,2023-12-05 16:00:00+00:00,2023-12-05 20:00:00+00:00,2228.77,2273.94,0.020266783921176312,0.019238480854071538,0.0010283030671047744,5.041924062981029,1
SOL,long,2023-12-05 12:00:00+00:00,2023-12-05 16:00:00+00:00,2023-12-05 20:00:00+00:00,60.98,61.43,0.007379468678255119,0.0061711518796654374,0.0012083167985896814,6.000925858297193,1
BNB,short,2023-12-07 08:00:00+00:00,2023-12-07 12:00:00+00:00,2023-12-07 16:00:00+00:00,230.2,232.7,-0.010743446497636477,-0.012019935028679374,0.0012764885310428964,6.455921962584254,1
AVAX,short,2023-12-09 16:00:00+00:00,2023-12-09 20:00:00+00:00,2023-12-10 00:00:00+00:00,32.201,31.921,0.008771655023338987,0.007217179911098048,0.0015544751122409384,7.710732744665526,1
AVAX,short,2023-12-11 04:00:00+00:00,2023-12-11 08:00:00+00:00,2023-12-11 12:00:00+00:00,35.287,36.406,-0.030736691754106427,-0.032230286149204423,0.0014935943950979969,7.710732744665526,1
ADA,long,2023-12-13 08:00:00+00:00,2023-12-13 12:00:00+00:00,2023-12-13 16:00:00+00:00,0.5782,0.6261,0.08284330681425112,0.08068220979971374,0.002161097014537372,9.988775255673833,1
ETH,long,2023-12-14 20:00:00+00:00,2023-12-15 00:00:00+00:00,2023-12-15 04:00:00+00:00,2316.08,2281.05,-0.015124693447549187,-0.016117326271045895,0.0009926328234967086,5.041924062981029,1
DOT,long,2023-12-18 16:00:00+00:00,2023-12-18 20:00:00+00:00,2023-12-19 00:00:00+00:00,6.691,6.883,0.028695262292631973,0.02683569034887956,0.0018595719437524139,9.046674492363598,1
ETH,long,2023-12-18 16:00:00+00:00,2023-12-18 20:00:00+00:00,2023-12-19 00:00:00+00:00,2174.59,2219.32,0.02056939469049346,0.01954078662906067,0.0010286080614327897,5.041924062981029,1
ADA,short,2023-12-22 04:00:00+00:00,2023-12-22 08:00:00+00:00,2023-12-22 12:00:00+00:00,0.615,0.6182,-0.0051763183435781235,-0.007161749176358256,0.001985430832780133,9.988775255673833,1
LINK,long,2023-12-23 08:00:00+00:00,2023-12-23 12:00:00+00:00,2023-12-23 16:00:00+00:00,15.273,15.825,0.0361422117462189,0.03478850879887019,0.0013537029473487117,6.536688716426203,1
SOL,short,2023-12-24 08:00:00+00:00,2023-12-24 12:00:00+00:00,2023-12-24 16:00:00+00:00,110.43,113.62,-0.028076042950184843,-0.02924183208999731,0.0011657891398124676,6.000925858297193,1
DOT,long,2023-12-25 04:00:00+00:00,2023-12-25 08:00:00+00:00,2023-12-25 12:00:00+00:00,9.2,9.146,-0.005869565217391126,-0.007666654338645662,0.001797089121254536,9.046674492363598,1
XRP,long,2023-12-25 20:00:00+00:00,2023-12-26 00:00:00+00:00,2023-12-26 04:00:00+00:00,0.6462,0.6387,-0.01160631383472599,-0.012740884357877458,0.001134570523151468,5.742762706652812,1
ADA,short,2023-12-26 16:00:00+00:00,2023-12-26 20:00:00+00:00,2023-12-27 00:00:00+00:00,0.5899,0.6087,-0.030885493675045228,-0.03281961512473608,0.001934121449690851,9.988775255673833,1
ADA,long,2023-12-27 08:00:00+00:00,2023-12-27 12:00:00+00:00,2023-12-27 16:00:00+00:00,0.6127,0.6207,0.013056960992329003,0.011035140882088124,0.0020218201102408795,9.988775255673833,1
AVAX,long,2023-12-27 08:00:00+00:00,2023-12-27 12:00:00+00:00,2023-12-27 16:00:00+00:00,44.499,43.281,-0.027371401604530554,-0.028870181771608605,0.001498780167078051,7.710732744665526,1
BNB,long,2023-12-27 08:00:00+00:00,2023-12-27 12:00:00+00:00,2023-12-27 16:00:00+00:00,310.5,311.5,0.0032206119162641045,0.0019261048435708084,0.0012945070726932961,6.455921962584254,1
ETH,long,2023-12-27 08:00:00+00:00,2023-12-27 12:00:00+00:00,2023-12-27 16:00:00+00:00,2286.67,2342.84,0.02456410413395904,0.02353146989815924,0.0010326342357998008,5.041924062981029,1
LINK,long,2023-12-27 08:00:00+00:00,2023-12-27 12:00:00+00:00,2023-12-27 16:00:00+00:00,15.463,16.158,0.044946000129341135,0.043580795175658826,0.0013652049536823085,6.536688716426203,1
AVAX,short,2023-12-31 12:00:00+00:00,2023-12-31 16:00:00+00:00,2023-12-31 20:00:00+00:00,39.233,39.35,-0.0029733163913596705,-0.0045096929917449735,0.001536376600385303,7.710732744665526,1
LINK,short,2024-01-02 12:00:00+00:00,2024-01-02 16:00:00+00:00,2024-01-02 20:00:00+00:00,15.365,15.225,0.009195402298850519,0.007876904919769556,0.0013184973790809629,6.536688716426203,1
SOL,short,2024-01-02 12:00:00+00:00,2024-01-02 16:00:00+00:00,2024-01-02 20:00:00+00:00,109.74,107.72,0.01875232083178613,0.01753036269075059,0.0012219581410355396,6.000925858297193,1
XRP,long,2024-01-03 04:00:00+00:00,2024-01-03 08:00:00+00:00,2024-01-03 12:00:00+00:00,0.6322,0.6183,-0.021986713065485608,-0.02310936799756169,0.0011226549320760837,5.742762706652812,1
ETH,short,2024-01-03 08:00:00+00:00,2024-01-03 12:00:00+00:00,2024-01-03 16:00:00+00:00,2308.28,2239.99,0.030486743244389602,0.029448139718931232,0.0010386035254583703,5.041924062981029,1
ETH,long,2024-01-04 00:00:00+00:00,2024-01-04 04:00:00+00:00,2024-01-04 08:00:00+00:00,2230.98,2221.98,-0.004034101605572493,-0.005037912377608422,0.001003810772035929,5.041924062981029,1
SOL,long,2024-01-04 00:00:00+00:00,2024-01-04 04:00:00+00:00,2024-01-04 08:00:00+00:00,101.08,98.9,-0.02156707558369597,-0.022740672004533113,0.0011735964208371419,6.000925858297193,1
XRP,short,2024-01-04 04:00:00+00:00,2024-01-04 08:00:00+00:00,2024-01-04 12:00:00+00:00,0.5743,0.5768,-0.004334257975034617,-0.005477176042627541,0.001142918067592924,5.742762706652812,1
BNB,short,2024-01-05 04:00:00+00:00,2024-01-05 08:00:00+00:00,2024-01-05 12:00:00+00:00,317.5,318.1,-0.0018861993083936213,-0.0031741168003200926,0.0012879174919264713,6.455921962584254,1
BNB,long,2024-01-05 20:00:00+00:00,2024-01-06 00:00:00+00:00,2024-01-06 04:00:00+00:00,317.3,307.3,-0.03151591553734634,-0.03276560028488473,0.0012496847475383932,6.455921962584254,1
ADA,short,2024-01-06 04:00:00+00:00,2024-01-06 08:00:00+00:00,2024-01-06 12:00:00+00:00,0.5179,0.5208,-0.0055683563748080145,-0.007553004793167117,0.001984648418359103,9.988775255673833,1
SOL,short,2024-01-06 04:00:00+00:00,2024-01-06 08:00:00+00:00,2024-01-06 12:00:00+00:00,94.47,94.44,0.00031766200762395336,-0.000882184398334318,0.0011998464059582714,6.000925858297193,1
ADA,short,2024-01-09 00:00:00+00:00,2024-01-09 04:00:00+00:00,2024-01-09 08:00:00+00:00,0.5266,0.5294,-0.005289006422364961,-0.0072742123566127415,0.00198520593424778,9.988775255673833,1
XRP,short,2024-01-09 00:00:00+00:00,2024-01-09 04:00:00+00:00,2024-01-09 08:00:00+00:00,0.5727,0.5716,0.001924422673198034,0.0007743203078127703,0.0011501023653852638,5.742762706652812,1
AVAX,short,2024-01-09 12:00:00+00:00,2024-01-09 16:00:00+00:00,2024-01-09 20:00:00+00:00,35.604,35.071,0.015197741723931513,0.013633364279685534,0.001564377444245979,7.710732744665526,1
BNB,short,2024-01-09 12:00:00+00:00,2024-01-09 16:00:00+00:00,2024-01-09 20:00:00+00:00,300.8,299.6,0.004005340453938633,0.0027098208057159123,0.0012955196482227205,6.455921962584254,1
SOL,short,2024-01-09 12:00:00+00:00,2024-01-09 16:00:00+00:00,2024-01-09 20:00:00+00:00,99.8,99.33,0.0047317024061210855,0.00352656151151276,0.0012051408946083253,6.000925858297193,1
ETH,long,2024-01-09 20:00:00+00:00,2024-01-10 00:00:00+00:00,2024-01-10 04:00:00+00:00,2344.24,2361.6,0.00740538511415223,0.0063900447505766955,0.0010153403635755343,5.041924062981029,1
XRP,long,2024-01-10 12:00:00+00:00,2024-01-10 16:00:00+00:00,2024-01-10 20:00:00+00:00,0.5707,0.5792,0.014893989837042376,0.013728999791972285,0.0011649900450700912,5.742762706652812,1
SOL,long,2024-01-10 20:00:00+00:00,2024-01-11 00:00:00+00:00,2024-01-11 04:00:00+00:00,102.07,100.33,-0.017047124522386548,-0.018226142468047102,0.0011790179456605543,6.000925858297193,1
LINK,short,2024-01-12 16:00:00+00:00,2024-01-12 20:00:00+00:00,2024-01-13 00:00:00+00:00,14.34,14.155,0.013069586718474024,0.011746027780460189,0.0013235589380138357,6.536688716426203,1
BNB,short,2024-01-17 16:00:00+00:00,2024-01-17 20:00:00+00:00,2024-01-18 00:00:00+00:00,308.0,309.3,-0.0042030391205949424,-0.005487967075137878,0.001284927954542936,6.455921962584254,1
BNB,long,2024-01-19 08:00:00+00:00,2024-01-19 12:00:00+00:00,2024-01-19 16:00:00+00:00,313.9,311.4,-0.00796431984708501,-0.009244394427958436,0.0012800745808734248,6.455921962584254,1
SOL,long,2024-01-23 00:00:00+00:00,2024-01-23 04:00:00+00:00,2024-01-23 08:00:00+00:00,85.18,82.82,-0.02770603428034768,-0.028872267232750493,0.0011662329524028126,6.000925858297193,1
BNB,short,2024-01-24 04:00:00+00:00,2024-01-24 08:00:00+00:00,2024-01-24 12:00:00+00:00,293.3,295.2,-0.006436314363143514,-0.0077183606079584965,0.0012820462448149827,6.455921962584254,1
AVAX,long,2024-01-29 00:00:00+00:00,2024-01-29 04:00:00+00:00,2024-01-29 08:00:00+00:00,35.389,34.89,-0.01410042668625855,-0.01561965687304434,0.0015192301867857916,7.710732744665526,1
ETH,long,2024-01-29 00:00:00+00:00,2024-01-29 04:00:00+00:00,2024-01-29 08:00:00+00:00,2271.9,2259.05,-0.005656058805405095,-0.0066582348446539985,0.0010021760392489032,5.041924062981029,1
XRP,long,2024-01-29 00:00:00+00:00,2024-01-29 04:00:00+00:00,2024-01-29 08:00:00+00:00,0.5284,0.525,-0.006434519303557873,-0.007575026495173498,0.001140507191615625,5.742762706652812,1
ADA,long,2024-01-29 12:00:00+00:00,2024-01-29 16:00:00+00:00,2024-01-29 20:00:00+00:00,0.4981,0.5208,0.04557317807669148,0.043486463351299465,0.0020867147253920137,9.988775255673833,1
BTC,long,2024-01-29 12:00:00+00:00,2024-01-29 16:00:00+00:00,2024-01-29 20:00:00+00:00,42649.8,43002.9,0.008279054063559554,0.007268668210192786,0.0010103858533667687,5.012959217987713,1
ETH,long,2024-01-29 12:00:00+00:00,2024-01-29 16:00:00+00:00,2024-01-29 20:00:00+00:00,2276.01,2293.34,0.007614202046563934,0.00659865122127834,0.0010155508252855938,5.041924062981029,1
AVAX,short,2024-01-31 20:00:00+00:00,2024-02-01 00:00:00+00:00,2024-02-01 04:00:00+00:00,33.188,32.894,0.008937800206724855,0.007383069071674964,0.0015547311350498916,7.710732744665526,1
BTC,short,2024-01-31 20:00:00+00:00,2024-02-01 00:00:00+00:00,2024-02-01 04:00:00+00:00,42575.2,42012.3,0.013398457118510398,0.012382941165094863,0.0010155159534155356,5.012959217987713,1
ETH,short,2024-01-31 20:00:00+00:00,2024-02-01 00:00:00+00:00,2024-02-01 04:00:00+00:00,2283.44,2257.25,0.011602613799977846,0.010583043147620153,0.001019570652357693,5.041924062981029,1
SOL,short,2024-01-31 20:00:00+00:00,2024-02-01 00:00:00+00:00,2024-02-01 04:00:00+00:00,96.93,93.64,0.03513455788124742,0.033892949814001705,0.0012416080672457142,6.000925858297193,1
XRP,long,2024-02-01 12:00:00+00:00,2024-02-01 16:00:00+00:00,2024-02-01 20:00:00+00:00,0.4994,0.5095,0.020224269122947502,0.01905316048581973,0.0011711086371277712,5.742762706652812,1
ADA,short,2024-02-02 16:00:00+00:00,2024-02-02 20:00:00+00:00,2024-02-03 00:00:00+00:00,0.5106,0.5145,-0.007580174927113492,-0.009560808235401064,0.0019806333082875716,9.988775255673833,1
BTC,short,2024-02-04 16:00:00+00:00,2024-02-04 20:00:00+00:00,2024-02-05 00:00:00+00:00,42633.5,42590.2,0.0010166658057488842,1.3557515401885212e-05,0.001003108290346999,5.012959217987713,1
ETH,short,2024-02-04 16:00:00+00:00,2024-02-04 20:00:00+00:00,2024-02-05 00:00:00+00:00,2279.55,2290.01,-0.004567665643381513,-0.005570938648683188,0.0010032730053016747,5.041924062981029,1
SOL,short,2024-02-04 16:00:00+00:00,2024-02-04 20:00:00+00:00,2024-02-05 00:00:00+00:00,96.36,95.49,0.009110901665095872,0.00790050807257825,0.0012103935925176224,6.000925858297193,1
ADA,long,2024-02-05 04:00:00+00:00,2024-02-05 08:00:00+00:00,2024-02-05 12:00:00+00:00,0.5021,0.5038,0.003385779725154414,0.001383260986434376,0.0020025187387200383,9.988775255673833,1
AVAX,long,2024-02-05 04:00:00+00:00,2024-02-05 08:00:00+00:00,2024-02-05 12:00:00+00:00,35.565,35.642,0.0021650499086180996,0.0006207552997410382,0.0015442946088770615,7.710732744665526,1
SOL,short,2024-02-07 00:00:00+00:00,2024-02-07 04:00:00+00:00,2024-02-07 08:00:00+00:00,95.54,95.62,-0.000836645053336138,-0.0020351069079354023,0.0011984618545992642,6.000925858297193,1
AVAX,long,2024-02-08 12:00:00+00:00,2024-02-08 16:00:00+00:00,2024-02-08 20:00:00+00:00,36.043,35.513,-0.014704658324778741,-0.0162229574157714,0.0015182990909926586,7.710732744665526,1
BNB,long,2024-02-09 00:00:00+00:00,2024-02-09 04:00:00+00:00,2024-02-09 08:00:00+00:00,320.9,321.0,0.00031162355874103653,-0.0009791298968930828,0.0012907534556341194,6.455921962584254,1
SOL,long,2024-02-09 00:00:00+00:00,2024-02-09 04:00:00+00:00,2024-02-09 08:00:00+00:00,104.39,105.29,0.008621515470830676,0.007411708880111112,0.0012098065907195643,6.000925858297193,1
DOT,long,2024-02-10 16:00:00+00:00,2024-02-10 20:00:00+00:00,2024-02-11 00:00:00+00:00,7.211,7.199,-0.0016641242546110435,-0.0034688155495240514,0.0018046912949130078,9.046674492363598,1
ADA,short,2024-02-11 08:00:00+00:00,2024-02-11 12:00:00+00:00,2024-02-11 16:00:00+00:00,0.5538,0.5427,0.020453289110005546,0.018416707692645806,0.0020365814173597396,9.988775255673833,1
AVAX,short,2024-02-11 12:00:00+00:00,2024-02-11 16:00:00+00:00,2024-02-11 20:00:00+00:00,39.877,39.805,0.001808817987690059,0.0002650723173687197,0.0015437456703213392,7.710732744665526,1
LINK,short,2024-02-13 00:00:00+00:00,2024-02-13 04:00:00+00:00,2024-02-13 08:00:00+00:00,20.106,20.111,-0.00024862015812232574,-0.0015547790754654178,0.001306158917343092,6.536688716426203,1
ETH,long,2024-02-13 08:00:00+00:00,2024-02-13 12:00:00+00:00,2024-02-13 16:00:00+00:00,2681.96,2632.22,-0.018546137899148496,-0.01953532232867705,0.0009891844295285557,5.041924062981029,1
ADA,short,2024-02-13 12:00:00+00:00,2024-02-13 16:00:00+00:00,2024-02-13 20:00:00+00:00,0.5397,0.5395,0.0003707136237256492,-0.0016257877620595718,0.001996501385785221,9.988775255673833,1
AVAX,short,2024-02-13 12:00:00+00:00,2024-02-13 16:00:00+00:00,2024-02-13 20:00:00+00:00,39.444,39.568,-0.003133845531742674,-0.0046699747634074695,0.0015361292316647956,7.710732744665526,1
DOT,short,2024-02-13 12:00:00+00:00,2024-02-13 16:00:00+00:00,2024-02-13 20:00:00+00:00,7.201,7.225,-0.003321799307958506,-0.005123494024454001,0.0018016947164954944,9.046674492363598,1
BNB,long,2024-02-13 20:00:00+00:00,2024-02-14 00:00:00+00:00,2024-02-14 04:00:00+00:00,324.5,325.6,0.003389830508474745,0.002095105084342075,0.00129472542413267,6.455921962584254,1
BTC,long,2024-02-13 20:00:00+00:00,2024-02-14 00:00:00+00:00,2024-02-14 04:00:00+00:00,49688.0,49526.8,-0.0032442440830783292,-0.004243082560364431,0.0009988384772861014,5.012959217987713,1
AVAX,short,2024-02-15 12:00:00+00:00,2024-02-15 16:00:00+00:00,2024-02-15 20:00:00+00:00,41.879,41.686,0.004629851748788605,0.003081758982917071,0.0015480927658715338,7.710732744665526,1
ETH,long,2024-02-15 12:00:00+00:00,2024-02-15 16:00:00+00:00,2024-02-15 20:00:00+00:00,2827.15,2835.25,0.0028650761367454702,0.0018543118445666362,0.001010764292178834,5.041924062981029,1
ADA,short,2024-02-16 04:00:00+00:00,2024-02-16 08:00:00+00:00,2024-02-16 12:00:00+00:00,0.5983,0.5992,-0.0015020026702268208,-0.003494766560876217,0.001992763890649396,9.988775255673833,1
DOT,short,2024-02-17 12:00:00+00:00,2024-02-17 16:00:00+00:00,2024-02-17 20:00:00+00:00,7.462,7.56,-0.012962962962962954,-0.014747229352435887,0.0017842663894729327,9.046674492363598,1
DOT,short,2024-02-19 12:00:00+00:00,2024-02-19 16:00:00+00:00,2024-02-19 20:00:00+00:00,7.738,7.78,-0.005398457583547511,-0.007196398325851172,0.0017979407423036609,9.046674492363598,1
AVAX,short,2024-02-20 12:00:00+00:00,2024-02-20 16:00:00+00:00,2024-02-20 20:00:00+00:00,37.708,38.345,-0.01661233537618989,-0.0181276948162874,0.001515359440097508,7.710732744665526,1
DOT,long,2024-02-20 20:00:00+00:00,2024-02-21 00:00:00+00:00,2024-02-21 04:00:00+00:00,7.731,7.617,-0.01474582848273187,-0.016526871987039837,0.0017810435043079664,9.046674492363598,1
ETH,short,2024-02-21 04:00:00+00:00,2024-02-21 08:00:00+00:00,2024-02-21 12:00:00+00:00,2940.46,2899.97,0.013962213402207713,0.012940264564510251,0.0010219488376974617,5.041924062981029,1
SOL,long,2024-02-24 04:00:00+00:00,2024-02-24 08:00:00+00:00,2024-02-24 12:00:00+00:00,102.28,102.18,-0.000977708251857612,-0.0021760009060336483,0.0011982926541760364,6.000925858297193,1
XRP,long,2024-02-24 04:00:00+00:00,2024-02-24 08:00:00+00:00,2024-02-24 12:00:00+00:00,0.5426,0.546,0.006266126059712551,0.005111039881954271,0.00115508617775828,5.742762706652812,1
BNB,short,2024-02-26 00:00:00+00:00,2024-02-26 04:00:00+00:00,2024-02-26 08:00:00+00:00,383.9,386.3,-0.006212787988610025,-0.007495122660984399,0.0012823346723743745,6.455921962584254,1
ETH,short,2024-02-26 04:00:00+00:00,2024-02-26 08:00:00+00:00,2024-02-26 12:00:00+00:00,3088.56,3057.87,0.01003639788480215,0.009018405784892325,0.0010179920999098258,5.041924062981029,1
ADA,short,2024-02-28 00:00:00+00:00,2024-02-28 04:00:00+00:00,2024-02-28 08:00:00+00:00,0.6174,0.6285,-0.01766109785202863,-0.019621612042157843,0.0019605141901292145,9.988775255673833,1
SOL,short,2024-02-29 20:00:00+00:00,2024-03-01 00:00:00+00:00,2024-03-01 04:00:00+00:00,125.65,134.07,-0.0628030133512344,-0.06392714869225047,0.0011241353410160748,6.000925858297193,1
XRP,long,2024-03-02 20:00:00+00:00,2024-03-03 00:00:00+00:00,2024-03-03 04:00:00+00:00,0.6446,0.6363,-0.012876202295997508,-0.014009315122650023,0.001133112826652516,5.742762706652812,1
AVAX,short,2024-03-03 04:00:00+00:00,2024-03-03 08:00:00+00:00,2024-03-03 12:00:00+00:00,41.853,42.632,-0.018272659035466265,-0.019785459985945497,0.0015128009504792317,7.710732744665526,1
DOT,short,2024-03-03 04:00:00+00:00,2024-03-03 08:00:00+00:00,2024-03-03 12:00:00+00:00,8.941,9.179,-0.025928750408541146,-0.02768957855012255,0.0017608281415814053,9.046674492363598,1
SOL,short,2024-03-04 16:00:00+00:00,2024-03-04 20:00:00+00:00,2024-03-05 00:00:00+00:00,129.62,133.42,-0.02848148703342812,-0.029646789857098677,0.0011653028236705554,6.000925858297193,1
BTC,short,2024-03-05 04:00:00+00:00,2024-03-05 08:00:00+00:00,2024-03-05 12:00:00+00:00,66236.1,66711.5,-0.007126207625371861,-0.008121156027751875,0.0009949484023800137,5.012959217987713,1
DOT,short,2024-03-05 12:00:00+00:00,2024-03-05 16:00:00+00:00,2024-03-05 20:00:00+00:00,10.288,8.91,0.1546576879910213,0.1525704138293409,0.002087274161680419,9.046674492363598,1
AVAX,short,2024-03-06 12:00:00+00:00,2024-03-06 16:00:00+00:00,2024-03-06 20:00:00+00:00,39.808,40.818,-0.024743985496594623,-0.02624681440248189,0.0015028289058872657,7.710732744665526,1
XRP,short,2024-03-06 12:00:00+00:00,2024-03-06 16:00:00+00:00,2024-03-06 20:00:00+00:00,0.5992,0.612,-0.0209150326797386,-0.022038917786584955,0.0011238851068463562,5.742762706652812,1
ETH,long,2024-03-10 00:00:00+00:00,2024-03-10 04:00:00+00:00,2024-03-10 08:00:00+00:00,3936.61,3945.7,0.00230909335697449,0.0012988894268566309,0.001010203930117859,5.041924062981029,1
AVAX,short,2024-03-11 00:00:00+00:00,2024-03-11 04:00:00+00:00,2024-03-11 08:00:00+00:00,41.562,42.852,-0.030103612433492022,-0.031598182377459816,0.001494569943967794,7.710732744665526,1
XRP,short,2024-03-12 00:00:00+00:00,2024-03-12 04:00:00+00:00,2024-03-12 08:00:00+00:00,0.6897,0.7027,-0.01850007115411989,-0.019626728379202096,0.001126657225082206,5.742762706652812,1
SOL,long,2024-03-13 08:00:00+00:00,2024-03-13 12:00:00+00:00,2024-03-13 16:00:00+00:00,153.84,157.29,0.02242589703588127,0.02119953256736329,0.001226364468517982,6.000925858297193,1
ADA,short,2024-03-13 12:00:00+00:00,2024-03-13 16:00:00+00:00,2024-03-13 20:00:00+00:00,0.7465,0.7524,-0.007841573631047205,-0.009821685249857381,0.0019801116188101764,9.988775255673833,1
LINK,long,2024-03-13 20:00:00+00:00,2024-03-14 00:00:00+00:00,2024-03-14 04:00:00+00:00,20.757,20.633,-0.005973888326829657,-0.0072725672744287095,0.0012986789475990523,6.536688716426203,1
DOT,long,2024-03-15 16:00:00+00:00,2024-03-15 20:00:00+00:00,2024-03-16 00:00:00+00:00,10.673,10.82,0.013773072238358441,0.011940475130576944,0.0018325971077814973,9.046674492363598,1
BNB,long,2024-03-17 12:00:00+00:00,2024-03-17 16:00:00+00:00,2024-03-17 20:00:00+00:00,588.0,582.5,-0.009353741496598622,-0.010632023235368271,0.0012782817387696488,6.455921962584254,1
ADA,short,2024-03-18 12:00:00+00:00,2024-03-18 16:00:00+00:00,2024-03-18 20:00:00+00:00,0.6605,0.6491,0.01756277923278371,0.015531966583838486,0.002030812648945224,9.988775255673833,1
DOT,short,2024-03-18 12:00:00+00:00,2024-03-18 16:00:00+00:00,2024-03-18 20:00:00+00:00,9.881,9.746,0.013851836650933702,0.012019097160760106,0.001832739490173596,9.046674492363598,1
LINK,short,2024-03-18 12:00:00+00:00,2024-03-18 16:00:00+00:00,2024-03-18 20:00:00+00:00,18.598,18.2,0.021868131868131746,0.02053307777398361,0.001335054094148136,6.536688716426203,1
SOL,short,2024-03-18 16:00:00+00:00,2024-03-18 20:00:00+00:00,2024-03-19 00:00:00+00:00,198.35,195.97,0.01214471602796352,0.010930683480143921,0.001214032547819599,6.000925858297193,1
AVAX,short,2024-03-19 20:00:00+00:00,2024-03-20 00:00:00+00:00,2024-03-20 04:00:00+00:00,53.626,51.472,0.04184799502642211,0.04024255065163018,0.0016054443747919311,7.710732744665526,1
LINK,short,2024-03-19 20:00:00+00:00,2024-03-20 00:00:00+00:00,2024-03-20 04:00:00+00:00,16.803,16.862,-0.003498991815917285,-0.004800904175554899,0.0013019123596376136,6.536688716426203,1
SOL,short,2024-03-19 20:00:00+00:00,2024-03-20 00:00:00+00:00,2024-03-20 04:00:00+00:00,169.88,169.91,-0.0001765640633276666,-0.0013758176622233886,0.001199253598895722,6.000925858297193,1
ADA,long,2024-03-20 04:00:00+00:00,2024-03-20 08:00:00+00:00,2024-03-20 12:00:00+00:00,0.609,0.611,0.003284072249589487,0.0012817564947364968,0.00200231575485299,9.988775255673833,1
BNB,long,2024-03-20 04:00:00+00:00,2024-03-20 08:00:00+00:00,2024-03-20 12:00:00+00:00,531.9,533.6,0.003196089490505871,0.0019016140603576037,0.0012944754301482675,6.455921962584254,1
XRP,short,2024-03-23 20:00:00+00:00,2024-03-24 00:00:00+00:00,2024-03-24 04:00:00+00:00,0.6166,0.6152,0.002275682704811599,0.0011251771303777414,0.0011505055744338577,5.742762706652812,1
ADA,long,2024-03-24 04:00:00+00:00,2024-03-24 08:00:00+00:00,2024-03-24 12:00:00+00:00,0.6379,0.6361,-0.002821758896378812,-0.0048118888683231775,0.0019901299719443655,9.988775255673833,1
DOT,long,2024-03-24 04:00:00+00:00,2024-03-24 08:00:00+00:00,2024-03-24 12:00:00+00:00,9.096,9.196,0.010993843447669294,0.009166270350470462,0.0018275730971988313,9.046674492363598,1
SOL,short,2024-03-25 20:00:00+00:00,2024-03-26 00:00:00+00:00,2024-03-26 04:00:00+00:00,189.1,191.7,-0.013562858633281105,-0.014746055835255234,0.0011831972019741288,6.000925858297193,1
ADA,short,2024-03-27 04:00:00+00:00,2024-03-27 08:00:00+00:00,2024-03-27 12:00:00+00:00,0.6486,0.6576,-0.013686131386861367,-0.015654578662144036,0.00196844727528267,9.988775255673833,1
LINK,short,2024-03-27 04:00:00+00:00,2024-03-27 08:00:00+00:00,2024-03-27 12:00:00+00:00,19.585,19.733,-0.0075001266913292675,-0.008796811633328683,0.0012966849419994153,6.536688716426203,1
SOL,long,2024-03-27 20:00:00+00:00,2024-03-28 00:00:00+00:00,2024-03-28 04:00:00+00:00,186.36,182.23,-0.022161408027473795,-0.023334291567119525,0.0011728835396457304,6.000925858297193,1
SOL,short,2024-03-29 04:00:00+00:00,2024-03-29 08:00:00+00:00,2024-03-29 12:00:00+00:00,183.75,185.95,-0.011831137402527503,-0.013016411744168122,0.0011852743416406186,6.000925858297193,1
ETH,short,2024-03-30 16:00:00+00:00,2024-03-30 20:00:00+00:00,2024-03-31 00:00:00+00:00,3509.71,3507.14,0.0007327908210108536,-0.00027582439058937425,0.0010086152116002278,5.041924062981029,1
AVAX,long,2024-03-31 04:00:00+00:00,2024-03-31 08:00:00+00:00,2024-03-31 12:00:00+00:00,54.056,53.719,-0.0062342755660795834,-0.007765627164172284,0.0015313515980927006,7.710732744665526,1
LINK,long,2024-03-31 04:00:00+00:00,2024-03-31 08:00:00+00:00,2024-03-31 12:00:00+00:00,19.259,19.034,-0.011682849576821308,-0.012974069859400528,0.0012912202825792196,6.536688716426203,1
XRP,long,2024-03-31 04:00:00+00:00,2024-03-31 08:00:00+00:00,2024-03-31 12:00:00+00:00,0.6276,0.6269,-0.0011153601019758819,-0.002261973120978533,0.0011466130190026513,5.742762706652812,1
BNB,short,2024-04-02 00:00:00+00:00,2024-04-02 04:00:00+00:00,2024-04-02 08:00:00+00:00,561.2,559.3,0.003397103522260192,0.0021023687133845392,0.0012947348088756527,6.455921962584254,1
DOT,short,2024-04-02 00:00:00+00:00,2024-04-02 04:00:00+00:00,2024-04-02 08:00:00+00:00,8.745,8.743,0.0002287544321168955,-0.0015793586187112796,0.001808113050828175,9.046674492363598,1
SOL,short,2024-04-02 00:00:00+00:00,2024-04-02 04:00:00+00:00,2024-04-02 08:00:00+00:00,183.64,183.16,0.0026206595326490056,0.0014180507608858584,0.0012026087717631473,6.000925858297193,1
XRP,short,2024-04-02 00:00:00+00:00,2024-04-02 04:00:00+00:00,2024-04-02 08:00:00+00:00,0.5953,0.5997,-0.007337001834250345,-0.008476473072185575,0.00113947123793523,5.742762706652812,1
BNB,long,2024-04-05 12:00:00+00:00,2024-04-05 16:00:00+00:00,2024-04-05 20:00:00+00:00,583.3,581.9,-0.0024001371506943148,-0.0036873914822312948,0.00128725433153698,6.455921962584254,1
SOL,short,2024-04-08 16:00:00+00:00,2024-04-08 20:00:00+00:00,2024-04-09 00:00:00+00:00,179.45,180.7,-0.006917542888765893,-0.008108710916924,0.0011911680281581072,6.000925858297193,1
ADA,short,2024-04-09 00:00:00+00:00,2024-04-09 04:00:00+00:00,2024-04-09 08:00:00+00:00,0.6082,0.6026,0.009293063391968115,0.007278755123760083,0.0020143082682080315,9.988775255673833,1
AVAX,long,2024-04-10 04:00:00+00:00,2024-04-10 08:00:00+00:00,2024-04-10 12:00:00+00:00,47.483,47.436,-0.0009898279384199515,-0.0025292610119130865,0.001539433073493135,7.710732744665526,1
LINK,long,2024-04-11 16:00:00+00:00,2024-04-11 20:00:00+00:00,2024-04-12 00:00:00+00:00,17.417,17.554,0.007865878165010942,0.006549117787586933,0.0013167603774240089,6.536688716426203,1
ADA,short,2024-04-15 12:00:00+00:00,2024-04-15 16:00:00+00:00,2024-04-15 20:00:00+00:00,0.468,0.4556,0.027216856892010588,0.02516677700626735,0.002050079885743239,9.988775255673833,1
BTC,short,2024-04-15 12:00:00+00:00,2024-04-15 16:00:00+00:00,2024-04-15 20:00:00+00:00,64577.4,63300.5,0.02017203655579336,0.019149732869545133,0.001022303686248227,5.012959217987713,1
ETH,short,2024-04-15 12:00:00+00:00,2024-04-15 16:00:00+00:00,2024-04-15 20:00:00+00:00,3163.35,3099.74,0.020521075961209778,0.01949251659909579,0.00102855936211399,5.041924062981029,1
SOL,short,2024-04-15 12:00:00+00:00,2024-04-15 16:00:00+00:00,2024-04-15 20:00:00+00:00,143.35,137.9,0.039521392313270454,0.03827452238998963,0.0012468699232808245,6.000925858297193,1
XRP,short,2024-04-15 12:00:00+00:00,2024-04-15 16:00:00+00:00,2024-04-15 20:00:00+00:00,0.4971,0.4974,-0.0006031363088058184,-0.0017503373060858696,0.0011472009972800512,5.742762706652812,1
ADA,short,2024-04-16 12:00:00+00:00,2024-04-16 16:00:00+00:00,2024-04-16 20:00:00+00:00,0.4424,0.4486,-0.013820775746767655,-0.0157889543040165,0.0019681785572488453,9.988775255673833,1
AVAX,short,2024-04-16 12:00:00+00:00,2024-04-16 16:00:00+00:00,2024-04-16 20:00:00+00:00,32.949,33.972,-0.030113034263511196,-0.03160758968883126,0.0014945554253200655,7.710732744665526,1
DOT,short,2024-04-16 12:00:00+00:00,2024-04-16 16:00:00+00:00,2024-04-16 20:00:00+00:00,6.412,6.592,-0.027305825242718407,-0.029064164046767038,0.0017583388040486314,9.046674492363598,1
LINK,short,2024-04-16 12:00:00+00:00,2024-04-16 16:00:00+00:00,2024-04-16 20:00:00+00:00,12.936,13.222,-0.021630615640598982,-0.022908839328610764,0.0012782236880117814,6.536688716426203,1
BNB,short,2024-04-21 12:00:00+00:00,2024-04-21 16:00:00+00:00,2024-04-21 20:00:00+00:00,573.7,574.9,-0.0020873195338318995,-0.003374977510003596,0.0012876579761716966,6.455921962584254,1
BTC,long,2024-04-22 00:00:00+00:00,2024-04-22 04:00:00+00:00,2024-04-22 08:00:00+00:00,65706.1,65980.0,0.004168562736184267,0.0031622959630175362,0.0010062667731667307,5.012959217987713,1
SOL,short,2024-04-23 04:00:00+00:00,2024-04-23 08:00:00+00:00,2024-04-23 12:00:00+00:00,153.65,154.07,-0.0027260336210812586,-0.003922229219501472,0.0011961955984202133,6.000925858297193,1
XRP,long,2024-04-23 16:00:00+00:00,2024-04-23 20:00:00+00:00,2024-04-24 00:00:00+00:00,0.5544,0.5446,-0.017676767676767735,-0.018804369966422985,0.0011276022896552496,5.742762706652812,1
SOL,short,2024-04-23 20:00:00+00:00,2024-04-24 00:00:00+00:00,2024-04-24 04:00:00+00:00,154.76,156.73,-0.012569386843616415,-0.013753775680609759,0.0011843888369933442,6.000925858297193,1
DOT,long,2024-04-24 04:00:00+00:00,2024-04-24 08:00:00+00:00,2024-04-24 12:00:00+00:00,7.422,7.433,0.0014820803018054107,-0.0003282983856103261,0.0018103786874157368,9.046674492363598,1
LINK,long,2024-04-25 04:00:00+00:00,2024-04-25 08:00:00+00:00,2024-04-25 12:00:00+00:00,14.777,14.636,-0.009541855586384207,-0.010835873042789879,0.0012940174564056717,6.536688716426203,1
SOL,short,2024-04-25 20:00:00+00:00,2024-04-26 00:00:00+00:00,2024-04-26 04:00:00+00:00,144.86,143.24,0.01130969003071769,0.01009665906767454,0.001213030963043149,6.000925858297193,1
LINK,long,2024-04-26 04:00:00+00:00,2024-04-26 08:00:00+00:00,2024-04-26 12:00:00+00:00,14.818,14.589,-0.01545417735186927,-0.016740470456048873,0.0012862931041796033,6.536688716426203,1
XRP,short,2024-04-27 00:00:00+00:00,2024-04-27 04:00:00+00:00,2024-04-27 08:00:00+00:00,0.5186,0.5145,0.007968901846452825,0.006811861063720448,0.001157040782732377,5.742762706652812,1
BTC,short,2024-04-28 08:00:00+00:00,2024-04-28 12:00:00+00:00,2024-04-28 16:00:00+00:00,63486.6,63535.5,-0.0007696484642444323,-0.0017709667078172897,0.0010013182435728574,5.012959217987713,1
SOL,short,2024-04-28 08:00:00+00:00,2024-04-28 12:00:00+00:00,2024-04-28 16:00:00+00:00,141.26,142.02,-0.005351358963526454,-0.006544405575083512,0.0011930466115570582,6.000925858297193,1
ETH,short,2024-04-28 20:00:00+00:00,2024-04-29 00:00:00+00:00,2024-04-29 04:00:00+00:00,3263.53,3177.72,0.027003637828380223,0.025968544843535835,0.001035092984844388,5.041924062981029,1
ADA,short,2024-04-30 04:00:00+00:00,2024-04-30 08:00:00+00:00,2024-04-30 12:00:00+00:00,0.451,0.4317,0.04470697243456123,0.04262198644906623,0.0020849859854950026,9.988775255673833,1
BTC,short,2024-04-30 04:00:00+00:00,2024-04-30 08:00:00+00:00,2024-04-30 12:00:00+00:00,63146.1,61212.0,0.03159674573613014,0.03056299346876923,0.00103375226736091,5.012959217987713,1
ADA,short,2024-05-01 04:00:00+00:00,2024-05-01 08:00:00+00:00,2024-05-01 12:00:00+00:00,0.4278,0.4349,-0.01632559209013562,-0.01828877163128717,0.0019631795411515496,9.988775255673833,1
AVAX,short,2024-05-01 04:00:00+00:00,2024-05-01 08:00:00+00:00,2024-05-01 12:00:00+00:00,31.274,31.905,-0.019777464347281004,-0.02128794645543919,0.0015104821081581843,7.710732744665526,1
BNB,short,2024-05-01 04:00:00+00:00,2024-05-01 08:00:00+00:00,2024-05-01 12:00:00+00:00,546.2,551.4,-0.009430540442509905,-0.01070872308365578,0.0012781826411458752,6.455921962584254,1
BTC,short,2024-05-01 04:00:00+00:00,2024-05-01 08:00:00+00:00,2024-05-01 12:00:00+00:00,57483.8,57886.7,-0.006960148013274159,-0.0079552628222479,0.0009951148089737405,5.012959217987713,1
ETH,short,2024-05-01 04:00:00+00:00,2024-05-01 08:00:00+00:00,2024-05-01 12:00:00+00:00,2869.44,2905.74,-0.012492514815503064,-0.01348780055037857,0.0009952857348755062,5.041924062981029,1
SOL,short,2024-05-01 04:00:00+00:00,2024-05-01 08:00:00+00:00,2024-05-01 12:00:00+00:00,120.62,123.01,-0.019429314689862642,-0.02060547528088552,0.001176160591022879,6.000925858297193,1
XRP,long,2024-05-01 12:00:00+00:00,2024-05-01 16:00:00+00:00,2024-05-01 20:00:00+00:00,0.4991,0.5108,0.023442195952714906,0.022267393478832,0.0011748024738829077,5.742762706652812,1
BTC,long,2024-05-01 20:00:00+00:00,2024-05-02 00:00:00+00:00,2024-05-02 04:00:00+00:00,58332.1,57437.6,-0.01533460993175284,-0.01632133278036796,0.000986722848615118,5.012959217987713,1
BNB,long,2024-05-02 08:00:00+00:00,2024-05-02 12:00:00+00:00,2024-05-02 16:00:00+00:00,561.1,564.7,0.006415968633042279,0.00511733842749007,0.0012986302055522092,6.455921962584254,1
BTC,long,2024-05-02 08:00:00+00:00,2024-05-02 12:00:00+00:00,2024-05-02 16:00:00+00:00,58547.3,59270.2,0.012347281599663695,0.011332819018198714,0.001014462581464981,5.012959217987713,1
LINK,long,2024-05-02 08:00:00+00:00,2024-05-02 12:00:00+00:00,2024-05-02 16:00:00+00:00,13.659,13.627,-0.002342777655758077,-0.003646200590390891,0.0013034229346328141,6.536688716426203,1
SOL,long,2024-05-02 08:00:00+00:00,2024-05-02 12:00:00+00:00,2024-05-02 16:00:00+00:00,138.62,139.12,0.0036069831193190627,0.00240319128655897,0.0012037918327600927,6.000925858297193,1
AVAX,long,2024-05-03 12:00:00+00:00,2024-05-03 16:00:00+00:00,2024-05-03 20:00:00+00:00,35.073,35.275,0.005759416075043378,0.004209582697583647,0.0015498333774597306,7.710732744665526,1
DOT,long,2024-05-03 12:00:00+00:00,2024-05-03 16:00:00+00:00,2024-05-03 20:00:00+00:00,7.256,7.277,0.002894156560088179,0.001081225263081853,0.001812931297006326,9.046674492363598,1
ETH,long,2024-05-05 08:00:00+00:00,2024-05-05 12:00:00+00:00,2024-05-05 16:00:00+00:00,3138.61,3159.9,0.006783257556689071,0.00576854422095141,0.0010147133357376603,5.041924062981029,1
ADA,short,2024-05-06 12:00:00+00:00,2024-05-06 16:00:00+00:00,2024-05-06 20:00:00+00:00,0.4605,0.4609,-0.0008678672163158208,-0.002861896690108723,0.001994029473792902,9.988775255673833,1
BTC,short,2024-05-06 12:00:00+00:00,2024-05-06 16:00:00+00:00,2024-05-06 20:00:00+00:00,63641.3,63231.8,0.006476171799632446,0.005467592595652659,0.001008579203979787,5.012959217987713,1
XRP,short,2024-05-07 20:00:00+00:00,2024-05-08 00:00:00+00:00,2024-05-08 04:00:00+00:00,0.5243,0.5254,-0.0020936429387133915,-0.003239132993369531,0.0011454900546561397,5.742762706652812,1
ADA,long,2024-05-08 12:00:00+00:00,2024-05-08 16:00:00+00:00,2024-05-08 20:00:00+00:00,0.4614,0.4643,0.00628521889900302,0.00427691357112181,0.00200830532788121,9.988775255673833,1
XRP,short,2024-05-08 20:00:00+00:00,2024-05-09 00:00:00+00:00,2024-05-09 04:00:00+00:00,0.5171,0.522,-0.009386973180076641,-0.01052409126956999,0.0011371180894933497,5.742762706652812,1
AVAX,short,2024-05-10 12:00:00+00:00,2024-05-10 16:00:00+00:00,2024-05-10 20:00:00+00:00,34.613,33.934,0.020009430070136114,0.018437638014521474,0.0015717920556146403,7.710732744665526,1
LINK,long,2024-05-14 04:00:00+00:00,2024-05-14 08:00:00+00:00,2024-05-14 12:00:00+00:00,13.531,13.341,-0.014041829872145528,-0.015329968185336385,0.0012881383131908564,6.536688716426203,1
BTC,long,2024-05-20 00:00:00+00:00,2024-05-20 04:00:00+00:00,2024-05-20 08:00:00+00:00,66680.0,66816.0,0.0020395920815836632,0.001035458727556282,0.0010041333540273811,5.012959217987713,1
XRP,long,2024-05-20 00:00:00+00:00,2024-05-20 04:00:00+00:00,2024-05-20 08:00:00+00:00,0.5131,0.5139,0.0015591502631067122,0.0004094671914858239,0.0011496830716208883,5.742762706652812,1
SOL,short,2024-05-21 00:00:00+00:00,2024-05-21 04:00:00+00:00,2024-05-21 08:00:00+00:00,184.33,181.28,0.016824801412180124,0.015605155263960446,0.0012196461482196774,6.000925858297193,1
DOT,long,2024-05-23 00:00:00+00:00,2024-05-23 04:00:00+00:00,2024-05-23 08:00:00+00:00,7.589,7.586,-0.0003953089998682824,-0.002202293931522825,0.0018069849316545428,9.046674492363598,1
BTC,short,2024-05-24 04:00:00+00:00,2024-05-24 08:00:00+00:00,2024-05-24 12:00:00+00:00,67172.1,67366.9,-0.0028916277875334906,-0.0038908196179068266,0.000999191830373336,5.012959217987713,1
XRP,long,2024-05-27 12:00:00+00:00,2024-05-27 16:00:00+00:00,2024-05-27 20:00:00+00:00,0.5395,0.5316,-0.014643188137164032,-0.01577427265254938,0.00113108451538535,5.742762706652812,1
BNB,long,2024-05-28 08:00:00+00:00,2024-05-28 12:00:00+00:00,2024-05-28 16:00:00+00:00,601.9,601.0,-0.0014952649941850638,-0.0027836869287323207,0.001288421934547257,6.455921962584254,1
SOL,short,2024-05-29 08:00:00+00:00,2024-05-29 12:00:00+00:00,2024-05-29 16:00:00+00:00,168.35,168.63,-0.0016604400166043698,-0.002857913757663866,0.001197473741059496,6.000925858297193,1
XRP,long,2024-05-30 00:00:00+00:00,2024-05-30 04:00:00+00:00,2024-05-30 08:00:00+00:00,0.5275,0.5159,-0.021990521327014068,-0.023113171887612305,0.0011226505605982373,5.742762706652812,1
BTC,long,2024-05-30 12:00:00+00:00,2024-05-30 16:00:00+00:00,2024-05-30 20:00:00+00:00,68527.9,68670.5,0.002080904274025741,0.0010767295214839656,0.0010041747525417755,5.012959217987713,1
ETH,long,2024-05-30 12:00:00+00:00,2024-05-30 16:00:00+00:00,2024-05-30 20:00:00+00:00,3776.69,3762.01,-0.003887001580749283,-0.0048909606114652115,0.0010039590307159285,5.041924062981029,1
SOL,long,2024-05-30 12:00:00+00:00,2024-05-30 16:00:00+00:00,2024-05-30 20:00:00+00:00,168.49,168.37,-0.0007122084396700146,-0.001910819551679599,0.0011986111120095844,6.000925858297193,1
BTC,short,2024-06-02 16:00:00+00:00,2024-06-02 20:00:00+00:00,2024-06-03 00:00:00+00:00,67741.1,67766.9,-0.0003807168396369187,-0.001382424827507056,0.0010017079878701374,5.012959217987713,1
DOT,short,2024-06-02 16:00:00+00:00,2024-06-02 20:00:00+00:00,2024-06-03 00:00:00+00:00,7.002,6.991,0.0015734515806036242,-0.00023709227863000226,0.0018105438592336265,9.046674492363598,1
ADA,long,2024-06-03 00:00:00+00:00,2024-06-03 04:00:00+00:00,2024-06-03 08:00:00+00:00,0.4498,0.4535,0.008225878168074852,0.006213699747081858,0.002012178420992994,9.988775255673833,1
XRP,long,2024-06-03 00:00:00+00:00,2024-06-03 04:00:00+00:00,2024-06-03 08:00:00+00:00,0.5166,0.521,0.00851722802942323,0.0073595578267209305,0.001157670202702299,5.742762706652812,1
XRP,short,2024-06-03 20:00:00+00:00,2024-06-04 00:00:00+00:00,2024-06-04 04:00:00+00:00,0.5198,0.5216,-0.0034509202453986143,-0.0045948522904826206,0.0011439320450840063,5.742762706652812,1
SOL,long,2024-06-04 12:00:00+00:00,2024-06-04 16:00:00+00:00,2024-06-04 20:00:00+00:00,167.94,169.44,0.008931761343336841,0.007721582623433587,0.0012101787199032543,6.000925858297193,1
LINK,short,2024-06-05 12:00:00+00:00,2024-06-05 16:00:00+00:00,2024-06-05 20:00:00+00:00,17.741,17.874,-0.007440975718921328,-0.008737737940703871,0.0012967622217825436,6.536688716426203,1
DOT,long,2024-06-05 16:00:00+00:00,2024-06-05 20:00:00+00:00,2024-06-06 00:00:00+00:00,7.271,7.253,-0.002475587952138647,-0.004278812364505669,0.0018032244123670216,9.046674492363598,1
LINK,long,2024-06-07 00:00:00+00:00,2024-06-07 04:00:00+00:00,2024-06-07 08:00:00+00:00,17.373,17.507,0.007713118056754675,0.006396557257927427,0.0013165607988272487,6.536688716426203,1
AVAX,short,2024-06-07 16:00:00+00:00,2024-06-07 20:00:00+00:00,2024-06-08 00:00:00+00:00,33.42,33.528,-0.003221188260558283,-0.004757182900715251,0.001535994640156968,7.710732744665526,1
LINK,short,2024-06-07 16:00:00+00:00,2024-06-07 20:00:00+00:00,2024-06-08 00:00:00+00:00,16.279,16.321,-0.0025733717296735348,-0.0038764933968989945,0.0013031216672254597,6.536688716426203,1
BTC,long,2024-06-10 12:00:00+00:00,2024-06-10 16:00:00+00:00,2024-06-10 20:00:00+00:00,70048.7,69496.8,-0.0078788043175676,-0.008872998550704336,0.000994194233136736,5.012959217987713,1
LINK,long,2024-06-10 12:00:00+00:00,2024-06-10 16:00:00+00:00,2024-06-10 20:00:00+00:00,16.177,15.887,-0.017926686035729666,-0.01920974884752802,0.0012830628117983522,6.536688716426203,1
XRP,long,2024-06-10 12:00:00+00:00,2024-06-10 16:00:00+00:00,2024-06-10 20:00:00+00:00,0.5046,0.4968,-0.015457788347205792,-0.016587937788440477,0.0011301494412346846,5.742762706652812,1
BNB,short,2024-06-10 20:00:00+00:00,2024-06-11 00:00:00+00:00,2024-06-11 04:00:00+00:00,624.9,625.4,-0.0007994883274704545,-0.002088808058379965,0.0012893197309095106,6.455921962584254,1
AVAX,long,2024-06-14 04:00:00+00:00,2024-06-14 08:00:00+00:00,2024-06-14 12:00:00+00:00,31.601,31.859,0.008164298598145603,0.006610759396863841,0.0015535392012817617,7.710732744665526,1
DOT,short,2024-06-14 12:00:00+00:00,2024-06-14 16:00:00+00:00,2024-06-14 20:00:00+00:00,6.221,6.112,0.0178337696335078,0.015993832004947306,0.0018399376285604951,9.046674492363598,1
BTC,short,2024-06-18 00:00:00+00:00,2024-06-18 04:00:00+00:00,2024-06-18 08:00:00+00:00,65493.9,65681.8,-0.0028607620375812326,-0.0038599847981986013,0.0009992227606173687,5.012959217987713,1
LINK,short,2024-06-18 00:00:00+00:00,2024-06-18 04:00:00+00:00,2024-06-18 08:00:00+00:00,13.735,13.726,0.0006556899315166564,-0.0006516504522502409,0.0013073403837668973,6.536688716426203,1
SOL,short,2024-06-18 00:00:00+00:00,2024-06-18 04:00:00+00:00,2024-06-18 08:00:00+00:00,135.54,136.67,-0.008268091022170188,-0.009457639114596073,0.001189548092425885,6.000925858297193,1
XRP,short,2024-06-18 12:00:00+00:00,2024-06-18 16:00:00+00:00,2024-06-18 20:00:00+00:00,0.4848,0.4823,0.005183495749533584,0.004029652315890697,0.001153843433642887,5.742762706652812,1
DOT,short,2024-06-19 12:00:00+00:00,2024-06-19 16:00:00+00:00,2024-06-19 20:00:00+00:00,5.808,5.83,-0.0037735849056603765,-0.005574462929542556,0.0018008780238821798,9.046674492363598,1
BNB,short,2024-06-20 12:00:00+00:00,2024-06-20 16:00:00+00:00,2024-06-20 20:00:00+00:00,596.0,593.1,0.0048895633114145465,0.0035929027050325413,0.0012966606063820052,6.455921962584254,1
DOT,short,2024-06-20 12:00:00+00:00,2024-06-20 16:00:00+00:00,2024-06-20 20:00:00+00:00,5.652,5.725,-0.01275109170305666,-0.014535741092106869,0.001784649389050208,9.046674492363598,1
ETH,short,2024-06-20 12:00:00+00:00,2024-06-20 16:00:00+00:00,2024-06-20 20:00:00+00:00,3506.5,3536.4,-0.00845492591335828,-0.009454281039805723,0.0009993551264474432,5.041924062981029,1
LINK,short,2024-06-20 12:00:00+00:00,2024-06-20 16:00:00+00:00,2024-06-20 20:00:00+00:00,14.335,14.512,-0.012196802646086025,-0.013487351457339258,0.0012905488112532337,6.536688716426203,1
AVAX,long,2024-06-22 12:00:00+00:00,2024-06-22 16:00:00+00:00,2024-06-22 20:00:00+00:00,26.123,25.806,-0.012134900279447192,-0.013657159260575646,0.0015222589811284548,7.710732744665526,1
ETH,long,2024-06-24 20:00:00+00:00,2024-06-25 00:00:00+00:00,2024-06-25 04:00:00+00:00,3351.99,3371.22,0.005736890623182056,0.004723231896242686,0.0010136587269393704,5.041924062981029,1
DOT,short,2024-06-25 20:00:00+00:00,2024-06-26 00:00:00+00:00,2024-06-26 04:00:00+00:00,5.843,5.822,0.0036070079010648293,0.0017927879830232918,0.0018142199180415375,9.046674492363598,1
SOL,short,2024-06-25 20:00:00+00:00,2024-06-26 00:00:00+00:00,2024-06-26 04:00:00+00:00,136.57,138.4,-0.013222543352601202,-0.014406148750973347,0.001183605398372145,6.000925858297193,1
ADA,long,2024-06-27 12:00:00+00:00,2024-06-27 16:00:00+00:00,2024-06-27 20:00:00+00:00,0.3863,0.3913,0.012943308309603996,0.0109217150230152,0.0020215932865887964,9.988775255673833,1
BTC,long,2024-06-29 00:00:00+00:00,2024-06-29 04:00:00+00:00,2024-06-29 08:00:00+00:00,60755.4,61043.1,0.004735381546331574,0.0037285467699865738,0.0010068347763450003,5.012959217987713,1
DOT,short,2024-06-29 08:00:00+00:00,2024-06-29 12:00:00+00:00,2024-06-29 16:00:00+00:00,6.137,6.111,0.004254622811323827,0.002439232200112329,0.0018153906112114981,9.046674492363598,1
BNB,short,2024-07-01 08:00:00+00:00,2024-07-01 12:00:00+00:00,2024-07-01 16:00:00+00:00,577.6,577.9,-0.0005191209551824727,-0.001808802458510006,0.0012896815033275333,6.455921962584254,1
BTC,short,2024-07-01 08:00:00+00:00,2024-07-01 12:00:00+00:00,2024-07-01 16:00:00+00:00,62679.6,63126.3,-0.007076289914029532,-0.008071288338423965,0.0009949984243944332,5.012959217987713,1
ETH,short,2024-07-01 08:00:00+00:00,2024-07-01 12:00:00+00:00,2024-07-01 16:00:00+00:00,3459.99,3474.32,-0.004124548113012105,-0.00512826772612518,0.0010037196131130743,5.041924062981029,1
XRP,long,2024-07-02 20:00:00+00:00,2024-07-03 00:00:00+00:00,2024-07-03 04:00:00+00:00,0.4853,0.4807,-0.009478672985781977,-0.010615685813679887,0.0011370128278979097,5.742762706652812,1
AVAX,short,2024-07-03 00:00:00+00:00,2024-07-03 04:00:00+00:00,2024-07-03 08:00:00+00:00,28.149,27.849,0.010772379618657846,0.009214821473131352,0.0015575581455264942,7.710732744665526,1
SOL,short,2024-07-04 20:00:00+00:00,2024-07-05 00:00:00+00:00,2024-07-05 04:00:00+00:00,127.79,123.68,0.03323091849935311,0.03199159378164462,0.0012393247177084898,6.000925858297193,1
BNB,long,2024-07-05 08:00:00+00:00,2024-07-05 12:00:00+00:00,2024-07-05 16:00:00+00:00,485.2,495.1,0.02040395713108012,0.019087277505661193,0.0013166796254189261,6.455921962584254,1
LINK,long,2024-07-05 08:00:00+00:00,2024-07-05 12:00:00+00:00,2024-07-05 16:00:00+00:00,11.981,12.316,0.027960938152074233,0.02661792390561235,0.0013430142464618822,6.536688716426203,1
AVAX,long,2024-07-08 08:00:00+00:00,2024-07-08 12:00:00+00:00,2024-07-08 16:00:00+00:00,26.955,25.89,-0.03951029493600433,-0.040990369573957075,0.001480074637952744,7.710732744665526,1
BTC,short,2024-07-10 12:00:00+00:00,2024-07-10 16:00:00+00:00,2024-07-10 20:00:00+00:00,57700.1,57400.0,0.005228222996515708,0.004220894348928361,0.0010073286475873466,5.012959217987713,1
ADA,short,2024-07-14 00:00:00+00:00,2024-07-14 04:00:00+00:00,2024-07-14 08:00:00+00:00,0.4283,0.4306,-0.00534138411518803,-0.0073264855160513065,0.001985101400863276,9.988775255673833,1
DOT,short,2024-07-15 08:00:00+00:00,2024-07-15 12:00:00+00:00,2024-07-15 16:00:00+00:00,6.321,6.319,0.00031650577623043574,-0.0014917659026615349,0.0018082716788919706,9.046674492363598,1
SOL,long,2024-07-15 16:00:00+00:00,2024-07-15 20:00:00+00:00,2024-07-16 00:00:00+00:00,155.32,159.33,0.02581766675251118,0.024587233973636158,0.0012304327788750236,6.000925858297193,1
DOT,short,2024-07-16 04:00:00+00:00,2024-07-16 08:00:00+00:00,2024-07-16 12:00:00+00:00,6.212,6.273,-0.009724214889207716,-0.01151433596205631,0.001790121072848594,9.046674492363598,1
ETH,short,2024-07-16 04:00:00+00:00,2024-07-16 08:00:00+00:00,2024-07-16 12:00:00+00:00,3377.16,3419.56,-0.012399256044637319,-0.01339463577285016,0.0009953797282128418,5.041924062981029,1
ADA,long,2024-07-16 12:00:00+00:00,2024-07-16 16:00:00+00:00,2024-07-16 20:00:00+00:00,0.4472,0.4408,-0.014311270125223485,-0.01627846977266134,0.001967199647437856,9.988775255673833,1
XRP,long,2024-07-16 12:00:00+00:00,2024-07-16 16:00:00+00:00,2024-07-16 20:00:00+00:00,0.5845,0.5831,-0.0023952095808383866,-0.0035403534691562655,0.0011451438883178788,5.742762706652812,1
AVAX,short,2024-07-17 08:00:00+00:00,2024-07-17 12:00:00+00:00,2024-07-17 16:00:00+00:00,28.131,28.014,0.004176483186977942,0.002629089043180599,0.0015473941437973426,7.710732744665526,1
SOL,long,2024-07-18 20:00:00+00:00,2024-07-19 00:00:00+00:00,2024-07-19 04:00:00+00:00,159.24,161.85,0.01639035418236623,0.015171229138558617,0.0012191250438076118,6.000925858297193,1
BTC,long,2024-07-19 12:00:00+00:00,2024-07-19 16:00:00+00:00,2024-07-19 20:00:00+00:00,65841.5,67160.7,0.02003599553473112,0.019013828173761516,0.0010221673609696058,5.012959217987713,1
ETH,long,2024-07-19 12:00:00+00:00,2024-07-19 16:00:00+00:00,2024-07-19 20:00:00+00:00,3465.14,3523.23,0.01676411342687456,0.01573934061956983,0.0010247728073047302,5.041924062981029,1
SOL,long,2024-07-21 12:00:00+00:00,2024-07-21 16:00:00+00:00,2024-07-21 20:00:00+00:00,175.46,178.03,0.014647213040009044,0.013430178833656825,0.0012170342063522188,6.000925858297193,1
BNB,short,2024-07-22 04:00:00+00:00,2024-07-22 08:00:00+00:00,2024-07-22 12:00:00+00:00,594.1,599.9,-0.009668278046340961,-0.010946153922448354,0.0012778758761073927,6.455921962584254,1
BTC,short,2024-07-22 04:00:00+00:00,2024-07-22 08:00:00+00:00,2024-07-22 12:00:00+00:00,67233.9,67525.0,-0.004310995927434336,-0.005308765423897688,0.0009977694964633521,5.012959217987713,1
ETH,short,2024-07-22 04:00:00+00:00,2024-07-22 08:00:00+00:00,2024-07-22 12:00:00+00:00,3478.46,3500.56,-0.006313275590191236,-0.007314789235989494,0.0010015136457982576,5.041924062981029,1
XRP,long,2024-07-24 00:00:00+00:00,2024-07-24 04:00:00+00:00,2024-07-24 08:00:00+00:00,0.6045,0.6028,-0.0028122415219189456,-0.003956906702051843,0.0011446651801328978,5.742762706652812,1
AVAX,long,2024-07-24 08:00:00+00:00,2024-07-24 12:00:00+00:00,2024-07-24 16:00:00+00:00,30.168,29.217,-0.031523468575974545,-0.033015850580753625,0.0014923820047790803,7.710732744665526,1
ADA,short,2024-07-24 12:00:00+00:00,2024-07-24 16:00:00+00:00,2024-07-24 20:00:00+00:00,0.412,0.4111,0.002189248358063667,0.00018911761061524146,0.0020001307474484253,9.988775255673833,1
SOL,short,2024-07-27 12:00:00+00:00,2024-07-27 16:00:00+00:00,2024-07-27 20:00:00+00:00,182.56,181.52,0.005729396209783966,0.004523058615997,0.0012063375937869658,6.000925858297193,1
AVAX,short,2024-07-29 12:00:00+00:00,2024-07-29 16:00:00+00:00,2024-07-29 20:00:00+00:00,27.539,27.455,0.0030595519941722937,0.0015138789948310194,0.0015456729993412743,7.710732744665526,1
LINK,short,2024-07-29 12:00:00+00:00,2024-07-29 16:00:00+00:00,2024-07-29 20:00:00+00:00,13.553,13.597,-0.0032360079429284427,-0.004538263886718963,0.0013022559437905201,6.536688716426203,1
LINK,short,2024-07-30 08:00:00+00:00,2024-07-30 12:00:00+00:00,2024-07-30 16:00:00+00:00,13.529,13.55,-0.0015498154981550272,-0.0028542744249495655,0.0013044589267945383,6.536688716426203,1
SOL,long,2024-07-31 00:00:00+00:00,2024-07-31 04:00:00+00:00,2024-07-31 08:00:00+00:00,180.92,183.1,0.012049524651779775,0.010835606282720844,0.0012139183690589306,6.000925858297193,1
AVAX,long,2024-08-01 20:00:00+00:00,2024-08-02 00:00:00+00:00,2024-08-02 04:00:00+00:00,25.702,25.33,-0.014473581822426418,-0.01599223699268648,0.0015186551702600637,7.710732744665526,1
BNB,long,2024-08-01 20:00:00+00:00,2024-08-02 00:00:00+00:00,2024-08-02 04:00:00+00:00,575.1,571.7,-0.005912015301686613,-0.00719473807650417,0.0012827227748175574,6.455921962584254,1
BTC,long,2024-08-01 20:00:00+00:00,2024-08-02 00:00:00+00:00,2024-08-02 04:00:00+00:00,65353.7,64602.7,-0.011491315717396255,-0.012481889890790021,0.0009905741733937656,5.012959217987713,1
DOT,long,2024-08-01 20:00:00+00:00,2024-08-02 00:00:00+00:00,2024-08-02 04:00:00+00:00,5.341,5.279,-0.01160831304999066,-0.01339502823947658,0.0017867151894859212,9.046674492363598,1
ETH,long,2024-08-01 20:00:00+00:00,2024-08-02 00:00:00+00:00,2024-08-02 04:00:00+00:00,3203.52,3168.24,-0.0110128858255919,-0.0120096628439752,0.0009967770183832991,5.041924062981029,1
LINK,short,2024-08-02 04:00:00+00:00,2024-08-02 08:00:00+00:00,2024-08-02 12:00:00+00:00,12.487,12.514,-0.00215758350647266,-0.0034612483942492167,0.0013036648877765566,6.536688716426203,1
XRP,short,2024-08-02 04:00:00+00:00,2024-08-02 08:00:00+00:00,2024-08-02 12:00:00+00:00,0.5726,0.574,-0.0024390243902437936,-0.0035841179838340675,0.001145093593590274,5.742762706652812,1
DOT,short,2024-08-03 12:00:00+00:00,2024-08-03 16:00:00+00:00,2024-08-03 20:00:00+00:00,5.058,4.886,0.03520261972984029,0.03333128443909694,0.0018713352907433478,9.046674492363598,1
XRP,short,2024-08-03 12:00:00+00:00,2024-08-03 16:00:00+00:00,2024-08-03 20:00:00+00:00,0.5562,0.5425,0.025253456221198345,0.02407657461372792,0.0011768816074704258,5.742762706652812,1
SOL,short,2024-08-05 00:00:00+00:00,2024-08-05 04:00:00+00:00,2024-08-05 08:00:00+00:00,126.09,122.84,0.026457180071637998,0.025225980218675836,0.0012311998529621615,6.000925858297193,1
ADA,long,2024-08-06 00:00:00+00:00,2024-08-06 04:00:00+00:00,2024-08-06 08:00:00+00:00,0.3254,0.3334,0.024585125998770607,0.02254029842030092,0.002044827578469688,9.988775255673833,1
BTC,long,2024-08-08 00:00:00+00:00,2024-08-08 04:00:00+00:00,2024-08-08 08:00:00+00:00,57056.1,57188.0,0.0023117598293609376,0.001307353738891237,0.0010044060904697005,5.012959217987713,1
SOL,long,2024-08-08 00:00:00+00:00,2024-08-08 04:00:00+00:00,2024-08-08 08:00:00+00:00,153.16,153.69,0.003460433533559737,0.0022568174819543874,0.0012036160516053496,6.000925858297193,1
DOT,short,2024-08-08 08:00:00+00:00,2024-08-08 12:00:00+00:00,2024-08-08 16:00:00+00:00,4.614,4.749,-0.028427037271004374,-0.03018334926059474,0.0017563119895903645,9.046674492363598,1
ADA,long,2024-08-12 04:00:00+00:00,2024-08-12 08:00:00+00:00,2024-08-12 12:00:00+00:00,0.3347,0.3426,0.02360322677024196,0.021560358828478732,0.0020428679417632267,9.988775255673833,1
AVAX,long,2024-08-12 04:00:00+00:00,2024-08-12 08:00:00+00:00,2024-08-12 12:00:00+00:00,21.045,21.524,0.02276075077215478,0.021184719045911127,0.001576031726243654,7.710732744665526,1
LINK,long,2024-08-12 04:00:00+00:00,2024-08-12 08:00:00+00:00,2024-08-12 12:00:00+00:00,10.234,10.644,0.040062536642563984,0.03870371185450017,0.0013588247880638171,6.536688716426203,1
ADA,short,2024-08-12 16:00:00+00:00,2024-08-12 20:00:00+00:00,2024-08-13 00:00:00+00:00,0.3359,0.3388,-0.008559622195985828,-0.010538300761093855,0.0019786785651080274,9.988775255673833,1
AVAX,short,2024-08-12 16:00:00+00:00,2024-08-12 20:00:00+00:00,2024-08-13 00:00:00+00:00,21.044,21.262,-0.010253033581036575,-0.011778192440380808,0.0015251588593442333,7.710732744665526,1
DOT,short,2024-08-12 16:00:00+00:00,2024-08-12 20:00:00+00:00,2024-08-13 00:00:00+00:00,4.537,4.586,-0.010684692542520802,-0.012473077360365514,0.0017883848178447126,9.046674492363598,1
LINK,short,2024-08-12 16:00:00+00:00,2024-08-12 20:00:00+00:00,2024-08-13 00:00:00+00:00,10.371,10.55,-0.016966824644549794,-0.01825114149964402,0.0012843168550942252,6.536688716426203,1
ADA,long,2024-08-13 16:00:00+00:00,2024-08-13 20:00:00+00:00,2024-08-14 00:00:00+00:00,0.3418,0.3399,-0.005558806319485132,-0.007543473797477218,0.001984667477992086,9.988775255673833,1
SOL,short,2024-08-14 16:00:00+00:00,2024-08-14 20:00:00+00:00,2024-08-15 00:00:00+00:00,144.21,143.72,0.003409407180628987,0.002205852333367453,0.0012035548472615343,6.000925858297193,1
ETH,long,2024-08-15 12:00:00+00:00,2024-08-15 16:00:00+00:00,2024-08-15 20:00:00+00:00,2668.51,2549.4,-0.04463539578266529,-0.04559828545838718,0.0009628896757218897,5.041924062981029,1
LINK,long,2024-08-15 12:00:00+00:00,2024-08-15 16:00:00+00:00,2024-08-15 20:00:00+00:00,10.636,10.073,-0.05293343362166214,-0.05417076068710547,0.0012373270654433277,6.536688716426203,1
SOL,long,2024-08-15 12:00:00+00:00,2024-08-15 16:00:00+00:00,2024-08-15 20:00:00+00:00,145.98,139.95,-0.04130702836004929,-0.04245694739090111,0.0011499190308518203,6.000925858297193,1
ADA,short,2024-08-16 12:00:00+00:00,2024-08-16 16:00:00+00:00,2024-08-16 20:00:00+00:00,0.324,0.3317,-0.023213747362074155,-0.025163179787922596,0.0019494324258484408,9.988775255673833,1
ETH,short,2024-08-16 12:00:00+00:00,2024-08-16 16:00:00+00:00,2024-08-16 20:00:00+00:00,2568.88,2620.7,-0.019773342999961696,-0.02076129055812581,0.000987947558164115,5.041924062981029,1
XRP,short,2024-08-16 12:00:00+00:00,2024-08-16 16:00:00+00:00,2024-08-16 20:00:00+00:00,0.5579,0.5667,-0.015528498323628126,-0.01665856659735221,0.001130068273724083,5.742762706652812,1
LINK,short,2024-08-18 20:00:00+00:00,2024-08-19 00:00:00+00:00,2024-08-19 04:00:00+00:00,10.082,10.169,-0.00855541351165301,-0.0098507197385852,0.0012953062269321913,6.536688716426203,1
XRP,short,2024-08-18 20:00:00+00:00,2024-08-19 00:00:00+00:00,2024-08-19 04:00:00+00:00,0.563,0.5664,-0.006002824858757139,-0.007143827589548124,0.0011410027307909854,5.742762706652812,1
AVAX,short,2024-08-20 12:00:00+00:00,2024-08-20 16:00:00+00:00,2024-08-20 20:00:00+00:00,21.782,22.566,-0.03474253301426922,-0.03622995457480005,0.0014874215605308327,7.710732744665526,1
BNB,short,2024-08-21 00:00:00+00:00,2024-08-21 04:00:00+00:00,2024-08-21 08:00:00+00:00,564.2,560.6,0.006421691045308542,0.005123053455834192,0.0012986375894743496,6.455921962584254,1
AVAX,long,2024-08-21 16:00:00+00:00,2024-08-21 20:00:00+00:00,2024-08-22 00:00:00+00:00,23.613,23.533,-0.003387964256977072,-0.004923701902268429,0.0015357376452913574,7.710732744665526,1
DOT,long,2024-08-21 16:00:00+00:00,2024-08-21 20:00:00+00:00,2024-08-22 00:00:00+00:00,4.725,4.663,-0.013121693121692979,-0.01490567257473241,0.0017839794530394304,9.046674492363598,1
BTC,short,2024-08-22 00:00:00+00:00,2024-08-22 04:00:00+00:00,2024-08-22 08:00:00+00:00,60543.9,60974.5,-0.007061968527827145,-0.008056981303532273,0.0009950127757051286,5.012959217987713,1
SOL,long,2024-08-23 16:00:00+00:00,2024-08-23 20:00:00+00:00,2024-08-24 00:00:00+00:00,149.72,153.28,0.02377771840769438,0.022549732476238926,0.0012279859314554553,6.000925858297193,1
LINK,short,2024-08-25 00:00:00+00:00,2024-08-25 04:00:00+00:00,2024-08-25 08:00:00+00:00,12.146,12.051,0.007883163222969003,0.006566380262897686,0.0013167829600713166,6.536688716426203,1
ADA,long,2024-08-25 12:00:00+00:00,2024-08-25 16:00:00+00:00,2024-08-25 20:00:00+00:00,0.3877,0.3863,-0.0036110394635027188,-0.0055995942196550574,0.0019885547561523387,9.988775255673833,1
DOT,long,2024-08-25 12:00:00+00:00,2024-08-25 16:00:00+00:00,2024-08-25 20:00:00+00:00,4.865,4.826,-0.008016443987667099,-0.009809652197174334,0.0017932082095072355,9.046674492363598,1
SOL,long,2024-08-25 12:00:00+00:00,2024-08-25 16:00:00+00:00,2024-08-25 20:00:00+00:00,159.38,159.1,-0.0017568076295645385,-0.0029541657810083777,0.0011973581514438392,6.000925858297193,1
LINK,short,2024-08-26 12:00:00+00:00,2024-08-26 16:00:00+00:00,2024-08-26 20:00:00+00:00,12.195,11.99,0.017097581317764732,0.015768759870320226,0.001328821447444506,6.536688716426203,1
SOL,short,2024-08-27 08:00:00+00:00,2024-08-27 12:00:00+00:00,2024-08-27 16:00:00+00:00,154.27,153.81,0.002990702815161672,0.001787650189291723,0.0012030526258699492,6.000925858297193,1
XRP,short,2024-08-27 20:00:00+00:00,2024-08-28 00:00:00+00:00,2024-08-28 04:00:00+00:00,0.5666,0.5676,-0.0017618040873854657,-0.0029076750576465527,0.001145870970261087,5.742762706652812,1
BNB,long,2024-08-30 08:00:00+00:00,2024-08-30 12:00:00+00:00,2024-08-30 16:00:00+00:00,538.3,523.6,-0.02730819245773719,-0.028563306646439135,0.0012551141887019446,6.455921962584254,1
DOT,short,2024-08-30 12:00:00+00:00,2024-08-30 16:00:00+00:00,2024-08-30 20:00:00+00:00,4.12,4.223,-0.024390243902438935,-0.026153853201510646,0.0017636092990717112,9.046674492363598,1
SOL,long,2024-09-04 04:00:00+00:00,2024-09-04 08:00:00+00:00,2024-09-04 12:00:00+00:00,130.31,128.4,-0.014657355536796812,-0.01583923992762526,0.001181884390828447,6.000925858297193,1
ADA,long,2024-09-07 00:00:00+00:00,2024-09-07 04:00:00+00:00,2024-09-07 08:00:00+00:00,0.3184,0.3234,0.01570351758793964,0.013676415581858947,0.0020271020060806944,9.988775255673833,1
AVAX,short,2024-09-08 12:00:00+00:00,2024-09-08 16:00:00+00:00,2024-09-08 20:00:00+00:00,22.469,22.958,-0.021299764787873432,-0.022807901094445526,0.0015081363065720943,7.710732744665526,1
BNB,short,2024-09-08 12:00:00+00:00,2024-09-08 16:00:00+00:00,2024-09-08 20:00:00+00:00,491.6,495.4,-0.007670569236980174,-0.008951022859350233,0.001280453622370059,6.455921962584254,1
LINK,short,2024-09-09 12:00:00+00:00,2024-09-09 16:00:00+00:00,2024-09-09 20:00:00+00:00,10.387,10.62,-0.021939736346515915,-0.023217556173353304,0.0012778198268373897,6.536688716426203,1
BTC,short,2024-09-10 00:00:00+00:00,2024-09-10 04:00:00+00:00,2024-09-10 08:00:00+00:00,56532.1,57218.5,-0.011996120135970068,-0.0129861884501562,0.0009900683141861322,5.012959217987713,1
DOT,short,2024-09-10 00:00:00+00:00,2024-09-10 04:00:00+00:00,2024-09-10 08:00:00+00:00,4.237,4.261,-0.005632480638347759,-0.007429998337284971,0.0017975176989372121,9.046674492363598,1
LINK,short,2024-09-10 00:00:00+00:00,2024-09-10 04:00:00+00:00,2024-09-10 08:00:00+00:00,10.356,10.526,-0.01615048451453538,-0.01743586790473195,0.0012853833901965706,6.536688716426203,1
BTC,short,2024-09-10 12:00:00+00:00,2024-09-10 16:00:00+00:00,2024-09-10 20:00:00+00:00,56593.1,57950.1,-0.023416698159278382,-0.02439532203214101,0.0009786238728626273,5.012959217987713,1
ETH,short,2024-09-10 12:00:00+00:00,2024-09-10 16:00:00+00:00,2024-09-10 20:00:00+00:00,2324.81,2381.02,-0.023607529546160855,-0.024591612717237754,0.0009840831710768994,5.041924062981029,1
AVAX,short,2024-09-11 00:00:00+00:00,2024-09-11 04:00:00+00:00,2024-09-11 08:00:00+00:00,23.847,23.635,0.008969748254707088,0.0074149678890456094,0.001554780365661479,7.710732744665526,1
BTC,short,2024-09-11 00:00:00+00:00,2024-09-11 04:00:00+00:00,2024-09-11 08:00:00+00:00,56825.0,56704.6,0.0021232845307082027,0.001119067309356403,0.0010042172213517997,5.012959217987713,1
DOT,short,2024-09-11 00:00:00+00:00,2024-09-11 04:00:00+00:00,2024-09-11 08:00:00+00:00,4.182,4.15,0.007710843373494036,0.005889204953991367,0.0018216384195026691,9.046674492363598,1
LINK,short,2024-09-11 00:00:00+00:00,2024-09-11 04:00:00+00:00,2024-09-11 08:00:00+00:00,10.438,10.483,-0.004292664313650718,-0.005593539753078747,0.0013008754394280286,6.536688716426203,1
SOL,short,2024-09-11 00:00:00+00:00,2024-09-11 04:00:00+00:00,2024-09-11 08:00:00+00:00,133.66,132.41,0.009440374594063883,0.008229585810173745,0.0012107887838901377,6.000925858297193,1
ADA,long,2024-09-11 16:00:00+00:00,2024-09-11 20:00:00+00:00,2024-09-12 00:00:00+00:00,0.3475,0.3532,0.016402877697841767,0.014374379935758297,0.00202849776208347,9.988775255673833,1
XRP,short,2024-09-15 20:00:00+00:00,2024-09-16 00:00:00+00:00,2024-09-16 04:00:00+00:00,0.5707,0.5683,0.004223121590709145,0.0030703805641609794,0.0011527410265481652,5.742762706652812,1
AVAX,short,2024-09-16 12:00:00+00:00,2024-09-16 16:00:00+00:00,2024-09-16 20:00:00+00:00,23.515,23.463,0.002216255380812271,0.0006718818664348536,0.0015443735143774173,7.710732744665526,1
DOT,short,2024-09-16 12:00:00+00:00,2024-09-16 16:00:00+00:00,2024-09-16 20:00:00+00:00,4.235,4.218,0.004030346135609486,0.0022153609492396864,0.0018149851863697997,9.046674492363598,1
ETH,short,2024-09-16 12:00:00+00:00,2024-09-16 16:00:00+00:00,2024-09-16 20:00:00+00:00,2287.78,2275.34,0.005467314774934673,0.004453927747197994,0.0010133870277366785,5.041924062981029,1
XRP,short,2024-09-17 20:00:00+00:00,2024-09-18 00:00:00+00:00,2024-09-18 04:00:00+00:00,0.5838,0.5803,0.00603136308805774,0.004876546393149717,0.001154816694908023,5.742762706652812,1
ADA,long,2024-09-18 00:00:00+00:00,2024-09-18 04:00:00+00:00,2024-09-18 08:00:00+00:00,0.3366,0.3338,-0.008318478906714222,-0.010297638736322057,0.001979159829607835,9.988775255673833,1
SOL,short,2024-09-20 12:00:00+00:00,2024-09-20 16:00:00+00:00,2024-09-20 20:00:00+00:00,147.85,146.67,0.008045271698370549,0.0068361562921073205,0.0012091154062632281,6.000925858297193,1
AVAX,short,2024-09-23 08:00:00+00:00,2024-09-23 12:00:00+00:00,2024-09-23 16:00:00+00:00,27.337,27.569,-0.00841524901157098,-0.009943239820406125,0.0015279908088351446,7.710732744665526,1
ADA,long,2024-09-23 12:00:00+00:00,2024-09-23 16:00:00+00:00,2024-09-23 20:00:00+00:00,0.3566,0.3612,0.012899607403253022,0.010878101333251955,0.0020215060700010667,9.988775255673833,1
BNB,long,2024-09-23 12:00:00+00:00,2024-09-23 16:00:00+00:00,2024-09-23 20:00:00+00:00,601.0,612.7,0.019467554076539217,0.018152082740067632,0.0013154713364715853,6.455921962584254,1
ETH,short,2024-09-23 20:00:00+00:00,2024-09-24 00:00:00+00:00,2024-09-24 04:00:00+00:00,2647.56,2628.07,0.007416088612555827,0.006400737461174089,0.0010153511513817381,5.041924062981029,1
BTC,short,2024-09-24 12:00:00+00:00,2024-09-24 16:00:00+00:00,2024-09-24 20:00:00+00:00,63164.3,64287.6,-0.017473043012960487,-0.018457622960238007,0.0009845799472775196,5.012959217987713,1
ETH,short,2024-09-24 12:00:00+00:00,2024-09-24 16:00:00+00:00,2024-09-24 20:00:00+00:00,2613.07,2650.37,-0.01407350671792984,-0.015067199007984922,0.0009936922900550815,5.041924062981029,1
SOL,short,2024-09-25 04:00:00+00:00,2024-09-25 08:00:00+00:00,2024-09-25 12:00:00+00:00,149.81,150.95,-0.007552169592580205,-0.008742576407976821,0.0011904068153966163,6.000925858297193,1
ETH,long,2024-09-26 00:00:00+00:00,2024-09-26 04:00:00+00:00,2024-09-26 08:00:00+00:00,2602.5,2629.4,0.01033621517771377,0.009317920898955556,0.0010182942787582139,5.041924062981029,1
DOT,long,2024-09-26 04:00:00+00:00,2024-09-26 08:00:00+00:00,2024-09-26 12:00:00+00:00,4.808,4.765,-0.008943427620632272,-0.010734960122260606,0.0017915325016283346,9.046674492363598,1
SOL,long,2024-09-26 04:00:00+00:00,2024-09-26 08:00:00+00:00,2024-09-26 12:00:00+00:00,151.83,152.98,0.007574260686293632,0.006365710241433842,0.0012085504448597906,6.000925858297193,1
ETH,short,2024-09-26 20:00:00+00:00,2024-09-27 00:00:00+00:00,2024-09-27 04:00:00+00:00,2632.0,2638.92,-0.0026222848741151994,-0.003627518583267375,0.0010052337091521757,5.041924062981029,1
BNB,long,2024-09-27 00:00:00+00:00,2024-09-27 04:00:00+00:00,2024-09-27 08:00:00+00:00,604.7,604.2,-0.0008268562923763323,-0.002116140708995351,0.0012892844166190187,6.455921962584254,1
DOT,long,2024-09-27 00:00:00+00:00,2024-09-27 04:00:00+00:00,2024-09-27 08:00:00+00:00,4.929,4.888,-0.008318117265165403,-0.010110780140030418,0.0017926628748650142,9.046674492363598,1
ADA,short,2024-09-27 08:00:00+00:00,2024-09-27 12:00:00+00:00,2024-09-27 16:00:00+00:00,0.4025,0.4043,-0.004452139500370933,-0.006439015621427124,0.0019868761210561914,9.988775255673833,1
ADA,long,2024-09-29 12:00:00+00:00,2024-09-29 16:00:00+00:00,2024-09-29 20:00:00+00:00,0.4004,0.4037,0.008241758241758212,0.006229548127925311,0.002012210113832902,9.988775255673833,1
DOT,long,2024-09-29 12:00:00+00:00,2024-09-29 16:00:00+00:00,2024-09-29 20:00:00+00:00,4.779,4.837,0.01213643021552624,0.01030679166476256,0.0018296385507636792,9.046674492363598,1
AVAX,short,2024-09-30 00:00:00+00:00,2024-09-30 04:00:00+00:00,2024-09-30 08:00:00+00:00,28.59,28.965,-0.012946659761781443,-0.014467667855351585,0.001521008093570142,7.710732744665526,1
SOL,short,2024-09-30 00:00:00+00:00,2024-09-30 04:00:00+00:00,2024-09-30 08:00:00+00:00,156.21,156.88,-0.004270780214176373,-0.0054651229425353165,0.0011943427283589436,6.000925858297193,1
SOL,short,2024-10-01 12:00:00+00:00,2024-10-01 16:00:00+00:00,2024-10-01 20:00:00+00:00,149.61,145.41,0.02888384567773894,0.027649735123390196,0.001234110554348744,6.000925858297193,1
ADA,short,2024-10-02 08:00:00+00:00,2024-10-02 12:00:00+00:00,2024-10-02 16:00:00+00:00,0.3506,0.3519,-0.003694231315714558,-0.005682620040768693,0.0019883887250541354,9.988775255673833,1
BTC,short,2024-10-02 08:00:00+00:00,2024-10-02 12:00:00+00:00,2024-10-02 16:00:00+00:00,61170.1,61864.0,-0.011216539506013201,-0.01220738902976326,0.0009908495237500592,5.012959217987713,1
ETH,short,2024-10-02 08:00:00+00:00,2024-10-02 12:00:00+00:00,2024-10-02 16:00:00+00:00,2455.09,2460.31,-0.002121683852847722,-0.003127422106079525,0.0010057382532318027,5.041924062981029,1
ADA,long,2024-10-03 00:00:00+00:00,2024-10-03 04:00:00+00:00,2024-10-03 08:00:00+00:00,0.3491,0.3425,-0.018905757662560863,-0.020863787808522605,0.001958030145961742,9.988775255673833,1
BNB,long,2024-10-03 00:00:00+00:00,2024-10-03 04:00:00+00:00,2024-10-03 08:00:00+00:00,549.7,545.1,-0.008368200836820106,-0.009647754269312414,0.0012795534324923086,6.455921962584254,1
BTC,long,2024-10-03 00:00:00+00:00,2024-10-03 04:00:00+00:00,2024-10-03 08:00:00+00:00,61460.3,60929.8,-0.00863158819595744,-0.009625028072273834,0.0009934398763163932,5.012959217987713,1
LINK,long,2024-10-03 00:00:00+00:00,2024-10-03 04:00:00+00:00,2024-10-03 08:00:00+00:00,10.837,10.634,-0.018732121435821703,-0.02001413195936963,0.0012820105235479273,6.536688716426203,1
SOL,long,2024-10-03 00:00:00+00:00,2024-10-03 04:00:00+00:00,2024-10-03 08:00:00+00:00,142.87,139.9,-0.020788129068383787,-0.021962659808599905,0.0011745307402161176,6.000925858297193,1
LINK,long,2024-10-07 00:00:00+00:00,2024-10-07 04:00:00+00:00,2024-10-07 08:00:00+00:00,11.605,11.55,-0.004739336492890933,-0.006039628362381699,0.0013002918694907661,6.536688716426203,1
XRP,long,2024-10-07 00:00:00+00:00,2024-10-07 04:00:00+00:00,2024-10-07 08:00:00+00:00,0.5407,0.5402,-0.0009247272054743183,-0.002071559050707883,0.0011468318452335646,5.742762706652812,1
DOT,short,2024-10-07 08:00:00+00:00,2024-10-07 12:00:00+00:00,2024-10-07 16:00:00+00:00,4.185,4.2,-0.0035714285714286698,-0.00537267203322167,0.0018012434617930007,9.046674492363598,1
XRP,short,2024-10-07 20:00:00+00:00,2024-10-08 00:00:00+00:00,2024-10-08 04:00:00+00:00,0.5285,0.5322,-0.006952273581360413,-0.008092186446292171,0.001139912864931758,5.742762706652812,1
DOT,short,2024-10-10 16:00:00+00:00,2024-10-10 20:00:00+00:00,2024-10-11 00:00:00+00:00,4.029,4.074,-0.011045655375552244,-0.01283338768105291,0.0017877323055006666,9.046674492363598,1
XRP,long,2024-10-11 00:00:00+00:00,2024-10-11 04:00:00+00:00,2024-10-11 08:00:00+00:00,0.5352,0.5383,0.005792227204783229,0.004637685012361059,0.00115454219242217,5.742762706652812,1
DOT,short,2024-10-12 16:00:00+00:00,2024-10-12 20:00:00+00:00,2024-10-13 00:00:00+00:00,4.204,4.205,-0.0002378121284186685,-0.002045081767094059,0.0018072696386753906,9.046674492363598,1
AVAX,short,2024-10-12 20:00:00+00:00,2024-10-13 00:00:00+00:00,2024-10-13 04:00:00+00:00,28.626,28.799,-0.006007153026146628,-0.00753885461061532,0.001531701584468692,7.710732744665526,1
ADA,long,2024-10-13 00:00:00+00:00,2024-10-13 04:00:00+00:00,2024-10-13 08:00:00+00:00,0.355,0.3587,0.01042253521126768,0.008405972786653892,0.002016562424613788,9.988775255673833,1
AVAX,long,2024-10-13 20:00:00+00:00,2024-10-14 00:00:00+00:00,2024-10-14 04:00:00+00:00,29.062,29.736,0.023191796848117896,0.021615100897820927,0.001576695950296969,7.710732744665526,1
DOT,long,2024-10-13 20:00:00+00:00,2024-10-14 00:00:00+00:00,2024-10-14 04:00:00+00:00,4.163,4.256,0.022339658899831916,0.02049157597735518,0.0018480829224767348,9.046674492363598,1
SOL,long,2024-10-13 20:00:00+00:00,2024-10-14 00:00:00+00:00,2024-10-14 04:00:00+00:00,147.74,152.49,0.03215107621497215,0.030913046730701055,0.001238029484271097,6.000925858297193,1
SOL,long,2024-10-15 16:00:00+00:00,2024-10-15 20:00:00+00:00,2024-10-16 00:00:00+00:00,155.18,154.75,-0.002770975641190887,-0.003967117333213865,0.0011961416920229784,6.000925858297193,1
XRP,long,2024-10-15 16:00:00+00:00,2024-10-15 20:00:00+00:00,2024-10-16 00:00:00+00:00,0.5439,0.5416,-0.004228718514432961,-0.005371757730069371,0.00114303921563641,5.742762706652812,1
AVAX,long,2024-10-16 20:00:00+00:00,2024-10-17 00:00:00+00:00,2024-10-17 04:00:00+00:00,28.024,28.066,0.0014987153868113445,-4.455242831591377e-05,0.0015432678151272583,7.710732744665526,1
XRP,long,2024-10-17 04:00:00+00:00,2024-10-17 08:00:00+00:00,2024-10-17 12:00:00+00:00,0.5546,0.5526,-0.0036062026685900195,-0.004749956466015504,0.0011437537974254841,5.742762706652812,1
ETH,short,2024-10-17 08:00:00+00:00,2024-10-17 12:00:00+00:00,2024-10-17 16:00:00+00:00,2598.15,2630.82,-0.012418181403516804,-0.013413542057302275,0.000995360653785471,5.041924062981029,1
ADA,long,2024-10-18 00:00:00+00:00,2024-10-18 04:00:00+00:00,2024-10-18 08:00:00+00:00,0.3463,0.3477,0.004042737510828731,0.0020389076410334273,0.002003829869795304,9.988775255673833,1
SOL,long,2024-10-18 00:00:00+00:00,2024-10-18 04:00:00+00:00,2024-10-18 08:00:00+00:00,151.89,153.91,0.013299098031470225,0.012083680842400746,0.0012154171890694787,6.000925858297193,1
ADA,short,2024-10-19 08:00:00+00:00,2024-10-19 12:00:00+00:00,2024-10-19 16:00:00+00:00,0.3496,0.3518,-0.006253553155201708,-0.008236834084186517,0.0019832809289848097,9.988775255673833,1
DOT,short,2024-10-19 08:00:00+00:00,2024-10-19 12:00:00+00:00,2024-10-19 16:00:00+00:00,4.331,4.407,-0.01724529158157473,-0.019021816807609726,0.0017765252260349973,9.046674492363598,1
XRP,long,2024-10-20 12:00:00+00:00,2024-10-20 16:00:00+00:00,2024-10-20 20:00:00+00:00,0.5447,0.5426,-0.0038553332109417804,-0.004998801033078926,0.0011434678221371453,5.742762706652812,1
BTC,short,2024-10-21 04:00:00+00:00,2024-10-21 08:00:00+00:00,2024-10-21 12:00:00+00:00,68510.6,68266.0,0.0035830428031524697,0.0025773627733627347,0.001005680029789735,5.012959217987713,1
SOL,short,2024-10-21 08:00:00+00:00,2024-10-21 12:00:00+00:00,2024-10-21 16:00:00+00:00,166.5,165.28,0.0073814133591481035,0.00617309422798118,0.001208319131166924,6.000925858297193,1
ETH,long,2024-10-24 00:00:00+00:00,2024-10-24 04:00:00+00:00,2024-10-24 08:00:00+00:00,2544.99,2544.53,-0.00018074727209127506,-0.001188441749979674,0.001007694477888399,5.041924062981029,1
AVAX,short,2024-10-24 08:00:00+00:00,2024-10-24 12:00:00+00:00,2024-10-24 16:00:00+00:00,26.599,26.796,-0.007351843558740079,-0.008881473031094878,0.0015296294723547987,7.710732744665526,1
ADA,long,2024-10-24 16:00:00+00:00,2024-10-24 20:00:00+00:00,2024-10-25 00:00:00+00:00,0.3484,0.3465,-0.005453501722158527,-0.007438379363015057,0.0019848776408565305,9.988775255673833,1
DOT,short,2024-10-25 00:00:00+00:00,2024-10-25 04:00:00+00:00,2024-10-25 08:00:00+00:00,4.16,4.122,0.009218825812712383,0.00739446141406086,0.0018243643986515234,9.046674492363598,1
ETH,short,2024-10-25 00:00:00+00:00,2024-10-25 04:00:00+00:00,2024-10-25 08:00:00+00:00,2521.74,2484.43,0.015017529171681199,0.013994516705862603,0.0010230124658185957,5.041924062981029,1
SOL,short,2024-10-25 00:00:00+00:00,2024-10-25 04:00:00+00:00,2024-10-25 08:00:00+00:00,174.72,171.95,0.016109334108752593,0.014890546138794925,0.0012187879699576687,6.000925858297193,1
XRP,short,2024-10-25 00:00:00+00:00,2024-10-25 04:00:00+00:00,2024-10-25 08:00:00+00:00,0.5289,0.5238,0.009736540664375681,0.008577470820828381,0.0011590698435473001,5.742762706652812,1
ADA,short,2024-10-25 16:00:00+00:00,2024-10-25 20:00:00+00:00,2024-10-26 00:00:00+00:00,0.3363,0.326,0.031595092024539806,0.029536274225550496,0.0020588177989893097,9.988775255673833,1
DOT,short,2024-10-25 16:00:00+00:00,2024-10-25 20:00:00+00:00,2024-10-26 00:00:00+00:00,4.096,3.995,0.025281602002503067,0.023428200930857734,0.001853401071645333,9.046674492363598,1
SOL,short,2024-10-25 16:00:00+00:00,2024-10-25 20:00:00+00:00,2024-10-26 00:00:00+00:00,168.0,164.84,0.019170104343605887,0.017947645085711228,0.0012224592578946591,6.000925858297193,1
AVAX,long,2024-10-28 20:00:00+00:00,2024-10-29 00:00:00+00:00,2024-10-29 04:00:00+00:00,26.262,26.802,0.020562028786840214,0.018989385199614794,0.0015726435872254196,7.710732744665526,1
ETH,long,2024-10-28 20:00:00+00:00,2024-10-29 00:00:00+00:00,2024-10-29 04:00:00+00:00,2567.46,2608.19,0.015863927772974185,0.01484006224176948,0.001023865531204704,5.041924062981029,1
ADA,short,2024-10-30 08:00:00+00:00,2024-10-30 12:00:00+00:00,2024-10-30 16:00:00+00:00,0.3521,0.3545,-0.006770098730606411,-0.008752348757803063,0.0019822500271966526,9.988775255673833,1
BNB,short,2024-11-03 00:00:00+00:00,2024-11-03 04:00:00+00:00,2024-11-03 08:00:00+00:00,562.1,563.6,-0.002661462029808326,-0.003948379160434223,0.0012869171306258975,6.455921962584254,1
XRP,short,2024-11-03 12:00:00+00:00,2024-11-03 16:00:00+00:00,2024-11-03 20:00:00+00:00,0.4969,0.5007,-0.007589374875174859,-0.008728556415778743,0.001139181540603884,5.742762706652812,1
SOL,short,2024-11-04 16:00:00+00:00,2024-11-04 20:00:00+00:00,2024-11-05 00:00:00+00:00,159.62,157.95,0.010572966128521877,0.009360818840294938,0.001212147288226939,6.000925858297193,1
XRP,short,2024-11-04 16:00:00+00:00,2024-11-04 20:00:00+00:00,2024-11-05 00:00:00+00:00,0.5064,0.5033,0.006159348301211898,0.00500438469293063,0.0011549636082812675,5.742762706652812,1
BTC,long,2024-11-05 00:00:00+00:00,2024-11-05 04:00:00+00:00,2024-11-05 08:00:00+00:00,68237.1,68893.7,0.009622331546915053,0.008610599609286451,0.0010117319376286016,5.012959217987713,1
XRP,long,2024-11-05 04:00:00+00:00,2024-11-05 08:00:00+00:00,2024-11-05 12:00:00+00:00,0.5147,0.5092,-0.010685836409559113,-0.011821463542610489,0.0011356271330513756,5.742762706652812,1
BNB,long,2024-11-06 00:00:00+00:00,2024-11-06 04:00:00+00:00,2024-11-06 08:00:00+00:00,582.0,584.0,0.0034364261168384758,0.002141640567999703,0.0012947855488387727,6.455921962584254,1
XRP,short,2024-11-07 08:00:00+00:00,2024-11-07 12:00:00+00:00,2024-11-07 16:00:00+00:00,0.5473,0.5497,-0.004366017827906021,-0.005508899438575576,0.001142881610669555,5.742762706652812,1
ADA,long,2024-11-07 12:00:00+00:00,2024-11-07 16:00:00+00:00,2024-11-07 20:00:00+00:00,0.3886,0.3933,0.012094698919197011,0.010074799254583322,0.002019899664613689,9.988775255673833,1
AVAX,long,2024-11-09 20:00:00+00:00,2024-11-10 00:00:00+00:00,2024-11-10 04:00:00+00:00,30.376,30.482,0.0034895970503028284,0.0019432613694383427,0.0015463356808644857,7.710732744665526,1
XRP,long,2024-11-09 20:00:00+00:00,2024-11-10 00:00:00+00:00,2024-11-10 04:00:00+00:00,0.5594,0.5715,0.021630318198069265,0.020457595566582,0.0011727226314872663,5.742762706652812,1
BNB,short,2024-11-10 16:00:00+00:00,2024-11-10 20:00:00+00:00,2024-11-11 00:00:00+00:00,629.7,627.4,0.003665922856232129,0.0023708411759655323,0.0012950816802665965,6.455921962584254,1
ETH,short,2024-11-10 16:00:00+00:00,2024-11-10 20:00:00+00:00,2024-11-11 00:00:00+00:00,3165.01,3184.01,-0.0059673179418406885,-0.006969180270274156,0.0010018623284334671,5.041924062981029,1
ETH,long,2024-11-13 12:00:00+00:00,2024-11-13 16:00:00+00:00,2024-11-13 20:00:00+00:00,3310.43,3159.02,-0.04573726071839601,-0.046699039850179314,0.0009617791317833024,5.041924062981029,1
LINK,long,2024-11-15 20:00:00+00:00,2024-11-16 00:00:00+00:00,2024-11-16 04:00:00+00:00,13.844,14.259,0.029976885293267808,0.028631237244654217,0.0013456480486135902,6.536688716426203,1
LINK,short,2024-11-17 00:00:00+00:00,2024-11-17 04:00:00+00:00,2024-11-17 08:00:00+00:00,14.138,14.433,-0.020439271114806368,-0.02171905127506457,0.0012797801602582037,6.536688716426203,1
XRP,long,2024-11-18 00:00:00+00:00,2024-11-18 04:00:00+00:00,2024-11-18 08:00:00+00:00,1.1179,1.1704,0.046963055729492886,0.045761253817475867,0.0012018019120170198,5.742762706652812,1
BNB,short,2024-11-18 08:00:00+00:00,2024-11-18 12:00:00+00:00,2024-11-18 16:00:00+00:00,615.9,624.2,-0.013297020185838004,-0.014570213709620639,0.0012731935237826342,6.455921962584254,1
AVAX,long,2024-11-20 08:00:00+00:00,2024-11-20 12:00:00+00:00,2024-11-20 16:00:00+00:00,34.811,34.857,0.0013214213897905225,-0.00022157322267024604,0.0015429946124607685,7.710732744665526,1
