instrument,side,signal_time,entry_time,exit_time,entry_open,exit_open,gross,net,fees_slippage,side_cost_bps,bars_held
SOL,long,2023-01-22 00:00:00+00:00,2023-01-22 04:00:00+00:00,2023-01-23 20:00:00+00:00,25.015,24.155,-0.03437937237657407,-0.03553760089095204,0.001158228514377968,6.000925858297193,10
ETH,long,2023-01-22 00:00:00+00:00,2023-01-22 04:00:00+00:00,2023-01-24 04:00:00+00:00,1623.3,1639.19,0.009788702026735763,0.008770959573697334,0.0010177424530384283,5.041924062981029,12
ETH,short,2023-01-24 00:00:00+00:00,2023-01-24 04:00:00+00:00,2023-01-24 12:00:00+00:00,1639.19,1625.63,0.00834138149517405,0.007325097762702848,0.0010162837324712015,5.041924062981029,2
ETH,long,2023-01-24 08:00:00+00:00,2023-01-24 12:00:00+00:00,2023-01-24 20:00:00+00:00,1625.63,1622.74,-0.0017777723098122422,-0.0027838571834575276,0.0010060848736452854,5.041924062981029,2
ADA,long,2023-01-22 00:00:00+00:00,2023-01-22 04:00:00+00:00,2023-01-25 04:00:00+00:00,0.36491,0.35415,-0.029486722753555683,-0.03142363581644059,0.001936913062884904,9.988775255673833,18
LINK,long,2023-01-22 00:00:00+00:00,2023-01-22 04:00:00+00:00,2023-01-25 04:00:00+00:00,6.872,6.689,-0.026629802095459842,-0.027901494427677642,0.0012716923322177998,6.536688716426203,18
AVAX,long,2023-01-22 00:00:00+00:00,2023-01-22 04:00:00+00:00,2023-01-25 08:00:00+00:00,16.95,17.3,0.0206489675516226,0.019076189995381077,0.0015727775562415225,7.710732744665526,19
DOT,long,2023-01-22 00:00:00+00:00,2023-01-22 04:00:00+00:00,2023-01-25 08:00:00+00:00,6.209,6.261,0.00837493960380109,0.0065521006978539464,0.001822838905947144,9.046674492363598,19
BNB,long,2023-01-22 00:00:00+00:00,2023-01-22 04:00:00+00:00,2023-01-25 12:00:00+00:00,300.49,300.63,0.0004659056873772549,-0.0008250468464099381,0.001290952533787193,6.455921962584254,20
BTC,long,2023-01-22 00:00:00+00:00,2023-01-22 04:00:00+00:00,2023-01-25 12:00:00+00:00,22769.9,22601.1,-0.007413295622730187,-0.00840795633724234,0.0009946607145121522,5.012959217987713,20
XRP,long,2023-01-22 00:00:00+00:00,2023-01-22 04:00:00+00:00,2023-01-25 12:00:00+00:00,0.40448,0.40532,0.002076740506329111,0.0009264632963186248,0.0011502772100104863,5.742762706652812,20
BTC,short,2023-01-25 08:00:00+00:00,2023-01-25 12:00:00+00:00,2023-01-26 08:00:00+00:00,22601.1,22968.3,-0.015987251995141172,-0.016973320837997297,0.0009860688428561248,5.012959217987713,5
ADA,short,2023-01-25 00:00:00+00:00,2023-01-25 04:00:00+00:00,2023-01-26 12:00:00+00:00,0.35415,0.37411,-0.053353291812568426,-0.05524257289507717,0.0018892810825087425,9.988775255673833,8
AVAX,short,2023-01-25 04:00:00+00:00,2023-01-25 08:00:00+00:00,2023-01-26 12:00:00+00:00,17.3,17.94,-0.035674470457079166,-0.03716045594081907,0.0014859854837399045,7.710732744665526,7
SOL,short,2023-01-23 16:00:00+00:00,2023-01-23 20:00:00+00:00,2023-01-26 12:00:00+00:00,24.155,24.302,-0.006048884865443083,-0.007241094818828286,0.0011922099533852037,6.000925858297193,16
ETH,short,2023-01-24 16:00:00+00:00,2023-01-24 20:00:00+00:00,2023-01-26 16:00:00+00:00,1622.74,1590.25,0.020430749882093924,0.019402281557526324,0.0010284683245675996,5.041924062981029,11
DOT,short,2023-01-25 04:00:00+00:00,2023-01-25 08:00:00+00:00,2023-01-26 20:00:00+00:00,6.261,6.456,-0.030204460966542834,-0.03195755990815141,0.0017530989416085774,9.046674492363598,9
LINK,short,2023-01-25 00:00:00+00:00,2023-01-25 04:00:00+00:00,2023-01-26 20:00:00+00:00,6.689,7.128,-0.06158810325476993,-0.06281412313510104,0.0012260198803311084,6.536688716426203,10
ETH,long,2023-01-26 12:00:00+00:00,2023-01-26 16:00:00+00:00,2023-01-27 16:00:00+00:00,1590.25,1574.73,-0.009759471781166429,-0.010757512086296495,0.0009980403051300657,5.041924062981029,6
SOL,long,2023-01-26 08:00:00+00:00,2023-01-26 12:00:00+00:00,2023-01-27 20:00:00+00:00,24.302,24.486,0.007571393300962903,0.006362846295432378,0.0012085470055305247,6.000925858297193,8
BNB,short,2023-01-25 08:00:00+00:00,2023-01-25 12:00:00+00:00,2023-01-28 00:00:00+00:00,300.63,308.01,-0.023960261030485985,-0.025219695227030603,0.0012594341965446176,6.455921962584254,15
ETH,short,2023-01-27 12:00:00+00:00,2023-01-27 16:00:00+00:00,2023-01-28 04:00:00+00:00,1574.73,1598.93,-0.015135121612578462,-0.016127743925770988,0.000992622313192526,5.041924062981029,3
SOL,short,2023-01-27 16:00:00+00:00,2023-01-27 20:00:00+00:00,2023-01-28 04:00:00+00:00,24.486,24.508,-0.0008976660682226134,-0.002096054730226893,0.0011983886620042794,6.000925858297193,2
XRP,short,2023-01-25 08:00:00+00:00,2023-01-25 12:00:00+00:00,2023-01-28 12:00:00+00:00,0.40532,0.41101,-0.013843945402788216,-0.014975947363579989,0.001132001960791773,5.742762706652812,18
ETH,long,2023-01-28 00:00:00+00:00,2023-01-28 04:00:00+00:00,2023-01-29 00:00:00+00:00,1598.93,1572.59,-0.016473516664269328,-0.017464790040342404,0.0009912733760730763,5.041924062981029,5
XRP,long,2023-01-28 08:00:00+00:00,2023-01-28 12:00:00+00:00,2023-01-29 04:00:00+00:00,0.41101,0.41013,-0.0021410671273204285,-0.0032865027440666106,0.001145435616746182,5.742762706652812,4
SOL,long,2023-01-28 00:00:00+00:00,2023-01-28 04:00:00+00:00,2023-01-29 08:00:00+00:00,24.508,24.153,-0.014485066100865085,-0.015667157146907362,0.0011820910460422773,6.000925858297193,7
ETH,short,2023-01-28 20:00:00+00:00,2023-01-29 00:00:00+00:00,2023-01-29 16:00:00+00:00,1572.59,1611.62,-0.024217867735570442,-0.025201335761038224,0.000983468025467782,5.041924062981029,4
XRP,short,2023-01-29 00:00:00+00:00,2023-01-29 04:00:00+00:00,2023-01-29 16:00:00+00:00,0.41013,0.41193,-0.004369674459252848,-0.005512551872499882,0.0011428774132470343,5.742762706652812,3
SOL,short,2023-01-29 04:00:00+00:00,2023-01-29 08:00:00+00:00,2023-01-29 20:00:00+00:00,24.153,26.341,-0.08306442428153837,-0.08416425676156591,0.0010998324800275405,6.000925858297193,3
DOT,long,2023-01-26 16:00:00+00:00,2023-01-26 20:00:00+00:00,2023-01-30 16:00:00+00:00,6.456,6.284,-0.026641883519207044,-0.028401422530398346,0.0017595390111913023,9.046674492363598,23
LINK,long,2023-01-26 16:00:00+00:00,2023-01-26 20:00:00+00:00,2023-01-30 16:00:00+00:00,7.128,7.021,-0.015011223344556734,-0.016298095160942494,0.0012868718163857595,6.536688716426203,23
XRP,long,2023-01-29 12:00:00+00:00,2023-01-29 16:00:00+00:00,2023-01-30 16:00:00+00:00,0.41193,0.39997,-0.029034059184813055,-0.030148624515260458,0.0011145653304474035,5.742762706652812,6
ADA,long,2023-01-26 08:00:00+00:00,2023-01-26 12:00:00+00:00,2023-01-31 00:00:00+00:00,0.37411,0.37247,-0.004383737403437449,-0.006370750038767081,0.0019870126353296325,9.988775255673833,27
BNB,long,2023-01-27 20:00:00+00:00,2023-01-28 00:00:00+00:00,2023-01-31 00:00:00+00:00,308.01,307.22,-0.0025648517905261237,-0.003851893582304977,0.0012870417917788535,6.455921962584254,18
BTC,long,2023-01-26 04:00:00+00:00,2023-01-26 08:00:00+00:00,2023-01-31 00:00:00+00:00,22968.3,22826.1,-0.006191141704000813,-0.007187027126122625,0.0009958854221218116,5.012959217987713,28
ETH,long,2023-01-29 12:00:00+00:00,2023-01-29 16:00:00+00:00,2023-01-31 00:00:00+00:00,1611.62,1566.17,-0.02820143706332745,-0.02918089014229086,0.0009794530789634104,5.041924062981029,8
SOL,long,2023-01-29 16:00:00+00:00,2023-01-29 20:00:00+00:00,2023-01-31 00:00:00+00:00,26.341,23.966,-0.09016362324892757,-0.09125494048555827,0.0010913172366306956,6.000925858297193,7
AVAX,long,2023-01-26 08:00:00+00:00,2023-01-26 12:00:00+00:00,2023-01-31 04:00:00+00:00,17.94,19.66,0.09587513935340009,0.09418644139904586,0.0016886979543542235,7.710732744665526,28
BNB,short,2023-01-30 20:00:00+00:00,2023-01-31 00:00:00+00:00,2023-02-01 00:00:00+00:00,307.22,312.1,-0.015636014098045492,-0.016906189497871815,0.0012701753998263232,6.455921962584254,6
ADA,short,2023-01-30 20:00:00+00:00,2023-01-31 00:00:00+00:00,2023-02-01 04:00:00+00:00,0.37247,0.38812,-0.040322580645161255,-0.042237867919723726,0.0019152872745624716,9.988775255673833,7
XRP,short,2023-01-30 12:00:00+00:00,2023-01-30 16:00:00+00:00,2023-02-01 12:00:00+00:00,0.39997,0.40312,-0.0078140504068267,-0.00895297404388573,0.0011389236370590305,5.742762706652812,11
BNB,long,2023-01-31 20:00:00+00:00,2023-02-01 00:00:00+00:00,2023-02-01 16:00:00+00:00,312.1,306.95,-0.01650112143543747,-0.01777018054284163,0.001269059107404158,6.455921962584254,4
BTC,short,2023-01-30 20:00:00+00:00,2023-01-31 00:00:00+00:00,2023-02-02 00:00:00+00:00,22826.1,23734.2,-0.038261243269206546,-0.039224991579278945,0.0009637483100723987,5.012959217987713,12
ETH,short,2023-01-30 20:00:00+00:00,2023-01-31 00:00:00+00:00,2023-02-02 00:00:00+00:00,1566.17,1641.73,-0.046024620369975566,-0.04698610987867602,0.0009614895087004527,5.041924062981029,12
BNB,short,2023-02-01 12:00:00+00:00,2023-02-01 16:00:00+00:00,2023-02-02 04:00:00+00:00,306.95,327.9,-0.06389143031412015,-0.06509933927240252,0.0012079089582823777,6.455921962584254,3
AVAX,short,2023-01-31 00:00:00+00:00,2023-01-31 04:00:00+00:00,2023-02-02 08:00:00+00:00,19.66,21.73,-0.09526000920386568,-0.09665417585370972,0.001394166649844042,7.710732744665526,13
DOT,short,2023-01-30 12:00:00+00:00,2023-01-30 16:00:00+00:00,2023-02-02 08:00:00+00:00,6.284,6.496,-0.03263546798029571,-0.03438417239166436,0.0017487044113686512,9.046674492363598,16
LINK,short,2023-01-30 12:00:00+00:00,2023-01-30 16:00:00+00:00,2023-02-02 08:00:00+00:00,7.021,7.24,-0.030248618784530446,-0.03151558319160197,0.0012669644070715247,6.536688716426203,16
SOL,short,2023-01-30 20:00:00+00:00,2023-01-31 00:00:00+00:00,2023-02-02 08:00:00+00:00,23.966,24.874,-0.03650398005949984,-0.037659660180513255,0.0011556801210134138,6.000925858297193,14
BTC,long,2023-02-01 20:00:00+00:00,2023-02-02 00:00:00+00:00,2023-02-04 04:00:00+00:00,23734.2,23345.9,-0.016360357627389965,-0.01734605258500954,0.0009856949576195762,5.012959217987713,13
XRP,long,2023-02-01 08:00:00+00:00,2023-02-01 12:00:00+00:00,2023-02-04 12:00:00+00:00,0.40312,0.41097,0.019473109743996853,0.018302863357712695,0.0011702463862841572,5.742762706652812,18
XRP,short,2023-02-04 08:00:00+00:00,2023-02-04 12:00:00+00:00,2023-02-04 20:00:00+00:00,0.41097,0.41656,-0.01341943537545609,-0.014551924628478097,0.0011324892530220065,5.742762706652812,2
AVAX,long,2023-02-02 04:00:00+00:00,2023-02-02 08:00:00+00:00,2023-02-05 04:00:00+00:00,21.73,20.91,-0.037735849056603765,-0.03921865804176361,0.0014828089851598447,7.710732744665526,17
SOL,long,2023-02-02 04:00:00+00:00,2023-02-02 08:00:00+00:00,2023-02-05 08:00:00+00:00,24.874,24.343,-0.0213475918629894,-0.022521451546951288,0.0011738596839618864,6.000925858297193,18
ADA,long,2023-02-01 00:00:00+00:00,2023-02-01 04:00:00+00:00,2023-02-05 12:00:00+00:00,0.38812,0.39928,0.028753993610223683,0.026700845966152187,0.0020531476440714957,9.988775255673833,26
XRP,long,2023-02-04 16:00:00+00:00,2023-02-04 20:00:00+00:00,2023-02-05 16:00:00+00:00,0.41656,0.40019,-0.03929806030343763,-0.04040084365542673,0.0011027833519891006,5.742762706652812,5
DOT,long,2023-02-02 04:00:00+00:00,2023-02-02 08:00:00+00:00,2023-02-05 20:00:00+00:00,6.496,6.591,0.01462438423645307,0.01279024821237118,0.0018341360240818894,9.046674492363598,21
LINK,long,2023-02-02 04:00:00+00:00,2023-02-02 08:00:00+00:00,2023-02-05 20:00:00+00:00,7.24,6.968,-0.037569060773480656,-0.03882646114215682,0.0012574003686761648,6.536688716426203,21
ETH,long,2023-02-01 20:00:00+00:00,2023-02-02 00:00:00+00:00,2023-02-06 00:00:00+00:00,1641.73,1629.61,-0.0073824563113301656,-0.008382892354846128,0.001000436043515962,5.041924062981029,24
BNB,long,2023-02-02 00:00:00+00:00,2023-02-02 04:00:00+00:00,2023-02-06 04:00:00+00:00,327.9,325.28,-0.00799024092711198,-0.009270282060684365,0.001280041133572385,6.455921962584254,24
BNB,short,2023-02-06 00:00:00+00:00,2023-02-06 04:00:00+00:00,2023-02-08 00:00:00+00:00,325.28,333.02,-0.02324184733649637,-0.024502208539121995,0.0012603612026256261,6.455921962584254,11
DOT,short,2023-02-05 16:00:00+00:00,2023-02-05 20:00:00+00:00,2023-02-08 04:00:00+00:00,6.591,6.938,-0.05001441337561252,-0.05173170187553111,0.00171728849991859,9.046674492363598,14
ETH,short,2023-02-05 20:00:00+00:00,2023-02-06 00:00:00+00:00,2023-02-08 04:00:00+00:00,1629.61,1680.61,-0.030346124323906154,-0.031323415822660516,0.0009772914987543624,5.041924062981029,13
LINK,short,2023-02-05 16:00:00+00:00,2023-02-05 20:00:00+00:00,2023-02-08 04:00:00+00:00,6.968,7.207,-0.03316220341334808,-0.03442536126949003,0.0012631578561419499,6.536688716426203,14
ADA,short,2023-02-05 08:00:00+00:00,2023-02-05 12:00:00+00:00,2023-02-08 08:00:00+00:00,0.39928,0.40013,-0.0021243095993801475,-0.004115831513800461,0.0019915219144203133,9.988775255673833,17
AVAX,short,2023-02-05 00:00:00+00:00,2023-02-05 04:00:00+00:00,2023-02-08 08:00:00+00:00,20.91,20.61,0.01455604075691408,0.012992652147136186,0.0015633886097778937,7.710732744665526,19
BTC,short,2023-02-04 00:00:00+00:00,2023-02-04 04:00:00+00:00,2023-02-08 08:00:00+00:00,23345.9,23238.0,0.004643256734658818,0.003636514275620284,0.0010067424590385343,5.012959217987713,25
SOL,short,2023-02-05 04:00:00+00:00,2023-02-05 08:00:00+00:00,2023-02-08 12:00:00+00:00,24.343,23.726,0.026005226333979614,0.024774568583880052,0.001230657750099562,6.000925858297193,19
XRP,short,2023-02-05 12:00:00+00:00,2023-02-05 16:00:00+00:00,2023-02-08 12:00:00+00:00,0.40019,0.40199,-0.004477723326450911,-0.005620476711123645,0.0011427533846727345,5.742762706652812,17
BNB,long,2023-02-07 20:00:00+00:00,2023-02-08 00:00:00+00:00,2023-02-09 04:00:00+00:00,333.02,319.82,-0.03963725902348203,-0.04087646438447501,0.0012392053609929787,6.455921962584254,7
BTC,long,2023-02-08 04:00:00+00:00,2023-02-08 08:00:00+00:00,2023-02-09 04:00:00+00:00,23238.0,22521.4,-0.03083742146484203,-0.03180860910879624,0.0009711876439542078,5.012959217987713,5
SOL,long,2023-02-08 08:00:00+00:00,2023-02-08 12:00:00+00:00,2023-02-09 04:00:00+00:00,23.726,22.341,-0.058374778723762843,-0.059504225578915326,0.0011294468551524828,6.000925858297193,4
AVAX,long,2023-02-08 04:00:00+00:00,2023-02-08 08:00:00+00:00,2023-02-09 08:00:00+00:00,20.61,19.69,-0.04463852498786991,-0.04611069723686689,0.0014721722489969835,7.710732744665526,6
DOT,long,2023-02-08 00:00:00+00:00,2023-02-08 04:00:00+00:00,2023-02-09 08:00:00+00:00,6.938,6.684,-0.03660997405592381,-0.038351493754521404,0.0017415196985975934,9.046674492363598,7
XRP,long,2023-02-08 08:00:00+00:00,2023-02-08 12:00:00+00:00,2023-02-09 08:00:00+00:00,0.40199,0.39382,-0.02032388865394663,-0.021448452331079393,0.0011245636771327616,5.742762706652812,5
ADA,long,2023-02-08 04:00:00+00:00,2023-02-08 08:00:00+00:00,2023-02-09 12:00:00+00:00,0.40013,0.38622,-0.0347637017969159,-0.03669008326803258,0.0019263814711166782,9.988775255673833,7
ETH,long,2023-02-08 00:00:00+00:00,2023-02-08 04:00:00+00:00,2023-02-09 12:00:00+00:00,1680.61,1633.09,-0.028275447605333737,-0.02925482609079999,0.0009793784854662535,5.041924062981029,8
LINK,long,2023-02-08 00:00:00+00:00,2023-02-08 04:00:00+00:00,2023-02-10 12:00:00+00:00,7.207,6.948,-0.03593728319689182,-0.03719681545643172,0.0012595322595398972,6.536688716426203,14
ADA,short,2023-02-09 08:00:00+00:00,2023-02-09 12:00:00+00:00,2023-02-12 16:00:00+00:00,0.38622,0.3698,0.04440237966468352,0.04231800157372101,0.002084378090962513,9.988775255673833,19
SOL,short,2023-02-09 00:00:00+00:00,2023-02-09 04:00:00+00:00,2023-02-12 20:00:00+00:00,22.341,22.036,0.013840987475040922,0.01262492030834328,0.001216067166697643,6.000925858297193,22
AVAX,short,2023-02-09 04:00:00+00:00,2023-02-09 08:00:00+00:00,2023-02-13 00:00:00+00:00,19.69,17.77,0.10804727068092301,0.1063398159790756,0.0017074547018474107,7.710732744665526,22
BNB,short,2023-02-09 00:00:00+00:00,2023-02-09 04:00:00+00:00,2023-02-13 00:00:00+00:00,319.82,312.41,0.02371883102333472,0.022397874045907873,0.001320956977426846,6.455921962584254,23
BTC,short,2023-02-09 00:00:00+00:00,2023-02-09 04:00:00+00:00,2023-02-13 00:00:00+00:00,22521.4,21785.9,0.03376036794440451,0.03272444753394588,0.001035920410458635,5.012959217987713,23
DOT,short,2023-02-09 04:00:00+00:00,2023-02-09 08:00:00+00:00,2023-02-13 00:00:00+00:00,6.684,6.18,0.08155339805825257,0.07959827448723789,0.001955123571014683,9.046674492363598,22
AVAX,long,2023-02-12 20:00:00+00:00,2023-02-13 00:00:00+00:00,2023-02-13 08:00:00+00:00,17.77,17.77,0.0,-0.0015409583571270868,0.0015409583571270868,7.710732744665526,2
DOT,long,2023-02-12 20:00:00+00:00,2023-02-13 00:00:00+00:00,2023-02-13 08:00:00+00:00,6.18,6.219,0.006310679611650549,0.00449157226752428,0.0018191073441262695,9.046674492363598,2
ADA,long,2023-02-12 12:00:00+00:00,2023-02-12 16:00:00+00:00,2023-02-13 16:00:00+00:00,0.3698,0.35175,-0.04881016765819368,-0.050708515733114745,0.0018983480749210635,9.988775255673833,6
BNB,long,2023-02-12 20:00:00+00:00,2023-02-13 00:00:00+00:00,2023-02-13 16:00:00+00:00,312.41,286.89,-0.0816875260074903,-0.08287247174963885,0.0011849457421485576,6.455921962584254,4
BTC,long,2023-02-12 20:00:00+00:00,2023-02-13 00:00:00+00:00,2023-02-13 16:00:00+00:00,21785.9,21565.0,-0.01013958569533513,-0.011131514423191047,0.0009919287278559175,5.012959217987713,4
SOL,long,2023-02-12 16:00:00+00:00,2023-02-12 20:00:00+00:00,2023-02-14 00:00:00+00:00,22.036,20.763,-0.05776910510074418,-0.05889927844043996,0.0011301733396957836,6.000925858297193,7
ADA,short,2023-02-13 12:00:00+00:00,2023-02-13 16:00:00+00:00,2023-02-14 20:00:00+00:00,0.35175,0.38919,-0.0961997995837508,-0.09800356925436371,0.0018037696706129092,9.988775255673833,7
BTC,short,2023-02-13 12:00:00+00:00,2023-02-13 16:00:00+00:00,2023-02-14 20:00:00+00:00,21565.0,22212.0,-0.029128399063569232,-0.03010129930092731,0.0009729002373580764,5.012959217987713,7
SOL,short,2023-02-13 20:00:00+00:00,2023-02-14 00:00:00+00:00,2023-02-14 20:00:00+00:00,20.763,22.025,-0.057298524404086115,-0.05842926218903677,0.0011307377849506528,6.000925858297193,5
AVAX,short,2023-02-13 04:00:00+00:00,2023-02-13 08:00:00+00:00,2023-02-15 00:00:00+00:00,17.77,18.15,-0.020936639118457223,-0.022445334986564425,0.0015086958681072016,7.710732744665526,10
ETH,short,2023-02-09 08:00:00+00:00,2023-02-09 12:00:00+00:00,2023-02-15 00:00:00+00:00,1633.09,1555.64,0.04978658301406491,0.048728527630776064,0.0010580553832888473,5.041924062981029,33
DOT,short,2023-02-13 04:00:00+00:00,2023-02-13 08:00:00+00:00,2023-02-15 04:00:00+00:00,6.219,6.181,0.006147872512538566,0.004329059474728947,0.001818813037809619,9.046674492363598,11
XRP,short,2023-02-09 04:00:00+00:00,2023-02-09 08:00:00+00:00,2023-02-15 04:00:00+00:00,0.39382,0.38025,0.03568704799474043,0.0344981897368295,0.0011888582579109297,5.742762706652812,35
LINK,short,2023-02-10 08:00:00+00:00,2023-02-10 12:00:00+00:00,2023-02-15 08:00:00+00:00,6.948,6.772,0.025989367985824074,0.02464892956371778,0.0013404384221062937,6.536688716426203,29
BNB,short,2023-02-13 12:00:00+00:00,2023-02-13 16:00:00+00:00,2023-02-15 20:00:00+00:00,286.89,307.45,-0.06687266222149946,-0.06807672434316026,0.0012040621216607983,6.455921962584254,13
XRP,long,2023-02-15 00:00:00+00:00,2023-02-15 04:00:00+00:00,2023-02-17 20:00:00+00:00,0.38025,0.39522,0.039368836291913345,0.03817575173376109,0.0011930845581522576,5.742762706652812,16
XRP,short,2023-02-17 16:00:00+00:00,2023-02-17 20:00:00+00:00,2023-02-18 08:00:00+00:00,0.39522,0.39462,0.0015204500532157716,0.00037081140530781376,0.0011496386479079579,5.742762706652812,3
XRP,long,2023-02-18 04:00:00+00:00,2023-02-18 08:00:00+00:00,2023-02-20 00:00:00+00:00,0.39462,0.38608,-0.02164107242410429,-0.02276412411476847,0.0011230516906641785,5.742762706652812,10
BNB,long,2023-02-15 16:00:00+00:00,2023-02-15 20:00:00+00:00,2023-02-20 04:00:00+00:00,307.45,316.4,0.029110424459261708,0.027782510431956675,0.0013279140273050327,6.455921962584254,26
BNB,short,2023-02-20 00:00:00+00:00,2023-02-20 04:00:00+00:00,2023-02-20 12:00:00+00:00,316.4,317.98,-0.004968865966413105,-0.006252805735250333,0.0012839397688372278,6.455921962584254,2
XRP,short,2023-02-19 20:00:00+00:00,2023-02-20 00:00:00+00:00,2023-02-20 20:00:00+00:00,0.38608,0.40331,-0.04272147975502716,-0.043820333386650256,0.001098853631623098,5.742762706652812,5
ADA,long,2023-02-14 16:00:00+00:00,2023-02-14 20:00:00+00:00,2023-02-21 16:00:00+00:00,0.38919,0.39284,0.009378452683779237,0.007363973998907758,0.002014478684871479,9.988775255673833,41
BNB,long,2023-02-20 08:00:00+00:00,2023-02-20 12:00:00+00:00,2023-02-21 16:00:00+00:00,317.98,312.85,-0.016133090131454808,-0.017402624128549427,0.0012695339970946184,6.455921962584254,7
LINK,long,2023-02-15 04:00:00+00:00,2023-02-15 08:00:00+00:00,2023-02-21 16:00:00+00:00,6.772,7.743,0.14338452451269945,0.14189071122795993,0.0014938132847395202,6.536688716426203,38
DOT,long,2023-02-15 00:00:00+00:00,2023-02-15 04:00:00+00:00,2023-02-21 20:00:00+00:00,6.181,7.312,0.18298010030739364,0.18084162773423662,0.002138472573157024,9.046674492363598,40
ETH,long,2023-02-14 20:00:00+00:00,2023-02-15 00:00:00+00:00,2023-02-21 20:00:00+00:00,1555.64,1672.19,0.07492093286364443,0.07383754515605845,0.001083387707585981,5.041924062981029,41
XRP,long,2023-02-20 16:00:00+00:00,2023-02-20 20:00:00+00:00,2023-02-22 00:00:00+00:00,0.40331,0.39191,-0.028266098038729592,-0.029381544906656898,0.0011154468679273055,5.742762706652812,7
BTC,long,2023-02-14 16:00:00+00:00,2023-02-14 20:00:00+00:00,2023-02-22 04:00:00+00:00,22212.0,24205.7,0.08975778858274808,0.08866575374502861,0.0010920348377194689,5.012959217987713,44
SOL,long,2023-02-14 16:00:00+00:00,2023-02-14 20:00:00+00:00,2023-02-22 04:00:00+00:00,22.025,24.444,0.10982973893303072,0.10849853658195752,0.0013312023510732018,6.000925858297193,44
AVAX,long,2023-02-14 20:00:00+00:00,2023-02-15 00:00:00+00:00,2023-02-23 00:00:00+00:00,18.15,20.3,0.11845730027548229,0.11673380415153312,0.0017234961239491753,7.710732744665526,48
XRP,short,2023-02-21 20:00:00+00:00,2023-02-22 00:00:00+00:00,2023-02-23 12:00:00+00:00,0.39191,0.38949,0.006213253228581017,0.005058227743192978,0.0011550254853880393,5.742762706652812,9
LINK,short,2023-02-21 12:00:00+00:00,2023-02-21 16:00:00+00:00,2023-02-23 16:00:00+00:00,7.743,7.972,-0.02872553938785749,-0.0299944936733888,0.0012689542855313096,6.536688716426203,12
XRP,long,2023-02-23 08:00:00+00:00,2023-02-23 12:00:00+00:00,2023-02-23 20:00:00+00:00,0.38949,0.39103,0.003953888418187779,0.002801456442603545,0.0011524319755842338,5.742762706652812,2
LINK,long,2023-02-23 12:00:00+00:00,2023-02-23 16:00:00+00:00,2023-02-25 04:00:00+00:00,7.972,7.386,-0.0735072754641245,-0.07471772313982294,0.001210447675698445,6.536688716426203,9
BNB,short,2023-02-21 12:00:00+00:00,2023-02-21 16:00:00+00:00,2023-02-27 00:00:00+00:00,312.85,308.54,0.013969015362675918,0.012660639073066138,0.0013083762896097806,6.455921962584254,32
BTC,short,2023-02-22 00:00:00+00:00,2023-02-22 04:00:00+00:00,2023-02-27 04:00:00+00:00,24205.7,23549.1,0.027882169594591888,0.026852139664980124,0.0010300299296117643,5.012959217987713,30
ETH,short,2023-02-21 16:00:00+00:00,2023-02-21 20:00:00+00:00,2023-02-27 04:00:00+00:00,1672.19,1639.8,0.019752408830345125,0.01872462418988352,0.0010277846404616042,5.041924062981029,32
SOL,short,2023-02-22 00:00:00+00:00,2023-02-22 04:00:00+00:00,2023-02-27 04:00:00+00:00,24.444,23.031,0.06135209066041414,0.06007903557021477,0.001273055090199371,6.000925858297193,30
SOL,long,2023-02-27 00:00:00+00:00,2023-02-27 04:00:00+00:00,2023-02-28 04:00:00+00:00,23.031,22.621,-0.017802092831401217,-0.01898020521871102,0.0011781123873098043,6.000925858297193,6
BNB,long,2023-02-26 20:00:00+00:00,2023-02-27 00:00:00+00:00,2023-02-28 12:00:00+00:00,308.54,302.3,-0.0202242821028068,-0.021488537024811016,0.0012642549220042154,6.455921962584254,9
XRP,short,2023-02-23 16:00:00+00:00,2023-02-23 20:00:00+00:00,2023-03-01 00:00:00+00:00,0.39103,0.37625,0.03928239202657813,0.03808940669722172,0.0011929853293564108,5.742762706652812,31
BTC,long,2023-02-27 00:00:00+00:00,2023-02-27 04:00:00+00:00,2023-03-01 04:00:00+00:00,23549.1,23440.2,-0.004624380549575036,-0.005621836006599046,0.0009974554570240102,5.012959217987713,12
ETH,long,2023-02-27 00:00:00+00:00,2023-02-27 04:00:00+00:00,2023-03-01 04:00:00+00:00,1639.8,1638.0,-0.001097694840834218,-0.0021044651486799015,0.0010067703078456836,5.041924062981029,12
BTC,short,2023-03-01 00:00:00+00:00,2023-03-01 04:00:00+00:00,2023-03-01 12:00:00+00:00,23440.2,23742.4,-0.012728283577060462,-0.013717618197949921,0.0009893346208894593,5.012959217987713,2
ETH,short,2023-03-01 00:00:00+00:00,2023-03-01 04:00:00+00:00,2023-03-01 12:00:00+00:00,1638.0,1656.53,-0.011186033455476196,-0.01218263596240654,0.0009966025069303441,5.041924062981029,2
LINK,short,2023-02-25 00:00:00+00:00,2023-02-25 04:00:00+00:00,2023-03-01 16:00:00+00:00,7.386,7.429,-0.0057881276080226085,-0.007087049248979405,0.001298921640956796,6.536688716426203,27
BTC,long,2023-03-01 08:00:00+00:00,2023-03-01 12:00:00+00:00,2023-03-02 20:00:00+00:00,23742.4,23466.1,-0.011637408181144449,-0.01262783595681416,0.000990427775669711,5.012959217987713,8
LINK,long,2023-03-01 12:00:00+00:00,2023-03-01 16:00:00+00:00,2023-03-02 20:00:00+00:00,7.429,7.275,-0.02072957329384839,-0.02200897417903136,0.0012794008851829686,6.536688716426203,7
XRP,long,2023-02-28 20:00:00+00:00,2023-03-01 00:00:00+00:00,2023-03-03 00:00:00+00:00,0.37625,0.3772,0.002524916943521527,0.0013741252747667687,0.0011507916687547581,5.742762706652812,12
ETH,long,2023-03-01 08:00:00+00:00,2023-03-01 12:00:00+00:00,2023-03-03 08:00:00+00:00,1656.53,1567.8,-0.05356377487881292,-0.054517665849731944,0.0009538909709190246,5.041924062981029,11
XRP,short,2023-03-02 20:00:00+00:00,2023-03-03 00:00:00+00:00,2023-03-04 20:00:00+00:00,0.3772,0.37279,0.011829716462351314,0.010668243876259975,0.0011614725860913389,5.742762706652812,11
XRP,long,2023-03-04 16:00:00+00:00,2023-03-04 20:00:00+00:00,2023-03-05 16:00:00+00:00,0.37279,0.37089,-0.005096703237747802,-0.006238746099506698,0.0011420428617588962,5.742762706652812,5
BTC,short,2023-03-02 16:00:00+00:00,2023-03-02 20:00:00+00:00,2023-03-06 20:00:00+00:00,23466.1,22395.3,0.04781360374721477,0.04676360073671426,0.001050003010500511,5.012959217987713,24
AVAX,short,2023-02-22 20:00:00+00:00,2023-02-23 00:00:00+00:00,2023-03-07 08:00:00+00:00,20.3,16.45,0.23404255319148937,0.23214094500609872,0.0019016081853906464,7.710732744665526,74
ETH,short,2023-03-03 04:00:00+00:00,2023-03-03 08:00:00+00:00,2023-03-07 08:00:00+00:00,1567.8,1571.26,-0.0022020544021995603,-0.003207711651831424,0.0010056572496318639,5.041924062981029,24
BTC,long,2023-03-06 16:00:00+00:00,2023-03-06 20:00:00+00:00,2023-03-07 20:00:00+00:00,22395.3,22127.0,-0.011980192272485701,-0.012970276547816684,0.0009900842753309824,5.012959217987713,6
ETH,long,2023-03-07 04:00:00+00:00,2023-03-07 08:00:00+00:00,2023-03-07 20:00:00+00:00,1571.26,1551.28,-0.012715909524839919,-0.013710970105404341,0.000995060580564422,5.041924062981029,3
XRP,short,2023-03-05 12:00:00+00:00,2023-03-05 16:00:00+00:00,2023-03-07 20:00:00+00:00,0.37089,0.38021,-0.024512769259093625,-0.025632524548105162,0.001119755289011537,5.742762706652812,13
AVAX,long,2023-03-07 04:00:00+00:00,2023-03-07 08:00:00+00:00,2023-03-08 00:00:00+00:00,16.45,16.17,-0.017021276595744483,-0.018536005874452255,0.0015147292787077715,7.710732744665526,4
BNB,short,2023-02-28 08:00:00+00:00,2023-02-28 12:00:00+00:00,2023-03-08 08:00:00+00:00,302.3,285.6,0.05847338935574231,0.05710758678699168,0.0013658025687506292,6.455921962584254,47
BNB,long,2023-03-08 04:00:00+00:00,2023-03-08 08:00:00+00:00,2023-03-10 00:00:00+00:00,285.6,277.0,-0.030112044817927286,-0.031363541051946164,0.0012514962340188784,6.455921962584254,10
XRP,long,2023-03-07 16:00:00+00:00,2023-03-07 20:00:00+00:00,2023-03-10 08:00:00+00:00,0.38021,0.3704,-0.025801530733015943,-0.02691980666132321,0.0011182759283072663,5.742762706652812,15
SOL,short,2023-02-28 00:00:00+00:00,2023-02-28 04:00:00+00:00,2023-03-12 08:00:00+00:00,22.621,17.906,0.2633195576901597,0.26180424961509363,0.0015153080750660575,6.000925858297193,73
ETH,short,2023-03-07 16:00:00+00:00,2023-03-07 20:00:00+00:00,2023-03-12 12:00:00+00:00,1551.28,1466.1,0.05809972034649746,0.05703328634621263,0.0010664340002848327,5.041924062981029,28
BTC,short,2023-03-07 16:00:00+00:00,2023-03-07 20:00:00+00:00,2023-03-12 20:00:00+00:00,22127.0,20778.2,0.06491418890953016,0.063847049582191,0.0010671393273391505,5.012959217987713,30
DOT,short,2023-02-21 16:00:00+00:00,2023-02-21 20:00:00+00:00,2023-03-13 00:00:00+00:00,7.312,5.905,0.23827265029635902,0.23603422540648888,0.0022384248898701387,9.046674492363598,115
ADA,short,2023-02-21 12:00:00+00:00,2023-02-21 16:00:00+00:00,2023-03-13 04:00:00+00:00,0.39284,0.33716,0.1651441452129554,0.16281879535127208,0.0023253498616833124,9.988775255673833,117
AVAX,short,2023-03-07 20:00:00+00:00,2023-03-08 00:00:00+00:00,2023-03-13 04:00:00+00:00,16.17,16.02,0.009363295880149947,0.00780790907398643,0.0015553868061635168,7.710732744665526,31
BNB,short,2023-03-09 20:00:00+00:00,2023-03-10 00:00:00+00:00,2023-03-13 04:00:00+00:00,277.0,286.39,-0.032787457662627806,-0.034035501674066104,0.0012480440114382985,6.455921962584254,19
LINK,short,2023-03-02 16:00:00+00:00,2023-03-02 20:00:00+00:00,2023-03-13 04:00:00+00:00,7.275,6.581,0.1054550980094211,0.1040108389035066,0.0014442591059145027,6.536688716426203,62
XRP,short,2023-03-10 04:00:00+00:00,2023-03-10 08:00:00+00:00,2023-03-13 20:00:00+00:00,0.3704,0.37179,-0.0037386696791199547,-0.004882271418547246,0.0011436017394272913,5.742762706652812,21
ADA,long,2023-03-13 00:00:00+00:00,2023-03-13 04:00:00+00:00,2023-03-16 00:00:00+00:00,0.33716,0.32426,-0.0382607664017085,-0.04018016856581952,0.001919402164111017,9.988775255673833,17
SOL,long,2023-03-12 04:00:00+00:00,2023-03-12 08:00:00+00:00,2023-03-16 00:00:00+00:00,17.906,19.246,0.07483525075393715,0.07354602307997404,0.0012892276739631114,6.000925858297193,22
XRP,long,2023-03-13 16:00:00+00:00,2023-03-13 20:00:00+00:00,2023-03-16 00:00:00+00:00,0.37179,0.35901,-0.0343742435245703,-0.03548267889301482,0.0011084353684445158,5.742762706652812,13
AVAX,long,2023-03-13 00:00:00+00:00,2023-03-13 04:00:00+00:00,2023-03-16 04:00:00+00:00,16.02,15.54,-0.029962546816479474,-0.03145733413668861,0.0014947873202091344,7.710732744665526,18
DOT,long,2023-03-12 20:00:00+00:00,2023-03-13 00:00:00+00:00,2023-03-16 04:00:00+00:00,5.905,5.919,0.0023708721422521783,0.0005588867862427183,0.00181198535600946,9.046674492363598,19
LINK,long,2023-03-13 00:00:00+00:00,2023-03-13 04:00:00+00:00,2023-03-16 04:00:00+00:00,6.581,6.571,-0.0015195259079168189,-0.0028240244075682375,0.0013044984996514186,6.536688716426203,18
ETH,long,2023-03-12 08:00:00+00:00,2023-03-12 12:00:00+00:00,2023-03-16 08:00:00+00:00,1466.1,1655.56,0.1292272014187299,0.12808907969118133,0.0011381217275485689,5.041924062981029,23
DOT,short,2023-03-16 00:00:00+00:00,2023-03-16 04:00:00+00:00,2023-03-17 08:00:00+00:00,5.919,6.264,-0.0550766283524905,-0.05678476588876702,0.0017081375362765217,9.046674492363598,7
ETH,short,2023-03-16 04:00:00+00:00,2023-03-16 08:00:00+00:00,2023-03-17 08:00:00+00:00,1655.56,1716.05,-0.035249555665627486,-0.03622190511043322,0.0009723494448057313,5.041924062981029,6
LINK,short,2023-03-16 00:00:00+00:00,2023-03-16 04:00:00+00:00,2023-03-17 12:00:00+00:00,6.571,7.127,-0.07801318928020207,-0.07921775005278608,0.001204560772584018,6.536688716426203,8
AVAX,short,2023-03-16 00:00:00+00:00,2023-03-16 04:00:00+00:00,2023-03-17 16:00:00+00:00,15.54,16.47,-0.0564663023679417,-0.057920248504538585,0.0014539461365968842,7.710732744665526,9
SOL,short,2023-03-15 20:00:00+00:00,2023-03-16 00:00:00+00:00,2023-03-17 16:00:00+00:00,19.246,20.038,-0.03952490268489872,-0.04067695931380311,0.0011520566289043854,6.000925858297193,10
XRP,short,2023-03-15 20:00:00+00:00,2023-03-16 00:00:00+00:00,2023-03-17 16:00:00+00:00,0.35901,0.37007,-0.029886237738806165,-0.03099982485917252,0.001113587120366355,5.742762706652812,10
ADA,short,2023-03-15 20:00:00+00:00,2023-03-16 00:00:00+00:00,2023-03-17 20:00:00+00:00,0.32426,0.34053,-0.047778462984171766,-0.04967887009559124,0.0019004071114194776,9.988775255673833,11
DOT,long,2023-03-17 04:00:00+00:00,2023-03-17 08:00:00+00:00,2023-03-20 08:00:00+00:00,6.264,6.426,0.025862068965517127,0.02400761858401479,0.0018544503815023372,9.046674492363598,18
ADA,long,2023-03-17 16:00:00+00:00,2023-03-17 20:00:00+00:00,2023-03-20 12:00:00+00:00,0.34053,0.34323,0.007928816844330777,0.0059172312869000265,0.0020115855574307506,9.988775255673833,16
ETH,long,2023-03-17 04:00:00+00:00,2023-03-17 08:00:00+00:00,2023-03-20 20:00:00+00:00,1716.05,1752.81,0.021421287258529764,0.020391820594470422,0.001029466664059342,5.041924062981029,21
AVAX,long,2023-03-17 12:00:00+00:00,2023-03-17 16:00:00+00:00,2023-03-21 00:00:00+00:00,16.47,16.63,0.00971463266545225,0.008158704463933297,0.0015559282015189524,7.710732744665526,20
XRP,long,2023-03-17 12:00:00+00:00,2023-03-17 16:00:00+00:00,2023-03-21 00:00:00+00:00,0.37007,0.37348,0.009214472937552287,0.00805600237206816,0.0011584705654841265,5.742762706652812,20
BNB,long,2023-03-13 00:00:00+00:00,2023-03-13 04:00:00+00:00,2023-03-21 04:00:00+00:00,286.39,334.24,0.16707985614022847,0.16557391307025338,0.0015059430699750909,6.455921962584254,48
LINK,long,2023-03-17 08:00:00+00:00,2023-03-17 12:00:00+00:00,2023-03-21 12:00:00+00:00,7.127,7.099,-0.003928721762312293,-0.005230072686764342,0.0013013509244520494,6.536688716426203,24
XRP,short,2023-03-20 20:00:00+00:00,2023-03-21 00:00:00+00:00,2023-03-21 16:00:00+00:00,0.37348,0.42897,-0.12935636524698702,-0.13035577127111164,0.0009994060241246272,5.742762706652812,4
ADA,short,2023-03-20 08:00:00+00:00,2023-03-20 12:00:00+00:00,2023-03-22 00:00:00+00:00,0.34323,0.36966,-0.07149813341989941,-0.07335120172556397,0.0018530683056645625,9.988775255673833,9
LINK,short,2023-03-21 08:00:00+00:00,2023-03-21 12:00:00+00:00,2023-03-22 00:00:00+00:00,7.099,7.378,-0.037815126050420145,-0.039072204938814026,0.001257078888393881,6.536688716426203,3
ETH,short,2023-03-20 16:00:00+00:00,2023-03-20 20:00:00+00:00,2023-03-22 04:00:00+00:00,1752.81,1799.59,-0.02599480992892822,-0.02697648701585309,0.0009816770869248703,5.041924062981029,8
AVAX,short,2023-03-20 20:00:00+00:00,2023-03-21 00:00:00+00:00,2023-03-22 08:00:00+00:00,16.63,17.36,-0.04205069124423966,-0.04352685123727085,0.0014761599930311897,7.710732744665526,8
DOT,short,2023-03-20 04:00:00+00:00,2023-03-20 08:00:00+00:00,2023-03-22 16:00:00+00:00,6.426,6.299,0.020161930465153244,0.018317784221347777,0.0018441462438054668,9.046674492363598,14
DOT,long,2023-03-22 12:00:00+00:00,2023-03-22 16:00:00+00:00,2023-03-23 00:00:00+00:00,6.299,6.055,-0.038736307350373145,-0.040473983277270476,0.0017376759268973307,9.046674492363598,2
SOL,long,2023-03-17 12:00:00+00:00,2023-03-17 16:00:00+00:00,2023-03-23 00:00:00+00:00,20.038,21.413,0.06861962271683808,0.06733785047352892,0.001281772243309165,6.000925858297193,32
AVAX,long,2023-03-22 04:00:00+00:00,2023-03-22 08:00:00+00:00,2023-03-23 04:00:00+00:00,17.36,16.73,-0.03629032258064513,-0.03777535906190854,0.0014850364812634131,7.710732744665526,5
BTC,long,2023-03-12 16:00:00+00:00,2023-03-12 20:00:00+00:00,2023-03-23 04:00:00+00:00,20778.2,27361.3,0.3168272516387367,0.3155076728762689,0.001319578762467799,5.012959217987713,62
ETH,long,2023-03-22 00:00:00+00:00,2023-03-22 04:00:00+00:00,2023-03-23 04:00:00+00:00,1799.59,1737.74,-0.03436893959179588,-0.03534217658897909,0.0009732369971832133,5.041924062981029,6
LINK,long,2023-03-21 20:00:00+00:00,2023-03-22 00:00:00+00:00,2023-03-23 12:00:00+00:00,7.378,7.343,-0.004743833017077814,-0.0060441190119329136,0.0013002859948550993,6.536688716426203,9
AVAX,short,2023-03-23 00:00:00+00:00,2023-03-23 04:00:00+00:00,2023-03-23 20:00:00+00:00,16.73,17.51,-0.04454597372929758,-0.046018288595930046,0.0014723148666324626,7.710732744665526,4
LINK,short,2023-03-23 08:00:00+00:00,2023-03-23 12:00:00+00:00,2023-03-23 20:00:00+00:00,7.343,7.519,-0.02340736800106402,-0.024683270391014922,0.0012759023899509003,6.536688716426203,2
BTC,short,2023-03-23 00:00:00+00:00,2023-03-23 04:00:00+00:00,2023-03-24 00:00:00+00:00,27361.3,28301.9,-0.03323451782389175,-0.03420330336275346,0.000968785538861705,5.012959217987713,5
DOT,short,2023-03-22 20:00:00+00:00,2023-03-23 00:00:00+00:00,2023-03-24 00:00:00+00:00,6.055,6.323,-0.042384943855764745,-0.044116024144160604,0.0017310802883958587,9.046674492363598,6
ETH,short,2023-03-23 00:00:00+00:00,2023-03-23 04:00:00+00:00,2023-03-24 00:00:00+00:00,1737.74,1813.92,-0.04199744200405753,-0.042962990411793744,0.0009655484077362164,5.041924062981029,5
DOT,long,2023-03-23 20:00:00+00:00,2023-03-24 00:00:00+00:00,2023-03-24 20:00:00+00:00,6.323,6.079,-0.03858927724181571,-0.04032721895497138,0.0017379417131556663,9.046674492363598,5
XRP,long,2023-03-21 12:00:00+00:00,2023-03-21 16:00:00+00:00,2023-03-24 20:00:00+00:00,0.42897,0.42596,-0.007016807702170391,-0.00815664648881509,0.001139838786644698,5.742762706652812,19
ADA,long,2023-03-21 20:00:00+00:00,2023-03-22 00:00:00+00:00,2023-03-25 00:00:00+00:00,0.36966,0.35989,-0.026429692149542827,-0.028372706316502683,0.0019430141669598555,9.988775255673833,18
AVAX,long,2023-03-23 16:00:00+00:00,2023-03-23 20:00:00+00:00,2023-03-25 04:00:00+00:00,17.51,17.05,-0.026270702455739592,-0.02777117875436974,0.001500476298630149,7.710732744665526,8
BTC,long,2023-03-23 20:00:00+00:00,2023-03-24 00:00:00+00:00,2023-03-25 04:00:00+00:00,28301.9,27579.2,-0.025535388083485544,-0.026511888839420905,0.0009765007559353611,5.012959217987713,7
ETH,long,2023-03-23 20:00:00+00:00,2023-03-24 00:00:00+00:00,2023-03-25 04:00:00+00:00,1813.92,1755.99,-0.03193635882508605,-0.03291204756362054,0.0009756887385344859,5.041924062981029,7
LINK,long,2023-03-23 16:00:00+00:00,2023-03-23 20:00:00+00:00,2023-03-25 04:00:00+00:00,7.519,7.218,-0.04003191913818327,-0.04128610182246295,0.001254182684279681,6.536688716426203,8
XRP,short,2023-03-24 16:00:00+00:00,2023-03-24 20:00:00+00:00,2023-03-25 16:00:00+00:00,0.42596,0.45822,-0.07040286325345901,-0.07146994160950415,0.001067078356045137,5.742762706652812,5
BNB,short,2023-03-21 00:00:00+00:00,2023-03-21 04:00:00+00:00,2023-03-26 16:00:00+00:00,334.24,326.65,0.02323587938160121,0.021915545581478124,0.0013203338001230858,6.455921962584254,33
AVAX,short,2023-03-25 00:00:00+00:00,2023-03-25 04:00:00+00:00,2023-03-27 00:00:00+00:00,17.05,17.11,-0.003506721215663311,-0.005042275861426804,0.0015355546457634928,7.710732744665526,11
BTC,short,2023-03-25 00:00:00+00:00,2023-03-25 04:00:00+00:00,2023-03-27 00:00:00+00:00,27579.2,27964.4,-0.013774656348786385,-0.014762942410507796,0.0009882860617214106,5.012959217987713,11
ETH,short,2023-03-25 00:00:00+00:00,2023-03-25 04:00:00+00:00,2023-03-27 00:00:00+00:00,1755.99,1773.89,-0.010090817356205872,-0.011088523705868103,0.0009977063496622307,5.041924062981029,11
LINK,short,2023-03-25 00:00:00+00:00,2023-03-25 04:00:00+00:00,2023-03-27 08:00:00+00:00,7.218,7.125,0.013052631578947427,0.011729094792547468,0.0013235367863999592,6.536688716426203,13
AVAX,long,2023-03-26 20:00:00+00:00,2023-03-27 00:00:00+00:00,2023-03-27 12:00:00+00:00,17.11,16.87,-0.014026884862653355,-0.015546228374326732,0.0015193435116733767,7.710732744665526,3
LINK,long,2023-03-27 04:00:00+00:00,2023-03-27 08:00:00+00:00,2023-03-27 16:00:00+00:00,7.125,6.885,-0.03368421052631587,-0.034946686388654724,0.0012624758623388521,6.536688716426203,2
ETH,long,2023-03-26 20:00:00+00:00,2023-03-27 00:00:00+00:00,2023-03-27 20:00:00+00:00,1773.89,1704.66,-0.03902722265754921,-0.03999576468000665,0.0009685420224574415,5.041924062981029,5
BNB,long,2023-03-26 12:00:00+00:00,2023-03-26 16:00:00+00:00,2023-03-28 00:00:00+00:00,326.65,310.26,-0.05017602938925447,-0.051401636033660325,0.0012256066444058522,6.455921962584254,8
BTC,long,2023-03-26 20:00:00+00:00,2023-03-27 00:00:00+00:00,2023-03-28 00:00:00+00:00,27964.4,27125.3,-0.030006007638282983,-0.030978028433302995,0.0009720207950200122,5.012959217987713,6
ADA,short,2023-03-24 20:00:00+00:00,2023-03-25 00:00:00+00:00,2023-03-29 00:00:00+00:00,0.35989,0.3681,-0.022303721814724287,-0.02425497043455138,0.001951248619827095,9.988775255673833,24
DOT,short,2023-03-24 16:00:00+00:00,2023-03-24 20:00:00+00:00,2023-03-29 04:00:00+00:00,6.079,6.104,-0.004095674967234619,-0.0058959707490635616,0.0018002957818289422,9.046674492363598,26
ETH,short,2023-03-27 16:00:00+00:00,2023-03-27 20:00:00+00:00,2023-03-29 04:00:00+00:00,1704.66,1777.77,-0.041124554919927725,-0.04209098309017312,0.0009664281702453925,5.041924062981029,8
SOL,short,2023-03-22 20:00:00+00:00,2023-03-23 00:00:00+00:00,2023-03-29 08:00:00+00:00,21.413,21.209,0.00961855815927204,0.008407555650363996,0.0012110025089080434,6.000925858297193,38
AVAX,short,2023-03-27 08:00:00+00:00,2023-03-27 12:00:00+00:00,2023-03-29 12:00:00+00:00,16.87,17.3,-0.02485549132947973,-0.026358148409521887,0.001502657080042158,7.710732744665526,12
BTC,short,2023-03-27 20:00:00+00:00,2023-03-28 00:00:00+00:00,2023-03-29 12:00:00+00:00,27125.3,28364.7,-0.04369515630343357,-0.044653459346309265,0.0009583030428756967,5.012959217987713,9
LINK,short,2023-03-27 12:00:00+00:00,2023-03-27 16:00:00+00:00,2023-03-29 16:00:00+00:00,6.885,7.356,-0.06402936378466562,-0.06525219419782013,0.0012228304131545187,6.536688716426203,12
BNB,short,2023-03-27 20:00:00+00:00,2023-03-28 00:00:00+00:00,2023-03-30 00:00:00+00:00,310.26,313.78,-0.011218050863662343,-0.012493926988320192,0.0012758761246578487,6.455921962584254,12
SOL,long,2023-03-29 04:00:00+00:00,2023-03-29 08:00:00+00:00,2023-03-31 04:00:00+00:00,21.209,20.53,-0.032014710736008256,-0.033175775580162714,0.001161064844154458,6.000925858297193,11
BTC,long,2023-03-29 08:00:00+00:00,2023-03-29 12:00:00+00:00,2023-03-31 16:00:00+00:00,28364.7,28497.0,0.00466424816761668,0.0036574846732837507,0.0010067634943329296,5.012959217987713,13
XRP,long,2023-03-25 12:00:00+00:00,2023-03-25 16:00:00+00:00,2023-03-31 20:00:00+00:00,0.45822,0.53593,0.16959102614464672,0.16824846040289798,0.0013425657417487358,5.742762706652812,37
BTC,short,2023-03-31 12:00:00+00:00,2023-03-31 16:00:00+00:00,2023-04-01 00:00:00+00:00,28497.0,28460.8,0.0012719248931865046,0.00026856081038806323,0.0010033640827984414,5.012959217987713,2
SOL,short,2023-03-31 00:00:00+00:00,2023-03-31 04:00:00+00:00,2023-04-01 04:00:00+00:00,20.53,21.035,-0.024007606370335055,-0.025178275458981325,0.00117066908864627,6.000925858297193,6
BNB,long,2023-03-29 20:00:00+00:00,2023-03-30 00:00:00+00:00,2023-04-01 16:00:00+00:00,313.78,313.64,-0.00044617247753198086,-0.0017359481100263086,0.0012897756324943277,6.455921962584254,16
ADA,long,2023-03-28 20:00:00+00:00,2023-03-29 00:00:00+00:00,2023-04-02 16:00:00+00:00,0.3681,0.38002,0.03238250475414306,0.030322115467119826,0.0020603892870232343,9.988775255673833,28
LINK,long,2023-03-29 12:00:00+00:00,2023-03-29 16:00:00+00:00,2023-04-02 20:00:00+00:00,7.356,7.235,-0.016449157150625227,-0.017734150329880682,0.0012849931792554559,6.536688716426203,25
AVAX,long,2023-03-29 08:00:00+00:00,2023-03-29 12:00:00+00:00,2023-04-03 00:00:00+00:00,17.3,17.26,-0.0023121387283236983,-0.003849534175954239,0.0015373954476305407,7.710732744665526,27
BTC,long,2023-03-31 20:00:00+00:00,2023-04-01 00:00:00+00:00,2023-04-03 00:00:00+00:00,28460.8,28171.5,-0.010164858331459414,-0.011156761733872034,0.0009919034024126194,5.012959217987713,12
ETH,long,2023-03-29 00:00:00+00:00,2023-03-29 04:00:00+00:00,2023-04-03 00:00:00+00:00,1777.77,1794.78,0.00956816686072992,0.008550646679935436,0.0010175201807944845,5.041924062981029,29
SOL,long,2023-04-01 00:00:00+00:00,2023-04-01 04:00:00+00:00,2023-04-03 00:00:00+00:00,21.035,20.523,-0.02434038507249825,-0.025510655004611582,0.0011702699321133325,6.000925858297193,11
DOT,long,2023-03-29 00:00:00+00:00,2023-03-29 04:00:00+00:00,2023-04-03 08:00:00+00:00,6.104,6.258,0.025229357798165042,0.023376051168343626,0.0018533066298214163,9.046674492363598,31
ADA,short,2023-04-02 12:00:00+00:00,2023-04-02 16:00:00+00:00,2023-04-04 00:00:00+00:00,0.38002,0.38724,-0.018644768102468623,-0.020603319121354047,0.001958551018885424,9.988775255673833,8
DOT,short,2023-04-03 04:00:00+00:00,2023-04-03 08:00:00+00:00,2023-04-04 00:00:00+00:00,6.258,6.414,-0.024321796071094415,-0.02608552910327877,0.0017637330321843558,9.046674492363598,4
ETH,short,2023-04-02 20:00:00+00:00,2023-04-03 00:00:00+00:00,2023-04-04 08:00:00+00:00,1794.78,1812.7,-0.00988580570419817,-0.010883718680317345,0.0009979129761191752,5.041924062981029,8
SOL,short,2023-04-02 20:00:00+00:00,2023-04-03 00:00:00+00:00,2023-04-04 20:00:00+00:00,20.523,20.948,-0.020288333015085036,-0.02146346324336479,0.0011751302282797527,6.000925858297193,11
LINK,short,2023-04-02 16:00:00+00:00,2023-04-02 20:00:00+00:00,2023-04-05 00:00:00+00:00,7.235,7.37,-0.01831750339213023,-0.01960005560740863,0.0012825522152783986,6.536688716426203,13
AVAX,short,2023-04-02 20:00:00+00:00,2023-04-03 00:00:00+00:00,2023-04-05 04:00:00+00:00,17.26,18.12,-0.047461368653421654,-0.0489291910178814,0.0014678223644597477,7.710732744665526,13
BTC,short,2023-04-02 20:00:00+00:00,2023-04-03 00:00:00+00:00,2023-04-05 04:00:00+00:00,28171.5,28545.6,-0.013105347233899445,-0.014094304003257285,0.0009889567693578405,5.012959217987713,13
BNB,short,2023-04-01 12:00:00+00:00,2023-04-01 16:00:00+00:00,2023-04-05 12:00:00+00:00,313.64,315.7,-0.0065251821349382455,-0.007807113709103919,0.0012819315741656734,6.455921962584254,23
XRP,short,2023-03-31 16:00:00+00:00,2023-03-31 20:00:00+00:00,2023-04-05 16:00:00+00:00,0.53593,0.50287,0.06574263726211549,0.06451927839365212,0.0012233588684633645,5.742762706652812,29
DOT,long,2023-04-03 20:00:00+00:00,2023-04-04 00:00:00+00:00,2023-04-06 08:00:00+00:00,6.414,6.305,-0.016994075459931368,-0.018771054809231802,0.0017769793493004338,9.046674492363598,14
LINK,long,2023-04-04 20:00:00+00:00,2023-04-05 00:00:00+00:00,2023-04-06 08:00:00+00:00,7.37,7.245,-0.016960651289009476,-0.01824497620949217,0.0012843249204826934,6.536688716426203,8
ADA,long,2023-04-03 20:00:00+00:00,2023-04-04 00:00:00+00:00,2023-04-06 12:00:00+00:00,0.38724,0.38136,-0.015184381778741818,-0.01714983890353039,0.001965457124788572,9.988775255673833,15
BTC,long,2023-04-05 00:00:00+00:00,2023-04-05 04:00:00+00:00,2023-04-06 12:00:00+00:00,28545.6,27949.6,-0.020878874502550326,-0.021860041501852723,0.0009811669993023964,5.012959217987713,8
XRP,long,2023-04-05 12:00:00+00:00,2023-04-05 16:00:00+00:00,2023-04-06 12:00:00+00:00,0.50287,0.49908,-0.007536739117465774,-0.008675981078305028,0.0011392419608392546,5.742762706652812,5
SOL,long,2023-04-04 16:00:00+00:00,2023-04-04 20:00:00+00:00,2023-04-06 16:00:00+00:00,20.948,20.743,-0.009786137101393977,-0.010973864350100615,0.0011877272487066382,6.000925858297193,11
BNB,long,2023-04-05 08:00:00+00:00,2023-04-05 12:00:00+00:00,2023-04-07 04:00:00+00:00,315.7,311.62,-0.012923661704149492,-0.014197336991553677,0.0012736752874041857,6.455921962584254,10
ETH,long,2023-04-04 04:00:00+00:00,2023-04-04 08:00:00+00:00,2023-04-07 04:00:00+00:00,1812.7,1877.13,0.03554366414740451,0.03449996386945253,0.0010437002779519755,5.041924062981029,17
AVAX,long,2023-04-05 00:00:00+00:00,2023-04-05 04:00:00+00:00,2023-04-07 20:00:00+00:00,18.12,17.61,-0.0281456953642385,-0.029643282376876745,0.0014975870126382462,7.710732744665526,16
XRP,short,2023-04-06 08:00:00+00:00,2023-04-06 12:00:00+00:00,2023-04-07 20:00:00+00:00,0.49908,0.51243,-0.02605233885603897,-0.027170326883373952,0.0011179880273349818,5.742762706652812,8
ADA,short,2023-04-06 08:00:00+00:00,2023-04-06 12:00:00+00:00,2023-04-08 16:00:00+00:00,0.38136,0.38748,-0.015794363580055815,-0.017758603326631373,0.001964239746575558,9.988775255673833,13
XRP,long,2023-04-07 16:00:00+00:00,2023-04-07 20:00:00+00:00,2023-04-09 12:00:00+00:00,0.51243,0.50342,-0.01758288937025554,-0.018710599422193108,0.0011277100519375693,5.742762706652812,10
BNB,short,2023-04-07 00:00:00+00:00,2023-04-07 04:00:00+00:00,2023-04-10 04:00:00+00:00,311.62,312.67,-0.003358173153804378,-0.004644191282289656,0.0012860181284852779,6.455921962584254,18
BTC,short,2023-04-06 08:00:00+00:00,2023-04-06 12:00:00+00:00,2023-04-10 04:00:00+00:00,27949.6,28282.7,-0.01177751770516966,-0.012767805078556571,0.000990287373386911,5.012959217987713,22
LINK,short,2023-04-06 04:00:00+00:00,2023-04-06 08:00:00+00:00,2023-04-10 16:00:00+00:00,7.245,7.21,0.004854368932038833,0.0035415430424470262,0.0013128258895918066,6.536688716426203,26
ETH,short,2023-04-07 00:00:00+00:00,2023-04-07 04:00:00+00:00,2023-04-10 20:00:00+00:00,1877.13,1889.35,-0.006467832852568245,-0.007469190723710772,0.0010013578711425275,5.041924062981029,22
AVAX,short,2023-04-07 16:00:00+00:00,2023-04-07 20:00:00+00:00,2023-04-11 00:00:00+00:00,17.61,17.94,-0.018394648829431537,-0.019907261798718268,0.0015126129692867307,7.710732744665526,19
DOT,short,2023-04-06 04:00:00+00:00,2023-04-06 08:00:00+00:00,2023-04-11 00:00:00+00:00,6.305,6.29,0.0023847376788552754,0.0005727272581219633,0.001812010420733312,9.046674492363598,28
SOL,short,2023-04-06 12:00:00+00:00,2023-04-06 16:00:00+00:00,2023-04-11 00:00:00+00:00,20.743,20.903,-0.007654403674113741,-0.008844687863268752,0.0011902841891550109,6.000925858297193,26
XRP,short,2023-04-09 08:00:00+00:00,2023-04-09 12:00:00+00:00,2023-04-11 00:00:00+00:00,0.50342,0.5174,-0.027019713954387292,-0.02813659153829573,0.0011168775839084377,5.742762706652812,9
LINK,long,2023-04-10 12:00:00+00:00,2023-04-10 16:00:00+00:00,2023-04-12 12:00:00+00:00,7.21,7.179,-0.004299583911234306,-0.005600450310320637,0.0013008663990863312,6.536688716426203,11
ETH,long,2023-04-10 16:00:00+00:00,2023-04-10 20:00:00+00:00,2023-04-12 16:00:00+00:00,1889.35,1912.0,0.011988249927223693,0.010968290601218289,0.001019959326005404,5.041924062981029,11
XRP,long,2023-04-10 20:00:00+00:00,2023-04-11 00:00:00+00:00,2023-04-12 16:00:00+00:00,0.5174,0.50246,-0.028875144955546883,-0.02998989270257857,0.0011147477470316858,5.742762706652812,10
BNB,long,2023-04-10 00:00:00+00:00,2023-04-10 04:00:00+00:00,2023-04-13 00:00:00+00:00,312.67,319.91,0.023155403460517476,0.021835173502607885,0.001320229957909591,6.455921962584254,17
ETH,short,2023-04-12 12:00:00+00:00,2023-04-12 16:00:00+00:00,2023-04-13 00:00:00+00:00,1912.0,1918.01,-0.0031334560299477454,-0.004138174541628348,0.0010047185116806023,5.041924062981029,2
BNB,short,2023-04-12 20:00:00+00:00,2023-04-13 00:00:00+00:00,2023-04-13 20:00:00+00:00,319.91,324.54,-0.014266346213101633,-0.015538288965734726,0.0012719427526330929,6.455921962584254,5
LINK,short,2023-04-12 08:00:00+00:00,2023-04-12 12:00:00+00:00,2023-04-13 20:00:00+00:00,7.179,7.462,-0.03792548914500127,-0.03918242384580706,0.0012569347008057896,6.536688716426203,8
XRP,short,2023-04-12 12:00:00+00:00,2023-04-12 16:00:00+00:00,2023-04-14 04:00:00+00:00,0.50246,0.52107,-0.035714971117124406,-0.036821867473303516,0.00110689635617911,5.742762706652812,9
SOL,long,2023-04-10 20:00:00+00:00,2023-04-11 00:00:00+00:00,2023-04-16 00:00:00+00:00,20.903,24.055,0.15079175238004128,0.14941141751188702,0.0013803348681542538,6.000925858297193,30
BTC,long,2023-04-10 00:00:00+00:00,2023-04-10 04:00:00+00:00,2023-04-16 04:00:00+00:00,28282.7,30258.6,0.06986249544774714,0.0687903974743822,0.0010720979733649383,5.012959217987713,36
XRP,long,2023-04-14 00:00:00+00:00,2023-04-14 04:00:00+00:00,2023-04-16 16:00:00+00:00,0.52107,0.51985,-0.0023413360968775887,-0.0034865418262085557,0.001145205729330967,5.742762706652812,15
SOL,short,2023-04-15 20:00:00+00:00,2023-04-16 00:00:00+00:00,2023-04-17 04:00:00+00:00,24.055,25.808,-0.06792467451952888,-0.06904266660527858,0.0011179920857496972,6.000925858297193,7
ADA,long,2023-04-08 12:00:00+00:00,2023-04-08 16:00:00+00:00,2023-04-17 16:00:00+00:00,0.38748,0.434,0.12005780943532574,0.1178224411481068,0.0022353682872189307,9.988775255673833,54
DOT,long,2023-04-10 20:00:00+00:00,2023-04-11 00:00:00+00:00,2023-04-17 20:00:00+00:00,6.29,6.702,0.06550079491255967,0.06357468962473156,0.001926105287828106,9.046674492363598,41
ETH,long,2023-04-12 20:00:00+00:00,2023-04-13 00:00:00+00:00,2023-04-17 20:00:00+00:00,1918.01,2078.2,0.08351885548041982,0.0824268021273995,0.001092053353020317,5.041924062981029,29
DOT,short,2023-04-17 16:00:00+00:00,2023-04-17 20:00:00+00:00,2023-04-18 16:00:00+00:00,6.702,6.879,-0.025730484081988636,-0.02749167062951552,0.0017611865475268829,9.046674492363598,5
ETH,short,2023-04-17 16:00:00+00:00,2023-04-17 20:00:00+00:00,2023-04-18 20:00:00+00:00,2078.2,2081.37,-0.0015230353084747517,-0.0025293769255952947,0.001006341617120543,5.041924062981029,6
BTC,short,2023-04-16 00:00:00+00:00,2023-04-16 04:00:00+00:00,2023-04-19 00:00:00+00:00,30258.6,30383.8,-0.0041206169076942745,-0.005118577180974526,0.0009979602732802517,5.012959217987713,17
XRP,short,2023-04-16 12:00:00+00:00,2023-04-16 16:00:00+00:00,2023-04-19 00:00:00+00:00,0.51985,0.53268,-0.024085755049936153,-0.025206000505711645,0.0011202454557754926,5.742762706652812,14
BNB,long,2023-04-13 16:00:00+00:00,2023-04-13 20:00:00+00:00,2023-04-19 12:00:00+00:00,324.54,326.82,0.00702532815677559,0.005725911663338357,0.0012994164934372332,6.455921962584254,34
SOL,long,2023-04-17 00:00:00+00:00,2023-04-17 04:00:00+00:00,2023-04-19 12:00:00+00:00,25.808,23.202,-0.10097644141351514,-0.10205478904908216,0.001078347635567023,6.000925858297193,14
ETH,long,2023-04-18 16:00:00+00:00,2023-04-18 20:00:00+00:00,2023-04-19 16:00:00+00:00,2081.37,1982.94,-0.047290967007307616,-0.04825118019480312,0.0009602131874955067,5.041924062981029,5
AVAX,long,2023-04-10 20:00:00+00:00,2023-04-11 00:00:00+00:00,2023-04-19 20:00:00+00:00,17.94,19.42,0.08249721293199563,0.08082912980516133,0.0016680831268343077,7.710732744665526,53
BTC,long,2023-04-18 20:00:00+00:00,2023-04-19 00:00:00+00:00,2023-04-19 20:00:00+00:00,30383.8,29230.0,-0.03797418361100324,-0.03893821958054511,0.0009640359695418654,5.012959217987713,5
DOT,long,2023-04-18 12:00:00+00:00,2023-04-18 16:00:00+00:00,2023-04-19 20:00:00+00:00,6.879,6.395,-0.0703590638174153,-0.0720395753022609,0.0016805114848456038,9.046674492363598,7
XRP,long,2023-04-18 20:00:00+00:00,2023-04-19 00:00:00+00:00,2023-04-19 20:00:00+00:00,0.53268,0.4948,-0.07111211233761361,-0.07217837655136328,0.001066264213749668,5.742762706652812,5
LINK,long,2023-04-13 16:00:00+00:00,2023-04-13 20:00:00+00:00,2023-04-20 00:00:00+00:00,7.462,7.752,0.03886357544894126,0.03750631708417651,0.0013572583647647463,6.536688716426203,37
BNB,short,2023-04-19 08:00:00+00:00,2023-04-19 12:00:00+00:00,2023-04-23 00:00:00+00:00,326.82,331.73,-0.014801193741898588,-0.016072446353299852,0.0012712526114012634,6.455921962584254,21
XRP,short,2023-04-19 16:00:00+00:00,2023-04-19 20:00:00+00:00,2023-04-23 12:00:00+00:00,0.4948,0.46921,0.054538479572046716,0.05332798188150267,0.0012104976905440434,5.742762706652812,22
SOL,short,2023-04-19 08:00:00+00:00,2023-04-19 12:00:00+00:00,2023-04-23 16:00:00+00:00,23.202,21.641,0.07213160205166136,0.07084561731072014,0.001285984740941215,6.000925858297193,25
SOL,long,2023-04-23 12:00:00+00:00,2023-04-23 16:00:00+00:00,2023-04-24 00:00:00+00:00,21.641,21.476,-0.007624416616607288,-0.008814736774199639,0.0011903201575923505,6.000925858297193,2
XRP,long,2023-04-23 08:00:00+00:00,2023-04-23 12:00:00+00:00,2023-04-24 20:00:00+00:00,0.46921,0.4603,-0.018989365103045608,-0.02011546067086567,0.0011260955678200624,5.742762706652812,8
AVAX,short,2023-04-19 16:00:00+00:00,2023-04-19 20:00:00+00:00,2023-04-26 00:00:00+00:00,19.42,17.62,0.10215664018161186,0.10045826269606084,0.001698377485551017,7.710732744665526,37
BTC,short,2023-04-19 16:00:00+00:00,2023-04-19 20:00:00+00:00,2023-04-26 04:00:00+00:00,29230.0,28307.8,0.032577593454807596,0.03154285829024639,0.0010347351645612068,5.012959217987713,38
ADA,short,2023-04-17 12:00:00+00:00,2023-04-17 16:00:00+00:00,2023-04-26 08:00:00+00:00,0.434,0.39673,0.09394298389332789,0.09175973457028319,0.0021832493230447003,9.988775255673833,52
DOT,short,2023-04-19 16:00:00+00:00,2023-04-19 20:00:00+00:00,2023-04-26 08:00:00+00:00,6.395,6.022,0.06193955496512782,0.060019887329084476,0.001919667636043343,9.046674492363598,39
LINK,short,2023-04-19 20:00:00+00:00,2023-04-20 00:00:00+00:00,2023-04-26 08:00:00+00:00,7.752,7.249,0.06938888122499653,0.06799174204471314,0.001397139180283391,6.536688716426203,38
XRP,short,2023-04-24 16:00:00+00:00,2023-04-24 20:00:00+00:00,2023-04-26 08:00:00+00:00,0.4603,0.46759,-0.015590581492333055,-0.016720578501201788,0.0011299970088687328,5.742762706652812,9
ETH,short,2023-04-19 12:00:00+00:00,2023-04-19 16:00:00+00:00,2023-04-26 12:00:00+00:00,1982.94,1913.98,0.036029634583433445,0.03498544450722729,0.001044190076206153,5.041924062981029,41
SOL,short,2023-04-23 20:00:00+00:00,2023-04-24 00:00:00+00:00,2023-04-26 12:00:00+00:00,21.476,22.463,-0.04393892178248682,-0.04508568394829093,0.001146762165804116,6.000925858297193,15
LINK,long,2023-04-26 04:00:00+00:00,2023-04-26 08:00:00+00:00,2023-04-27 08:00:00+00:00,7.249,7.057,-0.026486411918885233,-0.027758291588036443,0.0012718796691512102,6.536688716426203,6
BNB,long,2023-04-22 20:00:00+00:00,2023-04-23 00:00:00+00:00,2023-04-27 12:00:00+00:00,331.73,329.72,-0.006059144484972689,-0.007341677411449754,0.0012825329264770646,6.455921962584254,27
DOT,long,2023-04-26 04:00:00+00:00,2023-04-26 08:00:00+00:00,2023-04-27 12:00:00+00:00,6.022,5.899,-0.02042510793756236,-0.02219588501106029,0.0017707770734979311,9.046674492363598,7
XRP,long,2023-04-26 04:00:00+00:00,2023-04-26 08:00:00+00:00,2023-04-27 12:00:00+00:00,0.46759,0.45941,-0.017493958382343577,-0.01862177051756919,0.0011278121352256143,5.742762706652812,7
DOT,short,2023-04-27 08:00:00+00:00,2023-04-27 12:00:00+00:00,2023-04-28 04:00:00+00:00,5.899,5.923,-0.0040520006753334,-0.005852375407159216,0.0018003747318258156,9.046674492363598,4
XRP,short,2023-04-27 08:00:00+00:00,2023-04-27 12:00:00+00:00,2023-04-28 08:00:00+00:00,0.45941,0.4762,-0.035258294834103365,-0.036365715405943244,0.0011074205718398789,5.742762706652812,5
LINK,short,2023-04-27 04:00:00+00:00,2023-04-27 08:00:00+00:00,2023-04-28 12:00:00+00:00,7.057,7.042,0.002130076682760551,0.0008208100366831061,0.001309266646077445,6.536688716426203,7
DOT,long,2023-04-28 00:00:00+00:00,2023-04-28 04:00:00+00:00,2023-04-28 16:00:00+00:00,5.923,5.877,-0.007766334627722471,-0.009559994959802531,0.0017936603320800604,9.046674492363598,3
LINK,long,2023-04-28 08:00:00+00:00,2023-04-28 12:00:00+00:00,2023-04-28 20:00:00+00:00,7.042,7.042,0.0,-0.0013064837355361014,0.0013064837355361014,6.536688716426203,2
ADA,long,2023-04-26 04:00:00+00:00,2023-04-26 08:00:00+00:00,2023-04-29 12:00:00+00:00,0.39673,0.40364,0.0174173871398684,0.015386864658868848,0.0020305224809995526,9.988775255673833,19
DOT,short,2023-04-28 12:00:00+00:00,2023-04-28 16:00:00+00:00,2023-04-29 12:00:00+00:00,5.877,5.978,-0.01689528270324525,-0.0186724406401656,0.0017771579369203483,9.046674492363598,5
LINK,short,2023-04-28 16:00:00+00:00,2023-04-28 20:00:00+00:00,2023-04-29 20:00:00+00:00,7.042,7.199,-0.021808584525628616,-0.023086575700186796,0.0012779911745581796,6.536688716426203,6
AVAX,long,2023-04-25 20:00:00+00:00,2023-04-26 00:00:00+00:00,2023-04-30 04:00:00+00:00,17.62,17.3,-0.018161180476730987,-0.019674153211026946,0.0015129727342959587,7.710732744665526,25
BNB,short,2023-04-27 08:00:00+00:00,2023-04-27 12:00:00+00:00,2023-05-01 00:00:00+00:00,329.72,336.46,-0.020032098912203367,-0.021296601818047267,0.0012645029058439006,6.455921962584254,21
ETH,long,2023-04-26 08:00:00+00:00,2023-04-26 12:00:00+00:00,2023-05-01 04:00:00+00:00,1913.98,1846.74,-0.035130983604844346,-0.036103452555661386,0.0009724689508170403,5.041924062981029,28
XRP,long,2023-04-28 04:00:00+00:00,2023-04-28 08:00:00+00:00,2023-05-01 04:00:00+00:00,0.4762,0.46477,-0.02400251994960101,-0.0251228609503934,0.0011203410007923909,5.742762706652812,17
BTC,long,2023-04-26 00:00:00+00:00,2023-04-26 04:00:00+00:00,2023-05-01 08:00:00+00:00,28307.8,28626.1,0.011244250701220038,0.010230893455436929,0.0010133572457831086,5.012959217987713,31
DOT,long,2023-04-29 08:00:00+00:00,2023-04-29 12:00:00+00:00,2023-05-01 08:00:00+00:00,5.978,5.841,-0.0229173636667781,-0.02468363549076169,0.0017662718239835895,9.046674492363598,11
LINK,long,2023-04-29 16:00:00+00:00,2023-04-29 20:00:00+00:00,2023-05-01 08:00:00+00:00,7.199,6.998,-0.0279205445200722,-0.029190550518305325,0.0012700059982331258,6.536688716426203,9
SOL,long,2023-04-26 08:00:00+00:00,2023-04-26 12:00:00+00:00,2023-05-01 08:00:00+00:00,22.463,22.323,-0.006232471174820842,-0.007424460922783482,0.0011919897479626407,6.000925858297193,29
BNB,long,2023-04-30 20:00:00+00:00,2023-05-01 00:00:00+00:00,2023-05-02 12:00:00+00:00,336.46,324.2,-0.03643820959400823,-0.03768154285275682,0.0012433332587485912,6.455921962584254,9
ETH,short,2023-05-01 00:00:00+00:00,2023-05-01 04:00:00+00:00,2023-05-03 08:00:00+00:00,1846.74,1865.86,-0.010247285434062503,-0.01124483408320287,0.0009975486491403673,5.041924062981029,13
BTC,short,2023-05-01 04:00:00+00:00,2023-05-01 08:00:00+00:00,2023-05-03 12:00:00+00:00,28626.1,28551.0,0.00263038072221633,0.0016256553450952893,0.0010047253771210407,5.012959217987713,13
AVAX,short,2023-04-30 00:00:00+00:00,2023-04-30 04:00:00+00:00,2023-05-04 04:00:00+00:00,17.3,17.16,0.00815850815850827,0.006604977880052987,0.001553530278455284,7.710732744665526,24
LINK,short,2023-05-01 04:00:00+00:00,2023-05-01 08:00:00+00:00,2023-05-04 04:00:00+00:00,6.998,7.111,-0.015890873294895136,-0.017176595862927857,0.0012857225680327211,6.536688716426203,17
ADA,short,2023-04-29 08:00:00+00:00,2023-04-29 12:00:00+00:00,2023-05-04 12:00:00+00:00,0.40364,0.39338,0.02608165132950324,0.024033837043349937,0.0020478142861533044,9.988775255673833,30
DOT,short,2023-05-01 04:00:00+00:00,2023-05-01 08:00:00+00:00,2023-05-04 12:00:00+00:00,5.841,5.751,0.015649452269170583,0.013813463230086143,0.0018359890390844402,9.046674492363598,19
BNB,short,2023-05-02 08:00:00+00:00,2023-05-02 12:00:00+00:00,2023-05-04 16:00:00+00:00,324.2,324.68,-0.0014783787113465952,-0.0027668224351318216,0.0012884437237852264,6.455921962584254,13
SOL,short,2023-05-01 04:00:00+00:00,2023-05-01 08:00:00+00:00,2023-05-04 16:00:00+00:00,22.323,21.81,0.02352132049518585,0.022293642104150413,0.001227678391035436,6.000925858297193,20
DOT,long,2023-05-04 08:00:00+00:00,2023-05-04 12:00:00+00:00,2023-05-05 04:00:00+00:00,5.751,5.734,-0.002956007650843362,-0.004758363608746263,0.0018023559579029014,9.046674492363598,4
SOL,long,2023-05-04 12:00:00+00:00,2023-05-04 16:00:00+00:00,2023-05-05 04:00:00+00:00,21.81,21.898,0.004034846400733594,0.002830541360779648,0.0012043050399539457,6.000925858297193,3
DOT,short,2023-05-05 00:00:00+00:00,2023-05-05 04:00:00+00:00,2023-05-05 12:00:00+00:00,5.734,5.756,-0.0038220986796386747,-0.005622889005194587,0.0018007903255559121,9.046674492363598,2
XRP,short,2023-05-01 00:00:00+00:00,2023-05-01 04:00:00+00:00,2023-05-05 12:00:00+00:00,0.46477,0.46107,0.008024811850695146,0.006867706889241765,0.0011571049614533813,5.742762706652812,26
SOL,short,2023-05-05 00:00:00+00:00,2023-05-05 04:00:00+00:00,2023-05-05 20:00:00+00:00,21.898,22.873,-0.04262667774231632,-0.04377501389941851,0.0011483361571021922,6.000925858297193,4
ADA,long,2023-05-04 08:00:00+00:00,2023-05-04 12:00:00+00:00,2023-05-06 20:00:00+00:00,0.39338,0.38004,-0.03391123087091363,-0.035839313670709694,0.0019280827997960603,9.988775255673833,14
AVAX,long,2023-05-04 00:00:00+00:00,2023-05-04 04:00:00+00:00,2023-05-06 20:00:00+00:00,17.16,16.66,-0.029137529137529095,-0.030633587775625526,0.0014960586380964314,7.710732744665526,16
BNB,long,2023-05-04 12:00:00+00:00,2023-05-04 16:00:00+00:00,2023-05-06 20:00:00+00:00,324.68,323.02,-0.0051127263767402065,-0.006396480515102665,0.0012837541383624584,6.455921962584254,13
XRP,long,2023-05-05 08:00:00+00:00,2023-05-05 12:00:00+00:00,2023-05-06 20:00:00+00:00,0.46107,0.4575,-0.00774285900188687,-0.00888186435908489,0.0011390053571980197,5.742762706652812,8
BTC,long,2023-05-03 08:00:00+00:00,2023-05-03 12:00:00+00:00,2023-05-07 00:00:00+00:00,28551.0,28846.0,0.010332387657174813,0.009319944179773554,0.0010124434774012592,5.012959217987713,21
DOT,long,2023-05-05 08:00:00+00:00,2023-05-05 12:00:00+00:00,2023-05-07 00:00:00+00:00,5.756,5.633,-0.021369006254343348,-0.02313807704329618,0.0017690707889528312,9.046674492363598,9
LINK,long,2023-05-04 00:00:00+00:00,2023-05-04 04:00:00+00:00,2023-05-07 00:00:00+00:00,7.111,6.922,-0.026578540289692087,-0.02785029959462515,0.0012717593049330622,6.536688716426203,17
ETH,long,2023-05-03 04:00:00+00:00,2023-05-03 08:00:00+00:00,2023-05-07 04:00:00+00:00,1865.86,1893.27,0.0146902768696473,0.013667594233781832,0.0010226826358654684,5.041924062981029,23
SOL,long,2023-05-05 16:00:00+00:00,2023-05-05 20:00:00+00:00,2023-05-07 08:00:00+00:00,22.873,22.054,-0.03580640930354573,-0.03696292613653196,0.0011565168329862319,6.000925858297193,9
ADA,short,2023-05-06 16:00:00+00:00,2023-05-06 20:00:00+00:00,2023-05-11 04:00:00+00:00,0.38004,0.36568,0.03926930649748406,0.037195172796478326,0.0020741337010057315,9.988775255673833,26
DOT,short,2023-05-06 20:00:00+00:00,2023-05-07 00:00:00+00:00,2023-05-11 04:00:00+00:00,5.633,5.383,0.04644250417982532,0.04455085055522723,0.0018916536245980886,9.046674492363598,25
ADA,long,2023-05-11 00:00:00+00:00,2023-05-11 04:00:00+00:00,2023-05-11 16:00:00+00:00,0.36568,0.3546,-0.03029971559833733,-0.03223500612137864,0.0019352905230413109,9.988775255673833,3
DOT,long,2023-05-11 00:00:00+00:00,2023-05-11 04:00:00+00:00,2023-05-12 00:00:00+00:00,5.383,5.277,-0.019691621772245926,-0.021463724768341352,0.001772102996095426,9.046674492363598,5
ADA,short,2023-05-11 12:00:00+00:00,2023-05-11 16:00:00+00:00,2023-05-13 04:00:00+00:00,0.3546,0.36683,-0.033339694136248266,-0.03526891758707229,0.0019292234508240247,9.988775255673833,9
XRP,short,2023-05-06 16:00:00+00:00,2023-05-06 20:00:00+00:00,2023-05-13 04:00:00+00:00,0.4575,0.42644,0.07283556889597609,0.07160406809857589,0.001231500797400198,5.742762706652812,38
LINK,short,2023-05-06 20:00:00+00:00,2023-05-07 00:00:00+00:00,2023-05-13 08:00:00+00:00,6.922,6.603,0.04831137361805249,0.0469417718586429,0.0013696017594095888,6.536688716426203,38
SOL,short,2023-05-07 04:00:00+00:00,2023-05-07 08:00:00+00:00,2023-05-13 08:00:00+00:00,22.054,21.221,0.039253569577305525,0.03800702089812469,0.0012465486791808367,6.000925858297193,36
BNB,short,2023-05-06 16:00:00+00:00,2023-05-06 20:00:00+00:00,2023-05-13 16:00:00+00:00,323.02,309.68,0.04307672436063026,0.04173078889936854,0.0013459354612617158,6.455921962584254,41
DOT,short,2023-05-11 20:00:00+00:00,2023-05-12 00:00:00+00:00,2023-05-13 16:00:00+00:00,5.277,5.339,-0.011612661547106273,-0.013399368875816053,0.00178670732870978,9.046674492363598,10
ETH,short,2023-05-07 00:00:00+00:00,2023-05-07 04:00:00+00:00,2023-05-14 00:00:00+00:00,1893.27,1795.08,0.05469951199946532,0.05363650498977446,0.001063007009690864,5.041924062981029,41
BTC,short,2023-05-06 20:00:00+00:00,2023-05-07 00:00:00+00:00,2023-05-14 08:00:00+00:00,28846.0,26856.8,0.07406690298174023,0.07299059181573075,0.0010763111660094804,5.012959217987713,44
AVAX,short,2023-05-06 16:00:00+00:00,2023-05-06 20:00:00+00:00,2023-05-15 08:00:00+00:00,16.66,15.28,0.09031413612565453,0.08863400744569816,0.001680128679956372,7.710732744665526,51
DOT,long,2023-05-13 12:00:00+00:00,2023-05-13 16:00:00+00:00,2023-05-16 08:00:00+00:00,5.339,5.3,-0.007304738715115278,-0.009099233473910284,0.0017944947587950066,9.046674492363598,16
ADA,long,2023-05-13 00:00:00+00:00,2023-05-13 04:00:00+00:00,2023-05-16 12:00:00+00:00,0.36683,0.3668,-8.178175176509761e-05,-0.002077380064687384,0.0019955983129222865,9.988775255673833,20
AVAX,long,2023-05-15 04:00:00+00:00,2023-05-15 08:00:00+00:00,2023-05-16 16:00:00+00:00,15.28,14.87,-0.026832460732984287,-0.028332071385502422,0.0014996106525181352,7.710732744665526,8
SOL,long,2023-05-13 04:00:00+00:00,2023-05-13 08:00:00+00:00,2023-05-16 16:00:00+00:00,21.221,20.782,-0.020687055275434685,-0.02186170725016634,0.0011746519747316553,6.000925858297193,20
XRP,long,2023-05-13 00:00:00+00:00,2023-05-13 04:00:00+00:00,2023-05-16 16:00:00+00:00,0.42644,0.42219,-0.009966232060782287,-0.01110268522286817,0.001136453162085882,5.742762706652812,21
BNB,long,2023-05-13 12:00:00+00:00,2023-05-13 16:00:00+00:00,2023-05-16 20:00:00+00:00,309.68,310.01,0.0010656161198656644,-0.0002261102510888735,0.001291726370954538,6.455921962584254,19
BTC,long,2023-05-14 04:00:00+00:00,2023-05-14 08:00:00+00:00,2023-05-17 00:00:00+00:00,26856.8,27037.5,0.006728277382264558,0.005719445545927293,0.001008831836337265,5.012959217987713,16
XRP,short,2023-05-16 12:00:00+00:00,2023-05-16 16:00:00+00:00,2023-05-17 04:00:00+00:00,0.42219,0.45904,-0.08027622865109796,-0.08133197343682452,0.0010557447857265645,5.742762706652812,3
ETH,long,2023-05-13 20:00:00+00:00,2023-05-14 00:00:00+00:00,2023-05-17 16:00:00+00:00,1795.08,1797.43,0.001309133854758615,0.00029993776047287923,0.0010091960942857359,5.041924062981029,22
LINK,long,2023-05-13 04:00:00+00:00,2023-05-13 08:00:00+00:00,2023-05-17 16:00:00+00:00,6.603,6.601,-0.00030289262456451027,-0.00160898063581294,0.0013060880112484297,6.536688716426203,26
ADA,short,2023-05-16 08:00:00+00:00,2023-05-16 12:00:00+00:00,2023-05-18 00:00:00+00:00,0.3668,0.3757,-0.02368911365451143,-0.025637597362601072,0.0019484837080896433,9.988775255673833,9
LINK,short,2023-05-17 12:00:00+00:00,2023-05-17 16:00:00+00:00,2023-05-18 00:00:00+00:00,6.601,6.757,-0.02308716886192097,-0.024363489586839315,0.001276320724918345,6.536688716426203,2
DOT,short,2023-05-16 04:00:00+00:00,2023-05-16 08:00:00+00:00,2023-05-18 04:00:00+00:00,5.3,5.456,-0.028592375366569,-0.03034838847456145,0.001756013107992449,9.046674492363598,11
AVAX,short,2023-05-16 12:00:00+00:00,2023-05-16 16:00:00+00:00,2023-05-18 08:00:00+00:00,14.87,15.06,-0.012616201859229847,-0.014137719174666552,0.0015215173154367045,7.710732744665526,10
BNB,short,2023-05-16 16:00:00+00:00,2023-05-16 20:00:00+00:00,2023-05-18 08:00:00+00:00,310.01,313.17,-0.010090366254749905,-0.011367697488766981,0.0012773312340170762,6.455921962584254,9
BTC,short,2023-05-16 20:00:00+00:00,2023-05-17 00:00:00+00:00,2023-05-18 08:00:00+00:00,27037.5,27387.4,-0.012775948063708187,-0.013765234920515956,0.0009892868568077695,5.012959217987713,8
ETH,short,2023-05-17 12:00:00+00:00,2023-05-17 16:00:00+00:00,2023-05-18 12:00:00+00:00,1797.43,1825.54,-0.015398183551168398,-0.016390540730375824,0.000992357179207426,5.041924062981029,5
SOL,short,2023-05-16 12:00:00+00:00,2023-05-16 16:00:00+00:00,2023-05-18 12:00:00+00:00,20.782,20.829,-0.002256469345623957,-0.003453228170136824,0.0011967588245128669,6.000925858297193,11
SOL,long,2023-05-18 08:00:00+00:00,2023-05-18 12:00:00+00:00,2023-05-18 20:00:00+00:00,20.829,20.34,-0.023476883191703934,-0.024648188864429987,0.001171305672726053,6.000925858297193,2
AVAX,long,2023-05-18 04:00:00+00:00,2023-05-18 08:00:00+00:00,2023-05-19 00:00:00+00:00,15.06,14.67,-0.02589641434262957,-0.027397467403655562,0.001501053061025992,7.710732744665526,4
ETH,long,2023-05-18 08:00:00+00:00,2023-05-18 12:00:00+00:00,2023-05-19 00:00:00+00:00,1825.54,1800.88,-0.01350833178128108,-0.014502593697957256,0.0009942619166761757,5.041924062981029,3
LINK,long,2023-05-17 20:00:00+00:00,2023-05-18 00:00:00+00:00,2023-05-19 00:00:00+00:00,6.757,6.529,-0.03374278525973062,-0.03500518459513302,0.0012623993354023977,6.536688716426203,6
BNB,long,2023-05-18 04:00:00+00:00,2023-05-18 08:00:00+00:00,2023-05-19 04:00:00+00:00,313.17,309.35,-0.012197847814286122,-0.013472459656624247,0.0012746118423381247,6.455921962584254,5
BTC,long,2023-05-18 04:00:00+00:00,2023-05-18 08:00:00+00:00,2023-05-19 04:00:00+00:00,27387.4,26835.2,-0.020162556504085827,-0.02114444131813331,0.0009818848140474845,5.012959217987713,5
ADA,long,2023-05-17 20:00:00+00:00,2023-05-18 00:00:00+00:00,2023-05-19 12:00:00+00:00,0.3757,0.36862,-0.01884482299707202,-0.020802974754094983,0.0019581517570229634,9.988775255673833,9
DOT,long,2023-05-18 00:00:00+00:00,2023-05-18 04:00:00+00:00,2023-05-19 16:00:00+00:00,5.456,5.364,-0.016862170087976636,-0.018639387882556258,0.001777217794579622,9.046674492363598,9
DOT,short,2023-05-19 12:00:00+00:00,2023-05-19 16:00:00+00:00,2023-05-20 08:00:00+00:00,5.364,5.361,0.0005595970900951208,-0.0012491140248509502,0.001808711114946071,9.046674492363598,4
ETH,short,2023-05-18 20:00:00+00:00,2023-05-19 00:00:00+00:00,2023-05-20 12:00:00+00:00,1800.88,1813.11,-0.006745316059146855,-0.007746394261445078,0.0010010782022982223,5.041924062981029,9
BNB,short,2023-05-19 00:00:00+00:00,2023-05-19 04:00:00+00:00,2023-05-21 04:00:00+00:00,309.35,310.5,-0.0037037037037036535,-0.0049892759763767724,0.001285572272673119,6.455921962584254,12
BTC,short,2023-05-19 00:00:00+00:00,2023-05-19 04:00:00+00:00,2023-05-21 04:00:00+00:00,26835.2,27177.9,-0.012609509932702712,-0.013598963575414014,0.000989453642711302,5.012959217987713,12
DOT,long,2023-05-20 04:00:00+00:00,2023-05-20 08:00:00+00:00,2023-05-21 20:00:00+00:00,5.361,5.304,-0.010632344711807407,-0.01242082415880108,0.0017884794469936738,9.046674492363598,9
ETH,long,2023-05-20 08:00:00+00:00,2023-05-20 12:00:00+00:00,2023-05-22 00:00:00+00:00,1813.11,1804.97,-0.004489523525875394,-0.005492875288792387,0.001003351762916993,5.041924062981029,9
XRP,long,2023-05-17 00:00:00+00:00,2023-05-17 04:00:00+00:00,2023-05-22 00:00:00+00:00,0.45904,0.45743,-0.0035073196235622106,-0.00465118692817601,0.0011438673046137993,5.742762706652812,29
BNB,long,2023-05-21 00:00:00+00:00,2023-05-21 04:00:00+00:00,2023-05-22 04:00:00+00:00,310.5,305.7,-0.01545893719806768,-0.016729341089311123,0.0012704038912434434,6.455921962584254,6
BTC,long,2023-05-21 00:00:00+00:00,2023-05-21 04:00:00+00:00,2023-05-22 04:00:00+00:00,27177.9,26649.8,-0.019431229050073884,-0.02041384671968427,0.000982617669610386,5.012959217987713,6
ADA,short,2023-05-19 08:00:00+00:00,2023-05-19 12:00:00+00:00,2023-05-23 00:00:00+00:00,0.36862,0.36784,0.0021204871683340176,0.0001204936518226507,0.001999993516511367,9.988775255673833,21
ETH,short,2023-05-21 20:00:00+00:00,2023-05-22 00:00:00+00:00,2023-05-23 00:00:00+00:00,1804.97,1817.58,-0.006937796410611874,-0.007938680616458416,0.0010008842058465417,5.041924062981029,6
LINK,short,2023-05-18 20:00:00+00:00,2023-05-19 00:00:00+00:00,2023-05-23 00:00:00+00:00,6.529,6.532,-0.00045927740355178326,-0.0017651611006298529,0.0013058836970780696,6.536688716426203,24
AVAX,short,2023-05-18 20:00:00+00:00,2023-05-19 00:00:00+00:00,2023-05-23 04:00:00+00:00,14.67,14.92,-0.016756032171581725,-0.01827117018090163,0.0015151380093199052,7.710732744665526,25
BNB,short,2023-05-22 00:00:00+00:00,2023-05-22 04:00:00+00:00,2023-05-23 08:00:00+00:00,305.7,313.47,-0.024787060962771723,-0.026045428296906148,0.0012583673341344248,6.455921962584254,7
BTC,short,2023-05-22 00:00:00+00:00,2023-05-22 04:00:00+00:00,2023-05-23 08:00:00+00:00,26649.8,27310.3,-0.024185014445099462,-0.025162868396279237,0.0009778539511797746,5.012959217987713,7
DOT,short,2023-05-21 16:00:00+00:00,2023-05-21 20:00:00+00:00,2023-05-23 12:00:00+00:00,5.304,5.38,-0.014126394052044522,-0.015908557307682702,0.0017821632556381806,9.046674492363598,10
SOL,short,2023-05-18 16:00:00+00:00,2023-05-18 20:00:00+00:00,2023-05-24 00:00:00+00:00,20.34,20.027,0.01562890098367209,0.014410689276615818,0.0012182117070562715,6.000925858297193,31
XRP,short,2023-05-21 20:00:00+00:00,2023-05-22 00:00:00+00:00,2023-05-24 00:00:00+00:00,0.45743,0.46495,-0.016173782127110403,-0.017303109683858287,0.0011293275567478833,5.742762706652812,12
LINK,long,2023-05-22 20:00:00+00:00,2023-05-23 00:00:00+00:00,2023-05-24 08:00:00+00:00,6.532,6.337,-0.02985303123086347,-0.031120512466639827,0.0012674812357763576,6.536688716426203,8
AVAX,long,2023-05-23 00:00:00+00:00,2023-05-23 04:00:00+00:00,2023-05-24 12:00:00+00:00,14.92,14.33,-0.03954423592493295,-0.041024258261235125,0.001480022336302178,7.710732744665526,8
SOL,long,2023-05-23 20:00:00+00:00,2023-05-24 00:00:00+00:00,2023-05-24 12:00:00+00:00,20.027,19.422,-0.030209217556299017,-0.031372448027018995,0.001163230470719978,6.000925858297193,3
XRP,long,2023-05-23 20:00:00+00:00,2023-05-24 00:00:00+00:00,2023-05-24 12:00:00+00:00,0.46495,0.45661,-0.01793741262501336,-0.019064715722070136,0.0011273030970567754,5.742762706652812,3
ADA,long,2023-05-22 20:00:00+00:00,2023-05-23 00:00:00+00:00,2023-05-24 16:00:00+00:00,0.36784,0.36191,-0.01612113962592432,-0.018084727205438744,0.0019635875795144253,9.988775255673833,10
BNB,long,2023-05-23 04:00:00+00:00,2023-05-23 08:00:00+00:00,2023-05-24 16:00:00+00:00,313.47,306.18,-0.023255813953488413,-0.024516157134271133,0.0012603431807827192,6.455921962584254,8
BTC,long,2023-05-23 04:00:00+00:00,2023-05-23 08:00:00+00:00,2023-05-24 16:00:00+00:00,27310.3,26315.3,-0.03643314060995306,-0.03739872084250573,0.0009655802325526652,5.012959217987713,8
DOT,long,2023-05-23 08:00:00+00:00,2023-05-23 12:00:00+00:00,2023-05-24 16:00:00+00:00,5.38,5.24,-0.026022304832713727,-0.027782963856006204,0.0017606590232924768,9.046674492363598,7
ETH,long,2023-05-22 20:00:00+00:00,2023-05-23 00:00:00+00:00,2023-05-24 20:00:00+00:00,1817.58,1792.55,-0.013771058220270915,-0.014765055341104172,0.0009939971208332565,5.041924062981029,11
XRP,short,2023-05-24 08:00:00+00:00,2023-05-24 12:00:00+00:00,2023-05-26 12:00:00+00:00,0.45661,0.466,-0.02015021459227473,-0.021274977628705116,0.0011247630364303873,5.742762706652812,12
ETH,short,2023-05-24 16:00:00+00:00,2023-05-24 20:00:00+00:00,2023-05-26 16:00:00+00:00,1792.55,1830.54,-0.02075343887596015,-0.021740398618377177,0.0009869597424170262,5.041924062981029,11
BTC,short,2023-05-24 12:00:00+00:00,2023-05-24 16:00:00+00:00,2023-05-26 20:00:00+00:00,26315.3,26765.9,-0.01683485330214951,-0.01782007277263553,0.0009852194704860207,5.012959217987713,13
AVAX,short,2023-05-24 08:00:00+00:00,2023-05-24 12:00:00+00:00,2023-05-27 04:00:00+00:00,14.33,14.44,-0.0076177285318559385,-0.00914694828653928,0.001529219754683342,7.710732744665526,16
BNB,short,2023-05-24 12:00:00+00:00,2023-05-24 16:00:00+00:00,2023-05-27 04:00:00+00:00,306.18,307.12,-0.0030606928887730867,-0.004347094871320567,0.0012864019825474804,6.455921962584254,15
LINK,short,2023-05-24 04:00:00+00:00,2023-05-24 08:00:00+00:00,2023-05-27 04:00:00+00:00,6.337,6.359,-0.0034596634690989836,-0.004761627210582153,0.0013019637414831697,6.536688716426203,17
SOL,short,2023-05-24 08:00:00+00:00,2023-05-24 12:00:00+00:00,2023-05-27 04:00:00+00:00,19.422,19.474,-0.002670226969292422,-0.0038664895058593274,0.0011962625365669055,6.000925858297193,16
ADA,short,2023-05-24 12:00:00+00:00,2023-05-24 16:00:00+00:00,2023-05-27 08:00:00+00:00,0.36191,0.36398,-0.005687125666245407,-0.007671537049421917,0.0019844113831765098,9.988775255673833,16
DOT,short,2023-05-24 12:00:00+00:00,2023-05-24 16:00:00+00:00,2023-05-27 12:00:00+00:00,5.24,5.279,-0.007387762833869993,-0.009182107510004478,0.001794344676134485,9.046674492363598,17
BNB,long,2023-05-27 00:00:00+00:00,2023-05-27 04:00:00+00:00,2023-05-28 00:00:00+00:00,307.12,307.5,0.001237301380567768,-5.46465246950012e-05,0.0012919479052627691,6.455921962584254,5
BNB,short,2023-05-27 20:00:00+00:00,2023-05-28 00:00:00+00:00,2023-05-28 08:00:00+00:00,307.5,308.03,-0.0017206116287373785,-0.0030087427869502914,0.001288131158212913,6.455921962584254,2
AVAX,long,2023-05-27 00:00:00+00:00,2023-05-27 04:00:00+00:00,2023-05-30 08:00:00+00:00,14.44,14.48,0.0027700831024930483,0.0012248561626595489,0.0015452269398334995,7.710732744665526,19
BNB,long,2023-05-28 04:00:00+00:00,2023-05-28 08:00:00+00:00,2023-05-31 12:00:00+00:00,308.03,306.56,-0.004772262441969821,-0.006056455898430735,0.0012841934564609137,6.455921962584254,19
BTC,long,2023-05-26 16:00:00+00:00,2023-05-26 20:00:00+00:00,2023-05-31 12:00:00+00:00,26765.9,27102.4,0.012571966569403514,0.011557278833489448,0.001014687735914066,5.012959217987713,28
DOT,long,2023-05-27 08:00:00+00:00,2023-05-27 12:00:00+00:00,2023-05-31 12:00:00+00:00,5.279,5.312,0.006251183936351712,0.0044321841425298825,0.0018189997938218294,9.046674492363598,24
ADA,long,2023-05-27 04:00:00+00:00,2023-05-27 08:00:00+00:00,2023-05-31 16:00:00+00:00,0.36398,0.37199,0.02200670366503643,0.019967022002667756,0.0020396816623686753,9.988775255673833,26
ETH,long,2023-05-26 12:00:00+00:00,2023-05-26 16:00:00+00:00,2023-05-31 16:00:00+00:00,1830.54,1858.3,0.015164924011493941,0.01414176298985792,0.001023161021636021,5.041924062981029,30
LINK,long,2023-05-27 00:00:00+00:00,2023-05-27 04:00:00+00:00,2023-05-31 16:00:00+00:00,6.359,6.445,0.013524139015568482,0.012199986212371394,0.0013241528031970873,6.536688716426203,27
SOL,long,2023-05-27 00:00:00+00:00,2023-05-27 04:00:00+00:00,2023-06-01 00:00:00+00:00,19.474,20.813,0.06875834445927897,0.06747640582404202,0.0012819386352369566,6.000925858297193,29
XRP,long,2023-05-26 08:00:00+00:00,2023-05-26 12:00:00+00:00,2023-06-02 00:00:00+00:00,0.466,0.50651,0.08693133047210289,0.0856836492439601,0.001247681228142783,5.742762706652812,39
XRP,short,2023-06-01 20:00:00+00:00,2023-06-02 00:00:00+00:00,2023-06-02 08:00:00+00:00,0.50651,0.51533,-0.017115246541051232,-0.01824349339707465,0.0011282468560234182,5.742762706652812,2
AVAX,short,2023-05-30 04:00:00+00:00,2023-05-30 08:00:00+00:00,2023-06-02 16:00:00+00:00,14.48,14.48,0.0,-0.0015409583571268648,0.0015409583571268648,7.710732744665526,20
ETH,short,2023-05-31 12:00:00+00:00,2023-05-31 16:00:00+00:00,2023-06-02 16:00:00+00:00,1858.3,1891.85,-0.017733964109205247,-0.018723967109731565,0.0009900030005263183,5.041924062981029,12
SOL,short,2023-05-31 20:00:00+00:00,2023-06-01 00:00:00+00:00,2023-06-02 16:00:00+00:00,20.813,21.199,-0.01820840605688956,-0.01938603108555159,0.0011776250286620327,6.000925858297193,10
ADA,short,2023-05-31 12:00:00+00:00,2023-05-31 16:00:00+00:00,2023-06-02 20:00:00+00:00,0.37199,0.37864,-0.017562856539192873,-0.019523566795554892,0.0019607102563620193,9.988775255673833,13
BNB,short,2023-05-31 08:00:00+00:00,2023-05-31 12:00:00+00:00,2023-06-03 00:00:00+00:00,306.56,307.3,-0.002408070289619313,-0.0036953143846196745,0.0012872440950003616,6.455921962584254,15
BTC,short,2023-05-31 08:00:00+00:00,2023-05-31 12:00:00+00:00,2023-06-03 00:00:00+00:00,27102.4,27237.9,-0.004974686007364726,-0.005971790426967716,0.00099710441960299,5.012959217987713,15
DOT,short,2023-05-31 08:00:00+00:00,2023-05-31 12:00:00+00:00,2023-06-03 12:00:00+00:00,5.312,5.284,0.005299015897047843,0.003481737336944679,0.0018172785601031638,9.046674492363598,18
LINK,short,2023-05-31 12:00:00+00:00,2023-05-31 16:00:00+00:00,2023-06-03 16:00:00+00:00,6.445,6.438,0.0010872941907424938,-0.00022061007696938528,0.001307904267711879,6.536688716426203,18
LINK,long,2023-06-03 12:00:00+00:00,2023-06-03 16:00:00+00:00,2023-06-04 00:00:00+00:00,6.438,6.422,-0.0024852438645541763,-0.0037884806694022943,0.001303236804848118,6.536688716426203,2
LINK,short,2023-06-03 20:00:00+00:00,2023-06-04 00:00:00+00:00,2023-06-04 08:00:00+00:00,6.422,6.484,-0.009561998766193791,-0.010855989905862562,0.0012939911396687709,6.536688716426203,2
BNB,long,2023-06-02 20:00:00+00:00,2023-06-03 00:00:00+00:00,2023-06-05 00:00:00+00:00,307.3,305.13,-0.007061503416856518,-0.008342742948130866,0.0012812395312743474,6.455921962584254,12
BTC,long,2023-06-02 20:00:00+00:00,2023-06-03 00:00:00+00:00,2023-06-05 08:00:00+00:00,27237.9,26839.0,-0.014645035043083454,-0.01563244890745419,0.0009874138643707342,5.012959217987713,14
ETH,long,2023-06-02 12:00:00+00:00,2023-06-02 16:00:00+00:00,2023-06-05 08:00:00+00:00,1891.85,1873.3,-0.009805217115521847,-0.010803211314997507,0.0009979941994756603,5.041924062981029,16
LINK,long,2023-06-04 04:00:00+00:00,2023-06-04 08:00:00+00:00,2023-06-05 12:00:00+00:00,6.484,6.377,-0.01650215916101172,-0.017787083094002676,0.0012849239329909556,6.536688716426203,7
ADA,long,2023-06-02 16:00:00+00:00,2023-06-02 20:00:00+00:00,2023-06-05 16:00:00+00:00,0.37864,0.35629,-0.05902704415803928,-0.06090500178388725,0.0018779576258479702,9.988775255673833,17
DOT,long,2023-06-03 08:00:00+00:00,2023-06-03 12:00:00+00:00,2023-06-05 20:00:00+00:00,5.284,5.049,-0.04447388342165015,-0.046201187534971155,0.0017273041133210043,9.046674492363598,14
SOL,long,2023-06-02 12:00:00+00:00,2023-06-02 16:00:00+00:00,2023-06-05 20:00:00+00:00,21.199,20.026,-0.05533279871692065,-0.05646589432178217,0.0011330956048615226,6.000925858297193,19
AVAX,long,2023-06-02 12:00:00+00:00,2023-06-02 16:00:00+00:00,2023-06-06 00:00:00+00:00,14.48,13.86,-0.04281767955801108,-0.044292657653990375,0.0014749780959792957,7.710732744665526,20
XRP,long,2023-06-02 04:00:00+00:00,2023-06-02 08:00:00+00:00,2023-06-06 00:00:00+00:00,0.51533,0.50885,-0.012574466846486554,-0.013707926033249995,0.0011334591867634414,5.742762706652812,22
AVAX,short,2023-06-05 20:00:00+00:00,2023-06-06 00:00:00+00:00,2023-06-07 08:00:00+00:00,13.86,14.54,-0.04676753782668497,-0.04823642935555561,0.0014688915288706417,7.710732744665526,8
BTC,short,2023-06-05 04:00:00+00:00,2023-06-05 08:00:00+00:00,2023-06-07 08:00:00+00:00,26839.0,26806.7,0.0012049226499344368,0.0002016257093806484,0.0010032969405537884,5.012959217987713,12
ETH,short,2023-06-05 04:00:00+00:00,2023-06-05 08:00:00+00:00,2023-06-07 08:00:00+00:00,1873.3,1875.26,-0.0010451884005417966,-0.002052011628402517,0.0010068232278607203,5.041924062981029,12
XRP,short,2023-06-05 20:00:00+00:00,2023-06-06 00:00:00+00:00,2023-06-07 08:00:00+00:00,0.50885,0.52637,-0.03328457168911603,-0.03439425788459605,0.0011096861954800197,5.742762706652812,8
AVAX,long,2023-06-07 04:00:00+00:00,2023-06-07 08:00:00+00:00,2023-06-08 04:00:00+00:00,14.54,13.89,-0.04470426409903705,-0.0461763350468013,0.001472070947764248,7.710732744665526,5
ETH,long,2023-06-07 04:00:00+00:00,2023-06-07 08:00:00+00:00,2023-06-08 08:00:00+00:00,1875.26,1841.79,-0.01784819171741525,-0.018838079590602352,0.0009898878731871008,5.041924062981029,6
BTC,long,2023-06-07 04:00:00+00:00,2023-06-07 08:00:00+00:00,2023-06-08 12:00:00+00:00,26806.7,26433.1,-0.013936814303886824,-0.014924937868824206,0.000988123564937382,5.012959217987713,7
XRP,long,2023-06-07 04:00:00+00:00,2023-06-07 08:00:00+00:00,2023-06-08 16:00:00+00:00,0.52637,0.52426,-0.004008587115527207,-0.005151879018528871,0.0011432919030016642,5.742762706652812,8
BTC,short,2023-06-08 08:00:00+00:00,2023-06-08 12:00:00+00:00,2023-06-09 00:00:00+00:00,26433.1,26502.4,-0.002614857522337699,-0.0036143267012878066,0.0009994691789501076,5.012959217987713,3
XRP,short,2023-06-08 12:00:00+00:00,2023-06-08 16:00:00+00:00,2023-06-09 00:00:00+00:00,0.52426,0.52373,0.0010119718175394254,-0.0001370831515914439,0.0011490549691308694,5.742762706652812,2
BTC,long,2023-06-08 20:00:00+00:00,2023-06-09 00:00:00+00:00,2023-06-10 00:00:00+00:00,26502.4,26488.0,-0.0005433470176285926,-0.0015448920355051188,0.0010015450178765262,5.012959217987713,6
XRP,long,2023-06-08 20:00:00+00:00,2023-06-09 00:00:00+00:00,2023-06-10 12:00:00+00:00,0.52373,0.49534,-0.054207320565940464,-0.05529298967746776,0.0010856691115272987,5.742762706652812,9
XRP,short,2023-06-10 08:00:00+00:00,2023-06-10 12:00:00+00:00,2023-06-12 04:00:00+00:00,0.49534,0.51413,-0.036547176784081814,-0.03765311785692382,0.0011059410728420094,5.742762706652812,10
ADA,short,2023-06-05 12:00:00+00:00,2023-06-05 16:00:00+00:00,2023-06-12 16:00:00+00:00,0.35629,0.27724,0.28513201558216705,0.28256719854475865,0.0025648170374084067,9.988775255673833,42
BTC,short,2023-06-09 20:00:00+00:00,2023-06-10 00:00:00+00:00,2023-06-13 08:00:00+00:00,26488.0,26070.4,0.016018166196145822,0.015000025059770161,0.001018141136375661,5.012959217987713,20
DOT,short,2023-06-05 16:00:00+00:00,2023-06-05 20:00:00+00:00,2023-06-13 08:00:00+00:00,5.049,4.614,0.09427828348504552,0.09230015714460604,0.001978126340439479,9.046674492363598,45
LINK,short,2023-06-05 08:00:00+00:00,2023-06-05 12:00:00+00:00,2023-06-13 16:00:00+00:00,6.377,5.186,0.22965676822213643,0.22805024165416254,0.0016065265679738872,6.536688716426203,49
AVAX,short,2023-06-08 00:00:00+00:00,2023-06-08 04:00:00+00:00,2023-06-13 20:00:00+00:00,13.89,11.72,0.18515358361774736,0.1833273112985927,0.0018262723191546648,7.710732744665526,34
BNB,short,2023-06-04 20:00:00+00:00,2023-06-05 00:00:00+00:00,2023-06-13 20:00:00+00:00,305.13,237.81,0.2830831335940456,0.2814275055382003,0.001655628055845293,6.455921962584254,53
ADA,long,2023-06-12 12:00:00+00:00,2023-06-12 16:00:00+00:00,2023-06-14 12:00:00+00:00,0.27724,0.275,-0.008079642187274416,-0.010059278678018813,0.0019796364907443964,9.988775255673833,11
XRP,long,2023-06-12 00:00:00+00:00,2023-06-12 04:00:00+00:00,2023-06-14 12:00:00+00:00,0.51413,0.50838,-0.011183941804601805,-0.01231899716579088,0.0011350553611890746,5.742762706652812,14
BTC,long,2023-06-13 04:00:00+00:00,2023-06-13 08:00:00+00:00,2023-06-15 04:00:00+00:00,26070.4,25064.9,-0.038568644899963145,-0.03953208516608919,0.0009634402661260477,5.012959217987713,11
AVAX,long,2023-06-13 16:00:00+00:00,2023-06-13 20:00:00+00:00,2023-06-15 08:00:00+00:00,11.72,11.24,-0.04095563139931746,-0.0424334788339682,0.0014778474346507364,7.710732744665526,9
DOT,long,2023-06-13 04:00:00+00:00,2023-06-13 08:00:00+00:00,2023-06-15 12:00:00+00:00,4.614,4.363,-0.05439965322930196,-0.056109014533191504,0.001709361303889545,9.046674492363598,13
BNB,long,2023-06-13 16:00:00+00:00,2023-06-13 20:00:00+00:00,2023-06-15 16:00:00+00:00,237.81,232.6,-0.021908246078802485,-0.023170328095613812,0.0012620820168113278,6.455921962584254,11
LINK,long,2023-06-13 12:00:00+00:00,2023-06-13 16:00:00+00:00,2023-06-15 20:00:00+00:00,5.186,5.348,0.03123794832240656,0.02989065271545588,0.0013472956069506825,6.536688716426203,13
BTC,short,2023-06-15 00:00:00+00:00,2023-06-15 04:00:00+00:00,2023-06-16 20:00:00+00:00,25064.9,26383.7,-0.049985407657000325,-0.05093740730504104,0.0009519996480407134,5.012959217987713,10
SOL,short,2023-06-05 16:00:00+00:00,2023-06-05 20:00:00+00:00,2023-06-17 00:00:00+00:00,20.026,15.317,0.3074361820199778,0.3058679575812848,0.0015682244386929778,6.000925858297193,67
ETH,short,2023-06-08 04:00:00+00:00,2023-06-08 08:00:00+00:00,2023-06-17 04:00:00+00:00,1841.79,1718.73,0.071599378610951,0.07051933862033422,0.001080039990616788,5.041924062981029,53
AVAX,short,2023-06-15 04:00:00+00:00,2023-06-15 08:00:00+00:00,2023-06-17 08:00:00+00:00,11.24,11.7,-0.03931623931623929,-0.040796612985821046,0.0014803736695817582,7.710732744665526,12
BNB,short,2023-06-15 12:00:00+00:00,2023-06-15 16:00:00+00:00,2023-06-17 08:00:00+00:00,232.6,246.62,-0.056848592977049806,-0.05806558967001019,0.0012169966929603815,6.455921962584254,10
ADA,short,2023-06-14 08:00:00+00:00,2023-06-14 12:00:00+00:00,2023-06-17 12:00:00+00:00,0.275,0.26775,0.027077497665733086,0.02502769590777265,0.0020498017579604344,9.988775255673833,18
LINK,short,2023-06-15 16:00:00+00:00,2023-06-15 20:00:00+00:00,2023-06-17 12:00:00+00:00,5.348,5.356,-0.0014936519790889058,-0.0027981842826074743,0.0013045323035185685,6.536688716426203,10
DOT,short,2023-06-15 08:00:00+00:00,2023-06-15 12:00:00+00:00,2023-06-17 16:00:00+00:00,4.363,4.552,-0.041520210896309084,-0.04325285436207049,0.0017326434657614076,9.046674492363598,13
XRP,short,2023-06-14 08:00:00+00:00,2023-06-14 12:00:00+00:00,2023-06-18 04:00:00+00:00,0.50838,0.48101,0.05690110392715342,0.05568789419586273,0.0012132097312906875,5.742762706652812,22
LINK,long,2023-06-17 08:00:00+00:00,2023-06-17 12:00:00+00:00,2023-06-18 08:00:00+00:00,5.356,5.243,-0.021097834204630184,-0.022376753962922713,0.0012789197582925294,6.536688716426203,5
AVAX,long,2023-06-17 04:00:00+00:00,2023-06-17 08:00:00+00:00,2023-06-19 00:00:00+00:00,11.7,11.34,-0.03076923076923077,-0.03226277502306152,0.0014935442538307475,7.710732744665526,10
ADA,long,2023-06-17 08:00:00+00:00,2023-06-17 12:00:00+00:00,2023-06-19 08:00:00+00:00,0.26775,0.26016,-0.028347338935574173,-0.030286525936850772,0.0019391870012765988,9.988775255673833,11
BNB,long,2023-06-17 04:00:00+00:00,2023-06-17 08:00:00+00:00,2023-06-19 20:00:00+00:00,246.62,241.54,-0.020598491606520164,-0.02186226366678523,0.001263772060265067,6.455921962584254,15
DOT,long,2023-06-17 12:00:00+00:00,2023-06-17 16:00:00+00:00,2023-06-20 00:00:00+00:00,4.552,4.529,-0.005052724077328596,-0.006851289801929394,0.001798565724600798,9.046674492363598,14
XRP,long,2023-06-18 00:00:00+00:00,2023-06-18 04:00:00+00:00,2023-06-20 20:00:00+00:00,0.48101,0.48897,0.016548512504937607,0.015381623244327125,0.001166889260610482,5.742762706652812,16
AVAX,short,2023-06-18 20:00:00+00:00,2023-06-19 00:00:00+00:00,2023-06-21 00:00:00+00:00,11.34,12.11,-0.06358381502890165,-0.06502679337488182,0.0014429783459801726,7.710732744665526,12
ADA,short,2023-06-19 04:00:00+00:00,2023-06-19 08:00:00+00:00,2023-06-21 04:00:00+00:00,0.26016,0.28088,-0.07376815722016528,-0.07561669509965763,0.0018485378794923513,9.988775255673833,11
DOT,short,2023-06-19 20:00:00+00:00,2023-06-20 00:00:00+00:00,2023-06-21 04:00:00+00:00,4.529,4.723,-0.04107558755028584,-0.042809034761461584,0.0017334472111757426,9.046674492363598,7
BNB,short,2023-06-19 16:00:00+00:00,2023-06-19 20:00:00+00:00,2023-06-21 08:00:00+00:00,241.54,249.31,-0.031166018210260327,-0.032416154448287604,0.0012501362380272774,6.455921962584254,9
LINK,short,2023-06-18 04:00:00+00:00,2023-06-18 08:00:00+00:00,2023-06-21 08:00:00+00:00,5.243,5.358,-0.02146323254945859,-0.022741674920756738,0.0012784423712981496,6.536688716426203,18
XRP,short,2023-06-20 16:00:00+00:00,2023-06-20 20:00:00+00:00,2023-06-21 08:00:00+00:00,0.48897,0.49731,-0.016770223804065787,-0.017898866709389005,0.0011286429053232183,5.742762706652812,3
BNB,long,2023-06-21 04:00:00+00:00,2023-06-21 08:00:00+00:00,2023-06-23 04:00:00+00:00,249.31,241.85,-0.0299225863382937,-0.031174327040317862,0.0012517407020241622,6.455921962584254,11
XRP,long,2023-06-21 04:00:00+00:00,2023-06-21 08:00:00+00:00,2023-06-23 12:00:00+00:00,0.49731,0.49236,-0.009953550099535358,-0.011090017819160192,0.001136467719624834,5.742762706652812,13
SOL,long,2023-06-16 20:00:00+00:00,2023-06-17 00:00:00+00:00,2023-06-23 16:00:00+00:00,15.317,16.968,0.10778873147483181,0.10645997724154821,0.0013287542332836022,6.000925858297193,40
SOL,short,2023-06-23 12:00:00+00:00,2023-06-23 16:00:00+00:00,2023-06-24 04:00:00+00:00,16.968,17.372,-0.023255813953488413,-0.024427384791112616,0.0011715708376242029,6.000925858297193,3
ADA,long,2023-06-21 00:00:00+00:00,2023-06-21 04:00:00+00:00,2023-06-25 04:00:00+00:00,0.28088,0.29691,0.05707063514668187,0.05496097423877866,0.0021096609079032103,9.988775255673833,24
ETH,long,2023-06-17 00:00:00+00:00,2023-06-17 04:00:00+00:00,2023-06-25 04:00:00+00:00,1718.73,1894.98,0.10254664781553813,0.1014354167949445,0.0011112310205936282,5.041924062981029,48
SOL,long,2023-06-24 00:00:00+00:00,2023-06-24 04:00:00+00:00,2023-06-25 04:00:00+00:00,17.372,16.985,-0.022277227722772297,-0.023449972340703118,0.001172744617930821,6.000925858297193,6
ADA,short,2023-06-25 00:00:00+00:00,2023-06-25 04:00:00+00:00,2023-06-25 12:00:00+00:00,0.29691,0.29812,-0.004058768281228975,-0.00604642947743117,0.001987661196202195,9.988775255673833,2
ETH,short,2023-06-25 00:00:00+00:00,2023-06-25 04:00:00+00:00,2023-06-25 12:00:00+00:00,1894.98,1918.86,-0.012444889152934513,-0.013440222888603137,0.0009953337356686243,5.041924062981029,2
SOL,short,2023-06-25 00:00:00+00:00,2023-06-25 04:00:00+00:00,2023-06-25 16:00:00+00:00,16.985,17.115,-0.0075956763073327105,-0.008786030937931177,0.001190354630598467,6.000925858297193,3
ADA,long,2023-06-25 08:00:00+00:00,2023-06-25 12:00:00+00:00,2023-06-26 08:00:00+00:00,0.29812,0.29024,-0.026432309137260135,-0.02837531808133653,0.0019430089440763965,9.988775255673833,5
BTC,long,2023-06-16 16:00:00+00:00,2023-06-16 20:00:00+00:00,2023-06-26 08:00:00+00:00,26383.7,30402.3,0.15231373916471158,0.1511590176657378,0.0011547214989737764,5.012959217987713,57
SOL,long,2023-06-25 12:00:00+00:00,2023-06-25 16:00:00+00:00,2023-06-26 12:00:00+00:00,17.115,16.929,-0.010867659947414565,-0.012054089946908264,0.0011864299994936989,6.000925858297193,5
ETH,long,2023-06-25 08:00:00+00:00,2023-06-25 12:00:00+00:00,2023-06-26 16:00:00+00:00,1918.86,1889.0,-0.015561322868786642,-0.016553515623685344,0.000992192754898702,5.041924062981029,7
DOT,long,2023-06-21 00:00:00+00:00,2023-06-21 04:00:00+00:00,2023-06-27 08:00:00+00:00,4.723,5.102,0.08024560660597091,0.0782928471289519,0.001952759477019006,9.046674492363598,37
AVAX,long,2023-06-20 20:00:00+00:00,2023-06-21 00:00:00+00:00,2023-06-27 12:00:00+00:00,12.11,13.37,0.10404624277456653,0.10234495349010841,0.0017012892844581184,7.710732744665526,39
BTC,short,2023-06-26 04:00:00+00:00,2023-06-26 08:00:00+00:00,2023-06-27 20:00:00+00:00,30402.3,30655.0,-0.008243353449681967,-0.00923718237196125,0.0009938289222792829,5.012959217987713,9
LINK,long,2023-06-21 04:00:00+00:00,2023-06-21 08:00:00+00:00,2023-06-28 12:00:00+00:00,5.358,5.993,0.118514371033968,0.11705305020024892,0.001461320833719082,6.536688716426203,43
BTC,long,2023-06-27 16:00:00+00:00,2023-06-27 20:00:00+00:00,2023-06-28 16:00:00+00:00,30655.0,30410.1,-0.007988908824009155,-0.0089829927225763,0.000994083898567144,5.012959217987713,5
SOL,short,2023-06-26 08:00:00+00:00,2023-06-26 12:00:00+00:00,2023-06-29 16:00:00+00:00,16.929,17.67,-0.041935483870967905,-0.043084649091190697,0.001149165220222792,6.000925858297193,19
BTC,short,2023-06-28 12:00:00+00:00,2023-06-28 16:00:00+00:00,2023-06-30 00:00:00+00:00,30410.1,30458.3,-0.0015824914719468897,-0.0025829951740764523,0.0010005037021295626,5.012959217987713,8
DOT,short,2023-06-27 04:00:00+00:00,2023-06-27 08:00:00+00:00,2023-06-30 08:00:00+00:00,5.102,5.079,0.004528450482378599,0.0027125648730146334,0.0018158856093639653,9.046674492363598,18
ADA,short,2023-06-26 04:00:00+00:00,2023-06-26 08:00:00+00:00,2023-06-30 12:00:00+00:00,0.29024,0.29493,-0.015902078459295477,-0.017866103232658914,0.0019640247733634375,9.988775255673833,25
AVAX,short,2023-06-27 08:00:00+00:00,2023-06-27 12:00:00+00:00,2023-06-30 12:00:00+00:00,13.37,13.23,0.01058201058201047,0.009024745787242106,0.0015572647947683649,7.710732744665526,18
BNB,short,2023-06-23 00:00:00+00:00,2023-06-23 04:00:00+00:00,2023-06-30 12:00:00+00:00,241.85,240.58,0.005278909302518731,0.003981746303010736,0.0012971629995079947,6.455921962584254,44
ETH,short,2023-06-26 12:00:00+00:00,2023-06-26 16:00:00+00:00,2023-06-30 12:00:00+00:00,1889.0,1891.16,-0.001142156136974215,-0.002148881633317723,0.001006725496343508,5.041924062981029,23
LINK,short,2023-06-28 08:00:00+00:00,2023-06-28 12:00:00+00:00,2023-06-30 12:00:00+00:00,5.993,6.23,-0.03804173354735152,-0.0392985163767362,0.0012567828293846839,6.536688716426203,12
XRP,short,2023-06-23 08:00:00+00:00,2023-06-23 12:00:00+00:00,2023-06-30 12:00:00+00:00,0.49236,0.47987,0.02602788255152433,0.024850111985232237,0.0011777705662920912,5.742762706652812,42
BTC,long,2023-06-29 20:00:00+00:00,2023-06-30 00:00:00+00:00,2023-07-01 08:00:00+00:00,30458.3,30465.9,0.00024952147690449067,-0.0007528180661652284,0.001002339543069719,5.012959217987713,8
XRP,long,2023-06-30 08:00:00+00:00,2023-06-30 12:00:00+00:00,2023-07-01 12:00:00+00:00,0.47987,0.47063,-0.019255214954050137,-0.020381005354598636,0.0011257904005484987,5.742762706652812,6
BTC,short,2023-07-01 04:00:00+00:00,2023-07-01 08:00:00+00:00,2023-07-01 20:00:00+00:00,30465.9,30610.2,-0.004714114902875544,-0.005711480438046257,0.0009973655351707134,5.012959217987713,3
XRP,short,2023-07-01 08:00:00+00:00,2023-07-01 12:00:00+00:00,2023-07-02 08:00:00+00:00,0.47063,0.48359,-0.0267995616121095,-0.027916691907424074,0.0011171302953145723,5.742762706652812,5
BNB,long,2023-06-30 08:00:00+00:00,2023-06-30 12:00:00+00:00,2023-07-04 20:00:00+00:00,240.58,241.27,0.002868068833651982,0.0015740166654016896,0.0012940521682502926,6.455921962584254,26
LINK,long,2023-06-30 08:00:00+00:00,2023-06-30 12:00:00+00:00,2023-07-05 00:00:00+00:00,6.23,6.525,0.047351524879614804,0.045983177146970755,0.0013683477326440485,6.536688716426203,27
DOT,long,2023-06-30 04:00:00+00:00,2023-06-30 08:00:00+00:00,2023-07-05 04:00:00+00:00,5.079,5.375,0.05827918881669625,0.05636613802282486,0.0019130507938713848,9.046674492363598,29
ADA,long,2023-06-30 08:00:00+00:00,2023-06-30 12:00:00+00:00,2023-07-05 08:00:00+00:00,0.29493,0.29524,0.0010510968704438017,-0.0009467623980506934,0.001997859268494495,9.988775255673833,29
AVAX,long,2023-06-30 08:00:00+00:00,2023-06-30 12:00:00+00:00,2023-07-05 08:00:00+00:00,13.23,13.11,-0.009070294784580546,-0.01059727619515749,0.0015269814105769441,7.710732744665526,29
ETH,long,2023-06-30 08:00:00+00:00,2023-06-30 12:00:00+00:00,2023-07-05 08:00:00+00:00,1891.16,1936.46,0.023953552317096394,0.022921533442215702,0.0010320188748806913,5.041924062981029,29
BTC,long,2023-07-01 16:00:00+00:00,2023-07-01 20:00:00+00:00,2023-07-05 12:00:00+00:00,30610.2,30411.2,-0.006501100940209503,-0.007496675755435223,0.0009955748152257193,5.012959217987713,22
SOL,long,2023-06-29 12:00:00+00:00,2023-06-29 16:00:00+00:00,2023-07-05 16:00:00+00:00,17.67,18.583,0.05166949632144857,0.05040805516796043,0.001261441153488141,6.000925858297193,36
XRP,long,2023-07-02 04:00:00+00:00,2023-07-02 08:00:00+00:00,2023-07-05 20:00:00+00:00,0.48359,0.47659,-0.014475071858392474,-0.01560634935333316,0.0011312774949406856,5.742762706652812,21
SOL,short,2023-07-05 12:00:00+00:00,2023-07-05 16:00:00+00:00,2023-07-06 16:00:00+00:00,18.583,19.692,-0.05631728620759713,-0.057449200953795354,0.001131914746198226,6.000925858297193,6
AVAX,short,2023-07-05 04:00:00+00:00,2023-07-05 08:00:00+00:00,2023-07-08 08:00:00+00:00,13.11,13.46,-0.02600297176820221,-0.027503860628672827,0.0015008888604706172,7.710732744665526,18
ADA,short,2023-07-05 04:00:00+00:00,2023-07-05 08:00:00+00:00,2023-07-08 16:00:00+00:00,0.29524,0.28896,0.021733111849390863,0.019693976211043074,0.0020391356383477888,9.988775255673833,20
XRP,short,2023-07-05 16:00:00+00:00,2023-07-05 20:00:00+00:00,2023-07-09 08:00:00+00:00,0.47659,0.46944,0.015230913428766257,0.01406553663135135,0.0011653767974149076,5.742762706652812,21
LINK,short,2023-07-04 20:00:00+00:00,2023-07-05 00:00:00+00:00,2023-07-09 16:00:00+00:00,6.525,6.162,0.05890944498539441,0.05752599701811545,0.0013834479672789612,6.536688716426203,28
BTC,short,2023-07-05 08:00:00+00:00,2023-07-05 12:00:00+00:00,2023-07-09 20:00:00+00:00,30411.2,30239.9,0.005664701272160233,0.004656935234275794,0.0010077660378844389,5.012959217987713,26
LINK,long,2023-07-09 12:00:00+00:00,2023-07-09 16:00:00+00:00,2023-07-10 04:00:00+00:00,6.162,6.093,-0.011197663096397248,-0.012489517267221695,0.0012918541708244469,6.536688716426203,3
ADA,long,2023-07-08 12:00:00+00:00,2023-07-08 16:00:00+00:00,2023-07-10 08:00:00+00:00,0.28896,0.28324,-0.01979512735326694,-0.021751382529414,0.0019562551761470592,9.988775255673833,10
BTC,long,2023-07-09 16:00:00+00:00,2023-07-09 20:00:00+00:00,2023-07-10 08:00:00+00:00,30239.9,30120.2,-0.003958346423103221,-0.004956469305932298,0.0009981228828290778,5.012959217987713,3
XRP,long,2023-07-09 04:00:00+00:00,2023-07-09 08:00:00+00:00,2023-07-10 08:00:00+00:00,0.46944,0.4684,-0.0022154055896388414,-0.0033607558737596133,0.0011453502841207719,5.742762706652812,6
SOL,long,2023-07-06 12:00:00+00:00,2023-07-06 16:00:00+00:00,2023-07-10 12:00:00+00:00,19.692,20.801,0.056317286207596906,0.055050270191040473,0.0012670160165564326,6.000925858297193,23
AVAX,long,2023-07-08 04:00:00+00:00,2023-07-08 08:00:00+00:00,2023-07-10 16:00:00+00:00,13.46,13.35,-0.008172362555720736,-0.009700727642469986,0.0015283650867492504,7.710732744665526,14
BNB,short,2023-07-04 16:00:00+00:00,2023-07-04 20:00:00+00:00,2023-07-10 20:00:00+00:00,241.27,246.03,-0.019347234077145004,-0.020612620699254625,0.001265386622109621,6.455921962584254,36
XRP,short,2023-07-10 04:00:00+00:00,2023-07-10 08:00:00+00:00,2023-07-10 20:00:00+00:00,0.4684,0.47889,-0.02190482156653928,-0.023027570501321093,0.0011227489347818143,5.742762706652812,3
ADA,short,2023-07-10 04:00:00+00:00,2023-07-10 08:00:00+00:00,2023-07-11 00:00:00+00:00,0.28324,0.28782,-0.015912723229796533,-0.017876726758736528,0.001964003528939995,9.988775255673833,4
BTC,short,2023-07-10 04:00:00+00:00,2023-07-10 08:00:00+00:00,2023-07-11 00:00:00+00:00,30120.2,30413.9,-0.009656768780064384,-0.010649181333681645,0.0009924125536172612,5.012959217987713,4
ETH,short,2023-07-05 04:00:00+00:00,2023-07-05 08:00:00+00:00,2023-07-11 00:00:00+00:00,1936.46,1880.61,0.029697810816703196,0.028660002437815857,0.0010378083788873393,5.041924062981029,34
DOT,short,2023-07-05 00:00:00+00:00,2023-07-05 04:00:00+00:00,2023-07-11 04:00:00+00:00,5.375,5.126,0.048575887631681525,0.04668037749081666,0.0018955101408648645,9.046674492363598,36
LINK,short,2023-07-10 00:00:00+00:00,2023-07-10 04:00:00+00:00,2023-07-11 04:00:00+00:00,6.093,6.176,-0.013439119170984504,-0.014728044915903626,0.0012889257449191227,6.536688716426203,6
SOL,short,2023-07-10 08:00:00+00:00,2023-07-10 12:00:00+00:00,2023-07-11 12:00:00+00:00,20.801,22.036,-0.056044654202214716,-0.05717689596106501,0.0011322417588502942,6.000925858297193,6
XRP,long,2023-07-10 16:00:00+00:00,2023-07-10 20:00:00+00:00,2023-07-13 00:00:00+00:00,0.47889,0.47096,-0.016559126312931993,-0.01768801153565791,0.0011288852227259172,5.742762706652812,13
ADA,long,2023-07-10 20:00:00+00:00,2023-07-11 00:00:00+00:00,2023-07-13 08:00:00+00:00,0.28782,0.28628,-0.005350566326176254,-0.007335649401536193,0.001985083075359939,9.988775255673833,14
BNB,long,2023-07-10 16:00:00+00:00,2023-07-10 20:00:00+00:00,2023-07-13 08:00:00+00:00,246.03,244.1,-0.00784457180018705,-0.009124800898114294,0.0012802290979272435,6.455921962584254,15
BTC,long,2023-07-10 20:00:00+00:00,2023-07-11 00:00:00+00:00,2023-07-13 08:00:00+00:00,30413.9,30363.0,-0.0016735768842536247,-0.002673989310647884,0.0010004124263942593,5.012959217987713,14
ETH,long,2023-07-10 20:00:00+00:00,2023-07-11 00:00:00+00:00,2023-07-13 08:00:00+00:00,1880.61,1870.35,-0.0054556766155662295,-0.006458054615345099,0.0010023779997788695,5.041924062981029,14
ADA,short,2023-07-13 04:00:00+00:00,2023-07-13 08:00:00+00:00,2023-07-13 20:00:00+00:00,0.28628,0.34802,-0.17740359749439694,-0.17904530374906646,0.0016417062546695282,9.988775255673833,3
BNB,short,2023-07-13 04:00:00+00:00,2023-07-13 08:00:00+00:00,2023-07-13 20:00:00+00:00,244.1,254.16,-0.03958136606861817,-0.040820643551160996,0.001239277482542822,6.455921962584254,3
BTC,short,2023-07-13 04:00:00+00:00,2023-07-13 08:00:00+00:00,2023-07-13 20:00:00+00:00,30363.0,31621.0,-0.03978368805540622,-0.04074591073954381,0.0009622226841375925,5.012959217987713,3
ETH,short,2023-07-13 04:00:00+00:00,2023-07-13 08:00:00+00:00,2023-07-13 20:00:00+00:00,1870.35,1995.55,-0.06273959560021047,-0.06368423847569049,0.0009446428754800174,5.041924062981029,3
XRP,short,2023-07-12 20:00:00+00:00,2023-07-13 00:00:00+00:00,2023-07-13 20:00:00+00:00,0.47096,0.82106,-0.4264000194870047,-0.42705845108068996,0.0006584315936852825,5.742762706652812,5
AVAX,short,2023-07-10 12:00:00+00:00,2023-07-10 16:00:00+00:00,2023-07-14 00:00:00+00:00,13.35,14.12,-0.05453257790368271,-0.05598950382915335,0.0014569259254706424,7.710732744665526,20
BTC,long,2023-07-13 16:00:00+00:00,2023-07-13 20:00:00+00:00,2023-07-15 08:00:00+00:00,31621.0,30340.0,-0.04051105278137945,-0.04147254658096222,0.0009614937995827688,5.012959217987713,9
BNB,long,2023-07-13 16:00:00+00:00,2023-07-13 20:00:00+00:00,2023-07-15 12:00:00+00:00,254.16,250.56,-0.014164305949008527,-0.015436380369434288,0.0012720744204257617,6.455921962584254,10
ETH,long,2023-07-13 16:00:00+00:00,2023-07-13 20:00:00+00:00,2023-07-15 20:00:00+00:00,1995.55,1933.7,-0.030993961564480976,-0.03197060012320818,0.0009766385587272053,5.041924062981029,12
ADA,long,2023-07-13 16:00:00+00:00,2023-07-13 20:00:00+00:00,2023-07-16 08:00:00+00:00,0.34802,0.32077,-0.0783000976955347,-0.08013959090257083,0.0018394932070361358,9.988775255673833,15
DOT,long,2023-07-11 00:00:00+00:00,2023-07-11 04:00:00+00:00,2023-07-16 08:00:00+00:00,5.126,5.378,0.04916113928989452,0.047264571189881366,0.0018965681000131518,9.046674492363598,31
LINK,long,2023-07-11 00:00:00+00:00,2023-07-11 04:00:00+00:00,2023-07-16 16:00:00+00:00,6.176,6.812,0.10297927461139889,0.10153825012848583,0.0014410244829130558,6.536688716426203,33
AVAX,long,2023-07-13 20:00:00+00:00,2023-07-14 00:00:00+00:00,2023-07-17 00:00:00+00:00,14.12,14.28,0.011331444759206777,0.009773025117579826,0.0015584196416269513,7.710732744665526,18
SOL,long,2023-07-11 08:00:00+00:00,2023-07-11 12:00:00+00:00,2023-07-17 20:00:00+00:00,22.036,26.181,0.1881012888001452,0.18667620243466,0.0014250863654852175,6.000925858297193,38
LINK,short,2023-07-16 12:00:00+00:00,2023-07-16 16:00:00+00:00,2023-07-18 04:00:00+00:00,6.812,7.094,-0.03975190301663378,-0.04100645153742177,0.0012545485207879903,6.536688716426203,9
ADA,short,2023-07-16 04:00:00+00:00,2023-07-16 08:00:00+00:00,2023-07-19 16:00:00+00:00,0.32077,0.31272,0.025741877718086448,0.023694741539035835,0.0020471361790506126,9.988775255673833,20
SOL,short,2023-07-17 16:00:00+00:00,2023-07-17 20:00:00+00:00,2023-07-20 04:00:00+00:00,26.181,26.497,-0.011925878401328416,-0.013111039104420574,0.0011851607030921585,6.000925858297193,14
AVAX,short,2023-07-16 20:00:00+00:00,2023-07-17 00:00:00+00:00,2023-07-20 12:00:00+00:00,14.28,14.25,0.00210526315789461,0.0005610606779107297,0.0015442024799838805,7.710732744665526,21
BTC,short,2023-07-15 04:00:00+00:00,2023-07-15 08:00:00+00:00,2023-07-20 12:00:00+00:00,30340.0,30279.9,0.001984815009296481,0.0009807365467979778,0.0010040784624985033,5.012959217987713,31
BNB,short,2023-07-15 08:00:00+00:00,2023-07-15 12:00:00+00:00,2023-07-20 16:00:00+00:00,250.56,241.7,0.03665701282581724,0.035319361048012476,0.0013376517778047603,6.455921962584254,31
DOT,short,2023-07-16 04:00:00+00:00,2023-07-16 08:00:00+00:00,2023-07-20 16:00:00+00:00,5.378,5.3,0.014716981132075535,0.012882677720628788,0.0018343034114467471,9.046674492363598,26
AVAX,long,2023-07-20 08:00:00+00:00,2023-07-20 12:00:00+00:00,2023-07-21 00:00:00+00:00,14.25,13.86,-0.027368421052631597,-0.028867205812616148,0.0014987847599845505,7.710732744665526,3
BTC,long,2023-07-20 08:00:00+00:00,2023-07-20 12:00:00+00:00,2023-07-21 00:00:00+00:00,30279.9,29807.9,-0.01558789824272866,-0.016574367273787027,0.000986469031058368,5.012959217987713,3
SOL,long,2023-07-20 00:00:00+00:00,2023-07-20 04:00:00+00:00,2023-07-21 04:00:00+00:00,26.497,25.481,-0.0383439634675623,-0.039497436592175306,0.0011534731246130026,6.000925858297193,6
ADA,long,2023-07-19 12:00:00+00:00,2023-07-19 16:00:00+00:00,2023-07-21 12:00:00+00:00,0.31272,0.31308,0.001151189562548005,-0.0008468694670905608,0.001998059029638566,9.988775255673833,11
XRP,long,2023-07-13 16:00:00+00:00,2023-07-13 20:00:00+00:00,2023-07-21 12:00:00+00:00,0.82106,0.7741,-0.057194358512167254,-0.05827659882274938,0.0010822403105821277,5.742762706652812,46
BNB,long,2023-07-20 12:00:00+00:00,2023-07-20 16:00:00+00:00,2023-07-23 00:00:00+00:00,241.7,241.09,-0.0025237898220934474,-0.0038108845982386397,0.0012870947761451923,6.455921962584254,14
DOT,long,2023-07-20 12:00:00+00:00,2023-07-20 16:00:00+00:00,2023-07-23 00:00:00+00:00,5.3,5.314,0.0026415094339622414,0.0008290348470474385,0.001812474586914803,9.046674492363598,14
LINK,long,2023-07-18 00:00:00+00:00,2023-07-18 04:00:00+00:00,2023-07-23 08:00:00+00:00,7.094,8.003,0.12813645334085133,0.1266625614130965,0.0014738919277548224,6.536688716426203,31
ADA,short,2023-07-21 08:00:00+00:00,2023-07-21 12:00:00+00:00,2023-07-23 20:00:00+00:00,0.31308,0.31637,-0.010399216107721876,-0.012374223282070163,0.0019750071743482867,9.988775255673833,14
BTC,short,2023-07-20 20:00:00+00:00,2023-07-21 00:00:00+00:00,2023-07-24 00:00:00+00:00,29807.9,30081.8,-0.009105173227665797,-0.010098138529394562,0.0009929653017287654,5.012959217987713,18
ADA,long,2023-07-23 16:00:00+00:00,2023-07-23 20:00:00+00:00,2023-07-24 16:00:00+00:00,0.31637,0.30272,-0.04314568385118689,-0.045055336884976094,0.0019096530337892048,9.988775255673833,5
BTC,long,2023-07-23 20:00:00+00:00,2023-07-24 00:00:00+00:00,2023-07-24 16:00:00+00:00,30081.8,29100.9,-0.032607756184802716,-0.03357716979492209,0.000969413610119374,5.012959217987713,4
SOL,short,2023-07-21 00:00:00+00:00,2023-07-21 04:00:00+00:00,2023-07-26 20:00:00+00:00,25.481,25.37,0.0043752463539614705,0.0031705330160476386,0.001204713337913832,6.000925858297193,34
AVAX,short,2023-07-20 20:00:00+00:00,2023-07-21 00:00:00+00:00,2023-07-27 00:00:00+00:00,13.86,13.26,0.045248868778280604,0.043638183798659025,0.0016106849796215794,7.710732744665526,36
ETH,short,2023-07-15 16:00:00+00:00,2023-07-15 20:00:00+00:00,2023-07-27 00:00:00+00:00,1933.7,1871.8,0.03306977241158249,0.03202856551134303,0.0010412069002394553,5.041924062981029,67
LINK,short,2023-07-23 04:00:00+00:00,2023-07-23 08:00:00+00:00,2023-07-27 04:00:00+00:00,8.003,7.982,0.0026309195690303877,0.0013209985798678936,0.0013099209891624941,6.536688716426203,23
XRP,short,2023-07-21 08:00:00+00:00,2023-07-21 12:00:00+00:00,2023-07-27 04:00:00+00:00,0.7741,0.71785,0.07835898864665314,0.07712114755254351,0.0012378410941096263,5.742762706652812,34
ADA,short,2023-07-24 12:00:00+00:00,2023-07-24 16:00:00+00:00,2023-07-27 08:00:00+00:00,0.30272,0.31071,-0.02571529722249044,-0.02765973715136283,0.001944439928872388,9.988775255673833,16
BNB,short,2023-07-22 20:00:00+00:00,2023-07-23 00:00:00+00:00,2023-07-27 08:00:00+00:00,241.09,242.27,-0.004870598918562008,-0.006154665486417299,0.001284066567855291,6.455921962584254,26
BTC,short,2023-07-24 12:00:00+00:00,2023-07-24 16:00:00+00:00,2023-07-27 08:00:00+00:00,29100.9,29411.0,-0.010543674135527481,-0.011535197930600427,0.000991523795072946,5.012959217987713,16
DOT,short,2023-07-22 20:00:00+00:00,2023-07-23 00:00:00+00:00,2023-07-27 08:00:00+00:00,5.314,5.291,0.004347004347004191,0.0025314467377339778,0.001815557609270213,9.046674492363598,26
AVAX,long,2023-07-26 20:00:00+00:00,2023-07-27 00:00:00+00:00,2023-07-28 00:00:00+00:00,13.26,13.16,-0.007541478129713397,-0.00907081538309129,0.0015293372533778937,7.710732744665526,6
BTC,long,2023-07-27 04:00:00+00:00,2023-07-27 08:00:00+00:00,2023-07-28 08:00:00+00:00,29411.0,29142.1,-0.00914283771378066,-0.010135765272323294,0.0009929275585426334,5.012959217987713,6
DOT,long,2023-07-27 04:00:00+00:00,2023-07-27 08:00:00+00:00,2023-07-28 12:00:00+00:00,5.291,5.225,-0.012474012474012586,-0.014259162739055253,0.0017851502650426676,9.046674492363598,7
BTC,short,2023-07-28 04:00:00+00:00,2023-07-28 08:00:00+00:00,2023-07-29 08:00:00+00:00,29142.1,29300.2,-0.005395867604999327,-0.006392549962945582,0.0009966823579462547,5.012959217987713,6
LINK,long,2023-07-27 00:00:00+00:00,2023-07-27 04:00:00+00:00,2023-07-29 08:00:00+00:00,7.982,7.778,-0.025557504384866037,-0.02683059765660223,0.001273093271736192,6.536688716426203,13
XRP,long,2023-07-27 00:00:00+00:00,2023-07-27 04:00:00+00:00,2023-07-29 08:00:00+00:00,0.71785,0.71154,-0.008790137215295757,-0.009927940408814506,0.0011378031935187494,5.742762706652812,13
AVAX,short,2023-07-27 20:00:00+00:00,2023-07-28 00:00:00+00:00,2023-07-29 20:00:00+00:00,13.16,13.23,-0.005291005291005346,-0.00682381042931135,0.0015328051383060037,7.710732744665526,11
DOT,short,2023-07-28 08:00:00+00:00,2023-07-28 12:00:00+00:00,2023-07-29 20:00:00+00:00,5.225,5.248,-0.004382621951219634,-0.0061823990191199885,0.0017997770679003544,9.046674492363598,8
XRP,short,2023-07-29 04:00:00+00:00,2023-07-29 08:00:00+00:00,2023-07-30 16:00:00+00:00,0.71154,0.71476,-0.004505008674240307,-0.0056477307382440944,0.0011427220640037872,5.742762706652812,8
BTC,long,2023-07-29 04:00:00+00:00,2023-07-29 08:00:00+00:00,2023-07-31 00:00:00+00:00,29300.2,29283.6,-0.0005665490337950496,-0.0015680708011747146,0.001001521767379665,5.012959217987713,10
DOT,long,2023-07-29 16:00:00+00:00,2023-07-29 20:00:00+00:00,2023-07-31 00:00:00+00:00,5.248,5.183,-0.012385670731707377,-0.01417098069207634,0.0017853099603689637,9.046674492363598,7
SOL,long,2023-07-26 16:00:00+00:00,2023-07-26 20:00:00+00:00,2023-07-31 00:00:00+00:00,25.37,24.251,-0.04410721324398892,-0.045253773550011034,0.0011465603060221152,6.000925858297193,25
AVAX,long,2023-07-29 16:00:00+00:00,2023-07-29 20:00:00+00:00,2023-07-31 04:00:00+00:00,13.23,13.18,-0.0037792894935753107,-0.005314424122973005,0.0015351346293976942,7.710732744665526,8
ETH,long,2023-07-26 20:00:00+00:00,2023-07-27 00:00:00+00:00,2023-07-31 04:00:00+00:00,1871.8,1869.37,-0.0012982156213271479,-0.0023047838289604883,0.0010065682076333404,5.041924062981029,25
XRP,long,2023-07-30 12:00:00+00:00,2023-07-30 16:00:00+00:00,2023-07-31 04:00:00+00:00,0.71476,0.70662,-0.011388438077116647,-0.012523258698397766,0.0011348206212811185,5.742762706652812,3
BTC,short,2023-07-30 20:00:00+00:00,2023-07-31 00:00:00+00:00,2023-07-31 08:00:00+00:00,29283.6,29382.8,-0.0033761248077106565,-0.0043748311287071795,0.000998706320996523,5.012959217987713,2
ADA,long,2023-07-27 04:00:00+00:00,2023-07-27 08:00:00+00:00,2023-08-01 00:00:00+00:00,0.31071,0.30715,-0.011457629300634098,-0.013430524134649513,0.001972894834015415,9.988775255673833,28
BTC,long,2023-07-31 04:00:00+00:00,2023-07-31 08:00:00+00:00,2023-08-01 00:00:00+00:00,29382.8,29234.2,-0.005057380508324494,-0.0060544020606363436,0.0009970215523118497,5.012959217987713,4
BNB,long,2023-07-27 04:00:00+00:00,2023-07-27 08:00:00+00:00,2023-08-01 04:00:00+00:00,242.27,239.24,-0.012506707392578531,-0.01378092069754222,0.0012742133049636895,6.455921962584254,29
BNB,short,2023-08-01 00:00:00+00:00,2023-08-01 04:00:00+00:00,2023-08-01 16:00:00+00:00,239.24,245.1,-0.0239086087311301,-0.0251681095772891,0.0012595008461590007,6.455921962584254,3
BTC,short,2023-07-31 20:00:00+00:00,2023-08-01 00:00:00+00:00,2023-08-02 08:00:00+00:00,29234.2,29589.0,-0.011990942580012764,-0.012981016082573515,0.000990073502560751,5.012959217987713,8
DOT,short,2023-07-30 20:00:00+00:00,2023-07-31 00:00:00+00:00,2023-08-02 12:00:00+00:00,5.183,5.166,0.0032907471931860055,0.0014770989794778977,0.0018136482137081078,9.046674492363598,15
LINK,short,2023-07-29 04:00:00+00:00,2023-07-29 08:00:00+00:00,2023-08-02 12:00:00+00:00,7.778,7.655,0.0160679294578705,0.014740453233834216,0.0013274762240362836,6.536688716426203,25
ETH,short,2023-07-31 00:00:00+00:00,2023-07-31 04:00:00+00:00,2023-08-02 16:00:00+00:00,1869.37,1843.03,0.014291682718132526,0.013269401816004889,0.001022280902127637,5.041924062981029,15
DOT,long,2023-08-02 08:00:00+00:00,2023-08-02 12:00:00+00:00,2023-08-03 00:00:00+00:00,5.166,5.058,-0.020905923344947785,-0.02267583124865913,0.001769907903711343,9.046674492363598,3
ETH,long,2023-08-02 12:00:00+00:00,2023-08-02 16:00:00+00:00,2023-08-03 00:00:00+00:00,1843.03,1839.61,-0.0018556398973430532,-0.002861646290065245,0.0010060063927221918,5.041924062981029,2
LINK,long,2023-08-02 08:00:00+00:00,2023-08-02 12:00:00+00:00,2023-08-03 00:00:00+00:00,7.655,7.349,-0.039973873285434336,-0.04122813180567653,0.0012542585202421908,6.536688716426203,3
BNB,long,2023-08-01 12:00:00+00:00,2023-08-01 16:00:00+00:00,2023-08-03 04:00:00+00:00,245.1,240.22,-0.019910240718074235,-0.02117490086380358,0.001264660145729346,6.455921962584254,9
BTC,long,2023-08-02 04:00:00+00:00,2023-08-02 08:00:00+00:00,2023-08-03 12:00:00+00:00,29589.0,29145.9,-0.014975159687721784,-0.015962242737652343,0.0009870830499305594,5.012959217987713,7
BNB,short,2023-08-03 00:00:00+00:00,2023-08-03 04:00:00+00:00,2023-08-06 00:00:00+00:00,240.22,243.21,-0.012293902388882061,-0.013568390287069909,0.0012744878981878482,6.455921962584254,17
LINK,short,2023-08-02 20:00:00+00:00,2023-08-03 00:00:00+00:00,2023-08-06 08:00:00+00:00,7.349,7.177,0.02396544517207766,0.022627650972209423,0.0013377941998682363,6.536688716426203,20
AVAX,short,2023-07-31 00:00:00+00:00,2023-07-31 04:00:00+00:00,2023-08-06 12:00:00+00:00,13.18,12.6,0.04603174603174609,0.04441985467087828,0.001611891360867812,7.710732744665526,38
SOL,short,2023-07-30 20:00:00+00:00,2023-07-31 00:00:00+00:00,2023-08-06 16:00:00+00:00,24.251,23.026,0.0532007296100061,0.0519374517951976,0.0012632778148085055,6.000925858297193,40
LINK,long,2023-08-06 04:00:00+00:00,2023-08-06 08:00:00+00:00,2023-08-06 20:00:00+00:00,7.177,7.093,-0.011704054618921544,-0.012995247197458148,0.001291192578536604,6.536688716426203,3
DOT,short,2023-08-02 20:00:00+00:00,2023-08-03 00:00:00+00:00,2023-08-07 00:00:00+00:00,5.058,5.005,0.010589410589410653,0.008762568585300334,0.0018268420041103184,9.046674492363598,24
BTC,short,2023-08-03 08:00:00+00:00,2023-08-03 12:00:00+00:00,2023-08-07 12:00:00+00:00,29145.9,29094.3,0.0017735432713625876,0.0007696765220543966,0.001003866749308191,5.012959217987713,24
BNB,long,2023-08-05 20:00:00+00:00,2023-08-06 00:00:00+00:00,2023-08-07 20:00:00+00:00,243.21,241.75,-0.006003042638049405,-0.007285647955620478,0.0012826053175710728,6.455921962584254,11
BTC,long,2023-08-07 08:00:00+00:00,2023-08-07 12:00:00+00:00,2023-08-07 20:00:00+00:00,29094.3,29162.9,0.0023578501630905357,0.0013533978859812112,0.0010044522771093245,5.012959217987713,2
DOT,long,2023-08-06 20:00:00+00:00,2023-08-07 00:00:00+00:00,2023-08-08 00:00:00+00:00,5.005,4.97,-0.006993006993006978,-0.00878806526909015,0.0017950582760831724,9.046674492363598,6
BTC,short,2023-08-07 16:00:00+00:00,2023-08-07 20:00:00+00:00,2023-08-08 04:00:00+00:00,29162.9,29197.3,-0.0011781911341116613,-0.002179099981364785,0.0010009088472531236,5.012959217987713,2
LINK,short,2023-08-06 16:00:00+00:00,2023-08-06 20:00:00+00:00,2023-08-08 04:00:00+00:00,7.093,7.346,-0.03444051184317998,-0.035701999610149304,0.001261487766969327,6.536688716426203,8
AVAX,long,2023-08-06 08:00:00+00:00,2023-08-06 12:00:00+00:00,2023-08-08 08:00:00+00:00,12.6,12.46,-0.01111111111111096,-0.012634947708714317,0.0015238365976033563,7.710732744665526,11
ADA,short,2023-07-31 20:00:00+00:00,2023-08-01 00:00:00+00:00,2023-08-08 20:00:00+00:00,0.30715,0.29923,0.026467934364869716,0.024419349149894964,0.002048585214974752,9.988775255673833,47
BNB,short,2023-08-07 16:00:00+00:00,2023-08-07 20:00:00+00:00,2023-08-08 20:00:00+00:00,241.75,246.39,-0.01883193311416853,-0.020097984655572332,0.001266051541403801,6.455921962584254,6
DOT,short,2023-08-07 20:00:00+00:00,2023-08-08 00:00:00+00:00,2023-08-08 20:00:00+00:00,4.97,5.049,-0.015646662705486314,-0.01742607777219185,0.0017794150667055364,9.046674492363598,5
ETH,short,2023-08-02 20:00:00+00:00,2023-08-03 00:00:00+00:00,2023-08-08 20:00:00+00:00,1839.61,1859.11,-0.010488889845140958,-0.011486194986837117,0.0009973051416961587,5.041924062981029,35
AVAX,short,2023-08-08 04:00:00+00:00,2023-08-08 08:00:00+00:00,2023-08-09 00:00:00+00:00,12.46,12.68,-0.017350157728706517,-0.018864380215283805,0.001514222486577288,7.710732744665526,4
XRP,short,2023-07-31 00:00:00+00:00,2023-07-31 04:00:00+00:00,2023-08-09 00:00:00+00:00,0.70662,0.6418,0.10099719538797136,0.09973336804726252,0.0012638273407088452,5.742762706652812,53
BNB,long,2023-08-08 16:00:00+00:00,2023-08-08 20:00:00+00:00,2023-08-10 08:00:00+00:00,246.39,242.04,-0.017654937294533046,-0.018922507574083647,0.0012675702795506005,6.455921962584254,9
AVAX,long,2023-08-08 20:00:00+00:00,2023-08-09 00:00:00+00:00,2023-08-10 12:00:00+00:00,12.68,12.49,-0.014984227129337446,-0.016502095416444318,0.0015178682871068716,7.710732744665526,9
BTC,long,2023-08-08 00:00:00+00:00,2023-08-08 04:00:00+00:00,2023-08-10 20:00:00+00:00,29197.3,29445.0,0.00848366116044974,0.007473070272459692,0.0010105908879900483,5.012959217987713,16
DOT,long,2023-08-08 16:00:00+00:00,2023-08-08 20:00:00+00:00,2023-08-10 20:00:00+00:00,5.049,4.992,-0.011289364230540722,-0.013076655983658259,0.001787291753117537,9.046674492363598,12
XRP,long,2023-08-08 20:00:00+00:00,2023-08-09 00:00:00+00:00,2023-08-10 20:00:00+00:00,0.6418,0.63413,-0.011950763477719062,-0.013084938609421504,0.0011341751317024418,5.742762706652812,11
ADA,long,2023-08-08 16:00:00+00:00,2023-08-08 20:00:00+00:00,2023-08-11 08:00:00+00:00,0.29923,0.29628,-0.009858637168733142,-0.011834723209731779,0.001976086040998637,9.988775255673833,15
ETH,long,2023-08-08 16:00:00+00:00,2023-08-08 20:00:00+00:00,2023-08-11 12:00:00+00:00,1859.11,1851.4,-0.004147145677232511,-0.005150842514788478,0.0010036968375559674,5.041924062981029,16
LINK,long,2023-08-08 00:00:00+00:00,2023-08-08 04:00:00+00:00,2023-08-11 20:00:00+00:00,7.346,7.432,0.011707051456575135,0.010385272648719912,0.0013217788078552228,6.536688716426203,22
DOT,short,2023-08-10 16:00:00+00:00,2023-08-10 20:00:00+00:00,2023-08-12 20:00:00+00:00,4.992,5.027,-0.006962403023672237,-0.008757516622536321,0.0017951135988640843,9.046674492363598,12
ETH,short,2023-08-11 08:00:00+00:00,2023-08-11 12:00:00+00:00,2023-08-13 08:00:00+00:00,1851.4,1849.7,0.0009190679569659466,-8.973499900977178e-05,0.0010088029559757183,5.041924062981029,11
BNB,short,2023-08-10 04:00:00+00:00,2023-08-10 08:00:00+00:00,2023-08-14 00:00:00+00:00,242.04,239.99,0.008542022584274278,0.007240649022132173,0.0013013735621421052,6.455921962584254,22
SOL,long,2023-08-06 12:00:00+00:00,2023-08-06 16:00:00+00:00,2023-08-14 04:00:00+00:00,23.026,24.391,0.05928081299400678,0.05801024232966334,0.00127057066434344,6.000925858297193,45
DOT,long,2023-08-12 16:00:00+00:00,2023-08-12 20:00:00+00:00,2023-08-14 08:00:00+00:00,5.027,5.005,-0.004376367614879695,-0.0061761559887408835,0.0017997883738611886,9.046674492363598,9
ETH,long,2023-08-13 04:00:00+00:00,2023-08-13 08:00:00+00:00,2023-08-14 08:00:00+00:00,1849.7,1849.61,-4.865653889829513e-05,-0.0010564841479522302,0.001007827609053935,5.041924062981029,6
BTC,short,2023-08-10 16:00:00+00:00,2023-08-10 20:00:00+00:00,2023-08-14 20:00:00+00:00,29445.0,29359.1,0.0029258390073265694,0.0019208175545601947,0.0010050214527663748,5.012959217987713,24
LINK,short,2023-08-11 16:00:00+00:00,2023-08-11 20:00:00+00:00,2023-08-14 20:00:00+00:00,7.432,7.416,0.0021574973031284195,0.0008481948324563504,0.001309302470672069,6.536688716426203,18
BNB,long,2023-08-13 20:00:00+00:00,2023-08-14 00:00:00+00:00,2023-08-15 04:00:00+00:00,239.99,239.73,-0.0010833784741031138,-0.002372331886978385,0.001288953412875271,6.455921962584254,7
SOL,short,2023-08-14 00:00:00+00:00,2023-08-14 04:00:00+00:00,2023-08-15 04:00:00+00:00,24.391,24.998,-0.0242819425554045,-0.02545228258729393,0.0011703400318894275,6.000925858297193,6
XRP,short,2023-08-10 16:00:00+00:00,2023-08-10 20:00:00+00:00,2023-08-15 04:00:00+00:00,0.63413,0.63141,0.004307819008251279,0.003154980758102166,0.001152838250149113,5.742762706652812,26
LINK,long,2023-08-14 16:00:00+00:00,2023-08-14 20:00:00+00:00,2023-08-15 08:00:00+00:00,7.416,7.384,-0.004314994606256728,-0.005615840871520672,0.001300846265263944,6.536688716426203,3
BTC,long,2023-08-14 16:00:00+00:00,2023-08-14 20:00:00+00:00,2023-08-15 16:00:00+00:00,29359.1,29334.0,-0.0008549308391605503,-0.0018561636221609001,0.0010012327830003498,5.012959217987713,5
XRP,long,2023-08-15 00:00:00+00:00,2023-08-15 04:00:00+00:00,2023-08-15 16:00:00+00:00,0.63141,0.62502,-0.010120207155414063,-0.011256483570515452,0.0011362764151013893,5.742762706652812,3
SOL,long,2023-08-15 00:00:00+00:00,2023-08-15 04:00:00+00:00,2023-08-16 04:00:00+00:00,24.998,23.688,-0.05240419233538696,-0.05354080070221878,0.001136608366831826,6.000925858297193,6
ADA,short,2023-08-11 04:00:00+00:00,2023-08-11 08:00:00+00:00,2023-08-20 08:00:00+00:00,0.29628,0.26568,0.11517615176151752,0.11295052609888567,0.002225625662631847,9.988775255673833,54
XRP,short,2023-08-15 12:00:00+00:00,2023-08-15 16:00:00+00:00,2023-08-20 16:00:00+00:00,0.62502,0.53907,0.15944125994768754,0.1581103450548922,0.001330914892795354,5.742762706652812,30
AVAX,short,2023-08-10 08:00:00+00:00,2023-08-10 12:00:00+00:00,2023-08-21 04:00:00+00:00,12.49,10.76,0.16078066914498135,0.15899195447207104,0.0017887146729103076,7.710732744665526,64
AVAX,long,2023-08-21 00:00:00+00:00,2023-08-21 04:00:00+00:00,2023-08-21 12:00:00+00:00,10.76,10.55,-0.01951672862453524,-0.021027612515584382,0.0015108838910491418,7.710732744665526,2
ETH,short,2023-08-14 04:00:00+00:00,2023-08-14 08:00:00+00:00,2023-08-21 12:00:00+00:00,1849.61,1672.94,0.10560450464451798,0.10449019168143092,0.0011143129630870607,5.041924062981029,43
ETH,long,2023-08-21 08:00:00+00:00,2023-08-21 12:00:00+00:00,2023-08-21 20:00:00+00:00,1672.94,1672.48,-0.000274965031621055,-0.0012825645496297167,0.0010075995180086617,5.041924062981029,2
ADA,long,2023-08-20 04:00:00+00:00,2023-08-20 08:00:00+00:00,2023-08-22 00:00:00+00:00,0.26568,0.26275,-0.011028304727491833,-0.013002056390974182,0.001973751663482348,9.988775255673833,10
XRP,long,2023-08-20 12:00:00+00:00,2023-08-20 16:00:00+00:00,2023-08-22 00:00:00+00:00,0.53907,0.52423,-0.027528892351642797,-0.028645185453063715,0.0011162931014209176,5.742762706652812,8
BNB,short,2023-08-15 00:00:00+00:00,2023-08-15 04:00:00+00:00,2023-08-23 16:00:00+00:00,239.73,215.29,0.11352129685540424,0.11208446314480036,0.0014368337106038798,6.455921962584254,51
LINK,short,2023-08-15 04:00:00+00:00,2023-08-15 08:00:00+00:00,2023-08-23 20:00:00+00:00,7.384,6.4,0.15375000000000005,0.15224264439012525,0.0015073556098748053,6.536688716426203,51
BTC,short,2023-08-15 12:00:00+00:00,2023-08-15 16:00:00+00:00,2023-08-24 00:00:00+00:00,29334.0,26430.1,0.10987094259953611,0.10875875258136047,0.0011121900181756406,5.012959217987713,50
DOT,short,2023-08-14 04:00:00+00:00,2023-08-14 08:00:00+00:00,2023-08-24 00:00:00+00:00,5.005,4.488,0.11519607843137236,0.1131801390028071,0.002015939428565261,9.046674492363598,58
XRP,short,2023-08-21 20:00:00+00:00,2023-08-22 00:00:00+00:00,2023-08-24 00:00:00+00:00,0.52423,0.52999,-0.010868129587350728,-0.012003547467278608,0.0011354178799278802,5.742762706652812,12
ADA,short,2023-08-21 20:00:00+00:00,2023-08-22 00:00:00+00:00,2023-08-24 04:00:00+00:00,0.26275,0.26875,-0.022325581395348904,-0.02427678638866604,0.001951204993317135,9.988775255673833,13
ETH,short,2023-08-21 16:00:00+00:00,2023-08-21 20:00:00+00:00,2023-08-24 04:00:00+00:00,1672.48,1675.43,-0.0017607420184668765,-0.002766844056545148,0.0010061020380782715,5.041924062981029,14
SOL,short,2023-08-16 00:00:00+00:00,2023-08-16 04:00:00+00:00,2023-08-24 04:00:00+00:00,23.688,21.755,0.0888531372098369,0.08754709556634976,0.0013060416434871325,6.000925858297193,48
AVAX,short,2023-08-21 08:00:00+00:00,2023-08-21 12:00:00+00:00,2023-08-24 08:00:00+00:00,10.55,10.303,0.023973599922352706,0.022395699246074985,0.0015779006762777215,7.710732744665526,17
AVAX,long,2023-08-24 04:00:00+00:00,2023-08-24 08:00:00+00:00,2023-08-25 00:00:00+00:00,10.303,10.117,-0.01805299427351259,-0.01956613371824245,0.0015131394447298607,7.710732744665526,4
DOT,long,2023-08-23 20:00:00+00:00,2023-08-24 00:00:00+00:00,2023-08-25 04:00:00+00:00,4.488,4.408,-0.017825311942959,-0.019600788666458535,0.0017754767234995361,9.046674492363598,7
LINK,long,2023-08-23 16:00:00+00:00,2023-08-23 20:00:00+00:00,2023-08-25 04:00:00+00:00,6.4,6.021,-0.0592187500000001,-0.06044786540182234,0.001229115401822245,6.536688716426203,8
XRP,long,2023-08-23 20:00:00+00:00,2023-08-24 00:00:00+00:00,2023-08-25 04:00:00+00:00,0.52999,0.51712,-0.024283477046736612,-0.02540349553875021,0.001120018492013597,5.742762706652812,7
BTC,long,2023-08-23 20:00:00+00:00,2023-08-24 00:00:00+00:00,2023-08-25 08:00:00+00:00,26430.1,25983.0,-0.016916318893988258,-0.01790145672866006,0.000985137834671801,5.012959217987713,8
ETH,long,2023-08-24 00:00:00+00:00,2023-08-24 04:00:00+00:00,2023-08-25 08:00:00+00:00,1675.43,1651.16,-0.014485833487522637,-0.015479110203054702,0.0009932767155320654,5.041924062981029,7
SOL,long,2023-08-24 00:00:00+00:00,2023-08-24 04:00:00+00:00,2023-08-25 12:00:00+00:00,21.755,20.675,-0.04964376005515969,-0.05078367946494933,0.001139919409789636,6.000925858297193,8
ADA,long,2023-08-24 00:00:00+00:00,2023-08-24 04:00:00+00:00,2023-08-25 16:00:00+00:00,0.26875,0.26033,-0.03133023255813949,-0.033263466415076604,0.001933233856937111,9.988775255673833,9
DOT,short,2023-08-25 00:00:00+00:00,2023-08-25 04:00:00+00:00,2023-08-26 04:00:00+00:00,4.408,4.501,-0.020662075094423415,-0.022432423802502877,0.001770348708079461,9.046674492363598,6
XRP,short,2023-08-25 00:00:00+00:00,2023-08-25 04:00:00+00:00,2023-08-26 08:00:00+00:00,0.51712,0.52143,-0.008265730778819647,-0.009404135934990676,0.0011384051561710296,5.742762706652812,7
BNB,long,2023-08-23 12:00:00+00:00,2023-08-23 16:00:00+00:00,2023-08-27 08:00:00+00:00,215.29,216.67,0.006409958660411608,0.005111336209835615,0.0012986224505759925,6.455921962584254,22
AVAX,short,2023-08-24 20:00:00+00:00,2023-08-25 00:00:00+00:00,2023-08-27 12:00:00+00:00,10.117,10.182,-0.006383814574739688,-0.007914935739447237,0.0015311211647075496,7.710732744665526,15
ADA,short,2023-08-25 12:00:00+00:00,2023-08-25 16:00:00+00:00,2023-08-27 20:00:00+00:00,0.26033,0.26238,-0.007813095510328494,-0.009793263964676724,0.00198016845434823,9.988775255673833,13
BNB,short,2023-08-27 04:00:00+00:00,2023-08-27 08:00:00+00:00,2023-08-28 00:00:00+00:00,216.67,218.37,-0.007784952145441282,-0.009065258173670765,0.0012803060282294831,6.455921962584254,4
BTC,short,2023-08-25 04:00:00+00:00,2023-08-25 08:00:00+00:00,2023-08-28 00:00:00+00:00,25983.0,26102.2,-0.004566664878822513,-0.005564178172114298,0.0009975132932917852,5.012959217987713,16
SOL,short,2023-08-25 08:00:00+00:00,2023-08-25 12:00:00+00:00,2023-08-28 00:00:00+00:00,20.675,20.792,-0.005627164293959264,-0.006819880086570529,0.0011927157926112653,6.000925858297193,15
ETH,short,2023-08-25 04:00:00+00:00,2023-08-25 08:00:00+00:00,2023-08-28 04:00:00+00:00,1651.16,1649.99,0.0007090952066377554,-0.00029949612270629977,0.0010085913293440552,5.041924062981029,17
BTC,long,2023-08-27 20:00:00+00:00,2023-08-28 00:00:00+00:00,2023-08-28 12:00:00+00:00,26102.2,26006.1,-0.0036816820038158005,-0.004680082129154495,0.0009984001253386943,5.012959217987713,3
DOT,long,2023-08-26 00:00:00+00:00,2023-08-26 04:00:00+00:00,2023-08-28 12:00:00+00:00,4.501,4.46,-0.00910908686958467,-0.010900319909066147,0.0017912330394814768,9.046674492363598,14
XRP,long,2023-08-26 04:00:00+00:00,2023-08-26 08:00:00+00:00,2023-08-28 12:00:00+00:00,0.52143,0.51664,-0.009186276201982979,-0.01032362467019976,0.0011373484682167811,5.742762706652812,13
ETH,long,2023-08-28 00:00:00+00:00,2023-08-28 04:00:00+00:00,2023-08-28 16:00:00+00:00,1649.99,1648.59,-0.0008484899908485222,-0.0018555114664433603,0.0010070214755948381,5.041924062981029,3
DOT,short,2023-08-28 08:00:00+00:00,2023-08-28 12:00:00+00:00,2023-08-29 00:00:00+00:00,4.46,4.609,-0.032328053807767376,-0.03407731393159186,0.001749260123824481,9.046674492363598,3
SOL,long,2023-08-27 20:00:00+00:00,2023-08-28 00:00:00+00:00,2023-08-29 00:00:00+00:00,20.792,20.554,-0.011446710273182115,-0.012632445721855956,0.0011857354486738414,6.000925858297193,6
BTC,short,2023-08-28 08:00:00+00:00,2023-08-28 12:00:00+00:00,2023-08-29 08:00:00+00:00,26006.1,26006.6,-1.922588881286824e-05,-0.0010212961229693063,0.001002070234156438,5.012959217987713,5
ETH,short,2023-08-28 12:00:00+00:00,2023-08-28 16:00:00+00:00,2023-08-29 20:00:00+00:00,1648.59,1734.79,-0.04968901135007697,-0.05064680760467655,0.0009577962545995744,5.041924062981029,7
SOL,short,2023-08-28 20:00:00+00:00,2023-08-29 00:00:00+00:00,2023-08-29 20:00:00+00:00,20.554,21.581,-0.04758815624855206,-0.048730541283945494,0.001142385035393434,6.000925858297193,5
LINK,short,2023-08-25 00:00:00+00:00,2023-08-25 04:00:00+00:00,2023-08-30 00:00:00+00:00,6.021,6.194,-0.02793025508556668,-0.029200248397104,0.0012699933115373208,6.536688716426203,29
XRP,short,2023-08-28 08:00:00+00:00,2023-08-28 12:00:00+00:00,2023-08-30 00:00:00+00:00,0.51664,0.53979,-0.04288704866707427,-0.04398571224324699,0.0010986635761727204,5.742762706652812,9
ADA,long,2023-08-27 16:00:00+00:00,2023-08-27 20:00:00+00:00,2023-08-31 00:00:00+00:00,0.26238,0.26548,0.01181492491805769,0.009795583615632486,0.002019341302425204,9.988775255673833,19
DOT,long,2023-08-28 20:00:00+00:00,2023-08-29 00:00:00+00:00,2023-08-31 04:00:00+00:00,4.609,4.485,-0.026903883705792886,-0.028662949099369728,0.0017590653935768419,9.046674492363598,13
LINK,long,2023-08-29 20:00:00+00:00,2023-08-30 00:00:00+00:00,2023-08-31 04:00:00+00:00,6.194,5.95,-0.039392960929932164,-0.04064797840271861,0.001255017472786446,6.536688716426203,7
AVAX,long,2023-08-27 08:00:00+00:00,2023-08-27 12:00:00+00:00,2023-08-31 08:00:00+00:00,10.182,10.353,0.0167943429581614,0.015227505217900728,0.0015668377402606737,7.710732744665526,23
SOL,long,2023-08-29 16:00:00+00:00,2023-08-29 20:00:00+00:00,2023-08-31 12:00:00+00:00,21.581,20.892,-0.03192623140725637,-0.033087402379302744,0.001161170972046377,6.000925858297193,10
XRP,long,2023-08-29 20:00:00+00:00,2023-08-30 00:00:00+00:00,2023-08-31 16:00:00+00:00,0.53979,0.5176,-0.04110857926230582,-0.04220928433165194,0.0011007050693461196,5.742762706652812,10
BNB,long,2023-08-27 20:00:00+00:00,2023-08-28 00:00:00+00:00,2023-09-01 00:00:00+00:00,218.37,216.58,-0.008197096670788051,-0.00947687088777216,0.0012797742169841086,6.455921962584254,24
BTC,long,2023-08-29 04:00:00+00:00,2023-08-29 08:00:00+00:00,2023-09-01 00:00:00+00:00,26006.6,25942.0,-0.0024839848346188687,-0.0034835851597151413,0.0009996003250962726,5.012959217987713,16
ETH,long,2023-08-29 16:00:00+00:00,2023-08-29 20:00:00+00:00,2023-09-01 00:00:00+00:00,1734.79,1646.14,-0.05110128603462083,-0.052057658890544034,0.0009563728559232043,5.041924062981029,13
LINK,short,2023-08-31 00:00:00+00:00,2023-08-31 04:00:00+00:00,2023-09-03 04:00:00+00:00,5.95,6.013,-0.010477299185098876,-0.011770094499657158,0.0012927953145582816,6.536688716426203,18
DOT,short,2023-08-31 00:00:00+00:00,2023-08-31 04:00:00+00:00,2023-09-04 00:00:00+00:00,4.485,4.26,0.052816901408450745,0.050913724788968384,0.0019031766194823607,9.046674492363598,23
XRP,short,2023-08-31 12:00:00+00:00,2023-08-31 16:00:00+00:00,2023-09-04 00:00:00+00:00,0.5176,0.50458,0.025803638669784634,0.024626125511549413,0.0011775131582352216,5.742762706652812,20
BTC,short,2023-08-31 20:00:00+00:00,2023-09-01 00:00:00+00:00,2023-09-04 08:00:00+00:00,25942.0,25969.4,-0.0010550879111570488,-0.002056120118857252,0.0010010322077002032,5.012959217987713,20
ADA,short,2023-08-30 20:00:00+00:00,2023-08-31 00:00:00+00:00,2023-09-04 12:00:00+00:00,0.26548,0.25535,0.03967103974936359,0.03759610428458848,0.0020749354647751073,9.988775255673833,27
SOL,short,2023-08-31 08:00:00+00:00,2023-08-31 12:00:00+00:00,2023-09-04 12:00:00+00:00,20.892,19.587,0.0666258232501149,0.06534644250024346,0.0012793807498714393,6.000925858297193,24
BTC,long,2023-09-04 04:00:00+00:00,2023-09-04 08:00:00+00:00,2023-09-04 20:00:00+00:00,25969.4,25893.9,-0.002907267784392431,-0.003906443942089166,0.000999176157696735,5.012959217987713,3
DOT,long,2023-09-03 20:00:00+00:00,2023-09-04 00:00:00+00:00,2023-09-04 20:00:00+00:00,4.26,4.249,-0.002582159624413216,-0.004385191387218268,0.0018030317628050518,9.046674492363598,5
BNB,short,2023-08-31 20:00:00+00:00,2023-09-01 00:00:00+00:00,2023-09-05 00:00:00+00:00,216.58,215.27,0.0060853811492544985,0.004787177517708852,0.0012982036315456469,6.455921962584254,24
SOL,long,2023-09-04 08:00:00+00:00,2023-09-04 12:00:00+00:00,2023-09-05 00:00:00+00:00,19.587,19.526,-0.0031143105120743364,-0.004310040385805403,0.0011957298737310662,6.000925858297193,3
LINK,long,2023-09-03 00:00:00+00:00,2023-09-03 04:00:00+00:00,2023-09-05 12:00:00+00:00,6.013,6.086,0.012140362547813144,0.010818017626065046,0.0013223449217480976,6.536688716426203,14
LINK,short,2023-09-05 08:00:00+00:00,2023-09-05 12:00:00+00:00,2023-09-05 20:00:00+00:00,6.086,6.112,-0.004253926701570654,-0.005554852751058825,0.0013009260494881714,6.536688716426203,2
SOL,short,2023-09-04 20:00:00+00:00,2023-09-05 00:00:00+00:00,2023-09-05 20:00:00+00:00,19.526,20.238,-0.0351813420298448,-0.03633860860938676,0.00115726657954196,6.000925858297193,5
XRP,long,2023-09-03 20:00:00+00:00,2023-09-04 00:00:00+00:00,2023-09-06 00:00:00+00:00,0.50458,0.50533,0.0014863847160011545,0.00033678517146684683,0.0011495995445343077,5.742762706652812,12
AVAX,short,2023-08-31 04:00:00+00:00,2023-08-31 08:00:00+00:00,2023-09-06 08:00:00+00:00,10.353,9.876,0.04829890643985424,0.046683521479208734,0.001615384960645505,7.710732744665526,36
ETH,short,2023-08-31 20:00:00+00:00,2023-09-01 00:00:00+00:00,2023-09-06 08:00:00+00:00,1646.14,1629.0,0.010521792510742811,0.009503311192923913,0.0010184813178188978,5.041924062981029,32
BNB,long,2023-09-04 20:00:00+00:00,2023-09-05 00:00:00+00:00,2023-09-06 12:00:00+00:00,215.27,214.93,-0.0015794119013332608,-0.0028677252568052314,0.0012883133554719706,6.455921962584254,9
ETH,long,2023-09-06 04:00:00+00:00,2023-09-06 08:00:00+00:00,2023-09-06 20:00:00+00:00,1629.0,1631.7,0.0016574585635358297,0.0006479114009099174,0.0010095471626259123,5.041924062981029,3
ADA,long,2023-09-04 08:00:00+00:00,2023-09-04 12:00:00+00:00,2023-09-07 00:00:00+00:00,0.25535,0.25774,0.009359702369297063,0.007345261105581979,0.0020144412637150833,9.988775255673833,15
SOL,long,2023-09-05 16:00:00+00:00,2023-09-05 20:00:00+00:00,2023-09-07 04:00:00+00:00,20.238,19.765,-0.023371874691174965,-0.024543306317962088,0.0011714316267871228,6.000925858297193,8
ADA,short,2023-09-06 20:00:00+00:00,2023-09-07 00:00:00+00:00,2023-09-07 08:00:00+00:00,0.25774,0.25662,0.004364429896344779,0.0023599580052620084,0.002004471891082771,9.988775255673833,2
BNB,short,2023-09-06 08:00:00+00:00,2023-09-06 12:00:00+00:00,2023-09-07 08:00:00+00:00,214.93,215.46,-0.002459853337046347,-0.0037470306137215026,0.0012871772766751555,6.455921962584254,5
ETH,short,2023-09-06 16:00:00+00:00,2023-09-06 20:00:00+00:00,2023-09-07 08:00:00+00:00,1631.7,1635.83,-0.0025247122255979138,-0.0035300442759440553,0.0010053320503461416,5.041924062981029,3
DOT,short,2023-09-04 16:00:00+00:00,2023-09-04 20:00:00+00:00,2023-09-07 12:00:00+00:00,4.249,4.24,0.0021226415094337536,0.0003111048798229987,0.001811536629610755,9.046674492363598,16
ADA,long,2023-09-07 04:00:00+00:00,2023-09-07 08:00:00+00:00,2023-09-07 16:00:00+00:00,0.25662,0.25507,-0.0060400592315486,-0.00802376624349277,0.001983707011944169,9.988775255673833,2
BTC,short,2023-09-04 16:00:00+00:00,2023-09-04 20:00:00+00:00,2023-09-08 00:00:00+00:00,25893.9,26252.1,-0.013644622715896948,-0.014633039082956656,0.000988416367059708,5.012959217987713,19
SOL,short,2023-09-07 00:00:00+00:00,2023-09-07 04:00:00+00:00,2023-09-08 08:00:00+00:00,19.765,19.906,-0.0070832914699084926,-0.008274260688381219,0.001190969218472726,6.000925858297193,7
ADA,short,2023-09-07 12:00:00+00:00,2023-09-07 16:00:00+00:00,2023-09-08 12:00:00+00:00,0.25507,0.25376,0.00516235813366972,0.003156293768107332,0.0020060643655623878,9.988775255673833,5
XRP,short,2023-09-05 20:00:00+00:00,2023-09-06 00:00:00+00:00,2023-09-08 12:00:00+00:00,0.50533,0.49829,0.014128318850468391,0.012964207714019516,0.0011641111364488754,5.742762706652812,15
ADA,long,2023-09-08 08:00:00+00:00,2023-09-08 12:00:00+00:00,2023-09-08 20:00:00+00:00,0.25376,0.25342,-0.0013398486759143013,-0.003332936187267266,0.0019930875113529645,9.988775255673833,2
DOT,long,2023-09-07 08:00:00+00:00,2023-09-07 12:00:00+00:00,2023-09-09 00:00:00+00:00,4.24,4.25,0.002358490566037652,0.0005465275921976431,0.001811962973840009,9.046674492363598,9
SOL,long,2023-09-08 04:00:00+00:00,2023-09-08 08:00:00+00:00,2023-09-09 00:00:00+00:00,19.906,19.605,-0.01512106902441468,-0.016302397206967578,0.0011813281825528987,6.000925858297193,4
BNB,long,2023-09-07 04:00:00+00:00,2023-09-07 08:00:00+00:00,2023-09-09 04:00:00+00:00,215.46,214.88,-0.0026919149726167824,-0.003978792808246756,0.0012868778356299737,6.455921962584254,11
ETH,long,2023-09-07 04:00:00+00:00,2023-09-07 08:00:00+00:00,2023-09-09 04:00:00+00:00,1635.83,1634.4,-0.0008741739667323944,-0.0018811695560475572,0.0010069955893151628,5.041924062981029,11
AVAX,long,2023-09-06 04:00:00+00:00,2023-09-06 08:00:00+00:00,2023-09-09 08:00:00+00:00,9.876,9.885,0.0009113001215066419,-0.0006310625111582979,0.0015423626326649398,7.710732744665526,18
LINK,long,2023-09-05 16:00:00+00:00,2023-09-05 20:00:00+00:00,2023-09-09 12:00:00+00:00,6.112,6.219,0.017506544502617905,0.01617718875142371,0.0013293557511941945,6.536688716426203,22
BTC,long,2023-09-07 20:00:00+00:00,2023-09-08 00:00:00+00:00,2023-09-09 16:00:00+00:00,26252.1,25890.0,-0.013793182259704828,-0.01478144975680551,0.000988267497100681,5.012959217987713,10
XRP,long,2023-09-08 08:00:00+00:00,2023-09-08 12:00:00+00:00,2023-09-10 12:00:00+00:00,0.49829,0.49926,0.001946657568885568,0.0007965296802117106,0.0011501278886738575,5.742762706652812,12
BTC,short,2023-09-09 12:00:00+00:00,2023-09-09 16:00:00+00:00,2023-09-12 20:00:00+00:00,25890.0,26059.4,-0.006500533396778141,-0.007496108780733257,0.0009955753839551162,5.012959217987713,19
BNB,short,2023-09-09 00:00:00+00:00,2023-09-09 04:00:00+00:00,2023-09-13 00:00:00+00:00,214.88,210.6,0.020322886989553757,0.01900631197310143,0.001316575016452326,6.455921962584254,23
LINK,short,2023-09-09 08:00:00+00:00,2023-09-09 12:00:00+00:00,2023-09-13 12:00:00+00:00,6.219,6.018,0.033399800598205465,0.03204968056641788,0.0013501200317875828,6.536688716426203,24
ADA,short,2023-09-08 16:00:00+00:00,2023-09-08 20:00:00+00:00,2023-09-13 16:00:00+00:00,0.25342,0.24861,0.01934757250311736,0.017313197832424576,0.0020343746706927845,9.988775255673833,29
ETH,short,2023-09-09 00:00:00+00:00,2023-09-09 04:00:00+00:00,2023-09-13 16:00:00+00:00,1634.4,1608.02,0.01640526859118685,0.015380857455212338,0.0010244111359745123,5.041924062981029,27
SOL,short,2023-09-08 20:00:00+00:00,2023-09-09 00:00:00+00:00,2023-09-14 00:00:00+00:00,19.605,18.396,0.06572080887149379,0.06444251365503906,0.0012782952164547279,6.000925858297193,30
XRP,short,2023-09-10 08:00:00+00:00,2023-09-10 12:00:00+00:00,2023-09-14 04:00:00+00:00,0.49926,0.4851,0.029189857761286353,0.028008457584730584,0.0011814001765557691,5.742762706652812,22
AVAX,short,2023-09-09 04:00:00+00:00,2023-09-09 08:00:00+00:00,2023-09-14 16:00:00+00:00,9.885,9.369,0.0550752481588217,0.05344942113777362,0.0016258270210480763,7.710732744665526,32
DOT,short,2023-09-08 20:00:00+00:00,2023-09-09 00:00:00+00:00,2023-09-14 20:00:00+00:00,4.25,4.07,0.04422604422604426,0.042338397295065944,0.001887646930978315,9.046674492363598,35
AVAX,long,2023-09-14 12:00:00+00:00,2023-09-14 16:00:00+00:00,2023-09-16 00:00:00+00:00,9.369,9.426,0.006083893691962938,0.004533560308007667,0.0015503333839552713,7.710732744665526,8
AVAX,short,2023-09-15 20:00:00+00:00,2023-09-16 00:00:00+00:00,2023-09-16 08:00:00+00:00,9.426,9.511,-0.00893702029229304,-0.010464207073312637,0.001527186781019596,7.710732744665526,2
ADA,long,2023-09-13 12:00:00+00:00,2023-09-13 16:00:00+00:00,2023-09-17 08:00:00+00:00,0.24861,0.24835,-0.0010458147298982867,-0.0030394890628892,0.0019936743329909135,9.988775255673833,22
AVAX,long,2023-09-16 04:00:00+00:00,2023-09-16 08:00:00+00:00,2023-09-17 12:00:00+00:00,9.511,9.259,-0.02649563663126897,-0.02799576631570133,0.0015001296844323608,7.710732744665526,7
ETH,long,2023-09-13 12:00:00+00:00,2023-09-13 16:00:00+00:00,2023-09-17 20:00:00+00:00,1608.02,1625.93,0.01113792117013479,0.010118818870627377,0.0010191022995074128,5.041924062981029,25
DOT,long,2023-09-14 16:00:00+00:00,2023-09-14 20:00:00+00:00,2023-09-18 00:00:00+00:00,4.07,4.072,0.0004914004914005066,-0.0013171873445860793,0.001808587835986586,9.046674492363598,19
LINK,long,2023-09-13 08:00:00+00:00,2023-09-13 12:00:00+00:00,2023-09-18 00:00:00+00:00,6.018,6.145,0.0211033565968759,0.019769301669181116,0.0013340549276947833,6.536688716426203,27
SOL,long,2023-09-13 20:00:00+00:00,2023-09-14 00:00:00+00:00,2023-09-18 00:00:00+00:00,18.396,18.81,0.02250489236790587,0.021278433147221776,0.0012264592206840952,6.000925858297193,24
XRP,long,2023-09-14 00:00:00+00:00,2023-09-14 04:00:00+00:00,2023-09-18 04:00:00+00:00,0.4851,0.4975,0.025561739847454135,0.024384504363264448,0.001177235484189687,5.742762706652812,24
LINK,short,2023-09-17 20:00:00+00:00,2023-09-18 00:00:00+00:00,2023-09-18 08:00:00+00:00,6.145,6.547,-0.06140216893233541,-0.06262843173283461,0.0012262628004992004,6.536688716426203,2
SOL,short,2023-09-17 20:00:00+00:00,2023-09-18 00:00:00+00:00,2023-09-18 12:00:00+00:00,18.81,19.593,-0.039963252181901776,-0.04111478302575955,0.0011515308438577732,6.000925858297193,3
ETH,short,2023-09-17 16:00:00+00:00,2023-09-17 20:00:00+00:00,2023-09-18 16:00:00+00:00,1625.93,1655.59,-0.01791506351210137,-0.01890488398676826,0.0009898204746668915,5.041924062981029,5
ADA,short,2023-09-17 04:00:00+00:00,2023-09-17 08:00:00+00:00,2023-09-18 20:00:00+00:00,0.24835,0.25208,-0.014796889876229957,-0.016763120342450533,0.0019662304662205754,9.988775255673833,9
DOT,short,2023-09-17 20:00:00+00:00,2023-09-18 00:00:00+00:00,2023-09-18 20:00:00+00:00,4.072,4.126,-0.013087736306350073,-0.0148717771431085,0.001784040836758427,9.046674492363598,5
XRP,short,2023-09-18 00:00:00+00:00,2023-09-18 04:00:00+00:00,2023-09-18 20:00:00+00:00,0.4975,0.50381,-0.01252456283122605,-0.013658079302475867,0.001133516471249818,5.742762706652812,4
DOT,long,2023-09-18 16:00:00+00:00,2023-09-18 20:00:00+00:00,2023-09-19 12:00:00+00:00,4.126,4.129,0.0007270964614636277,-0.001081917442017577,0.0018090139034812047,9.046674492363598,4
DOT,short,2023-09-19 08:00:00+00:00,2023-09-19 12:00:00+00:00,2023-09-20 04:00:00+00:00,4.129,4.13,-0.00024213075060541822,-0.0020493925825094683,0.00180726183190405,9.046674492363598,4
BNB,long,2023-09-12 20:00:00+00:00,2023-09-13 00:00:00+00:00,2023-09-20 12:00:00+00:00,210.6,215.86,0.024976258309591826,0.02365367880916658,0.0013225795004252472,6.455921962584254,45
DOT,long,2023-09-20 00:00:00+00:00,2023-09-20 04:00:00+00:00,2023-09-20 16:00:00+00:00,4.13,4.107,-0.005569007263922399,-0.007366639703648703,0.0017976324397263044,9.046674492363598,3
ETH,long,2023-09-18 12:00:00+00:00,2023-09-18 16:00:00+00:00,2023-09-20 16:00:00+00:00,1655.59,1628.86,-0.016145301674931556,-0.01713690585122818,0.0009916041762966232,5.041924062981029,12
ADA,long,2023-09-18 16:00:00+00:00,2023-09-18 20:00:00+00:00,2023-09-21 04:00:00+00:00,0.25208,0.25132,-0.0030149158997144765,-0.005004660376342507,0.0019897444766280303,9.988775255673833,14
BTC,long,2023-09-12 16:00:00+00:00,2023-09-12 20:00:00+00:00,2023-09-21 16:00:00+00:00,26059.4,26585.1,0.020173142896612983,0.01915083810171203,0.0010223047949009523,5.012959217987713,53
SOL,long,2023-09-18 08:00:00+00:00,2023-09-18 12:00:00+00:00,2023-09-21 20:00:00+00:00,19.593,19.626,0.0016842749961720749,0.0004827893852443754,0.0012014856109276995,6.000925858297193,20
XRP,long,2023-09-18 16:00:00+00:00,2023-09-18 20:00:00+00:00,2023-09-21 20:00:00+00:00,0.50381,0.51102,0.014310950556757573,0.01314662977859049,0.0011643207781670828,5.742762706652812,18
LINK,long,2023-09-18 04:00:00+00:00,2023-09-18 08:00:00+00:00,2023-09-22 00:00:00+00:00,6.547,6.664,0.017870780510157225,0.016540948890543472,0.0013298316196137527,6.536688716426203,22
LINK,short,2023-09-21 20:00:00+00:00,2023-09-22 00:00:00+00:00,2023-09-23 04:00:00+00:00,6.664,6.994,-0.047183299971404025,-0.04842813949293845,0.0012448395215344243,6.536688716426203,7
XRP,short,2023-09-21 16:00:00+00:00,2023-09-21 20:00:00+00:00,2023-09-23 08:00:00+00:00,0.51102,0.51197,-0.0018555774752426757,-0.0030013408036573264,0.0011457633284146507,5.742762706652812,9
AVAX,short,2023-09-17 08:00:00+00:00,2023-09-17 12:00:00+00:00,2023-09-24 00:00:00+00:00,9.259,8.904,0.0398697214734951,0.0382673255358672,0.0016023959376278984,7.710732744665526,39
XRP,long,2023-09-23 04:00:00+00:00,2023-09-23 08:00:00+00:00,2023-09-24 00:00:00+00:00,0.51197,0.50765,-0.008437994413735161,-0.00957620182962804,0.0011382074158928779,5.742762706652812,4
DOT,short,2023-09-20 12:00:00+00:00,2023-09-20 16:00:00+00:00,2023-09-24 20:00:00+00:00,4.107,4.015,0.02291407222914077,0.02106495093995786,0.001849121289182909,9.046674492363598,25
SOL,short,2023-09-21 16:00:00+00:00,2023-09-21 20:00:00+00:00,2023-09-24 20:00:00+00:00,19.626,19.465,0.00827125610069368,0.007061869633963047,0.001209386466730633,6.000925858297193,18
AVAX,long,2023-09-23 20:00:00+00:00,2023-09-24 00:00:00+00:00,2023-09-25 04:00:00+00:00,8.904,8.78,-0.01392632524708004,-0.015445823716933371,0.001519498469853331,7.710732744665526,7
DOT,long,2023-09-24 16:00:00+00:00,2023-09-24 20:00:00+00:00,2023-09-25 04:00:00+00:00,4.015,3.998,-0.004234122042341082,-0.006034167553457093,0.0018000455111160107,9.046674492363598,2
SOL,long,2023-09-24 16:00:00+00:00,2023-09-24 20:00:00+00:00,2023-09-25 04:00:00+00:00,19.465,19.475,0.0005137426149499635,-0.0006863389829088185,0.001200081597858782,6.000925858297193,2
DOT,short,2023-09-25 00:00:00+00:00,2023-09-25 04:00:00+00:00,2023-09-25 16:00:00+00:00,3.998,4.068,-0.017207472959685166,-0.018984066550425394,0.0017765935907402275,9.046674492363598,3
ADA,short,2023-09-21 00:00:00+00:00,2023-09-21 04:00:00+00:00,2023-09-26 08:00:00+00:00,0.25132,0.24619,0.020837564482716564,0.018800216143351145,0.002037348339365419,9.988775255673833,31
AVAX,short,2023-09-25 00:00:00+00:00,2023-09-25 04:00:00+00:00,2023-09-26 08:00:00+00:00,8.78,8.961,-0.020198638544805414,-0.021708471641064042,0.0015098330962586282,7.710732744665526,7
BNB,short,2023-09-20 08:00:00+00:00,2023-09-20 12:00:00+00:00,2023-09-26 12:00:00+00:00,215.86,212.54,0.015620589065587831,0.01431008166561809,0.0013105073999697403,6.455921962584254,36
ETH,short,2023-09-20 12:00:00+00:00,2023-09-20 16:00:00+00:00,2023-09-26 12:00:00+00:00,1628.86,1591.85,0.023249678047554623,0.022218368591114368,0.0010313094564402547,5.041924062981029,35
DOT,long,2023-09-25 12:00:00+00:00,2023-09-25 16:00:00+00:00,2023-09-27 00:00:00+00:00,4.068,4.014,-0.01327433628318564,-0.015058039803253376,0.0017837035200677365,9.046674492363598,8
BTC,short,2023-09-21 12:00:00+00:00,2023-09-21 16:00:00+00:00,2023-09-27 16:00:00+00:00,26585.1,26305.3,0.010636639764610045,0.009623891399366702,0.0010127483652433433,5.012959217987713,36
ADA,long,2023-09-26 04:00:00+00:00,2023-09-26 08:00:00+00:00,2023-09-28 04:00:00+00:00,0.24619,0.24394,-0.009139282667858128,-0.01111680436889595,0.001977521701037821,9.988775255673833,11
ADA,short,2023-09-28 00:00:00+00:00,2023-09-28 04:00:00+00:00,2023-09-28 20:00:00+00:00,0.24394,0.24934,-0.02165717494184649,-0.023609713915049735,0.0019525389732032439,9.988775255673833,4
DOT,short,2023-09-26 20:00:00+00:00,2023-09-27 00:00:00+00:00,2023-09-28 20:00:00+00:00,4.014,4.08,-0.016176470588235237,-0.017954927921479236,0.001778457333243999,9.046674492363598,11
SOL,short,2023-09-25 00:00:00+00:00,2023-09-25 04:00:00+00:00,2023-09-28 20:00:00+00:00,19.475,19.713,-0.012073251154060771,-0.013258235088637993,0.0011849839345772217,6.000925858297193,22
XRP,short,2023-09-23 20:00:00+00:00,2023-09-24 00:00:00+00:00,2023-09-29 00:00:00+00:00,0.50765,0.50972,-0.004061053127206948,-0.005204284804823378,0.0011432316776164297,5.742762706652812,30
LINK,long,2023-09-23 00:00:00+00:00,2023-09-23 04:00:00+00:00,2023-10-02 08:00:00+00:00,6.994,8.035,0.14884186445524739,0.14734092124463372,0.00150094321061367,6.536688716426203,55
XRP,long,2023-09-28 20:00:00+00:00,2023-09-29 00:00:00+00:00,2023-10-03 04:00:00+00:00,0.50972,0.51367,0.007749352585733282,0.006592563822134023,0.001156788763599259,5.742762706652812,25
AVAX,long,2023-09-26 04:00:00+00:00,2023-09-26 08:00:00+00:00,2023-10-03 08:00:00+00:00,8.961,9.343,0.042629170851467446,0.04102252271725937,0.0016066481342080774,7.710732744665526,42
BNB,long,2023-09-26 08:00:00+00:00,2023-09-26 12:00:00+00:00,2023-10-03 08:00:00+00:00,212.54,215.15,0.012280041403970987,0.01097384448419203,0.001306196919778957,6.455921962584254,41
ETH,long,2023-09-26 08:00:00+00:00,2023-09-26 12:00:00+00:00,2023-10-03 08:00:00+00:00,1591.85,1662.41,0.04432578446461677,0.04327323289266993,0.001052551571946836,5.041924062981029,41
DOT,long,2023-09-28 16:00:00+00:00,2023-09-28 20:00:00+00:00,2023-10-03 12:00:00+00:00,4.08,4.135,0.013480392156862697,0.011648324126726894,0.0018320680301358028,9.046674492363598,28
BTC,long,2023-09-27 12:00:00+00:00,2023-09-27 16:00:00+00:00,2023-10-03 20:00:00+00:00,26305.3,27274.2,0.036832881586600585,0.035793882242482145,0.0010389993441184409,5.012959217987713,37
ADA,long,2023-09-28 16:00:00+00:00,2023-09-28 20:00:00+00:00,2023-10-04 04:00:00+00:00,0.24934,0.25574,0.02566776289404027,0.023620774630504382,0.002046988263535887,9.988775255673833,32
XRP,short,2023-10-03 00:00:00+00:00,2023-10-03 04:00:00+00:00,2023-10-04 08:00:00+00:00,0.51367,0.53223,-0.03487214174323139,-0.035980005577629814,0.001107863834398426,5.742762706652812,7
AVAX,short,2023-10-03 04:00:00+00:00,2023-10-03 08:00:00+00:00,2023-10-04 16:00:00+00:00,9.343,9.739,-0.040661258856145466,-0.04213955990662677,0.001478301050481301,7.710732744665526,8
SOL,long,2023-09-28 16:00:00+00:00,2023-09-28 20:00:00+00:00,2023-10-04 16:00:00+00:00,19.713,22.703,0.1516765586161415,0.1502951624535378,0.0013813961626036875,6.000925858297193,35
BTC,short,2023-10-03 16:00:00+00:00,2023-10-03 20:00:00+00:00,2023-10-05 08:00:00+00:00,27274.2,27607.2,-0.012062070764148447,-0.01305207298990263,0.000990002225754183,5.012959217987713,9
LINK,short,2023-10-02 04:00:00+00:00,2023-10-02 08:00:00+00:00,2023-10-05 08:00:00+00:00,8.035,7.713,0.04174769869052253,0.0403866722656514,0.0013610264248711257,6.536688716426203,18
ADA,short,2023-10-04 00:00:00+00:00,2023-10-04 04:00:00+00:00,2023-10-06 00:00:00+00:00,0.25574,0.26026,-0.01736724813647883,-0.019328348780565663,0.001961100644086833,9.988775255673833,11
XRP,long,2023-10-04 04:00:00+00:00,2023-10-04 08:00:00+00:00,2023-10-06 00:00:00+00:00,0.53223,0.52267,-0.017962159216879936,-0.01908943390748874,0.0011272746906088038,5.742762706652812,10
BTC,long,2023-10-05 04:00:00+00:00,2023-10-05 08:00:00+00:00,2023-10-06 04:00:00+00:00,27607.2,27557.1,-0.0018147439798313902,-0.0028150149441613648,0.0010002709643299745,5.012959217987713,5
LINK,long,2023-10-05 04:00:00+00:00,2023-10-05 08:00:00+00:00,2023-10-06 04:00:00+00:00,7.713,7.527,-0.024115130299494303,-0.02539010800951358,0.001274977710019276,6.536688716426203,5
BTC,short,2023-10-06 00:00:00+00:00,2023-10-06 04:00:00+00:00,2023-10-06 16:00:00+00:00,27557.1,27940.2,-0.013711426546696215,-0.014699775970338558,0.000988349423642343,5.012959217987713,3
SOL,short,2023-10-04 12:00:00+00:00,2023-10-04 16:00:00+00:00,2023-10-06 20:00:00+00:00,22.703,23.422,-0.0306976347024166,-0.03186027933367819,0.001162644631261589,6.000925858297193,13
DOT,short,2023-10-03 08:00:00+00:00,2023-10-03 12:00:00+00:00,2023-10-07 00:00:00+00:00,4.135,4.07,0.01597051597051591,0.01413394654472877,0.0018365694257871379,9.046674492363598,21
LINK,short,2023-10-06 00:00:00+00:00,2023-10-06 04:00:00+00:00,2023-10-07 00:00:00+00:00,7.527,7.638,-0.01453260015710911,-0.01582009728690481,0.0012874971297957005,6.536688716426203,5
BNB,short,2023-10-03 04:00:00+00:00,2023-10-03 08:00:00+00:00,2023-10-07 04:00:00+00:00,215.15,213.25,0.00890973036342313,0.0076078823290512965,0.001301848034371833,6.455921962584254,23
ETH,short,2023-10-03 04:00:00+00:00,2023-10-03 08:00:00+00:00,2023-10-07 04:00:00+00:00,1662.41,1641.35,0.01283090139214682,0.011810092777406744,0.0010208086147400763,5.041924062981029,23
ADA,long,2023-10-05 20:00:00+00:00,2023-10-06 00:00:00+00:00,2023-10-07 20:00:00+00:00,0.26026,0.25706,-0.012295396910781409,-0.014266619760429644,0.0019712228496482354,9.988775255673833,11
LINK,long,2023-10-06 20:00:00+00:00,2023-10-07 00:00:00+00:00,2023-10-08 00:00:00+00:00,7.638,7.525,-0.0147944488085886,-0.016081603837379888,0.001287155028791287,6.536688716426203,6
BNB,long,2023-10-07 00:00:00+00:00,2023-10-07 04:00:00+00:00,2023-10-08 08:00:00+00:00,213.25,211.71,-0.007221570926142951,-0.008502603914090412,0.0012810329879474613,6.455921962584254,7
AVAX,long,2023-10-04 12:00:00+00:00,2023-10-04 16:00:00+00:00,2023-10-08 12:00:00+00:00,9.739,10.044,0.03131738371496051,0.029728166573674608,0.0015892171412859035,7.710732744665526,23
ETH,long,2023-10-07 00:00:00+00:00,2023-10-07 04:00:00+00:00,2023-10-08 12:00:00+00:00,1641.35,1617.87,-0.014305297468547251,-0.015298756142117287,0.0009934586735700357,5.041924062981029,8
DOT,long,2023-10-06 20:00:00+00:00,2023-10-07 00:00:00+00:00,2023-10-08 16:00:00+00:00,4.07,4.019,-0.012530712530712584,-0.01431576029908932,0.0017850477683767352,9.046674492363598,10
LINK,short,2023-10-07 20:00:00+00:00,2023-10-08 00:00:00+00:00,2023-10-08 20:00:00+00:00,7.525,7.727,-0.026142099132910546,-0.02741442864111654,0.0012723295082059938,6.536688716426203,5
SOL,long,2023-10-06 16:00:00+00:00,2023-10-06 20:00:00+00:00,2023-10-09 04:00:00+00:00,23.422,23.248,-0.007428912987789249,-0.008619467645216372,0.001190554657427123,6.000925858297193,14
BTC,long,2023-10-06 12:00:00+00:00,2023-10-06 16:00:00+00:00,2023-10-09 16:00:00+00:00,27940.2,27447.4,-0.01763766902169628,-0.018622083998979244,0.0009844149772829658,5.012959217987713,18
LINK,long,2023-10-08 16:00:00+00:00,2023-10-08 20:00:00+00:00,2023-10-09 16:00:00+00:00,7.727,7.334,-0.05086061861006863,-0.05210065377461126,0.00124003516454263,6.536688716426203,5
LINK,short,2023-10-09 12:00:00+00:00,2023-10-09 16:00:00+00:00,2023-10-12 08:00:00+00:00,7.334,7.342,-0.0010896213565786406,-0.0023946815195343696,0.001305060162955729,6.536688716426203,16
LINK,long,2023-10-12 04:00:00+00:00,2023-10-12 08:00:00+00:00,2023-10-12 20:00:00+00:00,7.342,7.189,-0.020839008444565432,-0.022118266354503868,0.001279257909938436,6.536688716426203,3
SOL,short,2023-10-09 00:00:00+00:00,2023-10-09 04:00:00+00:00,2023-10-14 08:00:00+00:00,23.248,22.06,0.05385312783318241,0.052589067489290375,0.0012640603438920373,6.000925858297193,31
BNB,short,2023-10-08 04:00:00+00:00,2023-10-08 08:00:00+00:00,2023-10-14 12:00:00+00:00,211.71,205.81,0.028667217336378226,0.027339875201983554,0.0013273421343946712,6.455921962584254,37
DOT,short,2023-10-08 12:00:00+00:00,2023-10-08 16:00:00+00:00,2023-10-14 12:00:00+00:00,4.019,3.733,0.07661398339137415,0.074667788797939,0.0019461945934351466,9.046674492363598,35
AVAX,short,2023-10-08 08:00:00+00:00,2023-10-08 12:00:00+00:00,2023-10-14 16:00:00+00:00,10.044,9.197,0.09209524845058192,0.09041237515070333,0.0016828732998785956,7.710732744665526,37
BTC,short,2023-10-09 12:00:00+00:00,2023-10-09 16:00:00+00:00,2023-10-14 16:00:00+00:00,27447.4,26944.9,0.01864916923054083,0.017628391593649262,0.0010207776368915678,5.012959217987713,30
LINK,short,2023-10-12 16:00:00+00:00,2023-10-12 20:00:00+00:00,2023-10-14 16:00:00+00:00,7.189,7.313,-0.016956105565431367,-0.018240436424828088,0.0012843308593967206,6.536688716426203,11
XRP,short,2023-10-05 20:00:00+00:00,2023-10-06 00:00:00+00:00,2023-10-14 16:00:00+00:00,0.52267,0.48749,0.07216558288375152,0.07093485115882836,0.001230731724923162,5.742762706652812,52
ADA,short,2023-10-07 16:00:00+00:00,2023-10-07 20:00:00+00:00,2023-10-14 20:00:00+00:00,0.25706,0.24698,0.040813021297271046,0.03873580670965482,0.0020772145876162273,9.988775255673833,42
ETH,short,2023-10-08 08:00:00+00:00,2023-10-08 12:00:00+00:00,2023-10-14 20:00:00+00:00,1617.87,1555.25,0.04026362321170218,0.03921516579722617,0.0010484574144760117,5.041924062981029,38
AVAX,long,2023-10-14 12:00:00+00:00,2023-10-14 16:00:00+00:00,2023-10-15 20:00:00+00:00,9.197,9.162,-0.0038055887789494314,-0.0053406828822438746,0.0015350941032944432,7.710732744665526,7
AVAX,short,2023-10-15 16:00:00+00:00,2023-10-15 20:00:00+00:00,2023-10-16 08:00:00+00:00,9.162,9.476,-0.033136344449134714,-0.03462624107935808,0.001489896630223364,7.710732744665526,3
DOT,long,2023-10-14 08:00:00+00:00,2023-10-14 12:00:00+00:00,2023-10-17 20:00:00+00:00,3.733,3.674,-0.01580498258773111,-0.017584111459659657,0.001779128871928548,9.046674492363598,20
AVAX,long,2023-10-16 04:00:00+00:00,2023-10-16 08:00:00+00:00,2023-10-18 00:00:00+00:00,9.476,9.106,-0.03904601097509508,-0.04052680105529749,0.0014807900802024099,7.710732744665526,10
ADA,long,2023-10-14 16:00:00+00:00,2023-10-14 20:00:00+00:00,2023-10-18 04:00:00+00:00,0.24698,0.24586,-0.004534780144141215,-0.006521491334179674,0.0019867111900384593,9.988775255673833,20
LINK,long,2023-10-14 12:00:00+00:00,2023-10-14 16:00:00+00:00,2023-10-18 04:00:00+00:00,7.313,7.344,0.00423902639135787,0.002927004436787284,0.0013120219545705858,6.536688716426203,21
ETH,long,2023-10-14 16:00:00+00:00,2023-10-14 20:00:00+00:00,2023-10-18 08:00:00+00:00,1555.25,1572.18,0.010885709692975531,0.009866861591526499,0.0010188481014490325,5.041924062981029,21
XRP,long,2023-10-14 12:00:00+00:00,2023-10-14 16:00:00+00:00,2023-10-18 12:00:00+00:00,0.48749,0.49034,0.005846273769718469,0.004691669537604692,0.0011546042321137762,5.742762706652812,23
BNB,long,2023-10-14 08:00:00+00:00,2023-10-14 12:00:00+00:00,2023-10-19 00:00:00+00:00,205.81,210.24,0.021524707254263697,0.02020658146740839,0.0013181257868553065,6.455921962584254,27
SOL,long,2023-10-14 04:00:00+00:00,2023-10-14 08:00:00+00:00,2023-10-19 08:00:00+00:00,22.06,23.844,0.08087035358114236,0.07957388701026491,0.0012964665708774525,6.000925858297193,30
SOL,short,2023-10-19 04:00:00+00:00,2023-10-19 08:00:00+00:00,2023-10-19 16:00:00+00:00,23.844,24.758,-0.036917360045237824,-0.03807254433126894,0.001155184286031119,6.000925858297193,2
XRP,short,2023-10-18 08:00:00+00:00,2023-10-18 12:00:00+00:00,2023-10-20 04:00:00+00:00,0.49034,0.52077,-0.05843270541697865,-0.0595135242374043,0.0010808188204256552,5.742762706652812,10
ADA,short,2023-10-18 00:00:00+00:00,2023-10-18 04:00:00+00:00,2023-10-20 12:00:00+00:00,0.24586,0.25022,-0.017424666293661573,-0.019385652344799498,0.001960986051137925,9.988775255673833,14
AVAX,short,2023-10-17 20:00:00+00:00,2023-10-18 00:00:00+00:00,2023-10-20 12:00:00+00:00,9.106,9.25,-0.015567567567567608,-0.01708453695135126,0.0015169693837836506,7.710732744665526,15
BNB,short,2023-10-18 20:00:00+00:00,2023-10-19 00:00:00+00:00,2023-10-20 12:00:00+00:00,210.24,214.04,-0.017753690898897334,-0.01902113375160097,0.0012674428527036374,6.455921962584254,9
DOT,short,2023-10-17 16:00:00+00:00,2023-10-17 20:00:00+00:00,2023-10-20 12:00:00+00:00,3.674,3.76,-0.02287234042553188,-0.024638693638007747,0.0017663532124758685,9.046674492363598,16
ETH,short,2023-10-18 04:00:00+00:00,2023-10-18 08:00:00+00:00,2023-10-20 12:00:00+00:00,1572.18,1613.64,-0.025693463225998414,-0.0266754440332283,0.0009819808072298875,5.041924062981029,13
LINK,short,2023-10-18 00:00:00+00:00,2023-10-18 04:00:00+00:00,2023-10-20 12:00:00+00:00,7.344,7.611,-0.0350808040993299,-0.036341455334880424,0.001260651235550525,6.536688716426203,14
BNB,long,2023-10-20 08:00:00+00:00,2023-10-20 12:00:00+00:00,2023-10-26 20:00:00+00:00,214.04,222.48,0.039431881891235365,0.03809064955738095,0.001341232333854414,6.455921962584254,38
DOT,long,2023-10-20 08:00:00+00:00,2023-10-20 12:00:00+00:00,2023-10-27 08:00:00+00:00,3.76,4.123,0.09654255319148941,0.0945603337317622,0.001982219459727208,9.046674492363598,41
XRP,long,2023-10-20 00:00:00+00:00,2023-10-20 04:00:00+00:00,2023-10-27 12:00:00+00:00,0.52077,0.54932,0.05482266643623879,0.05361184252948781,0.0012108239067509796,5.742762706652812,44
BTC,long,2023-10-14 12:00:00+00:00,2023-10-14 16:00:00+00:00,2023-10-27 16:00:00+00:00,26944.9,33999.0,0.2617972232222052,0.2605327894734102,0.0012644337487950352,5.012959217987713,78
ETH,long,2023-10-20 08:00:00+00:00,2023-10-20 12:00:00+00:00,2023-10-27 16:00:00+00:00,1613.64,1783.2,0.10507919982152147,0.10396541630089895,0.0011137835206225244,5.041924062981029,43
BNB,short,2023-10-26 16:00:00+00:00,2023-10-26 20:00:00+00:00,2023-10-27 20:00:00+00:00,222.48,224.38,-0.008467777876816185,-0.009747202819940237,0.0012794249431240523,6.455921962584254,6
AVAX,long,2023-10-20 08:00:00+00:00,2023-10-20 12:00:00+00:00,2023-10-28 04:00:00+00:00,9.25,10.753,0.16248648648648656,0.16069514322008782,0.0017913432663987372,7.710732744665526,46
AVAX,short,2023-10-28 00:00:00+00:00,2023-10-28 04:00:00+00:00,2023-10-28 16:00:00+00:00,10.753,10.843,-0.008300285898736548,-0.009828453860941333,0.001528167962204785,7.710732744665526,3
SOL,long,2023-10-19 12:00:00+00:00,2023-10-19 16:00:00+00:00,2023-10-28 20:00:00+00:00,24.758,31.585,0.27574925276678264,0.27421903570277095,0.0015302170640116852,6.000925858297193,55
BTC,short,2023-10-27 12:00:00+00:00,2023-10-27 16:00:00+00:00,2023-10-29 00:00:00+00:00,33999.0,34085.2,-0.0025289568493069847,-0.003528512108419646,0.000999555259112661,5.012959217987713,8
LINK,long,2023-10-20 08:00:00+00:00,2023-10-20 12:00:00+00:00,2023-10-29 12:00:00+00:00,7.611,10.974,0.4418604651162792,0.4399766978696924,0.0018837672465867872,6.536688716426203,54
DOT,short,2023-10-27 04:00:00+00:00,2023-10-27 08:00:00+00:00,2023-10-29 20:00:00+00:00,4.123,4.291,-0.039151712887438905,-0.04088863788594144,0.0017369249985025315,9.046674492363598,15
SOL,short,2023-10-28 16:00:00+00:00,2023-10-28 20:00:00+00:00,2023-10-29 20:00:00+00:00,31.585,33.004,-0.04299478851048344,-0.044142683131462745,0.0011478946209793062,6.000925858297193,6
XRP,short,2023-10-27 08:00:00+00:00,2023-10-27 12:00:00+00:00,2023-10-29 20:00:00+00:00,0.54932,0.55856,-0.016542537954740588,-0.017671442219132416,0.001128904264391828,5.742762706652812,14
ETH,short,2023-10-27 12:00:00+00:00,2023-10-27 16:00:00+00:00,2023-10-30 00:00:00+00:00,1783.2,1795.47,-0.006833865227489189,-0.007834854183148332,0.0010009889556591434,5.041924062981029,14
LINK,short,2023-10-29 08:00:00+00:00,2023-10-29 12:00:00+00:00,2023-10-30 16:00:00+00:00,10.974,11.389,-0.036438668891035086,-0.037697546098320434,0.0012588772072853471,6.536688716426203,7
ADA,long,2023-10-20 08:00:00+00:00,2023-10-20 12:00:00+00:00,2023-11-01 00:00:00+00:00,0.25022,0.29297,0.17084965230597082,0.1685129156127232,0.002336736693247632,9.988775255673833,69
BNB,long,2023-10-27 16:00:00+00:00,2023-10-27 20:00:00+00:00,2023-11-01 00:00:00+00:00,224.38,226.28,0.008467777876816074,0.007166500116432717,0.001301277760383357,6.455921962584254,25
AVAX,long,2023-10-28 12:00:00+00:00,2023-10-28 16:00:00+00:00,2023-11-01 12:00:00+00:00,10.843,11.055,0.01955178456146811,0.01798069771852462,0.001571086842943492,7.710732744665526,23
LINK,long,2023-10-30 12:00:00+00:00,2023-10-30 16:00:00+00:00,2023-11-01 16:00:00+00:00,11.389,10.827,-0.049345860040389766,-0.05058787421236699,0.0012420141719772237,6.536688716426203,12
AVAX,short,2023-11-01 08:00:00+00:00,2023-11-01 12:00:00+00:00,2023-11-02 04:00:00+00:00,11.055,12.405,-0.1088270858524788,-0.11020034620217956,0.0013732603497007556,7.710732744665526,4
ADA,short,2023-10-31 20:00:00+00:00,2023-11-01 00:00:00+00:00,2023-11-02 08:00:00+00:00,0.29297,0.30686,-0.045264941667209846,-0.04717036516777817,0.0019054235005683262,9.988775255673833,8
BNB,short,2023-10-31 20:00:00+00:00,2023-11-01 00:00:00+00:00,2023-11-02 08:00:00+00:00,226.28,229.75,-0.015103373231773687,-0.01637423592546161,0.0012708626936879241,6.455921962584254,8
LINK,short,2023-11-01 12:00:00+00:00,2023-11-01 16:00:00+00:00,2023-11-02 08:00:00+00:00,10.827,11.178,-0.03140096618357491,-0.03266642506751205,0.0012654588839371428,6.536688716426203,4
LINK,long,2023-11-02 04:00:00+00:00,2023-11-02 08:00:00+00:00,2023-11-03 00:00:00+00:00,11.178,11.01,-0.015029522275899154,-0.01631637018502896,0.0012868479091298068,6.536688716426203,4
ETH,long,2023-10-29 20:00:00+00:00,2023-10-30 00:00:00+00:00,2023-11-03 08:00:00+00:00,1795.47,1798.79,0.001849098007763894,0.0008393576962171245,0.0010097403115467696,5.041924062981029,26
BTC,long,2023-10-28 20:00:00+00:00,2023-10-29 00:00:00+00:00,2023-11-03 16:00:00+00:00,34085.2,34756.1,0.019683029584687928,0.01866121592719061,0.001021813657497317,5.012959217987713,34
SOL,long,2023-10-29 16:00:00+00:00,2023-10-29 20:00:00+00:00,2023-11-03 16:00:00+00:00,33.004,39.814,0.2063386256211368,0.2048916642014862,0.0014469614196506164,6.000925858297193,29
LINK,short,2023-11-02 20:00:00+00:00,2023-11-03 00:00:00+00:00,2023-11-04 04:00:00+00:00,11.01,11.353,-0.030212278692856476,-0.03147929057766674,0.0012670118848102652,6.536688716426203,7
ETH,short,2023-11-03 04:00:00+00:00,2023-11-03 08:00:00+00:00,2023-11-04 08:00:00+00:00,1798.79,1833.93,-0.01916103668078939,-0.020149601368194436,0.0009885646874050469,5.041924062981029,6
SOL,short,2023-11-03 12:00:00+00:00,2023-11-03 16:00:00+00:00,2023-11-04 16:00:00+00:00,39.814,41.288,-0.03570044565006769,-0.03685708958278777,0.0011566439327200806,6.000925858297193,6
BTC,short,2023-11-03 12:00:00+00:00,2023-11-03 16:00:00+00:00,2023-11-05 04:00:00+00:00,34756.1,35286.1,-0.015020078727884356,-0.016007116764916396,0.0009870380370320397,5.012959217987713,9
SOL,long,2023-11-04 12:00:00+00:00,2023-11-04 16:00:00+00:00,2023-11-06 12:00:00+00:00,41.288,40.309,-0.023711490021313675,-0.02488251429126942,0.001171024269955745,6.000925858297193,11
SOL,short,2023-11-06 08:00:00+00:00,2023-11-06 12:00:00+00:00,2023-11-07 12:00:00+00:00,40.309,41.104,-0.019341183339820933,-0.020517449641347163,0.0011762663015262298,6.000925858297193,6
BTC,long,2023-11-05 00:00:00+00:00,2023-11-05 04:00:00+00:00,2023-11-07 16:00:00+00:00,35286.1,34726.2,-0.015867437886306512,-0.016853626793623122,0.0009861889073166097,5.012959217987713,15
BTC,short,2023-11-07 12:00:00+00:00,2023-11-07 16:00:00+00:00,2023-11-08 04:00:00+00:00,34726.2,35276.2,-0.015591248490483656,-0.016577714164293877,0.0009864656738102218,5.012959217987713,3
ETH,long,2023-11-04 04:00:00+00:00,2023-11-04 08:00:00+00:00,2023-11-08 04:00:00+00:00,1833.93,1882.44,0.026451391274476155,0.025416854886037843,0.0010345363884383119,5.041924062981029,23
BNB,long,2023-11-02 04:00:00+00:00,2023-11-02 08:00:00+00:00,2023-11-08 12:00:00+00:00,229.75,246.57,0.0732100108813929,0.07182519289313638,0.0013848179882565148,6.455921962584254,37
ETH,short,2023-11-08 00:00:00+00:00,2023-11-08 04:00:00+00:00,2023-11-09 00:00:00+00:00,1882.44,1888.61,-0.0032669529442287404,-0.004271536907486717,0.0010045839632579767,5.041924062981029,5
BNB,short,2023-11-08 08:00:00+00:00,2023-11-08 12:00:00+00:00,2023-11-09 12:00:00+00:00,246.57,249.44,-0.011505772931366232,-0.012781277793465051,0.0012755048620988196,6.455921962584254,6
XRP,long,2023-10-29 16:00:00+00:00,2023-10-29 20:00:00+00:00,2023-11-10 00:00:00+00:00,0.55856,0.66665,0.19351546834717848,0.19214543989771982,0.00137002844945866,5.742762706652812,67
XRP,short,2023-11-09 20:00:00+00:00,2023-11-10 00:00:00+00:00,2023-11-12 04:00:00+00:00,0.66665,0.6608,0.008852905569007197,0.007694850044295043,0.0011580555247121538,5.742762706652812,13
BNB,long,2023-11-09 08:00:00+00:00,2023-11-09 12:00:00+00:00,2023-11-12 16:00:00+00:00,249.44,248.5,-0.0037684413085310453,-0.005053930046948429,0.001285488738417384,6.455921962584254,19
ETH,long,2023-11-08 20:00:00+00:00,2023-11-09 00:00:00+00:00,2023-11-12 20:00:00+00:00,1888.61,2049.73,0.08531141950958654,0.0842175594731398,0.0010938600364467366,5.041924062981029,23
XRP,long,2023-11-12 00:00:00+00:00,2023-11-12 04:00:00+00:00,2023-11-13 04:00:00+00:00,0.6608,0.6539,-0.010441888619854733,-0.011577795778947686,0.0011359071590929526,5.742762706652812,6
ADA,long,2023-11-02 04:00:00+00:00,2023-11-02 08:00:00+00:00,2023-11-13 12:00:00+00:00,0.30686,0.3678,0.19859219187903276,0.19620008769256647,0.002392104186466293,9.988775255673833,67
BTC,long,2023-11-08 00:00:00+00:00,2023-11-08 04:00:00+00:00,2023-11-13 16:00:00+00:00,35276.2,36850.0,0.04461364886240582,0.043566852493096775,0.0010467963693090443,5.012959217987713,33
LINK,long,2023-11-04 00:00:00+00:00,2023-11-04 04:00:00+00:00,2023-11-13 16:00:00+00:00,11.353,15.139,0.3334801374086145,0.3317379672974299,0.0017421701111846044,6.536688716426203,57
ETH,short,2023-11-12 16:00:00+00:00,2023-11-12 20:00:00+00:00,2023-11-13 20:00:00+00:00,2049.73,2100.21,-0.024035691668928383,-0.025019343305399677,0.0009836516364712944,5.041924062981029,6
SOL,long,2023-11-07 08:00:00+00:00,2023-11-07 12:00:00+00:00,2023-11-14 00:00:00+00:00,41.104,51.63,0.2560821331257299,0.2545755060908792,0.001506627034850716,6.000925858297193,39
DOT,long,2023-10-29 16:00:00+00:00,2023-10-29 20:00:00+00:00,2023-11-14 04:00:00+00:00,4.291,5.369,0.2512234910277322,0.24896165490913913,0.002261836118593097,9.046674492363598,92
AVAX,long,2023-11-02 00:00:00+00:00,2023-11-02 04:00:00+00:00,2023-11-14 12:00:00+00:00,12.405,16.777,0.35243853284965754,0.3503544813899624,0.0020840514596951465,7.710732744665526,74
ETH,long,2023-11-13 16:00:00+00:00,2023-11-13 20:00:00+00:00,2023-11-14 20:00:00+00:00,2100.21,1978.73,-0.057841834864132635,-0.05879141407829014,0.0009495792141575032,5.041924062981029,6
AVAX,short,2023-11-14 08:00:00+00:00,2023-11-14 12:00:00+00:00,2023-11-15 12:00:00+00:00,16.777,19.66,-0.14664292980671412,-0.1479579175156418,0.001314987708927684,7.710732744665526,6
SOL,short,2023-11-13 20:00:00+00:00,2023-11-14 00:00:00+00:00,2023-11-15 12:00:00+00:00,51.63,63.0,-0.18047619047619046,-0.18145918091492863,0.0009829904387381738,6.000925858297193,9
BNB,short,2023-11-12 12:00:00+00:00,2023-11-12 16:00:00+00:00,2023-11-15 20:00:00+00:00,248.5,253.0,-0.017786561264822143,-0.019053961703204836,0.0012674004383826931,6.455921962584254,19
ADA,short,2023-11-13 08:00:00+00:00,2023-11-13 12:00:00+00:00,2023-11-16 00:00:00+00:00,0.3678,0.3787,-0.02878267758119879,-0.03072099575035392,0.0019383181691551288,9.988775255673833,15
BTC,short,2023-11-13 12:00:00+00:00,2023-11-13 16:00:00+00:00,2023-11-16 04:00:00+00:00,36850.0,37456.2,-0.01618423652159051,-0.017170107968320858,0.0009858714467303464,5.012959217987713,15
DOT,short,2023-11-14 00:00:00+00:00,2023-11-14 04:00:00+00:00,2023-11-16 04:00:00+00:00,5.369,5.587,-0.03901915160193303,-0.040756316231409295,0.0017371646294762622,9.046674492363598,12
LINK,short,2023-11-13 12:00:00+00:00,2023-11-13 16:00:00+00:00,2023-11-16 04:00:00+00:00,15.139,14.932,0.013862844896865623,0.012538249579943761,0.0013245953169218616,6.536688716426203,15
ETH,short,2023-11-14 16:00:00+00:00,2023-11-14 20:00:00+00:00,2023-11-16 08:00:00+00:00,1978.73,2053.76,-0.03653299314428182,-0.03750404904242266,0.0009710558981408379,5.041924062981029,9
XRP,short,2023-11-13 00:00:00+00:00,2023-11-13 04:00:00+00:00,2023-11-16 12:00:00+00:00,0.6539,0.6413,0.01964759083112444,0.01847714415916335,0.0011704466719610895,5.742762706652812,20
XRP,long,2023-11-16 08:00:00+00:00,2023-11-16 12:00:00+00:00,2023-11-16 20:00:00+00:00,0.6413,0.6161,-0.039295181662248546,-0.040397968318610644,0.001102786656362098,5.742762706652812,2
ETH,long,2023-11-16 04:00:00+00:00,2023-11-16 08:00:00+00:00,2023-11-17 00:00:00+00:00,2053.76,1961.81,-0.044771540978498114,-0.04573429343665647,0.0009627524581583558,5.041924062981029,4
LINK,long,2023-11-16 00:00:00+00:00,2023-11-16 04:00:00+00:00,2023-11-17 00:00:00+00:00,14.932,13.865,-0.07145727297080096,-0.0726703989414148,0.0012131259706138486,6.536688716426203,5
BNB,long,2023-11-15 16:00:00+00:00,2023-11-15 20:00:00+00:00,2023-11-17 04:00:00+00:00,253.0,244.6,-0.033201581027668015,-0.034449090674462335,0.0012475096467943203,6.455921962584254,8
BTC,long,2023-11-16 00:00:00+00:00,2023-11-16 04:00:00+00:00,2023-11-17 08:00:00+00:00,37456.2,36243.2,-0.03238449175303426,-0.033354129094096296,0.0009696373410620351,5.012959217987713,7
DOT,long,2023-11-16 00:00:00+00:00,2023-11-16 04:00:00+00:00,2023-11-17 12:00:00+00:00,5.587,5.305,-0.050474315374977596,-0.05219077251026738,0.001716457135289784,9.046674492363598,8
SOL,long,2023-11-15 08:00:00+00:00,2023-11-15 12:00:00+00:00,2023-11-17 12:00:00+00:00,63.0,58.16,-0.07682539682539691,-0.0779327128028715,0.0011073159774745989,6.000925858297193,12
ADA,long,2023-11-15 20:00:00+00:00,2023-11-16 00:00:00+00:00,2023-11-17 16:00:00+00:00,0.3787,0.3554,-0.061526274095590194,-0.06339924385447471,0.001872969758884513,9.988775255673833,10
AVAX,long,2023-11-15 08:00:00+00:00,2023-11-15 12:00:00+00:00,2023-11-18 12:00:00+00:00,19.66,21.054,0.07090539165818921,0.06925517104522116,0.0016502206129680452,7.710732744665526,18
AVAX,short,2023-11-18 08:00:00+00:00,2023-11-18 12:00:00+00:00,2023-11-19 00:00:00+00:00,21.054,21.991,-0.042608339775362714,-0.04408364045522939,0.0014753006798666757,7.710732744665526,3
BTC,short,2023-11-17 04:00:00+00:00,2023-11-17 08:00:00+00:00,2023-11-19 00:00:00+00:00,36243.2,36578.3,-0.009161169327169594,-0.010154078515794862,0.0009929091886252683,5.012959217987713,10
ADA,short,2023-11-17 12:00:00+00:00,2023-11-17 16:00:00+00:00,2023-11-19 08:00:00+00:00,0.3554,0.375,-0.052266666666666683,-0.05415811639383883,0.0018914497271721453,9.988775255673833,10
LINK,short,2023-11-16 20:00:00+00:00,2023-11-17 00:00:00+00:00,2023-11-19 12:00:00+00:00,13.865,14.19,-0.022903453136011276,-0.024180013882537432,0.0012765607465261564,6.536688716426203,15
SOL,short,2023-11-17 08:00:00+00:00,2023-11-17 12:00:00+00:00,2023-11-19 12:00:00+00:00,58.16,59.87,-0.02856188408217808,-0.029727090472371764,0.0011652063901936849,6.000925858297193,12
DOT,short,2023-11-17 08:00:00+00:00,2023-11-17 12:00:00+00:00,2023-11-19 20:00:00+00:00,5.305,5.476,-0.031227173119065088,-0.03297842330439449,0.0017512501853294005,9.046674492363598,14
XRP,short,2023-11-16 16:00:00+00:00,2023-11-16 20:00:00+00:00,2023-11-19 20:00:00+00:00,0.6161,0.6249,-0.014082253160505709,-0.015213981569411006,0.001131728408905297,5.742762706652812,18
BNB,short,2023-11-17 00:00:00+00:00,2023-11-17 04:00:00+00:00,2023-11-20 00:00:00+00:00,244.6,246.4,-0.00730519480519487,-0.008586119888956856,0.0012809250837619857,6.455921962584254,17
ETH,short,2023-11-16 20:00:00+00:00,2023-11-17 00:00:00+00:00,2023-11-20 00:00:00+00:00,1961.81,2011.95,-0.024921096448718982,-0.02590385570638798,0.000982759257668997,5.041924062981029,18
AVAX,long,2023-11-18 20:00:00+00:00,2023-11-19 00:00:00+00:00,2023-11-21 04:00:00+00:00,21.991,20.808,-0.05379473420944936,-0.05525279712132669,0.0014580629118773336,7.710732744665526,13
SOL,long,2023-11-19 08:00:00+00:00,2023-11-19 12:00:00+00:00,2023-11-21 04:00:00+00:00,59.87,56.0,-0.06464005344913981,-0.06576198532415434,0.0011219318750145257,6.000925858297193,10
DOT,long,2023-11-19 16:00:00+00:00,2023-11-19 20:00:00+00:00,2023-11-21 12:00:00+00:00,5.476,5.188,-0.05259313367421481,-0.054305760622657684,0.0017126269484428747,9.046674492363598,10
XRP,long,2023-11-19 16:00:00+00:00,2023-11-19 20:00:00+00:00,2023-11-21 12:00:00+00:00,0.6249,0.6113,-0.021763482157145186,-0.022886393334492827,0.0011229111773476408,5.742762706652812,10
LINK,long,2023-11-19 08:00:00+00:00,2023-11-19 12:00:00+00:00,2023-11-21 16:00:00+00:00,14.19,14.246,0.003946441155743496,0.002634801459024505,0.0013116396967189914,6.536688716426203,13
ADA,long,2023-11-19 04:00:00+00:00,2023-11-19 08:00:00+00:00,2023-11-22 00:00:00+00:00,0.375,0.3567,-0.048799999999999955,-0.05069836836714203,0.0018983683671420781,9.988775255673833,16
BNB,long,2023-11-19 20:00:00+00:00,2023-11-20 00:00:00+00:00,2023-11-22 04:00:00+00:00,246.4,234.2,-0.04951298701298712,-0.05073944921501927,0.0012264622020321525,6.455921962584254,13
BTC,long,2023-11-18 20:00:00+00:00,2023-11-19 00:00:00+00:00,2023-11-22 04:00:00+00:00,36578.3,36378.7,-0.005456787220838755,-0.006453408531877813,0.0009966213110390587,5.012959217987713,19
ETH,long,2023-11-19 20:00:00+00:00,2023-11-20 00:00:00+00:00,2023-11-22 04:00:00+00:00,2011.95,1977.9,-0.016923879818086962,-0.017914699283653746,0.0009908194655667835,5.041924062981029,13
ETH,short,2023-11-22 00:00:00+00:00,2023-11-22 04:00:00+00:00,2023-11-23 00:00:00+00:00,1977.9,2063.34,-0.04140858995609065,-0.042374731854055714,0.0009661418979650671,5.041924062981029,5
BTC,short,2023-11-22 00:00:00+00:00,2023-11-22 04:00:00+00:00,2023-11-23 08:00:00+00:00,36378.7,37375.4,-0.026667273126174007,-0.02764263963199265,0.0009753665058186423,5.012959217987713,7
SOL,short,2023-11-21 00:00:00+00:00,2023-11-21 04:00:00+00:00,2023-11-23 08:00:00+00:00,56.0,57.81,-0.03130946203079055,-0.03247137279635226,0.0011619107655617134,6.000925858297193,13
ADA,short,2023-11-21 20:00:00+00:00,2023-11-22 00:00:00+00:00,2023-11-23 12:00:00+00:00,0.3567,0.3828,-0.06818181818181812,-0.07004150506185536,0.0018596868800372368,9.988775255673833,9
LINK,short,2023-11-21 12:00:00+00:00,2023-11-21 16:00:00+00:00,2023-11-23 12:00:00+00:00,14.246,14.346,-0.006970584134950442,-0.008267960915686934,0.0012973767807364922,6.536688716426203,11
XRP,short,2023-11-21 08:00:00+00:00,2023-11-21 12:00:00+00:00,2023-11-23 12:00:00+00:00,0.6113,0.6135,-0.003585982070089755,-0.004729759078605733,0.0011437770085159782,5.742762706652812,12
AVAX,short,2023-11-21 00:00:00+00:00,2023-11-21 04:00:00+00:00,2023-11-23 16:00:00+00:00,20.808,20.613,0.009460049483335675,0.007904513583898654,0.0015555358994370216,7.710732744665526,15
DOT,short,2023-11-21 08:00:00+00:00,2023-11-21 12:00:00+00:00,2023-11-23 16:00:00+00:00,5.188,5.108,0.01566170712607673,0.013825695933893156,0.0018360111921835731,9.046674492363598,13
ADA,long,2023-11-23 08:00:00+00:00,2023-11-23 12:00:00+00:00,2023-11-27 00:00:00+00:00,0.3828,0.3874,0.012016718913270719,0.009996974878152987,0.002019744035117732,9.988775255673833,21
AVAX,long,2023-11-23 12:00:00+00:00,2023-11-23 16:00:00+00:00,2023-11-27 00:00:00+00:00,20.613,21.082,0.022752631834279446,0.02117661261898096,0.0015760192152984853,7.710732744665526,20
BTC,long,2023-11-23 04:00:00+00:00,2023-11-23 08:00:00+00:00,2023-11-27 00:00:00+00:00,37375.4,37449.9,0.0019932897039229847,0.0009892027490219224,0.0010040869549010623,5.012959217987713,22
ETH,long,2023-11-22 20:00:00+00:00,2023-11-23 00:00:00+00:00,2023-11-27 00:00:00+00:00,2063.34,2062.45,-0.000431339478709436,-0.0014387813905644142,0.0010074419118549782,5.041924062981029,24
SOL,long,2023-11-23 04:00:00+00:00,2023-11-23 08:00:00+00:00,2023-11-27 00:00:00+00:00,57.81,57.59,-0.0038055699705933366,-0.005000470702534399,0.001194900731941062,6.000925858297193,22
XRP,long,2023-11-23 08:00:00+00:00,2023-11-23 12:00:00+00:00,2023-11-27 08:00:00+00:00,0.6135,0.6071,-0.010431947840260913,-0.01156786641030838,0.0011359185700474672,5.742762706652812,23
DOT,long,2023-11-23 12:00:00+00:00,2023-11-23 16:00:00+00:00,2023-11-27 16:00:00+00:00,5.108,5.081,-0.005285826155050799,-0.007083970501134851,0.0017981443460840518,9.046674492363598,24
LINK,long,2023-11-23 08:00:00+00:00,2023-11-23 12:00:00+00:00,2023-11-27 16:00:00+00:00,14.346,14.089,-0.01791440122682275,-0.019197480088524066,0.0012830788617013145,6.536688716426203,25
BTC,short,2023-11-26 20:00:00+00:00,2023-11-27 00:00:00+00:00,2023-11-29 00:00:00+00:00,37449.9,37821.5,-0.00982509948045418,-0.010817343351644193,0.0009922438711900128,5.012959217987713,12
BNB,short,2023-11-22 00:00:00+00:00,2023-11-22 04:00:00+00:00,2023-11-29 04:00:00+00:00,234.2,229.4,0.0209241499564079,0.019606799099473493,0.0013173508569344072,6.455921962584254,42
DOT,short,2023-11-27 12:00:00+00:00,2023-11-27 16:00:00+00:00,2023-11-29 04:00:00+00:00,5.081,5.275,-0.0367772511848341,-0.03851846849664409,0.0017412173118099838,9.046674492363598,9
SOL,short,2023-11-26 20:00:00+00:00,2023-11-27 00:00:00+00:00,2023-11-29 04:00:00+00:00,57.59,58.53,-0.0160601400990944,-0.017240341898402733,0.0011802017993083336,6.000925858297193,13
ADA,short,2023-11-26 20:00:00+00:00,2023-11-27 00:00:00+00:00,2023-11-29 08:00:00+00:00,0.3874,0.3854,0.00518941359626357,0.0031832952344497123,0.002006118361813858,9.988775255673833,14
AVAX,short,2023-11-26 20:00:00+00:00,2023-11-27 00:00:00+00:00,2023-11-29 08:00:00+00:00,21.082,21.15,-0.0032151300236406,-0.004751133999288171,0.0015360039756475707,7.710732744665526,14
ETH,short,2023-11-26 20:00:00+00:00,2023-11-27 00:00:00+00:00,2023-11-29 08:00:00+00:00,2062.45,2057.73,0.0022937897586174927,0.001283601252639155,0.0010101885059783378,5.041924062981029,14
LINK,short,2023-11-27 12:00:00+00:00,2023-11-27 16:00:00+00:00,2023-11-29 08:00:00+00:00,14.089,14.694,-0.04117326800054444,-0.042425959531098956,0.0012526915305545172,6.536688716426203,10
XRP,short,2023-11-27 04:00:00+00:00,2023-11-27 08:00:00+00:00,2023-11-29 12:00:00+00:00,0.6071,0.611,-0.00638297872340432,-0.0075235450781082625,0.0011405663547039424,5.742762706652812,13
BNB,long,2023-11-29 00:00:00+00:00,2023-11-29 04:00:00+00:00,2023-11-30 04:00:00+00:00,229.4,228.8,-0.0026155187445510153,-0.0039024951581572154,0.0012869764136062,6.455921962584254,6
DOT,long,2023-11-29 00:00:00+00:00,2023-11-29 04:00:00+00:00,2023-11-30 08:00:00+00:00,5.275,5.171,-0.019715639810426566,-0.021487699389125647,0.0017720595786990812,9.046674492363598,7
ADA,long,2023-11-29 04:00:00+00:00,2023-11-29 08:00:00+00:00,2023-11-30 12:00:00+00:00,0.3854,0.3767,-0.022573949143746885,-0.024524658454266324,0.0019507093105194384,9.988775255673833,7
ETH,long,2023-11-29 04:00:00+00:00,2023-11-29 08:00:00+00:00,2023-11-30 12:00:00+00:00,2057.73,2045.32,-0.006030917564500693,-0.007032715792359645,0.0010017982278589521,5.041924062981029,7
XRP,long,2023-11-29 08:00:00+00:00,2023-11-29 12:00:00+00:00,2023-11-30 12:00:00+00:00,0.611,0.6056,-0.008837970540098161,-0.009975718826062074,0.0011377482859639132,5.742762706652812,6
DOT,short,2023-11-30 04:00:00+00:00,2023-11-30 08:00:00+00:00,2023-11-30 20:00:00+00:00,5.171,5.457,-0.052409748946307455,-0.05412270739923719,0.001712958452929736,9.046674492363598,3
LINK,long,2023-11-29 04:00:00+00:00,2023-11-29 08:00:00+00:00,2023-12-01 00:00:00+00:00,14.694,14.409,-0.019395671702735817,-0.020676815308652396,0.0012811436059165793,6.536688716426203,10
ETH,short,2023-11-30 08:00:00+00:00,2023-11-30 12:00:00+00:00,2023-12-01 04:00:00+00:00,2045.32,2092.21,-0.022411708193728175,-0.02339699660522232,0.0009852884114941451,5.041924062981029,4
LINK,short,2023-11-30 20:00:00+00:00,2023-12-01 00:00:00+00:00,2023-12-01 12:00:00+00:00,14.409,14.799,-0.026353131968376187,-0.027625185765615012,0.0012720537972388257,6.536688716426203,3
BNB,short,2023-11-30 00:00:00+00:00,2023-11-30 04:00:00+00:00,2023-12-01 16:00:00+00:00,228.8,228.3,0.002190100744634327,0.000896923393424176,0.0012931773512101508,6.455921962584254,9
XRP,short,2023-11-30 08:00:00+00:00,2023-11-30 12:00:00+00:00,2023-12-01 16:00:00+00:00,0.6056,0.6077,-0.003455652460095382,-0.004599579073101712,0.0011439266130063297,5.742762706652812,7
ADA,short,2023-11-30 08:00:00+00:00,2023-11-30 12:00:00+00:00,2023-12-02 00:00:00+00:00,0.3767,0.3844,-0.02003121748178993,-0.021987001478340984,0.0019557839965510526,9.988775255673833,9
BNB,long,2023-12-01 12:00:00+00:00,2023-12-01 16:00:00+00:00,2023-12-02 20:00:00+00:00,228.3,228.9,0.0026281208935610145,0.0013343783424597522,0.0012937425511012624,6.455921962584254,7
BNB,short,2023-12-02 16:00:00+00:00,2023-12-02 20:00:00+00:00,2023-12-03 08:00:00+00:00,228.9,228.2,0.0030674846625766694,0.0017731751778422566,0.0012943094847344128,6.455921962584254,3
BNB,long,2023-12-03 04:00:00+00:00,2023-12-03 08:00:00+00:00,2023-12-03 16:00:00+00:00,228.2,226.8,-0.006134969325153228,-0.007417404410945405,0.0012824350857921774,6.455921962584254,2
AVAX,long,2023-11-29 04:00:00+00:00,2023-11-29 08:00:00+00:00,2023-12-04 04:00:00+00:00,21.15,22.16,0.04775413711583942,0.0461395916220364,0.0016145454938030213,7.710732744665526,29
AVAX,short,2023-12-04 00:00:00+00:00,2023-12-04 04:00:00+00:00,2023-12-04 12:00:00+00:00,22.16,22.011,0.006769342601426587,0.005217952969245765,0.0015513896321808218,7.710732744665526,2
BNB,short,2023-12-03 12:00:00+00:00,2023-12-03 16:00:00+00:00,2023-12-04 12:00:00+00:00,226.8,229.6,-0.012195121951219412,-0.013469737310878638,0.0012746153596592258,6.455921962584254,5
AVAX,long,2023-12-04 08:00:00+00:00,2023-12-04 12:00:00+00:00,2023-12-04 20:00:00+00:00,22.011,21.756,-0.011585116532642714,-0.013108222707630457,0.0015231061749877428,7.710732744665526,2
LINK,long,2023-12-01 08:00:00+00:00,2023-12-01 12:00:00+00:00,2023-12-05 00:00:00+00:00,14.799,15.819,0.0689235759172917,0.06752704465082493,0.0013965312664667717,6.536688716426203,21
SOL,long,2023-11-29 00:00:00+00:00,2023-11-29 04:00:00+00:00,2023-12-05 00:00:00+00:00,58.53,61.66,0.053476849478899524,0.05221324046786746,0.001263609011032063,6.000925858297193,35
AVAX,short,2023-12-04 16:00:00+00:00,2023-12-04 20:00:00+00:00,2023-12-05 08:00:00+00:00,21.756,22.181,-0.019160542806906822,-0.020671975565468403,0.0015114327585615817,7.710732744665526,3
XRP,long,2023-12-01 12:00:00+00:00,2023-12-01 16:00:00+00:00,2023-12-05 12:00:00+00:00,0.6077,0.6111,0.005594865887773581,0.00444055024509149,0.001154315642682091,5.742762706652812,23
SOL,short,2023-12-04 20:00:00+00:00,2023-12-05 00:00:00+00:00,2023-12-06 12:00:00+00:00,61.66,63.01,-0.021425170607839994,-0.022598937238783146,0.0011737666309431516,6.000925858297193,9
XRP,short,2023-12-05 08:00:00+00:00,2023-12-05 12:00:00+00:00,2023-12-06 12:00:00+00:00,0.6111,0.6205,-0.015149073327961449,-0.016279577141108725,0.0011305038131472767,5.742762706652812,6
BTC,long,2023-11-28 20:00:00+00:00,2023-11-29 00:00:00+00:00,2023-12-08 12:00:00+00:00,37821.5,43668.9,0.154605184881615,0.15344816714894804,0.001157017732666965,5.012959217987713,57
LINK,short,2023-12-04 20:00:00+00:00,2023-12-05 00:00:00+00:00,2023-12-08 12:00:00+00:00,15.819,16.444,-0.03800778399416194,-0.03926461117808555,0.0012568271839236145,6.536688716426203,21
BTC,short,2023-12-08 08:00:00+00:00,2023-12-08 12:00:00+00:00,2023-12-08 20:00:00+00:00,43668.9,43956.1,-0.0065337916694155895,-0.007529333725604714,0.0009955420561891248,5.012959217987713,2
LINK,long,2023-12-08 08:00:00+00:00,2023-12-08 12:00:00+00:00,2023-12-10 16:00:00+00:00,16.444,16.133,-0.018912673315495065,-0.020194447950948713,0.0012817746354536474,6.536688716426203,13
XRP,long,2023-12-06 08:00:00+00:00,2023-12-06 12:00:00+00:00,2023-12-10 20:00:00+00:00,0.6205,0.6628,0.06817082997582569,0.06694468380113427,0.0012261461746914115,5.742762706652812,26
BTC,long,2023-12-08 16:00:00+00:00,2023-12-08 20:00:00+00:00,2023-12-11 04:00:00+00:00,43956.1,42312.7,-0.03738730233118959,-0.038351926408299764,0.0009646240771101766,5.012959217987713,14
BNB,long,2023-12-04 08:00:00+00:00,2023-12-04 12:00:00+00:00,2023-12-11 08:00:00+00:00,229.6,232.3,0.011759581881533254,0.0104540565374025,0.0013055253441307535,6.455921962584254,41
ETH,long,2023-12-01 00:00:00+00:00,2023-12-01 04:00:00+00:00,2023-12-11 08:00:00+00:00,2092.21,2237.21,0.0693047065065171,0.0682269792623309,0.0010777272441861996,5.041924062981029,61
DOT,long,2023-11-30 16:00:00+00:00,2023-11-30 20:00:00+00:00,2023-12-11 12:00:00+00:00,5.457,6.756,0.2380428807036834,0.2358048711681986,0.0022380095354848084,9.046674492363598,64
SOL,long,2023-12-06 08:00:00+00:00,2023-12-06 12:00:00+00:00,2023-12-11 12:00:00+00:00,63.01,69.65,0.10538009839707985,0.10405423323578922,0.0013258651612906291,6.000925858297193,30
ADA,long,2023-12-01 20:00:00+00:00,2023-12-02 00:00:00+00:00,2023-12-11 16:00:00+00:00,0.3844,0.5454,0.41883454734651404,0.4160028919397738,0.002831655406740241,9.988775255673833,58
BNB,short,2023-12-11 04:00:00+00:00,2023-12-11 08:00:00+00:00,2023-12-12 04:00:00+00:00,232.3,253.3,-0.08290564547966839,-0.08408901941970937,0.001183373940040977,6.455921962584254,5
ADA,short,2023-12-11 12:00:00+00:00,2023-12-11 16:00:00+00:00,2023-12-12 20:00:00+00:00,0.5454,0.5726,-0.04750261962975899,-0.04940357725873379,0.0019009576289747976,9.988775255673833,7
DOT,short,2023-12-11 08:00:00+00:00,2023-12-11 12:00:00+00:00,2023-12-12 20:00:00+00:00,6.756,7.048,-0.04143019296254258,-0.043162999153680714,0.0017328061911381365,9.046674492363598,8
AVAX,long,2023-12-05 04:00:00+00:00,2023-12-05 08:00:00+00:00,2023-12-13 16:00:00+00:00,22.181,39.011,0.7587574951535099,0.7560473230931937,0.002710172060316207,7.710732744665526,50
DOT,long,2023-12-12 16:00:00+00:00,2023-12-12 20:00:00+00:00,2023-12-13 16:00:00+00:00,7.048,7.045,-0.00042565266742344843,-0.002232582746844458,0.0018069300794210097,9.046674492363598,5
AVAX,short,2023-12-13 12:00:00+00:00,2023-12-13 16:00:00+00:00,2023-12-14 00:00:00+00:00,39.011,39.022,-0.00028189226590114025,-0.0018224162387850962,0.001540523972883956,7.710732744665526,2
DOT,short,2023-12-13 12:00:00+00:00,2023-12-13 16:00:00+00:00,2023-12-14 00:00:00+00:00,7.045,7.605,-0.07363576594345833,-0.07531035413540565,0.0016745881919473238,9.046674492363598,2
BTC,short,2023-12-11 00:00:00+00:00,2023-12-11 04:00:00+00:00,2023-12-14 04:00:00+00:00,42312.7,42729.7,-0.009759020072689473,-0.010751330161360095,0.0009923100886706226,5.012959217987713,18
ETH,short,2023-12-11 04:00:00+00:00,2023-12-11 08:00:00+00:00,2023-12-14 08:00:00+00:00,2237.21,2282.3,-0.019756386101739576,-0.020744350750365292,0.0009879646486257165,5.041924062981029,18
SOL,short,2023-12-11 08:00:00+00:00,2023-12-11 12:00:00+00:00,2023-12-14 12:00:00+00:00,69.65,73.51,-0.052509862603727364,-0.05364634422273051,0.001136481619003149,6.000925858297193,18
XRP,short,2023-12-10 16:00:00+00:00,2023-12-10 20:00:00+00:00,2023-12-14 12:00:00+00:00,0.6628,0.6343,0.04493142046350296,0.04373195065206348,0.0011994698114394797,5.742762706652812,22
LINK,short,2023-12-10 12:00:00+00:00,2023-12-10 16:00:00+00:00,2023-12-14 16:00:00+00:00,16.133,14.866,0.08522803713171001,0.0838102043518496,0.0014178327798604062,6.536688716426203,24
BNB,long,2023-12-12 00:00:00+00:00,2023-12-12 04:00:00+00:00,2023-12-15 20:00:00+00:00,253.3,246.4,-0.027240426371891058,-0.028495628002653484,0.0012552016307624259,6.455921962584254,22
DOT,long,2023-12-13 20:00:00+00:00,2023-12-14 00:00:00+00:00,2023-12-16 00:00:00+00:00,7.605,6.953,-0.08573307034845501,-0.08738579024889637,0.0016527199004413573,9.046674492363598,12
ADA,long,2023-12-12 16:00:00+00:00,2023-12-12 20:00:00+00:00,2023-12-16 04:00:00+00:00,0.5726,0.6155,0.07492141110723027,0.07277612430738811,0.002145286799842161,9.988775255673833,20
BTC,long,2023-12-14 00:00:00+00:00,2023-12-14 04:00:00+00:00,2023-12-16 04:00:00+00:00,42729.7,42325.8,-0.009452441744266737,-0.010445059051861216,0.0009926173075944789,5.012959217987713,12
ETH,long,2023-12-14 04:00:00+00:00,2023-12-14 08:00:00+00:00,2023-12-16 04:00:00+00:00,2282.3,2254.45,-0.01220260263769024,-0.013198180568279927,0.0009955779305896861,5.041924062981029,11
LINK,long,2023-12-14 12:00:00+00:00,2023-12-14 16:00:00+00:00,2023-12-16 04:00:00+00:00,14.866,14.502,-0.02448540293286683,-0.025759896887712963,0.0012744939548461343,6.536688716426203,9
XRP,long,2023-12-14 08:00:00+00:00,2023-12-14 12:00:00+00:00,2023-12-16 04:00:00+00:00,0.6343,0.6217,-0.01986441746807499,-0.020989508569118964,0.0011250911010439735,5.742762706652812,10
SOL,long,2023-12-14 08:00:00+00:00,2023-12-14 12:00:00+00:00,2023-12-17 12:00:00+00:00,73.51,73.09,-0.005713508366208653,-0.0069061205920945,0.0011926122258858474,6.000925858297193,18
AVAX,long,2023-12-13 20:00:00+00:00,2023-12-14 00:00:00+00:00,2023-12-18 08:00:00+00:00,39.022,38.85,-0.004407769975910969,-0.005941936143057047,0.0015341661671460782,7.710732744665526,26
BTC,short,2023-12-16 00:00:00+00:00,2023-12-16 04:00:00+00:00,2023-12-19 08:00:00+00:00,42325.8,43044.0,-0.016685252299972086,-0.017670621684051646,0.0009853693840795597,5.012959217987713,19
LINK,short,2023-12-16 00:00:00+00:00,2023-12-16 04:00:00+00:00,2023-12-19 08:00:00+00:00,14.502,14.597,-0.006508186613687683,-0.007806167509264994,0.0012979808955773109,6.536688716426203,19
ADA,short,2023-12-16 00:00:00+00:00,2023-12-16 04:00:00+00:00,2023-12-19 12:00:00+00:00,0.6155,0.5938,0.03654429100707324,0.0344755957871512,0.0020686952199220343,9.988775255673833,20
BNB,short,2023-12-15 16:00:00+00:00,2023-12-15 20:00:00+00:00,2023-12-19 12:00:00+00:00,246.4,251.6,-0.020667726550079424,-0.02193140927294157,0.0012636827228621472,6.455921962584254,22
SOL,short,2023-12-17 08:00:00+00:00,2023-12-17 12:00:00+00:00,2023-12-19 12:00:00+00:00,73.09,74.67,-0.02115976965314048,-0.02233385462334092,0.0011740849702004397,6.000925858297193,12
ETH,short,2023-12-16 00:00:00+00:00,2023-12-16 04:00:00+00:00,2023-12-19 16:00:00+00:00,2254.45,2191.91,0.02853219338385249,0.027495559803557112,0.0010366335802953763,5.041924062981029,21
ADA,long,2023-12-19 08:00:00+00:00,2023-12-19 12:00:00+00:00,2023-12-20 04:00:00+00:00,0.5938,0.5788,-0.025261030650050587,-0.027206377186672515,0.001945346536621928,9.988775255673833,4
ETH,long,2023-12-19 12:00:00+00:00,2023-12-19 16:00:00+00:00,2023-12-20 04:00:00+00:00,2191.91,2186.5,-0.0024681670324054883,-0.003473556073331441,0.0010053890409259525,5.041924062981029,3
LINK,long,2023-12-19 04:00:00+00:00,2023-12-19 08:00:00+00:00,2023-12-20 08:00:00+00:00,14.597,14.426,-0.011714735904637896,-0.013005914528248397,0.0012911786236105005,6.536688716426203,6
AVAX,short,2023-12-18 04:00:00+00:00,2023-12-18 08:00:00+00:00,2023-12-20 12:00:00+00:00,38.85,42.534,-0.0866130624911835,-0.08802055372582818,0.0014074912346446755,7.710732744665526,13
DOT,short,2023-12-15 20:00:00+00:00,2023-12-16 00:00:00+00:00,2023-12-20 16:00:00+00:00,6.953,7.08,-0.017937853107344637,-0.019713126390234037,0.0017752732828894002,9.046674492363598,28
XRP,short,2023-12-16 00:00:00+00:00,2023-12-16 04:00:00+00:00,2023-12-20 16:00:00+00:00,0.6217,0.6221,-0.0006429834431762593,-0.0017901387001961755,0.0011471552570199162,5.742762706652812,27
ADA,short,2023-12-20 00:00:00+00:00,2023-12-20 04:00:00+00:00,2023-12-20 20:00:00+00:00,0.5788,0.5947,-0.02673616949722557,-0.028678572008485115,0.0019424025112595444,9.988775255673833,4
ETH,short,2023-12-20 00:00:00+00:00,2023-12-20 04:00:00+00:00,2023-12-20 20:00:00+00:00,2186.5,2205.33,-0.00853840468319933,-0.00953767567334396,0.0009992709901446295,5.041924062981029,4
LINK,short,2023-12-20 04:00:00+00:00,2023-12-20 08:00:00+00:00,2023-12-20 20:00:00+00:00,14.426,14.341,0.005927062269018846,0.004612834923028997,0.001314227345989849,6.536688716426203,3
ADA,long,2023-12-20 16:00:00+00:00,2023-12-20 20:00:00+00:00,2023-12-23 16:00:00+00:00,0.5947,0.6037,0.01513368084748623,0.013107716099650446,0.0020259647478357845,9.988775255673833,17
BTC,long,2023-12-19 04:00:00+00:00,2023-12-19 08:00:00+00:00,2023-12-23 16:00:00+00:00,43044.0,43760.9,0.01665505064585071,0.015636271294255044,0.0010187793515956667,5.012959217987713,26
XRP,long,2023-12-20 12:00:00+00:00,2023-12-20 16:00:00+00:00,2023-12-23 16:00:00+00:00,0.6221,0.618,-0.006590580292557435,-0.007730908342804099,0.001140328050246664,5.742762706652812,18
BTC,short,2023-12-23 12:00:00+00:00,2023-12-23 16:00:00+00:00,2023-12-24 08:00:00+00:00,43760.9,43660.0,0.002311039853412744,0.0013066344844232525,0.0010044053689894916,5.012959217987713,4
XRP,short,2023-12-23 12:00:00+00:00,2023-12-23 16:00:00+00:00,2023-12-24 08:00:00+00:00,0.618,0.6166,0.0022705157314304447,0.0011200160881308374,0.0011504996432996073,5.742762706652812,4
ADA,short,2023-12-23 12:00:00+00:00,2023-12-23 16:00:00+00:00,2023-12-24 12:00:00+00:00,0.6037,0.6146,-0.01773511226814195,-0.0196954787431467,0.001960366475004749,9.988775255673833,5
BTC,long,2023-12-24 04:00:00+00:00,2023-12-24 08:00:00+00:00,2023-12-25 00:00:00+00:00,43660.0,42987.6,-0.015400824553366999,-0.016387481049005226,0.0009866564956382273,5.012959217987713,4
ADA,long,2023-12-24 08:00:00+00:00,2023-12-24 12:00:00+00:00,2023-12-25 04:00:00+00:00,0.6146,0.6042,-0.016921575008135514,-0.01888356510950684,0.001961990101371325,9.988775255673833,4
BNB,long,2023-12-19 08:00:00+00:00,2023-12-19 12:00:00+00:00,2023-12-25 04:00:00+00:00,251.6,264.8,0.05246422893481717,0.05110618029433889,0.0013580486404782821,6.455921962584254,34
ETH,long,2023-12-20 16:00:00+00:00,2023-12-20 20:00:00+00:00,2023-12-25 04:00:00+00:00,2205.33,2276.42,0.03223553844549354,0.031195172350188205,0.001040366095305334,5.041924062981029,26
XRP,long,2023-12-24 04:00:00+00:00,2023-12-24 08:00:00+00:00,2023-12-25 08:00:00+00:00,0.6166,0.6161,-0.0008108984755109683,-0.0019578609839847605,0.0011469625084737922,5.742762706652812,6
LINK,long,2023-12-20 16:00:00+00:00,2023-12-20 20:00:00+00:00,2023-12-25 16:00:00+00:00,14.341,15.546,0.08402482393138544,0.08260856313000198,0.0014162608013834621,6.536688716426203,29
XRP,short,2023-12-25 04:00:00+00:00,2023-12-25 08:00:00+00:00,2023-12-25 16:00:00+00:00,0.6161,0.6343,-0.028693047453886122,-0.02980800422942609,0.0011149567755399659,5.742762706652812,2
ADA,short,2023-12-25 00:00:00+00:00,2023-12-25 04:00:00+00:00,2023-12-26 00:00:00+00:00,0.6042,0.6245,-0.03250600480384325,-0.03443689209976464,0.0019308872959213907,9.988775255673833,5
BNB,short,2023-12-25 00:00:00+00:00,2023-12-25 04:00:00+00:00,2023-12-26 12:00:00+00:00,264.8,289.9,-0.08658157985512238,-0.08776021054827299,0.0011786306931506063,6.455921962584254,8
AVAX,long,2023-12-20 08:00:00+00:00,2023-12-20 12:00:00+00:00,2023-12-26 16:00:00+00:00,42.534,44.886,0.055296938919452865,0.053670770282174374,0.0016261686372784911,7.710732744665526,37
ADA,long,2023-12-25 20:00:00+00:00,2023-12-26 00:00:00+00:00,2023-12-27 00:00:00+00:00,0.6245,0.6087,-0.025300240192153822,-0.02724550847587992,0.0019452682837260982,9.988775255673833,6
XRP,long,2023-12-25 12:00:00+00:00,2023-12-25 16:00:00+00:00,2023-12-27 00:00:00+00:00,0.6343,0.622,-0.01939145514740659,-0.020517089158745505,0.0011256340113389163,5.742762706652812,8
SOL,long,2023-12-19 08:00:00+00:00,2023-12-19 12:00:00+00:00,2023-12-27 04:00:00+00:00,74.67,108.61,0.45453327976429625,0.45278861744915777,0.0017446623151384788,6.000925858297193,46
DOT,long,2023-12-20 12:00:00+00:00,2023-12-20 16:00:00+00:00,2023-12-27 08:00:00+00:00,7.08,8.679,0.22584745762711878,0.22363149375221614,0.002215963874902638,9.046674492363598,40
ETH,short,2023-12-25 00:00:00+00:00,2023-12-25 04:00:00+00:00,2023-12-27 20:00:00+00:00,2276.42,2347.83,-0.030415319678170794,-0.031392541436543464,0.0009772217583726706,5.041924062981029,16
ADA,short,2023-12-26 20:00:00+00:00,2023-12-27 00:00:00+00:00,2023-12-28 00:00:00+00:00,0.6087,0.6339,-0.03975390440132509,-0.04167032661805792,0.001916422216732827,9.988775255673833,6
LINK,short,2023-12-25 12:00:00+00:00,2023-12-25 16:00:00+00:00,2023-12-28 00:00:00+00:00,15.546,16.722,-0.07032651596698969,-0.07154111925323792,0.0012146032862482281,6.536688716426203,14
XRP,short,2023-12-26 20:00:00+00:00,2023-12-27 00:00:00+00:00,2023-12-28 00:00:00+00:00,0.622,0.6345,-0.01970055161544515,-0.02082583081700895,0.0011252792015638002,5.742762706652812,6
BTC,short,2023-12-24 20:00:00+00:00,2023-12-25 00:00:00+00:00,2023-12-28 04:00:00+00:00,42987.6,43427.7,-0.010134084927362008,-0.011126019167479795,0.0009919342401177866,5.012959217987713,19
BTC,long,2023-12-28 00:00:00+00:00,2023-12-28 04:00:00+00:00,2023-12-29 04:00:00+00:00,43427.7,42717.1,-0.016362828333068458,-0.017348520814819857,0.000985692481751399,5.012959217987713,6
ADA,long,2023-12-27 20:00:00+00:00,2023-12-28 00:00:00+00:00,2023-12-29 12:00:00+00:00,0.6339,0.622,-0.018772677078403577,-0.020730972821475513,0.001958295743071936,9.988775255673833,9
XRP,long,2023-12-27 20:00:00+00:00,2023-12-28 00:00:00+00:00,2023-12-29 16:00:00+00:00,0.6345,0.6246,-0.015602836879432536,-0.01673281982042396,0.0011299829409914253,5.742762706652812,10
LINK,long,2023-12-27 20:00:00+00:00,2023-12-28 00:00:00+00:00,2023-12-29 20:00:00+00:00,16.722,15.588,-0.0678148546824544,-0.06903273941332,0.0012178847308655927,6.536688716426203,11
BNB,long,2023-12-26 08:00:00+00:00,2023-12-26 12:00:00+00:00,2023-12-30 04:00:00+00:00,289.9,315.9,0.08968609865470856,0.08828002072432217,0.0014060779303863846,6.455921962584254,22
ETH,long,2023-12-27 16:00:00+00:00,2023-12-27 20:00:00+00:00,2023-12-30 04:00:00+00:00,2347.83,2298.6,-0.020968298386169315,-0.02195504157670336,0.0009867431905340451,5.041924062981029,14
BNB,short,2023-12-30 00:00:00+00:00,2023-12-30 04:00:00+00:00,2023-12-31 12:00:00+00:00,315.9,317.5,-0.005039370078740224,-0.006323218872500869,0.0012838487937606446,6.455921962584254,8
BTC,short,2023-12-29 00:00:00+00:00,2023-12-29 04:00:00+00:00,2023-12-31 20:00:00+00:00,42717.1,42627.6,0.002099578676725944,0.001095385210761357,0.0010041934659645868,5.012959217987713,16
DOT,short,2023-12-27 04:00:00+00:00,2023-12-27 08:00:00+00:00,2023-12-31 20:00:00+00:00,8.679,8.446,0.027587023443049974,0.025729454862146728,0.001857568580903246,9.046674492363598,27
BNB,long,2023-12-31 08:00:00+00:00,2023-12-31 12:00:00+00:00,2024-01-01 04:00:00+00:00,317.5,308.9,-0.02708661417322844,-0.02834201427576921,0.0012554001025407713,6.455921962584254,4
DOT,long,2023-12-31 16:00:00+00:00,2023-12-31 20:00:00+00:00,2024-01-01 08:00:00+00:00,8.446,8.172,-0.032441392375088696,-0.03419044761683798,0.0017490552417492866,9.046674492363598,3
SOL,short,2023-12-27 00:00:00+00:00,2023-12-27 04:00:00+00:00,2024-01-01 20:00:00+00:00,108.61,108.81,-0.0018380663541953668,-0.003035327038611979,0.0011972606844166123,6.000925858297193,34
ADA,short,2023-12-29 08:00:00+00:00,2023-12-29 12:00:00+00:00,2024-01-02 00:00:00+00:00,0.622,0.6238,-0.002885540237255624,-0.004875542916853659,0.0019900026795980352,9.988775255673833,21
AVAX,short,2023-12-26 12:00:00+00:00,2023-12-26 16:00:00+00:00,2024-01-02 00:00:00+00:00,44.886,41.937,0.07031976536232931,0.0686704471750963,0.0016493181872330176,7.710732744665526,38
ETH,short,2023-12-30 00:00:00+00:00,2023-12-30 04:00:00+00:00,2024-01-02 00:00:00+00:00,2298.6,2353.2,-0.02320244773074953,-0.024186939174329236,0.0009844914435797048,5.041924062981029,17
DOT,short,2024-01-01 04:00:00+00:00,2024-01-01 08:00:00+00:00,2024-01-02 04:00:00+00:00,8.172,8.682,-0.05874222529371109,-0.06044373653211388,0.0017015112384027864,9.046674492363598,5
LINK,short,2023-12-29 16:00:00+00:00,2023-12-29 20:00:00+00:00,2024-01-02 04:00:00+00:00,15.588,15.711,-0.00782890968111516,-0.00912516507348582,0.00129625539237066,6.536688716426203,20
XRP,short,2023-12-29 12:00:00+00:00,2023-12-29 16:00:00+00:00,2024-01-02 04:00:00+00:00,0.6246,0.6339,-0.014671083767155646,-0.0158021362613332,0.0011310524941775535,5.742762706652812,21
BNB,short,2024-01-01 00:00:00+00:00,2024-01-01 04:00:00+00:00,2024-01-02 16:00:00+00:00,308.9,308.6,0.0009721322099804919,-0.0003194735338845067,0.0012916057438649986,6.455921962584254,9
BNB,long,2024-01-02 12:00:00+00:00,2024-01-02 16:00:00+00:00,2024-01-03 00:00:00+00:00,308.6,312.1,0.011341542449773145,0.010036556523388418,0.0013049859263847274,6.455921962584254,2
LINK,long,2024-01-02 00:00:00+00:00,2024-01-02 04:00:00+00:00,2024-01-03 12:00:00+00:00,15.711,14.928,-0.049837693335879285,-0.05107906493565528,0.0012413715997759978,6.536688716426203,8
ADA,long,2024-01-01 20:00:00+00:00,2024-01-02 00:00:00+00:00,2024-01-03 16:00:00+00:00,0.6238,0.5643,-0.09538313562039114,-0.0971885351575249,0.0018053995371337672,9.988775255673833,10
AVAX,long,2024-01-01 20:00:00+00:00,2024-01-02 00:00:00+00:00,2024-01-03 16:00:00+00:00,41.937,37.09,-0.11557812909840937,-0.11694098637160089,0.00136285727319152,7.710732744665526,10
BNB,short,2024-01-02 20:00:00+00:00,2024-01-03 00:00:00+00:00,2024-01-03 16:00:00+00:00,312.1,316.8,-0.014835858585858563,-0.01610706646743143,0.0012712078815728667,6.455921962584254,4
DOT,long,2024-01-02 00:00:00+00:00,2024-01-02 04:00:00+00:00,2024-01-03 16:00:00+00:00,8.682,7.756,-0.10665745219995393,-0.10827234710512434,0.0016148949051704165,9.046674492363598,9
SOL,long,2024-01-01 16:00:00+00:00,2024-01-01 20:00:00+00:00,2024-01-03 16:00:00+00:00,108.81,102.09,-0.06175902950096501,-0.06288441706446835,0.0011253875635033328,6.000925858297193,11
ETH,long,2024-01-01 20:00:00+00:00,2024-01-02 00:00:00+00:00,2024-01-03 20:00:00+00:00,2353.2,2206.6,-0.06229814720380755,-0.06324323500481799,0.0009450878010104358,5.041924062981029,11
XRP,long,2024-01-02 00:00:00+00:00,2024-01-02 04:00:00+00:00,2024-01-03 20:00:00+00:00,0.6339,0.5737,-0.09496766051427674,-0.0960065411033092,0.0010388805890324537,5.742762706652812,10
BTC,long,2023-12-31 16:00:00+00:00,2023-12-31 20:00:00+00:00,2024-01-04 00:00:00+00:00,42627.6,42851.0,0.005240736048944816,0.004233394862159123,0.001007341186785693,5.012959217987713,19
BTC,short,2024-01-03 20:00:00+00:00,2024-01-04 00:00:00+00:00,2024-01-05 16:00:00+00:00,42851.0,43501.9,-0.014962564853489235,-0.01594966052457092,0.0009870956710816836,5.012959217987713,10
BNB,long,2024-01-03 12:00:00+00:00,2024-01-03 16:00:00+00:00,2024-01-06 00:00:00+00:00,316.8,317.3,0.0015782828282828731,0.00028589493714825664,0.0012923878911346165,6.455921962584254,14
ETH,short,2024-01-03 16:00:00+00:00,2024-01-03 20:00:00+00:00,2024-01-09 00:00:00+00:00,2206.6,2331.27,-0.05347728920288086,-0.054431267340693146,0.0009539781378122836,5.041924062981029,31
LINK,short,2024-01-03 08:00:00+00:00,2024-01-03 12:00:00+00:00,2024-01-09 00:00:00+00:00,14.928,14.147,0.05520605075280982,0.05382744120986205,0.001378609542947773,6.536688716426203,33
ADA,short,2024-01-03 12:00:00+00:00,2024-01-03 16:00:00+00:00,2024-01-09 04:00:00+00:00,0.5643,0.5266,0.07159134067603512,0.06945269990265102,0.002138640773384104,9.988775255673833,33
AVAX,short,2024-01-03 12:00:00+00:00,2024-01-03 16:00:00+00:00,2024-01-09 04:00:00+00:00,37.09,35.939,0.032026489329141095,0.030436179485633152,0.0015903098435079421,7.710732744665526,33
DOT,short,2024-01-03 12:00:00+00:00,2024-01-03 16:00:00+00:00,2024-01-09 04:00:00+00:00,7.756,7.32,0.059562841530054644,0.057647470277774726,0.0019153712522799182,9.046674492363598,33
SOL,short,2024-01-03 12:00:00+00:00,2024-01-03 16:00:00+00:00,2024-01-09 04:00:00+00:00,102.09,99.8,0.022945891783567207,0.021718903599350803,0.0012269881842164043,6.000925858297193,33
XRP,short,2024-01-03 16:00:00+00:00,2024-01-03 20:00:00+00:00,2024-01-09 04:00:00+00:00,0.5737,0.5727,0.0017461148943600513,0.0005962172072855321,0.0011498976870745192,5.742762706652812,32
ADA,long,2024-01-09 00:00:00+00:00,2024-01-09 04:00:00+00:00,2024-01-10 08:00:00+00:00,0.5266,0.507,-0.037219901253323084,-0.03914138073605522,0.0019214794827321358,9.988775255673833,7
DOT,long,2024-01-09 00:00:00+00:00,2024-01-09 04:00:00+00:00,2024-01-10 08:00:00+00:00,7.32,7.072,-0.03387978142076509,-0.035626236487310226,0.0017464550665451384,9.046674492363598,7
AVAX,long,2024-01-09 00:00:00+00:00,2024-01-09 04:00:00+00:00,2024-01-10 12:00:00+00:00,35.939,34.936,-0.02790840034502906,-0.029406353019410192,0.0014979526743811311,7.710732744665526,8
XRP,long,2024-01-09 00:00:00+00:00,2024-01-09 04:00:00+00:00,2024-01-10 12:00:00+00:00,0.5727,0.5634,-0.01623886851754841,-0.01736812136206256,0.0011292528445141503,5.742762706652812,8
XRP,short,2024-01-10 08:00:00+00:00,2024-01-10 12:00:00+00:00,2024-01-11 00:00:00+00:00,0.5634,0.6008,-0.062250332889480675,-0.06332676948078109,0.0010764365913004115,5.742762706652812,3
ADA,short,2024-01-10 04:00:00+00:00,2024-01-10 08:00:00+00:00,2024-01-11 04:00:00+00:00,0.507,0.5821,-0.12901563305274,-0.13075391014534732,0.001738277092607321,9.988775255673833,5
AVAX,short,2024-01-10 08:00:00+00:00,2024-01-10 12:00:00+00:00,2024-01-11 04:00:00+00:00,34.936,38.765,-0.09877466787050171,-0.10016341857770128,0.0013887507071995708,7.710732744665526,4
DOT,short,2024-01-10 04:00:00+00:00,2024-01-10 08:00:00+00:00,2024-01-11 04:00:00+00:00,7.072,8.218,-0.13944998783158913,-0.14100560368546,0.001555615853870873,9.046674492363598,5
BNB,short,2024-01-05 20:00:00+00:00,2024-01-06 00:00:00+00:00,2024-01-11 12:00:00+00:00,317.3,314.6,0.008582326764144943,0.007280901195449774,0.0013014255686951692,6.455921962584254,33
BTC,long,2024-01-05 12:00:00+00:00,2024-01-05 16:00:00+00:00,2024-01-12 16:00:00+00:00,43501.9,44474.6,0.02235994289904575,0.02133544673482346,0.0010244961642222883,5.012959217987713,42
SOL,long,2024-01-09 00:00:00+00:00,2024-01-09 04:00:00+00:00,2024-01-12 16:00:00+00:00,99.8,95.36,-0.04448897795591178,-0.04563508034837793,0.0011461023924661529,6.000925858297193,21
AVAX,long,2024-01-11 00:00:00+00:00,2024-01-11 04:00:00+00:00,2024-01-13 04:00:00+00:00,38.765,35.471,-0.0849735586224688,-0.08638357626430171,0.0014100176418329058,7.710732744665526,12
BNB,long,2024-01-11 08:00:00+00:00,2024-01-11 12:00:00+00:00,2024-01-13 04:00:00+00:00,314.6,296.1,-0.05880483153210425,-0.060019303990000994,0.0012144724578967425,6.455921962584254,10
LINK,long,2024-01-08 20:00:00+00:00,2024-01-09 00:00:00+00:00,2024-01-13 04:00:00+00:00,14.147,14.034,-0.007987559199830296,-0.009283607319185094,0.001296048119354798,6.536688716426203,25
XRP,long,2024-01-10 20:00:00+00:00,2024-01-11 00:00:00+00:00,2024-01-13 04:00:00+00:00,0.6008,0.5716,-0.048601864181091914,-0.04969396775863422,0.0010921035775423027,5.742762706652812,13
ADA,long,2024-01-11 00:00:00+00:00,2024-01-11 04:00:00+00:00,2024-01-13 08:00:00+00:00,0.5821,0.5487,-0.05737845730974056,-0.05925970512179901,0.0018812478120584508,9.988775255673833,13
DOT,long,2024-01-11 00:00:00+00:00,2024-01-11 04:00:00+00:00,2024-01-13 08:00:00+00:00,8.218,7.689,-0.06437089316135314,-0.06606222945948836,0.0016913362981352265,9.046674492363598,13
ETH,long,2024-01-08 20:00:00+00:00,2024-01-09 00:00:00+00:00,2024-01-13 16:00:00+00:00,2331.27,2563.97,0.09981683803248864,0.09870835832343094,0.001108479709057697,5.041924062981029,28
LINK,short,2024-01-13 00:00:00+00:00,2024-01-13 04:00:00+00:00,2024-01-14 16:00:00+00:00,14.034,15.219,-0.07786319731914049,-0.07906795405378209,0.0012047567346415988,6.536688716426203,9
SOL,short,2024-01-12 12:00:00+00:00,2024-01-12 16:00:00+00:00,2024-01-14 16:00:00+00:00,95.36,99.52,-0.041800643086816636,-0.042949970043891894,0.0011493269570752584,6.000925858297193,12
BNB,short,2024-01-13 00:00:00+00:00,2024-01-13 04:00:00+00:00,2024-01-14 20:00:00+00:00,296.1,304.1,-0.026307135810588633,-0.02756354171408837,0.0012564059034997355,6.455921962584254,10
XRP,short,2024-01-13 00:00:00+00:00,2024-01-13 04:00:00+00:00,2024-01-15 12:00:00+00:00,0.5716,0.5789,-0.01261012264639827,-0.013743540904106677,0.0011334182577084073,5.742762706652812,14
SOL,long,2024-01-14 12:00:00+00:00,2024-01-14 16:00:00+00:00,2024-01-15 20:00:00+00:00,99.52,96.03,-0.0350683279742765,-0.03622573011026575,0.0011574021359892495,6.000925858297193,7
XRP,long,2024-01-15 08:00:00+00:00,2024-01-15 12:00:00+00:00,2024-01-15 20:00:00+00:00,0.5789,0.5809,0.0034548281223010235,0.002302969014703171,0.0011518591075978524,5.742762706652812,2
SOL,short,2024-01-15 16:00:00+00:00,2024-01-15 20:00:00+00:00,2024-01-16 12:00:00+00:00,96.03,96.71,-0.007031330782752532,-0.008222362326270716,0.001191031543518184,6.000925858297193,4
BTC,short,2024-01-12 12:00:00+00:00,2024-01-12 16:00:00+00:00,2024-01-16 16:00:00+00:00,44474.6,43256.2,0.028167060444514336,0.027136745028773168,0.0010303154157411676,5.012959217987713,24
ETH,short,2024-01-13 12:00:00+00:00,2024-01-13 16:00:00+00:00,2024-01-16 20:00:00+00:00,2563.97,2574.57,-0.0041171923855246595,-0.005120919412303859,0.0010037270267791998,5.041924062981029,19
ADA,short,2024-01-13 04:00:00+00:00,2024-01-13 08:00:00+00:00,2024-01-17 04:00:00+00:00,0.5487,0.535,0.02560747663551388,0.023560608688973472,0.0020468679465404094,9.988775255673833,23
ADA,long,2024-01-17 00:00:00+00:00,2024-01-17 04:00:00+00:00,2024-01-17 12:00:00+00:00,0.535,0.5324,-0.004859813084112208,-0.006845875585913097,0.0019860625018008893,9.988775255673833,2
BNB,long,2024-01-14 16:00:00+00:00,2024-01-14 20:00:00+00:00,2024-01-17 20:00:00+00:00,304.1,308.0,0.012824728707661937,0.01151782894988429,0.0013068997577776464,6.455921962584254,18
BTC,long,2024-01-16 12:00:00+00:00,2024-01-16 16:00:00+00:00,2024-01-17 20:00:00+00:00,43256.2,42626.1,-0.014566697953125707,-0.015554190318271877,0.0009874923651461698,5.012959217987713,7
AVAX,short,2024-01-13 00:00:00+00:00,2024-01-13 04:00:00+00:00,2024-01-18 04:00:00+00:00,35.471,35.711,-0.006720618296883418,-0.008251220461080622,0.0015306021641972034,7.710732744665526,30
ETH,long,2024-01-16 16:00:00+00:00,2024-01-16 20:00:00+00:00,2024-01-18 08:00:00+00:00,2574.57,2538.51,-0.014006222398303403,-0.014999982502652776,0.0009937601043493727,5.041924062981029,9
AVAX,long,2024-01-18 00:00:00+00:00,2024-01-18 04:00:00+00:00,2024-01-18 16:00:00+00:00,35.711,35.223,-0.01366525720366274,-0.015185157968499285,0.001519900764836546,7.710732744665526,3
LINK,long,2024-01-14 12:00:00+00:00,2024-01-14 16:00:00+00:00,2024-01-18 20:00:00+00:00,15.219,14.32,-0.05907089821933109,-0.06030020678710002,0.0012293085677689275,6.536688716426203,25
SOL,long,2024-01-16 08:00:00+00:00,2024-01-16 12:00:00+00:00,2024-01-19 00:00:00+00:00,96.71,94.4,-0.023885844276703372,-0.02505665941476576,0.0011708151380623866,6.000925858297193,15
BNB,short,2024-01-17 16:00:00+00:00,2024-01-17 20:00:00+00:00,2024-01-19 20:00:00+00:00,308.0,313.2,-0.016602809706257937,-0.01787173760006422,0.001268927893806282,6.455921962584254,12
LINK,short,2024-01-18 16:00:00+00:00,2024-01-18 20:00:00+00:00,2024-01-20 04:00:00+00:00,14.32,16.005,-0.10527960012496085,-0.10644853777524987,0.0011689376502890259,6.536688716426203,8
ADA,short,2024-01-17 08:00:00+00:00,2024-01-17 12:00:00+00:00,2024-01-20 20:00:00+00:00,0.5324,0.5108,0.04228660924040706,0.040206453722663404,0.0020801555177436537,9.988775255673833,20
XRP,short,2024-01-15 16:00:00+00:00,2024-01-15 20:00:00+00:00,2024-01-21 12:00:00+00:00,0.5809,0.5524,0.05159304851556845,0.050385931865698064,0.0012071166498703878,5.742762706652812,34
BTC,short,2024-01-17 16:00:00+00:00,2024-01-17 20:00:00+00:00,2024-01-21 16:00:00+00:00,42626.1,41658.1,0.023236777481450144,0.022211402650499368,0.001025374830950776,5.012959217987713,23
LINK,long,2024-01-20 00:00:00+00:00,2024-01-20 04:00:00+00:00,2024-01-22 00:00:00+00:00,16.005,15.398,-0.0379256482349265,-0.039182582727883886,0.0012569344929573845,6.536688716426203,11
ADA,long,2024-01-20 16:00:00+00:00,2024-01-20 20:00:00+00:00,2024-01-22 08:00:00+00:00,0.5108,0.4977,-0.02564604541895077,-0.027590623557908533,0.0019445781389577643,9.988775255673833,9
BTC,long,2024-01-21 12:00:00+00:00,2024-01-21 16:00:00+00:00,2024-01-22 08:00:00+00:00,41658.1,41043.9,-0.014743831331721746,-0.015731146193369017,0.0009873148616472704,5.012959217987713,4
XRP,long,2024-01-21 08:00:00+00:00,2024-01-21 12:00:00+00:00,2024-01-22 08:00:00+00:00,0.5524,0.5371,-0.027697320782042012,-0.02881342054559044,0.0011160997635484282,5.742762706652812,5
BNB,long,2024-01-19 16:00:00+00:00,2024-01-19 20:00:00+00:00,2024-01-22 20:00:00+00:00,313.2,306.3,-0.022030651340996132,-0.023292575412011907,0.0012619240710157742,6.455921962584254,18
AVAX,short,2024-01-18 12:00:00+00:00,2024-01-18 16:00:00+00:00,2024-01-24 20:00:00+00:00,35.223,30.663,0.14871343312787388,0.1469433135631515,0.0017701195647223944,7.710732744665526,37
SOL,short,2024-01-18 20:00:00+00:00,2024-01-19 00:00:00+00:00,2024-01-25 00:00:00+00:00,94.4,88.76,0.06354213609734116,0.06226645412345655,0.0012756819738846126,6.000925858297193,36
BTC,short,2024-01-22 04:00:00+00:00,2024-01-22 08:00:00+00:00,2024-01-25 08:00:00+00:00,41043.9,40124.0,0.022926428072973737,0.02190136423990663,0.001025063833067108,5.012959217987713,18
DOT,short,2024-01-13 04:00:00+00:00,2024-01-13 08:00:00+00:00,2024-01-25 08:00:00+00:00,7.689,6.507,0.18165053019824806,0.17951446108835478,0.0021360691098932794,9.046674492363598,72
BNB,short,2024-01-22 16:00:00+00:00,2024-01-22 20:00:00+00:00,2024-01-26 16:00:00+00:00,306.3,302.7,0.01189296333002976,0.01058726587696679,0.0013056974530629706,6.455921962584254,23
ADA,short,2024-01-22 04:00:00+00:00,2024-01-22 08:00:00+00:00,2024-01-26 20:00:00+00:00,0.4977,0.483,0.0304347826086957,0.028378280510601428,0.0020565020980942705,9.988775255673833,27
XRP,short,2024-01-22 04:00:00+00:00,2024-01-22 08:00:00+00:00,2024-01-26 20:00:00+00:00,0.5371,0.5324,0.008827948910593575,0.007669922033463283,0.0011580268771302915,5.742762706652812,27
ETH,short,2024-01-18 04:00:00+00:00,2024-01-18 08:00:00+00:00,2024-01-27 00:00:00+00:00,2538.51,2267.74,0.11940081314436424,0.11827259520409994,0.0011282179402642978,5.041924062981029,52
LINK,short,2024-01-21 20:00:00+00:00,2024-01-22 00:00:00+00:00,2024-01-27 00:00:00+00:00,15.398,14.186,0.08543634569293679,0.08401824076132924,0.0014181049316075445,6.536688716426203,30
XRP,long,2024-01-26 16:00:00+00:00,2024-01-26 20:00:00+00:00,2024-01-29 08:00:00+00:00,0.5324,0.525,-0.013899323816679132,-0.015031262208958895,0.0011319383922797632,5.742762706652812,15
ETH,long,2024-01-26 20:00:00+00:00,2024-01-27 00:00:00+00:00,2024-01-29 16:00:00+00:00,2267.74,2276.01,0.0036468025435016926,0.0026352503675317607,0.001011552175969932,5.041924062981029,16
ETH,short,2024-01-29 12:00:00+00:00,2024-01-29 16:00:00+00:00,2024-01-30 00:00:00+00:00,2276.01,2317.22,-0.017784241461751393,-0.01877419378890799,0.0009899523271565958,5.041924062981029,2
XRP,short,2024-01-29 04:00:00+00:00,2024-01-29 08:00:00+00:00,2024-01-30 00:00:00+00:00,0.525,0.5351,-0.01887497663988036,-0.020001203513454913,0.001126226873574554,5.742762706652812,4
XRP,long,2024-01-29 20:00:00+00:00,2024-01-30 00:00:00+00:00,2024-01-31 00:00:00+00:00,0.5351,0.5107,-0.04559895346664167,-0.04669450406537412,0.0010955505987324532,5.742762706652812,6
AVAX,long,2024-01-24 16:00:00+00:00,2024-01-24 20:00:00+00:00,2024-01-31 16:00:00+00:00,30.663,35.214,0.14841991977301627,0.14665025250015096,0.0017696672728653162,7.710732744665526,41
BNB,long,2024-01-26 12:00:00+00:00,2024-01-26 16:00:00+00:00,2024-01-31 16:00:00+00:00,302.7,304.7,0.006607201850016509,0.00530832488642452,0.0012988769635919883,6.455921962584254,30
DOT,long,2024-01-25 04:00:00+00:00,2024-01-25 08:00:00+00:00,2024-01-31 16:00:00+00:00,6.507,6.791,0.04364530505609365,0.04175870792704073,0.0018865971290529249,9.046674492363598,38
ADA,long,2024-01-26 16:00:00+00:00,2024-01-26 20:00:00+00:00,2024-01-31 20:00:00+00:00,0.483,0.5124,0.060869565217391175,0.058752322550998715,0.0021172426663924604,9.988775255673833,30
SOL,long,2024-01-24 20:00:00+00:00,2024-01-25 00:00:00+00:00,2024-02-01 04:00:00+00:00,88.76,93.64,0.05497972059486256,0.05371430894195384,0.0012654116529087212,6.000925858297193,43
BTC,long,2024-01-25 04:00:00+00:00,2024-01-25 08:00:00+00:00,2024-02-01 08:00:00+00:00,40124.0,42186.3,0.05139816568637223,0.05034457062398978,0.0010535950623824508,5.012959217987713,42
ETH,long,2024-01-29 20:00:00+00:00,2024-01-30 00:00:00+00:00,2024-02-01 08:00:00+00:00,2317.22,2271.69,-0.019648544376451027,-0.020636617716233374,0.0009880733397823471,5.041924062981029,14
BTC,short,2024-02-01 04:00:00+00:00,2024-02-01 08:00:00+00:00,2024-02-02 12:00:00+00:00,42186.3,43151.4,-0.022365438896536305,-0.023345116225268137,0.0009796773287318317,5.012959217987713,7
ADA,short,2024-01-31 16:00:00+00:00,2024-01-31 20:00:00+00:00,2024-02-02 16:00:00+00:00,0.5124,0.5178,-0.010428736964078977,-0.01240368522183799,0.0019749482577590127,9.988775255673833,11
AVAX,short,2024-01-31 12:00:00+00:00,2024-01-31 16:00:00+00:00,2024-02-02 16:00:00+00:00,35.214,36.596,-0.03776369002076729,-0.039246456104160665,0.001482766083393372,7.710732744665526,12
DOT,short,2024-01-31 12:00:00+00:00,2024-01-31 16:00:00+00:00,2024-02-02 16:00:00+00:00,6.791,6.992,-0.0287471395881006,-0.03050287292888232,0.0017557333407817177,9.046674492363598,12
ETH,short,2024-02-01 04:00:00+00:00,2024-02-01 08:00:00+00:00,2024-02-02 16:00:00+00:00,2271.69,2314.19,-0.01836495706921215,-0.019354324106668264,0.0009893670374561125,5.041924062981029,8
SOL,short,2024-02-01 00:00:00+00:00,2024-02-01 04:00:00+00:00,2024-02-02 16:00:00+00:00,93.64,101.3,-0.07561697926949651,-0.07672574470199567,0.0011087654324991592,6.000925858297193,9
XRP,short,2024-01-30 20:00:00+00:00,2024-01-31 00:00:00+00:00,2024-02-03 04:00:00+00:00,0.5107,0.5076,0.006107171000788059,0.004952267286482126,0.0011549037143059326,5.742762706652812,19
BNB,short,2024-01-31 12:00:00+00:00,2024-01-31 16:00:00+00:00,2024-02-03 12:00:00+00:00,304.7,301.4,0.010948905109489093,0.009644425823227332,0.0013044792862617616,6.455921962584254,17
BNB,long,2024-02-03 08:00:00+00:00,2024-02-03 12:00:00+00:00,2024-02-03 20:00:00+00:00,301.4,300.3,-0.0036496350364962904,-0.004935277076747235,0.001285642040250945,6.455921962584254,2
SOL,long,2024-02-02 12:00:00+00:00,2024-02-02 16:00:00+00:00,2024-02-04 00:00:00+00:00,101.3,97.95,-0.03307008884501472,-0.034229887799663294,0.001159798954648572,6.000925858297193,8
ETH,long,2024-02-02 12:00:00+00:00,2024-02-02 16:00:00+00:00,2024-02-04 04:00:00+00:00,2314.19,2303.11,-0.0047878523371027715,-0.005790903421377336,0.0010030510842745644,5.041924062981029,9
BTC,long,2024-02-02 08:00:00+00:00,2024-02-02 12:00:00+00:00,2024-02-04 12:00:00+00:00,43151.4,43060.3,-0.0021111713640808993,-0.0031111452816415808,0.0009999739175606814,5.012959217987713,12
DOT,long,2024-02-02 12:00:00+00:00,2024-02-02 16:00:00+00:00,2024-02-04 12:00:00+00:00,6.992,6.806,-0.026601830663615544,-0.02836144207833513,0.0017596114147195863,9.046674492363598,11
ADA,long,2024-02-02 12:00:00+00:00,2024-02-02 16:00:00+00:00,2024-02-04 16:00:00+00:00,0.5178,0.5047,-0.025299343375820738,-0.027244613449378452,0.0019452700735577144,9.988775255673833,12
BNB,short,2024-02-03 16:00:00+00:00,2024-02-03 20:00:00+00:00,2024-02-05 00:00:00+00:00,300.3,304.6,-0.014116874589625739,-0.015389010213170407,0.001272135623544668,6.455921962584254,7
AVAX,long,2024-02-02 12:00:00+00:00,2024-02-02 16:00:00+00:00,2024-02-05 04:00:00+00:00,36.596,34.933,-0.045442124822384855,-0.04691305875750107,0.0014709339351162143,7.710732744665526,15
XRP,long,2024-02-03 00:00:00+00:00,2024-02-03 04:00:00+00:00,2024-02-05 04:00:00+00:00,0.5076,0.5057,-0.0037431048069346273,-0.00488670145530834,0.0011435966483737126,5.742762706652812,12
DOT,short,2024-02-04 08:00:00+00:00,2024-02-04 12:00:00+00:00,2024-02-05 16:00:00+00:00,6.806,6.796,0.001471453796350719,-0.0003389056815360503,0.0018103594778867693,9.046674492363598,7
ETH,short,2024-02-04 00:00:00+00:00,2024-02-04 04:00:00+00:00,2024-02-05 16:00:00+00:00,2303.11,2298.0,0.0022236727589208805,0.0012135549222291875,0.001010117836691693,5.041924062981029,9
DOT,long,2024-02-05 12:00:00+00:00,2024-02-05 16:00:00+00:00,2024-02-06 04:00:00+00:00,6.796,6.754,-0.006180105944673442,-0.007976633701600844,0.0017965277569274019,9.046674492363598,3
BNB,long,2024-02-04 20:00:00+00:00,2024-02-05 00:00:00+00:00,2024-02-06 08:00:00+00:00,304.6,301.4,-0.010505581089954141,-0.011782376550947715,0.0012767954609935739,6.455921962584254,8
BTC,short,2024-02-04 08:00:00+00:00,2024-02-04 12:00:00+00:00,2024-02-06 20:00:00+00:00,43060.3,43278.4,-0.005039465414617861,-0.006036504919456842,0.0009970395048389813,5.012959217987713,14
LINK,long,2024-01-26 20:00:00+00:00,2024-01-27 00:00:00+00:00,2024-02-07 08:00:00+00:00,14.186,18.397,0.29684195685887493,0.29514765393467823,0.0016943029241967,6.536688716426203,68
BNB,short,2024-02-06 04:00:00+00:00,2024-02-06 08:00:00+00:00,2024-02-07 20:00:00+00:00,301.4,306.8,-0.017601043024771945,-0.01886868284686638,0.0012676398220944352,6.455921962584254,9
AVAX,short,2024-02-05 00:00:00+00:00,2024-02-05 04:00:00+00:00,2024-02-08 04:00:00+00:00,34.933,35.491,-0.015722295793299756,-0.017239026747330688,0.0015167309540309315,7.710732744665526,18
DOT,short,2024-02-06 00:00:00+00:00,2024-02-06 04:00:00+00:00,2024-02-08 04:00:00+00:00,6.754,6.959,-0.029458255496479402,-0.031212703353366678,0.0017544478568872757,9.046674492363598,12
SOL,short,2024-02-03 20:00:00+00:00,2024-02-04 00:00:00+00:00,2024-02-08 04:00:00+00:00,97.95,101.79,-0.03772472737989985,-0.03887894325676289,0.0011542158768630406,6.000925858297193,25
XRP,short,2024-02-05 00:00:00+00:00,2024-02-05 04:00:00+00:00,2024-02-08 04:00:00+00:00,0.5057,0.5139,-0.015956411753259347,-0.017085988828010268,0.0011295770747509204,5.742762706652812,18
ADA,short,2024-02-04 12:00:00+00:00,2024-02-04 16:00:00+00:00,2024-02-08 08:00:00+00:00,0.5047,0.5279,-0.04394771737071412,-0.045855769736859564,0.0019080523661454407,9.988775255673833,22
LINK,short,2024-02-07 04:00:00+00:00,2024-02-07 08:00:00+00:00,2024-02-08 12:00:00+00:00,18.397,18.696,-0.01599272571673105,-0.017278315216231133,0.0012855894995000838,6.536688716426203,7
LINK,long,2024-02-08 08:00:00+00:00,2024-02-08 12:00:00+00:00,2024-02-09 04:00:00+00:00,18.696,18.251,-0.023801882755669634,-0.02507726971851032,0.0012753869628406855,6.536688716426203,4
LINK,short,2024-02-09 00:00:00+00:00,2024-02-09 04:00:00+00:00,2024-02-11 04:00:00+00:00,18.251,19.621,-0.06982314866724415,-0.07103840959468244,0.0012152609274382886,6.536688716426203,12
BNB,long,2024-02-07 16:00:00+00:00,2024-02-07 20:00:00+00:00,2024-02-12 08:00:00+00:00,306.8,318.0,0.03650586701434144,0.03516841026773898,0.0013374567466024612,6.455921962584254,27
DOT,long,2024-02-08 00:00:00+00:00,2024-02-08 04:00:00+00:00,2024-02-12 08:00:00+00:00,6.959,7.099,0.020117833021985998,0.018273766493107857,0.001844066528878141,9.046674492363598,25
ADA,long,2024-02-08 04:00:00+00:00,2024-02-08 08:00:00+00:00,2024-02-12 12:00:00+00:00,0.5279,0.535,0.013449516953968566,0.01142691339564128,0.002022603558327285,9.988775255673833,25
SOL,long,2024-02-08 00:00:00+00:00,2024-02-08 04:00:00+00:00,2024-02-12 12:00:00+00:00,101.79,104.25,0.02416740347774815,0.022938950132541658,0.0012284533452064927,6.000925858297193,26
XRP,long,2024-02-08 00:00:00+00:00,2024-02-08 04:00:00+00:00,2024-02-12 16:00:00+00:00,0.5139,0.5278,0.02704806382564695,0.025869122200071537,0.0011789416255754137,5.742762706652812,27
ADA,short,2024-02-12 08:00:00+00:00,2024-02-12 12:00:00+00:00,2024-02-13 00:00:00+00:00,0.535,0.5594,-0.04361816231676796,-0.04552687239621189,0.0019087100794439316,9.988775255673833,3
BNB,short,2024-02-12 04:00:00+00:00,2024-02-12 08:00:00+00:00,2024-02-13 04:00:00+00:00,318.0,326.9,-0.02722545120832054,-0.02848067216230543,0.0012552209539848924,6.455921962584254,5
DOT,short,2024-02-12 04:00:00+00:00,2024-02-12 08:00:00+00:00,2024-02-13 04:00:00+00:00,7.099,7.3,-0.027534246575342425,-0.02929217246225513,0.0017579258869127035,9.046674492363598,5
SOL,short,2024-02-12 08:00:00+00:00,2024-02-12 12:00:00+00:00,2024-02-13 04:00:00+00:00,104.25,113.1,-0.07824933687002644,-0.07935494488071237,0.0011056080106859323,6.000925858297193,4
XRP,short,2024-02-12 12:00:00+00:00,2024-02-12 16:00:00+00:00,2024-02-13 04:00:00+00:00,0.5278,0.5286,-0.0015134317063940639,-0.00265958778165587,0.001146156075261806,5.742762706652812,3
LINK,long,2024-02-11 00:00:00+00:00,2024-02-11 04:00:00+00:00,2024-02-14 00:00:00+00:00,19.621,19.874,0.012894347892564051,0.011571017901226277,0.0013233299913377738,6.536688716426203,17
ADA,long,2024-02-12 20:00:00+00:00,2024-02-13 00:00:00+00:00,2024-02-14 04:00:00+00:00,0.5594,0.5463,-0.023417947801215644,-0.02536697269168342,0.0019490248904677765,9.988775255673833,7
XRP,long,2024-02-13 00:00:00+00:00,2024-02-13 04:00:00+00:00,2024-02-14 04:00:00+00:00,0.5286,0.5251,-0.006621263715474779,-0.007761556544425008,0.001140292828950229,5.742762706652812,6
AVAX,long,2024-02-08 00:00:00+00:00,2024-02-08 04:00:00+00:00,2024-02-14 08:00:00+00:00,35.491,39.905,0.1243695584796145,0.12263695181197654,0.0017326066676379703,7.710732744665526,37
ADA,short,2024-02-14 00:00:00+00:00,2024-02-14 04:00:00+00:00,2024-02-14 16:00:00+00:00,0.5463,0.5747,-0.04941708717591786,-0.051314223984213814,0.0018971368082959517,9.988775255673833,3
AVAX,short,2024-02-14 04:00:00+00:00,2024-02-14 08:00:00+00:00,2024-02-14 16:00:00+00:00,39.905,41.698,-0.04299966425248214,-0.04447436191762555,0.0014746976651434096,7.710732744665526,2
XRP,short,2024-02-14 00:00:00+00:00,2024-02-14 04:00:00+00:00,2024-02-14 20:00:00+00:00,0.5251,0.5388,-0.025426874536005784,-0.026545580529664048,0.0011187059936582644,5.742762706652812,4
LINK,short,2024-02-13 20:00:00+00:00,2024-02-14 00:00:00+00:00,2024-02-15 00:00:00+00:00,19.874,20.251,-0.018616364623969317,-0.019898526381909254,0.001282161757939937,6.536688716426203,6
LINK,long,2024-02-14 20:00:00+00:00,2024-02-15 00:00:00+00:00,2024-02-15 20:00:00+00:00,20.251,20.068,-0.00903659078564023,-0.010331268362290036,0.0012946775766498053,6.536688716426203,5
SOL,long,2024-02-13 00:00:00+00:00,2024-02-13 04:00:00+00:00,2024-02-16 12:00:00+00:00,113.1,112.1,-0.008841732979664063,-0.010030593008420796,0.001188860028756733,6.000925858297193,20
AVAX,long,2024-02-14 12:00:00+00:00,2024-02-14 16:00:00+00:00,2024-02-16 16:00:00+00:00,41.698,40.083,-0.038730874382464475,-0.04021215007503298,0.0014812756925685067,7.710732744665526,12
DOT,long,2024-02-13 00:00:00+00:00,2024-02-13 04:00:00+00:00,2024-02-17 08:00:00+00:00,7.3,7.666,0.05013698630136987,0.04823865416317119,0.0018983321381986773,9.046674492363598,25
ADA,long,2024-02-14 12:00:00+00:00,2024-02-14 16:00:00+00:00,2024-02-17 20:00:00+00:00,0.5747,0.5871,0.021576474682442948,0.019537651654526922,0.0020388230279160258,9.988775255673833,19
BTC,long,2024-02-06 16:00:00+00:00,2024-02-06 20:00:00+00:00,2024-02-17 20:00:00+00:00,43278.4,51399.9,0.18765712225960285,0.18646698352752789,0.0011901387320749635,5.012959217987713,66
ETH,long,2024-02-05 12:00:00+00:00,2024-02-05 16:00:00+00:00,2024-02-17 20:00:00+00:00,2298.0,2774.44,0.20732811140121843,0.20611127359024506,0.0012168378109733702,5.041924062981029,73
XRP,long,2024-02-14 16:00:00+00:00,2024-02-14 20:00:00+00:00,2024-02-18 00:00:00+00:00,0.5388,0.5497,0.020230141054194517,0.019059025676716246,0.0011711153774782712,5.742762706652812,19
ADA,short,2024-02-17 16:00:00+00:00,2024-02-17 20:00:00+00:00,2024-02-18 08:00:00+00:00,0.5871,0.6247,-0.060188890667520534,-0.06206452952480135,0.0018756388572808147,9.988775255673833,3
BNB,long,2024-02-13 00:00:00+00:00,2024-02-13 04:00:00+00:00,2024-02-18 08:00:00+00:00,326.9,355.3,0.08687672070969721,0.08547426786393975,0.0014024528457574625,6.455921962584254,31
LINK,short,2024-02-15 16:00:00+00:00,2024-02-15 20:00:00+00:00,2024-02-18 08:00:00+00:00,20.068,19.988,0.004002401440864611,0.0026906886329429724,0.001311712807921639,6.536688716426203,15
DOT,short,2024-02-17 04:00:00+00:00,2024-02-17 08:00:00+00:00,2024-02-18 12:00:00+00:00,7.666,7.774,-0.013892462052997101,-0.015675048187400398,0.0017825861344032967,9.046674492363598,7
ETH,short,2024-02-17 16:00:00+00:00,2024-02-17 20:00:00+00:00,2024-02-18 20:00:00+00:00,2774.44,2828.02,-0.018946117778516403,-0.019934899077664547,0.0009887812991481448,5.041924062981029,6
SOL,short,2024-02-16 08:00:00+00:00,2024-02-16 12:00:00+00:00,2024-02-19 00:00:00+00:00,112.1,112.26,-0.0014252627828257314,-0.0026230186108355813,0.00119775582800985,6.000925858297193,15
BTC,short,2024-02-17 16:00:00+00:00,2024-02-17 20:00:00+00:00,2024-02-19 04:00:00+00:00,51399.9,52079.7,-0.01305307058220373,-0.014042079737445423,0.0009890091552416935,5.012959217987713,8
XRP,short,2024-02-17 20:00:00+00:00,2024-02-18 00:00:00+00:00,2024-02-19 04:00:00+00:00,0.5497,0.5598,-0.01804215791354058,-0.019169340774178867,0.0011271828606382872,5.742762706652812,7
AVAX,short,2024-02-16 12:00:00+00:00,2024-02-16 16:00:00+00:00,2024-02-19 08:00:00+00:00,40.083,40.505,-0.010418466855943831,-0.011943370789500696,0.0015249039335568648,7.710732744665526,16
AVAX,long,2024-02-19 04:00:00+00:00,2024-02-19 08:00:00+00:00,2024-02-20 00:00:00+00:00,40.505,39.516,-0.02441673867423788,-0.025920071853850812,0.0015033331796129312,7.710732744665526,4
LINK,long,2024-02-18 04:00:00+00:00,2024-02-18 08:00:00+00:00,2024-02-20 08:00:00+00:00,19.988,19.592,-0.019811887132279438,-0.02109248695950683,0.001280599827227391,6.536688716426203,12
BNB,short,2024-02-18 04:00:00+00:00,2024-02-18 08:00:00+00:00,2024-02-20 12:00:00+00:00,355.3,357.9,-0.007264599050013865,-0.008545576516563402,0.0012809774665495377,6.455921962584254,13
SOL,long,2024-02-18 20:00:00+00:00,2024-02-19 00:00:00+00:00,2024-02-20 12:00:00+00:00,112.26,110.4,-0.01656867985034738,-0.017748271673829086,0.001179591823481707,6.000925858297193,9
DOT,long,2024-02-18 08:00:00+00:00,2024-02-18 12:00:00+00:00,2024-02-21 00:00:00+00:00,7.774,7.731,-0.005531258039619291,-0.007328958718600731,0.0017977006789814398,9.046674492363598,15
ADA,long,2024-02-18 04:00:00+00:00,2024-02-18 08:00:00+00:00,2024-02-21 04:00:00+00:00,0.6247,0.6122,-0.02000960461021306,-0.02196543174090171,0.0019558271306886477,9.988775255673833,17
XRP,long,2024-02-19 00:00:00+00:00,2024-02-19 04:00:00+00:00,2024-02-21 12:00:00+00:00,0.5598,0.5391,-0.036977491961414644,-0.03808293907833338,0.001105447116918734,5.742762706652812,14
BTC,long,2024-02-19 00:00:00+00:00,2024-02-19 04:00:00+00:00,2024-02-21 16:00:00+00:00,52079.7,51164.2,-0.0175788262989226,-0.018563300241880132,0.000984473942957531,5.012959217987713,15
ETH,long,2024-02-18 16:00:00+00:00,2024-02-18 20:00:00+00:00,2024-02-23 20:00:00+00:00,2828.02,2946.0,0.04171823395874141,0.04066831047606012,0.001049923482681292,5.041924062981029,30
DOT,short,2024-02-20 20:00:00+00:00,2024-02-21 00:00:00+00:00,2024-02-24 08:00:00+00:00,7.731,7.794,-0.008083140877598094,-0.009876228519168695,0.001793087641570601,9.046674492363598,20
ETH,short,2024-02-23 16:00:00+00:00,2024-02-23 20:00:00+00:00,2024-02-25 00:00:00+00:00,2946.0,2993.11,-0.015739481676249834,-0.016731494869046792,0.0009920131927969589,5.041924062981029,7
LINK,short,2024-02-20 04:00:00+00:00,2024-02-20 08:00:00+00:00,2024-02-25 00:00:00+00:00,19.592,18.533,0.05714131549128565,0.055760177556433144,0.0013811379348525055,6.536688716426203,28
XRP,short,2024-02-21 08:00:00+00:00,2024-02-21 12:00:00+00:00,2024-02-25 00:00:00+00:00,0.5391,0.545,-0.010825688073394568,-0.011961154671653373,0.0011354665982588052,5.742762706652812,21
ADA,short,2024-02-21 00:00:00+00:00,2024-02-21 04:00:00+00:00,2024-02-25 04:00:00+00:00,0.6122,0.5965,0.02632020117351197,0.024271910798757235,0.0020482903747547354,9.988775255673833,24
BTC,short,2024-02-21 12:00:00+00:00,2024-02-21 16:00:00+00:00,2024-02-25 04:00:00+00:00,51164.2,51639.9,-0.009211869116710236,-0.010204727499608879,0.0009928583828986426,5.012959217987713,21
SOL,short,2024-02-20 08:00:00+00:00,2024-02-20 12:00:00+00:00,2024-02-25 04:00:00+00:00,110.4,103.4,0.06769825918762096,0.0664175920879686,0.001280667099652355,6.000925858297193,28
AVAX,short,2024-02-19 20:00:00+00:00,2024-02-20 00:00:00+00:00,2024-02-25 08:00:00+00:00,39.516,36.902,0.07083626903690843,0.06918615493902158,0.0016501140978868456,7.710732744665526,32
ADA,long,2024-02-25 00:00:00+00:00,2024-02-25 04:00:00+00:00,2024-02-26 08:00:00+00:00,0.5965,0.5839,-0.021123218776194608,-0.023076823398571866,0.0019536046223772585,9.988775255673833,7
XRP,long,2024-02-24 20:00:00+00:00,2024-02-25 00:00:00+00:00,2024-02-26 12:00:00+00:00,0.545,0.5308,-0.0260550458715596,-0.02717303079152944,0.0011179849199698388,5.742762706652812,9
ADA,short,2024-02-26 04:00:00+00:00,2024-02-26 08:00:00+00:00,2024-02-27 00:00:00+00:00,0.5839,0.6195,-0.05746569814366431,-0.05934677184382264,0.001881073700158331,9.988775255673833,4
XRP,short,2024-02-26 08:00:00+00:00,2024-02-26 12:00:00+00:00,2024-02-27 04:00:00+00:00,0.5308,0.5532,-0.04049168474331155,-0.04159309794176336,0.001101413198451806,5.742762706652812,4
BNB,long,2024-02-20 08:00:00+00:00,2024-02-20 12:00:00+00:00,2024-03-01 16:00:00+00:00,357.9,402.9,0.1257334450963956,0.12428085342380113,0.0014525916725944832,6.455921962584254,61
DOT,long,2024-02-24 04:00:00+00:00,2024-02-24 08:00:00+00:00,2024-03-01 20:00:00+00:00,7.794,8.376,0.07467282525019248,0.07273013968741981,0.0019426855627726614,9.046674492363598,39
DOT,short,2024-03-01 16:00:00+00:00,2024-03-01 20:00:00+00:00,2024-03-02 04:00:00+00:00,8.376,8.958,-0.06496985934360355,-0.06666011289085183,0.0016902535472482771,9.046674492363598,2
BNB,short,2024-03-01 12:00:00+00:00,2024-03-01 16:00:00+00:00,2024-03-02 08:00:00+00:00,402.9,409.5,-0.01611721611721617,-0.017386770597366485,0.0012695544801503145,6.455921962584254,4
SOL,long,2024-02-25 00:00:00+00:00,2024-02-25 04:00:00+00:00,2024-03-03 16:00:00+00:00,103.4,129.37,0.25116054158607337,0.24965981782989588,0.001500723756177491,6.000925858297193,45
SOL,short,2024-03-03 12:00:00+00:00,2024-03-03 16:00:00+00:00,2024-03-04 04:00:00+00:00,129.37,129.0,0.0028682170542635443,0.0016653113458235946,0.0012029057084399497,6.000925858297193,3
AVAX,long,2024-02-25 04:00:00+00:00,2024-02-25 08:00:00+00:00,2024-03-04 08:00:00+00:00,36.902,42.994,0.16508590320307848,0.16329055434376682,0.0017953488593116518,7.710732744665526,48
LINK,long,2024-02-24 20:00:00+00:00,2024-02-25 00:00:00+00:00,2024-03-04 08:00:00+00:00,18.533,20.376,0.09944423460853602,0.09800782859789114,0.001436406010644875,6.536688716426203,50
AVAX,short,2024-03-04 04:00:00+00:00,2024-03-04 08:00:00+00:00,2024-03-04 16:00:00+00:00,42.994,43.516,-0.011995587829763732,-0.013518061485575772,0.00152247365581204,7.710732744665526,2
AVAX,long,2024-03-04 12:00:00+00:00,2024-03-04 16:00:00+00:00,2024-03-05 12:00:00+00:00,43.516,42.773,-0.017074179612096563,-0.018588827369459215,0.0015146477573626527,7.710732744665526,5
ADA,long,2024-02-26 20:00:00+00:00,2024-02-27 00:00:00+00:00,2024-03-06 00:00:00+00:00,0.6195,0.692,0.11702986279257455,0.11480053756477937,0.002229325227795176,9.988775255673833,48
BNB,long,2024-03-02 04:00:00+00:00,2024-03-02 08:00:00+00:00,2024-03-06 00:00:00+00:00,409.5,394.2,-0.03736263736263734,-0.03860477778476512,0.0012421404221277799,6.455921962584254,22
SOL,long,2024-03-04 00:00:00+00:00,2024-03-04 04:00:00+00:00,2024-03-06 00:00:00+00:00,129.0,125.28,-0.028837209302325584,-0.030002085449449267,0.0011648761471236835,6.000925858297193,11
XRP,long,2024-02-27 00:00:00+00:00,2024-02-27 04:00:00+00:00,2024-03-06 00:00:00+00:00,0.5532,0.5912,0.06869125090383221,0.06746450734142706,0.0012267435624051526,5.742762706652812,47
BTC,long,2024-02-25 00:00:00+00:00,2024-02-25 04:00:00+00:00,2024-03-06 08:00:00+00:00,51639.9,66710.5,0.2918402243226652,0.29054568479791243,0.0012945395247527802,5.012959217987713,61
DOT,long,2024-03-02 00:00:00+00:00,2024-03-02 04:00:00+00:00,2024-03-06 08:00:00+00:00,8.958,10.257,0.14501004688546537,0.14294021276009228,0.0020698341253730934,9.046674492363598,25
BTC,short,2024-03-06 04:00:00+00:00,2024-03-06 08:00:00+00:00,2024-03-06 20:00:00+00:00,66710.5,66772.5,-0.0009285259650305688,-0.0019296849991279341,0.0010011590340973653,5.012959217987713,3
DOT,short,2024-03-06 04:00:00+00:00,2024-03-06 08:00:00+00:00,2024-03-06 20:00:00+00:00,10.257,10.231,0.0025412960609911828,0.0007290026297437358,0.001812293431247447,9.046674492363598,3
BNB,short,2024-03-05 20:00:00+00:00,2024-03-06 00:00:00+00:00,2024-03-07 00:00:00+00:00,394.2,429.5,-0.08218859138533186,-0.08337289057709274,0.0011842991917608847,6.455921962584254,6
SOL,short,2024-03-05 20:00:00+00:00,2024-03-06 00:00:00+00:00,2024-03-07 04:00:00+00:00,125.28,138.27,-0.09394662616619665,-0.0950334058217902,0.0010867796555935616,6.000925858297193,7
ADA,short,2024-03-05 20:00:00+00:00,2024-03-06 00:00:00+00:00,2024-03-07 12:00:00+00:00,0.692,0.739,-0.06359945872801087,-0.06546829090476192,0.0018688321767510452,9.988775255673833,9
AVAX,short,2024-03-05 08:00:00+00:00,2024-03-05 12:00:00+00:00,2024-03-07 12:00:00+00:00,42.773,42.873,-0.0023324703193150498,-0.0038698344368107707,0.0015373641174957209,7.710732744665526,12
LINK,short,2024-03-04 04:00:00+00:00,2024-03-04 08:00:00+00:00,2024-03-07 12:00:00+00:00,20.376,19.934,0.022173171465837305,0.02083771884241603,0.0013354526234212738,6.536688716426203,19
XRP,short,2024-03-05 20:00:00+00:00,2024-03-06 00:00:00+00:00,2024-03-07 16:00:00+00:00,0.5912,0.6256,-0.05498721227621495,-0.05607198615524722,0.0010847738790322747,5.742762706652812,10
ADA,long,2024-03-07 08:00:00+00:00,2024-03-07 12:00:00+00:00,2024-03-09 00:00:00+00:00,0.739,0.7232,-0.021380243572395208,-0.023333335234571817,0.0019530916621766092,9.988775255673833,9
LINK,long,2024-03-07 08:00:00+00:00,2024-03-07 12:00:00+00:00,2024-03-09 04:00:00+00:00,19.934,20.058,0.006220527741547022,0.004905916987690384,0.0013146107538566376,6.536688716426203,10
LINK,short,2024-03-09 00:00:00+00:00,2024-03-09 04:00:00+00:00,2024-03-09 16:00:00+00:00,20.058,20.208,-0.007422802850356236,-0.008719588814696033,0.0012967859643397972,6.536688716426203,3
ADA,short,2024-03-08 20:00:00+00:00,2024-03-09 00:00:00+00:00,2024-03-10 00:00:00+00:00,0.7232,0.742,-0.02533692722371972,-0.027282122288879607,0.0019451950651598882,9.988775255673833,6
XRP,long,2024-03-07 12:00:00+00:00,2024-03-07 16:00:00+00:00,2024-03-10 04:00:00+00:00,0.6256,0.6225,-0.004955242966751872,-0.006097448209812728,0.0011422052430608565,5.742762706652812,15
ADA,long,2024-03-09 20:00:00+00:00,2024-03-10 00:00:00+00:00,2024-03-10 20:00:00+00:00,0.742,0.72,-0.02964959568733161,-0.031586183694681025,0.0019365880073494157,9.988775255673833,5
AVAX,long,2024-03-07 08:00:00+00:00,2024-03-07 12:00:00+00:00,2024-03-10 20:00:00+00:00,42.873,42.218,-0.015277680591514353,-0.01679509667905621,0.0015174160875418563,7.710732744665526,20
DOT,long,2024-03-06 16:00:00+00:00,2024-03-06 20:00:00+00:00,2024-03-10 20:00:00+00:00,10.231,10.28,0.0047893656534063744,0.0029730083878098945,0.00181635726559648,9.046674492363598,24
LINK,long,2024-03-09 12:00:00+00:00,2024-03-09 16:00:00+00:00,2024-03-10 20:00:00+00:00,20.208,19.855,-0.017468329374505043,-0.01875199102182623,0.0012836616473211881,6.536688716426203,7
SOL,long,2024-03-07 00:00:00+00:00,2024-03-07 04:00:00+00:00,2024-03-11 00:00:00+00:00,138.27,144.47,0.04483980617632155,0.04358655699972824,0.0012532491765933074,6.000925858297193,23
ETH,long,2024-02-24 20:00:00+00:00,2024-02-25 00:00:00+00:00,2024-03-11 04:00:00+00:00,2993.11,3868.34,0.2924149129166653,0.2911123181053199,0.0013025948113454255,5.041924062981029,91
LINK,short,2024-03-10 16:00:00+00:00,2024-03-10 20:00:00+00:00,2024-03-11 04:00:00+00:00,19.855,21.236,-0.06503107929930307,-0.06625260098743024,0.0012215216881271695,6.536688716426203,2
ETH,short,2024-03-11 00:00:00+00:00,2024-03-11 04:00:00+00:00,2024-03-11 12:00:00+00:00,3868.34,4034.78,-0.0412513197745602,-0.042217620181468685,0.0009663004069084824,5.041924062981029,2
AVAX,short,2024-03-10 16:00:00+00:00,2024-03-10 20:00:00+00:00,2024-03-11 16:00:00+00:00,42.218,46.714,-0.0962452369739264,-0.09763788542880458,0.001392648454878187,7.710732744665526,5
ADA,short,2024-03-10 16:00:00+00:00,2024-03-10 20:00:00+00:00,2024-03-11 20:00:00+00:00,0.72,0.7742,-0.07000774993541725,-0.07186379269110488,0.0018560427556876258,9.988775255673833,6
DOT,short,2024-03-10 16:00:00+00:00,2024-03-10 20:00:00+00:00,2024-03-11 20:00:00+00:00,10.28,11.042,-0.06900923745698251,-0.07069218902230734,0.0016829515653248306,9.046674492363598,6
SOL,short,2024-03-10 20:00:00+00:00,2024-03-11 00:00:00+00:00,2024-03-11 20:00:00+00:00,144.47,146.78,-0.01573783894263525,-0.01691842733102311,0.0011805883883878598,6.000925858297193,5
XRP,short,2024-03-10 00:00:00+00:00,2024-03-10 04:00:00+00:00,2024-03-11 20:00:00+00:00,0.6225,0.7312,-0.14865973741794303,-0.14963698522983981,0.0009772478118967864,5.742762706652812,10
LINK,long,2024-03-11 00:00:00+00:00,2024-03-11 04:00:00+00:00,2024-03-13 00:00:00+00:00,21.236,20.71,-0.02476925974759836,-0.0260433828481329,0.001274123100534541,6.536688716426203,11
ETH,long,2024-03-11 08:00:00+00:00,2024-03-11 12:00:00+00:00,2024-03-14 08:00:00+00:00,4034.78,3965.49,-0.01717317920679695,-0.018163747409331354,0.0009905682025344031,5.041924062981029,17
XRP,long,2024-03-11 16:00:00+00:00,2024-03-11 20:00:00+00:00,2024-03-14 12:00:00+00:00,0.7312,0.6857,-0.062226477024070026,-0.0633029409993594,0.0010764639752893768,5.742762706652812,16
LINK,short,2024-03-12 20:00:00+00:00,2024-03-13 00:00:00+00:00,2024-03-14 16:00:00+00:00,20.71,20.566,0.007001847709812381,0.005686216174124903,0.0013156315356874781,6.536688716426203,10
BTC,long,2024-03-06 16:00:00+00:00,2024-03-06 20:00:00+00:00,2024-03-15 00:00:00+00:00,66772.5,71404.6,0.06937137294544926,0.06829976712078722,0.0010716058246620364,5.012959217987713,49
ADA,long,2024-03-11 16:00:00+00:00,2024-03-11 20:00:00+00:00,2024-03-15 04:00:00+00:00,0.7742,0.7207,-0.06910359080341,-0.07096143804511013,0.001857847241700128,9.988775255673833,20
LINK,long,2024-03-14 12:00:00+00:00,2024-03-14 16:00:00+00:00,2024-03-15 08:00:00+00:00,20.566,19.587,-0.04760283963823786,-0.048847131038021185,0.001244291399783326,6.536688716426203,4
AVAX,long,2024-03-11 12:00:00+00:00,2024-03-11 16:00:00+00:00,2024-03-15 16:00:00+00:00,46.714,55.453,0.18707453868219392,0.18524530625127889,0.0018292324309150398,7.710732744665526,24
DOT,long,2024-03-11 16:00:00+00:00,2024-03-11 20:00:00+00:00,2024-03-15 16:00:00+00:00,11.042,10.415,-0.05678319145082422,-0.05848824403378716,0.0017050525829629404,9.046674492363598,23
AVAX,short,2024-03-15 12:00:00+00:00,2024-03-15 16:00:00+00:00,2024-03-16 00:00:00+00:00,55.453,58.421,-0.05080364937265702,-0.052266321421710615,0.0014626720490535927,7.710732744665526,2
BNB,long,2024-03-06 20:00:00+00:00,2024-03-07 00:00:00+00:00,2024-03-17 04:00:00+00:00,429.5,587.8,0.36856810244470295,0.3668021687437466,0.0017659337009563458,6.455921962584254,61
AVAX,long,2024-03-15 20:00:00+00:00,2024-03-16 00:00:00+00:00,2024-03-17 08:00:00+00:00,58.421,51.458,-0.11918659386179631,-0.12054389064105431,0.0013572967792579993,7.710732744665526,8
AVAX,short,2024-03-17 04:00:00+00:00,2024-03-17 08:00:00+00:00,2024-03-18 04:00:00+00:00,51.458,60.528,-0.14984800422944755,-0.15115805305215824,0.0013100488227106855,7.710732744665526,5
BTC,short,2024-03-14 20:00:00+00:00,2024-03-15 00:00:00+00:00,2024-03-18 12:00:00+00:00,71404.6,68268.5,0.04593773116444644,0.04488960794616492,0.0010481232182815159,5.012959217987713,21
LINK,short,2024-03-15 04:00:00+00:00,2024-03-15 08:00:00+00:00,2024-03-18 16:00:00+00:00,19.587,18.598,0.05317776104957517,0.05180180143413571,0.0013759596154394593,6.536688716426203,20
BTC,long,2024-03-18 08:00:00+00:00,2024-03-18 12:00:00+00:00,2024-03-19 04:00:00+00:00,68268.5,65884.0,-0.034928261203922784,-0.03589534946032724,0.0009670882564044581,5.012959217987713,4
LINK,long,2024-03-18 12:00:00+00:00,2024-03-18 16:00:00+00:00,2024-03-19 04:00:00+00:00,18.598,17.695,-0.04855360791482943,-0.0497966571513232,0.001243049236493765,6.536688716426203,3
SOL,long,2024-03-11 16:00:00+00:00,2024-03-11 20:00:00+00:00,2024-03-19 12:00:00+00:00,146.78,177.83,0.21154108189126597,0.21008788030542114,0.0014532015858448322,6.000925858297193,46
AVAX,long,2024-03-18 00:00:00+00:00,2024-03-18 04:00:00+00:00,2024-03-20 04:00:00+00:00,60.528,51.472,-0.14961670631773716,-0.1509271115608979,0.0013104052431607283,7.710732744665526,12
BNB,short,2024-03-17 00:00:00+00:00,2024-03-17 04:00:00+00:00,2024-03-21 08:00:00+00:00,587.8,549.6,0.0695050946142648,0.06812505726972162,0.0013800373445431724,6.455921962584254,25
BTC,short,2024-03-19 00:00:00+00:00,2024-03-19 04:00:00+00:00,2024-03-21 08:00:00+00:00,65884.0,66984.2,-0.01642476882608135,-0.017410399237914986,0.0009856304118336379,5.012959217987713,13
ETH,short,2024-03-14 04:00:00+00:00,2024-03-14 08:00:00+00:00,2024-03-21 08:00:00+00:00,3965.49,3517.21,0.12745329394605376,0.1263169600984242,0.001136333847629567,5.041924062981029,42
LINK,short,2024-03-19 00:00:00+00:00,2024-03-19 04:00:00+00:00,2024-03-21 08:00:00+00:00,17.695,18.143,-0.02469271895496883,-0.025966942054803877,0.0012742230998350479,6.536688716426203,13
ADA,short,2024-03-15 00:00:00+00:00,2024-03-15 04:00:00+00:00,2024-03-21 12:00:00+00:00,0.7207,0.6323,0.13980705361379098,0.1375322705447981,0.0022747830689928694,9.988775255673833,38
SOL,short,2024-03-19 08:00:00+00:00,2024-03-19 12:00:00+00:00,2024-03-21 12:00:00+00:00,177.83,189.14,-0.059796975785132545,-0.06092471676414457,0.0011277409790120263,6.000925858297193,12
XRP,short,2024-03-14 08:00:00+00:00,2024-03-14 12:00:00+00:00,2024-03-21 12:00:00+00:00,0.6857,0.6182,0.10918796505985129,0.10791473558924047,0.001273229470610815,5.742762706652812,42
DOT,short,2024-03-15 12:00:00+00:00,2024-03-15 16:00:00+00:00,2024-03-21 16:00:00+00:00,10.415,9.315,0.11808910359634983,0.11606793444754926,0.0020211691488005723,9.046674492363598,36
SOL,long,2024-03-21 08:00:00+00:00,2024-03-21 12:00:00+00:00,2024-03-22 12:00:00+00:00,189.14,172.1,-0.09009199534736168,-0.09118339849918067,0.0010914031518189926,6.000925858297193,6
DOT,long,2024-03-21 12:00:00+00:00,2024-03-21 16:00:00+00:00,2024-03-22 16:00:00+00:00,9.315,8.89,-0.045625335480407814,-0.04735055811438149,0.0017252226339736776,9.046674492363598,6
BTC,long,2024-03-21 04:00:00+00:00,2024-03-21 08:00:00+00:00,2024-03-22 20:00:00+00:00,66984.2,63867.5,-0.046528882930601534,-0.04748434632577769,0.0009554633951761593,5.012959217987713,9
ADA,long,2024-03-21 08:00:00+00:00,2024-03-21 12:00:00+00:00,2024-03-23 00:00:00+00:00,0.6323,0.6146,-0.027993041277874275,-0.029932935372786185,0.0019398940949119092,9.988775255673833,9
ETH,long,2024-03-21 04:00:00+00:00,2024-03-21 08:00:00+00:00,2024-03-23 00:00:00+00:00,3517.21,3337.91,-0.0509779057832771,-0.0519344029912745,0.0009564972079973977,5.041924062981029,10
XRP,long,2024-03-21 08:00:00+00:00,2024-03-21 12:00:00+00:00,2024-03-23 08:00:00+00:00,0.6182,0.6161,-0.0033969589129730915,-0.004540952899910855,0.0011439939869377636,5.742762706652812,11
ADA,short,2024-03-22 20:00:00+00:00,2024-03-23 00:00:00+00:00,2024-03-24 00:00:00+00:00,0.6146,0.6232,-0.013799743260590414,-0.015767963793666184,0.0019682205330757707,9.988775255673833,6
XRP,short,2024-03-23 04:00:00+00:00,2024-03-23 08:00:00+00:00,2024-03-24 00:00:00+00:00,0.6161,0.6166,-0.0008108984755109683,-0.0019578609839847605,0.0011469625084737922,5.742762706652812,4
BNB,long,2024-03-21 04:00:00+00:00,2024-03-21 08:00:00+00:00,2024-03-24 08:00:00+00:00,549.6,552.8,0.005822416302765587,0.004524551988264847,0.0012978643145007407,6.455921962584254,18
LINK,long,2024-03-21 04:00:00+00:00,2024-03-21 08:00:00+00:00,2024-03-24 12:00:00+00:00,18.143,18.369,0.012456594829961976,0.011133836755880644,0.0013227580740813316,6.536688716426203,19
BTC,short,2024-03-22 16:00:00+00:00,2024-03-22 20:00:00+00:00,2024-03-24 20:00:00+00:00,63867.5,65841.2,-0.029976671142081246,-0.030948721334896012,0.0009720501928147662,5.012959217987713,12
DOT,short,2024-03-22 12:00:00+00:00,2024-03-22 16:00:00+00:00,2024-03-24 20:00:00+00:00,8.89,9.259,-0.03985311588724483,-0.041588772959873066,0.0017356570726282383,9.046674492363598,13
BNB,short,2024-03-24 04:00:00+00:00,2024-03-24 08:00:00+00:00,2024-03-25 00:00:00+00:00,552.8,568.1,-0.0269318781904595,-0.028187477956785112,0.0012555997663256102,6.455921962584254,4
LINK,short,2024-03-24 08:00:00+00:00,2024-03-24 12:00:00+00:00,2024-03-25 00:00:00+00:00,18.369,18.529,-0.008635112526310107,-0.009930314627775716,0.001295202101465609,6.536688716426203,3
ETH,short,2024-03-22 20:00:00+00:00,2024-03-23 00:00:00+00:00,2024-03-25 04:00:00+00:00,3337.91,3454.99,-0.03388721819744778,-0.0348609407103756,0.0009737225129278215,5.041924062981029,13
SOL,short,2024-03-22 08:00:00+00:00,2024-03-22 12:00:00+00:00,2024-03-25 04:00:00+00:00,172.1,184.81,-0.06877333477625669,-0.06989030892340797,0.001116974147151284,6.000925858297193,16
AVAX,short,2024-03-20 00:00:00+00:00,2024-03-20 04:00:00+00:00,2024-03-25 08:00:00+00:00,51.472,56.107,-0.08261001301085424,-0.08402367277804967,0.0014136597671954299,7.710732744665526,31
XRP,long,2024-03-23 20:00:00+00:00,2024-03-24 00:00:00+00:00,2024-03-27 08:00:00+00:00,0.6166,0.6206,0.006487187804086858,0.005331847871025808,0.0011553399330610503,5.742762706652812,20
AVAX,long,2024-03-25 04:00:00+00:00,2024-03-25 08:00:00+00:00,2024-03-27 12:00:00+00:00,56.107,55.017,-0.01942716595077254,-0.02093818785417234,0.0015110219033998007,7.710732744665526,13
BNB,long,2024-03-24 20:00:00+00:00,2024-03-25 00:00:00+00:00,2024-03-27 16:00:00+00:00,568.1,570.0,0.0033444816053511683,0.0020498146972369735,0.0012946669081141948,6.455921962584254,16
ADA,long,2024-03-23 20:00:00+00:00,2024-03-24 00:00:00+00:00,2024-03-27 20:00:00+00:00,0.6232,0.6451,0.0351412066752248,0.03307531167703548,0.0020658949981893215,9.988775255673833,23
DOT,long,2024-03-24 16:00:00+00:00,2024-03-24 20:00:00+00:00,2024-03-27 20:00:00+00:00,9.259,9.412,0.01652446268495522,0.014686891889952092,0.0018375707950031295,9.046674492363598,18
SOL,long,2024-03-25 00:00:00+00:00,2024-03-25 04:00:00+00:00,2024-03-27 20:00:00+00:00,184.81,182.78,-0.010984254098804214,-0.012170544247649517,0.0011862901488453037,6.000925858297193,16
ETH,long,2024-03-25 00:00:00+00:00,2024-03-25 04:00:00+00:00,2024-03-28 00:00:00+00:00,3454.99,3503.54,0.014052139079997472,0.013030099608309031,0.0010220394716884407,5.041924062981029,17
LINK,long,2024-03-24 20:00:00+00:00,2024-03-25 00:00:00+00:00,2024-03-28 04:00:00+00:00,18.529,19.203,0.036375411517081346,0.035021403898024994,0.0013540076190563521,6.536688716426203,19
BNB,short,2024-03-27 12:00:00+00:00,2024-03-27 16:00:00+00:00,2024-03-28 16:00:00+00:00,570.0,585.3,-0.02614044079958988,-0.027397061798222433,0.0012566209986325516,6.455921962584254,6
ETH,short,2024-03-27 20:00:00+00:00,2024-03-28 00:00:00+00:00,2024-03-29 00:00:00+00:00,3503.54,3562.29,-0.01649220024197917,-0.017483454787310504,0.0009912545453313326,5.041924062981029,6
SOL,short,2024-03-27 16:00:00+00:00,2024-03-27 20:00:00+00:00,2024-03-29 08:00:00+00:00,182.78,183.75,-0.005278911564625899,-0.006472045074329857,0.0011931335097039586,6.000925858297193,9
ETH,long,2024-03-28 20:00:00+00:00,2024-03-29 00:00:00+00:00,2024-03-29 16:00:00+00:00,3562.29,3488.29,-0.020773154347343947,-0.021760094218997827,0.0009869398716538802,5.041924062981029,4
SOL,long,2024-03-29 04:00:00+00:00,2024-03-29 08:00:00+00:00,2024-03-29 16:00:00+00:00,183.75,184.98,0.006693877551020355,0.005486383095253622,0.0012074944557667333,6.000925858297193,2
XRP,short,2024-03-27 04:00:00+00:00,2024-03-27 08:00:00+00:00,2024-03-29 20:00:00+00:00,0.6206,0.6263,-0.009101069774868131,-0.010238516050974478,0.0011374462761063464,5.742762706652812,15
BTC,long,2024-03-24 16:00:00+00:00,2024-03-24 20:00:00+00:00,2024-03-30 00:00:00+00:00,65841.2,69870.0,0.06118965024938805,0.06012624324313309,0.0010634070062549572,5.012959217987713,31
ADA,short,2024-03-27 16:00:00+00:00,2024-03-27 20:00:00+00:00,2024-03-30 04:00:00+00:00,0.6451,0.6583,-0.020051648184718163,-0.022007391406458243,0.0019557432217400805,9.988775255673833,14
DOT,short,2024-03-27 16:00:00+00:00,2024-03-27 20:00:00+00:00,2024-03-30 04:00:00+00:00,9.412,9.581,-0.017639077340569798,-0.019414890720272693,0.0017758133797028952,9.046674492363598,14
SOL,short,2024-03-29 12:00:00+00:00,2024-03-29 16:00:00+00:00,2024-03-30 04:00:00+00:00,184.98,192.85,-0.0408089188488463,-0.041959435344812834,0.001150516495966536,6.000925858297193,3
DOT,long,2024-03-30 00:00:00+00:00,2024-03-30 04:00:00+00:00,2024-03-31 04:00:00+00:00,9.581,9.464,-0.012211668928086783,-0.01399729343143441,0.001785624503347627,9.046674492363598,6
ADA,long,2024-03-30 00:00:00+00:00,2024-03-30 04:00:00+00:00,2024-03-31 08:00:00+00:00,0.6583,0.6507,-0.011544888348777205,-0.013517609034541134,0.001972720685763929,9.988775255673833,7
ETH,short,2024-03-29 12:00:00+00:00,2024-03-29 16:00:00+00:00,2024-03-31 12:00:00+00:00,3488.29,3610.95,-0.03396890015092979,-0.034942540338524064,0.0009736401875942713,5.041924062981029,11
BTC,short,2024-03-29 20:00:00+00:00,2024-03-30 00:00:00+00:00,2024-03-31 16:00:00+00:00,69870.0,70407.9,-0.007639767696522637,-0.00863420146574756,0.0009944337692249228,5.012959217987713,10
LINK,short,2024-03-28 00:00:00+00:00,2024-03-28 04:00:00+00:00,2024-03-31 16:00:00+00:00,19.203,19.078,0.006552049481077571,0.005237005599460387,0.0013150438816171839,6.536688716426203,21
DOT,short,2024-03-31 00:00:00+00:00,2024-03-31 04:00:00+00:00,2024-03-31 20:00:00+00:00,9.464,9.585,-0.012623891497130946,-0.014408770825933725,0.0017848793288027798,9.046674492363598,4
AVAX,short,2024-03-27 08:00:00+00:00,2024-03-27 12:00:00+00:00,2024-04-01 04:00:00+00:00,55.017,53.837,0.021918011776287605,0.020343278675742482,0.0015747331005451226,7.710732744665526,28
AVAX,long,2024-04-01 00:00:00+00:00,2024-04-01 04:00:00+00:00,2024-04-01 12:00:00+00:00,53.837,52.45,-0.02576295113026361,-0.027264209852542076,0.0015012587222784646,7.710732744665526,2
BNB,long,2024-03-28 12:00:00+00:00,2024-03-28 16:00:00+00:00,2024-04-01 12:00:00+00:00,585.3,584.4,-0.0015376729882111695,-0.0028260402015459762,0.0012883672133348067,6.455921962584254,23
LINK,long,2024-03-31 12:00:00+00:00,2024-03-31 16:00:00+00:00,2024-04-01 12:00:00+00:00,19.078,18.358,-0.03773980501100738,-0.03899698230511417,0.0012571772941067927,6.536688716426203,5
XRP,long,2024-03-29 16:00:00+00:00,2024-03-29 20:00:00+00:00,2024-04-01 12:00:00+00:00,0.6263,0.6095,-0.026824205652243194,-0.027941307658828407,0.0011171020065852133,5.742762706652812,16
DOT,long,2024-03-31 16:00:00+00:00,2024-03-31 20:00:00+00:00,2024-04-01 16:00:00+00:00,9.585,9.007,-0.06030255607720403,-0.06200124670638063,0.0016986906291766024,9.046674492363598,5
BTC,long,2024-03-31 12:00:00+00:00,2024-03-31 16:00:00+00:00,2024-04-01 20:00:00+00:00,70407.9,69642.5,-0.010870939198584173,-0.011862135044773514,0.000991195846189341,5.012959217987713,7
ETH,long,2024-03-31 08:00:00+00:00,2024-03-31 12:00:00+00:00,2024-04-01 20:00:00+00:00,3610.95,3486.73,-0.034400919425635834,-0.035374124191091316,0.0009732047654554821,5.041924062981029,8
SOL,long,2024-03-30 00:00:00+00:00,2024-03-30 04:00:00+00:00,2024-04-02 00:00:00+00:00,192.85,192.27,-0.003007518796992348,-0.00420337676368876,0.001195857966696412,6.000925858297193,17
BNB,short,2024-04-01 08:00:00+00:00,2024-04-01 12:00:00+00:00,2024-04-04 12:00:00+00:00,584.4,586.7,-0.003920231805011221,-0.005205524680356177,0.0012852928753449566,6.455921962584254,18
BTC,short,2024-04-01 16:00:00+00:00,2024-04-01 20:00:00+00:00,2024-04-05 00:00:00+00:00,69642.5,68499.0,0.016693674360209743,0.015674856304195295,0.0010188180560144477,5.012959217987713,19
ETH,short,2024-04-01 16:00:00+00:00,2024-04-01 20:00:00+00:00,2024-04-05 00:00:00+00:00,3486.73,3328.79,0.04744666981095236,0.04639097277154125,0.0010556970394111076,5.041924062981029,19
XRP,short,2024-04-01 08:00:00+00:00,2024-04-01 12:00:00+00:00,2024-04-05 04:00:00+00:00,0.6095,0.5878,0.03691731881592397,0.035727048338339173,0.0011902704775847983,5.742762706652812,22
ETH,long,2024-04-04 20:00:00+00:00,2024-04-05 00:00:00+00:00,2024-04-05 12:00:00+00:00,3328.79,3244.66,-0.02527344770922768,-0.026255851840289002,0.0009824041310613207,5.041924062981029,3
XRP,long,2024-04-05 00:00:00+00:00,2024-04-05 04:00:00+00:00,2024-04-05 20:00:00+00:00,0.5878,0.5884,0.0010207553589656193,-0.00012830969273380788,0.0011490650516994272,5.742762706652812,4
XRP,short,2024-04-05 16:00:00+00:00,2024-04-05 20:00:00+00:00,2024-04-06 04:00:00+00:00,0.5884,0.5893,-0.0015272357033768724,-0.002673375933122446,0.0011461402297455736,5.742762706652812,2
ADA,short,2024-03-31 04:00:00+00:00,2024-03-31 08:00:00+00:00,2024-04-06 16:00:00+00:00,0.6507,0.5839,0.11440315122452471,0.11217906828662705,0.0022240829378976645,9.988775255673833,38
ETH,short,2024-04-05 08:00:00+00:00,2024-04-05 12:00:00+00:00,2024-04-06 16:00:00+00:00,3244.66,3335.84,-0.027333445249172694,-0.028313773156816935,0.0009803279076442406,5.041924062981029,7
AVAX,short,2024-04-01 08:00:00+00:00,2024-04-01 12:00:00+00:00,2024-04-06 20:00:00+00:00,52.45,47.982,0.0931182526780876,0.09143380297129533,0.0016844497067922681,7.710732744665526,32
DOT,short,2024-04-01 12:00:00+00:00,2024-04-01 16:00:00+00:00,2024-04-07 04:00:00+00:00,9.007,8.639,0.04259752286144236,0.04071281980777197,0.001884703053670389,9.046674492363598,33
LINK,short,2024-04-01 08:00:00+00:00,2024-04-01 12:00:00+00:00,2024-04-07 08:00:00+00:00,18.358,17.609,0.04253506729513301,0.041173012185986124,0.0013620551091468869,6.536688716426203,35
SOL,short,2024-04-01 20:00:00+00:00,2024-04-02 00:00:00+00:00,2024-04-07 12:00:00+00:00,192.27,180.8,0.06344026548672566,0.06216470570311161,0.0012755597836140442,6.000925858297193,33
BNB,long,2024-04-04 08:00:00+00:00,2024-04-04 12:00:00+00:00,2024-04-09 12:00:00+00:00,586.7,584.2,-0.00426112152718594,-0.00554597453501704,0.0012848530078310993,6.455921962584254,30
SOL,long,2024-04-07 08:00:00+00:00,2024-04-07 12:00:00+00:00,2024-04-09 12:00:00+00:00,180.8,176.24,-0.02522123893805306,-0.026390452316448765,0.001169213378395706,6.000925858297193,12
AVAX,long,2024-04-06 16:00:00+00:00,2024-04-06 20:00:00+00:00,2024-04-09 20:00:00+00:00,47.982,47.27,-0.014838897920053329,-0.016356990153419626,0.0015180922333662972,7.710732744665526,18
LINK,long,2024-04-07 04:00:00+00:00,2024-04-07 08:00:00+00:00,2024-04-09 20:00:00+00:00,17.609,17.591,-0.0010222045544892033,-0.002327352796400284,0.0013051482419110805,6.536688716426203,15
BTC,long,2024-04-04 20:00:00+00:00,2024-04-05 00:00:00+00:00,2024-04-10 04:00:00+00:00,68499.0,69165.5,0.009730069052102941,0.008718229151851498,0.0010118399002514433,5.012959217987713,31
ADA,long,2024-04-06 12:00:00+00:00,2024-04-06 16:00:00+00:00,2024-04-10 08:00:00+00:00,0.5839,0.5843,0.0006850488097278618,-0.0013120799141289607,0.0019971287238568225,9.988775255673833,22
DOT,long,2024-04-07 00:00:00+00:00,2024-04-07 04:00:00+00:00,2024-04-10 08:00:00+00:00,8.639,8.531,-0.0125014469267275,-0.01428654759852288,0.001785100671795381,9.046674492363598,19
ETH,long,2024-04-06 12:00:00+00:00,2024-04-06 16:00:00+00:00,2024-04-10 12:00:00+00:00,3335.84,3522.17,0.055856995539354415,0.05479282192903234,0.0010641736103220722,5.041924062981029,23
BNB,short,2024-04-09 08:00:00+00:00,2024-04-09 12:00:00+00:00,2024-04-10 20:00:00+00:00,584.2,606.2,-0.03629165291982839,-0.03753517528817951,0.0012435223683511243,6.455921962584254,8
BTC,short,2024-04-10 00:00:00+00:00,2024-04-10 04:00:00+00:00,2024-04-11 12:00:00+00:00,69165.5,70004.6,-0.011986355182373787,-0.012976433281917554,0.0009900780995437675,5.012959217987713,8
XRP,long,2024-04-06 00:00:00+00:00,2024-04-06 04:00:00+00:00,2024-04-11 20:00:00+00:00,0.5893,0.6124,0.03919904972000676,0.03800616005872848,0.0011928896612782847,5.742762706652812,34
SOL,short,2024-04-09 08:00:00+00:00,2024-04-09 12:00:00+00:00,2024-04-12 08:00:00+00:00,176.24,173.32,0.016847449803831127,0.015627776489649747,0.0012196733141813798,6.000925858297193,17
LINK,short,2024-04-09 16:00:00+00:00,2024-04-09 20:00:00+00:00,2024-04-12 12:00:00+00:00,17.591,17.647,-0.003173343911146209,-0.004475681724474989,0.00130233781332878,6.536688716426203,16
SOL,long,2024-04-12 04:00:00+00:00,2024-04-12 08:00:00+00:00,2024-04-12 20:00:00+00:00,173.32,149.14,-0.13951073159473815,-0.1405428586832369,0.0010321270884987577,6.000925858297193,3
BTC,long,2024-04-11 08:00:00+00:00,2024-04-11 12:00:00+00:00,2024-04-13 00:00:00+00:00,70004.6,67125.0,-0.04113443973681741,-0.04209530884687762,0.000960869110060214,5.012959217987713,9
LINK,long,2024-04-12 08:00:00+00:00,2024-04-12 12:00:00+00:00,2024-04-13 00:00:00+00:00,17.647,15.146,-0.14172380574601906,-0.14284512963440954,0.0011213238883904797,6.536688716426203,3
BNB,long,2024-04-10 16:00:00+00:00,2024-04-10 20:00:00+00:00,2024-04-13 08:00:00+00:00,606.2,593.1,-0.021610029693170607,-0.02287249651389811,0.0012624668207275036,6.455921962584254,15
SOL,short,2024-04-12 16:00:00+00:00,2024-04-12 20:00:00+00:00,2024-04-15 16:00:00+00:00,149.14,143.35,0.04039065224973837,0.0391427396792563,0.0012479125704820682,6.000925858297193,17
ETH,short,2024-04-10 08:00:00+00:00,2024-04-10 12:00:00+00:00,2024-04-15 20:00:00+00:00,3522.17,3099.74,0.13627917180150595,0.1351339425576803,0.0011452292438256517,5.041924062981029,32
SOL,long,2024-04-15 12:00:00+00:00,2024-04-15 16:00:00+00:00,2024-04-16 04:00:00+00:00,143.35,134.63,-0.06083013603069409,-0.061956637769757905,0.0011265017390638121,6.000925858297193,3
ETH,long,2024-04-15 16:00:00+00:00,2024-04-15 20:00:00+00:00,2024-04-16 08:00:00+00:00,3099.74,3106.56,0.0022001845316059754,0.0011900903681500985,0.0010100941634558769,5.041924062981029,3
BNB,short,2024-04-13 04:00:00+00:00,2024-04-13 08:00:00+00:00,2024-04-18 20:00:00+00:00,593.1,550.0,0.07836363636363641,0.07697216838777243,0.0013914679758639803,6.455921962584254,33
DOT,short,2024-04-10 04:00:00+00:00,2024-04-10 08:00:00+00:00,2024-04-18 20:00:00+00:00,8.531,6.757,0.2625425484682553,0.2602602508948293,0.0022822975734260176,9.046674492363598,51
XRP,short,2024-04-11 16:00:00+00:00,2024-04-11 20:00:00+00:00,2024-04-18 20:00:00+00:00,0.6124,0.5027,0.2182216033419535,0.21682321488483947,0.0013983884571140415,5.742762706652812,42
AVAX,short,2024-04-09 16:00:00+00:00,2024-04-09 20:00:00+00:00,2024-04-19 00:00:00+00:00,47.27,34.846,0.3565402054755211,0.3544498335091151,0.002090371966406046,7.710732744665526,55
LINK,short,2024-04-12 20:00:00+00:00,2024-04-13 00:00:00+00:00,2024-04-19 00:00:00+00:00,15.146,13.888,0.09058179723502313,0.08915696985466393,0.001424827380359206,6.536688716426203,36
SOL,short,2024-04-16 00:00:00+00:00,2024-04-16 04:00:00+00:00,2024-04-19 00:00:00+00:00,134.63,142.0,-0.051901408450704234,-0.05303861988940006,0.0011372114386958287,6.000925858297193,17
BTC,short,2024-04-12 20:00:00+00:00,2024-04-13 00:00:00+00:00,2024-04-19 04:00:00+00:00,67125.0,61766.7,0.0867506277654464,0.0856616063720077,0.0010890213934386939,5.012959217987713,37
ADA,short,2024-04-10 04:00:00+00:00,2024-04-10 08:00:00+00:00,2024-04-19 12:00:00+00:00,0.5843,0.4675,0.2498395721925133,0.24734519045591452,0.002494381736598772,9.988775255673833,55
ETH,short,2024-04-16 04:00:00+00:00,2024-04-16 08:00:00+00:00,2024-04-19 12:00:00+00:00,3106.56,3102.75,0.0012279429538313291,0.00021882868995870552,0.0010091142638726236,5.041924062981029,19
ADA,long,2024-04-19 08:00:00+00:00,2024-04-19 12:00:00+00:00,2024-04-24 08:00:00+00:00,0.4675,0.5043,0.07871657754010686,0.07656371649309857,0.002152861047008292,9.988775255673833,29
DOT,long,2024-04-18 16:00:00+00:00,2024-04-18 20:00:00+00:00,2024-04-24 20:00:00+00:00,6.757,7.042,0.04217848157466331,0.04029453602173083,0.0018839455529324756,9.046674492363598,36
LINK,long,2024-04-18 20:00:00+00:00,2024-04-19 00:00:00+00:00,2024-04-24 20:00:00+00:00,13.888,14.735,0.060987903225806495,0.05960173978664152,0.001386163439164978,6.536688716426203,35
AVAX,long,2024-04-18 20:00:00+00:00,2024-04-19 00:00:00+00:00,2024-04-25 00:00:00+00:00,34.846,36.367,0.04364919933421341,0.04204097937859075,0.0016082199556226584,7.710732744665526,36
BTC,long,2024-04-19 00:00:00+00:00,2024-04-19 04:00:00+00:00,2024-04-25 00:00:00+00:00,61766.7,64288.2,0.04082296771561378,0.03977996994808053,0.0010429977675332491,5.012959217987713,35
XRP,long,2024-04-18 16:00:00+00:00,2024-04-18 20:00:00+00:00,2024-04-25 00:00:00+00:00,0.5027,0.5275,0.049333598567734116,0.04812907552539625,0.0012045230423378683,5.742762706652812,37
ETH,long,2024-04-19 08:00:00+00:00,2024-04-19 12:00:00+00:00,2024-04-25 04:00:00+00:00,3102.75,3148.1,0.014616066392716176,0.013593458551857784,0.0010226078408583916,5.041924062981029,34
SOL,long,2024-04-18 20:00:00+00:00,2024-04-19 00:00:00+00:00,2024-04-25 04:00:00+00:00,142.0,146.06,0.028591549295774676,0.02735778934081723,0.0012337599549574474,6.000925858297193,37
BNB,long,2024-04-18 16:00:00+00:00,2024-04-18 20:00:00+00:00,2024-04-26 20:00:00+00:00,550.0,601.1,0.09290909090909105,0.09149885418629244,0.001410236722798608,6.455921962584254,48
ETH,short,2024-04-25 00:00:00+00:00,2024-04-25 04:00:00+00:00,2024-04-28 00:00:00+00:00,3148.1,3255.04,-0.03285366692882419,-0.033828431133941184,0.0009747642051169958,5.041924062981029,17
ADA,short,2024-04-24 04:00:00+00:00,2024-04-24 08:00:00+00:00,2024-04-28 12:00:00+00:00,0.5043,0.4677,0.07825529185375224,0.07610335142297142,0.0021519404307808188,9.988775255673833,25
DOT,short,2024-04-24 16:00:00+00:00,2024-04-24 20:00:00+00:00,2024-04-28 16:00:00+00:00,7.042,6.851,0.02787914173113415,0.026021045088138184,0.0018580966429959656,9.046674492363598,23
SOL,short,2024-04-25 00:00:00+00:00,2024-04-25 04:00:00+00:00,2024-04-28 16:00:00+00:00,146.06,142.02,0.0284466976482185,0.027213111437797588,0.0012335862104209117,6.000925858297193,21
BNB,short,2024-04-26 16:00:00+00:00,2024-04-26 20:00:00+00:00,2024-04-28 20:00:00+00:00,601.1,603.7,-0.004306774888189535,-0.005591568987144635,0.0012847940989550999,6.455921962584254,12
ADA,long,2024-04-28 08:00:00+00:00,2024-04-28 12:00:00+00:00,2024-04-29 08:00:00+00:00,0.4677,0.4508,-0.03613427410733383,-0.03805792024295951,0.0019236461356256784,9.988775255673833,5
DOT,long,2024-04-28 12:00:00+00:00,2024-04-28 16:00:00+00:00,2024-04-29 08:00:00+00:00,6.851,6.578,-0.03984819734345346,-0.041583863307331104,0.0017356659638776417,9.046674492363598,4
SOL,long,2024-04-28 12:00:00+00:00,2024-04-28 16:00:00+00:00,2024-04-29 08:00:00+00:00,142.02,134.96,-0.04971130826644132,-0.050851146654489976,0.001139838388048653,6.000925858297193,4
BNB,long,2024-04-28 16:00:00+00:00,2024-04-28 20:00:00+00:00,2024-04-29 12:00:00+00:00,603.7,584.2,-0.03230081166142118,-0.033549483617184905,0.001248671955763725,6.455921962584254,4
ETH,long,2024-04-27 20:00:00+00:00,2024-04-28 00:00:00+00:00,2024-04-29 20:00:00+00:00,3255.04,3185.99,-0.021213256979945028,-0.0221997532824324,0.0009864963024873719,5.041924062981029,11
AVAX,short,2024-04-24 20:00:00+00:00,2024-04-25 00:00:00+00:00,2024-04-30 08:00:00+00:00,36.367,34.725,0.04728581713462909,0.045671993302415004,0.0016138238322140896,7.710732744665526,32
AVAX,long,2024-04-30 04:00:00+00:00,2024-04-30 08:00:00+00:00,2024-04-30 20:00:00+00:00,34.725,31.991,-0.07873290136789057,-0.08015253560267388,0.0014196342347833069,7.710732744665526,3
DOT,short,2024-04-29 04:00:00+00:00,2024-04-29 08:00:00+00:00,2024-05-02 04:00:00+00:00,6.578,6.868,-0.042224810716365746,-0.043956180477362605,0.0017313697609968592,9.046674492363598,17
XRP,short,2024-04-24 20:00:00+00:00,2024-04-25 00:00:00+00:00,2024-05-02 08:00:00+00:00,0.5275,0.5137,0.02686392836285756,0.02568519810515202,0.0011787302577055403,5.742762706652812,44
ADA,short,2024-04-29 04:00:00+00:00,2024-04-29 08:00:00+00:00,2024-05-02 16:00:00+00:00,0.4508,0.4575,-0.014644808743169535,-0.01661134272706477,0.0019665339838952356,9.988775255673833,20
SOL,short,2024-04-29 04:00:00+00:00,2024-04-29 08:00:00+00:00,2024-05-02 16:00:00+00:00,134.96,139.12,-0.029902242668200074,-0.031065841344671163,0.0011635986764710893,6.000925858297193,20
AVAX,short,2024-04-30 16:00:00+00:00,2024-04-30 20:00:00+00:00,2024-05-02 20:00:00+00:00,31.991,33.773,-0.052764042282296586,-0.054223693447512766,0.0014596511652161803,7.710732744665526,12
LINK,short,2024-04-24 16:00:00+00:00,2024-04-24 20:00:00+00:00,2024-05-02 20:00:00+00:00,14.735,13.692,0.07617586912065444,0.07476986285107201,0.0014060062695824271,6.536688716426203,48
ETH,short,2024-04-29 16:00:00+00:00,2024-04-29 20:00:00+00:00,2024-05-03 08:00:00+00:00,3185.99,2968.5,0.07326595923867263,0.07218423954035758,0.0010817196983150534,5.041924062981029,21
BNB,short,2024-04-29 08:00:00+00:00,2024-04-29 12:00:00+00:00,2024-05-03 12:00:00+00:00,584.2,562.6,0.03839317454674718,0.03705328251031914,0.0013398920364280364,6.455921962584254,24
BTC,short,2024-04-24 20:00:00+00:00,2024-04-25 00:00:00+00:00,2024-05-03 12:00:00+00:00,64288.2,59298.0,0.08415460892441562,0.08306818897419976,0.0010864199502158556,5.012959217987713,51
ADA,long,2024-05-02 12:00:00+00:00,2024-05-02 16:00:00+00:00,2024-05-05 16:00:00+00:00,0.4575,0.4636,0.01333333333333342,0.011310961649806606,0.0020223716835268135,9.988775255673833,18
DOT,long,2024-05-02 00:00:00+00:00,2024-05-02 04:00:00+00:00,2024-05-05 16:00:00+00:00,6.868,7.245,0.0548922539312755,0.05298532569800973,0.00190692823326577,9.046674492363598,21
DOT,short,2024-05-05 12:00:00+00:00,2024-05-05 16:00:00+00:00,2024-05-06 00:00:00+00:00,7.245,7.305,-0.008213552361396204,-0.010006404258188772,0.0017928518967925688,9.046674492363598,2
ADA,short,2024-05-05 12:00:00+00:00,2024-05-05 16:00:00+00:00,2024-05-06 20:00:00+00:00,0.4636,0.4609,0.005858103710132401,0.0038506508023139485,0.002007452907818452,9.988775255673833,7
ADA,long,2024-05-06 16:00:00+00:00,2024-05-06 20:00:00+00:00,2024-05-07 04:00:00+00:00,0.4609,0.4492,-0.025385116077240144,-0.02733021496894006,0.0019450988916999146,9.988775255673833,2
ETH,long,2024-05-03 04:00:00+00:00,2024-05-03 08:00:00+00:00,2024-05-07 04:00:00+00:00,2968.5,3049.2,0.02718544719555327,0.026150170969293285,0.0010352762262599846,5.041924062981029,23
BTC,long,2024-05-03 08:00:00+00:00,2024-05-03 12:00:00+00:00,2024-05-07 08:00:00+00:00,59298.0,63673.1,0.07378157779351757,0.07270555254888311,0.0010760252446344598,5.012959217987713,23
DOT,long,2024-05-05 20:00:00+00:00,2024-05-06 00:00:00+00:00,2024-05-07 08:00:00+00:00,7.305,7.168,-0.018754277891854798,-0.02052807532404377,0.0017737974321889727,9.046674492363598,8
AVAX,long,2024-05-02 16:00:00+00:00,2024-05-02 20:00:00+00:00,2024-05-07 16:00:00+00:00,33.773,36.892,0.09235187871968731,0.09066860996325099,0.001683268756436318,7.710732744665526,29
LINK,long,2024-05-02 16:00:00+00:00,2024-05-02 20:00:00+00:00,2024-05-07 20:00:00+00:00,13.692,14.253,0.04097283085013137,0.039612816777490956,0.0013600140726404142,6.536688716426203,30
BNB,long,2024-05-03 08:00:00+00:00,2024-05-03 12:00:00+00:00,2024-05-08 04:00:00+00:00,562.6,585.5,0.04070387486669036,0.03936100121498076,0.0013428736517095974,6.455921962584254,28
XRP,long,2024-05-02 04:00:00+00:00,2024-05-02 08:00:00+00:00,2024-05-08 04:00:00+00:00,0.5137,0.5254,0.02277593926416177,0.021601901581889793,0.0011740376822719778,5.742762706652812,35
SOL,long,2024-05-02 12:00:00+00:00,2024-05-02 16:00:00+00:00,2024-05-08 12:00:00+00:00,139.12,145.4,0.04514088556641749,0.04388727525551861,0.0012536103108988783,6.000925858297193,35
ADA,short,2024-05-07 00:00:00+00:00,2024-05-07 04:00:00+00:00,2024-05-09 04:00:00+00:00,0.4492,0.4633,-0.030433844161450452,-0.0323688669958655,0.0019350228344150455,9.988775255673833,12
BNB,short,2024-05-08 00:00:00+00:00,2024-05-08 04:00:00+00:00,2024-05-09 08:00:00+00:00,585.5,600.3,-0.024654339496918087,-0.0259128780883755,0.0012585385914574143,6.455921962584254,7
LINK,short,2024-05-07 16:00:00+00:00,2024-05-07 20:00:00+00:00,2024-05-10 04:00:00+00:00,14.253,14.319,-0.004609260423213968,-0.005909722234974102,0.001300461811760134,6.536688716426203,14
SOL,short,2024-05-08 08:00:00+00:00,2024-05-08 12:00:00+00:00,2024-05-10 08:00:00+00:00,145.4,154.36,-0.058046125939362536,-0.05917596700215233,0.0011298410627897937,6.000925858297193,11
AVAX,short,2024-05-07 12:00:00+00:00,2024-05-07 16:00:00+00:00,2024-05-10 12:00:00+00:00,36.892,35.798,0.030560366500921976,0.028972315891638623,0.0015880506092833535,7.710732744665526,17
BTC,short,2024-05-07 04:00:00+00:00,2024-05-07 08:00:00+00:00,2024-05-10 12:00:00+00:00,63673.1,63293.6,0.005995866880695644,0.004987768985232011,0.0010080978954636333,5.012959217987713,19
DOT,short,2024-05-07 04:00:00+00:00,2024-05-07 08:00:00+00:00,2024-05-10 12:00:00+00:00,7.168,7.132,0.0050476724621424385,0.003230848255448837,0.0018168242066936013,9.046674492363598,19
ETH,short,2024-05-07 00:00:00+00:00,2024-05-07 04:00:00+00:00,2024-05-10 12:00:00+00:00,3049.2,3038.2,0.003620564808110016,0.0026090390765411975,0.0010115257315688186,5.041924062981029,20
ETH,long,2024-05-10 08:00:00+00:00,2024-05-10 12:00:00+00:00,2024-05-10 20:00:00+00:00,3038.2,2901.38,-0.04503324336778347,-0.045995732062214634,0.0009624886944311628,5.041924062981029,2
BNB,long,2024-05-09 04:00:00+00:00,2024-05-09 08:00:00+00:00,2024-05-11 00:00:00+00:00,600.3,585.3,-0.024987506246876512,-0.026245614936167727,0.0012581086892912152,6.455921962584254,10
BTC,long,2024-05-10 08:00:00+00:00,2024-05-10 12:00:00+00:00,2024-05-11 00:00:00+00:00,63293.6,60811.3,-0.03921881517246606,-0.04018160390978853,0.000962788737322473,5.012959217987713,3
DOT,long,2024-05-10 08:00:00+00:00,2024-05-10 12:00:00+00:00,2024-05-11 00:00:00+00:00,7.132,6.746,-0.05412226584408286,-0.0558321285810186,0.001709862736935741,9.046674492363598,3
LINK,long,2024-05-10 00:00:00+00:00,2024-05-10 04:00:00+00:00,2024-05-11 00:00:00+00:00,14.319,13.565,-0.05265730847126204,-0.05389499628972316,0.0012376878184611195,6.536688716426203,5
ADA,long,2024-05-09 00:00:00+00:00,2024-05-09 04:00:00+00:00,2024-05-11 04:00:00+00:00,0.4633,0.4462,-0.03690913015324848,-0.03883122986098664,0.0019220997077381563,9.988775255673833,12
AVAX,long,2024-05-10 08:00:00+00:00,2024-05-10 12:00:00+00:00,2024-05-11 04:00:00+00:00,35.798,33.531,-0.06332756019889385,-0.06477093342289575,0.0014433732240018982,7.710732744665526,4
SOL,long,2024-05-10 04:00:00+00:00,2024-05-10 08:00:00+00:00,2024-05-11 08:00:00+00:00,154.36,145.73,-0.0559082663902567,-0.05704067174156602,0.001132405351309318,6.000925858297193,6
BNB,short,2024-05-10 20:00:00+00:00,2024-05-11 00:00:00+00:00,2024-05-12 08:00:00+00:00,585.3,588.4,-0.0052685248130524,-0.0065520779166916565,0.0012835531036392567,6.455921962584254,8
BTC,short,2024-05-10 20:00:00+00:00,2024-05-11 00:00:00+00:00,2024-05-13 08:00:00+00:00,60811.3,62335.1,-0.02444529647020688,-0.025422889595502207,0.0009775931252953285,5.012959217987713,14
ETH,short,2024-05-10 16:00:00+00:00,2024-05-10 20:00:00+00:00,2024-05-13 16:00:00+00:00,2901.38,2961.69,-0.020363373614389113,-0.02135072649447478,0.000987352880085668,5.041924062981029,17
SOL,short,2024-05-11 04:00:00+00:00,2024-05-11 08:00:00+00:00,2024-05-14 00:00:00+00:00,145.73,147.55,-0.012334801762114656,-0.013519471975792174,0.001184670213677519,6.000925858297193,16
XRP,short,2024-05-08 00:00:00+00:00,2024-05-08 04:00:00+00:00,2024-05-14 00:00:00+00:00,0.5254,0.5052,0.03998416468725252,0.03879037379773731,0.0011937908895152116,5.742762706652812,35
BNB,long,2024-05-12 04:00:00+00:00,2024-05-12 08:00:00+00:00,2024-05-14 12:00:00+00:00,588.4,585.8,-0.004418762746431049,-0.005703412341701797,0.0012846495952707482,6.455921962584254,13
ETH,long,2024-05-13 12:00:00+00:00,2024-05-13 16:00:00+00:00,2024-05-14 20:00:00+00:00,2961.69,2894.21,-0.022784288700032795,-0.023769201596334888,0.0009849128963020926,5.041924062981029,7
SOL,long,2024-05-13 20:00:00+00:00,2024-05-14 00:00:00+00:00,2024-05-15 00:00:00+00:00,147.55,142.03,-0.037411047102677175,-0.038565639228173465,0.0011545921254962899,6.000925858297193,6
BTC,long,2024-05-13 04:00:00+00:00,2024-05-13 08:00:00+00:00,2024-05-15 04:00:00+00:00,62335.1,61950.0,-0.006177899770755113,-0.007173798462479231,0.0009958986917241175,5.012959217987713,11
XRP,long,2024-05-13 20:00:00+00:00,2024-05-14 00:00:00+00:00,2024-05-15 08:00:00+00:00,0.5052,0.4998,-0.010688836104512989,-0.01182445979423441,0.0011356236897214211,5.742762706652812,8
BTC,short,2024-05-15 00:00:00+00:00,2024-05-15 04:00:00+00:00,2024-05-15 20:00:00+00:00,61950.0,65997.5,-0.06132808060911399,-0.062268713883684934,0.0009406332745709456,5.012959217987713,4
SOL,short,2024-05-14 20:00:00+00:00,2024-05-15 00:00:00+00:00,2024-05-15 20:00:00+00:00,142.03,154.92,-0.08320423444358371,-0.08430389922616177,0.0010996647825780581,6.000925858297193,5
ADA,short,2024-05-11 00:00:00+00:00,2024-05-11 04:00:00+00:00,2024-05-16 00:00:00+00:00,0.4462,0.4525,-0.01392265193370168,-0.015890627170376037,0.0019679752366743575,9.988775255673833,29
AVAX,short,2024-05-11 00:00:00+00:00,2024-05-11 04:00:00+00:00,2024-05-16 00:00:00+00:00,33.531,34.673,-0.03293629048539215,-0.034426495390442735,0.001490204905050585,7.710732744665526,29
DOT,short,2024-05-10 20:00:00+00:00,2024-05-11 00:00:00+00:00,2024-05-16 00:00:00+00:00,6.746,6.962,-0.03102556736569939,-0.03277718199365487,0.0017516146279554778,9.046674492363598,30
ETH,short,2024-05-14 16:00:00+00:00,2024-05-14 20:00:00+00:00,2024-05-16 00:00:00+00:00,2894.21,3031.72,-0.04535709102423702,-0.0463192533201775,0.000962162295940483,5.041924062981029,7
LINK,short,2024-05-10 20:00:00+00:00,2024-05-11 00:00:00+00:00,2024-05-16 00:00:00+00:00,13.565,13.869,-0.021919388564424325,-0.02319723497530779,0.0012778464108834653,6.536688716426203,30
XRP,short,2024-05-15 04:00:00+00:00,2024-05-15 08:00:00+00:00,2024-05-16 00:00:00+00:00,0.4998,0.519,-0.03699421965317917,-0.038099647568491934,0.0011054279153127622,5.742762706652812,4
BNB,short,2024-05-14 08:00:00+00:00,2024-05-14 12:00:00+00:00,2024-05-16 12:00:00+00:00,585.8,582.5,0.005665236051502154,0.004367574554751341,0.0012976614967508127,6.455921962584254,12
BNB,long,2024-05-16 08:00:00+00:00,2024-05-16 12:00:00+00:00,2024-05-17 00:00:00+00:00,582.5,568.8,-0.023519313304721123,-0.02477931647875975,0.0012600031740386264,6.455921962584254,3
BNB,short,2024-05-16 20:00:00+00:00,2024-05-17 00:00:00+00:00,2024-05-18 00:00:00+00:00,568.8,580.8,-0.02066115702479343,-0.02192484822465146,0.0012636911998580302,6.455921962584254,6
XRP,long,2024-05-15 20:00:00+00:00,2024-05-16 00:00:00+00:00,2024-05-19 16:00:00+00:00,0.519,0.5125,-0.012524084778420153,-0.01365760179842368,0.0011335170200035272,5.742762706652812,22
DOT,long,2024-05-15 20:00:00+00:00,2024-05-16 00:00:00+00:00,2024-05-19 20:00:00+00:00,6.962,6.931,-0.004452743464521625,-0.006252393773795273,0.0017996503092736482,9.046674492363598,23
ADA,long,2024-05-15 20:00:00+00:00,2024-05-16 00:00:00+00:00,2024-05-20 00:00:00+00:00,0.4525,0.4672,0.03248618784530377,0.030425591631556115,0.0020605962137476563,9.988775255673833,24
AVAX,long,2024-05-15 20:00:00+00:00,2024-05-16 00:00:00+00:00,2024-05-20 00:00:00+00:00,34.673,35.6,0.02673550024514748,0.025153343595486044,0.001582156649661437,7.710732744665526,24
BNB,long,2024-05-17 20:00:00+00:00,2024-05-18 00:00:00+00:00,2024-05-20 00:00:00+00:00,580.8,574.6,-0.010674931129476484,-0.011951508069417471,0.0012765769399409876,6.455921962584254,12
BTC,long,2024-05-15 16:00:00+00:00,2024-05-15 20:00:00+00:00,2024-05-20 04:00:00+00:00,65997.5,66680.0,0.010341300806848697,0.009328848397673895,0.0010124524091748022,5.012959217987713,26
ETH,long,2024-05-15 20:00:00+00:00,2024-05-16 00:00:00+00:00,2024-05-20 08:00:00+00:00,3031.72,3091.53,0.019728075152058988,0.01870031503694336,0.001027760115115628,5.041924062981029,26
BTC,short,2024-05-20 00:00:00+00:00,2024-05-20 04:00:00+00:00,2024-05-20 20:00:00+00:00,66680.0,70047.3,-0.048071802910319206,-0.04902572016158391,0.0009539172512647021,5.012959217987713,4
AVAX,short,2024-05-19 20:00:00+00:00,2024-05-20 00:00:00+00:00,2024-05-21 00:00:00+00:00,35.6,40.131,-0.11290523535421493,-0.11427221144535937,0.001366976091144445,7.710732744665526,6
ETH,short,2024-05-20 04:00:00+00:00,2024-05-20 08:00:00+00:00,2024-05-21 00:00:00+00:00,3091.53,3662.67,-0.1559354241577865,-0.15678613713389355,0.0008507129761070598,5.041924062981029,4
ADA,short,2024-05-19 20:00:00+00:00,2024-05-20 00:00:00+00:00,2024-05-21 04:00:00+00:00,0.4672,0.4986,-0.06297633373445644,-0.06484640952009779,0.0018700757856413563,9.988775255673833,7
BNB,short,2024-05-19 20:00:00+00:00,2024-05-20 00:00:00+00:00,2024-05-21 04:00:00+00:00,574.6,597.8,-0.038808966209434526,-0.04004924035917978,0.0012402741497452574,6.455921962584254,7
DOT,short,2024-05-19 16:00:00+00:00,2024-05-19 20:00:00+00:00,2024-05-21 04:00:00+00:00,6.931,7.489,-0.07450928027774062,-0.07618228941823513,0.001673009140494508,9.046674492363598,8
XRP,short,2024-05-19 12:00:00+00:00,2024-05-19 16:00:00+00:00,2024-05-21 04:00:00+00:00,0.5125,0.5353,-0.04259293853913704,-0.043691939722364626,0.001099001183227588,5.742762706652812,9
LINK,long,2024-05-15 20:00:00+00:00,2024-05-16 00:00:00+00:00,2024-05-22 12:00:00+00:00,13.869,16.569,0.19467878001297856,0.1931179516177015,0.0015608283952770474,6.536688716426203,39
ADA,long,2024-05-21 00:00:00+00:00,2024-05-21 04:00:00+00:00,2024-05-23 00:00:00+00:00,0.4986,0.4836,-0.030084235860409203,-0.032019956429621854,0.0019357205692126511,9.988775255673833,11
SOL,long,2024-05-15 16:00:00+00:00,2024-05-15 20:00:00+00:00,2024-05-23 04:00:00+00:00,154.92,178.88,0.15466046991995874,0.1532754946590449,0.0013849752609138566,6.000925858297193,44
XRP,long,2024-05-21 00:00:00+00:00,2024-05-21 04:00:00+00:00,2024-05-23 08:00:00+00:00,0.5353,0.529,-0.011769101438445673,-0.0129034850987918,0.0011343836603461277,5.742762706652812,13
AVAX,long,2024-05-20 20:00:00+00:00,2024-05-21 00:00:00+00:00,2024-05-23 20:00:00+00:00,40.131,37.537,-0.0646383095362687,-0.06607966295012513,0.0014413534138564277,7.710732744665526,17
BNB,long,2024-05-21 00:00:00+00:00,2024-05-21 04:00:00+00:00,2024-05-23 20:00:00+00:00,597.8,590.2,-0.012713282034125029,-0.013987228785220851,0.0012739467510958224,6.455921962584254,16
BTC,long,2024-05-20 16:00:00+00:00,2024-05-20 20:00:00+00:00,2024-05-23 20:00:00+00:00,70047.3,67218.4,-0.04038556803759763,-0.04134718758412448,0.0009616195465268484,5.012959217987713,18
DOT,long,2024-05-21 00:00:00+00:00,2024-05-21 04:00:00+00:00,2024-05-23 20:00:00+00:00,7.489,7.129,-0.04807050340499408,-0.049791305910056094,0.0017208025050620135,9.046674492363598,16
LINK,short,2024-05-22 08:00:00+00:00,2024-05-22 12:00:00+00:00,2024-05-24 12:00:00+00:00,16.569,17.569,-0.05691843588138201,-0.05815055660618673,0.0012321207248047195,6.536688716426203,12
ETH,long,2024-05-20 20:00:00+00:00,2024-05-21 00:00:00+00:00,2024-05-24 20:00:00+00:00,3662.67,3743.49,0.02206586998009641,0.021035753656163836,0.0010301163239325728,5.041924062981029,23
XRP,short,2024-05-23 04:00:00+00:00,2024-05-23 08:00:00+00:00,2024-05-25 04:00:00+00:00,0.529,0.5348,-0.01084517576664179,-0.011980619995107356,0.0011354442284655653,5.742762706652812,11
BTC,short,2024-05-23 16:00:00+00:00,2024-05-23 20:00:00+00:00,2024-05-25 16:00:00+00:00,67218.4,68921.7,-0.0247135517551077,-0.025690876064598522,0.0009773243094908235,5.012959217987713,11
DOT,short,2024-05-23 16:00:00+00:00,2024-05-23 20:00:00+00:00,2024-05-26 00:00:00+00:00,7.129,7.423,-0.039606628047959114,-0.041342730696539154,0.0017361026485800402,9.046674492363598,13
BNB,short,2024-05-23 16:00:00+00:00,2024-05-23 20:00:00+00:00,2024-05-26 04:00:00+00:00,590.2,602.1,-0.019764158777611618,-0.021029007420370394,0.0012648486427587757,6.455921962584254,14
ETH,short,2024-05-24 16:00:00+00:00,2024-05-24 20:00:00+00:00,2024-05-26 08:00:00+00:00,3743.49,3785.24,-0.011029683718865924,-0.012026443807044873,0.0009967600881789496,5.041924062981029,9
XRP,long,2024-05-25 00:00:00+00:00,2024-05-25 04:00:00+00:00,2024-05-27 04:00:00+00:00,0.5348,0.5316,-0.005983545250561106,-0.007124570112285733,0.0011410248617246266,5.742762706652812,12
LINK,long,2024-05-24 08:00:00+00:00,2024-05-24 12:00:00+00:00,2024-05-27 08:00:00+00:00,17.569,17.09,-0.027263930787181923,-0.028534794640577732,0.0012708638533958094,6.536688716426203,17
BTC,long,2024-05-25 12:00:00+00:00,2024-05-25 16:00:00+00:00,2024-05-27 12:00:00+00:00,68921.7,68439.1,-0.007002148815249631,-0.007997221535660626,0.0009950727204109944,5.012959217987713,11
ADA,short,2024-05-22 20:00:00+00:00,2024-05-23 00:00:00+00:00,2024-05-27 20:00:00+00:00,0.4836,0.4645,0.041119483315392724,0.0390416571026706,0.0020778262127221225,9.988775255673833,29
BTC,short,2024-05-27 08:00:00+00:00,2024-05-27 12:00:00+00:00,2024-05-27 20:00:00+00:00,68439.1,69276.7,-0.012090645195282024,-0.013080618786898701,0.0009899735916166774,5.012959217987713,2
LINK,short,2024-05-27 04:00:00+00:00,2024-05-27 08:00:00+00:00,2024-05-27 20:00:00+00:00,17.09,18.591,-0.08073799150126415,-0.08193899236406399,0.0012010008627998392,6.536688716426203,3
SOL,short,2024-05-23 00:00:00+00:00,2024-05-23 04:00:00+00:00,2024-05-28 00:00:00+00:00,178.88,170.16,0.05124588622472959,0.04998495317688789,0.0012609330478416947,6.000925858297193,29
AVAX,short,2024-05-23 16:00:00+00:00,2024-05-23 20:00:00+00:00,2024-05-28 04:00:00+00:00,37.537,37.201,0.00903201526840669,0.00747713895187041,0.00155487631653628,7.710732744665526,26
AVAX,long,2024-05-28 00:00:00+00:00,2024-05-28 04:00:00+00:00,2024-05-28 12:00:00+00:00,37.201,37.274,0.001962312841052638,0.0004183306415539434,0.0015439821994986946,7.710732744665526,2
BNB,long,2024-05-26 00:00:00+00:00,2024-05-26 04:00:00+00:00,2024-05-28 12:00:00+00:00,602.1,601.9,-0.00033217073575830813,-0.0016220934705539758,0.0012899227347956677,6.455921962584254,14
BTC,long,2024-05-27 16:00:00+00:00,2024-05-27 20:00:00+00:00,2024-05-28 12:00:00+00:00,69276.7,68402.4,-0.012620404840299915,-0.013609847565338784,0.0009894427250388693,5.012959217987713,4
ADA,long,2024-05-27 16:00:00+00:00,2024-05-27 20:00:00+00:00,2024-05-28 16:00:00+00:00,0.4645,0.4578,-0.014424111948331597,-0.016391086390399878,0.001966974442068281,9.988775255673833,5
DOT,long,2024-05-25 20:00:00+00:00,2024-05-26 00:00:00+00:00,2024-05-28 20:00:00+00:00,7.423,7.436,0.0017513134851139256,-5.9551895001286326e-05,0.001810865380115212,9.046674492363598,17
ETH,long,2024-05-26 04:00:00+00:00,2024-05-26 08:00:00+00:00,2024-05-29 04:00:00+00:00,3785.24,3852.13,0.017671270513890835,0.01664558340414124,0.0010256871097495956,5.041924062981029,17
SOL,long,2024-05-27 20:00:00+00:00,2024-05-28 00:00:00+00:00,2024-05-30 12:00:00+00:00,170.16,166.26,-0.022919605077574068,-0.024091579186105938,0.0011719741085318702,6.000925858297193,15
LINK,long,2024-05-27 16:00:00+00:00,2024-05-27 20:00:00+00:00,2024-05-31 00:00:00+00:00,18.591,17.944,-0.03480178581033844,-0.03606280157874564,0.0012610157684072032,6.536688716426203,19
BTC,short,2024-05-28 08:00:00+00:00,2024-05-28 12:00:00+00:00,2024-05-31 04:00:00+00:00,68402.4,68536.2,-0.001952252969963375,-0.0029523861379781025,0.0010001331680147274,5.012959217987713,16
BTC,long,2024-05-31 00:00:00+00:00,2024-05-31 04:00:00+00:00,2024-06-01 00:00:00+00:00,68536.2,67558.8,-0.014261076628117597,-0.015248875253184524,0.0009877986250669268,5.012959217987713,5
ETH,short,2024-05-29 00:00:00+00:00,2024-05-29 04:00:00+00:00,2024-06-01 12:00:00+00:00,3852.13,3788.45,0.016808985205031268,0.015784167172508967,0.001024818032522301,5.041924062981029,20
LINK,short,2024-05-30 20:00:00+00:00,2024-05-31 00:00:00+00:00,2024-06-01 12:00:00+00:00,17.944,18.548,-0.03256415786068578,-0.033828097053615225,0.001263939192929442,6.536688716426203,9
BNB,short,2024-05-28 08:00:00+00:00,2024-05-28 12:00:00+00:00,2024-06-01 20:00:00+00:00,601.9,597.7,0.007026936590262656,0.00572751802138094,0.0012994185688817161,6.455921962584254,26
DOT,short,2024-05-28 16:00:00+00:00,2024-05-28 20:00:00+00:00,2024-06-02 00:00:00+00:00,7.436,7.063,0.05281042050120344,0.050907255597254064,0.0019031649039493725,9.046674492363598,25
ADA,short,2024-05-28 12:00:00+00:00,2024-05-28 16:00:00+00:00,2024-06-02 08:00:00+00:00,0.4578,0.4519,0.013055985837574502,0.011034167673510176,0.0020218181640643262,9.988775255673833,28
BTC,short,2024-05-31 20:00:00+00:00,2024-06-01 00:00:00+00:00,2024-06-02 20:00:00+00:00,67558.8,67741.1,-0.002691128428679246,-0.0036905211773549107,0.0009993927486756649,5.012959217987713,11
ADA,long,2024-06-02 04:00:00+00:00,2024-06-02 08:00:00+00:00,2024-06-03 04:00:00+00:00,0.4519,0.4498,-0.004647045806594474,-0.006633532941142772,0.001986487134548298,9.988775255673833,5
LINK,long,2024-06-01 08:00:00+00:00,2024-06-01 12:00:00+00:00,2024-06-03 04:00:00+00:00,18.548,18.072,-0.025663144274315264,-0.02693609952925402,0.0012729552549387568,6.536688716426203,10
ADA,short,2024-06-03 00:00:00+00:00,2024-06-03 04:00:00+00:00,2024-06-03 16:00:00+00:00,0.4498,0.4531,-0.007283160450231807,-0.009264386528586188,0.001981226078354381,9.988775255673833,3
XRP,short,2024-05-27 00:00:00+00:00,2024-05-27 04:00:00+00:00,2024-06-03 20:00:00+00:00,0.5316,0.5218,0.01878114220007654,0.017611690118722878,0.0011694520813536613,5.742762706652812,46
ETH,long,2024-06-01 08:00:00+00:00,2024-06-01 12:00:00+00:00,2024-06-04 04:00:00+00:00,3788.45,3774.72,-0.003624173474640058,-0.0046283974036669395,0.0010042239290268817,5.041924062981029,16
SOL,short,2024-05-30 08:00:00+00:00,2024-05-30 12:00:00+00:00,2024-06-04 08:00:00+00:00,166.26,165.31,0.005746778779263106,0.004540420335685802,0.0012063584435773045,6.000925858297193,29
DOT,long,2024-06-01 20:00:00+00:00,2024-06-02 00:00:00+00:00,2024-06-04 12:00:00+00:00,7.063,7.009,-0.007645476426447639,-0.009439355233841651,0.0017938788073940115,9.046674492363598,15
DOT,short,2024-06-04 08:00:00+00:00,2024-06-04 12:00:00+00:00,2024-06-05 00:00:00+00:00,7.009,7.183,-0.02422386189614356,-0.025987771963890127,0.0017639100677465658,9.046674492363598,3
AVAX,short,2024-05-28 08:00:00+00:00,2024-05-28 12:00:00+00:00,2024-06-05 04:00:00+00:00,37.274,36.32,0.02626651982378858,0.024685085853426658,0.001581433970361923,7.710732744665526,46
ETH,short,2024-06-04 00:00:00+00:00,2024-06-04 04:00:00+00:00,2024-06-05 04:00:00+00:00,3774.72,3812.21,-0.00983419066630653,-0.010832155664017074,0.0009979649977105431,5.041924062981029,6
ADA,long,2024-06-03 12:00:00+00:00,2024-06-03 16:00:00+00:00,2024-06-07 00:00:00+00:00,0.4531,0.4582,0.01125579342308547,0.009237568013787945,0.002018225409297525,9.988775255673833,20
XRP,long,2024-06-03 16:00:00+00:00,2024-06-03 20:00:00+00:00,2024-06-07 00:00:00+00:00,0.5218,0.5214,-0.0007665772326562736,-0.0019135906171893202,0.0011470133845330466,5.742762706652812,19
DOT,long,2024-06-04 20:00:00+00:00,2024-06-05 00:00:00+00:00,2024-06-07 08:00:00+00:00,7.183,7.153,-0.004176527913128281,-0.005976677537124719,0.0018001496239964387,9.046674492363598,14
ETH,long,2024-06-05 00:00:00+00:00,2024-06-05 04:00:00+00:00,2024-06-07 08:00:00+00:00,3812.21,3816.77,0.0011961565601055213,0.00018707433299702814,0.0010090822271084932,5.041924062981029,13
SOL,long,2024-06-04 04:00:00+00:00,2024-06-04 08:00:00+00:00,2024-06-07 08:00:00+00:00,165.31,172.03,0.04065089831226176,0.039402673585637205,0.0012482247266245583,6.000925858297193,18
AVAX,long,2024-06-05 00:00:00+00:00,2024-06-05 04:00:00+00:00,2024-06-07 12:00:00+00:00,36.32,36.34,0.0005506607929515184,-0.0009911461095261087,0.001541806902477627,7.710732744665526,14
ADA,short,2024-06-06 20:00:00+00:00,2024-06-07 00:00:00+00:00,2024-06-07 16:00:00+00:00,0.4582,0.4789,-0.04322405512633121,-0.04513355174974454,0.0019094966234133315,9.988775255673833,4
BTC,long,2024-06-02 16:00:00+00:00,2024-06-02 20:00:00+00:00,2024-06-08 00:00:00+00:00,67741.1,69350.0,0.023750721496993643,0.022724831648141208,0.0010258898488524348,5.012959217987713,31
BNB,long,2024-06-01 16:00:00+00:00,2024-06-01 20:00:00+00:00,2024-06-08 04:00:00+00:00,597.7,682.2,0.1413752718755228,0.13990249675060018,0.0014727751249226095,6.455921962584254,38
ADA,long,2024-06-07 12:00:00+00:00,2024-06-07 16:00:00+00:00,2024-06-08 08:00:00+00:00,0.4789,0.4455,-0.06974316141156811,-0.07159973222285276,0.0018565708112846524,9.988775255673833,4
ADA,short,2024-06-08 04:00:00+00:00,2024-06-08 08:00:00+00:00,2024-06-10 20:00:00+00:00,0.4455,0.4408,0.010662431941923733,0.008645390740643855,0.002017041201279879,9.988775255673833,15
BTC,short,2024-06-07 20:00:00+00:00,2024-06-08 00:00:00+00:00,2024-06-11 00:00:00+00:00,69350.0,69539.1,-0.002719333439748395,-0.0037186979244785423,0.0009993644847301475,5.012959217987713,18
XRP,short,2024-06-06 20:00:00+00:00,2024-06-07 00:00:00+00:00,2024-06-11 00:00:00+00:00,0.5214,0.4969,0.049305695310927655,0.04810120429855225,0.0012044910123754082,5.742762706652812,24
ADA,long,2024-06-10 16:00:00+00:00,2024-06-10 20:00:00+00:00,2024-06-11 08:00:00+00:00,0.4408,0.4318,-0.02041742286751358,-0.02237243609021322,0.001955013222699642,9.988775255673833,3
BTC,long,2024-06-10 20:00:00+00:00,2024-06-11 00:00:00+00:00,2024-06-11 08:00:00+00:00,69539.1,67561.0,-0.02844586714524644,-0.029419451340673253,0.0009735841954268132,5.012959217987713,2
XRP,long,2024-06-10 20:00:00+00:00,2024-06-11 00:00:00+00:00,2024-06-11 08:00:00+00:00,0.4969,0.4858,-0.022338498691889752,-0.02346074981159052,0.0011222511197007679,5.742762706652812,2
DOT,short,2024-06-07 04:00:00+00:00,2024-06-07 08:00:00+00:00,2024-06-12 20:00:00+00:00,7.153,6.706,0.06665672532060829,0.06472853045792304,0.0019281948626852508,9.046674492363598,33
AVAX,short,2024-06-07 08:00:00+00:00,2024-06-07 12:00:00+00:00,2024-06-13 00:00:00+00:00,36.34,33.273,0.09217684008054583,0.09049384105136316,0.0016829990291826746,7.710732744665526,33
LINK,short,2024-06-03 00:00:00+00:00,2024-06-03 04:00:00+00:00,2024-06-13 04:00:00+00:00,18.072,15.521,0.16435796662586166,0.16283675188012325,0.0015212147457384084,6.536688716426203,60
ADA,short,2024-06-11 04:00:00+00:00,2024-06-11 08:00:00+00:00,2024-06-13 08:00:00+00:00,0.4318,0.4312,0.0013914656771798484,-0.0006070728862848096,0.001998538563464658,9.988775255673833,12
XRP,short,2024-06-11 04:00:00+00:00,2024-06-11 08:00:00+00:00,2024-06-13 12:00:00+00:00,0.4858,0.4844,0.0028901734104045396,0.0017389624661863223,0.0011512109442182172,5.742762706652812,13
ADA,long,2024-06-13 04:00:00+00:00,2024-06-13 08:00:00+00:00,2024-06-13 20:00:00+00:00,0.4312,0.4237,-0.017393320964749548,-0.019354369573688968,0.0019610486089394197,9.988775255673833,3
AVAX,long,2024-06-12 20:00:00+00:00,2024-06-13 00:00:00+00:00,2024-06-13 20:00:00+00:00,33.273,31.484,-0.05376731884711328,-0.055225424004922474,0.0014581051578091975,7.710732744665526,5
LINK,long,2024-06-13 00:00:00+00:00,2024-06-13 04:00:00+00:00,2024-06-13 20:00:00+00:00,15.521,15.344,-0.01140390438760397,-0.012695489107535929,0.0012915847199319597,6.536688716426203,4
XRP,long,2024-06-13 08:00:00+00:00,2024-06-13 12:00:00+00:00,2024-06-13 20:00:00+00:00,0.4844,0.4819,-0.005161023947151122,-0.006302992975596555,0.0011419690284454331,5.742762706652812,2
DOT,long,2024-06-12 16:00:00+00:00,2024-06-12 20:00:00+00:00,2024-06-14 04:00:00+00:00,6.706,6.354,-0.05249030718759329,-0.05420312001542793,0.0017128128278346422,9.046674492363598,8
ETH,short,2024-06-07 04:00:00+00:00,2024-06-07 08:00:00+00:00,2024-06-15 16:00:00+00:00,3816.77,3565.48,0.07047858913806837,0.06939967876498954,0.001078910373078834,5.041924062981029,50
BNB,short,2024-06-08 00:00:00+00:00,2024-06-08 04:00:00+00:00,2024-06-15 20:00:00+00:00,682.2,606.9,0.12407315867523483,0.12262270935546837,0.0014504493197664559,6.455921962584254,46
XRP,short,2024-06-13 16:00:00+00:00,2024-06-13 20:00:00+00:00,2024-06-16 00:00:00+00:00,0.4819,0.4907,-0.01793356429590387,-0.019060871810431923,0.0011273075145280531,5.742762706652812,13
BTC,short,2024-06-11 04:00:00+00:00,2024-06-11 08:00:00+00:00,2024-06-17 00:00:00+00:00,67561.0,66682.0,0.013181968147326195,0.012166669135235564,0.0010152990120906313,5.012959217987713,34
DOT,short,2024-06-14 00:00:00+00:00,2024-06-14 04:00:00+00:00,2024-06-17 00:00:00+00:00,6.354,6.397,-0.0067219008910427425,-0.008517449245499353,0.0017955483544566109,9.046674492363598,17
SOL,short,2024-06-07 04:00:00+00:00,2024-06-07 08:00:00+00:00,2024-06-17 00:00:00+00:00,172.03,151.26,0.1373132354885629,0.13594906763481207,0.0013641678537508195,6.000925858297193,58
ADA,short,2024-06-13 16:00:00+00:00,2024-06-13 20:00:00+00:00,2024-06-17 04:00:00+00:00,0.4237,0.4124,0.02740058195926287,0.025350135402098406,0.0020504465571644648,9.988775255673833,20
LINK,short,2024-06-13 16:00:00+00:00,2024-06-13 20:00:00+00:00,2024-06-17 04:00:00+00:00,15.344,14.8,0.0367567567567566,0.03540225091634697,0.0013545058404096366,6.536688716426203,20
ADA,long,2024-06-17 00:00:00+00:00,2024-06-17 04:00:00+00:00,2024-06-17 12:00:00+00:00,0.4124,0.4047,-0.018671193016488785,-0.020629691297547326,0.0019584982810585405,9.988775255673833,2
LINK,long,2024-06-17 00:00:00+00:00,2024-06-17 04:00:00+00:00,2024-06-17 12:00:00+00:00,14.8,14.332,-0.03162162162162163,-0.03288679222281765,0.0012651706011960195,6.536688716426203,2
BNB,long,2024-06-15 16:00:00+00:00,2024-06-15 20:00:00+00:00,2024-06-17 16:00:00+00:00,606.9,597.4,-0.015653320151590044,-0.016923473220526675,0.0012701530689366303,6.455921962584254,11
BTC,long,2024-06-16 20:00:00+00:00,2024-06-17 00:00:00+00:00,2024-06-17 16:00:00+00:00,66682.0,65365.2,-0.019747458084640623,-0.020729758864455827,0.000982300779815204,5.012959217987713,4
DOT,long,2024-06-16 20:00:00+00:00,2024-06-17 00:00:00+00:00,2024-06-17 20:00:00+00:00,6.397,6.246,-0.023604814756917225,-0.025369843875887477,0.0017650291189702516,9.046674492363598,5
SOL,long,2024-06-16 20:00:00+00:00,2024-06-17 00:00:00+00:00,2024-06-17 20:00:00+00:00,151.26,144.55,-0.04436070342456688,-0.045506959677892755,0.0011462562533258724,6.000925858297193,5
ETH,long,2024-06-15 12:00:00+00:00,2024-06-15 16:00:00+00:00,2024-06-18 00:00:00+00:00,3565.48,3511.11,-0.015248998732288466,-0.016241506271391093,0.0009925075391026272,5.041924062981029,14
XRP,long,2024-06-15 20:00:00+00:00,2024-06-16 00:00:00+00:00,2024-06-19 00:00:00+00:00,0.4907,0.491,0.0006113715100874995,-0.0005372236126210961,0.0011485951227085955,5.742762706652812,18
ETH,short,2024-06-17 20:00:00+00:00,2024-06-18 00:00:00+00:00,2024-06-19 16:00:00+00:00,3511.11,3529.39,-0.005179365272752423,-0.006182021760281486,0.0010026564875290633,5.041924062981029,10
LINK,short,2024-06-17 08:00:00+00:00,2024-06-17 12:00:00+00:00,2024-06-20 00:00:00+00:00,14.332,14.345,-0.0009062391077030441,-0.0022115388565843164,0.0013052997488812723,6.536688716426203,15
BNB,short,2024-06-17 12:00:00+00:00,2024-06-17 16:00:00+00:00,2024-06-20 04:00:00+00:00,597.4,598.1,-0.0011703728473499986,-0.0024592140069181756,0.001288841159568177,6.455921962584254,15
XRP,short,2024-06-18 20:00:00+00:00,2024-06-19 00:00:00+00:00,2024-06-20 12:00:00+00:00,0.491,0.5009,-0.019764424036733952,-0.020889629919570996,0.0011252058828370437,5.742762706652812,9
ADA,short,2024-06-17 08:00:00+00:00,2024-06-17 12:00:00+00:00,2024-06-20 16:00:00+00:00,0.4047,0.3815,0.06081258191349925,0.058695452972192586,0.0021171289413066674,9.988775255673833,19
AVAX,short,2024-06-13 16:00:00+00:00,2024-06-13 20:00:00+00:00,2024-06-20 16:00:00+00:00,31.484,27.31,0.15283778835591377,0.15106131333153505,0.0017764750243787208,7.710732744665526,41
BTC,short,2024-06-17 12:00:00+00:00,2024-06-17 16:00:00+00:00,2024-06-20 16:00:00+00:00,65365.2,64828.7,0.00827565568953248,0.007265273241640946,0.0010103824478915335,5.012959217987713,18
ADA,long,2024-06-20 12:00:00+00:00,2024-06-20 16:00:00+00:00,2024-06-21 04:00:00+00:00,0.3815,0.387,0.014416775884665833,0.012392241908175228,0.0020245339764906056,9.988775255673833,3
BNB,long,2024-06-20 00:00:00+00:00,2024-06-20 04:00:00+00:00,2024-06-21 04:00:00+00:00,598.1,586.3,-0.019729142283899104,-0.02099403611023798,0.0012648938263388754,6.455921962584254,6
BTC,long,2024-06-20 12:00:00+00:00,2024-06-20 16:00:00+00:00,2024-06-21 04:00:00+00:00,64828.7,64502.6,-0.005030179534681323,-0.006027228344803293,0.0009970488101219699,5.012959217987713,3
XRP,long,2024-06-20 08:00:00+00:00,2024-06-20 12:00:00+00:00,2024-06-21 04:00:00+00:00,0.5009,0.4884,-0.024955080854461964,-0.026074328416941905,0.0011192475624799414,5.742762706652812,4
ETH,long,2024-06-19 12:00:00+00:00,2024-06-19 16:00:00+00:00,2024-06-21 12:00:00+00:00,3529.39,3503.34,-0.007380878848752825,-0.008381316482156564,0.001000437633403739,5.041924062981029,11
LINK,long,2024-06-19 20:00:00+00:00,2024-06-20 00:00:00+00:00,2024-06-22 00:00:00+00:00,14.345,13.848,-0.03464621819449287,-0.03590743720945977,0.0012612190149668967,6.536688716426203,12
AVAX,long,2024-06-20 12:00:00+00:00,2024-06-20 16:00:00+00:00,2024-06-22 08:00:00+00:00,27.31,25.329,-0.07253753203954594,-0.07396671308047109,0.0014291810409251537,7.710732744665526,10
SOL,short,2024-06-17 16:00:00+00:00,2024-06-17 20:00:00+00:00,2024-06-22 20:00:00+00:00,144.55,134.48,0.07488102320047618,0.07359174062404783,0.0012892825764283522,6.000925858297193,30
DOT,short,2024-06-17 16:00:00+00:00,2024-06-17 20:00:00+00:00,2024-06-23 04:00:00+00:00,6.246,5.772,0.08212058212058215,0.0801644332512037,0.001956148869378449,9.046674492363598,32
ADA,short,2024-06-21 00:00:00+00:00,2024-06-21 04:00:00+00:00,2024-06-23 08:00:00+00:00,0.387,0.3887,-0.004373552868536135,-0.006360585829768839,0.0019870329612327042,9.988775255673833,13
BNB,short,2024-06-21 00:00:00+00:00,2024-06-21 04:00:00+00:00,2024-06-23 08:00:00+00:00,586.3,592.4,-0.010297096556380891,-0.01157416103567388,0.0012770644792929886,6.455921962584254,13
SOL,long,2024-06-22 16:00:00+00:00,2024-06-22 20:00:00+00:00,2024-06-23 20:00:00+00:00,134.48,131.49,-0.022233789411064686,-0.02340658613174662,0.0011727967206819345,6.000925858297193,6
BNB,long,2024-06-23 04:00:00+00:00,2024-06-23 08:00:00+00:00,2024-06-24 04:00:00+00:00,592.4,576.2,-0.027346387575962083,-0.0286014524795416,0.001255064903579517,6.455921962584254,5
DOT,long,2024-06-23 00:00:00+00:00,2024-06-23 04:00:00+00:00,2024-06-24 08:00:00+00:00,5.772,5.604,-0.029106029106029108,-0.030861113682397412,0.0017550845763683043,9.046674492363598,7
ADA,long,2024-06-23 04:00:00+00:00,2024-06-23 08:00:00+00:00,2024-06-24 12:00:00+00:00,0.3887,0.3725,-0.041677386158991525,-0.04358996956482919,0.0019125834058376645,9.988775255673833,7
DOT,short,2024-06-24 04:00:00+00:00,2024-06-24 08:00:00+00:00,2024-06-25 12:00:00+00:00,5.604,5.863,-0.04417533685826369,-0.04590318065406751,0.0017278437958038184,9.046674492363598,7
LINK,short,2024-06-21 20:00:00+00:00,2024-06-22 00:00:00+00:00,2024-06-25 12:00:00+00:00,13.848,13.92,-0.005172413793103403,-0.006472139854145076,0.0012997260610416728,6.536688716426203,21
SOL,short,2024-06-23 16:00:00+00:00,2024-06-23 20:00:00+00:00,2024-06-25 12:00:00+00:00,131.49,137.76,-0.045513937282229855,-0.0466588102714669,0.0011448729892370446,6.000925858297193,10
ADA,short,2024-06-24 08:00:00+00:00,2024-06-24 12:00:00+00:00,2024-06-25 16:00:00+00:00,0.3725,0.3947,-0.05624524955662524,-0.058128758981122575,0.0018835094244973316,9.988775255673833,7
AVAX,short,2024-06-22 04:00:00+00:00,2024-06-22 08:00:00+00:00,2024-06-25 20:00:00+00:00,25.329,25.527,-0.0077564931249265445,-0.009285499049150658,0.0015290059242241139,7.710732744665526,21
BNB,short,2024-06-24 00:00:00+00:00,2024-06-24 04:00:00+00:00,2024-06-26 08:00:00+00:00,576.2,578.7,-0.004320027648176961,-0.005604804646415218,0.0012847769982382573,6.455921962584254,13
ETH,short,2024-06-21 08:00:00+00:00,2024-06-21 12:00:00+00:00,2024-06-26 08:00:00+00:00,3503.34,3401.69,0.02988220560956467,0.028844211383471485,0.0010379942260931863,5.041924062981029,29
BNB,long,2024-06-26 04:00:00+00:00,2024-06-26 08:00:00+00:00,2024-06-27 08:00:00+00:00,578.7,569.6,-0.01572490063936416,-0.016994961344321657,0.0012700607049574986,6.455921962584254,6
ADA,long,2024-06-25 12:00:00+00:00,2024-06-25 16:00:00+00:00,2024-06-27 12:00:00+00:00,0.3947,0.38,-0.037243476057765346,-0.03916490849080967,0.0019214324330443233,9.988775255673833,11
LINK,long,2024-06-25 08:00:00+00:00,2024-06-25 12:00:00+00:00,2024-06-27 16:00:00+00:00,13.92,14.089,0.012140804597701171,0.01081845909842194,0.0013223454992792316,6.536688716426203,13
BNB,short,2024-06-27 04:00:00+00:00,2024-06-27 08:00:00+00:00,2024-06-28 00:00:00+00:00,569.6,581.5,-0.020464316423043805,-0.02172826161643837,0.0012639451933945667,6.455921962584254,4
LINK,short,2024-06-27 12:00:00+00:00,2024-06-27 16:00:00+00:00,2024-06-28 00:00:00+00:00,14.089,14.429,-0.023563656525053656,-0.024839354726589935,0.0012756982015362794,6.536688716426203,2
ADA,short,2024-06-27 08:00:00+00:00,2024-06-27 12:00:00+00:00,2024-06-28 08:00:00+00:00,0.38,0.3866,-0.017071908949818915,-0.019033599020493064,0.001961690070674149,9.988775255673833,5
BTC,short,2024-06-21 00:00:00+00:00,2024-06-21 04:00:00+00:00,2024-06-28 08:00:00+00:00,64502.6,61344.0,0.05148995826812719,0.050436271221362405,0.001053687046764784,5.012959217987713,43
XRP,short,2024-06-21 00:00:00+00:00,2024-06-21 04:00:00+00:00,2024-06-28 08:00:00+00:00,0.4884,0.4778,0.022185014650481394,0.02101165528663418,0.001173359363847215,5.742762706652812,43
BTC,long,2024-06-28 04:00:00+00:00,2024-06-28 08:00:00+00:00,2024-06-29 00:00:00+00:00,61344.0,60431.0,-0.014883281168492468,-0.015870456288922363,0.000987175120429895,5.012959217987713,4
BNB,long,2024-06-27 20:00:00+00:00,2024-06-28 00:00:00+00:00,2024-06-29 04:00:00+00:00,581.5,569.5,-0.020636285468615623,-0.021900008761519874,0.0012637232929042508,6.455921962584254,7
ETH,long,2024-06-26 04:00:00+00:00,2024-06-26 08:00:00+00:00,2024-06-29 08:00:00+00:00,3401.69,3399.25,-0.0007172905232399884,-0.0017244442317144726,0.0010071537084744842,5.041924062981029,18
LINK,long,2024-06-27 20:00:00+00:00,2024-06-28 00:00:00+00:00,2024-06-29 12:00:00+00:00,14.429,13.86,-0.0394344722433988,-0.040689435482329284,0.0012549632389304843,6.536688716426203,9
SOL,long,2024-06-25 08:00:00+00:00,2024-06-25 12:00:00+00:00,2024-06-29 12:00:00+00:00,137.76,142.64,0.03542392566782815,0.0341819705139399,0.0012419551538882523,6.000925858297193,24
DOT,long,2024-06-25 08:00:00+00:00,2024-06-25 12:00:00+00:00,2024-06-30 04:00:00+00:00,5.863,6.088,0.038376257888453,0.036499185613496854,0.0018770722749561486,9.046674492363598,28
ADA,long,2024-06-28 04:00:00+00:00,2024-06-28 08:00:00+00:00,2024-06-30 08:00:00+00:00,0.3866,0.3876,0.002586652871184647,0.0005857289990971459,0.002000923872087501,9.988775255673833,12
XRP,long,2024-06-28 04:00:00+00:00,2024-06-28 08:00:00+00:00,2024-06-30 08:00:00+00:00,0.4778,0.4747,-0.0064880703223105796,-0.007628516043068689,0.0011404457207581098,5.742762706652812,12
BTC,short,2024-06-28 20:00:00+00:00,2024-06-29 00:00:00+00:00,2024-06-30 16:00:00+00:00,60431.0,61720.0,-0.02088464031108228,-0.021865801532528484,0.0009811612214462029,5.012959217987713,10
BNB,short,2024-06-29 00:00:00+00:00,2024-06-29 04:00:00+00:00,2024-06-30 20:00:00+00:00,569.5,578.8,-0.016067726330338594,-0.01733734466970227,0.0012696183393636762,6.455921962584254,10
ETH,short,2024-06-29 04:00:00+00:00,2024-06-29 08:00:00+00:00,2024-07-01 04:00:00+00:00,3399.25,3498.09,-0.02825541938600784,-0.029234818057448764,0.000979398671440923,5.041924062981029,11
SOL,short,2024-06-29 08:00:00+00:00,2024-06-29 12:00:00+00:00,2024-07-01 04:00:00+00:00,142.64,147.62,-0.033735266224088956,-0.034894267321498806,0.0011590010974098508,6.000925858297193,10
ADA,short,2024-06-30 04:00:00+00:00,2024-06-30 08:00:00+00:00,2024-07-01 08:00:00+00:00,0.3876,0.398,-0.026130653266331683,-0.028074264243590497,0.001943610977258814,9.988775255673833,6
DOT,short,2024-06-30 00:00:00+00:00,2024-06-30 04:00:00+00:00,2024-07-01 08:00:00+00:00,6.088,6.303,-0.034110740917023596,-0.035856778478195794,0.0017460375611721979,9.046674492363598,7
LINK,short,2024-06-29 08:00:00+00:00,2024-06-29 12:00:00+00:00,2024-07-01 08:00:00+00:00,13.86,14.389,-0.03676419487108207,-0.03802264678396883,0.00125845191288676,6.536688716426203,11
XRP,short,2024-06-30 04:00:00+00:00,2024-06-30 08:00:00+00:00,2024-07-01 08:00:00+00:00,0.4747,0.4799,-0.010835590748072499,-0.011971045979116912,0.0011354552310444133,5.742762706652812,6
AVAX,long,2024-06-25 16:00:00+00:00,2024-06-25 20:00:00+00:00,2024-07-02 16:00:00+00:00,25.527,28.324,0.10957025894151284,0.10786045737817762,0.0017098015633352226,7.710732744665526,41
BNB,long,2024-06-30 16:00:00+00:00,2024-06-30 20:00:00+00:00,2024-07-03 00:00:00+00:00,578.8,580.0,0.0020732550103663705,0.0007802284312075081,0.0012930265791588624,6.455921962584254,13
ETH,long,2024-07-01 00:00:00+00:00,2024-07-01 04:00:00+00:00,2024-07-03 00:00:00+00:00,3498.09,3421.63,-0.021857642313376724,-0.022843489154933616,0.0009858468415568922,5.041924062981029,11
BTC,long,2024-06-30 12:00:00+00:00,2024-06-30 16:00:00+00:00,2024-07-03 04:00:00+00:00,61720.0,60990.0,-0.011827608554763502,-0.01281784573263578,0.0009902371778722774,5.012959217987713,15
DOT,long,2024-07-01 04:00:00+00:00,2024-07-01 08:00:00+00:00,2024-07-03 20:00:00+00:00,6.303,6.065,-0.03775979692210052,-0.039499238086441624,0.0017394411643411045,9.046674492363598,15
SOL,long,2024-07-01 00:00:00+00:00,2024-07-01 04:00:00+00:00,2024-07-03 20:00:00+00:00,147.62,140.47,-0.04843517138599107,-0.049576540456049645,0.0011413690700585732,6.000925858297193,16
LINK,long,2024-07-01 04:00:00+00:00,2024-07-01 08:00:00+00:00,2024-07-04 00:00:00+00:00,14.389,13.593,-0.055320036138717055,-0.05655424514678842,0.001234209008071363,6.536688716426203,16
XRP,long,2024-07-01 04:00:00+00:00,2024-07-01 08:00:00+00:00,2024-07-04 00:00:00+00:00,0.4799,0.467,-0.026880600125026022,-0.027997637396771857,0.0011170372717458354,5.742762706652812,16
ADA,long,2024-07-01 04:00:00+00:00,2024-07-01 08:00:00+00:00,2024-07-04 08:00:00+00:00,0.398,0.3937,-0.010804020100502632,-0.012778219382615141,0.00197419928211251,9.988775255673833,18
DOT,short,2024-07-03 16:00:00+00:00,2024-07-03 20:00:00+00:00,2024-07-06 16:00:00+00:00,6.065,6.009,0.009319354301880578,0.007494808177926027,0.0018245461239545513,9.046674492363598,17
SOL,short,2024-07-03 16:00:00+00:00,2024-07-03 20:00:00+00:00,2024-07-06 16:00:00+00:00,140.47,141.9,-0.010077519379845024,-0.011264897125595752,0.0011873777457507284,6.000925858297193,17
AVAX,short,2024-07-02 12:00:00+00:00,2024-07-02 16:00:00+00:00,2024-07-06 20:00:00+00:00,28.324,27.054,0.046943150735565986,0.045329854938003455,0.0016132957975625306,7.710732744665526,25
BNB,short,2024-07-02 20:00:00+00:00,2024-07-03 00:00:00+00:00,2024-07-07 00:00:00+00:00,580.0,526.1,0.10245200532218202,0.1010294548868711,0.0014225504353109208,6.455921962584254,24
LINK,short,2024-07-03 20:00:00+00:00,2024-07-04 00:00:00+00:00,2024-07-07 00:00:00+00:00,13.593,13.18,0.03133535660091047,0.029987933731628225,0.0013474228692822443,6.536688716426203,18
XRP,short,2024-07-03 20:00:00+00:00,2024-07-04 00:00:00+00:00,2024-07-07 00:00:00+00:00,0.467,0.4489,0.04032078413900653,0.03912660684626679,0.0011941772927397398,5.742762706652812,18
ADA,short,2024-07-04 04:00:00+00:00,2024-07-04 08:00:00+00:00,2024-07-07 04:00:00+00:00,0.3937,0.3703,0.06319200648123147,0.06107012877590923,0.0021218777053222393,9.988775255673833,17
BTC,short,2024-07-03 00:00:00+00:00,2024-07-03 04:00:00+00:00,2024-07-07 04:00:00+00:00,60990.0,57963.5,0.0522138932259093,0.05115948073152454,0.00105441249438476,5.012959217987713,24
ETH,short,2024-07-02 20:00:00+00:00,2024-07-03 00:00:00+00:00,2024-07-07 08:00:00+00:00,3421.63,3004.39,0.13887677698301504,0.13772892967358397,0.0011478473094310715,5.041924062981029,26
ETH,long,2024-07-07 04:00:00+00:00,2024-07-07 08:00:00+00:00,2024-07-07 20:00:00+00:00,3004.39,2985.56,-0.006267495231977227,-0.007269055018729542,0.0010015597867523152,5.041924062981029,3
BNB,long,2024-07-06 20:00:00+00:00,2024-07-07 00:00:00+00:00,2024-07-08 00:00:00+00:00,526.1,490.7,-0.06728758791104361,-0.06849111463278001,0.0012035267217364032,6.455921962584254,6
ADA,long,2024-07-07 00:00:00+00:00,2024-07-07 04:00:00+00:00,2024-07-08 04:00:00+00:00,0.3703,0.3438,-0.07156359708344595,-0.07341653473924925,0.0018529376558032995,9.988775255673833,6
BTC,long,2024-07-07 00:00:00+00:00,2024-07-07 04:00:00+00:00,2024-07-08 04:00:00+00:00,57963.5,55160.0,-0.04836664452629669,-0.04932026631987385,0.000953621793577164,5.012959217987713,6
XRP,long,2024-07-06 20:00:00+00:00,2024-07-07 00:00:00+00:00,2024-07-08 04:00:00+00:00,0.4489,0.4145,-0.07663176654043224,-0.07769169477991966,0.0010599282394874177,5.742762706652812,7
LINK,long,2024-07-06 20:00:00+00:00,2024-07-07 00:00:00+00:00,2024-07-08 08:00:00+00:00,13.18,12.596,-0.04430955993930197,-0.04555815395544849,0.0012485940161465203,6.536688716426203,8
SOL,long,2024-07-06 12:00:00+00:00,2024-07-06 16:00:00+00:00,2024-07-08 08:00:00+00:00,141.9,132.6,-0.06553911205074003,-0.066659965536086,0.0011208534853459629,6.000925858297193,10
LINK,short,2024-07-08 04:00:00+00:00,2024-07-08 08:00:00+00:00,2024-07-08 16:00:00+00:00,12.596,12.823,-0.017702565702253814,-0.018985921323622423,0.0012833556213686093,6.536688716426203,2
ADA,short,2024-07-08 00:00:00+00:00,2024-07-08 04:00:00+00:00,2024-07-09 00:00:00+00:00,0.3438,0.369,-0.06829268292682922,-0.0701521485472737,0.0018594656204444782,9.988775255673833,5
AVAX,long,2024-07-06 16:00:00+00:00,2024-07-06 20:00:00+00:00,2024-07-09 00:00:00+00:00,27.054,25.209,-0.0681969394544244,-0.06963280916776848,0.0014358697133440845,7.710732744665526,13
DOT,long,2024-07-06 12:00:00+00:00,2024-07-06 16:00:00+00:00,2024-07-09 00:00:00+00:00,6.009,5.942,-0.011149941754035608,-0.012937485541098637,0.0017875437870630284,9.046674492363598,14
SOL,short,2024-07-08 04:00:00+00:00,2024-07-08 08:00:00+00:00,2024-07-09 04:00:00+00:00,132.6,140.45,-0.055891776432894225,-0.05702420156333632,0.001132425130442094,6.000925858297193,5
BNB,short,2024-07-07 20:00:00+00:00,2024-07-08 00:00:00+00:00,2024-07-09 08:00:00+00:00,490.7,512.5,-0.042536585365853696,-0.043772049577181504,0.001235464211327808,6.455921962584254,8
ETH,short,2024-07-07 16:00:00+00:00,2024-07-07 20:00:00+00:00,2024-07-09 08:00:00+00:00,2985.56,3061.8,-0.024900385394212576,-0.02588316552606995,0.0009827801318573748,5.041924062981029,9
XRP,short,2024-07-08 00:00:00+00:00,2024-07-08 04:00:00+00:00,2024-07-09 12:00:00+00:00,0.4145,0.4342,-0.045370796867802876,-0.04646660936597402,0.0010958124981711448,5.742762706652812,8
BTC,short,2024-07-08 00:00:00+00:00,2024-07-08 04:00:00+00:00,2024-07-09 16:00:00+00:00,55160.0,57470.5,-0.04020323470302156,-0.04116503696386864,0.0009618022608470778,5.012959217987713,9
DOT,short,2024-07-08 20:00:00+00:00,2024-07-09 00:00:00+00:00,2024-07-09 20:00:00+00:00,5.942,6.077,-0.022214908672042122,-0.02398245032359081,0.0017675416515486875,9.046674492363598,5
AVAX,short,2024-07-08 20:00:00+00:00,2024-07-09 00:00:00+00:00,2024-07-10 04:00:00+00:00,25.209,26.865,-0.06164154103852593,-0.06308751234784327,0.0014459713093173399,7.710732744665526,7
LINK,long,2024-07-08 12:00:00+00:00,2024-07-08 16:00:00+00:00,2024-07-11 00:00:00+00:00,12.823,12.794,-0.0022615612571160737,-0.0035650902996527956,0.0013035290425367219,6.536688716426203,14
AVAX,long,2024-07-10 00:00:00+00:00,2024-07-10 04:00:00+00:00,2024-07-11 12:00:00+00:00,26.865,25.849,-0.03781872324585889,-0.03930140452534414,0.001482681279485254,7.710732744665526,8
DOT,long,2024-07-09 16:00:00+00:00,2024-07-09 20:00:00+00:00,2024-07-12 00:00:00+00:00,6.077,5.905,-0.02830343919697209,-0.03005997461474319,0.001756535417771099,9.046674492363598,13
SOL,long,2024-07-09 00:00:00+00:00,2024-07-09 04:00:00+00:00,2024-07-12 00:00:00+00:00,140.45,135.75,-0.03346386614453534,-0.03462319277694503,0.0011593266324096962,6.000925858297193,17
BTC,long,2024-07-09 12:00:00+00:00,2024-07-09 16:00:00+00:00,2024-07-12 04:00:00+00:00,57470.5,56921.6,-0.009550987028127511,-0.010543505584527657,0.000992518556400146,5.012959217987713,15
ETH,long,2024-07-09 04:00:00+00:00,2024-07-09 08:00:00+00:00,2024-07-12 16:00:00+00:00,3061.8,3131.11,0.022637010908615807,0.02160631894507814,0.0010306919635376666,5.041924062981029,20
ETH,short,2024-07-12 12:00:00+00:00,2024-07-12 16:00:00+00:00,2024-07-13 00:00:00+00:00,3131.11,3134.31,-0.001020958360851254,-0.0020278060096032835,0.0010068476487520295,5.041924062981029,2
BTC,short,2024-07-12 00:00:00+00:00,2024-07-12 04:00:00+00:00,2024-07-13 08:00:00+00:00,56921.6,58168.9,-0.021442729706080077,-0.022423331672003388,0.0009806019659233112,5.012959217987713,7
AVAX,short,2024-07-11 08:00:00+00:00,2024-07-11 12:00:00+00:00,2024-07-13 12:00:00+00:00,25.849,25.786,0.002443186225083327,0.0008984630197248489,0.001544723205358478,7.710732744665526,12
DOT,short,2024-07-11 20:00:00+00:00,2024-07-12 00:00:00+00:00,2024-07-13 12:00:00+00:00,5.905,6.225,-0.051405622489959724,-0.05312039610181429,0.0017147736118545698,9.046674492363598,9
LINK,short,2024-07-10 20:00:00+00:00,2024-07-11 00:00:00+00:00,2024-07-13 12:00:00+00:00,12.794,13.021,-0.01743337685277635,-0.01871708416499862,0.0012837073122222709,6.536688716426203,15
SOL,short,2024-07-11 20:00:00+00:00,2024-07-12 00:00:00+00:00,2024-07-13 16:00:00+00:00,135.75,140.39,-0.03305078709309772,-0.03421060919952945,0.0011598221064317293,6.000925858297193,10
DOT,long,2024-07-13 08:00:00+00:00,2024-07-13 12:00:00+00:00,2024-07-18 04:00:00+00:00,6.225,6.367,0.02281124497991982,0.02096230957150702,0.0018489354084127996,9.046674492363598,28
LINK,long,2024-07-13 08:00:00+00:00,2024-07-13 12:00:00+00:00,2024-07-18 08:00:00+00:00,13.021,13.836,0.06259119883265485,0.06120294071385657,0.00138825811879828,6.536688716426203,29
AVAX,long,2024-07-13 08:00:00+00:00,2024-07-13 12:00:00+00:00,2024-07-18 16:00:00+00:00,25.786,26.886,0.042658807104630325,0.041052113302190385,0.0016066938024399402,7.710732744665526,31
ADA,long,2024-07-08 20:00:00+00:00,2024-07-09 00:00:00+00:00,2024-07-18 20:00:00+00:00,0.369,0.4218,0.14308943089430892,0.14080809698301344,0.00228133391129548,9.988775255673833,59
BNB,long,2024-07-09 04:00:00+00:00,2024-07-09 08:00:00+00:00,2024-07-18 20:00:00+00:00,512.5,567.7,0.10770731707317083,0.10627798543923794,0.0014293316339328843,6.455921962584254,57
ETH,long,2024-07-12 20:00:00+00:00,2024-07-13 00:00:00+00:00,2024-07-18 20:00:00+00:00,3134.31,3406.18,0.08673998423895535,0.08564468438547634,0.0010952998534790037,5.041924062981029,35
BTC,long,2024-07-13 04:00:00+00:00,2024-07-13 08:00:00+00:00,2024-07-19 00:00:00+00:00,58168.9,63985.7,0.09999845278146902,0.09889615588168077,0.0011022968997882465,5.012959217987713,34
SOL,long,2024-07-13 12:00:00+00:00,2024-07-13 16:00:00+00:00,2024-07-19 00:00:00+00:00,140.39,159.24,0.13426882256571004,0.13290830637986684,0.001360516185843208,6.000925858297193,32
XRP,long,2024-07-09 08:00:00+00:00,2024-07-09 12:00:00+00:00,2024-07-19 00:00:00+00:00,0.4342,0.5695,0.3116075541225243,0.3101019685550732,0.001505585567451062,5.742762706652812,57
SOL,short,2024-07-18 20:00:00+00:00,2024-07-19 00:00:00+00:00,2024-07-19 08:00:00+00:00,159.24,161.44,-0.013627353815659049,-0.014810473657894452,0.0011831198422354028,6.000925858297193,2
BNB,short,2024-07-18 16:00:00+00:00,2024-07-18 20:00:00+00:00,2024-07-19 20:00:00+00:00,567.7,595.6,-0.046843519140362666,-0.04807342589387276,0.0012299067535100905,6.455921962584254,6
BTC,short,2024-07-18 20:00:00+00:00,2024-07-19 00:00:00+00:00,2024-07-20 00:00:00+00:00,63985.7,66668.1,-0.04023513494459885,-0.04119690523854891,0.0009617702939500594,5.012959217987713,6
ETH,short,2024-07-18 16:00:00+00:00,2024-07-18 20:00:00+00:00,2024-07-20 00:00:00+00:00,3406.18,3504.39,-0.028024848832464477,-0.02900447989058219,0.0009796310581177137,5.041924062981029,7
AVAX,short,2024-07-18 12:00:00+00:00,2024-07-18 16:00:00+00:00,2024-07-20 04:00:00+00:00,26.886,28.251,-0.048316873738982746,-0.04978337780573128,0.0014665040667485307,7.710732744665526,9
LINK,short,2024-07-18 04:00:00+00:00,2024-07-18 08:00:00+00:00,2024-07-20 04:00:00+00:00,13.836,14.033,-0.014038338202807643,-0.015326481077807652,0.001288142875000009,6.536688716426203,11
ADA,short,2024-07-18 16:00:00+00:00,2024-07-18 20:00:00+00:00,2024-07-20 08:00:00+00:00,0.4218,0.4391,-0.03939877021179683,-0.04131590119168305,0.0019171309798862168,9.988775255673833,9
DOT,short,2024-07-18 00:00:00+00:00,2024-07-18 04:00:00+00:00,2024-07-20 08:00:00+00:00,6.367,6.319,0.007596138629530014,0.005774707561739367,0.0018214310677906465,9.046674492363598,13
XRP,short,2024-07-18 20:00:00+00:00,2024-07-19 00:00:00+00:00,2024-07-20 12:00:00+00:00,0.5695,0.5913,-0.03686791814645707,-0.03797349104242731,0.0011055728959702416,5.742762706652812,9
ADA,long,2024-07-20 04:00:00+00:00,2024-07-20 08:00:00+00:00,2024-07-21 20:00:00+00:00,0.4391,0.4275,-0.02641767251195626,-0.028360710667246436,0.0019430381552901776,9.988775255673833,9
ADA,short,2024-07-21 16:00:00+00:00,2024-07-21 20:00:00+00:00,2024-07-22 08:00:00+00:00,0.4275,0.434,-0.01497695852534564,-0.016942829617483612,0.001965871092137972,9.988775255673833,3
ETH,long,2024-07-19 20:00:00+00:00,2024-07-20 00:00:00+00:00,2024-07-22 20:00:00+00:00,3504.39,3498.99,-0.0015409243834162423,-0.0025472479705559437,0.0010063235871397014,5.041924062981029,17
DOT,long,2024-07-20 04:00:00+00:00,2024-07-20 08:00:00+00:00,2024-07-23 00:00:00+00:00,6.319,6.099,-0.03481563538534571,-0.03656039870911765,0.0017447633237719362,9.046674492363598,16
ADA,long,2024-07-22 04:00:00+00:00,2024-07-22 08:00:00+00:00,2024-07-23 04:00:00+00:00,0.434,0.426,-0.018433179723502335,-0.020392153022334547,0.0019589732988322117,9.988775255673833,5
BNB,long,2024-07-19 16:00:00+00:00,2024-07-19 20:00:00+00:00,2024-07-23 04:00:00+00:00,595.6,590.2,-0.00906648757555406,-0.010345139972809059,0.001278652397254998,6.455921962584254,20
LINK,long,2024-07-20 00:00:00+00:00,2024-07-20 04:00:00+00:00,2024-07-23 04:00:00+00:00,14.033,14.046,0.0009263878001852799,-0.00038130624594445717,0.001307694046129737,6.536688716426203,18
BTC,long,2024-07-19 20:00:00+00:00,2024-07-20 00:00:00+00:00,2024-07-23 16:00:00+00:00,66668.1,66575.0,-0.0013964699758955978,-0.0023971600882131128,0.001000690112317515,5.012959217987713,22
AVAX,long,2024-07-20 00:00:00+00:00,2024-07-20 04:00:00+00:00,2024-07-24 00:00:00+00:00,28.251,29.806,0.055042299387632276,0.05341652313926848,0.0016257762483637972,7.710732744665526,23
SOL,long,2024-07-19 04:00:00+00:00,2024-07-19 08:00:00+00:00,2024-07-24 00:00:00+00:00,161.44,173.03,0.07179137760158572,0.07050580094809411,0.0012855766534916047,6.000925858297193,28
XRP,long,2024-07-20 08:00:00+00:00,2024-07-20 12:00:00+00:00,2024-07-24 04:00:00+00:00,0.5913,0.6045,0.022323693556570268,0.02115017500413119,0.001173518552439079,5.742762706652812,22
XRP,short,2024-07-24 00:00:00+00:00,2024-07-24 04:00:00+00:00,2024-07-24 16:00:00+00:00,0.6045,0.6238,-0.030939403655017572,-0.03205178185324964,0.0011123781982320669,5.742762706652812,3
XRP,long,2024-07-24 12:00:00+00:00,2024-07-24 16:00:00+00:00,2024-07-26 04:00:00+00:00,0.6238,0.6049,-0.030298172491183162,-0.03141128675439331,0.0011131142632101465,5.742762706652812,9
BTC,short,2024-07-23 12:00:00+00:00,2024-07-23 16:00:00+00:00,2024-07-26 12:00:00+00:00,66575.0,67338.5,-0.011338238897510289,-0.012328966467577862,0.0009907275700675733,5.012959217987713,17
SOL,short,2024-07-23 20:00:00+00:00,2024-07-24 00:00:00+00:00,2024-07-26 16:00:00+00:00,173.03,181.52,-0.04677170559717947,-0.047915069936864896,0.0011433643396854265,6.000925858297193,16
ADA,short,2024-07-23 00:00:00+00:00,2024-07-23 04:00:00+00:00,2024-07-26 20:00:00+00:00,0.426,0.4182,0.01865136298421799,0.0166183777816995,0.002032985202518489,9.988775255673833,22
BNB,short,2024-07-23 00:00:00+00:00,2024-07-23 04:00:00+00:00,2024-07-26 20:00:00+00:00,590.2,580.4,0.016884906960716872,0.015572768146441929,0.0013121388142749435,6.455921962584254,22
DOT,short,2024-07-22 20:00:00+00:00,2024-07-23 00:00:00+00:00,2024-07-27 00:00:00+00:00,6.099,5.867,0.039543207772285704,0.03766402600257113,0.0018791817697145774,9.046674492363598,24
LINK,short,2024-07-23 00:00:00+00:00,2024-07-23 04:00:00+00:00,2024-07-27 00:00:00+00:00,14.046,13.527,0.03836770902639164,0.03701109850304318,0.001356610523348456,6.536688716426203,23
AVAX,short,2024-07-23 20:00:00+00:00,2024-07-24 00:00:00+00:00,2024-07-27 04:00:00+00:00,29.806,28.597,0.0422771619400637,0.04067105623692946,0.0016061057031342418,7.710732744665526,19
ETH,short,2024-07-22 16:00:00+00:00,2024-07-22 20:00:00+00:00,2024-07-27 12:00:00+00:00,3498.99,3278.7,0.06718821484124815,0.06611262075958879,0.001075594081659359,5.041924062981029,28
AVAX,long,2024-07-27 00:00:00+00:00,2024-07-27 04:00:00+00:00,2024-07-28 12:00:00+00:00,28.597,27.643,-0.03336014267230836,-0.03484969443878938,0.0014895517664810232,7.710732744665526,8
DOT,long,2024-07-26 20:00:00+00:00,2024-07-27 00:00:00+00:00,2024-07-28 12:00:00+00:00,5.867,5.739,-0.02181694221919206,-0.02358520327451119,0.0017682610553191314,9.046674492363598,9
ETH,long,2024-07-27 08:00:00+00:00,2024-07-27 12:00:00+00:00,2024-07-28 12:00:00+00:00,3278.7,3256.9,-0.006648976728581335,-0.0076501520290411795,0.0010011753004598445,5.041924062981029,6
ADA,long,2024-07-26 16:00:00+00:00,2024-07-26 20:00:00+00:00,2024-07-28 20:00:00+00:00,0.4182,0.4104,-0.0186513629842181,-0.020609900841292217,0.0019585378570741163,9.988775255673833,12
XRP,short,2024-07-26 00:00:00+00:00,2024-07-26 04:00:00+00:00,2024-07-28 20:00:00+00:00,0.6049,0.6027,0.0036502405840384,0.002498157163778547,0.0011520834202598529,5.742762706652812,16
ETH,short,2024-07-28 08:00:00+00:00,2024-07-28 12:00:00+00:00,2024-07-29 00:00:00+00:00,3256.9,3270.28,-0.004091392785938841,-0.005095145815531943,0.0010037530295931019,5.041924062981029,3
LINK,long,2024-07-26 20:00:00+00:00,2024-07-27 00:00:00+00:00,2024-07-29 04:00:00+00:00,13.527,13.711,0.013602424780069677,0.012278169697794716,0.001324255082274961,6.536688716426203,13
ADA,short,2024-07-28 16:00:00+00:00,2024-07-28 20:00:00+00:00,2024-07-29 12:00:00+00:00,0.4104,0.418,-0.018181818181818188,-0.02014129313834545,0.001959474956527263,9.988775255673833,4
LINK,short,2024-07-29 00:00:00+00:00,2024-07-29 04:00:00+00:00,2024-07-29 12:00:00+00:00,13.711,13.831,-0.008676162244233954,-0.009971310714910975,0.001295148470677021,6.536688716426203,2
AVAX,short,2024-07-28 08:00:00+00:00,2024-07-28 12:00:00+00:00,2024-07-29 16:00:00+00:00,27.643,27.539,0.003776462471404063,0.0022296847428715516,0.0015467777285325113,7.710732744665526,7
ADA,long,2024-07-29 08:00:00+00:00,2024-07-29 12:00:00+00:00,2024-07-30 00:00:00+00:00,0.418,0.4031,-0.035645933014354036,-0.037570553762346526,0.0019246207479924893,9.988775255673833,3
AVAX,long,2024-07-29 12:00:00+00:00,2024-07-29 16:00:00+00:00,2024-07-30 00:00:00+00:00,27.539,26.987,-0.02004430080976083,-0.021554371734042177,0.0015100709242813481,7.710732744665526,2
BNB,long,2024-07-26 16:00:00+00:00,2024-07-26 20:00:00+00:00,2024-07-30 04:00:00+00:00,580.4,572.7,-0.013266712611991638,-0.01453994524319313,0.001273232631201493,6.455921962584254,20
BTC,long,2024-07-26 08:00:00+00:00,2024-07-26 12:00:00+00:00,2024-07-30 04:00:00+00:00,67338.5,66623.7,-0.010615027064754923,-0.011606479357806676,0.0009914522930517533,5.012959217987713,22
SOL,long,2024-07-26 12:00:00+00:00,2024-07-26 16:00:00+00:00,2024-07-30 12:00:00+00:00,181.52,181.05,-0.0025892463640370122,-0.0037856060340366593,0.001196359669999647,6.000925858297193,23
LINK,long,2024-07-29 08:00:00+00:00,2024-07-29 12:00:00+00:00,2024-07-31 00:00:00+00:00,13.831,13.135,-0.05032174101655695,-0.05156248021591092,0.0012407391993539685,6.536688716426203,9
ETH,long,2024-07-28 20:00:00+00:00,2024-07-29 00:00:00+00:00,2024-07-31 04:00:00+00:00,3270.28,3294.11,0.007286837824284076,0.0062716169417538215,0.0010152208825302544,5.041924062981029,13
BNB,short,2024-07-30 00:00:00+00:00,2024-07-30 04:00:00+00:00,2024-07-31 12:00:00+00:00,572.7,586.8,-0.024028629856850614,-0.02528797583358766,0.0012593459767370474,6.455921962584254,8
BNB,long,2024-07-31 08:00:00+00:00,2024-07-31 12:00:00+00:00,2024-08-01 08:00:00+00:00,586.8,568.9,-0.03050443081117926,-0.031755420729401296,0.001250989918222034,6.455921962584254,5
XRP,long,2024-07-28 16:00:00+00:00,2024-07-28 20:00:00+00:00,2024-08-01 16:00:00+00:00,0.6027,0.5856,-0.028372324539571947,-0.029487649470807176,0.0011153249312352287,5.742762706652812,23
SOL,short,2024-07-30 08:00:00+00:00,2024-07-30 12:00:00+00:00,2024-08-06 20:00:00+00:00,181.05,146.33,0.23727191963370453,0.23578785479875375,0.0014840648349507823,6.000925858297193,44
AVAX,short,2024-07-29 20:00:00+00:00,2024-07-30 00:00:00+00:00,2024-08-07 00:00:00+00:00,26.987,20.883,0.29229516831872804,0.29030379527923267,0.00199137303949537,7.710732744665526,48
BNB,short,2024-08-01 04:00:00+00:00,2024-08-01 08:00:00+00:00,2024-08-07 04:00:00+00:00,568.9,491.8,0.15677104514030082,0.15527840405853444,0.0014926410817663882,6.455921962584254,35
DOT,short,2024-07-28 08:00:00+00:00,2024-07-28 12:00:00+00:00,2024-08-07 04:00:00+00:00,5.739,4.542,0.2635402906208719,0.26125618942942386,0.0022841011914480625,9.046674492363598,58
XRP,short,2024-08-01 12:00:00+00:00,2024-08-01 16:00:00+00:00,2024-08-07 04:00:00+00:00,0.5856,0.5153,0.13642538327188047,0.13512088815048462,0.0013044951213958544,5.742762706652812,33
ADA,short,2024-07-29 20:00:00+00:00,2024-07-30 00:00:00+00:00,2024-08-07 08:00:00+00:00,0.4031,0.3341,0.20652499251721035,0.20411705635240684,0.0024079361648035036,9.988775255673833,50
BTC,short,2024-07-30 00:00:00+00:00,2024-07-30 04:00:00+00:00,2024-08-07 08:00:00+00:00,66623.7,56926.0,0.17035625197624982,0.1691834502646301,0.0011728017116197087,5.012959217987713,49
LINK,short,2024-07-30 20:00:00+00:00,2024-07-31 00:00:00+00:00,2024-08-07 08:00:00+00:00,13.135,10.343,0.2699410229140482,0.268281865622521,0.0016591572915272135,6.536688716426203,44
ADA,long,2024-08-07 04:00:00+00:00,2024-08-07 08:00:00+00:00,2024-08-08 04:00:00+00:00,0.3341,0.3348,0.0020951810835079243,9.523807190703337e-05,0.001999943011600891,9.988775255673833,5
AVAX,long,2024-08-06 20:00:00+00:00,2024-08-07 00:00:00+00:00,2024-08-08 04:00:00+00:00,20.883,20.646,-0.011348944117224424,-0.012872414224069373,0.0015234701068449485,7.710732744665526,7
LINK,long,2024-08-07 04:00:00+00:00,2024-08-07 08:00:00+00:00,2024-08-08 04:00:00+00:00,10.343,9.957,-0.037319926520351876,-0.03857765237887767,0.0012577258585257933,6.536688716426203,5
ADA,short,2024-08-08 00:00:00+00:00,2024-08-08 04:00:00+00:00,2024-08-08 12:00:00+00:00,0.3348,0.3324,0.0072202166064982976,0.005210045246162087,0.0020101713603362104,9.988775255673833,2
AVAX,short,2024-08-08 00:00:00+00:00,2024-08-08 04:00:00+00:00,2024-08-08 20:00:00+00:00,20.646,21.666,-0.04707837164220441,-0.04854678418910918,0.0014684125469047737,7.710732744665526,4
ETH,short,2024-07-31 00:00:00+00:00,2024-07-31 04:00:00+00:00,2024-08-09 00:00:00+00:00,3294.11,2682.84,0.2278443738724636,0.2266068581996239,0.0012375156728396952,5.041924062981029,53
LINK,short,2024-08-08 00:00:00+00:00,2024-08-08 04:00:00+00:00,2024-08-09 00:00:00+00:00,9.957,10.75,-0.07376744186046502,-0.07497754963299819,0.0012101077725331644,6.536688716426203,5
SOL,long,2024-08-06 16:00:00+00:00,2024-08-06 20:00:00+00:00,2024-08-11 00:00:00+00:00,146.33,154.03,0.05262078862844244,0.051358206432764675,0.0012625821956777639,6.000925858297193,25
XRP,long,2024-08-07 00:00:00+00:00,2024-08-07 04:00:00+00:00,2024-08-11 08:00:00+00:00,0.5153,0.5914,0.14768096254608976,0.1463635472202809,0.0013174153258088683,5.742762706652812,25
SOL,short,2024-08-10 20:00:00+00:00,2024-08-11 00:00:00+00:00,2024-08-11 12:00:00+00:00,154.03,153.67,0.0023426823713152967,0.001140407023534129,0.0012022753477811676,6.000925858297193,3
DOT,long,2024-08-07 00:00:00+00:00,2024-08-07 04:00:00+00:00,2024-08-11 20:00:00+00:00,4.542,4.563,0.004623513870541496,0.0028074564151352455,0.0018160574554062503,9.046674492363598,28
SOL,long,2024-08-11 08:00:00+00:00,2024-08-11 12:00:00+00:00,2024-08-11 20:00:00+00:00,153.67,145.78,-0.051343788637990384,-0.052481668922347624,0.00113788028435724,6.000925858297193,2
ADA,long,2024-08-08 08:00:00+00:00,2024-08-08 12:00:00+00:00,2024-08-12 00:00:00+00:00,0.3324,0.3276,-0.014440433212996262,-0.016407375081712305,0.0019669418687160434,9.988775255673833,21
AVAX,long,2024-08-08 16:00:00+00:00,2024-08-08 20:00:00+00:00,2024-08-12 00:00:00+00:00,21.666,20.402,-0.058340256623280684,-0.05979131507440705,0.0014510584511263636,7.710732744665526,19
LINK,long,2024-08-08 20:00:00+00:00,2024-08-09 00:00:00+00:00,2024-08-12 00:00:00+00:00,10.75,9.997,-0.07004651162790698,-0.07126148073526994,0.001214969107362962,6.536688716426203,18
BTC,long,2024-08-07 04:00:00+00:00,2024-08-07 08:00:00+00:00,2024-08-12 04:00:00+00:00,56926.0,58520.1,0.028003021466465272,0.026972870432461438,0.0010301510340038345,5.012959217987713,29
BNB,long,2024-08-07 00:00:00+00:00,2024-08-07 04:00:00+00:00,2024-08-12 08:00:00+00:00,491.8,509.4,0.035786905246034895,0.034450376212721956,0.0013365290333129387,6.455921962584254,31
ETH,long,2024-08-08 20:00:00+00:00,2024-08-09 00:00:00+00:00,2024-08-12 08:00:00+00:00,2682.84,2566.84,-0.04323776296760151,-0.04420206128480153,0.0009642983172000186,5.041924062981029,20
ETH,short,2024-08-12 04:00:00+00:00,2024-08-12 08:00:00+00:00,2024-08-12 20:00:00+00:00,2566.84,2660.41,-0.03517127059363023,-0.03614369894013214,0.0009724283465019079,5.041924062981029,3
BNB,short,2024-08-12 04:00:00+00:00,2024-08-12 08:00:00+00:00,2024-08-13 12:00:00+00:00,509.4,520.9,-0.022077174121712395,-0.02333903816199534,0.001261864040282945,6.455921962584254,7
XRP,short,2024-08-11 04:00:00+00:00,2024-08-11 08:00:00+00:00,2024-08-14 00:00:00+00:00,0.5914,0.5767,0.025489856077683504,0.02431270310839362,0.0011771529692898852,5.742762706652812,16
BTC,short,2024-08-12 00:00:00+00:00,2024-08-12 04:00:00+00:00,2024-08-14 04:00:00+00:00,58520.1,60949.9,-0.039865528901606107,-0.040827669573890946,0.0009621406722848391,5.012959217987713,12
LINK,short,2024-08-11 20:00:00+00:00,2024-08-12 00:00:00+00:00,2024-08-14 04:00:00+00:00,9.997,10.585,-0.055550307038261804,-0.05678421520114818,0.0012339081628863768,6.536688716426203,13
ADA,short,2024-08-11 20:00:00+00:00,2024-08-12 00:00:00+00:00,2024-08-14 08:00:00+00:00,0.3276,0.339,-0.03362831858407089,-0.03555696600932534,0.0019286474252544483,9.988775255673833,14
AVAX,short,2024-08-11 20:00:00+00:00,2024-08-12 00:00:00+00:00,2024-08-14 08:00:00+00:00,20.402,21.291,-0.041754732046404563,-0.04323134810023488,0.0014766160538303152,7.710732744665526,14
ADA,long,2024-08-14 04:00:00+00:00,2024-08-14 08:00:00+00:00,2024-08-15 04:00:00+00:00,0.339,0.3392,0.0005899705014749124,-0.0014069684687519901,0.0019969389702269025,9.988775255673833,5
BTC,long,2024-08-14 00:00:00+00:00,2024-08-14 04:00:00+00:00,2024-08-15 04:00:00+00:00,60949.9,58448.8,-0.0410353421416606,-0.04199631055638031,0.0009609684147197095,5.012959217987713,6
XRP,long,2024-08-13 20:00:00+00:00,2024-08-14 00:00:00+00:00,2024-08-15 04:00:00+00:00,0.5767,0.5723,-0.007629616785156834,-0.00876875213234063,0.001139135347183795,5.742762706652812,7
AVAX,long,2024-08-14 04:00:00+00:00,2024-08-14 08:00:00+00:00,2024-08-15 08:00:00+00:00,21.291,20.962,-0.015452538631346657,-0.01696968526993059,0.0015171466385839327,7.710732744665526,6
ETH,long,2024-08-12 16:00:00+00:00,2024-08-12 20:00:00+00:00,2024-08-15 12:00:00+00:00,2660.41,2637.68,-0.008543795881086003,-0.009543061437568334,0.0009992655564823316,5.041924062981029,16
LINK,long,2024-08-14 00:00:00+00:00,2024-08-14 04:00:00+00:00,2024-08-15 12:00:00+00:00,10.585,10.443,-0.013415210203117756,-0.014704167184714567,0.0012889569815968116,6.536688716426203,8
BNB,long,2024-08-13 08:00:00+00:00,2024-08-13 12:00:00+00:00,2024-08-16 04:00:00+00:00,520.9,515.3,-0.010750623920138258,-0.012027103189784394,0.0012764792696461358,6.455921962584254,16
BTC,short,2024-08-15 00:00:00+00:00,2024-08-15 04:00:00+00:00,2024-08-17 08:00:00+00:00,58448.8,59247.2,-0.013475742313560746,-0.014464327913898511,0.0009885856003377658,5.012959217987713,13
BNB,short,2024-08-16 00:00:00+00:00,2024-08-16 04:00:00+00:00,2024-08-17 16:00:00+00:00,515.3,534.2,-0.03538000748783243,-0.03662470619909908,0.0012446987112666452,6.455921962584254,9
ADA,short,2024-08-15 00:00:00+00:00,2024-08-15 04:00:00+00:00,2024-08-18 00:00:00+00:00,0.3392,0.3372,0.005931198102016699,0.003923599315222681,0.002007598786794018,9.988775255673833,17
AVAX,short,2024-08-15 04:00:00+00:00,2024-08-15 08:00:00+00:00,2024-08-18 04:00:00+00:00,20.962,20.611,0.017029741400223175,0.015462540920766044,0.0015672004794571315,7.710732744665526,17
XRP,short,2024-08-15 00:00:00+00:00,2024-08-15 04:00:00+00:00,2024-08-18 04:00:00+00:00,0.5723,0.566,0.011130742049470177,0.00997007181144749,0.0011606702380226874,5.742762706652812,18
DOT,short,2024-08-11 16:00:00+00:00,2024-08-11 20:00:00+00:00,2024-08-18 08:00:00+00:00,4.563,4.374,0.043209876543209846,0.041324066538076076,0.00188581000513377,9.046674492363598,39
ETH,short,2024-08-15 08:00:00+00:00,2024-08-15 12:00:00+00:00,2024-08-18 12:00:00+00:00,2637.68,2649.47,-0.004449946593092169,-0.005453338244675865,0.001003391651583696,5.041924062981029,18
SOL,short,2024-08-11 16:00:00+00:00,2024-08-11 20:00:00+00:00,2024-08-18 16:00:00+00:00,145.78,145.76,0.00013721185510440215,-0.001062418107143026,0.0011996299622474282,6.000925858297193,41
LINK,short,2024-08-15 08:00:00+00:00,2024-08-15 12:00:00+00:00,2024-08-18 20:00:00+00:00,10.443,10.355,0.008498309995171427,0.007180723355847185,0.001317586639324242,6.536688716426203,20
BTC,long,2024-08-17 04:00:00+00:00,2024-08-17 08:00:00+00:00,2024-08-19 12:00:00+00:00,59247.2,58389.6,-0.01447494565144003,-0.015462529960604265,0.0009875843091642356,5.012959217987713,13
ADA,long,2024-08-17 20:00:00+00:00,2024-08-18 00:00:00+00:00,2024-08-19 16:00:00+00:00,0.3372,0.3326,-0.013641755634638209,-0.015610291473340032,0.0019685358387018237,9.988775255673833,10
LINK,long,2024-08-18 16:00:00+00:00,2024-08-18 20:00:00+00:00,2024-08-19 16:00:00+00:00,10.355,10.031,-0.031289232254949284,-0.03255483711744678,0.0012656048624974936,6.536688716426203,5
ETH,long,2024-08-18 08:00:00+00:00,2024-08-18 12:00:00+00:00,2024-08-19 20:00:00+00:00,2649.47,2606.76,-0.01612020517310997,-0.017111834643584678,0.0009916294704747086,5.041924062981029,8
ADA,short,2024-08-19 12:00:00+00:00,2024-08-19 16:00:00+00:00,2024-08-20 08:00:00+00:00,0.3326,0.3442,-0.03370133643230677,-0.03562983813134879,0.0019285016990420178,9.988775255673833,4
BTC,short,2024-08-19 08:00:00+00:00,2024-08-19 12:00:00+00:00,2024-08-20 08:00:00+00:00,58389.6,60939.8,-0.04184785640911204,-0.042808010611815606,0.000960154202703567,5.012959217987713,5
LINK,short,2024-08-19 12:00:00+00:00,2024-08-19 16:00:00+00:00,2024-08-20 08:00:00+00:00,10.031,10.509,-0.04548482253306685,-0.046731881087749616,0.0012470585546827673,6.536688716426203,4
ETH,short,2024-08-19 16:00:00+00:00,2024-08-19 20:00:00+00:00,2024-08-20 12:00:00+00:00,2606.76,2642.74,-0.013614657514549156,-0.014608812268001481,0.0009941547534523254,5.041924062981029,4
ETH,long,2024-08-20 08:00:00+00:00,2024-08-20 12:00:00+00:00,2024-08-21 00:00:00+00:00,2642.74,2572.41,-0.026612530933803558,-0.027593585434152024,0.000981054500348466,5.041924062981029,3
SOL,long,2024-08-18 12:00:00+00:00,2024-08-18 16:00:00+00:00,2024-08-21 08:00:00+00:00,145.76,143.15,-0.017906147091108604,-0.019084134668936104,0.0011779875778274995,6.000925858297193,16
ETH,short,2024-08-20 20:00:00+00:00,2024-08-21 00:00:00+00:00,2024-08-22 08:00:00+00:00,2572.41,2636.11,-0.024164393746846757,-0.025147915667499188,0.0009835219206524304,5.041924062981029,8
SOL,short,2024-08-21 04:00:00+00:00,2024-08-21 08:00:00+00:00,2024-08-23 00:00:00+00:00,143.15,143.26,-0.0007678347061286228,-0.001966379096357107,0.0011985443902284842,6.000925858297193,10
BNB,long,2024-08-17 12:00:00+00:00,2024-08-17 16:00:00+00:00,2024-08-25 12:00:00+00:00,534.2,573.9,0.07431673530512906,0.0729304892535163,0.0013862460516127495,6.455921962584254,47
XRP,long,2024-08-18 00:00:00+00:00,2024-08-18 04:00:00+00:00,2024-08-25 20:00:00+00:00,0.566,0.6002,0.06042402826855131,0.05920677459589485,0.0012172536726564598,5.742762706652812,46
ADA,long,2024-08-20 04:00:00+00:00,2024-08-20 08:00:00+00:00,2024-08-26 00:00:00+00:00,0.3442,0.3848,0.11795467751307376,0.11572350657563724,0.002231170937436522,9.988775255673833,34
DOT,long,2024-08-18 04:00:00+00:00,2024-08-18 08:00:00+00:00,2024-08-26 04:00:00+00:00,4.374,4.817,0.10128029263831739,0.09928950876921161,0.0019907838691057833,9.046674492363598,47
ETH,long,2024-08-22 04:00:00+00:00,2024-08-22 08:00:00+00:00,2024-08-26 20:00:00+00:00,2636.11,2681.4,0.01718061841121954,0.01615542581826679,0.0010251925929527506,5.041924062981029,27
AVAX,long,2024-08-18 00:00:00+00:00,2024-08-18 04:00:00+00:00,2024-08-27 00:00:00+00:00,20.611,25.938,0.2584542234729028,0.2565149979201804,0.0019392255527224123,7.710732744665526,53
BTC,long,2024-08-20 04:00:00+00:00,2024-08-20 08:00:00+00:00,2024-08-27 00:00:00+00:00,60939.8,62840.1,0.031183233289246104,0.030149895398366322,0.001033337890879782,5.012959217987713,40
LINK,long,2024-08-20 04:00:00+00:00,2024-08-20 08:00:00+00:00,2024-08-27 04:00:00+00:00,10.509,11.875,0.12998382338947567,0.12850751790279857,0.0014763054866770986,6.536688716426203,41
SOL,long,2024-08-22 20:00:00+00:00,2024-08-23 00:00:00+00:00,2024-08-27 16:00:00+00:00,143.26,153.81,0.07364232863325437,0.0723545318280776,0.0012877968051767663,6.000925858297193,28
ADA,short,2024-08-25 20:00:00+00:00,2024-08-26 00:00:00+00:00,2024-08-30 04:00:00+00:00,0.3848,0.3557,0.08181051447849308,0.07965147867116773,0.002159035807325349,9.988775255673833,25
ADA,long,2024-08-30 00:00:00+00:00,2024-08-30 04:00:00+00:00,2024-08-30 12:00:00+00:00,0.3557,0.3513,-0.012369974697779118,-0.014341048707949056,0.0019710740101699376,9.988775255673833,2
XRP,short,2024-08-25 16:00:00+00:00,2024-08-25 20:00:00+00:00,2024-09-01 00:00:00+00:00,0.6002,0.5662,0.060049452490285926,0.05883262879066842,0.0012168236996175086,5.742762706652812,37
XRP,long,2024-08-31 20:00:00+00:00,2024-09-01 00:00:00+00:00,2024-09-01 12:00:00+00:00,0.5662,0.558,-0.014482515012363084,-0.015613783963357108,0.0011312689509940244,5.742762706652812,3
ETH,short,2024-08-26 16:00:00+00:00,2024-08-26 20:00:00+00:00,2024-09-03 04:00:00+00:00,2681.4,2516.34,0.06559526931972615,0.06452128073066099,0.0010739885890651557,5.041924062981029,44
XRP,short,2024-09-01 08:00:00+00:00,2024-09-01 12:00:00+00:00,2024-09-03 04:00:00+00:00,0.558,0.5666,-0.015178256265442891,-0.016308726579690624,0.0011304703142477335,5.742762706652812,10
BNB,short,2024-08-25 08:00:00+00:00,2024-08-25 12:00:00+00:00,2024-09-03 08:00:00+00:00,573.9,535.1,0.07250981125023359,0.07112589676551773,0.0013839144847158646,6.455921962584254,53
BTC,short,2024-08-26 20:00:00+00:00,2024-08-27 00:00:00+00:00,2024-09-03 08:00:00+00:00,62840.1,59108.1,0.06313855461434215,0.06207319463148653,0.0010653599828556182,5.012959217987713,44
AVAX,short,2024-08-26 20:00:00+00:00,2024-08-27 00:00:00+00:00,2024-09-03 12:00:00+00:00,25.938,22.39,0.15846359982134883,0.15667845565577676,0.0017851441655720723,7.710732744665526,45
DOT,short,2024-08-26 00:00:00+00:00,2024-08-26 04:00:00+00:00,2024-09-03 12:00:00+00:00,4.817,4.263,0.12995543044804125,0.12791281054574988,0.002042619902291376,9.046674492363598,50
SOL,short,2024-08-27 12:00:00+00:00,2024-08-27 16:00:00+00:00,2024-09-03 12:00:00+00:00,153.81,134.37,0.14467515070328196,0.14330215248709055,0.0013729982161914123,6.000925858297193,41
AVAX,long,2024-09-03 08:00:00+00:00,2024-09-03 12:00:00+00:00,2024-09-04 00:00:00+00:00,22.39,21.378,-0.04519874944171509,-0.046670058408157966,0.0014713089664428747,7.710732744665526,3
ETH,long,2024-09-03 00:00:00+00:00,2024-09-03 04:00:00+00:00,2024-09-04 00:00:00+00:00,2516.34,2425.13,-0.03624708902612528,-0.037218433080350666,0.0009713440542253871,5.041924062981029,5
SOL,long,2024-09-03 08:00:00+00:00,2024-09-03 12:00:00+00:00,2024-09-04 00:00:00+00:00,134.37,127.54,-0.05082979831807699,-0.051968295116029295,0.0011384967979523042,6.000925858297193,3
BTC,long,2024-09-03 04:00:00+00:00,2024-09-03 08:00:00+00:00,2024-09-04 04:00:00+00:00,59108.1,56665.9,-0.041317518242000584,-0.042278203891013,0.000960685649012416,5.012959217987713,5
DOT,long,2024-09-03 08:00:00+00:00,2024-09-03 12:00:00+00:00,2024-09-04 04:00:00+00:00,4.263,4.036,-0.053248885761201126,-0.05496032730690348,0.0017114415457023524,9.046674492363598,4
BNB,long,2024-09-03 04:00:00+00:00,2024-09-03 08:00:00+00:00,2024-09-04 08:00:00+00:00,535.1,510.2,-0.0465333582507943,-0.04776366522082742,0.0012303069700331237,6.455921962584254,6
XRP,long,2024-09-03 00:00:00+00:00,2024-09-03 04:00:00+00:00,2024-09-04 12:00:00+00:00,0.5666,0.5504,-0.028591599011648428,-0.029706672239178666,0.0011150732275302389,5.742762706652812,8
SOL,short,2024-09-03 20:00:00+00:00,2024-09-04 00:00:00+00:00,2024-09-05 08:00:00+00:00,127.54,133.12,-0.04191706730769229,-0.04306625461794511,0.0011491873102528194,6.000925858297193,8
SOL,long,2024-09-05 04:00:00+00:00,2024-09-05 08:00:00+00:00,2024-09-06 00:00:00+00:00,133.12,129.39,-0.028019831730769384,-0.029185688293993484,0.0011658565632240991,6.000925858297193,4
ADA,short,2024-08-30 08:00:00+00:00,2024-08-30 12:00:00+00:00,2024-09-06 04:00:00+00:00,0.3513,0.3277,0.07201708880073232,0.06987759833561968,0.0021394904651126367,9.988775255673833,40
ADA,long,2024-09-06 00:00:00+00:00,2024-09-06 04:00:00+00:00,2024-09-06 16:00:00+00:00,0.3277,0.3173,-0.031736344217271784,-0.033668767572182845,0.0019324233549110614,9.988775255673833,3
AVAX,short,2024-09-03 20:00:00+00:00,2024-09-04 00:00:00+00:00,2024-09-07 20:00:00+00:00,21.378,21.843,-0.021288284576294503,-0.02279643857339453,0.0015081539971000257,7.710732744665526,23
DOT,short,2024-09-04 00:00:00+00:00,2024-09-04 04:00:00+00:00,2024-09-07 20:00:00+00:00,4.036,4.114,-0.018959649975692883,-0.020733076156861707,0.0017734261811688246,9.046674492363598,22
ADA,short,2024-09-06 12:00:00+00:00,2024-09-06 16:00:00+00:00,2024-09-08 00:00:00+00:00,0.3173,0.3252,-0.024292742927429112,-0.02624002193543773,0.0019472790080086178,9.988775255673833,8
LINK,short,2024-08-27 00:00:00+00:00,2024-08-27 04:00:00+00:00,2024-09-08 04:00:00+00:00,11.875,10.145,0.1705273533760474,0.16899807842686143,0.001529274949185977,6.536688716426203,72
BNB,short,2024-09-04 04:00:00+00:00,2024-09-04 08:00:00+00:00,2024-09-08 16:00:00+00:00,510.2,491.6,0.0378356387306753,0.03649646611134094,0.0013391726193343612,6.455921962584254,26
SOL,short,2024-09-05 20:00:00+00:00,2024-09-06 00:00:00+00:00,2024-09-08 16:00:00+00:00,129.39,126.75,0.020828402366863896,0.019603954037898053,0.0012244483289658437,6.000925858297193,16
BTC,short,2024-09-04 00:00:00+00:00,2024-09-04 04:00:00+00:00,2024-09-09 12:00:00+00:00,56665.9,55269.7,0.025261580938561456,0.02423417707332609,0.0010274038652353656,5.012959217987713,32
ETH,short,2024-09-03 20:00:00+00:00,2024-09-04 00:00:00+00:00,2024-09-09 12:00:00+00:00,2425.13,2315.41,0.04738685589161329,0.04633121913725469,0.001055636754358602,5.041924062981029,33
XRP,short,2024-09-04 08:00:00+00:00,2024-09-04 12:00:00+00:00,2024-09-09 16:00:00+00:00,0.5504,0.5293,0.03986397128282637,0.038670318362518996,0.0011936529203073754,5.742762706652812,31
DOT,long,2024-09-07 16:00:00+00:00,2024-09-07 20:00:00+00:00,2024-09-11 16:00:00+00:00,4.114,4.123,0.002187651920272371,0.0003759977713724272,0.0018116541488999438,9.046674492363598,23
ADA,long,2024-09-07 20:00:00+00:00,2024-09-08 00:00:00+00:00,2024-09-11 20:00:00+00:00,0.3252,0.3475,0.06857318573185722,0.06644056847600188,0.0021326172558553402,9.988775255673833,23
LINK,long,2024-09-08 00:00:00+00:00,2024-09-08 04:00:00+00:00,2024-09-11 20:00:00+00:00,10.145,10.442,0.029275505174963135,0.027930773468066494,0.0013447317068966402,6.536688716426203,22
AVAX,long,2024-09-07 16:00:00+00:00,2024-09-07 20:00:00+00:00,2024-09-12 00:00:00+00:00,21.843,23.275,0.06555876024355611,0.06391677856694922,0.0016419816766068962,7.710732744665526,25
SOL,long,2024-09-08 12:00:00+00:00,2024-09-08 16:00:00+00:00,2024-09-12 00:00:00+00:00,126.75,132.38,0.044418145956607535,0.04316540254685042,0.0012527434097571177,6.000925858297193,20
XRP,long,2024-09-09 12:00:00+00:00,2024-09-09 16:00:00+00:00,2024-09-12 00:00:00+00:00,0.5293,0.5348,0.010391082561874265,0.009231261374046396,0.0011598211878278697,5.742762706652812,14
ADA,short,2024-09-11 16:00:00+00:00,2024-09-11 20:00:00+00:00,2024-09-12 04:00:00+00:00,0.3475,0.3549,-0.020850943927867016,-0.02280509194591218,0.0019541480180451654,9.988775255673833,2
SOL,short,2024-09-11 20:00:00+00:00,2024-09-12 00:00:00+00:00,2024-09-12 12:00:00+00:00,132.38,134.79,-0.01787966466355073,-0.01905768400613317,0.001178019342582437,6.000925858297193,3
XRP,short,2024-09-11 20:00:00+00:00,2024-09-12 00:00:00+00:00,2024-09-12 12:00:00+00:00,0.5348,0.5372,-0.004467609828741503,-0.005610374822630715,0.0011427649938892115,5.742762706652812,3
LINK,short,2024-09-11 16:00:00+00:00,2024-09-11 20:00:00+00:00,2024-09-12 16:00:00+00:00,10.442,10.541,-0.009391898301868928,-0.010686111675027643,0.0012942133731587147,6.536688716426203,5
DOT,short,2024-09-11 12:00:00+00:00,2024-09-11 16:00:00+00:00,2024-09-12 20:00:00+00:00,4.123,4.291,-0.039151712887438905,-0.04088863788594144,0.0017369249985025315,9.046674492363598,7
AVAX,short,2024-09-11 20:00:00+00:00,2024-09-12 00:00:00+00:00,2024-09-13 04:00:00+00:00,23.275,23.687,-0.017393506986954965,-0.018907662674130576,0.0015141556871756112,7.710732744665526,7
ADA,long,2024-09-12 00:00:00+00:00,2024-09-12 04:00:00+00:00,2024-09-15 04:00:00+00:00,0.3549,0.3542,-0.001972386587771102,-0.00396421170429373,0.0019918251165226275,9.988775255673833,18
SOL,long,2024-09-12 08:00:00+00:00,2024-09-12 12:00:00+00:00,2024-09-16 00:00:00+00:00,134.79,131.36,-0.025446991616588588,-0.026615934212461445,0.0011689425958728572,6.000925858297193,21
AVAX,long,2024-09-13 00:00:00+00:00,2024-09-13 04:00:00+00:00,2024-09-16 04:00:00+00:00,23.687,23.664,-0.000970996749271702,-0.0025104588408431106,0.0015394620915714086,7.710732744665526,18
ETH,long,2024-09-09 08:00:00+00:00,2024-09-09 12:00:00+00:00,2024-09-16 04:00:00+00:00,2315.41,2278.5,-0.015941021244617493,-0.016932831310389584,0.0009918100657720919,5.041924062981029,40
LINK,long,2024-09-12 12:00:00+00:00,2024-09-12 16:00:00+00:00,2024-09-16 04:00:00+00:00,10.541,10.651,0.010435442557632069,0.009115325086121562,0.0013201174715105068,6.536688716426203,21
BTC,long,2024-09-09 08:00:00+00:00,2024-09-09 12:00:00+00:00,2024-09-16 08:00:00+00:00,55269.7,58896.1,0.06561280412233117,0.06454496472002247,0.0010678394023087012,5.012959217987713,41
DOT,long,2024-09-12 16:00:00+00:00,2024-09-12 20:00:00+00:00,2024-09-16 12:00:00+00:00,4.291,4.313,0.005127010020973932,0.0033100423958123404,0.0018169676251615918,9.046674492363598,22
XRP,long,2024-09-12 08:00:00+00:00,2024-09-12 12:00:00+00:00,2024-09-16 12:00:00+00:00,0.5372,0.571,0.06291883842144452,0.061698720972845456,0.0012201174485990673,5.742762706652812,24
BNB,long,2024-09-08 12:00:00+00:00,2024-09-08 16:00:00+00:00,2024-09-16 16:00:00+00:00,491.6,535.0,0.08828315703824252,0.08687888939546728,0.0014042676427752365,6.455921962584254,48
XRP,short,2024-09-16 08:00:00+00:00,2024-09-16 12:00:00+00:00,2024-09-17 08:00:00+00:00,0.571,0.585,-0.023931623931623958,-0.02505204631348279,0.0011204223818588321,5.742762706652812,5
BTC,short,2024-09-16 04:00:00+00:00,2024-09-16 08:00:00+00:00,2024-09-18 00:00:00+00:00,58896.1,60318.4,-0.023579869492559524,-0.024558329853142324,0.0009784603605828002,5.012959217987713,10
ETH,short,2024-09-16 00:00:00+00:00,2024-09-16 04:00:00+00:00,2024-09-18 04:00:00+00:00,2278.5,2335.01,-0.024201181151258577,-0.025184665994745115,0.0009834848434865373,5.041924062981029,12
BNB,short,2024-09-16 12:00:00+00:00,2024-09-16 16:00:00+00:00,2024-09-18 08:00:00+00:00,535.0,545.2,-0.018708730741012536,-0.019974941256765133,0.0012662105157525971,6.455921962584254,10
XRP,long,2024-09-17 04:00:00+00:00,2024-09-17 08:00:00+00:00,2024-09-18 16:00:00+00:00,0.585,0.5643,-0.03538461538461524,-0.036491890953937345,0.0011072755693221081,5.742762706652812,8
BNB,long,2024-09-18 04:00:00+00:00,2024-09-18 08:00:00+00:00,2024-09-18 20:00:00+00:00,545.2,544.8,-0.0007336757153340034,-0.002023080367636765,0.0012894046523027614,6.455921962584254,3
ETH,long,2024-09-18 00:00:00+00:00,2024-09-18 04:00:00+00:00,2024-09-18 20:00:00+00:00,2335.01,2315.07,-0.008539577988959435,-0.009538847796556782,0.0009992698075973472,5.041924062981029,4
BNB,short,2024-09-18 16:00:00+00:00,2024-09-18 20:00:00+00:00,2024-09-19 04:00:00+00:00,544.8,560.0,-0.027142857142857246,-0.028398184672206228,0.0012553275293489818,6.455921962584254,2
ETH,short,2024-09-18 16:00:00+00:00,2024-09-18 20:00:00+00:00,2024-09-19 04:00:00+00:00,2315.07,2404.0,-0.03699251247920121,-0.037963105238534745,0.0009705927593335328,5.041924062981029,2
ADA,short,2024-09-15 00:00:00+00:00,2024-09-15 04:00:00+00:00,2024-09-19 08:00:00+00:00,0.3542,0.3476,0.018987341772151778,0.016953686036093707,0.002033655736058071,9.988775255673833,25
AVAX,short,2024-09-16 00:00:00+00:00,2024-09-16 04:00:00+00:00,2024-09-19 08:00:00+00:00,23.664,25.903,-0.08643786434003775,-0.08784562554773778,0.0014077612077000312,7.710732744665526,19
LINK,short,2024-09-16 00:00:00+00:00,2024-09-16 04:00:00+00:00,2024-09-19 08:00:00+00:00,10.651,11.156,-0.04526712083183948,-0.046514463810253925,0.0012473429784144452,6.536688716426203,19
SOL,short,2024-09-15 20:00:00+00:00,2024-09-16 00:00:00+00:00,2024-09-19 08:00:00+00:00,131.36,138.57,-0.052031464241899306,-0.05316851968317604,0.0011370554412767353,6.000925858297193,20
DOT,short,2024-09-16 08:00:00+00:00,2024-09-16 12:00:00+00:00,2024-09-19 16:00:00+00:00,4.313,4.278,0.008181393174380602,0.006358904142223398,0.001822489032157204,9.046674492363598,19
XRP,short,2024-09-18 12:00:00+00:00,2024-09-18 16:00:00+00:00,2024-09-19 16:00:00+00:00,0.5643,0.586,-0.037030716723549406,-0.03813610274411838,0.001105386020568977,5.742762706652812,6
XRP,long,2024-09-19 12:00:00+00:00,2024-09-19 16:00:00+00:00,2024-09-21 08:00:00+00:00,0.586,0.5834,-0.004436860068259274,-0.005579660359593452,0.0011428002913341784,5.742762706652812,10
XRP,short,2024-09-21 04:00:00+00:00,2024-09-21 08:00:00+00:00,2024-09-22 00:00:00+00:00,0.5834,0.5977,-0.0239250460097038,-0.02504547594231521,0.0011204299326114109,5.742762706652812,4
LINK,long,2024-09-19 04:00:00+00:00,2024-09-19 08:00:00+00:00,2024-09-22 16:00:00+00:00,11.156,11.034,-0.01093581929006815,-0.012228015555566851,0.0012921962654987018,6.536688716426203,20
ADA,long,2024-09-19 04:00:00+00:00,2024-09-19 08:00:00+00:00,2024-09-22 20:00:00+00:00,0.3476,0.3505,0.008342922899884808,0.006330510885518947,0.002012412014365861,9.988775255673833,21
BTC,long,2024-09-17 20:00:00+00:00,2024-09-18 00:00:00+00:00,2024-09-22 20:00:00+00:00,60318.4,63166.0,0.047209475052388594,0.04616007743291006,0.0010493976194785315,5.012959217987713,29
AVAX,long,2024-09-19 04:00:00+00:00,2024-09-19 08:00:00+00:00,2024-09-23 00:00:00+00:00,25.903,27.295,0.053738949156468374,0.052115181316535475,0.0016237678399328992,7.710732744665526,22
SOL,long,2024-09-19 04:00:00+00:00,2024-09-19 08:00:00+00:00,2024-09-23 00:00:00+00:00,138.57,144.68,0.04409323807461951,0.04284088438061873,0.0012523536940007851,6.000925858297193,22
BTC,short,2024-09-22 16:00:00+00:00,2024-09-22 20:00:00+00:00,2024-09-23 04:00:00+00:00,63166.0,64364.4,-0.01861898813629892,-0.019602419744000676,0.0009834316077017569,5.012959217987713,2
DOT,long,2024-09-19 12:00:00+00:00,2024-09-19 16:00:00+00:00,2024-09-23 04:00:00+00:00,4.278,4.399,0.028284244974287054,0.026425416026348403,0.001858828947938651,9.046674492363598,21
AVAX,short,2024-09-22 20:00:00+00:00,2024-09-23 00:00:00+00:00,2024-09-23 08:00:00+00:00,27.295,27.652,-0.012910458556343096,-0.014431522434463329,0.0015210638781202324,7.710732744665526,2
XRP,long,2024-09-21 20:00:00+00:00,2024-09-22 00:00:00+00:00,2024-09-23 16:00:00+00:00,0.5977,0.588,-0.016228877363225758,-0.0173581416765195,0.001129264313293743,5.742762706652812,10
ADA,short,2024-09-22 16:00:00+00:00,2024-09-22 20:00:00+00:00,2024-09-23 20:00:00+00:00,0.3505,0.3612,-0.02962347729789605,-0.031560117431322254,0.001936640133426204,9.988775255673833,6
DOT,short,2024-09-23 00:00:00+00:00,2024-09-23 04:00:00+00:00,2024-09-23 20:00:00+00:00,4.399,4.413,-0.0031724450487197187,-0.0049744097528398035,0.0018019647041200848,9.046674492363598,4
LINK,short,2024-09-22 12:00:00+00:00,2024-09-22 16:00:00+00:00,2024-09-23 20:00:00+00:00,11.034,11.431,-0.03473011984953189,-0.035991229248351186,0.0012611093988192934,6.536688716426203,7
SOL,short,2024-09-22 20:00:00+00:00,2024-09-23 00:00:00+00:00,2024-09-24 16:00:00+00:00,144.68,145.53,-0.005840720126434329,-0.007033179766217756,0.0011924596397834275,6.000925858297193,10
XRP,short,2024-09-23 12:00:00+00:00,2024-09-23 16:00:00+00:00,2024-09-25 08:00:00+00:00,0.588,0.5875,0.0008510638297871687,-0.00029780643413734875,0.0011488702639245174,5.742762706652812,10
BNB,long,2024-09-19 00:00:00+00:00,2024-09-19 04:00:00+00:00,2024-09-25 20:00:00+00:00,560.0,586.9,0.04803571428571418,0.046683379985099416,0.001352334300614766,6.455921962584254,40
ETH,long,2024-09-19 00:00:00+00:00,2024-09-19 04:00:00+00:00,2024-09-25 20:00:00+00:00,2404.0,2571.06,0.06949251247920141,0.06841459594976085,0.001077916529440559,5.041924062981029,40
XRP,long,2024-09-25 04:00:00+00:00,2024-09-25 08:00:00+00:00,2024-09-26 00:00:00+00:00,0.5875,0.5831,-0.0074893617021277725,-0.008628658047186266,0.0011392963450584936,5.742762706652812,4
BTC,long,2024-09-23 00:00:00+00:00,2024-09-23 04:00:00+00:00,2024-09-26 04:00:00+00:00,64364.4,63509.6,-0.013280633393615182,-0.014269414510552969,0.000988781116937787,5.012959217987713,18
BTC,short,2024-09-26 00:00:00+00:00,2024-09-26 04:00:00+00:00,2024-09-26 16:00:00+00:00,63509.6,65239.3,-0.026513160012446524,-0.027488680953398292,0.0009755209409517684,5.012959217987713,3
ETH,short,2024-09-25 16:00:00+00:00,2024-09-25 20:00:00+00:00,2024-09-27 00:00:00+00:00,2571.06,2632.0,-0.023153495440729532,-0.024138036222179027,0.0009845407814494944,5.041924062981029,7
XRP,short,2024-09-25 20:00:00+00:00,2024-09-26 00:00:00+00:00,2024-09-27 00:00:00+00:00,0.5831,0.5906,-0.012698950220115246,-0.013832266513243985,0.0011333162931287388,5.742762706652812,6
BNB,short,2024-09-25 16:00:00+00:00,2024-09-25 20:00:00+00:00,2024-09-27 08:00:00+00:00,586.9,604.2,-0.028632903012247746,-0.02988630785889501,0.0012534048466472658,6.455921962584254,9
XRP,long,2024-09-26 20:00:00+00:00,2024-09-27 00:00:00+00:00,2024-09-28 00:00:00+00:00,0.5906,0.5888,-0.0030477480528277034,-0.0041921428965838725,0.001144394843756169,5.742762706652812,6
XRP,short,2024-09-27 20:00:00+00:00,2024-09-28 00:00:00+00:00,2024-09-28 08:00:00+00:00,0.5888,0.6078,-0.03126028298782502,-0.032372292850810114,0.0011120098629850972,5.742762706652812,2
DOT,long,2024-09-23 16:00:00+00:00,2024-09-23 20:00:00+00:00,2024-09-29 04:00:00+00:00,4.413,4.814,0.09086789032404252,0.08889592894972265,0.001971961374319875,9.046674492363598,32
BNB,long,2024-09-27 04:00:00+00:00,2024-09-27 08:00:00+00:00,2024-09-29 08:00:00+00:00,604.2,593.4,-0.017874875868917672,-0.019142162350431424,0.001267286481513752,6.455921962584254,12
ADA,long,2024-09-23 16:00:00+00:00,2024-09-23 20:00:00+00:00,2024-09-29 12:00:00+00:00,0.3612,0.3972,0.09966777408637872,0.09747309944730032,0.002194674639078409,9.988775255673833,34
AVAX,long,2024-09-23 04:00:00+00:00,2024-09-23 08:00:00+00:00,2024-09-29 12:00:00+00:00,27.652,28.684,0.03732098944018514,0.035722520992484075,0.0015984684477010624,7.710732744665526,37
ETH,long,2024-09-26 20:00:00+00:00,2024-09-27 00:00:00+00:00,2024-09-29 16:00:00+00:00,2632.0,2666.33,0.013043313069908802,0.012022290370398814,0.001021022699509988,5.041924062981029,16
LINK,long,2024-09-23 16:00:00+00:00,2024-09-23 20:00:00+00:00,2024-09-30 00:00:00+00:00,11.431,12.464,0.09036829673694347,0.08894374829151275,0.0014245484454307178,6.536688716426203,37
BTC,long,2024-09-26 12:00:00+00:00,2024-09-26 16:00:00+00:00,2024-09-30 08:00:00+00:00,65239.3,64565.8,-0.01032353198148972,-0.011315276378703665,0.000991744397213945,5.012959217987713,22
SOL,long,2024-09-24 12:00:00+00:00,2024-09-24 16:00:00+00:00,2024-09-30 16:00:00+00:00,145.53,154.21,0.05964405964405972,0.05837305327793452,0.0012710063661252047,6.000925858297193,36
XRP,long,2024-09-28 04:00:00+00:00,2024-09-28 08:00:00+00:00,2024-10-01 08:00:00+00:00,0.6078,0.6283,0.03372820006581101,0.032541590356379047,0.0011866097094319628,5.742762706652812,18
BNB,short,2024-09-29 04:00:00+00:00,2024-09-29 08:00:00+00:00,2024-10-04 20:00:00+00:00,593.4,557.3,0.06477660147137998,0.06340266554435581,0.0013739359270241724,6.455921962584254,33
ADA,short,2024-09-29 08:00:00+00:00,2024-09-29 12:00:00+00:00,2024-10-05 00:00:00+00:00,0.3972,0.3517,0.1293716235427922,0.12711766710368178,0.002253956439110416,9.988775255673833,33
AVAX,short,2024-09-29 08:00:00+00:00,2024-09-29 12:00:00+00:00,2024-10-05 00:00:00+00:00,28.684,26.267,0.09201659877412727,0.0903338466701249,0.0016827521040023719,7.710732744665526,33
BTC,short,2024-09-30 04:00:00+00:00,2024-09-30 08:00:00+00:00,2024-10-05 00:00:00+00:00,64565.8,62093.8,0.039810737948072106,0.03876875452536055,0.0010419834227115565,5.012959217987713,28
DOT,short,2024-09-29 00:00:00+00:00,2024-09-29 04:00:00+00:00,2024-10-05 00:00:00+00:00,4.814,4.193,0.14810398282852377,0.1460285557965959,0.002075427031927868,9.046674492363598,35
LINK,short,2024-09-29 20:00:00+00:00,2024-09-30 00:00:00+00:00,2024-10-05 00:00:00+00:00,12.464,11.075,0.1254176072234765,0.12394726742395301,0.0014703397995234901,6.536688716426203,30
ETH,short,2024-09-29 12:00:00+00:00,2024-09-29 16:00:00+00:00,2024-10-05 04:00:00+00:00,2666.33,2399.5,0.1112023338195458,0.11008237893514883,0.0011199548843969787,5.041924062981029,33
SOL,short,2024-09-30 12:00:00+00:00,2024-09-30 16:00:00+00:00,2024-10-05 04:00:00+00:00,154.21,141.85,0.08713429679238649,0.0858303168384762,0.0013039799539102948,6.000925858297193,27
DOT,long,2024-10-04 20:00:00+00:00,2024-10-05 00:00:00+00:00,2024-10-06 08:00:00+00:00,4.193,4.135,-0.013832578106367732,-0.015615272492953358,0.001782694386585626,9.046674492363598,8
ADA,long,2024-10-04 20:00:00+00:00,2024-10-05 00:00:00+00:00,2024-10-06 16:00:00+00:00,0.3517,0.3532,0.004264998578333845,0.002260725128450325,0.00200427344988352,9.988775255673833,10
XRP,short,2024-10-01 04:00:00+00:00,2024-10-01 08:00:00+00:00,2024-10-06 20:00:00+00:00,0.6283,0.5318,0.18145919518615994,0.1801030060522888,0.001356189133871144,5.742762706652812,33
ADA,short,2024-10-06 12:00:00+00:00,2024-10-06 16:00:00+00:00,2024-10-07 00:00:00+00:00,0.3532,0.3575,-0.0120279720279719,-0.013999728593913296,0.001971756565941396,9.988775255673833,2
DOT,short,2024-10-06 04:00:00+00:00,2024-10-06 08:00:00+00:00,2024-10-07 04:00:00+00:00,4.135,4.255,-0.02820211515863691,-0.029958833739824664,0.001756718581187755,9.046674492363598,5
DOT,long,2024-10-07 00:00:00+00:00,2024-10-07 04:00:00+00:00,2024-10-08 12:00:00+00:00,4.255,4.155,-0.023501762632197387,-0.02526697803844513,0.0017652154062477443,9.046674492363598,8
LINK,long,2024-10-04 20:00:00+00:00,2024-10-05 00:00:00+00:00,2024-10-08 12:00:00+00:00,11.075,11.172,0.008758465011286853,0.0074405384836653266,0.0013179265276215268,6.536688716426203,21
XRP,long,2024-10-06 16:00:00+00:00,2024-10-06 20:00:00+00:00,2024-10-08 12:00:00+00:00,0.5318,0.5313,-0.0009402030838662201,-0.00208701716444204,0.0011468140805758198,5.742762706652812,10
ADA,long,2024-10-06 20:00:00+00:00,2024-10-07 00:00:00+00:00,2024-10-08 16:00:00+00:00,0.3575,0.3449,-0.03524475524475523,-0.037170176647907005,0.0019254214031517725,9.988775255673833,10
ETH,long,2024-10-05 00:00:00+00:00,2024-10-05 04:00:00+00:00,2024-10-08 16:00:00+00:00,2399.5,2419.4,0.008293394457178582,0.007277159089722263,0.0010162353674563196,5.041924062981029,21
SOL,long,2024-10-05 00:00:00+00:00,2024-10-05 04:00:00+00:00,2024-10-08 16:00:00+00:00,141.85,142.81,0.006767712372224288,0.0055601293541454044,0.0012075830180788838,6.000925858297193,21
BTC,long,2024-10-04 20:00:00+00:00,2024-10-05 00:00:00+00:00,2024-10-08 20:00:00+00:00,62093.8,62250.0,0.0025155490564274796,0.0015109387509129046,0.001004610305514575,5.012959217987713,23
AVAX,long,2024-10-04 20:00:00+00:00,2024-10-05 00:00:00+00:00,2024-10-09 00:00:00+00:00,26.267,26.348,0.003083717211710413,0.0015380069747752412,0.0015457102369351716,7.710732744665526,24
BNB,long,2024-10-04 16:00:00+00:00,2024-10-04 20:00:00+00:00,2024-10-10 08:00:00+00:00,557.3,569.8,0.022429571146599603,0.02111027776739771,0.0013192933792018913,6.455921962584254,33
XRP,short,2024-10-08 08:00:00+00:00,2024-10-08 12:00:00+00:00,2024-10-11 08:00:00+00:00,0.5313,0.5383,-0.013003901170351106,-0.014136867412317122,0.0011329662419660158,5.742762706652812,17
DOT,short,2024-10-08 08:00:00+00:00,2024-10-08 12:00:00+00:00,2024-10-11 16:00:00+00:00,4.155,4.168,-0.0031190019193857443,-0.004921063232625755,0.001802061313240011,9.046674492363598,19
ADA,short,2024-10-08 12:00:00+00:00,2024-10-08 16:00:00+00:00,2024-10-11 20:00:00+00:00,0.3449,0.3533,-0.023775827908293246,-0.025724138555411113,0.001948310647117868,9.988775255673833,19
AVAX,short,2024-10-08 20:00:00+00:00,2024-10-09 00:00:00+00:00,2024-10-11 20:00:00+00:00,26.348,27.315,-0.035401793886143174,-0.036888199553123946,0.0014864056669807724,7.710732744665526,17
SOL,short,2024-10-08 12:00:00+00:00,2024-10-08 16:00:00+00:00,2024-10-11 20:00:00+00:00,142.81,145.43,-0.0180155401223957,-0.019193396487069303,0.0011778563646736018,6.000925858297193,19
BTC,short,2024-10-08 16:00:00+00:00,2024-10-08 20:00:00+00:00,2024-10-12 00:00:00+00:00,62250.0,62539.3,-0.004625891239588564,-0.005623345182765971,0.0009974539431774065,5.012959217987713,19
ETH,short,2024-10-08 12:00:00+00:00,2024-10-08 16:00:00+00:00,2024-10-12 00:00:00+00:00,2419.4,2439.48,-0.00823126240018357,-0.009230842951863272,0.0009995805516797018,5.041924062981029,20
LINK,short,2024-10-08 08:00:00+00:00,2024-10-08 12:00:00+00:00,2024-10-12 00:00:00+00:00,11.172,10.907,0.024296323461996838,0.02295809697502449,0.0013382264869723492,6.536688716426203,21
BNB,short,2024-10-10 04:00:00+00:00,2024-10-10 08:00:00+00:00,2024-10-12 04:00:00+00:00,569.8,576.8,-0.012135922330097082,-0.013410614078067429,0.0012746917479703468,6.455921962584254,11
XRP,long,2024-10-11 04:00:00+00:00,2024-10-11 08:00:00+00:00,2024-10-13 16:00:00+00:00,0.5383,0.5278,-0.01950585175552655,-0.020631354451761563,0.0011255026962350145,5.742762706652812,14
BNB,long,2024-10-12 00:00:00+00:00,2024-10-12 04:00:00+00:00,2024-10-14 00:00:00+00:00,576.8,572.2,-0.007975034674063686,-0.009255095429045346,0.00128006075498166,6.455921962584254,11
DOT,long,2024-10-11 12:00:00+00:00,2024-10-11 16:00:00+00:00,2024-10-14 00:00:00+00:00,4.168,4.163,-0.0011996161228406965,-0.003005147108885886,0.0018055309860451896,9.046674492363598,14
LINK,long,2024-10-11 20:00:00+00:00,2024-10-12 00:00:00+00:00,2024-10-14 00:00:00+00:00,10.907,10.751,-0.014302741358760529,-0.015590538795337672,0.0012877974365771427,6.536688716426203,12
ADA,long,2024-10-11 16:00:00+00:00,2024-10-11 20:00:00+00:00,2024-10-14 04:00:00+00:00,0.3533,0.3559,0.007359184828757304,0.005348736120989406,0.002010448707767898,9.988775255673833,14
ADA,short,2024-10-14 00:00:00+00:00,2024-10-14 04:00:00+00:00,2024-10-14 12:00:00+00:00,0.3559,0.3558,0.00028105677346812463,-0.0017152656786241227,0.0019963224520922473,9.988775255673833,2
BNB,short,2024-10-13 20:00:00+00:00,2024-10-14 00:00:00+00:00,2024-10-14 12:00:00+00:00,572.2,580.9,-0.014976760199689965,-0.01624778626867518,0.0012710260689852149,6.455921962584254,3
DOT,short,2024-10-13 20:00:00+00:00,2024-10-14 00:00:00+00:00,2024-10-14 12:00:00+00:00,4.163,4.28,-0.02733644859813089,-0.029094732044354088,0.0017582834462231967,9.046674492363598,3
LINK,short,2024-10-13 20:00:00+00:00,2024-10-14 00:00:00+00:00,2024-10-14 16:00:00+00:00,10.751,11.264,-0.045543323863636354,-0.04679030598728218,0.0012469821236458234,6.536688716426203,4
XRP,short,2024-10-13 12:00:00+00:00,2024-10-13 16:00:00+00:00,2024-10-14 20:00:00+00:00,0.5278,0.5472,-0.0354532163742689,-0.03656041319697245,0.001107196822703549,5.742762706652812,7
AVAX,long,2024-10-11 16:00:00+00:00,2024-10-11 20:00:00+00:00,2024-10-15 16:00:00+00:00,27.315,28.116,0.029324546952224084,0.027738400689402143,0.0015861462628219414,7.710732744665526,23
ADA,long,2024-10-14 08:00:00+00:00,2024-10-14 12:00:00+00:00,2024-10-16 12:00:00+00:00,0.3558,0.3592,0.009555930297920234,0.007541097410054043,0.0020148328878661914,9.988775255673833,12
DOT,long,2024-10-14 08:00:00+00:00,2024-10-14 12:00:00+00:00,2024-10-17 04:00:00+00:00,4.28,4.331,0.011915887850467266,0.01008664797403358,0.001829239876433686,9.046674492363598,16
LINK,long,2024-10-14 12:00:00+00:00,2024-10-14 16:00:00+00:00,2024-10-17 12:00:00+00:00,11.264,10.945,-0.02832031249999989,-0.02958979620786939,0.001269483707869501,6.536688716426203,17
SOL,long,2024-10-11 16:00:00+00:00,2024-10-11 20:00:00+00:00,2024-10-17 16:00:00+00:00,145.43,152.91,0.05143367943340427,0.05017252113410975,0.001261158299294518,6.000925858297193,35
BNB,long,2024-10-14 08:00:00+00:00,2024-10-14 12:00:00+00:00,2024-10-18 04:00:00+00:00,580.9,594.0,0.022551213634016243,0.021231763293266148,0.0013194503407500946,6.455921962584254,22
LINK,short,2024-10-17 08:00:00+00:00,2024-10-17 12:00:00+00:00,2024-10-18 16:00:00+00:00,10.945,11.459,-0.0448555720394449,-0.046103452699663205,0.0012478806602183035,6.536688716426203,7
XRP,long,2024-10-14 16:00:00+00:00,2024-10-14 20:00:00+00:00,2024-10-18 16:00:00+00:00,0.5472,0.5459,-0.0023757309941520033,-0.0035208972418098172,0.001145166247657814,5.742762706652812,23
BNB,short,2024-10-18 00:00:00+00:00,2024-10-18 04:00:00+00:00,2024-10-18 20:00:00+00:00,594.0,599.5,-0.00917431192660545,-0.010452825192563298,0.001278513265957848,6.455921962584254,4
SOL,short,2024-10-17 12:00:00+00:00,2024-10-17 16:00:00+00:00,2024-10-19 00:00:00+00:00,152.91,154.93,-0.013038146259601202,-0.014221972835902763,0.001183826576301561,6.000925858297193,8
AVAX,short,2024-10-15 12:00:00+00:00,2024-10-15 16:00:00+00:00,2024-10-19 04:00:00+00:00,28.116,28.27,-0.005447470817120603,-0.006980034848566685,0.001532564031446082,7.710732744665526,21
ADA,short,2024-10-16 08:00:00+00:00,2024-10-16 12:00:00+00:00,2024-10-19 08:00:00+00:00,0.3592,0.3533,0.0166996886498727,0.014670598523909506,0.0020290901259631955,9.988775255673833,17
DOT,short,2024-10-17 00:00:00+00:00,2024-10-17 04:00:00+00:00,2024-10-19 08:00:00+00:00,4.331,4.376,-0.010283363802559453,-0.012072474102179265,0.0017891102996198116,9.046674492363598,13
BNB,long,2024-10-18 16:00:00+00:00,2024-10-18 20:00:00+00:00,2024-10-20 12:00:00+00:00,599.5,596.6,-0.004837364470391958,-0.006121473922362286,0.0012841094519703278,6.455921962584254,10
BNB,short,2024-10-20 08:00:00+00:00,2024-10-20 12:00:00+00:00,2024-10-20 20:00:00+00:00,596.6,598.2,-0.0026746907388833785,-0.00396159079982672,0.0012869000609433412,6.455921962584254,2
XRP,short,2024-10-18 12:00:00+00:00,2024-10-18 16:00:00+00:00,2024-10-21 08:00:00+00:00,0.5459,0.5487,-0.0051029706579185374,-0.006245006325347524,0.0011420356674289867,5.742762706652812,16
BTC,long,2024-10-11 20:00:00+00:00,2024-10-12 00:00:00+00:00,2024-10-21 20:00:00+00:00,62539.3,67752.7,0.0833619819857272,0.08227635631864416,0.0010856256670830344,5.012959217987713,59
AVAX,long,2024-10-19 00:00:00+00:00,2024-10-19 04:00:00+00:00,2024-10-22 04:00:00+00:00,28.27,28.024,-0.008701804032543281,-0.010229353272024233,0.001527549239480952,7.710732744665526,18
DOT,long,2024-10-19 04:00:00+00:00,2024-10-19 08:00:00+00:00,2024-10-22 04:00:00+00:00,4.376,4.405,0.006627056672760423,0.004807377413968972,0.0018196792587914512,9.046674492363598,17
BNB,long,2024-10-20 16:00:00+00:00,2024-10-20 20:00:00+00:00,2024-10-22 12:00:00+00:00,598.2,595.8,-0.004012036108325123,-0.005297210523863227,0.001285174415538104,6.455921962584254,10
ETH,long,2024-10-11 20:00:00+00:00,2024-10-12 00:00:00+00:00,2024-10-22 12:00:00+00:00,2439.48,2632.99,0.0793242822240805,0.07823645648349742,0.0010878257405830816,5.041924062981029,63
XRP,long,2024-10-21 04:00:00+00:00,2024-10-21 08:00:00+00:00,2024-10-22 16:00:00+00:00,0.5487,0.5336,-0.027519591762347417,-0.028635895539852574,0.0011163037775051565,5.742762706652812,8
LINK,long,2024-10-18 12:00:00+00:00,2024-10-18 16:00:00+00:00,2024-10-23 16:00:00+00:00,11.459,11.323,-0.011868400383977629,-0.013159378247445064,0.0012909778634674351,6.536688716426203,30
ADA,long,2024-10-19 04:00:00+00:00,2024-10-19 08:00:00+00:00,2024-10-23 20:00:00+00:00,0.3533,0.3497,-0.010189640532125677,-0.012165065969345412,0.0019754254372197355,9.988775255673833,27
BNB,short,2024-10-22 08:00:00+00:00,2024-10-22 12:00:00+00:00,2024-10-25 00:00:00+00:00,595.8,594.5,0.0021867115222875544,0.0008935385443651356,0.0012931729779224188,6.455921962584254,15
BTC,short,2024-10-21 16:00:00+00:00,2024-10-21 20:00:00+00:00,2024-10-25 00:00:00+00:00,67752.7,68202.7,-0.006597979258885611,-0.007593456993365555,0.0009954777344799437,5.012959217987713,19
LINK,short,2024-10-23 12:00:00+00:00,2024-10-23 16:00:00+00:00,2024-10-25 12:00:00+00:00,11.323,11.82,-0.04204737732656516,-0.04329892684750214,0.0012515495209369787,6.536688716426203,11
BNB,long,2024-10-24 20:00:00+00:00,2024-10-25 00:00:00+00:00,2024-10-26 04:00:00+00:00,594.5,578.4,-0.02708158116063919,-0.028336987757534793,0.001255406596895603,6.455921962584254,7
SOL,long,2024-10-18 20:00:00+00:00,2024-10-19 00:00:00+00:00,2024-10-26 04:00:00+00:00,154.93,165.64,0.0691279932872908,0.06784561127108146,0.001282382016209338,6.000925858297193,43
BTC,long,2024-10-24 20:00:00+00:00,2024-10-25 00:00:00+00:00,2024-10-26 08:00:00+00:00,68202.7,67002.4,-0.017599010009867633,-0.01858346372694053,0.0009844537170728973,5.012959217987713,8
LINK,long,2024-10-25 08:00:00+00:00,2024-10-25 12:00:00+00:00,2024-10-26 08:00:00+00:00,11.82,11.088,-0.061928934010152425,-0.06315450860064498,0.0012255745904925508,6.536688716426203,5
SOL,short,2024-10-26 00:00:00+00:00,2024-10-26 04:00:00+00:00,2024-10-27 12:00:00+00:00,165.64,174.02,-0.04815538443857037,-0.049297089103386815,0.0011417046648164453,6.000925858297193,8
BTC,short,2024-10-26 04:00:00+00:00,2024-10-26 08:00:00+00:00,2024-10-27 20:00:00+00:00,67002.4,67848.2,-0.012466063948638362,-0.013455661337064106,0.0009895973884257447,5.012959217987713,9
ADA,short,2024-10-23 16:00:00+00:00,2024-10-23 20:00:00+00:00,2024-10-28 00:00:00+00:00,0.3497,0.3399,0.028832009414533788,0.026778706069521485,0.002053303345012303,9.988775255673833,25
BNB,short,2024-10-26 00:00:00+00:00,2024-10-26 04:00:00+00:00,2024-10-28 00:00:00+00:00,578.4,589.4,-0.01866304716661016,-0.01992931663022457,0.0012662694636144112,6.455921962584254,11
DOT,short,2024-10-22 00:00:00+00:00,2024-10-22 04:00:00+00:00,2024-10-28 04:00:00+00:00,4.405,4.096,0.075439453125,0.07349538172937709,0.001944071395622915,9.046674492363598,36
ETH,short,2024-10-22 08:00:00+00:00,2024-10-22 12:00:00+00:00,2024-10-28 04:00:00+00:00,2632.99,2477.61,0.0627136635709411,0.06164257928502148,0.0010710842859196212,5.041924062981029,34
AVAX,short,2024-10-22 00:00:00+00:00,2024-10-22 04:00:00+00:00,2024-10-28 16:00:00+00:00,28.024,25.568,0.09605757196495612,0.09436859288954436,0.0016889790754117673,7.710732744665526,39
XRP,short,2024-10-22 12:00:00+00:00,2024-10-22 16:00:00+00:00,2024-10-28 16:00:00+00:00,0.5336,0.5138,0.038536395484624286,0.037344266479725,0.0011921290048992894,5.742762706652812,36
LINK,short,2024-10-26 04:00:00+00:00,2024-10-26 08:00:00+00:00,2024-10-29 08:00:00+00:00,11.088,11.486,-0.03465087933136002,-0.035912092256627504,0.0012612129252674853,6.536688716426203,18
SOL,long,2024-10-27 08:00:00+00:00,2024-10-27 12:00:00+00:00,2024-10-30 20:00:00+00:00,174.02,174.29,0.0015515457993333648,0.0003502193924820318,0.001201326406851333,6.000925858297193,20
AVAX,long,2024-10-28 12:00:00+00:00,2024-10-28 16:00:00+00:00,2024-10-31 04:00:00+00:00,25.568,26.076,0.01986858573216521,0.01829701071180989,0.0015715750203553203,7.710732744665526,15
BNB,long,2024-10-27 20:00:00+00:00,2024-10-28 00:00:00+00:00,2024-10-31 04:00:00+00:00,589.4,592.6,0.005429250084832082,0.004131893092892414,0.0012973569919396688,6.455921962584254,19
XRP,long,2024-10-28 12:00:00+00:00,2024-10-28 16:00:00+00:00,2024-10-31 12:00:00+00:00,0.5138,0.5186,0.009342156481120911,0.008183539348548319,0.0011586171325725925,5.742762706652812,17
DOT,long,2024-10-28 00:00:00+00:00,2024-10-28 04:00:00+00:00,2024-10-31 16:00:00+00:00,4.096,3.998,-0.02392578125,-0.02569023015799099,0.0017644489079909897,9.046674492363598,21
ADA,long,2024-10-27 20:00:00+00:00,2024-10-28 00:00:00+00:00,2024-11-01 00:00:00+00:00,0.3399,0.3416,0.005001471020888548,0.0029957277476364563,0.002005743273252092,9.988775255673833,24
BTC,long,2024-10-27 16:00:00+00:00,2024-10-27 20:00:00+00:00,2024-11-01 00:00:00+00:00,67848.2,70304.4,0.03620140254273507,0.035163035997136216,0.0010383665455988567,5.012959217987713,25
ETH,long,2024-10-28 00:00:00+00:00,2024-10-28 04:00:00+00:00,2024-11-01 00:00:00+00:00,2477.61,2518.65,0.016564350321479182,0.015539778850743646,0.0010245714707355358,5.041924062981029,23
LINK,long,2024-10-29 04:00:00+00:00,2024-10-29 08:00:00+00:00,2024-11-01 04:00:00+00:00,11.486,11.393,-0.008096813512101675,-0.009392718892474505,0.0012959053803728304,6.536688716426203,17
ADA,short,2024-10-31 20:00:00+00:00,2024-11-01 00:00:00+00:00,2024-11-02 04:00:00+00:00,0.3416,0.3611,-0.0540016615895873,-0.05588964868063795,0.0018879870910506469,9.988775255673833,7
ADA,long,2024-11-02 00:00:00+00:00,2024-11-02 04:00:00+00:00,2024-11-03 08:00:00+00:00,0.3611,0.3406,-0.05677097756854044,-0.05865343776529641,0.001882460196755975,9.988775255673833,7
XRP,short,2024-10-31 08:00:00+00:00,2024-10-31 12:00:00+00:00,2024-11-05 00:00:00+00:00,0.5186,0.5033,0.03039936419630429,0.02921657563537483,0.0011827885609294597,5.742762706652812,27
BTC,short,2024-10-31 20:00:00+00:00,2024-11-01 00:00:00+00:00,2024-11-05 20:00:00+00:00,70304.4,68998.6,0.01892502166710619,0.017903967601384352,0.001021054065721838,5.012959217987713,29
DOT,short,2024-10-31 12:00:00+00:00,2024-10-31 16:00:00+00:00,2024-11-05 20:00:00+00:00,3.998,3.839,0.04141703568637678,0.03953446659881976,0.0018825690875570178,9.046674492363598,31
SOL,short,2024-10-30 16:00:00+00:00,2024-10-30 20:00:00+00:00,2024-11-06 00:00:00+00:00,174.29,166.63,0.045970113424953496,0.04471550848394501,0.0012546049410084859,6.000925858297193,37
AVAX,short,2024-10-31 00:00:00+00:00,2024-10-31 04:00:00+00:00,2024-11-06 04:00:00+00:00,26.076,26.222,-0.005567843795286409,-0.0071002223369858175,0.0015323785416994085,7.710732744665526,36
BNB,short,2024-10-31 00:00:00+00:00,2024-10-31 04:00:00+00:00,2024-11-06 04:00:00+00:00,592.6,582.0,0.01821305841924392,0.016899205822939578,0.0013138525963043435,6.455921962584254,36
ADA,short,2024-11-03 04:00:00+00:00,2024-11-03 08:00:00+00:00,2024-11-06 08:00:00+00:00,0.3406,0.3598,-0.053362979433018376,-0.05525224118134686,0.0018892617483284857,9.988775255673833,18
ETH,short,2024-10-31 20:00:00+00:00,2024-11-01 00:00:00+00:00,2024-11-06 08:00:00+00:00,2518.65,2595.01,-0.029425705488610898,-0.03040392465601649,0.0009782191674055918,5.041924062981029,32
LINK,short,2024-11-01 00:00:00+00:00,2024-11-01 04:00:00+00:00,2024-11-06 08:00:00+00:00,11.393,11.756,-0.030877849608710428,-0.032143991935944305,0.0012661423272338768,6.536688716426203,31
BNB,long,2024-11-06 00:00:00+00:00,2024-11-06 04:00:00+00:00,2024-11-13 04:00:00+00:00,582.0,606.2,0.04158075601374578,0.04023675087726275,0.0013440051364830286,6.455921962584254,42
LINK,long,2024-11-06 04:00:00+00:00,2024-11-06 08:00:00+00:00,2024-11-13 04:00:00+00:00,11.756,13.408,0.14052398775093566,0.13903391171095025,0.0014900760399854107,6.536688716426203,41
ADA,long,2024-11-06 04:00:00+00:00,2024-11-06 08:00:00+00:00,2024-11-13 08:00:00+00:00,0.3598,0.5341,0.4844357976653697,0.48147321780693675,0.0029625798584329566,9.988775255673833,42
SOL,long,2024-11-05 20:00:00+00:00,2024-11-06 00:00:00+00:00,2024-11-13 08:00:00+00:00,166.63,205.23,0.2316509632119066,0.23017364051959377,0.0014773226923128213,6.000925858297193,44
DOT,long,2024-11-05 16:00:00+00:00,2024-11-05 20:00:00+00:00,2024-11-13 12:00:00+00:00,3.839,5.067,0.31987496743943744,0.31748903007909446,0.0023859373603429823,9.046674492363598,46
ETH,long,2024-11-06 04:00:00+00:00,2024-11-06 08:00:00+00:00,2024-11-13 12:00:00+00:00,2595.01,3168.04,0.22081995830459222,0.21958952237617524,0.0012304359284169841,5.041924062981029,43
AVAX,long,2024-11-06 00:00:00+00:00,2024-11-06 04:00:00+00:00,2024-11-13 16:00:00+00:00,26.222,34.76,0.32560445427503604,0.3235617530129764,0.002042701262059632,7.710732744665526,45
SOL,short,2024-11-13 04:00:00+00:00,2024-11-13 08:00:00+00:00,2024-11-14 08:00:00+00:00,205.23,218.17,-0.05931154604207722,-0.06043986927726108,0.001128323235183859,6.000925858297193,6
BNB,short,2024-11-13 00:00:00+00:00,2024-11-13 04:00:00+00:00,2024-11-14 12:00:00+00:00,606.2,632.5,-0.041581027667984105,-0.0428177248844791,0.0012366972164949974,6.455921962584254,8
ADA,short,2024-11-13 04:00:00+00:00,2024-11-13 08:00:00+00:00,2024-11-15 08:00:00+00:00,0.5341,0.5897,-0.09428522977785314,-0.09609282047323076,0.0018075906953776144,9.988775255673833,12
SOL,long,2024-11-14 04:00:00+00:00,2024-11-14 08:00:00+00:00,2024-11-15 08:00:00+00:00,218.17,209.23,-0.04097721959939493,-0.0421275342244376,0.00115031462504267,6.000925858297193,6
BNB,long,2024-11-14 08:00:00+00:00,2024-11-14 12:00:00+00:00,2024-11-15 12:00:00+00:00,632.5,624.2,-0.013122529644268743,-0.014395948322157404,0.0012734186778886603,6.455921962584254,6
BTC,long,2024-11-05 16:00:00+00:00,2024-11-05 20:00:00+00:00,2024-11-15 12:00:00+00:00,68998.6,89741.9,0.3006336360447892,0.29933028473447854,0.0013033513103106742,5.012959217987713,58
BTC,short,2024-11-15 08:00:00+00:00,2024-11-15 12:00:00+00:00,2024-11-16 04:00:00+00:00,89741.9,91265.7,-0.01669630540279643,-0.01768166371067781,0.0009853583078813788,5.012959217987713,4
AVAX,short,2024-11-13 12:00:00+00:00,2024-11-13 16:00:00+00:00,2024-11-16 08:00:00+00:00,34.76,34.267,0.014387019581521443,0.012823891426336331,0.0015631281551851117,7.710732744665526,16
DOT,short,2024-11-13 08:00:00+00:00,2024-11-13 12:00:00+00:00,2024-11-16 08:00:00+00:00,5.067,5.244,-0.03375286041189929,-0.03549954491349283,0.0017466845015935428,9.046674492363598,17
LINK,short,2024-11-13 00:00:00+00:00,2024-11-13 04:00:00+00:00,2024-11-16 08:00:00+00:00,13.408,14.023,-0.04385652142908081,-0.045105707332672496,0.0012491859035916875,6.536688716426203,19
SOL,short,2024-11-15 04:00:00+00:00,2024-11-15 08:00:00+00:00,2024-11-16 08:00:00+00:00,209.23,218.93,-0.04430639930571423,-0.045452720694950766,0.0011463213892365376,6.000925858297193,6
ETH,short,2024-11-13 08:00:00+00:00,2024-11-13 12:00:00+00:00,2024-11-16 20:00:00+00:00,3168.04,3170.08,-0.0006435168828546889,-0.0016507449460585466,0.0010072280632038577,5.041924062981029,20
BNB,short,2024-11-15 08:00:00+00:00,2024-11-15 12:00:00+00:00,2024-11-17 00:00:00+00:00,624.2,622.7,0.0024088646218083376,0.0011154049883337347,0.001293459633474603,6.455921962584254,9
ETH,long,2024-11-16 16:00:00+00:00,2024-11-16 20:00:00+00:00,2024-11-17 20:00:00+00:00,3170.08,3099.75,-0.022185559985867798,-0.023171076326859774,0.0009855163409919765,5.041924062981029,6
BTC,long,2024-11-16 00:00:00+00:00,2024-11-16 04:00:00+00:00,2024-11-18 04:00:00+00:00,91265.7,90709.1,-0.00609867672082709,-0.007094654801137801,0.000995978080310711,5.012959217987713,12
BTC,short,2024-11-18 00:00:00+00:00,2024-11-18 04:00:00+00:00,2024-11-18 12:00:00+00:00,90709.1,90295.9,0.00457606602293148,0.0035693908949998576,0.0010066751279316222,5.012959217987713,2
BNB,long,2024-11-16 20:00:00+00:00,2024-11-17 00:00:00+00:00,2024-11-18 16:00:00+00:00,622.7,624.2,0.0024088646218083376,0.0011154049883337347,0.001293459633474603,6.455921962584254,10
ETH,short,2024-11-17 16:00:00+00:00,2024-11-17 20:00:00+00:00,2024-11-19 04:00:00+00:00,3099.75,3149.73,-0.015868026783248057,-0.016859910418433377,0.00099188363518532,5.041924062981029,8
AVAX,long,2024-11-16 04:00:00+00:00,2024-11-16 08:00:00+00:00,2024-11-19 16:00:00+00:00,34.267,34.409,0.004143928561006094,0.002596584582531758,0.001547343978474336,7.710732744665526,20
ETH,long,2024-11-19 00:00:00+00:00,2024-11-19 04:00:00+00:00,2024-11-20 08:00:00+00:00,3149.73,3109.88,-0.01265187809748769,-0.01364700321383261,0.0009951251163449193,5.041924062981029,7
LINK,long,2024-11-16 04:00:00+00:00,2024-11-16 08:00:00+00:00,2024-11-20 12:00:00+00:00,14.023,14.679,0.04678028952435298,0.04541268810140964,0.001367601422943343,6.536688716426203,25
SOL,long,2024-11-16 04:00:00+00:00,2024-11-16 08:00:00+00:00,2024-11-20 12:00:00+00:00,218.93,237.61,0.08532407618873616,0.08402226753177255,0.00130180865696361,6.000925858297193,25
XRP,long,2024-11-04 20:00:00+00:00,2024-11-05 00:00:00+00:00,2024-11-20 12:00:00+00:00,0.5033,1.1202,1.2257103119411883,1.2231554339119688,0.0025548780292194984,5.742762706652812,93
DOT,long,2024-11-16 04:00:00+00:00,2024-11-16 08:00:00+00:00,2024-11-21 04:00:00+00:00,5.244,5.55,0.0583524027459954,0.05643921960333831,0.0019131831426570933,9.046674492363598,29
XRP,short,2024-11-20 08:00:00+00:00,2024-11-20 12:00:00+00:00,2024-11-21 16:00:00+00:00,1.1202,1.1033,0.01531768331369543,0.01415220691370811,0.0011654763999873197,5.742762706652812,7
ETH,short,2024-11-20 04:00:00+00:00,2024-11-20 08:00:00+00:00,2024-11-21 20:00:00+00:00,3109.88,3348.58,-0.071283947225391,-0.07221997844838846,0.0009360312229974577,5.041924062981029,9
SOL,short,2024-11-20 08:00:00+00:00,2024-11-20 12:00:00+00:00,2024-11-21 20:00:00+00:00,237.61,254.13,-0.06500609924054612,-0.06612759205630592,0.0011214928157597948,6.000925858297193,8
AVAX,short,2024-11-19 12:00:00+00:00,2024-11-19 16:00:00+00:00,2024-11-22 00:00:00+00:00,34.409,35.85,-0.04019525801952584,-0.04167427715789063,0.00147901913836479,7.710732744665526,14
BNB,short,2024-11-18 12:00:00+00:00,2024-11-18 16:00:00+00:00,2024-11-22 00:00:00+00:00,624.2,622.0,0.0035369774919615793,0.0022420621965200116,0.0012949152954415677,6.455921962584254,20
LINK,short,2024-11-20 08:00:00+00:00,2024-11-20 12:00:00+00:00,2024-11-22 00:00:00+00:00,14.679,14.893,-0.01436916672262134,-0.01565687737554111,0.0012877106529197713,6.536688716426203,9
DOT,short,2024-11-21 00:00:00+00:00,2024-11-21 04:00:00+00:00,2024-11-22 08:00:00+00:00,5.55,6.088,-0.08837056504599217,-0.0900185171485044,0.001647952102512229,9.046674492363598,7
