instrument,side,direction,signal_time,entry_time,exit_time,entry_price,exit_open,upper_stop,lower_stop,gross,net,fees_slippage,side_cost_bps,bars_held
ADA,long,1,2023-01-22 00:00:00+00:00,2023-01-22 04:00:00+00:00,2023-01-23 04:00:00+00:00,0.375014798357047,0.37055,0.375014798357047,0.35490234780890745,-0.011905659127606216,-0.01387765980092881,0.0019720006733225937,9.988775255673833,6
AVAX,long,1,2023-01-22 08:00:00+00:00,2023-01-22 12:00:00+00:00,2023-01-23 12:00:00+00:00,17.89413569086601,17.88,17.89413569086601,16.880636495574784,-0.0007899622038310961,-0.0023297032620983593,0.0015397410582672633,7.710732744665526,6
LINK,long,1,2023-01-22 08:00:00+00:00,2023-01-22 12:00:00+00:00,2023-01-23 12:00:00+00:00,7.046847858730553,7.139,7.046847858730553,6.709294275656052,0.013077072631173303,0.011753503912936392,0.0013235687182369116,6.536688716426203,6
BNB,long,1,2023-01-22 12:00:00+00:00,2023-01-22 16:00:00+00:00,2023-01-23 16:00:00+00:00,309.60085360527034,303.59,309.60085360527034,297.1077858114605,-0.019414848296684606,-0.020680147672694438,0.0012652993760098319,6.455921962584254,6
DOT,short,-1,2023-01-22 16:00:00+00:00,2023-01-22 20:00:00+00:00,2023-01-23 20:00:00+00:00,6.13151271188048,6.674,6.466953729569781,6.13151271188048,-0.0812836811686426,-0.08294444422781999,0.0016607630591773948,9.046674492363598,6
SOL,short,-1,2023-01-22 16:00:00+00:00,2023-01-22 20:00:00+00:00,2023-01-23 20:00:00+00:00,23.718606573624726,24.155,26.18434767962378,23.718606573624726,-0.018066380723464115,-0.0192441761065969,0.0011777953831327848,6.000925858297193,6
XRP,short,-1,2023-01-22 16:00:00+00:00,2023-01-22 20:00:00+00:00,2023-01-23 20:00:00+00:00,0.3977146360220924,0.42673,0.41231699225394086,0.3977146360220924,-0.06799466636493245,-0.06906450907413131,0.0010698427091988538,5.742762706652812,6
BTC,short,-1,2023-01-23 08:00:00+00:00,2023-01-23 12:00:00+00:00,2023-01-24 12:00:00+00:00,22620.762770031295,22916.1,23194.833937921805,22620.762770031295,-0.012887761441462753,-0.013876936251258853,0.0009891748097961006,5.012959217987713,6
ETH,short,-1,2023-01-23 08:00:00+00:00,2023-01-23 12:00:00+00:00,2023-01-24 12:00:00+00:00,1618.0915147524524,1625.63,1655.6236393773104,1618.0915147524524,-0.004637270010732886,-0.005640472863417956,0.00100320285268507,5.041924062981029,6
AVAX,long,1,2023-01-23 16:00:00+00:00,2023-01-23 20:00:00+00:00,2023-01-24 20:00:00+00:00,18.321774485094238,18.05,18.321774485094238,17.041411586744246,-0.014833415033862596,-0.01635151571612825,0.001518100682265655,7.710732744665526,6
BNB,long,1,2023-01-23 20:00:00+00:00,2023-01-24 00:00:00+00:00,2023-01-25 00:00:00+00:00,307.45483358524785,300.13,307.45483358524785,302.78304951152575,-0.02382409637159566,-0.02508370626839196,0.0012596098967962988,6.455921962584254,6
LINK,long,1,2023-01-23 20:00:00+00:00,2023-01-24 00:00:00+00:00,2023-01-25 00:00:00+00:00,7.14000604207698,6.659,7.14000604207698,6.892182542983544,-0.06736773599943036,-0.06858620488358325,0.0012184688841528901,6.536688716426203,6
ADA,short,-1,2023-01-24 04:00:00+00:00,2023-01-24 08:00:00+00:00,2023-01-25 08:00:00+00:00,0.3760529521661657,0.35945,0.3886101613036303,0.3760529521661657,0.04618987944405539,0.044101933929798776,0.0020879455142566172,9.988775255673833,6
DOT,short,-1,2023-01-24 04:00:00+00:00,2023-01-24 08:00:00+00:00,2023-01-25 08:00:00+00:00,6.476866359010497,6.261,6.745870236957469,6.476866359010497,0.03447793627383766,0.03260791099303817,0.0018700252807994922,9.046674492363598,6
SOL,short,-1,2023-01-24 04:00:00+00:00,2023-01-24 08:00:00+00:00,2023-01-25 08:00:00+00:00,24.25628187087512,23.242,25.351816377858327,24.25628187087512,0.04364004263295418,0.042388232531196834,0.0012518101017573446,6.000925858297193,6
XRP,long,1,2023-01-24 04:00:00+00:00,2023-01-24 08:00:00+00:00,2023-01-25 08:00:00+00:00,0.43090919754453916,0.40916,0.43090919754453916,0.4171819054324526,-0.05047280881557681,-0.05156276474824595,0.00108995593266914,5.742762706652812,6
BTC,short,-1,2023-01-24 16:00:00+00:00,2023-01-24 20:00:00+00:00,2023-01-25 20:00:00+00:00,22865.393389059172,22752.4,23175.65199877824,22865.393389059172,0.0049662184674659215,0.003959152371866059,0.0010070660955998623,5.012959217987713,6
ETH,short,-1,2023-01-24 16:00:00+00:00,2023-01-24 20:00:00+00:00,2023-01-25 20:00:00+00:00,1610.8310093600048,1561.3,1634.354247715891,1610.8310093600048,0.03172421018382421,0.030684359444333564,0.0010398507394906442,5.041924062981029,6
ADA,long,1,2023-01-25 16:00:00+00:00,2023-01-25 20:00:00+00:00,2023-01-26 20:00:00+00:00,0.3718473585276294,0.3809,0.3718473585276294,0.3508575145365891,0.02434504714035235,0.022300698702032218,0.0020443484383201316,9.988775255673833,6
AVAX,long,1,2023-01-25 16:00:00+00:00,2023-01-25 20:00:00+00:00,2023-01-26 20:00:00+00:00,18.1982722382673,18.02,18.1982722382673,16.905538941937063,-0.00979610789052987,-0.011321970853335528,0.0015258629628056575,7.710732744665526,6
BNB,long,1,2023-01-25 16:00:00+00:00,2023-01-25 20:00:00+00:00,2023-01-26 20:00:00+00:00,312.18753048513986,305.46,312.18753048513986,292.82246590035214,-0.021549645095322312,-0.02281218983339761,0.0012625447380752997,6.455921962584254,6
DOT,long,1,2023-01-25 16:00:00+00:00,2023-01-25 20:00:00+00:00,2023-01-26 20:00:00+00:00,6.409172041574429,6.456,6.409172041574429,6.077240671235252,0.007306397475650872,0.005485490172808305,0.001820907302842567,9.046674492363598,6
LINK,long,1,2023-01-25 16:00:00+00:00,2023-01-25 20:00:00+00:00,2023-01-26 20:00:00+00:00,7.018948078580584,7.128,7.018948078580584,6.630578183363846,0.015536789872004464,0.014210007573198347,0.0013267822988061173,6.536688716426203,6
SOL,long,1,2023-01-25 16:00:00+00:00,2023-01-25 20:00:00+00:00,2023-01-26 20:00:00+00:00,24.61039982288948,24.479,24.61039982288948,22.842542341678907,-0.005339199031105135,-0.006532260228080289,0.0011930611969751537,6.000925858297193,6
XRP,long,1,2023-01-25 16:00:00+00:00,2023-01-25 20:00:00+00:00,2023-01-26 20:00:00+00:00,0.42008340473449884,0.41241,0.42008340473449884,0.40309197671596037,-0.018266383884763537,-0.019393309357904287,0.0011269254731407496,5.742762706652812,6
BTC,short,-1,2023-01-26 20:00:00+00:00,2023-01-27 00:00:00+00:00,2023-01-28 00:00:00+00:00,22815.818290232655,23075.0,23203.615687833462,22815.818290232655,-0.011232143435204511,-0.012222977322420947,0.0009908338872164357,5.012959217987713,6
ETH,short,-1,2023-01-26 20:00:00+00:00,2023-01-27 00:00:00+00:00,2023-01-28 00:00:00+00:00,1574.8672052736858,1597.37,1627.7290922154375,1574.8672052736858,-0.014087402872417831,-0.015081081156863019,0.0009936782844451875,5.041924062981029,6
ADA,long,1,2023-01-27 00:00:00+00:00,2023-01-27 04:00:00+00:00,2023-01-28 04:00:00+00:00,0.38015161610853143,0.38868,0.38015161610853143,0.3635145077498428,0.02243416450197011,0.02039362972970782,0.0020405347722622924,9.988775255673833,6
AVAX,long,1,2023-01-27 00:00:00+00:00,2023-01-27 04:00:00+00:00,2023-01-28 04:00:00+00:00,18.09402750582749,21.01,18.09402750582749,17.56982517560626,0.16115662990085378,0.15936733588807495,0.0017892940127788304,7.710732744665526,6
LINK,long,1,2023-01-27 00:00:00+00:00,2023-01-27 04:00:00+00:00,2023-01-28 04:00:00+00:00,7.175930086906343,7.417,7.175930086906343,6.883119456546156,0.03359423937721018,0.03224386531432044,0.0013503740628897365,6.536688716426203,6
BNB,short,-1,2023-01-27 08:00:00+00:00,2023-01-27 12:00:00+00:00,2023-01-28 12:00:00+00:00,302.04846164164576,307.55,308.06116705336854,302.04846164164576,-0.01788827299090967,-0.01915554218542892,0.0012672691945192494,6.455921962584254,6
DOT,long,1,2023-01-27 12:00:00+00:00,2023-01-27 16:00:00+00:00,2023-01-28 16:00:00+00:00,6.509635222469758,6.442,6.509635222469758,6.305982992458024,-0.010390017283348874,-0.012178934785521456,0.0017889175021725823,9.046674492363598,6
SOL,long,1,2023-01-27 12:00:00+00:00,2023-01-27 16:00:00+00:00,2023-01-28 16:00:00+00:00,24.420224690075525,24.159,24.420224690075525,23.252089127204666,-0.010697063331349677,-0.01188369795557842,0.001186634624228744,6.000925858297193,6
XRP,long,1,2023-01-27 12:00:00+00:00,2023-01-27 16:00:00+00:00,2023-01-28 16:00:00+00:00,0.41166095480757553,0.40913,0.41166095480757553,0.4011273055448912,-0.006148153663877554,-0.007288989572701965,0.0011408359088244113,5.742762706652812,6
ADA,short,-1,2023-01-28 08:00:00+00:00,2023-01-28 12:00:00+00:00,2023-01-29 12:00:00+00:00,0.37972491480279236,0.39073,0.3940680294252307,0.37972491480279236,-0.028165447232635477,-0.030104997246375387,0.0019395500137399102,9.988775255673833,6
BNB,long,1,2023-01-28 20:00:00+00:00,2023-01-29 00:00:00+00:00,2023-01-30 00:00:00+00:00,309.0002482875805,317.05,309.0002482875805,303.2269731796392,0.026050955483141625,0.024726989245765996,0.001323966237375629,6.455921962584254,6
BTC,long,1,2023-01-28 20:00:00+00:00,2023-01-29 00:00:00+00:00,2023-01-30 00:00:00+00:00,23283.7320466272,23742.1,23283.7320466272,22772.307570718945,0.01968618915794451,0.018664372334272317,0.0010218168236721947,5.012959217987713,6
DOT,long,1,2023-01-28 20:00:00+00:00,2023-01-29 00:00:00+00:00,2023-01-30 00:00:00+00:00,6.488736398285669,6.611,6.488736398285669,6.302617719345907,0.018842436217108904,0.017000675222437422,0.001841760994671482,9.046674492363598,6
ETH,long,1,2023-01-28 20:00:00+00:00,2023-01-29 00:00:00+00:00,2023-01-30 00:00:00+00:00,1597.9707466568793,1645.53,1597.9707466568793,1547.6123785581522,0.0297622803437545,0.028724406987536533,0.0010378733562179665,5.041924062981029,6
LINK,long,1,2023-01-28 20:00:00+00:00,2023-01-29 00:00:00+00:00,2023-01-30 00:00:00+00:00,7.384315920854272,7.375,7.384315920854272,7.043705139037816,-0.001261582109178483,-0.0025664176082078605,0.0013048354990293776,6.536688716426203,6
SOL,long,1,2023-01-28 20:00:00+00:00,2023-01-29 00:00:00+00:00,2023-01-30 00:00:00+00:00,24.490147512684647,26.095,24.490147512684647,23.54514886859453,0.06553053575868084,0.06425246876823798,0.001278066990442861,6.000925858297193,6
XRP,long,1,2023-01-28 20:00:00+00:00,2023-01-29 00:00:00+00:00,2023-01-30 00:00:00+00:00,0.4114472828931415,0.41349,0.4114472828931415,0.40420487147363837,0.004964711621121776,0.003811119328321455,0.0011535922928003206,5.742762706652812,6
ADA,short,-1,2023-01-29 20:00:00+00:00,2023-01-30 00:00:00+00:00,2023-01-31 00:00:00+00:00,0.39293728478137213,0.37247,0.4027026455075191,0.39293728478137213,0.054950156472661105,0.05284472753452052,0.0021054289381405855,9.988775255673833,6
AVAX,short,-1,2023-01-29 20:00:00+00:00,2023-01-30 00:00:00+00:00,2023-01-31 00:00:00+00:00,20.60878947694089,19.73,21.39863675610028,20.60878947694089,0.04454077430009562,0.04293118046457822,0.0016095938355173978,7.710732744665526,6
BNB,short,-1,2023-01-30 04:00:00+00:00,2023-01-30 08:00:00+00:00,2023-01-31 08:00:00+00:00,308.77624302543006,311.74,317.1599040148131,308.77624302543006,-0.009507143692082942,-0.010785227488122384,0.001278083796039442,6.455921962584254,6
BTC,short,-1,2023-01-30 04:00:00+00:00,2023-01-30 08:00:00+00:00,2023-01-31 08:00:00+00:00,23425.321062085906,22972.9,23862.903570390772,23425.321062085906,0.019693685258974858,0.018671860923538564,0.0010218243354362944,5.012959217987713,6
DOT,short,-1,2023-01-30 04:00:00+00:00,2023-01-30 08:00:00+00:00,2023-01-31 08:00:00+00:00,6.380154376829894,6.255,6.579377005742191,6.380154376829894,0.020008693338112504,0.01816482410098974,0.0018438692371227638,9.046674492363598,6
ETH,short,-1,2023-01-30 04:00:00+00:00,2023-01-30 08:00:00+00:00,2023-01-31 08:00:00+00:00,1603.0753879948988,1579.94,1652.6013326258055,1603.0753879948988,0.014643206700823308,0.01362057150588214,0.0010226351949411683,5.041924062981029,6
LINK,short,-1,2023-01-30 04:00:00+00:00,2023-01-30 08:00:00+00:00,2023-01-31 08:00:00+00:00,7.117691247440817,7.035,7.317694346285014,7.117691247440817,0.011754264028545292,0.010432423538232927,0.0013218404903123648,6.536688716426203,6
SOL,short,-1,2023-01-30 04:00:00+00:00,2023-01-30 08:00:00+00:00,2023-01-31 08:00:00+00:00,24.57166245262602,24.126,26.21079811924447,24.57166245262602,0.018472289340380366,0.0172506670874244,0.0012216222529559673,6.000925858297193,6
XRP,short,-1,2023-01-30 04:00:00+00:00,2023-01-30 08:00:00+00:00,2023-01-31 08:00:00+00:00,0.40771494434929106,0.39543,0.41392855091281244,0.40771494434929106,0.031067304830920905,0.02988374954538986,0.001183555285531046,5.742762706652812,6
ADA,long,1,2023-01-31 08:00:00+00:00,2023-01-31 12:00:00+00:00,2023-02-01 12:00:00+00:00,0.3797801881955988,0.3819,0.3797801881955988,0.3654182214173969,0.005581680851949766,0.003574779618237711,0.002006901233712055,9.988775255673833,6
AVAX,long,1,2023-01-31 08:00:00+00:00,2023-01-31 12:00:00+00:00,2023-02-01 12:00:00+00:00,20.00356806659688,19.14,20.00356806659688,19.009108711708464,-0.04317070153293878,-0.04464513563675543,0.0014744341038166464,7.710732744665526,6
XRP,long,1,2023-01-31 12:00:00+00:00,2023-01-31 16:00:00+00:00,2023-02-01 16:00:00+00:00,0.4097889037595214,0.39766,0.4097889037595214,0.39488905486558123,-0.029597931150031842,-0.030711849215609432,0.0011139180655775904,5.742762706652812,6
BNB,short,-1,2023-01-31 16:00:00+00:00,2023-01-31 20:00:00+00:00,2023-02-01 20:00:00+00:00,309.2884649881764,314.52,318.43822207777805,309.2884649881764,-0.01663339378043882,-0.017902282210043863,0.0012688884296050418,6.455921962584254,6
BTC,short,-1,2023-01-31 16:00:00+00:00,2023-01-31 20:00:00+00:00,2023-02-01 20:00:00+00:00,22831.371150890893,23379.7,23512.230559532254,22831.371150890893,-0.023453202954234142,-0.02443179024602493,0.000978587291790789,5.012959217987713,6
ETH,short,-1,2023-01-31 16:00:00+00:00,2023-01-31 20:00:00+00:00,2023-02-01 20:00:00+00:00,1570.04599274668,1617.52,1625.3933720346397,1570.04599274668,-0.029349873419382777,-0.0303281690161602,0.0009782955967774232,5.041924062981029,6
LINK,short,-1,2023-01-31 16:00:00+00:00,2023-01-31 20:00:00+00:00,2023-02-01 20:00:00+00:00,6.917184323697513,7.007,7.203723172344804,6.917184323697513,-0.012817992907447784,-0.014107730143728014,0.0012897372362802306,6.536688716426203,6
DOT,short,-1,2023-02-01 08:00:00+00:00,2023-02-01 12:00:00+00:00,2023-02-02 12:00:00+00:00,6.0723170039973775,6.557,6.244892019806742,6.0723170039973775,-0.07391840719881393,-0.07559248446029632,0.0016740772614823873,9.046674492363598,6
SOL,short,-1,2023-02-01 08:00:00+00:00,2023-02-01 12:00:00+00:00,2023-02-02 12:00:00+00:00,23.036229715405344,24.991,24.062962683051467,23.036229715405344,-0.0782189702130629,-0.07932461464750262,0.0011056444344397232,6.000925858297193,6
ADA,long,1,2023-02-01 16:00:00+00:00,2023-02-01 20:00:00+00:00,2023-02-02 20:00:00+00:00,0.4009384770188968,0.40513,0.4009384770188968,0.37476327544616816,0.010454279699639857,0.008437653920597477,0.0020166257790423803,9.988775255673833,6
AVAX,long,1,2023-02-01 16:00:00+00:00,2023-02-01 20:00:00+00:00,2023-02-02 20:00:00+00:00,20.58119903471446,21.97,20.58119903471446,19.26069027034701,0.06747910862447992,0.0658341677709866,0.0016449408534933152,7.710732744665526,6
BNB,long,1,2023-02-02 00:00:00+00:00,2023-02-02 04:00:00+00:00,2023-02-03 04:00:00+00:00,334.5657460963126,321.26,334.5657460963126,321.34745817358777,-0.03977019838869644,-0.041009232211199786,0.0012390338225033437,6.455921962584254,6
BTC,short,-1,2023-02-02 08:00:00+00:00,2023-02-02 12:00:00+00:00,2023-02-03 12:00:00+00:00,23568.676623506177,23535.3,24082.29150396664,23568.676623506177,0.0014181516065729927,0.000414640991520443,0.0010035106150525497,5.012959217987713,6
ETH,long,1,2023-02-02 12:00:00+00:00,2023-02-02 16:00:00+00:00,2023-02-03 16:00:00+00:00,1703.970759542453,1663.15,1703.970759542453,1652.1887354193532,-0.023956255888694877,-0.024939987586634293,0.0009837316979394162,5.041924062981029,6
LINK,long,1,2023-02-02 12:00:00+00:00,2023-02-02 16:00:00+00:00,2023-02-03 16:00:00+00:00,7.473376652481101,7.29,7.473376652481101,7.115025305508575,-0.024537322419073027,-0.025811748541954782,0.0012744261228817555,6.536688716426203,6
DOT,short,-1,2023-02-02 16:00:00+00:00,2023-02-02 20:00:00+00:00,2023-02-03 20:00:00+00:00,6.559501113579999,6.984,6.8803287351480344,6.559501113579999,-0.06078162749427285,-0.06247945210627315,0.0016978246120002982,9.046674492363598,6
SOL,short,-1,2023-02-02 16:00:00+00:00,2023-02-02 20:00:00+00:00,2023-02-03 20:00:00+00:00,24.191188751897116,24.381,25.982809172645876,24.191188751897116,-0.007785211767478151,-0.00897533905685366,0.0011901272893755088,6.000925858297193,6
XRP,long,1,2023-02-03 16:00:00+00:00,2023-02-03 20:00:00+00:00,2023-02-04 20:00:00+00:00,0.4122848659386711,0.41656,0.4122848659386711,0.40566194739944395,0.01036936937181876,0.00920957310841719,0.001159796263401569,5.742762706652812,6
LINK,short,-1,2023-02-03 20:00:00+00:00,2023-02-04 00:00:00+00:00,2023-02-05 00:00:00+00:00,7.163888483229764,7.24,7.428511083691194,7.163888483229764,-0.010512640437877918,-0.01180538957966426,0.0012927491417863424,6.536688716426203,6
ADA,long,1,2023-02-04 08:00:00+00:00,2023-02-04 12:00:00+00:00,2023-02-05 12:00:00+00:00,0.4048856960092148,0.39928,0.4048856960092148,0.3967555326932171,-0.013845132254529435,-0.01581326220199719,0.001968129947467756,9.988775255673833,6
BTC,long,1,2023-02-04 08:00:00+00:00,2023-02-04 12:00:00+00:00,2023-02-05 12:00:00+00:00,23572.739565412612,23356.3,23572.739565412612,23159.48765840633,-0.009181773922034342,-0.010174662463011352,0.0009928885409770105,5.012959217987713,6
DOT,long,1,2023-02-04 08:00:00+00:00,2023-02-04 12:00:00+00:00,2023-02-05 12:00:00+00:00,7.044930123501988,6.816,7.044930123501988,6.752176127526154,-0.03249572664152822,-0.03424468366324951,0.0017489570217212869,9.046674492363598,6
ETH,long,1,2023-02-04 08:00:00+00:00,2023-02-04 12:00:00+00:00,2023-02-05 12:00:00+00:00,1680.046584390467,1662.68,1680.046584390467,1643.0790415264057,-0.010336965981670998,-0.011334424243881536,0.0009974582622105377,5.041924062981029,6
SOL,short,-1,2023-02-04 16:00:00+00:00,2023-02-04 20:00:00+00:00,2023-02-05 20:00:00+00:00,24.18861425311359,23.357,25.14668937356358,24.18861425311359,0.0356044977143295,0.03436232597052258,0.001242171743806919,6.000925858297193,6
BNB,long,1,2023-02-04 20:00:00+00:00,2023-02-05 00:00:00+00:00,2023-02-06 00:00:00+00:00,334.21246626497685,327.67,334.21246626497685,326.3542764246372,-0.01957576968355723,-0.020840861414438194,0.0012650917308809628,6.455921962584254,6
AVAX,short,-1,2023-02-05 08:00:00+00:00,2023-02-05 12:00:00+00:00,2023-02-06 12:00:00+00:00,20.608403743677226,20.04,21.155175598389533,20.608403743677226,0.028363460263334694,0.026778794995077737,0.0015846652682569573,7.710732744665526,6
LINK,short,-1,2023-02-05 08:00:00+00:00,2023-02-05 12:00:00+00:00,2023-02-06 12:00:00+00:00,7.08391984900425,6.966,7.275356313813241,7.08391984900425,0.016927914011520162,0.015599314231651729,0.0013285997798684335,6.536688716426203,6
XRP,short,-1,2023-02-05 08:00:00+00:00,2023-02-05 12:00:00+00:00,2023-02-06 12:00:00+00:00,0.40534727272882215,0.39763,0.4132508830571668,0.40534727272882215,0.01940817526047378,0.018238003412050174,0.0011701718484236068,5.742762706652812,6
ADA,long,1,2023-02-05 16:00:00+00:00,2023-02-05 20:00:00+00:00,2023-02-06 20:00:00+00:00,0.39167108273445916,0.39264,0.39167108273445916,0.38118012455164807,0.00247380342397574,0.0004731047724737536,0.0020006986515019864,9.988775255673833,6
ETH,long,1,2023-02-05 16:00:00+00:00,2023-02-05 20:00:00+00:00,2023-02-06 20:00:00+00:00,1637.4140808992738,1648.27,1637.4140808992738,1601.069863867422,0.006629916786085044,0.005615357998929316,0.0010145587871557282,5.041924062981029,6
BTC,long,1,2023-02-05 20:00:00+00:00,2023-02-06 00:00:00+00:00,2023-02-07 00:00:00+00:00,23086.85379662214,22759.9,23086.85379662214,22786.13191014223,-0.014161903544864018,-0.015149801550236264,0.0009878980053722453,5.012959217987713,6
DOT,long,1,2023-02-05 20:00:00+00:00,2023-02-06 00:00:00+00:00,2023-02-07 00:00:00+00:00,6.744041356118281,6.49,6.744041356118281,6.531657603202193,-0.03766900923402716,-0.03940861451522948,0.0017396052812023166,9.046674492363598,6
SOL,short,-1,2023-02-06 00:00:00+00:00,2023-02-06 04:00:00+00:00,2023-02-07 04:00:00+00:00,23.08270017350086,23.074,23.699364324283543,23.08270017350086,0.0003770552787059067,-0.0008228623674251256,0.0011999176461310324,6.000925858297193,6
AVAX,short,-1,2023-02-06 16:00:00+00:00,2023-02-06 20:00:00+00:00,2023-02-07 20:00:00+00:00,19.9319948155384,20.26,20.634081224995075,19.9319948155384,-0.01618979192801595,-0.017705802489971223,0.0015160105619552722,7.710732744665526,6
BNB,short,-1,2023-02-06 16:00:00+00:00,2023-02-06 20:00:00+00:00,2023-02-07 20:00:00+00:00,325.469895447144,330.79,332.38646527162024,325.469895447144,-0.016083027155766594,-0.01735262575168972,0.001269598595923127,6.455921962584254,6
LINK,short,-1,2023-02-06 16:00:00+00:00,2023-02-06 20:00:00+00:00,2023-02-07 20:00:00+00:00,6.905800199482919,7.078,7.099539891650939,6.905800199482919,-0.024328878287239508,-0.025603576738989275,0.0012746984517497673,6.536688716426203,6
XRP,short,-1,2023-02-06 16:00:00+00:00,2023-02-06 20:00:00+00:00,2023-02-07 20:00:00+00:00,0.397584289699791,0.4001,0.4076992383738176,0.397584289699791,-0.0062877038245664485,-0.007428379544691555,0.001140675720125106,5.742762706652812,6
ADA,long,1,2023-02-07 12:00:00+00:00,2023-02-07 16:00:00+00:00,2023-02-08 16:00:00+00:00,0.39205310084174433,0.39251,0.39205310084174433,0.3789974383086909,0.0011654012103838873,-0.0008326861823149123,0.0019980873926987996,9.988775255673833,6
BTC,long,1,2023-02-07 12:00:00+00:00,2023-02-07 16:00:00+00:00,2023-02-08 16:00:00+00:00,23096.798829712385,22869.5,23096.798829712385,22724.711933880404,-0.009841139951393685,-0.010833367748596001,0.0009922277972023164,5.012959217987713,6
DOT,long,1,2023-02-07 12:00:00+00:00,2023-02-07 16:00:00+00:00,2023-02-08 16:00:00+00:00,6.806292468091973,6.761,6.806292468091973,6.561940911205123,-0.0066544992452652885,-0.00845016944164556,0.0017956701963802724,9.046674492363598,6
ETH,long,1,2023-02-07 12:00:00+00:00,2023-02-07 16:00:00+00:00,2023-02-08 16:00:00+00:00,1655.0252082909442,1653.81,1655.0252082909442,1608.0923231666784,-0.0007342536445104075,-0.0017413902562510852,0.0010071366117406777,5.041924062981029,6
SOL,long,1,2023-02-07 16:00:00+00:00,2023-02-07 20:00:00+00:00,2023-02-08 20:00:00+00:00,23.72031252880973,23.089,23.72031252880973,22.824312426003566,-0.026614848688986004,-0.027782390480730168,0.0011675417917441644,6.000925858297193,6
AVAX,short,-1,2023-02-08 08:00:00+00:00,2023-02-08 12:00:00+00:00,2023-02-09 12:00:00+00:00,20.121626827276277,19.7,21.17172749782409,20.121626827276277,0.021402377019100305,0.019828438490243405,0.0015739385288568997,7.710732744665526,6
BNB,short,-1,2023-02-08 08:00:00+00:00,2023-02-08 12:00:00+00:00,2023-02-09 12:00:00+00:00,328.0447054721139,320.64,335.1533939307736,328.0447054721139,0.023093517565225596,0.021773367461864757,0.0013201501033608398,6.455921962584254,6
LINK,short,-1,2023-02-08 08:00:00+00:00,2023-02-08 12:00:00+00:00,2023-02-09 12:00:00+00:00,7.094141772952915,7.531,7.3623463798158095,7.094141772952915,-0.05800799721777783,-0.059238694448417784,0.0012306972306399544,6.536688716426203,6
ADA,short,-1,2023-02-08 20:00:00+00:00,2023-02-09 00:00:00+00:00,2023-02-10 00:00:00+00:00,0.3884743034997603,0.36208,0.399847745399448,0.3884743034997603,0.07289633092068137,0.0707550856979704,0.0021412452227109746,9.988775255673833,6
BTC,short,-1,2023-02-08 20:00:00+00:00,2023-02-09 00:00:00+00:00,2023-02-10 00:00:00+00:00,22777.33750868504,21802.1,23156.22516454732,22777.33750868504,0.044731356552123014,0.043684442229174,0.0010469143229490108,5.012959217987713,6
DOT,short,-1,2023-02-08 20:00:00+00:00,2023-02-09 00:00:00+00:00,2023-02-10 00:00:00+00:00,6.635101436805127,6.233,6.877065171436376,6.635101436805127,0.06451170171749188,0.0625873844129694,0.0019243173045224715,9.046674492363598,6
ETH,short,-1,2023-02-08 20:00:00+00:00,2023-02-09 00:00:00+00:00,2023-02-10 00:00:00+00:00,1630.791952234661,1545.45,1669.494994238379,1630.791952234661,0.0552214256266208,0.05415789259237247,0.0010635330342483318,5.041924062981029,6
XRP,short,-1,2023-02-08 20:00:00+00:00,2023-02-09 00:00:00+00:00,2023-02-10 00:00:00+00:00,0.3936130387036189,0.38163,0.4017081601787554,0.3936130387036189,0.031399624514893754,0.030215687761812937,0.0011839367530808165,5.742762706652812,6
SOL,long,1,2023-02-09 00:00:00+00:00,2023-02-09 04:00:00+00:00,2023-02-10 04:00:00+00:00,22.880945376096413,20.787,22.880945376096413,21.807938255964196,-0.09151481032265152,-0.09260450685716348,0.0010896965345119636,6.000925858297193,6
AVAX,short,-1,2023-02-09 16:00:00+00:00,2023-02-09 20:00:00+00:00,2023-02-10 20:00:00+00:00,17.9363028292297,18.12,19.2467981437859,17.9363028292297,-0.010137812956418357,-0.011663149365947145,0.001525336409528788,7.710732744665526,6
BNB,short,-1,2023-02-09 16:00:00+00:00,2023-02-09 20:00:00+00:00,2023-02-10 20:00:00+00:00,306.2222431256557,308.5,316.40096392423845,306.2222431256557,-0.007383328604033346,-0.00866415286774247,0.0012808242637091238,6.455921962584254,6
LINK,short,-1,2023-02-09 16:00:00+00:00,2023-02-09 20:00:00+00:00,2023-02-10 20:00:00+00:00,7.033765349076182,7.003,7.6241282355322415,7.033765349076182,0.004393167082133553,0.0030809437452572475,0.0013122233368763059,6.536688716426203,6
ETH,short,-1,2023-02-10 08:00:00+00:00,2023-02-10 12:00:00+00:00,2023-02-11 12:00:00+00:00,1509.8259695090767,1520.35,1566.0682647211452,1509.8259695090767,-0.006922110363352663,-0.007923010378800055,0.0010009000154473924,5.041924062981029,6
ADA,short,-1,2023-02-10 16:00:00+00:00,2023-02-10 20:00:00+00:00,2023-02-11 20:00:00+00:00,0.3554501206769346,0.36207,0.37419058895435864,0.3554501206769346,-0.01828342398725491,-0.02024269616282448,0.001959272175569571,9.988775255673833,6
BTC,short,-1,2023-02-10 16:00:00+00:00,2023-02-10 20:00:00+00:00,2023-02-11 20:00:00+00:00,21439.336801760208,21663.3,22107.793976215053,21439.336801760208,-0.010338369419238602,-0.01133009894801218,0.0009917295287735772,5.012959217987713,6
SOL,short,-1,2023-02-10 16:00:00+00:00,2023-02-10 20:00:00+00:00,2023-02-11 20:00:00+00:00,20.09479709985119,20.377,21.708355343544646,20.09479709985119,-0.013849089667213543,-0.015031943544971504,0.0011828538777579611,6.000925858297193,6
ETH,long,1,2023-02-11 16:00:00+00:00,2023-02-11 20:00:00+00:00,2023-02-12 20:00:00+00:00,1539.0755229574486,1539.49,1539.0755229574486,1499.363997203794,0.00026930260170399123,-0.0007388454709430503,0.0010081480726470415,5.041924062981029,6
BNB,short,-1,2023-02-11 20:00:00+00:00,2023-02-12 00:00:00+00:00,2023-02-13 00:00:00+00:00,308.0638665326775,312.41,312.7941536427437,308.0638665326775,-0.013911633645922183,-0.015184034102395771,0.001272400456473588,6.455921962584254,6
AVAX,long,1,2023-02-12 04:00:00+00:00,2023-02-12 08:00:00+00:00,2023-02-13 08:00:00+00:00,18.216655457449956,17.77,18.216655457449956,17.667546095481406,-0.02451907039100809,-0.026022245881706985,0.0015031754906988937,7.710732744665526,6
DOT,long,1,2023-02-12 04:00:00+00:00,2023-02-12 08:00:00+00:00,2023-02-13 08:00:00+00:00,6.329008254852565,6.219,6.329008254852565,6.166054368799222,-0.017381594465170624,-0.019157873296546946,0.0017762788313763211,9.046674492363598,6
SOL,long,1,2023-02-12 08:00:00+00:00,2023-02-12 12:00:00+00:00,2023-02-13 12:00:00+00:00,21.536717653466084,20.458,21.536717653466084,20.580146711848982,-0.05008737500407723,-0.051226762313092866,0.0011393873090156381,6.000925858297193,6
BTC,long,1,2023-02-12 12:00:00+00:00,2023-02-12 16:00:00+00:00,2023-02-13 16:00:00+00:00,22079.916663223536,21565.0,22079.916663223536,21800.77123260865,-0.02332058907093537,-0.02429930925370627,0.000978720182770898,5.012959217987713,6
LINK,long,1,2023-02-12 12:00:00+00:00,2023-02-12 16:00:00+00:00,2023-02-13 16:00:00+00:00,7.076066915704044,6.566,7.076066915704044,6.883264612987889,-0.07208339346990111,-0.07329570142426634,0.0012123079543652215,6.536688716426203,6
ADA,short,-1,2023-02-12 16:00:00+00:00,2023-02-12 20:00:00+00:00,2023-02-13 20:00:00+00:00,0.36760225748596753,0.35386,0.37796982926663303,0.36760225748596753,0.03883529499227811,0.036762027474738,0.0020732675175401116,9.988775255673833,6
XRP,short,-1,2023-02-12 16:00:00+00:00,2023-02-12 20:00:00+00:00,2023-02-13 20:00:00+00:00,0.3815520512425716,0.37135,0.38567904856169993,0.3815520512425716,0.027472872606898013,0.026293443346154355,0.0011794292607436585,5.742762706652812,6
BNB,short,-1,2023-02-13 04:00:00+00:00,2023-02-13 08:00:00+00:00,2023-02-14 08:00:00+00:00,301.46054403195836,293.83,312.15261652955854,301.46054403195836,0.025969247632843473,0.024645386827302662,0.0013238608055408108,6.455921962584254,6
ETH,short,-1,2023-02-13 04:00:00+00:00,2023-02-13 08:00:00+00:00,2023-02-14 08:00:00+00:00,1507.8419004514885,1506.32,1537.8054965880035,1507.8419004514885,0.0010103433875197076,1.4484371688716635e-06,0.001008894950350836,5.041924062981029,6
AVAX,short,-1,2023-02-13 12:00:00+00:00,2023-02-13 16:00:00+00:00,2023-02-14 16:00:00+00:00,16.85539881914027,18.01,17.694799345911456,16.85539881914027,-0.06410889399554309,-0.06555106321670134,0.0014421692211582515,7.710732744665526,6
DOT,short,-1,2023-02-13 12:00:00+00:00,2023-02-13 16:00:00+00:00,2023-02-14 16:00:00+00:00,5.884195920140059,6.204,6.120122696244761,5.884195920140059,-0.05154804639908772,-0.053262562551308346,0.0017145161522206243,9.046674492363598,6
ADA,long,1,2023-02-14 08:00:00+00:00,2023-02-14 12:00:00+00:00,2023-02-15 12:00:00+00:00,0.36956738530325184,0.38989,0.36956738530325184,0.35466593323013845,0.054990281894254034,0.05288477287534055,0.0021055090189134873,9.988775255673833,6
LINK,long,1,2023-02-14 08:00:00+00:00,2023-02-14 12:00:00+00:00,2023-02-15 12:00:00+00:00,6.759457095771206,6.849,6.759457095771206,6.493217484501599,0.013247055637769067,0.01192326483949846,0.0013237907982706076,6.536688716426203,6
SOL,long,1,2023-02-14 08:00:00+00:00,2023-02-14 12:00:00+00:00,2023-02-15 12:00:00+00:00,22.00318686039639,22.105,22.00318686039639,20.722025945281,0.004627199698370221,0.003422184151142149,0.0012050155472280721,6.000925858297193,6
XRP,long,1,2023-02-14 08:00:00+00:00,2023-02-14 12:00:00+00:00,2023-02-15 12:00:00+00:00,0.37614245951107517,0.38608,0.37614245951107517,0.3625623767050009,0.026419619050298104,0.025241398812290594,0.0011782202380075102,5.742762706652812,6
AVAX,long,1,2023-02-15 04:00:00+00:00,2023-02-15 08:00:00+00:00,2023-02-16 08:00:00+00:00,18.29806329933459,19.88,18.29806329933459,17.628182541686254,0.08645377791008824,0.08477959788138545,0.0016741800287027875,7.710732744665526,6
BTC,long,1,2023-02-15 04:00:00+00:00,2023-02-15 08:00:00+00:00,2023-02-16 08:00:00+00:00,22317.573274945673,24620.0,22317.573274945673,21902.17785724689,0.1031665359261571,0.10206106432351403,0.001105471602643071,5.012959217987713,6
ETH,long,1,2023-02-15 04:00:00+00:00,2023-02-15 08:00:00+00:00,2023-02-16 08:00:00+00:00,1575.4317158238523,1682.9,1575.4317158238523,1519.9456311235865,0.06821513309445382,0.06713850400586696,0.0010766290885868557,5.041924062981029,6
BNB,long,1,2023-02-15 12:00:00+00:00,2023-02-15 16:00:00+00:00,2023-02-16 16:00:00+00:00,307.3761779776871,324.94,307.3761779776871,298.80442981715777,0.057141129601747664,0.055777046116171514,0.0013640834855761508,6.455921962584254,6
DOT,long,1,2023-02-15 12:00:00+00:00,2023-02-15 16:00:00+00:00,2023-02-16 16:00:00+00:00,6.3930966303442425,6.65,6.3930966303442425,6.218117337897871,0.040184496576571416,0.03830415554938571,0.0018803410271857057,9.046674492363598,6
ADA,long,1,2023-02-15 16:00:00+00:00,2023-02-15 20:00:00+00:00,2023-02-16 20:00:00+00:00,0.4075591987638563,0.40463,0.4075591987638563,0.38854783324803105,-0.007187173722837614,-0.009168591367809786,0.001981417644972172,9.988775255673833,6
LINK,long,1,2023-02-15 16:00:00+00:00,2023-02-15 20:00:00+00:00,2023-02-16 20:00:00+00:00,7.170893954465375,7.315,7.170893954465375,6.97446989421122,0.020095966618623562,0.018763227829550644,0.001332738789072918,6.536688716426203,6
SOL,long,1,2023-02-15 16:00:00+00:00,2023-02-15 20:00:00+00:00,2023-02-16 20:00:00+00:00,23.45904135025268,23.6,23.45904135025268,22.56759230250036,0.006008713128671905,0.004802040503910421,0.0012066726247614845,6.000925858297193,6
XRP,long,1,2023-02-15 16:00:00+00:00,2023-02-15 20:00:00+00:00,2023-02-16 20:00:00+00:00,0.39887701805876047,0.39958,0.39887701805876047,0.3893209131369993,0.0017624027191658342,0.0006124863354057819,0.0011499163837600523,5.742762706652812,6
ETH,short,-1,2023-02-16 12:00:00+00:00,2023-02-16 16:00:00+00:00,2023-02-17 16:00:00+00:00,1691.5990399795141,1672.74,1757.6331150176145,1691.5990399795141,0.011274340291685503,0.010255100498531178,0.0010192397931543251,5.041924062981029,6
AVAX,short,-1,2023-02-16 16:00:00+00:00,2023-02-16 20:00:00+00:00,2023-02-17 20:00:00+00:00,19.407090778353748,19.5,20.405428331468464,19.407090778353748,-0.004764575469038523,-0.00629819181377822,0.0015336163447396967,7.710732744665526,6
BTC,short,-1,2023-02-16 16:00:00+00:00,2023-02-16 20:00:00+00:00,2023-02-17 20:00:00+00:00,24310.232378940953,24526.5,25437.746547239698,24310.232378940953,-0.008817712313581083,-0.009810965676873451,0.000993253363292368,5.012959217987713,6
DOT,long,1,2023-02-16 20:00:00+00:00,2023-02-17 00:00:00+00:00,2023-02-18 00:00:00+00:00,6.522473405903938,7.287,6.522473405903938,6.137384778566558,0.1172142140746848,0.11519462646326262,0.00201958761142218,9.046674492363598,6
LINK,long,1,2023-02-17 12:00:00+00:00,2023-02-17 16:00:00+00:00,2023-02-18 16:00:00+00:00,7.547565876346991,8.186,7.547565876346991,7.116763454603672,0.08458808231853543,0.08317108562923026,0.0014169966893051722,6.536688716426203,6
ADA,long,1,2023-02-18 12:00:00+00:00,2023-02-18 16:00:00+00:00,2023-02-19 16:00:00+00:00,0.4155003458181314,0.41081,0.4155003458181314,0.39359620670829176,-0.011288428193473532,-0.013261660712549306,0.001973232519075774,9.988775255673833,6
XRP,short,-1,2023-02-18 20:00:00+00:00,2023-02-19 00:00:00+00:00,2023-02-20 00:00:00+00:00,0.38980667868247754,0.38608,0.39844060785452534,0.38980667868247754,0.009652607445290062,0.008493633948125412,0.0011589734971646504,5.742762706652812,6
DOT,long,1,2023-02-19 00:00:00+00:00,2023-02-19 04:00:00+00:00,2023-02-20 04:00:00+00:00,7.460035821432678,7.492,7.460035821432678,6.9567515816610666,0.004284721860917662,0.002469276839668577,0.0018154450212490847,9.046674492363598,6
SOL,long,1,2023-02-19 00:00:00+00:00,2023-02-19 04:00:00+00:00,2023-02-20 04:00:00+00:00,23.730352693711605,26.177,23.730352693711605,22.881379430314457,0.10310202034783655,0.10177888766230203,0.0013231326855345227,6.000925858297193,6
AVAX,long,1,2023-02-19 04:00:00+00:00,2023-02-19 08:00:00+00:00,2023-02-20 08:00:00+00:00,19.811947821789275,20.66,19.811947821789275,19.33100689770601,0.0428050884162956,0.041198169200445944,0.001606919215849656,7.710732744665526,6
BTC,long,1,2023-02-19 08:00:00+00:00,2023-02-19 12:00:00+00:00,2023-02-20 12:00:00+00:00,24909.004177256593,24896.0,24909.004177256593,24433.289089721868,-0.0005220673281056687,-0.0015236336701355269,0.0010015663420298582,5.012959217987713,6
ETH,long,1,2023-02-19 08:00:00+00:00,2023-02-19 12:00:00+00:00,2023-02-20 12:00:00+00:00,1713.014534855898,1713.53,1713.014534855898,1678.1447451885306,0.00030091113275076964,-0.0007072687973966874,0.001008179930147457,5.041924062981029,6
BNB,short,-1,2023-02-19 12:00:00+00:00,2023-02-19 16:00:00+00:00,2023-02-20 16:00:00+00:00,313.9100920115729,317.24,319.9183860463384,313.9100920115729,-0.01049649473088865,-0.011773301916477852,0.0012768071855892016,6.455921962584254,6
LINK,short,-1,2023-02-19 12:00:00+00:00,2023-02-19 16:00:00+00:00,2023-02-20 16:00:00+00:00,7.87563688598819,8.129,8.421507613943016,7.87563688598819,-0.03116780834196209,-0.032433571842827025,0.001265763500864936,6.536688716426203,6
ADA,short,-1,2023-02-19 20:00:00+00:00,2023-02-20 00:00:00+00:00,2023-02-21 00:00:00+00:00,0.39349488676583594,0.40382,0.4059013925511249,0.39349488676583594,-0.025568602927453,-0.027513335623155943,0.0019447326957029443,9.988775255673833,6
XRP,long,1,2023-02-20 08:00:00+00:00,2023-02-20 12:00:00+00:00,2023-02-21 12:00:00+00:00,0.39803984186356955,0.39018,0.39803984186356955,0.3881622105381027,-0.019746369676891584,-0.020871596284208094,0.0011252266073165096,5.742762706652812,6
SOL,short,-1,2023-02-20 12:00:00+00:00,2023-02-20 16:00:00+00:00,2023-02-21 16:00:00+00:00,25.566618608714954,25.05,27.552516497425323,25.566618608714954,0.020623497353890352,0.01939929480139435,0.001224202552496001,6.000925858297193,6
ETH,short,-1,2023-02-20 16:00:00+00:00,2023-02-20 20:00:00+00:00,2023-02-21 20:00:00+00:00,1692.4857251881676,1672.19,1727.513659103351,1692.4857251881676,0.0121372123910366,0.011117102929242284,0.0010201094617943163,5.041924062981029,6
ADA,short,-1,2023-02-21 04:00:00+00:00,2023-02-21 08:00:00+00:00,2023-02-22 08:00:00+00:00,0.3976873502015625,0.38471,0.410128457737802,0.3976873502015625,0.033732812252248445,0.03166972807346724,0.002063084178781205,9.988775255673833,6
AVAX,short,-1,2023-02-21 04:00:00+00:00,2023-02-21 08:00:00+00:00,2023-02-22 08:00:00+00:00,20.177526371505497,20.94,21.31815328004973,20.177526371505497,-0.03641230317547772,-0.03789715168972407,0.0014848485142463508,7.710732744665526,6
BNB,short,-1,2023-02-21 04:00:00+00:00,2023-02-21 08:00:00+00:00,2023-02-22 08:00:00+00:00,312.6818872611304,307.48,319.65657932890736,312.6818872611304,0.016917806885424547,0.015605625618687613,0.0013121812667369337,6.455921962584254,6
DOT,short,-1,2023-02-21 04:00:00+00:00,2023-02-21 08:00:00+00:00,2023-02-22 08:00:00+00:00,7.317688668310417,7.119,7.641823331753125,7.317688668310417,0.02790963173344818,0.026051479973689506,0.001858151759758675,9.046674492363598,6
LINK,short,-1,2023-02-21 04:00:00+00:00,2023-02-21 08:00:00+00:00,2023-02-22 08:00:00+00:00,7.743748817636129,7.483,8.215216879854802,7.743748817636129,0.0348454921336534,0.033493483329388285,0.0013520088042651146,6.536688716426203,6
BTC,short,-1,2023-02-21 16:00:00+00:00,2023-02-21 20:00:00+00:00,2023-02-22 20:00:00+00:00,24311.565588701735,23790.1,24913.312561058476,24311.565588701735,0.021919436601852693,0.02089538186436557,0.0010240547374871234,5.012959217987713,6
SOL,short,-1,2023-02-21 20:00:00+00:00,2023-02-22 00:00:00+00:00,2023-02-23 00:00:00+00:00,24.215292856418362,24.158,25.768856222385356,24.215292856418362,0.002371589387298645,0.0011692793665525336,0.0012023100207461113,6.000925858297193,6
XRP,short,-1,2023-02-21 20:00:00+00:00,2023-02-22 00:00:00+00:00,2023-02-23 00:00:00+00:00,0.38439205621021383,0.39529,0.39959537123212424,0.38439205621021383,-0.02756949022182742,-0.028685736721223654,0.001116246499396234,5.742762706652812,6
ETH,short,-1,2023-02-22 04:00:00+00:00,2023-02-22 08:00:00+00:00,2023-02-23 08:00:00+00:00,1625.7372075667408,1666.36,1661.841042651469,1625.7372075667408,-0.024378161041587076,-0.025361467511174962,0.0009833064695878857,5.041924062981029,6
ADA,long,1,2023-02-22 12:00:00+00:00,2023-02-22 16:00:00+00:00,2023-02-23 16:00:00+00:00,0.384440410902533,0.3851,0.384440410902533,0.37505754939107,0.001715712185195395,-0.0002834734969762165,0.0019991856821716114,9.988775255673833,6
BNB,long,1,2023-02-22 12:00:00+00:00,2023-02-22 16:00:00+00:00,2023-02-23 16:00:00+00:00,307.3487331201006,309.13,307.3487331201006,301.598417728886,0.005795588814753172,0.004497759117138234,0.0012978296976149384,6.455921962584254,6
DOT,long,1,2023-02-22 12:00:00+00:00,2023-02-22 16:00:00+00:00,2023-02-23 16:00:00+00:00,7.036000363876896,7.208,7.036000363876896,6.8118144572680634,0.024445654807830453,0.022593764877537392,0.0018518899302930603,9.046674492363598,6
LINK,long,1,2023-02-22 12:00:00+00:00,2023-02-22 16:00:00+00:00,2023-02-23 16:00:00+00:00,7.449271598884261,7.972,7.449271598884261,7.275750827519545,0.07017174688516303,0.06877358490362728,0.0013981619815357504,6.536688716426203,6
AVAX,short,-1,2023-02-23 04:00:00+00:00,2023-02-23 08:00:00+00:00,2023-02-24 08:00:00+00:00,19.90303447086088,19.63,21.238650850897912,19.90303447086088,0.013909040797803529,0.012346649188019532,0.0015623916097839974,7.710732744665526,6
BTC,short,-1,2023-02-23 04:00:00+00:00,2023-02-23 08:00:00+00:00,2023-02-24 08:00:00+00:00,23996.42026595038,23838.0,24760.161870188367,23996.42026595038,0.006645702909236384,0.005636953819911694,0.0010087490893246898,5.012959217987713,6
SOL,short,-1,2023-02-23 04:00:00+00:00,2023-02-23 08:00:00+00:00,2023-02-24 08:00:00+00:00,23.89238339500794,23.978,25.112815874424847,23.89238339500794,-0.0035706316203212296,-0.004765814152680292,0.0011951825323590626,6.000925858297193,6
XRP,short,-1,2023-02-23 04:00:00+00:00,2023-02-23 08:00:00+00:00,2023-02-24 08:00:00+00:00,0.39093258765035466,0.3886,0.4021669849652334,0.39093258765035466,0.006002541560356844,0.004847757949488107,0.001154783610868737,5.742762706652812,6
LINK,short,-1,2023-02-24 04:00:00+00:00,2023-02-24 08:00:00+00:00,2023-02-25 08:00:00+00:00,7.941496888196764,7.408,8.265746990036925,7.941496888196764,0.07201631860107494,0.07061574671659354,0.0014005718844813941,6.536688716426203,6
ADA,short,-1,2023-02-24 08:00:00+00:00,2023-02-24 12:00:00+00:00,2023-02-25 12:00:00+00:00,0.37751297144640367,0.36256,0.39023239873206583,0.37751297144640367,0.04124275001766242,0.03916467779399779,0.0020780722236646287,9.988775255673833,6
BNB,short,-1,2023-02-24 08:00:00+00:00,2023-02-24 12:00:00+00:00,2023-02-25 12:00:00+00:00,306.0200098402216,300.58,314.72097412938984,306.0200098402216,0.01809837594058683,0.016784671324973743,0.0013137046156130872,6.455921962584254,6
DOT,short,-1,2023-02-24 08:00:00+00:00,2023-02-24 12:00:00+00:00,2023-02-25 12:00:00+00:00,6.849443117527072,6.59,7.168181143714118,6.849443117527072,0.03936921358529166,0.03749034634478754,0.001878867240504123,9.046674492363598,6
ETH,short,-1,2023-02-24 08:00:00+00:00,2023-02-24 12:00:00+00:00,2023-02-25 12:00:00+00:00,1621.1819860104986,1600.44,1674.1029867836348,1621.1819860104986,0.012960177207829382,0.011939238299013555,0.0010209389088158272,5.041924062981029,6
AVAX,short,-1,2023-02-24 12:00:00+00:00,2023-02-24 16:00:00+00:00,2023-02-25 16:00:00+00:00,18.371911470731316,18.12,19.279017350169116,18.371911470731316,0.013902399046981984,0.012340017671859549,0.0015623813751224347,7.710732744665526,6
BTC,short,-1,2023-02-24 12:00:00+00:00,2023-02-24 16:00:00+00:00,2023-02-25 16:00:00+00:00,22926.037149517895,23005.7,23774.470459298802,22926.037149517895,-0.0034627440365694317,-0.004461363557346276,0.0009986195207768445,5.012959217987713,6
SOL,short,-1,2023-02-24 12:00:00+00:00,2023-02-24 16:00:00+00:00,2023-02-25 16:00:00+00:00,22.52439360167765,22.342,23.577639176063993,22.52439360167765,0.008163709680317544,0.006954452211795248,0.0012092574685222957,6.000925858297193,6
XRP,short,-1,2023-02-24 12:00:00+00:00,2023-02-24 16:00:00+00:00,2023-02-25 16:00:00+00:00,0.37616382533004833,0.37739,0.38676989945098317,0.37616382533004833,-0.003249091576225327,-0.0043932552990931795,0.0011441637228678525,5.742762706652812,6
ADA,short,-1,2023-02-25 16:00:00+00:00,2023-02-25 20:00:00+00:00,2023-02-26 20:00:00+00:00,0.35244011140529635,0.36723,0.3643996603789237,0.35244011140529635,-0.04027418401193705,-0.042189567874638345,0.001915383862701292,9.988775255673833,6
BNB,short,-1,2023-02-25 16:00:00+00:00,2023-02-25 20:00:00+00:00,2023-02-26 20:00:00+00:00,297.36992542525104,308.59,303.5417703082063,297.36992542525104,-0.03635916450548926,-0.03760259976017477,0.0012434352546855099,6.455921962584254,6
DOT,short,-1,2023-02-25 16:00:00+00:00,2023-02-25 20:00:00+00:00,2023-02-26 20:00:00+00:00,6.3497576072838955,6.693,6.582333938551444,6.3497576072838955,-0.051283787945032744,-0.05299878179713702,0.001714993852104274,9.046674492363598,6
ETH,short,-1,2023-02-25 16:00:00+00:00,2023-02-25 20:00:00+00:00,2023-02-26 20:00:00+00:00,1565.4329494795566,1633.39,1604.2041857077927,1565.4329494795566,-0.04160491402570332,-0.042570858053222915,0.0009659440275195941,5.041924062981029,6
AVAX,long,1,2023-02-26 12:00:00+00:00,2023-02-26 16:00:00+00:00,2023-02-27 16:00:00+00:00,18.39514858001957,18.32,18.39514858001957,17.908118467594868,-0.004085239088592818,-0.005619902262405385,0.0015346631738125671,7.710732744665526,6
BTC,long,1,2023-02-26 12:00:00+00:00,2023-02-26 16:00:00+00:00,2023-02-27 16:00:00+00:00,23398.383730211433,23559.1,23398.383730211433,23104.147144231614,0.006868691087455359,0.005859718544018566,0.0010089725434367924,5.012959217987713,6
SOL,long,1,2023-02-26 12:00:00+00:00,2023-02-26 16:00:00+00:00,2023-02-27 16:00:00+00:00,23.338850101338483,23.06,23.338850101338483,22.534207414522037,-0.011947893753449845,-0.013133028049889361,0.0011851342964395162,6.000925858297193,6
XRP,long,1,2023-02-26 12:00:00+00:00,2023-02-26 16:00:00+00:00,2023-02-27 16:00:00+00:00,0.3780465974310175,0.37721,0.3780465974310175,0.3739843740447853,-0.0022129479188610635,-0.0033583010241257094,0.001145353105264646,5.742762706652812,6
BNB,short,-1,2023-02-27 00:00:00+00:00,2023-02-27 04:00:00+00:00,2023-02-28 04:00:00+00:00,305.6721353113242,305.2,310.2246905934672,305.6721353113242,0.0015469702205905822,0.0002546227337214546,0.0012923474868691276,6.455921962584254,6
LINK,short,-1,2023-02-27 00:00:00+00:00,2023-02-27 04:00:00+00:00,2023-02-28 04:00:00+00:00,7.357218892049174,7.297,7.507541206867063,7.357218892049174,0.00825255475526565,0.0069352891911653725,0.0013172655641002784,6.536688716426203,6
ADA,long,1,2023-02-27 08:00:00+00:00,2023-02-27 12:00:00+00:00,2023-02-28 12:00:00+00:00,0.3680655631667452,0.36254,0.3680655631667452,0.3588330711074057,-0.01501244267245394,-0.016978242946696365,0.001965800274242424,9.988775255673833,6
DOT,long,1,2023-02-27 08:00:00+00:00,2023-02-27 12:00:00+00:00,2023-02-28 12:00:00+00:00,6.690976198705131,6.467,6.690976198705131,6.520128558885431,-0.033474367873028155,-0.03522155580545361,0.0017471879324254536,9.046674492363598,6
ETH,long,1,2023-02-27 08:00:00+00:00,2023-02-27 12:00:00+00:00,2023-02-28 12:00:00+00:00,1656.330587744062,1629.53,1656.330587744062,1625.4546600307156,-0.016180699639535612,-0.01717226813905015,0.000991568499514539,5.041924062981029,6
XRP,short,-1,2023-02-27 20:00:00+00:00,2023-02-28 00:00:00+00:00,2023-03-01 00:00:00+00:00,0.3758210037001298,0.37625,0.38115780914229547,0.3758210037001298,-0.0011401895013161134,-0.0022867740188168284,0.001146584517500715,5.742762706652812,6
AVAX,short,-1,2023-02-28 00:00:00+00:00,2023-02-28 04:00:00+00:00,2023-03-01 04:00:00+00:00,17.50929765938437,17.52,18.07520245281658,17.50929765938437,-0.0006108641903898038,-0.0021508812312373005,0.0015400170408474967,7.710732744665526,6
BTC,short,-1,2023-02-28 00:00:00+00:00,2023-02-28 04:00:00+00:00,2023-03-01 04:00:00+00:00,23246.774730788595,23440.2,23683.86070179478,23246.774730788595,-0.00825186087198082,-0.009245681269061667,0.0009938203970808468,5.012959217987713,6
SOL,short,-1,2023-02-28 00:00:00+00:00,2023-02-28 04:00:00+00:00,2023-03-01 04:00:00+00:00,22.256979571160052,22.327,22.990974106075846,22.256979571160052,-0.0031361324333744056,-0.004331836132466349,0.0011957036990919434,6.000925858297193,6
LINK,short,-1,2023-02-28 12:00:00+00:00,2023-02-28 16:00:00+00:00,2023-03-01 16:00:00+00:00,7.279699373832058,7.429,7.538561852879345,7.279699373832058,-0.020097001772505396,-0.02137722910209261,0.0012802273295872135,6.536688716426203,6
ADA,short,-1,2023-02-28 16:00:00+00:00,2023-02-28 20:00:00+00:00,2023-03-01 20:00:00+00:00,0.3485986903110724,0.35656,0.3607860072215689,0.3485986903110724,-0.02232810659896678,-0.024279306552579594,0.0019511999536128144,9.988775255673833,6
DOT,short,-1,2023-02-28 16:00:00+00:00,2023-02-28 20:00:00+00:00,2023-03-01 20:00:00+00:00,6.281649583488655,6.388,6.49615096443141,6.281649583488655,-0.01664846845825685,-0.018426072561172346,0.0017776041029154976,9.046674492363598,6
ETH,short,-1,2023-02-28 16:00:00+00:00,2023-02-28 20:00:00+00:00,2023-03-01 20:00:00+00:00,1611.4528429593481,1634.9,1644.211975594771,1611.4528429593481,-0.014341645997095864,-0.015335068035832622,0.0009934220387367576,5.041924062981029,6
BNB,long,1,2023-02-28 20:00:00+00:00,2023-03-01 00:00:00+00:00,2023-03-02 00:00:00+00:00,303.8818694912097,302.67,303.8818694912097,298.79956001332454,-0.0039879624712022554,-0.005273167950190505,0.0012852054789882494,6.455921962584254,6
AVAX,short,-1,2023-03-01 12:00:00+00:00,2023-03-01 16:00:00+00:00,2023-03-02 16:00:00+00:00,17.352815346579664,17.29,18.115383222928184,17.352815346579664,0.003633044914960415,0.0020864881869098184,0.0015465567280505965,7.710732744665526,6
BTC,short,-1,2023-03-01 12:00:00+00:00,2023-03-01 16:00:00+00:00,2023-03-02 16:00:00+00:00,23401.818677722196,23360.0,24023.4556169427,23401.818677722196,0.001790183121669342,0.0007862996977419101,0.001003883423927432,5.012959217987713,6
SOL,short,-1,2023-03-01 12:00:00+00:00,2023-03-01 16:00:00+00:00,2023-03-02 16:00:00+00:00,22.169669312508464,21.825,23.1591312329731,22.169669312508464,0.01579240836235818,0.014574000533861486,0.0012184078284966926,6.000925858297193,6
LINK,short,-1,2023-03-01 20:00:00+00:00,2023-03-02 00:00:00+00:00,2023-03-03 00:00:00+00:00,7.390817851454008,7.275,7.688113161768886,7.390817851454008,0.015919979581306976,0.014592696651377857,0.001327282929929119,6.536688716426203,6
XRP,short,-1,2023-03-01 20:00:00+00:00,2023-03-02 00:00:00+00:00,2023-03-03 00:00:00+00:00,0.3794255342833711,0.3772,0.38790127785675055,0.3794255342833711,0.005900143911376388,0.004745477842086343,0.0011546660692900446,5.742762706652812,6
ADA,short,-1,2023-03-02 04:00:00+00:00,2023-03-02 08:00:00+00:00,2023-03-03 08:00:00+00:00,0.34907222407563826,0.33698,0.3613946447158876,0.34907222407563826,0.03588410017104349,0.033816722534594446,0.0020673776364490415,9.988775255673833,6
BNB,short,-1,2023-03-02 08:00:00+00:00,2023-03-02 12:00:00+00:00,2023-03-03 12:00:00+00:00,296.2145123771153,289.73,301.7309343919404,296.2145123771153,0.0223812251997213,0.02106199420377708,0.0013192309959442206,6.455921962584254,6
AVAX,short,-1,2023-03-02 20:00:00+00:00,2023-03-03 00:00:00+00:00,2023-03-04 00:00:00+00:00,17.09552873954432,16.66,17.852673915491607,17.09552873954432,0.026142181245157214,0.024560938875367144,0.0015812423697900702,7.710732744665526,6
BTC,short,-1,2023-03-02 20:00:00+00:00,2023-03-03 00:00:00+00:00,2023-03-04 00:00:00+00:00,23177.43632439667,22353.7,23758.9663176147,23177.43632439667,0.036850110916611944,0.03581109430716278,0.0010390166094491615,5.012959217987713,6
DOT,short,-1,2023-03-02 20:00:00+00:00,2023-03-03 00:00:00+00:00,2023-03-04 00:00:00+00:00,6.199309493382459,6.035,6.471616886175177,6.199309493382459,0.02722609666652165,0.025369180532783142,0.0018569161337385065,9.046674492363598,6
ETH,short,-1,2023-03-02 20:00:00+00:00,2023-03-03 00:00:00+00:00,2023-03-04 00:00:00+00:00,1621.4290858964887,1569.19,1675.1079810550486,1621.4290858964887,0.03329047846117339,0.032249049116460204,0.001041429344713185,5.041924062981029,6
SOL,short,-1,2023-03-02 20:00:00+00:00,2023-03-03 00:00:00+00:00,2023-03-04 00:00:00+00:00,21.545796134099973,21.419,22.453569224779493,21.545796134099973,0.005919797100703672,0.004713231127639439,0.001206565973064233,6.000925858297193,6
XRP,long,1,2023-03-03 16:00:00+00:00,2023-03-03 20:00:00+00:00,2023-03-04 20:00:00+00:00,0.3780833878301774,0.37279,0.3780833878301774,0.36348040808851184,-0.014000582941652628,-0.01513240509925784,0.0011318221576052112,5.742762706652812,6
DOT,short,-1,2023-03-04 16:00:00+00:00,2023-03-04 20:00:00+00:00,2023-03-05 20:00:00+00:00,5.762567573733116,6.016,6.014119323818807,5.762567573733116,-0.042126400642766626,-0.04385794829960743,0.001731547656840804,9.046674492363598,6
SOL,long,1,2023-03-04 20:00:00+00:00,2023-03-05 00:00:00+00:00,2023-03-06 00:00:00+00:00,21.545202299692267,20.967,21.545202299692267,20.445208073367297,-0.026836707850291464,-0.028003983529651943,0.00116727567936048,6.000925858297193,6
BTC,long,1,2023-03-05 00:00:00+00:00,2023-03-05 04:00:00+00:00,2023-03-06 04:00:00+00:00,22449.12530907862,22386.5,22449.12530907862,22319.861306906532,-0.0027896547511939707,-0.0037889487676763256,0.000999294016482355,5.012959217987713,6
ETH,long,1,2023-03-05 00:00:00+00:00,2023-03-05 04:00:00+00:00,2023-03-06 04:00:00+00:00,1572.8861174038404,1562.88,1572.8861174038404,1561.7337217360084,-0.006361628660284779,-0.007363093572152812,0.001001464911868033,5.041924062981029,6
BNB,short,-1,2023-03-05 12:00:00+00:00,2023-03-05 16:00:00+00:00,2023-03-06 16:00:00+00:00,289.6564325623465,287.89,292.2895243549504,289.6564325623465,0.00613578992791175,0.004837521251330523,0.0012982686765812268,6.455921962584254,6
XRP,short,-1,2023-03-05 12:00:00+00:00,2023-03-05 16:00:00+00:00,2023-03-06 16:00:00+00:00,0.367265444071303,0.36738,0.37459072265260696,0.367265444071303,-0.0003118186311094062,-0.0014593540300094077,0.0011475353989000014,5.742762706652812,6
ADA,long,1,2023-03-05 16:00:00+00:00,2023-03-05 20:00:00+00:00,2023-03-06 20:00:00+00:00,0.34002489606359365,0.33171,0.34002489606359365,0.33344722610780503,-0.024453786060531724,-0.026400743664850457,0.001946957604318733,9.988775255673833,6
AVAX,short,-1,2023-03-05 16:00:00+00:00,2023-03-05 20:00:00+00:00,2023-03-06 20:00:00+00:00,16.13217538404958,16.4,16.550501940611646,16.13217538404958,-0.01633076926526933,-0.017846562587018555,0.0015157933217492259,7.710732744665526,6
LINK,short,-1,2023-03-05 20:00:00+00:00,2023-03-06 00:00:00+00:00,2023-03-07 00:00:00+00:00,6.879754805817138,6.858,7.0209624272013444,6.879754805817138,0.0031721793259169573,0.0018615511896855619,0.0013106281362313954,6.536688716426203,6
BTC,long,1,2023-03-06 08:00:00+00:00,2023-03-06 12:00:00+00:00,2023-03-07 12:00:00+00:00,22449.211836897506,22354.5,22449.211836897506,22306.81469123714,-0.004218938178570664,-0.005216799925137572,0.0009978617465669082,5.012959217987713,6
DOT,long,1,2023-03-06 08:00:00+00:00,2023-03-06 12:00:00+00:00,2023-03-07 12:00:00+00:00,5.997780923721845,5.82,5.997780923721845,5.864962633241949,-0.029641116603426276,-0.031395233902376085,0.0017541172989498088,9.046674492363598,6
ETH,long,1,2023-03-06 08:00:00+00:00,2023-03-06 12:00:00+00:00,2023-03-07 12:00:00+00:00,1568.63683838641,1563.87,1568.63683838641,1558.26037855543,-0.0030388412854779334,-0.004043655157150106,0.0010048138716721722,5.041924062981029,6
SOL,long,1,2023-03-06 08:00:00+00:00,2023-03-06 12:00:00+00:00,2023-03-07 12:00:00+00:00,20.984757652410316,20.31,20.984757652410316,20.40135454939725,-0.03215465546883811,-0.033315552454130426,0.0011608969852923146,6.000925858297193,6
XRP,long,1,2023-03-07 00:00:00+00:00,2023-03-07 04:00:00+00:00,2023-03-08 04:00:00+00:00,0.3723430285449378,0.37876,0.3723430285449378,0.3639844154719909,0.01723403142564206,0.016066355262432497,0.0011676761632095634,5.742762706652812,6
ADA,short,-1,2023-03-07 04:00:00+00:00,2023-03-07 08:00:00+00:00,2023-03-08 08:00:00+00:00,0.32730077385153156,0.32249,0.3342759982279463,0.32730077385153156,0.014917590782757895,0.012892057299159987,0.0020255334835979077,9.988775255673833,6
AVAX,short,-1,2023-03-07 04:00:00+00:00,2023-03-07 08:00:00+00:00,2023-03-08 08:00:00+00:00,16.20759412252112,15.88,16.696031376056407,16.20759412252112,0.02062935280359679,0.01905660547286514,0.0015727473307316497,7.710732744665526,6
LINK,short,-1,2023-03-07 04:00:00+00:00,2023-03-07 08:00:00+00:00,2023-03-08 08:00:00+00:00,6.823571438076063,6.79,6.9813300017903295,6.823571438076063,0.0049442471393317255,0.0036313038253237284,0.0013129433140079971,6.536688716426203,6
BNB,long,1,2023-03-07 08:00:00+00:00,2023-03-07 12:00:00+00:00,2023-03-08 12:00:00+00:00,287.73556467456507,287.85,287.73556467456507,282.94454664330436,0.00039771004868449644,-0.0008931544887684773,0.0012908645374529737,6.455921962584254,6
BTC,short,-1,2023-03-07 16:00:00+00:00,2023-03-07 20:00:00+00:00,2023-03-08 20:00:00+00:00,21988.657422618202,22005.5,22267.018006127113,21988.657422618202,-0.0007653803540841331,-0.0017667028746854996,0.0010013225206013665,5.012959217987713,6
ETH,long,1,2023-03-07 16:00:00+00:00,2023-03-07 20:00:00+00:00,2023-03-08 20:00:00+00:00,1561.5919547588317,1553.02,1561.5919547588317,1541.0361401174414,-0.005489241112384913,-0.00649158528329119,0.0010023441709062775,5.041924062981029,6
DOT,long,1,2023-03-07 20:00:00+00:00,2023-03-08 00:00:00+00:00,2023-03-09 00:00:00+00:00,5.93211399830498,5.596,5.93211399830498,5.765078690290161,-0.05666007065963674,-0.05836534580799635,0.0017052751483596085,9.046674492363598,6
SOL,short,-1,2023-03-07 20:00:00+00:00,2023-03-08 00:00:00+00:00,2023-03-09 00:00:00+00:00,19.888103062404582,18.422,20.61237352369371,19.888103062404582,0.0795843590492118,0.07828943498425622,0.0012949240649555716,6.000925858297193,6
XRP,long,1,2023-03-08 08:00:00+00:00,2023-03-08 12:00:00+00:00,2023-03-09 12:00:00+00:00,0.3936253225998687,0.393,0.3936253225998687,0.38068285091587745,-0.0015886239120452839,-0.0027346936746751593,0.0011460697626298755,5.742762706652812,6
ADA,short,-1,2023-03-08 12:00:00+00:00,2023-03-08 16:00:00+00:00,2023-03-09 16:00:00+00:00,0.32069800690661016,0.31852,0.3296637965411093,0.32069800690661016,0.006837896856116243,0.004828488514829754,0.0020094083412864894,9.988775255673833,6
AVAX,short,-1,2023-03-08 12:00:00+00:00,2023-03-08 16:00:00+00:00,2023-03-09 16:00:00+00:00,15.684661884516009,15.48,16.09802633037705,15.684661884516009,0.013221051971318287,0.011659720523666373,0.0015613314476519147,7.710732744665526,6
LINK,short,-1,2023-03-08 12:00:00+00:00,2023-03-08 16:00:00+00:00,2023-03-09 16:00:00+00:00,6.595625103981603,6.604,6.838571824340278,6.595625103981603,-0.0012681550603266256,-0.002572981971902144,0.0013048269115755184,6.536688716426203,6
BNB,short,-1,2023-03-08 16:00:00+00:00,2023-03-08 20:00:00+00:00,2023-03-09 20:00:00+00:00,285.97444328680376,279.94,293.3930551124591,285.97444328680376,0.021556202353374854,0.020238035926775755,0.0013181664265990989,6.455921962584254,6
DOT,long,1,2023-03-09 04:00:00+00:00,2023-03-09 08:00:00+00:00,2023-03-10 08:00:00+00:00,5.695911196221014,5.379,5.695911196221014,5.5253845988470385,-0.055638366769353964,-0.057345488851357485,0.0017071220820035204,9.046674492363598,6
ETH,short,-1,2023-03-09 04:00:00+00:00,2023-03-09 08:00:00+00:00,2023-03-10 08:00:00+00:00,1524.131438026595,1411.77,1550.8042476706373,1524.131438026595,0.07958905347655443,0.07850096087920844,0.001088092597345991,5.041924062981029,6
BTC,short,-1,2023-03-09 12:00:00+00:00,2023-03-09 16:00:00+00:00,2023-03-10 16:00:00+00:00,21458.11901582584,20004.3,21827.25500145495,21458.11901582584,0.07267532559628886,0.07160040891536612,0.001074916680922744,5.012959217987713,6
SOL,short,-1,2023-03-09 12:00:00+00:00,2023-03-09 16:00:00+00:00,2023-03-10 16:00:00+00:00,17.929712842718377,17.648,18.800613426271294,17.929712842718377,0.01596287640063343,0.014744264101626436,0.0012186122990069936,6.000925858297193,6
XRP,short,-1,2023-03-09 16:00:00+00:00,2023-03-09 20:00:00+00:00,2023-03-10 20:00:00+00:00,0.36928079271103065,0.36826,0.3886671750412779,0.36928079271103065,0.0027719348042976044,0.0016208595853872687,0.0011510752189103357,5.742762706652812,6
ADA,short,-1,2023-03-09 20:00:00+00:00,2023-03-10 00:00:00+00:00,2023-03-11 00:00:00+00:00,0.30476625985212735,0.31488,0.3150592094629787,0.30476625985212735,-0.03211934752246137,-0.03405100649411019,0.0019316589716488197,9.988775255673833,6
AVAX,short,-1,2023-03-10 04:00:00+00:00,2023-03-10 08:00:00+00:00,2023-03-11 08:00:00+00:00,14.016640950207375,14.14,14.814398166982214,14.016640950207375,-0.008724119504428973,-0.01025163435669696,0.001527514852267986,7.710732744665526,6
BNB,short,-1,2023-03-10 04:00:00+00:00,2023-03-10 08:00:00+00:00,2023-03-11 08:00:00+00:00,267.93366612652636,271.74,278.5086696225824,267.93366612652636,-0.014007263831138816,-0.015279540891073529,0.0012722770599347122,6.455921962584254,6
LINK,short,-1,2023-03-10 04:00:00+00:00,2023-03-10 08:00:00+00:00,2023-03-11 08:00:00+00:00,6.032990940188754,5.997,6.310120531825121,6.032990940188754,0.006001490776847529,0.004687166191222669,0.0013143245856248598,6.536688716426203,6
BTC,long,1,2023-03-10 20:00:00+00:00,2023-03-11 00:00:00+00:00,2023-03-12 00:00:00+00:00,20572.304528037173,20455.0,20572.304528037173,19747.727975071022,-0.005702060645529694,-0.006698436170645028,0.000996375525115334,5.012959217987713,6
ETH,long,1,2023-03-10 20:00:00+00:00,2023-03-11 00:00:00+00:00,2023-03-12 00:00:00+00:00,1461.745115000209,1472.62,1461.745115000209,1392.8269545814142,0.007439658862680387,0.00642428395539385,0.001015374907286537,5.041924062981029,6
SOL,long,1,2023-03-10 20:00:00+00:00,2023-03-11 00:00:00+00:00,2023-03-12 00:00:00+00:00,18.823465879669026,18.117,18.823465879669026,17.537288993975874,-0.03753112653032031,-0.03868557462470035,0.001154448094380034,6.000925858297193,6
DOT,short,-1,2023-03-11 00:00:00+00:00,2023-03-11 04:00:00+00:00,2023-03-12 04:00:00+00:00,5.42920597961516,5.475,5.761735531392999,5.42920597961516,-0.008364204636500339,-0.010156784199245705,0.0017925795627453667,9.046674492363598,6
XRP,short,-1,2023-03-12 08:00:00+00:00,2023-03-12 12:00:00+00:00,2023-03-13 12:00:00+00:00,0.35609774380317527,0.35992,0.3657872883687687,0.35609774380317527,-0.010619738266350098,-0.011755441273019418,0.0011357030066693197,5.742762706652812,6
ADA,long,1,2023-03-12 12:00:00+00:00,2023-03-12 16:00:00+00:00,2023-03-13 16:00:00+00:00,0.30873698890725726,0.34641,0.30873698890725726,0.2984501559924168,0.12202299188730992,0.11978370156455442,0.002239290322755494,9.988775255673833,6
AVAX,long,1,2023-03-12 12:00:00+00:00,2023-03-12 16:00:00+00:00,2023-03-13 16:00:00+00:00,14.649648462285597,16.47,14.649648462285597,13.997769334050405,0.12425905934881354,0.12252662295573447,0.0017324363930790732,7.710732744665526,6
BNB,long,1,2023-03-12 12:00:00+00:00,2023-03-12 16:00:00+00:00,2023-03-13 16:00:00+00:00,277.86101724817945,309.15,277.86101724817945,269.56189515818363,0.1126065939788663,0.11117094055635568,0.0014356534225106188,6.455921962584254,6
BTC,long,1,2023-03-12 12:00:00+00:00,2023-03-12 16:00:00+00:00,2023-03-13 16:00:00+00:00,20685.513716563888,24017.1,20685.513716563888,20036.262312311905,0.161058909586971,0.15989542464453965,0.0011634849424313476,5.012959217987713,6
DOT,long,1,2023-03-12 12:00:00+00:00,2023-03-12 16:00:00+00:00,2023-03-13 16:00:00+00:00,5.555486716850707,6.027,5.555486716850707,5.258589659010263,0.0848734426308888,0.08291231741685534,0.0019611252140334656,9.046674492363598,6
ETH,long,1,2023-03-12 12:00:00+00:00,2023-03-12 16:00:00+00:00,2023-03-13 16:00:00+00:00,1488.0062853816894,1667.72,1488.0062853816894,1431.7359952908541,0.12077483568707659,0.11964523290157647,0.0011296027855001167,5.041924062981029,6
LINK,long,1,2023-03-12 12:00:00+00:00,2023-03-12 16:00:00+00:00,2023-03-13 16:00:00+00:00,6.249672137421213,6.765,6.249672137421213,5.985186931011475,0.08245678353159569,0.08104257134949111,0.0014142121821045794,6.536688716426203,6
SOL,long,1,2023-03-12 12:00:00+00:00,2023-03-12 16:00:00+00:00,2023-03-13 16:00:00+00:00,18.612738374838514,20.739,18.612738374838514,17.193403493631628,0.11423690498093797,0.1129004163867604,0.001336488594177565,6.000925858297193,6
ADA,long,1,2023-03-14 08:00:00+00:00,2023-03-14 12:00:00+00:00,2023-03-15 12:00:00+00:00,0.35431167812899766,0.3372,0.35431167812899766,0.32967226346254686,-0.048295552151593646,-0.05019492727634556,0.001899375124751912,9.988775255673833,6
AVAX,long,1,2023-03-14 08:00:00+00:00,2023-03-14 12:00:00+00:00,2023-03-15 12:00:00+00:00,17.126937095217013,16.86,17.126937095217013,15.551081814528336,-0.015585804614857812,-0.017102745896110938,0.0015169412812531258,7.710732744665526,6
BNB,long,1,2023-03-14 08:00:00+00:00,2023-03-14 12:00:00+00:00,2023-03-15 12:00:00+00:00,318.05765328550456,308.0,318.05765328550456,294.8036720117286,-0.03162210744376048,-0.03287165516642887,0.001249547722668387,6.455921962584254,6
BTC,long,1,2023-03-14 08:00:00+00:00,2023-03-14 12:00:00+00:00,2023-03-15 12:00:00+00:00,25809.765935427225,24769.1,25809.765935427225,23726.26961213329,-0.040320626619816724,-0.041282311243456715,0.0009616846236399912,5.012959217987713,6
DOT,long,1,2023-03-14 08:00:00+00:00,2023-03-14 12:00:00+00:00,2023-03-15 12:00:00+00:00,6.306617400622544,6.19,6.306617400622544,5.876960919865113,-0.01849127562598485,-0.020265548487246487,0.0017742728612616387,9.046674492363598,6
ETH,long,1,2023-03-14 08:00:00+00:00,2023-03-14 12:00:00+00:00,2023-03-15 12:00:00+00:00,1738.3522417425552,1679.94,1738.3522417425552,1630.9790662782643,-0.03360207461981446,-0.03457608452229577,0.0009740099024813098,5.041924062981029,6
LINK,long,1,2023-03-14 08:00:00+00:00,2023-03-14 12:00:00+00:00,2023-03-15 12:00:00+00:00,6.898441880919676,6.813,6.898441880919676,6.468475167330263,-0.01238567815668623,-0.013675980205156812,0.0012903020484705818,6.536688716426203,6
SOL,long,1,2023-03-14 08:00:00+00:00,2023-03-14 12:00:00+00:00,2023-03-15 12:00:00+00:00,21.348713265945932,20.586,21.348713265945932,18.96200463967697,-0.035726427932430194,-0.03688304070030224,0.001156612767872045,6.000925858297193,6
XRP,long,1,2023-03-14 08:00:00+00:00,2023-03-14 12:00:00+00:00,2023-03-15 12:00:00+00:00,0.3787491383128382,0.36844,0.3787491383128382,0.3569926117912882,-0.02721890895583523,-0.028335557885129647,0.001116648929294417,5.742762706652812,6
BNB,long,1,2023-03-15 20:00:00+00:00,2023-03-16 00:00:00+00:00,2023-03-17 00:00:00+00:00,313.1463039123916,328.83,313.1463039123916,299.64250328897765,0.050084244621952045,0.04872926699744884,0.0013549776245032064,6.455921962584254,6
ETH,long,1,2023-03-16 12:00:00+00:00,2023-03-16 16:00:00+00:00,2023-03-17 16:00:00+00:00,1693.822799569962,1717.1,1693.822799569962,1631.3442260911472,0.013742405897445575,0.012720678598599378,0.0010217272988461978,5.041924062981029,6
ADA,short,-1,2023-03-16 16:00:00+00:00,2023-03-16 20:00:00+00:00,2023-03-17 20:00:00+00:00,0.3201254740865661,0.34053,0.3314733474515859,0.3201254740865661,-0.059919906949266966,-0.06179608263390479,0.0018761756846378264,9.988775255673833,6
BTC,short,-1,2023-03-16 16:00:00+00:00,2023-03-16 20:00:00+00:00,2023-03-17 20:00:00+00:00,24637.97458787586,26834.0,25266.584632177335,24637.97458787586,-0.08183742312454878,-0.08275750420232852,0.0009200810777797441,5.012959217987713,6
DOT,long,1,2023-03-16 20:00:00+00:00,2023-03-17 00:00:00+00:00,2023-03-18 00:00:00+00:00,6.225957389788366,6.623,6.225957389788366,5.955055372015691,0.06377213741662469,0.06184915702214244,0.0019229803944822432,9.046674492363598,6
LINK,long,1,2023-03-16 20:00:00+00:00,2023-03-17 00:00:00+00:00,2023-03-18 00:00:00+00:00,6.818331707263426,7.209,6.818331707263426,6.495580869557847,0.05729675667148948,0.055915415655263256,0.001381341016226223,6.536688716426203,6
AVAX,long,1,2023-03-17 04:00:00+00:00,2023-03-17 08:00:00+00:00,2023-03-18 08:00:00+00:00,16.834513090726833,17.72,16.834513090726833,15.801829168824192,0.052599496314563954,0.0509774843240105,0.0016220119905534514,7.710732744665526,6
SOL,long,1,2023-03-17 04:00:00+00:00,2023-03-17 08:00:00+00:00,2023-03-18 08:00:00+00:00,20.708981359057113,22.186,20.708981359057113,19.324949791650265,0.07132261193025369,0.07003759754495653,0.0012850143852971563,6.000925858297193,6
XRP,long,1,2023-03-17 04:00:00+00:00,2023-03-17 08:00:00+00:00,2023-03-18 08:00:00+00:00,0.37435536399882946,0.38153,0.37435536399882946,0.3636029737787479,0.019165308397165015,0.017995415333994735,0.0011698930631702797,5.742762706652812,6
ETH,long,1,2023-03-17 20:00:00+00:00,2023-03-18 00:00:00+00:00,2023-03-19 00:00:00+00:00,1829.1447386216646,1758.82,1829.1447386216646,1751.3211330197453,-0.03844678725351025,-0.039415914283257636,0.0009691270297473853,5.041924062981029,6
ADA,short,-1,2023-03-18 08:00:00+00:00,2023-03-18 12:00:00+00:00,2023-03-19 12:00:00+00:00,0.34555354310145187,0.34345,0.3650335183018704,0.34555354310145187,0.006124743343869143,0.004116758286927258,0.0020079850569418856,9.988775255673833,6
BNB,short,-1,2023-03-18 08:00:00+00:00,2023-03-18 12:00:00+00:00,2023-03-19 12:00:00+00:00,336.98793668769264,336.48,348.61058723557113,336.98793668769264,0.001509559818392292,0.00021726060408622239,0.0012922992143060696,6.455921962584254,6
DOT,short,-1,2023-03-18 08:00:00+00:00,2023-03-18 12:00:00+00:00,2023-03-19 12:00:00+00:00,6.432279761518422,6.452,6.784411999781924,6.432279761518422,-0.003056453577429896,-0.004858627959278383,0.001802174381848487,9.046674492363598,6
LINK,short,-1,2023-03-18 08:00:00+00:00,2023-03-18 12:00:00+00:00,2023-03-19 12:00:00+00:00,7.061948738207428,7.102,7.395908825763822,7.061948738207428,-0.00563943421466806,-0.006938550121124876,0.0012991159064568158,6.536688716426203,6
BTC,short,-1,2023-03-18 12:00:00+00:00,2023-03-18 16:00:00+00:00,2023-03-19 16:00:00+00:00,26613.412588125568,27536.1,27856.370932707014,26613.412588125568,-0.033508282286686564,-0.034476793489054525,0.000968511202367961,5.012959217987713,6
XRP,short,-1,2023-03-18 12:00:00+00:00,2023-03-18 16:00:00+00:00,2023-03-19 16:00:00+00:00,0.36987272540009514,0.39175,0.3839588938232196,0.36987272540009514,-0.055844989406266365,-0.05692877864864965,0.0010837892423832818,5.742762706652812,6
ETH,long,1,2023-03-19 12:00:00+00:00,2023-03-19 16:00:00+00:00,2023-03-20 16:00:00+00:00,1826.979496949618,1762.92,1826.979496949618,1760.4769521333587,-0.035063062862267236,-0.036035600268814694,0.0009725374065474579,5.041924062981029,6
LINK,short,-1,2023-03-19 16:00:00+00:00,2023-03-19 20:00:00+00:00,2023-03-20 20:00:00+00:00,7.059887898950543,7.11,7.3653465528439375,7.059887898950543,-0.00704811547812334,-0.008345390965420862,0.0012972754872975223,6.536688716426203,6
ADA,short,-1,2023-03-19 20:00:00+00:00,2023-03-20 00:00:00+00:00,2023-03-21 00:00:00+00:00,0.3371129361107341,0.33199,0.35233512831137537,0.3371129361107341,0.01543099524303182,0.01340443712656314,0.0020265581164686797,9.988775255673833,6
AVAX,short,-1,2023-03-19 20:00:00+00:00,2023-03-20 00:00:00+00:00,2023-03-21 00:00:00+00:00,17.15496798015612,16.63,17.913230753649213,17.15496798015612,0.03156752736958035,0.029977924767339292,0.001589602602241058,7.710732744665526,6
BTC,short,-1,2023-03-19 20:00:00+00:00,2023-03-20 00:00:00+00:00,2023-03-21 00:00:00+00:00,27480.909899516082,27709.9,28457.414069239792,27480.909899516082,-0.008263837129831586,-0.009257645525630132,0.0009938083957985455,5.012959217987713,6
DOT,short,-1,2023-03-19 20:00:00+00:00,2023-03-20 00:00:00+00:00,2023-03-21 00:00:00+00:00,6.332084562446373,6.091,6.584379691842294,6.332084562446373,0.03958045681273559,0.03770120770794838,0.0018792491047872062,9.046674492363598,6
SOL,long,1,2023-03-19 20:00:00+00:00,2023-03-20 00:00:00+00:00,2023-03-21 00:00:00+00:00,22.669166492716354,22.14,22.669166492716354,21.08550259902936,-0.0233430061438904,-0.02451447239750071,0.0011714662536103093,6.000925858297193,6
BNB,short,-1,2023-03-20 12:00:00+00:00,2023-03-20 16:00:00+00:00,2023-03-21 16:00:00+00:00,333.94597413123756,337.61,342.0829982969217,333.94597413123756,-0.010852835723949128,-0.012129183104455987,0.0012763473805068593,6.455921962584254,6
XRP,long,1,2023-03-20 20:00:00+00:00,2023-03-21 00:00:00+00:00,2023-03-22 00:00:00+00:00,0.3819243363130213,0.46936,0.3819243363130213,0.36537884688664785,0.2289345175828683,0.22752383184291536,0.0014106857399529549,5.742762706652812,6
LINK,short,-1,2023-03-21 00:00:00+00:00,2023-03-21 04:00:00+00:00,2023-03-22 04:00:00+00:00,6.943136963315065,7.462,7.29521673958393,6.943136963315065,-0.0695340440478337,-0.0707496826857551,0.0012156386379214013,6.536688716426203,6
ADA,long,1,2023-03-21 04:00:00+00:00,2023-03-21 08:00:00+00:00,2023-03-22 08:00:00+00:00,0.33967480475332174,0.37407,0.33967480475332174,0.324733223825961,0.10125918898122777,0.0990613382575245,0.002197850723703265,9.988775255673833,6
AVAX,long,1,2023-03-21 04:00:00+00:00,2023-03-21 08:00:00+00:00,2023-03-22 08:00:00+00:00,16.82796730218692,17.36,16.82796730218692,16.041444290476996,0.03161598119720255,0.030026303929630904,0.001589677267571643,7.710732744665526,6
ETH,long,1,2023-03-21 04:00:00+00:00,2023-03-21 08:00:00+00:00,2023-03-22 08:00:00+00:00,1765.1700559293859,1793.17,1765.1700559293859,1695.667901710507,0.01586246264293889,0.014838598588404528,0.0010238640545343625,5.041924062981029,6
DOT,long,1,2023-03-21 08:00:00+00:00,2023-03-21 12:00:00+00:00,2023-03-22 12:00:00+00:00,6.31375486793764,6.243,6.31375486793764,5.998287357071661,-0.011206464206734656,-0.012993905818186269,0.0017874416114516123,9.046674492363598,6
SOL,long,1,2023-03-21 08:00:00+00:00,2023-03-21 12:00:00+00:00,2023-03-22 12:00:00+00:00,23.357465377626088,22.483,23.357465377626088,21.575868479408584,-0.03743836771192355,-0.03859292706729489,0.001154559355371343,6.000925858297193,6
BNB,short,-1,2023-03-22 04:00:00+00:00,2023-03-22 08:00:00+00:00,2023-03-23 08:00:00+00:00,331.7557020679932,323.66,341.5556196733479,331.7557020679932,0.025012982969762065,0.023690356081621733,0.0013226268881403325,6.455921962584254,6
BTC,long,1,2023-03-22 08:00:00+00:00,2023-03-22 12:00:00+00:00,2023-03-23 12:00:00+00:00,28495.40927841266,27586.4,28495.40927841266,27766.11765177897,-0.031900200819410474,-0.03287032346333241,0.0009701226439219335,5.012959217987713,6
LINK,long,1,2023-03-22 08:00:00+00:00,2023-03-22 12:00:00+00:00,2023-03-23 12:00:00+00:00,7.703835007412985,7.343,7.703835007412985,7.268495359274796,-0.04683836129223595,-0.0480836514705445,0.0012452901783085446,6.536688716426203,6
ADA,short,-1,2023-03-22 12:00:00+00:00,2023-03-22 16:00:00+00:00,2023-03-23 16:00:00+00:00,0.36698056153455216,0.37955,0.38848558028209623,0.36698056153455216,-0.03311668677499102,-0.0350463552953274,0.0019296685203363806,9.988775255673833,6
AVAX,short,-1,2023-03-22 12:00:00+00:00,2023-03-22 16:00:00+00:00,2023-03-23 16:00:00+00:00,17.23868350593307,17.67,18.030199341673946,17.23868350593307,-0.02440953560084491,-0.025912879880094053,0.0015033442792491414,7.710732744665526,6
ETH,short,-1,2023-03-22 12:00:00+00:00,2023-03-22 16:00:00+00:00,2023-03-23 16:00:00+00:00,1772.6436647020873,1837.73,1841.104880516688,1772.6436647020873,-0.03541670174504019,-0.03638888272721563,0.0009721809821754412,5.041924062981029,6
XRP,short,-1,2023-03-22 12:00:00+00:00,2023-03-22 16:00:00+00:00,2023-03-23 16:00:00+00:00,0.40818024568399636,0.44841,0.46379512972943066,0.40818024568399636,-0.08971645216655211,-0.09076136058263928,0.0010449084160871758,5.742762706652812,6
DOT,long,1,2023-03-23 08:00:00+00:00,2023-03-23 12:00:00+00:00,2023-03-24 12:00:00+00:00,6.3767568502659415,6.088,6.3767568502659415,6.004830495991558,-0.045282712991306706,-0.04700855498379364,0.0017258419924869317,9.046674492363598,6
SOL,long,1,2023-03-23 08:00:00+00:00,2023-03-23 12:00:00+00:00,2023-03-24 12:00:00+00:00,22.563428948805463,21.411,22.563428948805463,20.983250465797013,-0.05107508045076958,-0.05221328304129502,0.001138202590525439,6.000925858297193,6
ETH,short,-1,2023-03-24 04:00:00+00:00,2023-03-24 08:00:00+00:00,2023-03-25 08:00:00+00:00,1757.48999468536,1747.07,1874.6397557670516,1757.48999468536,0.005964268567006492,0.004950380671147059,0.0010138878958594333,5.041924062981029,6
BTC,short,-1,2023-03-24 16:00:00+00:00,2023-03-24 20:00:00+00:00,2023-03-25 20:00:00+00:00,27180.76049693748,27190.0,28483.690338511013,27180.76049693748,-0.0003398125436748778,-0.001341561521310486,0.001001748977635608,5.012959217987713,6
XRP,long,1,2023-03-25 00:00:00+00:00,2023-03-25 04:00:00+00:00,2023-03-26 04:00:00+00:00,0.44551258316546305,0.44856,0.44551258316546305,0.4155489202675158,0.006840248625267664,0.005684503416043762,0.0011557452092239018,5.742762706652812,6
ADA,short,-1,2023-03-25 12:00:00+00:00,2023-03-25 16:00:00+00:00,2023-03-26 16:00:00+00:00,0.35419670465078296,0.35575,0.36526849177650594,0.35419670465078296,-0.004366255373765449,-0.006353302899057445,0.001987047525291996,9.988775255673833,6
AVAX,short,-1,2023-03-25 12:00:00+00:00,2023-03-25 16:00:00+00:00,2023-03-26 16:00:00+00:00,16.659685855489588,17.12,16.941495923045764,16.659685855489588,-0.02688750844102883,-0.028387034267321143,0.001499525826292314,7.710732744665526,6
BNB,short,-1,2023-03-25 12:00:00+00:00,2023-03-25 16:00:00+00:00,2023-03-26 16:00:00+00:00,321.99378073299744,326.65,327.06603885410897,321.99378073299744,-0.014254459718360812,-0.015526417808748527,0.0012719580903877148,6.455921962584254,6
DOT,short,-1,2023-03-25 12:00:00+00:00,2023-03-25 16:00:00+00:00,2023-03-26 16:00:00+00:00,5.919377724463633,6.027,6.124366899273168,5.919377724463633,-0.017856690814064602,-0.01963211081399352,0.0017754199999289177,9.046674492363598,6
ETH,short,-1,2023-03-25 12:00:00+00:00,2023-03-25 16:00:00+00:00,2023-03-26 16:00:00+00:00,1721.9957479288903,1763.43,1788.0253732932829,1721.9957479288903,-0.02349639740228404,-0.024480592580853666,0.0009841951785696246,5.041924062981029,6
LINK,short,-1,2023-03-25 12:00:00+00:00,2023-03-25 16:00:00+00:00,2023-03-26 16:00:00+00:00,7.006604136187828,7.186,7.2596400497766655,7.006604136187828,-0.024964634541075892,-0.026238502387620377,0.0012738678465444853,6.536688716426203,6
SOL,short,-1,2023-03-25 12:00:00+00:00,2023-03-25 16:00:00+00:00,2023-03-26 16:00:00+00:00,20.545902334623484,20.812,21.21343331149379,20.545902334623484,-0.012785780577383998,-0.013969909857584839,0.0011841292802008407,6.000925858297193,6
XRP,short,-1,2023-03-26 08:00:00+00:00,2023-03-26 12:00:00+00:00,2023-03-27 12:00:00+00:00,0.44749515635316744,0.47743,0.4681784717121153,0.44749515635316744,-0.06269996365295971,-0.06377588411610435,0.0010759204631446417,5.742762706652812,6
ADA,short,-1,2023-03-26 20:00:00+00:00,2023-03-27 00:00:00+00:00,2023-03-28 00:00:00+00:00,0.35058845775001485,0.34555,0.36127171131889496,0.35058845775001485,0.014580980321269976,0.012556118631881663,0.002024861689388313,9.988775255673833,6
LINK,short,-1,2023-03-26 20:00:00+00:00,2023-03-27 00:00:00+00:00,2023-03-28 00:00:00+00:00,7.1650534799804255,6.868,7.362285452214673,7.1650534799804255,0.04325181712003867,0.041888825588902945,0.0013629915311357266,6.536688716426203,6
AVAX,short,-1,2023-03-27 08:00:00+00:00,2023-03-27 12:00:00+00:00,2023-03-28 12:00:00+00:00,16.55624772235589,16.62,17.18969809902693,16.55624772235589,-0.003835877114567343,-0.005370924544797706,0.001535047430230363,7.710732744665526,6
BNB,short,-1,2023-03-27 08:00:00+00:00,2023-03-27 12:00:00+00:00,2023-03-28 12:00:00+00:00,325.1850821449278,311.21,332.01036064711747,325.1850821449278,0.04490563331810615,0.043557337921699135,0.0013482953964070177,6.455921962584254,6
BTC,short,-1,2023-03-27 08:00:00+00:00,2023-03-27 12:00:00+00:00,2023-03-28 12:00:00+00:00,27575.030014252032,27053.8,28203.106248227046,27575.030014252032,0.01926642520651556,0.0182450290238918,0.0010213961826237572,5.012959217987713,6
ETH,short,-1,2023-03-27 08:00:00+00:00,2023-03-27 12:00:00+00:00,2023-03-28 12:00:00+00:00,1738.75947093868,1745.46,1792.4893169481495,1738.75947093868,-0.0038388327783622778,-0.004842840357289435,0.0010040075789271574,5.041924062981029,6
SOL,short,-1,2023-03-27 08:00:00+00:00,2023-03-27 12:00:00+00:00,2023-03-28 12:00:00+00:00,20.186560530573534,20.091,21.056617760921913,20.186560530573534,0.004756384977031125,0.003551214476533504,0.001205170500497621,6.000925858297193,6
DOT,long,1,2023-03-28 00:00:00+00:00,2023-03-28 04:00:00+00:00,2023-03-29 04:00:00+00:00,5.907436676613381,6.104,5.907436676613381,5.724009727241807,0.03327387734256759,0.031406028638534034,0.001867848704033559,9.046674492363598,6
XRP,long,1,2023-03-28 00:00:00+00:00,2023-03-28 04:00:00+00:00,2023-03-29 04:00:00+00:00,0.4891236413132055,0.53516,0.4891236413132055,0.4578141091254473,0.09412008498136681,0.09286415182984697,0.001255933151519839,5.742762706652812,6
ADA,long,1,2023-03-28 08:00:00+00:00,2023-03-28 12:00:00+00:00,2023-03-29 12:00:00+00:00,0.3583899819080697,0.38907,0.3583899819080697,0.3456846637855488,0.08560512190823477,0.08343851296938043,0.002166608938854342,9.988775255673833,6
LINK,long,1,2023-03-28 12:00:00+00:00,2023-03-28 16:00:00+00:00,2023-03-29 16:00:00+00:00,7.003532254500509,7.356,7.003532254500509,6.719409333734308,0.05032713960487478,0.04895490427998905,0.0013722353248857289,6.536688716426203,6
AVAX,long,1,2023-03-29 00:00:00+00:00,2023-03-29 04:00:00+00:00,2023-03-30 04:00:00+00:00,17.0257377402591,17.22,17.0257377402591,16.5181036082211,0.011409917308989659,0.009851376744431262,0.0015585405645583972,7.710732744665526,6
BTC,long,1,2023-03-29 00:00:00+00:00,2023-03-29 04:00:00+00:00,2023-03-30 04:00:00+00:00,27875.51328286117,28489.0,27875.51328286117,26866.781416737722,0.022008086843589014,0.02098394327062536,0.0010241435729636539,5.012959217987713,6
ETH,long,1,2023-03-29 00:00:00+00:00,2023-03-29 04:00:00+00:00,2023-03-30 04:00:00+00:00,1813.5517729429346,1787.27,1813.5517729429346,1742.7138147102946,-0.014491879049190803,-0.015485149671542575,0.0009932706223517718,5.041924062981029,6
SOL,long,1,2023-03-29 00:00:00+00:00,2023-03-29 04:00:00+00:00,2023-03-30 04:00:00+00:00,21.189212494153185,21.046,21.189212494153185,20.134255820867402,-0.006758745479224504,-0.007950103979377898,0.0011913585001533944,6.000925858297193,6
DOT,short,-1,2023-03-29 08:00:00+00:00,2023-03-29 12:00:00+00:00,2023-03-30 12:00:00+00:00,6.14606596154568,6.162,6.398473632734981,6.14606596154568,-0.002585854990963976,-0.004388880073656676,0.0018030250826926997,9.046674492363598,6
XRP,short,-1,2023-03-29 08:00:00+00:00,2023-03-29 12:00:00+00:00,2023-03-30 12:00:00+00:00,0.5490015246649925,0.54928,0.5929858302281669,0.5490015246649925,-0.0005069824770744802,-0.001654293848696864,0.0011473113716223837,5.742762706652812,6
ADA,short,-1,2023-03-29 16:00:00+00:00,2023-03-29 20:00:00+00:00,2023-03-30 20:00:00+00:00,0.38062685443065675,0.37724,0.39181416304185046,0.38062685443065675,0.008977983328005257,0.006964303884468004,0.002013679443537253,9.988775255673833,6
LINK,long,1,2023-03-29 20:00:00+00:00,2023-03-30 00:00:00+00:00,2023-03-31 00:00:00+00:00,7.505770099044455,7.232,7.505770099044455,7.266173128183495,-0.03647461825127152,-0.037733448491302224,0.001258830240030706,6.536688716426203,6
BNB,long,1,2023-03-30 00:00:00+00:00,2023-03-30 04:00:00+00:00,2023-03-31 04:00:00+00:00,315.83915213457664,316.36,315.83915213457664,310.42425784572816,0.001649092146756459,0.00035661288672206304,0.001292479260034396,6.455921962584254,6
BTC,short,-1,2023-03-30 08:00:00+00:00,2023-03-30 12:00:00+00:00,2023-03-31 12:00:00+00:00,28253.111712483224,27927.5,29036.64662457442,28253.111712483224,0.011659178676330706,0.01064540563558003,0.0010137730407506762,5.012959217987713,6
ETH,short,-1,2023-03-30 12:00:00+00:00,2023-03-30 16:00:00+00:00,2023-03-31 16:00:00+00:00,1763.0853637857801,1830.74,1816.4930830252915,1763.0853637857801,-0.03695480309285859,-0.03792543385860203,0.000970630765743441,5.041924062981029,6
DOT,long,1,2023-03-30 20:00:00+00:00,2023-03-31 00:00:00+00:00,2023-04-01 00:00:00+00:00,6.198248950189216,6.339,6.198248950189216,6.044713805639615,0.02270819564394677,0.020859446517770497,0.0018487491261762745,9.046674492363598,6
ADA,long,1,2023-03-31 00:00:00+00:00,2023-03-31 04:00:00+00:00,2023-04-01 04:00:00+00:00,0.3842417946278302,0.39821,0.3842417946278302,0.37235164029612655,0.03635264452608333,0.03428433178683532,0.0020683127392480127,9.988775255673833,6
AVAX,short,-1,2023-03-31 00:00:00+00:00,2023-03-31 04:00:00+00:00,2023-04-01 04:00:00+00:00,17.172113782134723,17.77,17.630910430781157,17.172113782134723,-0.03364581980108483,-0.03513493135100698,0.0014891115499221508,7.710732744665526,6
SOL,short,-1,2023-03-31 00:00:00+00:00,2023-03-31 04:00:00+00:00,2023-04-01 04:00:00+00:00,20.228451470963478,21.035,20.834013992862843,20.228451470963478,-0.03834316753204292,-0.039496641611353134,0.0011534740793102127,6.000925858297193,6
LINK,short,-1,2023-03-31 04:00:00+00:00,2023-03-31 08:00:00+00:00,2023-04-01 08:00:00+00:00,7.396191797944216,7.568,7.633684677524616,7.396191797944216,-0.02270192944711724,-0.023978753481065262,0.0012768240339480208,6.536688716426203,6
BNB,long,1,2023-03-31 08:00:00+00:00,2023-03-31 12:00:00+00:00,2023-04-01 12:00:00+00:00,318.3153392664397,314.22,318.3153392664397,313.5625355976153,-0.012865667346969256,-0.014139417467470494,0.001273750120501238,6.455921962584254,6
XRP,long,1,2023-03-31 16:00:00+00:00,2023-03-31 20:00:00+00:00,2023-04-01 20:00:00+00:00,0.5478052594257935,0.50813,0.5478052594257935,0.524136087888171,-0.07242584612528347,-0.07349060231277638,0.0010647561874929101,5.742762706652812,6
DOT,long,1,2023-04-01 16:00:00+00:00,2023-04-01 20:00:00+00:00,2023-04-02 20:00:00+00:00,6.351999879847322,6.216,6.351999879847322,6.189058681302262,-0.021410560834360548,-0.023179556505118493,0.0017689956707579446,9.046674492363598,6
ADA,short,-1,2023-04-01 20:00:00+00:00,2023-04-02 00:00:00+00:00,2023-04-03 00:00:00+00:00,0.38354605497425326,0.38154,0.40076293734873203,0.38354605497425326,0.005257784175324298,0.0032515293621391272,0.002006254813185171,9.988775255673833,6
LINK,short,-1,2023-04-01 20:00:00+00:00,2023-04-02 00:00:00+00:00,2023-04-03 00:00:00+00:00,7.447349841264027,7.254,7.652037599233773,7.447349841264027,0.02665423783623222,0.02531293077247998,0.0013413070637522395,6.536688716426203,6
AVAX,short,-1,2023-04-02 08:00:00+00:00,2023-04-02 12:00:00+00:00,2023-04-03 12:00:00+00:00,17.516046060243053,17.26,17.926328745657734,17.516046060243053,0.014834650072019118,0.013270832136888622,0.001563817935130496,7.710732744665526,6
BNB,short,-1,2023-04-02 08:00:00+00:00,2023-04-02 12:00:00+00:00,2023-04-03 12:00:00+00:00,313.82505485805774,311.85,315.81809949759406,313.82505485805774,0.006333348911520709,0.005034825314437663,0.0012985235970830455,6.455921962584254,6
BTC,short,-1,2023-04-02 08:00:00+00:00,2023-04-02 12:00:00+00:00,2023-04-03 12:00:00+00:00,28090.844791625994,28253.8,28621.639219610715,28090.844791625994,-0.005767550148086498,-0.006763860046858916,0.0009963098987724184,5.012959217987713,6
ETH,short,-1,2023-04-02 08:00:00+00:00,2023-04-02 12:00:00+00:00,2023-04-03 12:00:00+00:00,1799.9522120016925,1808.11,1835.6227837436018,1799.9522120016925,-0.004511776384350186,-0.005515105719130831,0.001003329334780645,5.041924062981029,6
SOL,short,-1,2023-04-02 08:00:00+00:00,2023-04-02 12:00:00+00:00,2023-04-03 12:00:00+00:00,20.698455989246003,20.404,21.287678715210813,20.698455989246003,0.014431287455695108,0.013214512244606125,0.001216775211088983,6.000925858297193,6
XRP,long,1,2023-04-02 08:00:00+00:00,2023-04-02 12:00:00+00:00,2023-04-03 12:00:00+00:00,0.5261727488014293,0.51524,0.5261727488014293,0.5037121990900036,-0.02077786967556372,-0.021901912230908427,0.0011240425553447064,5.742762706652812,6
ADA,long,1,2023-04-03 04:00:00+00:00,2023-04-03 08:00:00+00:00,2023-04-04 08:00:00+00:00,0.40370656631062724,0.38991,0.40370656631062724,0.38571840315370387,-0.03417473844111729,-0.036102295342641866,0.0019275569015245742,9.988775255673833,6
DOT,long,1,2023-04-03 04:00:00+00:00,2023-04-03 08:00:00+00:00,2023-04-04 08:00:00+00:00,6.3551591958165705,6.407,6.3551591958165705,6.164295778111726,0.008157278611927499,0.006334833171653509,0.0018224454402739898,9.046674492363598,6
LINK,long,1,2023-04-03 04:00:00+00:00,2023-04-03 08:00:00+00:00,2023-04-04 08:00:00+00:00,7.354257730512478,7.257,7.354257730512478,7.155109044068429,-0.013224683452275565,-0.014513889353973575,0.0012892059016980095,6.536688716426203,6
AVAX,short,-1,2023-04-03 16:00:00+00:00,2023-04-03 20:00:00+00:00,2023-04-04 20:00:00+00:00,17.016922579781415,17.52,17.547144532159912,17.016922579781415,-0.028714464624348457,-0.030211175187241923,0.0014967105628934663,7.710732744665526,6
BNB,short,-1,2023-04-03 16:00:00+00:00,2023-04-03 20:00:00+00:00,2023-04-04 20:00:00+00:00,308.7396673336737,311.45,313.6194637255777,308.7396673336737,-0.008702304274606831,-0.009981426596276544,0.0012791223216697123,6.455921962584254,6
BTC,short,-1,2023-04-03 16:00:00+00:00,2023-04-03 20:00:00+00:00,2023-04-04 20:00:00+00:00,27763.19981213808,28188.9,28397.583250303436,27763.19981213808,-0.01510169562707031,-0.01608865187666475,0.0009869562495944395,5.012959217987713,6
ETH,short,-1,2023-04-03 16:00:00+00:00,2023-04-03 20:00:00+00:00,2023-04-04 20:00:00+00:00,1797.4095502354992,1869.18,1840.3033479301423,1797.4095502354992,-0.03839675674065679,-0.039365934194989904,0.0009691774543331144,5.041924062981029,6
SOL,short,-1,2023-04-03 16:00:00+00:00,2023-04-03 20:00:00+00:00,2023-04-04 20:00:00+00:00,20.450357082798757,20.948,21.359529236162356,20.450357082798757,-0.023756106415946276,-0.024927077170081358,0.0011709707541350811,6.000925858297193,6
XRP,short,-1,2023-04-03 16:00:00+00:00,2023-04-03 20:00:00+00:00,2023-04-04 20:00:00+00:00,0.5041490518077506,0.50484,0.5151503180829888,0.5041490518077506,-0.0013686478730872143,-0.002514970144745776,0.001146322271658562,5.742762706652812,6
DOT,short,-1,2023-04-04 16:00:00+00:00,2023-04-04 20:00:00+00:00,2023-04-05 20:00:00+00:00,6.413831580374179,6.39,6.619795900147881,6.413831580374179,0.0037295117956461787,0.0019150704273718233,0.0018144413682743554,9.046674492363598,6
LINK,long,1,2023-04-04 20:00:00+00:00,2023-04-05 00:00:00+00:00,2023-04-06 00:00:00+00:00,7.492702286796613,7.318,7.492702286796613,7.247340001175468,-0.023316325687258055,-0.02459234702251112,0.0012760213352530636,6.536688716426203,6
XRP,long,1,2023-04-05 00:00:00+00:00,2023-04-05 04:00:00+00:00,2023-04-06 04:00:00+00:00,0.5141074712228225,0.50261,0.5141074712228225,0.4982960060678995,-0.022363945023937126,-0.023486166933962993,0.0011222219100258668,5.742762706652812,6
ADA,short,-1,2023-04-05 08:00:00+00:00,2023-04-05 12:00:00+00:00,2023-04-06 12:00:00+00:00,0.3899103668015655,0.38136,0.40734018488108154,0.3899103668015655,0.022420722680841054,0.020380214735248092,0.002040507945592962,9.988775255673833,6
AVAX,short,-1,2023-04-05 08:00:00+00:00,2023-04-05 12:00:00+00:00,2023-04-06 12:00:00+00:00,18.007150951109498,17.92,18.516399451822004,18.007150951109498,0.004863334325306612,0.003314881772507494,0.0015484525527991178,7.710732744665526,6
BNB,short,-1,2023-04-05 08:00:00+00:00,2023-04-05 12:00:00+00:00,2023-04-06 12:00:00+00:00,313.35460444529383,311.99,318.0226522485895,313.35460444529383,0.004373872384672017,0.0030778772007744593,0.001295995183897558,6.455921962584254,6
BTC,short,-1,2023-04-05 08:00:00+00:00,2023-04-05 12:00:00+00:00,2023-04-06 12:00:00+00:00,28250.678550997396,27949.6,28862.801809806875,28250.678550997396,0.010772195344384006,0.009759311140317362,0.0010128842040666441,5.012959217987713,6
ETH,long,1,2023-04-05 08:00:00+00:00,2023-04-05 12:00:00+00:00,2023-04-06 12:00:00+00:00,1944.799315744973,1869.45,1944.799315744973,1883.6884455590746,-0.03874400568477665,-0.03971283315500762,0.0009688274702309707,5.041924062981029,6
SOL,short,-1,2023-04-05 08:00:00+00:00,2023-04-05 12:00:00+00:00,2023-04-06 12:00:00+00:00,20.77728092420276,20.69,21.596641573888604,20.77728092420276,0.0042185076946716915,0.003013982359353795,0.0012045253353178964,6.000925858297193,6
DOT,short,-1,2023-04-06 00:00:00+00:00,2023-04-06 04:00:00+00:00,2023-04-07 04:00:00+00:00,6.303618541126525,6.235,6.510044307450475,6.303618541126525,0.011005379491022316,0.009177785540123606,0.0018275939508987094,9.046674492363598,6
ADA,short,-1,2023-04-07 00:00:00+00:00,2023-04-07 04:00:00+00:00,2023-04-08 04:00:00+00:00,0.37683724069865043,0.38589,0.38551211719590606,0.37683724069865043,-0.023459429633702844,-0.025408371736325153,0.0019489421026223086,9.988775255673833,6
AVAX,short,-1,2023-04-07 00:00:00+00:00,2023-04-07 04:00:00+00:00,2023-04-08 04:00:00+00:00,17.706640094500695,17.58,18.298220230987106,17.706640094500695,0.00720364587603517,0.005651587000593761,0.0015520588754414089,7.710732744665526,6
BNB,short,-1,2023-04-07 00:00:00+00:00,2023-04-07 04:00:00+00:00,2023-04-08 04:00:00+00:00,309.460290988228,311.67,313.75450365518316,309.460290988228,-0.0070898996110373425,-0.008371102501244287,0.001281202890206945,6.455921962584254,6
ETH,short,-1,2023-04-07 00:00:00+00:00,2023-04-07 04:00:00+00:00,2023-04-08 04:00:00+00:00,1863.3043672369938,1868.31,1891.058218322649,1863.3043672369938,-0.0026792303006493157,-0.003684406615835689,0.0010051763151863735,5.041924062981029,6
SOL,short,-1,2023-04-07 00:00:00+00:00,2023-04-07 04:00:00+00:00,2023-04-08 04:00:00+00:00,20.353505749506134,20.485,20.768589215165395,20.353505749506134,-0.006419050548882921,-0.007610816501345541,0.00119176595246262,6.000925858297193,6
XRP,long,1,2023-04-07 00:00:00+00:00,2023-04-07 04:00:00+00:00,2023-04-08 04:00:00+00:00,0.5127233887655863,0.51178,0.5127233887655863,0.49108975642052904,-0.0018399565657762906,-0.002985737825328516,0.0011457812595522254,5.742762706652812,6
LINK,long,1,2023-04-07 08:00:00+00:00,2023-04-07 12:00:00+00:00,2023-04-08 12:00:00+00:00,7.226912667047805,7.213,7.226912667047805,7.05610865238683,-0.0019251190222958625,-0.0032290876211402697,0.0013039685988444072,6.536688716426203,6
DOT,short,-1,2023-04-07 20:00:00+00:00,2023-04-08 00:00:00+00:00,2023-04-09 00:00:00+00:00,6.114429659411783,6.132,6.242231267024141,6.114429659411783,-0.00286535234641494,-0.004667872181869148,0.0018025198354542082,9.046674492363598,6
SOL,short,-1,2023-04-08 08:00:00+00:00,2023-04-08 12:00:00+00:00,2023-04-09 12:00:00+00:00,20.391095603074955,20.195,20.75450933279822,20.391095603074955,0.00971010661425864,0.008498994296148199,0.001211112318110441,6.000925858297193,6
ADA,short,-1,2023-04-08 12:00:00+00:00,2023-04-08 16:00:00+00:00,2023-04-09 16:00:00+00:00,0.38365556140189794,0.38823,0.3913425621966163,0.38365556140189794,-0.011782805548520403,-0.01375505140828992,0.001972245859769517,9.988775255673833,6
AVAX,short,-1,2023-04-08 12:00:00+00:00,2023-04-08 16:00:00+00:00,2023-04-09 16:00:00+00:00,17.495458458381204,17.35,17.82608902429738,17.495458458381204,0.008383772817360358,0.00682989541544643,0.0015538774019139279,7.710732744665526,6
BNB,short,-1,2023-04-08 12:00:00+00:00,2023-04-08 16:00:00+00:00,2023-04-09 16:00:00+00:00,310.92073487579137,310.43,313.36404643107034,310.92073487579137,0.0015808229739115998,0.00028843180509641186,0.001292391168815188,6.455921962584254,6
BTC,short,-1,2023-04-08 12:00:00+00:00,2023-04-08 16:00:00+00:00,2023-04-09 16:00:00+00:00,27899.899088120685,27891.4,28155.483583611527,27899.899088120685,0.0003047207426190024,-0.0006976741150555021,0.0010023948576745045,5.012959217987713,6
ETH,short,-1,2023-04-08 12:00:00+00:00,2023-04-08 16:00:00+00:00,2023-04-09 16:00:00+00:00,1854.0335611251248,1837.15,1882.1925539914705,1854.0335611251248,0.009190083077116551,0.008172943958138834,0.0010171391189777168,5.041924062981029,6
XRP,short,-1,2023-04-08 12:00:00+00:00,2023-04-08 16:00:00+00:00,2023-04-09 16:00:00+00:00,0.5045224953107743,0.50193,0.5136786740110802,0.5045224953107743,0.005165053514980755,0.004011231251056069,0.0011538222639246865,5.742762706652812,6
LINK,short,-1,2023-04-09 00:00:00+00:00,2023-04-09 04:00:00+00:00,2023-04-10 04:00:00+00:00,7.089041939125579,7.18,7.233688478689587,7.089041939125579,-0.012668253603679736,-0.013958186471924927,0.0012899328682451916,6.536688716426203,6
DOT,long,1,2023-04-09 12:00:00+00:00,2023-04-09 16:00:00+00:00,2023-04-10 16:00:00+00:00,6.18407725037571,6.149,6.18407725037571,6.084328263802665,-0.005672188259546518,-0.007469634179035345,0.001797445919488827,9.046674492363598,6
ADA,short,-1,2023-04-09 20:00:00+00:00,2023-04-10 00:00:00+00:00,2023-04-11 00:00:00+00:00,0.3864311953776523,0.39732,0.3925125440552663,0.3864311953776523,-0.02740562927199164,-0.029346695701186976,0.0019410664291953372,9.988775255673833,6
XRP,short,-1,2023-04-09 20:00:00+00:00,2023-04-10 00:00:00+00:00,2023-04-11 00:00:00+00:00,0.5026308105164696,0.5174,0.5081643360412956,0.5026308105164696,-0.028545012530982516,-0.029660139234823468,0.0011151267038409518,5.742762706652812,6
AVAX,short,-1,2023-04-10 08:00:00+00:00,2023-04-10 12:00:00+00:00,2023-04-11 12:00:00+00:00,17.406569003020824,18.41,17.674453819509665,17.406569003020824,-0.05450467121016711,-0.055961640138690316,0.0014569689285232057,7.710732744665526,6
BTC,long,1,2023-04-10 08:00:00+00:00,2023-04-10 12:00:00+00:00,2023-04-11 12:00:00+00:00,28465.578327353014,30062.0,28465.578327353014,28138.963980588247,0.05608253077763603,0.05502424156218044,0.0010582892154555879,5.012959217987713,6
SOL,short,-1,2023-04-10 08:00:00+00:00,2023-04-10 12:00:00+00:00,2023-04-11 12:00:00+00:00,20.09646329716878,22.237,20.47328676274916,20.09646329716878,-0.09626013863521243,-0.09734414331269015,0.0010840046774777123,6.000925858297193,6
BNB,long,1,2023-04-10 12:00:00+00:00,2023-04-10 16:00:00+00:00,2023-04-11 16:00:00+00:00,313.51734122040165,328.93,313.51734122040165,310.9678629593321,0.049160466593659136,0.047806680967383386,0.0013537856262757497,6.455921962584254,6
ETH,long,1,2023-04-10 12:00:00+00:00,2023-04-10 16:00:00+00:00,2023-04-11 16:00:00+00:00,1874.8215384170517,1914.04,1874.8215384170517,1847.4987411465809,0.020918503857205062,0.01988954393679543,0.0010289599204096334,5.041924062981029,6
LINK,long,1,2023-04-10 12:00:00+00:00,2023-04-10 16:00:00+00:00,2023-04-11 16:00:00+00:00,7.28513298601763,7.386,7.28513298601763,7.137621385882849,0.013845596803238047,0.012521024020669902,0.0013245727825681453,6.536688716426203,6
DOT,long,1,2023-04-11 00:00:00+00:00,2023-04-11 04:00:00+00:00,2023-04-12 04:00:00+00:00,6.396815337620959,6.247,6.396815337620959,6.269821291248367,-0.02342030052671129,-0.02518566319196891,0.0017653626652576193,9.046674492363598,6
ADA,short,-1,2023-04-11 04:00:00+00:00,2023-04-11 08:00:00+00:00,2023-04-12 08:00:00+00:00,0.40599526328297286,0.39454,0.4173023860672846,0.40599526328297286,0.02903447884364785,0.026980771417937977,0.002053707425709872,9.988775255673833,6
XRP,short,-1,2023-04-11 12:00:00+00:00,2023-04-11 16:00:00+00:00,2023-04-12 16:00:00+00:00,0.5137326101902007,0.50246,0.5247255764048088,0.5137326101902007,0.022434840962864078,0.021261194825058283,0.001173646137805795,5.742762706652812,6
AVAX,short,-1,2023-04-11 20:00:00+00:00,2023-04-12 00:00:00+00:00,2023-04-13 00:00:00+00:00,17.90762667594422,18.25,18.355134711488436,17.90762667594422,-0.018760182140042825,-0.020272231837719867,0.0015120496976770426,7.710732744665526,6
BNB,short,-1,2023-04-11 20:00:00+00:00,2023-04-12 00:00:00+00:00,2023-04-13 00:00:00+00:00,317.0020029895904,319.91,327.8695753332921,317.0020029895904,-0.009090047233314524,-0.010368669230333194,0.0012786219970186696,6.455921962584254,6
ETH,short,-1,2023-04-11 20:00:00+00:00,2023-04-12 00:00:00+00:00,2023-04-13 00:00:00+00:00,1871.3091164369898,1918.01,1909.2209819949865,1871.3091164369898,-0.024348613178768685,-0.025331949428957445,0.00098333625018876,5.041924062981029,6
LINK,short,-1,2023-04-11 20:00:00+00:00,2023-04-12 00:00:00+00:00,2023-04-13 00:00:00+00:00,7.232001221256384,7.233,7.370657079443859,7.232001221256384,-0.000138086374065427,-0.00144438970199956,0.001306303327934133,6.536688716426203,6
SOL,long,1,2023-04-12 00:00:00+00:00,2023-04-12 04:00:00+00:00,2023-04-13 04:00:00+00:00,23.37607540935598,23.996,23.37607540935598,21.78785852975788,0.026519618019195113,0.025288343274076475,0.0012312747451186379,6.000925858297193,6
BTC,long,1,2023-04-12 08:00:00+00:00,2023-04-12 12:00:00+00:00,2023-04-13 12:00:00+00:00,30443.84250542247,30162.1,30443.84250542247,29584.705849124588,-0.009254498848898285,-0.01024731451298977,0.0009928156640914843,5.012959217987713,6
DOT,long,1,2023-04-12 08:00:00+00:00,2023-04-12 12:00:00+00:00,2023-04-13 12:00:00+00:00,6.390098001729093,6.463,6.390098001729093,6.175730636575774,0.011408588452192836,0.009580265620643624,0.0018283228315492117,9.046674492363598,6
ADA,long,1,2023-04-13 04:00:00+00:00,2023-04-13 08:00:00+00:00,2023-04-14 08:00:00+00:00,0.4095696094010015,0.43467,0.4095696094010015,0.39529694875745863,0.06128479756031702,0.05916672618918839,0.002118071371128627,9.988775255673833,6
AVAX,long,1,2023-04-13 04:00:00+00:00,2023-04-13 08:00:00+00:00,2023-04-14 08:00:00+00:00,18.782635706087767,18.99,18.782635706087767,18.10361470673626,0.011040212734628074,0.009482241869423369,0.0015579708652047053,7.710732744665526,6
BNB,long,1,2023-04-13 04:00:00+00:00,2023-04-13 08:00:00+00:00,2023-04-14 08:00:00+00:00,322.45498364001855,333.81,322.45498364001855,316.2749148695221,0.03521426845943232,0.03387847832877089,0.0013357901306614295,6.455921962584254,6
ETH,long,1,2023-04-13 04:00:00+00:00,2023-04-13 08:00:00+00:00,2023-04-14 08:00:00+00:00,1947.9304225929764,2107.0,1947.9304225929764,1895.428197627921,0.08166081065425268,0.08057062998122522,0.0010901806730274632,5.041924062981029,6
LINK,long,1,2023-04-13 04:00:00+00:00,2023-04-13 08:00:00+00:00,2023-04-14 08:00:00+00:00,7.373544253095338,7.767,7.373544253095338,7.146235133515336,0.05336046457434551,0.0519842662597223,0.0013761983146232115,6.536688716426203,6
XRP,long,1,2023-04-13 04:00:00+00:00,2023-04-13 08:00:00+00:00,2023-04-14 08:00:00+00:00,0.5117563446959221,0.52798,0.5117563446959221,0.502882460896338,0.03170191336605255,0.03051762961761484,0.001184283748437709,5.742762706652812,6
SOL,long,1,2023-04-13 08:00:00+00:00,2023-04-13 12:00:00+00:00,2023-04-14 12:00:00+00:00,25.11889275541843,25.014,25.11889275541843,23.556198545907733,-0.004175851079096793,-0.005370307671666907,0.0011944565925701145,6.000925858297193,6
BTC,long,1,2023-04-13 20:00:00+00:00,2023-04-14 00:00:00+00:00,2023-04-15 00:00:00+00:00,30601.618223714053,30466.0,30601.618223714053,30156.61146229399,-0.0044317337312886895,-0.005429382237666647,0.0009976485063779572,5.012959217987713,6
DOT,long,1,2023-04-13 20:00:00+00:00,2023-04-14 00:00:00+00:00,2023-04-15 00:00:00+00:00,6.752599975795177,6.731,6.752599975795177,6.5233790181407505,-0.0031987643089480544,-0.005000681435753718,0.0018019171268056633,9.046674492363598,6
LINK,long,1,2023-04-14 12:00:00+00:00,2023-04-14 16:00:00+00:00,2023-04-15 16:00:00+00:00,7.734264993636278,7.966,7.734264993636278,7.372077507935641,0.029962123945118657,0.028616495181966295,0.0013456287631523622,6.536688716426203,6
ADA,long,1,2023-04-15 00:00:00+00:00,2023-04-15 04:00:00+00:00,2023-04-16 04:00:00+00:00,0.44871731518066194,0.44905,0.44871731518066194,0.42508238738949444,0.0007414129298846106,-0.0012558282833148304,0.001997241213199441,9.988775255673833,6
BNB,long,1,2023-04-16 08:00:00+00:00,2023-04-16 12:00:00+00:00,2023-04-17 12:00:00+00:00,338.952210592654,342.0,338.952210592654,329.98785700329665,0.00899179681411999,0.007689842885192588,0.0013019539289274018,6.455921962584254,6
AVAX,long,1,2023-04-16 12:00:00+00:00,2023-04-16 16:00:00+00:00,2023-04-17 16:00:00+00:00,19.498609008674826,20.72,19.498609008674826,18.866597090917384,0.06263990373784001,0.061002419897558724,0.0016374838402812841,7.710732744665526,6
BTC,long,1,2023-04-16 12:00:00+00:00,2023-04-16 16:00:00+00:00,2023-04-17 16:00:00+00:00,30456.575638348022,29364.5,30456.575638348022,30212.913663589763,-0.03585680975155281,-0.03682296751920733,0.0009661577676545186,5.012959217987713,6
ETH,long,1,2023-04-16 12:00:00+00:00,2023-04-16 16:00:00+00:00,2023-04-17 16:00:00+00:00,2112.263463065346,2071.92,2112.263463065346,2075.953931682596,-0.019099635898070733,-0.020088262469890816,0.0009886265718200837,5.041924062981029,6
LINK,long,1,2023-04-16 12:00:00+00:00,2023-04-16 16:00:00+00:00,2023-04-17 16:00:00+00:00,8.104722895334225,8.053,8.104722895334225,7.817861365312858,-0.0063818215628322905,-0.0076799675522932764,0.001298145989460986,6.536688716426203,6
SOL,long,1,2023-04-16 12:00:00+00:00,2023-04-16 16:00:00+00:00,2023-04-17 16:00:00+00:00,24.767483640734987,24.519,24.767483640734987,23.86489288027081,-0.010032655894291476,-0.011220087452240235,0.0011874315579487593,6.000925858297193,6
ADA,short,-1,2023-04-16 20:00:00+00:00,2023-04-17 00:00:00+00:00,2023-04-18 00:00:00+00:00,0.44362665346906444,0.43424,0.45867890603238853,0.44362665346906444,0.02161628009640859,0.019577377626378567,0.002038902470030024,9.988775255673833,6
DOT,short,-1,2023-04-16 20:00:00+00:00,2023-04-17 00:00:00+00:00,2023-04-18 00:00:00+00:00,6.740282441021234,6.7,6.908757371441032,6.740282441021234,0.0060123046300348815,0.004193736658223202,0.0018185679718116798,9.046674492363598,6
XRP,short,-1,2023-04-16 20:00:00+00:00,2023-04-17 00:00:00+00:00,2023-04-18 00:00:00+00:00,0.5172660167468545,0.51077,0.5242977193932374,0.5172660167468545,0.012718085922929223,0.01155559358345637,0.0011624923394728537,5.742762706652812,6
BTC,short,-1,2023-04-17 20:00:00+00:00,2023-04-18 00:00:00+00:00,2023-04-19 00:00:00+00:00,29213.351665906648,30383.8,29638.181708895285,29213.351665906648,-0.038522118171306796,-0.03948560506137899,0.000963486890072196,5.012959217987713,6
ETH,short,-1,2023-04-17 20:00:00+00:00,2023-04-18 00:00:00+00:00,2023-04-19 00:00:00+00:00,2057.726181652652,2104.25,2092.5196660722827,2057.726181652652,-0.02210945388967467,-0.023095046936223995,0.0009855930465493268,5.041924062981029,6
SOL,short,-1,2023-04-17 20:00:00+00:00,2023-04-18 00:00:00+00:00,2023-04-19 00:00:00+00:00,23.99407564628589,24.833,25.192526893344514,23.99407564628589,-0.033782642198450064,-0.03494158647001877,0.001158944271568707,6.000925858297193,6
AVAX,long,1,2023-04-18 00:00:00+00:00,2023-04-18 04:00:00+00:00,2023-04-19 04:00:00+00:00,21.37325138800874,21.06,21.37325138800874,20.339558643094286,-0.014656234670242463,-0.016174608380070343,0.0015183737098278804,7.710732744665526,6
LINK,long,1,2023-04-18 00:00:00+00:00,2023-04-18 04:00:00+00:00,2023-04-19 04:00:00+00:00,8.237419436279778,8.57,8.237419436279778,7.923627236041009,0.040374363147692716,0.039015130963371725,0.001359232184320991,6.536688716426203,6
DOT,long,1,2023-04-18 04:00:00+00:00,2023-04-18 08:00:00+00:00,2023-04-19 08:00:00+00:00,6.927049874900155,6.823,6.927049874900155,6.7402270581562655,-0.015020806372013418,-0.0168013527989197,0.001780546426906282,9.046674492363598,6
XRP,long,1,2023-04-18 04:00:00+00:00,2023-04-18 08:00:00+00:00,2023-04-19 08:00:00+00:00,0.5206397144079453,0.52184,0.5206397144079453,0.5110052741607373,0.002305405367355684,0.001154865674475758,0.001150539692879926,5.742762706652812,6
BNB,short,-1,2023-04-19 00:00:00+00:00,2023-04-19 04:00:00+00:00,2023-04-20 04:00:00+00:00,337.3616677419817,324.1,345.79033024350656,337.3616677419817,0.040918444128298814,0.039575293606852524,0.0013431505214462902,6.455921962584254,6
ADA,short,-1,2023-04-19 04:00:00+00:00,2023-04-19 08:00:00+00:00,2023-04-20 08:00:00+00:00,0.42649373143674235,0.4168,0.4421065985303154,0.42649373143674235,0.023257513044007583,0.02121533506439932,0.0020421779796082618,9.988775255673833,6
BTC,short,-1,2023-04-19 04:00:00+00:00,2023-04-19 08:00:00+00:00,2023-04-20 08:00:00+00:00,29691.196871604123,28868.9,30462.54885821093,29691.196871604123,0.028483831098660595,0.027453198250372735,0.0010306328482878602,5.012959217987713,6
ETH,short,-1,2023-04-19 04:00:00+00:00,2023-04-19 08:00:00+00:00,2023-04-20 08:00:00+00:00,2051.3577301488504,1949.35,2097.6808719694923,2051.3577301488504,0.05232909951976317,0.05126848159345898,0.001060617926304186,5.041924062981029,6
SOL,short,-1,2023-04-19 04:00:00+00:00,2023-04-19 08:00:00+00:00,2023-04-20 08:00:00+00:00,23.896190595647365,22.608,24.83077286419365,23.896190595647365,0.0569794141740696,0.05571160395793928,0.0012678102161303162,6.000925858297193,6
AVAX,short,-1,2023-04-19 16:00:00+00:00,2023-04-19 20:00:00+00:00,2023-04-20 20:00:00+00:00,18.826285627880882,18.44,20.053074061561173,18.826285627880882,0.020948244462086762,0.01937500573258899,0.0015732387294977723,7.710732744665526,6
LINK,short,-1,2023-04-19 16:00:00+00:00,2023-04-19 20:00:00+00:00,2023-04-20 20:00:00+00:00,7.6942487167794305,7.525,8.232861105965716,7.6942487167794305,0.02249152382450892,0.021155655278908947,0.001335868545599972,6.536688716426203,6
ADA,short,-1,2023-04-20 12:00:00+00:00,2023-04-20 16:00:00+00:00,2023-04-21 16:00:00+00:00,0.3996214688104603,0.39794,0.41363935073868885,0.3996214688104603,0.0042254330061322065,0.0022212385196958007,0.002004194486436406,9.988775255673833,6
BNB,short,-1,2023-04-20 12:00:00+00:00,2023-04-20 16:00:00+00:00,2023-04-21 16:00:00+00:00,318.2527587755681,327.34,327.6151019118966,318.2527587755681,-0.027760864008162356,-0.02901539409151732,0.0012545300833549655,6.455921962584254,6
BTC,short,-1,2023-04-20 12:00:00+00:00,2023-04-20 16:00:00+00:00,2023-04-21 16:00:00+00:00,28152.07219815753,28044.2,28873.6937955565,28152.07219815753,0.0038465065203332482,0.0028405624763188086,0.0010059440440144396,5.012959217987713,6
DOT,short,-1,2023-04-20 12:00:00+00:00,2023-04-20 16:00:00+00:00,2023-04-21 16:00:00+00:00,6.089953071953,6.026,6.39784306047288,6.089953071953,0.010612856281613015,0.008785971894735845,0.00182688438687717,9.046674492363598,6
SOL,short,-1,2023-04-20 12:00:00+00:00,2023-04-20 16:00:00+00:00,2023-04-21 16:00:00+00:00,21.64849339578613,21.874,22.614039094992755,21.64849339578613,-0.010309344619816696,-0.011496444299217812,0.0011870996794011157,6.000925858297193,6
XRP,short,-1,2023-04-20 12:00:00+00:00,2023-04-20 16:00:00+00:00,2023-04-21 16:00:00+00:00,0.4694712771267232,0.46088,0.49297577439977974,0.4694712771267232,0.018641028308286733,0.017471737062735526,0.0011692912455512072,5.742762706652812,6
AVAX,short,-1,2023-04-21 00:00:00+00:00,2023-04-21 04:00:00+00:00,2023-04-22 04:00:00+00:00,17.94407081603073,17.04,18.949635424767916,17.94407081603073,0.05305579906283642,0.051433083928749346,0.0016227151340870716,7.710732744665526,6
ETH,short,-1,2023-04-21 00:00:00+00:00,2023-04-21 04:00:00+00:00,2023-04-22 04:00:00+00:00,1902.7032877191887,1859.43,1990.5478701516647,1902.7032877191887,0.023272340297396887,0.022241008000203788,0.0010313322971930994,5.041924062981029,6
LINK,short,-1,2023-04-21 00:00:00+00:00,2023-04-21 04:00:00+00:00,2023-04-22 04:00:00+00:00,7.394892874961559,7.17,7.734928682154485,7.394892874961559,0.03136581240746983,0.030018349748171635,0.001347462659298193,6.536688716426203,6
ADA,long,1,2023-04-22 08:00:00+00:00,2023-04-22 12:00:00+00:00,2023-04-23 12:00:00+00:00,0.3983035669826213,0.3915,0.3983035669826213,0.3804022234794871,-0.017081360918161592,-0.019043032124960835,0.0019616712067992426,9.988775255673833,6
XRP,long,1,2023-04-22 08:00:00+00:00,2023-04-22 12:00:00+00:00,2023-04-23 12:00:00+00:00,0.4634059547985604,0.46921,0.4634059547985604,0.44437358209933764,0.012524753170171543,0.011362482756076764,0.0011622704140947793,5.742762706652812,6
BTC,short,-1,2023-04-22 20:00:00+00:00,2023-04-23 00:00:00+00:00,2023-04-24 00:00:00+00:00,27429.136718052974,27591.2,28196.1517035633,27429.136718052974,-0.005873730825300294,-0.006869934321531046,0.000996203496230752,5.012959217987713,6
DOT,short,-1,2023-04-22 20:00:00+00:00,2023-04-23 00:00:00+00:00,2023-04-24 00:00:00+00:00,5.846575206514328,5.907,6.045081736162456,5.846575206514328,-0.010229353899724458,-0.012018561833020303,0.0017892079332958444,9.046674492363598,6
LINK,short,-1,2023-04-22 20:00:00+00:00,2023-04-23 00:00:00+00:00,2023-04-24 00:00:00+00:00,7.016704871139562,7.082,7.330732152006013,7.016704871139562,-0.0092198713443149,-0.010514309467895777,0.0012944381235808766,6.536688716426203,6
SOL,long,1,2023-04-23 00:00:00+00:00,2023-04-23 04:00:00+00:00,2023-04-24 04:00:00+00:00,22.09086020343215,21.726,22.09086020343215,21.343568863232658,-0.016516342056044686,-0.017695996656898694,0.0011796546008540076,6.000925858297193,6
AVAX,short,-1,2023-04-23 08:00:00+00:00,2023-04-23 12:00:00+00:00,2023-04-24 12:00:00+00:00,16.80649400594634,17.04,17.582257185552795,16.80649400594634,-0.01370340340690479,-0.015223245390030948,0.0015198419831261578,7.710732744665526,6
ADA,long,1,2023-04-23 16:00:00+00:00,2023-04-23 20:00:00+00:00,2023-04-24 20:00:00+00:00,0.3889236442520714,0.38289,0.3889236442520714,0.3782308784103103,-0.015513698745866944,-0.017478498632521267,0.0019647998866543226,9.988775255673833,6
ETH,long,1,2023-04-23 16:00:00+00:00,2023-04-23 20:00:00+00:00,2023-04-24 20:00:00+00:00,1862.058029379637,1831.77,1862.058029379637,1832.1232566723936,-0.016265889087102026,-0.01725737172616182,0.000991482639059793,5.041924062981029,6
BNB,long,1,2023-04-23 20:00:00+00:00,2023-04-24 00:00:00+00:00,2023-04-25 00:00:00+00:00,333.3648084070578,330.6,333.3648084070578,327.977137486253,-0.008293642092184417,-0.009573291731653555,0.0012796496394691381,6.455921962584254,6
XRP,long,1,2023-04-23 20:00:00+00:00,2023-04-24 00:00:00+00:00,2023-04-25 00:00:00+00:00,0.47322189367131395,0.46081,0.47322189367131395,0.4563315706394384,-0.02622848570048386,-0.02734627153003033,0.0011177858295464693,5.742762706652812,6
BTC,short,-1,2023-04-24 04:00:00+00:00,2023-04-24 08:00:00+00:00,2023-04-25 08:00:00+00:00,27186.616722872408,27270.0,27735.72834480787,27186.616722872408,-0.0030576925972713997,-0.00405671801584262,0.00099902541857122,5.012959217987713,6
LINK,long,1,2023-04-24 04:00:00+00:00,2023-04-24 08:00:00+00:00,2023-04-25 08:00:00+00:00,7.207929945502278,6.989,7.207929945502278,6.99959757953561,-0.030373484087326652,-0.031640285359910925,0.0012668012725842726,6.536688716426203,6
DOT,short,-1,2023-04-24 08:00:00+00:00,2023-04-24 12:00:00+00:00,2023-04-25 12:00:00+00:00,5.894310430179561,5.869,6.0486873608579,5.894310430179561,0.004312562647735829,0.0024970672987092435,0.0018154953490265857,9.046674492363598,6
SOL,short,-1,2023-04-24 20:00:00+00:00,2023-04-25 00:00:00+00:00,2023-04-26 00:00:00+00:00,20.891600152686838,21.93,21.883911268577556,20.891600152686838,-0.04735065423224638,-0.04849332414308649,0.0011426699108401106,6.000925858297193,6
AVAX,long,1,2023-04-25 00:00:00+00:00,2023-04-25 04:00:00+00:00,2023-04-26 04:00:00+00:00,17.105214532297104,17.46,17.105214532297104,16.55921353486595,0.020741363227746223,0.019168443293615445,0.0015729199341307787,7.710732744665526,6
BNB,long,1,2023-04-25 08:00:00+00:00,2023-04-25 12:00:00+00:00,2023-04-26 12:00:00+00:00,333.1348449115219,337.74,333.1348449115219,327.72727941142483,0.013823696796716689,0.012515508019115051,0.0013081887776016377,6.455921962584254,6
ETH,short,-1,2023-04-25 08:00:00+00:00,2023-04-25 12:00:00+00:00,2023-04-26 12:00:00+00:00,1805.591166390644,1913.98,1846.0934540144037,1805.591166390644,-0.05663007639022144,-0.05758087690744873,0.0009508005172272904,5.041924062981029,6
ADA,long,1,2023-04-25 12:00:00+00:00,2023-04-25 16:00:00+00:00,2023-04-26 16:00:00+00:00,0.38560983086890444,0.4149,0.38560983086890444,0.3744717806457885,0.07595804563668751,0.07381068996153095,0.0021473556751565592,9.988775255673833,6
BTC,long,1,2023-04-25 12:00:00+00:00,2023-04-25 16:00:00+00:00,2023-04-26 16:00:00+00:00,27600.795504695932,29816.1,27600.795504695932,27081.86682093367,0.0802623422548514,0.0791798227041971,0.001082519550654304,5.012959217987713,6
LINK,long,1,2023-04-25 12:00:00+00:00,2023-04-25 16:00:00+00:00,2023-04-26 16:00:00+00:00,7.1333930763157625,7.438,7.1333930763157625,6.8966052303133045,0.04270154755604194,0.0413392749431416,0.0013622726129003393,6.536688716426203,6
XRP,long,1,2023-04-25 12:00:00+00:00,2023-04-25 16:00:00+00:00,2023-04-26 16:00:00+00:00,0.46165531761117923,0.47775,0.46165531761117923,0.4465896432577071,0.03486298494751927,0.0336750726260866,0.0011879123214326714,5.742762706652812,6
DOT,long,1,2023-04-25 16:00:00+00:00,2023-04-25 20:00:00+00:00,2023-04-26 20:00:00+00:00,5.936423305882403,5.759,5.936423305882403,5.7412085095461265,-0.029887239629053153,-0.03164091201152486,0.0017536723824717049,9.046674492363598,6
SOL,long,1,2023-04-26 04:00:00+00:00,2023-04-26 08:00:00+00:00,2023-04-27 08:00:00+00:00,22.45350164672486,21.675,22.45350164672486,21.40307964259544,-0.034671725549694554,-0.03582960339656238,0.0011578778468678275,6.000925858297193,6
AVAX,long,1,2023-04-26 08:00:00+00:00,2023-04-26 12:00:00+00:00,2023-04-27 12:00:00+00:00,18.132741720600404,17.39,18.132741720600404,17.512652244929527,-0.04096135774969889,-0.04243919636028215,0.0014778386105832597,7.710732744665526,6
ETH,long,1,2023-04-26 20:00:00+00:00,2023-04-27 00:00:00+00:00,2023-04-28 00:00:00+00:00,1935.2609983417053,1908.58,1935.2609983417053,1798.7357082496026,-0.013786770034929563,-0.014780751320191743,0.0009939812852621799,5.041924062981029,6
XRP,long,1,2023-04-28 00:00:00+00:00,2023-04-28 04:00:00+00:00,2023-04-29 04:00:00+00:00,0.48345413828932915,0.48079,0.48345413828932915,0.45257533294514224,-0.005510632919093483,-0.0066522006337306205,0.0011415677146371372,5.742762706652812,6
SOL,long,1,2023-04-28 12:00:00+00:00,2023-04-28 16:00:00+00:00,2023-04-29 16:00:00+00:00,23.228249165489476,23.352,23.228249165489476,21.570435740994505,0.005327600613755257,0.00412174495987605,0.0012058556538792065,6.000925858297193,6
ETH,long,1,2023-04-29 08:00:00+00:00,2023-04-29 12:00:00+00:00,2023-04-30 12:00:00+00:00,1917.540770801332,1901.21,1917.540770801332,1879.1928952802095,-0.008516518162222653,-0.009515811211280756,0.0009992930490581031,5.041924062981029,6
ADA,short,-1,2023-04-29 12:00:00+00:00,2023-04-29 16:00:00+00:00,2023-04-30 16:00:00+00:00,0.4005454273536351,0.40697,0.40926147998506746,0.4005454273536351,-0.015786354390655122,-0.01775061012166279,0.001964255731007669,9.988775255673833,6
AVAX,short,-1,2023-04-29 12:00:00+00:00,2023-04-29 16:00:00+00:00,2023-04-30 16:00:00+00:00,17.385986205512324,17.62,17.796407770178746,17.385986205512324,-0.013281146111672859,-0.014801638775706727,0.0015204926640338678,7.710732744665526,6
DOT,short,-1,2023-04-29 12:00:00+00:00,2023-04-29 16:00:00+00:00,2023-04-30 16:00:00+00:00,5.921967591035979,6.035,6.064884423610449,5.921967591035979,-0.018729479530078086,-0.020503321790253826,0.0017738422601757398,9.046674492363598,6
LINK,short,-1,2023-04-29 12:00:00+00:00,2023-04-29 16:00:00+00:00,2023-04-30 16:00:00+00:00,7.093377128929882,7.241,7.279832308562209,7.093377128929882,-0.020387083423576535,-0.0216669317662046,0.001279848342628065,6.536688716426203,6
XRP,short,-1,2023-04-29 12:00:00+00:00,2023-04-29 16:00:00+00:00,2023-04-30 16:00:00+00:00,0.472106072474556,0.47897,0.48457519048821285,0.472106072474556,-0.014330600090702972,-0.015462043423822847,0.0011314433331198748,5.742762706652812,6
BNB,long,1,2023-04-30 00:00:00+00:00,2023-04-30 04:00:00+00:00,2023-05-01 04:00:00+00:00,322.23309595737436,333.91,322.23309595737436,319.23391541881705,0.036237444846976,0.03490033445927976,0.0013371103876962387,6.455921962584254,6
BTC,long,1,2023-04-30 08:00:00+00:00,2023-04-30 12:00:00+00:00,2023-05-01 12:00:00+00:00,29314.890788663237,28525.6,29314.890788663237,29090.141642956005,-0.026924568621230383,-0.027899677293934944,0.000975108672704561,5.012959217987713,6
SOL,long,1,2023-04-30 08:00:00+00:00,2023-04-30 12:00:00+00:00,2023-05-01 12:00:00+00:00,23.930856419463066,22.213,23.930856419463066,23.065118369565834,-0.07178415972049901,-0.07289752248736026,0.0011133627668612478,6.000925858297193,6
ETH,short,-1,2023-04-30 16:00:00+00:00,2023-04-30 20:00:00+00:00,2023-05-01 20:00:00+00:00,1891.5734586683493,1813.13,1918.8038418318565,1891.5734586683493,0.043264111601677424,0.04221263006501763,0.001051481536659793,5.041924062981029,6
ADA,short,-1,2023-04-30 20:00:00+00:00,2023-05-01 00:00:00+00:00,2023-05-02 00:00:00+00:00,0.3903290022092633,0.38667,0.4008205660211817,0.3903290022092633,0.009462855171757045,0.007448208039646964,0.002014647132110081,9.988775255673833,6
AVAX,short,-1,2023-04-30 20:00:00+00:00,2023-05-01 00:00:00+00:00,2023-05-02 00:00:00+00:00,16.87478250213403,16.64,17.30796233747394,16.87478250213403,0.014109525368631415,0.012546824820472535,0.0015627005481588796,7.710732744665526,6
DOT,short,-1,2023-04-30 20:00:00+00:00,2023-05-01 00:00:00+00:00,2023-05-02 00:00:00+00:00,5.807141708452719,5.668,5.947698667267887,5.807141708452719,0.024548642987423985,0.022696566885446856,0.0018520761019771292,9.046674492363598,6
LINK,short,-1,2023-04-30 20:00:00+00:00,2023-05-01 00:00:00+00:00,2023-05-02 00:00:00+00:00,6.941975555935371,6.897,7.109017397476334,6.941975555935371,0.006521031743565331,0.0052060283861175005,0.0013150033574478304,6.536688716426203,6
XRP,short,-1,2023-04-30 20:00:00+00:00,2023-05-01 00:00:00+00:00,2023-05-02 00:00:00+00:00,0.4666375005723966,0.46477,0.474535639824012,0.4666375005723966,0.004018117719294612,0.0028656120153236486,0.001152505703970963,5.742762706652812,6
AVAX,long,1,2023-05-02 08:00:00+00:00,2023-05-02 12:00:00+00:00,2023-05-03 12:00:00+00:00,16.84905955089543,16.59,16.84905955089543,16.39405446729045,-0.015375312201425628,-0.016892577842722356,0.0015172656412967278,7.710732744665526,6
BTC,long,1,2023-05-02 08:00:00+00:00,2023-05-02 12:00:00+00:00,2023-05-03 12:00:00+00:00,28525.093961672635,28551.0,28525.093961672635,27660.754745283703,0.0009081841540004021,-9.481542802236564e-05,0.0010029995820227677,5.012959217987713,6
ETH,long,1,2023-05-02 08:00:00+00:00,2023-05-02 12:00:00+00:00,2023-05-03 12:00:00+00:00,1857.9409961801264,1859.81,1857.9409961801264,1810.3675019364853,0.0010059543460831932,-2.936180655277454e-06,0.0010088905267384707,5.041924062981029,6
LINK,short,-1,2023-05-02 08:00:00+00:00,2023-05-02 12:00:00+00:00,2023-05-03 12:00:00+00:00,6.802364932702578,6.908,6.972688097337312,6.802364932702578,-0.015291700535237762,-0.016578205912735622,0.0012865053774978596,6.536688716426203,6
XRP,short,-1,2023-05-02 12:00:00+00:00,2023-05-02 16:00:00+00:00,2023-05-03 16:00:00+00:00,0.4576916413452616,0.45299,0.46715679441195807,0.4576916413452616,0.010379128336743815,0.009219320871091341,0.0011598074656524737,5.742762706652812,6
BNB,short,-1,2023-05-02 16:00:00+00:00,2023-05-02 20:00:00+00:00,2023-05-03 20:00:00+00:00,321.5675837536071,323.23,327.45915732813296,321.5675837536071,-0.005143137228576955,-0.006426852126255489,0.001283714897678534,6.455921962584254,6
ADA,short,-1,2023-05-02 20:00:00+00:00,2023-05-03 00:00:00+00:00,2023-05-04 00:00:00+00:00,0.38739769680169184,0.39423,0.39611075173364285,0.38739769680169184,-0.017330754124009307,-0.019291927601442493,0.001961173477433187,9.988775255673833,6
DOT,short,-1,2023-05-02 20:00:00+00:00,2023-05-03 00:00:00+00:00,2023-05-04 00:00:00+00:00,5.639423752317681,5.779,5.783484702066541,5.639423752317681,-0.024152318339214274,-0.025916357736215145,0.0017640393970008716,9.046674492363598,6
SOL,short,-1,2023-05-02 20:00:00+00:00,2023-05-03 00:00:00+00:00,2023-05-04 00:00:00+00:00,21.91912325119914,22.239,22.591962430473085,21.91912325119914,-0.014383594082506446,-0.01556580684072184,0.0011822127582153952,6.000925858297193,6
AVAX,long,1,2023-05-03 16:00:00+00:00,2023-05-03 20:00:00+00:00,2023-05-04 20:00:00+00:00,17.161992136182825,16.91,17.161992136182825,16.720879354966687,-0.014683151826619611,-0.016201484058230187,0.0015183322316105752,7.710732744665526,6
BTC,long,1,2023-05-03 16:00:00+00:00,2023-05-03 20:00:00+00:00,2023-05-04 20:00:00+00:00,28600.67574522524,28894.9,28600.67574522524,28050.99108135362,0.010287318292606429,0.009274919978742302,0.0010123983138641268,5.012959217987713,6
ETH,long,1,2023-05-03 16:00:00+00:00,2023-05-03 20:00:00+00:00,2023-05-04 20:00:00+00:00,1883.7253646886772,1876.69,1883.7253646886772,1852.6835838284649,-0.003734814437687417,-0.0047389268542711305,0.0010041124165837134,5.041924062981029,6
LINK,long,1,2023-05-03 16:00:00+00:00,2023-05-03 20:00:00+00:00,2023-05-04 20:00:00+00:00,7.079519947533182,6.986,7.079519947533182,6.907537426607527,-0.01320992782367525,-0.01449915300336202,0.0012892251796867704,6.536688716426203,6
DOT,short,-1,2023-05-04 08:00:00+00:00,2023-05-04 12:00:00+00:00,2023-05-05 12:00:00+00:00,5.67727697334393,5.756,5.82568036671273,5.67727697334393,-0.013676689829060118,-0.015459666014811524,0.001782976185751406,9.046674492363598,6
SOL,short,-1,2023-05-04 08:00:00+00:00,2023-05-04 12:00:00+00:00,2023-05-05 12:00:00+00:00,21.78193716530663,22.029,22.728120838972718,21.78193716530663,-0.011215344985853637,-0.01240135794918007,0.0011860129633264327,6.000925858297193,6
BNB,long,1,2023-05-04 20:00:00+00:00,2023-05-05 00:00:00+00:00,2023-05-06 00:00:00+00:00,325.82178460745223,326.4,325.82178460745223,321.92990725396976,0.0017746369944058316,0.0004819957374075923,0.0012926412569982393,6.455921962584254,6
ADA,short,-1,2023-05-05 08:00:00+00:00,2023-05-05 12:00:00+00:00,2023-05-06 12:00:00+00:00,0.3829703302947368,0.38691,0.3950230358147384,0.3829703302947368,-0.010182393076589302,-0.012157832978001992,0.00197543990141269,9.988775255673833,6
AVAX,short,-1,2023-05-05 08:00:00+00:00,2023-05-05 12:00:00+00:00,2023-05-06 12:00:00+00:00,16.803585459822827,16.97,17.279740725230997,16.803585459822827,-0.009806396003368967,-0.011332243112621376,0.0015258471092524095,7.710732744665526,6
BTC,short,-1,2023-05-05 08:00:00+00:00,2023-05-05 12:00:00+00:00,2023-05-06 12:00:00+00:00,28747.858408119464,29275.8,29566.487924886114,28747.858408119464,-0.01803337882758238,-0.0190173972682236,0.0009840184406412211,5.012959217987713,6
XRP,short,-1,2023-05-05 08:00:00+00:00,2023-05-05 12:00:00+00:00,2023-05-06 12:00:00+00:00,0.4559063018980381,0.46158,0.46627195701177654,0.4559063018980381,-0.012291906282685283,-0.013425689818836295,0.0011337835361510118,5.742762706652812,6
ETH,long,1,2023-05-05 12:00:00+00:00,2023-05-05 16:00:00+00:00,2023-05-06 16:00:00+00:00,1981.287588296428,1877.39,1981.287588296428,1925.5303100042531,-0.05243942823351677,-0.053394452407164894,0.0009550241736481224,5.041924062981029,6
LINK,long,1,2023-05-05 12:00:00+00:00,2023-05-05 16:00:00+00:00,2023-05-06 16:00:00+00:00,7.241924314506713,6.906,7.241924314506713,7.0434544445352225,-0.04638605706411547,-0.047631938170541566,0.0012458811064260944,6.536688716426203,6
SOL,long,1,2023-05-05 20:00:00+00:00,2023-05-06 00:00:00+00:00,2023-05-07 00:00:00+00:00,23.208674760065726,21.92,23.208674760065726,22.43193523034771,-0.05552556418615928,-0.05665842857551384,0.0011328643893545598,6.000925858297193,6
BNB,short,-1,2023-05-06 04:00:00+00:00,2023-05-06 08:00:00+00:00,2023-05-07 08:00:00+00:00,323.4268329215261,323.86,326.42006059409255,323.4268329215261,-0.0013375133652624438,-0.002626138854837423,0.0012886254895749794,6.455921962584254,6
DOT,short,-1,2023-05-06 08:00:00+00:00,2023-05-06 12:00:00+00:00,2023-05-07 12:00:00+00:00,5.712937631181601,5.659,5.857971355636559,5.712937631181601,0.00953130079194242,0.007706371532417267,0.0018249292595251543,9.046674492363598,6
ADA,short,-1,2023-05-07 16:00:00+00:00,2023-05-07 20:00:00+00:00,2023-05-08 20:00:00+00:00,0.37372316060570815,0.3611,0.38473680856964226,0.37372316060570815,0.034957520370280104,0.03289199196615189,0.002065528404128214,9.988775255673833,6
BNB,short,-1,2023-05-07 16:00:00+00:00,2023-05-07 20:00:00+00:00,2023-05-08 20:00:00+00:00,320.6752608354884,311.56,326.4505101742317,320.6752608354884,0.029256839246014854,0.027928736292192058,0.0013281029538227962,6.455921962584254,6
BTC,short,-1,2023-05-07 16:00:00+00:00,2023-05-07 20:00:00+00:00,2023-05-08 20:00:00+00:00,28563.48228067467,27342.3,29260.72149702395,28563.48228067467,0.044662748952160936,0.04361590338016752,0.0010468455719934155,5.012959217987713,6
ETH,short,-1,2023-05-07 16:00:00+00:00,2023-05-07 20:00:00+00:00,2023-05-08 20:00:00+00:00,1881.9834050243664,1829.32,1945.1783754451342,1881.9834050243664,0.028788514324648684,0.027751622404462717,0.0010368919201859672,5.041924062981029,6
SOL,short,-1,2023-05-07 16:00:00+00:00,2023-05-07 20:00:00+00:00,2023-05-08 20:00:00+00:00,21.989633601302135,20.389,22.9077548600069,21.989633601302135,0.07850476243573179,0.07721113330953955,0.0012936291261922417,6.000925858297193,6
XRP,short,-1,2023-05-07 16:00:00+00:00,2023-05-07 20:00:00+00:00,2023-05-08 20:00:00+00:00,0.45130694235561974,0.42006,0.4597118294194496,0.45130694235561974,0.07438685510550824,0.07315357359700991,0.0012332815084983295,5.742762706652812,6
AVAX,short,-1,2023-05-07 20:00:00+00:00,2023-05-08 00:00:00+00:00,2023-05-09 00:00:00+00:00,16.149895420933944,15.4,16.674293732635647,16.149895420933944,0.048694507852853564,0.04707851328690449,0.0016159945659490749,7.710732744665526,6
DOT,short,-1,2023-05-07 20:00:00+00:00,2023-05-08 00:00:00+00:00,2023-05-09 00:00:00+00:00,5.538258207114822,5.367,5.72122855508876,5.538258207114822,0.031909485208649446,0.030044102915637527,0.001865382293011919,9.046674492363598,6
LINK,short,-1,2023-05-07 20:00:00+00:00,2023-05-08 00:00:00+00:00,2023-05-09 00:00:00+00:00,6.8199012705360875,6.582,6.997236779096198,6.8199012705360875,0.036144222202383336,0.034790516628406376,0.00135370557397696,6.536688716426203,6
BTC,long,1,2023-05-09 12:00:00+00:00,2023-05-09 16:00:00+00:00,2023-05-10 16:00:00+00:00,27755.88151751037,28153.8,27755.88151751037,27051.643154490186,0.014336366230652597,0.013319910408363667,0.0010164558222889308,5.012959217987713,6
ADA,long,1,2023-05-10 08:00:00+00:00,2023-05-10 12:00:00+00:00,2023-05-11 12:00:00+00:00,0.36522110764298965,0.35908,0.36522110764298965,0.35164741087621304,-0.016814766492063482,-0.01877696975776233,0.0019622032656988475,9.988775255673833,6
AVAX,long,1,2023-05-10 08:00:00+00:00,2023-05-10 12:00:00+00:00,2023-05-11 12:00:00+00:00,15.468629297703213,15.31,15.468629297703213,14.975366953450441,-0.010254903304636409,-0.011780059282814559,0.0015251559781781499,7.710732744665526,6
BNB,long,1,2023-05-10 08:00:00+00:00,2023-05-10 12:00:00+00:00,2023-05-11 12:00:00+00:00,314.8975902305725,311.87,314.8975902305725,308.5942729153521,-0.009614523338700942,-0.010892468577268222,0.0012779452385672796,6.455921962584254,6
DOT,long,1,2023-05-10 08:00:00+00:00,2023-05-10 12:00:00+00:00,2023-05-11 12:00:00+00:00,5.399489986730218,5.368,5.399489986730218,5.2693043361359155,-0.005832029841264186,-0.00762918681520075,0.0017971569739365645,9.046674492363598,6
ETH,long,1,2023-05-10 08:00:00+00:00,2023-05-10 12:00:00+00:00,2023-05-11 12:00:00+00:00,1870.6582092914614,1820.95,1870.6582092914614,1829.6886019046765,-0.026572576991651053,-0.027553671760644827,0.0009810947689937732,5.041924062981029,6
LINK,long,1,2023-05-10 08:00:00+00:00,2023-05-10 12:00:00+00:00,2023-05-11 12:00:00+00:00,6.639415766039642,6.455,6.639415766039642,6.440102940790092,-0.027775902660430063,-0.02904609763090038,0.0012701949704703175,6.536688716426203,6
SOL,long,1,2023-05-10 08:00:00+00:00,2023-05-10 12:00:00+00:00,2023-05-11 12:00:00+00:00,21.152841202952306,20.504,21.152841202952306,20.348945319928163,-0.03067395045076715,-0.03183662349046856,0.0011626730397014118,6.000925858297193,6
XRP,short,-1,2023-05-10 12:00:00+00:00,2023-05-10 16:00:00+00:00,2023-05-11 16:00:00+00:00,0.42159755290664047,0.41948,0.43785624756906033,0.42159755290664047,0.0050480425923535854,0.0038943546444867305,0.001153687947866855,5.742762706652812,6
BTC,short,-1,2023-05-11 08:00:00+00:00,2023-05-11 12:00:00+00:00,2023-05-12 12:00:00+00:00,27037.548485917763,26349.6,27779.472550597446,27037.548485917763,0.02610849826630246,0.025080245714105498,0.001028252552196962,5.012959217987713,6
ADA,long,1,2023-05-11 16:00:00+00:00,2023-05-11 20:00:00+00:00,2023-05-12 20:00:00+00:00,0.3602262821395715,0.36074,0.3602262821395715,0.3473705107155868,0.0014260976666591318,-0.000572510013998051,0.001998607680657183,9.988775255673833,6
LINK,long,1,2023-05-11 16:00:00+00:00,2023-05-11 20:00:00+00:00,2023-05-12 20:00:00+00:00,6.379272703404642,6.479,6.379272703404642,6.241479530848397,0.015633019817781646,0.014306111796116516,0.0013269080216651297,6.536688716426203,6
SOL,long,1,2023-05-11 16:00:00+00:00,2023-05-11 20:00:00+00:00,2023-05-12 20:00:00+00:00,20.299007030664168,20.495,20.299007030664168,19.70933865856736,0.009655298362119868,0.008444251784610612,0.001211046577509256,6.000925858297193,6
AVAX,short,-1,2023-05-11 20:00:00+00:00,2023-05-12 00:00:00+00:00,2023-05-13 00:00:00+00:00,14.743700155384442,15.17,15.159186475884496,14.743700155384442,-0.028101505907419777,-0.029599161014170705,0.001497655106750928,7.710732744665526,6
BNB,short,-1,2023-05-11 20:00:00+00:00,2023-05-12 00:00:00+00:00,2023-05-13 00:00:00+00:00,304.7211165112545,308.54,310.1427872213428,304.7211165112545,-0.01237727195418925,-0.013651652276345794,0.001274380322156543,6.455921962584254,6
DOT,short,-1,2023-05-11 20:00:00+00:00,2023-05-12 00:00:00+00:00,2023-05-13 00:00:00+00:00,5.184252583477236,5.339,5.369371100612816,5.184252583477236,-0.02898434473174083,-0.03073964927689543,0.0017553045451546012,9.046674492363598,6
ETH,short,-1,2023-05-11 20:00:00+00:00,2023-05-12 00:00:00+00:00,2023-05-13 00:00:00+00:00,1774.3801756257958,1807.45,1814.6254767326932,1774.3801756257958,-0.018296397894383976,-0.019285834031031568,0.0009894361366475923,5.041924062981029,6
XRP,short,-1,2023-05-11 20:00:00+00:00,2023-05-12 00:00:00+00:00,2023-05-13 00:00:00+00:00,0.41624231062274597,0.43054,0.4250033105364298,0.41624231062274597,-0.033208736417647655,-0.03431850966393035,0.001109773246282697,5.742762706652812,6
BTC,long,1,2023-05-12 16:00:00+00:00,2023-05-12 20:00:00+00:00,2023-05-13 20:00:00+00:00,26714.401507153256,26835.1,26714.401507153256,26200.890211692687,0.004518105816984974,0.0035114887703673325,0.0010066170466176416,5.012959217987713,6
BNB,long,1,2023-05-13 16:00:00+00:00,2023-05-13 20:00:00+00:00,2023-05-14 20:00:00+00:00,311.8508819025027,310.92,311.8508819025027,307.6831369359356,-0.0029850225108348782,-0.004271522134756678,0.0012864996239217996,6.455921962584254,6
ADA,long,1,2023-05-14 08:00:00+00:00,2023-05-14 12:00:00+00:00,2023-05-15 12:00:00+00:00,0.3725327465223381,0.36959,0.3725327465223381,0.3613721192478515,-0.007899296235858944,-0.009879292654115135,0.0019799964182561913,9.988775255673833,6
AVAX,long,1,2023-05-14 08:00:00+00:00,2023-05-14 12:00:00+00:00,2023-05-15 12:00:00+00:00,15.126292220219252,15.23,15.126292220219252,14.81532266714015,0.006856126952388353,0.005304603589136869,0.0015515233632514835,7.710732744665526,6
BTC,long,1,2023-05-14 08:00:00+00:00,2023-05-14 12:00:00+00:00,2023-05-15 12:00:00+00:00,26975.820019443905,27339.1,26975.820019443905,26635.261670714983,0.013466874419174157,0.012451289905500262,0.001015584513673895,5.012959217987713,6
DOT,long,1,2023-05-14 08:00:00+00:00,2023-05-14 12:00:00+00:00,2023-05-15 12:00:00+00:00,5.409773388831139,5.381,5.409773388831139,5.320597173150544,-0.0053187789511744965,-0.007116863728504619,0.0017980847773301223,9.046674492363598,6
ETH,long,1,2023-05-14 08:00:00+00:00,2023-05-14 12:00:00+00:00,2023-05-15 12:00:00+00:00,1816.5751496016255,1824.72,1816.5751496016255,1787.9584474180863,0.004483629757987551,0.0034712341634091093,0.0010123955945784413,5.041924062981029,6
LINK,long,1,2023-05-14 08:00:00+00:00,2023-05-14 12:00:00+00:00,2023-05-15 12:00:00+00:00,6.61246201199848,6.637,6.61246201199848,6.458445420557195,0.003710870165604563,0.0023995382385526565,0.0013113319270519064,6.536688716426203,6
SOL,long,1,2023-05-14 08:00:00+00:00,2023-05-14 12:00:00+00:00,2023-05-15 12:00:00+00:00,21.246083487776144,21.288,21.246083487776144,20.693556261932,0.0019729053709109934,0.0007710735578405625,0.0012018318130704309,6.000925858297193,6
XRP,long,1,2023-05-14 08:00:00+00:00,2023-05-14 12:00:00+00:00,2023-05-15 12:00:00+00:00,0.4301434460664595,0.4255,0.4301434460664595,0.4223917954847278,-0.01079511058211513,-0.011930612280072195,0.0011355016979570642,5.742762706652812,6
ADA,short,-1,2023-05-15 16:00:00+00:00,2023-05-15 20:00:00+00:00,2023-05-16 20:00:00+00:00,0.36556087215117555,0.36502,0.3743918261673287,0.36556087215117555,0.0014817603177237348,-0.0005169584523109227,0.0019987187700346576,9.988775255673833,6
BTC,short,-1,2023-05-15 16:00:00+00:00,2023-05-15 20:00:00+00:00,2023-05-16 20:00:00+00:00,27192.869438680264,26928.6,27650.641074695333,27192.869438680264,0.009813708795862519,0.008801785081102187,0.0010119237147603322,5.012959217987713,6
LINK,short,-1,2023-05-15 16:00:00+00:00,2023-05-15 20:00:00+00:00,2023-05-16 20:00:00+00:00,6.613342590160428,6.617,6.747329265293292,6.613342590160428,-0.0005527293092899566,-0.0018584909129731875,0.001305761603683231,6.536688716426203,6
AVAX,short,-1,2023-05-15 20:00:00+00:00,2023-05-16 00:00:00+00:00,2023-05-17 00:00:00+00:00,14.900051055847234,14.89,15.241887369968246,14.900051055847234,0.0006750205404455478,-0.0008669779952245049,0.0015419985356700527,7.710732744665526,6
BNB,short,-1,2023-05-15 20:00:00+00:00,2023-05-16 00:00:00+00:00,2023-05-17 00:00:00+00:00,311.03749796311996,311.29,315.6796950303474,311.03749796311996,-0.000811147280285418,-0.0021004519670495547,0.0012893046867641367,6.455921962584254,6
DOT,short,-1,2023-05-15 20:00:00+00:00,2023-05-16 00:00:00+00:00,2023-05-17 00:00:00+00:00,5.254986729432567,5.296,5.371653717391603,5.254986729432567,-0.00774419761469658,-0.009537897963844744,0.001793700349148164,9.046674492363598,6
ETH,short,-1,2023-05-15 20:00:00+00:00,2023-05-16 00:00:00+00:00,2023-05-17 00:00:00+00:00,1797.7074892687438,1824.5,1835.4283333614903,1797.7074892687438,-0.01468485104481021,-0.015677927175193673,0.0009930761303834634,5.041924062981029,6
SOL,short,-1,2023-05-15 20:00:00+00:00,2023-05-16 00:00:00+00:00,2023-05-17 00:00:00+00:00,20.710997222595417,20.678,21.26465429291431,20.710997222595417,0.0015957647062296854,0.00039438526033030996,0.0012013794458993754,6.000925858297193,6
XRP,short,-1,2023-05-15 20:00:00+00:00,2023-05-16 00:00:00+00:00,2023-05-17 00:00:00+00:00,0.4237572765352845,0.44251,0.4305900469529916,0.4237572765352845,-0.04237807838176655,-0.04347732620153655,0.0010992478197699995,5.742762706652812,6
ADA,short,-1,2023-05-17 00:00:00+00:00,2023-05-17 04:00:00+00:00,2023-05-18 04:00:00+00:00,0.36850747762444036,0.37716,0.3770009059126511,0.36850747762444036,-0.022941251393466033,-0.024891227656285708,0.0019499762628196748,9.988775255673833,6
BTC,short,-1,2023-05-17 00:00:00+00:00,2023-05-17 04:00:00+00:00,2023-05-18 04:00:00+00:00,26874.114705517393,27370.3,27257.442562735283,26874.114705517393,-0.018128602700102192,-0.019112525717900564,0.0009839230177983715,5.012959217987713,6
LINK,short,-1,2023-05-17 00:00:00+00:00,2023-05-17 04:00:00+00:00,2023-05-18 04:00:00+00:00,6.6312928782541105,6.755,6.751244715312126,6.6312928782541105,-0.018313415506423292,-0.019595973062457972,0.0012825575560346802,6.536688716426203,6
BNB,short,-1,2023-05-17 04:00:00+00:00,2023-05-17 08:00:00+00:00,2023-05-18 08:00:00+00:00,307.82426406113774,313.17,311.46644626090176,307.82426406113774,-0.017069757444398537,-0.018338082811559686,0.0012683253671611494,6.455921962584254,6
DOT,short,-1,2023-05-17 04:00:00+00:00,2023-05-17 08:00:00+00:00,2023-05-18 08:00:00+00:00,5.250258755353122,5.435,5.3441573658426025,5.250258755353122,-0.03399102937385057,-0.03573728333752313,0.0017462539636725616,9.046674492363598,6
ETH,short,-1,2023-05-17 04:00:00+00:00,2023-05-17 08:00:00+00:00,2023-05-18 08:00:00+00:00,1796.9993386359492,1827.09,1819.0881264215316,1796.9993386359492,-0.016469173036933404,-0.017460450790847126,0.0009912777539137219,5.041924062981029,6
AVAX,long,1,2023-05-17 12:00:00+00:00,2023-05-17 16:00:00+00:00,2023-05-18 16:00:00+00:00,14.862719082838327,14.82,14.862719082838327,14.578651375453504,-0.0028742441137606933,-0.004410773380400079,0.001536529266639386,7.710732744665526,6
SOL,long,1,2023-05-17 12:00:00+00:00,2023-05-17 16:00:00+00:00,2023-05-18 16:00:00+00:00,20.900082495216168,20.517,20.900082495216168,20.296341705689166,-0.018329233643161524,-0.019506713743316695,0.0011774801001551705,6.000925858297193,6
XRP,long,1,2023-05-18 04:00:00+00:00,2023-05-18 08:00:00+00:00,2023-05-19 08:00:00+00:00,0.4614368544499706,0.45984,0.4614368544499706,0.43507093476376474,-0.0034606131577288313,-0.004604534076383615,0.0011439209186547838,5.742762706652812,6
BTC,short,-1,2023-05-18 08:00:00+00:00,2023-05-18 12:00:00+00:00,2023-05-19 12:00:00+00:00,27086.5474590853,26858.0,27717.079894882725,27086.5474590853,0.008509474238040937,0.007498857483036803,0.0010106167550041345,5.012959217987713,6
ADA,short,-1,2023-05-18 12:00:00+00:00,2023-05-18 16:00:00+00:00,2023-05-19 16:00:00+00:00,0.36696941907941605,0.36944,0.380941094357912,0.36696941907941605,-0.006687367151862134,-0.008669782291561123,0.0019824151396989897,9.988775255673833,6
BNB,short,-1,2023-05-18 12:00:00+00:00,2023-05-18 16:00:00+00:00,2023-05-19 16:00:00+00:00,308.0306932145575,309.72,314.38171011272254,308.0306932145575,-0.005454303194635468,-0.006737616578889272,0.0012833133842538036,6.455921962584254,6
DOT,short,-1,2023-05-18 12:00:00+00:00,2023-05-18 16:00:00+00:00,2023-05-19 16:00:00+00:00,5.291460349618464,5.364,5.4598585439808,5.291460349618464,-0.013523424754201319,-0.015306677997156792,0.0017832532429554737,9.046674492363598,6
ETH,short,-1,2023-05-18 12:00:00+00:00,2023-05-18 16:00:00+00:00,2023-05-19 16:00:00+00:00,1788.786719665503,1815.56,1828.3900894633157,1788.786719665503,-0.014746568736090815,-0.015739582662654406,0.0009930139265635907,5.041924062981029,6
LINK,short,-1,2023-05-18 12:00:00+00:00,2023-05-18 16:00:00+00:00,2023-05-19 16:00:00+00:00,6.535713991230032,6.511,6.743918271078563,6.535713991230032,0.003795728955618527,0.002484286161937632,0.0013114427936808948,6.536688716426203,6
ADA,short,-1,2023-05-19 20:00:00+00:00,2023-05-20 00:00:00+00:00,2023-05-21 00:00:00+00:00,0.36499392436379374,0.36623,0.3710106691119292,0.36499392436379374,-0.003375134850247763,-0.00536416041575194,0.0019890255655041766,9.988775255673833,6
SOL,short,-1,2023-05-19 20:00:00+00:00,2023-05-20 00:00:00+00:00,2023-05-21 00:00:00+00:00,20.19404292869522,20.275,20.505146119680685,20.19404292869522,-0.003992950495919967,-0.00518762647140758,0.0011946759754876135,6.000925858297193,6
BNB,long,1,2023-05-20 12:00:00+00:00,2023-05-20 16:00:00+00:00,2023-05-21 16:00:00+00:00,312.029389747984,309.36,312.029389747984,308.24217224435796,-0.008554930515167092,-0.009834243000766296,0.0012793124855992044,6.455921962584254,6
BTC,long,1,2023-05-20 12:00:00+00:00,2023-05-20 16:00:00+00:00,2023-05-21 16:00:00+00:00,27113.11380907213,26901.5,27113.11380907213,26767.79277808951,-0.007804850839423727,-0.00879911918056464,0.0009942683411409137,5.012959217987713,6
ETH,long,1,2023-05-20 12:00:00+00:00,2023-05-20 16:00:00+00:00,2023-05-21 16:00:00+00:00,1825.1939932365804,1807.63,1825.1939932365804,1808.8029725243966,-0.009623082971818464,-0.010621260740044658,0.0009981777682261939,5.041924062981029,6
LINK,long,1,2023-05-20 20:00:00+00:00,2023-05-21 00:00:00+00:00,2023-05-22 00:00:00+00:00,6.52582584632765,6.43,6.52582584632765,6.4802539932624414,-0.014684094945864312,-0.01597139415018234,0.0012872992043180265,6.536688716426203,6
ADA,short,-1,2023-05-21 04:00:00+00:00,2023-05-21 08:00:00+00:00,2023-05-22 08:00:00+00:00,0.36348750556901516,0.36293,0.36649870506953647,0.36348750556901516,0.001536124236120484,-0.00046270303133133517,0.0019988272674518193,9.988775255673833,6
AVAX,short,-1,2023-05-21 04:00:00+00:00,2023-05-21 08:00:00+00:00,2023-05-22 08:00:00+00:00,14.560729246661168,14.34,14.679512020252174,14.560729246661168,0.01539255555517216,0.01382787791092488,0.001564677644247281,7.710732744665526,6
DOT,short,-1,2023-05-21 04:00:00+00:00,2023-05-21 08:00:00+00:00,2023-05-22 08:00:00+00:00,5.354562033382671,5.289,5.413599808776064,5.354562033382671,0.012395922363900969,0.010565814729302181,0.0018301076345987877,9.046674492363598,6
SOL,short,-1,2023-05-21 04:00:00+00:00,2023-05-21 08:00:00+00:00,2023-05-22 08:00:00+00:00,20.21144281190877,19.697,20.36484717248784,20.21144281190877,0.026117825654098148,0.024887032845011925,0.001230792809086223,6.000925858297193,6
XRP,short,-1,2023-05-21 04:00:00+00:00,2023-05-21 08:00:00+00:00,2023-05-22 08:00:00+00:00,0.4664543570888347,0.46121,0.47178076215952147,0.4664543570888347,0.011370865958749254,0.010209920084091717,0.0011609458746575374,5.742762706652812,6
BNB,short,-1,2023-05-21 20:00:00+00:00,2023-05-22 00:00:00+00:00,2023-05-23 00:00:00+00:00,304.7123796108365,309.08,308.05674688991775,304.7123796108365,-0.014131035295598227,-0.015403152646856655,0.0012721173512584283,6.455921962584254,6
BTC,short,-1,2023-05-21 20:00:00+00:00,2023-05-22 00:00:00+00:00,2023-05-23 00:00:00+00:00,26594.67894145386,26849.9,26901.60151453548,26594.67894145386,-0.009505475199019009,-0.010498039362345168,0.0009925641633261595,5.012959217987713,6
ETH,short,-1,2023-05-21 20:00:00+00:00,2023-05-22 00:00:00+00:00,2023-05-23 00:00:00+00:00,1799.5423029716135,1817.58,1810.4140677994342,1799.5423029716135,-0.009924018215641928,-0.010921892678262934,0.0009978744626210068,5.041924062981029,6
LINK,long,1,2023-05-22 04:00:00+00:00,2023-05-22 08:00:00+00:00,2023-05-23 08:00:00+00:00,6.5071882080753,6.549,6.5071882080753,6.438991413834198,0.006425477577675087,0.005110599060190957,0.0013148785174841304,6.536688716426203,6
AVAX,long,1,2023-05-22 12:00:00+00:00,2023-05-22 16:00:00+00:00,2023-05-23 16:00:00+00:00,14.720856168774182,14.78,14.720856168774182,14.440491610190186,0.004017689633519561,0.0024705401839755226,0.0015471494495440385,7.710732744665526,6
ADA,long,1,2023-05-22 20:00:00+00:00,2023-05-23 00:00:00+00:00,2023-05-24 00:00:00+00:00,0.371085992361454,0.37037,0.371085992361454,0.36462240123633066,-0.001929451329859444,-0.003921362134917894,0.00199191080505845,9.988775255673833,6
DOT,long,1,2023-05-22 20:00:00+00:00,2023-05-23 00:00:00+00:00,2023-05-24 00:00:00+00:00,5.34725848043642,5.401,5.34725848043642,5.273001128177883,0.010050293951601619,0.008224426508384841,0.0018258674432167776,9.046674492363598,6
SOL,long,1,2023-05-22 20:00:00+00:00,2023-05-23 00:00:00+00:00,2023-05-24 00:00:00+00:00,19.759357357046696,20.027,19.759357357046696,19.275639845856137,0.01354510868532155,0.012329396414989313,0.0012157122703322365,6.000925858297193,6
XRP,long,1,2023-05-22 20:00:00+00:00,2023-05-23 00:00:00+00:00,2023-05-24 00:00:00+00:00,0.46660637167069463,0.46495,0.46660637167069463,0.45656820509590124,-0.003549826516007437,-0.004693645027242899,0.0011438185112354615,5.742762706652812,6
LINK,short,-1,2023-05-23 12:00:00+00:00,2023-05-23 16:00:00+00:00,2023-05-24 16:00:00+00:00,6.488472023911864,6.271,6.610092613783393,6.488472023911864,0.03467900237790844,0.0333272110898013,0.0013517912881071403,6.536688716426203,6
AVAX,short,-1,2023-05-23 20:00:00+00:00,2023-05-24 00:00:00+00:00,2023-05-25 00:00:00+00:00,14.553237048652257,14.13,14.888673858306056,14.553237048652257,0.029953081999452014,0.02836596719029627,0.001587114809155743,7.710732744665526,6
BNB,short,-1,2023-05-23 20:00:00+00:00,2023-05-24 00:00:00+00:00,2023-05-25 00:00:00+00:00,310.5585116678841,305.85,316.3078541059306,310.5585116678841,0.015394839522262727,0.014084623418521458,0.0013102161037412685,6.455921962584254,6
BTC,short,-1,2023-05-23 20:00:00+00:00,2023-05-24 00:00:00+00:00,2023-05-25 00:00:00+00:00,26969.48660548738,26327.5,27488.78943283847,26969.48660548738,0.024384639843789913,0.0233581147520181,0.0010265250917718127,5.012959217987713,6
ETH,short,-1,2023-05-23 20:00:00+00:00,2023-05-24 00:00:00+00:00,2023-05-25 00:00:00+00:00,1831.8336203733477,1799.55,1876.1107490207316,1831.8336203733477,0.017939829609262103,0.016913871825071425,0.0010259577841906786,5.041924062981029,6
ADA,short,-1,2023-05-24 08:00:00+00:00,2023-05-24 12:00:00+00:00,2023-05-25 12:00:00+00:00,0.3608722369752056,0.35816,0.37008583320078475,0.3608722369752056,0.007572696490969477,0.00556182166483965,0.002010874826129827,9.988775255673833,6
DOT,short,-1,2023-05-24 08:00:00+00:00,2023-05-24 12:00:00+00:00,2023-05-25 12:00:00+00:00,5.215720519296752,5.267,5.361281130103634,5.215720519296752,-0.009735994057954778,-0.0115260938376055,0.0017900997796507223,9.046674492363598,6
SOL,short,-1,2023-05-24 08:00:00+00:00,2023-05-24 12:00:00+00:00,2023-05-25 12:00:00+00:00,19.07221050203526,19.392,19.77616810383622,19.07221050203526,-0.016490795068313635,-0.017670480311894887,0.0011796852435812522,6.000925858297193,6
XRP,short,-1,2023-05-24 08:00:00+00:00,2023-05-24 12:00:00+00:00,2023-05-25 12:00:00+00:00,0.45177870494487105,0.45198,0.46153338928501253,0.45177870494487105,-0.00044536274863704595,-0.0015927448531348753,0.0011473821044978294,5.742762706652812,6
LINK,short,-1,2023-05-24 20:00:00+00:00,2023-05-25 00:00:00+00:00,2023-05-26 00:00:00+00:00,6.238219635525307,6.278,6.402852469723365,6.238219635525307,-0.006336470926201376,-0.007634676165531595,0.001298205239330219,6.536688716426203,6
AVAX,short,-1,2023-05-25 08:00:00+00:00,2023-05-25 12:00:00+00:00,2023-05-26 12:00:00+00:00,13.993691471820995,14.12,14.348529864641314,13.993691471820995,-0.008945363185481892,-0.010472537110450597,0.0015271739249687055,7.710732744665526,6
ETH,long,1,2023-05-25 08:00:00+00:00,2023-05-25 12:00:00+00:00,2023-05-26 12:00:00+00:00,1808.8399326200638,1812.18,1808.8399326200638,1770.841747705272,0.001846524570639163,0.0008367868527996425,0.0010097377178395206,5.041924062981029,6
BTC,long,1,2023-05-25 12:00:00+00:00,2023-05-25 16:00:00+00:00,2023-05-26 16:00:00+00:00,26505.692520706583,26755.8,26505.692520706583,25956.977108691644,0.009435991121455434,0.00842444591361069,0.001011545207844744,5.012959217987713,6
ADA,short,-1,2023-05-25 20:00:00+00:00,2023-05-26 00:00:00+00:00,2023-05-27 00:00:00+00:00,0.35372851985722076,0.3626,0.36236354493479345,0.35372851985722076,-0.024466299345778375,-0.026413231976563756,0.0019469326307853807,9.988775255673833,6
XRP,long,1,2023-05-25 20:00:00+00:00,2023-05-26 00:00:00+00:00,2023-05-27 00:00:00+00:00,0.45874438705879045,0.46824,0.45874438705879045,0.44861218644976225,0.020699137055583572,0.01952748332072174,0.0011716537348618328,5.742762706652812,6
SOL,short,-1,2023-05-26 00:00:00+00:00,2023-05-26 04:00:00+00:00,2023-05-27 04:00:00+00:00,19.109841081317395,19.474,19.46983857253252,19.109841081317395,-0.01869974934182017,-0.019876785021221366,0.001177035679401195,6.000925858297193,6
BNB,long,1,2023-05-26 08:00:00+00:00,2023-05-26 12:00:00+00:00,2023-05-27 12:00:00+00:00,308.39944614286657,305.26,308.39944614286657,304.2943065355782,-0.010179804737432074,-0.011457020564382248,0.0012772158269501732,6.455921962584254,6
DOT,long,1,2023-05-26 08:00:00+00:00,2023-05-26 12:00:00+00:00,2023-05-27 12:00:00+00:00,5.2637042716270255,5.279,5.2637042716270255,5.188565806634511,0.002905886726088047,0.0010929342244661022,0.001812952501621945,9.046674492363598,6
LINK,long,1,2023-05-26 08:00:00+00:00,2023-05-26 12:00:00+00:00,2023-05-27 12:00:00+00:00,6.374406698667889,6.372,6.374406698667889,6.252184851702136,-0.00037755649767257093,-0.0016835469617850762,0.0013059904641125053,6.536688716426203,6
AVAX,long,1,2023-05-26 20:00:00+00:00,2023-05-27 00:00:00+00:00,2023-05-28 00:00:00+00:00,14.44188706113138,14.56,14.44188706113138,14.218979772572249,0.00817849761382683,0.006624936532453107,0.0015535610813737222,7.710732744665526,6
ETH,short,-1,2023-05-27 08:00:00+00:00,2023-05-27 12:00:00+00:00,2023-05-28 12:00:00+00:00,1813.7611697170285,1843.63,1839.5901360158418,1813.7611697170285,-0.016201097987650237,-0.01719264592814629,0.0009915479404960514,5.041924062981029,6
BNB,long,1,2023-05-27 16:00:00+00:00,2023-05-27 20:00:00+00:00,2023-05-28 20:00:00+00:00,306.670111645672,309.24,306.670111645672,303.8165574728414,0.008379976583101856,0.007078812117236488,0.0013011644658653676,6.455921962584254,6
BTC,long,1,2023-05-27 16:00:00+00:00,2023-05-27 20:00:00+00:00,2023-05-28 20:00:00+00:00,26870.12536301307,27528.6,26870.12536301307,26591.799134050525,0.024505826753354887,0.023479180221453566,0.0010266465319013207,5.012959217987713,6
SOL,long,1,2023-05-27 16:00:00+00:00,2023-05-27 20:00:00+00:00,2023-05-28 20:00:00+00:00,19.792635179333086,20.763,19.792635179333086,19.554087947021962,0.049026560226813176,0.047768289183675705,0.001258271043137471,6.000925858297193,6
ADA,long,1,2023-05-27 20:00:00+00:00,2023-05-28 00:00:00+00:00,2023-05-29 00:00:00+00:00,0.3700072678340579,0.38272,0.3700072678340579,0.36356105567183095,0.0343580606952929,0.03229372866972269,0.0020643320255702147,9.988775255673833,6
DOT,long,1,2023-05-27 20:00:00+00:00,2023-05-28 00:00:00+00:00,2023-05-29 00:00:00+00:00,5.368587526557195,5.504,5.368587526557195,5.29963530616881,0.025223109947067,0.02336981461148313,0.001853295335583871,9.046674492363598,6
LINK,long,1,2023-05-27 20:00:00+00:00,2023-05-28 00:00:00+00:00,2023-05-29 00:00:00+00:00,6.461367399939281,6.635,6.461367399939281,6.408740199541838,0.026872423329828088,0.025530831210277327,0.0013415921195507607,6.536688716426203,6
AVAX,short,-1,2023-05-28 04:00:00+00:00,2023-05-28 08:00:00+00:00,2023-05-29 08:00:00+00:00,14.580843659794084,14.71,14.860484417474375,14.580843659794084,-0.008780172685650345,-0.010307601162300228,0.0015274284766498836,7.710732744665526,6
XRP,long,1,2023-05-28 12:00:00+00:00,2023-05-28 16:00:00+00:00,2023-05-29 16:00:00+00:00,0.4753750609897717,0.4788,0.4753750609897717,0.46928457276558727,0.007204709062981207,0.006048545492050694,0.001156163570930513,5.742762706652812,6
ETH,long,1,2023-05-28 16:00:00+00:00,2023-05-28 20:00:00+00:00,2023-05-29 20:00:00+00:00,1860.0571224605837,1891.84,1860.0571224605837,1837.034561379396,0.017087043809370872,0.016061945528074384,0.0010250982812964882,5.041924062981029,6
BNB,long,1,2023-05-29 04:00:00+00:00,2023-05-29 08:00:00+00:00,2023-05-30 08:00:00+00:00,317.0246652941392,312.11,317.0246652941392,312.0152812344241,-0.015502469782845751,-0.01677281750175974,0.001270347718913989,6.455921962584254,6
ADA,short,-1,2023-05-29 08:00:00+00:00,2023-05-29 12:00:00+00:00,2023-05-30 12:00:00+00:00,0.37587260470383427,0.38191,0.3832835694783222,0.37587260470383427,-0.0158084242260369,-0.017772635910916157,0.001964211684879258,9.988775255673833,6
BTC,short,-1,2023-05-29 08:00:00+00:00,2023-05-29 12:00:00+00:00,2023-05-30 12:00:00+00:00,27627.94824031173,28024.2,28210.086375969197,27627.94824031173,-0.01413962788191181,-0.015127548209492137,0.0009879203275803272,5.012959217987713,6
DOT,short,-1,2023-05-29 08:00:00+00:00,2023-05-29 12:00:00+00:00,2023-05-30 12:00:00+00:00,5.443017561954932,5.502,5.531337839223618,5.443017561954932,-0.010720181396777217,-0.01250850206143661,0.001788320664659393,9.046674492363598,6
LINK,short,-1,2023-05-29 08:00:00+00:00,2023-05-29 12:00:00+00:00,2023-05-30 12:00:00+00:00,6.559440557856152,6.631,6.683137168991686,6.559440557856152,-0.010791651657947265,-0.012084036276112653,0.0012923846181653875,6.536688716426203,6
SOL,long,1,2023-05-29 20:00:00+00:00,2023-05-30 00:00:00+00:00,2023-05-31 00:00:00+00:00,20.763624132805326,21.255,20.763624132805326,20.40394712841299,0.023665226458146504,0.022437375456890285,0.0012278510012562194,6.000925858297193,6
XRP,long,1,2023-05-30 00:00:00+00:00,2023-05-30 04:00:00+00:00,2023-05-31 04:00:00+00:00,0.5024138183157261,0.52728,0.5024138183157261,0.4914862557478961,0.049493427086926944,0.048288720578497424,0.0012047065084295205,5.742762706652812,6
AVAX,long,1,2023-05-30 04:00:00+00:00,2023-05-30 08:00:00+00:00,2023-05-31 08:00:00+00:00,14.69165553234571,14.13,14.69165553234571,14.29111236223473,-0.03822956038610803,-0.039711608582668756,0.0014820481965607257,7.710732744665526,6
ETH,short,-1,2023-05-30 20:00:00+00:00,2023-05-31 00:00:00+00:00,2023-06-01 00:00:00+00:00,1887.9973925854483,1873.4,1914.5553521925237,1887.9973925854483,0.007791925155038015,0.006776195206781299,0.0010157299482567161,5.041924062981029,6
ADA,short,-1,2023-05-31 00:00:00+00:00,2023-05-31 04:00:00+00:00,2023-06-01 04:00:00+00:00,0.37585856729279105,0.36519,0.38275276026349947,0.37585856729279105,0.02921374433251467,0.027159679135638326,0.0020540651968763424,9.988775255673833,6
BNB,short,-1,2023-05-31 00:00:00+00:00,2023-05-31 04:00:00+00:00,2023-06-01 04:00:00+00:00,308.6423811753228,304.81,312.6304188444838,308.6423811753228,0.012573016552353211,0.01126644159169543,0.0013065749606577803,6.455921962584254,6
BTC,short,-1,2023-05-31 00:00:00+00:00,2023-05-31 04:00:00+00:00,2023-06-01 04:00:00+00:00,27391.40523185619,26778.3,27928.40117126621,27391.40523185619,0.022895599491236984,0.021870566551167814,0.0010250329400691705,5.012959217987713,6
DOT,short,-1,2023-05-31 00:00:00+00:00,2023-05-31 04:00:00+00:00,2023-06-01 04:00:00+00:00,5.385254158565908,5.238,5.487224025071676,5.385254158565908,0.02811266868383111,0.026254149894272105,0.001858518789559005,9.046674492363598,6
LINK,short,-1,2023-05-31 00:00:00+00:00,2023-05-31 04:00:00+00:00,2023-06-01 04:00:00+00:00,6.5334967925091725,6.435,6.683352787448192,6.5334967925091725,0.015306416862342243,0.013979935542126398,0.0013264813202158443,6.536688716426203,6
AVAX,short,-1,2023-05-31 20:00:00+00:00,2023-06-01 00:00:00+00:00,2023-06-02 00:00:00+00:00,13.924832116294912,14.09,14.297630185933903,13.924832116294912,-0.011722348027330631,-0.013245242734299612,0.0015228947069689802,7.710732744665526,6
XRP,short,-1,2023-05-31 20:00:00+00:00,2023-06-01 00:00:00+00:00,2023-06-02 00:00:00+00:00,0.5047577749682579,0.50651,0.5293752759267621,0.5047577749682579,-0.0034594085639811922,-0.004603330865380895,0.0011439223013997024,5.742762706652812,6
ETH,long,1,2023-06-01 12:00:00+00:00,2023-06-01 16:00:00+00:00,2023-06-02 16:00:00+00:00,1879.9929655289804,1891.85,1879.9929655289804,1847.4887579819826,0.006306956828257659,0.005292723544901845,0.0010142332833558143,5.041924062981029,6
LINK,short,-1,2023-06-01 12:00:00+00:00,2023-06-01 16:00:00+00:00,2023-06-02 16:00:00+00:00,6.3429169184377105,6.392,6.46769073716709,6.3429169184377105,-0.007678830031647377,-0.008975281500638865,0.0012964514689914886,6.536688716426203,6
SOL,short,-1,2023-06-01 16:00:00+00:00,2023-06-01 20:00:00+00:00,2023-06-02 20:00:00+00:00,20.4525039570431,21.302,20.91002651304847,20.4525039570431,-0.03987869885254436,-0.04103033111519361,0.0011516322626492492,6.000925858297193,6
ADA,long,1,2023-06-01 20:00:00+00:00,2023-06-02 00:00:00+00:00,2023-06-03 00:00:00+00:00,0.369079020032705,0.37805,0.369079020032705,0.35954338013643017,0.024306393699918383,0.022262122404647755,0.0020442712952706277,9.988775255673833,6
BNB,long,1,2023-06-01 20:00:00+00:00,2023-06-02 00:00:00+00:00,2023-06-03 00:00:00+00:00,307.0511580284718,307.3,307.0511580284718,303.14136803017374,0.0008104251197944556,-0.0004809719651082123,0.001291397084902668,6.455921962584254,6
BTC,short,-1,2023-06-01 20:00:00+00:00,2023-06-02 00:00:00+00:00,2023-06-03 00:00:00+00:00,26507.75843040975,27237.9,27120.947274638613,26507.75843040975,-0.026806088927202598,-0.027781316327164518,0.0009752273999619199,5.012959217987713,6
DOT,long,1,2023-06-01 20:00:00+00:00,2023-06-02 00:00:00+00:00,2023-06-03 00:00:00+00:00,5.260082326234165,5.276,5.260082326234165,5.152473729323429,0.0030261263567010754,0.0012129564979552754,0.0018131698587458,9.046674492363598,6
AVAX,long,1,2023-06-02 04:00:00+00:00,2023-06-02 08:00:00+00:00,2023-06-03 08:00:00+00:00,14.47922485329926,14.59,14.47922485329926,14.20211386199611,0.0076506268687097645,0.006097879214172153,0.0015527476545376118,7.710732744665526,6
XRP,long,1,2023-06-02 12:00:00+00:00,2023-06-02 16:00:00+00:00,2023-06-03 16:00:00+00:00,0.5266080336198481,0.52147,0.5266080336198481,0.5113836219870572,-0.009756846253426432,-0.010893539768084826,0.0011366935146583934,5.742762706652812,6
BNB,long,1,2023-06-03 08:00:00+00:00,2023-06-03 12:00:00+00:00,2023-06-04 12:00:00+00:00,307.84316722678307,306.76,307.84316722678307,305.0432284918033,-0.0035185683558963676,-0.004804379518215884,0.0012858111623195168,6.455921962584254,6
BTC,long,1,2023-06-03 08:00:00+00:00,2023-06-03 12:00:00+00:00,2023-06-04 12:00:00+00:00,27267.757093039167,27196.6,27267.757093039167,27013.239612143774,-0.0026095689790830434,-0.003609043457626804,0.0009994744785437604,5.012959217987713,6
ETH,short,-1,2023-06-03 08:00:00+00:00,2023-06-03 12:00:00+00:00,2023-06-04 12:00:00+00:00,1891.9816837092544,1903.0,1916.0745324937777,1891.9816837092544,-0.00578997177653473,-0.006792012848026996,0.0010020410714922656,5.041924062981029,6
ADA,short,-1,2023-06-03 12:00:00+00:00,2023-06-03 16:00:00+00:00,2023-06-04 16:00:00+00:00,0.37335647931223104,0.38007,0.38142666537442554,0.37335647931223104,-0.017663905827265958,-0.01962441441334628,0.001960508586080323,9.988775255673833,6
AVAX,short,-1,2023-06-03 12:00:00+00:00,2023-06-03 16:00:00+00:00,2023-06-04 16:00:00+00:00,14.463686840960133,14.78,14.697248518821546,14.463686840960133,-0.02140143159944974,-0.022909411241698985,0.0015079796422492464,7.710732744665526,6
DOT,short,-1,2023-06-03 12:00:00+00:00,2023-06-03 16:00:00+00:00,2023-06-04 16:00:00+00:00,5.257387311490838,5.334,5.32080277571704,5.257387311490838,-0.014363083710004054,-0.016144819101858388,0.0017817353918543333,9.046674492363598,6
LINK,short,-1,2023-06-03 12:00:00+00:00,2023-06-03 16:00:00+00:00,2023-06-04 16:00:00+00:00,6.376353155323543,6.499,6.5002428489074,6.376353155323543,-0.018871648665403362,-0.02015347689889524,0.0012818282334918774,6.536688716426203,6
SOL,long,1,2023-06-04 00:00:00+00:00,2023-06-04 04:00:00+00:00,2023-06-05 04:00:00+00:00,21.455612694598507,21.541,21.455612694598507,21.058244405844718,0.003979718809101529,0.0027754798927852598,0.0012042389163162692,6.000925858297193,6
XRP,long,1,2023-06-04 08:00:00+00:00,2023-06-04 12:00:00+00:00,2023-06-05 12:00:00+00:00,0.5292140995905771,0.53435,0.5292140995905771,0.5198873596014426,0.009704768662430308,0.008545735289752443,0.0011590333726778645,5.742762706652812,6
ETH,short,-1,2023-06-04 16:00:00+00:00,2023-06-04 20:00:00+00:00,2023-06-05 20:00:00+00:00,1894.9222549313342,1806.66,1914.447786002417,1894.9222549313342,0.0488538269133838,0.04779671163318788,0.0010571152801959194,5.041924062981029,6
ADA,short,-1,2023-06-04 20:00:00+00:00,2023-06-05 00:00:00+00:00,2023-06-06 00:00:00+00:00,0.37449162973450306,0.35127,0.3803511127898428,0.37449162973450306,0.06610763724343971,0.06397994063440726,0.002127696609032448,9.988775255673833,6
AVAX,short,-1,2023-06-04 20:00:00+00:00,2023-06-05 00:00:00+00:00,2023-06-06 00:00:00+00:00,14.675402174490191,13.86,14.885343338646097,14.675402174490191,0.05883132572079308,0.0571997107406359,0.001631614980157181,7.710732744665526,6
BNB,short,-1,2023-06-04 20:00:00+00:00,2023-06-05 00:00:00+00:00,2023-06-06 00:00:00+00:00,303.75391627591506,276.91,306.5525002660955,303.75391627591506,0.09694094209640336,0.09552550286897521,0.0014154392274281502,6.455921962584254,6
BTC,short,-1,2023-06-04 20:00:00+00:00,2023-06-05 00:00:00+00:00,2023-06-06 00:00:00+00:00,26974.64624242093,25725.8,27259.099735426502,26974.64624242093,0.0485445056099687,0.04749377017038592,0.001050735439582784,5.012959217987713,6
DOT,short,-1,2023-06-04 20:00:00+00:00,2023-06-05 00:00:00+00:00,2023-06-06 00:00:00+00:00,5.267415931703902,5.063,5.35897855153216,5.267415931703902,0.040374468043433254,0.038493783604916176,0.0018806844385170773,9.046674492363598,6
LINK,short,-1,2023-06-04 20:00:00+00:00,2023-06-05 00:00:00+00:00,2023-06-06 00:00:00+00:00,6.396195988843437,6.053,6.502239936447014,6.396195988843437,0.05669849477010369,0.0553179353733213,0.0013805593967823881,6.536688716426203,6
SOL,short,-1,2023-06-05 08:00:00+00:00,2023-06-05 12:00:00+00:00,2023-06-06 12:00:00+00:00,21.271387624424193,19.881,21.93978207910323,21.271387624424193,0.06993549743092364,0.06865214684144871,0.0012833505894749297,6.000925858297193,6
ADA,short,-1,2023-06-06 08:00:00+00:00,2023-06-06 12:00:00+00:00,2023-06-07 12:00:00+00:00,0.3449342376030601,0.33757,0.3601090876427919,0.3449342376030601,0.021815438584767977,0.019776138641888652,0.0020392999428793246,9.988775255673833,6
BTC,long,1,2023-06-06 08:00:00+00:00,2023-06-06 12:00:00+00:00,2023-06-07 12:00:00+00:00,26050.050636255506,26897.5,26050.050636255506,25331.967352553886,0.032531582206026366,0.0314968931488544,0.001034689057171967,5.012959217987713,6
ETH,long,1,2023-06-06 08:00:00+00:00,2023-06-06 12:00:00+00:00,2023-06-07 12:00:00+00:00,1836.6772414260854,1870.64,1836.6772414260854,1790.8522141027302,0.018491413628855424,0.01746489991601141,0.0010265137128440127,5.041924062981029,6
AVAX,long,1,2023-06-06 12:00:00+00:00,2023-06-06 16:00:00+00:00,2023-06-07 16:00:00+00:00,14.572813323460448,14.08,14.572813323460448,13.79777504432161,-0.033817308471733365,-0.035306155764755154,0.0014888472930217889,7.710732744665526,6
DOT,long,1,2023-06-06 12:00:00+00:00,2023-06-06 16:00:00+00:00,2023-06-07 16:00:00+00:00,5.215632225756483,5.037,5.215632225756483,4.955689910871946,-0.034249390682559944,-0.035995177606615636,0.0017457869240556922,9.046674492363598,6
XRP,long,1,2023-06-06 12:00:00+00:00,2023-06-06 16:00:00+00:00,2023-06-07 16:00:00+00:00,0.5251117491098898,0.51759,0.5251117491098898,0.49734534038267525,-0.014324092200640681,-0.015455543004124217,0.0011314508034835358,5.742762706652812,6
BNB,short,-1,2023-06-07 08:00:00+00:00,2023-06-07 12:00:00+00:00,2023-06-08 12:00:00+00:00,263.5912329342361,264.92,285.90188513136934,263.5912329342361,-0.0050157295250035094,-0.00629960882338465,0.001283879298381141,6.455921962584254,6
LINK,short,-1,2023-06-07 08:00:00+00:00,2023-06-07 12:00:00+00:00,2023-06-08 12:00:00+00:00,5.958036871715179,5.992,6.255588174846348,5.958036871715179,-0.00566807881922915,-0.006967157301976057,0.001299078482746907,6.536688716426203,6
SOL,short,-1,2023-06-07 12:00:00+00:00,2023-06-07 16:00:00+00:00,2023-06-08 16:00:00+00:00,18.891699557700903,18.905,19.749830070101257,18.891699557700903,-0.0007035409838189732,-0.0019021624921417013,0.001198621508322728,6.000925858297193,6
ETH,short,-1,2023-06-07 16:00:00+00:00,2023-06-07 20:00:00+00:00,2023-06-08 20:00:00+00:00,1820.84550212641,1847.62,1880.6171287465284,1820.84550212641,-0.014491344472126189,-0.015484615633265753,0.000993271161139564,5.041924062981029,6
ADA,long,1,2023-06-08 00:00:00+00:00,2023-06-08 04:00:00+00:00,2023-06-09 04:00:00+00:00,0.32860716888536046,0.32054,0.32860716888536046,0.31536891526597755,-0.0245495827517227,-0.02649634916869059,0.0019467664169678933,9.988775255673833,6
AVAX,short,-1,2023-06-08 20:00:00+00:00,2023-06-09 00:00:00+00:00,2023-06-10 00:00:00+00:00,13.737501162389595,13.76,14.104923283318211,13.737501162389595,-0.0016350899426166299,-0.0031735286942318197,0.0015384387516151898,7.710732744665526,6
DOT,short,-1,2023-06-08 20:00:00+00:00,2023-06-09 00:00:00+00:00,2023-06-10 00:00:00+00:00,4.972465344258332,4.983,5.072028109581882,4.972465344258332,-0.002114119153455274,-0.003917996992800488,0.0018038778393452137,9.046674492363598,6
LINK,short,-1,2023-06-08 20:00:00+00:00,2023-06-09 00:00:00+00:00,2023-06-10 00:00:00+00:00,5.92031854698865,5.992,6.072648914860649,5.92031854698865,-0.011962859314310736,-0.013253713768722086,0.0012908544544113498,6.536688716426203,6
SOL,long,1,2023-06-09 04:00:00+00:00,2023-06-09 08:00:00+00:00,2023-06-10 08:00:00+00:00,18.93522784878307,14.401,18.93522784878307,18.256957442538376,-0.239459904311343,-0.24037214582727084,0.0009122415159278363,6.000925858297193,6
ADA,long,1,2023-06-09 08:00:00+00:00,2023-06-09 12:00:00+00:00,2023-06-10 12:00:00+00:00,0.32471403318513137,0.24964,0.32471403318513137,0.3107592074484465,-0.23120045798060385,-0.232734798530691,0.0015343405500871654,9.988775255673833,6
XRP,long,1,2023-06-09 08:00:00+00:00,2023-06-09 12:00:00+00:00,2023-06-10 12:00:00+00:00,0.5370059004956724,0.49534,0.5370059004956724,0.5210543508772022,-0.07758927873457921,-0.07864810785220222,0.0010588291176230058,5.742762706652812,6
BNB,long,1,2023-06-09 16:00:00+00:00,2023-06-09 20:00:00+00:00,2023-06-10 20:00:00+00:00,262.3154034129983,238.39,262.3154034129983,256.0030357587167,-0.09120853408417406,-0.09238119438068071,0.0011726602965066446,6.455921962584254,6
BTC,short,-1,2023-06-09 20:00:00+00:00,2023-06-10 00:00:00+00:00,2023-06-11 00:00:00+00:00,26300.997513466442,25837.9,26676.33209123588,26300.997513466442,0.017923187003062946,0.016903136865338952,0.0010200501377239934,5.012959217987713,6
ETH,short,-1,2023-06-09 20:00:00+00:00,2023-06-10 00:00:00+00:00,2023-06-11 00:00:00+00:00,1830.0034500226102,1751.43,1851.941909485541,1830.0034500226102,0.04486245526376176,0.04380936279384828,0.0010530924699134747,5.041924062981029,6
SOL,long,1,2023-06-10 12:00:00+00:00,2023-06-10 16:00:00+00:00,2023-06-11 16:00:00+00:00,15.829989491209638,15.227,15.829989491209638,13.790320272873327,-0.03809159137752283,-0.03924536721372096,0.0011537758361981343,6.000925858297193,6
BTC,long,1,2023-06-11 12:00:00+00:00,2023-06-11 16:00:00+00:00,2023-06-12 16:00:00+00:00,26075.184785209898,25822.5,26075.184785209898,25437.56160593823,-0.009690622992371778,-0.010683001621038413,0.0009923786286666347,5.012959217987713,6
XRP,long,1,2023-06-11 12:00:00+00:00,2023-06-11 16:00:00+00:00,2023-06-12 16:00:00+00:00,0.5269691095685543,0.51429,0.5269691095685543,0.4908325966426527,-0.024060441757079443,-0.025180716269815107,0.001120274512735664,5.742762706652812,6
BNB,short,-1,2023-06-11 20:00:00+00:00,2023-06-12 00:00:00+00:00,2023-06-13 00:00:00+00:00,227.19131437821298,231.23,243.42888746148114,227.19131437821298,-0.017466097053959295,-0.018733911003769643,0.001267813949810348,6.455921962584254,6
ETH,long,1,2023-06-12 04:00:00+00:00,2023-06-12 08:00:00+00:00,2023-06-13 08:00:00+00:00,1753.308127343659,1747.91,1753.308127343659,1720.4076804058332,-0.0030788241150956352,-0.0040835976890074566,0.0010047735739118213,5.041924062981029,6
LINK,long,1,2023-06-12 04:00:00+00:00,2023-06-12 08:00:00+00:00,2023-06-13 08:00:00+00:00,5.184478971792136,5.237,5.184478971792136,4.969790819904406,0.010130435188110853,0.00881071620376761,0.0013197189843432433,6.536688716426203,6
SOL,long,1,2023-06-12 04:00:00+00:00,2023-06-12 08:00:00+00:00,2023-06-13 08:00:00+00:00,15.674975491014425,15.412,15.674975491014425,14.51145643770823,-0.016776772069926005,-0.01795611429399402,0.001179342224068014,6.000925858297193,6
AVAX,long,1,2023-06-12 20:00:00+00:00,2023-06-13 00:00:00+00:00,2023-06-14 00:00:00+00:00,11.72030552661039,11.79,11.72030552661039,11.303468130520173,0.00594647240478241,0.004396350781308067,0.0015501216234743431,7.710732744665526,6
BTC,long,1,2023-06-12 20:00:00+00:00,2023-06-13 00:00:00+00:00,2023-06-14 00:00:00+00:00,26101.407173931995,25936.8,26101.407173931995,25704.31471143288,-0.0063064482629270335,-0.007302218137556937,0.0009957698746299037,5.012959217987713,6
DOT,long,1,2023-06-12 20:00:00+00:00,2023-06-13 00:00:00+00:00,2023-06-14 00:00:00+00:00,4.59048997478784,4.628,4.59048997478784,4.47623001310436,0.008171246515769726,0.006348775825722575,0.001822470690047151,9.046674492363598,6
BNB,long,1,2023-06-13 04:00:00+00:00,2023-06-13 08:00:00+00:00,2023-06-14 08:00:00+00:00,242.33428698640267,246.6,242.33428698640267,228.13988720920077,0.01760259790987262,0.016289533022111558,0.0013130648877610618,6.455921962584254,6
XRP,long,1,2023-06-13 04:00:00+00:00,2023-06-13 08:00:00+00:00,2023-06-14 08:00:00+00:00,0.5394612446171178,0.50079,0.5394612446171178,0.5200171936338176,-0.07168493567052192,-0.07275054234418654,0.0010656066736646208,5.742762706652812,6
ADA,short,-1,2023-06-13 08:00:00+00:00,2023-06-13 12:00:00+00:00,2023-06-14 12:00:00+00:00,0.2771360084806747,0.275,0.29440493874216084,0.2771360084806747,0.007767303566089678,0.005756040350646252,0.0020112632154434262,9.988775255673833,6
ETH,long,1,2023-06-13 12:00:00+00:00,2023-06-13 16:00:00+00:00,2023-06-14 16:00:00+00:00,1749.5433297552802,1741.3,1749.5433297552802,1712.356402695695,-0.0047117036858030925,-0.005714831518525365,0.0010031278327222726,5.041924062981029,6
AVAX,short,-1,2023-06-14 12:00:00+00:00,2023-06-14 16:00:00+00:00,2023-06-15 16:00:00+00:00,11.726304216302898,11.2,12.076268651048796,11.726304216302898,0.0469914478841873,0.04537807766272994,0.0016133702214573553,7.710732744665526,6
DOT,long,1,2023-06-14 12:00:00+00:00,2023-06-14 16:00:00+00:00,2023-06-15 16:00:00+00:00,4.740930093146938,4.334,4.740930093146938,4.606043238554709,-0.08583338820691744,-0.08748592676281297,0.001652538555895533,9.046674492363598,6
LINK,long,1,2023-06-14 12:00:00+00:00,2023-06-14 16:00:00+00:00,2023-06-15 16:00:00+00:00,5.481264788834576,5.228,5.481264788834576,5.304188927202262,-0.04620553806312744,-0.04745165501469217,0.0012461169515647352,6.536688716426203,6
ADA,short,-1,2023-06-14 16:00:00+00:00,2023-06-14 20:00:00+00:00,2023-06-15 20:00:00+00:00,0.2617887676349671,0.26175,0.2791499022673842,0.2617887676349671,0.00014810939815523838,-0.0018479477226801544,0.0019960571208353928,9.988775255673833,6
BNB,short,-1,2023-06-14 16:00:00+00:00,2023-06-14 20:00:00+00:00,2023-06-15 20:00:00+00:00,236.53140708865536,236.64,251.04464193942565,236.53140708865536,-0.00045889499384987875,-0.001748654209827838,0.0012897592159779592,6.455921962584254,6
BTC,short,-1,2023-06-14 16:00:00+00:00,2023-06-14 20:00:00+00:00,2023-06-15 20:00:00+00:00,25631.101054574396,25451.8,26111.93310560311,25631.101054574396,0.007044729825568252,0.006035580875560331,0.001009148950007921,5.012959217987713,6
SOL,short,-1,2023-06-14 16:00:00+00:00,2023-06-14 20:00:00+00:00,2023-06-15 20:00:00+00:00,14.651964973759306,14.761,15.530833264175822,14.651964973759306,-0.007386696446087249,-0.00857730174079463,0.0011906052947073809,6.000925858297193,6
XRP,short,-1,2023-06-14 16:00:00+00:00,2023-06-14 20:00:00+00:00,2023-06-15 20:00:00+00:00,0.47426271311928836,0.48082,0.5297306871282736,0.47426271311928836,-0.013637716569010583,-0.014769955258505774,0.0011322386894951908,5.742762706652812,6
ADA,short,-1,2023-06-16 04:00:00+00:00,2023-06-16 08:00:00+00:00,2023-06-17 08:00:00+00:00,0.257470748876682,0.26997,0.26809667972442636,0.257470748876682,-0.046298666975286173,-0.04820202740665225,0.0019033604313660746,9.988775255673833,6
BNB,short,-1,2023-06-16 04:00:00+00:00,2023-06-16 08:00:00+00:00,2023-06-17 08:00:00+00:00,235.25014975490012,246.62,242.87058248221118,235.25014975490012,-0.046102709614386006,-0.04733357227246926,0.0012308626580832538,6.455921962584254,6
XRP,short,-1,2023-06-16 04:00:00+00:00,2023-06-16 08:00:00+00:00,2023-06-17 08:00:00+00:00,0.46547202890323924,0.48007,0.4892644761847582,0.46547202890323924,-0.030408005284147666,-0.031520993471027214,0.0011129881868795488,5.742762706652812,6
BTC,long,1,2023-06-16 08:00:00+00:00,2023-06-16 12:00:00+00:00,2023-06-17 12:00:00+00:00,25893.295536496647,26513.9,25893.295536496647,25069.36527585113,0.0239677665837712,0.02294165923631608,0.0010261073474551186,5.012959217987713,6
SOL,long,1,2023-06-16 08:00:00+00:00,2023-06-16 12:00:00+00:00,2023-06-17 12:00:00+00:00,14.968177844439149,15.769,14.968177844439149,14.188255324538304,0.05350164621797071,0.05223800746410845,0.0012636387538622618,6.000925858297193,6
AVAX,long,1,2023-06-16 12:00:00+00:00,2023-06-16 16:00:00+00:00,2023-06-17 16:00:00+00:00,11.727112739858542,11.69,11.727112739858542,11.159916588435445,-0.003164695409843099,-0.004700777103130327,0.0015360816932872279,7.710732744665526,6
ETH,long,1,2023-06-16 12:00:00+00:00,2023-06-16 16:00:00+00:00,2023-06-17 16:00:00+00:00,1720.9245687323082,1728.15,1720.9245687323082,1644.7378411739573,0.0041985752304147805,0.00318646693563851,0.0010121082947762705,5.041924062981029,6
LINK,long,1,2023-06-16 12:00:00+00:00,2023-06-16 16:00:00+00:00,2023-06-17 16:00:00+00:00,5.397805564852786,5.314,5.397805564852786,5.143268068188958,-0.01552585839669296,-0.01681205785075346,0.0012861994540604993,6.536688716426203,6
DOT,long,1,2023-06-17 00:00:00+00:00,2023-06-17 04:00:00+00:00,2023-06-18 04:00:00+00:00,4.520712487022725,4.527,4.520712487022725,4.321531186971456,0.0013908234587631796,-0.00041939026370008126,0.0018102137224632608,9.046674492363598,6
AVAX,short,-1,2023-06-17 20:00:00+00:00,2023-06-18 00:00:00+00:00,2023-06-19 00:00:00+00:00,11.477998978949872,11.34,11.743519079170731,11.477998978949872,0.012169222129618351,0.010609511507950975,0.0015597106216673762,7.710732744665526,6
XRP,long,1,2023-06-18 08:00:00+00:00,2023-06-18 12:00:00+00:00,2023-06-19 12:00:00+00:00,0.49285736384122697,0.48939,0.49285736384122697,0.48224043676167294,-0.0070352278277898694,-0.008175045470095177,0.0011398176423053075,5.742762706652812,6
ADA,short,-1,2023-06-18 16:00:00+00:00,2023-06-18 20:00:00+00:00,2023-06-19 20:00:00+00:00,0.26410877836602487,0.26131,0.2716036526456774,0.26410877836602487,0.010710567395143311,0.008693430126977653,0.0020171372681656585,9.988775255673833,6
BNB,short,-1,2023-06-18 16:00:00+00:00,2023-06-18 20:00:00+00:00,2023-06-19 20:00:00+00:00,242.98811183415657,241.54,250.08293468066702,242.98811183415657,0.005995329279442574,0.004697241846449041,0.0012980874329935332,6.455921962584254,6
BTC,short,-1,2023-06-18 16:00:00+00:00,2023-06-18 20:00:00+00:00,2023-06-19 20:00:00+00:00,26469.787388790377,26683.2,26830.43274275633,26469.787388790377,-0.007998014151586852,-0.008992088925800834,0.0009940747742139822,5.012959217987713,6
DOT,short,-1,2023-06-18 16:00:00+00:00,2023-06-18 20:00:00+00:00,2023-06-19 20:00:00+00:00,4.552211854549086,4.499,4.6604236968451564,4.552211854549086,0.01182748489644081,0.009998404825985352,0.0018290800704554577,9.046674492363598,6
ETH,short,-1,2023-06-18 16:00:00+00:00,2023-06-18 20:00:00+00:00,2023-06-19 20:00:00+00:00,1728.2080360265413,1724.23,1755.1360491147582,1728.2080360265413,0.002307137694241179,0.0012969357351901856,0.0010102019590509936,5.041924062981029,6
LINK,short,-1,2023-06-18 16:00:00+00:00,2023-06-18 20:00:00+00:00,2023-06-19 20:00:00+00:00,5.237598853892349,5.096,5.359097705457248,5.237598853892349,0.027786274311685455,0.026443488260690096,0.0013427860509953593,6.536688716426203,6
SOL,short,-1,2023-06-18 16:00:00+00:00,2023-06-18 20:00:00+00:00,2023-06-19 20:00:00+00:00,15.601678837104448,15.86,16.033265305083358,15.601678837104448,-0.0162875890854699,-0.017467518067592835,0.0011799289821229353,6.000925858297193,6
AVAX,short,-1,2023-06-19 08:00:00+00:00,2023-06-19 12:00:00+00:00,2023-06-20 12:00:00+00:00,11.19626578027701,11.41,11.40469532484078,11.19626578027701,-0.018732184024801923,-0.020244276866408728,0.0015120928416068047,7.710732744665526,6
XRP,short,-1,2023-06-20 00:00:00+00:00,2023-06-20 04:00:00+00:00,2023-06-21 04:00:00+00:00,0.48448453992570367,0.49788,0.4966711458675252,0.48448453992570367,-0.026904997337302783,-0.028022006603651395,0.001117009266348612,5.742762706652812,6
ADA,short,-1,2023-06-20 08:00:00+00:00,2023-06-20 12:00:00+00:00,2023-06-21 12:00:00+00:00,0.2562311204729891,0.27864,0.26396639399284044,0.2562311204729891,-0.08042233536825605,-0.08225759309498804,0.001835257726731987,9.988775255673833,6
BNB,short,-1,2023-06-20 08:00:00+00:00,2023-06-20 12:00:00+00:00,2023-06-21 12:00:00+00:00,240.0966596568681,247.56,243.31404728199388,240.0966596568681,-0.030147601967732696,-0.03139905232053519,0.0012514503528024967,6.455921962584254,6
DOT,short,-1,2023-06-20 08:00:00+00:00,2023-06-20 12:00:00+00:00,2023-06-21 12:00:00+00:00,4.440188520274764,4.689,4.524205201709974,4.440188520274764,-0.05306280224466542,-0.05477458017345349,0.0017117779287880719,9.046674492363598,6
ETH,short,-1,2023-06-20 08:00:00+00:00,2023-06-20 12:00:00+00:00,2023-06-21 12:00:00+00:00,1722.6342887882681,1829.02,1746.1453902765743,1722.6342887882681,-0.05816541711502987,-0.05911467019819261,0.0009492530831627377,5.041924062981029,6
LINK,short,-1,2023-06-20 08:00:00+00:00,2023-06-20 12:00:00+00:00,2023-06-21 12:00:00+00:00,5.016439157437405,5.371,5.158553345879566,5.016439157437405,-0.06601393456760285,-0.06723417217130756,0.0012202376037047102,6.536688716426203,6
BTC,long,1,2023-06-20 12:00:00+00:00,2023-06-20 16:00:00+00:00,2023-06-21 16:00:00+00:00,27275.104277573868,29857.8,27275.104277573868,26863.460714701774,0.09469059022258897,0.09359361227613983,0.0010969779464491403,5.012959217987713,6
SOL,long,1,2023-06-20 12:00:00+00:00,2023-06-20 16:00:00+00:00,2023-06-21 16:00:00+00:00,16.20212772517445,16.891,16.20212772517445,15.689984692875449,0.042517395647683864,0.04126693212212085,0.001250463525563017,6.000925858297193,6
AVAX,long,1,2023-06-21 08:00:00+00:00,2023-06-21 12:00:00+00:00,2023-06-22 12:00:00+00:00,12.549747949543637,12.78,12.549747949543637,11.976941736544266,0.018347145407389354,0.016777914863217447,0.0015692305441719068,7.710732744665526,6
ADA,long,1,2023-06-21 20:00:00+00:00,2023-06-22 00:00:00+00:00,2023-06-23 00:00:00+00:00,0.2934144834782835,0.29,0.2934144834782835,0.2787533837130898,-0.011637065211664188,-0.013609601934391091,0.001972536722726903,9.988775255673833,6
BNB,long,1,2023-06-21 20:00:00+00:00,2023-06-22 00:00:00+00:00,2023-06-23 00:00:00+00:00,252.2032967579298,240.83,252.2032967579298,245.40316956841684,-0.04509574975479447,-0.0463279117448937,0.0012321619900992342,6.455921962584254,6
DOT,long,1,2023-06-21 20:00:00+00:00,2023-06-22 00:00:00+00:00,2023-06-23 00:00:00+00:00,4.934821254222551,4.824,4.934821254222551,4.7039442371164615,-0.022456994592808255,-0.024224098625751367,0.001767104032943112,9.046674492363598,6
ETH,long,1,2023-06-21 20:00:00+00:00,2023-06-22 00:00:00+00:00,2023-06-23 00:00:00+00:00,1915.0914689432293,1872.07,1915.0914689432293,1863.6585760415192,-0.022464446028245932,-0.02344968128650815,0.0009852352582622181,5.041924062981029,6
LINK,long,1,2023-06-21 20:00:00+00:00,2023-06-22 00:00:00+00:00,2023-06-23 00:00:00+00:00,5.632602247158176,5.558,5.632602247158176,5.482412505796954,-0.013244721335651799,-0.014533901058181087,0.0012891797225292878,6.536688716426203,6
SOL,long,1,2023-06-21 20:00:00+00:00,2023-06-22 00:00:00+00:00,2023-06-23 00:00:00+00:00,17.47576289022617,16.632,17.47576289022617,16.99360942726527,-0.048281891641941965,-0.04942344456574732,0.0011415529238053557,6.000925858297193,6
XRP,long,1,2023-06-21 20:00:00+00:00,2023-06-22 00:00:00+00:00,2023-06-23 00:00:00+00:00,0.5071927231503969,0.49376,0.5071927231503969,0.49330368631059524,-0.0264844555871393,-0.02760194759055934,0.0011174920034200397,5.742762706652812,6
AVAX,long,1,2023-06-23 08:00:00+00:00,2023-06-23 12:00:00+00:00,2023-06-24 12:00:00+00:00,13.121431329588896,13.16,13.121431329588896,12.545041456628748,0.0029393645740560803,0.0013938767785242057,0.0015454877955318747,7.710732744665526,6
BNB,long,1,2023-06-23 08:00:00+00:00,2023-06-23 12:00:00+00:00,2023-06-24 12:00:00+00:00,248.2921189707082,244.76,248.2921189707082,239.2124419664201,-0.01422565881410398,-0.015497654067777367,0.0012719952536733858,6.455921962584254,6
BTC,long,1,2023-06-23 08:00:00+00:00,2023-06-23 12:00:00+00:00,2023-06-24 12:00:00+00:00,30664.029605112377,30685.2,30664.029605112377,29624.92574193661,0.0006903983318649054,-0.0003123830092722768,0.0010027813411371822,5.012959217987713,6
DOT,long,1,2023-06-23 08:00:00+00:00,2023-06-23 12:00:00+00:00,2023-06-24 12:00:00+00:00,5.006083362897097,5.047,5.006083362897097,4.843262535278399,0.008173383089494557,0.006350908537164024,0.001822474552330533,9.046674492363598,6
ETH,long,1,2023-06-23 08:00:00+00:00,2023-06-23 12:00:00+00:00,2023-06-24 12:00:00+00:00,1906.623462264705,1889.88,1906.623462264705,1853.2355955606297,-0.008781735143874148,-0.009780760886929474,0.0009990257430553262,5.041924062981029,6
LINK,long,1,2023-06-23 08:00:00+00:00,2023-06-23 12:00:00+00:00,2023-06-24 12:00:00+00:00,6.016669109329489,6.136,6.016669109329489,5.695728878768115,0.01983338097909959,0.018500985253893765,0.001332395725205826,6.536688716426203,6
SOL,long,1,2023-06-23 16:00:00+00:00,2023-06-23 20:00:00+00:00,2023-06-24 20:00:00+00:00,17.51456743294773,16.684,17.51456743294773,16.7401867115741,-0.047421521320891835,-0.048564106229112336,0.0011425849082205009,6.000925858297193,6
ADA,short,-1,2023-06-24 08:00:00+00:00,2023-06-24 12:00:00+00:00,2023-06-25 12:00:00+00:00,0.29090940228143025,0.29812,0.29975686353251435,0.29090940228143025,-0.024186896949448977,-0.02613438720078831,0.0019474902513393344,9.988775255673833,6
XRP,short,-1,2023-06-24 08:00:00+00:00,2023-06-24 12:00:00+00:00,2023-06-25 12:00:00+00:00,0.48528779954733403,0.49227,0.49959614135395564,0.48528779954733403,-0.014183680607524285,-0.015315292588539364,0.0011316119810150793,5.742762706652812,6
AVAX,long,1,2023-06-24 20:00:00+00:00,2023-06-25 00:00:00+00:00,2023-06-26 00:00:00+00:00,13.267515025788308,13.43,13.267515025788308,12.777102544862407,0.0122468279776482,0.010686997768600826,0.0015598302090473748,7.710732744665526,6
DOT,long,1,2023-06-24 20:00:00+00:00,2023-06-25 00:00:00+00:00,2023-06-26 00:00:00+00:00,5.096190387022694,5.193,5.096190387022694,4.925267325945416,0.018996467091148883,0.017154427654938464,0.0018420394362104187,9.046674492363598,6
ETH,long,1,2023-06-25 00:00:00+00:00,2023-06-25 04:00:00+00:00,2023-06-26 04:00:00+00:00,1919.8152228595777,1880.64,1919.8152228595777,1870.4857932896275,-0.02040572571417887,-0.02139303590857211,0.0009873101943932427,5.041924062981029,6
LINK,short,-1,2023-06-25 08:00:00+00:00,2023-06-25 12:00:00+00:00,2023-06-26 12:00:00+00:00,6.200657815998781,6.153,6.4314506917483225,6.200657815998781,0.00774546010056576,0.006428857047384273,0.0013166030531814865,6.536688716426203,6
SOL,short,-1,2023-06-25 08:00:00+00:00,2023-06-25 12:00:00+00:00,2023-06-26 12:00:00+00:00,16.828985260627427,16.929,17.67949739049848,16.828985260627427,-0.005907894109077438,-0.007100273175994043,0.0011923790669166046,6.000925858297193,6
ADA,short,-1,2023-06-25 20:00:00+00:00,2023-06-26 00:00:00+00:00,2023-06-27 00:00:00+00:00,0.2857669663144342,0.28048,0.29810337422368866,0.2857669663144342,0.018849708765096285,0.01681632771169883,0.002033381053397454,9.988775255673833,6
BTC,short,-1,2023-06-25 20:00:00+00:00,2023-06-26 00:00:00+00:00,2023-06-27 00:00:00+00:00,30248.50024143057,30274.0,30705.815305773092,30248.50024143057,-0.0008422989551902793,-0.0018435443964689435,0.0010012454412786642,5.012959217987713,6
XRP,short,-1,2023-06-25 20:00:00+00:00,2023-06-26 00:00:00+00:00,2023-06-27 00:00:00+00:00,0.4850114346461748,0.47898,0.4954642858581422,0.4850114346461748,0.012592247371862708,0.01142989948162354,0.0011623478902391682,5.742762706652812,6
ETH,long,1,2023-06-26 08:00:00+00:00,2023-06-26 12:00:00+00:00,2023-06-27 12:00:00+00:00,1905.9508388614286,1881.58,1905.9508388614286,1856.4152696161152,-0.012786709061177737,-0.013781698284542676,0.0009949892233649393,5.041924062981029,6
AVAX,short,-1,2023-06-26 12:00:00+00:00,2023-06-26 16:00:00+00:00,2023-06-27 16:00:00+00:00,13.298950466830812,13.18,13.785418665724873,13.298950466830812,0.009025073355903857,0.007470207736565371,0.0015548656193384858,7.710732744665526,6
BNB,short,-1,2023-06-26 12:00:00+00:00,2023-06-26 16:00:00+00:00,2023-06-27 16:00:00+00:00,235.76687512247224,237.77,241.24457717164142,235.76687512247224,-0.00842463253365755,-0.009704113149433535,0.0012794806157759853,6.455921962584254,6
DOT,short,-1,2023-06-26 12:00:00+00:00,2023-06-26 16:00:00+00:00,2023-06-27 16:00:00+00:00,5.123296802383572,5.064,5.265678925228161,5.123296802383572,0.011709479143675372,0.0098806123921642,0.0018288667515111712,9.046674492363598,6
SOL,short,-1,2023-06-26 16:00:00+00:00,2023-06-26 20:00:00+00:00,2023-06-27 20:00:00+00:00,15.978437300344797,16.719,16.650484399638938,15.978437300344797,-0.0442946766944915,-0.045441012144594395,0.0011463354501028977,6.000925858297193,6
LINK,long,1,2023-06-26 20:00:00+00:00,2023-06-27 00:00:00+00:00,2023-06-28 00:00:00+00:00,6.175329007254897,6.2,6.175329007254897,5.946824850442203,0.003995089608362479,0.0026833863532311764,0.0013117032551313024,6.536688716426203,6
BTC,long,1,2023-06-27 04:00:00+00:00,2023-06-27 08:00:00+00:00,2023-06-28 08:00:00+00:00,30578.33250370482,30196.7,30578.33250370482,30252.539928000315,-0.01248048773289323,-0.01347007066739625,0.0009895829345030194,5.012959217987713,6
ADA,short,-1,2023-06-27 08:00:00+00:00,2023-06-27 12:00:00+00:00,2023-06-28 12:00:00+00:00,0.27991224892898325,0.27419,0.2888987431218727,0.27991224892898325,0.020869648524684647,0.018832236153222492,0.002037412371462155,9.988775255673833,6
XRP,short,-1,2023-06-27 08:00:00+00:00,2023-06-27 12:00:00+00:00,2023-06-28 12:00:00+00:00,0.476583436023543,0.47541,0.4855786124899398,0.476583436023543,0.002468261129431326,0.001317534495507866,0.00115072663392346,5.742762706652812,6
AVAX,short,-1,2023-06-27 20:00:00+00:00,2023-06-28 00:00:00+00:00,2023-06-29 00:00:00+00:00,13.005507913310094,12.34,13.397400636823981,13.005507913310094,0.053930949214756385,0.05230688551072915,0.0016240637040272343,7.710732744665526,6
BNB,short,-1,2023-06-27 20:00:00+00:00,2023-06-28 00:00:00+00:00,2023-06-29 00:00:00+00:00,235.33329791333983,230.55,239.5050279742204,235.33329791333983,0.020747334258685024,0.019430211556125343,0.001317122702559681,6.455921962584254,6
DOT,short,-1,2023-06-27 20:00:00+00:00,2023-06-28 00:00:00+00:00,2023-06-29 00:00:00+00:00,5.025659839441633,4.878,5.165296862368651,5.025659839441633,0.03027056979123266,0.028408150164852763,0.0018624196263798964,9.046674492363598,6
ETH,short,-1,2023-06-27 20:00:00+00:00,2023-06-28 00:00:00+00:00,2023-06-29 00:00:00+00:00,1866.1426624688838,1828.69,1914.2838730635176,1866.1426624688838,0.0204805967489754,0.019452078184914345,0.001028518564061054,5.041924062981029,6
SOL,short,-1,2023-06-28 00:00:00+00:00,2023-06-28 04:00:00+00:00,2023-06-29 04:00:00+00:00,16.039367593514157,16.039,16.768740938935732,16.039367593514157,2.2918730229859463e-05,-0.0011765741413708453,0.0011994928716007047,6.000925858297193,6
BTC,short,-1,2023-06-28 12:00:00+00:00,2023-06-28 16:00:00+00:00,2023-06-29 16:00:00+00:00,30140.53679468012,30479.6,30681.872267225972,30140.53679468012,-0.011124266897199364,-0.012115208886361861,0.000990941989162497,5.012959217987713,6
LINK,short,-1,2023-06-28 12:00:00+00:00,2023-06-28 16:00:00+00:00,2023-06-29 16:00:00+00:00,5.886019100390356,5.964,6.154985293472351,5.886019100390356,-0.013075268210872681,-0.014364669321153323,0.0012894011102806413,6.536688716426203,6
AVAX,long,1,2023-06-29 04:00:00+00:00,2023-06-29 08:00:00+00:00,2023-06-30 08:00:00+00:00,12.682230244165355,13.08,12.682230244165355,12.084972205145977,0.031364337989183255,0.029775048493316136,0.0015892894958671189,7.710732744665526,6
ETH,long,1,2023-06-29 04:00:00+00:00,2023-06-29 08:00:00+00:00,2023-06-30 08:00:00+00:00,1869.0428744096753,1887.43,1869.0428744096753,1824.9799301566748,0.009837722741449895,0.008819930881577731,0.0010177918598721636,5.041924062981029,6
DOT,long,1,2023-06-29 08:00:00+00:00,2023-06-29 12:00:00+00:00,2023-06-30 12:00:00+00:00,5.080329158622463,5.167,5.080329158622463,4.907172000398457,0.01706008383933888,0.015221544802225928,0.0018385390371129517,9.046674492363598,6
ADA,long,1,2023-06-29 20:00:00+00:00,2023-06-30 00:00:00+00:00,2023-07-01 00:00:00+00:00,0.28108070405215174,0.28709,0.28108070405215174,0.26950107854413596,0.02137925464543211,0.01934082522167868,0.0020384294237534295,9.988775255673833,6
BNB,long,1,2023-06-29 20:00:00+00:00,2023-06-30 00:00:00+00:00,2023-07-01 00:00:00+00:00,237.30874313391558,240.44,237.30874313391558,229.0248398868726,0.013194865156390012,0.011887487792545448,0.001307377363844564,6.455921962584254,6
BTC,long,1,2023-06-29 20:00:00+00:00,2023-06-30 00:00:00+00:00,2023-07-01 00:00:00+00:00,30761.675743824468,30475.1,30761.675743824468,30157.91618817259,-0.009315999109118733,-0.010308753144445237,0.000992754035326504,5.012959217987713,6
LINK,long,1,2023-06-29 20:00:00+00:00,2023-06-30 00:00:00+00:00,2023-07-01 00:00:00+00:00,6.0729493834967325,6.314,6.0729493834967325,5.716442177888058,0.03969251203679125,0.03833417067985678,0.0013583413569344671,6.536688716426203,6
SOL,long,1,2023-06-29 20:00:00+00:00,2023-06-30 00:00:00+00:00,2023-07-01 00:00:00+00:00,18.959742885687554,18.86,18.959742885687554,17.081245138850186,-0.005260772062623764,-0.006453927330032694,0.0011931552674089296,6.000925858297193,6
XRP,short,-1,2023-06-30 08:00:00+00:00,2023-06-30 12:00:00+00:00,2023-07-01 12:00:00+00:00,0.47105661948285327,0.47063,0.48899090698031167,0.47105661948285327,0.0009064859504350764,-0.00024244793217220728,0.0011489338826072837,5.742762706652812,6
AVAX,long,1,2023-06-30 12:00:00+00:00,2023-06-30 16:00:00+00:00,2023-07-01 16:00:00+00:00,13.097368395891815,12.88,13.097368395891815,12.102286139383422,-0.016596341289445204,-0.01811172537576433,0.001515384086319127,7.710732744665526,6
ETH,long,1,2023-06-30 12:00:00+00:00,2023-06-30 16:00:00+00:00,2023-07-01 16:00:00+00:00,1881.0482858431692,1922.72,1881.0482858431692,1824.3455929478005,0.02215345266278046,0.021123248066307054,0.0010302045964734052,5.041924062981029,6
BNB,long,1,2023-07-01 08:00:00+00:00,2023-07-01 12:00:00+00:00,2023-07-02 12:00:00+00:00,247.70428724825504,245.75,247.70428724825504,239.5833869460734,-0.007889597995921704,-0.009169768994236605,0.0012801709983149001,6.455921962584254,6
XRP,long,1,2023-07-01 20:00:00+00:00,2023-07-02 00:00:00+00:00,2023-07-03 00:00:00+00:00,0.4834785939081523,0.48456,0.4834785939081523,0.46351192156931875,0.002236719692398914,0.001086258843347343,0.001150460849051571,5.742762706652812,6
SOL,long,1,2023-07-02 00:00:00+00:00,2023-07-02 04:00:00+00:00,2023-07-03 04:00:00+00:00,19.356745687015003,19.573,19.356745687015003,18.20297929710187,0.011172038754947655,0.009959172899844493,0.0012128658551031624,6.000925858297193,6
BTC,long,1,2023-07-02 12:00:00+00:00,2023-07-02 16:00:00+00:00,2023-07-03 16:00:00+00:00,30652.085947790332,31065.5,30652.085947790332,30344.887626711487,0.013487305657234439,0.012471700669631325,0.0010156049876031137,5.012959217987713,6
ADA,long,1,2023-07-02 16:00:00+00:00,2023-07-02 20:00:00+00:00,2023-07-03 20:00:00+00:00,0.29217565497408754,0.2984,0.29217565497408754,0.2865318659332679,0.02130343483431041,0.019265156728819566,0.0020382781054908428,9.988775255673833,6
AVAX,long,1,2023-07-02 16:00:00+00:00,2023-07-02 20:00:00+00:00,2023-07-03 20:00:00+00:00,13.168922123467151,13.3,13.168922123467151,12.833244696529894,0.009953576709157419,0.008397280304817123,0.001556296404340296,7.710732744665526,6
DOT,long,1,2023-07-02 16:00:00+00:00,2023-07-02 20:00:00+00:00,2023-07-03 20:00:00+00:00,5.449835913519507,5.466,5.449835913519507,5.307110977093911,0.002965976726087227,0.0011529155998002416,0.0018130611262869856,9.046674492363598,6
ETH,long,1,2023-07-02 16:00:00+00:00,2023-07-02 20:00:00+00:00,2023-07-03 20:00:00+00:00,1922.9468536159472,1967.72,1922.9468536159472,1905.9508680690694,0.023283610932803622,0.022252267276200444,0.0010313436566031786,5.041924062981029,6
BNB,long,1,2023-07-03 04:00:00+00:00,2023-07-03 08:00:00+00:00,2023-07-04 08:00:00+00:00,252.78292267292292,244.8,252.78292267292292,246.1610216466783,-0.03158015022736349,-0.03282975208958272,0.0012496018622192295,6.455921962584254,6
SOL,short,-1,2023-07-03 08:00:00+00:00,2023-07-03 12:00:00+00:00,2023-07-04 12:00:00+00:00,19.182262520078424,19.245,19.76205359525286,19.182262520078424,-0.0032599366028358556,-0.0044554918031125545,0.001195555200276699,6.000925858297193,6
LINK,short,-1,2023-07-03 16:00:00+00:00,2023-07-03 20:00:00+00:00,2023-07-04 20:00:00+00:00,6.575392963469098,6.454,6.753801065080435,6.575392963469098,0.018808950026200533,0.017477892703372966,0.0013310573228275668,6.536688716426203,6
ADA,short,-1,2023-07-04 00:00:00+00:00,2023-07-04 04:00:00+00:00,2023-07-05 04:00:00+00:00,0.2972437049706175,0.29432,0.3023984514958365,0.2972437049706175,0.009933762471519003,0.007918175520735815,0.002015586950783188,9.988775255673833,6
AVAX,short,-1,2023-07-04 00:00:00+00:00,2023-07-04 04:00:00+00:00,2023-07-05 04:00:00+00:00,13.174332030204527,13.12,13.507751253877977,13.174332030204527,0.0041411608387598164,0.0025938211252301002,0.0015473397135297162,7.710732744665526,6
BTC,short,-1,2023-07-04 00:00:00+00:00,2023-07-04 04:00:00+00:00,2023-07-05 04:00:00+00:00,30973.97841533591,30864.6,31424.447628531878,30973.97841533591,0.003543814445543081,0.002538173726078785,0.0010056407194642958,5.012959217987713,6
ETH,short,-1,2023-07-04 00:00:00+00:00,2023-07-04 04:00:00+00:00,2023-07-05 04:00:00+00:00,1947.5130171706194,1941.32,1978.3480792839573,1947.5130171706194,0.003190106304277185,0.002179014421782366,0.001011091882494819,5.041924062981029,6
XRP,short,-1,2023-07-04 08:00:00+00:00,2023-07-04 12:00:00+00:00,2023-07-05 12:00:00+00:00,0.4835570633723873,0.47796,0.4931904434127605,0.4835570633723873,0.011710317542027227,0.010548982013160346,0.0011613355288668803,5.742762706652812,6
BNB,short,-1,2023-07-04 12:00:00+00:00,2023-07-04 16:00:00+00:00,2023-07-05 16:00:00+00:00,241.7718827665961,237.59,245.94597940656627,241.7718827665961,0.01760125748809327,0.016288194329947325,0.001313063158145944,6.455921962584254,6
DOT,short,-1,2023-07-04 12:00:00+00:00,2023-07-04 16:00:00+00:00,2023-07-05 16:00:00+00:00,5.335702947138867,5.169,5.523928391816619,5.335702947138867,0.03225052179122989,0.03038452300654737,0.001865998784682521,9.046674492363598,6
SOL,short,-1,2023-07-04 16:00:00+00:00,2023-07-04 20:00:00+00:00,2023-07-05 20:00:00+00:00,19.14399683914935,18.602,19.864660665964568,19.14399683914935,0.029136482052970036,0.02790206847003529,0.0012344135829347458,6.000925858297193,6
LINK,short,-1,2023-07-05 04:00:00+00:00,2023-07-05 08:00:00+00:00,2023-07-06 08:00:00+00:00,6.456261109639973,6.364,6.628877499408721,6.456261109639973,0.01449734595222707,0.013171921669996145,0.0013254242822309248,6.536688716426203,6
ADA,short,-1,2023-07-05 08:00:00+00:00,2023-07-05 12:00:00+00:00,2023-07-06 12:00:00+00:00,0.2806100366498336,0.28764,0.2912081854790224,0.2806100366498336,-0.02444014514728976,-0.026387129975618318,0.0019469848283285573,9.988775255673833,6
AVAX,long,1,2023-07-06 00:00:00+00:00,2023-07-06 04:00:00+00:00,2023-07-07 04:00:00+00:00,12.84186932538411,12.59,12.84186932538411,12.401963916981087,-0.019613135673810955,-0.02112387100561186,0.0015107353318009054,7.710732744665526,6
BTC,long,1,2023-07-06 00:00:00+00:00,2023-07-06 04:00:00+00:00,2023-07-07 04:00:00+00:00,30749.66275274624,30141.1,30749.66275274624,30244.628134236722,-0.019790875680153364,-0.02077313295165195,0.0009822572714985878,5.012959217987713,6
DOT,long,1,2023-07-06 04:00:00+00:00,2023-07-06 08:00:00+00:00,2023-07-07 08:00:00+00:00,5.361665103226067,5.08,5.361665103226067,5.168113909861196,-0.05253313994874309,-0.05424587534781544,0.0017127353990723515,9.046674492363598,6
ETH,long,1,2023-07-06 04:00:00+00:00,2023-07-06 08:00:00+00:00,2023-07-07 08:00:00+00:00,1942.1249759902157,1855.82,1942.1249759902157,1907.4908251005693,-0.04443842546549415,-0.04540151366299938,0.0009630881975052352,5.041924062981029,6
SOL,long,1,2023-07-06 04:00:00+00:00,2023-07-06 08:00:00+00:00,2023-07-07 08:00:00+00:00,20.15062554018132,19.445,20.15062554018132,19.044972039937313,-0.03501755013879193,-0.03617501318103711,0.001157463042245177,6.000925858297193,6
BNB,short,-1,2023-07-06 08:00:00+00:00,2023-07-06 12:00:00+00:00,2023-07-07 12:00:00+00:00,237.38492629512686,233.18,243.37235940657112,237.38492629512686,0.01803296292618084,0.016719342716339236,0.0013136202098416039,6.455921962584254,6
XRP,short,-1,2023-07-06 08:00:00+00:00,2023-07-06 12:00:00+00:00,2023-07-07 12:00:00+00:00,0.4684643239625948,0.46606,0.48201223561696405,0.4684643239625948,0.005158829255020425,0.004005014135882501,0.0011538151191379242,5.742762706652812,6
ADA,short,-1,2023-07-06 16:00:00+00:00,2023-07-06 20:00:00+00:00,2023-07-07 20:00:00+00:00,0.27855426111593473,0.28312,0.28924641891034036,0.27855426111593473,-0.016126514849057805,-0.018090091700908695,0.00196357685185089,9.988775255673833,6
DOT,short,-1,2023-07-07 12:00:00+00:00,2023-07-07 16:00:00+00:00,2023-07-08 16:00:00+00:00,5.070361179699015,5.153,5.23292129685622,5.070361179699015,-0.016037030914221706,-0.017815740312499218,0.0017787093982775115,9.046674492363598,6
AVAX,long,1,2023-07-07 20:00:00+00:00,2023-07-08 00:00:00+00:00,2023-07-09 00:00:00+00:00,12.973520413342657,13.63,12.973520413342657,12.510682900924428,0.05060149949601844,0.04898256633536002,0.00161893316065842,7.710732744665526,6
ADA,long,1,2023-07-08 12:00:00+00:00,2023-07-08 16:00:00+00:00,2023-07-09 16:00:00+00:00,0.292910016614674,0.28625,0.292910016614674,0.2850435210955407,-0.022737415031577002,-0.024687798103166125,0.0019503830715891235,9.988775255673833,6
LINK,short,-1,2023-07-08 12:00:00+00:00,2023-07-08 16:00:00+00:00,2023-07-09 16:00:00+00:00,6.100858231843341,6.162,6.258142633231475,6.100858231843341,-0.009922390158497163,-0.011215910452673339,0.0012935202941761759,6.536688716426203,6
XRP,long,1,2023-07-08 12:00:00+00:00,2023-07-08 16:00:00+00:00,2023-07-09 16:00:00+00:00,0.47428000188975405,0.46961,0.47428000188975405,0.4639370108865504,-0.009846508119985109,-0.010983098712384565,0.0011365905923994557,5.742762706652812,6
BNB,short,-1,2023-07-09 00:00:00+00:00,2023-07-09 04:00:00+00:00,2023-07-10 04:00:00+00:00,234.4486331553824,233.49,237.70257966513802,234.4486331553824,0.004105671143870726,0.0028100220338067583,0.0012956491100639678,6.455921962584254,6
BTC,long,1,2023-07-09 08:00:00+00:00,2023-07-09 12:00:00+00:00,2023-07-10 12:00:00+00:00,30451.13350251285,30242.1,30451.13350251285,30091.5344436812,-0.006864555714998333,-0.007859766316010486,0.000995210601012153,5.012959217987713,6
ETH,short,-1,2023-07-09 16:00:00+00:00,2023-07-09 20:00:00+00:00,2023-07-10 20:00:00+00:00,1857.0731408882816,1899.88,1879.8764339083275,1857.0731408882816,-0.022531348880833746,-0.023516516709273128,0.0009851678284393817,5.041924062981029,6
ADA,short,-1,2023-07-09 20:00:00+00:00,2023-07-10 00:00:00+00:00,2023-07-11 00:00:00+00:00,0.281715312410157,0.28782,0.2868074930281528,0.281715312410157,-0.02121008821431103,-0.02316351946600559,0.0019534312516945596,9.988775255673833,6
DOT,short,-1,2023-07-09 20:00:00+00:00,2023-07-10 00:00:00+00:00,2023-07-11 00:00:00+00:00,5.025478884232644,5.13,5.131070012233741,5.025478884232644,-0.020374486504357803,-0.02214535508619686,0.001770868581839058,9.046674492363598,6
LINK,short,-1,2023-07-09 20:00:00+00:00,2023-07-10 00:00:00+00:00,2023-07-11 00:00:00+00:00,6.091131722436403,6.168,6.205399213544038,6.091131722436403,-0.012462431511607863,-0.013752633283068638,0.001290201771460775,6.536688716426203,6
SOL,short,-1,2023-07-09 20:00:00+00:00,2023-07-10 00:00:00+00:00,2023-07-11 00:00:00+00:00,21.019252031785307,21.293,21.63722454596644,21.019252031785307,-0.012856242343243895,-0.014040287106995675,0.0011840447637517793,6.000925858297193,6
XRP,short,-1,2023-07-09 20:00:00+00:00,2023-07-10 00:00:00+00:00,2023-07-11 00:00:00+00:00,0.46671362456881504,0.47779,0.46955067382586735,0.46671362456881504,-0.023182518326429924,-0.024303800601618963,0.0011212822751890394,5.742762706652812,6
AVAX,long,1,2023-07-10 12:00:00+00:00,2023-07-10 16:00:00+00:00,2023-07-11 16:00:00+00:00,13.62871933072533,13.34,13.62871933072533,13.057397080502433,-0.02118462664899301,-0.022692940378642557,0.0015083137296495464,7.710732744665526,6
BTC,short,-1,2023-07-10 16:00:00+00:00,2023-07-10 20:00:00+00:00,2023-07-11 20:00:00+00:00,30585.435477132265,30583.6,31093.860039071405,30585.435477132265,6.0015077762765046e-05,-0.0009421345629342381,0.0010021496406970032,5.012959217987713,6
DOT,short,-1,2023-07-11 04:00:00+00:00,2023-07-11 08:00:00+00:00,2023-07-12 08:00:00+00:00,5.090085483513625,5.252,5.204550903084866,5.090085483513625,-0.030829115858030276,-0.03258108561128403,0.001751969753253757,9.046674492363598,6
ETH,short,-1,2023-07-11 04:00:00+00:00,2023-07-11 08:00:00+00:00,2023-07-12 08:00:00+00:00,1866.076544938845,1890.32,1899.8347650932963,1866.076544938845,-0.012825053462458658,-0.013820004039397094,0.000994950576938436,5.041924062981029,6
XRP,short,-1,2023-07-11 04:00:00+00:00,2023-07-11 08:00:00+00:00,2023-07-12 08:00:00+00:00,0.47287469538933896,0.47552,0.4800523367254763,0.47287469538933896,-0.005562972347453399,-0.006704479982009626,0.001141507634556227,5.742762706652812,6
ADA,long,1,2023-07-11 16:00:00+00:00,2023-07-11 20:00:00+00:00,2023-07-12 20:00:00+00:00,0.2927999511004605,0.28613,0.2927999511004605,0.28669223674562283,-0.022779891442577416,-0.02473018974137975,0.0019502982988023332,9.988775255673833,6
LINK,long,1,2023-07-11 20:00:00+00:00,2023-07-12 00:00:00+00:00,2023-07-13 00:00:00+00:00,6.28138838819085,6.251,6.28138838819085,6.125589857226153,-0.0048378457616122805,-0.006138008930345662,0.0013001631687333814,6.536688716426203,6
BNB,short,-1,2023-07-12 08:00:00+00:00,2023-07-12 12:00:00+00:00,2023-07-13 12:00:00+00:00,245.81373685592752,245.7,250.0443107295688,245.81373685592752,0.00046290946653448906,-0.0008280392010751036,0.0012909486676095927,6.455921962584254,6
SOL,long,1,2023-07-12 08:00:00+00:00,2023-07-12 12:00:00+00:00,2023-07-13 12:00:00+00:00,22.512184199073317,22.414,22.512184199073317,21.7503721393749,-0.004361380406498139,-0.00555561446306263,0.0011942340565644916,6.000925858297193,6
DOT,short,-1,2023-07-12 12:00:00+00:00,2023-07-12 16:00:00+00:00,2023-07-13 16:00:00+00:00,5.114293306978838,5.358,5.24452537037704,5.114293306978838,-0.04548463848845874,-0.04721011546031895,0.001725476971860207,9.046674492363598,6
XRP,short,-1,2023-07-12 12:00:00+00:00,2023-07-12 16:00:00+00:00,2023-07-13 16:00:00+00:00,0.4675180582282727,0.59125,0.47458847352515404,0.4675180582282727,-0.20927178312342887,-0.21017945477213484,0.0009076716487059766,5.742762706652812,6
AVAX,long,1,2023-07-13 00:00:00+00:00,2023-07-13 04:00:00+00:00,2023-07-14 04:00:00+00:00,13.076336042400602,14.76,13.076336042400602,12.805085419727412,0.1287565532225574,0.1270171863787073,0.0017393668438501209,7.710732744665526,6
ADA,long,1,2023-07-13 04:00:00+00:00,2023-07-13 08:00:00+00:00,2023-07-14 08:00:00+00:00,0.2893182703233792,0.35263,0.2893182703233792,0.2831944816634663,0.21883073476782333,0.21639823927604018,0.0024324954917831487,9.988775255673833,6
BTC,long,1,2023-07-13 04:00:00+00:00,2023-07-13 08:00:00+00:00,2023-07-14 08:00:00+00:00,30569.87663556453,31106.9,30569.87663556453,30157.523368199065,0.017567076597577946,0.016547383314352127,0.0010196932832258199,5.012959217987713,6
ETH,long,1,2023-07-13 04:00:00+00:00,2023-07-13 08:00:00+00:00,2023-07-14 08:00:00+00:00,1881.7484442513783,1991.36,1881.7484442513783,1859.0206003288088,0.05824984528802357,0.057183259980315704,0.001066585307707868,5.041924062981029,6
LINK,long,1,2023-07-13 04:00:00+00:00,2023-07-13 08:00:00+00:00,2023-07-14 08:00:00+00:00,6.352563796422796,7.11,6.352563796422796,6.2538229088499975,0.11923315181875482,0.11777089190963097,0.001462259909123853,6.536688716426203,6
BNB,long,1,2023-07-13 20:00:00+00:00,2023-07-14 00:00:00+00:00,2023-07-15 00:00:00+00:00,259.966199099629,247.76,259.966199099629,252.6263534546315,-0.04695302366963161,-0.04818278912382412,0.0012297654541925107,6.455921962584254,6
DOT,long,1,2023-07-13 20:00:00+00:00,2023-07-14 00:00:00+00:00,2023-07-15 00:00:00+00:00,5.653257962394516,5.451,5.653257962394516,5.436853616879949,-0.035777239202586686,-0.03752026423558852,0.0017430250330018326,9.046674492363598,6
SOL,long,1,2023-07-13 20:00:00+00:00,2023-07-14 00:00:00+00:00,2023-07-15 00:00:00+00:00,27.356790312456045,26.665,27.356790312456045,24.75614164764192,-0.02528770022194682,-0.02645683388233322,0.001169133660386401,6.000925858297193,6
ADA,short,-1,2023-07-14 12:00:00+00:00,2023-07-14 16:00:00+00:00,2023-07-15 16:00:00+00:00,0.3273001271890847,0.33092,0.36869177362184785,0.3273001271890847,-0.010938815456652096,-0.012912745719378393,0.001973930262726298,9.988775255673833,6
AVAX,short,-1,2023-07-14 12:00:00+00:00,2023-07-14 16:00:00+00:00,2023-07-15 16:00:00+00:00,15.194781933264506,15.12,15.995497735174313,15.194781933264506,0.004945895057176353,0.0033973152817277086,0.0015485797754486441,7.710732744665526,6
BTC,short,-1,2023-07-14 12:00:00+00:00,2023-07-14 16:00:00+00:00,2023-07-15 16:00:00+00:00,30827.10643045993,30299.9,31670.180263021,30827.10643045993,0.017399609584847875,0.016380084118557292,0.0010195254662905828,5.012959217987713,6
ETH,short,-1,2023-07-14 12:00:00+00:00,2023-07-14 16:00:00+00:00,2023-07-15 16:00:00+00:00,1962.4234304984602,1935.01,2035.2601574296855,1962.4234304984602,0.014167074329569429,0.01314491901732695,0.0010221553122424787,5.041924062981029,6
LINK,short,-1,2023-07-14 12:00:00+00:00,2023-07-14 16:00:00+00:00,2023-07-15 16:00:00+00:00,6.954893451468098,6.972,7.338248437037772,6.954893451468098,-0.002453607075717512,-0.0037568852135155817,0.0013032781377980696,6.536688716426203,6
XRP,long,1,2023-07-16 04:00:00+00:00,2023-07-16 08:00:00+00:00,2023-07-17 08:00:00+00:00,0.7540523964490593,0.74961,0.7540523964490593,0.677932200477443,-0.005891363080310019,-0.007032493757333391,0.001141130677023372,5.742762706652812,6
LINK,short,-1,2023-07-16 12:00:00+00:00,2023-07-16 16:00:00+00:00,2023-07-17 16:00:00+00:00,6.614336193483247,6.667,7.009392876896474,6.614336193483247,-0.00789917601871204,-0.009195339609255337,0.0012961635905432978,6.536688716426203,6
BTC,long,1,2023-07-16 20:00:00+00:00,2023-07-17 00:00:00+00:00,2023-07-18 00:00:00+00:00,30327.219931216285,30141.3,30327.219931216285,30134.68661858145,-0.0061304640398283095,-0.007126410266400374,0.0009959462265720642,5.012959217987713,6
DOT,long,1,2023-07-16 20:00:00+00:00,2023-07-17 00:00:00+00:00,2023-07-18 00:00:00+00:00,5.397771349307187,5.301,5.397771349307187,5.219721654867112,-0.017928019370366255,-0.019703310429697196,0.0017752910593309412,9.046674492363598,6
ETH,long,1,2023-07-16 20:00:00+00:00,2023-07-17 00:00:00+00:00,2023-07-18 00:00:00+00:00,1931.9031550485788,1911.1,1931.9031550485788,1913.0630031540406,-0.010768218372755767,-0.011765241985751351,0.0009970236129955845,5.041924062981029,6
ADA,short,-1,2023-07-17 04:00:00+00:00,2023-07-17 08:00:00+00:00,2023-07-18 08:00:00+00:00,0.3126204073561923,0.30633,0.3210557396070513,0.3126204073561923,0.020534741475507712,0.01849799749865033,0.0020367439768573803,9.988775255673833,6
AVAX,short,-1,2023-07-17 04:00:00+00:00,2023-07-17 08:00:00+00:00,2023-07-18 08:00:00+00:00,14.295328528299967,14.0,14.788859142444732,14.295328528299967,0.02109489487856897,0.019521430166886455,0.0015734647116825151,7.710732744665526,6
BNB,short,-1,2023-07-17 04:00:00+00:00,2023-07-17 08:00:00+00:00,2023-07-18 08:00:00+00:00,240.1161132390817,241.51,246.1412160255657,240.1161132390817,-0.005771548842359753,-0.007054452868263006,0.0012829040259032531,6.455921962584254,6
SOL,short,-1,2023-07-17 04:00:00+00:00,2023-07-17 08:00:00+00:00,2023-07-18 08:00:00+00:00,26.771107680074753,25.726,28.543288463507697,26.771107680074753,0.04062456969893313,0.03937637655256854,0.0012481931463645957,6.000925858297193,6
XRP,long,1,2023-07-18 08:00:00+00:00,2023-07-18 12:00:00+00:00,2023-07-19 12:00:00+00:00,0.7675178928172608,0.79475,0.7675178928172608,0.7298558219194158,0.03548074570975879,0.0342921242648655,0.0011886214448932897,5.742762706652812,6
ADA,short,-1,2023-07-18 12:00:00+00:00,2023-07-18 16:00:00+00:00,2023-07-19 16:00:00+00:00,0.30033732550693815,0.31272,0.309491383540514,0.30033732550693815,-0.03959668231344926,-0.041513418307976724,0.0019167359945274631,9.988775255673833,6
AVAX,short,-1,2023-07-18 12:00:00+00:00,2023-07-18 16:00:00+00:00,2023-07-19 16:00:00+00:00,13.630767261468419,13.95,14.256248109328062,13.630767261468419,-0.02288406727824943,-0.02438976224065892,0.0015056949624094873,7.710732744665526,6
BNB,short,-1,2023-07-18 12:00:00+00:00,2023-07-18 16:00:00+00:00,2023-07-19 16:00:00+00:00,237.30268994176836,241.07,243.29466477673492,237.30268994176836,-0.01562745284868139,-0.016897639295527345,0.0012701864468459556,6.455921962584254,6
BTC,short,-1,2023-07-18 12:00:00+00:00,2023-07-18 16:00:00+00:00,2023-07-19 16:00:00+00:00,29707.16072742574,29954.7,30106.37150470965,29707.16072742574,-0.008263787404789946,-0.0092575958504173,0.0009938084456273533,5.012959217987713,6
DOT,short,-1,2023-07-18 12:00:00+00:00,2023-07-18 16:00:00+00:00,2023-07-19 16:00:00+00:00,5.096312049868211,5.178,5.297637926370338,5.096312049868211,-0.01577596564924466,-0.017555146975079094,0.0017791813258344336,9.046674492363598,6
ETH,short,-1,2023-07-18 12:00:00+00:00,2023-07-18 16:00:00+00:00,2023-07-19 16:00:00+00:00,1879.415078240913,1906.42,1915.3753089335178,1879.415078240913,-0.014165253070722583,-0.01515885289177088,0.0009935998210482966,5.041924062981029,6
SOL,long,1,2023-07-18 20:00:00+00:00,2023-07-19 00:00:00+00:00,2023-07-20 00:00:00+00:00,26.35745400260475,26.307,26.35745400260475,24.776976749554876,-0.0019142214039249428,-0.003111390742995934,0.0011971693390709914,6.000925858297193,6
LINK,short,-1,2023-07-19 16:00:00+00:00,2023-07-19 20:00:00+00:00,2023-07-20 20:00:00+00:00,6.857807466752549,8.133,7.208566475461211,6.857807466752549,-0.15679239312030624,-0.15789403014437464,0.0011016370240684026,6.536688716426203,6
XRP,short,-1,2023-07-19 16:00:00+00:00,2023-07-19 20:00:00+00:00,2023-07-20 20:00:00+00:00,0.8177255747659684,0.79275,0.851883881825963,0.8177255747659684,0.03150498236009902,0.030320924667450067,0.0011840576926489543,5.742762706652812,6
ADA,long,1,2023-07-19 20:00:00+00:00,2023-07-20 00:00:00+00:00,2023-07-21 00:00:00+00:00,0.33117428509868935,0.31608,0.33117428509868935,0.3142866734625343,-0.04557807105763434,-0.047482869626611524,0.001904798568977184,9.988775255673833,6
DOT,long,1,2023-07-19 20:00:00+00:00,2023-07-20 00:00:00+00:00,2023-07-21 00:00:00+00:00,5.266722487315628,5.353,5.266722487315628,5.114395160343628,0.016381632579305583,0.01454431997821759,0.0018373126010879925,9.046674492363598,6
BNB,long,1,2023-07-20 00:00:00+00:00,2023-07-20 04:00:00+00:00,2023-07-21 04:00:00+00:00,243.7083882084631,244.05,243.7083882084631,239.1332876492931,0.0014017235682699525,0.00010956350061519515,0.0012921600676547573,6.455921962584254,6
BTC,long,1,2023-07-20 00:00:00+00:00,2023-07-20 04:00:00+00:00,2023-07-21 04:00:00+00:00,30126.798294868084,29899.2,30126.798294868084,29776.028704743185,-0.007554679147795618,-0.00854919818336175,0.0009945190355661326,5.012959217987713,6
ETH,long,1,2023-07-20 00:00:00+00:00,2023-07-20 04:00:00+00:00,2023-07-21 04:00:00+00:00,1907.663337167406,1896.29,1907.663337167406,1880.8316803569926,-0.005961920505477614,-0.006963788273861127,0.001001867768383513,5.041924062981029,6
AVAX,short,-1,2023-07-20 08:00:00+00:00,2023-07-20 12:00:00+00:00,2023-07-21 12:00:00+00:00,14.025852086675084,13.89,14.477730033451197,14.025852086675084,0.009780567795182327,0.008224537990374037,0.00155602980480829,7.710732744665526,6
SOL,short,-1,2023-07-20 08:00:00+00:00,2023-07-20 12:00:00+00:00,2023-07-21 12:00:00+00:00,26.579596209468843,25.285,27.73264477725225,26.579596209468843,0.05120016648087167,0.04993928827228,0.0012608782085916648,6.000925858297193,6
XRP,short,-1,2023-07-21 16:00:00+00:00,2023-07-21 20:00:00+00:00,2023-07-22 20:00:00+00:00,0.7686768723056241,0.74757,0.7992206636285253,0.7686768723056241,0.02823397448482967,0.027053671560314463,0.0011803029245152086,5.742762706652812,6
ADA,short,-1,2023-07-22 04:00:00+00:00,2023-07-22 08:00:00+00:00,2023-07-23 08:00:00+00:00,0.3090507607608188,0.31595,0.31675668475626967,0.3090507607608188,-0.021836490707964007,-0.02378867180965949,0.0019521811016954826,9.988775255673833,6
AVAX,short,-1,2023-07-22 04:00:00+00:00,2023-07-22 08:00:00+00:00,2023-07-23 08:00:00+00:00,13.725690862657055,13.58,14.13735031202912,13.725690862657055,0.010728340401845005,0.009170850118917828,0.0015574902829271764,7.710732744665526,6
BNB,short,-1,2023-07-22 04:00:00+00:00,2023-07-22 08:00:00+00:00,2023-07-23 08:00:00+00:00,242.1936425918326,242.58,245.29623058736485,242.1936425918326,-0.0015927009982992235,-0.0028809972061667466,0.001288296207867523,6.455921962584254,6
BTC,short,-1,2023-07-22 12:00:00+00:00,2023-07-22 16:00:00+00:00,2023-07-23 16:00:00+00:00,29810.052465171037,29899.9,29994.030525597398,29810.052465171037,-0.0030049443251972674,-0.004004022602258073,0.0009990782770608053,5.012959217987713,6
ETH,short,-1,2023-07-22 12:00:00+00:00,2023-07-22 16:00:00+00:00,2023-07-23 16:00:00+00:00,1883.83100376746,1874.25,1893.9625820811805,1883.83100376746,0.005111913441355309,0.004098884614323506,0.0010130288270318033,5.041924062981029,6
SOL,short,-1,2023-07-22 12:00:00+00:00,2023-07-22 16:00:00+00:00,2023-07-23 16:00:00+00:00,25.3202016590455,24.683,26.065199198926102,25.3202016590455,0.025815405706174355,0.024584975639346585,0.0012304300668277701,6.000925858297193,6
LINK,short,-1,2023-07-22 16:00:00+00:00,2023-07-22 20:00:00+00:00,2023-07-23 20:00:00+00:00,7.81418420023196,7.949,8.16363773432758,7.81418420023196,-0.016960095580329626,-0.018244421226836782,0.0012843256465071562,6.536688716426203,6
DOT,long,1,2023-07-23 04:00:00+00:00,2023-07-23 08:00:00+00:00,2023-07-24 08:00:00+00:00,5.4871429865772345,5.335,5.4871429865772345,5.355654312615453,-0.027727177321496765,-0.029484754447590023,0.0017575771260932571,9.046674492363598,6
ADA,long,1,2023-07-23 12:00:00+00:00,2023-07-23 16:00:00+00:00,2023-07-24 16:00:00+00:00,0.31749525986129995,0.30272,0.31749525986129995,0.31155280914496924,-0.046536946308283866,-0.04843983119092399,0.0019028848826401212,9.988775255673833,6
AVAX,long,1,2023-07-23 12:00:00+00:00,2023-07-23 16:00:00+00:00,2023-07-24 16:00:00+00:00,13.634801712770722,12.94,13.634801712770722,13.406164889716996,-0.050957962382390365,-0.05242039664152187,0.0014624342591315065,7.710732744665526,6
BNB,long,1,2023-07-23 12:00:00+00:00,2023-07-23 16:00:00+00:00,2023-07-24 16:00:00+00:00,243.18139330617174,237.01,243.18139330617174,241.14289667782623,-0.02537773643891339,-0.026635341594148598,0.0012576051552352085,6.455921962584254,6
BTC,short,-1,2023-07-23 20:00:00+00:00,2023-07-24 00:00:00+00:00,2023-07-25 00:00:00+00:00,29977.583122927084,29176.7,30186.379186383245,29977.583122927084,0.027449407332805986,0.026419811069712917,0.0010295962630930688,5.012959217987713,6
ETH,short,-1,2023-07-23 20:00:00+00:00,2023-07-24 00:00:00+00:00,2023-07-25 00:00:00+00:00,1876.3819868755347,1849.79,1900.8573101573857,1876.3819868755347,0.014375678793557611,0.013353313233746888,0.0010223655598107229,5.041924062981029,6
SOL,short,-1,2023-07-23 20:00:00+00:00,2023-07-24 00:00:00+00:00,2023-07-25 00:00:00+00:00,24.322672415091443,23.365,25.19501206700341,24.322672415091443,0.040987477641405645,0.03973884919952786,0.001248628441877786,6.000925858297193,6
XRP,short,-1,2023-07-23 20:00:00+00:00,2023-07-24 00:00:00+00:00,2023-07-25 00:00:00+00:00,0.7275416333447008,0.70197,0.7490348031283143,0.7275416333447008,0.0364283848949396,0.0352386756613432,0.0011897092335964032,5.742762706652812,6
LINK,short,-1,2023-07-24 04:00:00+00:00,2023-07-24 08:00:00+00:00,2023-07-25 08:00:00+00:00,7.602273193777187,7.432,7.872079110362211,7.602273193777187,0.02291081724666122,0.021574400901024804,0.0013364163456364153,6.536688716426203,6
AVAX,long,1,2023-07-25 08:00:00+00:00,2023-07-25 12:00:00+00:00,2023-07-26 12:00:00+00:00,13.493223052784547,13.16,13.493223052784547,13.030808081373493,-0.0246955861828565,-0.026198489670070657,0.0015029034872141578,7.710732744665526,6
XRP,long,1,2023-07-25 08:00:00+00:00,2023-07-25 12:00:00+00:00,2023-07-26 12:00:00+00:00,0.7012709150734191,0.69787,0.7012709150734191,0.6699469132422425,-0.004849645123330193,-0.005991971581451594,0.001142326458121401,5.742762706652812,6
SOL,long,1,2023-07-26 04:00:00+00:00,2023-07-26 08:00:00+00:00,2023-07-27 08:00:00+00:00,23.947475806514117,25.001,23.947475806514117,22.99224475467372,0.043993120694553856,0.042740887087884705,0.0012522336066691508,6.000925858297193,6
ADA,long,1,2023-07-26 08:00:00+00:00,2023-07-26 12:00:00+00:00,2023-07-27 12:00:00+00:00,0.30345973949627064,0.31086,0.30345973949627064,0.2990563514311437,0.02438630085168292,0.022341870080792914,0.0020444307708900045,9.988775255673833,6
BNB,long,1,2023-07-26 08:00:00+00:00,2023-07-26 12:00:00+00:00,2023-07-27 12:00:00+00:00,238.19970615154978,241.99,238.19970615154978,235.5079416609726,0.015912252410751337,0.014601368662589875,0.0013108837481614621,6.455921962584254,6
BTC,long,1,2023-07-26 08:00:00+00:00,2023-07-26 12:00:00+00:00,2023-07-27 12:00:00+00:00,29272.533029798866,29510.0,29272.533029798866,29082.17744509449,0.008112279520169796,0.007102060789822229,0.0010102187303475674,5.012959217987713,6
DOT,long,1,2023-07-26 08:00:00+00:00,2023-07-26 12:00:00+00:00,2023-07-27 12:00:00+00:00,5.214954347323055,5.291,5.214954347323055,5.139321883758709,0.014582227880092669,0.012748168062036491,0.0018340598180561773,9.046674492363598,6
ETH,long,1,2023-07-26 08:00:00+00:00,2023-07-26 12:00:00+00:00,2023-07-27 12:00:00+00:00,1856.965084579231,1876.79,1856.965084579231,1845.0540769194602,0.010675976401172349,0.009657339685010813,0.0010186367161615362,5.041924062981029,6
LINK,long,1,2023-07-26 08:00:00+00:00,2023-07-26 12:00:00+00:00,2023-07-27 12:00:00+00:00,7.610121446897401,8.032,7.610121446897401,7.387530460886475,0.05543650729445271,0.054057596663781515,0.001378910630671193,6.536688716426203,6
XRP,long,1,2023-07-26 16:00:00+00:00,2023-07-26 20:00:00+00:00,2023-07-27 20:00:00+00:00,0.72779964340499,0.71342,0.72779964340499,0.7005797381467969,-0.019757695040513168,-0.02088290864752007,0.001125213607006903,5.742762706652812,6
AVAX,long,1,2023-07-27 04:00:00+00:00,2023-07-27 08:00:00+00:00,2023-07-28 08:00:00+00:00,13.380824315331797,13.03,13.380824315331797,13.140266687347214,-0.026218438196652927,-0.027718995032329885,0.0015005568356769583,7.710732744665526,6
ADA,long,1,2023-07-27 20:00:00+00:00,2023-07-28 00:00:00+00:00,2023-07-29 00:00:00+00:00,0.3107510364390278,0.30987,0.3107510364390278,0.30483736912197434,-0.002835184233410226,-0.004825287411583501,0.0019901031781732748,9.988775255673833,6
DOT,short,-1,2023-07-28 00:00:00+00:00,2023-07-28 04:00:00+00:00,2023-07-29 04:00:00+00:00,5.169309788693932,5.231,5.263111926374601,5.169309788693932,-0.011793196579252152,-0.013579577554868938,0.0017863809756167859,9.046674492363598,6
BNB,long,1,2023-07-28 08:00:00+00:00,2023-07-28 12:00:00+00:00,2023-07-29 12:00:00+00:00,242.43550588558205,241.51,242.43550588558205,239.57299401273116,-0.0038175344085896734,-0.005102959799658913,0.0012854253910692393,6.455921962584254,6
BTC,long,1,2023-07-28 08:00:00+00:00,2023-07-28 12:00:00+00:00,2023-07-29 12:00:00+00:00,29369.550250528155,29273.9,29369.550250528155,29049.526313214734,-0.003256782950785353,-0.00425560886300369,0.0009988259122183374,5.012959217987713,6
ETH,long,1,2023-07-28 08:00:00+00:00,2023-07-28 12:00:00+00:00,2023-07-29 12:00:00+00:00,1876.777093562098,1870.79,1876.777093562098,1856.5974443915545,-0.0031900930497476,-0.004194754478298424,0.0010046614285508237,5.041924062981029,6
SOL,long,1,2023-07-28 08:00:00+00:00,2023-07-28 12:00:00+00:00,2023-07-29 12:00:00+00:00,25.2660909270193,24.964,25.2660909270193,24.033324575375307,-0.011956377735356294,-0.013141501855553184,0.0011851241201968898,6.000925858297193,6
XRP,short,-1,2023-07-29 04:00:00+00:00,2023-07-29 08:00:00+00:00,2023-07-30 08:00:00+00:00,0.7052357174865848,0.71034,0.7179006381077555,0.7052357174865848,-0.007185689266288264,-0.008325334194911438,0.0011396449286231736,5.742762706652812,6
ADA,long,1,2023-07-29 08:00:00+00:00,2023-07-29 12:00:00+00:00,2023-07-30 12:00:00+00:00,0.3112867685137557,0.31447,0.3112867685137557,0.3067697379362919,0.010226041734580305,0.008209871464088137,0.002016170270492168,9.988775255673833,6
LINK,long,1,2023-07-29 12:00:00+00:00,2023-07-29 16:00:00+00:00,2023-07-30 16:00:00+00:00,7.811729878786946,7.72,7.811729878786946,7.672892551336866,-0.011742582015801917,-0.01303372425892102,0.0012911422431191033,6.536688716426203,6
ETH,long,1,2023-07-29 16:00:00+00:00,2023-07-29 20:00:00+00:00,2023-07-30 20:00:00+00:00,1883.6656017924558,1862.55,1883.6656017924558,1872.2517410436712,-0.011209846255281541,-0.012206424761847079,0.0009965785065655375,5.041924062981029,6
AVAX,long,1,2023-07-29 20:00:00+00:00,2023-07-30 00:00:00+00:00,2023-07-31 00:00:00+00:00,13.307082149076903,13.11,13.307082149076903,13.133487720455944,-0.01481032031432794,-0.016328456584594697,0.0015181362702667567,7.710732744665526,6
BNB,short,-1,2023-07-30 04:00:00+00:00,2023-07-30 08:00:00+00:00,2023-07-31 08:00:00+00:00,242.0879527156909,243.41,243.57432180547374,242.0879527156909,-0.005431359781065237,-0.006714702770383663,0.0012833429893184256,6.455921962584254,6
DOT,short,-1,2023-07-30 04:00:00+00:00,2023-07-30 08:00:00+00:00,2023-07-31 08:00:00+00:00,5.206894604187428,5.178,5.269291215907314,5.206894604187428,0.005580263458367707,0.0037624764871797556,0.0018177869711879513,9.046674492363598,6
BTC,long,1,2023-07-30 08:00:00+00:00,2023-07-30 12:00:00+00:00,2023-07-31 12:00:00+00:00,29416.69231759585,29409.9,29416.69231759585,29211.06827418549,-0.00023090011353132933,-0.0012327582311698615,0.0010018581176385322,5.012959217987713,6
SOL,short,-1,2023-07-30 12:00:00+00:00,2023-07-30 16:00:00+00:00,2023-07-31 16:00:00+00:00,24.651679670088008,23.937,25.120528632838155,24.651679670088008,0.029856693407194212,0.02862141595567258,0.0012352774515216325,6.000925858297193,6
XRP,short,-1,2023-07-30 12:00:00+00:00,2023-07-30 16:00:00+00:00,2023-07-31 16:00:00+00:00,0.7089630126591111,0.69619,0.7206850440386423,0.7089630126591111,0.018347021156740473,0.017178067400038355,0.001168953756702118,5.742762706652812,6
LINK,long,1,2023-07-30 20:00:00+00:00,2023-07-31 00:00:00+00:00,2023-08-01 00:00:00+00:00,7.653632587371146,7.552,7.653632587371146,7.459612850270126,-0.01327900003180782,-0.014568134969778046,0.0012891349379702266,6.536688716426203,6
AVAX,short,-1,2023-07-31 08:00:00+00:00,2023-07-31 12:00:00+00:00,2023-08-01 12:00:00+00:00,12.99540518612598,12.68,13.225605322679149,12.99540518612598,0.024874226035171976,0.0232949375315592,0.0015792885036127746,7.710732744665526,6
ETH,short,-1,2023-07-31 08:00:00+00:00,2023-07-31 12:00:00+00:00,2023-08-01 12:00:00+00:00,1859.8630589944623,1830.95,1875.8310683294171,1859.8630589944623,0.015791288126088876,0.014767495806688125,0.0010237923194007514,5.041924062981029,6
BNB,short,-1,2023-07-31 12:00:00+00:00,2023-07-31 16:00:00+00:00,2023-08-01 16:00:00+00:00,240.86974204150798,245.1,243.2360412039789,240.86974204150798,-0.017259314396132264,-0.018527395168224547,0.0012680807720922838,6.455921962584254,6
DOT,short,-1,2023-07-31 12:00:00+00:00,2023-07-31 16:00:00+00:00,2023-08-01 16:00:00+00:00,5.0658888927668375,5.101,5.184800842652216,5.0658888927668375,-0.006883181186661869,-0.008678437994803612,0.001795256808141743,9.046674492363598,6
BTC,long,1,2023-07-31 16:00:00+00:00,2023-07-31 20:00:00+00:00,2023-08-01 20:00:00+00:00,29293.82564638214,29272.5,29293.82564638214,29037.139133278495,-0.0007279911691826513,-0.001729351157093495,0.0010013599879108437,5.012959217987713,6
ADA,short,-1,2023-07-31 20:00:00+00:00,2023-08-01 00:00:00+00:00,2023-08-02 00:00:00+00:00,0.3029867750179202,0.3103,0.31135015577633895,0.3029867750179202,-0.023568240354752912,-0.025516965297123995,0.0019487249423710828,9.988775255673833,6
SOL,short,-1,2023-07-31 20:00:00+00:00,2023-08-01 00:00:00+00:00,2023-08-02 00:00:00+00:00,23.34135680414679,24.059,24.127147608657857,23.34135680414679,-0.029828471501442744,-0.030992158663874614,0.00116368716243187,6.000925858297193,6
XRP,short,-1,2023-07-31 20:00:00+00:00,2023-08-01 00:00:00+00:00,2023-08-02 00:00:00+00:00,0.6839036825014344,0.70699,0.711468610200062,0.6839036825014344,-0.03265437629749446,-0.033764785890063265,0.0011104095925688062,5.742762706652812,6
ETH,long,1,2023-08-01 16:00:00+00:00,2023-08-01 20:00:00+00:00,2023-08-02 20:00:00+00:00,1867.95479676252,1841.69,1867.95479676252,1834.1990962191285,-0.01406072395758251,-0.015054429131083014,0.0009937051735005031,5.041924062981029,6
ADA,short,-1,2023-08-02 08:00:00+00:00,2023-08-02 12:00:00+00:00,2023-08-03 12:00:00+00:00,0.3038386871361275,0.29596,0.3122791300684177,0.3038386871361275,0.026620783673900084,0.024571893408154244,0.0020488902657458397,9.988775255673833,6
AVAX,short,-1,2023-08-02 08:00:00+00:00,2023-08-02 12:00:00+00:00,2023-08-03 12:00:00+00:00,12.614046662370907,12.52,12.94813665841483,12.614046662370907,0.007511714246877466,0.0059591806509056156,0.00155253359597185,7.710732744665526,6
BNB,short,-1,2023-08-02 08:00:00+00:00,2023-08-02 12:00:00+00:00,2023-08-03 12:00:00+00:00,242.41587886348478,240.69,249.15025320603195,242.41587886348478,0.007170546609683637,0.005870942733419371,0.0012996038762642659,6.455921962584254,6
BTC,short,-1,2023-08-02 08:00:00+00:00,2023-08-02 12:00:00+00:00,2023-08-03 12:00:00+00:00,29238.74517914492,29145.9,29892.8729890713,29238.74517914492,0.0031855313833135668,0.0021802496955438677,0.001005281687769699,5.012959217987713,6
DOT,short,-1,2023-08-02 08:00:00+00:00,2023-08-02 12:00:00+00:00,2023-08-03 12:00:00+00:00,5.096179213232743,5.028,5.23272335689387,5.096179213232743,0.013559907166416751,0.011727695397035554,0.001832211769381198,9.046674492363598,6
LINK,short,-1,2023-08-02 08:00:00+00:00,2023-08-02 12:00:00+00:00,2023-08-03 12:00:00+00:00,7.5353469138382865,7.316,7.778584937125816,7.5353469138382865,0.029981808889869788,0.0286361544086573,0.0013456544812124882,6.536688716426203,6
SOL,short,-1,2023-08-02 08:00:00+00:00,2023-08-02 12:00:00+00:00,2023-08-03 12:00:00+00:00,23.252697762181658,22.743,24.111081205890923,23.252697762181658,0.022411192990443585,0.021184846158919024,0.0012263468315245607,6.000925858297193,6
XRP,short,-1,2023-08-02 08:00:00+00:00,2023-08-02 12:00:00+00:00,2023-08-03 12:00:00+00:00,0.6819721467179312,0.66582,0.7106634357905175,0.6819721467179312,0.0242590290437823,0.023083288932639556,0.0011757401111427424,5.742762706652812,6
ETH,long,1,2023-08-03 12:00:00+00:00,2023-08-03 16:00:00+00:00,2023-08-04 16:00:00+00:00,1856.2395457973405,1847.2,1856.2395457973405,1823.9223529987414,-0.004869816408020533,-0.005872784882621995,0.0010029684746014622,5.041924062981029,6
ADA,short,-1,2023-08-03 16:00:00+00:00,2023-08-03 20:00:00+00:00,2023-08-04 20:00:00+00:00,0.29164314542823977,0.29332,0.29918499189095316,0.29164314542823977,-0.005716809531434164,-0.007701161672694301,0.0019843521412601373,9.988775255673833,6
AVAX,short,-1,2023-08-03 16:00:00+00:00,2023-08-03 20:00:00+00:00,2023-08-04 20:00:00+00:00,12.40209154286092,12.41,12.639029429695755,12.40209154286092,-0.000637264878249888,-0.0021772412367369043,0.0015399763584870163,7.710732744665526,6
DOT,short,-1,2023-08-03 16:00:00+00:00,2023-08-03 20:00:00+00:00,2023-08-04 20:00:00+00:00,4.95892909077699,4.98,5.0636176763853715,4.95892909077699,-0.004231106269680818,-0.006031157232407658,0.0018000509627268402,9.046674492363598,6
LINK,short,-1,2023-08-03 16:00:00+00:00,2023-08-03 20:00:00+00:00,2023-08-04 20:00:00+00:00,7.096551810375868,7.096,7.3049561794510876,7.096551810375868,7.776358171751596e-05,-0.0012288217506731813,0.0013065853323906973,6.536688716426203,6
SOL,short,-1,2023-08-03 16:00:00+00:00,2023-08-03 20:00:00+00:00,2023-08-04 20:00:00+00:00,22.496351165382094,22.951,23.292572077481612,22.496351165382094,-0.019809543576223554,-0.02098524809586022,0.0011757045196366667,6.000925858297193,6
XRP,short,-1,2023-08-03 16:00:00+00:00,2023-08-03 20:00:00+00:00,2023-08-04 20:00:00+00:00,0.6654979658725044,0.65407,0.6828132215314024,0.6654979658725044,0.017472083832776875,0.016304134410796367,0.0011679494219805076,5.742762706652812,6
BNB,long,1,2023-08-04 00:00:00+00:00,2023-08-04 04:00:00+00:00,2023-08-05 04:00:00+00:00,243.32862028006946,241.03,243.32862028006946,239.70497195465927,-0.00944656768046337,-0.010724729640841368,0.0012781619603779992,6.455921962584254,6
BTC,long,1,2023-08-04 08:00:00+00:00,2023-08-04 12:00:00+00:00,2023-08-05 12:00:00+00:00,29329.98670345703,29054.0,29329.98670345703,29007.902419189257,-0.009409711168553048,-0.010402371296008628,0.0009926601274555802,5.012959217987713,6
ADA,long,1,2023-08-05 12:00:00+00:00,2023-08-05 16:00:00+00:00,2023-08-06 16:00:00+00:00,0.29375074138326107,0.29122,0.29375074138326107,0.2885921077196325,-0.008615268071644477,-0.010593835580854472,0.001978567509209994,9.988775255673833,6
SOL,short,-1,2023-08-05 12:00:00+00:00,2023-08-05 16:00:00+00:00,2023-08-06 16:00:00+00:00,22.26662835556197,23.026,22.934303112506928,22.26662835556197,-0.03297887798306387,-0.03413878634198375,0.001159908358919881,6.000925858297193,6
AVAX,long,1,2023-08-05 16:00:00+00:00,2023-08-05 20:00:00+00:00,2023-08-06 20:00:00+00:00,12.444030720685992,12.57,12.444030720685992,12.236838964634572,0.010122867914863498,0.00856631063982527,0.0015565572750382284,7.710732744665526,6
BNB,long,1,2023-08-05 20:00:00+00:00,2023-08-06 00:00:00+00:00,2023-08-07 00:00:00+00:00,244.35611481302104,243.21,244.35611481302104,242.08916746472903,-0.004690346357397401,-0.0059746455143886434,0.001284299156991242,6.455921962584254,6
DOT,long,1,2023-08-05 20:00:00+00:00,2023-08-06 00:00:00+00:00,2023-08-07 00:00:00+00:00,5.004181208651534,5.005,5.004181208651534,4.94201308242875,0.00016362144261483635,-0.0016443738673389552,0.0018079953099537915,9.046674492363598,6
LINK,short,-1,2023-08-06 00:00:00+00:00,2023-08-06 04:00:00+00:00,2023-08-07 04:00:00+00:00,7.168223998286495,7.164,7.28020999517798,7.168223998286495,0.0005896145011856646,-0.0007176395561062643,0.001307254057291929,6.536688716426203,6
BTC,long,1,2023-08-06 16:00:00+00:00,2023-08-06 20:00:00+00:00,2023-08-07 20:00:00+00:00,29160.190887258716,29162.9,29160.190887258716,29025.365319532957,9.29044926956113e-05,-0.0009092781061389443,0.0010021825988345556,5.012959217987713,6
ADA,long,1,2023-08-06 20:00:00+00:00,2023-08-07 00:00:00+00:00,2023-08-08 00:00:00+00:00,0.2944109938262553,0.29097,0.2944109938262553,0.2899857610289631,-0.011687721920758065,-0.013660157544773899,0.0019724356240158336,9.988775255673833,6
SOL,long,1,2023-08-06 20:00:00+00:00,2023-08-07 00:00:00+00:00,2023-08-08 00:00:00+00:00,23.400562926973876,23.116,23.400562926973876,22.987278155601295,-0.012160516303044155,-0.013345395566096152,0.0011848792630519966,6.000925858297193,6
AVAX,short,-1,2023-08-07 00:00:00+00:00,2023-08-07 04:00:00+00:00,2023-08-08 04:00:00+00:00,12.622506134450587,12.43,12.818246889847325,12.622506134450587,0.01548721918347451,0.013922395666518206,0.001564823516956304,7.710732744665526,6
ETH,short,-1,2023-08-07 00:00:00+00:00,2023-08-07 04:00:00+00:00,2023-08-08 04:00:00+00:00,1834.1689749513364,1830.1,1843.2622676924848,1834.1689749513364,0.0022233620847693647,0.0012132445611989784,0.0010101175235703863,5.041924062981029,6
XRP,short,-1,2023-08-07 00:00:00+00:00,2023-08-07 04:00:00+00:00,2023-08-08 04:00:00+00:00,0.6204839141274076,0.62039,0.6312019755593216,0.6204839141274076,0.00015137917665919431,-0.000996687923916606,0.0011480671005758003,5.742762706652812,6
BNB,short,-1,2023-08-07 04:00:00+00:00,2023-08-07 08:00:00+00:00,2023-08-08 08:00:00+00:00,241.5674946623213,242.82,243.85790887282093,241.5674946623213,-0.005158163815495831,-0.006441859323597643,0.001283695508101812,6.455921962584254,6
DOT,short,-1,2023-08-07 04:00:00+00:00,2023-08-07 08:00:00+00:00,2023-08-08 08:00:00+00:00,4.981257438649549,4.966,5.040920151038714,4.981257438649549,0.0030723799133203222,0.0012591264420418469,0.0018132534712784754,9.046674492363598,6
LINK,short,-1,2023-08-07 08:00:00+00:00,2023-08-07 12:00:00+00:00,2023-08-08 12:00:00+00:00,7.165601077419627,7.429,7.2687676075258345,7.165601077419627,-0.03545550176071788,-0.03671566345986821,0.0012601616991503306,6.536688716426203,6
BTC,long,1,2023-08-08 04:00:00+00:00,2023-08-08 08:00:00+00:00,2023-08-09 08:00:00+00:00,29374.286989203705,29821.8,29374.286989203705,29000.310959142465,0.015234855265109148,0.014217499076392803,0.0010173561887163451,5.012959217987713,6
ETH,long,1,2023-08-08 08:00:00+00:00,2023-08-08 12:00:00+00:00,2023-08-09 12:00:00+00:00,1848.6393500978386,1863.29,1848.6393500978386,1828.8339820966537,0.007925099020198889,0.0069092348491133215,0.0010158641710855676,5.041924062981029,6
SOL,long,1,2023-08-08 08:00:00+00:00,2023-08-08 12:00:00+00:00,2023-08-09 12:00:00+00:00,23.64261610801363,24.856,23.64261610801363,23.138104450910564,0.05132189629281747,0.05006087207353027,0.001261024219287199,6.000925858297193,6
XRP,long,1,2023-08-08 08:00:00+00:00,2023-08-08 12:00:00+00:00,2023-08-09 12:00:00+00:00,0.6316372948652311,0.645,0.6316372948652311,0.6144610890698122,0.021155662028506494,0.019983484251671735,0.0011721777768347597,5.742762706652812,6
ADA,long,1,2023-08-08 12:00:00+00:00,2023-08-08 16:00:00+00:00,2023-08-09 16:00:00+00:00,0.2982479178865751,0.29801,0.2982479178865751,0.29275758475942143,-0.0007977185163975387,-0.0027918879902670835,0.001994169473869545,9.988775255673833,6
BNB,long,1,2023-08-08 12:00:00+00:00,2023-08-08 16:00:00+00:00,2023-08-09 16:00:00+00:00,245.97564450854279,243.9,245.97564450854279,243.6498793193265,-0.008438414757241053,-0.009717877589106139,0.0012794628318650858,6.455921962584254,6
DOT,long,1,2023-08-08 12:00:00+00:00,2023-08-08 16:00:00+00:00,2023-08-09 16:00:00+00:00,5.0788352746371155,5.05,5.0788352746371155,4.977673547761661,-0.005677536891403934,-0.007474973142173602,0.0017974362507696684,9.046674492363598,6
AVAX,long,1,2023-08-08 16:00:00+00:00,2023-08-08 20:00:00+00:00,2023-08-09 20:00:00+00:00,12.826141663736479,12.55,12.826141663736479,12.496010429476959,-0.021529597206712436,-0.023037379351097953,0.0015077821443855166,7.710732744665526,6
LINK,long,1,2023-08-08 16:00:00+00:00,2023-08-08 20:00:00+00:00,2023-08-09 20:00:00+00:00,7.476046148367982,7.674,7.476046148367982,7.218216010047003,0.026478414887156854,0.025137337533228,0.0013410773539288545,6.536688716426203,6
BTC,short,-1,2023-08-09 12:00:00+00:00,2023-08-09 16:00:00+00:00,2023-08-10 16:00:00+00:00,29528.626319794395,29468.0,29993.388192809325,29528.626319794395,0.0020573611983980555,0.0010532100381253073,0.0010041511602727482,5.012959217987713,6
ETH,long,1,2023-08-09 16:00:00+00:00,2023-08-09 20:00:00+00:00,2023-08-10 20:00:00+00:00,1858.699809575247,1850.17,1858.699809575247,1838.5948536686772,-0.004589127050696917,-0.005592378425547162,0.0010032513748502447,5.041924062981029,6
XRP,short,-1,2023-08-09 16:00:00+00:00,2023-08-09 20:00:00+00:00,2023-08-10 20:00:00+00:00,0.654094566881524,0.63413,0.6664229837257692,0.654094566881524,0.03148339753918594,0.03029936462360916,0.0011840329155767826,5.742762706652812,6
ADA,short,-1,2023-08-10 00:00:00+00:00,2023-08-10 04:00:00+00:00,2023-08-11 04:00:00+00:00,0.29827568944976673,0.29624,0.3034061846171378,0.29827568944976673,0.006871757526892841,0.004862281607782348,0.0020094759191104927,9.988775255673833,6
BNB,short,-1,2023-08-10 00:00:00+00:00,2023-08-10 04:00:00+00:00,2023-08-11 04:00:00+00:00,241.71707497652795,240.47,244.5914195583455,241.71707497652795,0.0051859898387656145,0.0038889467380132103,0.0012970431007524041,6.455921962584254,6
AVAX,long,1,2023-08-10 08:00:00+00:00,2023-08-10 12:00:00+00:00,2023-08-11 12:00:00+00:00,12.57087554142828,12.49,12.57087554142828,12.389781402791929,-0.006433564723614338,-0.007964609225414199,0.0015310445017998608,7.710732744665526,6
DOT,long,1,2023-08-10 08:00:00+00:00,2023-08-10 12:00:00+00:00,2023-08-11 12:00:00+00:00,5.037812928267136,5.008,5.037812928267136,4.970414018253958,-0.005917831545481866,-0.00771483341571777,0.0017970018702359036,9.046674492363598,6
LINK,long,1,2023-08-10 08:00:00+00:00,2023-08-10 12:00:00+00:00,2023-08-11 12:00:00+00:00,7.738011027164337,7.579,7.738011027164337,7.507728251621449,-0.020549340987771614,-0.021828977343531064,0.0012796363557594503,6.536688716426203,6
SOL,long,1,2023-08-10 20:00:00+00:00,2023-08-11 00:00:00+00:00,2023-08-12 00:00:00+00:00,24.901017173356895,24.624,24.901017173356895,24.35402023050154,-0.011124733235929551,-0.012310854884913125,0.0011861216489835735,6.000925858297193,6
ADA,short,-1,2023-08-11 08:00:00+00:00,2023-08-11 12:00:00+00:00,2023-08-12 12:00:00+00:00,0.2946190144392192,0.29411,0.2986949863623108,0.2946190144392192,0.0017306940913917046,-0.00026852149109202195,0.0019992155824837265,9.988775255673833,6
BNB,short,-1,2023-08-11 08:00:00+00:00,2023-08-11 12:00:00+00:00,2023-08-12 12:00:00+00:00,239.86634775883616,240.74,241.938106542343,239.86634775883616,-0.0036290281679980385,-0.004914696798349771,0.0012856686303517328,6.455921962584254,6
ETH,short,-1,2023-08-11 12:00:00+00:00,2023-08-11 16:00:00+00:00,2023-08-12 16:00:00+00:00,1840.5698899939491,1850.8,1852.128199060785,1840.5698899939491,-0.005527398965880059,-0.00652970467837688,0.0010023057124968204,5.041924062981029,6
LINK,long,1,2023-08-11 16:00:00+00:00,2023-08-11 20:00:00+00:00,2023-08-12 20:00:00+00:00,7.503765191958214,7.391,7.503765191958214,7.358940423559497,-0.015027814580214294,-0.016314664720420646,0.0012868501402063526,6.536688716426203,6
BTC,short,-1,2023-08-11 20:00:00+00:00,2023-08-12 00:00:00+00:00,2023-08-13 00:00:00+00:00,29389.10390239454,29431.9,29480.96777218875,29389.10390239454,-0.0014540718609895587,-0.002454704251062978,0.0010006323900734193,5.012959217987713,6
AVAX,long,1,2023-08-12 04:00:00+00:00,2023-08-12 08:00:00+00:00,2023-08-13 08:00:00+00:00,12.491303206065876,12.35,12.491303206065876,12.38890750204914,-0.01131212682414584,-0.012835653664906133,0.001523526840760292,7.710732744665526,6
DOT,long,1,2023-08-12 04:00:00+00:00,2023-08-12 08:00:00+00:00,2023-08-13 08:00:00+00:00,5.033319590989362,5.035,5.033319590989362,4.982807776581141,0.0003338570063475821,-0.001474446038354893,0.001808303044702475,9.046674492363598,6
SOL,long,1,2023-08-12 12:00:00+00:00,2023-08-12 16:00:00+00:00,2023-08-13 16:00:00+00:00,24.819031773593576,24.597,24.819031773593576,24.509936630453886,-0.008946028822518604,-0.010134763752022491,0.0011887349295038874,6.000925858297193,6
XRP,short,-1,2023-08-12 12:00:00+00:00,2023-08-12 16:00:00+00:00,2023-08-13 16:00:00+00:00,0.6273871278282668,0.62819,0.6339901549731463,0.6273871278282668,-0.0012780721942935447,-0.002424498437170075,0.0011464262428765304,5.742762706652812,6
ADA,short,-1,2023-08-13 00:00:00+00:00,2023-08-13 04:00:00+00:00,2023-08-14 04:00:00+00:00,0.28979507050856607,0.29043,0.2928529538168642,0.28979507050856607,-0.0021861704763074252,-0.004177568931169606,0.001991398454862181,9.988775255673833,6
LINK,short,-1,2023-08-13 08:00:00+00:00,2023-08-13 12:00:00+00:00,2023-08-14 12:00:00+00:00,7.439378758633737,7.53,7.577254207494137,7.439378758633737,-0.012034693408534358,-0.013325454012869886,0.001290760604335528,6.536688716426203,6
AVAX,long,1,2023-08-13 12:00:00+00:00,2023-08-13 16:00:00+00:00,2023-08-14 16:00:00+00:00,12.379333125249197,12.4,12.379333125249197,12.280863473163839,0.001669465918858748,0.000125934984272158,0.00154353093458659,7.710732744665526,6
BNB,long,1,2023-08-13 12:00:00+00:00,2023-08-13 16:00:00+00:00,2023-08-14 16:00:00+00:00,240.87482076314055,240.92,240.87482076314055,239.86623723039355,0.00018756313638879085,-0.001103030237711411,0.0012905933741002018,6.455921962584254,6
ETH,long,1,2023-08-13 12:00:00+00:00,2023-08-13 16:00:00+00:00,2023-08-14 16:00:00+00:00,1851.5056741982028,1853.3,1851.5056741982028,1845.9984271882486,0.0009691170957788486,-3.973630355513791e-05,0.0010088533993339865,5.041924062981029,6
BTC,short,-1,2023-08-13 16:00:00+00:00,2023-08-13 20:00:00+00:00,2023-08-14 20:00:00+00:00,29401.053008279465,29359.1,29483.204297679233,29401.053008279465,0.001428960979031002,0.00042543953202001106,0.001003521447010991,5.012959217987713,6
DOT,short,-1,2023-08-13 16:00:00+00:00,2023-08-13 20:00:00+00:00,2023-08-14 20:00:00+00:00,5.020232160844669,4.98,5.055830723918055,5.020232160844669,0.00807874715756407,0.006256443678563484,0.0018223034790005865,9.046674492363598,6
SOL,long,1,2023-08-14 08:00:00+00:00,2023-08-14 12:00:00+00:00,2023-08-15 12:00:00+00:00,24.76260460192272,24.836,24.76260460192272,24.25997223060109,0.002963961152599337,0.0017609406024277074,0.0012030205501716296,6.000925858297193,6
ADA,short,-1,2023-08-14 12:00:00+00:00,2023-08-14 16:00:00+00:00,2023-08-15 16:00:00+00:00,0.2892475501753369,0.288,0.2940320733864309,0.2892475501753369,0.0043317714421420295,0.0023273647295456446,0.002004406712596385,9.988775255673833,6
XRP,short,-1,2023-08-14 12:00:00+00:00,2023-08-14 16:00:00+00:00,2023-08-15 16:00:00+00:00,0.6247764996625553,0.62502,0.6387002235447813,0.6247764996625553,-0.00038958807309319443,-0.0015370342009691784,0.001147446127875984,5.742762706652812,6
BNB,short,-1,2023-08-15 04:00:00+00:00,2023-08-15 08:00:00+00:00,2023-08-16 08:00:00+00:00,238.42009025748357,234.82,240.6249839853807,238.42009025748357,0.015331276115678305,0.014021142031064526,0.0013101340846137788,6.455921962584254,6
AVAX,short,-1,2023-08-15 12:00:00+00:00,2023-08-15 16:00:00+00:00,2023-08-16 16:00:00+00:00,12.117005263961897,11.46,12.344048446100464,12.117005263961897,0.057330302265435895,0.05570100029991654,0.0016293019655193586,7.710732744665526,6
BTC,short,-1,2023-08-15 12:00:00+00:00,2023-08-15 16:00:00+00:00,2023-08-16 16:00:00+00:00,29166.343586288403,29106.1,29502.620150320385,29166.343586288403,0.0020697924589143657,0.001065628841405708,0.0010041636175086577,5.012959217987713,6
DOT,short,-1,2023-08-15 12:00:00+00:00,2023-08-15 16:00:00+00:00,2023-08-16 16:00:00+00:00,4.907255625474544,4.719,4.995134321666722,4.907255625474544,0.03989311834595122,0.038013304043056806,0.0018798143028944114,9.046674492363598,6
ETH,short,-1,2023-08-15 12:00:00+00:00,2023-08-15 16:00:00+00:00,2023-08-16 16:00:00+00:00,1829.6737930544246,1820.69,1851.2092051368465,1829.6737930544246,0.00493427934158186,0.003921429547811162,0.0010128497937706982,5.041924062981029,6
LINK,short,-1,2023-08-15 12:00:00+00:00,2023-08-15 16:00:00+00:00,2023-08-16 16:00:00+00:00,7.150304747176218,6.806,7.4283468856311385,7.150304747176218,0.05058841421925031,0.049215837543330476,0.0013725766759198343,6.536688716426203,6
ADA,short,-1,2023-08-16 04:00:00+00:00,2023-08-16 08:00:00+00:00,2023-08-17 08:00:00+00:00,0.2764179245559902,0.2768,0.28269733855183377,0.2764179245559902,-0.001380330361307136,-0.0033733370808698426,0.0019930067195627066,9.988775255673833,6
SOL,short,-1,2023-08-16 08:00:00+00:00,2023-08-16 12:00:00+00:00,2023-08-17 12:00:00+00:00,23.125801484031136,23.094,23.886350896051667,23.125801484031136,0.0013770452944978917,0.00017592819496137224,0.0012011170995365195,6.000925858297193,6
XRP,short,-1,2023-08-16 08:00:00+00:00,2023-08-16 12:00:00+00:00,2023-08-17 12:00:00+00:00,0.589228371369781,0.58494,0.6113962965878934,0.589228371369781,0.007331301278389324,0.0061749923930984885,0.0011563088852908354,5.742762706652812,6
BNB,long,1,2023-08-16 12:00:00+00:00,2023-08-16 16:00:00+00:00,2023-08-17 16:00:00+00:00,234.553761923102,225.05,234.553761923102,231.6353728652295,-0.040518480049865024,-0.04175654832611542,0.0012380682762503925,6.455921962584254,6
AVAX,short,-1,2023-08-16 20:00:00+00:00,2023-08-17 00:00:00+00:00,2023-08-18 00:00:00+00:00,11.149713509943659,10.55,11.594638721856562,11.149713509943659,0.056844882459114565,0.055216328505302226,0.0016285539538123395,7.710732744665526,6
BTC,short,-1,2023-08-16 20:00:00+00:00,2023-08-17 00:00:00+00:00,2023-08-18 00:00:00+00:00,28571.376468634204,26614.1,28903.78478322842,28571.376468634204,0.07354283889495439,0.07246705288806377,0.0010757860068906222,5.012959217987713,6
DOT,short,-1,2023-08-16 20:00:00+00:00,2023-08-17 00:00:00+00:00,2023-08-18 00:00:00+00:00,4.59495575992705,4.426,4.74830273455046,4.59495575992705,0.03817346586693393,0.03629676017902028,0.001876705687913649,9.046674492363598,6
ETH,short,-1,2023-08-16 20:00:00+00:00,2023-08-17 00:00:00+00:00,2023-08-18 00:00:00+00:00,1800.8813727343952,1680.4,1815.0664508439506,1800.8813727343952,0.07169803185812618,0.07061789243720495,0.0010801394209212223,5.041924062981029,6
LINK,short,-1,2023-08-16 20:00:00+00:00,2023-08-17 00:00:00+00:00,2023-08-18 00:00:00+00:00,6.649106629704184,6.185,6.878844263930066,6.649106629704184,0.07503745023511454,0.07363293129129045,0.0014045189438240957,6.536688716426203,6
ADA,long,1,2023-08-17 12:00:00+00:00,2023-08-17 16:00:00+00:00,2023-08-18 16:00:00+00:00,0.2733128165606259,0.26276,0.2733128165606259,0.26475523874288925,-0.038610763642271784,-0.04052946729535478,0.0019187036530829982,9.988775255673833,6
SOL,short,-1,2023-08-17 16:00:00+00:00,2023-08-17 20:00:00+00:00,2023-08-18 20:00:00+00:00,22.651023768488884,21.286,23.527290883044824,22.651023768488884,0.06412777264346903,0.06285138821882108,0.0012763844246479472,6.000925858297193,6
XRP,short,-1,2023-08-17 16:00:00+00:00,2023-08-17 20:00:00+00:00,2023-08-18 20:00:00+00:00,0.5696166802880449,0.50005,0.5831224407474067,0.5696166802880449,0.1391194486312266,0.13781186101016463,0.0013075876210619786,5.742762706652812,6
BNB,short,-1,2023-08-17 20:00:00+00:00,2023-08-18 00:00:00+00:00,2023-08-19 00:00:00+00:00,213.572016364552,216.03,221.96893444635919,213.572016364552,-0.011377973593704516,-0.012653643361851263,0.0012756697681467477,6.455921962584254,6
BTC,short,-1,2023-08-18 08:00:00+00:00,2023-08-18 12:00:00+00:00,2023-08-19 12:00:00+00:00,25929.806395707135,25898.9,27053.51107465797,25929.806395707135,0.0011933478142753806,0.00019006247274266919,0.0010032853415327114,5.012959217987713,6
ETH,short,-1,2023-08-18 08:00:00+00:00,2023-08-18 12:00:00+00:00,2023-08-19 12:00:00+00:00,1655.6326628333677,1660.1,1716.3133790420957,1655.6326628333677,-0.002691004859124324,-0.0036961693070081125,0.0010051644478837884,5.041924062981029,6
AVAX,long,1,2023-08-20 04:00:00+00:00,2023-08-20 08:00:00+00:00,2023-08-21 08:00:00+00:00,10.865506845798565,10.72,10.865506845798565,10.675332650943174,-0.0133916298488026,-0.014911952261998374,0.0015203224131957738,7.710732744665526,6
DOT,long,1,2023-08-20 04:00:00+00:00,2023-08-20 08:00:00+00:00,2023-08-21 08:00:00+00:00,4.512388257211262,4.484,4.512388257211262,4.45181638966833,-0.0062911823170123116,-0.008087509281233363,0.001796326964221051,9.046674492363598,6
LINK,long,1,2023-08-20 04:00:00+00:00,2023-08-20 08:00:00+00:00,2023-08-21 08:00:00+00:00,6.205923333060824,6.19,6.205923333060824,6.0846747491764255,-0.002565828194492026,-0.0038689597172236745,0.0013031315227316487,6.536688716426203,6
XRP,long,1,2023-08-20 04:00:00+00:00,2023-08-20 08:00:00+00:00,2023-08-21 08:00:00+00:00,0.5384754378559202,0.52119,0.5384754378559202,0.5180617894304815,-0.032100698826202034,-0.033211743981449104,0.0011110451552470701,5.742762706652812,6
ADA,long,1,2023-08-20 12:00:00+00:00,2023-08-20 16:00:00+00:00,2023-08-21 16:00:00+00:00,0.2718540134592896,0.26143,0.2718540134592896,0.2659978684141401,-0.03834415878818953,-0.04026339452098382,0.0019192357327942888,9.988775255673833,6
BTC,long,1,2023-08-20 16:00:00+00:00,2023-08-20 20:00:00+00:00,2023-08-21 20:00:00+00:00,26295.905495599498,26100.2,26295.905495599498,25972.097532990076,-0.007442432268865873,-0.008437063785850851,0.0009946315169849784,5.012959217987713,6
ETH,long,1,2023-08-20 16:00:00+00:00,2023-08-20 20:00:00+00:00,2023-08-21 20:00:00+00:00,1690.5323794989715,1672.48,1690.5323794989715,1665.5803782560515,-0.010678517440950608,-0.011675631461420921,0.0009971140204703133,5.041924062981029,6
SOL,short,-1,2023-08-20 20:00:00+00:00,2023-08-21 00:00:00+00:00,2023-08-22 00:00:00+00:00,21.49400136959846,21.192,22.051568381790542,21.49400136959846,0.014250725254740582,0.013034166621760601,0.0012165586329799805,6.000925858297193,6
BNB,short,-1,2023-08-21 00:00:00+00:00,2023-08-21 04:00:00+00:00,2023-08-22 04:00:00+00:00,214.57961648960762,209.95,217.24863182546386,214.57961648960762,0.02205104305600214,0.02073223811103353,0.0013188049449686101,6.455921962584254,6
DOT,long,1,2023-08-21 12:00:00+00:00,2023-08-21 16:00:00+00:00,2023-08-22 16:00:00+00:00,4.449140703821707,4.368,4.449140703821707,4.337567697830524,-0.018237387671738103,-0.02001211948613557,0.0017747318143974677,9.046674492363598,6
LINK,long,1,2023-08-21 12:00:00+00:00,2023-08-21 16:00:00+00:00,2023-08-22 16:00:00+00:00,6.167311277225967,6.125,6.167311277225967,6.037380363383879,-0.006860571053419973,-0.008158091564458125,0.0012975205110381527,6.536688716426203,6
XRP,long,1,2023-08-21 12:00:00+00:00,2023-08-21 16:00:00+00:00,2023-08-22 16:00:00+00:00,0.5235633878898465,0.51147,0.5235633878898465,0.4979380799538443,-0.023098230643260442,-0.024219609671718878,0.0011213790284584357,5.742762706652812,6
ADA,short,-1,2023-08-22 04:00:00+00:00,2023-08-22 08:00:00+00:00,2023-08-23 08:00:00+00:00,0.25783612138797135,0.25984,0.26549999756238035,0.25783612138797135,-0.00771197125934675,-0.00969234153358467,0.0019803702742379192,9.988775255673833,6
AVAX,short,-1,2023-08-22 08:00:00+00:00,2023-08-22 12:00:00+00:00,2023-08-23 12:00:00+00:00,10.06313287944304,10.12,10.31846654952915,10.06313287944304,-0.005619280687446548,-0.0071515799670370805,0.0015322992795905321,7.710732744665526,6
BNB,short,-1,2023-08-22 08:00:00+00:00,2023-08-22 12:00:00+00:00,2023-08-23 12:00:00+00:00,206.6225852828773,214.6,211.3036309183093,206.6225852828773,-0.037173414338875554,-0.03841579892518776,0.0012423845863122063,6.455921962584254,6
BTC,short,-1,2023-08-22 08:00:00+00:00,2023-08-22 12:00:00+00:00,2023-08-23 12:00:00+00:00,25935.664278242737,25940.1,26168.656654742343,25935.664278242737,-0.00017099863752501054,-0.0011729167818035346,0.001001918144278524,5.012959217987713,6
ETH,short,-1,2023-08-22 08:00:00+00:00,2023-08-22 12:00:00+00:00,2023-08-23 12:00:00+00:00,1650.7664757580146,1642.16,1674.5586398770665,1650.7664757580146,0.00524094835948663,0.004227789481173971,0.0010131588783126588,5.041924062981029,6
SOL,short,-1,2023-08-22 12:00:00+00:00,2023-08-22 16:00:00+00:00,2023-08-23 16:00:00+00:00,20.31282413237484,20.914,21.094555695830948,20.31282413237484,-0.028745140462138385,-0.029910127042648504,0.001164986580510119,6.000925858297193,6
LINK,long,1,2023-08-23 00:00:00+00:00,2023-08-23 04:00:00+00:00,2023-08-24 04:00:00+00:00,6.220848922784434,6.339,6.220848922784434,6.022753721405285,0.018992757850592845,0.01766146038583205,0.0013312974647607945,6.536688716426203,6
ADA,long,1,2023-08-23 12:00:00+00:00,2023-08-23 16:00:00+00:00,2023-08-24 16:00:00+00:00,0.2668022042248093,0.26261,0.2668022042248093,0.2589366373517239,-0.0157127795738784,-0.017677182142674996,0.001964402568796597,9.988775255673833,6
DOT,long,1,2023-08-23 12:00:00+00:00,2023-08-23 16:00:00+00:00,2023-08-24 16:00:00+00:00,4.5201498889942044,4.388,4.5201498889942044,4.392760525120157,-0.02923573161057491,-0.03099058172378666,0.0017548501132117478,9.046674492363598,6
XRP,long,1,2023-08-23 12:00:00+00:00,2023-08-23 16:00:00+00:00,2023-08-24 16:00:00+00:00,0.5309555830819501,0.51497,0.5309555830819501,0.5157153764361813,-0.030107194634174883,-0.031220528119594082,0.001113333485419199,5.742762706652812,6
BTC,short,-1,2023-08-23 16:00:00+00:00,2023-08-23 20:00:00+00:00,2023-08-24 20:00:00+00:00,26334.533438177023,26040.7,26908.76319011232,26334.533438177023,0.011283622874078691,0.010270226173854313,0.0010133967002243782,5.012959217987713,6
ETH,short,-1,2023-08-23 16:00:00+00:00,2023-08-23 20:00:00+00:00,2023-08-24 20:00:00+00:00,1665.3236033319529,1649.98,1709.080107857371,1665.3236033319529,0.009299266252895677,0.00828201709074472,0.0010172491621509572,5.041924062981029,6
BNB,long,1,2023-08-24 00:00:00+00:00,2023-08-24 04:00:00+00:00,2023-08-25 04:00:00+00:00,220.74724860872607,217.09,220.74724860872607,213.78847481650774,-0.0165675841115851,-0.017836557458785207,0.0012689733472001086,6.455921962584254,6
AVAX,short,-1,2023-08-24 08:00:00+00:00,2023-08-24 12:00:00+00:00,2023-08-25 12:00:00+00:00,10.114669445171542,10.034,10.500949791364993,10.114669445171542,0.008039609843685458,0.006486262782581909,0.0015533470611035494,7.710732744665526,6
LINK,short,-1,2023-08-24 08:00:00+00:00,2023-08-24 12:00:00+00:00,2023-08-25 12:00:00+00:00,6.188188558011167,5.982,6.397552955743104,6.188188558011167,0.03446816416101095,0.033116648329604814,0.001351515831406136,6.536688716426203,6
SOL,short,-1,2023-08-24 08:00:00+00:00,2023-08-24 12:00:00+00:00,2023-08-25 12:00:00+00:00,21.25787275556512,20.675,22.298561547081693,21.25787275556512,0.028192152627091627,0.026958871734611645,0.001233280892479982,6.000925858297193,6
DOT,short,-1,2023-08-24 20:00:00+00:00,2023-08-25 00:00:00+00:00,2023-08-26 00:00:00+00:00,4.36765684561022,4.489,4.479044414778605,4.36765684561022,-0.02703122173975936,-0.028790056944431486,0.0017588352046721267,9.046674492363598,6
XRP,short,-1,2023-08-25 00:00:00+00:00,2023-08-25 04:00:00+00:00,2023-08-26 04:00:00+00:00,0.510380184349501,0.52375,0.523908290720185,0.510380184349501,-0.025527094320761834,-0.026645685272797204,0.0011185909520353698,5.742762706652812,6
ETH,long,1,2023-08-25 08:00:00+00:00,2023-08-25 12:00:00+00:00,2023-08-26 12:00:00+00:00,1674.3927331612356,1650.68,1674.3927331612356,1633.9544172141057,-0.01416199001082985,-0.015155593120640076,0.000993603109810226,5.041924062981029,6
AVAX,long,1,2023-08-26 16:00:00+00:00,2023-08-26 20:00:00+00:00,2023-08-27 20:00:00+00:00,10.121305512493208,10.193,10.121305512493208,9.973240001045543,0.0070835217273399476,0.005531647958209485,0.001551873769130463,7.710732744665526,6
LINK,short,-1,2023-08-26 20:00:00+00:00,2023-08-27 00:00:00+00:00,2023-08-28 00:00:00+00:00,5.961838960104616,6.03,6.046459195094971,5.961838960104616,-0.011303655040693972,-0.01259537073476713,0.001291715694073159,6.536688716426203,6
ADA,long,1,2023-08-27 00:00:00+00:00,2023-08-27 04:00:00+00:00,2023-08-28 04:00:00+00:00,0.2625048145258836,0.26086,0.2625048145258836,0.2590267828908542,-0.006265845176418372,-0.008249101573459927,0.001983256397041555,9.988775255673833,6
ETH,long,1,2023-08-27 00:00:00+00:00,2023-08-27 04:00:00+00:00,2023-08-28 04:00:00+00:00,1653.1795256893638,1649.99,1653.1795256893638,1641.6008196498442,-0.0019293280855470218,-0.002935260209664947,0.0010059321241179253,5.041924062981029,6
SOL,long,1,2023-08-27 04:00:00+00:00,2023-08-27 08:00:00+00:00,2023-08-28 08:00:00+00:00,20.575789514735884,20.392,20.575789514735884,20.182111782519875,-0.008932318956910934,-0.01012107033092391,0.0011887513740129751,6.000925858297193,6
BNB,long,1,2023-08-27 08:00:00+00:00,2023-08-27 12:00:00+00:00,2023-08-28 12:00:00+00:00,217.8561929907733,216.66,217.8561929907733,215.96791651450857,-0.0054907458647456275,-0.006774012225150505,0.0012832663604048777,6.455921962584254,6
BTC,long,1,2023-08-27 08:00:00+00:00,2023-08-27 12:00:00+00:00,2023-08-28 12:00:00+00:00,26152.593513310003,26006.1,26152.593513310003,25967.136442677373,-0.005601490851584123,-0.006597967156633966,0.0009964763050498426,5.012959217987713,6
DOT,long,1,2023-08-27 08:00:00+00:00,2023-08-27 12:00:00+00:00,2023-08-28 12:00:00+00:00,4.528256026218446,4.46,4.528256026218446,4.495802331433348,-0.015073358445999108,-0.01685380987454599,0.0017804514285468809,9.046674492363598,6
XRP,short,-1,2023-08-27 16:00:00+00:00,2023-08-27 20:00:00+00:00,2023-08-28 20:00:00+00:00,0.5218492579465138,0.52141,0.5278478821334887,0.5218492579465138,0.000842442504964902,-0.0003064178625981073,0.0011488603675630094,5.742762706652812,6
AVAX,short,-1,2023-08-28 00:00:00+00:00,2023-08-28 04:00:00+00:00,2023-08-29 04:00:00+00:00,9.963983359423777,10.519,10.140794133747265,9.963983359423777,-0.052763251314404735,-0.05422290369846949,0.001459652384064758,7.710732744665526,6
LINK,short,-1,2023-08-28 04:00:00+00:00,2023-08-28 08:00:00+00:00,2023-08-29 08:00:00+00:00,5.859723685780058,5.887,5.968779054356384,5.859723685780058,-0.004633313100041003,-0.005933743487370191,0.0013004303873291878,6.536688716426203,6
ADA,long,1,2023-08-28 08:00:00+00:00,2023-08-28 12:00:00+00:00,2023-08-29 12:00:00+00:00,0.26227138679958256,0.26092,0.26227138679958256,0.2585419661193019,-0.005152627650591768,-0.0071381057643454815,0.0019854781137537136,9.988775255673833,6
ETH,long,1,2023-08-28 08:00:00+00:00,2023-08-28 12:00:00+00:00,2023-08-29 12:00:00+00:00,1646.6160770376932,1642.28,1646.6160770376932,1633.8288454828537,-0.0026333260668108815,-0.003638548647802775,0.0010052225809918935,5.041924062981029,6
BNB,long,1,2023-08-28 16:00:00+00:00,2023-08-28 20:00:00+00:00,2023-08-29 20:00:00+00:00,219.19534363659096,227.11,219.19534363659096,216.23472156681237,0.036107775977809675,0.03477083290851435,0.0013369430692953266,6.455921962584254,6
BTC,long,1,2023-08-28 16:00:00+00:00,2023-08-28 20:00:00+00:00,2023-08-29 20:00:00+00:00,26092.42921663452,27828.9,26092.42921663452,25898.731603310705,0.06655075190386817,0.06548197259393573,0.0010687793099324328,5.012959217987713,6
DOT,long,1,2023-08-28 20:00:00+00:00,2023-08-29 00:00:00+00:00,2023-08-30 00:00:00+00:00,4.660124472058248,4.674,4.660124472058248,4.558436395287443,0.0029775015721036358,0.0011644196123581363,0.0018130819597454995,9.046674492363598,6
SOL,long,1,2023-08-28 20:00:00+00:00,2023-08-29 00:00:00+00:00,2023-08-30 00:00:00+00:00,20.765060697405143,21.783,20.765060697405143,20.34310494708968,0.04902173499170481,0.04776346973626988,0.0012582652554349316,6.000925858297193,6
XRP,short,-1,2023-08-29 00:00:00+00:00,2023-08-29 04:00:00+00:00,2023-08-30 04:00:00+00:00,0.5174412474967836,0.53376,0.5242812083736839,0.5174412474967836,-0.03057320238162553,-0.03168600093985807,0.0011127985582325417,5.742762706652812,6
AVAX,long,1,2023-08-29 08:00:00+00:00,2023-08-29 12:00:00+00:00,2023-08-30 12:00:00+00:00,10.52252556436193,10.511,10.52252556436193,10.182270439225778,-0.001095323008856841,-0.0026345935188396563,0.0015392705099828152,7.710732744665526,6
ADA,short,-1,2023-08-29 20:00:00+00:00,2023-08-30 00:00:00+00:00,2023-08-31 00:00:00+00:00,0.2658332035231861,0.26548,0.27978520897414105,0.2658332035231861,0.0013304336416533058,-0.00066798311642291,0.0019984167580762158,9.988775255673833,6
SOL,short,-1,2023-08-30 08:00:00+00:00,2023-08-30 12:00:00+00:00,2023-08-31 12:00:00+00:00,20.832210868252023,20.892,22.009981172894733,20.832210868252023,-0.0028618194403587927,-0.0040578521683896085,0.0011960327280308158,6.000925858297193,6
ADA,short,-1,2023-08-31 08:00:00+00:00,2023-08-31 12:00:00+00:00,2023-09-01 12:00:00+00:00,0.25873792939441703,0.25805,0.2720079899561823,0.25873792939441703,0.0026658763589111345,0.0006647943756346031,0.0020010819832765314,9.988775255673833,6
AVAX,short,-1,2023-08-31 08:00:00+00:00,2023-08-31 12:00:00+00:00,2023-09-01 12:00:00+00:00,10.212828002781809,10.02,10.711105775031532,10.212828002781809,0.01924431165487106,0.017673698614872446,0.001570613039998614,7.710732744665526,6
DOT,short,-1,2023-08-31 08:00:00+00:00,2023-08-31 12:00:00+00:00,2023-09-01 12:00:00+00:00,4.427161599202664,4.272,4.551702156891954,4.427161599202664,0.03632059906429408,0.03444724280283129,0.0018733562614627886,9.046674492363598,6
ETH,short,-1,2023-08-31 08:00:00+00:00,2023-08-31 12:00:00+00:00,2023-09-01 12:00:00+00:00,1678.7075126968598,1646.67,1749.0340025839882,1678.7075126968598,0.01945593998606876,0.018428454149632234,0.0010274858364365258,5.041924062981029,6
XRP,short,-1,2023-08-31 08:00:00+00:00,2023-08-31 12:00:00+00:00,2023-09-01 12:00:00+00:00,0.516684375485585,0.50685,0.5361760655906054,0.516684375485585,0.01940293081895028,0.01823276499058646,0.0011701658283638228,5.742762706652812,6
BNB,short,-1,2023-08-31 12:00:00+00:00,2023-08-31 16:00:00+00:00,2023-09-01 16:00:00+00:00,219.6069101473963,213.39,223.24805884793906,219.6069101473963,0.029134027589841738,0.02780608310620547,0.0013279444836362675,6.455921962584254,6
BTC,short,-1,2023-08-31 12:00:00+00:00,2023-08-31 16:00:00+00:00,2023-09-01 16:00:00+00:00,26617.779849761766,25810.9,27224.235701854966,26617.779849761766,0.03126120552796552,0.030227789501924063,0.001033416026041456,5.012959217987713,6
LINK,short,-1,2023-08-31 12:00:00+00:00,2023-08-31 16:00:00+00:00,2023-09-01 16:00:00+00:00,5.866239597016028,5.935,6.022791162156389,5.866239597016028,-0.011585577587863827,-0.012876924954714486,0.0012913473668506592,6.536688716426203,6
SOL,short,-1,2023-08-31 16:00:00+00:00,2023-08-31 20:00:00+00:00,2023-09-01 20:00:00+00:00,19.429630019126886,19.283,20.228415292164254,19.429630019126886,0.007604108236627383,0.006395521990663955,0.0012085862459634278,6.000925858297193,6
ETH,long,1,2023-09-01 16:00:00+00:00,2023-09-01 20:00:00+00:00,2023-09-02 20:00:00+00:00,1637.6352050472985,1633.53,1637.6352050472985,1600.9723239457817,-0.0025067884683023234,-0.0035121385835849006,0.0010053501152825772,5.041924062981029,6
XRP,long,1,2023-09-01 16:00:00+00:00,2023-09-01 20:00:00+00:00,2023-09-02 20:00:00+00:00,0.4982431670631741,0.49703,0.4982431670631741,0.48597331766177354,-0.002434889514541516,-0.003579987854528177,0.001145098339986661,5.742762706652812,6
AVAX,short,-1,2023-09-02 12:00:00+00:00,2023-09-02 16:00:00+00:00,2023-09-03 16:00:00+00:00,9.776641801412834,9.873,9.958193311933627,9.776641801412834,-0.009759768924051948,-0.011285687883691664,0.001525918959639716,7.710732744665526,6
DOT,short,-1,2023-09-02 12:00:00+00:00,2023-09-02 16:00:00+00:00,2023-09-03 16:00:00+00:00,4.210831455674027,4.251,4.289532884452327,4.210831455674027,-0.009449198853439977,-0.011239817072647651,0.0017906182192076736,9.046674492363598,6
LINK,short,-1,2023-09-02 12:00:00+00:00,2023-09-02 16:00:00+00:00,2023-09-03 16:00:00+00:00,5.886525465428824,5.991,6.048574699813385,5.886525465428824,-0.017438580298977713,-0.018722280812982106,0.0012837005140043933,6.536688716426203,6
SOL,short,-1,2023-09-02 12:00:00+00:00,2023-09-02 16:00:00+00:00,2023-09-03 16:00:00+00:00,19.23748402157656,19.328,19.8797896632981,19.23748402157656,-0.004683152857173023,-0.005877000958822487,0.001193848101649464,6.000925858297193,6
ADA,long,1,2023-09-03 12:00:00+00:00,2023-09-03 16:00:00+00:00,2023-09-04 16:00:00+00:00,0.25558802039814127,0.25578,0.25558802039814127,0.25234234961220836,0.000751129108319315,-0.001246131496055236,0.001997260604374551,9.988775255673833,6
BNB,long,1,2023-09-03 12:00:00+00:00,2023-09-03 16:00:00+00:00,2023-09-04 16:00:00+00:00,214.6724191955309,214.96,214.6724191955309,212.8116307218244,0.0013396262339930853,4.7546293717504184e-05,0.0012920799402755812,6.455921962584254,6
BTC,long,1,2023-09-03 12:00:00+00:00,2023-09-03 16:00:00+00:00,2023-09-04 16:00:00+00:00,25991.78632716085,25816.5,25991.78632716085,25745.798454441825,-0.006743912286539588,-0.007739243783064564,0.000995331496524976,5.012959217987713,6
ETH,long,1,2023-09-03 12:00:00+00:00,2023-09-03 16:00:00+00:00,2023-09-04 16:00:00+00:00,1642.1153662644851,1626.39,1642.1153662644851,1623.6369120429827,-0.009576285922137995,-0.010574510856017683,0.0009982249338796878,5.041924062981029,6
XRP,long,1,2023-09-03 12:00:00+00:00,2023-09-03 16:00:00+00:00,2023-09-04 16:00:00+00:00,0.5077384322683595,0.50327,0.5077384322683595,0.49581243333367364,-0.008800657945856938,-0.00993844906269914,0.0011377911168422017,5.742762706652812,6
AVAX,long,1,2023-09-03 20:00:00+00:00,2023-09-04 00:00:00+00:00,2023-09-05 00:00:00+00:00,9.919385589778535,9.806,9.919385589778535,9.828822069429881,-0.011430706947754388,-0.012954051061482175,0.001523344113727787,7.710732744665526,6
DOT,long,1,2023-09-03 20:00:00+00:00,2023-09-04 00:00:00+00:00,2023-09-05 00:00:00+00:00,4.285186072009082,4.258,4.285186072009082,4.234961958487748,-0.00634419872375247,-0.008140429850239994,0.0017962311264875241,9.046674492363598,6
LINK,long,1,2023-09-03 20:00:00+00:00,2023-09-04 00:00:00+00:00,2023-09-05 00:00:00+00:00,6.068179447461586,6.013,6.068179447461586,5.990073516234805,-0.009093245830867458,-0.010387849388622139,0.001294603557754681,6.536688716426203,6
SOL,long,1,2023-09-03 20:00:00+00:00,2023-09-04 00:00:00+00:00,2023-09-05 00:00:00+00:00,19.749910092480032,19.526,19.749910092480032,19.377858795707674,-0.011337271482835143,-0.012523138199549422,0.001185866716714279,6.000925858297193,6
ADA,short,-1,2023-09-04 20:00:00+00:00,2023-09-05 00:00:00+00:00,2023-09-06 00:00:00+00:00,0.254664350895401,0.25781,0.2577247889986681,0.254664350895401,-0.012201423934676603,-0.014172834331975248,0.001971410397298645,9.988775255673833,6
BNB,short,-1,2023-09-04 20:00:00+00:00,2023-09-05 00:00:00+00:00,2023-09-06 00:00:00+00:00,214.05372076056292,214.49,216.49319028579978,214.05372076056292,-0.002034030674796461,-0.003321757412319326,0.0012877267375228652,6.455921962584254,6
BTC,short,-1,2023-09-04 20:00:00+00:00,2023-09-05 00:00:00+00:00,2023-09-06 00:00:00+00:00,25718.38410598581,25791.0,25932.459531342534,25718.38410598581,-0.0028155517046329903,-0.0038148197700503816,0.0009992680654173913,5.012959217987713,6
ETH,short,-1,2023-09-04 20:00:00+00:00,2023-09-05 00:00:00+00:00,2023-09-06 00:00:00+00:00,1625.0975417902657,1634.78,1636.2214292507817,1625.0975417902657,-0.00592278973912963,-0.006924696946498887,0.001001907207369257,5.041924062981029,6
XRP,short,-1,2023-09-04 20:00:00+00:00,2023-09-05 00:00:00+00:00,2023-09-06 00:00:00+00:00,0.5033997541139106,0.50533,0.5139752125136176,0.5033997541139106,-0.003819772992083137,-0.004963281633558303,0.001143508641475166,5.742762706652812,6
AVAX,long,1,2023-09-05 04:00:00+00:00,2023-09-05 08:00:00+00:00,2023-09-06 08:00:00+00:00,9.874019675614464,9.876,9.874019675614464,9.714628808862559,0.00020055908845573178,-0.0013407083218747173,0.0015412674103304491,7.710732744665526,6
LINK,long,1,2023-09-05 04:00:00+00:00,2023-09-05 08:00:00+00:00,2023-09-06 08:00:00+00:00,6.047511735591784,6.141,6.047511735591784,5.929073901415303,0.015458963702046802,0.014132283081865982,0.0013266806201808201,6.536688716426203,6
SOL,long,1,2023-09-05 08:00:00+00:00,2023-09-05 12:00:00+00:00,2023-09-06 12:00:00+00:00,19.792371237921323,19.746,19.792371237921323,19.304670693925814,-0.0023428844055066733,-0.0035395395781466776,0.0011966551726400043,6.000925858297193,6
DOT,short,-1,2023-09-05 12:00:00+00:00,2023-09-05 16:00:00+00:00,2023-09-06 16:00:00+00:00,4.249989630013053,4.217,4.310222281635013,4.249989630013053,0.007823009251376023,0.00600116806966855,0.0018218411817074731,9.046674492363598,6
ADA,short,-1,2023-09-06 08:00:00+00:00,2023-09-06 12:00:00+00:00,2023-09-07 12:00:00+00:00,0.2542089058755242,0.25398,0.2576627466075983,0.2542089058755242,0.0009012752008985547,-0.0010962850592713957,0.0019975602601699505,9.988775255673833,6
BNB,short,-1,2023-09-06 08:00:00+00:00,2023-09-06 12:00:00+00:00,2023-09-07 12:00:00+00:00,213.91378016044783,213.82,215.95104749844128,213.91378016044783,0.00043859395962875247,-0.0008523233324335688,0.0012909172920623213,6.455921962584254,6
BTC,short,-1,2023-09-06 08:00:00+00:00,2023-09-06 12:00:00+00:00,2023-09-07 12:00:00+00:00,25624.371800276127,25710.1,25843.09295117487,25624.371800276127,-0.0033344172027285346,-0.004333165318478049,0.0009987481157495148,5.012959217987713,6
ETH,short,-1,2023-09-06 08:00:00+00:00,2023-09-06 12:00:00+00:00,2023-09-07 12:00:00+00:00,1623.1642931782671,1627.82,1641.869286615282,1623.1642931782671,-0.0028600870008556045,-0.003865081034797102,0.0010049940339414976,5.041924062981029,6
XRP,short,-1,2023-09-06 08:00:00+00:00,2023-09-06 12:00:00+00:00,2023-09-07 12:00:00+00:00,0.49789320110822455,0.49809,0.5051127822999423,0.49789320110822455,-0.0003951070926447864,-0.001542546885275109,0.0011474397926303226,5.742762706652812,6
LINK,long,1,2023-09-06 20:00:00+00:00,2023-09-07 00:00:00+00:00,2023-09-08 00:00:00+00:00,6.379532036565393,6.384,6.379532036565393,6.221459469520632,0.000700359118662508,-0.000607039624671124,0.001307398743333632,6.536688716426203,6
AVAX,short,-1,2023-09-07 00:00:00+00:00,2023-09-07 04:00:00+00:00,2023-09-08 04:00:00+00:00,9.936037448405092,10.07,10.078469361654248,9.936037448405092,-0.013303133226902575,-0.01482359200970762,0.0015204587828050453,7.710732744665526,6
ADA,long,1,2023-09-07 16:00:00+00:00,2023-09-07 20:00:00+00:00,2023-09-08 20:00:00+00:00,0.2582174778559653,0.25342,0.2582174778559653,0.253742083781593,-0.018579214295638802,-0.020537896144289802,0.0019586818486510005,9.988775255673833,6
BNB,long,1,2023-09-07 16:00:00+00:00,2023-09-07 20:00:00+00:00,2023-09-08 20:00:00+00:00,216.2349032040824,214.41,216.2349032040824,213.55346160937532,-0.008439447920024601,-0.009718909418746535,0.0012794614987219344,6.455921962584254,6
BTC,long,1,2023-09-07 16:00:00+00:00,2023-09-07 20:00:00+00:00,2023-09-08 20:00:00+00:00,26006.58736101561,25901.5,26006.58736101561,25755.820074035357,-0.004040797800834772,-0.005038838060003714,0.000998040259168942,5.012959217987713,6
DOT,long,1,2023-09-07 16:00:00+00:00,2023-09-07 20:00:00+00:00,2023-09-08 20:00:00+00:00,4.304151289286537,4.244,4.304151289286537,4.24207416812864,-0.013975180063084625,-0.015757616668179875,0.00178243660509525,9.046674492363598,6
ETH,long,1,2023-09-07 16:00:00+00:00,2023-09-07 20:00:00+00:00,2023-09-08 20:00:00+00:00,1646.0027858984404,1634.42,1646.0027858984404,1628.5835454627222,-0.007036917554254396,-0.00803770185821473,0.0010007843039603337,5.041924062981029,6
SOL,long,1,2023-09-07 16:00:00+00:00,2023-09-07 20:00:00+00:00,2023-09-08 20:00:00+00:00,19.96827142929231,19.57,19.96827142929231,19.368304230513292,-0.0199452131198532,-0.021120754908569017,0.001175541788715817,6.000925858297193,6
XRP,long,1,2023-09-07 16:00:00+00:00,2023-09-07 20:00:00+00:00,2023-09-08 20:00:00+00:00,0.5047299471971469,0.5051,0.5047299471971469,0.4974961588754712,0.0007331698959176514,-0.00041556503834594416,0.0011487349342635955,5.742762706652812,6
LINK,short,-1,2023-09-08 04:00:00+00:00,2023-09-08 08:00:00+00:00,2023-09-09 08:00:00+00:00,6.221878818340058,6.248,6.391258518694376,6.221878818340058,-0.0041807268981981505,-0.00548174858203887,0.0013010216838407196,6.536688716426203,6
ADA,short,-1,2023-09-09 20:00:00+00:00,2023-09-10 00:00:00+00:00,2023-09-11 00:00:00+00:00,0.2511110995148631,0.24899,0.2553466116148512,0.2511110995148631,0.00851881406828836,0.006506051017095116,0.002012763051193245,9.988775255673833,6
AVAX,short,-1,2023-09-09 20:00:00+00:00,2023-09-10 00:00:00+00:00,2023-09-11 00:00:00+00:00,9.772936624517756,9.462,9.895444912370134,9.772936624517756,0.0328616174717562,0.0312700207305574,0.0015915967411987975,7.710732744665526,6
DOT,short,-1,2023-09-09 20:00:00+00:00,2023-09-10 00:00:00+00:00,2023-09-11 00:00:00+00:00,4.204161299543549,4.148,4.268079819379948,4.204161299543549,0.013539368260257811,0.011707193619047818,0.0018321746412099937,9.046674492363598,6
LINK,short,-1,2023-09-09 20:00:00+00:00,2023-09-10 00:00:00+00:00,2023-09-11 00:00:00+00:00,6.114526639096452,6.017,6.211857637047226,6.114526639096452,0.016208515721530814,0.01488085582382781,0.001327659897703004,6.536688716426203,6
SOL,short,-1,2023-09-09 20:00:00+00:00,2023-09-10 00:00:00+00:00,2023-09-11 00:00:00+00:00,19.262323888506607,18.227,19.62133349992706,19.262323888506607,0.056801661738443254,0.05553406473020628,0.0012675970082369759,6.000925858297193,6
XRP,short,-1,2023-09-09 20:00:00+00:00,2023-09-10 00:00:00+00:00,2023-09-11 00:00:00+00:00,0.5001911053488864,0.49691,0.5072939326320327,0.5001911053488864,0.006603017344964712,0.0054475444519459515,0.0011554728930187608,5.742762706652812,6
BNB,short,-1,2023-09-10 00:00:00+00:00,2023-09-10 04:00:00+00:00,2023-09-11 04:00:00+00:00,212.7487950698395,211.83,215.17810046807585,212.7487950698395,0.004337417126183629,0.003041468982378115,0.0012959481438055143,6.455921962584254,6
ETH,short,-1,2023-09-10 00:00:00+00:00,2023-09-10 04:00:00+00:00,2023-09-11 04:00:00+00:00,1621.4083012434203,1612.59,1641.272166954621,1621.4083012434203,0.005468408735897157,0.004455020605582449,0.0010133881303147074,5.041924062981029,6
BTC,short,-1,2023-09-10 08:00:00+00:00,2023-09-10 12:00:00+00:00,2023-09-11 12:00:00+00:00,25750.84512512166,25603.7,25849.248704875474,25750.84512512166,0.005747025825238561,0.00473917729078388,0.0010078485344546806,5.012959217987713,6
ADA,short,-1,2023-09-11 04:00:00+00:00,2023-09-11 08:00:00+00:00,2023-09-12 08:00:00+00:00,0.244951088657589,0.24585,0.24801845434916295,0.244951088657589,-0.003656340624002552,-0.005644804969841544,0.0019884643458389917,9.988775255673833,6
AVAX,short,-1,2023-09-11 04:00:00+00:00,2023-09-11 08:00:00+00:00,2023-09-12 08:00:00+00:00,9.364034348311723,9.319,9.54281089497615,9.364034348311723,0.00483253013324636,0.0032841250484243467,0.0015484050848220132,7.710732744665526,6
DOT,short,-1,2023-09-11 04:00:00+00:00,2023-09-11 08:00:00+00:00,2023-09-12 08:00:00+00:00,4.094526097759109,4.009,4.137586522960954,4.094526097759109,0.021333524010753058,0.019487259877844165,0.0018462641329088925,9.046674492363598,6
LINK,short,-1,2023-09-11 04:00:00+00:00,2023-09-11 08:00:00+00:00,2023-09-12 08:00:00+00:00,5.968408288412556,5.918,6.011669823202258,5.968408288412556,0.00851779121536933,0.007200179124148054,0.0013176120912212763,6.536688716426203,6
SOL,short,-1,2023-09-11 04:00:00+00:00,2023-09-11 08:00:00+00:00,2023-09-12 08:00:00+00:00,17.89648183625814,17.974,18.512733789317338,17.89648183625814,-0.004312794244011431,-0.005507086577995812,0.0011942923339843814,6.000925858297193,6
XRP,short,-1,2023-09-11 04:00:00+00:00,2023-09-11 08:00:00+00:00,2023-09-12 08:00:00+00:00,0.48067642009029493,0.4748,0.4904123866856591,0.48067642009029493,0.012376621925642262,0.011214521550415357,0.0011621003752269043,5.742762706652812,6
BNB,short,-1,2023-09-11 08:00:00+00:00,2023-09-11 12:00:00+00:00,2023-09-12 12:00:00+00:00,205.23574817471186,212.46,208.7189063356269,205.23574817471186,-0.034002879719891466,-0.03524935540983509,0.001246475689943627,6.455921962584254,6
ETH,short,-1,2023-09-11 12:00:00+00:00,2023-09-11 16:00:00+00:00,2023-09-12 16:00:00+00:00,1548.912790348049,1604.08,1575.7827421333068,1548.912790348049,-0.03439180692481114,-0.035365020874543296,0.0009732139497321546,5.041924062981029,6
BTC,long,1,2023-09-11 20:00:00+00:00,2023-09-12 00:00:00+00:00,2023-09-13 00:00:00+00:00,25411.177568248866,25844.1,25411.177568248866,24923.38607720981,0.01703669302960864,0.016017531238187388,0.0010191617914212525,5.012959217987713,6
ADA,long,1,2023-09-13 00:00:00+00:00,2023-09-13 04:00:00+00:00,2023-09-14 04:00:00+00:00,0.24853511807032866,0.24825,0.24853511807032866,0.2399404979988595,-0.0011471942981030603,-0.0031406663016519953,0.001993472003548935,9.988775255673833,6
AVAX,long,1,2023-09-13 00:00:00+00:00,2023-09-13 04:00:00+00:00,2023-09-14 04:00:00+00:00,9.409958094086852,9.347,9.409958094086852,9.00254976196264,-0.006690581770647297,-0.008221230219880526,0.0015306484492332295,7.710732744665526,6
DOT,long,1,2023-09-13 00:00:00+00:00,2023-09-13 04:00:00+00:00,2023-09-14 04:00:00+00:00,4.051604206805461,4.007,4.051604206805461,3.9155574410138154,-0.011009023717208022,-0.01279682224174028,0.001787798524532258,9.046674492363598,6
LINK,long,1,2023-09-13 00:00:00+00:00,2023-09-13 04:00:00+00:00,2023-09-14 04:00:00+00:00,6.073818296386598,6.043,6.073818296386598,5.8738551696919545,-0.005073957580346455,-0.006373812272828849,0.001299854692482394,6.536688716426203,6
SOL,long,1,2023-09-13 00:00:00+00:00,2023-09-13 04:00:00+00:00,2023-09-14 04:00:00+00:00,18.275264957525152,18.932,18.275264957525152,17.399486395356814,0.035935733025004524,0.0346931639759096,0.0012425690490949215,6.000925858297193,6
XRP,long,1,2023-09-13 00:00:00+00:00,2023-09-13 04:00:00+00:00,2023-09-14 04:00:00+00:00,0.48849641523597104,0.4851,0.48849641523597104,0.46906084723122315,-0.006952794595903811,-0.00809270686276653,0.0011399122668627193,5.742762706652812,6
BNB,long,1,2023-09-13 20:00:00+00:00,2023-09-14 00:00:00+00:00,2023-09-15 00:00:00+00:00,214.79918540506137,212.07,214.79918540506137,210.40353581776233,-0.012705753049830015,-0.013979709515960947,0.0012739564661309322,6.455921962584254,6
ETH,long,1,2023-09-13 20:00:00+00:00,2023-09-14 00:00:00+00:00,2023-09-15 00:00:00+00:00,1630.2863886895532,1626.33,1630.2863886895532,1584.8348964483732,-0.0024268059385157414,-0.003432236666322308,0.0010054307278065666,5.041924062981029,6
ADA,long,1,2023-09-14 08:00:00+00:00,2023-09-14 12:00:00+00:00,2023-09-15 12:00:00+00:00,0.25120686931194136,0.24915,0.25120686931194136,0.24687199466265558,-0.00818795010492801,-0.010167370438897039,0.0019794203339690286,9.988775255673833,6
AVAX,long,1,2023-09-14 08:00:00+00:00,2023-09-14 12:00:00+00:00,2023-09-15 12:00:00+00:00,9.439789751248673,9.27,9.439789751248673,9.24522328354355,-0.017986603062447926,-0.019499844813269496,0.00151324175082157,7.710732744665526,6
BTC,long,1,2023-09-14 08:00:00+00:00,2023-09-14 12:00:00+00:00,2023-09-15 12:00:00+00:00,26652.70860718838,26432.0,26652.70860718838,26233.552454080527,-0.008280907221896894,-0.009274698511935298,0.0009937912900384038,5.012959217987713,6
DOT,long,1,2023-09-14 08:00:00+00:00,2023-09-14 12:00:00+00:00,2023-09-15 12:00:00+00:00,4.071575849724403,4.072,4.071575849724403,4.004701030217499,0.000104173492341042,-0.001703714353580854,0.001807887845921896,9.046674492363598,6
LINK,long,1,2023-09-14 08:00:00+00:00,2023-09-14 12:00:00+00:00,2023-09-15 12:00:00+00:00,6.101648599034166,6.109,6.101648599034166,6.0106929143388115,0.0012048220815268351,-0.00010323573446269219,0.0013080578159895273,6.536688716426203,6
SOL,long,1,2023-09-14 08:00:00+00:00,2023-09-14 12:00:00+00:00,2023-09-15 12:00:00+00:00,19.172814865059053,19.004,19.172814865059053,18.509032006913245,-0.008804907690769137,-0.009993811890185111,0.0011889041994159744,6.000925858297193,6
XRP,long,1,2023-09-14 08:00:00+00:00,2023-09-14 12:00:00+00:00,2023-09-15 12:00:00+00:00,0.4880530913587244,0.49391,0.4880530913587244,0.47879127114932235,0.012000556384081484,0.010838887691982713,0.0011616686920987718,5.742762706652812,6
BNB,long,1,2023-09-15 04:00:00+00:00,2023-09-15 08:00:00+00:00,2023-09-16 08:00:00+00:00,213.08548217374994,214.95,213.08548217374994,210.6017976551211,0.008750093189031638,0.007448451142703316,0.0013016420463283218,6.455921962584254,6
ADA,long,1,2023-09-15 16:00:00+00:00,2023-09-15 20:00:00+00:00,2023-09-16 20:00:00+00:00,0.2500692079672795,0.24848,0.2500692079672795,0.24503637252299257,-0.006355072582496568,-0.008338150902913566,0.0019830783204169977,9.988775255673833,6
AVAX,long,1,2023-09-15 16:00:00+00:00,2023-09-15 20:00:00+00:00,2023-09-16 20:00:00+00:00,9.331541364957378,9.382,9.331541364957378,9.173136639725007,0.005407320513212133,0.0038580297003505404,0.0015492908128615923,7.710732744665526,6
BTC,long,1,2023-09-15 16:00:00+00:00,2023-09-15 20:00:00+00:00,2023-09-16 20:00:00+00:00,26576.482342937885,26533.5,26576.482342937885,26227.669759132845,-0.0016173074518760489,-0.002617776265277705,0.001000468813401656,5.012959217987713,6
DOT,long,1,2023-09-15 16:00:00+00:00,2023-09-15 20:00:00+00:00,2023-09-16 20:00:00+00:00,4.138154433309439,4.141,4.138154433309439,4.082037118776824,0.0006876414924623653,-0.0011213010882896723,0.0018089425807520376,9.046674492363598,6
ETH,long,1,2023-09-15 16:00:00+00:00,2023-09-15 20:00:00+00:00,2023-09-16 20:00:00+00:00,1632.0565879815697,1633.6,1632.0565879815697,1610.753387020234,0.0009456853578460045,-6.314442518662311e-05,0.0010088297830326276,5.041924062981029,6
LINK,long,1,2023-09-15 16:00:00+00:00,2023-09-15 20:00:00+00:00,2023-09-16 20:00:00+00:00,6.290913634613423,6.198,6.290913634613423,6.1617561854164595,-0.01476949772481373,-0.01605668535179028,0.0012871876269765492,6.536688716426203,6
SOL,long,1,2023-09-15 16:00:00+00:00,2023-09-15 20:00:00+00:00,2023-09-16 20:00:00+00:00,19.057184735203027,18.952,19.057184735203027,18.41629605193944,-0.005519426749782452,-0.006712271769848344,0.0011928450200658913,6.000925858297193,6
BNB,short,-1,2023-09-16 20:00:00+00:00,2023-09-17 00:00:00+00:00,2023-09-18 00:00:00+00:00,213.72263209985752,216.33,215.9230023820709,213.72263209985752,-0.012052733787003667,-0.013327532877422943,0.0012747990904192763,6.455921962584254,6
XRP,short,-1,2023-09-16 20:00:00+00:00,2023-09-17 00:00:00+00:00,2023-09-18 00:00:00+00:00,0.49487062322633335,0.49248,0.5047380803724956,0.49487062322633335,0.004854254439435879,0.003700788939698052,0.0011534654997378269,5.742762706652812,6
ADA,long,1,2023-09-17 04:00:00+00:00,2023-09-17 08:00:00+00:00,2023-09-18 08:00:00+00:00,0.2505339891903578,0.24816,0.2505339891903578,0.2461652241251008,-0.00947571703955119,-0.011452567297812744,0.0019768502582615533,9.988775255673833,6
DOT,short,-1,2023-09-17 12:00:00+00:00,2023-09-17 16:00:00+00:00,2023-09-18 16:00:00+00:00,4.082512865363494,4.18,4.171971910854838,4.082512865363494,-0.023322281013518076,-0.025087820868603616,0.0017655398550855406,9.046674492363598,6
ETH,short,-1,2023-09-17 12:00:00+00:00,2023-09-17 16:00:00+00:00,2023-09-18 16:00:00+00:00,1620.1461571389957,1655.59,1639.2498276759802,1620.1461571389957,-0.021408587187047634,-0.022394886620780374,0.0009862994337327402,5.041924062981029,6
AVAX,short,-1,2023-09-17 16:00:00+00:00,2023-09-17 20:00:00+00:00,2023-09-18 20:00:00+00:00,9.058322803608995,9.146,9.274957166080098,9.058322803608995,-0.009586398030943188,-0.011112584147909388,0.0015261861169661994,7.710732744665526,6
SOL,short,-1,2023-09-17 16:00:00+00:00,2023-09-17 20:00:00+00:00,2023-09-18 20:00:00+00:00,18.64034672626989,19.783,19.134890634696646,18.64034672626989,-0.057759352662898,-0.05888953770030525,0.0011301850374072497,6.000925858297193,6
LINK,long,1,2023-09-17 20:00:00+00:00,2023-09-18 00:00:00+00:00,2023-09-19 00:00:00+00:00,6.2050198707673445,6.562,6.2050198707673445,6.085560688999094,0.057530859959761926,0.0561492130913972,0.0013816468683647276,6.536688716426203,6
BNB,long,1,2023-09-18 04:00:00+00:00,2023-09-18 08:00:00+00:00,2023-09-19 08:00:00+00:00,218.05166365667588,216.99,218.05166365667588,215.69474000461292,-0.004868862905570315,-0.006152931713492293,0.0012840688079219786,6.455921962584254,6
BTC,long,1,2023-09-18 04:00:00+00:00,2023-09-18 08:00:00+00:00,2023-09-19 08:00:00+00:00,26789.84101214189,26845.9,26789.84101214189,26640.168625358325,0.002092546493004832,0.0010883600739175492,0.001004186419087283,5.012959217987713,6
XRP,long,1,2023-09-18 04:00:00+00:00,2023-09-18 08:00:00+00:00,2023-09-19 08:00:00+00:00,0.4962559827711642,0.50394,0.4962559827711642,0.48647271565756095,0.01548397902616161,0.014318311736434497,0.0011656672897271125,5.742762706652812,6
ADA,short,-1,2023-09-18 12:00:00+00:00,2023-09-18 16:00:00+00:00,2023-09-19 16:00:00+00:00,0.25080477131831747,0.25705,0.257661462181602,0.25080477131831747,-0.024295773902674678,-0.02624304686157941,0.0019472729589047333,9.988775255673833,6
AVAX,long,1,2023-09-19 04:00:00+00:00,2023-09-19 08:00:00+00:00,2023-09-20 08:00:00+00:00,9.250010921396525,9.102,9.250010921396525,9.057006495658458,-0.016001161799080177,-0.017517463032209024,0.0015163012331288472,7.710732744665526,6
DOT,long,1,2023-09-19 04:00:00+00:00,2023-09-19 08:00:00+00:00,2023-09-20 08:00:00+00:00,4.1492377580639115,4.118,4.1492377580639115,4.045419900890975,-0.007528553407960659,-0.00932264357704049,0.0017940901690798317,9.046674492363598,6
ETH,long,1,2023-09-19 04:00:00+00:00,2023-09-19 08:00:00+00:00,2023-09-20 08:00:00+00:00,1648.8056206037843,1634.81,1648.8056206037843,1623.0160221191193,-0.008488338727678069,-0.009487660178130186,0.0009993214504521175,5.041924062981029,6
SOL,long,1,2023-09-19 04:00:00+00:00,2023-09-19 08:00:00+00:00,2023-09-20 08:00:00+00:00,20.17381567181356,19.956,20.17381567181356,19.421335178918003,-0.010796949637935316,-0.011983464451997383,0.0011865148140620674,6.000925858297193,6
BTC,short,-1,2023-09-19 12:00:00+00:00,2023-09-19 16:00:00+00:00,2023-09-20 16:00:00+00:00,27074.240692040294,27180.5,27785.57117508248,27074.240692040294,-0.003909394895594498,-0.004907566832235255,0.000998171936640757,5.012959217987713,6
XRP,long,1,2023-09-19 20:00:00+00:00,2023-09-20 00:00:00+00:00,2023-09-21 00:00:00+00:00,0.5213135094738214,0.52122,0.5213135094738214,0.506631348699516,-0.00017937281908486646,-0.0013270602516498586,0.0011476874325649922,5.742762706652812,6
ADA,short,-1,2023-09-20 12:00:00+00:00,2023-09-20 16:00:00+00:00,2023-09-21 16:00:00+00:00,0.25221792445749536,0.24836,0.25809592930406605,0.25221792445749536,0.015533598234399149,0.013506835346827284,0.0020267628875718646,9.988775255673833,6
AVAX,short,-1,2023-09-20 12:00:00+00:00,2023-09-20 16:00:00+00:00,2023-09-21 16:00:00+00:00,8.997691919307096,8.873,9.191338927991291,8.997691919307096,0.014052960589101327,0.012490347204912489,0.0015626133841888379,7.710732744665526,6
BNB,short,-1,2023-09-20 12:00:00+00:00,2023-09-20 16:00:00+00:00,2023-09-21 16:00:00+00:00,214.25251638541474,210.62,217.37880555959964,214.25251638541474,0.017246778014503583,0.015934172259425505,0.0013126057550780779,6.455921962584254,6
DOT,long,1,2023-09-20 16:00:00+00:00,2023-09-20 20:00:00+00:00,2023-09-21 20:00:00+00:00,4.123767755644338,4.026,4.123767755644338,4.078357947529991,-0.023708356395803376,-0.02547319834260131,0.0017648419467979348,9.046674492363598,6
ETH,long,1,2023-09-20 16:00:00+00:00,2023-09-20 20:00:00+00:00,2023-09-21 20:00:00+00:00,1626.8191556427362,1589.48,1626.8191556427362,1605.054133363935,-0.022952247343057564,-0.02393699095776536,0.0009847436147077948,5.041924062981029,6
SOL,long,1,2023-09-20 16:00:00+00:00,2023-09-20 20:00:00+00:00,2023-09-21 20:00:00+00:00,20.41873994069805,19.626,20.41873994069805,19.811838055378573,-0.0388241362101871,-0.03997703338421832,0.00115289717403122,6.000925858297193,6
BTC,short,-1,2023-09-21 04:00:00+00:00,2023-09-21 08:00:00+00:00,2023-09-22 08:00:00+00:00,26722.36033524438,26672.9,27271.027444714513,26722.36033524438,0.0018543291222319347,0.0008503814182707625,0.0010039477039611722,5.012959217987713,6
LINK,short,-1,2023-09-21 04:00:00+00:00,2023-09-21 08:00:00+00:00,2023-09-22 08:00:00+00:00,6.686621957326035,6.696,6.907167220572094,6.686621957326035,-0.0014005440074619235,-0.0027051979550312133,0.0013046539475692898,6.536688716426203,6
XRP,short,-1,2023-09-21 04:00:00+00:00,2023-09-21 08:00:00+00:00,2023-09-22 08:00:00+00:00,0.5013556007517159,0.51149,0.5181426157611564,0.5013556007517159,-0.019813484620000543,-0.0209386341865212,0.0011251495665206557,5.742762706652812,6
LINK,long,1,2023-09-22 12:00:00+00:00,2023-09-22 16:00:00+00:00,2023-09-23 16:00:00+00:00,6.848334771929006,6.936,6.848334771929006,6.688607599581122,0.012800955413325932,0.011477747437743213,0.0013232079755827186,6.536688716426203,6
ADA,long,1,2023-09-22 16:00:00+00:00,2023-09-22 20:00:00+00:00,2023-09-23 20:00:00+00:00,0.24500873985095692,0.24635,0.24500873985095692,0.24225901874401315,0.005474335935358843,0.003467648936501533,0.00200668699885731,9.988775255673833,6
AVAX,short,-1,2023-09-23 08:00:00+00:00,2023-09-23 12:00:00+00:00,2023-09-24 12:00:00+00:00,8.903422386129362,8.956,9.027003495331222,8.903422386129362,-0.005870658091853165,-0.007402570009331644,0.001531911917478479,7.710732744665526,6
SOL,short,-1,2023-09-23 08:00:00+00:00,2023-09-23 12:00:00+00:00,2023-09-24 12:00:00+00:00,19.336743830277477,19.598,19.709031021203284,19.336743830277477,-0.013330756695709822,-0.014514232295922969,0.0011834756002131464,6.000925858297193,6
DOT,long,1,2023-09-23 12:00:00+00:00,2023-09-23 16:00:00+00:00,2023-09-24 16:00:00+00:00,4.02183860223107,4.042,4.02183860223107,3.9902237725545557,0.005012980321424498,0.0031962188276972725,0.0018167614937272258,9.046674492363598,6
XRP,short,-1,2023-09-23 16:00:00+00:00,2023-09-23 20:00:00+00:00,2023-09-24 20:00:00+00:00,0.5058782274354148,0.50645,0.5142763406104774,0.5058782274354148,-0.0011289812707773184,-0.002275578654131194,0.0011465973833538756,5.742762706652812,6
ETH,long,1,2023-09-24 04:00:00+00:00,2023-09-24 08:00:00+00:00,2023-09-25 08:00:00+00:00,1595.1057939233106,1581.14,1595.1057939233106,1588.4012660177282,-0.008755402918423583,-0.009754455201114176,0.0009990522826905934,5.041924062981029,6
ADA,short,-1,2023-09-24 12:00:00+00:00,2023-09-24 16:00:00+00:00,2023-09-25 16:00:00+00:00,0.24383250071183302,0.24513,0.24659528128721697,0.24383250071183302,-0.005293106874584841,-0.007278304625307652,0.0019851977507228113,9.988775255673833,6
BNB,short,-1,2023-09-24 12:00:00+00:00,2023-09-24 16:00:00+00:00,2023-09-25 16:00:00+00:00,209.90636967452247,208.99,211.33605649406988,209.90636967452247,0.004384753694064214,0.0030887444694540633,0.0012960092246101507,6.455921962584254,6
AVAX,short,-1,2023-09-24 16:00:00+00:00,2023-09-24 20:00:00+00:00,2023-09-25 20:00:00+00:00,8.811490883886869,8.93,8.955089443977581,8.811490883886869,-0.013270897661044945,-0.014791406117514394,0.0015205084564694493,7.710732744665526,6
LINK,short,-1,2023-09-24 16:00:00+00:00,2023-09-24 20:00:00+00:00,2023-09-25 20:00:00+00:00,6.95687279234037,7.457,7.209377761689298,6.95687279234037,-0.06706815175803005,-0.06828701204412158,0.0012188602860915276,6.536688716426203,6
SOL,short,-1,2023-09-24 16:00:00+00:00,2023-09-24 20:00:00+00:00,2023-09-25 20:00:00+00:00,19.313817939793836,19.516,19.61736546244178,19.313817939793836,-0.010359810422533422,-0.011546849569951001,0.001187039147417579,6.000925858297193,6
BTC,short,-1,2023-09-24 20:00:00+00:00,2023-09-25 00:00:00+00:00,2023-09-26 00:00:00+00:00,26132.99185471851,26300.2,26350.45868755609,26132.99185471851,-0.006357675807845187,-0.007353394347890174,0.0009957185400449875,5.012959217987713,6
DOT,long,1,2023-09-25 00:00:00+00:00,2023-09-25 04:00:00+00:00,2023-09-26 04:00:00+00:00,4.021695555540334,4.06,4.021695555540334,3.972456089569303,0.009524451548028612,0.007699534669878494,0.001824916878150118,9.046674492363598,6
XRP,short,-1,2023-09-25 00:00:00+00:00,2023-09-25 04:00:00+00:00,2023-09-26 04:00:00+00:00,0.4988667921156566,0.5056,0.5050120169987021,0.4988667921156566,-0.013317262429476728,-0.01444986896614242,0.0011326065366656923,5.742762706652812,6
ETH,long,1,2023-09-25 12:00:00+00:00,2023-09-25 16:00:00+00:00,2023-09-26 16:00:00+00:00,1594.9101631662106,1583.15,1594.9101631662106,1574.7141791448137,-0.007373558359465404,-0.008374003371019234,0.00100044501155383,5.041924062981029,6
ADA,long,1,2023-09-25 20:00:00+00:00,2023-09-26 00:00:00+00:00,2023-09-27 00:00:00+00:00,0.24769191957004064,0.24543,0.24769191957004064,0.24412104401694706,-0.009131987728816515,-0.011109523988813041,0.0019775362599965263,9.988775255673833,6
BNB,long,1,2023-09-25 20:00:00+00:00,2023-09-26 00:00:00+00:00,2023-09-27 00:00:00+00:00,211.22278694614107,212.62,211.22278694614107,208.7445253302275,0.006614878413734759,0.005315991544678322,0.001298886869056437,6.455921962584254,6
SOL,short,-1,2023-09-26 00:00:00+00:00,2023-09-26 04:00:00+00:00,2023-09-27 04:00:00+00:00,19.335896466020426,19.028,19.556730491628848,19.335896466020426,0.016181231134140495,0.014962356926190079,0.0012188742079504156,6.000925858297193,6
AVAX,short,-1,2023-09-26 08:00:00+00:00,2023-09-26 12:00:00+00:00,2023-09-27 12:00:00+00:00,8.918396314918418,9.13,9.128830579530568,8.918396314918418,-0.02317674535395209,-0.02468198931163479,0.0015052439576827004,7.710732744665526,6
BTC,short,-1,2023-09-26 08:00:00+00:00,2023-09-26 12:00:00+00:00,2023-09-27 12:00:00+00:00,26116.650399481005,26765.9,26427.46891361366,26116.650399481005,-0.024256595164705685,-0.025234377385597972,0.000977782220892287,5.012959217987713,6
XRP,long,1,2023-09-26 12:00:00+00:00,2023-09-26 16:00:00+00:00,2023-09-27 16:00:00+00:00,0.5055143713471748,0.50165,0.5055143713471748,0.4951987976778596,-0.007644434196551919,-0.008783552534927797,0.0011391183383758774,5.742762706652812,6
DOT,short,-1,2023-09-26 16:00:00+00:00,2023-09-26 20:00:00+00:00,2023-09-27 20:00:00+00:00,3.9747071166335246,3.997,4.057721871507408,3.9747071166335246,-0.005577403894539756,-0.007375021155680894,0.0017976172611411378,9.046674492363598,6
ADA,long,1,2023-09-27 04:00:00+00:00,2023-09-27 08:00:00+00:00,2023-09-28 08:00:00+00:00,0.24631551930751935,0.2451,0.24631551930751935,0.24335343980159085,-0.004934806020085891,-0.006920718853870356,0.0019859128337844645,9.988775255673833,6
BNB,long,1,2023-09-27 04:00:00+00:00,2023-09-27 08:00:00+00:00,2023-09-28 08:00:00+00:00,214.68001304914236,213.08,214.68001304914236,211.69046784805735,-0.007453013563848088,-0.00873374790947512,0.0012807343456270326,6.455921962584254,6
ETH,long,1,2023-09-27 04:00:00+00:00,2023-09-27 08:00:00+00:00,2023-09-28 08:00:00+00:00,1603.774397657464,1619.27,1603.774397657464,1581.3247198635356,0.009661958917145386,0.008644344205527288,0.0010176147116180978,5.041924062981029,6
LINK,long,1,2023-09-27 04:00:00+00:00,2023-09-27 08:00:00+00:00,2023-09-28 08:00:00+00:00,7.46494386626645,7.748,7.46494386626645,7.27231510009352,0.03791805254057712,0.036562029486113756,0.0013560230544633622,6.536688716426203,6
SOL,short,-1,2023-09-27 08:00:00+00:00,2023-09-27 12:00:00+00:00,2023-09-28 12:00:00+00:00,19.133809985806998,19.168,19.669893255926276,19.133809985806998,-0.001783702743791804,-0.002981028635477001,0.001197325891685197,6.000925858297193,6
AVAX,long,1,2023-09-28 00:00:00+00:00,2023-09-28 04:00:00+00:00,2023-09-29 04:00:00+00:00,9.096552936669054,9.337,9.096552936669054,8.839292153830218,0.02643276689587326,0.0248510767456962,0.001581690150177062,7.710732744665526,6
DOT,long,1,2023-09-28 00:00:00+00:00,2023-09-28 04:00:00+00:00,2023-09-29 04:00:00+00:00,4.028711782148541,4.076,4.028711782148541,3.955622755297025,0.011737801165373929,0.00990888321615735,0.0018289179492165797,9.046674492363598,6
XRP,long,1,2023-09-28 04:00:00+00:00,2023-09-28 08:00:00+00:00,2023-09-29 08:00:00+00:00,0.5029284760454651,0.50814,0.5029284760454651,0.4919916383450747,0.010362356085925395,0.009202567873027645,0.00115978821289775,5.742762706652812,6
BTC,long,1,2023-09-28 08:00:00+00:00,2023-09-28 12:00:00+00:00,2023-09-29 12:00:00+00:00,26810.761517819843,26971.0,26810.761517819843,26147.788430927278,0.005976647924515355,0.004968569288166025,0.00100807863634933,5.012959217987713,6
ADA,short,-1,2023-09-28 12:00:00+00:00,2023-09-28 16:00:00+00:00,2023-09-29 16:00:00+00:00,0.24680006550784256,0.25493,0.25198690394198364,0.24680006550784256,-0.031890850398766046,-0.0338229653961839,0.0019321149974178553,9.988775255673833,6
LINK,long,1,2023-09-28 12:00:00+00:00,2023-09-28 16:00:00+00:00,2023-09-29 16:00:00+00:00,8.016579005153512,7.816,8.016579005153512,7.753613600020865,-0.02502052372022634,-0.02629431854846709,0.0012737948282407485,6.536688716426203,6
SOL,long,1,2023-09-28 20:00:00+00:00,2023-09-29 00:00:00+00:00,2023-09-30 00:00:00+00:00,20.33414953341035,20.268,20.33414953341035,19.58095741087147,-0.0032531251578367115,-0.00444868852820568,0.0011955633703689683,6.000925858297193,6
BNB,long,1,2023-09-29 00:00:00+00:00,2023-09-29 04:00:00+00:00,2023-09-30 04:00:00+00:00,216.92127658863853,214.58,216.92127658863853,212.83812093524324,-0.01079320860294597,-0.01206963292338914,0.0012764243204431702,6.455921962584254,6
ETH,long,1,2023-09-29 00:00:00+00:00,2023-09-29 04:00:00+00:00,2023-09-30 04:00:00+00:00,1677.6009634927289,1670.33,1677.6009634927289,1626.3761546843111,-0.004334143608019203,-0.005337651974727242,0.0010035083667080391,5.041924062981029,6
AVAX,short,-1,2023-09-29 12:00:00+00:00,2023-09-29 16:00:00+00:00,2023-09-30 16:00:00+00:00,9.098740737064444,9.241,9.304408538110915,9.098740737064444,-0.0153943580711563,-0.016911594363560822,0.0015172362924045224,7.710732744665526,6
XRP,short,-1,2023-09-29 16:00:00+00:00,2023-09-29 20:00:00+00:00,2023-09-30 20:00:00+00:00,0.523213184764009,0.51811,0.542358828606339,0.523213184764009,0.009849616421240714,0.008690416778786236,0.0011591996424544782,5.742762706652812,6
LINK,long,1,2023-09-30 04:00:00+00:00,2023-09-30 08:00:00+00:00,2023-10-01 08:00:00+00:00,8.249326832235434,8.063,8.249326832235434,7.916107862864739,-0.022586913577885448,-0.023863887878196044,0.001276974300310596,6.536688716426203,6
BNB,long,1,2023-09-30 08:00:00+00:00,2023-09-30 12:00:00+00:00,2023-10-01 12:00:00+00:00,215.94976400509742,216.19,215.94976400509742,213.1990516966401,0.0011124624099931868,-0.0001793244091351509,0.0012917868191283377,6.455921962584254,6
DOT,long,1,2023-09-30 08:00:00+00:00,2023-09-30 12:00:00+00:00,2023-10-01 12:00:00+00:00,4.111618365715499,4.197,4.111618365715499,4.054580828563585,0.020765943404779774,0.018920705287066353,0.0018452381177134214,9.046674492363598,6
SOL,long,1,2023-09-30 08:00:00+00:00,2023-09-30 12:00:00+00:00,2023-10-01 12:00:00+00:00,20.554994874207587,22.968,20.554994874207587,20.00671094868631,0.11739264059949983,0.1160523668096951,0.0013402737898047246,6.000925858297193,6
AVAX,long,1,2023-09-30 20:00:00+00:00,2023-10-01 00:00:00+00:00,2023-10-02 00:00:00+00:00,9.34138335180072,9.753,9.34138335180072,9.141695376792171,0.04406377863937383,0.04245491983430605,0.001608858805067781,7.710732744665526,6
ADA,long,1,2023-10-01 04:00:00+00:00,2023-10-01 08:00:00+00:00,2023-10-02 08:00:00+00:00,0.25918937515789486,0.26628,0.25918937515789486,0.25219841230057816,0.02735692710314863,0.025306567670666524,0.0020503594324821073,9.988775255673833,6
BTC,long,1,2023-10-01 04:00:00+00:00,2023-10-01 08:00:00+00:00,2023-10-02 08:00:00+00:00,27227.40010536981,28312.0,27227.40010536981,26987.33142225662,0.03983486820015125,0.038792860596767564,0.0010420076033836878,5.012959217987713,6
ETH,long,1,2023-10-01 04:00:00+00:00,2023-10-01 08:00:00+00:00,2023-10-02 08:00:00+00:00,1689.1691967962238,1730.19,1689.1691967962238,1667.7193341217683,0.024284602916971654,0.02325225038392187,0.0010323525330497851,5.041924062981029,6
LINK,short,-1,2023-10-01 12:00:00+00:00,2023-10-01 16:00:00+00:00,2023-10-02 16:00:00+00:00,7.86117566178288,7.67,8.16775654971662,7.86117566178288,0.024925118876516272,0.023586070878562015,0.0013390479979542569,6.536688716426203,6
BNB,long,1,2023-10-01 16:00:00+00:00,2023-10-01 20:00:00+00:00,2023-10-02 20:00:00+00:00,215.41231538331758,215.11,215.41231538331758,212.9348492372793,-0.0014034266461487865,-0.002691967084432645,0.0012885404382838583,6.455921962584254,6
DOT,long,1,2023-10-01 16:00:00+00:00,2023-10-01 20:00:00+00:00,2023-10-02 20:00:00+00:00,4.221463137416996,4.156,4.221463137416996,4.166715526684106,-0.015507215220420312,-0.0172868823662794,0.0017796671458590874,9.046674492363598,6
SOL,long,1,2023-10-01 16:00:00+00:00,2023-10-01 20:00:00+00:00,2023-10-02 20:00:00+00:00,23.64280396733841,23.824,23.64280396733841,21.844747209911485,0.007663897772527628,0.006455239811085756,0.0012086579614418724,6.000925858297193,6
XRP,long,1,2023-10-01 16:00:00+00:00,2023-10-01 20:00:00+00:00,2023-10-02 20:00:00+00:00,0.5222299806262012,0.51642,0.5222299806262012,0.5106153265659932,-0.011125329532468586,-0.012260452174293945,0.001135122641825359,5.742762706652812,6
AVAX,short,-1,2023-10-02 08:00:00+00:00,2023-10-02 12:00:00+00:00,2023-10-03 12:00:00+00:00,9.52285634617515,9.397,9.841769905270416,9.52285634617515,0.013393247438028055,0.011831650644332559,0.0015615967936954966,7.710732744665526,6
ADA,short,-1,2023-10-02 12:00:00+00:00,2023-10-02 16:00:00+00:00,2023-10-03 16:00:00+00:00,0.2598751423520452,0.26185,0.26835289350424923,0.2598751423520452,-0.007541942516535616,-0.009522652127597397,0.0019807096110617817,9.988775255673833,6
ETH,short,-1,2023-10-02 12:00:00+00:00,2023-10-02 16:00:00+00:00,2023-10-03 16:00:00+00:00,1661.379406125068,1648.4,1723.2053253731508,1661.379406125068,0.007873942080240282,0.006858129469039964,0.0010158126112003174,5.041924062981029,6
BTC,short,-1,2023-10-02 16:00:00+00:00,2023-10-02 20:00:00+00:00,2023-10-03 20:00:00+00:00,27552.115938548883,27274.2,28400.11040005851,27552.115938548883,0.010189700836280569,0.009177400343844289,0.00101230049243628,5.012959217987713,6
XRP,short,-1,2023-10-03 00:00:00+00:00,2023-10-03 04:00:00+00:00,2023-10-04 04:00:00+00:00,0.508527220589974,0.53555,0.5188445867143457,0.508527220589974,-0.050457995350622675,-0.05154796828756958,0.0010899729369469036,5.742762706652812,6
DOT,short,-1,2023-10-03 08:00:00+00:00,2023-10-03 12:00:00+00:00,2023-10-04 12:00:00+00:00,4.081446425677335,4.04,4.189256262787394,4.081446425677335,0.010259016256765952,0.008432771506335923,0.0018262447504300283,9.046674492363598,6
SOL,long,1,2023-10-03 08:00:00+00:00,2023-10-03 12:00:00+00:00,2023-10-04 12:00:00+00:00,24.617351622765515,23.578,24.617351622765515,23.254064237787833,-0.0422202858655335,-0.043369109475623224,0.001148823610089722,6.000925858297193,6
ADA,short,-1,2023-10-03 20:00:00+00:00,2023-10-04 00:00:00+00:00,2023-10-05 00:00:00+00:00,0.2578893322119055,0.25889,0.26416843037160315,0.2578893322119055,-0.0038652237942542467,-0.0058532712590978475,0.001988047464843601,9.988775255673833,6
AVAX,short,-1,2023-10-03 20:00:00+00:00,2023-10-04 00:00:00+00:00,2023-10-05 00:00:00+00:00,9.280883997275984,10.097,9.54699671130532,9.280883997275984,-0.08082757281608555,-0.0822439792493952,0.001416406433309647,7.710732744665526,6
BNB,short,-1,2023-10-03 20:00:00+00:00,2023-10-04 00:00:00+00:00,2023-10-05 00:00:00+00:00,211.86407381632367,213.27,214.96720647165688,211.86407381632367,-0.006592236056061962,-0.007874081107109743,0.0012818450510477808,6.455921962584254,6
ETH,short,-1,2023-10-03 20:00:00+00:00,2023-10-04 00:00:00+00:00,2023-10-05 00:00:00+00:00,1641.2860908252326,1646.43,1673.0258921644577,1641.2860908252326,-0.0031242805189212186,-0.004129008278385138,0.0010047277594639192,5.041924062981029,6
LINK,short,-1,2023-10-03 20:00:00+00:00,2023-10-04 00:00:00+00:00,2023-10-05 00:00:00+00:00,7.246923149837557,7.669,7.574701685808611,7.246923149837557,-0.055036751879311785,-0.05627133099366066,0.0012345791143488771,6.536688716426203,6
BTC,long,1,2023-10-04 12:00:00+00:00,2023-10-04 16:00:00+00:00,2023-10-05 16:00:00+00:00,27664.29768919428,27550.6,27664.29768919428,27148.528962416396,-0.004109906944743891,-0.005107877950365491,0.0009979710056216007,5.012959217987713,6
SOL,long,1,2023-10-04 20:00:00+00:00,2023-10-05 00:00:00+00:00,2023-10-06 00:00:00+00:00,23.69762767213504,22.696,23.69762767213504,22.556451953565574,-0.04226700182790066,-0.043415769403810645,0.0011487675759099814,6.000925858297193,6
ADA,long,1,2023-10-05 04:00:00+00:00,2023-10-05 08:00:00+00:00,2023-10-06 08:00:00+00:00,0.2609461971791343,0.26366,0.2609461971791343,0.25473125540269476,0.010399855794804846,0.008383338632897752,0.0020165171619070943,9.988775255673833,6
AVAX,long,1,2023-10-05 04:00:00+00:00,2023-10-05 08:00:00+00:00,2023-10-06 08:00:00+00:00,10.233716156760716,10.61,10.233716156760716,9.806830916812054,0.03676903262464415,0.0351714147194111,0.0015976179052330508,7.710732744665526,6
DOT,long,1,2023-10-05 04:00:00+00:00,2023-10-05 08:00:00+00:00,2023-10-06 08:00:00+00:00,4.0752856889332945,4.054,4.0752856889332945,4.003037393010368,-0.005223115766116004,-0.007021373473740766,0.001798257707624762,9.046674492363598,6
LINK,short,-1,2023-10-05 08:00:00+00:00,2023-10-05 12:00:00+00:00,2023-10-06 12:00:00+00:00,7.567793248246176,7.559,7.789811648681333,7.567793248246176,0.0011632819481643963,-0.0001447215963165105,0.0013080035444809068,6.536688716426203,6
BNB,long,1,2023-10-05 20:00:00+00:00,2023-10-06 00:00:00+00:00,2023-10-07 00:00:00+00:00,211.71609744794557,213.37,211.71609744794557,209.54947420050559,0.0078118885242586256,0.006511457091588069,0.0013004314326705568,6.455921962584254,6
ETH,long,1,2023-10-05 20:00:00+00:00,2023-10-06 00:00:00+00:00,2023-10-07 00:00:00+00:00,1624.8047104176817,1644.92,1624.8047104176817,1599.395414007608,0.012380127564467491,0.01135977327414217,0.0010203542903253204,5.041924062981029,6
XRP,short,-1,2023-10-06 00:00:00+00:00,2023-10-06 04:00:00+00:00,2023-10-07 04:00:00+00:00,0.5206869448010928,0.52367,0.5303979159790533,0.5206869448010928,-0.005696440886258869,-0.006837795313169415,0.0011413544269105458,5.742762706652812,6
DOT,long,1,2023-10-06 12:00:00+00:00,2023-10-06 16:00:00+00:00,2023-10-07 16:00:00+00:00,4.0839322954328345,4.076,4.0839322954328345,4.036207950468236,-0.0019423180550044439,-0.0037465064591147845,0.0018041884041103406,9.046674492363598,6
BTC,long,1,2023-10-06 16:00:00+00:00,2023-10-06 20:00:00+00:00,2023-10-07 20:00:00+00:00,28134.95010587585,27862.0,28134.95010587585,27767.25913179579,-0.0097014604557214,-0.010693828224279778,0.0009923677685583776,5.012959217987713,6
AVAX,long,1,2023-10-06 20:00:00+00:00,2023-10-07 00:00:00+00:00,2023-10-08 00:00:00+00:00,10.90760925770714,10.348,10.90760925770714,10.40824091858463,-0.0513044833643751,-0.052766383649103576,0.001461900284728479,7.710732744665526,6
ADA,short,-1,2023-10-07 00:00:00+00:00,2023-10-07 04:00:00+00:00,2023-10-08 04:00:00+00:00,0.260941806686891,0.25888,0.26580060313303705,0.260941806686891,0.007964333617471286,0.005952677177030852,0.0020116564404404347,9.988775255673833,6
SOL,long,1,2023-10-07 00:00:00+00:00,2023-10-07 04:00:00+00:00,2023-10-08 04:00:00+00:00,24.069638037655835,23.522,24.069638037655835,23.280931068566012,-0.02275223403023685,-0.023924408894545834,0.0011721748643089835,6.000925858297193,6
BNB,short,-1,2023-10-07 12:00:00+00:00,2023-10-07 16:00:00+00:00,2023-10-08 16:00:00+00:00,211.68991046020844,211.51,213.4135840569126,211.68991046020844,0.0008506002562926884,-0.00044084866865157224,0.0012914489249442607,6.455921962584254,6
ETH,short,-1,2023-10-07 12:00:00+00:00,2023-10-07 16:00:00+00:00,2023-10-08 16:00:00+00:00,1630.384409091309,1631.28,1646.4750969963811,1630.384409091309,-0.0005490111499503181,-0.0015563344632756326,0.0010073233133253146,5.041924062981029,6
LINK,short,-1,2023-10-07 12:00:00+00:00,2023-10-07 16:00:00+00:00,2023-10-08 16:00:00+00:00,7.495365596886145,7.665,7.629226788317879,7.495365596886145,-0.02213103758823942,-0.023408607483115795,0.0012775698948763736,6.536688716426203,6
BTC,short,-1,2023-10-08 00:00:00+00:00,2023-10-08 04:00:00+00:00,2023-10-09 04:00:00+00:00,27949.563029800756,27923.9,28179.909625428398,27949.563029800756,0.0009190345833052227,-8.397587181896427e-05,0.001003010455124187,5.012959217987713,6
DOT,short,-1,2023-10-08 00:00:00+00:00,2023-10-08 04:00:00+00:00,2023-10-09 04:00:00+00:00,4.0420616414115385,4.024,4.094104807917034,4.0420616414115385,0.004488479476028484,0.0026726661222336023,0.0018158133537948817,9.046674492363598,6
XRP,short,-1,2023-10-08 04:00:00+00:00,2023-10-08 08:00:00+00:00,2023-10-09 08:00:00+00:00,0.5193196006751716,0.51445,0.5239707672235553,0.5193196006751716,0.009465644232037329,0.008306885348698723,0.0011587588833386064,5.742762706652812,6
LINK,short,-1,2023-10-08 20:00:00+00:00,2023-10-09 00:00:00+00:00,2023-10-10 00:00:00+00:00,7.581540667056443,7.278,7.767586904320377,7.581540667056443,0.04170660443204777,0.040345631696157014,0.001360972735890753,6.536688716426203,6
BNB,short,-1,2023-10-09 00:00:00+00:00,2023-10-09 04:00:00+00:00,2023-10-10 04:00:00+00:00,210.7470473555952,206.6,213.2604018132013,210.7470473555952,0.02007283327974463,0.018756580920434862,0.0013162523593097664,6.455921962584254,6
ETH,short,-1,2023-10-09 00:00:00+00:00,2023-10-09 04:00:00+00:00,2023-10-10 04:00:00+00:00,1623.3265946452775,1584.87,1644.6831892650698,1623.3265946452775,0.02426482591334156,0.02323249331307209,0.00103233260026947,5.041924062981029,6
SOL,short,-1,2023-10-09 00:00:00+00:00,2023-10-09 04:00:00+00:00,2023-10-10 04:00:00+00:00,22.997940150512893,22.15,23.500778785527306,22.997940150512893,0.0382817223707852,0.037036339388685,0.001245382982100196,6.000925858297193,6
ADA,short,-1,2023-10-09 04:00:00+00:00,2023-10-09 08:00:00+00:00,2023-10-10 08:00:00+00:00,0.25459774170872645,0.25243,0.25902130772018406,0.25459774170872645,0.008587496370187742,0.0065745962454983875,0.002012900124689354,9.988775255673833,6
AVAX,short,-1,2023-10-09 04:00:00+00:00,2023-10-09 08:00:00+00:00,2023-10-10 08:00:00+00:00,9.718354451959504,9.756,10.068748210790998,9.718354451959504,-0.003858707261223504,-0.005393719511148531,0.0015350122499250274,7.710732744665526,6
BTC,long,1,2023-10-09 12:00:00+00:00,2023-10-09 16:00:00+00:00,2023-10-10 16:00:00+00:00,27639.514001736316,27407.4,27639.514001736316,27256.422715778364,-0.00839790459852996,-0.009391578646725796,0.0009936740481958362,5.012959217987713,6
DOT,short,-1,2023-10-09 12:00:00+00:00,2023-10-09 16:00:00+00:00,2023-10-10 16:00:00+00:00,3.7834695812180246,3.807,3.9095638758216356,3.7834695812180246,-0.006180829729964588,-0.007977356178505701,0.0017965264485411137,9.046674492363598,6
XRP,short,-1,2023-10-09 12:00:00+00:00,2023-10-09 16:00:00+00:00,2023-10-10 16:00:00+00:00,0.4914846239653516,0.49428,0.5057575207429555,0.4914846239653516,-0.005655450422125896,-0.0067968519017168605,0.0011414014795909644,5.742762706652812,6
ETH,short,-1,2023-10-10 08:00:00+00:00,2023-10-10 12:00:00+00:00,2023-10-11 12:00:00+00:00,1563.1195140053287,1572.93,1595.9510966040539,1563.1195140053287,-0.00623707729820866,-0.007238667742485938,0.0010015904442772783,5.041924062981029,6
ADA,short,-1,2023-10-10 20:00:00+00:00,2023-10-11 00:00:00+00:00,2023-10-12 00:00:00+00:00,0.245997996935033,0.24806,0.25228162494505996,0.245997996935033,-0.00831251739485206,-0.010291689122216008,0.0019791717273639486,9.988775255673833,6
AVAX,short,-1,2023-10-10 20:00:00+00:00,2023-10-11 00:00:00+00:00,2023-10-12 00:00:00+00:00,9.369200393104475,9.302,9.68339038481577,9.369200393104475,0.007224295109059975,0.0056722044140102845,0.0015520906950496904,7.710732744665526,6
BNB,short,-1,2023-10-10 20:00:00+00:00,2023-10-11 00:00:00+00:00,2023-10-12 00:00:00+00:00,206.23058437079723,206.62,210.89550142475733,206.23058437079723,-0.001884694749795579,-0.003172614183131306,0.001287919433335727,6.455921962584254,6
BTC,short,-1,2023-10-10 20:00:00+00:00,2023-10-11 00:00:00+00:00,2023-10-12 00:00:00+00:00,27203.57994842544,26876.0,27577.697546510703,27203.57994842544,0.012188567808655959,0.011174264272614476,0.0010143035360414832,5.012959217987713,6
DOT,short,-1,2023-10-10 20:00:00+00:00,2023-10-11 00:00:00+00:00,2023-10-12 00:00:00+00:00,3.7477332466602937,3.738,3.8753347808151717,3.7477332466602937,0.002603864810137413,0.0007914582733914433,0.0018124065367459696,9.046674492363598,6
LINK,short,-1,2023-10-10 20:00:00+00:00,2023-10-11 00:00:00+00:00,2023-10-12 00:00:00+00:00,7.165727263933932,7.391,7.357539445487622,7.165727263933932,-0.030479331087277517,-0.03174599407247791,0.0012666629852003952,6.536688716426203,6
SOL,short,-1,2023-10-10 20:00:00+00:00,2023-10-11 00:00:00+00:00,2023-10-12 00:00:00+00:00,21.739142152565005,22.012,22.501425565326812,21.739142152565005,-0.012395868046292668,-0.013580465013076304,0.0011845969667836354,6.000925858297193,6
XRP,short,-1,2023-10-10 20:00:00+00:00,2023-10-11 00:00:00+00:00,2023-10-12 00:00:00+00:00,0.4885603888260596,0.48869,0.5044873412522004,0.4885603888260596,-0.0002652216618723724,-0.0014128105491227894,0.001147588887250417,5.742762706652812,6
ADA,short,-1,2023-10-12 04:00:00+00:00,2023-10-12 08:00:00+00:00,2023-10-13 08:00:00+00:00,0.24333015025204532,0.2464,0.24821411377685337,0.24333015025204532,-0.012458805795270589,-0.014429702519753507,0.001970896724482918,9.988775255673833,6
AVAX,short,-1,2023-10-12 04:00:00+00:00,2023-10-12 08:00:00+00:00,2023-10-13 08:00:00+00:00,9.035792699260458,9.152,9.287942275044538,9.035792699260458,-0.012697476042344946,-0.014218868117649941,0.0015213920753049948,7.710732744665526,6
BNB,short,-1,2023-10-12 04:00:00+00:00,2023-10-12 08:00:00+00:00,2023-10-13 08:00:00+00:00,203.12738944960378,206.23,207.5969302527865,203.12738944960378,-0.015044419097106188,-0.016315357862341617,0.0012709387652354298,6.455921962584254,6
DOT,short,-1,2023-10-12 04:00:00+00:00,2023-10-12 08:00:00+00:00,2023-10-13 08:00:00+00:00,3.6747097448169024,3.693,3.745629166878816,3.6747097448169024,-0.004952682150852317,-0.006751428721196828,0.0017987465703445116,9.046674492363598,6
ETH,short,-1,2023-10-12 04:00:00+00:00,2023-10-12 08:00:00+00:00,2023-10-13 08:00:00+00:00,1546.5187984123638,1549.3,1572.045677941863,1546.5187984123638,-0.0017951343107442952,-0.002801201685634136,0.0010060673748898408,5.041924062981029,6
LINK,short,-1,2023-10-12 04:00:00+00:00,2023-10-12 08:00:00+00:00,2023-10-13 08:00:00+00:00,7.249855060412294,7.207,7.43329081077316,7.249855060412294,0.005946310588635262,0.004632058095028979,0.0013142524936062827,6.536688716426203,6
SOL,short,-1,2023-10-12 04:00:00+00:00,2023-10-12 08:00:00+00:00,2023-10-13 08:00:00+00:00,21.44420197655117,21.381,21.851715886298642,21.44420197655117,0.002955987865449261,0.0017529768789597,0.001203010986489561,6.000925858297193,6
XRP,short,-1,2023-10-12 04:00:00+00:00,2023-10-12 08:00:00+00:00,2023-10-13 08:00:00+00:00,0.4760726228146476,0.48231,0.488406240680904,0.4760726228146476,-0.012932299113334711,-0.014065347546824536,0.001133048433489825,5.742762706652812,6
AVAX,long,1,2023-10-13 12:00:00+00:00,2023-10-13 16:00:00+00:00,2023-10-14 16:00:00+00:00,9.148278486225038,9.197,9.148278486225038,8.911276708809476,0.005325757610934456,0.0037765924831090203,0.001549165127825436,7.710732744665526,6
DOT,long,1,2023-10-13 12:00:00+00:00,2023-10-13 16:00:00+00:00,2023-10-14 16:00:00+00:00,3.706988738271026,3.758,3.706988738271026,3.6651300986516926,0.013760835365463242,0.011928260378270883,0.0018325749871923591,9.046674492363598,6
ADA,long,1,2023-10-13 16:00:00+00:00,2023-10-13 20:00:00+00:00,2023-10-14 20:00:00+00:00,0.24783610412348048,0.24698,0.24783610412348048,0.2442172040028677,-0.0034543156111505047,-0.005443183150738218,0.001988867539587713,9.988775255673833,6
BNB,long,1,2023-10-13 16:00:00+00:00,2023-10-13 20:00:00+00:00,2023-10-14 20:00:00+00:00,206.3892769021857,206.38,206.3892769021857,204.69421781065697,-4.4948566732538886e-05,-0.0013352419190423293,0.0012902933523097904,6.455921962584254,6
BTC,long,1,2023-10-13 16:00:00+00:00,2023-10-13 20:00:00+00:00,2023-10-14 20:00:00+00:00,26905.178683642884,26864.0,26905.178683642884,26659.385259391365,-0.0015305114352546223,-0.0025310672260332456,0.0010005557907786233,5.012959217987713,6
ETH,long,1,2023-10-13 16:00:00+00:00,2023-10-13 20:00:00+00:00,2023-10-14 20:00:00+00:00,1556.7148850344718,1555.25,1556.7148850344718,1535.100666071605,-0.0009410104885322346,-0.0019479387148778615,0.001006928226345627,5.041924062981029,6
LINK,long,1,2023-10-13 16:00:00+00:00,2023-10-13 20:00:00+00:00,2023-10-14 20:00:00+00:00,7.256338967285599,7.342,7.256338967285599,7.102485321090093,0.011804993275616571,0.010483086508367823,0.0013219067672487483,6.536688716426203,6
SOL,long,1,2023-10-13 16:00:00+00:00,2023-10-13 20:00:00+00:00,2023-10-14 20:00:00+00:00,21.81724736831481,22.04,21.81724736831481,21.317645995775507,0.010209932899633012,0.00899822105719661,0.0012117118424364026,6.000925858297193,6
XRP,long,1,2023-10-13 16:00:00+00:00,2023-10-13 20:00:00+00:00,2023-10-14 20:00:00+00:00,0.4875444399792476,0.48623,0.4875444399792476,0.47978666828803695,-0.002696041368666968,-0.0038408399341811617,0.0011447985655141935,5.742762706652812,6
AVAX,long,1,2023-10-14 20:00:00+00:00,2023-10-15 00:00:00+00:00,2023-10-16 00:00:00+00:00,9.233464450609759,9.179,9.233464450609759,9.05738311414381,-0.005898593198803259,-0.007430462069445198,0.0015318688706419392,7.710732744665526,6
DOT,short,-1,2023-10-15 00:00:00+00:00,2023-10-15 04:00:00+00:00,2023-10-16 04:00:00+00:00,3.7052041471356048,3.758,3.748924066906921,3.7052041471356048,-0.014048923061307894,-0.015831226361219808,0.0017823032999119137,9.046674492363598,6
ADA,short,-1,2023-10-15 04:00:00+00:00,2023-10-15 08:00:00+00:00,2023-10-16 08:00:00+00:00,0.24653847483460026,0.25191,0.2487062696446709,0.24653847483460026,-0.021323191478701764,-0.023276397003252458,0.001953205524550694,9.988775255673833,6
BTC,long,1,2023-10-15 08:00:00+00:00,2023-10-15 12:00:00+00:00,2023-10-16 12:00:00+00:00,26954.729868495648,27751.6,26954.729868495648,26758.4288352675,0.029563276478453027,0.028531561929284077,0.0010317145491689494,5.012959217987713,6
ETH,short,-1,2023-10-15 08:00:00+00:00,2023-10-15 12:00:00+00:00,2023-10-16 12:00:00+00:00,1548.5265564598917,1582.75,1562.705753998916,1548.5265564598917,-0.021622772731074602,-0.022608856292198998,0.0009860835611243957,5.041924062981029,6
SOL,short,-1,2023-10-15 08:00:00+00:00,2023-10-15 12:00:00+00:00,2023-10-16 12:00:00+00:00,21.692608040090732,23.142,22.048842588039474,21.692608040090732,-0.06263036729363358,-0.06375470971761898,0.0011243424239854027,6.000925858297193,6
LINK,long,1,2023-10-15 12:00:00+00:00,2023-10-15 16:00:00+00:00,2023-10-16 16:00:00+00:00,7.376711974114177,7.436,7.376711974114177,7.245873390145284,0.008037188668050588,0.006720204476240221,0.0013169841918103664,6.536688716426203,6
XRP,long,1,2023-10-15 12:00:00+00:00,2023-10-15 16:00:00+00:00,2023-10-16 16:00:00+00:00,0.4888345410648393,0.49214,0.4888345410648393,0.4850528014724506,0.006761917699106057,0.005606262405430051,0.0011556552936760056,5.742762706652812,6
BNB,long,1,2023-10-15 20:00:00+00:00,2023-10-16 00:00:00+00:00,2023-10-17 00:00:00+00:00,210.91662758472725,214.72,210.91662758472725,208.66939038421714,0.0180325868985598,0.016718967173925625,0.001313619724634174,6.455921962584254,6
ADA,long,1,2023-10-16 12:00:00+00:00,2023-10-16 16:00:00+00:00,2023-10-17 16:00:00+00:00,0.25209332736143364,0.24743,0.25209332736143364,0.24806291207518444,-0.018498416480288937,-0.020457259582111642,0.001958843101822705,9.988775255673833,6
AVAX,long,1,2023-10-16 12:00:00+00:00,2023-10-16 16:00:00+00:00,2023-10-17 16:00:00+00:00,9.445348937133138,9.136,9.445348937133138,9.18447762781442,-0.03275145674258517,-0.03424194646873657,0.0014904897261514005,7.710732744665526,6
DOT,long,1,2023-10-16 12:00:00+00:00,2023-10-16 16:00:00+00:00,2023-10-17 16:00:00+00:00,3.789189554621524,3.696,3.789189554621524,3.7330201606693856,-0.024593532014745567,-0.026356773829991798,0.0017632418152462304,9.046674492363598,6
ETH,short,-1,2023-10-16 20:00:00+00:00,2023-10-17 00:00:00+00:00,2023-10-18 00:00:00+00:00,1589.6371655145715,1564.69,1609.0014498824664,1589.6371655145715,0.015943839044521013,0.014919892972611537,0.0010239460719094762,5.041924062981029,6
XRP,short,-1,2023-10-16 20:00:00+00:00,2023-10-17 00:00:00+00:00,2023-10-18 00:00:00+00:00,0.49450601868859406,0.49113,0.5005925959333724,0.49450601868859406,0.006873981814578656,0.0057181978832516744,0.0011557839313269813,5.742762706652812,6
SOL,long,1,2023-10-17 04:00:00+00:00,2023-10-17 08:00:00+00:00,2023-10-18 08:00:00+00:00,24.51940555200001,23.895,24.51940555200001,23.65239739479308,-0.025465770394628384,-0.026634690466007194,0.0011689200713788095,6.000925858297193,6
BNB,short,-1,2023-10-17 08:00:00+00:00,2023-10-17 12:00:00+00:00,2023-10-18 12:00:00+00:00,210.82132758010428,212.72,214.2726835017953,210.82132758010428,-0.00892568832218743,-0.01020452239994929,0.001278834077761859,6.455921962584254,6
LINK,short,-1,2023-10-17 08:00:00+00:00,2023-10-17 12:00:00+00:00,2023-10-18 12:00:00+00:00,7.371255373740339,7.439,7.6045620668215115,7.371255373740339,-0.009106684535510334,-0.010401270535815965,0.0012945860003056309,6.536688716426203,6
BTC,long,1,2023-10-18 00:00:00+00:00,2023-10-18 04:00:00+00:00,2023-10-19 04:00:00+00:00,28881.385374544156,28254.9,28881.385374544156,28152.275235613863,-0.021691666324854864,-0.02267201883400627,0.0009803525091514054,5.012959217987713,6
DOT,long,1,2023-10-18 00:00:00+00:00,2023-10-18 04:00:00+00:00,2023-10-19 04:00:00+00:00,3.6993770185811017,3.615,3.6993770185811017,3.634906345706165,-0.022808439950103954,-0.024574908675439322,0.0017664687253353684,9.046674492363598,6
ETH,long,1,2023-10-18 04:00:00+00:00,2023-10-18 08:00:00+00:00,2023-10-19 08:00:00+00:00,1583.5316854928792,1551.65,1583.5316854928792,1560.8898334930823,-0.020133279166406948,-0.021120863953313918,0.0009875847869069698,5.041924062981029,6
ADA,short,-1,2023-10-18 08:00:00+00:00,2023-10-18 12:00:00+00:00,2023-10-19 12:00:00+00:00,0.2447469743699402,0.24246,0.24870893115921658,0.2447469743699402,0.00943237800024832,0.007417791693304698,0.002014586306943622,9.988775255673833,6
AVAX,short,-1,2023-10-18 08:00:00+00:00,2023-10-18 12:00:00+00:00,2023-10-19 12:00:00+00:00,9.025386751784954,8.918,9.24594450021728,9.025386751784954,0.012041573422847618,0.010482059502521679,0.001559513920325939,7.710732744665526,6
XRP,long,1,2023-10-18 12:00:00+00:00,2023-10-18 16:00:00+00:00,2023-10-19 16:00:00+00:00,0.4912023250201713,0.48673,0.4912023250201713,0.483646953605613,-0.009104853117272271,-0.010242295050505223,0.0011374419332329522,5.742762706652812,6
SOL,short,-1,2023-10-18 16:00:00+00:00,2023-10-18 20:00:00+00:00,2023-10-19 20:00:00+00:00,23.485427515806155,25.151,23.910478471046236,23.485427515806155,-0.06622291297339455,-0.06734294626320614,0.001120033289811584,6.000925858297193,6
BNB,short,-1,2023-10-18 20:00:00+00:00,2023-10-19 00:00:00+00:00,2023-10-20 00:00:00+00:00,209.290336745406,211.17,211.19397238950754,209.290336745406,-0.008901185085921304,-0.01018005078146711,0.0012788656955458055,6.455921962584254,6
LINK,short,-1,2023-10-18 20:00:00+00:00,2023-10-19 00:00:00+00:00,2023-10-20 00:00:00+00:00,7.28378452234673,7.306,7.430951428332693,7.28378452234673,-0.003040716897518503,-0.004343227985883491,0.0013025110883649882,6.536688716426203,6
BTC,long,1,2023-10-19 08:00:00+00:00,2023-10-19 12:00:00+00:00,2023-10-20 12:00:00+00:00,28594.85096710446,29847.8,28594.85096710446,28313.04677514749,0.04381729544025026,0.04277129708834382,0.0010459983519064409,5.012959217987713,6
DOT,long,1,2023-10-19 12:00:00+00:00,2023-10-19 16:00:00+00:00,2023-10-20 16:00:00+00:00,3.656695409432954,3.712,3.656695409432954,3.6054851508795687,0.01512419941359644,0.01328915987385293,0.0018350395397435104,9.046674492363598,6
ETH,long,1,2023-10-19 12:00:00+00:00,2023-10-19 16:00:00+00:00,2023-10-20 16:00:00+00:00,1571.8754998413426,1605.74,1571.8754998413426,1550.1600226264388,0.021544009154716992,0.020514418802124235,0.0010295903525927574,5.041924062981029,6
ADA,long,1,2023-10-19 16:00:00+00:00,2023-10-19 20:00:00+00:00,2023-10-20 20:00:00+00:00,0.24673360810623246,0.25129,0.24673360810623246,0.24282201909925627,0.018466847417907495,0.0164342304644578,0.002032616953449695,9.988775255673833,6
AVAX,long,1,2023-10-19 20:00:00+00:00,2023-10-20 00:00:00+00:00,2023-10-21 00:00:00+00:00,9.175586252370067,9.214,9.175586252370067,8.953770771734499,0.004186516978139876,0.002639107372688132,0.0015474096054517439,7.710732744665526,6
SOL,long,1,2023-10-20 00:00:00+00:00,2023-10-20 04:00:00+00:00,2023-10-21 04:00:00+00:00,26.180012654634453,26.814,26.180012654634453,25.138556068783892,0.0242164644352576,0.022987952243130882,0.0012285121921267184,6.000925858297193,6
BNB,long,1,2023-10-20 04:00:00+00:00,2023-10-20 08:00:00+00:00,2023-10-21 08:00:00+00:00,213.7014291103837,212.79,213.7014291103837,211.12637518532964,-0.004264964975563834,-0.005549813023996153,0.0012848480484323188,6.455921962584254,6
LINK,long,1,2023-10-20 04:00:00+00:00,2023-10-20 08:00:00+00:00,2023-10-21 08:00:00+00:00,7.555247656178394,7.837,7.555247656178394,7.37780659703683,0.037292271099968355,0.035937065618779185,0.00135520548118917,6.536688716426203,6
ADA,long,1,2023-10-21 00:00:00+00:00,2023-10-21 04:00:00+00:00,2023-10-22 04:00:00+00:00,0.2521801961938881,0.25907,0.2521801961938881,0.24877140174705153,0.02732095505554577,0.025270667414692305,0.0020502876408534654,9.988775255673833,6
DOT,long,1,2023-10-21 00:00:00+00:00,2023-10-21 04:00:00+00:00,2023-10-22 04:00:00+00:00,3.760185222256975,3.874,3.760185222256975,3.686182509828699,0.03026839663890546,0.028405980940932052,0.0018624156979734074,9.046674492363598,6
AVAX,long,1,2023-10-21 08:00:00+00:00,2023-10-21 12:00:00+00:00,2023-10-22 12:00:00+00:00,9.683550679011983,9.705,9.683550679011983,9.428155851745402,0.0022150264607492254,0.0006706548400863266,0.0015443716206628988,7.710732744665526,6
ETH,long,1,2023-10-21 08:00:00+00:00,2023-10-21 12:00:00+00:00,2023-10-22 12:00:00+00:00,1625.7717429271827,1628.75,1625.7717429271827,1592.2825174332886,0.0018319035779617021,0.0008221805962793649,0.0010097229816823372,5.041924062981029,6
SOL,short,-1,2023-10-21 08:00:00+00:00,2023-10-21 12:00:00+00:00,2023-10-22 12:00:00+00:00,28.663918321141235,28.346,30.395470683343465,28.663918321141235,0.011215632581007329,0.010002714436619042,0.0012129181443882864,6.000925858297193,6
BNB,long,1,2023-10-21 12:00:00+00:00,2023-10-21 16:00:00+00:00,2023-10-22 16:00:00+00:00,215.70826926753512,214.21,215.70826926753512,212.98040986560542,-0.006945812845389199,-0.00822720165814872,0.0012813888127595208,6.455921962584254,6
BTC,long,1,2023-10-21 12:00:00+00:00,2023-10-21 16:00:00+00:00,2023-10-22 16:00:00+00:00,30306.16695603361,29830.9,30306.16695603361,29560.279797496623,-0.015682186293076827,-0.016668560839069868,0.0009863745459930406,5.012959217987713,6
LINK,long,1,2023-10-21 20:00:00+00:00,2023-10-22 00:00:00+00:00,2023-10-23 00:00:00+00:00,9.332660246765261,10.194,9.332660246765261,8.517941712016498,0.09229305797704179,0.0908659948623558,0.0014270631146859891,6.536688716426203,6
XRP,short,-1,2023-10-22 00:00:00+00:00,2023-10-22 04:00:00+00:00,2023-10-23 04:00:00+00:00,0.512007627793776,0.52426,0.5283202735974715,0.512007627793776,-0.023370793511280685,-0.024491859666640248,0.0011210661553595624,5.742762706652812,6
ADA,long,1,2023-10-22 12:00:00+00:00,2023-10-22 16:00:00+00:00,2023-10-23 16:00:00+00:00,0.2601260832120396,0.26423,0.2601260832120396,0.2547024857403207,0.01577664468432083,0.013749396733994335,0.002027247950326494,9.988775255673833,6
DOT,long,1,2023-10-22 12:00:00+00:00,2023-10-22 16:00:00+00:00,2023-10-23 16:00:00+00:00,3.875115405085028,4.096,3.875115405085028,3.763697200052803,0.05700077851233076,0.0550900387001676,0.0019107398121631647,9.046674492363598,6
AVAX,long,1,2023-10-22 16:00:00+00:00,2023-10-22 20:00:00+00:00,2023-10-23 20:00:00+00:00,10.077105356342901,10.21,10.077105356342901,9.686749969182165,0.013187779521770082,0.011626499345577246,0.0015612801761928363,7.710732744665526,6
ETH,long,1,2023-10-22 16:00:00+00:00,2023-10-22 20:00:00+00:00,2023-10-23 20:00:00+00:00,1646.6941747015983,1708.54,1646.6941747015983,1623.8654989379336,0.03755756609123173,0.036511836048537694,0.0010457300426940375,5.041924062981029,6
BNB,long,1,2023-10-22 20:00:00+00:00,2023-10-23 00:00:00+00:00,2023-10-24 00:00:00+00:00,219.12830553446088,228.74,219.12830553446088,216.42011416248542,0.043863317621591236,0.04251636717865215,0.0013469504429390877,6.455921962584254,6
BTC,long,1,2023-10-22 20:00:00+00:00,2023-10-23 00:00:00+00:00,2023-10-24 00:00:00+00:00,30191.550216301413,33098.3,30191.550216301413,29809.267612700016,0.09627693056082753,0.09517836295938165,0.0010985676014458878,5.012959217987713,6
SOL,long,1,2023-10-22 20:00:00+00:00,2023-10-23 00:00:00+00:00,2023-10-24 00:00:00+00:00,30.121304468096273,31.921,30.121304468096273,28.011011604549058,0.05974826003335676,0.0584771286824719,0.0012711313508848576,6.000925858297193,6
LINK,long,1,2023-10-23 16:00:00+00:00,2023-10-23 20:00:00+00:00,2023-10-24 20:00:00+00:00,10.845621867998897,10.019,10.845621867998897,9.749564412898888,-0.0762171019845278,-0.07742400931595128,0.001206907331423479,6.536688716426203,6
XRP,long,1,2023-10-23 16:00:00+00:00,2023-10-23 20:00:00+00:00,2023-10-24 20:00:00+00:00,0.5399170765182288,0.55991,0.5399170765182288,0.5313769639407092,0.037029618716081014,0.03583921933018952,0.001190399385891494,5.742762706652812,6
ADA,long,1,2023-10-23 20:00:00+00:00,2023-10-24 00:00:00+00:00,2023-10-25 00:00:00+00:00,0.2868638285117736,0.27932,0.2868638285117736,0.2751189137697814,-0.026297594056770346,-0.028240871860022,0.0019432778032516529,9.988775255673833,6
BNB,long,1,2023-10-24 04:00:00+00:00,2023-10-24 08:00:00+00:00,2023-10-25 08:00:00+00:00,231.84139965246655,224.79,231.84139965246655,223.3772957618056,-0.03041475622143719,-0.03166586185138742,0.0012511056299502332,6.455921962584254,6
AVAX,short,-1,2023-10-24 08:00:00+00:00,2023-10-24 12:00:00+00:00,2023-10-25 12:00:00+00:00,10.407359481851202,10.328,10.918773412041988,10.407359481851202,0.007683915748567305,0.006131116797251979,0.0015527989513153262,7.710732744665526,6
BTC,short,-1,2023-10-24 08:00:00+00:00,2023-10-24 12:00:00+00:00,2023-10-25 12:00:00+00:00,33665.16141648668,34203.9,35457.47947922875,33665.16141648668,-0.01575079401803081,-0.016737099812943024,0.0009863057949122123,5.012959217987713,6
DOT,short,-1,2023-10-24 08:00:00+00:00,2023-10-24 12:00:00+00:00,2023-10-25 12:00:00+00:00,4.187279968877303,4.197,4.4095950443339085,4.187279968877303,-0.0023159473725749002,-0.004119460367142946,0.0018035129945680461,9.046674492363598,6
ETH,short,-1,2023-10-24 08:00:00+00:00,2023-10-24 12:00:00+00:00,2023-10-25 12:00:00+00:00,1809.8827895448362,1786.0,1882.7563537730323,1809.8827895448362,0.013372222589493887,0.012350868389759517,0.00102135419973437,5.041924062981029,6
SOL,short,-1,2023-10-24 08:00:00+00:00,2023-10-24 12:00:00+00:00,2023-10-25 12:00:00+00:00,30.50348226043722,32.218,33.24551657222707,30.50348226043722,-0.05321614437776345,-0.054351778836229214,0.0011356344584657618,6.000925858297193,6
XRP,short,-1,2023-10-25 00:00:00+00:00,2023-10-25 04:00:00+00:00,2023-10-26 04:00:00+00:00,0.5445230419990135,0.55731,0.5624623253326989,0.5445230419990135,-0.022944067038069504,-0.024065623029902894,0.0011215559918333895,5.742762706652812,6
ADA,long,1,2023-10-25 08:00:00+00:00,2023-10-25 12:00:00+00:00,2023-10-26 12:00:00+00:00,0.28719557410048674,0.2893,0.28719557410048674,0.27206902872625977,0.007327501150059312,0.005317115675358197,0.002010385474701115,9.988775255673833,6
AVAX,long,1,2023-10-25 20:00:00+00:00,2023-10-26 00:00:00+00:00,2023-10-27 00:00:00+00:00,10.80147025876498,11.045,10.80147025876498,10.263402883514074,0.022545980815658506,0.0209702800409739,0.0015757007746846075,7.710732744665526,6
DOT,short,-1,2023-10-26 00:00:00+00:00,2023-10-26 04:00:00+00:00,2023-10-27 04:00:00+00:00,4.264026633252136,4.18,4.470412039959893,4.264026633252136,0.02010206537132464,0.01825802734562121,0.0018440380257034317,9.046674492363598,6
ETH,long,1,2023-10-26 00:00:00+00:00,2023-10-26 04:00:00+00:00,2023-10-27 04:00:00+00:00,1858.0732554746185,1791.57,1858.0732554746185,1776.2675472431524,-0.03579151428969429,-0.03676331750705819,0.000971803217363898,5.041924062981029,6
BTC,short,-1,2023-10-26 04:00:00+00:00,2023-10-26 08:00:00+00:00,2023-10-27 08:00:00+00:00,34058.0339887674,33957.4,35267.31387830971,34058.0339887674,0.002963536335744088,0.001958477106880796,0.001005059228863292,5.012959217987713,6
SOL,short,-1,2023-10-26 04:00:00+00:00,2023-10-26 08:00:00+00:00,2023-10-27 08:00:00+00:00,31.745064796929114,32.356,33.968563330962674,31.745064796929114,-0.018881666555534915,-0.020058484031535984,0.0011768174760010686,6.000925858297193,6
BNB,short,-1,2023-10-26 08:00:00+00:00,2023-10-26 12:00:00+00:00,2023-10-27 12:00:00+00:00,220.0102813173811,227.73,229.71442878659377,220.0102813173811,-0.033898558304215065,-0.03514516860543837,0.0012466103012233054,6.455921962584254,6
XRP,short,-1,2023-10-26 08:00:00+00:00,2023-10-26 12:00:00+00:00,2023-10-27 12:00:00+00:00,0.5486321815622173,0.54932,0.563831657704024,0.5486321815622173,-0.0012521270621546066,-0.0023985830872754743,0.0011464560251208677,5.742762706652812,6
LINK,long,1,2023-10-27 04:00:00+00:00,2023-10-27 08:00:00+00:00,2023-10-28 08:00:00+00:00,11.07587929972639,11.297,11.07587929972639,10.383299861604755,0.01996416666251255,0.018631600067938514,0.0013325665945740361,6.536688716426203,6
ADA,short,-1,2023-10-27 12:00:00+00:00,2023-10-27 16:00:00+00:00,2023-10-28 16:00:00+00:00,0.28373318009731596,0.29314,0.2997466030262301,0.28373318009731596,-0.03208985434496847,-0.0340215721779662,0.0019317178329977258,9.988775255673833,6
BTC,short,-1,2023-10-27 12:00:00+00:00,2023-10-27 16:00:00+00:00,2023-10-28 16:00:00+00:00,33692.210369832974,34199.5,34308.583150572624,33692.210369832974,-0.014833246982178916,-0.015820472241341754,0.0009872252591628383,5.012959217987713,6
DOT,short,-1,2023-10-27 12:00:00+00:00,2023-10-27 16:00:00+00:00,2023-10-28 16:00:00+00:00,4.086739020058177,4.192,4.244759676323312,4.086739020058177,-0.025109966589175414,-0.026872274845883393,0.0017623082567079784,9.046674492363598,6
ETH,short,-1,2023-10-27 12:00:00+00:00,2023-10-27 16:00:00+00:00,2023-10-28 16:00:00+00:00,1750.3634573070183,1790.95,1816.6321759208554,1750.3634573070183,-0.022662018868746636,-0.023647054997956496,0.0009850361292098597,5.041924062981029,6
SOL,short,-1,2023-10-27 12:00:00+00:00,2023-10-27 16:00:00+00:00,2023-10-28 16:00:00+00:00,31.339237272132195,32.025,33.06796700255152,31.339237272132195,-0.0214133560614459,-0.022587136863528312,0.0011737808020824136,6.000925858297193,6
DOT,short,-1,2023-10-28 20:00:00+00:00,2023-10-29 00:00:00+00:00,2023-10-30 00:00:00+00:00,4.123006559594837,4.313,4.243866398728081,4.123006559594837,-0.044051342546988725,-0.04577941048725087,0.0017280679402621457,9.046674492363598,6
ETH,short,-1,2023-10-28 20:00:00+00:00,2023-10-29 00:00:00+00:00,2023-10-30 00:00:00+00:00,1764.589671341378,1795.47,1788.5511244667302,1764.589671341378,-0.017199022349926207,-0.018189564505760036,0.000990542155833829,5.041924062981029,6
AVAX,long,1,2023-10-29 00:00:00+00:00,2023-10-29 04:00:00+00:00,2023-10-30 04:00:00+00:00,10.996519363316658,11.202,10.996519363316658,10.679794680466854,0.018685970523437234,0.017116217863871297,0.0015697526595659372,7.710732744665526,6
SOL,long,1,2023-10-29 00:00:00+00:00,2023-10-29 04:00:00+00:00,2023-10-30 04:00:00+00:00,31.995747222451374,32.749,31.995747222451374,31.15781197635117,0.02354227805063025,0.022314574521732577,0.0012277035288976723,6.000925858297193,6
BTC,long,1,2023-10-29 04:00:00+00:00,2023-10-29 08:00:00+00:00,2023-10-30 08:00:00+00:00,34299.926889413284,34196.1,34299.926889413284,33877.3825304756,-0.003027029467089992,-0.004026085612861996,0.0009990561457720037,5.012959217987713,6
XRP,long,1,2023-10-29 04:00:00+00:00,2023-10-29 08:00:00+00:00,2023-10-30 08:00:00+00:00,0.5535350158698079,0.55256,0.5535350158698079,0.54095725747263,-0.0017614348539012337,-0.002907306248003061,0.0011458713941018273,5.742762706652812,6
LINK,long,1,2023-10-29 08:00:00+00:00,2023-10-29 12:00:00+00:00,2023-10-30 12:00:00+00:00,11.173142071464456,11.385,11.173142071464456,10.784301159808564,0.018961356365154947,0.01763009992592446,0.0013312564392304882,6.536688716426203,6
ADA,long,1,2023-10-30 04:00:00+00:00,2023-10-30 08:00:00+00:00,2023-10-31 08:00:00+00:00,0.2961326108147994,0.29662,0.2961326108147994,0.290950262664196,0.0016458477297029983,-0.00035319851967619,0.0019990462493791883,9.988775255673833,6
BNB,long,1,2023-10-30 04:00:00+00:00,2023-10-30 08:00:00+00:00,2023-10-31 08:00:00+00:00,227.33253483068742,225.84,227.33253483068742,224.7548140790926,-0.0065654255419226315,-0.007847305187953513,0.0012818796460308812,6.455921962584254,6
DOT,long,1,2023-10-30 04:00:00+00:00,2023-10-30 08:00:00+00:00,2023-10-31 08:00:00+00:00,4.2961779808059255,4.428,4.2961779808059255,4.196408081915175,0.030683556357072872,0.028820390175071653,0.001863166182001219,9.046674492363598,6
ETH,long,1,2023-10-30 04:00:00+00:00,2023-10-30 08:00:00+00:00,2023-10-31 08:00:00+00:00,1796.7528384691327,1790.52,1796.7528384691327,1777.0614110288232,-0.003468945942750379,-0.004473326321981941,0.001004380379231562,5.041924062981029,6
AVAX,short,-1,2023-10-30 12:00:00+00:00,2023-10-30 16:00:00+00:00,2023-10-31 16:00:00+00:00,11.380438988249123,11.222,11.846232042472494,11.380438988249123,0.014118605261907335,0.012555890722011132,0.001562714539896204,7.710732744665526,6
BTC,short,-1,2023-10-30 12:00:00+00:00,2023-10-30 16:00:00+00:00,2023-10-31 16:00:00+00:00,34393.81665089408,34271.8,34929.0496124329,34393.81665089408,0.0035602638581595514,0.0025546066549115842,0.0010056572032479671,5.012959217987713,6
XRP,short,-1,2023-10-30 12:00:00+00:00,2023-10-30 16:00:00+00:00,2023-10-31 16:00:00+00:00,0.5688694172686358,0.59479,0.5867082818452677,0.5688694172686358,-0.043579385550134075,-0.04467725439741399,0.0010978688472799147,5.742762706652812,6
LINK,long,1,2023-10-30 20:00:00+00:00,2023-10-31 00:00:00+00:00,2023-11-01 00:00:00+00:00,11.477493558843811,11.355,11.477493558843811,10.970238437030643,-0.01067250076994597,-0.011965041056808512,0.0012925402868625424,6.536688716426203,6
SOL,long,1,2023-10-30 20:00:00+00:00,2023-10-31 00:00:00+00:00,2023-11-01 00:00:00+00:00,36.09890122092269,38.401,36.09890122092269,33.82798322659825,0.06377199031595548,0.062496032639892674,0.001275957676062811,6.000925858297193,6
ETH,long,1,2023-10-31 12:00:00+00:00,2023-10-31 16:00:00+00:00,2023-11-01 16:00:00+00:00,1813.4204156160233,1792.38,1813.4204156160233,1770.2002220535912,-0.011602613180504928,-0.012598795826458176,0.0009961826459532475,5.041924062981029,6
AVAX,short,-1,2023-11-01 00:00:00+00:00,2023-11-01 04:00:00+00:00,2023-11-02 04:00:00+00:00,10.954866550631706,12.405,11.487453856089493,10.954866550631706,-0.11689910917922552,-0.11825993087712194,0.0013608216978964194,7.710732744665526,6
LINK,short,-1,2023-11-01 04:00:00+00:00,2023-11-01 08:00:00+00:00,2023-11-02 08:00:00+00:00,10.783397240692894,11.178,11.4279570945382,10.783397240692894,-0.035301731911532186,-0.03656209450848946,0.0012603625969572763,6.536688716426203,6
ADA,long,1,2023-11-01 08:00:00+00:00,2023-11-01 12:00:00+00:00,2023-11-02 12:00:00+00:00,0.2936612661763125,0.31051,0.2936612661763125,0.28176178485289877,0.05737472307148472,0.055264455276599955,0.002110267794884768,9.988775255673833,6
BNB,long,1,2023-11-01 08:00:00+00:00,2023-11-01 12:00:00+00:00,2023-11-02 12:00:00+00:00,226.59314473613014,231.91,226.59314473613014,222.24788909057474,0.023464325322204216,0.02214369674655292,0.0013206285756512948,6.455921962584254,6
SOL,long,1,2023-11-01 08:00:00+00:00,2023-11-01 12:00:00+00:00,2023-11-02 12:00:00+00:00,40.37790611082798,44.457,40.37790611082798,38.153600530238336,0.10102291778022998,0.09970227890624961,0.0013206388739803732,6.000925858297193,6
BTC,long,1,2023-11-01 12:00:00+00:00,2023-11-01 16:00:00+00:00,2023-11-02 16:00:00+00:00,34580.310007061424,34634.8,34580.310007061424,33989.43585872961,0.001575752008222464,0.0005720834634621585,0.0010036685447603055,5.012959217987713,6
DOT,long,1,2023-11-01 12:00:00+00:00,2023-11-01 16:00:00+00:00,2023-11-02 16:00:00+00:00,4.470931015020057,4.588,4.470931015020057,4.251821362516533,0.026184475803059826,0.024329442606868312,0.0018550331961915134,9.046674492363598,6
ETH,long,1,2023-11-01 20:00:00+00:00,2023-11-02 00:00:00+00:00,2023-11-03 00:00:00+00:00,1874.158701012723,1800.87,1874.158701012723,1820.7867863890328,-0.0391048532726288,-0.0400733170530021,0.0009684637803732965,5.041924062981029,6
XRP,long,1,2023-11-02 04:00:00+00:00,2023-11-02 08:00:00+00:00,2023-11-03 08:00:00+00:00,0.624183359211212,0.5965,0.624183359211212,0.5868327679592206,-0.04435132529998209,-0.04544830804276945,0.0010969827427873557,5.742762706652812,6
AVAX,short,-1,2023-11-02 08:00:00+00:00,2023-11-02 12:00:00+00:00,2023-11-03 12:00:00+00:00,11.54998439435044,11.686,12.632245725922076,11.54998439435044,-0.011639192679236632,-0.013162215525134302,0.0015230228458976702,7.710732744665526,6
BNB,short,-1,2023-11-02 20:00:00+00:00,2023-11-03 00:00:00+00:00,2023-11-04 00:00:00+00:00,228.97822282111392,230.37,234.8995713973213,228.97822282111392,-0.0060414862129881675,-0.007324041924840485,0.0012825557118523179,6.455921962584254,6
DOT,short,-1,2023-11-02 20:00:00+00:00,2023-11-03 00:00:00+00:00,2023-11-04 00:00:00+00:00,4.4645213243318285,4.611,4.803686541515106,4.4645213243318285,-0.031767225258766296,-0.03351749919209579,0.0017502739333294937,9.046674492363598,6
LINK,short,-1,2023-11-02 20:00:00+00:00,2023-11-03 00:00:00+00:00,2023-11-04 00:00:00+00:00,10.612453196482436,11.467,11.424514083151522,10.612453196482436,-0.07452226419443309,-0.07573138580386385,0.0012091216094307633,6.536688716426203,6
BTC,long,1,2023-11-03 08:00:00+00:00,2023-11-03 12:00:00+00:00,2023-11-04 12:00:00+00:00,34852.72366537809,34718.6,34852.72366537809,33667.13414726955,-0.003848297959890279,-0.004846531121128761,0.000998233161238482,5.012959217987713,6
BNB,long,1,2023-11-04 04:00:00+00:00,2023-11-04 08:00:00+00:00,2023-11-05 08:00:00+00:00,234.46640614183977,244.62,234.46640614183977,229.12437344009552,0.04330511148798788,0.041958881327087916,0.0013462301608999638,6.455921962584254,6
DOT,long,1,2023-11-04 08:00:00+00:00,2023-11-04 12:00:00+00:00,2023-11-05 12:00:00+00:00,4.738594664324986,4.805,4.738594664324986,4.537583508013115,0.014013719336442243,0.012180687211013952,0.001833032125428291,9.046674492363598,6
ADA,long,1,2023-11-04 16:00:00+00:00,2023-11-04 20:00:00+00:00,2023-11-05 20:00:00+00:00,0.33044358952727576,0.34476,0.33044358952727576,0.31779973020578683,0.04332482434658491,0.041242596799072606,0.0020822275475123053,9.988775255673833,6
AVAX,long,1,2023-11-04 16:00:00+00:00,2023-11-04 20:00:00+00:00,2023-11-05 20:00:00+00:00,12.249948643299474,12.36,12.249948643299474,11.86315381652554,0.008983821884079646,0.007429019831541428,0.0015548020525382178,7.710732744665526,6
BTC,long,1,2023-11-04 16:00:00+00:00,2023-11-04 20:00:00+00:00,2023-11-05 20:00:00+00:00,35051.58997440762,34992.1,35051.58997440762,34407.5955039578,-0.0016972118654549062,-0.0026976006074825865,0.0010003887420276802,5.012959217987713,6
ETH,long,1,2023-11-04 16:00:00+00:00,2023-11-04 20:00:00+00:00,2023-11-05 20:00:00+00:00,1850.3396570862897,1888.77,1850.3396570862897,1821.2555379732883,0.0207693451126838,0.019740535525889724,0.0010288095867940772,5.041924062981029,6
SOL,long,1,2023-11-04 16:00:00+00:00,2023-11-04 20:00:00+00:00,2023-11-05 20:00:00+00:00,42.64387211691759,40.761,42.64387211691759,40.163290526343495,-0.04415340407539159,-0.04529990897711045,0.0011465049017188589,6.000925858297193,6
LINK,long,1,2023-11-04 20:00:00+00:00,2023-11-05 00:00:00+00:00,2023-11-06 00:00:00+00:00,11.804683261702205,12.23,11.804683261702205,11.21877318213647,0.03602949175922787,0.034675936078709,0.0013535556805188698,6.536688716426203,6
XRP,long,1,2023-11-04 20:00:00+00:00,2023-11-05 00:00:00+00:00,2023-11-06 00:00:00+00:00,0.6216186263221222,0.66062,0.6216186263221222,0.6089862125589396,0.0627416425866032,0.06152172853992166,0.0012199140466815361,5.742762706652812,6
BNB,long,1,2023-11-05 12:00:00+00:00,2023-11-05 16:00:00+00:00,2023-11-06 16:00:00+00:00,243.8017204335362,251.91,243.8017204335362,237.51928205029392,0.03325767985576711,0.03192441441185556,0.0013332654439115466,6.455921962584254,6
DOT,short,-1,2023-11-05 16:00:00+00:00,2023-11-05 20:00:00+00:00,2023-11-06 20:00:00+00:00,4.76878495760383,4.924,4.847537518574861,4.76878495760383,-0.03152214508451878,-0.033272862049164575,0.0017507169646457932,9.046674492363598,6
ADA,short,-1,2023-11-06 00:00:00+00:00,2023-11-06 04:00:00+00:00,2023-11-07 04:00:00+00:00,0.3403496401313496,0.35669,0.3509110456350358,0.3403496401313496,-0.04581109610207856,-0.047715429608636395,0.0019043335065578315,9.988775255673833,6
AVAX,short,-1,2023-11-06 00:00:00+00:00,2023-11-06 04:00:00+00:00,2023-11-07 04:00:00+00:00,12.351101021469661,12.887,12.792778532484137,12.351101021469661,-0.04158446329869936,-0.04306134172957954,0.0014768784308801797,7.710732744665526,6
BTC,short,-1,2023-11-06 00:00:00+00:00,2023-11-06 04:00:00+00:00,2023-11-07 04:00:00+00:00,34760.27995986842,34919.0,35203.524104315984,34760.27995986842,-0.004545377591900657,-0.005542912216959128,0.0009975346250584716,5.012959217987713,6
SOL,short,-1,2023-11-06 00:00:00+00:00,2023-11-06 04:00:00+00:00,2023-11-07 04:00:00+00:00,40.28741700059324,40.822,41.93101287618228,40.28741700059324,-0.013095463216078684,-0.014279221042675316,0.001183757826596632,6.000925858297193,6
ETH,long,1,2023-11-06 04:00:00+00:00,2023-11-06 08:00:00+00:00,2023-11-07 08:00:00+00:00,1898.376241095409,1892.01,1898.376241095409,1858.9308199852474,-0.0033535191589499913,-0.00435801587414153,0.0010044967151915385,5.041924062981029,6
XRP,long,1,2023-11-06 04:00:00+00:00,2023-11-06 08:00:00+00:00,2023-11-07 08:00:00+00:00,0.6954590914886689,0.69411,0.6954590914886689,0.6671744960681989,-0.0019398574340024899,-0.0030855240180142074,0.0011456665840117175,5.742762706652812,6
BNB,short,-1,2023-11-06 20:00:00+00:00,2023-11-07 00:00:00+00:00,2023-11-08 00:00:00+00:00,250.96557668153307,246.3,259.3228639582941,250.96557668153307,0.01894265806550166,0.017627864029307272,0.0013147940361943888,6.455921962584254,6
DOT,long,1,2023-11-07 00:00:00+00:00,2023-11-07 04:00:00+00:00,2023-11-08 04:00:00+00:00,5.004959649438487,4.879,5.004959649438487,4.879832348446623,-0.025166966021917703,-0.026929171240777983,0.00176220521886028,9.046674492363598,6
LINK,long,1,2023-11-07 00:00:00+00:00,2023-11-07 04:00:00+00:00,2023-11-08 04:00:00+00:00,13.31469833861794,13.249,13.31469833861794,12.684929970222017,-0.0049342716558128386,-0.006234308845683767,0.0013000371898709284,6.536688716426203,6
AVAX,short,-1,2023-11-07 08:00:00+00:00,2023-11-07 12:00:00+00:00,2023-11-08 12:00:00+00:00,12.351072587981509,12.791,12.999214429055408,12.351072587981509,-0.03439351200207108,-0.03588147138944742,0.0014879593873763364,7.710732744665526,6
ADA,long,1,2023-11-07 12:00:00+00:00,2023-11-07 16:00:00+00:00,2023-11-08 16:00:00+00:00,0.34997644068554246,0.35526,0.34997644068554246,0.33077442976801547,0.015096899963060295,0.013071008621098779,0.0020258913419615165,9.988775255673833,6
BTC,long,1,2023-11-07 12:00:00+00:00,2023-11-07 16:00:00+00:00,2023-11-08 16:00:00+00:00,34965.42266232766,35224.0,34965.42266232766,34488.415394139054,0.007395229858065733,0.006385729675655538,0.0010095001824101946,5.012959217987713,6
ETH,long,1,2023-11-07 12:00:00+00:00,2023-11-07 16:00:00+00:00,2023-11-08 16:00:00+00:00,1879.230947495905,1888.92,1879.230947495905,1847.6825835200157,0.005155860442276117,0.004142787322088282,0.0010130731201878351,5.041924062981029,6
SOL,long,1,2023-11-07 12:00:00+00:00,2023-11-07 16:00:00+00:00,2023-11-08 16:00:00+00:00,42.42762632488114,42.77,42.42762632488114,40.01760579295751,0.008069592969854211,0.006860448391067697,0.001209144578786514,6.000925858297193,6
XRP,long,1,2023-11-08 04:00:00+00:00,2023-11-08 08:00:00+00:00,2023-11-09 08:00:00+00:00,0.694299442160998,0.69495,0.694299442160998,0.6554594924972909,0.0009369989366216913,-0.00021196997163908105,0.0011489689082607724,5.742762706652812,6
DOT,long,1,2023-11-08 08:00:00+00:00,2023-11-08 12:00:00+00:00,2023-11-09 12:00:00+00:00,5.030724694778472,5.101,5.030724694778472,4.843058898708602,0.013969221033794277,0.012136269347926998,0.001832951685867279,9.046674492363598,6
LINK,long,1,2023-11-08 08:00:00+00:00,2023-11-08 12:00:00+00:00,2023-11-09 12:00:00+00:00,13.817487118199388,14.81,13.817487118199388,13.307311121558065,0.07183020134633211,0.07042987262101685,0.0014003287253152585,6.536688716426203,6
ADA,long,1,2023-11-08 20:00:00+00:00,2023-11-09 00:00:00+00:00,2023-11-10 00:00:00+00:00,0.36558229678305665,0.36834,0.36558229678305665,0.34998765291943973,0.007543317171563757,0.005532500979549493,0.002010816192014264,9.988775255673833,6
AVAX,long,1,2023-11-08 20:00:00+00:00,2023-11-09 00:00:00+00:00,2023-11-10 00:00:00+00:00,13.278406511872701,12.971,13.278406511872701,12.705901182430788,-0.023150858621314052,-0.024656142469373754,0.001505283848059702,7.710732744665526,6
BNB,long,1,2023-11-08 20:00:00+00:00,2023-11-09 00:00:00+00:00,2023-11-10 00:00:00+00:00,249.6683218468247,251.74,249.6683218468247,243.54963276961416,0.008297721304212136,0.006996662976556989,0.0013010583276551468,6.455921962584254,6
BTC,long,1,2023-11-08 20:00:00+00:00,2023-11-09 00:00:00+00:00,2023-11-10 00:00:00+00:00,36046.35162635948,36708.9,36046.35162635948,35200.07466059739,0.018380455822775144,0.017359947460768188,0.0010205083620069555,5.012959217987713,6
ETH,long,1,2023-11-08 20:00:00+00:00,2023-11-09 00:00:00+00:00,2023-11-10 00:00:00+00:00,1908.7643100148773,2121.04,1908.7643100148773,1868.6684958355065,0.11121105359700922,0.11009108992415206,0.0011199636728571605,5.041924062981029,6
SOL,long,1,2023-11-09 04:00:00+00:00,2023-11-09 08:00:00+00:00,2023-11-10 08:00:00+00:00,45.33411192737372,47.61,45.33411192737372,42.49382637264779,0.050202551144540086,0.04894286954100813,0.0012596816035319591,6.000925858297193,6
XRP,short,-1,2023-11-09 12:00:00+00:00,2023-11-09 16:00:00+00:00,2023-11-10 16:00:00+00:00,0.6731686901555889,0.6466,0.7007685529625096,0.6731686901555889,0.04108983939930244,0.03989477931315655,0.0011950600861458938,5.742762706652812,6
DOT,long,1,2023-11-09 16:00:00+00:00,2023-11-09 20:00:00+00:00,2023-11-10 20:00:00+00:00,5.0152561876607855,5.151,5.0152561876607855,4.732835793792443,0.02706617713232462,0.025209550085053323,0.0018566270472712976,9.046674492363598,6
BTC,long,1,2023-11-10 04:00:00+00:00,2023-11-10 08:00:00+00:00,2023-11-11 08:00:00+00:00,37056.28746204065,37018.1,37056.28746204065,35886.88686021888,-0.001030525847462993,-0.0020315826685491922,0.0010010568210861992,5.012959217987713,6
ADA,short,-1,2023-11-10 08:00:00+00:00,2023-11-10 12:00:00+00:00,2023-11-11 12:00:00+00:00,0.36888282927789895,0.3791,0.3881627135648811,0.36888282927789895,-0.026951122981010434,-0.02889309649637639,0.0019419735153659579,9.988775255673833,6
AVAX,long,1,2023-11-10 12:00:00+00:00,2023-11-10 16:00:00+00:00,2023-11-11 16:00:00+00:00,13.884930001537244,15.16,13.884930001537244,12.74162714399086,0.0918312154488059,0.09014874901278813,0.001682466436017771,7.710732744665526,6
SOL,long,1,2023-11-10 12:00:00+00:00,2023-11-10 16:00:00+00:00,2023-11-11 16:00:00+00:00,53.45437124171177,60.95,53.45437124171177,48.41057597139425,0.1402248045233616,0.1388571443433484,0.0013676601800132193,6.000925858297193,6
LINK,long,1,2023-11-10 16:00:00+00:00,2023-11-10 20:00:00+00:00,2023-11-11 20:00:00+00:00,15.641859368649369,16.332,15.641859368649369,14.501710803936632,0.04412139344085042,0.0427572658223947,0.0013641276184557238,6.536688716426203,6
XRP,long,1,2023-11-11 04:00:00+00:00,2023-11-11 08:00:00+00:00,2023-11-12 08:00:00+00:00,0.6787408392714648,0.6679,0.6787408392714648,0.6417766175195188,-0.01597198613111428,-0.017101545328140788,0.0011295591970265084,5.742762706652812,6
BNB,long,1,2023-11-11 08:00:00+00:00,2023-11-11 12:00:00+00:00,2023-11-12 12:00:00+00:00,254.50099294889552,249.1,254.50099294889552,243.22671311710747,-0.021221893424911098,-0.022484861077797236,0.0012629676528861378,6.455921962584254,6
DOT,long,1,2023-11-11 08:00:00+00:00,2023-11-11 12:00:00+00:00,2023-11-12 12:00:00+00:00,5.479554632055375,5.807,5.479554632055375,5.049242476413071,0.059757660965559234,0.05784193753827682,0.001915723427282412,9.046674492363598,6
BTC,short,-1,2023-11-11 16:00:00+00:00,2023-11-11 20:00:00+00:00,2023-11-12 20:00:00+00:00,36801.725150802464,37116.1,37521.56080595832,36801.725150802464,-0.008470039934086127,-0.009463641696219494,0.000993601762133367,5.012959217987713,6
ADA,short,-1,2023-11-11 20:00:00+00:00,2023-11-12 00:00:00+00:00,2023-11-13 00:00:00+00:00,0.37301525413867564,0.3835,0.39613221808099597,0.37301525413867564,-0.02733962414947677,-0.029280822309156518,0.0019411981596797467,9.988775255673833,6
ETH,short,-1,2023-11-11 20:00:00+00:00,2023-11-12 00:00:00+00:00,2023-11-13 00:00:00+00:00,2034.6754661124278,2044.98,2072.8620424457176,2034.6754661124278,-0.005038941157161525,-0.006041739174877714,0.0010027980177161888,5.041924062981029,6
AVAX,long,1,2023-11-12 00:00:00+00:00,2023-11-12 04:00:00+00:00,2023-11-13 04:00:00+00:00,17.63266659263914,18.204,17.63266659263914,15.501914447478265,0.03240198550566187,0.0308110970381823,0.0015908884674795676,7.710732744665526,6
SOL,long,1,2023-11-12 00:00:00+00:00,2023-11-12 04:00:00+00:00,2023-11-13 04:00:00+00:00,61.4988323436978,56.98,61.4988323436978,53.53702297304513,-0.0734783437585198,-0.07458967441027764,0.0011113306517578359,6.000925858297193,6
DOT,long,1,2023-11-12 20:00:00+00:00,2023-11-13 00:00:00+00:00,2023-11-14 00:00:00+00:00,5.8725650652185895,5.348,5.8725650652185895,5.548046490445697,-0.08932469191791992,-0.09097091924573264,0.0016462273278127215,9.046674492363598,6
BTC,short,-1,2023-11-13 00:00:00+00:00,2023-11-13 04:00:00+00:00,2023-11-14 04:00:00+00:00,36790.089294374724,36452.8,37066.42767536063,36790.089294374724,0.00925276780863804,0.008241406206951352,0.0010113616016866889,5.012959217987713,6
ADA,short,-1,2023-11-13 04:00:00+00:00,2023-11-13 08:00:00+00:00,2023-11-14 08:00:00+00:00,0.369761352611073,0.3676,0.38458429740107325,0.369761352611073,0.005879631694975629,0.003872135822432954,0.002007495872542675,9.988775255673833,6
XRP,short,-1,2023-11-13 04:00:00+00:00,2023-11-13 08:00:00+00:00,2023-11-14 08:00:00+00:00,0.6476472098416121,0.6642,0.6646631120440937,0.6476472098416121,-0.02492139439685026,-0.026040680627790302,0.001119286230940042,5.742762706652812,6
ETH,long,1,2023-11-13 08:00:00+00:00,2023-11-13 12:00:00+00:00,2023-11-14 12:00:00+00:00,2061.905730942249,2032.76,2061.905730942249,2032.9367409946851,-0.014135336307994129,-0.015128966281449219,0.0009936299734550902,5.041924062981029,6
BNB,short,-1,2023-11-13 12:00:00+00:00,2023-11-13 16:00:00+00:00,2023-11-14 16:00:00+00:00,244.7114680236037,244.1,249.51184549352868,244.7114680236037,0.0025049898549927008,0.00121140618619342,0.0012935836687992808,6.455921962584254,6
SOL,short,-1,2023-11-13 12:00:00+00:00,2023-11-13 16:00:00+00:00,2023-11-14 16:00:00+00:00,52.83804722033812,56.25,58.61160021841137,52.83804722033812,-0.060656938305100105,-0.061783647788839935,0.0011267094837398295,6.000925858297193,6
AVAX,short,-1,2023-11-13 16:00:00+00:00,2023-11-13 20:00:00+00:00,2023-11-14 20:00:00+00:00,16.312175352080597,16.722,18.29677339521315,16.312175352080597,-0.024508111943511768,-0.02601130432072185,0.001503192377210083,7.710732744665526,6
LINK,short,-1,2023-11-13 16:00:00+00:00,2023-11-13 20:00:00+00:00,2023-11-14 20:00:00+00:00,14.706548147110645,14.056,15.606823416621639,14.706548147110645,0.046282594415953726,0.044915643223574886,0.0013669511923788402,6.536688716426203,6
DOT,short,-1,2023-11-14 04:00:00+00:00,2023-11-14 08:00:00+00:00,2023-11-15 08:00:00+00:00,5.348666310421136,5.304,5.592040943314146,5.348666310421136,0.008421250079399645,0.006598327458027464,0.0018229226213721805,9.046674492363598,6
ADA,short,-1,2023-11-14 12:00:00+00:00,2023-11-14 16:00:00+00:00,2023-11-15 16:00:00+00:00,0.35344125675343685,0.3715,0.37363934593557,0.35344125675343685,-0.04861034521282137,-0.050509092085691765,0.0018987468728703938,9.988775255673833,6
XRP,short,-1,2023-11-14 12:00:00+00:00,2023-11-14 16:00:00+00:00,2023-11-15 16:00:00+00:00,0.6416147685227357,0.6399,0.6662166473882423,0.6416147685227357,0.002679744526856709,0.001528775132551008,0.0011509693943057009,5.742762706652812,6
AVAX,long,1,2023-11-15 00:00:00+00:00,2023-11-15 04:00:00+00:00,2023-11-16 04:00:00+00:00,18.268922653289213,22.437,18.268922653289213,16.56859628476791,0.22815123944708104,0.22625870953083904,0.0018925299162420028,7.710732744665526,6
LINK,long,1,2023-11-15 00:00:00+00:00,2023-11-15 04:00:00+00:00,2023-11-16 04:00:00+00:00,14.606286185110624,14.932,14.606286185110624,13.725410994915519,0.022299564089152346,0.020963946335824435,0.0013356177533279112,6.536688716426203,6
SOL,long,1,2023-11-15 00:00:00+00:00,2023-11-15 04:00:00+00:00,2023-11-16 04:00:00+00:00,59.5304178723609,65.87,59.5304178723609,53.20705805881123,0.10649315684683747,0.10516595661046879,0.0013272002363686752,6.000925858297193,6
BTC,long,1,2023-11-15 04:00:00+00:00,2023-11-15 08:00:00+00:00,2023-11-16 08:00:00+00:00,36059.493177815864,37436.3,36059.493177815864,35113.39531718545,0.03818153559160842,0.03714118477547235,0.0010403508161360708,5.012959217987713,6
BNB,long,1,2023-11-15 08:00:00+00:00,2023-11-15 12:00:00+00:00,2023-11-16 12:00:00+00:00,250.81634578485242,251.7,250.81634578485242,243.2417225802854,0.0035231125482768633,0.002228215143484036,0.0012948974047928274,6.455921962584254,6
DOT,long,1,2023-11-15 12:00:00+00:00,2023-11-15 16:00:00+00:00,2023-11-16 16:00:00+00:00,5.6265669048626,5.469,5.6265669048626,5.2692921814148415,-0.02800409335334253,-0.029761169898454898,0.0017570765451123682,9.046674492363598,6
ADA,long,1,2023-11-16 00:00:00+00:00,2023-11-16 04:00:00+00:00,2023-11-17 04:00:00+00:00,0.39421343311438256,0.375,0.39421343311438256,0.36939015205437764,-0.0487386565257093,-0.050637147319797515,0.0018984907940882145,9.988775255673833,6
ETH,long,1,2023-11-16 04:00:00+00:00,2023-11-16 08:00:00+00:00,2023-11-17 08:00:00+00:00,2091.610177653679,1970.99,2091.610177653679,2016.594766397427,-0.05766857464280839,-0.058618328481896964,0.000949753839088574,5.041924062981029,6
LINK,short,-1,2023-11-16 08:00:00+00:00,2023-11-16 12:00:00+00:00,2023-11-17 12:00:00+00:00,14.266736299941114,13.424,15.099061514222361,14.266736299941114,0.06277832985258591,0.061389827250153406,0.0013885026024325064,6.536688716426203,6
SOL,short,-1,2023-11-16 08:00:00+00:00,2023-11-16 12:00:00+00:00,2023-11-17 12:00:00+00:00,60.95398766015248,58.16,67.28225268649702,60.95398766015248,0.04803967778804119,0.046782590476224906,0.001257087311816285,6.000925858297193,6
XRP,short,-1,2023-11-16 08:00:00+00:00,2023-11-16 12:00:00+00:00,2023-11-17 12:00:00+00:00,0.6247283209699737,0.6123,0.6583112629846128,0.6247283209699737,0.02029776411885309,0.019126571117309643,0.0011711930015434469,5.742762706652812,6
AVAX,short,-1,2023-11-16 12:00:00+00:00,2023-11-16 16:00:00+00:00,2023-11-17 16:00:00+00:00,21.614222146076745,20.163,24.02762946962061,21.614222146076745,0.07197451500653407,0.07032264691900769,0.0016518680875263758,7.710732744665526,6
BTC,short,-1,2023-11-16 12:00:00+00:00,2023-11-16 16:00:00+00:00,2023-11-17 16:00:00+00:00,35551.50349070515,36049.9,37265.471006208696,35551.50349070515,-0.013825184238925758,-0.014813419667179195,0.0009882354282534367,5.012959217987713,6
ADA,short,-1,2023-11-17 08:00:00+00:00,2023-11-17 12:00:00+00:00,2023-11-18 12:00:00+00:00,0.3610868176113699,0.3585,0.3848931426502008,0.3610868176113699,0.007215669766722277,0.005205507480793736,0.0020101622859285406,9.988775255673833,6
BNB,short,-1,2023-11-17 08:00:00+00:00,2023-11-17 12:00:00+00:00,2023-11-18 12:00:00+00:00,240.0460167562463,242.9,248.2224483670776,240.0460167562463,-0.011749622246824631,-0.013024812457629542,0.0012751902108049107,6.455921962584254,6
DOT,short,-1,2023-11-17 08:00:00+00:00,2023-11-17 12:00:00+00:00,2023-11-18 12:00:00+00:00,5.163507814890267,5.13,5.450369401754857,5.163507814890267,0.006531737795373749,0.004712230844472476,0.001819506950901273,9.046674492363598,6
LINK,short,-1,2023-11-18 00:00:00+00:00,2023-11-18 04:00:00+00:00,2023-11-19 04:00:00+00:00,12.93716815798479,14.107,13.87731834413797,12.93716815798479,-0.08292562855427876,-0.08412377130484949,0.0011981427505707298,6.536688716426203,6
SOL,long,1,2023-11-19 00:00:00+00:00,2023-11-19 04:00:00+00:00,2023-11-20 04:00:00+00:00,60.54050700928319,59.95,60.54050700928319,56.026911031318114,-0.009753915823543347,-0.010941681720557428,0.0011877658970140814,6.000925858297193,6
XRP,long,1,2023-11-19 08:00:00+00:00,2023-11-19 12:00:00+00:00,2023-11-20 12:00:00+00:00,0.6238577235443601,0.6233,0.6238577235443601,0.5944961262848388,-0.0008939915678073396,-0.0020408586942743945,0.001146867126467055,5.742762706652812,6
BTC,long,1,2023-11-19 12:00:00+00:00,2023-11-19 16:00:00+00:00,2023-11-20 16:00:00+00:00,36829.20253866275,37460.0,36829.20253866275,36320.56584976954,0.01712764376787823,0.016108390835677167,0.0010192529322010646,5.012959217987713,6
DOT,long,1,2023-11-19 12:00:00+00:00,2023-11-19 16:00:00+00:00,2023-11-20 16:00:00+00:00,5.39357457824685,5.437,5.39357457824685,5.1903761770361045,0.008051324983674446,0.006229071075724679,0.0018222539079497668,9.046674492363598,6
LINK,long,1,2023-11-19 12:00:00+00:00,2023-11-19 16:00:00+00:00,2023-11-20 16:00:00+00:00,14.574563611609536,15.128,14.574563611609536,13.842858103778207,0.0379727587829537,0.03661666425567445,0.0013560945272792502,6.536688716426203,6
ETH,long,1,2023-11-19 16:00:00+00:00,2023-11-19 20:00:00+00:00,2023-11-20 20:00:00+00:00,2003.216055307003,2036.32,2003.216055307003,1964.3344670562476,0.016525399047844447,0.01550086683518792,0.001024532212656526,5.041924062981029,6
ADA,long,1,2023-11-20 00:00:00+00:00,2023-11-20 04:00:00+00:00,2023-11-21 04:00:00+00:00,0.3875140181027327,0.3848,0.3875140181027327,0.37597321179069,-0.007003664321669101,-0.008985448207644686,0.0019817838859755854,9.988775255673833,6
BNB,long,1,2023-11-20 04:00:00+00:00,2023-11-20 08:00:00+00:00,2023-11-21 08:00:00+00:00,248.7836796766427,257.3,248.7836796766427,246.02401604298828,0.03423182876958175,0.03289730633130228,0.001334522438279473,6.455921962584254,6
SOL,short,-1,2023-11-20 08:00:00+00:00,2023-11-20 12:00:00+00:00,2023-11-21 12:00:00+00:00,58.65038885860241,56.29,61.523972308169036,58.65038885860241,0.04193264982416789,0.040682887680977275,0.0012497621431906136,6.000925858297193,6
AVAX,short,-1,2023-11-20 12:00:00+00:00,2023-11-20 16:00:00+00:00,2023-11-21 16:00:00+00:00,21.171211027010433,21.505,22.645601868893213,21.171211027010433,-0.015521458869545035,-0.017038499304912302,0.0015170404353672673,7.710732744665526,6
XRP,short,-1,2023-11-20 16:00:00+00:00,2023-11-20 20:00:00+00:00,2023-11-21 20:00:00+00:00,0.6117278059332741,0.5952,0.6249428034691948,0.6117278059332741,0.027768491151334285,0.02658872255203426,0.001179768599300024,5.742762706652812,6
DOT,short,-1,2023-11-20 20:00:00+00:00,2023-11-21 00:00:00+00:00,2023-11-22 00:00:00+00:00,5.199657186041212,4.859,5.410436687157596,5.199657186041212,0.07010849681852482,0.0681740621901199,0.001934434628404924,9.046674492363598,6
ADA,short,-1,2023-11-21 08:00:00+00:00,2023-11-21 12:00:00+00:00,2023-11-22 12:00:00+00:00,0.37202765326857784,0.3685,0.38528845568509407,0.37202765326857784,0.009573007513101306,0.007558140543185932,0.0020148669699153743,9.988775255673833,6
BTC,short,-1,2023-11-21 08:00:00+00:00,2023-11-21 12:00:00+00:00,2023-11-22 12:00:00+00:00,36840.56767199949,36478.1,37505.606831628065,36840.56767199949,0.00993658310053136,0.008924536254720561,0.001012046845810799,5.012959217987713,6
ETH,short,-1,2023-11-21 08:00:00+00:00,2023-11-21 12:00:00+00:00,2023-11-22 12:00:00+00:00,1982.274534770388,2014.66,2026.4084201965939,1982.274534770388,-0.016074903571625998,-0.01706657870052708,0.0009916751289010817,5.041924062981029,6
LINK,short,-1,2023-11-21 08:00:00+00:00,2023-11-21 12:00:00+00:00,2023-11-22 12:00:00+00:00,13.767006111223793,14.128,14.58273203179059,13.767006111223793,-0.025551662569097355,-0.026824763473070945,0.0012731009039735897,6.536688716426203,6
BNB,short,-1,2023-11-21 12:00:00+00:00,2023-11-21 16:00:00+00:00,2023-11-22 16:00:00+00:00,257.69733998274575,231.6,272.0984236961657,257.69733998274575,0.11268281512411815,0.1112470633495497,0.00143575177456845,6.455921962584254,6
SOL,short,-1,2023-11-21 16:00:00+00:00,2023-11-21 20:00:00+00:00,2023-11-22 20:00:00+00:00,53.814960030655335,57.3,55.78270611536202,53.814960030655335,-0.06082094187337983,-0.0619474546405171,0.0011265127671372666,6.000925858297193,6
AVAX,long,1,2023-11-22 12:00:00+00:00,2023-11-22 16:00:00+00:00,2023-11-23 16:00:00+00:00,21.083492929706505,20.613,21.083492929706505,18.957013685187494,-0.022315701258570075,-0.023822272049347504,0.0015065707907774284,7.710732744665526,6
DOT,long,1,2023-11-22 12:00:00+00:00,2023-11-22 16:00:00+00:00,2023-11-23 16:00:00+00:00,5.217342943833896,5.108,5.217342943833896,4.959913365592219,-0.020957591826146427,-0.02272740632876835,0.0017698145026219247,9.046674492363598,6
XRP,long,1,2023-11-22 12:00:00+00:00,2023-11-22 16:00:00+00:00,2023-11-23 16:00:00+00:00,0.6048426552772824,0.616,0.6048426552772824,0.5819776216653038,0.018446689606576472,0.017277621441125213,0.0011690681654512591,5.742762706652812,6
LINK,long,1,2023-11-23 12:00:00+00:00,2023-11-23 16:00:00+00:00,2023-11-24 16:00:00+00:00,14.639019906344659,14.58,14.639019906344659,13.671516964961492,-0.004031684274100833,-0.005332900679705821,0.001301216405604988,6.536688716426203,6
ADA,long,1,2023-11-23 20:00:00+00:00,2023-11-24 00:00:00+00:00,2023-11-25 00:00:00+00:00,0.3953989086557706,0.386,0.3953989086557706,0.379562909038418,-0.02377069953916633,-0.025719020421285932,0.001948320882119603,9.988775255673833,6
DOT,long,1,2023-11-24 00:00:00+00:00,2023-11-24 04:00:00+00:00,2023-11-25 04:00:00+00:00,5.2370051975750656,5.305,5.2370051975750656,5.09398482406559,0.012983527772020942,0.01115235792340119,0.0018311698486197514,9.046674492363598,6
AVAX,long,1,2023-11-24 04:00:00+00:00,2023-11-24 08:00:00+00:00,2023-11-25 08:00:00+00:00,21.195513908698373,21.175,21.195513908698373,20.2199770124054,-0.0009678420059423543,-0.0025073089588418807,0.0015394669528995264,7.710732744665526,6
BTC,long,1,2023-11-24 04:00:00+00:00,2023-11-24 08:00:00+00:00,2023-11-25 08:00:00+00:00,37978.06907998723,37808.4,37978.06907998723,37090.774896248986,-0.00446755414631228,-0.0054651667574282525,0.0009976126111159722,5.012959217987713,6
ETH,long,1,2023-11-24 04:00:00+00:00,2023-11-24 08:00:00+00:00,2023-11-25 08:00:00+00:00,2106.922684233989,2088.25,2106.922684233989,2052.9080160207914,-0.00886253889319999,-0.009861483196043297,0.0009989443028433076,5.041924062981029,6
SOL,long,1,2023-11-24 04:00:00+00:00,2023-11-24 08:00:00+00:00,2023-11-25 08:00:00+00:00,58.63726884694942,58.6,58.63726884694942,56.071431440331324,-0.0006355829267337132,-0.0018342859483932994,0.0011987030216595862,6.000925858297193,6
BNB,short,-1,2023-11-24 12:00:00+00:00,2023-11-24 16:00:00+00:00,2023-11-25 16:00:00+00:00,232.53857745229396,233.5,237.68963672850896,232.53857745229396,-0.004117441317798898,-0.005402479723582432,0.001285038405783534,6.455921962584254,6
LINK,long,1,2023-11-24 20:00:00+00:00,2023-11-25 00:00:00+00:00,2023-11-26 00:00:00+00:00,14.763675641933308,14.766,14.763675641933308,14.219434651065628,0.00015743762753017698,-0.0011492517977053085,0.0013066894252354855,6.536688716426203,6
XRP,short,-1,2023-11-25 04:00:00+00:00,2023-11-25 08:00:00+00:00,2023-11-26 08:00:00+00:00,0.6186487905708032,0.6216,0.6261739550845608,0.6186487905708032,-0.004747762916983311,-0.005890206325010139,0.0011424434080268275,5.742762706652812,6
ADA,long,1,2023-11-25 08:00:00+00:00,2023-11-25 12:00:00+00:00,2023-11-26 12:00:00+00:00,0.3951796379733678,0.391,0.3951796379733678,0.381147193647034,-0.010576551956984814,-0.012551205211267513,0.001974653254282699,9.988775255673833,6
DOT,long,1,2023-11-25 08:00:00+00:00,2023-11-25 12:00:00+00:00,2023-11-26 12:00:00+00:00,5.324775562598303,5.333,5.324775562598303,5.213808671111942,0.001544560386632421,-0.00026593124600338136,0.0018104916326358023,9.046674492363598,6
LINK,long,1,2023-11-26 04:00:00+00:00,2023-11-26 08:00:00+00:00,2023-11-27 08:00:00+00:00,15.319751323076302,14.511,15.319751323076302,14.885372235546715,-0.052791413256041086,-0.05402892586878205,0.0012375126127409652,6.536688716426203,6
BNB,short,-1,2023-11-26 08:00:00+00:00,2023-11-26 12:00:00+00:00,2023-11-27 12:00:00+00:00,231.31138224978292,225.7,235.50747684856364,231.31138224978292,0.0248621278235841,0.02353969559158564,0.0013224322319984605,6.455921962584254,6
BTC,short,-1,2023-11-26 08:00:00+00:00,2023-11-26 12:00:00+00:00,2023-11-27 12:00:00+00:00,37364.03426846951,37035.8,37999.04105210951,37364.03426846951,0.008862621260226966,0.00785165062029991,0.0010109706399270557,5.012959217987713,6
ETH,short,-1,2023-11-26 08:00:00+00:00,2023-11-26 12:00:00+00:00,2023-11-27 12:00:00+00:00,2064.9272233756087,2025.19,2104.5813462112023,2064.9272233756087,0.01962147915781176,0.01859382647830965,0.0010276526795021113,5.041924062981029,6
SOL,short,-1,2023-11-26 08:00:00+00:00,2023-11-26 12:00:00+00:00,2023-11-27 12:00:00+00:00,56.66093494876428,55.02,59.06401832278602,56.66093494876428,0.029824335673650948,0.028589097034110722,0.001235238639540226,6.000925858297193,6
AVAX,short,-1,2023-11-26 12:00:00+00:00,2023-11-26 16:00:00+00:00,2023-11-27 16:00:00+00:00,20.213939434923525,20.117,21.183414068224653,20.213939434923525,0.004818781872223621,0.00327039797289963,0.0015483838993239907,7.710732744665526,6
XRP,short,-1,2023-11-26 12:00:00+00:00,2023-11-26 16:00:00+00:00,2023-11-27 16:00:00+00:00,0.6157153837002926,0.5977,0.6281467383122269,0.6157153837002926,0.030141180693144642,0.028958688499337137,0.001182492193807505,5.742762706652812,6
ADA,long,1,2023-11-26 16:00:00+00:00,2023-11-26 20:00:00+00:00,2023-11-27 20:00:00+00:00,0.3900963793193729,0.3741,0.3900963793193729,0.3791810635568597,-0.04100622350631111,-0.04292014639275121,0.0019139228864401003,9.988775255673833,6
DOT,long,1,2023-11-26 16:00:00+00:00,2023-11-26 20:00:00+00:00,2023-11-27 20:00:00+00:00,5.364265037637933,5.07,5.364265037637933,5.24243466769177,-0.05485654336115875,-0.056565078744970965,0.0017085353838122153,9.046674492363598,6
BNB,long,1,2023-11-27 16:00:00+00:00,2023-11-27 20:00:00+00:00,2023-11-28 20:00:00+00:00,227.14055513203567,230.3,227.14055513203567,222.08786084315275,0.013909646677264575,0.012601346994118412,0.0013082996831461635,6.455921962584254,6
BTC,long,1,2023-11-27 16:00:00+00:00,2023-11-27 20:00:00+00:00,2023-11-28 20:00:00+00:00,37078.19642836753,38112.4,37078.19642836753,36691.01962492345,0.027892499400030912,0.026862459119029403,0.0010300402810015097,5.012959217987713,6
ETH,long,1,2023-11-27 16:00:00+00:00,2023-11-27 20:00:00+00:00,2023-11-28 20:00:00+00:00,2010.4375328586557,2059.63,2010.4375328586557,1979.3634771340946,0.02446853798605586,0.023436000069145146,0.001032537916910714,5.041924062981029,6
LINK,long,1,2023-11-27 16:00:00+00:00,2023-11-27 20:00:00+00:00,2023-11-28 20:00:00+00:00,14.235527819678616,14.591,14.235527819678616,13.693727866593495,0.024970776273570472,0.02363166862496935,0.0013391076486011233,6.536688716426203,6
SOL,long,1,2023-11-27 16:00:00+00:00,2023-11-27 20:00:00+00:00,2023-11-28 20:00:00+00:00,54.86531547440686,58.04,54.86531547440686,53.404539364524204,0.057863232866564696,0.056594362540509424,0.0012688703260552714,6.000925858297193,6
ADA,short,-1,2023-11-28 00:00:00+00:00,2023-11-28 04:00:00+00:00,2023-11-29 04:00:00+00:00,0.37140166122570145,0.3847,0.38106033110604237,0.37140166122570145,-0.03456807583649213,-0.036494847730374924,0.001926771893882795,9.988775255673833,6
AVAX,short,-1,2023-11-28 00:00:00+00:00,2023-11-28 04:00:00+00:00,2023-11-29 04:00:00+00:00,19.836330824684392,20.859,20.609051372105476,19.836330824684392,-0.04902771826624519,-0.0504931269511788,0.0014654086849336112,7.710732744665526,6
XRP,short,-1,2023-11-28 00:00:00+00:00,2023-11-28 04:00:00+00:00,2023-11-29 04:00:00+00:00,0.597496149030066,0.6121,0.6115859501240268,0.597496149030066,-0.023858603120297306,-0.024979109322258664,0.0011205062019613576,5.742762706652812,6
DOT,long,1,2023-11-28 12:00:00+00:00,2023-11-28 16:00:00+00:00,2023-11-29 16:00:00+00:00,5.29811274302723,5.23,5.29811274302723,5.146980693434416,-0.012856038806813186,-0.014640498483032949,0.0017844596762197629,9.046674492363598,6
LINK,long,1,2023-11-29 04:00:00+00:00,2023-11-29 08:00:00+00:00,2023-11-30 08:00:00+00:00,14.973877837971319,14.434,14.973877837971319,14.415428410443363,-0.03605464421529314,-0.03731402314457133,0.0012593789292781876,6.536688716426203,6
SOL,long,1,2023-11-29 04:00:00+00:00,2023-11-29 08:00:00+00:00,2023-11-30 08:00:00+00:00,60.68430502292033,60.0,60.68430502292033,58.00591930105297,-0.011276474578754248,-0.012462414219250206,0.0011859396404959588,6.000925858297193,6
ADA,short,-1,2023-11-29 08:00:00+00:00,2023-11-29 12:00:00+00:00,2023-11-30 12:00:00+00:00,0.3789441686570241,0.3767,0.38912328568765997,0.3789441686570241,0.005957442678588221,0.003949791513877976,0.0020076511647102446,9.988775255673833,6
BNB,short,-1,2023-11-29 08:00:00+00:00,2023-11-29 12:00:00+00:00,2023-11-30 12:00:00+00:00,226.73683379677786,228.9,231.8921417378776,226.73683379677786,-0.00945026737973853,-0.010728424566204375,0.0012781571864658448,6.455921962584254,6
BTC,short,-1,2023-11-29 08:00:00+00:00,2023-11-29 12:00:00+00:00,2023-11-30 12:00:00+00:00,37714.5765737902,37887.4,38488.95816713977,37714.5765737902,-0.004561501348992136,-0.005559019816602784,0.0009975184676106474,5.012959217987713,6
ETH,short,-1,2023-11-29 08:00:00+00:00,2023-11-29 12:00:00+00:00,2023-11-30 12:00:00+00:00,2028.8830915809567,2045.32,2076.5941504874954,2028.8830915809567,-0.00803635050703222,-0.009036127505857583,0.0009997769988253635,5.041924062981029,6
XRP,short,-1,2023-11-29 08:00:00+00:00,2023-11-29 12:00:00+00:00,2023-11-30 12:00:00+00:00,0.6065824064578803,0.6056,0.6156512388493269,0.6065824064578803,0.0016222035301853843,0.00047244808013968687,0.0011497554500456975,5.742762706652812,6
AVAX,short,-1,2023-11-29 12:00:00+00:00,2023-11-29 16:00:00+00:00,2023-11-30 16:00:00+00:00,20.855487148953017,21.085,21.69479129250232,20.855487148953017,-0.010885124545742642,-0.012409309379232347,0.0015241848334897057,7.710732744665526,6
DOT,long,1,2023-11-30 08:00:00+00:00,2023-11-30 12:00:00+00:00,2023-12-01 12:00:00+00:00,5.273867337421349,5.451,5.273867337421349,5.125195472439793,0.03358686353784157,0.031718449048809605,0.0018684144890319665,9.046674492363598,6
XRP,long,1,2023-11-30 16:00:00+00:00,2023-11-30 20:00:00+00:00,2023-12-01 20:00:00+00:00,0.6066568057690191,0.612,0.6066568057690191,0.599762891539263,0.008807606178929506,0.00764960265308523,0.0011580035258442756,5.742762706652812,6
ADA,long,1,2023-11-30 20:00:00+00:00,2023-12-01 00:00:00+00:00,2023-12-02 00:00:00+00:00,0.3800921539854083,0.3844,0.3800921539854083,0.3715563147494533,0.01133368834221482,0.009315307473234391,0.0020183808689804295,9.988775255673833,6
BNB,long,1,2023-11-30 20:00:00+00:00,2023-12-01 00:00:00+00:00,2023-12-02 00:00:00+00:00,229.22470455400216,228.5,229.22470455400216,225.9868110672871,-0.0031615464633805157,-0.004447818309381679,0.0012862718460011635,6.455921962584254,6
BTC,long,1,2023-11-30 20:00:00+00:00,2023-12-01 00:00:00+00:00,2023-12-02 00:00:00+00:00,37987.607333242806,38680.0,37987.607333242806,37473.54366391678,0.018226803827975813,0.01720644943901939,0.0010203543889564237,5.012959217987713,6
ETH,long,1,2023-11-30 20:00:00+00:00,2023-12-01 00:00:00+00:00,2023-12-02 00:00:00+00:00,2067.8587470566554,2087.66,2067.8587470566554,2035.88580800904,0.009575728018912821,0.008558200217403611,0.0010175278015092104,5.041924062981029,6
SOL,long,1,2023-11-30 20:00:00+00:00,2023-12-01 00:00:00+00:00,2023-12-02 00:00:00+00:00,60.54261363012674,59.76,60.54261363012674,58.10248169150006,-0.012926657492984495,-0.014110617796201819,0.001183960303217324,6.000925858297193,6
LINK,long,1,2023-12-01 20:00:00+00:00,2023-12-02 00:00:00+00:00,2023-12-03 00:00:00+00:00,15.278636306069355,15.994,15.278636306069355,14.700930403767437,0.04682117432473154,0.04545351948646159,0.0013676548382699494,6.536688716426203,6
ADA,long,1,2023-12-02 04:00:00+00:00,2023-12-02 08:00:00+00:00,2023-12-03 08:00:00+00:00,0.38917763578655085,0.3969,0.38917763578655085,0.3838407869920113,0.019842774875390212,0.017807411898853154,0.0020353629765370584,9.988775255673833,6
AVAX,long,1,2023-12-02 12:00:00+00:00,2023-12-02 16:00:00+00:00,2023-12-03 16:00:00+00:00,22.458123838903123,21.835,22.458123838903123,21.461192371069423,-0.027746032721741254,-0.029244235597868595,0.0014982028761273414,7.710732744665526,6
BNB,long,1,2023-12-02 12:00:00+00:00,2023-12-02 16:00:00+00:00,2023-12-03 16:00:00+00:00,228.27168178443577,226.8,228.27168178443577,225.93433226949,-0.006447062434251083,-0.007729094810277948,0.0012820323760268648,6.455921962584254,6
BTC,long,1,2023-12-02 12:00:00+00:00,2023-12-02 16:00:00+00:00,2023-12-03 16:00:00+00:00,39071.091924510045,39767.7,39071.091924510045,38538.73392914863,0.017829245131819826,0.01680928913225843,0.001019955999561395,5.012959217987713,6
DOT,long,1,2023-12-02 12:00:00+00:00,2023-12-02 16:00:00+00:00,2023-12-03 16:00:00+00:00,5.529156434920017,5.507,5.529156434920017,5.4392123561675,-0.0040071998650799134,-0.0058076555833095345,0.001800455718229621,9.046674492363598,6
ETH,long,1,2023-12-02 12:00:00+00:00,2023-12-02 16:00:00+00:00,2023-12-03 16:00:00+00:00,2123.5893334759903,2160.72,2123.5893334759903,2085.522803813834,0.017484862039324867,0.016459362806323874,0.0010254992330009927,5.041924062981029,6
SOL,long,1,2023-12-02 12:00:00+00:00,2023-12-02 16:00:00+00:00,2023-12-03 16:00:00+00:00,63.06132427031137,63.0,63.06132427031137,60.70118165599854,-0.0009724545277308705,-0.0021707534835671005,0.00119829895583623,6.000925858297193,6
XRP,long,1,2023-12-02 12:00:00+00:00,2023-12-02 16:00:00+00:00,2023-12-03 16:00:00+00:00,0.6169058292031983,0.6213,0.6169058292031983,0.610709807178536,0.00712291988305136,0.005966850197374862,0.0011560696856764974,5.742762706652812,6
LINK,short,-1,2023-12-03 04:00:00+00:00,2023-12-03 08:00:00+00:00,2023-12-04 08:00:00+00:00,16.008423211970907,16.083,16.56635519241431,16.008423211970907,-0.004636994841080155,-0.005937420418274497,0.0013004255771943418,6.536688716426203,6
ADA,long,1,2023-12-03 16:00:00+00:00,2023-12-03 20:00:00+00:00,2023-12-04 20:00:00+00:00,0.39380658408000885,0.4013,0.39380658408000885,0.3864283030094853,0.0190281631209821,0.01699442591524636,0.0020337372057357417,9.988775255673833,6
AVAX,long,1,2023-12-03 20:00:00+00:00,2023-12-04 00:00:00+00:00,2023-12-05 00:00:00+00:00,22.194396527518375,22.7,22.194396527518375,21.700383491069054,0.02278068123432586,0.02120461879606972,0.0015760624382561428,7.710732744665526,6
BNB,long,1,2023-12-03 20:00:00+00:00,2023-12-04 00:00:00+00:00,2023-12-05 00:00:00+00:00,229.52699924493734,233.7,229.52699924493734,226.88067273701623,0.018180870959801476,0.016867059896628733,0.0013138110631727429,6.455921962584254,6
BTC,long,1,2023-12-03 20:00:00+00:00,2023-12-04 00:00:00+00:00,2023-12-05 00:00:00+00:00,40342.46752029706,41993.3,40342.46752029706,39637.439969567466,0.04092046374883673,0.039877368281552306,0.0010430954672844273,5.012959217987713,6
DOT,long,1,2023-12-03 20:00:00+00:00,2023-12-04 00:00:00+00:00,2023-12-05 00:00:00+00:00,5.598687818482016,5.637,5.598687818482016,5.483906585869346,0.006843064439404856,0.005022994703475003,0.0018200697359298523,9.046674492363598,6
ETH,long,1,2023-12-03 20:00:00+00:00,2023-12-04 00:00:00+00:00,2023-12-05 00:00:00+00:00,2218.8414021851745,2243.21,2218.8414021851745,2168.230540209876,0.010982577569909502,0.009963631837589526,0.0010189457323199758,5.041924062981029,6
SOL,long,1,2023-12-03 20:00:00+00:00,2023-12-04 00:00:00+00:00,2023-12-05 00:00:00+00:00,63.936634756730804,61.66,63.936634756730804,62.03767863435189,-0.03560767258697706,-0.03676442779777478,0.001156755210797722,6.000925858297193,6
XRP,long,1,2023-12-03 20:00:00+00:00,2023-12-04 00:00:00+00:00,2023-12-05 00:00:00+00:00,0.6286930321386772,0.6248,0.6286930321386772,0.6177549617160882,-0.006192262264199,-0.007333047541055127,0.0011407852768561266,5.742762706652812,6
ADA,short,-1,2023-12-05 00:00:00+00:00,2023-12-05 04:00:00+00:00,2023-12-06 04:00:00+00:00,0.3981833851780314,0.4254,0.41254380799076845,0.3981833851780314,-0.06397887828389415,-0.06584695322969192,0.0018680749457977708,9.988775255673833,6
LINK,short,-1,2023-12-05 00:00:00+00:00,2023-12-05 04:00:00+00:00,2023-12-06 04:00:00+00:00,15.304898906086969,15.716,16.01310969146805,15.304898906086969,-0.026158125089910333,-0.02743043366046416,0.0012723085705538262,6.536688716426203,6
BTC,long,1,2023-12-05 08:00:00+00:00,2023-12-05 12:00:00+00:00,2023-12-06 12:00:00+00:00,42346.28401705629,43840.8,42346.28401705629,41119.53166560384,0.03529273034540048,0.03425527437066944,0.0010374559747310386,5.012959217987713,6
ETH,long,1,2023-12-05 08:00:00+00:00,2023-12-05 12:00:00+00:00,2023-12-06 12:00:00+00:00,2235.567568263097,2252.74,2235.567568263097,2174.100847319145,0.007681463973931546,0.006665845356919942,0.0010156186170116044,5.041924062981029,6
SOL,long,1,2023-12-05 08:00:00+00:00,2023-12-05 12:00:00+00:00,2023-12-06 12:00:00+00:00,61.531606659292,63.01,61.531606659292,58.85808280699413,0.02402656814885451,0.022798283730749436,0.0012282844181050745,6.000925858297193,6
AVAX,long,1,2023-12-05 12:00:00+00:00,2023-12-05 16:00:00+00:00,2023-12-06 16:00:00+00:00,23.0437384647909,25.802,23.0437384647909,21.673267328697392,0.1196967904935875,0.11797138436682841,0.0017254061267590881,7.710732744665526,6
DOT,long,1,2023-12-05 12:00:00+00:00,2023-12-05 16:00:00+00:00,2023-12-06 16:00:00+00:00,5.737700509428645,6.13,5.737700509428645,5.518435294412566,0.06837224946242793,0.06644095344755518,0.001931296014872741,9.046674492363598,6
XRP,long,1,2023-12-05 12:00:00+00:00,2023-12-05 16:00:00+00:00,2023-12-06 16:00:00+00:00,0.6230161699462797,0.6273,0.6230161699462797,0.6055085858085001,0.006875953242256427,0.005720167047940761,0.0011557861943156666,5.742762706652812,6
BNB,short,-1,2023-12-06 00:00:00+00:00,2023-12-06 04:00:00+00:00,2023-12-07 04:00:00+00:00,228.8950159279465,232.9,234.53935762803752,228.8950159279465,-0.01719615316467804,-0.018464315436950596,0.001268162272272555,6.455921962584254,6
ADA,long,1,2023-12-06 08:00:00+00:00,2023-12-06 12:00:00+00:00,2023-12-07 12:00:00+00:00,0.447565941300004,0.4352,0.447565941300004,0.4262930272259265,-0.027629317065739567,-0.0295699370674416,0.0019406200017020314,9.988775255673833,6
LINK,long,1,2023-12-06 12:00:00+00:00,2023-12-06 16:00:00+00:00,2023-12-07 16:00:00+00:00,15.792423163446703,15.237,15.792423163446703,15.299484664218387,-0.03517023054019286,-0.03643076494155306,0.0012605344013602027,6.536688716426203,6
ETH,short,-1,2023-12-06 16:00:00+00:00,2023-12-06 20:00:00+00:00,2023-12-07 20:00:00+00:00,2232.2579589943316,2337.0,2295.58491183904,2232.2579589943316,-0.04481901626258811,-0.04578172087151633,0.0009627046089282221,5.041924062981029,6
SOL,short,-1,2023-12-06 16:00:00+00:00,2023-12-06 20:00:00+00:00,2023-12-07 20:00:00+00:00,62.451821308088455,64.8,66.49147315519822,62.451821308088455,-0.03623732549246206,-0.0373933254563974,0.001155999963935339,6.000925858297193,6
XRP,short,-1,2023-12-06 20:00:00+00:00,2023-12-07 00:00:00+00:00,2023-12-08 00:00:00+00:00,0.6315916320597016,0.6436,0.6491284386764102,0.6315916320597016,-0.018658122965037882,-0.019784598763499917,0.0011264757984620344,5.742762706652812,6
BTC,short,-1,2023-12-07 04:00:00+00:00,2023-12-07 08:00:00+00:00,2023-12-08 08:00:00+00:00,43138.22037521889,43182.7,44645.11429280831,43138.22037521889,-0.0010300334342482342,-0.0020310907487767205,0.0010010573145284862,5.012959217987713,6
DOT,short,-1,2023-12-07 04:00:00+00:00,2023-12-07 08:00:00+00:00,2023-12-08 08:00:00+00:00,5.984546156877127,6.234,6.264657004427505,5.984546156877127,-0.04001505343645695,-0.04175041777465349,0.0017353643381965433,9.046674492363598,6
BNB,long,1,2023-12-07 08:00:00+00:00,2023-12-07 12:00:00+00:00,2023-12-08 12:00:00+00:00,232.75696305544656,234.8,232.75696305544656,227.67112658784953,0.008777554569084023,0.007475877087926852,0.0013016774811571707,6.455921962584254,6
ADA,long,1,2023-12-08 00:00:00+00:00,2023-12-08 04:00:00+00:00,2023-12-09 04:00:00+00:00,0.47456500875269275,0.5778,0.47456500875269275,0.45308374202542795,0.21753603688278988,0.21510612529923856,0.002429911583551325,9.988775255673833,6
LINK,long,1,2023-12-08 04:00:00+00:00,2023-12-08 08:00:00+00:00,2023-12-09 08:00:00+00:00,16.341378124588214,17.204,16.341378124588214,15.491956618951276,0.052787584305012514,0.05141213444914361,0.0013754498558689043,6.536688716426203,6
AVAX,long,1,2023-12-08 08:00:00+00:00,2023-12-08 12:00:00+00:00,2023-12-09 12:00:00+00:00,28.563289609845246,33.565,28.563289609845246,26.545657252960513,0.1751097460577773,0.17329895087404834,0.0018107951837289527,7.710732744665526,6
BTC,long,1,2023-12-08 16:00:00+00:00,2023-12-08 20:00:00+00:00,2023-12-09 20:00:00+00:00,44489.89437663547,43939.9,44489.89437663547,43428.71014377348,-0.012362231566103832,-0.013351933003870053,0.0009897014377662217,5.012959217987713,6
DOT,long,1,2023-12-08 16:00:00+00:00,2023-12-08 20:00:00+00:00,2023-12-09 20:00:00+00:00,6.835744344082221,7.286,6.835744344082221,6.475141077843036,0.06586783139535779,0.06394106261585186,0.0019267687795059274,9.046674492363598,6
SOL,long,1,2023-12-08 16:00:00+00:00,2023-12-08 20:00:00+00:00,2023-12-09 20:00:00+00:00,75.21052615263248,74.1,75.21052615263248,69.48288181623217,-0.01476556819159569,-0.0159473227850907,0.0011817545934950102,6.000925858297193,6
BNB,long,1,2023-12-08 20:00:00+00:00,2023-12-09 00:00:00+00:00,2023-12-10 00:00:00+00:00,242.40170312720946,237.7,242.40170312720946,235.8432686836301,-0.01939632876565256,-0.020661652038364453,0.0012653232727118935,6.455921962584254,6
XRP,long,1,2023-12-09 00:00:00+00:00,2023-12-09 04:00:00+00:00,2023-12-10 04:00:00+00:00,0.6892897302251791,0.6657,0.6892897302251791,0.6631626585393483,-0.034223243421126925,-0.03533185212158341,0.0011086087004564815,5.742762706652812,6
ADA,short,-1,2023-12-09 12:00:00+00:00,2023-12-09 16:00:00+00:00,2023-12-10 16:00:00+00:00,0.5798806569901293,0.5941,0.6473768101673204,0.5798806569901293,-0.023934258558947485,-0.025882253016267676,0.0019479944573201902,9.988775255673833,6
ETH,short,-1,2023-12-09 16:00:00+00:00,2023-12-09 20:00:00+00:00,2023-12-10 20:00:00+00:00,2333.2634007277,2356.04,2383.281826589182,2333.2634007277,-0.009667322826564795,-0.010665456006474172,0.0009981331799093773,5.041924062981029,6
LINK,short,-1,2023-12-09 16:00:00+00:00,2023-12-09 20:00:00+00:00,2023-12-10 20:00:00+00:00,16.165224321981945,16.216,16.970563694990236,16.165224321981945,-0.0031312085605609274,-0.004433601423039724,0.0013023928624787962,6.536688716426203,6
AVAX,long,1,2023-12-09 20:00:00+00:00,2023-12-10 00:00:00+00:00,2023-12-11 00:00:00+00:00,33.1427806236627,37.19,33.1427806236627,30.74040686473358,0.12211465966883095,0.12038552770635969,0.0017291319624712642,7.710732744665526,6
BNB,short,-1,2023-12-10 04:00:00+00:00,2023-12-10 08:00:00+00:00,2023-12-11 08:00:00+00:00,237.3747599939078,232.3,243.86906173801168,237.3747599939078,0.021845716719361974,0.020527176717509255,0.0013185400018527194,6.455921962584254,6
BTC,short,-1,2023-12-10 04:00:00+00:00,2023-12-10 08:00:00+00:00,2023-12-11 08:00:00+00:00,43625.51988500611,42115.7,44315.386037942895,43625.51988500611,0.035849336114705865,0.0348113223711779,0.0010380137435279657,5.012959217987713,6
SOL,long,1,2023-12-10 08:00:00+00:00,2023-12-10 12:00:00+00:00,2023-12-11 12:00:00+00:00,73.71017403947835,69.65,73.71017403947835,69.2785177425439,-0.05508295282688869,-0.05621634811324594,0.0011333952863572527,6.000925858297193,6
ADA,short,-1,2023-12-10 20:00:00+00:00,2023-12-11 00:00:00+00:00,2023-12-12 00:00:00+00:00,0.5667117609802814,0.5511,0.6240704964164415,0.5667117609802814,0.028328363237672738,0.026276065050324426,0.0020522981873483115,9.988775255673833,6
DOT,short,-1,2023-12-10 20:00:00+00:00,2023-12-11 00:00:00+00:00,2023-12-12 00:00:00+00:00,7.019553729747614,6.706,7.6897208965363655,7.019553729747614,0.046757192029169836,0.04486496954349373,0.0018922224856761094,9.046674492363598,6
XRP,short,-1,2023-12-10 20:00:00+00:00,2023-12-11 00:00:00+00:00,2023-12-12 00:00:00+00:00,0.6498797503072584,0.6186,0.6741425775966462,0.6498797503072584,0.05056539008609495,0.049359453078485105,0.0012059370076098475,5.742762706652812,6
ETH,short,-1,2023-12-11 08:00:00+00:00,2023-12-11 12:00:00+00:00,2023-12-12 12:00:00+00:00,2204.5422784468146,2208.61,2294.9256033159168,2204.5422784468146,-0.001841756377624626,-0.0028477767632220097,0.0010060203855973837,5.041924062981029,6
AVAX,long,1,2023-12-11 12:00:00+00:00,2023-12-11 16:00:00+00:00,2023-12-12 16:00:00+00:00,37.2541759880333,37.652,37.2541759880333,33.725585996146684,0.01067864209624414,0.009121228396336223,0.001557413699907917,7.710732744665526,6
BNB,short,-1,2023-12-11 12:00:00+00:00,2023-12-11 16:00:00+00:00,2023-12-12 16:00:00+00:00,238.76792952976098,253.9,250.16492004448548,238.76792952976098,-0.05959854458542346,-0.06081199287460881,0.0012134482891853482,6.455921962584254,6
BTC,short,-1,2023-12-11 12:00:00+00:00,2023-12-11 16:00:00+00:00,2023-12-12 16:00:00+00:00,41152.51349821428,41360.0,42492.41914435869,41152.51349821428,-0.005016598205650924,-0.006013660625480033,0.000997062419829109,5.012959217987713,6
LINK,short,-1,2023-12-11 12:00:00+00:00,2023-12-11 16:00:00+00:00,2023-12-12 16:00:00+00:00,14.214698965268385,14.652,15.38858476950306,14.214698965268385,-0.029845825466258136,-0.03111331611624879,0.0012674906499906546,6.536688716426203,6
ADA,short,-1,2023-12-12 12:00:00+00:00,2023-12-12 16:00:00+00:00,2023-12-13 16:00:00+00:00,0.5579924734777405,0.6261,0.6089193423745244,0.5579924734777405,-0.10878058859967976,-0.1105592500155601,0.0017786614158803449,9.988775255673833,6
SOL,short,-1,2023-12-12 12:00:00+00:00,2023-12-12 16:00:00+00:00,2023-12-13 16:00:00+00:00,66.11298985687537,67.56,70.93175501746452,66.11298985687537,-0.021418148950926974,-0.022591924004104258,0.001173775053177284,6.000925858297193,6
AVAX,short,-1,2023-12-12 20:00:00+00:00,2023-12-13 00:00:00+00:00,2023-12-14 00:00:00+00:00,35.13500953718067,39.022,39.949504596395535,35.13500953718067,-0.09961023173643913,-0.10099769487451649,0.0013874631380773605,7.710732744665526,6
BNB,short,-1,2023-12-12 20:00:00+00:00,2023-12-13 00:00:00+00:00,2023-12-14 00:00:00+00:00,246.37191885369725,252.0,261.45203682182284,246.37191885369725,-0.022333655342471226,-0.023595188431864145,0.0012615330893929189,6.455921962584254,6
BTC,short,-1,2023-12-12 20:00:00+00:00,2023-12-13 00:00:00+00:00,2023-12-14 00:00:00+00:00,40624.71441515731,42874.0,42402.316934375674,40624.71441515731,-0.05246269498630152,-0.05341221217072034,0.0009495171844188244,5.012959217987713,6
DOT,short,-1,2023-12-12 20:00:00+00:00,2023-12-13 00:00:00+00:00,2023-12-14 00:00:00+00:00,6.796074950902563,7.605,7.48033245178506,6.796074950902563,-0.10636752782346315,-0.10798294682479326,0.0016154190013301095,9.046674492363598,6
ETH,short,-1,2023-12-12 20:00:00+00:00,2023-12-13 00:00:00+00:00,2023-12-14 00:00:00+00:00,2152.9352504193903,2260.36,2254.822490901363,2152.9352504193903,-0.04752550460130678,-0.048485481403838016,0.0009599768025312372,5.041924062981029,6
LINK,short,-1,2023-12-12 20:00:00+00:00,2023-12-13 00:00:00+00:00,2023-12-14 00:00:00+00:00,13.969241561135,14.772,15.10494861704259,13.969241561135,-0.05434324660607903,-0.055578731773787915,0.001235485167708883,6.536688716426203,6
XRP,short,-1,2023-12-12 20:00:00+00:00,2023-12-13 00:00:00+00:00,2023-12-14 00:00:00+00:00,0.6032030347769838,0.6276,0.6352106635896856,0.6032030347769838,-0.03887343088434714,-0.03997670166561562,0.0011032707812684839,5.742762706652812,6
LINK,long,1,2023-12-14 04:00:00+00:00,2023-12-14 08:00:00+00:00,2023-12-15 08:00:00+00:00,15.221599178770045,14.892,15.221599178770045,14.481619599302293,-0.021653387065253105,-0.02293158100276893,0.0012781939375158258,6.536688716426203,6
ADA,short,-1,2023-12-14 08:00:00+00:00,2023-12-14 12:00:00+00:00,2023-12-15 12:00:00+00:00,0.6264349633676516,0.6382,0.6896857858593629,0.6264349633676516,-0.01843471738067759,-0.020393687610712807,0.0019589702300352174,9.988775255673833,6
AVAX,short,-1,2023-12-14 08:00:00+00:00,2023-12-14 12:00:00+00:00,2023-12-15 12:00:00+00:00,37.047546435563646,40.965,42.338998824879546,37.047546435563646,-0.09562928266657778,-0.09702288028139361,0.0013935976148158336,7.710732744665526,6
BNB,short,-1,2023-12-14 08:00:00+00:00,2023-12-14 12:00:00+00:00,2023-12-15 12:00:00+00:00,247.16663048684654,249.9,256.5202263554511,247.16663048684654,-0.0109378531938914,-0.012214090871991101,0.001276237678099701,6.455921962584254,6
BTC,short,-1,2023-12-14 08:00:00+00:00,2023-12-14 12:00:00+00:00,2023-12-15 12:00:00+00:00,42569.78021440769,42788.0,43965.47585102539,42569.78021440769,-0.0051000230343158925,-0.0060970018550000615,0.000996978820684169,5.012959217987713,6
DOT,short,-1,2023-12-14 08:00:00+00:00,2023-12-14 12:00:00+00:00,2023-12-15 12:00:00+00:00,7.233341719147109,7.317,7.8513221419734505,7.233341719147109,-0.011433412717355651,-0.013220444074090953,0.0017870313567353024,9.046674492363598,6
ETH,short,-1,2023-12-14 08:00:00+00:00,2023-12-14 12:00:00+00:00,2023-12-15 12:00:00+00:00,2270.063353377905,2272.99,2346.448629142407,2270.063353377905,-0.0012875756699742835,-0.0022941546013660608,0.0010065789313917772,5.041924062981029,6
SOL,short,-1,2023-12-14 08:00:00+00:00,2023-12-14 12:00:00+00:00,2023-12-15 12:00:00+00:00,70.70591023930025,79.16,76.4252957314517,70.70591023930025,-0.10679749571374109,-0.10786886119619188,0.0010713654824507923,6.000925858297193,6
XRP,short,-1,2023-12-14 08:00:00+00:00,2023-12-14 12:00:00+00:00,2023-12-15 12:00:00+00:00,0.6229110604664456,0.6296,0.6456935275781089,0.6229110604664456,-0.010624109805518422,-0.011759807794127108,0.001135697988608686,5.742762706652812,6
AVAX,short,-1,2023-12-15 16:00:00+00:00,2023-12-15 20:00:00+00:00,2023-12-16 20:00:00+00:00,39.739676703646786,42.513,42.90288252001663,39.739676703646786,-0.06523471164945338,-0.06667514603248936,0.0014404343830359823,7.710732744665526,6
BNB,short,-1,2023-12-15 16:00:00+00:00,2023-12-15 20:00:00+00:00,2023-12-16 20:00:00+00:00,243.39447414065575,244.9,249.44263921503193,243.39447414065575,-0.0061475126963832505,-0.007429931596819261,0.001282418900436011,6.455921962584254,6
ETH,short,-1,2023-12-15 16:00:00+00:00,2023-12-15 20:00:00+00:00,2023-12-16 20:00:00+00:00,2206.573242871737,2235.32,2279.621515510415,2206.573242871737,-0.012860242438784253,-0.013855157549575114,0.0009949151107908616,5.041924062981029,6
LINK,short,-1,2023-12-15 16:00:00+00:00,2023-12-15 20:00:00+00:00,2023-12-16 20:00:00+00:00,14.384544654987915,14.394,15.178108256926498,14.384544654987915,-0.0006568948875980141,-0.0019625204006472607,0.0013056255130492467,6.536688716426203,6
SOL,short,-1,2023-12-15 16:00:00+00:00,2023-12-15 20:00:00+00:00,2023-12-16 20:00:00+00:00,74.11158910547304,74.18,79.8140772771957,74.11158910547304,-0.0009222282896598211,-0.002120587490129777,0.0011983592004699561,6.000925858297193,6
XRP,short,-1,2023-12-15 16:00:00+00:00,2023-12-15 20:00:00+00:00,2023-12-16 20:00:00+00:00,0.6135141009095715,0.6194,0.6330388159362693,0.6135141009095715,-0.009502581676507083,-0.010639567059778199,0.0011369853832711163,5.742762706652812,6
ADA,short,-1,2023-12-16 12:00:00+00:00,2023-12-16 16:00:00+00:00,2023-12-17 16:00:00+00:00,0.6078788007010212,0.5933,0.6364492388183888,0.6078788007010212,0.02457239288896207,0.022527590722742907,0.0020448021662191618,9.988775255673833,6
DOT,short,-1,2023-12-16 12:00:00+00:00,2023-12-16 16:00:00+00:00,2023-12-17 16:00:00+00:00,7.0807676087105005,6.927,7.4827820835160885,7.0807676087105005,0.022198297778331266,0.020350470394287834,0.0018478273840434323,9.046674492363598,6
AVAX,short,-1,2023-12-17 00:00:00+00:00,2023-12-17 04:00:00+00:00,2023-12-18 04:00:00+00:00,41.354981875498446,39.547,45.460130696220766,41.354981875498446,0.04571729525623813,0.044105888450920894,0.0016114068053172392,7.710732744665526,6
BNB,short,-1,2023-12-17 00:00:00+00:00,2023-12-17 04:00:00+00:00,2023-12-18 04:00:00+00:00,240.53527413667433,237.4,245.69207245013135,240.53527413667433,0.013206714981778944,0.011899322327496353,0.0013073926542825909,6.455921962584254,6
XRP,long,1,2023-12-17 04:00:00+00:00,2023-12-17 08:00:00+00:00,2023-12-18 08:00:00+00:00,0.6210959674615469,0.6011,0.6210959674615469,0.606194500889768,-0.032194650278074666,-0.03330558758707647,0.0011109373090018027,5.742762706652812,6
BTC,long,1,2023-12-17 12:00:00+00:00,2023-12-17 16:00:00+00:00,2023-12-18 16:00:00+00:00,42147.70115866052,41268.2,42147.70115866052,41495.64052322285,-0.020867120494893365,-0.021848299272763327,0.000981178777869962,5.012959217987713,6
ETH,short,-1,2023-12-17 16:00:00+00:00,2023-12-17 20:00:00+00:00,2023-12-18 20:00:00+00:00,2210.9722337431053,2174.59,2259.652815242225,2210.9722337431053,0.016730617607505494,0.015705878559854725,0.001024739047650769,5.041924062981029,6
LINK,short,-1,2023-12-17 16:00:00+00:00,2023-12-17 20:00:00+00:00,2023-12-18 20:00:00+00:00,13.985131219930217,14.302,14.58517054951293,13.985131219930217,-0.022155557269597392,-0.023433095129908876,0.001277537860311484,6.536688716426203,6
SOL,short,-1,2023-12-17 16:00:00+00:00,2023-12-17 20:00:00+00:00,2023-12-18 20:00:00+00:00,70.88405583989501,72.33,76.3577201652407,70.88405583989501,-0.01999093267115981,-0.021166419620856525,0.0011754869496967135,6.000925858297193,6
ADA,short,-1,2023-12-17 20:00:00+00:00,2023-12-18 00:00:00+00:00,2023-12-19 00:00:00+00:00,0.5655281380100465,0.6019,0.5952525035881059,0.5655281380100465,-0.060428413341009235,-0.0623035741681528,0.0018751608271435627,9.988775255673833,6
DOT,short,-1,2023-12-17 20:00:00+00:00,2023-12-18 00:00:00+00:00,2023-12-19 00:00:00+00:00,6.641795825735645,6.883,6.933335081088483,6.641795825735645,-0.03504346567838945,-0.036787817153447255,0.0017443514750578037,9.046674492363598,6
AVAX,long,1,2023-12-18 08:00:00+00:00,2023-12-18 12:00:00+00:00,2023-12-19 12:00:00+00:00,39.71580550953771,41.023,39.71580550953771,36.69397123646462,0.03291370963503115,0.03132203262197808,0.0015916770130530722,7.710732744665526,6
BNB,long,1,2023-12-18 08:00:00+00:00,2023-12-18 12:00:00+00:00,2023-12-19 12:00:00+00:00,237.5877288603494,251.6,237.5877288603494,233.62890106427346,0.05897725108474283,0.057610798357329074,0.0013664527274137583,6.455921962584254,6
XRP,long,1,2023-12-18 12:00:00+00:00,2023-12-18 16:00:00+00:00,2023-12-19 16:00:00+00:00,0.6048598108390046,0.6054,0.6048598108390046,0.5884529830247528,0.0008930815890149102,-0.0002558369068151878,0.001148918495830098,5.742762706652812,6
BTC,long,1,2023-12-18 20:00:00+00:00,2023-12-19 00:00:00+00:00,2023-12-20 00:00:00+00:00,43296.5124943931,42283.9,43296.5124943931,42008.01916772246,-0.023387853571906758,-0.02436650634962756,0.000978652777720801,5.012959217987713,6
ADA,short,-1,2023-12-19 08:00:00+00:00,2023-12-19 12:00:00+00:00,2023-12-20 12:00:00+00:00,0.5766659171100171,0.5911,0.6114431762623675,0.5766659171100171,-0.024419020284186854,-0.026366047272704418,0.001947026988517564,9.988775255673833,6
ETH,short,-1,2023-12-19 08:00:00+00:00,2023-12-19 12:00:00+00:00,2023-12-20 12:00:00+00:00,2201.5521237373605,2211.53,2272.612211200537,2201.5521237373605,-0.0045117526158993115,-0.005515081974635572,0.0010033293587362602,5.041924062981029,6
LINK,short,-1,2023-12-19 08:00:00+00:00,2023-12-19 12:00:00+00:00,2023-12-20 12:00:00+00:00,14.24484828246883,14.404,14.863731561155243,14.24484828246883,-0.011049133402608269,-0.012341181625061926,0.0012920482224536567,6.536688716426203,6
DOT,short,-1,2023-12-19 12:00:00+00:00,2023-12-19 16:00:00+00:00,2023-12-20 16:00:00+00:00,6.618764712162815,7.08,6.920600140963769,6.618764712162815,-0.06514622709564766,-0.06683616182299323,0.0016899347273455767,9.046674492363598,6
SOL,long,1,2023-12-19 20:00:00+00:00,2023-12-20 00:00:00+00:00,2023-12-21 00:00:00+00:00,74.85947378764261,82.21,74.85947378764261,71.18671465841484,0.09819099494619699,0.09687375286561895,0.0013172420805780405,6.000925858297193,6
AVAX,long,1,2023-12-20 00:00:00+00:00,2023-12-20 04:00:00+00:00,2023-12-21 04:00:00+00:00,41.510980075324916,44.182,41.510980075324916,39.085523807336905,0.06434490151348649,0.06270479034263388,0.0016401111708526095,7.710732744665526,6
BNB,long,1,2023-12-20 00:00:00+00:00,2023-12-20 04:00:00+00:00,2023-12-21 04:00:00+00:00,256.03447549729765,258.4,256.03447549729765,248.81711682094314,0.009239085861807217,0.007936812843122976,0.0013022730186842413,6.455921962584254,6
BTC,long,1,2023-12-20 08:00:00+00:00,2023-12-20 12:00:00+00:00,2023-12-21 12:00:00+00:00,43457.76447954314,43948.1,43457.76447954314,42302.02353978347,0.011283035985149903,0.010269639873040859,0.001013396112109044,5.012959217987713,6
XRP,long,1,2023-12-20 08:00:00+00:00,2023-12-20 12:00:00+00:00,2023-12-21 12:00:00+00:00,0.6173094433634813,0.6187,0.6173094433634813,0.6053490579439701,0.0022526087223648794,0.001102129634401594,0.0011504790879632854,5.742762706652812,6
ETH,short,-1,2023-12-20 16:00:00+00:00,2023-12-20 20:00:00+00:00,2023-12-21 20:00:00+00:00,2163.3542288474173,2226.16,2248.0998430807713,2163.3542288474173,-0.02821260428387118,-0.02919204610765369,0.000979441823782512,5.041924062981029,6
DOT,long,1,2023-12-20 20:00:00+00:00,2023-12-21 00:00:00+00:00,2023-12-22 00:00:00+00:00,7.082708974416469,8.424,7.082708974416469,6.827629961173738,0.1893754254803386,0.1872253920808622,0.002150033399476392,9.046674492363598,6
ADA,long,1,2023-12-21 04:00:00+00:00,2023-12-21 08:00:00+00:00,2023-12-22 08:00:00+00:00,0.6105780635167777,0.615,0.6105780635167777,0.5856810477931191,0.007242213154126542,0.005231997893926588,0.0020102152601999546,9.988775255673833,6
LINK,long,1,2023-12-21 04:00:00+00:00,2023-12-21 08:00:00+00:00,2023-12-22 08:00:00+00:00,14.757533864236303,15.176,14.757533864236303,14.133212630157397,0.028356102016327878,0.027012571494704485,0.0013435305216233928,6.536688716426203,6
AVAX,long,1,2023-12-21 12:00:00+00:00,2023-12-21 16:00:00+00:00,2023-12-22 16:00:00+00:00,45.89893236499981,45.099,45.89893236499981,43.551864869177734,-0.017428125748950918,-0.018942228090055857,0.0015141023411049392,7.710732744665526,6
SOL,long,1,2023-12-21 12:00:00+00:00,2023-12-21 16:00:00+00:00,2023-12-22 16:00:00+00:00,89.797048243647,96.36,89.797048243647,85.33968264978202,0.07308649766020925,0.07179936755504235,0.0012871301051669004,6.000925858297193,6
XRP,long,1,2023-12-21 16:00:00+00:00,2023-12-21 20:00:00+00:00,2023-12-22 20:00:00+00:00,0.625084722844555,0.6179,0.625084722844555,0.6133706775862853,-0.011493998464495614,-0.012628697913711684,0.00113469944921607,5.742762706652812,6
BNB,short,-1,2023-12-22 00:00:00+00:00,2023-12-22 04:00:00+00:00,2023-12-23 04:00:00+00:00,266.31117574508926,266.4,276.9938580069532,266.31117574508926,-0.0003334243802954884,-0.0016233454974493577,0.0012899211171538694,6.455921962584254,6
ETH,long,1,2023-12-22 00:00:00+00:00,2023-12-22 04:00:00+00:00,2023-12-23 04:00:00+00:00,2286.069219702686,2273.19,2286.069219702686,2214.0865204240313,-0.005633783785584989,-0.0066359822753062625,0.0010021984897212732,5.041924062981029,6
BTC,long,1,2023-12-22 12:00:00+00:00,2023-12-22 16:00:00+00:00,2023-12-23 16:00:00+00:00,43999.961223394566,43760.9,43999.961223394566,43354.0269718636,-0.005433214410822229,-0.006429859343926481,0.0009966449331042515,5.012959217987713,6
ADA,short,-1,2023-12-22 20:00:00+00:00,2023-12-23 00:00:00+00:00,2023-12-24 00:00:00+00:00,0.6066173099093976,0.613,0.6392090757481252,0.6066173099093976,-0.01041221874486531,-0.012387199969050688,0.0019749812241853792,9.988775255673833,6
AVAX,short,-1,2023-12-22 20:00:00+00:00,2023-12-23 00:00:00+00:00,2023-12-24 00:00:00+00:00,43.882252476312836,48.079,46.9061190993118,43.882252476312836,-0.08728857762613962,-0.08869502792009176,0.001406450293952144,7.710732744665526,6
LINK,short,-1,2023-12-22 20:00:00+00:00,2023-12-23 00:00:00+00:00,2023-12-24 00:00:00+00:00,15.13827615435935,15.679,15.839665134589936,15.13827615435935,-0.034487138570103326,-0.03574856542001226,0.001261426849908931,6.536688716426203,6
SOL,short,-1,2023-12-22 20:00:00+00:00,2023-12-23 00:00:00+00:00,2023-12-24 00:00:00+00:00,94.2123829698551,107.99,101.73195601120396,94.2123829698551,-0.12758234123664136,-0.12862877601643008,0.0010464347797887186,6.000925858297193,6
DOT,long,1,2023-12-23 16:00:00+00:00,2023-12-23 20:00:00+00:00,2023-12-24 20:00:00+00:00,8.23233078885405,8.877,8.23233078885405,7.694744371273957,0.07830943965696613,0.07636018018803403,0.0019492594689320963,9.046674492363598,6
BTC,short,-1,2023-12-24 00:00:00+00:00,2023-12-24 04:00:00+00:00,2023-12-25 04:00:00+00:00,43496.68570393375,43155.9,44197.3131572675,43496.68570393375,0.007896619093420432,0.0068866164741219205,0.0010100026192985112,5.012959217987713,6
ETH,short,-1,2023-12-24 00:00:00+00:00,2023-12-24 04:00:00+00:00,2023-12-25 04:00:00+00:00,2284.8553781684973,2276.42,2351.625425109841,2284.8553781684973,0.003705545623609474,0.00269393424186104,0.001011611381748434,5.041924062981029,6
XRP,short,-1,2023-12-24 00:00:00+00:00,2023-12-24 04:00:00+00:00,2023-12-25 04:00:00+00:00,0.6143315947927301,0.6162,0.6267303411765797,0.6143315947927301,-0.0030321408751539103,-0.004176553634285152,0.0011444127591312414,5.742762706652812,6
AVAX,short,-1,2023-12-24 04:00:00+00:00,2023-12-24 08:00:00+00:00,2023-12-25 08:00:00+00:00,46.474675120432806,47.003,50.01012043606848,46.474675120432806,-0.011240237422445287,-0.012763875041779893,0.0015236376193346057,7.710732744665526,6
SOL,short,-1,2023-12-24 04:00:00+00:00,2023-12-24 08:00:00+00:00,2023-12-25 08:00:00+00:00,109.06572499319164,112.97,120.20504150885535,109.06572499319164,-0.034560281550928273,-0.035718293071014484,0.0011580115200862107,6.000925858297193,6
BNB,long,1,2023-12-24 08:00:00+00:00,2023-12-24 12:00:00+00:00,2023-12-25 12:00:00+00:00,270.88064460308226,264.7,270.88064460308226,265.3478992761602,-0.022816855785833923,-0.024077765376881555,0.001260909591047632,6.455921962584254,6
ADA,short,-1,2023-12-24 16:00:00+00:00,2023-12-24 20:00:00+00:00,2023-12-25 20:00:00+00:00,0.6059313950334583,0.6206,0.6301050137514623,0.6059313950334583,-0.023636166559042437,-0.025584755936908343,0.0019485893778659058,9.988775255673833,6
LINK,short,-1,2023-12-24 16:00:00+00:00,2023-12-24 20:00:00+00:00,2023-12-25 20:00:00+00:00,15.470094569668849,15.392,16.25768219239682,15.470094569668849,0.005073711646884638,0.003760599189603253,0.0013131124572813846,6.536688716426203,6
DOT,long,1,2023-12-25 00:00:00+00:00,2023-12-25 04:00:00+00:00,2023-12-26 04:00:00+00:00,9.127888203268313,9.302,9.127888203268313,8.378172836584204,0.019074707408154312,0.017232526536959725,0.0018421808711945875,9.046674492363598,6
BTC,long,1,2023-12-25 08:00:00+00:00,2023-12-25 12:00:00+00:00,2023-12-26 12:00:00+00:00,43510.77241180067,42687.6,43510.77241180067,42853.92545006383,-0.018918818632082446,-0.019901949782792472,0.000983131150710026,5.012959217987713,6
ETH,long,1,2023-12-25 08:00:00+00:00,2023-12-25 12:00:00+00:00,2023-12-26 12:00:00+00:00,2298.4643404260623,2243.4,2298.4643404260623,2260.8706503302674,-0.023957013148985795,-0.024940744083700395,0.0009837309347145995,5.041924062981029,6
BNB,long,1,2023-12-25 20:00:00+00:00,2023-12-26 00:00:00+00:00,2023-12-27 00:00:00+00:00,269.2162747064065,297.7,269.2162747064065,264.00915055195446,0.10580239001024871,0.10437551640152631,0.001426873608722401,6.455921962584254,6
ADA,short,-1,2023-12-26 00:00:00+00:00,2023-12-26 04:00:00+00:00,2023-12-27 04:00:00+00:00,0.6036942229387213,0.59,0.633668893066135,0.6036942229387213,0.023210547353764932,0.021168463106474578,0.0020420842472903544,9.988775255673833,6
AVAX,short,-1,2023-12-26 00:00:00+00:00,2023-12-26 04:00:00+00:00,2023-12-27 04:00:00+00:00,45.77926866159018,42.75,49.02635386316456,45.77926866159018,0.07086008565123225,0.06920993485293447,0.0016501507982977781,7.710732744665526,6
LINK,short,-1,2023-12-26 00:00:00+00:00,2023-12-26 04:00:00+00:00,2023-12-27 04:00:00+00:00,15.399349115291454,14.74,16.137285682629106,15.399349115291454,0.04473196168870097,0.04336703637276029,0.0013649253159406793,6.536688716426203,6
SOL,short,-1,2023-12-26 00:00:00+00:00,2023-12-26 04:00:00+00:00,2023-12-27 04:00:00+00:00,113.46750969976438,108.61,125.76896803111588,113.46750969976438,0.0447243320114572,0.04347122134212711,0.001253110669330093,6.000925858297193,6
XRP,short,-1,2023-12-26 00:00:00+00:00,2023-12-26 04:00:00+00:00,2023-12-27 04:00:00+00:00,0.6238468237759713,0.6165,0.6537020698953626,0.6238468237759713,0.011916989093221808,0.010755416327459244,0.001161572765762564,5.742762706652812,6
DOT,short,-1,2023-12-26 08:00:00+00:00,2023-12-26 12:00:00+00:00,2023-12-27 12:00:00+00:00,8.895249672043658,8.836,9.455298513355455,8.895249672043658,0.006705485745094775,0.004885664710106097,0.0018198210349886779,9.046674492363598,6
BTC,long,1,2023-12-26 16:00:00+00:00,2023-12-26 20:00:00+00:00,2023-12-27 20:00:00+00:00,42607.96856937057,43166.8,42607.96856937057,41653.438161701546,0.013115655343192367,0.012100422782466591,0.0010152325607257762,5.012959217987713,6
ETH,long,1,2023-12-26 16:00:00+00:00,2023-12-26 20:00:00+00:00,2023-12-27 20:00:00+00:00,2231.4404825470087,2347.83,2231.4404825470087,2193.5219864851965,0.052158916342748274,0.05109846994009404,0.001060446402654236,5.041924062981029,6
BNB,long,1,2023-12-27 04:00:00+00:00,2023-12-27 08:00:00+00:00,2023-12-28 08:00:00+00:00,301.6988257518598,323.9,301.6988257518598,284.16365156990184,0.07358720801386265,0.0722019033087764,0.0013853047050862433,6.455921962584254,6
LINK,long,1,2023-12-27 08:00:00+00:00,2023-12-27 12:00:00+00:00,2023-12-28 12:00:00+00:00,15.955308685129342,17.321,15.955308685129342,14.983943508584142,0.08559479116461777,0.08417647922657867,0.0014183119380390963,6.536688716426203,6
ADA,long,1,2023-12-27 20:00:00+00:00,2023-12-28 00:00:00+00:00,2023-12-29 00:00:00+00:00,0.6559420875956808,0.616,0.6559420875956808,0.6125986083205647,-0.0608927043271249,-0.0627669385401799,0.0018742342130549927,9.988775255673833,6
XRP,long,1,2023-12-27 20:00:00+00:00,2023-12-28 00:00:00+00:00,2023-12-29 00:00:00+00:00,0.6456828308638279,0.635,0.6456828308638279,0.6233143282771878,-0.0165450130515874,-0.01767391447483202,0.0011289014232446215,5.742762706652812,6
BTC,short,-1,2023-12-28 00:00:00+00:00,2023-12-28 04:00:00+00:00,2023-12-29 04:00:00+00:00,42895.21373428904,42717.1,43964.366605836585,42895.21373428904,0.004169612035672898,0.003163344211014163,0.0010062678246587353,5.012959217987713,6
ETH,short,-1,2023-12-28 00:00:00+00:00,2023-12-28 04:00:00+00:00,2023-12-29 04:00:00+00:00,2369.933483830705,2352.81,2460.0879762566706,2369.933483830705,0.007277886370214759,0.006262674509646127,0.0010152118605686322,5.041924062981029,6
AVAX,short,-1,2023-12-28 08:00:00+00:00,2023-12-28 12:00:00+00:00,2023-12-29 12:00:00+00:00,40.5745272903176,41.848,43.82197422234176,40.5745272903176,-0.03043090971330531,-0.031924975305794745,0.0014940655924894353,7.710732744665526,6
DOT,short,-1,2023-12-28 08:00:00+00:00,2023-12-28 12:00:00+00:00,2023-12-29 12:00:00+00:00,8.416060825356956,8.565,8.991451294173656,8.416060825356956,-0.017389279000939117,-0.019165543940983576,0.0017762649400444586,9.046674492363598,6
SOL,short,-1,2023-12-28 08:00:00+00:00,2023-12-28 12:00:00+00:00,2023-12-29 12:00:00+00:00,100.2797906263512,107.72,109.75399959708182,100.2797906263512,-0.06906989763877458,-0.0701865160690388,0.0011166184302642268,6.000925858297193,6
ADA,short,-1,2023-12-29 08:00:00+00:00,2023-12-29 12:00:00+00:00,2023-12-30 12:00:00+00:00,0.5999506304058577,0.5993,0.6448597274383706,0.5999506304058577,0.001085650602131949,-0.0009122776273707833,0.0019979282295027323,9.988775255673833,6
BTC,short,-1,2023-12-29 08:00:00+00:00,2023-12-29 12:00:00+00:00,2023-12-30 12:00:00+00:00,42394.74311227709,41901.9,43379.105469268216,42394.74311227709,0.011761832095372515,0.01074795618670854,0.0010138759086639748,5.012959217987713,6
ETH,short,-1,2023-12-29 08:00:00+00:00,2023-12-29 12:00:00+00:00,2023-12-30 12:00:00+00:00,2327.2685586677103,2289.08,2419.3037991383403,2327.2685586677103,0.016682928804458763,0.015658237821239096,0.0010246909832196671,5.041924062981029,6
XRP,short,-1,2023-12-29 08:00:00+00:00,2023-12-29 12:00:00+00:00,2023-12-30 12:00:00+00:00,0.6212523668601505,0.6207,0.6423233315259604,0.6212523668601505,0.000889909553972057,-0.0002590053007002213,0.0011489148546722783,5.742762706652812,6
DOT,short,-1,2023-12-29 16:00:00+00:00,2023-12-29 20:00:00+00:00,2023-12-30 20:00:00+00:00,8.055177147120489,8.311,8.504931393655324,8.055177147120489,-0.030781236058177286,-0.03253329236372293,0.0017520563055456462,9.046674492363598,6
AVAX,long,1,2023-12-31 00:00:00+00:00,2023-12-31 04:00:00+00:00,2024-01-01 04:00:00+00:00,40.11084256302621,38.523,40.11084256302621,37.79945139815111,-0.03958636771419666,-0.04106632512716624,0.0014799574129695792,7.710732744665526,6
BNB,long,1,2023-12-31 00:00:00+00:00,2023-12-31 04:00:00+00:00,2024-01-01 04:00:00+00:00,325.19288912106356,308.9,325.19288912106356,313.71030367770766,-0.050102230602582565,-0.05132793247335232,0.0012257018707697576,6.455921962584254,6
BTC,long,1,2023-12-31 00:00:00+00:00,2023-12-31 04:00:00+00:00,2024-01-01 04:00:00+00:00,42671.91249112053,42351.0,42671.91249112053,41697.11904195173,-0.007520461877290052,-0.008515015201623899,0.0009945533243338467,5.012959217987713,6
DOT,long,1,2023-12-31 00:00:00+00:00,2023-12-31 04:00:00+00:00,2024-01-01 04:00:00+00:00,8.418240686860013,8.149,8.418240686860013,8.014714535937804,-0.03198301128171244,-0.03373289513874955,0.0017498838570371156,9.046674492363598,6
SOL,long,1,2023-12-31 00:00:00+00:00,2023-12-31 04:00:00+00:00,2024-01-01 04:00:00+00:00,102.88609755986171,103.13,102.88609755986171,98.56035208352624,0.002370606388257368,0.0011682975465845402,0.0012023088416728278,6.000925858297193,6
ADA,short,-1,2023-12-31 16:00:00+00:00,2023-12-31 20:00:00+00:00,2024-01-01 20:00:00+00:00,0.5927792146538755,0.6187,0.6071063240807698,0.5927792146538755,-0.04189556383727899,-0.04380771181249965,0.0019121479752206572,9.988775255673833,6
ETH,short,-1,2023-12-31 16:00:00+00:00,2023-12-31 20:00:00+00:00,2024-01-01 20:00:00+00:00,2277.3501806074,2338.18,2313.996066513793,2277.3501806074,-0.02601588388943532,-0.026997539736407394,0.0009816558469720738,5.041924062981029,6
LINK,short,-1,2023-12-31 16:00:00+00:00,2023-12-31 20:00:00+00:00,2024-01-01 20:00:00+00:00,15.07986796410731,15.46,15.517258477126997,15.07986796410731,-0.024588100639889476,-0.025862460421851696,0.0012743597819622199,6.536688716426203,6
XRP,short,-1,2023-12-31 16:00:00+00:00,2023-12-31 20:00:00+00:00,2024-01-01 20:00:00+00:00,0.6161471500660409,0.6262,0.625286491966579,0.6161471500660409,-0.016053736719832457,-0.01718320207590318,0.0011294653560707246,5.742762706652812,6
BTC,long,1,2024-01-01 12:00:00+00:00,2024-01-01 16:00:00+00:00,2024-01-02 16:00:00+00:00,43081.02117196175,45195.7,43081.02117196175,42520.41456325084,0.04908608873492848,0.04803481058058279,0.0010512781543456917,5.012959217987713,6
SOL,long,1,2024-01-01 12:00:00+00:00,2024-01-01 16:00:00+00:00,2024-01-02 16:00:00+00:00,108.71152796084382,109.74,108.71152796084382,103.39511007561732,0.009460560976813914,0.00824974798005651,0.0012108129967574044,6.000925858297193,6
BNB,long,1,2024-01-01 20:00:00+00:00,2024-01-02 00:00:00+00:00,2024-01-03 00:00:00+00:00,317.89876403057997,312.1,317.89876403057997,309.35936570844865,-0.01824091404778827,-0.019507728211443087,0.001266814163654817,6.455921962584254,6
ADA,short,-1,2024-01-02 00:00:00+00:00,2024-01-02 04:00:00+00:00,2024-01-03 04:00:00+00:00,0.6222200330659108,0.6094,0.638687504228755,0.6222200330659108,0.021037139917805536,0.01899939327346445,0.0020377466443410874,9.988775255673833,6
AVAX,long,1,2024-01-02 00:00:00+00:00,2024-01-02 04:00:00+00:00,2024-01-03 04:00:00+00:00,43.23213602915404,40.753,43.23213602915404,41.00530250933079,-0.057344749921267146,-0.058797342406765485,0.0014525924854983385,7.710732744665526,6
XRP,short,-1,2024-01-02 00:00:00+00:00,2024-01-02 04:00:00+00:00,2024-01-03 04:00:00+00:00,0.6288229520941511,0.627,0.6390180394366963,0.6288229520941511,0.002907419607896422,0.0017561888668831127,0.0011512307410133094,5.742762706652812,6
ETH,long,1,2024-01-02 04:00:00+00:00,2024-01-02 08:00:00+00:00,2024-01-03 08:00:00+00:00,2408.8541320314093,2361.49,2408.8541320314093,2364.0164811879727,-0.01966251563413135,-0.020650574892609463,0.0009880592584781134,5.041924062981029,6
DOT,short,-1,2024-01-02 08:00:00+00:00,2024-01-02 12:00:00+00:00,2024-01-03 12:00:00+00:00,8.481141707447875,8.138,8.832422282747288,8.481141707447875,0.04216536095451895,0.04028143911972548,0.0018839218347934672,9.046674492363598,6
LINK,short,-1,2024-01-02 08:00:00+00:00,2024-01-02 12:00:00+00:00,2024-01-03 12:00:00+00:00,15.61880432295441,14.928,16.123203530368922,15.61880432295441,0.046275745106806765,0.04490880286293897,0.001366942243867797,6.536688716426203,6
BNB,long,1,2024-01-03 04:00:00+00:00,2024-01-03 08:00:00+00:00,2024-01-04 08:00:00+00:00,323.6521560704142,318.4,323.6521560704142,310.87647065793027,-0.016227780263177283,-0.017497192076732282,0.0012694118135549992,6.455921962584254,6
BTC,short,-1,2024-01-03 04:00:00+00:00,2024-01-03 08:00:00+00:00,2024-01-04 08:00:00+00:00,44338.342476228296,42763.9,45699.95364816278,44338.342476228296,0.03681709283363532,0.03577810931126035,0.00103898352237497,5.012959217987713,6
SOL,short,-1,2024-01-03 04:00:00+00:00,2024-01-03 08:00:00+00:00,2024-01-04 08:00:00+00:00,104.70416505688034,98.9,110.96678048755913,104.70416505688034,0.05868720987745535,0.057417351219500645,0.0012698586579547033,6.000925858297193,6
ADA,short,-1,2024-01-03 08:00:00+00:00,2024-01-03 12:00:00+00:00,2024-01-04 12:00:00+00:00,0.5836255690840442,0.5577,0.6070039744077504,0.5836255690840442,0.046486586128822394,0.04439804845877848,0.0020885376700439107,9.988775255673833,6
AVAX,short,-1,2024-01-03 08:00:00+00:00,2024-01-03 12:00:00+00:00,2024-01-04 12:00:00+00:00,38.20437022653093,37.038,40.53204363318222,38.20437022653093,0.031491177345724264,0.029901692395690738,0.0015894849500335262,7.710732744665526,6
XRP,short,-1,2024-01-03 08:00:00+00:00,2024-01-03 12:00:00+00:00,2024-01-04 12:00:00+00:00,0.6098837706896587,0.5768,0.6268323709740621,0.6098837706896587,0.05735743878234878,0.05614370522731993,0.0012137335550288508,5.742762706652812,6
ETH,short,-1,2024-01-03 12:00:00+00:00,2024-01-03 16:00:00+00:00,2024-01-04 16:00:00+00:00,2195.262596069291,2277.78,2285.6491104910283,2195.262596069291,-0.036227117601660086,-0.03719848178461771,0.0009713641829576236,5.041924062981029,6
DOT,long,1,2024-01-04 08:00:00+00:00,2024-01-04 12:00:00+00:00,2024-01-05 12:00:00+00:00,7.8708999967437006,7.452,7.8708999967437006,7.460591422111057,-0.05322135930033478,-0.05493285060560771,0.0017114913052729275,9.046674492363598,6
BNB,long,1,2024-01-04 16:00:00+00:00,2024-01-04 20:00:00+00:00,2024-01-05 20:00:00+00:00,323.29135412475824,313.4,323.29135412475824,312.9920077013618,-0.030595789211675606,-0.03184666124546198,0.0012508720337863766,6.455921962584254,6
BTC,long,1,2024-01-04 16:00:00+00:00,2024-01-04 20:00:00+00:00,2024-01-05 20:00:00+00:00,44828.304668751996,43603.9,44828.304668751996,43091.060558364356,-0.0273132048557142,-0.028287924080128923,0.0009747192244147218,5.012959217987713,6
ADA,short,-1,2024-01-04 20:00:00+00:00,2024-01-05 00:00:00+00:00,2024-01-06 00:00:00+00:00,0.5528731469279352,0.5414,0.5872450883246091,0.5528731469279352,0.021191627129544255,0.0191535721655689,0.0020380549639753553,9.988775255673833,6
AVAX,short,-1,2024-01-04 20:00:00+00:00,2024-01-05 00:00:00+00:00,2024-01-06 00:00:00+00:00,37.067081302800666,36.473,40.42991493605323,37.067081302800666,0.016288248918396198,0.014722191047975564,0.001566057870420634,7.710732744665526,6
ETH,short,-1,2024-01-04 20:00:00+00:00,2024-01-05 00:00:00+00:00,2024-01-06 00:00:00+00:00,2220.500855601693,2268.36,2316.1883737290286,2220.500855601693,-0.021098566540719843,-0.022085178437022734,0.0009866118963028914,5.041924062981029,6
LINK,short,-1,2024-01-04 20:00:00+00:00,2024-01-05 00:00:00+00:00,2024-01-06 00:00:00+00:00,14.112031527509735,14.095,14.9459366349091,14.112031527509735,0.0012083382412013677,-9.972416859360678e-05,0.0013080624097949745,6.536688716426203,6
SOL,short,-1,2024-01-04 20:00:00+00:00,2024-01-05 00:00:00+00:00,2024-01-06 00:00:00+00:00,100.66904426905484,99.94,109.35046100744465,100.66904426905484,0.007294819582297718,0.006086604317368183,0.0012082152649295352,6.000925858297193,6
XRP,short,-1,2024-01-04 20:00:00+00:00,2024-01-05 00:00:00+00:00,2024-01-06 00:00:00+00:00,0.5665911096316034,0.5758,0.6075225751844382,0.5665911096316034,-0.015993210087524412,-0.01712274492171284,0.0011295348341884281,5.742762706652812,6
BNB,short,-1,2024-01-06 00:00:00+00:00,2024-01-06 04:00:00+00:00,2024-01-07 04:00:00+00:00,301.4163696134797,306.2,313.5024156822506,301.4163696134797,-0.01562256821201935,-0.01689276096176273,0.0012701927497433818,6.455921962584254,6
DOT,short,-1,2024-01-06 00:00:00+00:00,2024-01-06 04:00:00+00:00,2024-01-07 04:00:00+00:00,7.123201121012879,7.126,7.4770883336264164,7.123201121012879,-0.0003927699953861774,-0.002199759516797961,0.0018069895214117837,9.046674492363598,6
AVAX,short,-1,2024-01-06 16:00:00+00:00,2024-01-06 20:00:00+00:00,2024-01-07 20:00:00+00:00,33.79792393372358,34.941,35.69805729387224,33.79792393372358,-0.032714463417658934,-0.03420501014898358,0.001490546731324649,7.710732744665526,6
SOL,short,-1,2024-01-06 16:00:00+00:00,2024-01-06 20:00:00+00:00,2024-01-07 20:00:00+00:00,92.50166733526216,94.75,97.6685367978875,92.50166733526216,-0.023729104641032617,-0.024900107782862002,0.0011710031418293854,6.000925858297193,6
BTC,long,1,2024-01-07 08:00:00+00:00,2024-01-07 12:00:00+00:00,2024-01-08 12:00:00+00:00,44413.075311021305,44635.6,44413.075311021305,43727.59029632124,0.0050103418288505175,0.00400323151769344,0.0010071103111570778,5.012959217987713,6
XRP,short,-1,2024-01-07 12:00:00+00:00,2024-01-07 16:00:00+00:00,2024-01-08 16:00:00+00:00,0.5607664784331385,0.5657,0.5735050549002199,0.5607664784331385,-0.008721091686161309,-0.009858974136582543,0.0011378824504212348,5.742762706652812,6
ADA,short,-1,2024-01-07 16:00:00+00:00,2024-01-07 20:00:00+00:00,2024-01-08 20:00:00+00:00,0.5060339533733287,0.5421,0.5286124344361015,0.5060339533733287,-0.06653024649819472,-0.0683932295214621,0.0018629830232673728,9.988775255673833,6
BNB,short,-1,2024-01-07 16:00:00+00:00,2024-01-07 20:00:00+00:00,2024-01-08 20:00:00+00:00,300.62668825176183,307.4,311.67296072374205,300.62668825176183,-0.022034195667658296,-0.023296115165247322,0.0012619194975890258,6.455921962584254,6
DOT,short,-1,2024-01-07 16:00:00+00:00,2024-01-07 20:00:00+00:00,2024-01-08 20:00:00+00:00,7.050232442017862,7.481,7.377479314017236,7.050232442017862,-0.05758154765166934,-0.059285157046501946,0.0017036093948326059,9.046674492363598,6
ETH,short,-1,2024-01-07 16:00:00+00:00,2024-01-07 20:00:00+00:00,2024-01-08 20:00:00+00:00,2226.4469589683667,2355.62,2270.5896979654144,2226.4469589683667,-0.0548361115254723,-0.05578872013799574,0.0009526086125234423,5.041924062981029,6
LINK,short,-1,2024-01-07 16:00:00+00:00,2024-01-07 20:00:00+00:00,2024-01-08 20:00:00+00:00,13.259043834913765,14.381,13.8964376537336,13.259043834913765,-0.07801656109354249,-0.07922111746090732,0.0012045563673648285,6.536688716426203,6
AVAX,long,1,2024-01-08 00:00:00+00:00,2024-01-08 04:00:00+00:00,2024-01-09 04:00:00+00:00,32.905440710634764,35.939,32.905440710634764,30.931097928466738,0.09219020392529842,0.09050718430298765,0.0016830196223107663,7.710732744665526,6
SOL,long,1,2024-01-08 00:00:00+00:00,2024-01-08 04:00:00+00:00,2024-01-09 04:00:00+00:00,90.29062660959434,99.8,90.29062660959434,84.33109710184357,0.10531960788712902,0.10399381528211116,0.0013257926050178614,6.000925858297193,6
ADA,short,-1,2024-01-09 08:00:00+00:00,2024-01-09 12:00:00+00:00,2024-01-10 12:00:00+00:00,0.49846118581800664,0.5138,0.5462315777971338,0.49846118581800664,-0.029853667150629426,-0.03178984788000305,0.0019361807293736266,9.988775255673833,6
AVAX,short,-1,2024-01-09 08:00:00+00:00,2024-01-09 12:00:00+00:00,2024-01-10 12:00:00+00:00,34.79745044188547,34.936,38.15798870717651,34.79745044188547,-0.0039658105711737335,-0.0055006577793582645,0.001534847208184531,7.710732744665526,6
BNB,short,-1,2024-01-09 08:00:00+00:00,2024-01-09 12:00:00+00:00,2024-01-10 12:00:00+00:00,297.5092744009374,299.5,311.4503243187233,297.5092744009374,-0.006646830046953656,-0.007928604652571392,0.001281774605617736,6.455921962584254,6
BTC,short,-1,2024-01-09 08:00:00+00:00,2024-01-09 12:00:00+00:00,2024-01-10 12:00:00+00:00,45624.35630221295,45529.9,47636.553812696366,45624.35630221295,0.0020745993778363836,0.0010704309433648973,0.0010041684344714863,5.012959217987713,6
DOT,short,-1,2024-01-09 08:00:00+00:00,2024-01-09 12:00:00+00:00,2024-01-10 12:00:00+00:00,7.028300642313733,7.136,7.613394435327492,7.028300642313733,-0.015092398778905225,-0.016872815788251172,0.001780417009345947,9.046674492363598,6
ETH,short,-1,2024-01-09 08:00:00+00:00,2024-01-09 12:00:00+00:00,2024-01-10 12:00:00+00:00,2248.8012140936803,2402.48,2350.073995548744,2248.8012140936803,-0.06396672850817475,-0.06491013458505168,0.0009434060768769292,5.041924062981029,6
LINK,short,-1,2024-01-09 08:00:00+00:00,2024-01-09 12:00:00+00:00,2024-01-10 12:00:00+00:00,13.251497797683014,14.22,14.377454677863843,13.251497797683014,-0.06810845304620161,-0.06932595419558019,0.0012175011493785748,6.536688716426203,6
SOL,short,-1,2024-01-09 08:00:00+00:00,2024-01-09 12:00:00+00:00,2024-01-10 12:00:00+00:00,97.57573063004399,97.34,106.33237930175795,97.57573063004399,0.0024217241631805386,0.0012193540075062792,0.0012023701556742594,6.000925858297193,6
XRP,short,-1,2024-01-09 08:00:00+00:00,2024-01-09 12:00:00+00:00,2024-01-10 12:00:00+00:00,0.5570243951793328,0.5634,0.580212020868402,0.5570243951793328,-0.011316302486097385,-0.012451205911342411,0.0011349034252450263,5.742762706652812,6
DOT,long,1,2024-01-10 16:00:00+00:00,2024-01-10 20:00:00+00:00,2024-01-11 20:00:00+00:00,7.433168766198591,8.228,7.433168766198591,7.07524686364627,0.1069303360117162,0.10492933856185105,0.0020009974498651495,9.046674492363598,6
BTC,short,-1,2024-01-11 00:00:00+00:00,2024-01-11 04:00:00+00:00,2024-01-12 04:00:00+00:00,45892.0899692298,45987.4,47107.654462011036,45892.0899692298,-0.0020725248822548448,-0.0030725375270491684,0.0010000126447943236,5.012959217987713,6
XRP,short,-1,2024-01-11 00:00:00+00:00,2024-01-11 04:00:00+00:00,2024-01-12 04:00:00+00:00,0.5888420113866315,0.5979,0.6166794368915577,0.5888420113866315,-0.015149671539335108,-0.01628017466579945,0.001130503126464344,5.742762706652812,6
BNB,long,1,2024-01-11 04:00:00+00:00,2024-01-11 08:00:00+00:00,2024-01-12 08:00:00+00:00,312.4568032452887,308.5,312.4568032452887,302.4250360963289,-0.012663520858537614,-0.013937531819033677,0.0012740109604960637,6.455921962584254,6
ETH,long,1,2024-01-11 04:00:00+00:00,2024-01-11 08:00:00+00:00,2024-01-12 08:00:00+00:00,2654.271116748555,2596.6,2654.271116748555,2525.8021817351146,-0.02172766616968702,-0.022713644011164047,0.000985977841477026,5.041924062981029,6
LINK,long,1,2024-01-11 04:00:00+00:00,2024-01-11 08:00:00+00:00,2024-01-12 08:00:00+00:00,15.309947357212572,14.766,15.309947357212572,14.374786527030142,-0.03552901551658938,-0.03678908117121327,0.0012600656546238875,6.536688716426203,6
SOL,long,1,2024-01-11 04:00:00+00:00,2024-01-11 08:00:00+00:00,2024-01-12 08:00:00+00:00,103.08927424480713,98.84,103.08927424480713,96.46084399028454,-0.041219363274556886,-0.04236938745664376,0.0011500241820868728,6.000925858297193,6
AVAX,long,1,2024-01-11 08:00:00+00:00,2024-01-11 12:00:00+00:00,2024-01-12 12:00:00+00:00,41.542664285179534,38.622,41.542664285179534,37.9390688372935,-0.07030517506363909,-0.07173779607370245,0.0014326210100633618,7.710732744665526,6
BTC,short,-1,2024-01-12 08:00:00+00:00,2024-01-12 12:00:00+00:00,2024-01-13 12:00:00+00:00,45269.95498587959,42630.0,46650.20839249167,45269.95498587959,0.06192716363780404,0.06086301757712653,0.0010641460606775066,5.012959217987713,6
XRP,short,-1,2024-01-12 08:00:00+00:00,2024-01-12 12:00:00+00:00,2024-01-13 12:00:00+00:00,0.5866283966035047,0.5743,0.614494903566089,0.5866283966035047,0.02146682326920546,0.020294288312457054,0.0011725349567484056,5.742762706652812,6
BNB,short,-1,2024-01-12 12:00:00+00:00,2024-01-12 16:00:00+00:00,2024-01-13 16:00:00+00:00,299.271550114284,302.2,312.2665350726219,299.271550114284,-0.00969043641864975,-0.010968283702671555,0.0012778472840218047,6.455921962584254,6
ETH,short,-1,2024-01-12 12:00:00+00:00,2024-01-12 16:00:00+00:00,2024-01-13 16:00:00+00:00,2582.3232777973985,2563.97,2714.19872711611,2582.3232777973985,0.007158148417258703,0.00614305723777675,0.0010150911794819528,5.041924062981029,6
LINK,short,-1,2024-01-12 12:00:00+00:00,2024-01-12 16:00:00+00:00,2024-01-13 16:00:00+00:00,14.326576953759746,14.248,15.258091706451445,14.326576953759746,0.005514946221206296,0.0042012572981300345,0.0013136889230762616,6.536688716426203,6
ADA,short,-1,2024-01-12 16:00:00+00:00,2024-01-12 20:00:00+00:00,2024-01-13 20:00:00+00:00,0.5320243113433223,0.5469,0.5858733959224217,0.5320243113433223,-0.027200015828630075,-0.029141492613225517,0.0019414767845954417,9.988775255673833,6
AVAX,short,-1,2024-01-12 16:00:00+00:00,2024-01-12 20:00:00+00:00,2024-01-13 20:00:00+00:00,34.92469802001469,36.253,38.351472738072275,34.92469802001469,-0.03663978098323761,-0.038124278963655,0.0014844979804173875,7.710732744665526,6
DOT,short,-1,2024-01-12 16:00:00+00:00,2024-01-12 20:00:00+00:00,2024-01-13 20:00:00+00:00,7.400268610326818,7.625,8.149806334845527,7.400268610326818,-0.029472969137466443,-0.03122739039651179,0.0017544212590453467,9.046674492363598,6
SOL,short,-1,2024-01-12 16:00:00+00:00,2024-01-12 20:00:00+00:00,2024-01-13 20:00:00+00:00,91.24034557637353,94.8,99.35236481992617,91.24034557637353,-0.03754909729563782,-0.03870352383470699,0.0011544265390691644,6.000925858297193,6
AVAX,long,1,2024-01-14 00:00:00+00:00,2024-01-14 04:00:00+00:00,2024-01-15 04:00:00+00:00,36.7463420698137,36.017,36.7463420698137,35.32762247555547,-0.019848018298747494,-0.02135839168620457,0.0015103733874570757,7.710732744665526,6
DOT,long,1,2024-01-14 00:00:00+00:00,2024-01-14 04:00:00+00:00,2024-01-15 04:00:00+00:00,7.64858060076163,7.603,7.64858060076163,7.377858317186433,-0.00595935417835447,-0.007756280988146513,0.0017969268097920432,9.046674492363598,6
LINK,long,1,2024-01-14 00:00:00+00:00,2024-01-14 04:00:00+00:00,2024-01-15 04:00:00+00:00,14.717154113344996,15.591,14.717154113344996,14.17787864372476,0.059376009785929273,0.05799195225932707,0.0013840575266022004,6.536688716426203,6
SOL,long,1,2024-01-14 08:00:00+00:00,2024-01-14 12:00:00+00:00,2024-01-15 12:00:00+00:00,99.39440734691968,95.53,99.39440734691968,94.21488743642286,-0.038879525016247696,-0.040032355753323534,0.0011528307370758384,6.000925858297193,6
ADA,short,-1,2024-01-14 12:00:00+00:00,2024-01-14 16:00:00+00:00,2024-01-15 16:00:00+00:00,0.5391704289089931,0.5245,0.552308646827261,0.5391704289089931,0.027970312505229966,0.025918728901759502,0.0020515836034704638,9.988775255673833,6
XRP,long,1,2024-01-14 12:00:00+00:00,2024-01-14 16:00:00+00:00,2024-01-15 16:00:00+00:00,0.5834280113565522,0.5699,0.5834280113565522,0.5716322211279351,-0.023187113222585487,-0.02430839022332376,0.0011212770007382744,5.742762706652812,6
BNB,short,-1,2024-01-14 16:00:00+00:00,2024-01-14 20:00:00+00:00,2024-01-15 20:00:00+00:00,301.0501778210778,318.1,307.3827780795984,301.0501778210778,-0.053598938003527885,-0.05482012789317614,0.0012211898896482554,6.455921962584254,6
BTC,short,-1,2024-01-14 16:00:00+00:00,2024-01-14 20:00:00+00:00,2024-01-15 20:00:00+00:00,42097.98258561513,42987.0,43228.912463654306,42097.98258561513,-0.020681076008674082,-0.021662441219770234,0.0009813652110961524,5.012959217987713,6
ETH,long,1,2024-01-14 20:00:00+00:00,2024-01-15 00:00:00+00:00,2024-01-16 00:00:00+00:00,2501.6666379079215,2512.16,2501.6666379079215,2446.1053364078293,0.004194548519403707,0.0031824442830552524,0.0010121042363484545,5.041924062981029,6
AVAX,short,-1,2024-01-15 08:00:00+00:00,2024-01-15 12:00:00+00:00,2024-01-16 12:00:00+00:00,35.498204736834225,35.764,37.20380483437876,35.498204736834225,-0.007431922133032565,-0.008961428207639233,0.001529506074606668,7.710732744665526,6
DOT,long,1,2024-01-15 12:00:00+00:00,2024-01-15 16:00:00+00:00,2024-01-16 16:00:00+00:00,7.620539634683961,7.514,7.620539634683961,7.21889677597372,-0.013980589274683264,-0.015763016101549066,0.0017824268268658017,9.046674492363598,6
ADA,short,-1,2024-01-16 08:00:00+00:00,2024-01-16 12:00:00+00:00,2024-01-17 12:00:00+00:00,0.5253127884079041,0.5324,0.5501746128738474,0.5253127884079041,-0.013311817415657234,-0.015281011732363625,0.0019691943167063908,9.988775255673833,6
BTC,short,-1,2024-01-16 08:00:00+00:00,2024-01-16 12:00:00+00:00,2024-01-17 12:00:00+00:00,42148.83126676798,42683.9,43654.78538169424,42148.83126676798,-0.012535610223808558,-0.013525137920642138,0.0009895276968335809,5.012959217987713,6
ETH,long,1,2024-01-16 08:00:00+00:00,2024-01-16 12:00:00+00:00,2024-01-17 12:00:00+00:00,2566.123208598978,2543.3,2566.123208598978,2495.4502068106776,-0.008894042391455859,-0.00989295494265885,0.0009989125512029906,5.041924062981029,6
LINK,long,1,2024-01-16 20:00:00+00:00,2024-01-17 00:00:00+00:00,2024-01-18 00:00:00+00:00,15.723237838903664,15.763,15.723237838903664,14.831769600469302,0.0025288786892196935,0.0012190910148071055,0.001309787674412588,6.536688716426203,6
SOL,long,1,2024-01-16 20:00:00+00:00,2024-01-17 00:00:00+00:00,2024-01-18 00:00:00+00:00,99.91121673468628,102.14,99.91121673468628,95.36178630774552,0.022307638102659233,0.021081415481637444,0.0012262226210217886,6.000925858297193,6
BNB,short,-1,2024-01-17 00:00:00+00:00,2024-01-17 04:00:00+00:00,2024-01-18 04:00:00+00:00,311.2132685120278,309.7,318.4280685518716,311.2132685120278,0.0048862399484268515,0.003589583630350779,0.0012966563180760726,6.455921962584254,6
AVAX,long,1,2024-01-17 04:00:00+00:00,2024-01-17 08:00:00+00:00,2024-01-18 08:00:00+00:00,36.43400100203689,35.874,36.43400100203689,34.47895412117297,-0.015370285629776936,-0.01688755901681105,0.0015172733870341126,7.710732744665526,6
XRP,short,-1,2024-01-17 12:00:00+00:00,2024-01-17 16:00:00+00:00,2024-01-18 16:00:00+00:00,0.5627710722747585,0.5622,0.5750956755680354,0.5627710722747585,0.0010157813496238788,-0.00013327799244367,0.0011490593420675488,5.742762706652812,6
ETH,short,-1,2024-01-17 16:00:00+00:00,2024-01-17 20:00:00+00:00,2024-01-18 20:00:00+00:00,2508.1977180654294,2439.4,2559.643411625385,2508.1977180654294,0.028202721187763125,0.027166419674800935,0.00103630151296219,5.041924062981029,6
ADA,short,-1,2024-01-17 20:00:00+00:00,2024-01-18 00:00:00+00:00,2024-01-19 00:00:00+00:00,0.5211567000209651,0.5025,0.5351358046222582,0.5211567000209651,0.03712776123575168,0.03505790154839361,0.0020698596873580666,9.988775255673833,6
DOT,short,-1,2024-01-17 20:00:00+00:00,2024-01-18 00:00:00+00:00,2024-01-19 00:00:00+00:00,7.272278198968979,7.019,7.426531208288609,7.272278198968979,0.036084655787003594,0.03421172604009293,0.0018729297469106676,9.046674492363598,6
BTC,long,1,2024-01-18 00:00:00+00:00,2024-01-18 04:00:00+00:00,2024-01-19 04:00:00+00:00,42884.76639743042,41065.8,42884.76639743042,42317.12452813401,-0.04241521058021691,-0.04337479624326268,0.00095958566304577,5.012959217987713,6
LINK,short,-1,2024-01-18 08:00:00+00:00,2024-01-18 12:00:00+00:00,2024-01-19 12:00:00+00:00,15.064615699686104,15.512,15.832938639448328,15.064615699686104,-0.028841174594758656,-0.03010997780477276,0.0012688032100141022,6.536688716426203,6
AVAX,short,-1,2024-01-18 12:00:00+00:00,2024-01-18 16:00:00+00:00,2024-01-19 16:00:00+00:00,34.52390908306756,32.66,35.93624713860947,34.52390908306756,0.05707008827518556,0.05544118728858893,0.0016289009865966264,7.710732744665526,6
BNB,short,-1,2024-01-18 12:00:00+00:00,2024-01-18 16:00:00+00:00,2024-01-19 16:00:00+00:00,310.59081771787567,311.4,318.6609337881393,310.59081771787567,-0.002598530128851362,-0.003885528463740684,0.0012869983348893221,6.455921962584254,6
SOL,short,-1,2024-01-18 12:00:00+00:00,2024-01-18 16:00:00+00:00,2024-01-19 16:00:00+00:00,95.02049504557239,91.27,101.65131633304486,95.02049504557239,0.04109230903442973,0.03984355485092461,0.0012487541835051186,6.000925858297193,6
ADA,short,-1,2024-01-19 08:00:00+00:00,2024-01-19 12:00:00+00:00,2024-01-20 12:00:00+00:00,0.489865347916337,0.5161,0.5121832174233536,0.489865347916337,-0.050832497740094906,-0.05272680972643795,0.0018943119863430447,9.988775255673833,6
DOT,short,-1,2024-01-19 08:00:00+00:00,2024-01-19 12:00:00+00:00,2024-01-20 12:00:00+00:00,6.825656337547984,6.857,7.178796818475999,6.825656337547984,-0.004571046004377521,-0.006370482458205151,0.0017994364538276297,9.046674492363598,6
XRP,short,-1,2024-01-19 08:00:00+00:00,2024-01-19 12:00:00+00:00,2024-01-20 12:00:00+00:00,0.5425099279037084,0.5492,0.5584048225081877,0.5425099279037084,-0.012181485972854289,-0.013315396259742762,0.0011339102868884732,5.742762706652812,6
BTC,long,1,2024-01-19 12:00:00+00:00,2024-01-19 16:00:00+00:00,2024-01-20 16:00:00+00:00,41711.33626155772,41574.8,41711.33626155772,40119.939383296674,-0.0032733610043452765,-0.004272170303870171,0.0009988092995248943,5.012959217987713,6
ETH,short,-1,2024-01-19 12:00:00+00:00,2024-01-19 16:00:00+00:00,2024-01-20 16:00:00+00:00,2419.723719552561,2463.94,2507.76283815661,2419.723719552561,-0.017945355993830736,-0.018935145937412745,0.000989789943582009,5.041924062981029,6
LINK,long,1,2024-01-19 16:00:00+00:00,2024-01-19 20:00:00+00:00,2024-01-20 20:00:00+00:00,16.158323288573726,15.825,16.158323288573726,14.935722023253467,-0.02062858148217861,-0.021908114311520843,0.0012795328293422337,6.536688716426203,6
AVAX,long,1,2024-01-20 16:00:00+00:00,2024-01-20 20:00:00+00:00,2024-01-21 20:00:00+00:00,32.95857259003489,33.122,32.95857259003489,31.75462766601847,0.004958570627373593,0.003409971319398908,0.0015485993079746851,7.710732744665526,6
XRP,long,1,2024-01-20 16:00:00+00:00,2024-01-20 20:00:00+00:00,2024-01-21 20:00:00+00:00,0.5542907211210122,0.5511,0.5542907211210122,0.5392132298291686,-0.005756403633384255,-0.0068976892294568826,0.0011412855960726276,5.742762706652812,6
BNB,long,1,2024-01-21 12:00:00+00:00,2024-01-21 16:00:00+00:00,2024-01-22 16:00:00+00:00,320.4145558383133,310.9,320.4145558383133,316.5968841040715,-0.02969451813267343,-0.030946553122815024,0.0012520349901415928,6.455921962584254,6
ADA,short,-1,2024-01-21 16:00:00+00:00,2024-01-21 20:00:00+00:00,2024-01-22 20:00:00+00:00,0.5054314637743413,0.4821,0.517843820100713,0.5054314637743413,0.04839548594553289,0.046303138566670565,0.002092347378862325,9.988775255673833,6
BTC,short,-1,2024-01-21 16:00:00+00:00,2024-01-21 20:00:00+00:00,2024-01-22 20:00:00+00:00,41627.33466276611,39816.0,41832.91854036483,41627.33466276611,0.04549263267947823,0.04444495548971528,0.0010476771897629522,5.012959217987713,6
DOT,short,-1,2024-01-21 16:00:00+00:00,2024-01-21 20:00:00+00:00,2024-01-22 20:00:00+00:00,6.842958738227036,6.378,6.96760375503204,6.842958738227036,0.07290039796598236,0.07096091641918112,0.001939481546801236,9.046674492363598,6
ETH,short,-1,2024-01-21 16:00:00+00:00,2024-01-21 20:00:00+00:00,2024-01-22 20:00:00+00:00,2465.446118280402,2321.84,2483.787868895353,2465.446118280402,0.06185013535833739,0.060779921402338566,0.0010702139559988222,5.041924062981029,6
SOL,short,-1,2024-01-21 16:00:00+00:00,2024-01-21 20:00:00+00:00,2024-01-22 20:00:00+00:00,91.20059426972519,83.64,93.75707437510063,91.20059426972519,0.09039447955195112,0.08908658912168366,0.0013078904302674665,6.000925858297193,6
LINK,long,1,2024-01-21 20:00:00+00:00,2024-01-22 00:00:00+00:00,2024-01-23 00:00:00+00:00,15.705320642626019,14.593,15.705320642626019,15.098653914546926,-0.07082444656411879,-0.0720383993121404,0.0012139527480216072,6.536688716426203,6
AVAX,short,-1,2024-01-22 00:00:00+00:00,2024-01-22 04:00:00+00:00,2024-01-23 04:00:00+00:00,31.794287792901606,29.944,32.681821079571044,31.794287792901606,0.06179160409102358,0.06015542744517233,0.0016361766458512506,7.710732744665526,6
XRP,short,-1,2024-01-22 00:00:00+00:00,2024-01-22 04:00:00+00:00,2024-01-23 04:00:00+00:00,0.5366946893126868,0.5299,0.5469538749785814,0.5366946893126868,0.012822587870705338,0.011659975574143333,0.0011626122965620045,5.742762706652812,6
BNB,long,1,2024-01-22 20:00:00+00:00,2024-01-23 00:00:00+00:00,2024-01-24 00:00:00+00:00,309.14230714303176,298.5,309.14230714303176,302.69169841158447,-0.03442526919522493,-0.035671199854337976,0.0012459306591130481,6.455921962584254,6
ADA,short,-1,2024-01-23 00:00:00+00:00,2024-01-23 04:00:00+00:00,2024-01-24 04:00:00+00:00,0.4756631197261832,0.4652,0.4902469843241954,0.4756631197261832,0.02249165891268956,0.020451009395294095,0.0020406495173954653,9.988775255673833,6
DOT,short,-1,2024-01-23 00:00:00+00:00,2024-01-23 04:00:00+00:00,2024-01-24 04:00:00+00:00,6.32406749638008,6.275,6.5133276998668554,6.32406749638008,0.007819521335470814,0.005997686458867113,0.0018218348766037007,9.046674492363598,6
SOL,short,-1,2024-01-23 00:00:00+00:00,2024-01-23 04:00:00+00:00,2024-01-24 04:00:00+00:00,83.2875544128836,83.55,87.11544541254582,83.2875544128836,-0.003141179977455444,-0.004336877622193147,0.0011956976447377032,6.000925858297193,6
BTC,short,-1,2024-01-23 04:00:00+00:00,2024-01-23 08:00:00+00:00,2024-01-24 08:00:00+00:00,39307.51899017492,39978.8,40282.65489881924,39307.51899017492,-0.016790924435577947,-0.017776187926719866,0.000985263491141919,5.012959217987713,6
ETH,short,-1,2024-01-23 04:00:00+00:00,2024-01-23 08:00:00+00:00,2024-01-24 08:00:00+00:00,2293.2560307516305,2234.53,2355.9669254327364,2293.2560307516305,0.0262811556576239,0.025246790845688816,0.0010343648119350846,5.041924062981029,6
LINK,short,-1,2024-01-23 04:00:00+00:00,2024-01-23 08:00:00+00:00,2024-01-24 08:00:00+00:00,14.26322768324887,14.151,14.867030710660222,14.26322768324887,0.007930724560021973,0.006613879461837335,0.001316845098184638,6.536688716426203,6
AVAX,long,1,2024-01-23 16:00:00+00:00,2024-01-23 20:00:00+00:00,2024-01-24 20:00:00+00:00,29.85359490804682,30.663,29.85359490804682,27.922680218833925,0.02711248325189186,0.0255297456871153,0.0015827375647765596,7.710732744665526,6
XRP,long,1,2024-01-23 16:00:00+00:00,2024-01-23 20:00:00+00:00,2024-01-24 20:00:00+00:00,0.5164483939495909,0.5147,0.5164483939495909,0.4996898102953321,-0.003385418504683102,-0.00452942573877857,0.0011440072340954677,5.742762706652812,6
ADA,short,-1,2024-01-25 08:00:00+00:00,2024-01-25 12:00:00+00:00,2024-01-26 12:00:00+00:00,0.4687497153272947,0.4833,0.4902922657553614,0.4687497153272947,-0.030106113537565315,-0.03204179044415156,0.0019356769065862478,9.988775255673833,6
BTC,short,-1,2024-01-25 08:00:00+00:00,2024-01-25 12:00:00+00:00,2024-01-26 12:00:00+00:00,39724.38265591487,41287.9,40635.583559399776,39724.38265591487,-0.03786865750220114,-0.03883279921834859,0.0009641417161474486,5.012959217987713,6
DOT,short,-1,2024-01-25 08:00:00+00:00,2024-01-25 12:00:00+00:00,2024-01-26 12:00:00+00:00,6.398196615194775,6.596,6.6624775016705735,6.398196615194775,-0.029988384597517515,-0.03174187414027718,0.0017534895427596675,9.046674492363598,6
ETH,short,-1,2024-01-25 08:00:00+00:00,2024-01-25 12:00:00+00:00,2024-01-26 12:00:00+00:00,2193.638611568188,2253.5,2270.6049108696457,2193.638611568188,-0.026563740151680504,-0.02754484382711897,0.000981103675438466,5.041924062981029,6
LINK,short,-1,2024-01-25 08:00:00+00:00,2024-01-25 12:00:00+00:00,2024-01-26 12:00:00+00:00,13.548251799536922,14.179,14.150291774659273,13.548251799536922,-0.044484674551313774,-0.045733039783067864,0.0012483652317540894,6.536688716426203,6
SOL,short,-1,2024-01-25 08:00:00+00:00,2024-01-25 12:00:00+00:00,2024-01-26 12:00:00+00:00,86.39057932527489,91.93,91.64703445487409,86.39057932527489,-0.060256941963723665,-0.06138413122922781,0.0011271892655041471,6.000925858297193,6
XRP,short,-1,2024-01-25 08:00:00+00:00,2024-01-25 12:00:00+00:00,2024-01-26 12:00:00+00:00,0.5063998769564028,0.521,0.518268866053842,0.5063998769564028,-0.02802326879769146,-0.029138994407685748,0.0011157256099942892,5.742762706652812,6
AVAX,long,1,2024-01-25 12:00:00+00:00,2024-01-25 16:00:00+00:00,2024-01-26 16:00:00+00:00,30.961396325073366,32.139,30.961396325073366,28.691794635909236,0.038034579014544656,0.03643501095502555,0.0015995680595191075,7.710732744665526,6
BNB,long,1,2024-01-26 04:00:00+00:00,2024-01-26 08:00:00+00:00,2024-01-27 08:00:00+00:00,297.1557116617378,303.0,297.1557116617378,291.8680227110288,0.019667427240688262,0.01835169799760905,0.0013157292430792111,6.455921962584254,6
DOT,short,-1,2024-01-27 00:00:00+00:00,2024-01-27 04:00:00+00:00,2024-01-28 04:00:00+00:00,6.555591746789663,6.733,6.821042360042912,6.555591746789663,-0.026349064786920673,-0.02810913312639718,0.001760068339476506,9.046674492363598,6
ADA,long,1,2024-01-27 20:00:00+00:00,2024-01-28 00:00:00+00:00,2024-01-29 00:00:00+00:00,0.4946169676978045,0.4903,0.4946169676978045,0.47792626504561647,-0.008727900536647182,-0.010706243258316595,0.0019783427216694127,9.988775255673833,6
AVAX,long,1,2024-01-27 20:00:00+00:00,2024-01-28 00:00:00+00:00,2024-01-29 00:00:00+00:00,34.19954201571345,34.822,34.19954201571345,32.37545182597094,0.01820076958926986,0.01663176460413829,0.0015690049851315724,7.710732744665526,6
SOL,long,1,2024-01-28 04:00:00+00:00,2024-01-28 08:00:00+00:00,2024-01-29 08:00:00+00:00,98.40806024158513,96.75,98.40806024158513,93.16373554659066,-0.016848825568908765,-0.018028081367299165,0.0011792557983903995,6.000925858297193,6
BNB,short,-1,2024-01-28 08:00:00+00:00,2024-01-28 12:00:00+00:00,2024-01-29 12:00:00+00:00,304.7889341049348,308.0,309.22710588814004,304.7889341049348,-0.010425538620341568,-0.011702437364243812,0.001276898743902244,6.455921962584254,6
BTC,short,-1,2024-01-28 08:00:00+00:00,2024-01-28 12:00:00+00:00,2024-01-29 12:00:00+00:00,42160.90675637205,42240.0,42799.29166697253,42160.90675637205,-0.0018724726237676625,-0.0028726857388297056,0.001000213115062043,5.012959217987713,6
DOT,short,-1,2024-01-28 08:00:00+00:00,2024-01-28 12:00:00+00:00,2024-01-29 12:00:00+00:00,6.6499445354301185,6.824,6.811019213571599,6.6499445354301185,-0.025506369368388238,-0.027267961047977907,0.0017615916795896691,9.046674492363598,6
ETH,short,-1,2024-01-28 08:00:00+00:00,2024-01-28 12:00:00+00:00,2024-01-29 12:00:00+00:00,2268.4103277356703,2264.63,2293.9612198355157,2268.4103277356703,0.0016692915556493215,0.0006597324668271565,0.001009559088822165,5.041924062981029,6
LINK,short,-1,2024-01-28 08:00:00+00:00,2024-01-28 12:00:00+00:00,2024-01-29 12:00:00+00:00,14.373472126894015,14.555,14.672062681737792,14.373472126894015,-0.012471856620129507,-0.013762046077839374,0.0012901894577098671,6.536688716426203,6
XRP,short,-1,2024-01-28 12:00:00+00:00,2024-01-28 16:00:00+00:00,2024-01-29 16:00:00+00:00,0.5240179966824335,0.5275,0.5350393531806705,0.5240179966824335,-0.006600954156524064,-0.007741270298681435,0.0011403161421573715,5.742762706652812,6
ADA,long,1,2024-01-29 08:00:00+00:00,2024-01-29 12:00:00+00:00,2024-01-30 12:00:00+00:00,0.4951532294043762,0.53,0.4951532294043762,0.4809501096993052,0.07037573124089547,0.06823951653405724,0.0021362147068382242,9.988775255673833,6
ETH,long,1,2024-01-29 16:00:00+00:00,2024-01-29 20:00:00+00:00,2024-01-30 20:00:00+00:00,2311.7274080953466,2374.55,2311.7274080953466,2275.0790039009125,0.027175605430232563,0.026140339123257972,0.0010352663069745915,5.041924062981029,6
BNB,long,1,2024-01-29 20:00:00+00:00,2024-01-30 00:00:00+00:00,2024-01-31 00:00:00+00:00,312.47424496456904,307.6,312.47424496456904,308.93582929033363,-0.015598869484816924,-0.01686909281424509,0.0012702233294281662,6.455921962584254,6
BTC,long,1,2024-01-29 20:00:00+00:00,2024-01-30 00:00:00+00:00,2024-01-31 00:00:00+00:00,43729.58609535049,42942.2,43729.58609535049,42885.526658332514,-0.018005798034164577,-0.01898984411322935,0.000984046079064771,5.012959217987713,6
XRP,short,-1,2024-01-30 00:00:00+00:00,2024-01-30 04:00:00+00:00,2024-01-31 04:00:00+00:00,0.531946948230416,0.5105,0.5429089516552787,0.531946948230416,0.04201165177358668,0.04081553354516165,0.001196118228425025,5.742762706652812,6
AVAX,long,1,2024-01-30 04:00:00+00:00,2024-01-30 08:00:00+00:00,2024-01-31 08:00:00+00:00,36.54952296226523,34.987,36.54952296226523,34.96014208774252,-0.042750844214257455,-0.044225925300718116,0.0014750810864606612,7.710732744665526,6
LINK,long,1,2024-01-30 04:00:00+00:00,2024-01-30 08:00:00+00:00,2024-01-31 08:00:00+00:00,15.230635882147014,15.828,15.230635882147014,14.78073651960128,0.03922121981480764,0.03786349419349566,0.0013577256213119782,6.536688716426203,6
SOL,long,1,2024-01-30 04:00:00+00:00,2024-01-30 08:00:00+00:00,2024-01-31 08:00:00+00:00,105.45301276133205,101.63,105.45301276133205,100.44783095930772,-0.03625323412982551,-0.037409215011900976,0.0011559808820754691,6.000925858297193,6
DOT,short,-1,2024-01-30 16:00:00+00:00,2024-01-30 20:00:00+00:00,2024-01-31 20:00:00+00:00,6.824026461139455,6.818,7.196933405765167,6.824026461139455,0.0008839045379078758,-0.0009253928274597367,0.0018092973653676125,9.046674492363598,6
ADA,short,-1,2024-01-31 04:00:00+00:00,2024-01-31 08:00:00+00:00,2024-02-01 08:00:00+00:00,0.5002560235783462,0.4909,0.5248387777961074,0.5002560235783462,0.019058919491436566,0.017025120903319646,0.0020337985881169196,9.988775255673833,6
BNB,short,-1,2024-01-31 04:00:00+00:00,2024-01-31 08:00:00+00:00,2024-02-01 08:00:00+00:00,305.18308130542033,298.2,308.6265778466899,305.18308130542033,0.02341744233876697,0.022096874258636934,0.0013205680801300357,6.455921962584254,6
BTC,short,-1,2024-01-31 04:00:00+00:00,2024-01-31 08:00:00+00:00,2024-02-01 08:00:00+00:00,42629.35145409854,42186.3,43464.70123982752,42629.35145409854,0.010502259124373081,0.009489645420557968,0.0010126137038151128,5.012959217987713,6
ETH,short,-1,2024-01-31 04:00:00+00:00,2024-01-31 08:00:00+00:00,2024-02-01 08:00:00+00:00,2314.6929937028503,2271.69,2367.30259149151,2314.6929937028503,0.018929956861565733,0.017903001151238218,0.001026955710327515,5.041924062981029,6
XRP,short,-1,2024-01-31 08:00:00+00:00,2024-01-31 12:00:00+00:00,2024-02-01 12:00:00+00:00,0.4998552566990128,0.493,0.5144497463089455,0.4998552566990128,0.013905186002054482,0.012741330998314648,0.0011638550037398332,5.742762706652812,6
AVAX,short,-1,2024-01-31 16:00:00+00:00,2024-01-31 20:00:00+00:00,2024-02-01 20:00:00+00:00,34.34149449258032,33.721,36.0410278960752,34.34149449258032,0.01840083308858942,0.016831519813936602,0.0015693132746528171,7.710732744665526,6
LINK,short,-1,2024-01-31 16:00:00+00:00,2024-01-31 20:00:00+00:00,2024-02-01 20:00:00+00:00,15.48311184999915,16.946,15.99911719297007,15.48311184999915,-0.08632645757115853,-0.08752015719393125,0.0011936996227727148,6.536688716426203,6
SOL,short,-1,2024-01-31 16:00:00+00:00,2024-01-31 20:00:00+00:00,2024-02-01 20:00:00+00:00,98.17863165107056,97.86,103.88187254684343,98.17863165107056,0.0032559947994130756,0.00205262396499184,0.0012033708344212357,6.000925858297193,6
DOT,long,1,2024-02-01 08:00:00+00:00,2024-02-01 12:00:00+00:00,2024-02-02 12:00:00+00:00,6.754150497154933,6.906,6.754150497154933,6.531711725787449,0.02248239847617106,0.020634057523429172,0.0018483409527418893,9.046674492363598,6
BTC,long,1,2024-02-01 12:00:00+00:00,2024-02-01 16:00:00+00:00,2024-02-02 16:00:00+00:00,43170.5502178891,43232.2,43170.5502178891,41863.889612671475,0.0014280518038278789,0.00042453126789165907,0.0010035205359362198,5.012959217987713,6
ADA,long,1,2024-02-02 04:00:00+00:00,2024-02-02 08:00:00+00:00,2024-02-03 08:00:00+00:00,0.5210276194386594,0.5173,0.5210276194386594,0.49959739232335576,-0.00715436053596441,-0.009135843668232613,0.0019814831322682025,9.988775255673833,6
AVAX,long,1,2024-02-02 04:00:00+00:00,2024-02-02 08:00:00+00:00,2024-02-03 08:00:00+00:00,35.987537847885385,35.968,35.987537847885385,33.82981267420987,-0.0005429059350480214,-0.002083027696737183,0.0015401217616891616,7.710732744665526,6
BNB,short,-1,2024-02-02 08:00:00+00:00,2024-02-02 12:00:00+00:00,2024-02-03 12:00:00+00:00,300.4622281004467,301.4,305.5592064946933,300.4622281004467,-0.0031113865280467667,-0.004397723097988138,0.001286336569941371,6.455921962584254,6
ETH,short,-1,2024-02-02 08:00:00+00:00,2024-02-02 12:00:00+00:00,2024-02-03 12:00:00+00:00,2288.1786049388265,2303.95,2348.088489247823,2288.1786049388265,-0.00684537210493863,-0.007846349463084823,0.0010009773581461934,5.041924062981029,6
LINK,long,1,2024-02-02 08:00:00+00:00,2024-02-02 12:00:00+00:00,2024-02-03 12:00:00+00:00,18.584569337203632,17.976,18.584569337203632,17.107986482286716,-0.03274594778935047,-0.034009649476694936,0.001263701687344465,6.536688716426203,6
SOL,short,-1,2024-02-02 08:00:00+00:00,2024-02-02 12:00:00+00:00,2024-02-03 12:00:00+00:00,98.86946845485414,98.65,105.20902218413107,98.86946845485414,0.002224718244846713,0.0010225843909514865,0.0012021338538952264,6.000925858297193,6
XRP,long,1,2024-02-02 16:00:00+00:00,2024-02-02 20:00:00+00:00,2024-02-03 20:00:00+00:00,0.5120422406794941,0.5209,0.5120422406794941,0.49687181991543994,0.017298883991975877,0.01613113338493788,0.0011677506070379984,5.742762706652812,6
DOT,long,1,2024-02-03 04:00:00+00:00,2024-02-03 08:00:00+00:00,2024-02-04 08:00:00+00:00,6.949672928993562,6.742,6.949672928993562,6.79124046300046,-0.029882403260614532,-0.031636084385787244,0.0017536811251727125,9.046674492363598,6
AVAX,long,1,2024-02-03 12:00:00+00:00,2024-02-03 16:00:00+00:00,2024-02-04 16:00:00+00:00,36.60092206038607,35.78,36.60092206038607,34.98531140519833,-0.022428999439731867,-0.023935395642730062,0.0015063962029981948,7.710732744665526,6
ADA,short,-1,2024-02-04 00:00:00+00:00,2024-02-04 04:00:00+00:00,2024-02-05 04:00:00+00:00,0.5034006590341454,0.4973,0.5172938996536688,0.5034006590341454,0.012267562907994023,0.01024731824808156,0.0020202446599124624,9.988775255673833,6
BNB,short,-1,2024-02-04 00:00:00+00:00,2024-02-04 04:00:00+00:00,2024-02-05 04:00:00+00:00,299.1603581813637,304.5,301.84564074246816,299.1603581813637,-0.017535769519331112,-0.018803493567181584,0.0012677240478504714,6.455921962584254,6
BTC,short,-1,2024-02-04 00:00:00+00:00,2024-02-04 04:00:00+00:00,2024-02-05 04:00:00+00:00,42884.340451273034,42719.4,43174.749547419866,42884.340451273034,0.003861019847493985,0.002855061259826819,0.0010059585876671662,5.012959217987713,6
ETH,short,-1,2024-02-04 00:00:00+00:00,2024-02-04 04:00:00+00:00,2024-02-05 04:00:00+00:00,2290.5296408481527,2296.79,2315.7393449123406,2290.5296408481527,-0.002725699411721294,-0.0037308288917756727,0.0010051294800543786,5.041924062981029,6
SOL,short,-1,2024-02-04 00:00:00+00:00,2024-02-04 04:00:00+00:00,2024-02-05 04:00:00+00:00,96.73452100911534,96.06,100.01279273495706,96.73452100911534,0.007021871841716987,0.005813983968153247,0.00120788787356374,6.000925858297193,6
XRP,short,-1,2024-02-04 00:00:00+00:00,2024-02-04 04:00:00+00:00,2024-02-05 04:00:00+00:00,0.5104222810432463,0.5057,0.5250814863571605,0.5104222810432463,0.009338107659177863,0.008179495174221119,0.0011586124849567447,5.742762706652812,6
LINK,long,1,2024-02-04 04:00:00+00:00,2024-02-04 08:00:00+00:00,2024-02-05 08:00:00+00:00,18.22891997057323,18.709,18.22891997057323,17.05656119517335,0.026336175165712294,0.024995283645666166,0.001340891520046128,6.536688716426203,6
DOT,short,-1,2024-02-04 12:00:00+00:00,2024-02-04 16:00:00+00:00,2024-02-05 16:00:00+00:00,6.716263403759121,6.796,6.8463605781547665,6.716263403759121,-0.011732871724673188,-0.013519361749501302,0.0017864900248281135,9.046674492363598,6
AVAX,short,-1,2024-02-04 20:00:00+00:00,2024-02-05 00:00:00+00:00,2024-02-06 00:00:00+00:00,34.323085945449776,34.551,35.40328171340005,34.323085945449776,-0.006596453201071606,-0.008127246698510837,0.0015307934974392312,7.710732744665526,6
ADA,short,-1,2024-02-05 08:00:00+00:00,2024-02-05 12:00:00+00:00,2024-02-06 12:00:00+00:00,0.4973646024977529,0.4924,0.510318665070554,0.4973646024977529,0.010082458362617563,0.008066574650295477,0.0020158837123220863,9.988775255673833,6
BNB,short,-1,2024-02-05 08:00:00+00:00,2024-02-05 12:00:00+00:00,2024-02-06 12:00:00+00:00,302.076947357816,301.6,307.7494354108469,302.076947357816,0.0015813904436867698,0.00028899854263642055,0.0012923919010503493,6.455921962584254,6
ETH,short,-1,2024-02-05 08:00:00+00:00,2024-02-05 12:00:00+00:00,2024-02-06 12:00:00+00:00,2310.780319800386,2324.92,2347.6455520742106,2310.780319800386,-0.006081792147520693,-0.007083539100075531,0.0010017469525548384,5.041924062981029,6
SOL,short,-1,2024-02-05 08:00:00+00:00,2024-02-05 12:00:00+00:00,2024-02-06 12:00:00+00:00,96.37113060542276,94.31,99.43280772780307,96.37113060542276,0.021854846839388875,0.020629167325812547,0.0012256795135763277,6.000925858297193,6
XRP,short,-1,2024-02-05 08:00:00+00:00,2024-02-05 12:00:00+00:00,2024-02-06 12:00:00+00:00,0.5010233264394837,0.5013,0.5100166729080713,0.5010233264394837,-0.000551912149444056,-0.0016991719465949684,0.0011472597971509124,5.742762706652812,6
BTC,short,-1,2024-02-05 16:00:00+00:00,2024-02-05 20:00:00+00:00,2024-02-06 20:00:00+00:00,42400.06926366883,43278.4,43133.07163785873,42400.06926366883,-0.020294898525157312,-0.021276650720654988,0.000981752195497676,5.012959217987713,6
ADA,short,-1,2024-02-06 20:00:00+00:00,2024-02-07 00:00:00+00:00,2024-02-08 00:00:00+00:00,0.4921070854564499,0.5023,0.5045708491876086,0.4921070854564499,-0.02029248366225378,-0.02224774623381298,0.001955262571559202,9.988775255673833,6
BNB,long,1,2024-02-07 00:00:00+00:00,2024-02-07 04:00:00+00:00,2024-02-08 04:00:00+00:00,303.09873157047303,311.1,303.09873157047303,298.5187022432738,0.026398224723902075,0.02507381038719192,0.0013244143367101557,6.455921962584254,6
AVAX,long,1,2024-02-07 08:00:00+00:00,2024-02-07 12:00:00+00:00,2024-02-08 12:00:00+00:00,34.63905896773365,35.352,34.63905896773365,33.70926566127778,0.020581997707572075,0.019009323349071572,0.0015726743585005032,7.710732744665526,6
BTC,long,1,2024-02-07 08:00:00+00:00,2024-02-07 12:00:00+00:00,2024-02-08 12:00:00+00:00,43301.492591396614,44705.7,43301.492591396614,42569.42795492092,0.032428614455714655,0.031394028581444244,0.0010345858742704106,5.012959217987713,6
DOT,long,1,2024-02-07 08:00:00+00:00,2024-02-07 12:00:00+00:00,2024-02-08 12:00:00+00:00,6.79470574198085,6.906,6.79470574198085,6.618452322688788,0.01637955523688417,0.014542246391007208,0.0018373088458769615,9.046674492363598,6
ETH,long,1,2024-02-07 12:00:00+00:00,2024-02-07 16:00:00+00:00,2024-02-08 16:00:00+00:00,2388.616134102705,2453.82,2388.616134102705,2351.251144717636,0.02729775829877723,0.026262368876778686,0.0010353894219985449,5.041924062981029,6
LINK,long,1,2024-02-07 12:00:00+00:00,2024-02-07 16:00:00+00:00,2024-02-08 16:00:00+00:00,18.668273719123317,18.66,18.668273719123317,18.20266625145445,-0.0004431967972936546,-0.0017491015034222235,0.001305904706128569,6.536688716426203,6
SOL,long,1,2024-02-07 12:00:00+00:00,2024-02-07 16:00:00+00:00,2024-02-08 16:00:00+00:00,97.83005422648434,104.83,97.83005422648434,94.73482329411824,0.07155209949398822,0.07026680984630285,0.0012852896476853726,6.000925858297193,6
XRP,long,1,2024-02-07 12:00:00+00:00,2024-02-07 16:00:00+00:00,2024-02-08 16:00:00+00:00,0.5092046297376437,0.5171,0.5092046297376437,0.49805705837880626,0.015505299444005916,0.014339607680713407,0.001165691763292509,5.742762706652812,6
BNB,long,1,2024-02-08 08:00:00+00:00,2024-02-08 12:00:00+00:00,2024-02-09 12:00:00+00:00,318.8650850547066,325.0,318.8650850547066,313.75554956992397,0.01923984541688184,0.01792466790458702,0.0013151775122948184,6.455921962584254,6
DOT,long,1,2024-02-08 16:00:00+00:00,2024-02-08 20:00:00+00:00,2024-02-09 20:00:00+00:00,7.111394586742075,7.148,7.111394586742075,6.913994632173163,0.005147431043436734,0.003330426503202366,0.0018170045402343682,9.046674492363598,6
AVAX,long,1,2024-02-08 20:00:00+00:00,2024-02-09 00:00:00+00:00,2024-02-10 00:00:00+00:00,35.96283706461717,38.012,35.96283706461717,34.89914677045406,0.056980013331566326,0.055351251146706915,0.0016287621848594114,7.710732744665526,6
BTC,long,1,2024-02-08 20:00:00+00:00,2024-02-09 00:00:00+00:00,2024-02-10 00:00:00+00:00,45794.86938672833,47147.9,45794.86938672833,44782.78513431774,0.0295454628737033,0.028513766175360722,0.0010316966983425768,5.012959217987713,6
ETH,long,1,2024-02-08 20:00:00+00:00,2024-02-09 00:00:00+00:00,2024-02-10 00:00:00+00:00,2450.653089008015,2487.13,2450.653089008015,2389.7500737122277,0.014884567365163193,0.013861688908444414,0.0010228784567187788,5.041924062981029,6
SOL,long,1,2024-02-08 20:00:00+00:00,2024-02-09 00:00:00+00:00,2024-02-10 00:00:00+00:00,105.65209230124057,107.0,105.65209230124057,99.96652853675653,0.012757983958483265,0.011543215817011676,0.0012147681414715894,6.000925858297193,6
XRP,long,1,2024-02-08 20:00:00+00:00,2024-02-09 00:00:00+00:00,2024-02-10 00:00:00+00:00,0.5185841523465325,0.5262,0.5185841523465325,0.5104480127327785,0.014685847261252771,0.013521096141658084,0.001164751119594687,5.742762706652812,6
ADA,short,-1,2024-02-09 08:00:00+00:00,2024-02-09 12:00:00+00:00,2024-02-10 12:00:00+00:00,0.5351528272434711,0.5334,0.5521805079907762,0.5351528272434711,0.0032861403139692325,0.0012838204317526802,0.002002319882216552,9.988775255673833,6
LINK,long,1,2024-02-09 16:00:00+00:00,2024-02-09 20:00:00+00:00,2024-02-10 20:00:00+00:00,18.618246680841544,18.632,18.618246680841544,17.861601132516988,0.0007387010922252912,-0.0005687477442730682,0.0013074488364983594,6.536688716426203,6
AVAX,short,-1,2024-02-10 04:00:00+00:00,2024-02-10 08:00:00+00:00,2024-02-11 08:00:00+00:00,38.1707985529266,40.859,39.976055698289976,38.1707985529266,-0.06579214976072356,-0.06723172515484332,0.001439575394119763,7.710732744665526,6
BNB,short,-1,2024-02-10 04:00:00+00:00,2024-02-10 08:00:00+00:00,2024-02-11 08:00:00+00:00,320.2541632193435,324.1,326.3748047778283,320.2541632193435,-0.011866204198261343,-0.013141243977387584,0.0012750397791262413,6.455921962584254,6
DOT,short,-1,2024-02-10 04:00:00+00:00,2024-02-10 08:00:00+00:00,2024-02-11 08:00:00+00:00,7.0854051292516385,7.288,7.273831214989883,7.0854051292516385,-0.027798418049994722,-0.029555866394256558,0.001757448344261836,9.046674492363598,6
XRP,short,-1,2024-02-10 04:00:00+00:00,2024-02-10 08:00:00+00:00,2024-02-11 08:00:00+00:00,0.5184118166510949,0.5284,0.5288401058660955,0.5184118166510949,-0.018902693695883932,-0.02002888875323461,0.0011261950573506763,5.742762706652812,6
ADA,long,1,2024-02-10 16:00:00+00:00,2024-02-10 20:00:00+00:00,2024-02-11 20:00:00+00:00,0.547489994292112,0.5403,0.547489994292112,0.5357733713093105,-0.013132649668618046,-0.01510220156142128,0.001969551892803234,9.988775255673833,6
BTC,long,1,2024-02-10 16:00:00+00:00,2024-02-10 20:00:00+00:00,2024-02-11 20:00:00+00:00,48117.29148846228,48298.9,48117.29148846228,46952.64251317485,0.0037742879102260485,0.0027684162357224373,0.0010058716745036111,5.012959217987713,6
ETH,long,1,2024-02-10 20:00:00+00:00,2024-02-11 00:00:00+00:00,2024-02-12 00:00:00+00:00,2529.585855434356,2507.55,2529.585855434356,2471.1555160584335,-0.008711250257434688,-0.009710347040561174,0.0009990967831264852,5.041924062981029,6
LINK,long,1,2024-02-11 00:00:00+00:00,2024-02-11 04:00:00+00:00,2024-02-12 04:00:00+00:00,20.027713981128436,20.022,20.027713981128436,19.224504821808242,-0.0002853037113382806,-0.0015914147022156877,0.0013061109908774071,6.536688716426203,6
XRP,short,-1,2024-02-11 12:00:00+00:00,2024-02-11 16:00:00+00:00,2024-02-12 16:00:00+00:00,0.524905127855326,0.5278,0.5337316690821453,0.524905127855326,-0.005484789967173387,-0.0066263873467627965,0.0011415973795894097,5.742762706652812,6
DOT,short,-1,2024-02-11 16:00:00+00:00,2024-02-11 20:00:00+00:00,2024-02-12 20:00:00+00:00,7.104507861203617,7.221,7.278545116739363,7.104507861203617,-0.016132410856721124,-0.017910947836721203,0.0017785369800000783,9.046674492363598,6
AVAX,short,-1,2024-02-11 20:00:00+00:00,2024-02-12 00:00:00+00:00,2024-02-13 00:00:00+00:00,38.84540602848087,40.981,40.62451101278176,38.84540602848087,-0.05211180721600561,-0.053572463448298024,0.0014606562322924121,7.710732744665526,6
BNB,short,-1,2024-02-11 20:00:00+00:00,2024-02-12 00:00:00+00:00,2024-02-13 00:00:00+00:00,318.55201917909665,327.4,322.45989293901954,318.55201917909665,-0.02702498723550195,-0.02828046685844532,0.0012554796229433673,6.455921962584254,6
SOL,short,-1,2024-02-11 20:00:00+00:00,2024-02-12 00:00:00+00:00,2024-02-13 00:00:00+00:00,105.53113101356179,111.72,109.54635176338967,105.53113101356179,-0.055396249431061695,-0.05652926892898824,0.0011330194979265462,6.000925858297193,6
BTC,short,-1,2024-02-12 04:00:00+00:00,2024-02-12 08:00:00+00:00,2024-02-13 08:00:00+00:00,47780.8545691286,49995.0,48647.64124147376,47780.8545691286,-0.04428733735116319,-0.0452450469756287,0.0009577096244655081,5.012959217987713,6
ETH,short,-1,2024-02-12 04:00:00+00:00,2024-02-12 08:00:00+00:00,2024-02-13 08:00:00+00:00,2483.702637671322,2649.34,2520.391863926666,2483.702637671322,-0.0625202361073619,-0.06346510007015227,0.0009448639627903654,5.041924062981029,6
ADA,long,1,2024-02-12 08:00:00+00:00,2024-02-12 12:00:00+00:00,2024-02-13 12:00:00+00:00,0.5443072987654385,0.5539,0.5443072987654385,0.5258518499553405,0.017623686576165642,0.01559275237068758,0.0020309342054780632,9.988775255673833,6
LINK,short,-1,2024-02-12 08:00:00+00:00,2024-02-12 12:00:00+00:00,2024-02-13 12:00:00+00:00,20.015003577926258,20.098,20.92306875537361,20.015003577926258,-0.004129586131642049,-0.005430674630062526,0.0013010884984204774,6.536688716426203,6
AVAX,short,-1,2024-02-13 08:00:00+00:00,2024-02-13 12:00:00+00:00,2024-02-14 12:00:00+00:00,40.02948349387084,41.498,42.07602629341671,40.02948349387084,-0.035387645335417495,-0.036874072804725655,0.0014864274693081603,7.710732744665526,6
BNB,short,-1,2024-02-13 08:00:00+00:00,2024-02-13 12:00:00+00:00,2024-02-14 12:00:00+00:00,323.08862945956196,332.9,329.3413332991278,323.08862945956196,-0.029472425774821343,-0.030724747342137038,0.001252321567315695,6.455921962584254,6
DOT,short,-1,2024-02-13 08:00:00+00:00,2024-02-13 12:00:00+00:00,2024-02-14 12:00:00+00:00,7.230259284690024,7.664,7.5369252822495785,7.230259284690024,-0.05659456097468374,-0.058299954544870025,0.0017053935701862866,9.046674492363598,6
SOL,short,-1,2024-02-13 08:00:00+00:00,2024-02-13 12:00:00+00:00,2024-02-14 12:00:00+00:00,111.43546680386312,115.71,116.93065837768162,111.43546680386312,-0.03694177855100578,-0.03809693354788446,0.0011551549968786823,6.000925858297193,6
XRP,short,-1,2024-02-13 08:00:00+00:00,2024-02-13 12:00:00+00:00,2024-02-14 12:00:00+00:00,0.5226918121439114,0.5318,0.5347772501992808,0.5226918121439114,-0.017127092621452955,-0.018255325879439788,0.0011282332579868326,5.742762706652812,6
ADA,long,1,2024-02-14 04:00:00+00:00,2024-02-14 08:00:00+00:00,2024-02-15 08:00:00+00:00,0.5663326563938703,0.5779,0.5663326563938703,0.538420019678209,0.020424998409565243,0.018388473453697207,0.0020365249558680354,9.988775255673833,6
BTC,long,1,2024-02-14 04:00:00+00:00,2024-02-14 08:00:00+00:00,2024-02-15 08:00:00+00:00,51023.038261117224,51795.8,51023.038261117224,48683.61063580476,0.01514534934058731,0.014128082844818257,0.0010172664957690536,5.012959217987713,6
ETH,long,1,2024-02-14 04:00:00+00:00,2024-02-14 08:00:00+00:00,2024-02-15 08:00:00+00:00,2707.1118346001617,2772.41,2707.1118346001617,2598.2256670008874,0.024120970757561144,0.023088783145543745,0.001032187612017399,5.041924062981029,6
LINK,long,1,2024-02-14 04:00:00+00:00,2024-02-14 08:00:00+00:00,2024-02-15 08:00:00+00:00,20.43373386024672,19.962,20.43373386024672,19.746149761937254,-0.023086033295386277,-0.024362355503903865,0.0012763222085175885,6.536688716426203,6
BNB,long,1,2024-02-14 20:00:00+00:00,2024-02-15 00:00:00+00:00,2024-02-16 00:00:00+00:00,336.92205961380586,354.0,336.92205961380586,330.1126976591785,0.05068810396615042,0.04933234715092616,0.0013557568152242627,6.455921962584254,6
XRP,long,1,2024-02-14 20:00:00+00:00,2024-02-15 00:00:00+00:00,2024-02-16 00:00:00+00:00,0.5443371060435462,0.5623,0.5443371060435462,0.5311438202356732,0.03299957647020446,0.03181380314294047,0.0011857733272639948,5.742762706652812,6
SOL,short,-1,2024-02-15 00:00:00+00:00,2024-02-15 04:00:00+00:00,2024-02-16 04:00:00+00:00,114.85909184338368,113.84,119.81320659199275,114.85909184338368,0.008951966298170078,0.007741763343122932,0.001210202955047146,6.000925858297193,6
DOT,long,1,2024-02-15 04:00:00+00:00,2024-02-15 08:00:00+00:00,2024-02-16 08:00:00+00:00,7.793452994458253,7.727,7.793452994458253,7.509187524658713,-0.0085267717025439,-0.010319057392879971,0.0017922856903360707,9.046674492363598,6
AVAX,short,-1,2024-02-15 08:00:00+00:00,2024-02-15 12:00:00+00:00,2024-02-16 12:00:00+00:00,41.7604106097768,40.979,44.02549824473162,41.7604106097768,0.01906856218494357,0.017498219967559292,0.0015703422173842796,7.710732744665526,6
ADA,long,1,2024-02-15 12:00:00+00:00,2024-02-15 16:00:00+00:00,2024-02-16 16:00:00+00:00,0.6111233430600028,0.5897,0.6111233430600028,0.5892754942018993,-0.03505567788121522,-0.03698147663769524,0.0019257987564800239,9.988775255673833,6
LINK,long,1,2024-02-15 12:00:00+00:00,2024-02-15 16:00:00+00:00,2024-02-16 16:00:00+00:00,20.129090429846933,19.501,20.129090429846933,19.618193150668006,-0.03120312028185901,-0.032468837648248816,0.001265717366389807,6.536688716426203,6
BTC,short,-1,2024-02-16 08:00:00+00:00,2024-02-16 12:00:00+00:00,2024-02-17 12:00:00+00:00,51633.86012674023,51691.6,52812.793645613456,51633.86012674023,-0.001117006888155414,-0.0021179770474988313,0.0010009701593434173,5.012959217987713,6
ETH,short,-1,2024-02-16 08:00:00+00:00,2024-02-16 12:00:00+00:00,2024-02-17 12:00:00+00:00,2792.4119932473504,2780.8,2855.9453330257847,2792.4119932473504,0.004175774326578674,0.0031636890123007966,0.0010120853142778774,5.041924062981029,6
SOL,short,-1,2024-02-16 08:00:00+00:00,2024-02-16 12:00:00+00:00,2024-02-17 12:00:00+00:00,110.23513553516237,109.43,113.99641265911642,110.23513553516237,0.0073575393873925865,0.006149248892228121,0.0012082904951644657,6.000925858297193,6
XRP,short,-1,2024-02-16 08:00:00+00:00,2024-02-16 12:00:00+00:00,2024-02-17 12:00:00+00:00,0.5587410804453644,0.5538,0.5841412085537802,0.5587410804453644,0.008922138760138143,0.007764003763107263,0.0011581349970308796,5.742762706652812,6
ADA,short,-1,2024-02-16 20:00:00+00:00,2024-02-17 00:00:00+00:00,2024-02-18 00:00:00+00:00,0.587788552427558,0.6097,0.6100177325998382,0.587788552427558,-0.03593808032219459,-0.037862118013828994,0.001924037691634406,9.988775255673833,6
DOT,short,-1,2024-02-16 20:00:00+00:00,2024-02-17 00:00:00+00:00,2024-02-18 00:00:00+00:00,7.502744872164885,7.705,7.804224320252643,7.502744872164885,-0.026249854358872837,-0.028010102040993523,0.0017602476821206858,9.046674492363598,6
LINK,short,-1,2024-02-16 20:00:00+00:00,2024-02-17 00:00:00+00:00,2024-02-18 00:00:00+00:00,19.27211143701883,20.033,19.837982477914753,19.27211143701883,-0.03798175824794947,-0.03923861943408735,0.001256861186137881,6.536688716426203,6
AVAX,short,-1,2024-02-17 04:00:00+00:00,2024-02-17 08:00:00+00:00,2024-02-18 08:00:00+00:00,39.54332485181908,39.996,40.93063410993231,39.54332485181908,-0.011318010505573572,-0.012841528279825876,0.0015235177742523032,7.710732744665526,6
BNB,short,-1,2024-02-17 08:00:00+00:00,2024-02-17 12:00:00+00:00,2024-02-18 12:00:00+00:00,348.4724273817172,354.6,365.7362533891159,348.4724273817172,-0.01728023863023931,-0.018548292402717825,0.0012680537724785168,6.455921962584254,6
BTC,long,1,2024-02-17 16:00:00+00:00,2024-02-17 20:00:00+00:00,2024-02-18 20:00:00+00:00,51976.37714170826,51776.4,51976.37714170826,50830.01442745744,-0.0038474621107785767,-0.004845696109612718,0.0009982339988341415,5.012959217987713,6
SOL,long,1,2024-02-18 04:00:00+00:00,2024-02-18 08:00:00+00:00,2024-02-19 08:00:00+00:00,111.17399691750343,113.22,111.17399691750343,107.30034658061193,0.018403611808746945,0.017182071932112963,0.0012215398766339813,6.000925858297193,6
ADA,short,-1,2024-02-18 08:00:00+00:00,2024-02-18 12:00:00+00:00,2024-02-19 12:00:00+00:00,0.6193717761175351,0.6289,0.6502026335852579,0.6193717761175351,-0.015150618353418466,-0.0171161428619524,0.0019655245085339335,9.988775255673833,6
ETH,long,1,2024-02-18 12:00:00+00:00,2024-02-18 16:00:00+00:00,2024-02-19 16:00:00+00:00,2834.3507441527045,2909.24,2834.3507441527045,2780.329146051316,0.026422014283797646,0.025387507503742412,0.0010345067800552332,5.041924062981029,6
LINK,long,1,2024-02-18 12:00:00+00:00,2024-02-18 16:00:00+00:00,2024-02-19 16:00:00+00:00,20.187496130226886,19.787,20.187496130226886,19.636318315199837,-0.0198388213993127,-0.02111938603735819,0.0012805646380454894,6.536688716426203,6
AVAX,long,1,2024-02-18 16:00:00+00:00,2024-02-18 20:00:00+00:00,2024-02-19 20:00:00+00:00,40.76001640808199,39.382,40.76001640808199,39.529414901818434,-0.033808043507282615,-0.035296905077228935,0.0014888615699463204,7.710732744665526,6
DOT,long,1,2024-02-18 16:00:00+00:00,2024-02-18 20:00:00+00:00,2024-02-19 20:00:00+00:00,7.916205582351507,7.78,7.916205582351507,7.6697432082056345,-0.017205917776461632,-0.018982514178505716,0.0017765964020440839,9.046674492363598,6
BNB,long,1,2024-02-18 20:00:00+00:00,2024-02-19 00:00:00+00:00,2024-02-20 00:00:00+00:00,353.07157839228444,351.9,353.07157839228444,346.5587362119825,-0.003318246112075207,-0.004604315760472821,0.0012860696483976142,6.455921962584254,6
XRP,short,-1,2024-02-19 04:00:00+00:00,2024-02-19 08:00:00+00:00,2024-02-20 08:00:00+00:00,0.5577006088324585,0.5673,0.56996609823586,0.5577006088324585,-0.016921190141973352,-0.0180496597540436,0.0011284696120702487,5.742762706652812,6
BTC,short,-1,2024-02-19 12:00:00+00:00,2024-02-19 16:00:00+00:00,2024-02-20 16:00:00+00:00,51804.23715917636,51670.8,52467.069610705454,51804.23715917636,0.0025824480978879905,0.0015777707535467034,0.001004677344341287,5.012959217987713,6
SOL,short,-1,2024-02-19 12:00:00+00:00,2024-02-19 16:00:00+00:00,2024-02-20 16:00:00+00:00,112.24231210165458,106.61,115.21714189465067,112.24231210165458,0.05283099241773348,0.05156815808988746,0.0012628343278460186,6.000925858297193,6
ETH,short,-1,2024-02-19 20:00:00+00:00,2024-02-20 00:00:00+00:00,2024-02-21 00:00:00+00:00,2915.6420825332016,3015.2,2974.855542784624,2915.6420825332016,-0.0330186778544701,-0.0339932757489283,0.0009745978944581957,5.041924062981029,6
LINK,short,-1,2024-02-19 20:00:00+00:00,2024-02-20 00:00:00+00:00,2024-02-21 00:00:00+00:00,19.591297295786113,19.288,20.087809299114042,19.591297295786113,0.01572466278443141,0.014397635032720846,0.0013270277517105633,6.536688716426203,6
AVAX,long,1,2024-02-20 00:00:00+00:00,2024-02-20 04:00:00+00:00,2024-02-21 04:00:00+00:00,39.50306922738975,38.02,39.50306922738975,38.3750998251274,-0.0375431392141411,-0.03902624515714326,0.001483105943002161,7.710732744665526,6
ADA,short,-1,2024-02-20 04:00:00+00:00,2024-02-20 08:00:00+00:00,2024-02-21 08:00:00+00:00,0.6187822410088293,0.5944,0.6395898003710693,0.6187822410088293,0.04101992094352158,0.038942293433551045,0.0020776275099705366,9.988775255673833,6
BNB,short,-1,2024-02-20 04:00:00+00:00,2024-02-20 08:00:00+00:00,2024-02-21 08:00:00+00:00,354.4207800638188,359.9,361.00956037893934,354.4207800638188,-0.01522428434615486,-0.01649499102202301,0.0012707066758681496,6.455921962584254,6
DOT,short,-1,2024-02-20 04:00:00+00:00,2024-02-20 08:00:00+00:00,2024-02-21 08:00:00+00:00,7.6862025498579625,7.422,8.01524557808309,7.6862025498579625,0.03559721771193236,0.033725169106601616,0.001872048605330745,9.046674492363598,6
XRP,short,-1,2024-02-20 12:00:00+00:00,2024-02-20 16:00:00+00:00,2024-02-21 16:00:00+00:00,0.5463107927249999,0.5399,0.563218032843962,0.5463107927249999,0.011874037275421134,0.010712513813764035,0.001161523461657099,5.742762706652812,6
BTC,short,-1,2024-02-21 00:00:00+00:00,2024-02-21 04:00:00+00:00,2024-02-22 04:00:00+00:00,51504.28235676475,51585.7,52518.66363777661,51504.28235676475,-0.001578298699741354,-0.002578806603403816,0.001000507903662462,5.012959217987713,6
ETH,short,-1,2024-02-21 04:00:00+00:00,2024-02-21 08:00:00+00:00,2024-02-22 08:00:00+00:00,2892.19198042089,2994.4,2989.5132346095993,2892.19198042089,-0.03413305489550833,-0.035106529635368644,0.0009734747398603139,5.041924062981029,6
LINK,short,-1,2024-02-21 04:00:00+00:00,2024-02-21 08:00:00+00:00,2024-02-22 08:00:00+00:00,18.376266522132678,18.805,19.11093309280336,18.376266522132678,-0.022798908687440722,-0.02407560601958858,0.001276697332147858,6.536688716426203,6
SOL,short,-1,2024-02-21 04:00:00+00:00,2024-02-21 08:00:00+00:00,2024-02-22 08:00:00+00:00,102.67744110512791,105.08,107.08895237018969,102.67744110512791,-0.02286409302314507,-0.024036133716464292,0.0011720406933192207,6.000925858297193,6
ADA,short,-1,2024-02-21 12:00:00+00:00,2024-02-21 16:00:00+00:00,2024-02-22 16:00:00+00:00,0.5753197512707925,0.5965,0.6032103177988324,0.5753197512707925,-0.035507541876290905,-0.03743243881999292,0.0019248969437020147,9.988775255673833,6
AVAX,long,1,2024-02-21 16:00:00+00:00,2024-02-21 20:00:00+00:00,2024-02-22 20:00:00+00:00,37.632365102537726,37.292,37.632365102537726,35.95866994574696,-0.009044478113727994,-0.010571499306719856,0.001527021192991862,7.710732744665526,6
BNB,long,1,2024-02-21 16:00:00+00:00,2024-02-21 20:00:00+00:00,2024-02-22 20:00:00+00:00,376.27263385072234,381.8,376.27263385072234,365.01288598757964,0.014689790465788999,0.013380484123050929,0.0013093063427380702,6.455921962584254,6
DOT,short,-1,2024-02-21 20:00:00+00:00,2024-02-22 00:00:00+00:00,2024-02-23 00:00:00+00:00,7.278285691254593,7.483,7.658555649577921,7.278285691254593,-0.027357250934839872,-0.02911549677668912,0.0017582458418492486,9.046674492363598,6
BTC,short,-1,2024-02-22 08:00:00+00:00,2024-02-22 12:00:00+00:00,2024-02-23 12:00:00+00:00,50997.25283372552,51220.7,52292.06320298929,50997.25283372552,-0.004362438745945996,-0.0053601566921011035,0.0009977179461551078,5.012959217987713,6
XRP,short,-1,2024-02-23 04:00:00+00:00,2024-02-23 08:00:00+00:00,2024-02-24 08:00:00+00:00,0.530389130428715,0.5426,0.5438957803807625,0.530389130428715,-0.022504367068346687,-0.02362642778884394,0.0011220607204972533,5.742762706652812,6
AVAX,short,-1,2024-02-23 08:00:00+00:00,2024-02-23 12:00:00+00:00,2024-02-24 12:00:00+00:00,36.126154903470066,36.618,37.453824233866435,36.126154903470066,-0.01343178481975904,-0.014952045355816734,0.0015202605360576937,7.710732744665526,6
DOT,long,1,2024-02-23 08:00:00+00:00,2024-02-23 12:00:00+00:00,2024-02-24 12:00:00+00:00,7.47066820675565,7.753,7.47066820675565,7.245061285288363,0.03779204020719873,0.03591602402227134,0.001876016184927387,9.046674492363598,6
SOL,short,-1,2024-02-23 08:00:00+00:00,2024-02-23 12:00:00+00:00,2024-02-24 12:00:00+00:00,100.41491994131619,102.18,104.97572378846068,100.41491994131619,-0.01727422253556299,-0.018452968085018395,0.0011787455494554067,6.000925858297193,6
ADA,long,1,2024-02-23 12:00:00+00:00,2024-02-23 16:00:00+00:00,2024-02-24 16:00:00+00:00,0.5908570522584151,0.5885,0.5908570522584151,0.5662055800489693,-0.0039892089794068,-0.0059770089993874675,0.001987800019980668,9.988775255673833,6
BNB,long,1,2024-02-23 12:00:00+00:00,2024-02-23 16:00:00+00:00,2024-02-24 16:00:00+00:00,377.64173284018926,379.2,377.64173284018926,365.06476379913573,0.004126310797514909,0.0028306350550457715,0.0012956757424691379,6.455921962584254,6
BTC,short,-1,2024-02-23 16:00:00+00:00,2024-02-23 20:00:00+00:00,2024-02-24 20:00:00+00:00,50631.556654076776,51575.7,51590.54175020466,50631.556654076776,-0.018305972501065804,-0.01928971777844901,0.0009837452773832078,5.012959217987713,6
LINK,short,-1,2024-02-23 16:00:00+00:00,2024-02-23 20:00:00+00:00,2024-02-24 20:00:00+00:00,17.797843902558846,18.479,18.50096662285362,17.797843902558846,-0.03686109082965272,-0.038119416149545615,0.0012583253198928945,6.536688716426203,6
ETH,long,1,2024-02-24 12:00:00+00:00,2024-02-24 16:00:00+00:00,2024-02-25 16:00:00+00:00,2985.640228522908,3043.51,2985.640228522908,2925.347278001077,0.019382700877433656,0.018355288856984675,0.0010274120204489812,5.041924062981029,6
BNB,long,1,2024-02-25 04:00:00+00:00,2024-02-25 08:00:00+00:00,2024-02-26 08:00:00+00:00,384.83598315683486,386.3,384.83598315683486,375.8174815504681,0.0038042618342384316,0.00250900164808443,0.0012952601861540014,6.455921962584254,6
LINK,long,1,2024-02-25 08:00:00+00:00,2024-02-25 12:00:00+00:00,2024-02-26 12:00:00+00:00,18.826289508216636,18.243,18.826289508216636,18.30930921621911,-0.030982712125087852,-0.032248717451149544,0.0012660053260616921,6.536688716426203,6
BTC,long,1,2024-02-25 16:00:00+00:00,2024-02-25 20:00:00+00:00,2024-02-26 20:00:00+00:00,51983.449866224655,54523.7,51983.449866224655,51377.128513651805,0.04886651694553712,0.04781545882177585,0.0010510581237612726,5.012959217987713,6
DOT,long,1,2024-02-25 16:00:00+00:00,2024-02-25 20:00:00+00:00,2024-02-26 20:00:00+00:00,7.9447732298664295,8.079,7.9447732298664295,7.726743510970175,0.01689497815104124,0.0150567375754036,0.0018382405756376397,9.046674492363598,6
ADA,short,-1,2024-02-25 20:00:00+00:00,2024-02-26 00:00:00+00:00,2024-02-27 00:00:00+00:00,0.5841181919767964,0.6195,0.5989750958037247,0.5841181919767964,-0.05711349156287926,-0.058995268183381855,0.0018817766205025954,9.988775255673833,6
AVAX,short,-1,2024-02-25 20:00:00+00:00,2024-02-26 00:00:00+00:00,2024-02-27 00:00:00+00:00,37.12126858916195,39.317,37.84825633384203,37.12126858916195,-0.05584687058621085,-0.05730177124138858,0.0014549006551777266,7.710732744665526,6
ETH,short,-1,2024-02-25 20:00:00+00:00,2024-02-26 00:00:00+00:00,2024-02-27 00:00:00+00:00,3087.901489066242,3176.79,3138.242024628304,3087.901489066242,-0.027980606503343886,-0.028960282152272088,0.0009796756489282021,5.041924062981029,6
XRP,short,-1,2024-02-25 20:00:00+00:00,2024-02-26 00:00:00+00:00,2024-02-27 00:00:00+00:00,0.53874102819753,0.5508,0.5468895528260619,0.53874102819753,-0.021893558101797272,-0.023016319965835197,0.0011227618640379244,5.742762706652812,6
SOL,short,-1,2024-02-26 04:00:00+00:00,2024-02-26 08:00:00+00:00,2024-02-27 08:00:00+00:00,102.28311447850095,110.46,104.42801389514887,102.28311447850095,-0.07402576065090571,-0.07513643469505205,0.0011106740441463314,6.000925858297193,6
BNB,long,1,2024-02-26 16:00:00+00:00,2024-02-26 20:00:00+00:00,2024-02-27 20:00:00+00:00,402.882486542443,395.1,402.882486542443,393.3742847948394,-0.019317013775487446,-0.020582439392404228,0.0012654256169167821,6.455921962584254,6
ETH,long,1,2024-02-27 04:00:00+00:00,2024-02-27 08:00:00+00:00,2024-02-28 08:00:00+00:00,3269.57682086206,3303.96,3269.57682086206,3166.351050828167,0.010516094596264791,0.009497619021241022,0.0010184755750237695,5.041924062981029,6
LINK,long,1,2024-02-27 04:00:00+00:00,2024-02-27 08:00:00+00:00,2024-02-28 08:00:00+00:00,19.37243634501046,19.138,19.37243634501046,18.636685369364425,-0.01210154163551247,-0.013392214903726662,0.001290673268214193,6.536688716426203,6
XRP,long,1,2024-02-27 04:00:00+00:00,2024-02-27 08:00:00+00:00,2024-02-28 08:00:00+00:00,0.5597082238841513,0.5833,0.5597082238841513,0.5443979327040722,0.04215013306778159,0.04095385587760214,0.0011962771901794511,5.742762706652812,6
AVAX,short,-1,2024-02-27 08:00:00+00:00,2024-02-27 12:00:00+00:00,2024-02-28 12:00:00+00:00,38.74195701132079,39.584,40.42595536777728,38.74195701132079,-0.021272306706730304,-0.02278048532506194,0.0015081786183316348,7.710732744665526,6
ADA,long,1,2024-02-27 12:00:00+00:00,2024-02-27 16:00:00+00:00,2024-02-28 16:00:00+00:00,0.6276356105949442,0.6396,0.6276356105949442,0.5987056719802809,0.01906263634995864,0.01702883034387881,0.00203380600607983,9.988775255673833,6
DOT,long,1,2024-02-27 12:00:00+00:00,2024-02-27 16:00:00+00:00,2024-02-28 16:00:00+00:00,8.221819743020797,8.425,8.221819743020797,7.871982970064525,0.024712322007749643,0.022859950023284448,0.0018523719844651954,9.046674492363598,6
BNB,long,1,2024-02-28 00:00:00+00:00,2024-02-28 04:00:00+00:00,2024-02-29 04:00:00+00:00,400.76448029603756,413.9,400.76448029603756,390.1073265887076,0.032776157443542564,0.031443513332726214,0.00133264411081635,6.455921962584254,6
BTC,long,1,2024-02-28 00:00:00+00:00,2024-02-28 04:00:00+00:00,2024-02-29 04:00:00+00:00,58127.807440080964,61603.2,58127.807440080964,55752.95760709129,0.05978881215331433,0.05872680891220727,0.0010620032411070568,5.012959217987713,6
SOL,long,1,2024-02-28 04:00:00+00:00,2024-02-28 08:00:00+00:00,2024-02-29 08:00:00+00:00,114.19870833379684,125.62,114.19870833379684,106.14839849648735,0.10001244175914259,0.09869301491616822,0.0013194268429743694,6.000925858297193,6
AVAX,long,1,2024-02-28 16:00:00+00:00,2024-02-28 20:00:00+00:00,2024-02-29 20:00:00+00:00,39.380904947258074,42.486,39.380904947258074,37.66617851942679,0.07884773234389875,0.07718527291467603,0.001662459429222718,7.710732744665526,6
ETH,long,1,2024-02-28 16:00:00+00:00,2024-02-28 20:00:00+00:00,2024-02-29 20:00:00+00:00,3349.428561112583,3406.64,3349.428561112583,3251.3008715679716,0.01708095510728347,0.016055862962647494,0.001025092144635975,5.041924062981029,6
LINK,long,1,2024-02-28 16:00:00+00:00,2024-02-28 20:00:00+00:00,2024-02-29 20:00:00+00:00,19.431877768586602,19.768,19.431877768586602,18.349625972659425,0.017297465299867643,0.015968382707251427,0.0013290825926162153,6.536688716426203,6
ADA,long,1,2024-02-28 20:00:00+00:00,2024-02-29 00:00:00+00:00,2024-03-01 00:00:00+00:00,0.6457052901222508,0.6552,0.6457052901222508,0.6131166122629196,0.014704401563678804,0.012679293554922921,0.0020251080087558826,9.988775255673833,6
DOT,long,1,2024-02-29 00:00:00+00:00,2024-02-29 04:00:00+00:00,2024-03-01 04:00:00+00:00,8.655892329489577,8.356,8.655892329489577,8.219744688552007,-0.034646032791775805,-0.036391102706076706,0.0017450699143009007,9.046674492363598,6
XRP,long,1,2024-02-29 00:00:00+00:00,2024-02-29 04:00:00+00:00,2024-03-01 04:00:00+00:00,0.6082456123486818,0.5917,0.6082456123486818,0.567075673046156,-0.027202189399759935,-0.02831885752132124,0.001116668121561304,5.742762706652812,6
BTC,short,-1,2024-02-29 12:00:00+00:00,2024-02-29 16:00:00+00:00,2024-03-01 16:00:00+00:00,61464.24726889075,61305.3,64138.62788547163,61464.24726889075,0.0025927165985770717,0.001588028964278898,0.0010046876342981736,5.012959217987713,6
SOL,short,-1,2024-02-29 12:00:00+00:00,2024-02-29 16:00:00+00:00,2024-03-01 16:00:00+00:00,128.11722738155788,131.26,136.80527168919187,128.11722738155788,-0.02394310999879712,-0.025113856448608196,0.0011707464498110776,6.000925858297193,6
BNB,short,-1,2024-02-29 16:00:00+00:00,2024-02-29 20:00:00+00:00,2024-03-01 20:00:00+00:00,399.96759955258136,406.5,412.529515352177,399.96759955258136,-0.016069865799307803,-0.017339481378005006,0.001269615578697203,6.455921962584254,6
ADA,long,1,2024-03-01 16:00:00+00:00,2024-03-01 20:00:00+00:00,2024-03-02 20:00:00+00:00,0.7193749500067734,0.7413,0.7193749500067734,0.6645129358417318,0.03047791696530444,0.028421328781320643,0.0020565881839837985,9.988775255673833,6
DOT,long,1,2024-03-01 16:00:00+00:00,2024-03-01 20:00:00+00:00,2024-03-02 20:00:00+00:00,8.627821185126422,9.235,8.627821185126422,8.131528748062712,0.07037452467377259,0.06843960914693814,0.0019349155268344465,9.046674492363598,6
LINK,long,1,2024-03-01 20:00:00+00:00,2024-03-02 00:00:00+00:00,2024-03-03 00:00:00+00:00,20.517067701791692,21.41,20.517067701791692,19.62484902093676,0.0435214384037117,0.04215809461675413,0.0013633437869575715,6.536688716426203,6
XRP,long,1,2024-03-01 20:00:00+00:00,2024-03-02 00:00:00+00:00,2024-03-03 00:00:00+00:00,0.616072738019654,0.6446,0.616072738019654,0.5874672545378139,0.0463050224751802,0.04510397591514881,0.0012010465600313935,5.742762706652812,6
BNB,short,-1,2024-03-02 00:00:00+00:00,2024-03-02 04:00:00+00:00,2024-03-03 04:00:00+00:00,407.63823211096303,410.7,420.86739291249614,407.63823211096303,-0.0074549985123860685,-0.008735730296732025,0.0012807317843459565,6.455921962584254,6
ETH,short,-1,2024-03-02 00:00:00+00:00,2024-03-02 04:00:00+00:00,2024-03-03 04:00:00+00:00,3378.12179982857,3431.94,3510.8162972400405,3378.12179982857,-0.015681567909529237,-0.016673639472259305,0.000992071562730068,5.041924062981029,6
AVAX,long,1,2024-03-02 16:00:00+00:00,2024-03-02 20:00:00+00:00,2024-03-03 20:00:00+00:00,44.529600313319435,42.593,44.529600313319435,41.62343005458325,-0.04349017955905987,-0.044964121360542286,0.0014739418014824146,7.710732744665526,6
ADA,short,-1,2024-03-03 00:00:00+00:00,2024-03-03 04:00:00+00:00,2024-03-04 04:00:00+00:00,0.7145537996682257,0.7551,0.7667666734882572,0.7145537996682257,-0.05369646448387533,-0.055585060675568676,0.001888596191693348,9.988775255673833,6
BTC,short,-1,2024-03-03 00:00:00+00:00,2024-03-03 04:00:00+00:00,2024-03-04 04:00:00+00:00,61354.39236637636,63500.0,62559.87142240023,61354.39236637636,-0.03378909659249818,-0.034757326393798804,0.0009682298013006241,5.012959217987713,6
DOT,short,-1,2024-03-03 00:00:00+00:00,2024-03-03 04:00:00+00:00,2024-03-04 04:00:00+00:00,9.152507975617626,9.7,9.609047512910275,9.152507975617626,-0.056442476740450886,-0.05814814523323619,0.001705668492785306,9.046674492363598,6
SOL,short,-1,2024-03-03 00:00:00+00:00,2024-03-03 04:00:00+00:00,2024-03-04 04:00:00+00:00,127.30360693439228,129.0,133.3055151276733,127.30360693439228,-0.013150333841920325,-0.01433402585310073,0.001183692011180404,6.000925858297193,6
ETH,long,1,2024-03-03 08:00:00+00:00,2024-03-03 12:00:00+00:00,2024-03-04 12:00:00+00:00,3446.5797080824627,3509.57,3446.5797080824627,3381.8669382768626,0.01827617442585794,0.01724987764758068,0.001026296778277258,5.041924062981029,6
BNB,long,1,2024-03-04 04:00:00+00:00,2024-03-04 08:00:00+00:00,2024-03-05 08:00:00+00:00,420.81002884142873,418.5,420.81002884142873,413.2244672940661,-0.005489481436050103,-0.006772749428012426,0.0012832679919623224,6.455921962584254,6
XRP,long,1,2024-03-04 04:00:00+00:00,2024-03-04 08:00:00+00:00,2024-03-05 08:00:00+00:00,0.655651431440259,0.6404,0.655651431440259,0.6198510832306946,-0.02326149339254302,-0.02438268501278007,0.0011211916202370498,5.742762706652812,6
SOL,short,-1,2024-03-04 08:00:00+00:00,2024-03-04 12:00:00+00:00,2024-03-05 12:00:00+00:00,129.90071486653017,130.89,135.45747240944354,129.90071486653017,-0.00755814144296596,-0.00874854109533496,0.0011903996523690008,6.000925858297193,6
ADA,short,-1,2024-03-04 12:00:00+00:00,2024-03-04 16:00:00+00:00,2024-03-05 16:00:00+00:00,0.7650641555148853,0.7543,0.8122415427785774,0.7650641555148853,0.014270390447945536,0.012246148621878117,0.002024241826067419,9.988775255673833,6
AVAX,short,-1,2024-03-04 12:00:00+00:00,2024-03-04 16:00:00+00:00,2024-03-05 16:00:00+00:00,42.1978988295054,44.139,44.867024105858576,42.1978988295054,-0.043977008325847944,-0.045450199944473635,0.001473191618625691,7.710732744665526,6
BTC,long,1,2024-03-04 12:00:00+00:00,2024-03-04 16:00:00+00:00,2024-03-05 16:00:00+00:00,67190.55461429,66795.5,67190.55461429,65748.46730645165,-0.0058796153203054535,-0.006875812919745372,0.0009961975994399186,5.012959217987713,6
DOT,short,-1,2024-03-04 12:00:00+00:00,2024-03-04 16:00:00+00:00,2024-03-05 16:00:00+00:00,9.82101833900561,10.288,10.516889943050233,9.82101833900561,-0.04539090795046563,-0.04711655435897555,0.0017256464085099177,9.046674492363598,6
LINK,short,-1,2024-03-04 12:00:00+00:00,2024-03-04 16:00:00+00:00,2024-03-05 16:00:00+00:00,19.98956753943847,20.491,21.03577454441579,19.98956753943847,-0.02447086333324522,-0.02574537628384166,0.0012745129505964403,6.536688716426203,6
ETH,long,1,2024-03-04 16:00:00+00:00,2024-03-04 20:00:00+00:00,2024-03-05 20:00:00+00:00,3634.5974440917303,3374.86,3634.5974440917303,3555.4185416341966,-0.07146250667015408,-0.07239835792725668,0.0009358512571026045,5.041924062981029,6
BNB,short,-1,2024-03-05 12:00:00+00:00,2024-03-05 16:00:00+00:00,2024-03-06 16:00:00+00:00,413.2831755946524,419.7,418.93602310541365,413.2831755946524,-0.015289074113289502,-0.01655969718759398,0.0012706230743044777,6.455921962584254,6
XRP,short,-1,2024-03-05 12:00:00+00:00,2024-03-05 16:00:00+00:00,2024-03-06 16:00:00+00:00,0.6238096392295934,0.5992,0.6537410362937744,0.6238096392295934,0.04107082648463534,0.03987578822328741,0.001195038261347925,5.742762706652812,6
BTC,long,1,2024-03-06 00:00:00+00:00,2024-03-06 04:00:00+00:00,2024-03-07 04:00:00+00:00,66262.7370844514,65885.0,66262.7370844514,60450.628456456005,-0.005700595856310109,-0.0066969728492752845,0.0009963769929651756,5.012959217987713,6
DOT,long,1,2024-03-06 00:00:00+00:00,2024-03-06 04:00:00+00:00,2024-03-07 04:00:00+00:00,9.843124615155455,10.498,9.843124615155455,8.420376581678681,0.06653125002971438,0.06460328198865395,0.001927968041060435,9.046674492363598,6
ETH,long,1,2024-03-06 00:00:00+00:00,2024-03-06 04:00:00+00:00,2024-03-07 04:00:00+00:00,3754.7110838013177,3777.51,3754.7110838013177,3336.567741509593,0.00607208269553472,0.00505808613633274,0.0010139965592019795,5.041924062981029,6
SOL,long,1,2024-03-06 00:00:00+00:00,2024-03-06 04:00:00+00:00,2024-03-07 04:00:00+00:00,133.09809632544085,138.27,133.09809632544085,112.6169743506311,0.0388578335629477,0.0376117595554164,0.0012460740075312948,6.000925858297193,6
ADA,short,-1,2024-03-08 08:00:00+00:00,2024-03-08 12:00:00+00:00,2024-03-09 12:00:00+00:00,0.7243808794847947,0.7308,0.7480087138486842,0.7243808794847947,-0.008783689812815187,-0.010761921192393387,0.001978231379578199,9.988775255673833,6
AVAX,short,-1,2024-03-08 08:00:00+00:00,2024-03-08 12:00:00+00:00,2024-03-09 12:00:00+00:00,42.43682857486966,43.114,44.71289829428136,42.43682857486966,-0.015706532103964777,-0.017223287349184546,0.0015167552452197697,7.710732744665526,6
BNB,long,1,2024-03-08 08:00:00+00:00,2024-03-08 12:00:00+00:00,2024-03-09 12:00:00+00:00,485.83233209880234,487.4,485.83233209880234,462.0656658032937,0.0032267673384875906,0.0019322523231368738,0.0012945150153507168,6.455921962584254,6
BTC,long,1,2024-03-08 08:00:00+00:00,2024-03-08 12:00:00+00:00,2024-03-09 12:00:00+00:00,68552.64075527406,68329.9,68552.64075527406,67021.40674189162,-0.003249192924153377,-0.004248026442257635,0.0009988335181042585,5.012959217987713,6
DOT,short,-1,2024-03-08 08:00:00+00:00,2024-03-08 12:00:00+00:00,2024-03-09 12:00:00+00:00,10.22969288104773,10.896,10.644427576289809,10.22969288104773,-0.061151534411919006,-0.06284869034335783,0.0016971559314388207,9.046674492363598,6
ETH,short,-1,2024-03-08 08:00:00+00:00,2024-03-08 12:00:00+00:00,2024-03-09 12:00:00+00:00,3885.714897736442,3914.18,4020.5143359078324,3885.714897736442,-0.007272302822955989,-0.008272849887600686,0.0010005470646446968,5.041924062981029,6
LINK,short,-1,2024-03-08 08:00:00+00:00,2024-03-08 12:00:00+00:00,2024-03-09 12:00:00+00:00,19.69239408023852,19.948,20.342890933815188,19.69239408023852,-0.01281361137765602,-0.01410335433833354,0.0012897429606775201,6.536688716426203,6
SOL,short,-1,2024-03-08 08:00:00+00:00,2024-03-08 12:00:00+00:00,2024-03-09 12:00:00+00:00,143.36502072183671,146.9,154.9188273971845,143.36502072183671,-0.02406384804740158,-0.02523444967610322,0.0011706016287016396,6.000925858297193,6
XRP,short,-1,2024-03-08 08:00:00+00:00,2024-03-08 12:00:00+00:00,2024-03-09 12:00:00+00:00,0.6151966203067342,0.6229,0.6422954011076752,0.6151966203067342,-0.012366960496493551,-0.013500657878412814,0.001133697381919263,5.742762706652812,6
BTC,long,1,2024-03-09 20:00:00+00:00,2024-03-10 00:00:00+00:00,2024-03-11 00:00:00+00:00,69031.38366232098,68947.8,69031.38366232098,67632.17927193764,-0.0012108067068428152,-0.0022116828703729885,0.0010008761635301733,5.012959217987713,6
SOL,long,1,2024-03-09 20:00:00+00:00,2024-03-10 00:00:00+00:00,2024-03-11 00:00:00+00:00,147.94744008111854,144.47,147.94744008111854,140.82052104839963,-0.023504564047961196,-0.024675836518458505,0.0011712724704973088,6.000925858297193,6
AVAX,long,1,2024-03-10 00:00:00+00:00,2024-03-10 04:00:00+00:00,2024-03-11 04:00:00+00:00,43.59140274895002,41.562,43.59140274895002,42.35745545133839,-0.046555114563247235,-0.04802433342752077,0.001469218864273536,7.710732744665526,6
BNB,long,1,2024-03-10 00:00:00+00:00,2024-03-10 04:00:00+00:00,2024-03-11 04:00:00+00:00,494.5654581382,523.2,494.5654581382,481.32437492931615,0.05789838612990739,0.05653332551734658,0.001365060612560809,6.455921962584254,6
ADA,short,-1,2024-03-10 04:00:00+00:00,2024-03-10 08:00:00+00:00,2024-03-11 08:00:00+00:00,0.7264979859699517,0.735,0.747856732561502,0.7264979859699517,-0.011567366027276482,-0.013540041852954543,0.0019726758256780608,9.988775255673833,6
LINK,short,-1,2024-03-10 04:00:00+00:00,2024-03-10 08:00:00+00:00,2024-03-11 08:00:00+00:00,19.745946667821215,21.352,20.364828071541154,19.745946667821215,-0.07521793425340884,-0.07642614698122208,0.0012082127278132404,6.536688716426203,6
XRP,short,-1,2024-03-10 04:00:00+00:00,2024-03-10 08:00:00+00:00,2024-03-11 08:00:00+00:00,0.6172791187947845,0.6203,0.6358586222167156,0.6172791187947845,-0.00487003257329599,-0.006012335628799437,0.0011423030555034464,5.742762706652812,6
DOT,short,-1,2024-03-10 08:00:00+00:00,2024-03-10 12:00:00+00:00,2024-03-11 12:00:00+00:00,10.15823033313581,10.727,10.676209580150507,10.15823033313581,-0.05302224917164078,-0.054734100408199926,0.0017118512365591476,9.046674492363598,6
ETH,short,-1,2024-03-10 08:00:00+00:00,2024-03-10 12:00:00+00:00,2024-03-11 12:00:00+00:00,3889.301166623378,4034.78,3981.6000276071077,3889.301166623378,-0.03605619968786955,-0.03702773613500143,0.0009715364471318821,5.041924062981029,6
AVAX,long,1,2024-03-11 08:00:00+00:00,2024-03-11 12:00:00+00:00,2024-03-12 12:00:00+00:00,48.135612991007655,47.816,48.135612991007655,44.38062106738073,-0.0066398446212238005,-0.008170571254291548,0.0015307266330677471,7.710732744665526,6
ADA,long,1,2024-03-11 12:00:00+00:00,2024-03-11 16:00:00+00:00,2024-03-12 16:00:00+00:00,0.7747487865622256,0.7473,0.7747487865622256,0.7423962063266863,-0.03542927338295487,-0.037354326531904736,0.0019250531489498623,9.988775255673833,6
XRP,long,1,2024-03-11 12:00:00+00:00,2024-03-11 16:00:00+00:00,2024-03-12 16:00:00+00:00,0.7274223313138861,0.7032,0.7274223313138861,0.6607782979824288,-0.03329885579692771,-0.03440852559577556,0.0011096697988478565,5.742762706652812,6
SOL,long,1,2024-03-11 20:00:00+00:00,2024-03-12 00:00:00+00:00,2024-03-13 00:00:00+00:00,153.53697216142254,151.14,153.53697216142254,144.5388728694491,-0.015611693572428087,-0.01679243326782065,0.001180739695392563,6.000925858297193,6
DOT,short,-1,2024-03-12 04:00:00+00:00,2024-03-12 08:00:00+00:00,2024-03-13 08:00:00+00:00,10.492943594221726,11.011,10.970366891459301,10.492943594221726,-0.047048987901032846,-0.04877163699919285,0.0017226490981600007,9.046674492363598,6
ETH,short,-1,2024-03-12 08:00:00+00:00,2024-03-12 12:00:00+00:00,2024-03-13 12:00:00+00:00,3949.9649703607356,4051.42,4099.667185889272,3949.9649703607356,-0.025041844498784216,-0.026024482057313336,0.0009826375585291203,5.041924062981029,6
BNB,short,-1,2024-03-12 12:00:00+00:00,2024-03-12 16:00:00+00:00,2024-03-13 16:00:00+00:00,530.7916559909844,582.5,552.8325223051061,530.7916559909844,-0.0887696892858637,-0.0899454965490526,0.0011758072631888883,6.455921962584254,6
BTC,short,-1,2024-03-12 12:00:00+00:00,2024-03-12 16:00:00+00:00,2024-03-13 16:00:00+00:00,70494.91696408234,72613.3,73031.70322241998,70494.91696408234,-0.029173485241927644,-0.030146340298899732,0.0009728550569720884,5.012959217987713,6
LINK,short,-1,2024-03-12 12:00:00+00:00,2024-03-12 16:00:00+00:00,2024-03-13 16:00:00+00:00,19.674203366040416,20.396,21.441809518354116,19.674203366040416,-0.03538912698370189,-0.03664937540041879,0.0012602484167169026,6.536688716426203,6
SOL,long,1,2024-03-13 04:00:00+00:00,2024-03-13 08:00:00+00:00,2024-03-14 08:00:00+00:00,152.8702879700204,168.37,152.8702879700204,148.79721038048206,0.10139126599290038,0.10007018529799061,0.0013210806949097709,6.000925858297193,6
ADA,short,-1,2024-03-13 08:00:00+00:00,2024-03-13 12:00:00+00:00,2024-03-14 12:00:00+00:00,0.7439194341232304,0.7953,0.7745903434813975,0.7439194341232304,-0.06460526326765959,-0.06647208809840388,0.0018668248307442958,9.988775255673833,6
DOT,long,1,2024-03-13 12:00:00+00:00,2024-03-13 16:00:00+00:00,2024-03-14 16:00:00+00:00,11.020334574580186,11.165,11.020334574580186,10.61741712178982,0.01312713551850786,0.011295706070232114,0.0018314294482757454,9.046674492363598,6
AVAX,long,1,2024-03-13 20:00:00+00:00,2024-03-14 00:00:00+00:00,2024-03-15 00:00:00+00:00,58.34406658838775,53.994,58.34406658838775,51.527585850492486,-0.07455885135804952,-0.07598491763007853,0.001426066272029014,7.710732744665526,6
LINK,short,-1,2024-03-14 00:00:00+00:00,2024-03-14 04:00:00+00:00,2024-03-15 04:00:00+00:00,20.368261705798865,19.577,20.901179253740484,20.368261705798865,0.04041792439080871,0.03905863529443221,0.0013592890963765036,6.536688716426203,6
XRP,short,-1,2024-03-14 00:00:00+00:00,2024-03-14 04:00:00+00:00,2024-03-15 04:00:00+00:00,0.6732788021517733,0.6366,0.6979430341460102,0.6732788021517733,0.05761671717212247,0.05640268599315856,0.0012140311789639036,5.742762706652812,6
BTC,short,-1,2024-03-14 08:00:00+00:00,2024-03-14 12:00:00+00:00,2024-03-15 12:00:00+00:00,72197.14737123885,67767.8,73592.5305321219,72197.14737123885,0.06536064873345238,0.06429306201341145,0.001067586720040925,5.012959217987713,6
ETH,short,-1,2024-03-14 08:00:00+00:00,2024-03-14 12:00:00+00:00,2024-03-15 12:00:00+00:00,3902.7559569492305,3690.7,4014.0868795562747,3902.7559569492305,0.05745683933921231,0.05639105328368266,0.0010657860555296494,5.041924062981029,6
BNB,short,-1,2024-03-14 12:00:00+00:00,2024-03-14 16:00:00+00:00,2024-03-15 16:00:00+00:00,567.3028328855916,596.5,619.4431256627788,567.3028328855916,-0.048947472111330215,-0.050174664026280014,0.001227191914949799,6.455921962584254,6
SOL,short,-1,2024-03-14 12:00:00+00:00,2024-03-14 16:00:00+00:00,2024-03-15 16:00:00+00:00,163.20049863228394,181.82,172.13864133649585,163.20049863228394,-0.10240623346010369,-0.10348286610960833,0.0010766326495046386,6.000925858297193,6
ADA,long,1,2024-03-14 16:00:00+00:00,2024-03-14 20:00:00+00:00,2024-03-15 20:00:00+00:00,0.7543064429704066,0.7194,0.7543064429704066,0.701067642903253,-0.04627620948449995,-0.048179614735662346,0.0019034052511623933,9.988775255673833,6
DOT,short,-1,2024-03-14 20:00:00+00:00,2024-03-15 00:00:00+00:00,2024-03-16 00:00:00+00:00,11.092883484150313,10.82,12.046786589883308,11.092883484150313,0.02522028504161855,0.02336699481261495,0.0018532902290036013,9.046674492363598,6
AVAX,short,-1,2024-03-15 04:00:00+00:00,2024-03-15 08:00:00+00:00,2024-03-16 08:00:00+00:00,51.29002640041114,60.654,56.34682381401218,51.29002640041114,-0.1543834470865707,-0.15568650698070752,0.0013030598941368154,7.710732744665526,6
ADA,short,-1,2024-03-16 12:00:00+00:00,2024-03-16 16:00:00+00:00,2024-03-17 16:00:00+00:00,0.6803724112528439,0.6838,0.7286550744864991,0.6803724112528439,-0.00501256032049735,-0.006998317975240198,0.001985757654742848,9.988775255673833,6
AVAX,short,-1,2024-03-16 12:00:00+00:00,2024-03-16 16:00:00+00:00,2024-03-17 16:00:00+00:00,54.7293093747253,55.629,61.521271042293336,54.7293093747253,-0.016173050482207185,-0.017689086842033186,0.0015160363598260007,7.710732744665526,6
DOT,short,-1,2024-03-16 12:00:00+00:00,2024-03-16 16:00:00+00:00,2024-03-17 16:00:00+00:00,9.814456486208874,10.041,10.778103214237301,9.814456486208874,-0.022561847803119872,-0.02432876229296399,0.001766914489844118,9.046674492363598,6
ETH,short,-1,2024-03-16 12:00:00+00:00,2024-03-16 16:00:00+00:00,2024-03-17 16:00:00+00:00,3586.7221774438476,3628.24,3774.6161567909594,3586.7221774438476,-0.011442964786274379,-0.012439308338116017,0.0009963435518416386,5.041924062981029,6
LINK,short,-1,2024-03-16 12:00:00+00:00,2024-03-16 16:00:00+00:00,2024-03-17 16:00:00+00:00,18.356393392105275,18.525,19.70345243066938,18.356393392105275,-0.009101571276368348,-0.010396163957063886,0.0012945926806955388,6.536688716426203,6
SOL,short,-1,2024-03-16 12:00:00+00:00,2024-03-16 16:00:00+00:00,2024-03-17 16:00:00+00:00,185.17385222734563,195.6,205.5371621975657,185.17385222734563,-0.053303413970625546,-0.05443894375223579,0.001135529781610245,6.000925858297193,6
XRP,short,-1,2024-03-16 12:00:00+00:00,2024-03-16 16:00:00+00:00,2024-03-17 16:00:00+00:00,0.6058511159993528,0.6206,0.6441352994064914,0.6058511159993528,-0.023765523687797607,-0.02488613673501905,0.0011206130472214415,5.742762706652812,6
BTC,short,-1,2024-03-16 16:00:00+00:00,2024-03-16 20:00:00+00:00,2024-03-17 20:00:00+00:00,65071.29653925134,68533.4,68831.71610555299,65071.29653925134,-0.05051702470253416,-0.05146849162271527,0.0009514669201811099,5.012959217987713,6
BNB,short,-1,2024-03-17 00:00:00+00:00,2024-03-17 04:00:00+00:00,2024-03-18 04:00:00+00:00,565.4868022459729,565.4,610.9936405725559,565.4868022459729,0.0001535236044798438,-0.001137025846664419,0.0012905494511442628,6.455921962584254,6
XRP,short,-1,2024-03-17 20:00:00+00:00,2024-03-18 00:00:00+00:00,2024-03-19 00:00:00+00:00,0.6043513403052314,0.6453,0.6344134850538382,0.6043513403052314,-0.06345677931933769,-0.0645318310388242,0.0010750517194865195,5.742762706652812,6
DOT,long,1,2024-03-18 00:00:00+00:00,2024-03-18 04:00:00+00:00,2024-03-19 04:00:00+00:00,10.387206517657134,9.411,10.387206517657134,9.629153019146846,-0.0939816221038533,-0.09561943110115056,0.0016378089972972631,9.046674492363598,6
LINK,short,-1,2024-03-18 04:00:00+00:00,2024-03-18 08:00:00+00:00,2024-03-19 08:00:00+00:00,18.75504493411869,17.342,20.2142859338244,18.75504493411869,0.08148108258094178,0.08006814513625993,0.00141293744468185,6.536688716426203,6
ADA,short,-1,2024-03-18 08:00:00+00:00,2024-03-18 12:00:00+00:00,2024-03-19 12:00:00+00:00,0.6537058474325294,0.617,0.7113101585770847,0.6537058474325294,0.05949083862646565,0.057376347569563446,0.0021144910569022013,9.988775255673833,6
BNB,short,-1,2024-03-18 08:00:00+00:00,2024-03-18 12:00:00+00:00,2024-03-19 12:00:00+00:00,549.2882868943981,513.7,589.0048044337781,549.2882868943981,0.06927834707883607,0.06789860231828171,0.0013797447605543578,6.455921962584254,6
BTC,short,-1,2024-03-18 08:00:00+00:00,2024-03-18 12:00:00+00:00,2024-03-19 12:00:00+00:00,66787.78550162807,63102.2,69782.04258825726,66787.78550162807,0.058406608670189986,0.05734599052068057,0.001060618149509418,5.012959217987713,6
ETH,short,-1,2024-03-18 08:00:00+00:00,2024-03-18 12:00:00+00:00,2024-03-19 12:00:00+00:00,3506.7711731065,3276.02,3693.9418342842055,3506.7711731065,0.0704364360127534,0.06935756812482508,0.0010788678879283253,5.041924062981029,6
AVAX,short,-1,2024-03-18 20:00:00+00:00,2024-03-19 00:00:00+00:00,2024-03-20 00:00:00+00:00,57.62885164519103,53.626,63.84636963882718,57.62885164519103,0.07464386016467817,0.0729878787274223,0.0016559814372558712,7.710732744665526,6
SOL,short,-1,2024-03-18 20:00:00+00:00,2024-03-19 00:00:00+00:00,2024-03-20 00:00:00+00:00,188.70078004759065,169.88,203.54001923210595,188.70078004759065,0.11078867463851338,0.10945632207725864,0.001332352561254746,6.000925858297193,6
XRP,short,-1,2024-03-19 04:00:00+00:00,2024-03-19 08:00:00+00:00,2024-03-20 08:00:00+00:00,0.5753653179796213,0.5951,0.6250639007280901,0.5753653179796213,-0.033161959368809724,-0.034271786310154706,0.0011098269413449824,5.742762706652812,6
ADA,short,-1,2024-03-19 16:00:00+00:00,2024-03-19 20:00:00+00:00,2024-03-20 20:00:00+00:00,0.5978533085199548,0.6318,0.6332558248063346,0.5978533085199548,-0.05373012263381649,-0.05561865165186897,0.001888529018052476,9.988775255673833,6
BNB,short,-1,2024-03-19 16:00:00+00:00,2024-03-19 20:00:00+00:00,2024-03-20 20:00:00+00:00,515.503145879373,540.9,549.0247775640678,515.503145879373,-0.04695295640714903,-0.04818272194813411,0.0012297655409850838,6.455921962584254,6
BTC,short,-1,2024-03-19 16:00:00+00:00,2024-03-19 20:00:00+00:00,2024-03-20 20:00:00+00:00,63135.77732029096,65808.5,65697.69775633902,63135.77732029096,-0.040613639267101376,-0.04157503026584386,0.000961390998742484,5.012959217987713,6
DOT,short,-1,2024-03-19 16:00:00+00:00,2024-03-19 20:00:00+00:00,2024-03-20 20:00:00+00:00,8.889789366737409,9.285,9.506552463010268,8.889789366737409,-0.04256441930668731,-0.04429517515739445,0.001730755850707144,9.046674492363598,6
ETH,short,-1,2024-03-19 16:00:00+00:00,2024-03-19 20:00:00+00:00,2024-03-20 20:00:00+00:00,3262.5890311695407,3379.21,3406.136102933071,3262.5890311695407,-0.03451131146938469,-0.035484404973276984,0.0009730935038922972,5.041924062981029,6
LINK,short,-1,2024-03-19 16:00:00+00:00,2024-03-19 20:00:00+00:00,2024-03-20 20:00:00+00:00,17.067238504006436,18.08,18.17414949273641,17.067238504006436,-0.05601556946867048,-0.05724886977375876,0.0012333003050882807,6.536688716426203,6
AVAX,long,1,2024-03-20 12:00:00+00:00,2024-03-20 16:00:00+00:00,2024-03-21 16:00:00+00:00,55.52096647381629,54.67,55.52096647381629,49.861131763719385,-0.015326939134202577,-0.01684427931638144,0.0015173401821788612,7.710732744665526,6
SOL,long,1,2024-03-20 12:00:00+00:00,2024-03-20 16:00:00+00:00,2024-03-21 16:00:00+00:00,178.52280360433906,185.43,178.52280360433906,163.04792167902372,0.03869083532302908,0.037444961624105266,0.0012458736989238162,6.000925858297193,6
XRP,long,1,2024-03-21 04:00:00+00:00,2024-03-21 08:00:00+00:00,2024-03-22 08:00:00+00:00,0.6228923355342518,0.635,0.6228923355342518,0.5866507406718703,0.019437812564130352,0.01826760669524341,0.0011702058688869421,5.742762706652812,6
BNB,long,1,2024-03-21 20:00:00+00:00,2024-03-22 00:00:00+00:00,2024-03-23 00:00:00+00:00,572.6070656860227,553.9,572.6070656860227,535.6106453778368,-0.03266998751335759,-0.03391818310256167,0.001248195589204082,6.455921962584254,6
LINK,short,-1,2024-03-21 20:00:00+00:00,2024-03-22 00:00:00+00:00,2024-03-23 00:00:00+00:00,18.035320442477165,18.372,18.886492041347676,18.035320442477165,-0.018325688957262942,-0.01960823047823368,0.001282541520970737,6.536688716426203,6
ADA,short,-1,2024-03-22 04:00:00+00:00,2024-03-22 08:00:00+00:00,2024-03-23 08:00:00+00:00,0.6228969379543574,0.6279,0.6571617470850284,0.6228969379543574,-0.007967928086705878,-0.00994778753215464,0.0019798594454487617,9.988775255673833,6
BTC,short,-1,2024-03-22 04:00:00+00:00,2024-03-22 08:00:00+00:00,2024-03-23 08:00:00+00:00,64614.64892378673,64587.6,67806.62755171454,64614.64892378673,0.00041879437828207244,-0.0005837147913849705,0.001002509169667043,5.012959217987713,6
DOT,short,-1,2024-03-22 04:00:00+00:00,2024-03-22 08:00:00+00:00,2024-03-23 08:00:00+00:00,9.024181453076087,9.059,9.576006028839696,9.024181453076087,-0.0038435309552833363,-0.005644282537724532,0.0018007515824411957,9.046674492363598,6
ETH,short,-1,2024-03-22 04:00:00+00:00,2024-03-22 08:00:00+00:00,2024-03-23 08:00:00+00:00,3429.881808949324,3366.47,3597.6408240667497,3429.881808949324,0.018836291114824766,0.01780942980801603,0.001026861306808735,5.041924062981029,6
AVAX,short,-1,2024-03-22 16:00:00+00:00,2024-03-22 20:00:00+00:00,2024-03-23 20:00:00+00:00,52.338803655846846,54.739,55.37602492899596,52.338803655846846,-0.04384801227923696,-0.04532140267539875,0.001473390396161789,7.710732744665526,6
SOL,short,-1,2024-03-22 20:00:00+00:00,2024-03-23 00:00:00+00:00,2024-03-24 00:00:00+00:00,170.50457100127113,172.66,179.83982435152078,170.50457100127113,-0.012483661523971179,-0.013668153185517617,0.0011844916615464385,6.000925858297193,6
XRP,long,1,2024-03-23 08:00:00+00:00,2024-03-23 12:00:00+00:00,2024-03-24 12:00:00+00:00,0.6324968520005647,0.631,0.6324968520005647,0.6063784962516423,-0.0023665762063956874,-0.0035117529627732846,0.0011451767563775972,5.742762706652812,6
DOT,short,-1,2024-03-23 16:00:00+00:00,2024-03-23 20:00:00+00:00,2024-03-24 20:00:00+00:00,8.980544451413323,9.259,9.28194280992414,8.980544451413323,-0.030074041320518163,-0.03182737602165964,0.0017533347011414735,9.046674492363598,6
ADA,long,1,2024-03-23 20:00:00+00:00,2024-03-24 00:00:00+00:00,2024-03-25 00:00:00+00:00,0.6350898481986148,0.6468,0.6350898481986148,0.6113365078992407,0.018438575005725877,0.01640601447726886,0.002032560528457017,9.988775255673833,6
BNB,long,1,2024-03-24 08:00:00+00:00,2024-03-24 12:00:00+00:00,2024-03-25 12:00:00+00:00,565.0490503889755,579.3,565.0490503889755,548.2772863466164,0.025220730131683577,0.02389783517671229,0.0013228949549712876,6.455921962584254,6
AVAX,short,-1,2024-03-24 12:00:00+00:00,2024-03-24 16:00:00+00:00,2024-03-25 16:00:00+00:00,52.56319170014658,58.367,54.63482768288577,52.56319170014658,-0.0994364675219459,-0.10082419842344159,0.0013877309014956873,7.710732744665526,6
BTC,short,-1,2024-03-24 12:00:00+00:00,2024-03-24 16:00:00+00:00,2024-03-25 16:00:00+00:00,64895.975566884576,69798.0,66483.6176251526,64895.975566884576,-0.07023158877210556,-0.07116329993463122,0.0009317111625256613,5.012959217987713,6
ETH,short,-1,2024-03-24 12:00:00+00:00,2024-03-24 16:00:00+00:00,2024-03-25 16:00:00+00:00,3343.902240154951,3582.43,3452.1803817940217,3343.902240154951,-0.06658267149533947,-0.06752344102436492,0.0009407695290254425,5.041924062981029,6
SOL,short,-1,2024-03-24 12:00:00+00:00,2024-03-24 16:00:00+00:00,2024-03-25 16:00:00+00:00,173.26551053719723,192.8,179.3672843697767,173.26551053719723,-0.10131996609337546,-0.10239790168298146,0.001077935589606005,6.000925858297193,6
LINK,long,1,2024-03-24 16:00:00+00:00,2024-03-24 20:00:00+00:00,2024-03-25 20:00:00+00:00,18.458515494559595,19.453,18.458515494559595,17.95299389583478,0.05387673270548299,0.052499859894943546,0.0013768728105394423,6.536688716426203,6
XRP,short,-1,2024-03-24 16:00:00+00:00,2024-03-24 20:00:00+00:00,2024-03-25 20:00:00+00:00,0.6211917128274632,0.6554,0.6387303658543889,0.6211917128274632,-0.0521945181149478,-0.05328249770899007,0.0010879795940422765,5.742762706652812,6
DOT,short,-1,2024-03-25 00:00:00+00:00,2024-03-25 04:00:00+00:00,2024-03-26 04:00:00+00:00,9.343279300149236,9.917,9.580203922467595,9.343279300149236,-0.057852243607014575,-0.05955536366489578,0.0017031200578812022,9.046674492363598,6
ADA,long,1,2024-03-25 04:00:00+00:00,2024-03-25 08:00:00+00:00,2024-03-26 08:00:00+00:00,0.6514594699448759,0.672,0.6514594699448759,0.6332693114967051,0.03153001990570825,0.029471331975150505,0.0020586879305577455,9.988775255673833,6
BNB,short,-1,2024-03-25 16:00:00+00:00,2024-03-25 20:00:00+00:00,2024-03-26 20:00:00+00:00,585.3314827829562,575.4,604.421683108383,585.3314827829562,0.017260136918589186,0.015947513925831158,0.001312622992758028,6.455921962584254,6
AVAX,long,1,2024-03-25 20:00:00+00:00,2024-03-26 00:00:00+00:00,2024-03-27 00:00:00+00:00,58.89026883690909,55.786,58.89026883690909,56.65534747752591,-0.0527127638949324,-0.05417249407800817,0.0014597301830757692,7.710732744665526,6
LINK,long,1,2024-03-26 00:00:00+00:00,2024-03-26 04:00:00+00:00,2024-03-27 04:00:00+00:00,20.059578610867565,19.826,20.059578610867565,19.48065966791011,-0.011644243151798794,-0.012935513873044147,0.0012912707212453522,6.536688716426203,6
SOL,long,1,2024-03-26 00:00:00+00:00,2024-03-26 04:00:00+00:00,2024-03-27 04:00:00+00:00,196.00721799853468,190.1,196.00721799853468,187.50699323876307,-0.03013775747063996,-0.031301073655258804,0.0011633161846188456,6.000925858297193,6
DOT,short,-1,2024-03-26 08:00:00+00:00,2024-03-26 12:00:00+00:00,2024-03-27 12:00:00+00:00,9.764667808267278,9.609,10.089997727990621,9.764667808267278,0.016200208998571997,0.014363224356805704,0.0018369846417662927,9.046674492363598,6
ETH,short,-1,2024-03-26 08:00:00+00:00,2024-03-26 12:00:00+00:00,2024-03-27 12:00:00+00:00,3554.279375792144,3586.58,3714.036563447675,3554.279375792144,-0.009005967860149733,-0.01000476760428659,0.000998799744136858,5.041924062981029,6
XRP,short,-1,2024-03-26 08:00:00+00:00,2024-03-26 12:00:00+00:00,2024-03-27 12:00:00+00:00,0.6329457951377978,0.6222,0.6564687895739002,0.6329457951377978,0.01727064470877182,0.016102926517418625,0.0011677181913531953,5.742762706652812,6
ADA,short,-1,2024-03-27 00:00:00+00:00,2024-03-27 04:00:00+00:00,2024-03-28 04:00:00+00:00,0.6496437876228118,0.6401,0.676222644424121,0.6496437876228118,0.014909838498378125,0.01288432048649124,0.0020255180118868843,9.988775255673833,6
AVAX,short,-1,2024-03-27 08:00:00+00:00,2024-03-27 12:00:00+00:00,2024-03-28 12:00:00+00:00,53.9409236267148,54.352,56.10230447558073,53.9409236267148,-0.0075632244128127635,-0.009092528156073865,0.0015293037432611012,7.710732744665526,6
BNB,short,-1,2024-03-27 08:00:00+00:00,2024-03-27 12:00:00+00:00,2024-03-28 12:00:00+00:00,568.1236126806772,587.6,589.473281034408,568.1236126806772,-0.03314565575105999,-0.03439323756111046,0.0012475818100504688,6.455921962584254,6
BTC,short,-1,2024-03-27 08:00:00+00:00,2024-03-27 12:00:00+00:00,2024-03-28 12:00:00+00:00,68616.9005617453,70680.6,71917.46296379907,68616.9005617453,-0.029197537064692636,-0.030170368019585614,0.0009728309548929781,5.012959217987713,6
LINK,short,-1,2024-03-27 08:00:00+00:00,2024-03-27 12:00:00+00:00,2024-03-28 12:00:00+00:00,19.24487650062761,19.6,20.225302094679922,19.24487650062761,-0.018118545886346538,-0.01940135803637033,0.0012828121500237932,6.536688716426203,6
SOL,short,-1,2024-03-27 08:00:00+00:00,2024-03-27 12:00:00+00:00,2024-03-28 12:00:00+00:00,184.51108342843526,185.5,192.94311072542115,184.51108342843526,-0.005331086639163041,-0.006524157566671462,0.0011930709275084217,6.000925858297193,6
XRP,short,-1,2024-03-27 20:00:00+00:00,2024-03-28 00:00:00+00:00,2024-03-29 00:00:00+00:00,0.603594900185155,0.6247,0.6203193729521981,0.603594900185155,-0.03378437620433006,-0.034893488677539164,0.0011091124732091062,5.742762706652812,6
DOT,long,1,2024-03-28 00:00:00+00:00,2024-03-28 04:00:00+00:00,2024-03-29 04:00:00+00:00,9.54836440999495,9.43,9.54836440999495,9.187118571655603,-0.012396302121759128,-0.014181592863769077,0.0017852907420099484,9.046674492363598,6
ETH,long,1,2024-03-28 00:00:00+00:00,2024-03-28 04:00:00+00:00,2024-03-29 04:00:00+00:00,3542.259143925118,3563.22,3542.259143925118,3453.3261692833935,0.005917369459213395,0.004903528831869508,0.0010138406273438871,5.041924062981029,6
BNB,long,1,2024-03-28 20:00:00+00:00,2024-03-29 00:00:00+00:00,2024-03-30 00:00:00+00:00,592.281108989581,612.1,592.281108989581,575.440335386411,0.03346196714636007,0.0321284381000666,0.001333529046293469,6.455921962584254,6
AVAX,short,-1,2024-03-29 00:00:00+00:00,2024-03-29 04:00:00+00:00,2024-03-30 04:00:00+00:00,53.16717117664377,53.331,55.47535096799912,53.16717117664377,-0.0030719248346409156,-0.0046081494835215064,0.0015362246488805908,7.710732744665526,6
ADA,long,1,2024-03-29 04:00:00+00:00,2024-03-29 08:00:00+00:00,2024-03-30 08:00:00+00:00,0.6526691335626533,0.6506,0.6526691335626533,0.6230741873454361,-0.0031702641602779913,-0.005159698598824036,0.001989434438546045,9.988775255673833,6
XRP,long,1,2024-03-29 04:00:00+00:00,2024-03-29 08:00:00+00:00,2024-03-30 08:00:00+00:00,0.6200646534921022,0.6224,0.6200646534921022,0.6008859848753589,0.0037662951673596012,0.002614078528817343,0.0011522166385422583,5.742762706652812,6
BTC,short,-1,2024-03-29 08:00:00+00:00,2024-03-29 12:00:00+00:00,2024-03-30 12:00:00+00:00,69142.16917453299,70207.5,71208.44170887636,69142.16917453299,-0.015174031627205209,-0.016160915389653474,0.0009868837624482651,5.012959217987713,6
DOT,long,1,2024-03-29 08:00:00+00:00,2024-03-29 12:00:00+00:00,2024-03-30 12:00:00+00:00,9.75384210791796,9.606,9.75384210791796,9.368050045204663,-0.015157320190568258,-0.016937619841508655,0.0017802996509403979,9.046674492363598,6
ETH,short,-1,2024-03-29 08:00:00+00:00,2024-03-29 12:00:00+00:00,2024-03-30 12:00:00+00:00,3497.0330644903456,3561.51,3606.8965145567677,3497.0330644903456,-0.01810381987124976,-0.019093450102789844,0.000989630231540084,5.041924062981029,6
SOL,long,1,2024-03-29 16:00:00+00:00,2024-03-29 20:00:00+00:00,2024-03-30 20:00:00+00:00,192.6971543997271,195.51,192.6971543997271,183.06628611039807,0.014597234759564648,0.013380260500429397,0.0012169742591352506,6.000925858297193,6
LINK,long,1,2024-03-30 00:00:00+00:00,2024-03-30 04:00:00+00:00,2024-03-31 04:00:00+00:00,19.07787057835334,18.972,19.07787057835334,18.57942832478288,-0.00554939178974545,-0.006848625335165948,0.0012992335454204973,6.536688716426203,6
AVAX,short,-1,2024-03-30 08:00:00+00:00,2024-03-30 12:00:00+00:00,2024-03-31 12:00:00+00:00,53.51878973449015,53.719,55.18599599603103,53.51878973449015,-0.003726991669797508,-0.005262206887963861,0.0015352152181663525,7.710732744665526,6
DOT,long,1,2024-03-31 00:00:00+00:00,2024-03-31 04:00:00+00:00,2024-04-01 04:00:00+00:00,9.586486544274837,9.67,9.586486544274837,9.341104124688863,0.008711581176217065,0.0068881337234572015,0.0018234474527598632,9.046674492363598,6
ETH,long,1,2024-03-31 00:00:00+00:00,2024-03-31 04:00:00+00:00,2024-04-01 04:00:00+00:00,3592.9225987191085,3613.29,3592.9225987191085,3484.1729964800384,0.005668755928155189,0.004655165872583744,0.001013590055571445,5.041924062981029,6
BTC,long,1,2024-03-31 12:00:00+00:00,2024-03-31 16:00:00+00:00,2024-04-01 16:00:00+00:00,70785.28479168135,68244.5,70785.28479168135,70032.52719825992,-0.03589425117323175,-0.036860371421230664,0.0009661202479989139,5.012959217987713,6
SOL,long,1,2024-03-31 12:00:00+00:00,2024-03-31 16:00:00+00:00,2024-04-01 16:00:00+00:00,198.6987276959117,188.13,198.6987276959117,192.8056276164482,-0.05318970996173711,-0.05432537612736965,0.0011356661656325429,6.000925858297193,6
BNB,short,-1,2024-03-31 20:00:00+00:00,2024-04-01 00:00:00+00:00,2024-04-02 00:00:00+00:00,599.4299994383315,576.3,613.0464613788581,599.4299994383315,0.040135345199256545,0.03879320515057194,0.0013421400486846036,6.455921962584254,6
ADA,short,-1,2024-04-01 00:00:00+00:00,2024-04-01 04:00:00+00:00,2024-04-02 04:00:00+00:00,0.6376834589467087,0.5958,0.6528051404808177,0.6376834589467087,0.07029784986020271,0.06816179058602789,0.0021360592741748174,9.988775255673833,6
AVAX,short,-1,2024-04-01 00:00:00+00:00,2024-04-01 04:00:00+00:00,2024-04-02 04:00:00+00:00,53.012328878729704,47.939,54.68668723518771,53.012328878729704,0.10582884246082958,0.1041248062644875,0.0017040361963420736,7.710732744665526,6
LINK,short,-1,2024-04-01 00:00:00+00:00,2024-04-01 04:00:00+00:00,2024-04-02 04:00:00+00:00,18.96113128398736,17.698,19.401395121960235,18.96113128398736,0.07137141394436419,0.06997168461732772,0.0013997293270364697,6.536688716426203,6
XRP,short,-1,2024-04-01 00:00:00+00:00,2024-04-01 04:00:00+00:00,2024-04-02 04:00:00+00:00,0.622846323453311,0.5953,0.6323899574716293,0.622846323453311,0.04627301100841752,0.04507200119413546,0.0012010098142820613,5.742762706652812,6
DOT,short,-1,2024-04-01 08:00:00+00:00,2024-04-01 12:00:00+00:00,2024-04-02 12:00:00+00:00,9.026087949453672,8.515,9.360961744796,9.026087949453672,0.06002207274852278,0.05810587134418399,0.001916201404338791,9.046674492363598,6
ETH,short,-1,2024-04-01 08:00:00+00:00,2024-04-01 12:00:00+00:00,2024-04-02 12:00:00+00:00,3482.6613029866185,3310.09,3597.550907076575,3482.6613029866185,0.05213492774716655,0.05107450552205761,0.0010604222251089368,5.041924062981029,6
BTC,short,-1,2024-04-01 20:00:00+00:00,2024-04-02 00:00:00+00:00,2024-04-03 00:00:00+00:00,68584.54544523466,65475.5,70788.27811386086,68584.54544523466,0.04748410390504332,0.04643443108287504,0.0010496728221682794,5.012959217987713,6
SOL,short,-1,2024-04-01 20:00:00+00:00,2024-04-02 00:00:00+00:00,2024-04-03 00:00:00+00:00,186.9971030054108,181.56,197.69158080983928,186.9971030054108,0.029946590688537,0.028711205408338714,0.0012353852801982868,6.000925858297193,6
BNB,short,-1,2024-04-02 08:00:00+00:00,2024-04-02 12:00:00+00:00,2024-04-03 12:00:00+00:00,547.0721421237462,556.5,564.4639275566508,547.0721421237462,-0.01694134389263935,-0.01820983495840056,0.0012684910657612125,6.455921962584254,6
XRP,long,1,2024-04-02 12:00:00+00:00,2024-04-02 16:00:00+00:00,2024-04-03 16:00:00+00:00,0.5930803798633331,0.58,0.5930803798633331,0.5701457365322389,-0.022054986655177022,-0.02317756321645459,0.0011225765612775662,5.742762706652812,6
ADA,short,-1,2024-04-02 20:00:00+00:00,2024-04-03 00:00:00+00:00,2024-04-04 00:00:00+00:00,0.5660977090853797,0.5694,0.5954738105982312,0.5660977090853797,-0.005799597672322299,-0.00778378458819573,0.0019841869158734315,9.988775255673833,6
AVAX,short,-1,2024-04-02 20:00:00+00:00,2024-04-03 00:00:00+00:00,2024-04-04 00:00:00+00:00,45.33498038602097,45.898,48.440454265138506,45.33498038602097,-0.012266757025993114,-0.013788812821365903,0.0015220557953727898,7.710732744665526,6
DOT,short,-1,2024-04-02 20:00:00+00:00,2024-04-03 00:00:00+00:00,2024-04-04 00:00:00+00:00,8.34257606323567,8.418,8.83446844731729,8.34257606323567,-0.008959840432920974,-0.010751343265116176,0.001791502832195202,9.046674492363598,6
ETH,short,-1,2024-04-02 20:00:00+00:00,2024-04-03 00:00:00+00:00,2024-04-04 00:00:00+00:00,3200.6912765734623,3311.97,3360.249183893181,3200.6912765734623,-0.03359895271591751,-0.03457296576489288,0.0009740130489753751,5.041924062981029,6
BNB,long,1,2024-04-03 20:00:00+00:00,2024-04-04 00:00:00+00:00,2024-04-05 00:00:00+00:00,571.2456045250126,584.3,571.2456045250126,552.7072899974941,0.0228525092737335,0.021532670155747446,0.0013198391179860547,6.455921962584254,6
ADA,long,1,2024-04-04 08:00:00+00:00,2024-04-04 12:00:00+00:00,2024-04-05 12:00:00+00:00,0.5894285032216713,0.563,0.5894285032216713,0.5726920197360231,-0.044837504595077515,-0.04674378115811084,0.0019062765630333267,9.988775255673833,6
AVAX,long,1,2024-04-04 08:00:00+00:00,2024-04-04 12:00:00+00:00,2024-04-05 12:00:00+00:00,47.86453697586724,44.275,47.86453697586724,46.1059203416647,-0.07499366342302749,-0.07641905966777096,0.001425396244743471,7.710732744665526,6
BTC,long,1,2024-04-04 08:00:00+00:00,2024-04-04 12:00:00+00:00,2024-04-05 12:00:00+00:00,67110.6947985467,66485.6,67110.6947985467,65580.92368394475,-0.009314384248637397,-0.010307139902198559,0.0009927556535611615,5.012959217987713,6
DOT,long,1,2024-04-04 08:00:00+00:00,2024-04-04 12:00:00+00:00,2024-04-05 12:00:00+00:00,8.601403671870992,8.127,8.601403671870992,8.338634452718166,-0.05515421551745381,-0.056862212799448475,0.0017079972819946665,9.046674492363598,6
ETH,long,1,2024-04-04 08:00:00+00:00,2024-04-04 12:00:00+00:00,2024-04-05 12:00:00+00:00,3392.021212868949,3244.66,3392.021212868949,3290.1749734815644,-0.04344348210732796,-0.044407573085010754,0.0009640909776827966,5.041924062981029,6
XRP,long,1,2024-04-04 08:00:00+00:00,2024-04-04 12:00:00+00:00,2024-04-05 12:00:00+00:00,0.5825969470643091,0.5722,0.5825969470643091,0.5676995248028508,-0.017845866025730128,-0.0189732742085178,0.0011274081827876703,5.742762706652812,6
LINK,short,-1,2024-04-04 16:00:00+00:00,2024-04-04 20:00:00+00:00,2024-04-05 20:00:00+00:00,17.619617282356625,17.347,18.10366223558157,17.619617282356625,0.01571552904575002,0.014388513227120203,0.0013270158186298175,6.536688716426203,6
SOL,short,-1,2024-04-04 20:00:00+00:00,2024-04-05 00:00:00+00:00,2024-04-06 00:00:00+00:00,179.7084370613624,174.4,188.49645043895973,179.7084370613624,0.03043828590230735,0.02920231085072178,0.0012359750515855694,6.000925858297193,6
AVAX,long,1,2024-04-05 20:00:00+00:00,2024-04-06 00:00:00+00:00,2024-04-07 00:00:00+00:00,46.30712805886536,48.179,46.30712805886536,44.30890653360623,0.04042297632353975,0.03881972784322718,0.001603248480312569,7.710732744665526,6
BNB,long,1,2024-04-06 16:00:00+00:00,2024-04-06 20:00:00+00:00,2024-04-07 20:00:00+00:00,589.9849434504287,578.4,589.9849434504287,576.2954017292947,-0.01963599847595443,-0.020901012490531667,0.001265014014577237,6.455921962584254,6
BTC,long,1,2024-04-06 16:00:00+00:00,2024-04-06 20:00:00+00:00,2024-04-07 20:00:00+00:00,69355.19377354912,69073.3,69355.19377354912,67179.34476793218,-0.004064494066147728,-0.005062510579538215,0.0009980165133904872,5.012959217987713,6
ETH,long,1,2024-04-06 16:00:00+00:00,2024-04-06 20:00:00+00:00,2024-04-07 20:00:00+00:00,3398.629303177143,3382.0,3398.629303177143,3300.6669758344365,-0.00489294409413743,-0.005895889258884068,0.001002945164746638,5.041924062981029,6
XRP,long,1,2024-04-06 16:00:00+00:00,2024-04-06 20:00:00+00:00,2024-04-07 20:00:00+00:00,0.5995356142410699,0.5908,0.5995356142410699,0.5816005616970631,-0.01457063439363493,-0.015701802192978564,0.0011311677993436353,5.742762706652812,6
LINK,long,1,2024-04-07 12:00:00+00:00,2024-04-07 16:00:00+00:00,2024-04-08 16:00:00+00:00,17.87969644233569,18.293,17.87969644233569,17.480556339868755,0.023115803950993552,0.021779119793561952,0.0013366841574316002,6.536688716426203,6
SOL,long,1,2024-04-07 12:00:00+00:00,2024-04-07 16:00:00+00:00,2024-04-08 16:00:00+00:00,181.5923084988773,181.44,181.5923084988773,177.70868087289892,-0.0008387387116576273,-0.0020371980549862556,0.0011984593433286284,6.000925858297193,6
ADA,long,1,2024-04-07 16:00:00+00:00,2024-04-07 20:00:00+00:00,2024-04-08 20:00:00+00:00,0.5896715311367203,0.6148,0.5896715311367203,0.5785811116611228,0.04261434974627165,0.04053354013663446,0.002080809609637191,9.988775255673833,6
AVAX,long,1,2024-04-07 16:00:00+00:00,2024-04-07 20:00:00+00:00,2024-04-08 20:00:00+00:00,49.00613001836791,49.998,49.00613001836791,47.26167675619155,0.020239712486179284,0.018667565574951084,0.0015721469112282005,7.710732744665526,6
DOT,long,1,2024-04-07 16:00:00+00:00,2024-04-07 20:00:00+00:00,2024-04-08 20:00:00+00:00,8.653204008466806,9.0,8.653204008466806,8.461865561976238,0.040077177331525826,0.038197030305289426,0.0018801470262364006,9.046674492363598,6
BNB,long,1,2024-04-08 00:00:00+00:00,2024-04-08 04:00:00+00:00,2024-04-09 04:00:00+00:00,586.4848613914713,582.6,586.4848613914713,576.755824860442,-0.006623975565633877,-0.007905779661562473,0.001281804095928596,6.455921962584254,6
BTC,long,1,2024-04-08 00:00:00+00:00,2024-04-08 04:00:00+00:00,2024-04-09 04:00:00+00:00,69969.07923471389,71317.7,69969.07923471389,68970.31064567406,0.0192745249764128,0.018253120677094392,0.001021404299318407,5.012959217987713,6
ETH,long,1,2024-04-08 00:00:00+00:00,2024-04-08 04:00:00+00:00,2024-04-09 04:00:00+00:00,3461.4925930679924,3693.93,3461.4925930679924,3384.6387959813464,0.06714947401519455,0.0660739189795092,0.0010755550356853494,5.041924062981029,6
XRP,long,1,2024-04-08 00:00:00+00:00,2024-04-08 04:00:00+00:00,2024-04-09 04:00:00+00:00,0.5969829235949912,0.6136,0.5969829235949912,0.5870586680930993,0.027835095022386902,0.026655249968947414,0.0011798450534394878,5.742762706652812,6
SOL,short,-1,2024-04-08 20:00:00+00:00,2024-04-09 00:00:00+00:00,2024-04-10 00:00:00+00:00,177.58208297181642,172.43,183.8930119159756,177.58208297181642,0.029879272584912187,0.028643968050448443,0.0012353045344637437,6.000925858297193,6
DOT,short,-1,2024-04-09 00:00:00+00:00,2024-04-09 04:00:00+00:00,2024-04-10 04:00:00+00:00,8.826021883853315,8.567,9.128526652239042,8.826021883853315,0.030234841117463995,0.02837248607779097,0.0018623550396730248,9.046674492363598,6
AVAX,short,-1,2024-04-09 08:00:00+00:00,2024-04-09 12:00:00+00:00,2024-04-10 12:00:00+00:00,47.611881989802356,47.436,49.65150593094237,47.611881989802356,0.003707774470915748,0.0021611025877315004,0.0015466718831842474,7.710732744665526,6
BNB,short,-1,2024-04-09 08:00:00+00:00,2024-04-09 12:00:00+00:00,2024-04-10 12:00:00+00:00,574.9187436691262,586.6,593.8343353030148,574.9187436691262,-0.019913495279362037,-0.02117815122556399,0.0012646559462019535,6.455921962584254,6
BTC,short,-1,2024-04-09 08:00:00+00:00,2024-04-09 12:00:00+00:00,2024-04-10 12:00:00+00:00,69690.93077603563,69051.0,71952.32238861549,69690.93077603563,0.009267509174894384,0.008256132801039318,0.0010113763738550663,5.012959217987713,6
ETH,short,-1,2024-04-09 08:00:00+00:00,2024-04-09 12:00:00+00:00,2024-04-10 12:00:00+00:00,3544.6494711737696,3522.17,3724.6596705733236,3544.6494711737696,0.006382278871766456,0.0053679696730817295,0.0010143091986847264,5.041924062981029,6
LINK,short,-1,2024-04-09 08:00:00+00:00,2024-04-09 12:00:00+00:00,2024-04-10 12:00:00+00:00,17.417414966188122,17.386,18.266692825406704,17.417414966188122,0.0018069116638745886,0.0004980672276382325,0.001308844436236356,6.536688716426203,6
XRP,short,-1,2024-04-09 16:00:00+00:00,2024-04-09 20:00:00+00:00,2024-04-10 20:00:00+00:00,0.6132379171074811,0.6189,0.6357652537843109,0.6132379171074811,-0.009148623190368244,-0.010286014880225847,0.001137391689857603,5.742762706652812,6
ADA,short,-1,2024-04-09 20:00:00+00:00,2024-04-10 00:00:00+00:00,2024-04-11 00:00:00+00:00,0.5791780954321739,0.5862,0.6034714412657395,0.5791780954321739,-0.011978684011985874,-0.013950538945053381,0.0019718549330675073,9.988775255673833,6
SOL,short,-1,2024-04-10 04:00:00+00:00,2024-04-10 08:00:00+00:00,2024-04-11 08:00:00+00:00,169.73023714766174,174.54,175.88456188880818,169.73023714766174,-0.027556794158005382,-0.02872320611876833,0.0011664119607629475,6.000925858297193,6
DOT,short,-1,2024-04-10 08:00:00+00:00,2024-04-10 12:00:00+00:00,2024-04-11 12:00:00+00:00,8.299215451972987,8.257,8.558782985096942,8.299215451972987,0.0051126864445909526,0.0032957447121517713,0.0018169417324391812,9.046674492363598,6
BTC,long,1,2024-04-10 16:00:00+00:00,2024-04-10 20:00:00+00:00,2024-04-11 20:00:00+00:00,71209.23102731339,70452.0,71209.23102731339,69029.50962810662,-0.010633888561764504,-0.011625321953907974,0.0009914333921434704,5.012959217987713,6
LINK,long,1,2024-04-10 16:00:00+00:00,2024-04-10 20:00:00+00:00,2024-04-11 20:00:00+00:00,17.54606268006726,17.417,17.54606268006726,17.07514024444666,-0.007355649094647032,-0.00865252279427664,0.0012968736996296082,6.536688716426203,6
BNB,short,-1,2024-04-11 00:00:00+00:00,2024-04-11 04:00:00+00:00,2024-04-12 04:00:00+00:00,606.7060049096721,614.0,626.6553436480401,606.7060049096721,-0.011879470831153038,-0.013154493491661756,0.0012750226605087178,6.455921962584254,6
ADA,short,-1,2024-04-11 04:00:00+00:00,2024-04-11 08:00:00+00:00,2024-04-12 08:00:00+00:00,0.5815843855053743,0.5817,0.6015846689143391,0.5815843855053743,-0.0001987527842972625,-0.002194117650932581,0.0019953648666353185,9.988775255673833,6
AVAX,short,-1,2024-04-11 04:00:00+00:00,2024-04-11 08:00:00+00:00,2024-04-12 08:00:00+00:00,46.31409091015721,46.345,48.155864277384985,46.31409091015721,-0.0006669347252732383,-0.0022068653637614677,0.0015399306384882294,7.710732744665526,6
ETH,short,-1,2024-04-11 04:00:00+00:00,2024-04-11 08:00:00+00:00,2024-04-12 08:00:00+00:00,3524.8891434554084,3517.54,3643.431082859661,3524.8891434554084,0.0020892849705784755,0.001079302580200503,0.0010099823903779725,5.041924062981029,6
XRP,short,-1,2024-04-11 04:00:00+00:00,2024-04-11 08:00:00+00:00,2024-04-12 08:00:00+00:00,0.607432932659208,0.6101,0.6305835416646695,0.607432932659208,-0.00437152489885595,-0.0055144001879955384,0.0011428752891395888,5.742762706652812,6
BNB,short,-1,2024-04-12 08:00:00+00:00,2024-04-12 12:00:00+00:00,2024-04-13 12:00:00+00:00,609.2721208242006,593.4,633.7692909330021,609.2721208242006,0.02674776006774615,0.025422894707632704,0.0013248653601134475,6.455921962584254,6
BTC,short,-1,2024-04-12 08:00:00+00:00,2024-04-12 12:00:00+00:00,2024-04-13 12:00:00+00:00,69955.19911258426,67364.0,71857.56117869052,69955.19911258426,0.038465636134793924,0.03742500062448628,0.0010406355103076415,5.012959217987713,6
DOT,short,-1,2024-04-12 08:00:00+00:00,2024-04-12 12:00:00+00:00,2024-04-13 12:00:00+00:00,8.29761742592627,7.218,8.562462855663517,8.29761742592627,0.1495729323810293,0.1474948499296831,0.0020780824513462193,9.046674492363598,6
LINK,short,-1,2024-04-12 08:00:00+00:00,2024-04-12 12:00:00+00:00,2024-04-13 12:00:00+00:00,17.392238981180174,15.06,17.899405380575995,17.392238981180174,0.15486314616070218,0.15335433624347328,0.0015088099172289038,6.536688716426203,6
SOL,short,-1,2024-04-12 08:00:00+00:00,2024-04-12 12:00:00+00:00,2024-04-13 12:00:00+00:00,169.273370875816,151.21,176.23680703969552,169.273370875816,0.11945883787987555,0.11811608575796195,0.001342752121913593,6.000925858297193,6
ADA,short,-1,2024-04-12 12:00:00+00:00,2024-04-12 16:00:00+00:00,2024-04-13 16:00:00+00:00,0.5519458730230964,0.5028,0.5767261892121798,0.5519458730230964,0.09774437753201348,0.09555354153378492,0.0021908359982285575,9.988775255673833,6
AVAX,short,-1,2024-04-12 12:00:00+00:00,2024-04-12 16:00:00+00:00,2024-04-13 16:00:00+00:00,43.105360307958016,38.224,45.31218417026908,43.105360307958016,0.12770406833293269,0.12596632332446922,0.001737745008463465,7.710732744665526,6
ETH,short,-1,2024-04-12 12:00:00+00:00,2024-04-12 16:00:00+00:00,2024-04-13 16:00:00+00:00,3381.9883036670562,3272.13,3499.596752379889,3381.9883036670562,0.033573942253839695,0.03253222721258919,0.0010417150412505016,5.041924062981029,6
XRP,short,-1,2024-04-12 12:00:00+00:00,2024-04-12 16:00:00+00:00,2024-04-13 16:00:00+00:00,0.5837147770066257,0.5427,0.6032459239866103,0.5837147770066257,0.07557541368458764,0.07434076783762023,0.0012346458469674193,5.742762706652812,6
BNB,short,-1,2024-04-13 16:00:00+00:00,2024-04-13 20:00:00+00:00,2024-04-14 20:00:00+00:00,521.048868812829,551.9,570.4705600402629,521.048868812829,-0.055899857197265757,-0.05711807809272207,0.0012182208954563123,6.455921962584254,6
BTC,short,-1,2024-04-13 16:00:00+00:00,2024-04-13 20:00:00+00:00,2024-04-14 20:00:00+00:00,63086.22890313873,64161.8,66527.25598250475,63086.22890313873,-0.016763418371387173,-0.01774870942606721,0.0009852910546800375,5.012959217987713,6
DOT,short,-1,2024-04-13 16:00:00+00:00,2024-04-13 20:00:00+00:00,2024-04-14 20:00:00+00:00,5.884940121098891,6.605,6.979727941960782,5.884940121098891,-0.10901739271780608,-0.11062802155960805,0.0016106288418019643,9.046674492363598,6
LINK,short,-1,2024-04-13 16:00:00+00:00,2024-04-13 20:00:00+00:00,2024-04-14 20:00:00+00:00,12.324964053529689,13.6,14.647190467732033,12.324964053529689,-0.09375264312281695,-0.09493664055494955,0.0011839974321325997,6.536688716426203,6
ETH,long,1,2024-04-14 00:00:00+00:00,2024-04-14 04:00:00+00:00,2024-04-15 04:00:00+00:00,3090.7727678851084,3146.59,3090.7727678851084,2855.5802659472897,0.018059312769565183,0.017033234561087074,0.0010260782084781095,5.041924062981029,6
XRP,long,1,2024-04-14 00:00:00+00:00,2024-04-14 04:00:00+00:00,2024-04-15 04:00:00+00:00,0.49797918434565286,0.4985,0.49797918434565286,0.4435928387052236,0.0010458582822723272,-0.00010323558490554774,0.001149093867177875,5.742762706652812,6
SOL,long,1,2024-04-14 16:00:00+00:00,2024-04-14 20:00:00+00:00,2024-04-15 20:00:00+00:00,151.3814138919711,137.9,151.3814138919711,132.78755881052143,-0.08905593854204397,-0.09014858440813411,0.0010926458660901472,6.000925858297193,6
DOT,long,1,2024-04-15 00:00:00+00:00,2024-04-15 04:00:00+00:00,2024-04-16 04:00:00+00:00,7.145718870452652,6.595,7.145718870452652,6.361090440872696,-0.07706976448931668,-0.07873814504370136,0.0016683805543846741,9.046674492363598,6
BTC,short,-1,2024-04-15 08:00:00+00:00,2024-04-15 12:00:00+00:00,2024-04-16 12:00:00+00:00,64179.64190230769,63102.1,67603.64700950429,64179.64190230769,0.017076165489067652,0.016056964142709074,0.001019201346358578,5.012959217987713,6
ETH,short,-1,2024-04-15 08:00:00+00:00,2024-04-15 12:00:00+00:00,2024-04-16 12:00:00+00:00,3103.735744652763,3093.32,3360.9013510803998,3103.735744652763,0.003367173345390384,0.0023559030011597315,0.0010112703442306525,5.041924062981029,6
AVAX,short,-1,2024-04-15 12:00:00+00:00,2024-04-15 16:00:00+00:00,2024-04-16 16:00:00+00:00,34.04214885370037,32.949,39.950089221590666,34.04214885370037,0.03317699637926408,0.031584913652302316,0.0015920827269617632,7.710732744665526,6
LINK,short,-1,2024-04-15 12:00:00+00:00,2024-04-15 16:00:00+00:00,2024-04-16 16:00:00+00:00,13.264637161359204,12.936,15.024134213074786,13.264637161359204,0.025404851682065743,0.024065176921003628,0.0013396747610621151,6.536688716426203,6
ADA,short,-1,2024-04-16 04:00:00+00:00,2024-04-16 08:00:00+00:00,2024-04-17 08:00:00+00:00,0.4535549151384112,0.457,0.4951577030787212,0.4535549151384112,-0.007538478909384749,-0.00951919543298041,0.0019807165235956603,9.988775255673833,6
BNB,short,-1,2024-04-16 04:00:00+00:00,2024-04-16 08:00:00+00:00,2024-04-17 08:00:00+00:00,537.9279328612636,543.8,563.3658925054544,537.9279328612636,-0.010798210994366286,-0.012074628859967018,0.001276417865600732,6.455921962584254,6
SOL,short,-1,2024-04-16 04:00:00+00:00,2024-04-16 08:00:00+00:00,2024-04-17 08:00:00+00:00,130.66903445047413,139.48,145.3623077562358,130.66903445047413,-0.06317010001093959,-0.06429379504421573,0.0011236950332761397,6.000925858297193,6
XRP,short,-1,2024-04-16 04:00:00+00:00,2024-04-16 08:00:00+00:00,2024-04-17 08:00:00+00:00,0.48448912638287744,0.504,0.5131218565337567,0.48448912638287744,-0.03871205082762408,-0.039815506855983784,0.0011034560283597061,5.742762706652812,6
DOT,short,-1,2024-04-16 08:00:00+00:00,2024-04-16 12:00:00+00:00,2024-04-17 12:00:00+00:00,6.442358567478818,6.537,6.953392694739555,6.442358567478818,-0.014477808248612778,-0.01625933625297238,0.0017815280043596005,9.046674492363598,6
BTC,long,1,2024-04-16 16:00:00+00:00,2024-04-16 20:00:00+00:00,2024-04-17 20:00:00+00:00,64159.473150158345,61020.9,64159.473150158345,61310.08552320526,-0.04891831238721134,-0.049871381360217515,0.000953068973006177,5.012959217987713,6
ETH,short,-1,2024-04-17 08:00:00+00:00,2024-04-17 12:00:00+00:00,2024-04-18 12:00:00+00:00,2978.671040519037,3045.8,3102.9386941934554,2978.671040519037,-0.022039844862093094,-0.023025508065955713,0.000985663203862619,5.041924062981029,6
LINK,short,-1,2024-04-17 08:00:00+00:00,2024-04-17 12:00:00+00:00,2024-04-18 12:00:00+00:00,12.822733743282875,13.341,13.654328905621847,12.822733743282875,-0.038847631865461696,-0.040103361801801296,0.0012557299363396002,6.536688716426203,6
ADA,long,1,2024-04-17 12:00:00+00:00,2024-04-17 16:00:00+00:00,2024-04-18 16:00:00+00:00,0.44900336270082736,0.4543,0.44900336270082736,0.41660322736744465,0.011796431250119088,0.009777126856645113,0.002019304393473975,9.988775255673833,6
AVAX,long,1,2024-04-17 12:00:00+00:00,2024-04-17 16:00:00+00:00,2024-04-18 16:00:00+00:00,34.140858069976105,35.023,34.140858069976105,31.20703289929777,0.0258383057688778,0.024257531658542275,0.0015807741103355255,7.710732744665526,6
BNB,long,1,2024-04-17 12:00:00+00:00,2024-04-17 16:00:00+00:00,2024-04-18 16:00:00+00:00,530.2750290463944,550.7,530.2750290463944,504.64245031720577,0.038517693337995595,0.03717764062857665,0.0013400527094189485,6.455921962584254,6
SOL,long,1,2024-04-17 12:00:00+00:00,2024-04-17 16:00:00+00:00,2024-04-18 16:00:00+00:00,135.26106259005513,138.98,135.26106259005513,122.51428890680906,0.027494515707126244,0.026262071605980708,0.0012324441011455356,6.000925858297193,6
XRP,long,1,2024-04-17 12:00:00+00:00,2024-04-17 16:00:00+00:00,2024-04-18 16:00:00+00:00,0.48918599721141715,0.5006,0.48918599721141715,0.4668743817319341,0.023332644134639757,0.022157967414558444,0.0011746767200813135,5.742762706652812,6
BTC,long,1,2024-04-18 04:00:00+00:00,2024-04-18 08:00:00+00:00,2024-04-19 08:00:00+00:00,62702.74029275585,64551.8,62702.74029275585,59682.92180162264,0.02948929661783506,0.028457656203107584,0.001031640414727475,5.012959217987713,6
DOT,long,1,2024-04-18 04:00:00+00:00,2024-04-18 08:00:00+00:00,2024-04-19 08:00:00+00:00,6.74860972057087,6.719,6.74860972057087,6.306865823083869,-0.004387528957351616,-0.006187297154859217,0.0017997681975076008,9.046674492363598,6
ADA,short,-1,2024-04-18 20:00:00+00:00,2024-04-19 00:00:00+00:00,2024-04-20 00:00:00+00:00,0.44447430201936877,0.4681,0.4717312318111545,0.44447430201936877,-0.050471476138926,-0.052366508638292064,0.0018950324993660672,9.988775255673833,6
AVAX,short,-1,2024-04-18 20:00:00+00:00,2024-04-19 00:00:00+00:00,2024-04-20 00:00:00+00:00,33.428691519853224,34.676,36.32756918645112,33.428691519853224,-0.03597036798208497,-0.03745589750006073,0.0014855295179757588,7.710732744665526,6
BNB,short,-1,2024-04-18 20:00:00+00:00,2024-04-19 00:00:00+00:00,2024-04-20 00:00:00+00:00,537.709449598672,553.7,566.6703462760803,537.709449598672,-0.028879448078974246,-0.03013253479586142,0.001253086716887175,6.455921962584254,6
ETH,short,-1,2024-04-18 20:00:00+00:00,2024-04-19 00:00:00+00:00,2024-04-20 00:00:00+00:00,2994.5094739013657,3056.12,3136.105943877647,2994.5094739013657,-0.020159720854755148,-0.021147278991701657,0.0009875581369465092,5.041924062981029,6
LINK,short,-1,2024-04-18 20:00:00+00:00,2024-04-19 00:00:00+00:00,2024-04-20 00:00:00+00:00,13.500311935453434,13.946,14.286821291401656,13.500311935453434,-0.031958128821638176,-0.033222859781650405,0.001264730960012228,6.536688716426203,6
SOL,short,-1,2024-04-18 20:00:00+00:00,2024-04-19 00:00:00+00:00,2024-04-20 00:00:00+00:00,135.20150990045084,142.49,149.14034624943758,135.20150990045084,-0.05115088848023841,-0.05228900014165683,0.0011381116614184172,6.000925858297193,6
XRP,short,-1,2024-04-18 20:00:00+00:00,2024-04-19 00:00:00+00:00,2024-04-20 00:00:00+00:00,0.48814363613303086,0.5029,0.5172785862790311,0.48814363613303086,-0.029342540996160626,-0.030456752222393302,0.0011142112262326753,5.742762706652812,6
DOT,short,-1,2024-04-19 16:00:00+00:00,2024-04-19 20:00:00+00:00,2024-04-20 20:00:00+00:00,6.586392488565638,7.244,7.00196368194926,6.586392488565638,-0.09077961229077336,-0.09242320955970962,0.0016435972689362588,9.046674492363598,6
ADA,short,-1,2024-04-20 04:00:00+00:00,2024-04-20 08:00:00+00:00,2024-04-21 08:00:00+00:00,0.48181230014138055,0.5055,0.5122539211381223,0.48181230014138055,-0.046859940373134346,-0.04876218063664528,0.0019022402635109348,9.988775255673833,6
XRP,long,1,2024-04-20 04:00:00+00:00,2024-04-20 08:00:00+00:00,2024-04-21 08:00:00+00:00,0.5257105052450984,0.5337,0.5257105052450984,0.5027459169315587,0.015197517788191561,0.0140321793254099,0.001165338462781662,5.742762706652812,6
AVAX,long,1,2024-04-20 08:00:00+00:00,2024-04-20 12:00:00+00:00,2024-04-21 12:00:00+00:00,36.172620244597965,37.471,36.172620244597965,33.93315763967383,0.035893992379386175,0.03429772287473187,0.0015962695046543018,7.710732744665526,6
BNB,long,1,2024-04-20 08:00:00+00:00,2024-04-20 12:00:00+00:00,2024-04-21 12:00:00+00:00,565.8596698987345,578.9,565.8596698987345,546.1156297908678,0.023045166133856432,0.02172507842083027,0.0013200877130261635,6.455921962584254,6
LINK,long,1,2024-04-20 08:00:00+00:00,2024-04-20 12:00:00+00:00,2024-04-21 12:00:00+00:00,14.542513263258751,14.893,14.542513263258751,13.80313157472885,0.02410083665708207,0.022762865570440827,0.001337971086641243,6.536688716426203,6
SOL,long,1,2024-04-20 08:00:00+00:00,2024-04-20 12:00:00+00:00,2024-04-21 12:00:00+00:00,146.42483991723728,151.48,146.42483991723728,136.85679022307033,0.03452392425779682,0.03328304862444309,0.001240875633353733,6.000925858297193,6
BTC,short,-1,2024-04-21 12:00:00+00:00,2024-04-21 16:00:00+00:00,2024-04-22 16:00:00+00:00,64462.639118458515,65996.7,65625.35713417066,64462.639118458515,-0.023244508915468254,-0.024223305337364054,0.0009787964218958,5.012959217987713,6
ETH,short,-1,2024-04-21 12:00:00+00:00,2024-04-21 16:00:00+00:00,2024-04-22 16:00:00+00:00,3117.2060321314784,3183.75,3202.08401585019,3117.2060321314784,-0.020901128502087696,-0.02188793939157918,0.000986810889491485,5.041924062981029,6
XRP,short,-1,2024-04-21 12:00:00+00:00,2024-04-21 16:00:00+00:00,2024-04-22 16:00:00+00:00,0.520949874128574,0.5388,0.5341324834091897,0.520949874128574,-0.03312940956092425,-0.034239273865976694,0.0011098643050524437,5.742762706652812,6
LINK,long,1,2024-04-21 16:00:00+00:00,2024-04-21 20:00:00+00:00,2024-04-22 20:00:00+00:00,15.012951002910906,15.398,15.012951002910906,14.523111143020756,0.025647788833417007,0.02430779667891758,0.0013399921544994253,6.536688716426203,6
AVAX,long,1,2024-04-21 20:00:00+00:00,2024-04-22 00:00:00+00:00,2024-04-23 00:00:00+00:00,38.232074087360175,39.182,38.232074087360175,36.092721672565645,0.02484630863785342,0.023267063153787237,0.001579245484066183,7.710732744665526,6
BNB,long,1,2024-04-21 20:00:00+00:00,2024-04-22 00:00:00+00:00,2024-04-23 00:00:00+00:00,587.1416371500502,604.7,587.1416371500502,571.9578186109421,0.029904816383278687,0.02857587731128075,0.0013289390719979366,6.455921962584254,6
DOT,long,1,2024-04-21 20:00:00+00:00,2024-04-22 00:00:00+00:00,2024-04-23 00:00:00+00:00,7.3077554934367885,7.465,7.3077554934367885,6.974141519345135,0.021517483268896243,0.019670886592922487,0.001846596675973755,9.046674492363598,6
SOL,long,1,2024-04-22 00:00:00+00:00,2024-04-22 04:00:00+00:00,2024-04-23 04:00:00+00:00,153.92493682398694,155.52,153.92493682398694,146.83855693795414,0.010362604064843683,0.009150709098629806,0.0012118949662138778,6.000925858297193,6
ADA,short,-1,2024-04-22 20:00:00+00:00,2024-04-23 00:00:00+00:00,2024-04-24 00:00:00+00:00,0.5104959580829124,0.4998,0.5225746566178925,0.5104959580829124,0.021400476356367326,0.019362004579139835,0.0020384717772274907,9.988775255673833,6
XRP,short,-1,2024-04-22 20:00:00+00:00,2024-04-23 00:00:00+00:00,2024-04-24 00:00:00+00:00,0.547499783764885,0.5446,0.5646321864717916,0.547499783764885,0.0053246121279562075,0.004170606707763591,0.0011540054201926164,5.742762706652812,6
ETH,short,-1,2024-04-23 00:00:00+00:00,2024-04-23 04:00:00+00:00,2024-04-24 04:00:00+00:00,3157.0248658211485,3238.32,3211.407334722705,3157.0248658211485,-0.02510410774069627,-0.026086682545557682,0.0009825748048614136,5.041924062981029,6
BNB,long,1,2024-04-23 04:00:00+00:00,2024-04-23 08:00:00+00:00,2024-04-24 08:00:00+00:00,609.9100087674426,608.0,609.9100087674426,591.2351737410102,-0.003131623911702186,-0.004417934368308285,0.001286310456606099,6.455921962584254,6
AVAX,long,1,2024-04-23 08:00:00+00:00,2024-04-23 12:00:00+00:00,2024-04-24 12:00:00+00:00,38.73175161822158,39.156,38.73175161822158,37.456914815013825,0.01095350362566161,0.009395666375582978,0.0015578372500786308,7.710732744665526,6
BTC,long,1,2024-04-23 08:00:00+00:00,2024-04-23 12:00:00+00:00,2024-04-24 12:00:00+00:00,66660.62030465662,66580.0,66660.62030465662,65467.76436079971,-0.0012094142581957623,-0.002210291817084098,0.0010008775588883356,5.012959217987713,6
DOT,long,1,2024-04-23 08:00:00+00:00,2024-04-23 12:00:00+00:00,2024-04-24 12:00:00+00:00,7.481344866417372,7.433,7.481344866417372,7.260312279389815,-0.006462055590350402,-0.008258073667035348,0.0017960180766849465,9.046674492363598,6
SOL,long,1,2024-04-23 08:00:00+00:00,2024-04-23 12:00:00+00:00,2024-04-24 12:00:00+00:00,156.68752630766426,159.33,156.68752630766426,151.51586702175632,0.0168646078893806,0.015644913994669496,0.0012196938947111047,6.000925858297193,6
LINK,long,1,2024-04-24 00:00:00+00:00,2024-04-24 04:00:00+00:00,2024-04-25 04:00:00+00:00,15.47954597264047,14.546,15.47954597264047,15.10277500471944,-0.06030835621990971,-0.06153604806892743,0.0012276918490177202,6.536688716426203,6
ADA,short,-1,2024-04-24 04:00:00+00:00,2024-04-24 08:00:00+00:00,2024-04-25 08:00:00+00:00,0.4970453925303068,0.4724,0.5118634310335892,0.4970453925303068,0.052170602308015956,0.05007072069714735,0.0020998816108686036,9.988775255673833,6
ETH,short,-1,2024-04-24 08:00:00+00:00,2024-04-24 12:00:00+00:00,2024-04-25 12:00:00+00:00,3250.716888256996,3111.77,3312.7361337745137,3250.716888256996,0.04465204313204252,0.04359916273160325,0.0010528804004392711,5.041924062981029,6
XRP,short,-1,2024-04-24 08:00:00+00:00,2024-04-24 12:00:00+00:00,2024-04-25 12:00:00+00:00,0.5346985305696766,0.5191,0.5546848233976049,0.5346985305696766,0.030049182372715588,0.028866795783166976,0.0011823865895486119,5.742762706652812,6
BNB,short,-1,2024-04-25 08:00:00+00:00,2024-04-25 12:00:00+00:00,2024-04-26 12:00:00+00:00,601.6416062990239,602.1,621.1134437638478,601.6416062990239,-0.0007613248646007875,-0.0020506938397862884,0.0012893689751855009,6.455921962584254,6
BTC,short,-1,2024-04-25 08:00:00+00:00,2024-04-25 12:00:00+00:00,2024-04-26 12:00:00+00:00,62957.63387816314,64240.4,64760.49124050968,62957.63387816314,-0.0199682150459346,-0.02095029460751674,0.0009820795615821387,5.012959217987713,6
ETH,long,1,2024-04-26 12:00:00+00:00,2024-04-26 16:00:00+00:00,2024-04-27 16:00:00+00:00,3149.7658157788196,3145.34,3149.7658157788196,3085.4459416999525,-0.0014051253450806378,-0.0024115858008999513,0.0010064604558193135,5.041924062981029,6
AVAX,short,-1,2024-04-26 16:00:00+00:00,2024-04-26 20:00:00+00:00,2024-04-27 20:00:00+00:00,34.423079532669924,34.494,35.34095895881173,34.423079532669924,-0.0020560232889800245,-0.003593813399837331,0.0015377901108573067,7.710732744665526,6
DOT,short,-1,2024-04-26 16:00:00+00:00,2024-04-26 20:00:00+00:00,2024-04-27 20:00:00+00:00,6.762545622525441,6.8,6.932509090044757,6.762545622525441,-0.005507996687435068,-0.007305739415951806,0.001797742728516738,9.046674492363598,6
LINK,short,-1,2024-04-26 16:00:00+00:00,2024-04-26 20:00:00+00:00,2024-04-27 20:00:00+00:00,14.433941554137226,14.173,14.877413435171405,14.433941554137226,0.018411172944134968,0.01708063531059545,0.0013305376335395191,6.536688716426203,6
SOL,short,-1,2024-04-26 16:00:00+00:00,2024-04-26 20:00:00+00:00,2024-04-27 20:00:00+00:00,140.64080083801866,142.28,144.7487662093634,140.64080083801866,-0.01152093872632376,-0.012706585140537796,0.0011856464142140366,6.000925858297193,6
ADA,short,-1,2024-04-26 20:00:00+00:00,2024-04-27 00:00:00+00:00,2024-04-28 00:00:00+00:00,0.4595042676176612,0.4677,0.46652232657471115,0.4595042676176612,-0.01752348168128881,-0.01948427052047752,0.0019607888391887096,9.988775255673833,6
BNB,short,-1,2024-04-26 20:00:00+00:00,2024-04-27 00:00:00+00:00,2024-04-28 00:00:00+00:00,592.3014303181398,595.8,603.14777529427,592.3014303181398,-0.00587205384669387,-0.007154828185828799,0.0012827743391349289,6.455921962584254,6
BTC,short,-1,2024-04-26 20:00:00+00:00,2024-04-27 00:00:00+00:00,2024-04-28 00:00:00+00:00,63273.921496894036,63451.5,64279.24030849974,63273.921496894036,-0.002798649411061449,-0.0037979344140895988,0.0009992850030281497,5.012959217987713,6
XRP,short,-1,2024-04-26 20:00:00+00:00,2024-04-27 00:00:00+00:00,2024-04-28 00:00:00+00:00,0.5200836109288529,0.518,0.532185987375525,0.5200836109288529,0.004022414920565431,0.0028699042838660205,0.001152510636699411,5.742762706652812,6
ETH,long,1,2024-04-27 20:00:00+00:00,2024-04-28 00:00:00+00:00,2024-04-29 00:00:00+00:00,3299.8148333281665,3263.53,3299.8148333281665,3210.8727115799043,-0.010996021037813719,-0.01199281505382288,0.0009967940160091615,5.041924062981029,6
ADA,short,-1,2024-04-28 04:00:00+00:00,2024-04-28 08:00:00+00:00,2024-04-29 08:00:00+00:00,0.46828208480286965,0.4508,0.48140863662315897,0.46828208480286965,0.038780134877705486,0.03670697744660023,0.0020731574311052547,9.988775255673833,6
AVAX,short,-1,2024-04-28 04:00:00+00:00,2024-04-28 08:00:00+00:00,2024-04-29 08:00:00+00:00,34.58306698072511,33.204,35.43410527131641,34.58306698072511,0.04153315807508462,0.03992819885092391,0.001604959224160707,7.710732744665526,6
BTC,short,-1,2024-04-28 04:00:00+00:00,2024-04-28 08:00:00+00:00,2024-04-29 08:00:00+00:00,63344.608858831416,62407.4,64511.51627231608,63344.608858831416,0.015017591805321473,0.014000453334036989,0.0010171384712844844,5.012959217987713,6
DOT,short,-1,2024-04-28 04:00:00+00:00,2024-04-28 08:00:00+00:00,2024-04-29 08:00:00+00:00,6.815910613979339,6.578,7.0398999807284515,6.815910613979339,0.036167621462350086,0.03429454173842683,0.0018730797239232544,9.046674492363598,6
LINK,short,-1,2024-04-28 04:00:00+00:00,2024-04-28 08:00:00+00:00,2024-04-29 08:00:00+00:00,14.113501061128664,13.868,14.557943851783646,14.113501061128664,0.017702701263964782,0.016373089237152527,0.0013296120268122547,6.536688716426203,6
XRP,short,-1,2024-04-28 04:00:00+00:00,2024-04-28 08:00:00+00:00,2024-04-29 08:00:00+00:00,0.5174459972702411,0.5025,0.5294225125814013,0.5174459972702411,0.029743278149733543,0.02856124270560323,0.0011820354441303138,5.742762706652812,6
BNB,long,1,2024-04-28 08:00:00+00:00,2024-04-28 12:00:00+00:00,2024-04-29 12:00:00+00:00,606.86969257225,584.2,606.86969257225,595.7814246209944,-0.03735512392481355,-0.03859727404191582,0.0012421501171022697,6.455921962584254,6
SOL,short,-1,2024-04-28 16:00:00+00:00,2024-04-28 20:00:00+00:00,2024-04-29 20:00:00+00:00,138.62652955718565,134.96,145.6195034563904,138.62652955718565,0.027167527839253358,0.025935475948735354,0.0012320518905180045,6.000925858297193,6
AVAX,long,1,2024-04-29 16:00:00+00:00,2024-04-29 20:00:00+00:00,2024-04-30 20:00:00+00:00,35.71748359458,31.991,35.71748359458,33.58726246274649,-0.10433219867553833,-0.10571238545919881,0.0013801867836604753,7.710732744665526,6
BTC,long,1,2024-04-29 16:00:00+00:00,2024-04-29 20:00:00+00:00,2024-04-30 20:00:00+00:00,63667.99965212749,59304.1,63667.99965212749,62303.39174583209,-0.06854149142381083,-0.06947489621514369,0.0009334047913328591,5.012959217987713,6
BNB,long,1,2024-04-29 20:00:00+00:00,2024-04-30 00:00:00+00:00,2024-05-01 00:00:00+00:00,599.7002108581277,578.0,599.7002108581277,586.1768991159522,-0.036185097929307464,-0.03742875779103483,0.0012436598617273642,6.455921962584254,6
DOT,short,-1,2024-04-29 20:00:00+00:00,2024-04-30 00:00:00+00:00,2024-05-01 00:00:00+00:00,6.465617811914641,6.422,6.710660954943065,6.465617811914641,0.006791935832239471,0.0049719585214687,0.0018199773107707706,9.046674492363598,6
ETH,short,-1,2024-04-29 20:00:00+00:00,2024-04-30 00:00:00+00:00,2024-05-01 00:00:00+00:00,3159.0379408830377,3014.71,3277.6347349616585,3159.0379408830377,0.04787456865935291,0.046818440350684165,0.0010561283086687467,5.041924062981029,6
LINK,short,-1,2024-04-29 20:00:00+00:00,2024-04-30 00:00:00+00:00,2024-05-01 00:00:00+00:00,13.873300582356308,13.129,14.281661009491948,13.873300582356308,0.056691338438289884,0.055310788391138566,0.0013805500471513188,6.536688716426203,6
XRP,short,-1,2024-04-29 20:00:00+00:00,2024-04-30 00:00:00+00:00,2024-05-01 00:00:00+00:00,0.5077055951695643,0.5007,0.5226020995718696,0.5077055951695643,0.013991602096193878,0.012827647895995442,0.001163954200198436,5.742762706652812,6
ADA,short,-1,2024-04-30 04:00:00+00:00,2024-04-30 08:00:00+00:00,2024-05-01 08:00:00+00:00,0.44428388234145194,0.4278,0.45802068922141986,0.44428388234145194,0.038531749278756244,0.036459087566073745,0.0020726617126824998,9.988775255673833,6
SOL,short,-1,2024-04-30 04:00:00+00:00,2024-04-30 08:00:00+00:00,2024-05-01 08:00:00+00:00,132.2170451367847,120.62,138.0253815317098,132.2170451367847,0.09614529213053125,0.09483050379966107,0.0013147883308701758,6.000925858297193,6
AVAX,short,-1,2024-05-01 00:00:00+00:00,2024-05-01 04:00:00+00:00,2024-05-02 04:00:00+00:00,31.49966759356411,32.8,33.83612242364632,31.49966759356411,-0.03964428068402104,-0.04112414885551552,0.0014798681714944806,7.710732744665526,6
BTC,short,-1,2024-05-01 00:00:00+00:00,2024-05-01 04:00:00+00:00,2024-05-02 04:00:00+00:00,58883.492616405405,57437.6,61639.21598544553,58883.492616405405,0.02517327702420369,0.02414596164739402,0.0010273153768096677,5.012959217987713,6
DOT,long,1,2024-05-01 04:00:00+00:00,2024-05-01 08:00:00+00:00,2024-05-02 08:00:00+00:00,6.514366855862433,6.871,6.514366855862433,6.083020173225077,0.054745634077489,0.052838970888864134,0.0019066631886248686,9.046674492363598,6
XRP,short,-1,2024-05-01 04:00:00+00:00,2024-05-01 08:00:00+00:00,2024-05-02 08:00:00+00:00,0.4815260434305614,0.5137,0.5000487373113863,0.4815260434305614,-0.0626318017703692,-0.06370780047608438,0.0010759987057151754,5.742762706652812,6
ADA,long,1,2024-05-01 12:00:00+00:00,2024-05-01 16:00:00+00:00,2024-05-02 16:00:00+00:00,0.4473699899884349,0.4575,0.4473699899884349,0.4233610752587499,0.022643472379153096,0.020602519878281544,0.0020409525008715512,9.988775255673833,6
BNB,long,1,2024-05-01 12:00:00+00:00,2024-05-01 16:00:00+00:00,2024-05-02 16:00:00+00:00,564.1048319970839,564.7,564.1048319970839,526.542201293421,0.0010550663088793044,-0.0002366464491122544,0.0012917127579915588,6.455921962584254,6
ETH,long,1,2024-05-01 12:00:00+00:00,2024-05-01 16:00:00+00:00,2024-05-02 16:00:00+00:00,2984.4960156196275,2990.45,2984.4960156196275,2790.348481122372,0.001994971462254025,0.0009850841282590395,0.0010098873339949854,5.041924062981029,6
LINK,long,1,2024-05-01 12:00:00+00:00,2024-05-01 16:00:00+00:00,2024-05-02 16:00:00+00:00,13.1758794407514,13.627,13.1758794407514,12.403775909980533,0.03423836422283433,0.032887148621309814,0.0013512156015245136,6.536688716426203,6
SOL,long,1,2024-05-01 12:00:00+00:00,2024-05-01 16:00:00+00:00,2024-05-02 16:00:00+00:00,128.1315462137308,139.12,128.1315462137308,118.78539945667951,0.08575916010519258,0.08445682958013334,0.0013023305250592365,6.000925858297193,6
DOT,long,1,2024-05-02 12:00:00+00:00,2024-05-02 16:00:00+00:00,2024-05-03 16:00:00+00:00,7.239621459921374,7.256,7.239621459921374,6.779917468299936,0.0022623475784331326,0.00045055840222696375,0.0018117891762061689,9.046674492363598,6
ADA,short,-1,2024-05-03 00:00:00+00:00,2024-05-03 04:00:00+00:00,2024-05-04 04:00:00+00:00,0.4508827409208195,0.4667,0.4703223937268435,0.4508827409208195,-0.033891705762118085,-0.03581982752937518,0.001928121767257096,9.988775255673833,6
XRP,long,1,2024-05-03 04:00:00+00:00,2024-05-03 08:00:00+00:00,2024-05-04 08:00:00+00:00,0.5261598330708814,0.5279,0.5261598330708814,0.5103605846017228,0.0033072971742489354,0.0021556074164430505,0.001151689757805885,5.742762706652812,6
AVAX,long,1,2024-05-03 08:00:00+00:00,2024-05-03 12:00:00+00:00,2024-05-04 12:00:00+00:00,34.38217001099712,35.81,34.38217001099712,32.757490281729226,0.041528210364447427,0.039923258764502645,0.0016049515999447816,7.710732744665526,6
BNB,long,1,2024-05-03 08:00:00+00:00,2024-05-03 12:00:00+00:00,2024-05-04 12:00:00+00:00,574.1872392147359,588.9,574.1872392147359,551.4425754794344,0.025623628984484892,0.024300214148434307,0.0013234148360505849,6.455921962584254,6
BTC,long,1,2024-05-03 08:00:00+00:00,2024-05-03 12:00:00+00:00,2024-05-04 12:00:00+00:00,60412.23770834846,63879.9,60412.23770834846,58204.31318858569,0.05739999747058433,0.05634038803558861,0.001059609434995723,5.012959217987713,6
ETH,long,1,2024-05-03 08:00:00+00:00,2024-05-03 12:00:00+00:00,2024-05-04 12:00:00+00:00,3033.6796682723866,3131.0,3033.6796682723866,2926.484378970649,0.03207996307106309,0.031039753776544776,0.0010402092945183128,5.041924062981029,6
LINK,long,1,2024-05-03 08:00:00+00:00,2024-05-03 12:00:00+00:00,2024-05-04 12:00:00+00:00,13.979856156531904,14.195,13.979856156531904,13.36310058617545,0.015389560597701468,0.014062970651547602,0.0013265899461538666,6.536688716426203,6
SOL,long,1,2024-05-03 08:00:00+00:00,2024-05-03 12:00:00+00:00,2024-05-04 12:00:00+00:00,142.7331108876957,146.54,142.7331108876957,131.30527236070787,0.026671380513100473,0.025439923734124292,0.001231456778976181,6.000925858297193,6
ADA,short,-1,2024-05-04 20:00:00+00:00,2024-05-05 00:00:00+00:00,2024-05-06 00:00:00+00:00,0.45289977579599267,0.4579,0.4737344804883395,0.45289977579599267,-0.0109199043546786,-0.012893872359454606,0.0019739680047760055,9.988775255673833,6
LINK,short,-1,2024-05-04 20:00:00+00:00,2024-05-05 00:00:00+00:00,2024-05-06 00:00:00+00:00,14.132080495298332,14.374,14.498261318860024,14.132080495298332,-0.016830353742985138,-0.018114848895092517,0.0012844951521073789,6.536688716426203,6
ETH,long,1,2024-05-05 04:00:00+00:00,2024-05-05 08:00:00+00:00,2024-05-06 08:00:00+00:00,3156.6279924576233,3180.49,3156.6279924576233,3055.6526952009817,0.00755933470760306,0.006543839181827105,0.0010154955257759557,5.041924062981029,6
DOT,long,1,2024-05-05 08:00:00+00:00,2024-05-05 12:00:00+00:00,2024-05-06 12:00:00+00:00,7.178117305046896,7.293,7.178117305046896,6.967451474335199,0.016004571960997582,0.014167940972212412,0.0018366309887851706,9.046674492363598,6
SOL,short,-1,2024-05-05 12:00:00+00:00,2024-05-05 16:00:00+00:00,2024-05-06 16:00:00+00:00,145.77059139698943,153.85,149.20945433201555,145.77059139698943,-0.05251484304849241,-0.053651318693624495,0.0011364756451320845,6.000925858297193,6
AVAX,long,1,2024-05-06 00:00:00+00:00,2024-05-06 04:00:00+00:00,2024-05-07 04:00:00+00:00,37.875669639893076,36.817,37.875669639893076,36.58943966340688,-0.027951179476389143,-0.02944906622991028,0.0014978867535211382,7.710732744665526,6
BTC,long,1,2024-05-06 00:00:00+00:00,2024-05-06 04:00:00+00:00,2024-05-07 04:00:00+00:00,64561.088798210905,63228.6,64561.088798210905,63182.74749035893,-0.0206391934060417,-0.021620600587254235,0.0009814071812125347,5.012959217987713,6
XRP,long,1,2024-05-06 00:00:00+00:00,2024-05-06 04:00:00+00:00,2024-05-07 04:00:00+00:00,0.5357849574357577,0.5387,0.5357849574357577,0.527447730806971,0.005440695047120192,0.004286556376118522,0.0011541386710016699,5.742762706652812,6
ADA,long,1,2024-05-06 04:00:00+00:00,2024-05-06 08:00:00+00:00,2024-05-07 08:00:00+00:00,0.47441218470271346,0.4494,0.47441218470271346,0.4589164591892379,-0.05272247532678176,-0.05461301536856522,0.0018905400417834617,9.988775255673833,6
LINK,long,1,2024-05-06 04:00:00+00:00,2024-05-06 08:00:00+00:00,2024-05-07 08:00:00+00:00,14.960304105517945,14.273,14.960304105517945,14.528852319240661,-0.045941853900178464,-0.04718831535081347,0.0012464614506350058,6.536688716426203,6
BNB,short,-1,2024-05-06 08:00:00+00:00,2024-05-06 12:00:00+00:00,2024-05-07 12:00:00+00:00,586.6603451283199,592.7,597.3882552490285,586.6603451283199,-0.010190070645655691,-0.011467273225977292,0.0012772025803216014,6.455921962584254,6
ETH,short,-1,2024-05-06 12:00:00+00:00,2024-05-06 16:00:00+00:00,2024-05-07 16:00:00+00:00,3045.672703609771,3071.22,3135.337694389206,3045.672703609771,-0.008318289275997426,-0.009317782115321194,0.0009994928393237679,5.041924062981029,6
SOL,long,1,2024-05-06 20:00:00+00:00,2024-05-07 00:00:00+00:00,2024-05-08 00:00:00+00:00,155.66852375020332,148.04,155.66852375020332,150.04323505682052,-0.049004921267478574,-0.05014560694227821,0.0011406856747996352,6.000925858297193,6
AVAX,long,1,2024-05-07 08:00:00+00:00,2024-05-07 12:00:00+00:00,2024-05-08 12:00:00+00:00,37.13528596137573,34.408,37.13528596137573,35.76558256159437,-0.07344190008964435,-0.07486968753706469,0.0014277874474203367,7.710732744665526,6
BTC,long,1,2024-05-07 08:00:00+00:00,2024-05-07 12:00:00+00:00,2024-05-08 12:00:00+00:00,64123.552860410404,62251.8,64123.552860410404,62876.76724942148,-0.02918978716736098,-0.03016262588834473,0.0009728387209837486,5.012959217987713,6
DOT,long,1,2024-05-07 08:00:00+00:00,2024-05-07 12:00:00+00:00,2024-05-08 12:00:00+00:00,7.272674429531411,6.952,7.272674429531411,7.001894075338255,-0.04409305443803191,-0.045821046975728086,0.0017279925376961769,9.046674492363598,6
LINK,short,-1,2024-05-07 12:00:00+00:00,2024-05-07 16:00:00+00:00,2024-05-08 16:00:00+00:00,14.20085035788623,14.002,14.8034093524024,14.20085035788623,0.014201568196416936,0.012876530343013393,0.0013250378534035434,6.536688716426203,6
ADA,short,-1,2024-05-07 16:00:00+00:00,2024-05-07 20:00:00+00:00,2024-05-08 20:00:00+00:00,0.44072776064799773,0.4643,0.4539702461806089,0.44072776064799773,-0.05076941493000697,-0.052663852814595624,0.0018944378845886511,9.988775255673833,6
BNB,short,-1,2024-05-07 16:00:00+00:00,2024-05-07 20:00:00+00:00,2024-05-08 20:00:00+00:00,580.2715852768173,588.9,590.9773435423471,580.2715852768173,-0.014651748553545008,-0.015923194001747354,0.0012714454482023463,6.455921962584254,6
XRP,short,-1,2024-05-07 16:00:00+00:00,2024-05-07 20:00:00+00:00,2024-05-08 20:00:00+00:00,0.5223006892754295,0.5252,0.5498534003437896,0.5223006892754295,-0.00552039361113954,-0.0066619501215433585,0.0011415565104038183,5.742762706652812,6
ETH,long,1,2024-05-08 08:00:00+00:00,2024-05-08 12:00:00+00:00,2024-05-09 12:00:00+00:00,3029.289525546995,2977.88,3029.289525546995,2952.4638439057812,-0.016970819432557183,-0.017961591588782633,0.0009907721562254501,5.041924062981029,6
SOL,long,1,2024-05-08 08:00:00+00:00,2024-05-08 12:00:00+00:00,2024-05-09 12:00:00+00:00,147.87441418027257,142.81,147.87441418027257,142.94732606163032,-0.034248076033617125,-0.03540646203341313,0.0011583859997960078,6.000925858297193,6
AVAX,short,-1,2024-05-08 16:00:00+00:00,2024-05-08 20:00:00+00:00,2024-05-09 20:00:00+00:00,33.85819645242876,34.674,34.9403142799456,33.85819645242876,-0.023527817603139045,-0.025032520573105232,0.0015047029699661874,7.710732744665526,6
BTC,short,-1,2024-05-08 16:00:00+00:00,2024-05-08 20:00:00+00:00,2024-05-09 20:00:00+00:00,61546.343617490165,62442.6,62816.54324208024,61546.343617490165,-0.01435328417634485,-0.015340990401195853,0.0009877062248510038,5.012959217987713,6
DOT,short,-1,2024-05-09 00:00:00+00:00,2024-05-09 04:00:00+00:00,2024-05-10 04:00:00+00:00,6.896435662289412,7.108,7.1967647391237515,6.896435662289412,-0.029764256852924498,-0.03151815155130322,0.0017538946983787218,9.046674492363598,6
BNB,short,-1,2024-05-09 04:00:00+00:00,2024-05-09 08:00:00+00:00,2024-05-10 08:00:00+00:00,590.2921665302908,595.0,610.2741327527244,590.2921665302908,-0.00791232515917506,-0.00919246683146413,0.0012801416722890702,6.455921962584254,6
ETH,long,1,2024-05-09 16:00:00+00:00,2024-05-09 20:00:00+00:00,2024-05-10 20:00:00+00:00,3059.126539496558,2901.38,3059.126539496558,2984.4942922506625,-0.05156587589950379,-0.05252178050615086,0.0009559046066470733,5.041924062981029,6
AVAX,long,1,2024-05-10 00:00:00+00:00,2024-05-10 04:00:00+00:00,2024-05-11 04:00:00+00:00,36.09917555095231,33.531,36.09917555095231,35.00130118530277,-0.07114222171992413,-0.07257355287594702,0.001431331156022897,7.710732744665526,6
ADA,short,-1,2024-05-10 08:00:00+00:00,2024-05-10 12:00:00+00:00,2024-05-11 12:00:00+00:00,0.4521685025428116,0.4433,0.479636438142805,0.4521685025428116,0.020005645257864968,0.01796995723088446,0.002035688026980509,9.988775255673833,6
BTC,short,-1,2024-05-10 08:00:00+00:00,2024-05-10 12:00:00+00:00,2024-05-11 12:00:00+00:00,62486.34910301353,60674.0,64106.620296957204,62486.34910301353,0.029870275620752285,0.028838253430966354,0.0010320221897859305,5.012959217987713,6
DOT,short,-1,2024-05-10 08:00:00+00:00,2024-05-10 12:00:00+00:00,2024-05-11 12:00:00+00:00,6.987176909220619,6.677,7.279824836390718,6.987176909220619,0.046454531858711956,0.04456285649168401,0.0018916753670279451,9.046674492363598,6
LINK,short,-1,2024-05-10 08:00:00+00:00,2024-05-10 12:00:00+00:00,2024-05-11 12:00:00+00:00,14.195363023059233,13.496,14.488131135914932,14.195363023059233,0.05182002245548545,0.050445836703436386,0.001374185752049062,6.536688716426203,6
SOL,short,-1,2024-05-10 08:00:00+00:00,2024-05-10 12:00:00+00:00,2024-05-11 12:00:00+00:00,151.78991303132625,144.22,158.33924942719895,151.78991303132625,0.05248864950302501,0.05122622580365377,0.00126242369937124,6.000925858297193,6
XRP,short,-1,2024-05-10 08:00:00+00:00,2024-05-10 12:00:00+00:00,2024-05-11 12:00:00+00:00,0.5095017042970057,0.5021,0.5229863565768762,0.5095017042970057,0.014741494317876302,0.013576679321396057,0.0011648149964802457,5.742762706652812,6
AVAX,long,1,2024-05-12 04:00:00+00:00,2024-05-12 08:00:00+00:00,2024-05-13 08:00:00+00:00,33.83624288249095,33.485,33.83624288249095,32.677845109456825,-0.010380670327694852,-0.011905632504127905,0.0015249621764330534,7.710732744665526,6
ADA,short,-1,2024-05-12 12:00:00+00:00,2024-05-12 16:00:00+00:00,2024-05-13 16:00:00+00:00,0.4380652181899723,0.4449,0.4451633042352869,0.4380652181899723,-0.015362512497252734,-0.017327614115605905,0.001965101618353171,9.988775255673833,6
BNB,long,1,2024-05-12 12:00:00+00:00,2024-05-12 16:00:00+00:00,2024-05-13 16:00:00+00:00,598.6978117107209,594.8,598.6978117107209,591.7226237853247,-0.006510482641624016,-0.007792433183300584,0.0012819505416765686,6.455921962584254,6
BTC,long,1,2024-05-12 12:00:00+00:00,2024-05-12 16:00:00+00:00,2024-05-13 16:00:00+00:00,61829.509811633056,63018.7,61829.509811633056,61013.003782543856,0.0192333756484544,0.018212012584445603,0.0010213630640087956,5.012959217987713,6
DOT,short,-1,2024-05-12 12:00:00+00:00,2024-05-12 16:00:00+00:00,2024-05-13 16:00:00+00:00,6.670263726910729,6.763,6.834737855427248,6.670263726910729,-0.013712298253625743,-0.015495210070044618,0.001782911816418875,9.046674492363598,6
XRP,short,-1,2024-05-12 12:00:00+00:00,2024-05-12 16:00:00+00:00,2024-05-13 16:00:00+00:00,0.5006877749124141,0.5094,0.5087443767616633,0.5006877749124141,-0.017102915366285498,-0.018231176377182412,0.0011282610108969138,5.742762706652812,6
SOL,short,-1,2024-05-12 16:00:00+00:00,2024-05-12 20:00:00+00:00,2024-05-13 20:00:00+00:00,142.82366170811986,148.81,147.16889448581477,142.82366170811986,-0.040228064591627866,-0.04137927780216755,0.001151213210539681,6.000925858297193,6
ETH,short,-1,2024-05-12 20:00:00+00:00,2024-05-13 00:00:00+00:00,2024-05-14 00:00:00+00:00,2908.7152449204277,2950.88,2949.990148875758,2908.7152449204277,-0.014288874871079993,-0.015282350096602504,0.000993475225522511,5.041924062981029,6
LINK,short,-1,2024-05-12 20:00:00+00:00,2024-05-13 00:00:00+00:00,2024-05-14 00:00:00+00:00,13.425727429955716,13.394,13.697635525482033,13.425727429955716,0.002368779300859769,0.0010592007936942593,0.0013095785071655097,6.536688716426203,6
AVAX,short,-1,2024-05-13 12:00:00+00:00,2024-05-13 16:00:00+00:00,2024-05-14 16:00:00+00:00,32.55458483128167,32.095,34.04611884145365,32.55458483128167,0.014319514917640497,0.012756490784331387,0.00156302413330911,7.710732744665526,6
BNB,short,-1,2024-05-14 00:00:00+00:00,2024-05-14 04:00:00+00:00,2024-05-15 04:00:00+00:00,582.6676046952007,569.4,594.1887917058788,582.6676046952007,0.023301026861961116,0.021980608998698914,0.0013204178632622021,6.455921962584254,6
BTC,short,-1,2024-05-14 00:00:00+00:00,2024-05-14 04:00:00+00:00,2024-05-15 04:00:00+00:00,61859.06988254484,61950.0,63151.20823280136,61859.06988254484,-0.0014677985061365417,-0.0024684171408828615,0.0010006186347463197,5.012959217987713,6
DOT,short,-1,2024-05-14 00:00:00+00:00,2024-05-14 04:00:00+00:00,2024-05-15 04:00:00+00:00,6.527957078809602,6.522,6.76617745287848,6.527957078809602,0.0009133822155169558,-0.0008959684366346421,0.0018093506521515978,9.046674492363598,6
XRP,short,-1,2024-05-14 00:00:00+00:00,2024-05-14 04:00:00+00:00,2024-05-15 04:00:00+00:00,0.5005154596692696,0.5015,0.5133659810823541,0.5005154596692696,-0.0019631910881960923,-0.0031088308876616733,0.001145639799465581,5.742762706652812,6
LINK,short,-1,2024-05-14 04:00:00+00:00,2024-05-14 08:00:00+00:00,2024-05-15 08:00:00+00:00,13.364376327766852,13.096,13.701726104460722,13.364376327766852,0.020492999982197002,0.019159742475491903,0.001333257506705099,6.536688716426203,6
ETH,short,-1,2024-05-14 08:00:00+00:00,2024-05-14 12:00:00+00:00,2024-05-15 12:00:00+00:00,2871.3702334432273,2899.4,2944.93500974269,2871.3702334432273,-0.009667436903074034,-0.010665569968008493,0.0009981330649344589,5.041924062981029,6
SOL,short,-1,2024-05-14 08:00:00+00:00,2024-05-14 12:00:00+00:00,2024-05-15 12:00:00+00:00,143.7753892050238,144.17,149.3985425375531,143.7753892050238,-0.0027371214189927384,-0.003933303717983283,0.0011961822989905446,6.000925858297193,6
AVAX,long,1,2024-05-14 20:00:00+00:00,2024-05-15 00:00:00+00:00,2024-05-16 00:00:00+00:00,32.35308403681384,34.673,32.35308403681384,30.825388975752634,0.07170617677580227,0.07005472218631525,0.0016514545894870114,7.710732744665526,6
ADA,long,1,2024-05-15 04:00:00+00:00,2024-05-15 08:00:00+00:00,2024-05-16 08:00:00+00:00,0.4357968604362655,0.4571,0.4357968604362655,0.42605816346204406,0.0488831873235811,0.046789866609070696,0.002093320714510405,9.988775255673833,6
BNB,long,1,2024-05-15 08:00:00+00:00,2024-05-15 12:00:00+00:00,2024-05-16 12:00:00+00:00,573.3552172377182,582.5,573.3552172377182,558.541721383211,0.015949593702729414,0.014638661771181338,0.001310931931548076,6.455921962584254,6
BTC,long,1,2024-05-15 08:00:00+00:00,2024-05-15 12:00:00+00:00,2024-05-16 12:00:00+00:00,62917.71644236795,66509.7,62917.71644236795,62035.398703244864,0.05709017683313844,0.056030877866150686,0.001059298966987754,5.012959217987713,6
DOT,long,1,2024-05-15 08:00:00+00:00,2024-05-15 12:00:00+00:00,2024-05-16 12:00:00+00:00,6.619404254620921,6.906,6.619404254620921,6.487261896721729,0.04329630497774928,0.04141033873597477,0.001885966241774506,9.046674492363598,6
XRP,long,1,2024-05-15 08:00:00+00:00,2024-05-15 12:00:00+00:00,2024-05-16 12:00:00+00:00,0.5041665658425953,0.5188,0.5041665658425953,0.49705866469185783,0.0290249991745255,0.027843788238042455,0.0011812109364830459,5.742762706652812,6
SOL,long,1,2024-05-15 20:00:00+00:00,2024-05-16 00:00:00+00:00,2024-05-17 00:00:00+00:00,163.20375633955243,159.35,163.20375633955243,153.89296768234468,-0.02361315956193144,-0.02478430177586921,0.0011711422139377703,6.000925858297193,6
ETH,short,-1,2024-05-16 08:00:00+00:00,2024-05-16 12:00:00+00:00,2024-05-17 12:00:00+00:00,2964.0515629885294,3031.09,3051.504152134415,2964.0515629885294,-0.022116940444351973,-0.023102525945377428,0.0009855855010254544,5.041924062981029,6
LINK,short,-1,2024-05-16 08:00:00+00:00,2024-05-16 12:00:00+00:00,2024-05-17 12:00:00+00:00,13.56232009697583,16.522,14.19488875232548,13.56232009697583,-0.17913569198790513,-0.1802081378554049,0.0010724458674997717,6.536688716426203,6
ADA,long,1,2024-05-17 00:00:00+00:00,2024-05-17 04:00:00+00:00,2024-05-18 04:00:00+00:00,0.4672684269532588,0.4855,0.4672684269532588,0.45304154483601716,0.03901734419681824,0.03694371335247926,0.0020736308443389806,9.988775255673833,6
AVAX,long,1,2024-05-17 00:00:00+00:00,2024-05-17 04:00:00+00:00,2024-05-18 04:00:00+00:00,35.45771742875675,37.591,35.45771742875675,34.12896984786059,0.060164125779656796,0.05853045701011039,0.0016336687695464036,7.710732744665526,6
DOT,long,1,2024-05-17 00:00:00+00:00,2024-05-17 04:00:00+00:00,2024-05-18 04:00:00+00:00,7.1635533395376765,7.207,7.1635533395376765,6.849955974944537,0.006064959441640427,0.0042462962857503506,0.0018186631558900768,9.046674492363598,6
XRP,long,1,2024-05-17 00:00:00+00:00,2024-05-17 04:00:00+00:00,2024-05-18 04:00:00+00:00,0.5227376816687883,0.5242,0.5227376816687883,0.5107320542641892,0.002797422842262698,0.001646318365803312,0.0011511044764593859,5.742762706652812,6
BTC,short,-1,2024-05-17 12:00:00+00:00,2024-05-17 16:00:00+00:00,2024-05-18 16:00:00+00:00,66281.61318375354,66803.5,68131.111828565,66281.61318375354,-0.007812267564520803,-0.008806528473439323,0.0009942609089185206,5.012959217987713,6
SOL,long,1,2024-05-17 20:00:00+00:00,2024-05-18 00:00:00+00:00,2024-05-19 00:00:00+00:00,173.97616321862736,172.37,173.97616321862736,165.1000336402672,-0.009232087826933966,-0.01042047963856485,0.0011883918116308845,6.000925858297193,6
XRP,short,-1,2024-05-18 08:00:00+00:00,2024-05-18 12:00:00+00:00,2024-05-19 12:00:00+00:00,0.5201035849128035,0.5176,0.527522685785752,0.5201035849128035,0.004836910573422726,0.0036834649825929766,0.0011534455908297492,5.742762706652812,6
ADA,short,-1,2024-05-19 04:00:00+00:00,2024-05-19 08:00:00+00:00,2024-05-20 08:00:00+00:00,0.47497896213742447,0.467,0.48568064775310116,0.47497896213742447,0.017085572028746165,0.015055711771580382,0.002029860257165783,9.988775255673833,6
DOT,short,-1,2024-05-19 04:00:00+00:00,2024-05-19 08:00:00+00:00,2024-05-20 08:00:00+00:00,7.057222712044356,6.998,7.15511442111941,7.057222712044356,0.008462805379302107,0.006639807638433748,0.0018229977408683595,9.046674492363598,6
SOL,short,-1,2024-05-19 04:00:00+00:00,2024-05-19 08:00:00+00:00,2024-05-20 08:00:00+00:00,171.6315269054758,177.96,176.8272102870381,171.6315269054758,-0.035561210915510344,-0.03671802185547446,0.0011568109399641147,6.000925858297193,6
AVAX,short,-1,2024-05-19 08:00:00+00:00,2024-05-19 12:00:00+00:00,2024-05-20 12:00:00+00:00,35.87606442528346,36.016,37.399779532517634,35.87606442528346,-0.0038853724654747124,-0.005420343625430424,0.0015349711599557114,7.710732744665526,6
BNB,short,-1,2024-05-19 08:00:00+00:00,2024-05-19 12:00:00+00:00,2024-05-20 12:00:00+00:00,577.662218399329,573.0,584.15592928172,577.662218399329,0.008136506805111798,0.006835656500803422,0.0013008503043083763,6.455921962584254,6
BTC,short,-1,2024-05-19 08:00:00+00:00,2024-05-19 12:00:00+00:00,2024-05-20 12:00:00+00:00,66817.09242283914,67000.2,67836.163857688,66817.09242283914,-0.0027329407548165596,-0.003732291603799176,0.0009993508489826164,5.012959217987713,6
LINK,short,-1,2024-05-19 12:00:00+00:00,2024-05-19 16:00:00+00:00,2024-05-20 16:00:00+00:00,16.742070578055408,16.486,17.205087187815266,16.742070578055408,0.015532608155732541,0.014205831320270645,0.0013267768354618958,6.536688716426203,6
ETH,long,1,2024-05-19 20:00:00+00:00,2024-05-20 00:00:00+00:00,2024-05-21 00:00:00+00:00,3098.0309560422274,3662.67,3098.0309560422274,3044.997966079529,0.1822573925081452,0.18106582288931383,0.0011915696188313785,5.041924062981029,6
XRP,long,1,2024-05-19 20:00:00+00:00,2024-05-20 00:00:00+00:00,2024-05-21 00:00:00+00:00,0.51307159851646,0.5378,0.51307159851646,0.505953264126492,0.04819678492249779,0.04699356682096467,0.0012032181015331211,5.742762706652812,6
ADA,long,1,2024-05-20 12:00:00+00:00,2024-05-20 16:00:00+00:00,2024-05-21 16:00:00+00:00,0.47258892142101355,0.4976,0.47258892142101355,0.46444645663722994,0.05292353977275077,0.050822155478255526,0.0021013842944952454,9.988775255673833,6
DOT,long,1,2024-05-20 12:00:00+00:00,2024-05-20 16:00:00+00:00,2024-05-21 16:00:00+00:00,7.122491208120339,7.53,7.122491208120339,6.982206442501762,0.057214362218525716,0.055303236311196935,0.0019111259073287812,9.046674492363598,6
SOL,long,1,2024-05-20 12:00:00+00:00,2024-05-20 16:00:00+00:00,2024-05-21 16:00:00+00:00,182.61729636450846,176.83,182.61729636450846,175.33675198042724,-0.03169084462271787,-0.032852297933063435,0.0011614533103455615,6.000925858297193,6
AVAX,long,1,2024-05-20 16:00:00+00:00,2024-05-20 20:00:00+00:00,2024-05-21 20:00:00+00:00,39.80488250408869,40.436,39.80488250408869,37.59079363809962,0.01585527845350332,0.014289887772539034,0.0015653906809642848,7.710732744665526,6
BNB,long,1,2024-05-20 16:00:00+00:00,2024-05-20 20:00:00+00:00,2024-05-21 20:00:00+00:00,596.8975784824395,609.7,596.8975784824395,582.9844558671425,0.021448271829330512,0.020130244671029196,0.001318027158301316,6.455921962584254,6
BTC,long,1,2024-05-20 16:00:00+00:00,2024-05-20 20:00:00+00:00,2024-05-21 20:00:00+00:00,71331.9017275276,69293.7,71331.9017275276,68785.63600592324,-0.02857349486227201,-0.029546951163303747,0.0009734563010317387,5.012959217987713,6
LINK,short,-1,2024-05-20 20:00:00+00:00,2024-05-21 00:00:00+00:00,2024-05-22 00:00:00+00:00,16.85500351470464,16.747,17.691116097356996,16.85500351470464,0.006449126094502988,0.00513421668061631,0.001314909413886678,6.536688716426203,6
XRP,long,1,2024-05-21 08:00:00+00:00,2024-05-21 12:00:00+00:00,2024-05-22 12:00:00+00:00,0.5521314625986863,0.5328,0.5521314625986863,0.5336262465704684,-0.035012427126865586,-0.03612012992860758,0.0011077028017419943,5.742762706652812,6
LINK,short,-1,2024-05-22 08:00:00+00:00,2024-05-22 12:00:00+00:00,2024-05-23 12:00:00+00:00,16.19815469770408,16.703,16.95242736747794,16.19815469770408,-0.030224828012687555,-0.031491823502015626,0.001266995489328071,6.536688716426203,6
XRP,short,-1,2024-05-22 16:00:00+00:00,2024-05-22 20:00:00+00:00,2024-05-23 20:00:00+00:00,0.5233313101033389,0.5205,0.534123765583229,0.5233313101033389,0.005439596740324459,0.004285459330061858,0.0011541374102626012,5.742762706652812,6
DOT,long,1,2024-05-22 20:00:00+00:00,2024-05-23 00:00:00+00:00,2024-05-24 00:00:00+00:00,7.574263068502756,7.199,7.574263068502756,7.365199821482766,-0.049544498931291536,-0.05126263689533117,0.0017181379640396344,9.046674492363598,6
ADA,short,-1,2024-05-23 04:00:00+00:00,2024-05-23 08:00:00+00:00,2024-05-24 08:00:00+00:00,0.48065082101726564,0.4613,0.4897922352483477,0.48065082101726564,0.041948452237731804,0.03986897160072478,0.002079480637007025,9.988775255673833,6
ETH,long,1,2024-05-23 04:00:00+00:00,2024-05-23 08:00:00+00:00,2024-05-24 08:00:00+00:00,3901.2729573807214,3678.73,3901.2729573807214,3728.2883302186133,-0.05704367774618224,-0.05799406140426111,0.0009503836580788683,5.041924062981029,6
SOL,short,-1,2024-05-23 04:00:00+00:00,2024-05-23 08:00:00+00:00,2024-05-24 08:00:00+00:00,174.0720767357795,166.22,180.89347292498704,174.0720767357795,0.0472390610984208,0.04598293409860732,0.0012561269998134783,6.000925858297193,6
AVAX,short,-1,2024-05-23 08:00:00+00:00,2024-05-23 12:00:00+00:00,2024-05-24 12:00:00+00:00,39.64297669917611,37.877,40.799335056835275,39.64297669917611,0.046623985510365396,0.04501118153312378,0.001612803977241617,7.710732744665526,6
BNB,short,-1,2024-05-23 08:00:00+00:00,2024-05-23 12:00:00+00:00,2024-05-24 12:00:00+00:00,606.3040979543156,596.5,620.3766249792716,606.3040979543156,0.01643604015811495,0.015124480539725926,0.0013115596183890244,6.455921962584254,6
BTC,short,-1,2024-05-23 08:00:00+00:00,2024-05-23 12:00:00+00:00,2024-05-24 12:00:00+00:00,69058.54869479747,67366.9,70929.9606866632,69058.54869479747,0.02511097727218381,0.02408372432530137,0.0010272529468824398,5.012959217987713,6
LINK,long,1,2024-05-23 20:00:00+00:00,2024-05-24 00:00:00+00:00,2024-05-25 00:00:00+00:00,17.055017540202236,17.252,17.055017540202236,16.157122052231703,0.01154982452134301,0.010228251127921695,0.0013215733934213159,6.536688716426203,6
XRP,short,-1,2024-05-24 00:00:00+00:00,2024-05-24 04:00:00+00:00,2024-05-25 04:00:00+00:00,0.5238613554061433,0.5348,0.5374253265574978,0.5238613554061433,-0.020453710908483025,-0.02157812556351535,0.0011244146550323242,5.742762706652812,6
ADA,short,-1,2024-05-25 20:00:00+00:00,2024-05-26 00:00:00+00:00,2024-05-27 00:00:00+00:00,0.4581740068172637,0.4583,0.4664631489783307,0.4581740068172637,-0.0002749142106398539,-0.0022701270772305104,0.0019952128665906566,9.988775255673833,6
AVAX,short,-1,2024-05-25 20:00:00+00:00,2024-05-26 00:00:00+00:00,2024-05-27 00:00:00+00:00,37.62505857966659,36.76,38.97076361742619,37.62505857966659,0.023532605540440565,0.021955384418141266,0.0015772211222992993,7.710732744665526,6
DOT,long,1,2024-05-25 20:00:00+00:00,2024-05-26 00:00:00+00:00,2024-05-27 00:00:00+00:00,7.521745931710091,7.558,7.521745931710091,7.325550410803711,0.004819900674531974,0.0030034882107921046,0.0018164124637398693,9.046674492363598,6
SOL,short,-1,2024-05-25 20:00:00+00:00,2024-05-26 00:00:00+00:00,2024-05-27 00:00:00+00:00,165.0581682857564,163.42,171.7074822430689,165.0581682857564,0.01002428274235978,0.008812793580859957,0.0012114891614998236,6.000925858297193,6
BNB,short,-1,2024-05-26 04:00:00+00:00,2024-05-26 08:00:00+00:00,2024-05-27 08:00:00+00:00,601.0253763112976,603.0,606.9893458392773,601.0253763112976,-0.0032746661504186036,-0.00456079203227866,0.0012861258818600563,6.455921962584254,6
ETH,long,1,2024-05-26 04:00:00+00:00,2024-05-26 08:00:00+00:00,2024-05-27 08:00:00+00:00,3816.3770355436113,3913.6,3816.3770355436113,3754.5553759886784,0.02547519900442441,0.024441646497379788,0.0010335525070446216,5.041924062981029,6
XRP,short,-1,2024-05-26 04:00:00+00:00,2024-05-26 08:00:00+00:00,2024-05-27 08:00:00+00:00,0.5362632008632672,0.5278,0.54295756175565,0.5362632008632672,0.01603486332562931,0.01486856367948719,0.0011662996461421216,5.742762706652812,6
LINK,short,-1,2024-05-26 08:00:00+00:00,2024-05-26 12:00:00+00:00,2024-05-27 12:00:00+00:00,17.06607385117519,17.335,17.63864979286207,17.06607385117519,-0.015513478443888729,-0.01679969407215609,0.001286215628267362,6.536688716426203,6
BTC,short,-1,2024-05-26 16:00:00+00:00,2024-05-26 20:00:00+00:00,2024-05-27 20:00:00+00:00,68494.78917553525,69276.7,69323.70361533994,68494.78917553525,-0.011286779313459672,-0.012277558450636272,0.0009907791371766006,5.012959217987713,6
ADA,long,1,2024-05-27 04:00:00+00:00,2024-05-27 08:00:00+00:00,2024-05-28 08:00:00+00:00,0.46206170050691586,0.4556,0.46206170050691586,0.4559585868486121,-0.01398449709168037,-0.0159523489001675,0.001967851808487131,9.988775255673833,6
AVAX,long,1,2024-05-27 04:00:00+00:00,2024-05-27 08:00:00+00:00,2024-05-28 08:00:00+00:00,37.411077434767655,36.805,37.411077434767655,36.5776170543616,-0.016200480614985024,-0.0177164747061187,0.0015159940911336767,7.710732744665526,6
SOL,long,1,2024-05-27 04:00:00+00:00,2024-05-27 08:00:00+00:00,2024-05-28 08:00:00+00:00,167.2628202556175,166.09,167.2628202556175,163.8943123050642,-0.007011840729608365,-0.008202895650770592,0.0011910549211622268,6.000925858297193,6
DOT,long,1,2024-05-27 08:00:00+00:00,2024-05-27 12:00:00+00:00,2024-05-28 12:00:00+00:00,7.582264784545708,7.397,7.582264784545708,7.39095739761318,-0.024433963968564787,-0.02619749423489348,0.0017635302663286945,9.046674492363598,6
BNB,short,-1,2024-05-27 12:00:00+00:00,2024-05-27 16:00:00+00:00,2024-05-28 16:00:00+00:00,607.6249461935241,601.0,618.6243872223793,607.6249461935241,0.011023204980905366,0.009718629821703795,0.0013045751592015709,6.455921962584254,6
ETH,short,-1,2024-05-27 12:00:00+00:00,2024-05-27 16:00:00+00:00,2024-05-28 16:00:00+00:00,3906.905828489444,3861.13,4023.38970235112,3906.905828489444,0.011855552257873825,0.010835726674750523,0.0010198255831233016,5.041924062981029,6
XRP,short,-1,2024-05-27 12:00:00+00:00,2024-05-27 16:00:00+00:00,2024-05-28 16:00:00+00:00,0.5328546748399359,0.5302,0.5460257247201578,0.5328546748399359,0.005006931044767793,0.0038532902885723974,0.0011536407561953954,5.742762706652812,6
LINK,short,-1,2024-05-27 20:00:00+00:00,2024-05-28 00:00:00+00:00,2024-05-29 00:00:00+00:00,18.31417346840982,18.539,19.278189136353955,18.31417346840982,-0.012127220000549221,-0.013417859720397218,0.0012906397198479969,6.536688716426203,6
SOL,long,1,2024-05-28 20:00:00+00:00,2024-05-29 00:00:00+00:00,2024-05-30 00:00:00+00:00,172.2170066210091,168.36,172.2170066210091,165.21563670314646,-0.022396200565122037,-0.023568802479247197,0.0011726019141251598,6.000925858297193,6
AVAX,long,1,2024-05-29 20:00:00+00:00,2024-05-30 00:00:00+00:00,2024-05-31 00:00:00+00:00,36.766802128596154,35.976,36.766802128596154,35.62815293041685,-0.021508591523141773,-0.023016406036411197,0.0015078145132694232,7.710732744665526,6
LINK,long,1,2024-05-29 20:00:00+00:00,2024-05-30 00:00:00+00:00,2024-05-31 00:00:00+00:00,18.91577037762065,17.944,18.91577037762065,18.013259528838702,-0.05137355541016486,-0.05261292043112087,0.001239365020956007,6.536688716426203,6
ADA,short,-1,2024-05-30 00:00:00+00:00,2024-05-30 04:00:00+00:00,2024-05-31 04:00:00+00:00,0.44981215624539916,0.4498,0.45923669943527207,0.44981215624539916,2.702589017156143e-05,-0.0019687895768566444,0.0019958154670282058,9.988775255673833,6
BNB,short,-1,2024-05-30 00:00:00+00:00,2024-05-30 04:00:00+00:00,2024-05-31 04:00:00+00:00,594.2968872005222,593.5,600.7203767828961,594.2968872005222,0.0013426911550500353,5.060725994932014e-05,0.0012920838951007152,6.455921962584254,6
DOT,short,-1,2024-05-30 00:00:00+00:00,2024-05-30 04:00:00+00:00,2024-05-31 04:00:00+00:00,7.112472269680954,7.005,7.347436871250419,7.112472269680954,0.015342222652527493,0.013506788992277086,0.0018354336602504073,9.046674492363598,6
ETH,short,-1,2024-05-30 00:00:00+00:00,2024-05-30 04:00:00+00:00,2024-05-31 04:00:00+00:00,3748.152604143474,3760.69,3836.1377698989795,3748.152604143474,-0.003333802003495645,-0.0043383185911477495,0.0010045165876521045,5.041924062981029,6
XRP,short,-1,2024-05-30 00:00:00+00:00,2024-05-30 04:00:00+00:00,2024-05-31 04:00:00+00:00,0.5233003557242872,0.5217,0.5317333476964148,0.5233003557242872,0.003067578539940996,0.001916163953557426,0.00115141458638357,5.742762706652812,6
BTC,long,1,2024-05-30 08:00:00+00:00,2024-05-30 12:00:00+00:00,2024-05-31 12:00:00+00:00,68438.6593792237,68362.3,68438.6593792237,67210.89696558834,-0.0011157345850476563,-0.0021167060193526543,0.001000971434304998,5.012959217987713,6
SOL,long,1,2024-05-30 12:00:00+00:00,2024-05-30 16:00:00+00:00,2024-05-31 16:00:00+00:00,172.2288080671636,164.89,172.2288080671636,164.83235539160944,-0.04261080448458854,-0.04375915968111377,0.0011483551965252303,6.000925858297193,6
DOT,short,-1,2024-05-31 08:00:00+00:00,2024-05-31 12:00:00+00:00,2024-06-01 12:00:00+00:00,6.863148640615559,7.065,7.129384421377103,6.863148640615559,-0.02857060996241212,-0.030326662415715466,0.0017560524533033472,9.046674492363598,6
LINK,short,-1,2024-05-31 08:00:00+00:00,2024-05-31 12:00:00+00:00,2024-06-01 12:00:00+00:00,17.714386635793787,18.548,18.37567231045218,17.714386635793787,-0.044943571501305346,-0.04619133719165791,0.0012477656903525647,6.536688716426203,6
BNB,long,1,2024-06-01 16:00:00+00:00,2024-06-01 20:00:00+00:00,2024-06-02 20:00:00+00:00,601.1490285948319,599.4,601.1490285948319,594.4696289958745,-0.002909475873096201,-0.004196072978724041,0.0012865971056278402,6.455921962584254,6
ADA,short,-1,2024-06-02 04:00:00+00:00,2024-06-02 08:00:00+00:00,2024-06-03 08:00:00+00:00,0.4486131922195448,0.4535,0.4550094458660168,0.4486131922195448,-0.010775761368148173,-0.012750017047951645,0.0019742556798034716,9.988775255673833,6
BTC,long,1,2024-06-02 04:00:00+00:00,2024-06-02 08:00:00+00:00,2024-06-03 08:00:00+00:00,68295.0196324875,68923.9,68295.0196324875,67146.05387460192,0.00920829031013759,0.008196973278885133,0.0010113170312524566,5.012959217987713,6
XRP,short,-1,2024-06-02 04:00:00+00:00,2024-06-02 08:00:00+00:00,2024-06-03 08:00:00+00:00,0.5130876337193572,0.521,0.5197337500943542,0.5130876337193572,-0.015186883456128286,-0.016317343867281342,0.0011304604111530558,5.742762706652812,6
AVAX,short,-1,2024-06-02 12:00:00+00:00,2024-06-02 16:00:00+00:00,2024-06-03 16:00:00+00:00,35.47442593104063,35.645,36.221466092159154,35.47442593104063,-0.0047853575244599655,-0.006318941844917547,0.0015335843204575816,7.710732744665526,6
DOT,short,-1,2024-06-02 12:00:00+00:00,2024-06-02 16:00:00+00:00,2024-06-03 16:00:00+00:00,7.015791035646913,7.136,7.152872105942464,7.015791035646913,-0.01684542661898636,-0.01862267468072709,0.0017772480617407327,9.046674492363598,6
ETH,short,-1,2024-06-02 12:00:00+00:00,2024-06-02 16:00:00+00:00,2024-06-03 16:00:00+00:00,3774.3685591806866,3796.59,3825.8659096171004,3774.3685591806866,-0.005852999881291732,-0.006854977428229048,0.001001977546937316,5.041924062981029,6
SOL,short,-1,2024-06-02 12:00:00+00:00,2024-06-02 16:00:00+00:00,2024-06-03 16:00:00+00:00,163.83121866584764,164.82,166.6003849710104,163.83121866584764,-0.0059991586831230626,-0.00719142828134256,0.0011922695982194975,6.000925858297193,6
LINK,short,-1,2024-06-02 20:00:00+00:00,2024-06-03 00:00:00+00:00,2024-06-04 00:00:00+00:00,18.006229483016707,17.625,18.286855463581148,18.006229483016707,0.02163004158960047,0.020295298556528563,0.0013347430330719057,6.536688716426203,6
BNB,long,1,2024-06-03 00:00:00+00:00,2024-06-03 04:00:00+00:00,2024-06-04 04:00:00+00:00,612.2794040532715,634.6,612.2794040532715,604.545175861893,0.036454918782122814,0.035117527776640234,0.00133739100548258,6.455921962584254,6
ADA,long,1,2024-06-03 12:00:00+00:00,2024-06-03 16:00:00+00:00,2024-06-04 16:00:00+00:00,0.45679135937633986,0.461,0.45679135937633986,0.44904179072049316,0.009213485625923834,0.007199336175960136,0.002014149449963698,9.988775255673833,6
BTC,short,-1,2024-06-03 12:00:00+00:00,2024-06-03 16:00:00+00:00,2024-06-04 16:00:00+00:00,69125.04262359906,70448.7,70123.33588211279,69125.04262359906,-0.018788953896962446,-0.019772215183760156,0.0009832612867977097,5.012959217987713,6
XRP,short,-1,2024-06-03 12:00:00+00:00,2024-06-03 16:00:00+00:00,2024-06-04 16:00:00+00:00,0.5178682288138851,0.5295,0.5259631598251409,0.5178682288138851,-0.02196746210786571,-0.023090139137987742,0.0011226770301220323,5.742762706652812,6
ETH,short,-1,2024-06-03 20:00:00+00:00,2024-06-04 00:00:00+00:00,2024-06-05 00:00:00+00:00,3747.487470762141,3810.64,3787.337911156115,3747.487470762141,-0.01657268312878124,-0.017563856557290314,0.0009911734285090734,5.041924062981029,6
LINK,short,-1,2024-06-04 04:00:00+00:00,2024-06-04 08:00:00+00:00,2024-06-05 08:00:00+00:00,17.52756214506346,17.965,17.79948440164954,17.52756214506346,-0.024349449203258544,-0.025624120779441095,0.0012746715761825511,6.536688716426203,6
AVAX,long,1,2024-06-04 08:00:00+00:00,2024-06-04 12:00:00+00:00,2024-06-05 12:00:00+00:00,35.48237466699628,36.374,35.48237466699628,34.270159548567165,0.025128682659254498,0.023549002048580236,0.0015796806106742611,7.710732744665526,6
BNB,long,1,2024-06-04 08:00:00+00:00,2024-06-04 12:00:00+00:00,2024-06-05 12:00:00+00:00,657.6810405775442,700.2,657.6810405775442,634.5264258089802,0.06464981776746637,0.06327604543596554,0.0013737723315008221,6.455921962584254,6
DOT,long,1,2024-06-04 08:00:00+00:00,2024-06-04 12:00:00+00:00,2024-06-05 12:00:00+00:00,7.085003509358529,7.208,7.085003509358529,6.933811809000479,0.017360117109187945,0.015521035702073416,0.001839081407114529,9.046674492363598,6
SOL,long,1,2024-06-04 08:00:00+00:00,2024-06-04 12:00:00+00:00,2024-06-05 12:00:00+00:00,167.6769629984337,172.87,167.6769629984337,163.45001728267238,0.030970485800215775,0.02973387239327696,0.0012366134069388135,6.000925858297193,6
BTC,long,1,2024-06-04 20:00:00+00:00,2024-06-05 00:00:00+00:00,2024-06-06 00:00:00+00:00,71348.69610877332,71115.0,71348.69610877332,69747.5885666267,-0.0032754082627809433,-0.004274215510769563,0.00099880724798862,5.012959217987713,6
XRP,long,1,2024-06-05 04:00:00+00:00,2024-06-05 08:00:00+00:00,2024-06-06 08:00:00+00:00,0.5309717964216679,0.5248,0.5309717964216679,0.522859428449806,-0.011623586155161014,-0.012758136851530932,0.0011345506963699181,5.742762706652812,6
ETH,long,1,2024-06-05 12:00:00+00:00,2024-06-05 16:00:00+00:00,2024-06-06 16:00:00+00:00,3839.250108390345,3844.9,3839.250108390345,3789.8697036178205,0.0014716133229528694,0.00046225346940520495,0.0010093598535476644,5.041924062981029,6
LINK,long,1,2024-06-05 12:00:00+00:00,2024-06-05 16:00:00+00:00,2024-06-06 16:00:00+00:00,17.9391943315262,17.463,17.9391943315262,17.552907849747942,-0.026544911812975802,-0.0278167150529669,0.0012718032399910983,6.536688716426203,6
SOL,short,-1,2024-06-06 00:00:00+00:00,2024-06-06 04:00:00+00:00,2024-06-07 04:00:00+00:00,171.84031660397935,170.6,175.92365690101352,171.84031660397935,0.007270320070218883,0.006062134191606061,0.001208185878612822,6.000925858297193,6
AVAX,long,1,2024-06-06 04:00:00+00:00,2024-06-06 08:00:00+00:00,2024-06-07 08:00:00+00:00,36.81070125519196,36.002,36.81070125519196,35.849654692842066,-0.021969189056888494,-0.023476293808538884,0.00150710475165039,7.710732744665526,6
ADA,long,1,2024-06-06 08:00:00+00:00,2024-06-06 12:00:00+00:00,2024-06-07 12:00:00+00:00,0.46195263699595057,0.484,0.46195263699595057,0.45606623520983774,0.04772645773259798,0.045635445574505606,0.0020910121580923757,9.988775255673833,6
BNB,long,1,2024-06-06 08:00:00+00:00,2024-06-06 12:00:00+00:00,2024-06-07 12:00:00+00:00,719.8157362363945,705.6,719.8157362363945,690.8810338048509,-0.019749132341455145,-0.02101400037359602,0.0012648680321408756,6.455921962584254,6
BTC,short,-1,2024-06-06 12:00:00+00:00,2024-06-06 16:00:00+00:00,2024-06-07 16:00:00+00:00,70911.15476755673,71117.2,71690.977486745,70911.15476755673,-0.0028972630030887903,-0.0038964491864718065,0.0009991861833830162,5.012959217987713,6
DOT,short,-1,2024-06-06 12:00:00+00:00,2024-06-06 16:00:00+00:00,2024-06-07 16:00:00+00:00,7.197171749951001,7.217,7.3072459331483985,7.197171749951001,-0.00274743661479826,-0.00455016960646526,0.0018027329916669999,9.046674492363598,6
XRP,short,-1,2024-06-06 12:00:00+00:00,2024-06-06 16:00:00+00:00,2024-06-07 16:00:00+00:00,0.5245733196674427,0.5242,0.5288353021382559,0.5245733196674427,0.0007121702927177509,-0.0004365405362414254,0.0011487108289591763,5.742762706652812,6
ETH,short,-1,2024-06-07 08:00:00+00:00,2024-06-07 12:00:00+00:00,2024-06-08 12:00:00+00:00,3795.201720876171,3682.95,3876.4889402251674,3795.201720876171,0.03047875232522057,0.02944015685362289,0.0010385954715976808,5.041924062981029,6
LINK,short,-1,2024-06-07 08:00:00+00:00,2024-06-07 12:00:00+00:00,2024-06-08 12:00:00+00:00,17.41942271894758,15.868,17.82086387181693,17.41942271894758,0.09777052678016007,0.09633630744157107,0.0014342193385890045,6.536688716426203,6
SOL,short,-1,2024-06-07 08:00:00+00:00,2024-06-07 12:00:00+00:00,2024-06-08 12:00:00+00:00,169.84697097076793,160.52,174.5450756675685,169.84697097076793,0.05810472820064727,0.05683556820929914,0.0012691599913481344,6.000925858297193,6
AVAX,short,-1,2024-06-07 12:00:00+00:00,2024-06-07 16:00:00+00:00,2024-06-08 16:00:00+00:00,35.772030996059,32.465,36.770845472679866,35.772030996059,0.10186450010962567,0.10016657279976027,0.001697927309865399,7.710732744665526,6
BNB,long,1,2024-06-08 00:00:00+00:00,2024-06-08 04:00:00+00:00,2024-06-09 04:00:00+00:00,693.4994141269012,674.7,693.4994141269012,671.0846909451585,-0.02710804615540907,-0.028363418603162716,0.0012553724477536443,6.455921962584254,6
ETH,long,1,2024-06-09 16:00:00+00:00,2024-06-09 20:00:00+00:00,2024-06-10 20:00:00+00:00,3719.0556189556887,3669.29,3719.0556189556887,3682.9723306870487,-0.013381251601088717,-0.014375641598910915,0.0009943899978221982,5.041924062981029,6
BTC,short,-1,2024-06-09 20:00:00+00:00,2024-06-10 00:00:00+00:00,2024-06-11 00:00:00+00:00,69461.98521949834,69539.1,69820.87716201074,69461.98521949834,-0.0011089413078637644,-0.002109919549640349,0.0010009782417765845,5.012959217987713,6
LINK,short,-1,2024-06-09 20:00:00+00:00,2024-06-10 00:00:00+00:00,2024-06-11 00:00:00+00:00,16.11126212616605,15.908,16.630861002803503,16.11126212616605,0.012777352663191577,0.011454175524217902,0.0013231771389736746,6.536688716426203,6
SOL,short,-1,2024-06-09 20:00:00+00:00,2024-06-10 00:00:00+00:00,2024-06-11 00:00:00+00:00,160.0482843139331,159.08,164.19827436858202,160.0482843139331,0.006086775923642707,0.004880009665261031,0.0012067662583816752,6.000925858297193,6
ADA,short,-1,2024-06-10 00:00:00+00:00,2024-06-10 04:00:00+00:00,2024-06-11 04:00:00+00:00,0.4352432395029378,0.4347,0.4474410452013133,0.4352432395029378,0.0012496882975334689,-0.000748567312091164,0.001998255609624633,9.988775255673833,6
AVAX,short,-1,2024-06-10 00:00:00+00:00,2024-06-10 04:00:00+00:00,2024-06-11 04:00:00+00:00,32.49628661551671,32.213,33.499336366641984,32.49628661551671,0.008794170537258506,0.007239660729548403,0.0015545098077101027,7.710732744665526,6
BNB,short,-1,2024-06-10 00:00:00+00:00,2024-06-10 04:00:00+00:00,2024-06-11 04:00:00+00:00,660.4837705082722,625.4,678.2339097526539,660.4837705082722,0.05609813001002917,0.05473539236038616,0.0013627376496430088,6.455921962584254,6
DOT,short,-1,2024-06-10 00:00:00+00:00,2024-06-10 04:00:00+00:00,2024-06-11 04:00:00+00:00,6.367305466282834,6.439,6.562162946517573,6.367305466282834,-0.011134420518274069,-0.012921992363067458,0.0017875718447933897,9.046674492363598,6
XRP,short,-1,2024-06-10 00:00:00+00:00,2024-06-10 04:00:00+00:00,2024-06-11 04:00:00+00:00,0.4972604429610552,0.4879,0.5045661957463411,0.4972604429610552,0.019185166962605527,0.018015251103920438,0.0011699158586850888,5.742762706652812,6
ETH,short,-1,2024-06-11 00:00:00+00:00,2024-06-11 04:00:00+00:00,2024-06-12 04:00:00+00:00,3553.728588561055,3509.91,3639.4623487093554,3553.728588561055,0.012484248473908277,0.01146378924254976,0.001020459231358517,5.041924062981029,6
BTC,short,-1,2024-06-11 04:00:00+00:00,2024-06-11 08:00:00+00:00,2024-06-12 08:00:00+00:00,66860.09715809641,67451.4,68269.25049490845,66860.09715809641,-0.008766353877066813,-0.009759658706109176,0.000993304829042363,5.012959217987713,6
ADA,short,-1,2024-06-11 08:00:00+00:00,2024-06-11 12:00:00+00:00,2024-06-12 12:00:00+00:00,0.42222386819393176,0.4251,0.43669809759620304,0.42222386819393176,-0.006765777007923357,-0.008748035660248066,0.0019822586523247088,9.988775255673833,6
AVAX,short,-1,2024-06-11 08:00:00+00:00,2024-06-11 12:00:00+00:00,2024-06-12 12:00:00+00:00,31.35741505799444,31.895,32.586396363034716,31.35741505799444,-0.016854834362927118,-0.018369820122184466,0.001514985759257348,7.710732744665526,6
DOT,short,-1,2024-06-11 08:00:00+00:00,2024-06-11 12:00:00+00:00,2024-06-12 12:00:00+00:00,6.258341780692813,6.378,6.449089936972407,6.258341780692813,-0.01876108800677123,-0.020534873128318587,0.0017737851215473555,9.046674492363598,6
LINK,short,-1,2024-06-11 08:00:00+00:00,2024-06-11 12:00:00+00:00,2024-06-12 12:00:00+00:00,15.144335987034252,15.2,15.714939843104112,15.144335987034252,-0.003662106116167574,-0.00496380536962493,0.0013016992534573557,6.536688716426203,6
SOL,short,-1,2024-06-11 08:00:00+00:00,2024-06-11 12:00:00+00:00,2024-06-12 12:00:00+00:00,150.95432621558058,151.78,156.903154707701,150.95432621558058,-0.005439937965604269,-0.006632878329715042,0.0011929403641107728,6.000925858297193,6
XRP,short,-1,2024-06-11 08:00:00+00:00,2024-06-11 12:00:00+00:00,2024-06-12 12:00:00+00:00,0.47706921656472506,0.4817,0.4916403780753658,0.47706921656472506,-0.00961341796818549,-0.010750276123216218,0.0011368581550307288,5.742762706652812,6
BNB,long,1,2024-06-12 08:00:00+00:00,2024-06-12 12:00:00+00:00,2024-06-13 12:00:00+00:00,623.7771761936195,604.2,623.7771761936195,594.3776466180238,-0.03138488700898345,-0.032634740829360354,0.0012498538203769005,6.455921962584254,6
ETH,long,1,2024-06-12 08:00:00+00:00,2024-06-12 12:00:00+00:00,2024-06-13 12:00:00+00:00,3594.3677576801224,3497.49,3594.3677576801224,3469.8693917034443,-0.02695265599161989,-0.02793336768786503,0.00098071169624514,5.041924062981029,6
BTC,short,-1,2024-06-12 12:00:00+00:00,2024-06-12 16:00:00+00:00,2024-06-13 16:00:00+00:00,68408.43528798732,66470.2,71098.50298102175,68408.43528798732,0.029159462255075486,0.028128152363899872,0.0010313098911756136,5.012959217987713,6
ADA,short,-1,2024-06-12 20:00:00+00:00,2024-06-13 00:00:00+00:00,2024-06-14 00:00:00+00:00,0.42786554280231276,0.421,0.44796512181060816,0.42786554280231276,0.01630770261832004,0.01427939480299889,0.002028307815321151,9.988775255673833,6
AVAX,short,-1,2024-06-12 20:00:00+00:00,2024-06-13 00:00:00+00:00,2024-06-14 00:00:00+00:00,32.27376871003697,31.001,34.30935463250185,32.27376871003697,0.04105573078407043,0.039451507255483964,0.001604223528586468,7.710732744665526,6
DOT,short,-1,2024-06-12 20:00:00+00:00,2024-06-13 00:00:00+00:00,2024-06-14 00:00:00+00:00,6.567516347952795,6.361,6.912909172148791,6.567516347952795,0.03246601917195324,0.03059963083275652,0.0018663883391967229,9.046674492363598,6
LINK,short,-1,2024-06-12 20:00:00+00:00,2024-06-13 00:00:00+00:00,2024-06-14 00:00:00+00:00,15.455045317440744,15.14,16.580738440852038,15.455045317440744,0.020808805643377948,0.019475135541713096,0.0013336701016648522,6.536688716426203,6
SOL,short,-1,2024-06-12 20:00:00+00:00,2024-06-13 00:00:00+00:00,2024-06-14 00:00:00+00:00,149.8099720220971,147.28,160.7839563340092,149.8099720220971,0.017177974077248193,0.015957904310643034,0.0012200697666051585,6.000925858297193,6
ADA,short,-1,2024-06-14 08:00:00+00:00,2024-06-14 12:00:00+00:00,2024-06-15 12:00:00+00:00,0.413255283125765,0.411,0.431951525579591,0.413255283125765,0.005487306875340714,0.0034805939895805604,0.0020067128857601535,9.988775255673833,6
AVAX,short,-1,2024-06-14 08:00:00+00:00,2024-06-14 12:00:00+00:00,2024-06-15 12:00:00+00:00,30.841120277258767,30.286,32.900144575752975,30.841120277258767,0.018329270199391345,0.016760067200170647,0.001569202999220698,7.710732744665526,6
DOT,short,-1,2024-06-14 08:00:00+00:00,2024-06-14 12:00:00+00:00,2024-06-15 12:00:00+00:00,6.218640185234425,6.203,6.59488485881162,6.218640185234425,0.0025213904940228904,0.0007091330460595735,0.001812257447963317,9.046674492363598,6
SOL,short,-1,2024-06-14 08:00:00+00:00,2024-06-14 12:00:00+00:00,2024-06-15 12:00:00+00:00,143.64447604542607,144.5,152.7349676367774,143.64447604542607,-0.005920581000511627,-0.007112944849941072,0.0011923638494294453,6.000925858297193,6
BNB,short,-1,2024-06-14 12:00:00+00:00,2024-06-14 16:00:00+00:00,2024-06-15 16:00:00+00:00,591.5740994554469,607.1,613.6276931903423,591.5740994554469,-0.02557387669997213,-0.026831228765356596,0.001257352065384465,6.455921962584254,6
BTC,short,-1,2024-06-14 12:00:00+00:00,2024-06-14 16:00:00+00:00,2024-06-15 16:00:00+00:00,65215.38031172148,66327.3,67591.06998518467,65215.38031172148,-0.01676413314394709,-0.017749423482361193,0.000985290338414102,5.012959217987713,6
ETH,short,-1,2024-06-14 12:00:00+00:00,2024-06-14 16:00:00+00:00,2024-06-15 16:00:00+00:00,3401.3894086059927,3565.48,3523.2224521482813,3401.3894086059927,-0.04602201986661192,-0.04698351199629902,0.0009614921296871026,5.041924062981029,6
LINK,short,-1,2024-06-14 12:00:00+00:00,2024-06-14 16:00:00+00:00,2024-06-15 16:00:00+00:00,14.842090754049531,14.99,15.566540039984783,14.842090754049531,-0.009867194526382184,-0.011160786932754019,0.0012935924063718351,6.536688716426203,6
XRP,short,-1,2024-06-14 12:00:00+00:00,2024-06-14 16:00:00+00:00,2024-06-15 16:00:00+00:00,0.4670423800707162,0.4849,0.48146731345012517,0.4670423800707162,-0.0368274281899027,-0.03793304756402416,0.0011056193741214582,5.742762706652812,6
XRP,long,1,2024-06-16 04:00:00+00:00,2024-06-16 08:00:00+00:00,2024-06-17 08:00:00+00:00,0.4951916412788289,0.4993,0.4951916412788289,0.4820961019929204,0.00829650256325265,0.0071390857298416766,0.0011574168334109736,5.742762706652812,6
DOT,long,1,2024-06-16 08:00:00+00:00,2024-06-16 12:00:00+00:00,2024-06-17 12:00:00+00:00,6.31844151722115,6.203,6.31844151722115,6.111284862692272,-0.01827056828911211,-0.020045240122923302,0.0017746718338111922,9.046674492363598,6
ETH,long,1,2024-06-16 08:00:00+00:00,2024-06-16 12:00:00+00:00,2024-06-17 12:00:00+00:00,3610.873574060132,3527.58,3610.873574060132,3500.9362059125588,-0.023067430180468862,-0.02405205770508445,0.0009846275246155889,5.041924062981029,6
SOL,long,1,2024-06-16 08:00:00+00:00,2024-06-16 12:00:00+00:00,2024-06-17 12:00:00+00:00,147.61549851658577,143.94,147.61549851658577,142.43084372090965,-0.024899136970856772,-0.026068736699411232,0.0011695997285544601,6.000925858297193,6
BTC,long,1,2024-06-16 16:00:00+00:00,2024-06-16 20:00:00+00:00,2024-06-17 20:00:00+00:00,66887.09828078971,66684.0,66887.09828078971,66246.64222401494,-0.0030364343200703914,-0.004035481041337996,0.0009990467212676046,5.012959217987713,6
ADA,short,-1,2024-06-16 20:00:00+00:00,2024-06-17 00:00:00+00:00,2024-06-18 00:00:00+00:00,0.4144759428671998,0.4012,0.4189359913118886,0.4144759428671998,0.03309058541176424,0.031028782964604762,0.0020618024471594776,9.988775255673833,6
AVAX,short,-1,2024-06-16 20:00:00+00:00,2024-06-17 00:00:00+00:00,2024-06-18 00:00:00+00:00,29.728069439237746,28.456,30.419909568913724,29.728069439237746,0.04470303061701397,0.04309318675126872,0.001609843865745253,7.710732744665526,6
BNB,short,-1,2024-06-16 20:00:00+00:00,2024-06-17 00:00:00+00:00,2024-06-18 00:00:00+00:00,607.6882848464907,604.1,613.9276489331097,607.6882848464907,0.005939885526387467,0.004641869635315432,0.0012980158910720352,6.455921962584254,6
LINK,short,-1,2024-06-16 20:00:00+00:00,2024-06-17 00:00:00+00:00,2024-06-18 00:00:00+00:00,14.943769030138514,14.521,15.342860528531254,14.943769030138514,0.029114319271297706,0.027769798151162428,0.001344521120135278,6.536688716426203,6
DOT,short,-1,2024-06-17 16:00:00+00:00,2024-06-17 20:00:00+00:00,2024-06-18 20:00:00+00:00,6.132405629284331,5.679,6.363735760342118,6.132405629284331,0.07983899089352531,0.07788696645553927,0.001952024437986033,9.046674492363598,6
ETH,short,-1,2024-06-17 16:00:00+00:00,2024-06-17 20:00:00+00:00,2024-06-18 20:00:00+00:00,3509.2954894282566,3423.25,3598.484103188874,3509.2954894282566,0.02513561365026118,0.024102403403365447,0.0010332102468957327,5.041924062981029,6
XRP,short,-1,2024-06-17 16:00:00+00:00,2024-06-17 20:00:00+00:00,2024-06-18 20:00:00+00:00,0.5093350014007618,0.4823,0.5268124108142211,0.5093350014007618,0.056054325939792315,0.05484208821930814,0.0012122377204841772,5.742762706652812,6
SOL,short,-1,2024-06-17 20:00:00+00:00,2024-06-18 00:00:00+00:00,2024-06-19 00:00:00+00:00,139.73606590286536,137.37,146.81129576283092,139.73606590286536,0.0172240365645,0.01600391154753611,0.001220125016963891,6.000925858297193,6
BNB,short,-1,2024-06-18 04:00:00+00:00,2024-06-18 08:00:00+00:00,2024-06-19 08:00:00+00:00,585.747776203003,604.0,601.3548225199291,585.747776203003,-0.03021891357118711,-0.03147027190696583,0.0012513583357787184,6.455921962584254,6
BTC,short,-1,2024-06-18 08:00:00+00:00,2024-06-18 12:00:00+00:00,2024-06-19 12:00:00+00:00,64548.905356653755,65217.6,66204.37502925823,64548.905356653755,-0.010253285054130257,-0.011245099845052509,0.0009918147909222519,5.012959217987713,6
LINK,short,-1,2024-06-18 08:00:00+00:00,2024-06-18 12:00:00+00:00,2024-06-19 12:00:00+00:00,13.20587586666884,14.278,14.088395338440412,13.20587586666884,-0.07508923752144281,-0.07629761838944316,0.0012083808680003472,6.536688716426203,6
AVAX,long,1,2024-06-20 00:00:00+00:00,2024-06-20 04:00:00+00:00,2024-06-21 04:00:00+00:00,27.352279148304486,27.77,27.352279148304486,26.45519943974596,0.015271884636399946,0.013707392941013419,0.0015644916953865273,7.710732744665526,6
BTC,long,1,2024-06-20 00:00:00+00:00,2024-06-20 04:00:00+00:00,2024-06-21 04:00:00+00:00,65747.53051722918,64502.6,65747.53051722918,64657.22752729106,-0.018935015618616324,-0.019918130538496115,0.0009831149198797906,5.012959217987713,6
DOT,long,1,2024-06-20 00:00:00+00:00,2024-06-20 04:00:00+00:00,2024-06-21 04:00:00+00:00,5.937244629620098,5.692,5.937244629620098,5.699190636543661,-0.04130613523933413,-0.043039165689560344,0.001733030450226214,9.046674492363598,6
ETH,long,1,2024-06-20 00:00:00+00:00,2024-06-20 04:00:00+00:00,2024-06-21 04:00:00+00:00,3602.735606208791,3501.87,3602.735606208791,3505.2331624715234,-0.027996949327884102,-0.02897660850526096,0.000979659177376857,5.041924062981029,6
LINK,long,1,2024-06-20 00:00:00+00:00,2024-06-20 04:00:00+00:00,2024-06-21 04:00:00+00:00,14.60787444641006,14.215,14.60787444641006,14.124196970402156,-0.026894703117236185,-0.028166049360577428,0.0012713462433412426,6.536688716426203,6
SOL,long,1,2024-06-20 00:00:00+00:00,2024-06-20 04:00:00+00:00,2024-06-21 04:00:00+00:00,136.23789067575294,132.71,136.23789067575294,130.0148439772672,-0.02589507704687921,-0.0270634821797906,0.0011684051329113876,6.000925858297193,6
ADA,short,-1,2024-06-20 08:00:00+00:00,2024-06-20 12:00:00+00:00,2024-06-21 12:00:00+00:00,0.3864847939379074,0.3847,0.40084619739241173,0.3864847939379074,0.004639443560975787,0.0026344228082009202,0.0020050207527748665,9.988775255673833,6
BNB,short,-1,2024-06-20 08:00:00+00:00,2024-06-20 12:00:00+00:00,2024-06-21 12:00:00+00:00,594.463676438547,586.1,611.4560475379621,594.463676438547,0.01427005022785699,0.012961285497502306,0.0013087647303546834,6.455921962584254,6
XRP,short,-1,2024-06-20 08:00:00+00:00,2024-06-20 12:00:00+00:00,2024-06-21 12:00:00+00:00,0.4928844380438291,0.4941,0.5088426832776123,0.4928844380438291,-0.002460153726312253,-0.0036052230656786755,0.0011450693393664224,5.742762706652812,6
AVAX,short,-1,2024-06-21 08:00:00+00:00,2024-06-21 12:00:00+00:00,2024-06-22 12:00:00+00:00,27.01019995550737,25.501,28.63348295362414,27.01019995550737,0.05918199111828448,0.05754983577735229,0.0016321553409321954,7.710732744665526,6
LINK,short,-1,2024-06-21 08:00:00+00:00,2024-06-21 12:00:00+00:00,2024-06-22 12:00:00+00:00,14.226234552653299,13.63,14.825956103799953,14.226234552653299,0.043744281192465095,0.042380646265028465,0.00136363492743663,6.536688716426203,6
XRP,long,1,2024-06-21 16:00:00+00:00,2024-06-21 20:00:00+00:00,2024-06-22 20:00:00+00:00,0.4924760679158924,0.4879,0.4924760679158924,0.47960909247744155,-0.009291959983472542,-0.010429187137981022,0.00113722715450848,5.742762706652812,6
ADA,long,1,2024-06-22 08:00:00+00:00,2024-06-22 12:00:00+00:00,2024-06-23 12:00:00+00:00,0.38394931307180935,0.3875,0.38394931307180935,0.370765841097821,0.009247801226112795,0.007233583290394252,0.002014217935718543,9.988775255673833,6
BNB,short,-1,2024-06-22 20:00:00+00:00,2024-06-23 00:00:00+00:00,2024-06-24 00:00:00+00:00,587.4595688675458,577.5,594.5617681797472,587.4595688675458,0.01724600669704901,0.015933401937241465,0.0013126047598075452,6.455921962584254,6
SOL,long,1,2024-06-22 20:00:00+00:00,2024-06-23 00:00:00+00:00,2024-06-24 00:00:00+00:00,135.09336934327862,128.68,135.09336934327862,132.26162754588944,-0.04747360565848313,-0.0486161280933437,0.0011425224348605711,6.000925858297193,6
AVAX,short,-1,2024-06-23 08:00:00+00:00,2024-06-23 12:00:00+00:00,2024-06-24 12:00:00+00:00,24.666947254477257,24.493,26.156897095682925,24.666947254477257,0.007101917057006357,0.005550014941438919,0.0015519021155674384,7.710732744665526,6
DOT,short,-1,2024-06-23 08:00:00+00:00,2024-06-23 12:00:00+00:00,2024-06-24 12:00:00+00:00,5.719082203056755,5.584,5.841566673432979,5.719082203056755,0.024190938942828533,0.022339509462285356,0.0018514294805431764,9.046674492363598,6
LINK,short,-1,2024-06-23 08:00:00+00:00,2024-06-23 12:00:00+00:00,2024-06-24 12:00:00+00:00,13.386226713652652,13.138,13.768463656156666,13.386226713652652,0.018893797659663036,0.017562629484782155,0.0013311681748808812,6.536688716426203,6
XRP,short,-1,2024-06-23 08:00:00+00:00,2024-06-23 12:00:00+00:00,2024-06-24 12:00:00+00:00,0.4817227801867788,0.4756,0.49051699383695696,0.4817227801867788,0.01287380190659948,0.011711130821787208,0.0011626710848122723,5.742762706652812,6
ADA,short,-1,2024-06-23 16:00:00+00:00,2024-06-23 20:00:00+00:00,2024-06-24 20:00:00+00:00,0.38114526958504313,0.3687,0.39111913985525143,0.38114526958504313,0.033754460496455474,0.03169133311294137,0.0020631273835141073,9.988775255673833,6
BTC,short,-1,2024-06-23 16:00:00+00:00,2024-06-23 20:00:00+00:00,2024-06-24 20:00:00+00:00,63941.83321331738,59319.6,64368.87743379205,63941.83321331738,0.077920842576777,0.07684066941836498,0.0010801731584120233,5.012959217987713,6
ETH,short,-1,2024-06-23 16:00:00+00:00,2024-06-23 20:00:00+00:00,2024-06-24 20:00:00+00:00,3460.456042674703,3294.29,3500.5997104176286,3460.456042674703,0.050440623829323794,0.04938190925356989,0.0010587145757539052,5.041924062981029,6
BNB,short,-1,2024-06-24 08:00:00+00:00,2024-06-24 12:00:00+00:00,2024-06-25 12:00:00+00:00,565.2350290183888,571.9,574.6034716992632,565.2350290183888,-0.011654084598026193,-0.012929398085965493,0.0012753134879393002,6.455921962584254,6
SOL,long,1,2024-06-24 08:00:00+00:00,2024-06-24 12:00:00+00:00,2024-06-25 12:00:00+00:00,129.1528213689265,137.76,129.1528213689265,124.98141603806734,0.06664336512236901,0.06536396333162897,0.0012794017907400423,6.000925858297193,6
AVAX,long,1,2024-06-24 16:00:00+00:00,2024-06-24 20:00:00+00:00,2024-06-25 20:00:00+00:00,24.560955259560263,25.527,24.560955259560263,23.18876521621891,0.039332539399651756,0.037730971237230015,0.0016015681624217404,7.710732744665526,6
DOT,long,1,2024-06-24 16:00:00+00:00,2024-06-24 20:00:00+00:00,2024-06-25 20:00:00+00:00,5.649242117413935,5.905,5.649242117413935,5.52742179411037,0.045272954720366076,0.04338341528977763,0.0018895394305884494,9.046674492363598,6
LINK,long,1,2024-06-24 16:00:00+00:00,2024-06-24 20:00:00+00:00,2024-06-25 20:00:00+00:00,13.317447429897786,14.188,13.317447429897786,12.980708571216548,0.06536932656837946,0.06397743887087914,0.0013918876975003158,6.536688716426203,6
XRP,long,1,2024-06-24 20:00:00+00:00,2024-06-25 00:00:00+00:00,2024-06-26 00:00:00+00:00,0.4793087320891681,0.4757,0.4793087320891681,0.46894787211634786,-0.00752903472765587,-0.008668285532312803,0.0011392508046569327,5.742762706652812,6
SOL,long,1,2024-06-25 20:00:00+00:00,2024-06-26 00:00:00+00:00,2024-06-27 00:00:00+00:00,140.22942428730732,136.83,140.22942428730732,132.98659460935943,-0.024241875801632395,-0.025412263892205855,0.0011703880905734598,6.000925858297193,6
BNB,short,-1,2024-06-26 04:00:00+00:00,2024-06-26 08:00:00+00:00,2024-06-27 08:00:00+00:00,571.4860207807178,569.6,586.2075848195503,571.4860207807178,0.0033111319886196533,0.002016508113228621,0.0012946238753910322,6.455921962584254,6
ADA,long,1,2024-06-26 08:00:00+00:00,2024-06-26 12:00:00+00:00,2024-06-27 12:00:00+00:00,0.39472376167368106,0.38,0.39472376167368106,0.3817840592140064,-0.037301432301035886,-0.03922274906723955,0.0019213167662036623,9.988775255673833,6
XRP,short,-1,2024-06-26 08:00:00+00:00,2024-06-26 12:00:00+00:00,2024-06-27 12:00:00+00:00,0.4698708714718417,0.4704,0.47978083700706653,0.4698708714718417,-0.0011248480615609902,-0.0022714501893980055,0.0011466021278370153,5.742762706652812,6
AVAX,long,1,2024-06-26 12:00:00+00:00,2024-06-26 16:00:00+00:00,2024-06-27 16:00:00+00:00,26.50269388434531,27.83,26.50269388434531,25.44409360583225,0.05008193210270995,0.04846379957376845,0.001618132528941496,7.710732744665526,6
DOT,short,-1,2024-06-26 12:00:00+00:00,2024-06-26 16:00:00+00:00,2024-06-27 16:00:00+00:00,5.768060394903184,6.292,5.945280328600926,5.768060394903184,-0.0832707573262581,-0.08492792834879626,0.0016571710225381509,9.046674492363598,6
ETH,long,1,2024-06-26 12:00:00+00:00,2024-06-26 16:00:00+00:00,2024-06-27 16:00:00+00:00,3399.4909078389055,3452.38,3399.4909078389055,3324.9225564734547,0.01555794487908102,0.014534387740890109,0.0010235571381909114,5.041924062981029,6
LINK,short,-1,2024-06-27 00:00:00+00:00,2024-06-27 04:00:00+00:00,2024-06-28 04:00:00+00:00,13.655828393216106,14.391,14.008418639401738,13.655828393216106,-0.05108551224959301,-0.05232525359425344,0.0012397413446604277,6.536688716426203,6
BTC,long,1,2024-06-27 04:00:00+00:00,2024-06-27 08:00:00+00:00,2024-06-28 08:00:00+00:00,61290.8148618197,61344.0,61290.8148618197,60319.66289280032,0.0008677505479444125,-0.0001352085159862515,0.001002959063930664,5.012959217987713,6
SOL,long,1,2024-06-27 04:00:00+00:00,2024-06-27 08:00:00+00:00,2024-06-28 08:00:00+00:00,138.18595614785767,145.36,138.18595614785767,133.65185952933268,0.051915867951633166,0.050654131283903725,0.0012617366677294406,6.000925858297193,6
ADA,short,-1,2024-06-28 00:00:00+00:00,2024-06-28 04:00:00+00:00,2024-06-29 04:00:00+00:00,0.3866860276690262,0.4005,0.3967789861063287,0.3866860276690262,-0.034491816057362845,-0.036418740147578954,0.0019269240902161089,9.988775255673833,6
BNB,short,-1,2024-06-28 00:00:00+00:00,2024-06-28 04:00:00+00:00,2024-06-29 04:00:00+00:00,578.1007086570729,569.5,587.7391342233273,578.1007086570729,0.015102210108995484,0.013792371600013231,0.0013098385089822528,6.455921962584254,6
ETH,short,-1,2024-06-28 08:00:00+00:00,2024-06-28 12:00:00+00:00,2024-06-29 12:00:00+00:00,3411.372338408803,3399.85,3494.0222936965233,3411.372338408803,0.00338907257932064,0.002377780163363319,0.0010112924159573211,5.041924062981029,6
XRP,short,-1,2024-06-28 08:00:00+00:00,2024-06-28 12:00:00+00:00,2024-06-29 12:00:00+00:00,0.47632215742931927,0.4765,0.48370624042235255,0.47632215742931927,-0.0003732268010088191,-0.0015206917098800066,0.0011474649088711875,5.742762706652812,6
BTC,short,-1,2024-06-28 12:00:00+00:00,2024-06-28 16:00:00+00:00,2024-06-29 16:00:00+00:00,60515.86578456326,61114.9,61606.6052944252,60515.86578456326,-0.00980177036102059,-0.010794037610076135,0.000992267249055545,5.012959217987713,6
LINK,short,-1,2024-06-28 12:00:00+00:00,2024-06-28 16:00:00+00:00,2024-06-29 16:00:00+00:00,14.12169676364108,13.682,14.622669177521532,14.12169676364108,0.03213687791558839,0.03078840787174464,0.0013484700438437525,6.536688716426203,6
SOL,short,-1,2024-06-29 20:00:00+00:00,2024-06-30 00:00:00+00:00,2024-07-01 00:00:00+00:00,138.38242299889103,146.67,142.26442689298602,138.38242299889103,-0.05650492262295603,-0.05763661230576966,0.0011316896828136302,6.000925858297193,6
AVAX,long,1,2024-06-30 00:00:00+00:00,2024-06-30 04:00:00+00:00,2024-07-01 04:00:00+00:00,28.107742218703823,29.964,28.107742218703823,27.323801500105564,0.0660407999636825,0.06439807548394016,0.0016427244797423413,7.710732744665526,6
BNB,long,1,2024-06-30 00:00:00+00:00,2024-06-30 04:00:00+00:00,2024-07-01 04:00:00+00:00,573.8708169518881,585.4,573.8708169518881,564.7655890945434,0.020090206205900296,0.01877393142941175,0.0013162747764885463,6.455921962584254,6
BTC,long,1,2024-06-30 00:00:00+00:00,2024-06-30 04:00:00+00:00,2024-07-01 04:00:00+00:00,61517.114097900994,63437.3,61517.114097900994,60299.3726450924,0.03121384886558798,0.030180480295160628,0.001033368570427351,5.012959217987713,6
DOT,long,1,2024-06-30 00:00:00+00:00,2024-06-30 04:00:00+00:00,2024-07-01 04:00:00+00:00,6.165927225443199,6.272,6.165927225443199,6.009083086013357,0.017203053276253488,0.01536425579335643,0.0018387974828970588,9.046674492363598,6
ETH,long,1,2024-06-30 00:00:00+00:00,2024-06-30 04:00:00+00:00,2024-07-01 04:00:00+00:00,3398.530665210054,3498.09,3398.530665210054,3345.43832450524,0.02929481726003269,0.02825741504894097,0.0010374022110917203,5.041924062981029,6
XRP,long,1,2024-06-30 00:00:00+00:00,2024-06-30 04:00:00+00:00,2024-07-01 04:00:00+00:00,0.4746854773381821,0.4785,0.4746854773381821,0.46833589948153637,0.008035895016649697,0.006878777332903985,0.001157117683745712,5.742762706652812,6
LINK,long,1,2024-06-30 12:00:00+00:00,2024-06-30 16:00:00+00:00,2024-07-01 16:00:00+00:00,13.972780374822296,14.387,13.972780374822296,13.432544916987363,0.029644753160515736,0.02829953903713145,0.0013452141233842863,6.536688716426203,6
ADA,long,1,2024-06-30 20:00:00+00:00,2024-07-01 00:00:00+00:00,2024-07-02 00:00:00+00:00,0.402031272107381,0.4032,0.402031272107381,0.3831946932696623,0.0029070571711815596,0.0009054938485180131,0.0020015633226635465,9.988775255673833,6
SOL,short,-1,2024-07-01 04:00:00+00:00,2024-07-01 08:00:00+00:00,2024-07-02 08:00:00+00:00,146.07548322103918,147.45,150.55839292840608,146.07548322103918,-0.009321917795597212,-0.010510201859290524,0.0011882840636933123,6.000925858297193,6
DOT,short,-1,2024-07-01 08:00:00+00:00,2024-07-01 12:00:00+00:00,2024-07-02 12:00:00+00:00,6.304197439245043,6.401,6.422351043124785,6.304197439245043,-0.015123037143408347,-0.016903398767797007,0.00178036162438866,9.046674492363598,6
XRP,long,1,2024-07-01 08:00:00+00:00,2024-07-01 12:00:00+00:00,2024-07-02 12:00:00+00:00,0.48224645168785624,0.4864,0.48224645168785624,0.47696807139782266,0.008612916274669091,0.00745513623206806,0.001157780042601031,5.742762706652812,6
BTC,long,1,2024-07-01 12:00:00+00:00,2024-07-01 16:00:00+00:00,2024-07-02 16:00:00+00:00,63737.209606561,61958.5,63737.209606561,62521.24585133702,-0.02790692622944546,-0.02888105049190537,0.0009741242624599078,5.012959217987713,6
AVAX,short,-1,2024-07-01 16:00:00+00:00,2024-07-01 20:00:00+00:00,2024-07-02 20:00:00+00:00,28.92180914265852,28.737,30.12852192965902,28.92180914265852,0.006431052046439234,0.004880183705916252,0.0015508683405229817,7.710732744665526,6
ETH,short,-1,2024-07-01 16:00:00+00:00,2024-07-01 20:00:00+00:00,2024-07-02 20:00:00+00:00,3436.3996849599907,3416.28,3505.9284962774254,3436.3996849599907,0.005889354783563006,0.004875542391556742,0.0010138123920062636,5.041924062981029,6
LINK,long,1,2024-07-02 00:00:00+00:00,2024-07-02 04:00:00+00:00,2024-07-03 04:00:00+00:00,14.668486875585415,14.194,14.668486875585415,14.242649413807525,-0.03234736340632116,-0.0336115858376792,0.001264222431358042,6.536688716426203,6
ADA,long,1,2024-07-02 04:00:00+00:00,2024-07-02 08:00:00+00:00,2024-07-03 08:00:00+00:00,0.4118196217764066,0.4152,0.4118196217764066,0.4022367833894458,0.00820839524113004,0.00619625171189031,0.0020121435292397294,9.988775255673833,6
BNB,long,1,2024-07-02 12:00:00+00:00,2024-07-02 16:00:00+00:00,2024-07-03 16:00:00+00:00,580.5176702595737,558.0,580.5176702595737,570.3274455917215,-0.0387889489212363,-0.04002924890031656,0.0012402999790802616,6.455921962584254,6
SOL,long,1,2024-07-02 12:00:00+00:00,2024-07-02 16:00:00+00:00,2024-07-03 16:00:00+00:00,150.97171732162997,141.67,150.97171732162997,145.8327744467251,-0.061612317105816716,-0.06273788064575914,0.0011255635399424202,6.000925858297193,6
DOT,long,1,2024-07-02 16:00:00+00:00,2024-07-02 20:00:00+00:00,2024-07-03 20:00:00+00:00,6.602452289186259,6.065,6.602452289186259,6.416870451209526,-0.08140191941508135,-0.08306246873503609,0.0016605493199547405,9.046674492363598,6
BTC,short,-1,2024-07-02 20:00:00+00:00,2024-07-03 00:00:00+00:00,2024-07-04 00:00:00+00:00,61467.50532267763,60214.0,62799.43286694373,61467.50532267763,0.020817506272256203,0.019794555767582267,0.0010229505046739362,5.012959217987713,6
XRP,short,-1,2024-07-02 20:00:00+00:00,2024-07-03 00:00:00+00:00,2024-07-04 00:00:00+00:00,0.48094323923832977,0.467,0.48989806026411925,0.48094323923832977,0.02985704333689454,0.02867487730246432,0.001182166034430221,5.742762706652812,6
AVAX,short,-1,2024-07-03 04:00:00+00:00,2024-07-03 08:00:00+00:00,2024-07-04 08:00:00+00:00,27.391833786106048,25.586,28.311762916485062,27.391833786106048,0.0705789801495369,0.06892926252311105,0.0016497176264258506,7.710732744665526,6
ETH,short,-1,2024-07-03 04:00:00+00:00,2024-07-03 08:00:00+00:00,2024-07-04 08:00:00+00:00,3317.6250745633965,3182.33,3387.7617414557035,3317.6250745633965,0.04251447039225864,0.04146374440146894,0.0010507259907897026,5.041924062981029,6
LINK,short,-1,2024-07-03 12:00:00+00:00,2024-07-03 16:00:00+00:00,2024-07-04 16:00:00+00:00,14.190484101839282,13.074,14.58826510176408,14.190484101839282,0.0853972848278477,0.08397923092862536,0.001418053899222338,6.536688716426203,6
BNB,short,-1,2024-07-03 20:00:00+00:00,2024-07-04 00:00:00+00:00,2024-07-05 00:00:00+00:00,550.3166705472321,513.2,563.1573720850982,550.3166705472321,0.0723239878161186,0.07094031310892213,0.0013836747071964695,6.455921962584254,6
SOL,short,-1,2024-07-03 20:00:00+00:00,2024-07-04 00:00:00+00:00,2024-07-05 00:00:00+00:00,137.14179950852508,127.79,144.59685136891687,137.14179950852508,0.07318099623229579,0.07189375277936327,0.0012872434529325183,6.000925858297193,6
ADA,short,-1,2024-07-04 00:00:00+00:00,2024-07-04 04:00:00+00:00,2024-07-05 04:00:00+00:00,0.39006023436484016,0.3238,0.404266818576813,0.39006023436484016,0.20463321298591786,0.20222905236192568,0.0024041606239921798,9.988775255673833,6
BTC,short,-1,2024-07-04 04:00:00+00:00,2024-07-04 08:00:00+00:00,2024-07-05 08:00:00+00:00,57446.08597123017,54401.2,59039.81705470004,57446.08597123017,0.05597093393583541,0.054912756550403286,0.0010581773854321241,5.012959217987713,6
DOT,short,-1,2024-07-04 08:00:00+00:00,2024-07-04 12:00:00+00:00,2024-07-05 12:00:00+00:00,5.668776624234656,5.606,5.960892665189843,5.668776624234656,0.011198113491733164,0.009370171135671512,0.0018279423560616515,9.046674492363598,6
XRP,short,-1,2024-07-04 08:00:00+00:00,2024-07-04 12:00:00+00:00,2024-07-05 12:00:00+00:00,0.4458506171210113,0.4169,0.4598577014963557,0.4458506171210113,0.06944259323821367,0.06821498721495178,0.0012276060232618846,5.742762706652812,6
AVAX,short,-1,2024-07-04 16:00:00+00:00,2024-07-04 20:00:00+00:00,2024-07-05 20:00:00+00:00,25.082120620189432,25.03,25.83545250469759,25.082120620189432,0.002082326016357605,0.0005381588815536187,0.0015441671348039865,7.710732744665526,6
ETH,short,-1,2024-07-04 16:00:00+00:00,2024-07-04 20:00:00+00:00,2024-07-05 20:00:00+00:00,3093.5725456388027,2988.49,3173.9427814105056,3093.5725456388027,0.03516242170420614,0.03411910567161036,0.0010433160325957758,5.041924062981029,6
LINK,short,-1,2024-07-04 20:00:00+00:00,2024-07-05 00:00:00+00:00,2024-07-06 00:00:00+00:00,12.223004376081956,12.31,12.84060605485196,12.223004376081956,-0.007067069367834633,-0.008364320092183575,0.0012972507243489417,6.536688716426203,6
SOL,long,1,2024-07-05 08:00:00+00:00,2024-07-05 12:00:00+00:00,2024-07-06 12:00:00+00:00,134.65411855690039,138.72,134.65411855690039,125.69990566495466,0.030195002475037702,0.028959319233500924,0.001235683241536778,6.000925858297193,6
BNB,short,-1,2024-07-07 00:00:00+00:00,2024-07-07 04:00:00+00:00,2024-07-08 04:00:00+00:00,510.24248296915835,488.1,526.687935579531,510.24248296915835,0.045364644476866056,0.04401575679478964,0.0013488876820764162,6.455921962584254,6
BTC,short,-1,2024-07-07 00:00:00+00:00,2024-07-07 04:00:00+00:00,2024-07-08 04:00:00+00:00,57066.27151280777,55160.0,58874.835225496456,57066.27151280777,0.03455894693270056,0.03352222627462309,0.0010367206580774724,5.012959217987713,6
ETH,short,-1,2024-07-07 00:00:00+00:00,2024-07-07 04:00:00+00:00,2024-07-08 04:00:00+00:00,3007.1496932248524,2879.43,3096.2608630284103,3007.1496932248524,0.04435589447385513,0.04330331255473285,0.0010525819191222752,5.041924062981029,6
LINK,short,-1,2024-07-07 00:00:00+00:00,2024-07-07 04:00:00+00:00,2024-07-08 04:00:00+00:00,12.761217440578946,12.268,13.341227417583767,12.761217440578946,0.04020357357180848,0.03884456452129048,0.0013590090505180008,6.536688716426203,6
SOL,short,-1,2024-07-07 00:00:00+00:00,2024-07-07 04:00:00+00:00,2024-07-08 04:00:00+00:00,139.20127849461338,130.68,145.0999201906152,139.20127849461338,0.06520721223303783,0.063929533057971,0.001277679175066826,6.000925858297193,6
XRP,short,-1,2024-07-07 00:00:00+00:00,2024-07-07 04:00:00+00:00,2024-07-08 04:00:00+00:00,0.4372328004354735,0.4145,0.45188798691043935,0.4372328004354735,0.05484390937388062,0.05363306108250332,0.0012108482913772978,5.742762706652812,6
ADA,short,-1,2024-07-07 08:00:00+00:00,2024-07-07 12:00:00+00:00,2024-07-08 12:00:00+00:00,0.35909182693206687,0.3768,0.3726334880501587,0.35909182693206687,-0.046996213025300326,-0.04889818132109447,0.001901968295794143,9.988775255673833,6
AVAX,short,-1,2024-07-07 08:00:00+00:00,2024-07-07 12:00:00+00:00,2024-07-08 12:00:00+00:00,25.68069764272297,26.955,27.024434680677675,25.68069764272297,-0.04727517556212313,-0.048743284842382995,0.001468109280259866,7.710732744665526,6
DOT,short,-1,2024-07-07 08:00:00+00:00,2024-07-07 12:00:00+00:00,2024-07-08 12:00:00+00:00,6.025227390877597,6.161,6.416940223457443,6.025227390877597,-0.0220374304694696,-0.02380529294828182,0.001767862478812221,9.046674492363598,6
BNB,short,-1,2024-07-08 08:00:00+00:00,2024-07-08 12:00:00+00:00,2024-07-09 12:00:00+00:00,502.1504785296421,516.1,528.7938603135782,502.1504785296421,-0.02702871821421804,-0.02828419302288787,0.001255474808669832,6.455921962584254,6
BTC,short,-1,2024-07-08 08:00:00+00:00,2024-07-08 12:00:00+00:00,2024-07-09 12:00:00+00:00,56048.57785459278,57430.0,58291.01366168353,56048.57785459278,-0.024054016113655208,-0.025032001336887322,0.000977985223232114,5.012959217987713,6
ETH,short,-1,2024-07-08 08:00:00+00:00,2024-07-08 12:00:00+00:00,2024-07-09 12:00:00+00:00,2974.3607201174345,3083.05,3135.751106789681,2974.3607201174345,-0.03525381679913253,-0.03622616194924144,0.0009723451501089109,5.041924062981029,6
LINK,short,-1,2024-07-08 08:00:00+00:00,2024-07-08 12:00:00+00:00,2024-07-09 12:00:00+00:00,12.960157518999738,13.174,14.029015907673374,12.960157518999738,-0.01623216039170039,-0.017517437073692133,0.0012852766819917427,6.536688716426203,6
SOL,short,-1,2024-07-08 08:00:00+00:00,2024-07-08 12:00:00+00:00,2024-07-09 12:00:00+00:00,135.4041723773743,141.89,146.05751471883485,135.4041723773743,-0.04571025176281407,-0.046854889279627665,0.0011446375168135958,6.000925858297193,6
XRP,short,-1,2024-07-08 08:00:00+00:00,2024-07-08 12:00:00+00:00,2024-07-09 12:00:00+00:00,0.42741291131209014,0.4342,0.4523403128054525,0.42741291131209014,-0.01563124985700104,-0.01676120018292493,0.0011299503259238897,5.742762706652812,6
DOT,long,1,2024-07-09 00:00:00+00:00,2024-07-09 04:00:00+00:00,2024-07-10 04:00:00+00:00,6.111484577041801,6.174,6.111484577041801,5.761669780249068,0.010229171352741817,0.008402980552930872,0.001826190799810945,9.046674492363598,6
BTC,long,1,2024-07-10 00:00:00+00:00,2024-07-10 04:00:00+00:00,2024-07-11 04:00:00+00:00,59176.918801367574,57560.2,59176.918801367574,57203.21847530476,-0.02732009090899501,-0.028294803232967847,0.0009747123239728372,5.012959217987713,6
SOL,long,1,2024-07-10 00:00:00+00:00,2024-07-10 04:00:00+00:00,2024-07-11 04:00:00+00:00,145.90845811444171,140.33,145.90845811444171,137.61292703299856,-0.03823258902555393,-0.03938619573995461,0.001153606714400679,6.000925858297193,6
AVAX,short,-1,2024-07-10 08:00:00+00:00,2024-07-10 12:00:00+00:00,2024-07-11 12:00:00+00:00,26.201993691249708,25.849,27.606335362242437,26.201993691249708,0.013655990222047665,0.012093988552663193,0.0015620016693844718,7.710732744665526,6
XRP,short,-1,2024-07-10 08:00:00+00:00,2024-07-10 12:00:00+00:00,2024-07-11 12:00:00+00:00,0.4320056038966936,0.4499,0.4489575094641138,0.4320056038966936,-0.039774163376986915,-0.04087640021343164,0.0011022368364447255,5.742762706652812,6
ETH,short,-1,2024-07-10 16:00:00+00:00,2024-07-10 20:00:00+00:00,2024-07-11 20:00:00+00:00,3081.369695955459,3107.25,3133.549354747588,3081.369695955459,-0.0083290060486092,-0.00932848808674791,0.0009994820381387104,5.041924062981029,6
ADA,long,1,2024-07-10 20:00:00+00:00,2024-07-11 00:00:00+00:00,2024-07-12 00:00:00+00:00,0.3928296175011103,0.396,0.3928296175011103,0.3840203316634435,0.008070630007628532,0.006058761424941883,0.002011868582686649,9.988775255673833,6
BNB,short,-1,2024-07-10 20:00:00+00:00,2024-07-11 00:00:00+00:00,2024-07-12 00:00:00+00:00,520.5452795930819,524.7,529.0894967202394,520.5452795930819,-0.00791827788625532,-0.009198411877434864,0.001280133991179544,6.455921962584254,6
LINK,short,-1,2024-07-10 20:00:00+00:00,2024-07-11 00:00:00+00:00,2024-07-12 00:00:00+00:00,12.602579182496488,12.345,12.982237892005056,12.602579182496488,0.020865061360590298,0.01953131776174577,0.0013337435988445279,6.536688716426203,6
XRP,long,1,2024-07-12 00:00:00+00:00,2024-07-12 04:00:00+00:00,2024-07-13 04:00:00+00:00,0.45931076512092794,0.4924,0.45931076512092794,0.44441205279884555,0.07204106106757657,0.07081047228041593,0.001230588787160647,5.742762706652812,6
ADA,long,1,2024-07-12 04:00:00+00:00,2024-07-12 08:00:00+00:00,2024-07-13 08:00:00+00:00,0.401555123326156,0.4245,0.401555123326156,0.39606377994291314,0.05714004215358348,0.05503024272584622,0.002109799427737258,9.988775255673833,6
AVAX,long,1,2024-07-12 08:00:00+00:00,2024-07-12 12:00:00+00:00,2024-07-13 12:00:00+00:00,25.556143390341457,25.786,25.556143390341457,24.538200244916585,0.00899418218734116,0.007439364170007012,0.0015548180173341475,7.710732744665526,6
BNB,long,1,2024-07-12 08:00:00+00:00,2024-07-12 12:00:00+00:00,2024-07-13 12:00:00+00:00,531.4041112658152,537.8,531.4041112658152,516.5018564613738,0.012035828475149613,0.010729946675853697,0.001305881799295916,6.455921962584254,6
BTC,long,1,2024-07-12 08:00:00+00:00,2024-07-12 12:00:00+00:00,2024-07-13 12:00:00+00:00,58051.65190866028,58536.8,58051.65190866028,56378.579650921965,0.008357179776779855,0.0073467156344564355,0.0010104641423234195,5.012959217987713,6
DOT,long,1,2024-07-12 08:00:00+00:00,2024-07-12 12:00:00+00:00,2024-07-13 12:00:00+00:00,5.906443736186864,6.225,5.906443736186864,5.754545631538154,0.05393368294722678,0.05202848752227984,0.0019051954249469372,9.046674492363598,6
ETH,long,1,2024-07-12 08:00:00+00:00,2024-07-12 12:00:00+00:00,2024-07-13 12:00:00+00:00,3102.1456648821827,3157.29,3102.1456648821827,3038.5437212401152,0.017776191409087705,0.016750398552017876,0.0010257928570698294,5.041924062981029,6
LINK,long,1,2024-07-12 08:00:00+00:00,2024-07-12 12:00:00+00:00,2024-07-13 12:00:00+00:00,12.609077168488229,13.021,12.609077168488229,12.208161385886413,0.03266875331219499,0.03131958838179649,0.0013491649303984943,6.536688716426203,6
SOL,long,1,2024-07-12 08:00:00+00:00,2024-07-12 12:00:00+00:00,2024-07-13 12:00:00+00:00,138.39109179979718,140.09,138.39109179979718,132.9828051839025,0.012276138428480188,0.011061948244041053,0.0012141901844391345,6.000925858297193,6
XRP,long,1,2024-07-13 08:00:00+00:00,2024-07-13 12:00:00+00:00,2024-07-14 12:00:00+00:00,0.5261252879610091,0.5282,0.5261252879610091,0.4941750870930734,0.0039433801918766775,0.00279096027861514,0.0011524199132615376,5.742762706652812,6
ADA,long,1,2024-07-13 12:00:00+00:00,2024-07-13 16:00:00+00:00,2024-07-14 16:00:00+00:00,0.443675041887049,0.4301,0.443675041887049,0.4243403216896065,-0.030596812093173664,-0.03253150968245988,0.0019346975892862162,9.988775255673833,6
BNB,long,1,2024-07-13 16:00:00+00:00,2024-07-13 20:00:00+00:00,2024-07-14 20:00:00+00:00,535.3241350318452,536.9,535.3241350318452,524.5308246438323,0.0029437584914062676,0.0016496086569040003,0.0012941498345022673,6.455921962584254,6
BTC,long,1,2024-07-13 16:00:00+00:00,2024-07-13 20:00:00+00:00,2024-07-14 20:00:00+00:00,59272.9932868334,59910.0,59272.9932868334,57979.54118260117,0.01074699754210151,0.009734138588487928,0.0010128589536135824,5.012959217987713,6
DOT,short,-1,2024-07-13 16:00:00+00:00,2024-07-13 20:00:00+00:00,2024-07-14 20:00:00+00:00,6.187222956373359,6.232,6.412796383736091,6.187222956373359,-0.00718501983739428,-0.008979731011948378,0.0017947111745540978,9.046674492363598,6
ETH,long,1,2024-07-13 16:00:00+00:00,2024-07-13 20:00:00+00:00,2024-07-14 20:00:00+00:00,3197.444986550135,3190.79,3197.444986550135,3129.895595450953,-0.002081345129667289,-0.0030871240393561816,0.0010057789096888925,5.041924062981029,6
SOL,long,1,2024-07-13 16:00:00+00:00,2024-07-13 20:00:00+00:00,2024-07-14 20:00:00+00:00,141.5861710256265,145.18,141.5861710256265,138.07586050520143,0.025382627048534667,0.024152716084724357,0.00122991096381031,6.000925858297193,6
LINK,long,1,2024-07-14 00:00:00+00:00,2024-07-14 04:00:00+00:00,2024-07-15 04:00:00+00:00,13.122475425404607,13.803,13.122475425404607,12.81336665142321,0.051859466490440154,0.05048522920540077,0.0013742372850393814,6.536688716426203,6
AVAX,long,1,2024-07-14 16:00:00+00:00,2024-07-14 20:00:00+00:00,2024-07-15 20:00:00+00:00,26.08924883230239,27.077,26.08924883230239,25.332322453903135,0.03786046789030695,0.036261168128779886,0.001599299761527062,7.710732744665526,6
BNB,long,1,2024-07-15 00:00:00+00:00,2024-07-15 04:00:00+00:00,2024-07-16 04:00:00+00:00,559.905203979098,579.4,559.905203979098,547.5635657986226,0.03481802969923775,0.03348275085579622,0.0013352788434415341,6.455921962584254,6
SOL,long,1,2024-07-15 00:00:00+00:00,2024-07-15 04:00:00+00:00,2024-07-16 04:00:00+00:00,153.4049287829646,157.86,153.4049287829646,149.3620647118637,0.029041252144762497,0.027806952786805894,0.001234299357956603,6.000925858297193,6
DOT,short,-1,2024-07-15 04:00:00+00:00,2024-07-15 08:00:00+00:00,2024-07-16 08:00:00+00:00,6.390024917475756,6.212,6.613902378442541,6.390024917475756,0.028658228827391552,0.026798723829016824,0.001859504998374728,9.046674492363598,6
ADA,long,1,2024-07-15 08:00:00+00:00,2024-07-15 12:00:00+00:00,2024-07-16 12:00:00+00:00,0.44250880313090074,0.4321,0.44250880313090074,0.42057007382279593,-0.023522250986319215,-0.025471067712502737,0.001948816726183522,9.988775255673833,6
ETH,long,1,2024-07-15 08:00:00+00:00,2024-07-15 12:00:00+00:00,2024-07-16 12:00:00+00:00,3384.880929638721,3419.56,3384.880929638721,3296.247018677512,0.010245285161324835,0.009227082528806774,0.0010182026325180615,5.041924062981029,6
LINK,long,1,2024-07-15 08:00:00+00:00,2024-07-15 12:00:00+00:00,2024-07-16 12:00:00+00:00,13.969221523174467,14.085,13.969221523174467,13.58347884205359,0.008288112307007323,0.006970800287544154,0.0013173120194631682,6.536688716426203,6
BTC,long,1,2024-07-15 16:00:00+00:00,2024-07-15 20:00:00+00:00,2024-07-16 20:00:00+00:00,64263.06575548004,65178.0,64263.06575548004,62457.20238374608,0.014237326429480834,0.013220969853936948,0.0010163565755438864,5.012959217987713,6
XRP,long,1,2024-07-15 20:00:00+00:00,2024-07-16 00:00:00+00:00,2024-07-17 00:00:00+00:00,0.5485768355365707,0.5793,0.5485768355365707,0.5258632725857576,0.05600521654068502,0.054793035192552964,0.0012121813481320576,5.742762706652812,6
AVAX,short,-1,2024-07-16 00:00:00+00:00,2024-07-16 04:00:00+00:00,2024-07-17 04:00:00+00:00,27.512567603890787,28.798,28.606087491765027,27.512567603890787,-0.044636169043308915,-0.046108344922718314,0.0014721758794093986,7.710732744665526,6
SOL,long,1,2024-07-16 08:00:00+00:00,2024-07-16 12:00:00+00:00,2024-07-17 12:00:00+00:00,160.8525034247517,160.87,160.8525034247517,153.7477320741188,0.00010877403133791042,-0.0010908218207241749,0.0011995958520620853,6.000925858297193,6
LINK,short,-1,2024-07-17 12:00:00+00:00,2024-07-17 16:00:00+00:00,2024-07-18 16:00:00+00:00,13.793528684241581,13.531,14.468533293297256,13.793528684241581,0.01940201642462358,0.018070184270192025,0.001331832154431556,6.536688716426203,6
SOL,long,1,2024-07-17 20:00:00+00:00,2024-07-18 00:00:00+00:00,2024-07-19 00:00:00+00:00,158.6246158597397,159.24,158.6246158597397,152.51536761098825,0.003879499640865758,0.002675380933972349,0.001204118706893409,6.000925858297193,6
XRP,short,-1,2024-07-18 00:00:00+00:00,2024-07-18 04:00:00+00:00,2024-07-19 04:00:00+00:00,0.580391028855389,0.5559,0.63545656576972,0.580391028855389,0.04405653688683042,0.04285807134841613,0.001198465538414295,5.742762706652812,6
DOT,short,-1,2024-07-18 04:00:00+00:00,2024-07-18 08:00:00+00:00,2024-07-19 08:00:00+00:00,6.141418091742488,6.091,6.415575101942121,6.141418091742488,0.008277473607369634,0.00645481089065858,0.0018226627167110543,9.046674492363598,6
ADA,short,-1,2024-07-18 08:00:00+00:00,2024-07-18 12:00:00+00:00,2024-07-19 12:00:00+00:00,0.4305754468348227,0.4209,0.44942648593298695,0.4305754468348227,0.022987519208417018,0.020945880072119172,0.002041639136297846,9.988775255673833,6
BTC,short,-1,2024-07-18 08:00:00+00:00,2024-07-18 12:00:00+00:00,2024-07-19 12:00:00+00:00,63968.25356440524,64128.0,65561.54602184804,63968.25356440524,-0.0024910559442795632,-0.003490649183491179,0.0009995932392116158,5.012959217987713,6
ETH,short,-1,2024-07-18 08:00:00+00:00,2024-07-18 12:00:00+00:00,2024-07-19 12:00:00+00:00,3411.783131340098,3404.39,3506.7689363364034,3411.783131340098,0.0021716464153924697,0.0011615810148375427,0.001010065400554927,5.041924062981029,6
BNB,long,1,2024-07-18 12:00:00+00:00,2024-07-18 16:00:00+00:00,2024-07-19 16:00:00+00:00,570.972444739687,591.5,570.972444739687,559.8819399169859,0.03595191930789543,0.03461517734846464,0.0013367419594307872,6.455921962584254,6
LINK,short,-1,2024-07-18 20:00:00+00:00,2024-07-19 00:00:00+00:00,2024-07-20 00:00:00+00:00,13.400431230775897,14.078,13.796452204866497,13.400431230775897,-0.0481296184986576,-0.04937322167042757,0.0012436031717699692,6.536688716426203,6
AVAX,short,-1,2024-07-19 00:00:00+00:00,2024-07-19 04:00:00+00:00,2024-07-20 04:00:00+00:00,26.760127581557178,28.251,27.816088945443116,26.760127581557178,-0.05277237685189273,-0.05423201517388432,0.0014596383219915854,7.710732744665526,6
SOL,long,1,2024-07-19 08:00:00+00:00,2024-07-19 12:00:00+00:00,2024-07-20 12:00:00+00:00,165.88016022619027,168.05,165.88016022619027,159.5611920310953,0.0130807672891744,0.011865611980271806,0.0012151553089025935,6.000925858297193,6
XRP,long,1,2024-07-19 12:00:00+00:00,2024-07-19 16:00:00+00:00,2024-07-20 16:00:00+00:00,0.5812065965886724,0.5915,0.5812065965886724,0.544201944465963,0.01771040361851295,0.01654218063083923,0.0011682229876737171,5.742762706652812,6
AVAX,long,1,2024-07-20 12:00:00+00:00,2024-07-20 16:00:00+00:00,2024-07-21 16:00:00+00:00,28.959206452195946,30.994,28.959206452195946,27.86336142642519,0.07026413348594218,0.0686149010251138,0.001649232460828376,7.710732744665526,6
ADA,short,-1,2024-07-21 00:00:00+00:00,2024-07-21 04:00:00+00:00,2024-07-22 04:00:00+00:00,0.4290696078694951,0.4387,0.4438556274018955,0.4290696078694951,-0.02195211335879843,-0.02390406370525544,0.0019519503464570098,9.988775255673833,6
DOT,short,-1,2024-07-21 00:00:00+00:00,2024-07-21 04:00:00+00:00,2024-07-22 04:00:00+00:00,6.263289389875232,6.372,6.4176501352431865,6.263289389875232,-0.017060673277584426,-0.018837532238041077,0.001776858960456651,9.046674492363598,6
XRP,long,1,2024-07-21 00:00:00+00:00,2024-07-21 04:00:00+00:00,2024-07-22 04:00:00+00:00,0.605882645619631,0.5944,0.605882645619631,0.5817623141186393,-0.01895193021725816,-0.02007806875633411,0.0011261385390759493,5.742762706652812,6
LINK,long,1,2024-07-21 04:00:00+00:00,2024-07-21 08:00:00+00:00,2024-07-22 08:00:00+00:00,14.27114651422657,14.286,14.27114651422657,13.684998945621459,0.0010408053591646205,-0.00026703817164508425,0.0013078435308097047,6.536688716426203,6
SOL,long,1,2024-07-21 08:00:00+00:00,2024-07-21 12:00:00+00:00,2024-07-22 12:00:00+00:00,176.32504465050988,180.55,176.32504465050988,169.52187455415773,0.023961175554297,0.022732969572345274,0.0012282059819517244,6.000925858297193,6
BNB,short,-1,2024-07-21 12:00:00+00:00,2024-07-21 16:00:00+00:00,2024-07-22 16:00:00+00:00,594.5416193824884,592.3,603.693329951884,594.5416193824884,0.0037846013548683555,0.002489366537640425,0.0012952348172279304,6.455921962584254,6
BTC,short,-1,2024-07-21 12:00:00+00:00,2024-07-21 16:00:00+00:00,2024-07-22 16:00:00+00:00,66450.2224199605,67077.9,67885.4446489403,66450.2224199605,-0.009357442317656006,-0.010350154823178359,0.000992712505522353,5.012959217987713,6
ETH,short,-1,2024-07-21 12:00:00+00:00,2024-07-21 16:00:00+00:00,2024-07-22 16:00:00+00:00,3467.845932196682,3456.92,3532.048504888801,3467.845932196682,0.0031605973515966834,0.0021495352104863308,0.0010110621411103526,5.041924062981029,6
DOT,short,-1,2024-07-22 08:00:00+00:00,2024-07-22 12:00:00+00:00,2024-07-23 12:00:00+00:00,6.203761089045061,6.051,6.428233522793279,6.203761089045061,0.025245593958859835,0.02339225797893829,0.0018533359799215443,9.046674492363598,6
XRP,long,1,2024-07-22 12:00:00+00:00,2024-07-22 16:00:00+00:00,2024-07-23 16:00:00+00:00,0.6190968492583633,0.6006,0.6190968492583633,0.6018253209434612,-0.02987714972305422,-0.030990747275493224,0.0011135975524390052,5.742762706652812,6
LINK,short,-1,2024-07-22 16:00:00+00:00,2024-07-22 20:00:00+00:00,2024-07-23 20:00:00+00:00,13.906208965405174,13.897,14.510210906651714,13.906208965405174,0.0006626585165987464,-0.0006446909715113192,0.0013073494881100656,6.536688716426203,6
SOL,short,-1,2024-07-22 16:00:00+00:00,2024-07-22 20:00:00+00:00,2024-07-23 20:00:00+00:00,178.6364195699143,172.11,187.2243884003191,178.6364195699143,0.03792004863119103,0.03667509946422043,0.0012449491669705992,6.000925858297193,6
ETH,long,1,2024-07-22 20:00:00+00:00,2024-07-23 00:00:00+00:00,2024-07-24 00:00:00+00:00,3488.9199810180944,3482.61,3488.9199810180944,3391.3124168148233,-0.0018085771678412188,-0.0028146309939894865,0.0010060538261482677,5.041924062981029,6
AVAX,short,-1,2024-07-23 00:00:00+00:00,2024-07-23 04:00:00+00:00,2024-07-24 04:00:00+00:00,31.063613985395587,28.939,33.14823321858527,31.063613985395587,0.07341698004062303,0.07176288917454743,0.001654090866075597,7.710732744665526,6
BNB,short,-1,2024-07-23 00:00:00+00:00,2024-07-23 04:00:00+00:00,2024-07-24 04:00:00+00:00,582.7889488596405,585.0,597.9078544331182,582.7889488596405,-0.0037795745989051,-0.00506504897146598,0.0012854743725608797,6.455921962584254,6
BTC,short,-1,2024-07-23 00:00:00+00:00,2024-07-23 04:00:00+00:00,2024-07-24 04:00:00+00:00,66631.75616061638,66051.9,68334.5863174362,66631.75616061638,0.008778796077272277,0.007767909437680798,0.0010108866395914795,5.012959217987713,6
ADA,short,-1,2024-07-23 12:00:00+00:00,2024-07-23 16:00:00+00:00,2024-07-24 16:00:00+00:00,0.4039916288435139,0.412,0.4279535209551799,0.4039916288435139,-0.019437794069140923,-0.021394762397309863,0.00195696832816894,9.988775255673833,6
SOL,long,1,2024-07-24 04:00:00+00:00,2024-07-24 08:00:00+00:00,2024-07-25 08:00:00+00:00,177.6533069443632,169.39,177.6533069443632,170.83343182294163,-0.04651366803406087,-0.04765734188087034,0.0011436738468094676,6.000925858297193,6
XRP,long,1,2024-07-24 04:00:00+00:00,2024-07-24 08:00:00+00:00,2024-07-25 08:00:00+00:00,0.6150265529880771,0.6089,0.6150265529880771,0.5908165074086553,-0.009961444686105825,-0.0110979033435874,0.001136458657481576,5.742762706652812,6
DOT,short,-1,2024-07-24 08:00:00+00:00,2024-07-24 12:00:00+00:00,2024-07-25 12:00:00+00:00,5.891146799706178,5.717,6.08644551206708,5.891146799706178,0.030461220868668537,0.028598456602425326,0.001862764266243211,9.046674492363598,6
ETH,short,-1,2024-07-24 12:00:00+00:00,2024-07-24 16:00:00+00:00,2024-07-25 16:00:00+00:00,3356.3705054700463,3141.93,3476.424261828007,3356.3705054700463,0.06825120402747564,0.0671745385838376,0.0010766654436380474,5.041924062981029,6
BNB,short,-1,2024-07-24 16:00:00+00:00,2024-07-24 20:00:00+00:00,2024-07-25 20:00:00+00:00,572.1315471495546,566.2,586.355780714025,572.1315471495546,0.0104760634926786,0.009172194338236128,0.0013038691544424719,6.455921962584254,6
LINK,short,-1,2024-07-24 16:00:00+00:00,2024-07-24 20:00:00+00:00,2024-07-25 20:00:00+00:00,13.394999497724719,12.626,13.767555574102492,13.394999497724719,0.060906027065160684,0.059519970595868,0.0013860564692926847,6.536688716426203,6
ADA,short,-1,2024-07-24 20:00:00+00:00,2024-07-25 00:00:00+00:00,2024-07-26 00:00:00+00:00,0.3983979535494587,0.3947,0.41415483822136756,0.3983979535494587,0.009369023434149248,0.00735456356781139,0.002014459866337859,9.988775255673833,6
AVAX,short,-1,2024-07-24 20:00:00+00:00,2024-07-25 00:00:00+00:00,2024-07-26 00:00:00+00:00,27.428588947161035,27.232,29.34372240403952,27.428588947161035,0.00721904183170663,0.005666959231738877,0.0015520825999677523,7.710732744665526,6
BTC,short,-1,2024-07-24 20:00:00+00:00,2024-07-25 00:00:00+00:00,2024-07-26 00:00:00+00:00,64724.86512874194,65800.0,66036.51351390738,64724.86512874194,-0.016339435733405128,-0.017325151656635063,0.000985715923229935,5.012959217987713,6
XRP,short,-1,2024-07-25 12:00:00+00:00,2024-07-25 16:00:00+00:00,2024-07-26 16:00:00+00:00,0.6034497471822329,0.592,0.6320820611510073,0.6034497471822329,0.019340789159177252,0.018170694662810183,0.001170094496367069,5.742762706652812,6
SOL,long,1,2024-07-25 16:00:00+00:00,2024-07-25 20:00:00+00:00,2024-07-26 20:00:00+00:00,172.04488564012019,182.26,172.04488564012019,164.26511020569188,0.05937470516413712,0.058104021879386014,0.0012706832847511063,6.000925858297193,6
ETH,long,1,2024-07-25 20:00:00+00:00,2024-07-26 00:00:00+00:00,2024-07-27 00:00:00+00:00,3253.772734887351,3274.41,3253.772734887351,3098.1343263204285,0.006342565014259893,0.005328295842244923,0.00101426917201497,5.041924062981029,6
BNB,long,1,2024-07-27 00:00:00+00:00,2024-07-27 04:00:00+00:00,2024-07-28 04:00:00+00:00,587.1025968300777,580.7,587.1025968300777,579.1246910434058,-0.010905413916829754,-0.012181693452994469,0.001276279536164715,6.455921962584254,6
SOL,long,1,2024-07-27 00:00:00+00:00,2024-07-27 04:00:00+00:00,2024-07-28 04:00:00+00:00,185.75276506175842,184.33,185.75276506175842,179.65806532626635,-0.00765945562794379,-0.008849733757455125,0.0011902781295113352,6.000925858297193,6
ADA,long,1,2024-07-27 08:00:00+00:00,2024-07-27 12:00:00+00:00,2024-07-28 12:00:00+00:00,0.4259430409801232,0.4111,0.4259430409801232,0.4107941042947225,-0.034847478540718346,-0.03677369281343268,0.0019262142727143328,9.988775255673833,6
AVAX,long,1,2024-07-27 08:00:00+00:00,2024-07-27 12:00:00+00:00,2024-07-28 12:00:00+00:00,29.183151941532426,27.643,29.183151941532426,28.26813517788515,-0.05277538028168016,-0.05423501397551145,0.001459633693831286,7.710732744665526,6
BTC,long,1,2024-07-27 08:00:00+00:00,2024-07-27 12:00:00+00:00,2024-07-28 12:00:00+00:00,68961.95647094806,67838.6,68961.95647094806,67505.61457709176,-0.01628950987522082,-0.017275275828628978,0.0009857659534081575,5.012959217987713,6
DOT,short,-1,2024-07-27 08:00:00+00:00,2024-07-27 12:00:00+00:00,2024-07-28 12:00:00+00:00,5.800473990190241,5.739,5.950483539512946,5.800473990190241,0.01071162052452368,0.008884557601570808,0.0018270629229528712,9.046674492363598,6
ETH,long,1,2024-07-27 08:00:00+00:00,2024-07-27 12:00:00+00:00,2024-07-28 12:00:00+00:00,3323.375742847241,3256.9,3323.375742847241,3234.624827823484,-0.020002475792968544,-0.020990192413540942,0.0009877166205723986,5.041924062981029,6
LINK,short,-1,2024-07-27 12:00:00+00:00,2024-07-27 16:00:00+00:00,2024-07-28 16:00:00+00:00,13.382830640033827,13.427,13.865443641266237,13.382830640033827,-0.003289592609381997,-0.004591778545677272,0.0013021859362952748,6.536688716426203,6
XRP,short,-1,2024-07-27 16:00:00+00:00,2024-07-27 20:00:00+00:00,2024-07-28 20:00:00+00:00,0.5889840605855624,0.6027,0.6049223295546915,0.5889840605855624,-0.0227574903176333,-0.023879260479640285,0.0011217701620069853,5.742762706652812,6
BNB,long,1,2024-07-28 12:00:00+00:00,2024-07-28 16:00:00+00:00,2024-07-29 16:00:00+00:00,583.6211863793604,582.9,583.6211863793604,577.1965923475477,-0.0012357097312291065,-0.002524466583260776,0.0012887568520316695,6.455921962584254,6
ADA,short,-1,2024-07-28 16:00:00+00:00,2024-07-28 20:00:00+00:00,2024-07-29 20:00:00+00:00,0.40611505951360116,0.408,0.4145280655231696,0.40611505951360116,-0.004619952172546071,-0.006606493379526901,0.0019865412069808297,9.988775255673833,6
AVAX,short,-1,2024-07-28 16:00:00+00:00,2024-07-28 20:00:00+00:00,2024-07-29 20:00:00+00:00,27.161325457112525,27.455,27.891517194041093,27.161325457112525,-0.010696577777726257,-0.012221053153933847,0.0015244753762075902,7.710732744665526,6
DOT,short,-1,2024-07-28 16:00:00+00:00,2024-07-28 20:00:00+00:00,2024-07-29 20:00:00+00:00,5.7019514306148835,5.703,5.794420454478882,5.7019514306148835,-0.00018386277136883677,-0.001991229934271699,0.001807367162902862,9.046674492363598,6
BTC,long,1,2024-07-28 20:00:00+00:00,2024-07-29 00:00:00+00:00,2024-07-30 00:00:00+00:00,68800.84107286495,66787.4,68800.84107286495,67681.94539770756,-0.02926477411420847,-0.030237537691560123,0.0009727635773516541,5.012959217987713,6
ETH,long,1,2024-07-28 20:00:00+00:00,2024-07-29 00:00:00+00:00,2024-07-30 00:00:00+00:00,3296.938996130464,3318.38,3296.938996130464,3243.836568086987,0.006503306216675719,0.005488875037356511,0.0010144311793192085,5.041924062981029,6
LINK,long,1,2024-07-28 20:00:00+00:00,2024-07-29 00:00:00+00:00,2024-07-30 00:00:00+00:00,13.428346439253257,13.533,13.428346439253257,13.17684234618538,0.0077934808444339865,0.006476815052931517,0.0013166657915024693,6.536688716426203,6
SOL,long,1,2024-07-28 20:00:00+00:00,2024-07-29 00:00:00+00:00,2024-07-30 00:00:00+00:00,187.36192589460234,182.62,187.36192589460234,182.41121688312342,-0.025308908797563423,-0.026478017018997657,0.001169108221434234,6.000925858297193,6
XRP,long,1,2024-07-29 00:00:00+00:00,2024-07-29 04:00:00+00:00,2024-07-30 04:00:00+00:00,0.6109446665730824,0.6004,0.6109446665730824,0.6022862300508903,-0.017259609830509892,-0.018387690972875848,0.0011280811423659554,5.742762706652812,6
BNB,short,-1,2024-07-29 20:00:00+00:00,2024-07-30 00:00:00+00:00,2024-07-31 00:00:00+00:00,567.5376552630673,588.2,581.1429196660445,567.5376552630673,-0.03512809373840986,-0.036373117506923736,0.0012450237685138754,6.455921962584254,6
BTC,short,-1,2024-07-30 08:00:00+00:00,2024-07-30 12:00:00+00:00,2024-07-31 12:00:00+00:00,65600.89087926391,66101.5,67536.58140167793,65600.89087926391,-0.0075733397991889495,-0.008567840135112359,0.0009945003359234095,5.012959217987713,6
XRP,short,-1,2024-07-30 08:00:00+00:00,2024-07-30 12:00:00+00:00,2024-07-31 12:00:00+00:00,0.6147464762861006,0.6497,0.6446075988820753,0.6147464762861006,-0.05379948239787513,-0.05488561966411676,0.0010861372662416269,5.742762706652812,6
DOT,short,-1,2024-07-30 12:00:00+00:00,2024-07-30 16:00:00+00:00,2024-07-31 16:00:00+00:00,5.568162483431474,5.46,5.728982244128254,5.568162483431474,0.019809978650453086,0.017966468629778243,0.0018435100206748434,9.046674492363598,6
ETH,short,-1,2024-07-30 12:00:00+00:00,2024-07-30 16:00:00+00:00,2024-07-31 16:00:00+00:00,3272.839139414168,3303.0,3370.96554448283,3272.839139414168,-0.00913135349253158,-0.010130026863417352,0.000998673370885772,5.041924062981029,6
LINK,short,-1,2024-07-30 12:00:00+00:00,2024-07-30 16:00:00+00:00,2024-07-31 16:00:00+00:00,13.280113135232893,13.079,13.831494289960261,13.280113135232893,0.015376797555844757,0.014050224284397617,0.00132657327144714,6.536688716426203,6
SOL,short,-1,2024-07-30 12:00:00+00:00,2024-07-30 16:00:00+00:00,2024-07-31 16:00:00+00:00,176.8416389492342,180.13,185.19473747583598,176.8416389492342,-0.018255487985153973,-0.019433056540672733,0.0011775685555187598,6.000925858297193,6
ADA,short,-1,2024-07-31 00:00:00+00:00,2024-07-31 04:00:00+00:00,2024-08-01 04:00:00+00:00,0.4010608297281931,0.3869,0.4116076110246861,0.4010608297281931,0.036600748845161846,0.0345319409488587,0.0020688078963031487,9.988775255673833,6
AVAX,short,-1,2024-07-31 00:00:00+00:00,2024-07-31 04:00:00+00:00,2024-08-01 04:00:00+00:00,25.99015158735015,25.41,27.070854998107905,25.99015158735015,0.022831624846523013,0.02125548390628218,0.0015761409402408333,7.710732744665526,6
BTC,short,-1,2024-07-31 16:00:00+00:00,2024-07-31 20:00:00+00:00,2024-08-01 20:00:00+00:00,64649.299927763655,63415.6,65870.00866209237,64649.299927763655,0.019454202558418787,0.018432618206082108,0.0010215843523366797,5.012959217987713,6
BNB,short,-1,2024-07-31 20:00:00+00:00,2024-08-01 00:00:00+00:00,2024-08-02 00:00:00+00:00,569.1728825584956,575.1,584.1240336425046,569.1728825584956,-0.010306237943843444,-0.011583290627534826,0.001277052683691382,6.455921962584254,6
ETH,short,-1,2024-07-31 20:00:00+00:00,2024-08-01 00:00:00+00:00,2024-08-02 00:00:00+00:00,3198.804968297602,3203.52,3268.207448097028,3198.804968297602,-0.0014718283957639855,-0.0024782216231361565,0.001006393227372171,5.041924062981029,6
SOL,short,-1,2024-07-31 20:00:00+00:00,2024-08-01 00:00:00+00:00,2024-08-02 00:00:00+00:00,168.55160860242114,167.36,174.8257156625957,168.55160860242114,0.00712003228024094,0.0059120266666292665,0.0012080056136116735,6.000925858297193,6
DOT,short,-1,2024-08-01 00:00:00+00:00,2024-08-01 04:00:00+00:00,2024-08-02 04:00:00+00:00,5.313234893630469,5.279,5.413231218984832,5.313234893630469,0.006485109609863482,0.004665686948711167,0.0018194226611523145,9.046674492363598,6
LINK,long,1,2024-08-01 04:00:00+00:00,2024-08-01 08:00:00+00:00,2024-08-02 08:00:00+00:00,13.024274716933473,12.487,13.024274716933473,12.620897867447804,-0.041251795482702525,-0.04250438441837856,0.0012525889356760356,6.536688716426203,6
ADA,short,-1,2024-08-01 08:00:00+00:00,2024-08-01 12:00:00+00:00,2024-08-02 12:00:00+00:00,0.38547125395839044,0.3844,0.3978261891781777,0.38547125395839044,0.0027868209115256004,0.0007854975517636031,0.0020013233597619973,9.988775255673833,6
AVAX,short,-1,2024-08-01 08:00:00+00:00,2024-08-01 12:00:00+00:00,2024-08-02 12:00:00+00:00,25.02214716922031,24.969,25.74702800855098,25.02214716922031,0.0021285261412276046,0.0005842878139550312,0.0015442383272725735,7.710732744665526,6
XRP,short,-1,2024-08-01 08:00:00+00:00,2024-08-01 12:00:00+00:00,2024-08-02 12:00:00+00:00,0.5944882142859242,0.574,0.6259165296438245,0.5944882142859242,0.035693753111366355,0.03450488715669686,0.0011888659546694935,5.742762706652812,6
BNB,short,-1,2024-08-02 08:00:00+00:00,2024-08-02 12:00:00+00:00,2024-08-03 12:00:00+00:00,563.2645114589086,541.1,583.7178684458727,563.2645114589086,0.04096195058013041,0.03961874392007503,0.001343206660055385,6.455921962584254,6
BTC,short,-1,2024-08-02 08:00:00+00:00,2024-08-02 12:00:00+00:00,2024-08-03 12:00:00+00:00,63213.20786953933,61905.3,66152.38539768911,63213.20786953933,0.0211275588607005,0.020104297655583192,0.0010232612051173096,5.012959217987713,6
DOT,short,-1,2024-08-02 08:00:00+00:00,2024-08-02 12:00:00+00:00,2024-08-03 12:00:00+00:00,5.116670937551103,5.161,5.358112009665695,5.116670937551103,-0.008589238994167192,-0.010381411762409587,0.001792172768242395,9.046674492363598,6
ETH,short,-1,2024-08-02 08:00:00+00:00,2024-08-02 12:00:00+00:00,2024-08-03 12:00:00+00:00,3096.9363590426437,2996.72,3211.585526631432,3096.9363590426437,0.03344201628535326,0.032400434209205686,0.0010415820761475736,5.041924062981029,6
SOL,short,-1,2024-08-02 08:00:00+00:00,2024-08-02 12:00:00+00:00,2024-08-03 12:00:00+00:00,159.43177869179718,152.38,169.50241866297637,159.43177869179718,0.046277586899837075,0.04502261315503975,0.0012549737447973275,6.000925858297193,6
XRP,short,-1,2024-08-02 20:00:00+00:00,2024-08-03 00:00:00+00:00,2024-08-04 00:00:00+00:00,0.5465555031921309,0.5559,0.5748002685274639,0.5465555031921309,-0.01680967225736474,-0.01793826988007141,0.001128597622706673,5.742762706652812,6
ADA,short,-1,2024-08-03 12:00:00+00:00,2024-08-03 16:00:00+00:00,2024-08-04 16:00:00+00:00,0.3490387359300461,0.3475,0.37068690858979914,0.3490387359300461,0.00442801706488094,0.0024234182689732986,0.0020045987959076417,9.988775255673833,6
AVAX,short,-1,2024-08-03 12:00:00+00:00,2024-08-03 16:00:00+00:00,2024-08-04 16:00:00+00:00,22.730745104328285,21.596,24.00667455006093,22.730745104328285,0.052544225982972925,0.05092229916169888,0.0016219268212740445,7.710732744665526,6
LINK,short,-1,2024-08-03 12:00:00+00:00,2024-08-03 16:00:00+00:00,2024-08-04 16:00:00+00:00,11.496855095477827,11.026,12.135783467852882,11.496855095477827,0.042704071782861064,0.04134179587209985,0.0013622759107612126,6.536688716426203,6
DOT,long,1,2024-08-03 16:00:00+00:00,2024-08-03 20:00:00+00:00,2024-08-04 20:00:00+00:00,5.002961331711275,4.768,5.002961331711275,4.76981999615766,-0.046964450878717146,-0.04868725279441277,0.0017228019156956265,9.046674492363598,6
BNB,short,-1,2024-08-04 08:00:00+00:00,2024-08-04 12:00:00+00:00,2024-08-05 12:00:00+00:00,516.727460402633,431.9,534.4214719783312,516.727460402633,0.19640532623902063,0.19486154300906278,0.0015437832299578513,6.455921962584254,6
BTC,short,-1,2024-08-04 08:00:00+00:00,2024-08-04 12:00:00+00:00,2024-08-05 12:00:00+00:00,59951.84557402209,51342.3,61862.94657819625,59951.84557402209,0.16768912912008394,0.16651900010427423,0.0011701290158097066,5.012959217987713,6
ETH,short,-1,2024-08-04 08:00:00+00:00,2024-08-04 12:00:00+00:00,2024-08-05 12:00:00+00:00,2859.308910584326,2290.59,2970.36907927669,2859.308910584326,0.24828490065193942,0.2470267834494686,0.001258117202470821,5.041924062981029,6
SOL,short,-1,2024-08-04 08:00:00+00:00,2024-08-04 12:00:00+00:00,2024-08-05 12:00:00+00:00,138.19163059029802,115.96,149.01228035329163,138.19163059029802,0.19171809753620228,0.19028867293384688,0.0014294246023554003,6.000925858297193,6
XRP,short,-1,2024-08-04 08:00:00+00:00,2024-08-04 12:00:00+00:00,2024-08-05 12:00:00+00:00,0.5306575248897144,0.4519,0.5574729389948465,0.5306575248897144,0.17428086941738075,0.17293292023580453,0.0013479491815762135,5.742762706652812,6
ADA,short,-1,2024-08-04 20:00:00+00:00,2024-08-05 00:00:00+00:00,2024-08-06 00:00:00+00:00,0.3344088565121881,0.312,0.3540719920965506,0.3344088565121881,0.07182325805188494,0.06968415442672393,0.0021391036251610096,9.988775255673833,6
AVAX,short,-1,2024-08-04 20:00:00+00:00,2024-08-05 00:00:00+00:00,2024-08-06 00:00:00+00:00,20.644861284889966,19.537,21.879052746680028,20.644861284889966,0.05670580359778721,0.05507746395870883,0.00162833963907838,7.710732744665526,6
LINK,short,-1,2024-08-04 20:00:00+00:00,2024-08-05 00:00:00+00:00,2024-08-06 00:00:00+00:00,10.558051381059942,9.483,11.226197403492925,10.558051381059942,0.11336616904565444,0.11191157425410037,0.0014545947915540758,6.536688716426203,6
DOT,short,-1,2024-08-05 00:00:00+00:00,2024-08-05 04:00:00+00:00,2024-08-06 04:00:00+00:00,3.734904454709728,4.341,4.305357792947805,3.734904454709728,-0.13962118067041518,-0.14117648705907138,0.0015553063886561969,9.046674492363598,6
SOL,long,1,2024-08-05 20:00:00+00:00,2024-08-06 00:00:00+00:00,2024-08-07 00:00:00+00:00,141.03349177024208,144.39,141.03349177024208,119.4612697205794,0.023799369834974993,0.022571357933382163,0.0012280119015928292,6.000925858297193,6
ETH,short,-1,2024-08-07 08:00:00+00:00,2024-08-07 12:00:00+00:00,2024-08-08 12:00:00+00:00,2376.4511979856256,2447.31,2574.4912352023,2376.4511979856256,-0.028953750041627035,-0.029932444881906828,0.0009786948402797924,5.041924062981029,6
XRP,short,-1,2024-08-07 08:00:00+00:00,2024-08-07 12:00:00+00:00,2024-08-08 12:00:00+00:00,0.49264482520737385,0.6153,0.5364895691104562,0.49264482520737385,-0.19934206857244618,-0.20026113847428817,0.0009190699018419846,5.742762706652812,6
BNB,short,-1,2024-08-07 12:00:00+00:00,2024-08-07 16:00:00+00:00,2024-08-08 16:00:00+00:00,468.11764871444694,498.8,494.0313842793655,468.11764871444694,-0.06151233216831009,-0.062723310999101,0.0012109788307909097,6.455921962584254,6
BTC,short,-1,2024-08-07 12:00:00+00:00,2024-08-07 16:00:00+00:00,2024-08-08 16:00:00+00:00,54834.894371001006,59423.0,57394.29310662403,54834.894371001006,-0.0772109390134964,-0.0781356562424268,0.000924717228930394,5.012959217987713,6
ADA,long,1,2024-08-07 20:00:00+00:00,2024-08-08 00:00:00+00:00,2024-08-09 00:00:00+00:00,0.3346584467783756,0.3515,0.3346584467783756,0.3134874108510893,0.05032460224372448,0.048228404808768,0.0020961974349564816,9.988775255673833,6
AVAX,long,1,2024-08-07 20:00:00+00:00,2024-08-08 00:00:00+00:00,2024-08-09 00:00:00+00:00,20.579335474517915,22.736,20.579335474517915,19.154229566260273,0.10479757852980942,0.10309513146824045,0.001702447061568968,7.710732744665526,6
DOT,long,1,2024-08-07 20:00:00+00:00,2024-08-08 00:00:00+00:00,2024-08-09 00:00:00+00:00,4.692200246302261,4.88,4.692200246302261,4.464628084981887,0.04002381480750672,0.03814376424468002,0.0018800505628266961,9.046674492363598,6
LINK,long,1,2024-08-07 20:00:00+00:00,2024-08-08 00:00:00+00:00,2024-08-09 00:00:00+00:00,9.868323193164015,10.75,9.868323193164015,9.126180632428662,0.08934413573389444,0.08792092533815676,0.001423210395737673,6.536688716426203,6
SOL,long,1,2024-08-07 20:00:00+00:00,2024-08-08 00:00:00+00:00,2024-08-09 00:00:00+00:00,151.70409868058118,163.17,151.70409868058118,138.15284545560382,0.07558069570394865,0.07429057389457405,0.0012901218093746003,6.000925858297193,6
ETH,long,1,2024-08-08 16:00:00+00:00,2024-08-08 20:00:00+00:00,2024-08-09 20:00:00+00:00,2655.574453134127,2590.62,2655.574453134127,2494.1366190215676,-0.02445966184735182,-0.025442886174180668,0.0009832243268288465,5.041924062981029,6
XRP,long,1,2024-08-09 20:00:00+00:00,2024-08-10 00:00:00+00:00,2024-08-11 00:00:00+00:00,0.5943896125778577,0.584,0.5943896125778577,0.5671303011807672,-0.017479465249734427,-0.018607294021530274,0.0011278287717958468,5.742762706652812,6
BNB,long,1,2024-08-10 12:00:00+00:00,2024-08-10 16:00:00+00:00,2024-08-11 16:00:00+00:00,522.7659137174919,520.3,522.7659137174919,506.16796745282164,-0.00471705146182233,-0.006001316159845893,0.0012842646980235628,6.455921962584254,6
ADA,long,1,2024-08-10 20:00:00+00:00,2024-08-11 00:00:00+00:00,2024-08-12 00:00:00+00:00,0.3505549438234242,0.3276,0.3505549438234242,0.34091229379494037,-0.06548172897823035,-0.06734680459242726,0.0018650756141969094,9.988775255673833,6
AVAX,long,1,2024-08-10 20:00:00+00:00,2024-08-11 00:00:00+00:00,2024-08-12 00:00:00+00:00,21.932649012803935,20.402,21.932649012803935,21.234989021531717,-0.06978860656140373,-0.07122202358201768,0.0014334170206139474,7.710732744665526,6
DOT,long,1,2024-08-10 20:00:00+00:00,2024-08-11 00:00:00+00:00,2024-08-12 00:00:00+00:00,4.788787305020494,4.497,4.788787305020494,4.713510866589512,-0.060931356194205755,-0.06262891014170546,0.0016975539474997081,9.046674492363598,6
ETH,long,1,2024-08-10 20:00:00+00:00,2024-08-11 00:00:00+00:00,2024-08-12 00:00:00+00:00,2658.162566193692,2555.81,2658.162566193692,2563.318881529801,-0.03850500623829556,-0.039474074590487795,0.0009690683521922372,5.041924062981029,6
BTC,short,-1,2024-08-11 04:00:00+00:00,2024-08-11 08:00:00+00:00,2024-08-12 08:00:00+00:00,60566.346390836,58666.0,61959.77727621026,60566.346390836,0.03239263612375143,0.03135808630298964,0.0010345498207617876,5.012959217987713,6
SOL,short,-1,2024-08-11 04:00:00+00:00,2024-08-11 08:00:00+00:00,2024-08-12 08:00:00+00:00,153.2857621092869,145.92,160.1902855301936,153.2857621092869,0.05047808463052994,0.04921807253412003,0.0012600120964099126,6.000925858297193,6
XRP,short,-1,2024-08-11 04:00:00+00:00,2024-08-11 08:00:00+00:00,2024-08-12 08:00:00+00:00,0.5786791226019383,0.5677,0.6041961362419971,0.5786791226019383,0.01933965580753627,0.018169562612136092,0.0011700931954001792,5.742762706652812,6
LINK,short,-1,2024-08-11 08:00:00+00:00,2024-08-11 12:00:00+00:00,2024-08-12 12:00:00+00:00,10.371376921448428,10.644,10.784660209261704,10.371376921448428,-0.0256128409011247,-0.02688586187660258,0.0012730209754778787,6.536688716426203,6
ADA,long,1,2024-08-12 04:00:00+00:00,2024-08-12 08:00:00+00:00,2024-08-13 08:00:00+00:00,0.3412808191398654,0.3372,0.3412808191398654,0.32824607688863333,-0.011957364466454234,-0.013929261948250726,0.001971897481796492,9.988775255673833,6
AVAX,long,1,2024-08-12 04:00:00+00:00,2024-08-12 08:00:00+00:00,2024-08-13 08:00:00+00:00,21.51973768115835,20.979,21.51973768115835,20.58269122805395,-0.025127521960074617,-0.02662975985224325,0.0015022378921686341,7.710732744665526,6
DOT,long,1,2024-08-12 04:00:00+00:00,2024-08-12 08:00:00+00:00,2024-08-13 08:00:00+00:00,4.600250814613997,4.5,4.600250814613997,4.476591566394404,-0.02179246711842786,-0.023560772417375087,0.0017683052989472259,9.046674492363598,6
ETH,long,1,2024-08-12 04:00:00+00:00,2024-08-12 08:00:00+00:00,2024-08-13 08:00:00+00:00,2607.967718655794,2648.45,2607.967718655794,2526.3608665355528,0.015522539276318525,0.014499017822608096,0.0010235214537104298,5.041924062981029,6
BNB,short,-1,2024-08-12 08:00:00+00:00,2024-08-12 12:00:00+00:00,2024-08-13 12:00:00+00:00,507.6136257437107,520.9,526.7636573156211,507.6136257437107,-0.025506573730637916,-0.026764012640499657,0.0012574389098617411,6.455921962584254,6
BTC,short,-1,2024-08-12 12:00:00+00:00,2024-08-12 16:00:00+00:00,2024-08-13 16:00:00+00:00,59348.16242329447,59469.2,61079.077544230684,59348.16242329447,-0.0020352985529573653,-0.003035348501865376,0.0010000499489080106,5.012959217987713,6
SOL,short,-1,2024-08-12 12:00:00+00:00,2024-08-12 16:00:00+00:00,2024-08-13 16:00:00+00:00,143.18728833631948,146.07,152.0250285686745,143.18728833631948,-0.019735138383518258,-0.02091093214960771,0.0011757937660894502,6.000925858297193,6
ADA,long,1,2024-08-13 12:00:00+00:00,2024-08-13 16:00:00+00:00,2024-08-14 16:00:00+00:00,0.3440271866442691,0.3377,0.3440271866442691,0.32972463922536804,-0.018391530930988775,-0.0203505873508788,0.001959056419890026,9.988775255673833,6
AVAX,long,1,2024-08-13 12:00:00+00:00,2024-08-13 16:00:00+00:00,2024-08-14 16:00:00+00:00,21.551971793259224,21.302,21.551971793259224,20.538237765253744,-0.011598557925795339,-0.01312164338815569,0.0015230854623603518,7.710732744665526,6
DOT,long,1,2024-08-13 12:00:00+00:00,2024-08-13 16:00:00+00:00,2024-08-14 16:00:00+00:00,4.602140575174068,4.441,4.602140575174068,4.413826276749856,-0.035014266196762844,-0.03675867045571002,0.0017444042589471742,9.046674492363598,6
ETH,long,1,2024-08-13 12:00:00+00:00,2024-08-13 16:00:00+00:00,2024-08-14 16:00:00+00:00,2722.913687248841,2673.9,2722.913687248841,2582.933139943213,-0.018000455717112063,-0.018990190126969564,0.0009897344098575012,5.041924062981029,6
LINK,long,1,2024-08-13 12:00:00+00:00,2024-08-13 16:00:00+00:00,2024-08-14 16:00:00+00:00,10.601229850279974,10.467,10.601229850279974,10.013159840808148,-0.012661724363652871,-0.013951665762243826,0.0012899413985909547,6.536688716426203,6
XRP,long,1,2024-08-13 12:00:00+00:00,2024-08-13 16:00:00+00:00,2024-08-14 16:00:00+00:00,0.5834202370861702,0.5738,0.5834202370861702,0.5649286552796078,-0.016489378452515524,-0.017618343738345477,0.0011289652858299526,5.742762706652812,6
BNB,short,-1,2024-08-14 08:00:00+00:00,2024-08-14 12:00:00+00:00,2024-08-15 12:00:00+00:00,523.4056420816486,524.1,535.8676663944849,523.4056420816486,-0.0013248576957669567,-0.00261349951560208,0.0012886418198351235,6.455921962584254,6
BTC,short,-1,2024-08-14 08:00:00+00:00,2024-08-14 12:00:00+00:00,2024-08-15 12:00:00+00:00,60346.803991716035,58742.2,62252.000363029896,60346.803991716035,0.027316035009176343,0.026286572397088426,0.001029462612087917,5.012959217987713,6
ADA,long,1,2024-08-14 20:00:00+00:00,2024-08-15 00:00:00+00:00,2024-08-16 00:00:00+00:00,0.33973932784968897,0.3249,0.33973932784968897,0.33072132305421836,-0.043678569518611376,-0.0455871590396858,0.001908589521074422,9.988775255673833,6
AVAX,short,-1,2024-08-15 00:00:00+00:00,2024-08-15 04:00:00+00:00,2024-08-16 04:00:00+00:00,20.666710992523132,20.193,21.214876482214358,20.666710992523132,0.023459168648696682,0.02188206068958931,0.0015771079591073711,7.710732744665526,6
ETH,short,-1,2024-08-15 00:00:00+00:00,2024-08-15 04:00:00+00:00,2024-08-16 04:00:00+00:00,2607.53579160757,2580.39,2698.5040587158983,2607.53579160757,0.01052003441633631,0.009501554870459561,0.0010184795458767493,5.041924062981029,6
LINK,short,-1,2024-08-15 00:00:00+00:00,2024-08-15 04:00:00+00:00,2024-08-16 04:00:00+00:00,10.305778876866388,10.177,10.628712037076642,10.305778876866388,0.012653913419120366,0.011330897551511399,0.0013230158676089676,6.536688716426203,6
SOL,short,-1,2024-08-15 00:00:00+00:00,2024-08-15 04:00:00+00:00,2024-08-16 04:00:00+00:00,142.57640671192016,142.0,146.81463001304516,142.57640671192016,0.004059202196620815,0.0028548679427329304,0.0012043342538878843,6.000925858297193,6
XRP,short,-1,2024-08-15 00:00:00+00:00,2024-08-15 04:00:00+00:00,2024-08-16 04:00:00+00:00,0.5660729904044135,0.5623,0.5783933265674626,0.5660729904044135,0.006709924247578547,0.005554328636838912,0.0011555956107396348,5.742762706652812,6
DOT,long,1,2024-08-15 08:00:00+00:00,2024-08-15 12:00:00+00:00,2024-08-16 12:00:00+00:00,4.4771290660957686,4.309,4.4771290660957686,4.367549764888043,-0.03755287453492684,-0.03929268975277023,0.0017398152178433879,9.046674492363598,6
ADA,long,1,2024-08-16 04:00:00+00:00,2024-08-16 08:00:00+00:00,2024-08-17 08:00:00+00:00,0.34446351131308506,0.3298,0.34446351131308506,0.32521322671584973,-0.042569128025166436,-0.04447993172689302,0.0019108037017265822,9.988775255673833,6
AVAX,short,-1,2024-08-16 08:00:00+00:00,2024-08-16 12:00:00+00:00,2024-08-17 12:00:00+00:00,19.87957269722152,20.472,20.75792082078683,19.87957269722152,-0.028938418463192783,-0.030434783922546726,0.0014963654593539433,7.710732744665526,6
SOL,short,-1,2024-08-16 08:00:00+00:00,2024-08-16 12:00:00+00:00,2024-08-17 12:00:00+00:00,138.159951250889,139.11,145.96733653574034,138.159951250889,-0.006829478463884708,-0.008020752122271602,0.0011912736583868933,6.000925858297193,6
XRP,short,-1,2024-08-16 08:00:00+00:00,2024-08-16 12:00:00+00:00,2024-08-17 12:00:00+00:00,0.5569510653900787,0.5649,0.574992723598989,0.5569510653900787,-0.014071401327529265,-0.015203142193181418,0.0011317408656521533,5.742762706652812,6
BTC,long,1,2024-08-16 12:00:00+00:00,2024-08-16 16:00:00+00:00,2024-08-17 16:00:00+00:00,59459.0984990642,59393.0,59459.0984990642,56701.439616731855,-0.0011116633237424622,-0.0021126388378157612,0.001000975514073299,5.012959217987713,6
AVAX,long,1,2024-08-18 04:00:00+00:00,2024-08-18 08:00:00+00:00,2024-08-19 08:00:00+00:00,21.06521127117315,20.682,21.06521127117315,20.4276866944537,-0.018191665217123232,-0.01970459097570365,0.001512925758580419,7.710732744665526,6
ETH,long,1,2024-08-18 04:00:00+00:00,2024-08-18 08:00:00+00:00,2024-08-19 08:00:00+00:00,2642.1904211378874,2614.42,2642.1904211378874,2574.3112330150398,-0.010510378402601162,-0.011507661886482001,0.0009972834838808398,5.041924062981029,6
LINK,long,1,2024-08-18 04:00:00+00:00,2024-08-18 08:00:00+00:00,2024-08-19 08:00:00+00:00,10.21034126214313,10.104,10.21034126214313,9.935533141887056,-0.010415054640476318,-0.011707931276519812,0.001292876636043494,6.536688716426203,6
SOL,long,1,2024-08-18 04:00:00+00:00,2024-08-18 08:00:00+00:00,2024-08-19 08:00:00+00:00,144.41679449897438,142.28,144.41679449897438,138.72051148554104,-0.014796024980249456,-0.01597774304188082,0.001181718061631365,6.000925858297193,6
XRP,long,1,2024-08-18 04:00:00+00:00,2024-08-18 08:00:00+00:00,2024-08-19 08:00:00+00:00,0.5709051137140532,0.5737,0.5709051137140532,0.5595518980760122,0.004895535560654807,0.003742022674593226,0.0011535128860615806,5.742762706652812,6
ADA,short,-1,2024-08-18 16:00:00+00:00,2024-08-18 20:00:00+00:00,2024-08-19 20:00:00+00:00,0.336191207823974,0.3354,0.3424375394738994,0.336191207823974,0.002358997686267239,0.0003585281596398815,0.0020004695266273576,9.988775255673833,6
BNB,short,-1,2024-08-18 16:00:00+00:00,2024-08-18 20:00:00+00:00,2024-08-19 20:00:00+00:00,531.248645019799,553.1,544.837154340813,531.248645019799,-0.03950706017031458,-0.04074643353357377,0.0012393733632591886,6.455921962584254,6
BTC,short,-1,2024-08-18 16:00:00+00:00,2024-08-18 20:00:00+00:00,2024-08-19 20:00:00+00:00,59233.31318107271,58957.6,60190.72461996346,59233.31318107271,0.004676465478118397,0.0036696897409469464,0.0010067757371714503,5.012959217987713,6
DOT,short,-1,2024-08-18 16:00:00+00:00,2024-08-18 20:00:00+00:00,2024-08-19 20:00:00+00:00,4.456866206977175,4.48,4.5496113318942735,4.456866206977175,-0.0051637930854521175,-0.006962158030659027,0.0017983649452069095,9.046674492363598,6
AVAX,long,1,2024-08-19 12:00:00+00:00,2024-08-19 16:00:00+00:00,2024-08-20 16:00:00+00:00,20.890676819067526,21.782,20.890676819067526,20.238494313123546,0.04266607485492946,0.04105936985318914,0.0016067050017403162,7.710732744665526,6
ETH,long,1,2024-08-19 12:00:00+00:00,2024-08-19 16:00:00+00:00,2024-08-20 16:00:00+00:00,2624.502036210788,2574.91,2624.502036210788,2544.6743901339514,-0.018895788811194136,-0.01988462083573317,0.0009888320245390325,5.041924062981029,6
XRP,long,1,2024-08-19 12:00:00+00:00,2024-08-19 16:00:00+00:00,2024-08-20 16:00:00+00:00,0.5880287507111761,0.5896,0.5880287507111761,0.5708978678236244,0.0026720620155453734,0.0015211014399432177,0.0011509605756021557,5.742762706652812,6
LINK,long,1,2024-08-19 20:00:00+00:00,2024-08-20 00:00:00+00:00,2024-08-21 00:00:00+00:00,10.361979967472859,10.237,10.361979967472859,10.001216015212435,-0.012061398291174252,-0.013352124006014932,0.0012907257148406792,6.536688716426203,6
SOL,long,1,2024-08-19 20:00:00+00:00,2024-08-20 00:00:00+00:00,2024-08-21 00:00:00+00:00,146.8977614730422,142.28,146.8977614730422,141.61068685731817,-0.031435206545946115,-0.03259696648531496,0.001161759939368845,6.000925858297193,6
ADA,long,1,2024-08-20 00:00:00+00:00,2024-08-20 04:00:00+00:00,2024-08-21 04:00:00+00:00,0.3453536778984503,0.3488,0.3453536778984503,0.33749158459598677,0.00997910930765622,0.00796343185540227,0.00201567745225395,9.988775255673833,6
BTC,short,-1,2024-08-20 08:00:00+00:00,2024-08-20 12:00:00+00:00,2024-08-21 12:00:00+00:00,59623.81976770029,59360.5,61446.09493125247,59623.81976770029,0.004435942549343208,0.003429407837673315,0.001006534711669893,5.012959217987713,6
BNB,long,1,2024-08-20 12:00:00+00:00,2024-08-20 16:00:00+00:00,2024-08-21 16:00:00+00:00,570.8019340665037,554.5,570.8019340665037,552.5464108943501,-0.028559703626730104,-0.029813202926303406,0.0012534992995733019,6.455921962584254,6
AVAX,long,1,2024-08-20 20:00:00+00:00,2024-08-21 00:00:00+00:00,2024-08-22 00:00:00+00:00,22.792706377437526,23.533,22.792706377437526,21.741697225150343,0.03247940855743625,0.030888400784258252,0.0015910077731779992,7.710732744665526,6
ADA,long,1,2024-08-21 12:00:00+00:00,2024-08-21 16:00:00+00:00,2024-08-22 16:00:00+00:00,0.3660723280667509,0.3696,0.3660723280667509,0.34912841042903237,0.00963654355378063,0.007621549781079429,0.0020149937727012013,9.988775255673833,6
DOT,long,1,2024-08-21 12:00:00+00:00,2024-08-21 16:00:00+00:00,2024-08-22 16:00:00+00:00,4.616234407517205,4.632,4.616234407517205,4.484715933464615,0.003415249549962418,0.0016013762734026216,0.0018138732765597965,9.046674492363598,6
ETH,long,1,2024-08-21 12:00:00+00:00,2024-08-21 16:00:00+00:00,2024-08-22 16:00:00+00:00,2649.5246951402755,2599.5,2649.5246951402755,2554.777832724305,-0.018880629885062117,-0.019869477187928752,0.0009888473028666356,5.041924062981029,6
LINK,long,1,2024-08-21 12:00:00+00:00,2024-08-21 16:00:00+00:00,2024-08-22 16:00:00+00:00,10.634091925792738,11.461,10.634091925792738,10.194546441436598,0.077760102129794,0.07635202608555192,0.0014080760442420903,6.536688716426203,6
SOL,long,1,2024-08-21 12:00:00+00:00,2024-08-21 16:00:00+00:00,2024-08-22 16:00:00+00:00,142.94116681081553,142.61,142.94116681081553,137.8254427296962,-0.002316805005893263,-0.0035134914598704547,0.0011966864539771915,6.000925858297193,6
BTC,short,-1,2024-08-21 20:00:00+00:00,2024-08-22 00:00:00+00:00,2024-08-23 00:00:00+00:00,59729.51175524036,60380.0,62622.085394191046,59729.51175524036,-0.010773240224571712,-0.011764533973877223,0.0009912937493055107,5.012959217987713,6
AVAX,long,1,2024-08-22 08:00:00+00:00,2024-08-22 12:00:00+00:00,2024-08-23 12:00:00+00:00,24.217634312026874,26.081,24.217634312026874,22.863833596042845,0.0769425148618974,0.0752829912934756,0.0016595235684218057,7.710732744665526,6
SOL,long,1,2024-08-22 20:00:00+00:00,2024-08-23 00:00:00+00:00,2024-08-24 00:00:00+00:00,145.4534158964643,153.28,145.4534158964643,141.09966048929954,0.05380818357065453,0.05254417713584947,0.001264006434805065,6.000925858297193,6
ETH,long,1,2024-08-23 00:00:00+00:00,2024-08-23 04:00:00+00:00,2024-08-24 04:00:00+00:00,2671.1425004732773,2747.3,2671.1425004732773,2599.8989859842854,0.028511208036721802,0.02747459560706811,0.0010366124296536938,5.041924062981029,6
BTC,long,1,2024-08-23 08:00:00+00:00,2024-08-23 12:00:00+00:00,2024-08-24 12:00:00+00:00,61873.085310755225,63922.0,61873.085310755225,59620.00803229338,0.03311479747541557,0.03207952398434588,0.0010352734910696881,5.012959217987713,6
DOT,long,1,2024-08-23 08:00:00+00:00,2024-08-23 12:00:00+00:00,2024-08-24 12:00:00+00:00,4.820039812653388,4.924,4.820039812653388,4.6220365112992585,0.02156832544696008,0.01972163686360462,0.0018466885833554603,9.046674492363598,6
XRP,long,1,2024-08-23 08:00:00+00:00,2024-08-23 12:00:00+00:00,2024-08-24 12:00:00+00:00,0.6034520028613484,0.6101,0.6034520028613484,0.5904191357566221,0.011016612932145842,0.009856073702176005,0.001160539229969837,5.742762706652812,6
BNB,long,1,2024-08-23 16:00:00+00:00,2024-08-23 20:00:00+00:00,2024-08-24 20:00:00+00:00,592.9383260604794,588.9,592.9383260604794,581.1211467630011,-0.006810701691878029,-0.008092264845497188,0.0012815631536191585,6.455921962584254,6
LINK,long,1,2024-08-23 16:00:00+00:00,2024-08-23 20:00:00+00:00,2024-08-24 20:00:00+00:00,12.15874363559402,12.416,12.15874363559402,11.756637057593188,0.02115813706712899,0.019824010569640782,0.0013341264974882083,6.536688716426203,6
ADA,long,1,2024-08-24 04:00:00+00:00,2024-08-24 08:00:00+00:00,2024-08-25 08:00:00+00:00,0.3955785128341534,0.379,0.3955785128341534,0.382530888535499,-0.04190953829968003,-0.04382165838520624,0.0019121200855262144,9.988775255673833,6
AVAX,long,1,2024-08-24 04:00:00+00:00,2024-08-24 08:00:00+00:00,2024-08-25 08:00:00+00:00,27.540007975433372,26.287,27.540007975433372,25.734592547402748,-0.04549773466119178,-0.04696858290386219,0.0014708482426704084,7.710732744665526,6
SOL,long,1,2024-08-24 04:00:00+00:00,2024-08-24 08:00:00+00:00,2024-08-25 08:00:00+00:00,157.7572502249317,156.12,157.7572502249317,151.50593691206907,-0.010378288304323857,-0.011565305288162131,0.0011870169838382738,6.000925858297193,6
ETH,long,1,2024-08-24 12:00:00+00:00,2024-08-24 16:00:00+00:00,2024-08-25 16:00:00+00:00,2798.574599969975,2763.87,2798.574599969975,2724.4034651360726,-0.01240081288894268,-0.013396191048048567,0.0009953781591058863,5.041924062981029,6
DOT,short,-1,2024-08-24 16:00:00+00:00,2024-08-24 20:00:00+00:00,2024-08-25 20:00:00+00:00,4.998871827176148,4.826,5.129976700059999,4.998871827176148,0.03582093393620989,0.03394848091916525,0.0018724530170446396,9.046674492363598,6
XRP,short,-1,2024-08-24 16:00:00+00:00,2024-08-24 20:00:00+00:00,2024-08-25 20:00:00+00:00,0.6139821696697796,0.6002,0.6256729575821559,0.6139821696697796,0.022962628573441668,0.021788376591756142,0.0011742519816855257,5.742762706652812,6
BNB,short,-1,2024-08-25 00:00:00+00:00,2024-08-25 04:00:00+00:00,2024-08-26 04:00:00+00:00,569.8957006647,570.1,588.0465664315864,569.8957006647,-0.00035835701683917254,-0.0016482459621318668,0.0012898889452926943,6.455921962584254,6
LINK,long,1,2024-08-25 08:00:00+00:00,2024-08-25 12:00:00+00:00,2024-08-26 12:00:00+00:00,12.311340121427119,12.338,12.311340121427119,11.882461499491276,0.002165473320526745,0.0008561604293175762,0.001309312891209169,6.536688716426203,6
AVAX,long,1,2024-08-25 16:00:00+00:00,2024-08-25 20:00:00+00:00,2024-08-26 20:00:00+00:00,27.594724348078344,26.271,27.594724348078344,26.30666789213832,-0.047970196454255376,-0.04943723473626305,0.001467038282007671,7.710732744665526,6
BTC,long,1,2024-08-25 16:00:00+00:00,2024-08-25 20:00:00+00:00,2024-08-26 20:00:00+00:00,64588.7626259313,63331.0,64588.7626259313,63798.072192602005,-0.01947339714828855,-0.020455972561690516,0.0009825754134019649,5.012959217987713,6
SOL,long,1,2024-08-25 16:00:00+00:00,2024-08-25 20:00:00+00:00,2024-08-26 20:00:00+00:00,161.9136329212129,157.99,161.9136329212129,156.3352606158692,-0.024232875579551227,-0.02540327446557966,0.0011703988860284342,6.000925858297193,6
ETH,short,-1,2024-08-25 20:00:00+00:00,2024-08-26 00:00:00+00:00,2024-08-27 00:00:00+00:00,2721.449312910961,2680.87,2771.438157278208,2721.449312910961,0.015136620914464771,0.014113488418859399,0.0010231324956053722,5.041924062981029,6
ADA,short,-1,2024-08-26 00:00:00+00:00,2024-08-26 04:00:00+00:00,2024-08-27 04:00:00+00:00,0.37695329736555416,0.368,0.38995695495256444,0.37695329736555416,0.024329612406397194,0.022285294772125486,0.0020443176342717084,9.988775255673833,6
DOT,short,-1,2024-08-26 00:00:00+00:00,2024-08-26 04:00:00+00:00,2024-08-27 04:00:00+00:00,4.719358343758889,4.61,4.918703414564434,4.719358343758889,0.02372198346179788,0.021871401711858196,0.0018505817499396837,9.046674492363598,6
XRP,short,-1,2024-08-26 08:00:00+00:00,2024-08-26 12:00:00+00:00,2024-08-27 12:00:00+00:00,0.5886629433541616,0.5873,0.6030235876193624,0.5886629433541616,0.0023206936049064986,0.0011701363627605321,0.0011505572421459664,5.742762706652812,6
BNB,short,-1,2024-08-26 16:00:00+00:00,2024-08-26 20:00:00+00:00,2024-08-27 20:00:00+00:00,546.7164076600241,550.0,558.5469097351338,546.7164076600241,-0.005970167890865352,-0.007252815628410958,0.0012826477375456058,6.455921962584254,6
AVAX,long,1,2024-08-27 00:00:00+00:00,2024-08-27 04:00:00+00:00,2024-08-28 04:00:00+00:00,26.77101279557737,24.213,26.77101279557737,25.83138016781504,-0.09555158839563804,-0.09694530573408999,0.0013937173384519497,7.710732744665526,6
BTC,short,-1,2024-08-27 04:00:00+00:00,2024-08-27 08:00:00+00:00,2024-08-28 08:00:00+00:00,62538.484438841275,58601.1,63279.296521969314,62538.484438841275,0.06718959949286396,0.06612018000047071,0.0010694194923932532,5.012959217987713,6
ETH,short,-1,2024-08-27 04:00:00+00:00,2024-08-27 08:00:00+00:00,2024-08-28 08:00:00+00:00,2665.921967469131,2437.56,2709.8172476736795,2665.921967469131,0.093684654929163,0.09258235570426177,0.0011022992249012376,5.041924062981029,6
LINK,short,-1,2024-08-27 04:00:00+00:00,2024-08-27 08:00:00+00:00,2024-08-28 08:00:00+00:00,11.648182294602835,10.981,12.016687021189222,11.648182294602835,0.0607578813043288,0.05937201838506323,0.001385862919265568,6.536688716426203,6
SOL,short,-1,2024-08-27 04:00:00+00:00,2024-08-27 08:00:00+00:00,2024-08-28 08:00:00+00:00,155.74650329986773,143.97,159.7792693431284,155.74650329986773,0.08179831423121287,0.08050073460366036,0.0012975796275525031,6.000925858297193,6
ADA,long,1,2024-08-27 12:00:00+00:00,2024-08-27 16:00:00+00:00,2024-08-28 16:00:00+00:00,0.36586428686984757,0.3513,0.36586428686984757,0.35916664926289027,-0.03980789432729914,-0.04172420879301497,0.0019163144657158293,9.988775255673833,6
DOT,short,-1,2024-08-27 16:00:00+00:00,2024-08-27 20:00:00+00:00,2024-08-28 20:00:00+00:00,4.475386103770752,4.27,4.62585786342703,4.475386103770752,0.048099790110246454,0.04620514061064829,0.0018946494995981666,9.046674492363598,6
XRP,short,-1,2024-08-27 16:00:00+00:00,2024-08-27 20:00:00+00:00,2024-08-28 20:00:00+00:00,0.5856931883838623,0.5723,0.6008030261901806,0.5856931883838623,0.02340239102544528,0.022227634243372707,0.0011747567820725724,5.742762706652812,6
BNB,long,1,2024-08-28 04:00:00+00:00,2024-08-28 08:00:00+00:00,2024-08-29 08:00:00+00:00,541.5193362081803,541.2,541.5193362081803,524.0242979816855,-0.0005897041653514234,-0.0018792945915382386,0.0012895904261868152,6.455921962584254,6
AVAX,short,-1,2024-08-28 08:00:00+00:00,2024-08-28 12:00:00+00:00,2024-08-29 12:00:00+00:00,23.728673653014997,23.586,25.663226605277423,23.728673653014997,0.00604908221042133,0.0044988024695094,0.0015502797409119307,7.710732744665526,6
DOT,long,1,2024-08-29 08:00:00+00:00,2024-08-29 12:00:00+00:00,2024-08-30 12:00:00+00:00,4.402663531770084,4.273,4.402663531770084,4.215371868887385,-0.029451156290826952,-0.031205616980944928,0.001754460690117976,9.046674492363598,6
ADA,short,-1,2024-08-29 12:00:00+00:00,2024-08-29 16:00:00+00:00,2024-08-30 16:00:00+00:00,0.3547269725633809,0.3399,0.3747478209491051,0.3547269725633809,0.043621572707799094,0.041538752921323585,0.0020828197864755094,9.988775255673833,6
BNB,short,-1,2024-08-29 12:00:00+00:00,2024-08-29 16:00:00+00:00,2024-08-30 16:00:00+00:00,530.700604540671,523.6,552.3151047730469,530.700604540671,0.013561124027255511,0.012253274060781916,0.0013078499664735954,6.455921962584254,6
BTC,short,-1,2024-08-29 12:00:00+00:00,2024-08-29 16:00:00+00:00,2024-08-30 16:00:00+00:00,59215.95005010456,58095.9,62385.15536581309,59215.95005010456,0.019279330384838866,0.01825792127007131,0.0010214091147675575,5.012959217987713,6
LINK,short,-1,2024-08-29 12:00:00+00:00,2024-08-29 16:00:00+00:00,2024-08-30 16:00:00+00:00,10.989577870572758,10.541,11.697468775777477,10.989577870572758,0.042555532736244794,0.041193450889331906,0.0013620818469128881,6.536688716426203,6
SOL,short,-1,2024-08-29 12:00:00+00:00,2024-08-29 16:00:00+00:00,2024-08-30 16:00:00+00:00,141.5878978387679,133.34,150.67335503697768,141.5878978387679,0.06185614098370995,0.060582481302597246,0.0012736596811127043,6.000925858297193,6
XRP,short,-1,2024-08-29 12:00:00+00:00,2024-08-29 16:00:00+00:00,2024-08-30 16:00:00+00:00,0.5580255149796474,0.5483,0.5861194537169667,0.5580255149796474,0.017737579754965038,0.016569325571985427,0.0011682541829796111,5.742762706652812,6
AVAX,short,-1,2024-08-30 08:00:00+00:00,2024-08-30 12:00:00+00:00,2024-08-31 12:00:00+00:00,22.46534141510785,23.031,23.97934178012197,22.46534141510785,-0.024560747900314706,-0.02606385916770726,0.001503111267392554,7.710732744665526,6
ETH,long,1,2024-08-30 12:00:00+00:00,2024-08-30 16:00:00+00:00,2024-08-31 16:00:00+00:00,2488.3638025395917,2519.5,2488.3638025395917,2409.8455611594964,0.012512719172586895,0.011492231246275963,0.0010204879263109312,5.041924062981029,6
AVAX,short,-1,2024-08-31 20:00:00+00:00,2024-09-01 00:00:00+00:00,2024-09-02 00:00:00+00:00,22.25136070927802,21.405,23.368315124350495,22.25136070927802,0.0395403274598467,0.03793843910467709,0.0016018883551696117,7.710732744665526,6
BTC,short,-1,2024-08-31 20:00:00+00:00,2024-09-01 00:00:00+00:00,2024-09-02 00:00:00+00:00,58264.86110381718,57290.7,59698.24786233156,58264.86110381718,0.017003826167548697,0.015984697311664853,0.001019128855883844,5.012959217987713,6
BNB,short,-1,2024-09-01 00:00:00+00:00,2024-09-01 04:00:00+00:00,2024-09-02 04:00:00+00:00,517.9585997988407,514.9,535.5889256549436,517.9585997988407,0.005940182169043906,0.004642165895198724,0.0012980162738451817,6.455921962584254,6
SOL,short,-1,2024-09-01 00:00:00+00:00,2024-09-01 04:00:00+00:00,2024-09-02 04:00:00+00:00,131.1806054671247,130.18,137.04347785241276,131.1806054671247,0.007686322531300416,0.006477637672136938,0.001208684859163478,6.000925858297193,6
ADA,short,-1,2024-09-01 08:00:00+00:00,2024-09-01 12:00:00+00:00,2024-09-02 12:00:00+00:00,0.337200581327428,0.3339,0.34910263065559205,0.337200581327428,0.009884939584989594,0.007869450073045181,0.0020154895119444127,9.988775255673833,6
DOT,short,-1,2024-09-01 12:00:00+00:00,2024-09-01 16:00:00+00:00,2024-09-02 16:00:00+00:00,4.132293844043459,4.157,4.24851200388531,4.132293844043459,-0.005943265806240383,-0.007740221698975036,0.001796955892734653,9.046674492363598,6
ETH,long,1,2024-09-01 12:00:00+00:00,2024-09-01 16:00:00+00:00,2024-09-02 16:00:00+00:00,2513.061608727739,2513.62,2513.061608727739,2449.1697325383047,0.00022219561602532245,-0.0007859049785906569,0.0010081005946159793,5.041924062981029,6
LINK,short,-1,2024-09-01 16:00:00+00:00,2024-09-01 20:00:00+00:00,2024-09-02 20:00:00+00:00,10.611065496279348,10.668,10.789679890313055,10.611065496279348,-0.005336942605985273,-0.006636453712808965,0.001299511106823692,6.536688716426203,6
XRP,short,-1,2024-09-01 16:00:00+00:00,2024-09-01 20:00:00+00:00,2024-09-02 20:00:00+00:00,0.5550800750162894,0.5677,0.5637535449111858,0.5550800750162894,-0.022229918942593963,-0.02335229470026501,0.0011223757576710458,5.742762706652812,6
AVAX,long,1,2024-09-02 04:00:00+00:00,2024-09-02 08:00:00+00:00,2024-09-03 08:00:00+00:00,22.038163208437783,22.524,22.038163208437783,21.160748315969006,0.022045248824375863,0.0204703196568381,0.0015749291675377641,7.710732744665526,6
BTC,long,1,2024-09-02 04:00:00+00:00,2024-09-02 08:00:00+00:00,2024-09-03 08:00:00+00:00,58175.75530568197,59108.1,58175.75530568197,56928.799184606934,0.016026344469772136,0.015008195138034086,0.0010181493317380497,5.012959217987713,6
ADA,long,1,2024-09-02 16:00:00+00:00,2024-09-02 20:00:00+00:00,2024-09-03 20:00:00+00:00,0.3367708060289698,0.3247,0.3367708060289698,0.32513153765050823,-0.035842792228051534,-0.037767020091998615,0.0019242278639470811,9.988775255673833,6
BNB,long,1,2024-09-02 20:00:00+00:00,2024-09-03 00:00:00+00:00,2024-09-04 00:00:00+00:00,537.3219554927089,518.6,537.3219554927089,515.5041352181607,-0.03484308672170555,-0.03608847824940864,0.001245391527703088,6.455921962584254,6
DOT,short,-1,2024-09-03 08:00:00+00:00,2024-09-03 12:00:00+00:00,2024-09-04 12:00:00+00:00,4.171958349995563,4.014,4.356028386529632,4.171958349995563,0.039351856002880714,0.037473020139670465,0.0018788358632102486,9.046674492363598,6
ETH,short,-1,2024-09-03 08:00:00+00:00,2024-09-03 12:00:00+00:00,2024-09-04 12:00:00+00:00,2457.2766152412264,2399.27,2562.894540174413,2457.2766152412264,0.02417677678678376,0.023144532929172623,0.001032243857611137,5.041924062981029,6
LINK,short,-1,2024-09-03 08:00:00+00:00,2024-09-03 12:00:00+00:00,2024-09-04 12:00:00+00:00,10.415805532163175,10.119,10.911966496401694,10.415805532163175,0.029331508267929074,0.0279867033939023,0.0013448048740267726,6.536688716426203,6
SOL,short,-1,2024-09-03 08:00:00+00:00,2024-09-03 12:00:00+00:00,2024-09-04 12:00:00+00:00,130.21491949053797,128.4,138.65766665325924,130.21491949053797,0.014134886997959173,0.012918467308958403,0.0012164196890007695,6.000925858297193,6
XRP,short,-1,2024-09-03 08:00:00+00:00,2024-09-03 12:00:00+00:00,2024-09-04 12:00:00+00:00,0.561312989198719,0.5504,0.5788214530075254,0.561312989198719,0.01982737863139339,0.018656725582215206,0.001170653049178183,5.742762706652812,6
AVAX,short,-1,2024-09-03 20:00:00+00:00,2024-09-04 00:00:00+00:00,2024-09-05 00:00:00+00:00,20.833391192143424,21.908,21.94095026509082,20.833391192143424,-0.04905097717074025,-0.05051635001467081,0.0014653728439305569,7.710732744665526,6
BTC,short,-1,2024-09-03 20:00:00+00:00,2024-09-04 00:00:00+00:00,2024-09-05 00:00:00+00:00,56626.53436565115,57973.9,58358.71345880129,56626.53436565115,-0.023240900376701457,-0.02421970041467625,0.0009788000379747919,5.012959217987713,6
BNB,short,-1,2024-09-04 04:00:00+00:00,2024-09-04 08:00:00+00:00,2024-09-05 08:00:00+00:00,499.3326694767718,506.6,521.3038439338665,499.3326694767718,-0.014345303046246038,-0.015617143916822673,0.0012718408705766349,6.455921962584254,6
ADA,long,1,2024-09-04 08:00:00+00:00,2024-09-04 12:00:00+00:00,2024-09-05 12:00:00+00:00,0.32419935080600054,0.3272,0.32419935080600054,0.3109390865508611,0.009255568175998707,0.007241334739300331,0.002014233436698376,9.988775255673833,6
AVAX,long,1,2024-09-05 20:00:00+00:00,2024-09-06 00:00:00+00:00,2024-09-07 00:00:00+00:00,21.70624617988532,21.158,21.70624617988532,21.03502467520675,-0.025257530728337807,-0.02675956828240844,0.0015020375540706343,7.710732744665526,6
ADA,short,-1,2024-09-06 00:00:00+00:00,2024-09-06 04:00:00+00:00,2024-09-07 04:00:00+00:00,0.32150219223743576,0.3184,0.3338134625245129,0.32150219223743576,0.009743066072348538,0.007727859706102791,0.0020152063662457476,9.988775255673833,6
BNB,short,-1,2024-09-06 00:00:00+00:00,2024-09-06 04:00:00+00:00,2024-09-07 04:00:00+00:00,497.8042825153614,486.4,513.11161629494,497.8042825153614,0.023446304513489835,0.02212569919101348,0.0013206053224763536,6.455921962584254,6
BTC,short,-1,2024-09-06 00:00:00+00:00,2024-09-06 04:00:00+00:00,2024-09-07 04:00:00+00:00,55679.710664052895,53818.1,57505.00832015168,55679.710664052895,0.034590791277523625,0.03355403870856244,0.0010367525689611856,5.012959217987713,6
DOT,short,-1,2024-09-06 00:00:00+00:00,2024-09-06 04:00:00+00:00,2024-09-07 04:00:00+00:00,3.9673773614841368,3.976,4.1609273572667185,3.9673773614841368,-0.002168671658919319,-0.0039724508837259975,0.0018037792248066786,9.046674492363598,6
ETH,short,-1,2024-09-06 00:00:00+00:00,2024-09-06 04:00:00+00:00,2024-09-07 04:00:00+00:00,2354.298734105979,2238.01,2431.971554609969,2354.298734105979,0.05196077502154983,0.050900528320906524,0.001060246700643308,5.041924062981029,6
LINK,short,-1,2024-09-06 00:00:00+00:00,2024-09-06 04:00:00+00:00,2024-09-07 04:00:00+00:00,9.909419793808562,9.656,10.302400960325313,9.909419793808562,0.026244800518699263,0.024904028378143206,0.0013407721405560569,6.536688716426203,6
XRP,short,-1,2024-09-06 00:00:00+00:00,2024-09-06 04:00:00+00:00,2024-09-07 04:00:00+00:00,0.5385799631579348,0.522,0.5525089501198908,0.5385799631579348,0.03176238152861055,0.03057802836917234,0.0011843531594382117,5.742762706652812,6
SOL,short,-1,2024-09-06 12:00:00+00:00,2024-09-06 16:00:00+00:00,2024-09-07 16:00:00+00:00,125.55774297918212,128.82,130.6325242141338,125.55774297918212,-0.025324150138316015,-0.02649324007828957,0.0011690899399735555,6.000925858297193,6
AVAX,long,1,2024-09-07 08:00:00+00:00,2024-09-07 12:00:00+00:00,2024-09-08 12:00:00+00:00,21.952532472997174,23.059,21.952532472997174,21.25116095711697,0.05040272817561453,0.04878410131328348,0.0016186268623310518,7.710732744665526,6
DOT,long,1,2024-09-07 08:00:00+00:00,2024-09-07 12:00:00+00:00,2024-09-08 12:00:00+00:00,4.129775470806648,4.191,4.129775470806648,3.9953368207635687,0.014825147184428511,0.012990648241259839,0.001834498943168672,9.046674492363598,6
ADA,long,1,2024-09-07 20:00:00+00:00,2024-09-08 00:00:00+00:00,2024-09-09 00:00:00+00:00,0.33107438146624146,0.339,0.33107438146624146,0.3196263314949064,0.0239390873394012,0.02189554910003433,0.002043538239366871,9.988775255673833,6
BNB,short,-1,2024-09-08 08:00:00+00:00,2024-09-08 12:00:00+00:00,2024-09-09 12:00:00+00:00,491.8272782691591,505.3,510.95516882345794,491.8272782691591,-0.026662817595172972,-0.02791876454420128,0.0012559469490283082,6.455921962584254,6
ETH,short,-1,2024-09-08 08:00:00+00:00,2024-09-08 12:00:00+00:00,2024-09-09 12:00:00+00:00,2242.0043786622587,2315.41,2351.705683619571,2242.0043786622587,-0.03170307692276586,-0.0326790007806822,0.0009759238579163387,5.041924062981029,6
SOL,short,-1,2024-09-08 08:00:00+00:00,2024-09-08 12:00:00+00:00,2024-09-09 12:00:00+00:00,127.76468042187044,129.45,132.47800522109432,127.76468042187044,-0.013019077467203988,-0.01420292691586178,0.0011838494486577922,6.000925858297193,6
BTC,long,1,2024-09-08 12:00:00+00:00,2024-09-08 16:00:00+00:00,2024-09-09 16:00:00+00:00,54308.1261486261,55389.9,54308.1261486261,53074.95486240266,0.019919189412158866,0.018897139101378357,0.001022050310780509,5.012959217987713,6
AVAX,long,1,2024-09-08 16:00:00+00:00,2024-09-08 20:00:00+00:00,2024-09-09 20:00:00+00:00,23.507707814225952,24.191,23.507707814225952,22.41528732465873,0.029066729566910254,0.02748098058994275,0.0015857489769675048,7.710732744665526,6
DOT,long,1,2024-09-08 16:00:00+00:00,2024-09-08 20:00:00+00:00,2024-09-09 20:00:00+00:00,4.187362919663376,4.319,4.187362919663376,4.067507241853595,0.03143674977835609,0.029572222048959818,0.0018645277293962703,9.046674492363598,6
LINK,long,1,2024-09-08 16:00:00+00:00,2024-09-08 20:00:00+00:00,2024-09-09 20:00:00+00:00,10.38990371030733,10.62,10.38990371030733,10.060745403857842,0.022146142650427247,0.02081072533971362,0.001335417310713627,6.536688716426203,6
XRP,long,1,2024-09-09 12:00:00+00:00,2024-09-09 16:00:00+00:00,2024-09-10 16:00:00+00:00,0.5341969770434488,0.536,0.5341969770434488,0.5246460988063674,0.003375202470313754,0.002223434764471177,0.0011517677058425768,5.742762706652812,6
ADA,short,-1,2024-09-09 20:00:00+00:00,2024-09-10 00:00:00+00:00,2024-09-11 00:00:00+00:00,0.3377130363671329,0.343,0.3491827300140215,0.3377130363671329,-0.0154138881424698,-0.017378887227286643,0.001964999084816843,9.988775255673833,6
AVAX,long,1,2024-09-10 12:00:00+00:00,2024-09-10 16:00:00+00:00,2024-09-11 16:00:00+00:00,24.232275642706195,23.332,24.232275642706195,23.285164147174825,-0.03715192316150351,-0.03863563195215147,0.001483708790647964,7.710732744665526,6
BNB,long,1,2024-09-10 12:00:00+00:00,2024-09-10 16:00:00+00:00,2024-09-11 16:00:00+00:00,522.5708428467858,517.9,522.5708428467858,505.766469021102,-0.008938200266476182,-0.01021701819943377,0.0012788179329575877,6.455921962584254,6
BTC,long,1,2024-09-10 12:00:00+00:00,2024-09-10 16:00:00+00:00,2024-09-11 16:00:00+00:00,57534.05884573982,56700.1,57534.05884573982,55667.33363254022,-0.014495046281643886,-0.015482610448177558,0.000987564166533672,5.012959217987713,6
ETH,long,1,2024-09-10 12:00:00+00:00,2024-09-10 16:00:00+00:00,2024-09-11 16:00:00+00:00,2361.9822617280506,2326.37,2361.9822617280506,2288.2424309341777,-0.015077277380566079,-0.01606995799360955,0.0009926806130434729,5.041924062981029,6
LINK,long,1,2024-09-10 12:00:00+00:00,2024-09-10 16:00:00+00:00,2024-09-11 16:00:00+00:00,10.688839989805233,10.347,10.688839989805233,10.241931688042303,-0.031981018532532324,-0.03324571958750977,0.0012647010549774462,6.536688716426203,6
SOL,long,1,2024-09-10 12:00:00+00:00,2024-09-10 16:00:00+00:00,2024-09-11 16:00:00+00:00,137.71093542670235,131.17,137.71093542670235,130.64218062461543,-0.047497574585743885,-0.048640068270706216,0.0011424936849623313,6.000925858297193,6
XRP,short,-1,2024-09-10 20:00:00+00:00,2024-09-11 00:00:00+00:00,2024-09-12 00:00:00+00:00,0.5348430449639411,0.5348,0.5466210933334853,0.5348430449639411,8.048796548432158e-05,-0.0010674977595427348,0.0011479857250270564,5.742762706652812,6
ADA,short,-1,2024-09-11 04:00:00+00:00,2024-09-11 08:00:00+00:00,2024-09-12 08:00:00+00:00,0.33605924429314904,0.3561,0.3435823949520018,0.33605924429314904,-0.05627844905040991,-0.058161892216634814,0.0018834431662249074,9.988775255673833,6
DOT,short,-1,2024-09-11 08:00:00+00:00,2024-09-11 12:00:00+00:00,2024-09-12 12:00:00+00:00,4.0703358588134915,4.219,4.225108098331013,4.0703358588134915,-0.03523681943268753,-0.036980821382254336,0.001744001949566809,9.046674492363598,6
AVAX,long,1,2024-09-11 20:00:00+00:00,2024-09-12 00:00:00+00:00,2024-09-13 00:00:00+00:00,23.738950894529566,24.021,23.738950894529566,22.827960823023513,0.011881279283299406,0.010322012369567535,0.0015592669137318715,7.710732744665526,6
BNB,long,1,2024-09-11 20:00:00+00:00,2024-09-12 00:00:00+00:00,2024-09-13 00:00:00+00:00,539.8091389524755,544.5,539.8091389524755,520.565491990938,0.008689851114094482,0.007388286801209176,0.001301564312885306,6.455921962584254,6
BTC,long,1,2024-09-11 20:00:00+00:00,2024-09-12 00:00:00+00:00,2024-09-13 00:00:00+00:00,58322.34232489399,58127.9,58322.34232489399,56379.7094006028,-0.0033339251673194514,-0.004332673776132556,0.0009987486088131048,5.012959217987713,6
ETH,long,1,2024-09-11 20:00:00+00:00,2024-09-12 00:00:00+00:00,2024-09-13 00:00:00+00:00,2378.230516091411,2362.12,2378.230516091411,2303.505857751526,-0.006774160865570145,-0.007775209995861565,0.0010010491302914204,5.041924062981029,6
LINK,long,1,2024-09-11 20:00:00+00:00,2024-09-12 00:00:00+00:00,2024-09-13 00:00:00+00:00,10.57793855075577,10.786,10.57793855075577,10.219156452962821,0.019669375866185668,0.018337194410992463,0.0013321814551932043,6.536688716426203,6
SOL,long,1,2024-09-11 20:00:00+00:00,2024-09-12 00:00:00+00:00,2024-09-13 00:00:00+00:00,134.6547974837992,136.04,134.6547974837992,130.18295914862648,0.01028706397458623,0.009075259616095455,0.0012118043584907756,6.000925858297193,6
XRP,long,1,2024-09-12 08:00:00+00:00,2024-09-12 12:00:00+00:00,2024-09-13 12:00:00+00:00,0.5419630076555797,0.5629,0.5419630076555797,0.5324788517363098,0.038631773845579254,0.03743953535649536,0.0011922384890838966,5.742762706652812,6
AVAX,long,1,2024-09-13 04:00:00+00:00,2024-09-13 08:00:00+00:00,2024-09-14 08:00:00+00:00,24.206760591406063,24.924,24.206760591406063,23.468948802744418,0.029629714636355553,0.028043098122840338,0.0015866165135152155,7.710732744665526,6
ETH,long,1,2024-09-13 04:00:00+00:00,2024-09-13 08:00:00+00:00,2024-09-14 08:00:00+00:00,2376.2892378529655,2421.0,2376.2892378529655,2322.221858390391,0.018815370382871288,0.017788530161579885,0.001026840221291403,5.041924062981029,6
LINK,long,1,2024-09-13 04:00:00+00:00,2024-09-13 08:00:00+00:00,2024-09-14 08:00:00+00:00,10.84375563834755,11.394,10.84375563834755,10.556176735963737,0.050742969502796775,0.0493701909029125,0.0013727785998842723,6.536688716426203,6
ADA,long,1,2024-09-13 08:00:00+00:00,2024-09-13 12:00:00+00:00,2024-09-14 12:00:00+00:00,0.358666994194639,0.3539,0.358666994194639,0.34702897677965494,-0.013290863870379144,-0.015260100005365151,0.0019692361349860077,9.988775255673833,6
BTC,long,1,2024-09-13 08:00:00+00:00,2024-09-13 12:00:00+00:00,2024-09-14 12:00:00+00:00,58654.7284452988,59699.7,58654.7284452988,57107.610328873234,0.01781564048456441,0.01679569811807724,0.0010199423664871698,5.012959217987713,6
DOT,long,1,2024-09-13 08:00:00+00:00,2024-09-13 12:00:00+00:00,2024-09-14 12:00:00+00:00,4.346430227461342,4.364,4.346430227461342,4.256044623268839,0.0040423454695417416,0.0022273385919817645,0.001815006877559977,9.046674492363598,6
SOL,long,1,2024-09-13 08:00:00+00:00,2024-09-13 12:00:00+00:00,2024-09-14 12:00:00+00:00,134.93526514712948,136.82,134.93526514712948,130.30515025726052,0.01396769666414066,0.012751477514157283,0.0012162191499833774,6.000925858297193,6
XRP,long,1,2024-09-14 04:00:00+00:00,2024-09-14 08:00:00+00:00,2024-09-15 08:00:00+00:00,0.5896479038342307,0.5887,0.5896479038342307,0.5691336945621449,-0.0016075760264165906,-0.0027536240340407803,0.0011460480076241897,5.742762706652812,6
ETH,short,-1,2024-09-14 12:00:00+00:00,2024-09-14 16:00:00+00:00,2024-09-15 16:00:00+00:00,2388.657443438458,2408.49,2449.7684992355266,2388.657443438458,-0.008234435916919636,-0.009234013270085994,0.0009995773531663588,5.041924062981029,6
DOT,long,1,2024-09-14 20:00:00+00:00,2024-09-15 00:00:00+00:00,2024-09-16 00:00:00+00:00,4.4978864004588965,4.392,4.4978864004588965,4.376937798605016,-0.023541368329821122,-0.025306512140867876,0.0017651438110467543,9.046674492363598,6
ADA,short,-1,2024-09-15 04:00:00+00:00,2024-09-15 08:00:00+00:00,2024-09-16 08:00:00+00:00,0.3490009627299662,0.3365,0.3621200612497584,0.3490009627299662,0.03714996353630373,0.035080059538448394,0.002069903997855338,9.988775255673833,6
BNB,long,1,2024-09-15 08:00:00+00:00,2024-09-15 12:00:00+00:00,2024-09-16 12:00:00+00:00,558.5423914279174,547.2,558.5423914279174,550.6854353770118,-0.020307127269105774,-0.021571275291737746,0.0012641480226319723,6.455921962584254,6
BTC,short,-1,2024-09-15 12:00:00+00:00,2024-09-15 16:00:00+00:00,2024-09-16 16:00:00+00:00,59872.807897239174,57887.8,60804.387869837505,59872.807897239174,0.034290608681607715,0.03325415692247402,0.0010364517591336941,5.012959217987713,6
LINK,short,-1,2024-09-15 12:00:00+00:00,2024-09-15 16:00:00+00:00,2024-09-16 16:00:00+00:00,11.113566613695813,10.554,11.341591172420534,11.113566613695813,0.05301938731247047,0.05164363460974264,0.0013757527027278282,6.536688716426203,6
SOL,short,-1,2024-09-15 12:00:00+00:00,2024-09-15 16:00:00+00:00,2024-09-16 16:00:00+00:00,134.2691143301269,131.5,137.22699886660217,134.2691143301269,0.02105790365115512,0.019833180043344,0.0012247236078111179,6.000925858297193,6
AVAX,short,-1,2024-09-15 16:00:00+00:00,2024-09-15 20:00:00+00:00,2024-09-16 20:00:00+00:00,23.89582511469143,23.463,24.841347522042465,23.89582511469143,0.018447134411261557,0.01687774978819867,0.001569384623062886,7.710732744665526,6
XRP,short,-1,2024-09-15 16:00:00+00:00,2024-09-15 20:00:00+00:00,2024-09-16 20:00:00+00:00,0.5765069186571125,0.587,0.5909828294751839,0.5765069186571125,-0.017875777415481298,-0.019003151263184193,0.001127373847702895,5.742762706652812,6
ETH,short,-1,2024-09-15 20:00:00+00:00,2024-09-16 00:00:00+00:00,2024-09-17 00:00:00+00:00,2289.063655079546,2295.61,2343.880653643751,2289.063655079546,-0.0028516799109840063,-0.0038566824182351134,0.001005002507251107,5.041924062981029,6
DOT,short,-1,2024-09-16 08:00:00+00:00,2024-09-16 12:00:00+00:00,2024-09-17 12:00:00+00:00,4.228279997782517,4.171,4.397377659414967,4.228279997782517,0.013732917233880704,0.011900392714281782,0.0018325245195989215,9.046674492363598,6
AVAX,long,1,2024-09-17 00:00:00+00:00,2024-09-17 04:00:00+00:00,2024-09-18 04:00:00+00:00,23.867209559226218,23.847,23.867209559226218,23.120720486014385,-0.0008467499803890277,-0.002386403531057346,0.0015396535506683184,7.710732744665526,6
BTC,long,1,2024-09-17 00:00:00+00:00,2024-09-17 04:00:00+00:00,2024-09-18 04:00:00+00:00,58658.069328675745,60513.7,58658.069328675745,57491.786255422834,0.0316347041858247,0.030600913880699743,0.0010337903051249597,5.012959217987713,6
SOL,long,1,2024-09-17 00:00:00+00:00,2024-09-17 04:00:00+00:00,2024-09-18 04:00:00+00:00,132.60898692691688,131.67,132.60898692691688,129.70706509868293,-0.0070808694695359,-0.008271841593114448,0.0011909721235785486,6.000925858297193,6
ADA,long,1,2024-09-17 08:00:00+00:00,2024-09-17 12:00:00+00:00,2024-09-18 12:00:00+00:00,0.33534570762424987,0.3308,0.33534570762424987,0.32730310096285525,-0.013555287933917137,-0.015523996341529567,0.0019687084076124295,9.988775255673833,6
BNB,long,1,2024-09-17 08:00:00+00:00,2024-09-17 12:00:00+00:00,2024-09-18 12:00:00+00:00,551.2854451090511,539.7,551.2854451090511,534.2482603395047,-0.02101532919440552,-0.022278563387725714,0.0012632341933201952,6.455921962584254,6
ETH,long,1,2024-09-17 08:00:00+00:00,2024-09-17 12:00:00+00:00,2024-09-18 12:00:00+00:00,2348.2721338309507,2300.37,2348.2721338309507,2268.752702102086,-0.020398885265824673,-0.021386202354546135,0.0009873170887214622,5.041924062981029,6
LINK,long,1,2024-09-17 08:00:00+00:00,2024-09-17 12:00:00+00:00,2024-09-18 12:00:00+00:00,10.761247493800406,10.445,10.761247493800406,10.439198714156403,-0.02938762387749161,-0.030655713160405607,0.0012680892829139978,6.536688716426203,6
DOT,short,-1,2024-09-18 04:00:00+00:00,2024-09-18 08:00:00+00:00,2024-09-19 08:00:00+00:00,4.065951003876787,4.238,4.195057929556125,4.065951003876787,-0.04059674283228254,-0.04233105565083073,0.0017343128185481893,9.046674492363598,6
SOL,short,-1,2024-09-18 08:00:00+00:00,2024-09-18 12:00:00+00:00,2024-09-19 12:00:00+00:00,127.53461005081662,139.43,131.33326234601012,127.53461005081662,-0.08531442264350131,-0.08641155632838537,0.0010971336848840663,6.000925858297193,6
XRP,short,-1,2024-09-18 08:00:00+00:00,2024-09-18 12:00:00+00:00,2024-09-19 12:00:00+00:00,0.5633479099495978,0.5857,0.58261405466005,0.5633479099495978,-0.038163035769851805,-0.03926712200893612,0.001104086239084312,5.742762706652812,6
AVAX,long,1,2024-09-18 12:00:00+00:00,2024-09-18 16:00:00+00:00,2024-09-19 16:00:00+00:00,23.35657077629399,26.396,23.35657077629399,22.493552072859618,0.13013165557637918,0.12839016975706508,0.0017414858193141036,7.710732744665526,6
BTC,long,1,2024-09-18 12:00:00+00:00,2024-09-18 16:00:00+00:00,2024-09-19 16:00:00+00:00,60597.99110774598,63153.9,60597.99110774598,58292.75962893208,0.042178112599632334,0.04113375685563936,0.0010443557439929751,5.012959217987713,6
ADA,long,1,2024-09-18 16:00:00+00:00,2024-09-18 20:00:00+00:00,2024-09-19 20:00:00+00:00,0.3408172127264715,0.3527,0.3408172127264715,0.3277112652453924,0.034865572599660055,0.032800227701355045,0.0020653448983050104,9.988775255673833,6
BNB,long,1,2024-09-18 16:00:00+00:00,2024-09-18 20:00:00+00:00,2024-09-19 20:00:00+00:00,550.942731702074,565.9,550.942731702074,538.7257566372622,0.027148499176524732,0.025823116722160533,0.001325382454364199,6.455921962584254,6
ETH,long,1,2024-09-18 16:00:00+00:00,2024-09-18 20:00:00+00:00,2024-09-19 20:00:00+00:00,2358.4208302758334,2461.17,2358.4208302758334,2272.5160141471297,0.04356693614860485,0.042515149402155616,0.0010517867464492348,5.041924062981029,6
LINK,long,1,2024-09-18 16:00:00+00:00,2024-09-18 20:00:00+00:00,2024-09-19 20:00:00+00:00,10.768716223318577,11.227,10.768716223318577,10.35532905570754,0.04255695546039706,0.04119487175471814,0.0013620837056789181,6.536688716426203,6
AVAX,long,1,2024-09-19 20:00:00+00:00,2024-09-20 00:00:00+00:00,2024-09-21 00:00:00+00:00,27.50158445858417,27.669,27.50158445858417,25.85192489802466,0.006087487128894287,0.004537148207602204,0.0015503389212920826,7.710732744665526,6
XRP,short,-1,2024-09-19 20:00:00+00:00,2024-09-20 00:00:00+00:00,2024-09-21 00:00:00+00:00,0.5781778075297664,0.5852,0.5957537724798725,0.5781778075297664,-0.01199964536950382,-0.013133764390008462,0.0011341190205046425,5.742762706652812,6
ETH,long,1,2024-09-20 00:00:00+00:00,2024-09-20 04:00:00+00:00,2024-09-21 04:00:00+00:00,2562.8834451516204,2544.03,2562.8834451516204,2479.8797204856887,-0.007356341228582419,-0.008356803592880602,0.0010004623642981825,5.041924062981029,6
LINK,long,1,2024-09-20 00:00:00+00:00,2024-09-20 04:00:00+00:00,2024-09-21 04:00:00+00:00,11.677548707695228,11.275,11.677548707695228,11.187699000039974,-0.03447202129244453,-0.03573346789283083,0.0012614466003862956,6.536688716426203,6
SOL,long,1,2024-09-20 00:00:00+00:00,2024-09-20 04:00:00+00:00,2024-09-21 04:00:00+00:00,148.137336897454,145.99,148.137336897454,141.26428919460113,-0.014495581886560083,-0.015677660319281528,0.001182078432721445,6.000925858297193,6
BNB,long,1,2024-09-21 00:00:00+00:00,2024-09-21 04:00:00+00:00,2024-09-22 04:00:00+00:00,572.2594173808887,584.2,572.2594173808887,562.9785202566056,0.02086568129146893,0.01954840587965556,0.0013172754118133678,6.455921962584254,6
ADA,long,1,2024-09-21 08:00:00+00:00,2024-09-21 12:00:00+00:00,2024-09-22 12:00:00+00:00,0.35826232250500917,0.3523,0.35826232250500917,0.3491957767851818,-0.01664233755679345,-0.018604884949527944,0.0019625473927344927,9.988775255673833,6
DOT,long,1,2024-09-21 08:00:00+00:00,2024-09-21 12:00:00+00:00,2024-09-22 12:00:00+00:00,4.405250612489575,4.348,4.405250612489575,4.26193437139995,-0.012995994445187953,-0.014780201123665848,0.0017842066784778954,9.046674492363598,6
XRP,long,1,2024-09-21 12:00:00+00:00,2024-09-21 16:00:00+00:00,2024-09-22 16:00:00+00:00,0.5920687449517172,0.589,0.5920687449517172,0.5815781409438869,-0.005183088919796797,-0.006325032620007276,0.0011419437002104793,5.742762706652812,6
ETH,long,1,2024-09-21 16:00:00+00:00,2024-09-21 20:00:00+00:00,2024-09-22 20:00:00+00:00,2606.5396224230576,2578.36,2606.5396224230576,2537.8983320232537,-0.01081112375221116,-0.011808104121876717,0.0009969803696655566,5.041924062981029,6
BTC,short,-1,2024-09-21 20:00:00+00:00,2024-09-22 00:00:00+00:00,2024-09-23 00:00:00+00:00,62850.32610735012,63589.1,63853.44481992545,62850.32610735012,-0.011617932832040045,-0.01260838012375265,0.000990447291712604,5.012959217987713,6
LINK,short,-1,2024-09-22 04:00:00+00:00,2024-09-22 08:00:00+00:00,2024-09-23 08:00:00+00:00,11.181542620247471,11.315,11.433865016844202,11.181542620247471,-0.011794730866330316,-0.013085804977824411,0.001291074111494095,6.536688716426203,6
SOL,short,-1,2024-09-22 04:00:00+00:00,2024-09-22 08:00:00+00:00,2024-09-23 08:00:00+00:00,145.2811213589666,145.51,149.08343697653612,145.2811213589666,-0.001572940973358472,-0.0027705196664912224,0.0011975786931327503,6.000925858297193,6
ADA,short,-1,2024-09-22 16:00:00+00:00,2024-09-22 20:00:00+00:00,2024-09-23 20:00:00+00:00,0.3470271741091677,0.3612,0.35400757971003677,0.3470271741091677,-0.039238166918140305,-0.041155618423901696,0.0019174515057613917,9.988775255673833,6
AVAX,short,-1,2024-09-22 16:00:00+00:00,2024-09-22 20:00:00+00:00,2024-09-23 20:00:00+00:00,26.58009846872537,27.367,27.656585616676686,26.58009846872537,-0.028753664313758587,-0.030250314471563233,0.0014966501578046465,7.710732744665526,6
DOT,short,-1,2024-09-22 16:00:00+00:00,2024-09-22 20:00:00+00:00,2024-09-23 20:00:00+00:00,4.279744538997668,4.413,4.405161062350565,4.279744538997668,-0.030196116247979243,-0.03194923027433161,0.0017531140263523648,9.046674492363598,6
BNB,long,1,2024-09-22 20:00:00+00:00,2024-09-23 00:00:00+00:00,2024-09-24 00:00:00+00:00,596.5832816556225,604.7,596.5832816556225,580.7235479991009,0.013605339931505034,0.012297432910979511,0.0013079070205255228,6.455921962584254,6
BTC,short,-1,2024-09-23 20:00:00+00:00,2024-09-24 00:00:00+00:00,2024-09-25 00:00:00+00:00,62715.40456984216,64278.2,63981.31990955118,62715.40456984216,-0.024312993054532273,-0.025290718759691244,0.0009777257051589716,5.012959217987713,6
ADA,long,1,2024-09-24 00:00:00+00:00,2024-09-24 04:00:00+00:00,2024-09-25 04:00:00+00:00,0.36717933854623247,0.3906,0.36717933854623247,0.35728818652872457,0.06378534681852366,0.06166228494738224,0.0021230618711414184,9.988775255673833,6
DOT,long,1,2024-09-24 04:00:00+00:00,2024-09-24 08:00:00+00:00,2024-09-25 08:00:00+00:00,4.590924795627289,4.606,4.590924795627289,4.467910478415347,0.003283696650197676,0.0014700611817530795,0.0018136354684445966,9.046674492363598,6
AVAX,short,-1,2024-09-24 08:00:00+00:00,2024-09-24 12:00:00+00:00,2024-09-25 12:00:00+00:00,27.2974030323243,27.842,28.072015608685987,27.2974030323243,-0.0195602674978701,-0.021071084297328513,0.0015108167994584143,7.710732744665526,6
XRP,short,-1,2024-09-24 08:00:00+00:00,2024-09-24 12:00:00+00:00,2024-09-25 12:00:00+00:00,0.5833239441213978,0.5904,0.592713540193793,0.5833239441213978,-0.011985189496277582,-0.013119325110583002,0.0011341356143054204,5.742762706652812,6
LINK,long,1,2024-09-24 12:00:00+00:00,2024-09-24 16:00:00+00:00,2024-09-25 16:00:00+00:00,11.696287920400104,12.371,11.696287920400104,11.332584312396593,0.05768600125028511,0.056304151692347704,0.001381849557937409,6.536688716426203,6
SOL,long,1,2024-09-24 12:00:00+00:00,2024-09-24 16:00:00+00:00,2024-09-25 16:00:00+00:00,147.96082236225527,150.41,147.96082236225527,143.13911319137645,0.016552879327396353,0.01533355934030367,0.0012193199870926819,6.000925858297193,6
BNB,short,-1,2024-09-25 00:00:00+00:00,2024-09-25 04:00:00+00:00,2024-09-26 04:00:00+00:00,598.5248148144424,588.2,615.5951948529124,598.5248148144424,0.017553238378854807,0.01624023718223122,0.0013130011966235866,6.455921962584254,6
ETH,short,-1,2024-09-25 00:00:00+00:00,2024-09-25 04:00:00+00:00,2024-09-26 04:00:00+00:00,2614.0481757065018,2602.5,2679.5774298256283,2614.0481757065018,0.004437339368492443,0.003424990428916752,0.0010123489395756913,5.041924062981029,6
DOT,short,-1,2024-09-25 16:00:00+00:00,2024-09-25 20:00:00+00:00,2024-09-26 20:00:00+00:00,4.627162662157037,4.78,4.794320325375913,4.627162662157037,-0.031974338460870944,-0.033724237995762296,0.0017498995348913526,9.046674492363598,6
XRP,short,-1,2024-09-25 20:00:00+00:00,2024-09-26 00:00:00+00:00,2024-09-27 00:00:00+00:00,0.5772343052371233,0.5906,0.588823285304182,0.5772343052371233,-0.022630705660136696,-0.023752621357406634,0.0011219156972699373,5.742762706652812,6
ADA,long,1,2024-09-26 00:00:00+00:00,2024-09-26 04:00:00+00:00,2024-09-27 04:00:00+00:00,0.3948069368648042,0.4096,0.3948069368648042,0.3766077698146316,0.03746910642621626,0.03539856549525866,0.0020705409309575984,9.988775255673833,6
AVAX,long,1,2024-09-26 08:00:00+00:00,2024-09-26 12:00:00+00:00,2024-09-27 12:00:00+00:00,28.911776750897516,29.875,28.911776750897516,27.589693150741336,0.03331594794057691,0.03172365109504538,0.0015922968455315267,7.710732744665526,6
BTC,long,1,2024-09-26 08:00:00+00:00,2024-09-26 12:00:00+00:00,2024-09-27 12:00:00+00:00,65125.52879895857,65448.6,65125.52879895857,63698.77225943289,0.004960745916378517,0.003953685304764809,0.0010070606116137082,5.012959217987713,6
ETH,long,1,2024-09-26 08:00:00+00:00,2024-09-26 12:00:00+00:00,2024-09-27 12:00:00+00:00,2663.1630932624853,2652.0,2663.1630932624853,2595.4133572917995,-0.004191667153516376,-0.005195319118915909,0.0010036519653995324,5.041924062981029,6
LINK,long,1,2024-09-26 08:00:00+00:00,2024-09-26 12:00:00+00:00,2024-09-27 12:00:00+00:00,12.55122423213499,12.726,12.55122423213499,12.047925063185476,0.013924997644256143,0.0126003211257808,0.0013246765184753428,6.536688716426203,6
SOL,long,1,2024-09-26 08:00:00+00:00,2024-09-26 12:00:00+00:00,2024-09-27 12:00:00+00:00,156.1339474685426,156.07,156.1339474685426,149.87016775909368,-0.0004095679996529711,-0.0016085421183932302,0.0011989741187402592,6.000925858297193,6
BNB,short,-1,2024-09-26 12:00:00+00:00,2024-09-26 16:00:00+00:00,2024-09-27 16:00:00+00:00,593.8330599781707,609.1,609.4685264126324,593.8330599781707,-0.025064751308207733,-0.02632276032422942,0.0012580090160216884,6.455921962584254,6
XRP,long,1,2024-09-27 08:00:00+00:00,2024-09-27 12:00:00+00:00,2024-09-28 12:00:00+00:00,0.5918503930486431,0.617,0.5918503930486431,0.582387735225633,0.04249318281569492,0.0412965118409967,0.0011966709746982218,5.742762706652812,6
BNB,long,1,2024-09-27 20:00:00+00:00,2024-09-28 00:00:00+00:00,2024-09-29 00:00:00+00:00,614.5155075518591,601.0,614.5155075518591,599.3788691637155,-0.021993761566250547,-0.0232557332380372,0.0012619716717866547,6.455921962584254,6
LINK,long,1,2024-09-27 20:00:00+00:00,2024-09-28 00:00:00+00:00,2024-09-29 00:00:00+00:00,12.832249838864085,12.943,12.832249838864085,12.507826999587772,0.008630611352382855,0.007312851863487291,0.0013177594888955646,6.536688716426203,6
ADA,short,-1,2024-09-28 00:00:00+00:00,2024-09-28 04:00:00+00:00,2024-09-29 04:00:00+00:00,0.39693009239276517,0.4002,0.4109922959395493,0.39693009239276517,-0.008170683676248958,-0.01015013846989199,0.001979454793643032,9.988775255673833,6
AVAX,short,-1,2024-09-28 00:00:00+00:00,2024-09-28 04:00:00+00:00,2024-09-29 04:00:00+00:00,29.705647849916026,29.13,30.7025790047726,29.705647849916026,0.019761340539513395,0.018189930779534125,0.0015714097599792698,7.710732744665526,6
ETH,short,-1,2024-09-28 04:00:00+00:00,2024-09-28 08:00:00+00:00,2024-09-29 08:00:00+00:00,2655.3807270275156,2641.1,2701.638998536597,2655.3807270275156,0.005407113334412017,0.0043937869823014175,0.0010133263521105995,5.041924062981029,6
XRP,short,-1,2024-09-28 16:00:00+00:00,2024-09-28 20:00:00+00:00,2024-09-29 20:00:00+00:00,0.613963644501522,0.6526,0.6317635310718117,0.613963644501522,-0.0592037319927643,-0.06028366575692368,0.0010799337641593798,5.742762706652812,6
BTC,short,-1,2024-09-29 00:00:00+00:00,2024-09-29 04:00:00+00:00,2024-09-30 04:00:00+00:00,65452.335074832736,64567.8,66184.29998467203,65452.335074832736,0.013699321873019255,0.012683504426192371,0.0010158174468268832,5.012959217987713,6
DOT,short,-1,2024-09-29 00:00:00+00:00,2024-09-29 04:00:00+00:00,2024-09-30 04:00:00+00:00,4.772663750149004,4.691,4.855694264922075,4.772663750149004,0.017408601609252727,0.015569432556730156,0.0018391690525225712,9.046674492363598,6
SOL,short,-1,2024-09-29 00:00:00+00:00,2024-09-29 04:00:00+00:00,2024-09-30 04:00:00+00:00,155.69230703107144,156.21,160.09843309101655,155.69230703107144,-0.003314083406494972,-0.004509573659554955,0.0011954902530599831,6.000925858297193,6
AVAX,short,-1,2024-09-29 08:00:00+00:00,2024-09-29 12:00:00+00:00,2024-09-30 12:00:00+00:00,28.266612817191895,28.324,29.109579924608127,28.266612817191895,-0.0020260974017831668,-0.003563933627186433,0.0015378362254032663,7.710732744665526,6
ADA,short,-1,2024-09-29 16:00:00+00:00,2024-09-29 20:00:00+00:00,2024-09-30 20:00:00+00:00,0.39841924749343455,0.3792,0.4090507449760835,0.39841924749343455,0.05068366955019665,0.04858675550252323,0.002096914047673426,9.988775255673833,6
ETH,short,-1,2024-09-29 16:00:00+00:00,2024-09-29 20:00:00+00:00,2024-09-30 20:00:00+00:00,2648.5009994835473,2595.4,2685.6483503260947,2648.5009994835473,0.020459659198407643,0.019431161736814806,0.0010284974615928366,5.041924062981029,6
LINK,short,-1,2024-09-29 16:00:00+00:00,2024-09-29 20:00:00+00:00,2024-09-30 20:00:00+00:00,12.482081851246141,11.973,12.860747262602967,12.482081851246141,0.04251915570417952,0.0411571213832671,0.0013620343209124197,6.536688716426203,6
BNB,short,-1,2024-09-29 20:00:00+00:00,2024-09-30 00:00:00+00:00,2024-10-01 00:00:00+00:00,589.0675305391986,567.3,602.2049113372315,589.0675305391986,0.03837040461695529,0.03703054196173672,0.001339862655218571,6.455921962584254,6
XRP,short,-1,2024-09-30 04:00:00+00:00,2024-09-30 08:00:00+00:00,2024-10-01 08:00:00+00:00,0.6260447744685466,0.6283,0.664529147061672,0.6260447744685466,-0.003589408772009195,-0.00473318184703686,0.0011437730750276653,5.742762706652812,6
DOT,short,-1,2024-09-30 08:00:00+00:00,2024-09-30 12:00:00+00:00,2024-10-01 12:00:00+00:00,4.551132523988101,4.507,4.708199747438518,4.551132523988101,0.009791995559818245,0.007966595042483426,0.0018254005173348187,9.046674492363598,6
BTC,short,-1,2024-09-30 16:00:00+00:00,2024-09-30 20:00:00+00:00,2024-10-01 20:00:00+00:00,62936.06234599588,61765.1,64057.489175703,62936.06234599588,0.01895831701067241,0.017937229580036407,0.001021087430636003,5.012959217987713,6
SOL,short,-1,2024-09-30 16:00:00+00:00,2024-09-30 20:00:00+00:00,2024-10-01 20:00:00+00:00,152.9066098252874,145.41,157.30456732696572,152.9066098252874,0.05155498126186231,0.05029367746522406,0.0012613037966382468,6.000925858297193,6
AVAX,long,1,2024-09-30 20:00:00+00:00,2024-10-01 00:00:00+00:00,2024-10-02 00:00:00+00:00,28.216204421850215,25.814,28.216204421850215,27.21680536894987,-0.08513563291276638,-0.08654540080486706,0.0014097678921006773,7.710732744665526,6
ETH,long,1,2024-10-01 00:00:00+00:00,2024-10-01 04:00:00+00:00,2024-10-02 04:00:00+00:00,2659.348218885601,2489.64,2659.348218885601,2600.8569898749074,-0.06381571908500094,-0.06475927736074938,0.0009435582757484351,5.041924062981029,6
ADA,short,-1,2024-10-01 08:00:00+00:00,2024-10-01 12:00:00+00:00,2024-10-02 12:00:00+00:00,0.3765478948874773,0.3506,0.3920076091359102,0.3765478948874773,0.07400996830427053,0.07186650052691124,0.002143467777359298,9.988775255673833,6
BNB,short,-1,2024-10-01 08:00:00+00:00,2024-10-01 12:00:00+00:00,2024-10-02 12:00:00+00:00,567.141154076288,546.7,587.8444151050878,567.141154076288,0.037390075134969614,0.036051477449223324,0.00133859768574629,6.455921962584254,6
LINK,short,-1,2024-10-01 08:00:00+00:00,2024-10-01 12:00:00+00:00,2024-10-02 12:00:00+00:00,11.941872214746109,11.065,12.376003221463222,11.941872214746109,0.07924737593728959,0.07783735679400783,0.00141001914328176,6.536688716426203,6
XRP,short,-1,2024-10-01 16:00:00+00:00,2024-10-01 20:00:00+00:00,2024-10-02 20:00:00+00:00,0.5967321852327533,0.5749,0.6243808683700769,0.5967321852327533,0.037975622252136576,0.03678413695509253,0.0011914852970440482,5.742762706652812,6
AVAX,short,-1,2024-10-02 12:00:00+00:00,2024-10-02 16:00:00+00:00,2024-10-03 16:00:00+00:00,25.204504811693596,24.372,27.255607881702318,25.204504811693596,0.034158247648678586,0.03256465285437282,0.0015935947943057638,7.710732744665526,6
BTC,short,-1,2024-10-02 12:00:00+00:00,2024-10-02 16:00:00+00:00,2024-10-03 16:00:00+00:00,60898.31311334715,60642.1,62848.04774684568,60898.31311334715,0.004225003971616292,0.0032186806392799916,0.0010063233323363008,5.012959217987713,6
DOT,short,-1,2024-10-02 12:00:00+00:00,2024-10-02 16:00:00+00:00,2024-10-03 16:00:00+00:00,4.032836824497731,4.057,4.284985917364066,4.032836824497731,-0.005955921987249035,-0.0077528550014113184,0.001796933014162283,9.046674492363598,6
ETH,short,-1,2024-10-02 12:00:00+00:00,2024-10-02 16:00:00+00:00,2024-10-03 16:00:00+00:00,2405.4243959326473,2340.37,2516.4274962186296,2405.4243959326473,0.02779662870941224,0.026760736487576153,0.0010358922218360878,5.041924062981029,6
SOL,short,-1,2024-10-02 12:00:00+00:00,2024-10-02 16:00:00+00:00,2024-10-03 16:00:00+00:00,143.39551152313007,135.58,151.66026236805948,143.39551152313007,0.057645017872326676,0.05637640928760268,0.0012686085847239958,6.000925858297193,6
XRP,short,-1,2024-10-03 00:00:00+00:00,2024-10-03 04:00:00+00:00,2024-10-04 04:00:00+00:00,0.5210699806979668,0.5245,0.5550671708483024,0.5210699806979668,-0.006539598287956361,-0.007679984860106348,0.0011403865721499873,5.742762706652812,6
LINK,long,1,2024-10-04 00:00:00+00:00,2024-10-04 04:00:00+00:00,2024-10-05 04:00:00+00:00,10.970678622487615,11.046,10.970678622487615,10.518088075561097,0.006865699024123373,0.005550245364479345,0.001315453659644028,6.536688716426203,6
BNB,short,-1,2024-10-04 08:00:00+00:00,2024-10-04 12:00:00+00:00,2024-10-05 12:00:00+00:00,545.2326736123679,561.6,561.2837506095088,545.2326736123679,-0.029144099693077186,-0.03039684491639638,0.001252745223319196,6.455921962584254,6
ADA,long,1,2024-10-05 00:00:00+00:00,2024-10-05 04:00:00+00:00,2024-10-06 04:00:00+00:00,0.35462216502453703,0.3487,0.35462216502453703,0.3448461547561149,-0.016699929131974156,-0.018662361585658593,0.0019624324536844373,9.988775255673833,6
ETH,long,1,2024-10-05 00:00:00+00:00,2024-10-05 04:00:00+00:00,2024-10-06 04:00:00+00:00,2427.6134694396874,2413.76,2427.6134694396874,2371.7121042868903,-0.005706620767302217,-0.006708745846330411,0.0010021250790281933,5.041924062981029,6
DOT,short,-1,2024-10-05 08:00:00+00:00,2024-10-05 12:00:00+00:00,2024-10-06 12:00:00+00:00,4.165839130185717,4.143,4.232424836629245,4.165839130185717,0.005512703399883634,0.0036950385569816113,0.0018176648429020226,9.046674492363598,6
LINK,short,-1,2024-10-05 12:00:00+00:00,2024-10-05 16:00:00+00:00,2024-10-06 16:00:00+00:00,11.211935120247809,11.298,11.501916004411354,11.211935120247809,-0.007617709307150999,-0.00891424062937507,0.0012965313222240704,6.536688716426203,6
AVAX,long,1,2024-10-06 00:00:00+00:00,2024-10-06 04:00:00+00:00,2024-10-07 04:00:00+00:00,26.044941946097868,27.29,26.044941946097868,25.211829089846745,0.047804216898577945,0.046189594233915,0.0016146226646629458,7.710732744665526,6
ADA,long,1,2024-10-06 08:00:00+00:00,2024-10-06 12:00:00+00:00,2024-10-07 12:00:00+00:00,0.3534517021666879,0.3577,0.3534517021666879,0.34539474347311777,0.012019457841820236,0.009999708340454383,0.002019749501365853,9.988775255673833,6
BNB,long,1,2024-10-06 08:00:00+00:00,2024-10-06 12:00:00+00:00,2024-10-07 12:00:00+00:00,567.3538812484179,571.9,567.3538812484179,557.8859517159294,0.008012845072247865,0.006712154335023701,0.0013006907372241638,6.455921962584254,6
BTC,long,1,2024-10-06 08:00:00+00:00,2024-10-06 12:00:00+00:00,2024-10-07 12:00:00+00:00,62499.98732667312,63149.2,62499.98732667312,61707.739340837616,0.010387404879517614,0.009374906269935535,0.0010124986095820798,5.012959217987713,6
ETH,long,1,2024-10-06 08:00:00+00:00,2024-10-06 12:00:00+00:00,2024-10-07 12:00:00+00:00,2449.260809102212,2476.21,2449.260809102212,2404.0894064925506,0.011002989472430391,0.009984023167430411,0.0010189663049999798,5.041924062981029,6
SOL,long,1,2024-10-06 08:00:00+00:00,2024-10-06 12:00:00+00:00,2024-10-07 12:00:00+00:00,145.7914819587187,147.4,145.7914819587187,142.27004294992415,0.011033004258347301,0.009820305170309407,0.001212699088037894,6.000925858297193,6
DOT,long,1,2024-10-06 16:00:00+00:00,2024-10-06 20:00:00+00:00,2024-10-07 20:00:00+00:00,4.193989384242563,4.205,4.193989384242563,4.120336847996312,0.0026253322907314747,0.0008128869472308065,0.0018124453435006682,9.046674492363598,6
LINK,long,1,2024-10-06 20:00:00+00:00,2024-10-07 00:00:00+00:00,2024-10-08 00:00:00+00:00,11.434062810322434,11.158,11.434062810322434,11.128013035325624,-0.024143894860644832,-0.025418834990232897,0.0012749401295880647,6.536688716426203,6
XRP,long,1,2024-10-06 20:00:00+00:00,2024-10-07 00:00:00+00:00,2024-10-08 00:00:00+00:00,0.5396764892285234,0.5285,0.5396764892285234,0.5277896956511434,-0.02070960927814447,-0.02183373018914403,0.0011241209109995598,5.742762706652812,6
AVAX,long,1,2024-10-07 08:00:00+00:00,2024-10-07 12:00:00+00:00,2024-10-08 12:00:00+00:00,27.45926919502178,26.708,27.45926919502178,26.5720161311606,-0.027359402381982645,-0.028858201039363096,0.0014987986573804513,7.710732744665526,6
ADA,short,-1,2024-10-07 16:00:00+00:00,2024-10-07 20:00:00+00:00,2024-10-08 20:00:00+00:00,0.3519041884625938,0.3442,0.362169602347735,0.3519041884625938,0.02238288338929051,0.020342450961899905,0.002040432427390604,9.988775255673833,6
BNB,short,-1,2024-10-07 16:00:00+00:00,2024-10-07 20:00:00+00:00,2024-10-08 20:00:00+00:00,567.8795292128383,585.4,576.9564549265546,567.8795292128383,-0.0299290583996612,-0.031180790750452103,0.0012517323507909017,6.455921962584254,6
BTC,short,-1,2024-10-07 16:00:00+00:00,2024-10-07 20:00:00+00:00,2024-10-08 20:00:00+00:00,62855.399670300736,62250.0,63906.55871269525,62855.399670300736,0.009725295908445508,0.008713460791311523,0.0010118351171339857,5.012959217987713,6
ETH,short,-1,2024-10-07 16:00:00+00:00,2024-10-07 20:00:00+00:00,2024-10-08 20:00:00+00:00,2414.463838259101,2440.58,2477.1579417865632,2414.463838259101,-0.01070080134267215,-0.011697892903718365,0.000997091561046215,5.041924062981029,6
SOL,short,-1,2024-10-07 16:00:00+00:00,2024-10-07 20:00:00+00:00,2024-10-08 20:00:00+00:00,144.8425474437843,143.72,149.3317073037174,144.8425474437843,0.007810655745785544,0.006601821753235537,0.001208833992550007,6.000925858297193,6
DOT,short,-1,2024-10-08 00:00:00+00:00,2024-10-08 04:00:00+00:00,2024-10-09 04:00:00+00:00,4.1128330202012,4.115,4.232018152574674,4.1128330202012,-0.0005266050543863976,-0.002333352642224673,0.0018067475878382755,9.046674492363598,6
LINK,short,-1,2024-10-08 08:00:00+00:00,2024-10-08 12:00:00+00:00,2024-10-09 12:00:00+00:00,10.941253627794357,10.677,11.407612714774546,10.941253627794357,0.02474980123577386,0.02341098228746552,0.0013388189483083401,6.536688716426203,6
XRP,short,-1,2024-10-08 08:00:00+00:00,2024-10-08 12:00:00+00:00,2024-10-09 12:00:00+00:00,0.5231264988331427,0.5326,0.5393981008979676,0.5231264988331427,-0.017787272187114733,-0.01891474762937928,0.0011274754422645472,5.742762706652812,6
ADA,short,-1,2024-10-09 08:00:00+00:00,2024-10-09 12:00:00+00:00,2024-10-10 12:00:00+00:00,0.33825545420101993,0.339,0.3472029454112077,0.33825545420101993,-0.002196300291976705,-0.004187678530142458,0.001991378238165753,9.988775255673833,6
AVAX,short,-1,2024-10-09 08:00:00+00:00,2024-10-09 12:00:00+00:00,2024-10-10 12:00:00+00:00,25.981920839769096,26.151,26.940765977879128,25.981920839769096,-0.006465495018580736,-0.007996490317125682,0.001530995298544946,7.710732744665526,6
DOT,short,-1,2024-10-09 08:00:00+00:00,2024-10-09 12:00:00+00:00,2024-10-10 12:00:00+00:00,4.047830809900437,4.069,4.150816026921162,4.047830809900437,-0.005202553477405503,-0.007000848355469991,0.001798294878064488,9.046674492363598,6
ETH,long,1,2024-10-09 08:00:00+00:00,2024-10-09 12:00:00+00:00,2024-10-10 12:00:00+00:00,2466.4254482962597,2406.41,2466.4254482962597,2418.529363504803,-0.024332966697905634,-0.02531631871781692,0.0009833520199112877,5.041924062981029,6
SOL,short,-1,2024-10-09 08:00:00+00:00,2024-10-09 12:00:00+00:00,2024-10-10 12:00:00+00:00,141.1335536976287,140.42,145.3372912577956,141.1335536976287,0.005081567423648625,0.0038760068780634427,0.0012055605455851826,6.000925858297193,6
BNB,short,-1,2024-10-09 12:00:00+00:00,2024-10-09 16:00:00+00:00,2024-10-10 16:00:00+00:00,571.0384015354106,565.2,590.9319042163834,571.0384015354106,0.010329797479494918,0.009026117059600214,0.0013036804198947038,6.455921962584254,6
BTC,short,-1,2024-10-09 12:00:00+00:00,2024-10-09 16:00:00+00:00,2024-10-10 16:00:00+00:00,61702.353988261515,60797.5,62927.06365187734,61702.353988261515,0.014883078880900014,0.013866075203604833,0.0010170036772951807,5.012959217987713,6
LINK,short,-1,2024-10-09 16:00:00+00:00,2024-10-09 20:00:00+00:00,2024-10-10 20:00:00+00:00,10.44075120235568,10.465,10.769801312249427,10.44075120235568,-0.0023171330763803732,-0.0036205895152389145,0.0013034564388585412,6.536688716426203,6
XRP,short,-1,2024-10-09 16:00:00+00:00,2024-10-09 20:00:00+00:00,2024-10-10 20:00:00+00:00,0.5227314923196993,0.5265,0.537572375356598,0.5227314923196993,-0.007157659411777151,-0.008297336515683429,0.001139677103906278,5.742762706652812,6
ADA,long,1,2024-10-10 16:00:00+00:00,2024-10-10 20:00:00+00:00,2024-10-11 20:00:00+00:00,0.3387538215225568,0.3533,0.3387538215225568,0.33426117376644904,0.04294026385315508,0.0408588037966815,0.002081460056473583,9.988775255673833,6
AVAX,long,1,2024-10-10 16:00:00+00:00,2024-10-10 20:00:00+00:00,2024-10-11 20:00:00+00:00,25.795965912405283,27.315,25.795965912405283,25.237094327486563,0.05888649770870624,0.0572547977108131,0.0016316999978931435,7.710732744665526,6
DOT,long,1,2024-10-10 16:00:00+00:00,2024-10-10 20:00:00+00:00,2024-10-11 20:00:00+00:00,4.067438735170393,4.178,4.067438735170393,3.992905869624522,0.02718203568098132,0.025325199196265746,0.0018568364847155738,9.046674492363598,6
SOL,long,1,2024-10-10 20:00:00+00:00,2024-10-11 00:00:00+00:00,2024-10-12 00:00:00+00:00,140.46395321019972,145.54,140.46395321019972,137.59089046197096,0.036137718423773446,0.034894907100184946,0.0012428113235884997,6.000925858297193,6
BNB,long,1,2024-10-11 04:00:00+00:00,2024-10-11 08:00:00+00:00,2024-10-12 08:00:00+00:00,565.9899078884683,575.2,565.9899078884683,555.0633423342014,0.01627253769575443,0.0149611890529886,0.0013113486427658305,6.455921962584254,6
BTC,long,1,2024-10-11 08:00:00+00:00,2024-10-11 12:00:00+00:00,2024-10-12 12:00:00+00:00,62085.02203036873,62939.8,62085.02203036873,60289.944376263105,0.013767861259889047,0.012751975130462334,0.001015886129426713,5.012959217987713,6
LINK,long,1,2024-10-11 08:00:00+00:00,2024-10-11 12:00:00+00:00,2024-10-12 12:00:00+00:00,10.808792455479772,11.059,10.808792455479772,10.564602518767803,0.023148519647389287,0.02181179274743239,0.001336726899956897,6.536688716426203,6
DOT,long,1,2024-10-12 00:00:00+00:00,2024-10-12 04:00:00+00:00,2024-10-13 04:00:00+00:00,4.202511636739867,4.162,4.202511636739867,4.127823192289183,-0.009639863072763433,-0.01143013662835124,0.0017902735555878069,9.046674492363598,6
ADA,long,1,2024-10-12 04:00:00+00:00,2024-10-12 08:00:00+00:00,2024-10-13 08:00:00+00:00,0.356503648806638,0.3587,0.356503648806638,0.3503233709334045,0.0061608098562639935,0.004152752819164274,0.0020080570370997197,9.988775255673833,6
AVAX,long,1,2024-10-12 08:00:00+00:00,2024-10-12 12:00:00+00:00,2024-10-13 12:00:00+00:00,29.103911690064088,28.999,29.103911690064088,28.016441009143417,-0.0036047281609882242,-0.005140131782130242,0.0015354036211420174,7.710732744665526,6
ETH,long,1,2024-10-12 08:00:00+00:00,2024-10-12 12:00:00+00:00,2024-10-13 12:00:00+00:00,2481.1571247981265,2458.51,2481.1571247981265,2424.33201681631,-0.009127646359747943,-0.010126323466966403,0.0009986771072184597,5.041924062981029,6
LINK,long,1,2024-10-13 00:00:00+00:00,2024-10-13 04:00:00+00:00,2024-10-14 04:00:00+00:00,11.060018318782904,11.018,11.060018318782904,10.82919870002351,-0.003799118371399457,-0.00510063862057375,0.0013015202491742928,6.536688716426203,6
SOL,long,1,2024-10-13 00:00:00+00:00,2024-10-13 04:00:00+00:00,2024-10-14 04:00:00+00:00,146.6761496625831,152.49,146.6761496625831,143.99620489484317,0.039637325841939575,0.03839031686040473,0.0012470089815348473,6.000925858297193,6
XRP,short,-1,2024-10-13 04:00:00+00:00,2024-10-13 08:00:00+00:00,2024-10-14 08:00:00+00:00,0.5327327572652291,0.5388,0.5404953160344989,0.5327327572652291,-0.011260658379307453,-0.012395625678051747,0.0011349672987442938,5.742762706652812,6
BNB,short,-1,2024-10-13 08:00:00+00:00,2024-10-13 12:00:00+00:00,2024-10-14 12:00:00+00:00,568.8748310209885,580.9,575.5446051504434,568.8748310209885,-0.020700927834414684,-0.021964567715954786,0.0012636398815401018,6.455921962584254,6
DOT,short,-1,2024-10-13 08:00:00+00:00,2024-10-13 12:00:00+00:00,2024-10-14 12:00:00+00:00,4.117092985936803,4.28,4.203354177112978,4.117092985936803,-0.038062386463363906,-0.03980128063673283,0.0017388941733689212,9.046674492363598,6
BTC,long,1,2024-10-13 12:00:00+00:00,2024-10-13 16:00:00+00:00,2024-10-14 16:00:00+00:00,62808.795339074,65892.8,62808.795339074,61659.11444062886,0.04910147765574813,0.048050184080326463,0.0010512935754216635,5.012959217987713,6
AVAX,long,1,2024-10-13 16:00:00+00:00,2024-10-13 20:00:00+00:00,2024-10-14 20:00:00+00:00,29.21322939495453,29.11,29.21322939495453,28.050574789979514,-0.003533652290162781,-0.005069165436262013,0.0015355131460992322,7.710732744665526,6
ETH,long,1,2024-10-13 16:00:00+00:00,2024-10-13 20:00:00+00:00,2024-10-14 20:00:00+00:00,2478.981328919796,2620.87,2478.981328919796,2438.168052977518,0.05723668404635829,0.05617111988020751,0.0010655641661507786,5.041924062981029,6
ADA,long,1,2024-10-14 08:00:00+00:00,2024-10-14 12:00:00+00:00,2024-10-15 12:00:00+00:00,0.3617491935552246,0.3552,0.3617491935552246,0.34975196145305326,-0.01810423816252349,-0.02006386795026882,0.0019596297877453317,9.988775255673833,6
LINK,long,1,2024-10-14 08:00:00+00:00,2024-10-14 12:00:00+00:00,2024-10-15 12:00:00+00:00,11.18008633254414,11.373,11.18008633254414,10.846440751267897,0.017255114291408136,0.015926087029695557,0.0013290272617125787,6.536688716426203,6
SOL,long,1,2024-10-14 08:00:00+00:00,2024-10-14 12:00:00+00:00,2024-10-15 12:00:00+00:00,155.54750152442585,152.43,155.54750152442585,150.73038248909629,-0.020042118927485975,-0.021217544481040074,0.0011754255535540992,6.000925858297193,6
XRP,long,1,2024-10-14 20:00:00+00:00,2024-10-15 00:00:00+00:00,2024-10-16 00:00:00+00:00,0.5552730078332666,0.5416,0.5552730078332666,0.5416120642592172,-0.024623937487291414,-0.025743565167035132,0.0011196276797437177,5.742762706652812,6
AVAX,long,1,2024-10-15 04:00:00+00:00,2024-10-15 08:00:00+00:00,2024-10-16 08:00:00+00:00,29.31074174096944,27.337,29.31074174096944,28.254941185688622,-0.0673385122223168,-0.06877570473627814,0.0014371925139613495,7.710732744665526,6
BNB,long,1,2024-10-15 04:00:00+00:00,2024-10-15 08:00:00+00:00,2024-10-16 08:00:00+00:00,590.7614815272473,591.1,590.7614815272473,578.502781048763,0.0005730205562448631,-0.0007180701933582334,0.0012910907496030966,6.455921962584254,6
DOT,long,1,2024-10-15 04:00:00+00:00,2024-10-15 08:00:00+00:00,2024-10-16 08:00:00+00:00,4.485220350656431,4.312,4.485220350656431,4.36164278910776,-0.038620254327321746,-0.040358140043214474,0.0017378857158927286,9.046674492363598,6
BTC,long,1,2024-10-15 08:00:00+00:00,2024-10-15 12:00:00+00:00,2024-10-16 12:00:00+00:00,66272.73247852601,67908.7,66272.73247852601,64546.26049749895,0.02468537904339585,0.023658552584029824,0.001026826459366026,5.012959217987713,6
ETH,long,1,2024-10-15 08:00:00+00:00,2024-10-15 12:00:00+00:00,2024-10-16 12:00:00+00:00,2639.859892538377,2630.11,2639.859892538377,2534.57141468455,-0.0036933371221462563,-0.004697491342747884,0.0010041542206016274,5.041924062981029,6
ADA,short,-1,2024-10-15 16:00:00+00:00,2024-10-15 20:00:00+00:00,2024-10-16 20:00:00+00:00,0.3520191597791594,0.3533,0.3630661753757374,0.3520191597791594,-0.0036253615081818236,-0.005613887680948393,0.0019885261727665693,9.988775255673833,6
LINK,long,1,2024-10-16 04:00:00+00:00,2024-10-16 08:00:00+00:00,2024-10-17 08:00:00+00:00,11.410396566242662,11.157,11.410396566242662,10.952296028844463,-0.022207516169273966,-0.02348498614612815,0.0012774699768541842,6.536688716426203,6
SOL,long,1,2024-10-16 04:00:00+00:00,2024-10-16 08:00:00+00:00,2024-10-17 08:00:00+00:00,156.34364331761017,152.6,156.34364331761017,151.04207883928797,-0.023944966601584294,-0.025115710824464732,0.0011707442228804377,6.000925858297193,6
XRP,long,1,2024-10-16 08:00:00+00:00,2024-10-16 12:00:00+00:00,2024-10-17 12:00:00+00:00,0.5519087557885468,0.5526,0.5519087557885468,0.5364017274504409,0.0012524610349142762,0.00010313000981398979,0.0011493310251002864,5.742762706652812,6
BNB,long,1,2024-10-16 12:00:00+00:00,2024-10-16 16:00:00+00:00,2024-10-17 16:00:00+00:00,600.8275388476753,594.0,600.8275388476753,589.8233138242431,-0.011363558436036092,-0.01263924680480133,0.0012756883687652376,6.455921962584254,6
AVAX,long,1,2024-10-16 16:00:00+00:00,2024-10-16 20:00:00+00:00,2024-10-17 20:00:00+00:00,28.07202062179731,27.152,28.07202062179731,27.169354827553143,-0.03277358029164934,-0.03426403592633276,0.0014904556346834186,7.710732744665526,6
ETH,long,1,2024-10-16 20:00:00+00:00,2024-10-17 00:00:00+00:00,2024-10-18 00:00:00+00:00,2637.090743659781,2605.75,2637.090743659781,2585.801098727659,-0.011884590522769023,-0.012880488970343218,0.000995898447574195,5.041924062981029,6
ADA,short,-1,2024-10-17 00:00:00+00:00,2024-10-17 04:00:00+00:00,2024-10-18 04:00:00+00:00,0.34800567887621764,0.3463,0.3580659959411819,0.34800567887621764,0.004925437124509546,0.002919845596782711,0.0020055915277268355,9.988775255673833,6
DOT,short,-1,2024-10-17 00:00:00+00:00,2024-10-17 04:00:00+00:00,2024-10-18 04:00:00+00:00,4.277250652462741,4.211,4.387450146087382,4.277250652462741,0.015732760024398162,0.013896620389923564,0.0018361396344745984,9.046674492363598,6
BTC,long,1,2024-10-17 08:00:00+00:00,2024-10-17 12:00:00+00:00,2024-10-18 12:00:00+00:00,67583.84664081332,67717.2,67583.84664081332,66211.59072851122,0.0019731543233312276,0.0009690875458836512,0.0010040667774475764,5.012959217987713,6
SOL,short,-1,2024-10-17 12:00:00+00:00,2024-10-17 16:00:00+00:00,2024-10-18 16:00:00+00:00,150.93226894387539,154.74,154.91364612490165,150.93226894387539,-0.024607283547399605,-0.025777233344032147,0.0011699497966325412,6.000925858297193,6
LINK,long,1,2024-10-18 00:00:00+00:00,2024-10-18 04:00:00+00:00,2024-10-19 04:00:00+00:00,11.423481324113355,11.489,11.423481324113355,10.908458241793637,0.005735438613476251,0.004421461620675693,0.0013139769928005585,6.536688716426203,6
XRP,long,1,2024-10-18 00:00:00+00:00,2024-10-18 04:00:00+00:00,2024-10-19 04:00:00+00:00,0.5502092283552282,0.5477,0.5502092283552282,0.5366750406617278,-0.004560498490236653,-0.0057031568578505,0.0011426583676138469,5.742762706652812,6
BNB,long,1,2024-10-18 08:00:00+00:00,2024-10-18 12:00:00+00:00,2024-10-19 12:00:00+00:00,601.9308068370369,596.9,601.9308068370369,587.9513159654815,-0.008357782622013143,-0.00963734949766304,0.0012795668756498957,6.455921962584254,6
ETH,long,1,2024-10-18 08:00:00+00:00,2024-10-18 12:00:00+00:00,2024-10-19 12:00:00+00:00,2659.193572022199,2631.57,2659.193572022199,2585.326646518611,-0.010387950810663349,-0.01138535768645521,0.000997406875791862,5.041924062981029,6
ADA,long,1,2024-10-18 20:00:00+00:00,2024-10-19 00:00:00+00:00,2024-10-20 00:00:00+00:00,0.35612783575171214,0.3515,0.35612783575171214,0.3453548912861376,-0.012994872310230332,-0.014964699173785179,0.0019698268635548466,9.988775255673833,6
DOT,long,1,2024-10-18 20:00:00+00:00,2024-10-19 00:00:00+00:00,2024-10-20 00:00:00+00:00,4.386872205614361,4.431,4.386872205614361,4.234474844338097,0.01005905627457393,0.008233172991710003,0.001825883282863927,9.046674492363598,6
AVAX,long,1,2024-10-19 08:00:00+00:00,2024-10-19 12:00:00+00:00,2024-10-20 12:00:00+00:00,28.216227573770517,28.144,28.216227573770517,27.263945684756216,-0.0025597884615043975,-0.004096802291209012,0.0015370138297046143,7.710732744665526,6
SOL,long,1,2024-10-19 08:00:00+00:00,2024-10-19 12:00:00+00:00,2024-10-20 12:00:00+00:00,156.2092873896067,159.21,156.2092873896067,151.5460443843947,0.019209565964596775,0.01798705937385403,0.0012225065907427446,6.000925858297193,6
BNB,short,-1,2024-10-19 20:00:00+00:00,2024-10-20 00:00:00+00:00,2024-10-21 00:00:00+00:00,594.2763327520449,606.1,601.3445602739599,594.2763327520449,-0.019507782953233965,-0.02077296241088422,0.0012651794576502562,6.455921962584254,6
XRP,short,-1,2024-10-20 00:00:00+00:00,2024-10-20 04:00:00+00:00,2024-10-21 04:00:00+00:00,0.5388461880749623,0.5479,0.5471858324791226,0.5388461880749623,-0.01652457004022223,-0.017653494929863345,0.0011289248896411141,5.742762706652812,6
LINK,long,1,2024-10-20 04:00:00+00:00,2024-10-20 08:00:00+00:00,2024-10-21 08:00:00+00:00,11.477423219985434,11.912,11.477423219985434,11.271508728085763,0.037863619009695926,0.036507667071755234,0.0013559519379406915,6.536688716426203,6
ADA,long,1,2024-10-20 08:00:00+00:00,2024-10-20 12:00:00+00:00,2024-10-21 12:00:00+00:00,0.356753889546284,0.3621,0.356753889546284,0.3492856101960835,0.014985430041183578,0.01295976116660369,0.002025668874579889,9.988775255673833,6
DOT,long,1,2024-10-20 08:00:00+00:00,2024-10-20 12:00:00+00:00,2024-10-21 12:00:00+00:00,4.484532541402869,4.473,4.484532541402869,4.354425086609208,-0.0025716262054955585,-0.004374677009557071,0.0018030508040615123,9.046674492363598,6
ETH,long,1,2024-10-20 08:00:00+00:00,2024-10-20 12:00:00+00:00,2024-10-21 12:00:00+00:00,2667.4762858446193,2705.16,2667.4762858446193,2632.2209803176474,0.014127103717980649,0.01310498869118426,0.0010221150267963885,5.041924062981029,6
AVAX,long,1,2024-10-20 16:00:00+00:00,2024-10-20 20:00:00+00:00,2024-10-21 20:00:00+00:00,28.68034105744171,27.999,28.68034105744171,27.93654491051125,-0.02375637918939333,-0.025260729955473127,0.0015043507660797983,7.710732744665526,6
BTC,long,1,2024-10-20 16:00:00+00:00,2024-10-20 20:00:00+00:00,2024-10-21 20:00:00+00:00,68762.5133840654,67752.7,68762.5133840654,68273.95750673533,-0.014685521723518224,-0.015672895016611732,0.0009873732930935075,5.012959217987713,6
SOL,long,1,2024-10-20 16:00:00+00:00,2024-10-20 20:00:00+00:00,2024-10-21 20:00:00+00:00,162.39610001369962,167.79,162.39610001369962,158.38892927742802,0.03321446750165391,0.03197516251634758,0.0012393049853063332,6.000925858297193,6
BNB,short,-1,2024-10-21 08:00:00+00:00,2024-10-21 12:00:00+00:00,2024-10-22 12:00:00+00:00,604.5603405262455,595.8,613.6737478959619,604.5603405262455,0.014703491987656081,0.013394167965140591,0.00130932402251549,6.455921962584254,6
XRP,short,-1,2024-10-21 08:00:00+00:00,2024-10-21 12:00:00+00:00,2024-10-22 12:00:00+00:00,0.5493487667101689,0.534,0.5582873005006835,0.5493487667101689,0.028743008820540927,0.02756212157890503,0.0011808872416358973,5.742762706652812,6
ADA,long,1,2024-10-21 16:00:00+00:00,2024-10-21 20:00:00+00:00,2024-10-22 20:00:00+00:00,0.3643913249628697,0.3636,0.3643913249628697,0.354674332637225,-0.002171635021635976,-0.004163062485799229,0.0019914274641632534,9.988775255673833,6
ETH,short,-1,2024-10-21 20:00:00+00:00,2024-10-22 00:00:00+00:00,2024-10-23 00:00:00+00:00,2629.7344779728282,2623.16,2704.611057760748,2629.7344779728282,0.0025063198481329874,0.0014959171380399816,0.0010104027100930058,5.041924062981029,6
LINK,long,1,2024-10-21 20:00:00+00:00,2024-10-22 00:00:00+00:00,2024-10-23 00:00:00+00:00,11.92190716542746,11.974,11.92190716542746,11.49400293917544,0.004369505134514506,0.003057312711588045,0.0013121924229264614,6.536688716426203,6
AVAX,short,-1,2024-10-22 04:00:00+00:00,2024-10-22 08:00:00+00:00,2024-10-23 08:00:00+00:00,27.500822072543624,27.076,28.483808299754866,27.500822072543624,0.015689986428705227,0.014124850455867977,0.0015651359728372505,7.710732744665526,6
BTC,short,-1,2024-10-22 04:00:00+00:00,2024-10-22 08:00:00+00:00,2024-10-23 08:00:00+00:00,66813.50030767213,66868.0,67987.61302853625,66813.50030767213,-0.0008150339822914354,-0.001816306745513474,0.0010012727632220386,5.012959217987713,6
DOT,short,-1,2024-10-22 04:00:00+00:00,2024-10-22 08:00:00+00:00,2024-10-23 08:00:00+00:00,4.310540585807094,4.247,4.474998811869036,4.310540585807094,0.014961286980714306,0.013126541937699576,0.0018347450430147294,9.046674492363598,6
SOL,short,-1,2024-10-22 20:00:00+00:00,2024-10-23 00:00:00+00:00,2024-10-24 00:00:00+00:00,165.49097956704998,170.87,169.79666791213316,165.49097956704998,-0.03148019215163589,-0.03264189813232832,0.001161705980692429,6.000925858297193,6
ADA,long,1,2024-10-23 00:00:00+00:00,2024-10-23 04:00:00+00:00,2024-10-24 04:00:00+00:00,0.36684972206435085,0.3513,0.36684972206435085,0.3591906769303365,-0.04238717144679527,-0.04429833829046115,0.001911166843665879,9.988775255673833,6
BNB,short,-1,2024-10-23 00:00:00+00:00,2024-10-23 04:00:00+00:00,2024-10-24 04:00:00+00:00,583.6536023535416,590.3,597.0220839807783,583.6536023535416,-0.011259355660610426,-0.0125351784875678,0.0012758228269573735,6.455921962584254,6
ETH,short,-1,2024-10-23 04:00:00+00:00,2024-10-23 08:00:00+00:00,2024-10-24 08:00:00+00:00,2589.345518182172,2544.53,2616.666170398398,2589.345518182172,0.01761249353797023,0.016586865668162254,0.0010256278698079768,5.041924062981029,6
LINK,short,-1,2024-10-23 04:00:00+00:00,2024-10-23 08:00:00+00:00,2024-10-24 08:00:00+00:00,11.402378374621444,11.29,11.817329645883946,11.402378374621444,0.009953797574973056,0.008634309364798476,0.0013194882101745797,6.536688716426203,6
AVAX,short,-1,2024-10-23 12:00:00+00:00,2024-10-23 16:00:00+00:00,2024-10-24 16:00:00+00:00,26.194896518356323,26.796,26.8248459583566,26.194896518356323,-0.02243258253633662,-0.023938973217932258,0.0015063906815956374,7.710732744665526,6
DOT,short,-1,2024-10-23 12:00:00+00:00,2024-10-23 16:00:00+00:00,2024-10-24 16:00:00+00:00,4.156455428987649,4.195,4.223815291645263,4.156455428987649,-0.009188217166233859,-0.010979307161915197,0.0017910899956813386,9.046674492363598,6
XRP,short,-1,2024-10-23 12:00:00+00:00,2024-10-23 16:00:00+00:00,2024-10-24 16:00:00+00:00,0.517986771076234,0.5293,0.5302853766502353,0.517986771076234,-0.021373944688769964,-0.022497303013580883,0.0011233583248109191,5.742762706652812,6
BTC,long,1,2024-10-23 16:00:00+00:00,2024-10-23 20:00:00+00:00,2024-10-24 20:00:00+00:00,66816.09860691712,68305.2,66816.09860691712,66165.89097859005,0.022286566024205312,0.021262143390178956,0.0010244226340263562,5.012959217987713,6
SOL,long,1,2024-10-24 08:00:00+00:00,2024-10-24 12:00:00+00:00,2024-10-25 12:00:00+00:00,176.98198499322342,173.65,176.98198499322342,170.753795089128,-0.018826690147875746,-0.02000357356617477,0.001176883418299024,6.000925858297193,6
AVAX,short,-1,2024-10-24 20:00:00+00:00,2024-10-25 00:00:00+00:00,2024-10-26 00:00:00+00:00,26.475725436452432,24.921,27.203204336315448,26.475725436452432,0.06238615771648148,0.06074906488825227,0.001637092828229214,7.710732744665526,6
DOT,short,-1,2024-10-24 20:00:00+00:00,2024-10-25 00:00:00+00:00,2024-10-26 00:00:00+00:00,4.172718948134547,3.995,4.241562688498931,4.172718948134547,0.04448534371327817,0.04259722804673838,0.0018881156665397913,9.046674492363598,6
ETH,short,-1,2024-10-24 20:00:00+00:00,2024-10-25 00:00:00+00:00,2024-10-26 00:00:00+00:00,2509.366670321811,2440.44,2562.8149439297595,2509.366670321811,0.028243542280003142,0.0272071996244152,0.0010363426555879407,5.041924062981029,6
LINK,long,1,2024-10-24 20:00:00+00:00,2024-10-25 00:00:00+00:00,2024-10-26 00:00:00+00:00,11.801687106886911,11.13,11.801687106886911,11.431266036639276,-0.056914498817287384,-0.05814662468580234,0.001232125868514955,6.536688716426203,6
XRP,short,-1,2024-10-24 20:00:00+00:00,2024-10-25 00:00:00+00:00,2024-10-26 00:00:00+00:00,0.5281257353394249,0.502,0.5363056958736625,0.5281257353394249,0.05204329748889425,0.050835664001229075,0.0012076334876651718,5.742762706652812,6
ADA,short,-1,2024-10-25 00:00:00+00:00,2024-10-25 04:00:00+00:00,2024-10-26 04:00:00+00:00,0.33846603071643533,0.3315,0.3502345264872803,0.33846603071643533,0.021013667319563556,0.018975967520931114,0.002037699798632442,9.988775255673833,6
BNB,short,-1,2024-10-25 00:00:00+00:00,2024-10-25 04:00:00+00:00,2024-10-26 04:00:00+00:00,590.6021076866608,578.4,599.6321472457195,590.6021076866608,0.0210963134278368,0.019778740419534424,0.0013175730083023751,6.455921962584254,6
BTC,short,-1,2024-10-25 00:00:00+00:00,2024-10-25 04:00:00+00:00,2024-10-26 04:00:00+00:00,67499.75185462213,66903.0,68516.04500651672,67499.75185462213,0.008919657633022826,0.007908629837545256,0.0010110277954775704,5.012959217987713,6
SOL,short,-1,2024-10-25 16:00:00+00:00,2024-10-25 20:00:00+00:00,2024-10-26 20:00:00+00:00,164.68470363119658,171.52,171.3820371757554,164.68470363119658,-0.039851308120355755,-0.041002973237240115,0.0011516651168843595,6.000925858297193,6
ADA,short,-1,2024-10-26 08:00:00+00:00,2024-10-26 12:00:00+00:00,2024-10-27 12:00:00+00:00,0.32385653089789734,0.3337,0.33748388428967024,0.32385653089789734,-0.029497959550802033,-0.03143485018771941,0.0019368906369173766,9.988775255673833,6
AVAX,short,-1,2024-10-26 08:00:00+00:00,2024-10-26 12:00:00+00:00,2024-10-27 12:00:00+00:00,25.041678605549674,25.366,26.213723582193182,25.041678605549674,-0.012785673517713758,-0.014306929684381964,0.0015212561666682056,7.710732744665526,6
DOT,short,-1,2024-10-26 08:00:00+00:00,2024-10-26 12:00:00+00:00,2024-10-27 12:00:00+00:00,3.9821053640274346,4.014,4.104825841039045,3.9821053640274346,-0.007945848523309818,-0.009739184348204866,0.0017933358248950482,9.046674492363598,6
BTC,long,1,2024-10-27 08:00:00+00:00,2024-10-27 12:00:00+00:00,2024-10-28 12:00:00+00:00,67595.62581771445,68764.1,67595.62581771445,66658.04806942388,0.017286239577640528,0.016266827718243615,0.0010194118593969126,5.012959217987713,6
ETH,long,1,2024-10-27 08:00:00+00:00,2024-10-27 12:00:00+00:00,2024-10-28 12:00:00+00:00,2502.509131470079,2527.2,2502.509131470079,2437.63682732957,0.0098664449289807,0.008848624120686432,0.0010178208082942675,5.041924062981029,6
ADA,short,-1,2024-10-27 20:00:00+00:00,2024-10-28 00:00:00+00:00,2024-10-29 00:00:00+00:00,0.3346910239979042,0.3438,0.3449869632617427,0.3346910239979042,-0.02649498546275686,-0.028437869319834164,0.0019428838570773044,9.988775255673833,6
AVAX,short,-1,2024-10-27 20:00:00+00:00,2024-10-28 00:00:00+00:00,2024-10-29 00:00:00+00:00,25.351362763990053,26.262,26.175224037366878,25.351362763990053,-0.03467509085408371,-0.036162616340175036,0.0014875254860913234,7.710732744665526,6
SOL,short,-1,2024-10-27 20:00:00+00:00,2024-10-28 00:00:00+00:00,2024-10-29 00:00:00+00:00,175.03194235955323,178.29,178.1821053892783,175.03194235955323,-0.018273922488343475,-0.019451468932313976,0.0011775464439705008,6.000925858297193,6
BNB,long,1,2024-10-28 00:00:00+00:00,2024-10-28 04:00:00+00:00,2024-10-29 04:00:00+00:00,591.639499984102,605.6,591.639499984102,582.595330449137,0.023596294730614087,0.022275495868058215,0.001320798862555872,6.455921962584254,6
DOT,long,1,2024-10-28 00:00:00+00:00,2024-10-28 04:00:00+00:00,2024-10-29 04:00:00+00:00,4.14182093390843,4.191,4.14182093390843,4.050685982739524,0.011873778919061717,0.010044615162923654,0.0018291637561380636,9.046674492363598,6
LINK,long,1,2024-10-28 00:00:00+00:00,2024-10-28 04:00:00+00:00,2024-10-29 04:00:00+00:00,10.997956448774305,11.422,10.997956448774305,10.572244902184384,0.03855657668774959,0.03719971941187317,0.001356857275876422,6.536688716426203,6
XRP,long,1,2024-10-28 00:00:00+00:00,2024-10-28 04:00:00+00:00,2024-10-29 04:00:00+00:00,0.518019362637656,0.5236,0.518019362637656,0.5084254740188638,0.010773028509838634,0.009612768888803469,0.0011602596210351646,5.742762706652812,6
BTC,long,1,2024-10-28 16:00:00+00:00,2024-10-28 20:00:00+00:00,2024-10-29 20:00:00+00:00,70303.9136365584,72559.6,70303.9136365584,68974.23369455796,0.03208479082832505,0.03105054949610153,0.0010342413322235178,5.012959217987713,6
ETH,long,1,2024-10-28 16:00:00+00:00,2024-10-28 20:00:00+00:00,2024-10-29 20:00:00+00:00,2537.249855784192,2625.32,2537.249855784192,2476.4191859843513,0.03471086775905574,0.03366800683713711,0.0010428609219186313,5.041924062981029,6
BNB,short,-1,2024-10-29 12:00:00+00:00,2024-10-29 16:00:00+00:00,2024-10-30 16:00:00+00:00,605.4190973750074,596.9,615.018656686615,605.4190973750074,0.014272235508472786,0.01296346795833836,0.0013087675501344265,6.455921962584254,6
XRP,long,1,2024-10-29 12:00:00+00:00,2024-10-29 16:00:00+00:00,2024-10-30 16:00:00+00:00,0.5305249618739512,0.5233,0.5305249618739512,0.5209189196750014,-0.013618514477491739,-0.014750775208939748,0.0011322607314480093,5.742762706652812,6
LINK,long,1,2024-10-29 16:00:00+00:00,2024-10-29 20:00:00+00:00,2024-10-30 20:00:00+00:00,11.79797975508869,12.246,11.79797975508869,11.291574215707623,0.037974318842009414,0.036618222276538326,0.0013560965654710877,6.536688716426203,6
ADA,long,1,2024-10-29 20:00:00+00:00,2024-10-30 00:00:00+00:00,2024-10-31 00:00:00+00:00,0.3631391922570767,0.355,0.3631391922570767,0.3495896138639001,-0.022413422815884765,-0.024364452498673805,0.0019510296827890405,9.988775255673833,6
ETH,long,1,2024-10-30 00:00:00+00:00,2024-10-30 04:00:00+00:00,2024-10-31 04:00:00+00:00,2681.1911689970198,2657.65,2681.1911689970198,2604.9979699928535,-0.008780115819128964,-0.009779143194263984,0.0009990273751350198,5.041924062981029,6
SOL,short,-1,2024-10-30 04:00:00+00:00,2024-10-30 08:00:00+00:00,2024-10-31 08:00:00+00:00,175.50721720220216,174.53,182.03232954911863,175.50721720220216,0.005599135977781167,0.004392954626633028,0.001206181351148139,6.000925858297193,6
BTC,long,1,2024-10-30 16:00:00+00:00,2024-10-30 20:00:00+00:00,2024-10-31 20:00:00+00:00,72512.96659311469,70110.3,72512.96659311469,71166.14596554101,-0.033134302815061245,-0.03410318877833096,0.0009688859632697167,5.012959217987713,6
XRP,short,-1,2024-10-30 20:00:00+00:00,2024-10-31 00:00:00+00:00,2024-11-01 00:00:00+00:00,0.519518396291089,0.5095,0.5263036149480236,0.519518396291089,0.019663191935405333,0.018492727355040817,0.0011704645803645164,5.742762706652812,6
DOT,short,-1,2024-10-31 00:00:00+00:00,2024-10-31 04:00:00+00:00,2024-11-01 04:00:00+00:00,4.132443604190145,3.95,4.238224807772626,4.132443604190145,0.04618825422535311,0.044297060208278394,0.0018911940170747155,9.046674492363598,6
LINK,short,-1,2024-10-31 00:00:00+00:00,2024-10-31 04:00:00+00:00,2024-11-01 04:00:00+00:00,12.24253520453103,11.393,12.57367419642202,12.24253520453103,0.07456641837365319,0.07316251482529479,0.0014039035483583984,6.536688716426203,6
ADA,long,1,2024-10-31 04:00:00+00:00,2024-10-31 08:00:00+00:00,2024-11-01 08:00:00+00:00,0.3595735276055398,0.3428,0.3595735276055398,0.3518682002052109,-0.046648394049577324,-0.04855105650910274,0.0019026624595254171,9.988775255673833,6
BNB,short,-1,2024-10-31 04:00:00+00:00,2024-10-31 08:00:00+00:00,2024-11-01 08:00:00+00:00,582.8329936524211,574.7,593.0110576514788,582.8329936524211,0.014151720293059222,0.012843108249895652,0.0013086120431635706,6.455921962584254,6
AVAX,short,-1,2024-10-31 08:00:00+00:00,2024-10-31 12:00:00+00:00,2024-11-01 12:00:00+00:00,25.47543818429153,25.123,26.031564175760316,25.47543818429153,0.01402850711664727,0.012465931414240794,0.0015625757024064768,7.710732744665526,6
ETH,short,-1,2024-10-31 08:00:00+00:00,2024-10-31 12:00:00+00:00,2024-11-01 12:00:00+00:00,2612.9376246056927,2515.5,2664.4740199072376,2612.9376246056927,0.038734893502561096,0.037687976859061,0.0010469166435000954,5.041924062981029,6
SOL,short,-1,2024-10-31 20:00:00+00:00,2024-11-01 00:00:00+00:00,2024-11-02 00:00:00+00:00,166.35684178606675,166.11,171.0356009077775,166.35684178606675,0.0014860140031709435,0.00028476619944073356,0.00120124780373021,6.000925858297193,6
BTC,long,1,2024-11-01 04:00:00+00:00,2024-11-01 08:00:00+00:00,2024-11-02 08:00:00+00:00,70099.9453151615,69823.4,70099.9453151615,68475.37770292396,-0.003945014706048466,-0.004943150948451325,0.0009981362424028584,5.012959217987713,6
XRP,long,1,2024-11-01 04:00:00+00:00,2024-11-01 08:00:00+00:00,2024-11-02 08:00:00+00:00,0.5192580346546456,0.513,0.5192580346546456,0.504646230797915,-0.012051878328291576,-0.013185937390931213,0.0011340590626396363,5.742762706652812,6
DOT,short,-1,2024-11-01 08:00:00+00:00,2024-11-01 12:00:00+00:00,2024-11-02 12:00:00+00:00,3.856051589308989,3.896,4.003328441662873,3.856051589308989,-0.010253698842661918,-0.012042862767615903,0.0017891639249539848,9.046674492363598,6
LINK,long,1,2024-11-01 08:00:00+00:00,2024-11-01 12:00:00+00:00,2024-11-02 12:00:00+00:00,11.590645229184755,11.18,11.590645229184755,11.063489000346138,-0.035429022376663566,-0.03668921867069852,0.0012601962940349543,6.536688716426203,6
BNB,long,1,2024-11-01 12:00:00+00:00,2024-11-01 16:00:00+00:00,2024-11-02 16:00:00+00:00,577.1595546892884,566.5,577.1595546892884,566.2920891536718,-0.01846899111810929,-0.019735510982208382,0.0012665198640990916,6.455921962584254,6
ADA,short,-1,2024-11-02 08:00:00+00:00,2024-11-02 12:00:00+00:00,2024-11-03 12:00:00+00:00,0.35004346379057355,0.3353,0.36654659570151144,0.35004346379057355,0.043970962691838755,0.04188744560627411,0.0020835170855646457,9.988775255673833,6
AVAX,short,-1,2024-11-02 08:00:00+00:00,2024-11-02 12:00:00+00:00,2024-11-03 12:00:00+00:00,24.222783152532664,23.221,25.090857857778957,24.222783152532664,0.04314125802216373,0.04153382078295054,0.0016074372392131941,7.710732744665526,6
SOL,short,-1,2024-11-02 08:00:00+00:00,2024-11-02 12:00:00+00:00,2024-11-03 12:00:00+00:00,162.99238243892492,163.64,169.1446016523534,162.99238243892492,-0.0039575749271270055,-0.005152293334384939,0.001194718407257933,6.000925858297193,6
LINK,long,1,2024-11-02 16:00:00+00:00,2024-11-02 20:00:00+00:00,2024-11-03 20:00:00+00:00,11.25256262040843,10.724,11.25256262040843,11.121819377660794,-0.04697264420904368,-0.048217758948905454,0.0012451147398617746,6.536688716426203,6
BNB,short,-1,2024-11-02 20:00:00+00:00,2024-11-03 00:00:00+00:00,2024-11-04 00:00:00+00:00,563.7039003296592,557.7,573.7403800308306,563.7039003296592,0.010765465895031578,0.009461223309808142,0.0013042425852234363,6.455921962584254,6
BTC,short,-1,2024-11-02 20:00:00+00:00,2024-11-03 00:00:00+00:00,2024-11-04 00:00:00+00:00,68760.40075025345,68776.9,70011.03483813327,68760.40075025345,-0.0002398952227643525,-0.001241744326498262,0.0010018491037339095,5.012959217987713,6
DOT,short,-1,2024-11-02 20:00:00+00:00,2024-11-03 00:00:00+00:00,2024-11-04 00:00:00+00:00,3.870996597234152,3.785,3.945357123514978,3.870996597234152,0.022720369150370345,0.020871598018152193,0.0018487711322181521,9.046674492363598,6
ETH,short,-1,2024-11-02 20:00:00+00:00,2024-11-03 00:00:00+00:00,2024-11-04 00:00:00+00:00,2480.183327329507,2457.67,2509.0200087347257,2480.183327329507,0.009160435424408808,0.008143326186607958,0.0010171092378008506,5.041924062981029,6
XRP,short,-1,2024-11-02 20:00:00+00:00,2024-11-03 00:00:00+00:00,2024-11-04 00:00:00+00:00,0.5035916252850829,0.5029,0.5170977373831113,0.5035916252850829,0.0013752739810757308,0.00022580197981314498,0.0011494720012625859,5.742762706652812,6
AVAX,long,1,2024-11-03 16:00:00+00:00,2024-11-03 20:00:00+00:00,2024-11-04 20:00:00+00:00,23.6324933294454,22.905,23.6324933294454,22.960354983954364,-0.030783604561054223,-0.032277126665470224,0.0014935221044160008,7.710732744665526,6
ADA,short,-1,2024-11-04 00:00:00+00:00,2024-11-04 04:00:00+00:00,2024-11-05 04:00:00+00:00,0.3293933042556046,0.3303,0.3372530302370584,0.3293933042556046,-0.0027450673460350794,-0.004735350376025349,0.0019902830299902696,9.988775255673833,6
LINK,short,-1,2024-11-04 00:00:00+00:00,2024-11-04 04:00:00+00:00,2024-11-05 04:00:00+00:00,10.651345174954333,10.422,10.932485905518432,10.651345174954333,0.022005869790283183,0.02067063574378003,0.0013352340465031531,6.536688716426203,6
SOL,long,1,2024-11-04 04:00:00+00:00,2024-11-04 08:00:00+00:00,2024-11-05 08:00:00+00:00,164.47615936737515,161.98,164.47615936737515,158.44025663192312,-0.01517642056439139,-0.016357682354688485,0.0011812617902970945,6.000925858297193,6
XRP,long,1,2024-11-04 04:00:00+00:00,2024-11-04 08:00:00+00:00,2024-11-05 08:00:00+00:00,0.5113163486561327,0.5147,0.5113163486561327,0.49955210834023145,0.006617530131317606,0.005462040579168104,0.0011554895521495023,5.742762706652812,6
BTC,short,-1,2024-11-04 08:00:00+00:00,2024-11-04 12:00:00+00:00,2024-11-05 12:00:00+00:00,68211.00756050702,68815.1,69394.07830622017,68211.00756050702,-0.008778486691045861,-0.009771779361922861,0.0009932926708769996,5.012959217987713,6
ETH,short,-1,2024-11-04 08:00:00+00:00,2024-11-04 12:00:00+00:00,2024-11-05 12:00:00+00:00,2445.626537022592,2440.83,2495.1213810138793,2445.626537022592,0.0019651253969312776,0.000955268144088528,0.0010098572528427496,5.041924062981029,6
BNB,short,-1,2024-11-04 12:00:00+00:00,2024-11-04 16:00:00+00:00,2024-11-05 16:00:00+00:00,553.54789975616,564.4,565.9204743401503,553.54789975616,-0.019227675839546432,-0.020493216733789787,0.0012655408942433555,6.455921962584254,6
DOT,short,-1,2024-11-04 16:00:00+00:00,2024-11-04 20:00:00+00:00,2024-11-05 20:00:00+00:00,3.711420091893735,3.839,3.8539221230280325,3.711420091893735,-0.03323258872265311,-0.03498021371913551,0.0017476249964823998,9.046674492363598,6
AVAX,long,1,2024-11-05 00:00:00+00:00,2024-11-05 04:00:00+00:00,2024-11-06 04:00:00+00:00,23.216504384513808,26.222,23.216504384513808,22.505031564894725,0.12945513095808514,0.12771468763503546,0.0017404433230496785,7.710732744665526,6
ADA,long,1,2024-11-05 08:00:00+00:00,2024-11-05 12:00:00+00:00,2024-11-06 12:00:00+00:00,0.33502587826302554,0.3581,0.33502587826302554,0.3278133634613643,0.06887265502176865,0.06673944009662502,0.0021332149251436228,9.988775255673833,6
LINK,long,1,2024-11-05 08:00:00+00:00,2024-11-05 12:00:00+00:00,2024-11-06 12:00:00+00:00,10.804043943949251,11.835,10.804043943949251,10.411586308198784,0.09542316390041439,0.0939920113532493,0.0014311525471650821,6.536688716426203,6
SOL,long,1,2024-11-05 12:00:00+00:00,2024-11-05 16:00:00+00:00,2024-11-06 16:00:00+00:00,169.12854510038642,185.51,169.12854510038642,162.8311914091968,0.09685801347070266,0.09554237025525825,0.0013156432154444175,6.000925858297193,6
BTC,long,1,2024-11-05 16:00:00+00:00,2024-11-05 20:00:00+00:00,2024-11-06 20:00:00+00:00,69733.90138438113,75830.2,69733.90138438113,68271.2498107315,0.08742230815418428,0.0863326136768805,0.001089694477303782,5.012959217987713,6
ETH,long,1,2024-11-05 16:00:00+00:00,2024-11-05 20:00:00+00:00,2024-11-06 20:00:00+00:00,2438.0937029463253,2687.99,2438.0937029463253,2378.416021456605,0.10249659262549526,0.10138541205435847,0.001111180571136794,5.041924062981029,6
XRP,long,1,2024-11-05 16:00:00+00:00,2024-11-05 20:00:00+00:00,2024-11-06 20:00:00+00:00,0.5144860133054601,0.5363,0.5144860133054601,0.501200874914559,0.04239957186472343,0.041203008345411574,0.0011965635193118551,5.742762706652812,6
BNB,long,1,2024-11-05 20:00:00+00:00,2024-11-06 00:00:00+00:00,2024-11-07 00:00:00+00:00,569.3292528047664,592.2,569.3292528047664,557.3345975756674,0.04017138954754618,0.03882920298898784,0.0013421865585583337,6.455921962584254,6
ADA,long,1,2024-11-06 20:00:00+00:00,2024-11-07 00:00:00+00:00,2024-11-08 00:00:00+00:00,0.3753185585028674,0.4066,0.3753185585028674,0.35127921871466083,0.08334637546811763,0.08118427444851406,0.0021621010196035684,9.988775255673833,6
LINK,long,1,2024-11-06 20:00:00+00:00,2024-11-07 00:00:00+00:00,2024-11-08 00:00:00+00:00,12.574383917935206,12.593,12.574383917935206,11.78830119768925,0.0014804766727569696,0.00017205871852721266,0.001308417954229757,6.536688716426203,6
DOT,short,-1,2024-11-07 00:00:00+00:00,2024-11-07 04:00:00+00:00,2024-11-08 04:00:00+00:00,4.065701783299779,4.149,4.276973798576769,4.065701783299779,-0.020076697204198912,-0.02184810409961646,0.0017714068954175488,9.046674492363598,6
SOL,long,1,2024-11-08 04:00:00+00:00,2024-11-08 08:00:00+00:00,2024-11-09 08:00:00+00:00,204.7948211322179,200.29,204.7948211322179,196.1190613998464,-0.02199675317624139,-0.023169834213680907,0.0011730810374395162,6.000925858297193,6
ADA,long,1,2024-11-08 08:00:00+00:00,2024-11-08 12:00:00+00:00,2024-11-09 12:00:00+00:00,0.4475380236292208,0.4414,0.4475380236292208,0.42281323599169834,-0.013715088562633593,-0.015683478046298882,0.0019683894836652893,9.988775255673833,6
LINK,long,1,2024-11-08 08:00:00+00:00,2024-11-08 12:00:00+00:00,2024-11-09 12:00:00+00:00,13.258239206785314,13.613,13.258239206785314,12.735027130419313,0.02675776079172909,0.025416318476919386,0.0013414423148097043,6.536688716426203,6
BNB,short,-1,2024-11-08 12:00:00+00:00,2024-11-08 16:00:00+00:00,2024-11-09 16:00:00+00:00,589.0809021969691,616.8,605.8365814763232,589.0809021969691,-0.04494017153539376,-0.04617253427605872,0.0012323627406649607,6.455921962584254,6
XRP,short,-1,2024-11-08 12:00:00+00:00,2024-11-08 16:00:00+00:00,2024-11-09 16:00:00+00:00,0.5421018411347195,0.5482,0.562486265240745,0.5421018411347195,-0.011123967284349723,-0.012259091489890794,0.0011351242055410715,5.742762706652812,6
AVAX,long,1,2024-11-08 20:00:00+00:00,2024-11-09 00:00:00+00:00,2024-11-10 00:00:00+00:00,29.473692936583298,30.376,29.473692936583298,28.11044607754691,0.030613980587981926,0.02902584736162317,0.0015881332263587566,7.710732744665526,6
DOT,long,1,2024-11-09 00:00:00+00:00,2024-11-09 04:00:00+00:00,2024-11-10 04:00:00+00:00,4.375173114278046,4.836,4.375173114278046,4.165403407816294,0.10532769188448365,0.1033295915336565,0.0019981003508271478,9.046674492363598,6
ETH,long,1,2024-11-09 00:00:00+00:00,2024-11-09 04:00:00+00:00,2024-11-10 04:00:00+00:00,3003.481260764563,3135.19,3003.481260764563,2928.5914831247883,0.043852026298945246,0.04279995221679078,0.0010520740821544639,5.041924062981029,6
BTC,short,-1,2024-11-09 12:00:00+00:00,2024-11-09 16:00:00+00:00,2024-11-10 16:00:00+00:00,75763.86201886689,79700.1,76867.72974943841,75763.86201886689,-0.04938811847329072,-0.05034071665855078,0.0009525981852600562,5.012959217987713,6
ADA,long,1,2024-11-09 16:00:00+00:00,2024-11-09 20:00:00+00:00,2024-11-10 20:00:00+00:00,0.4536188325367152,0.6128,0.4536188325367152,0.42582061445688746,0.35091393047576114,0.348217828423252,0.0026961020525091417,9.988775255673833,6
LINK,long,1,2024-11-09 16:00:00+00:00,2024-11-09 20:00:00+00:00,2024-11-10 20:00:00+00:00,13.810485578468601,14.409,13.810485578468601,13.290503288759314,0.043337681222774815,0.0419745775115854,0.0013631037111894173,6.536688716426203,6
SOL,long,1,2024-11-09 16:00:00+00:00,2024-11-09 20:00:00+00:00,2024-11-10 20:00:00+00:00,200.73668087905958,208.54,200.73668087905958,194.88657443514103,0.03887340911869397,0.03762731642882278,0.0012460926898711921,6.000925858297193,6
XRP,long,1,2024-11-09 20:00:00+00:00,2024-11-10 00:00:00+00:00,2024-11-11 00:00:00+00:00,0.5669573156267415,0.5886,0.5669573156267415,0.5519434203861964,0.03817339291112898,0.03698168059446405,0.001191712316664928,5.742762706652812,6
DOT,long,1,2024-11-10 08:00:00+00:00,2024-11-10 12:00:00+00:00,2024-11-11 12:00:00+00:00,5.330062180900765,5.165,5.330062180900765,4.995363861871561,-0.030968152959309436,-0.032719871375260445,0.001751718415951009,9.046674492363598,6
ETH,short,-1,2024-11-10 08:00:00+00:00,2024-11-10 12:00:00+00:00,2024-11-11 12:00:00+00:00,3186.433372116431,3198.79,3257.559166569236,3186.433372116431,-0.003862906875277461,-0.004866890190484585,0.0010039833152071242,5.041924062981029,6
AVAX,long,1,2024-11-10 12:00:00+00:00,2024-11-10 16:00:00+00:00,2024-11-11 16:00:00+00:00,33.21047169693949,32.478,33.21047169693949,31.494291636224748,-0.022055443946223496,-0.023562415782681256,0.00150697183645776,7.710732744665526,6
BTC,long,1,2024-11-10 20:00:00+00:00,2024-11-11 00:00:00+00:00,2024-11-12 00:00:00+00:00,81259.34773631269,88700.1,81259.34773631269,79508.98111224704,0.09156795459191502,0.09047410580584425,0.0010938487860707724,5.012959217987713,6
BNB,short,-1,2024-11-11 00:00:00+00:00,2024-11-11 04:00:00+00:00,2024-11-12 04:00:00+00:00,626.7488156458172,654.4,649.046044994652,626.7488156458172,-0.04225425481996148,-0.04349008333689097,0.0012358285169294936,6.455921962584254,6
LINK,short,-1,2024-11-11 00:00:00+00:00,2024-11-11 04:00:00+00:00,2024-11-12 04:00:00+00:00,14.13084205377116,14.787,14.735491289737407,14.13084205377116,-0.04437397350570371,-0.045622483366573374,0.001248509860869662,6.536688716426203,6
SOL,short,-1,2024-11-11 00:00:00+00:00,2024-11-11 04:00:00+00:00,2024-11-12 04:00:00+00:00,205.8653946227341,220.74,214.27885430108395,205.8653946227341,-0.0673851833707797,-0.06850382255748588,0.001118639186706183,6.000925858297193,6
DOT,long,1,2024-11-11 16:00:00+00:00,2024-11-11 20:00:00+00:00,2024-11-12 20:00:00+00:00,5.442672912704811,5.358,5.442672912704811,5.052579208977988,-0.015557229703655362,-0.017336806438356445,0.0017795767347010827,9.046674492363598,6
ETH,long,1,2024-11-11 16:00:00+00:00,2024-11-11 20:00:00+00:00,2024-11-12 20:00:00+00:00,3365.0977066767173,3274.19,3365.0977066767173,3240.890089598734,-0.02701487879426101,-0.027995527777596285,0.000980648983335275,5.041924062981029,6
XRP,long,1,2024-11-11 16:00:00+00:00,2024-11-11 20:00:00+00:00,2024-11-12 20:00:00+00:00,0.6151393552449735,0.6926,0.6151393552449735,0.5828946513383234,0.12592373434500614,0.12463129399640338,0.0012924403486027636,5.742762706652812,6
ADA,short,-1,2024-11-11 20:00:00+00:00,2024-11-12 00:00:00+00:00,2024-11-13 00:00:00+00:00,0.578965066156947,0.5708,0.6500949228221131,0.578965066156947,0.014304600835576498,0.012280290733733379,0.0020243101018431187,9.988775255673833,6
AVAX,short,-1,2024-11-11 20:00:00+00:00,2024-11-12 00:00:00+00:00,2024-11-13 00:00:00+00:00,34.52054574423323,33.954,36.95906114732078,34.52054574423323,0.01668568487463129,0.015119014571952638,0.0015666703026786521,7.710732744665526,6
BTC,short,-1,2024-11-12 04:00:00+00:00,2024-11-12 08:00:00+00:00,2024-11-13 08:00:00+00:00,87466.90914548813,87368.0,90659.0966704926,87466.90914548813,0.0011320980849753859,0.00012887412115336616,0.0010032239638220197,5.012959217987713,6
LINK,short,-1,2024-11-12 08:00:00+00:00,2024-11-12 12:00:00+00:00,2024-11-13 12:00:00+00:00,13.718972867459877,13.49,14.708245795762753,13.718972867459877,0.01697352612749281,0.01564486675613641,0.0013286593713563999,6.536688716426203,6
BNB,short,-1,2024-11-12 20:00:00+00:00,2024-11-13 00:00:00+00:00,2024-11-14 00:00:00+00:00,606.1089387373094,620.8,645.3050516212821,606.1089387373094,-0.02366472497211758,-0.024924540514014715,0.0012598155418971357,6.455921962584254,6
SOL,short,-1,2024-11-12 20:00:00+00:00,2024-11-13 00:00:00+00:00,2024-11-14 00:00:00+00:00,204.85725954801586,215.16,218.7299708043663,204.85725954801586,-0.04788408836207536,-0.04902611843714344,0.001142030075068079,6.000925858297193,6
ETH,short,-1,2024-11-13 00:00:00+00:00,2024-11-13 04:00:00+00:00,2024-11-14 04:00:00+00:00,3133.7508772230353,3218.47,3285.4826186833548,3133.7508772230353,-0.026322793991233273,-0.02730414051068042,0.000981346519447146,5.041924062981029,6
ADA,long,1,2024-11-13 08:00:00+00:00,2024-11-13 12:00:00+00:00,2024-11-14 12:00:00+00:00,0.5611039217281469,0.5676,0.5611039217281469,0.515463943130539,0.011577317534772869,0.00955845044002257,0.0020188670947502985,9.988775255673833,6
AVAX,long,1,2024-11-13 08:00:00+00:00,2024-11-13 12:00:00+00:00,2024-11-14 12:00:00+00:00,33.77369201467401,32.473,33.77369201467401,30.745414968219677,-0.0385119877953789,-0.03999360078306302,0.0014816129876841222,7.710732744665526,6
DOT,long,1,2024-11-13 08:00:00+00:00,2024-11-13 12:00:00+00:00,2024-11-14 12:00:00+00:00,5.322068172023544,5.001,5.322068172023544,4.826060691032872,-0.06032770750876493,-0.062026352671710416,0.001698645162945489,9.046674492363598,6
XRP,long,1,2024-11-13 08:00:00+00:00,2024-11-13 12:00:00+00:00,2024-11-14 12:00:00+00:00,0.7073940225867649,0.718,0.7073940225867649,0.6467639609491945,0.014993026622492023,0.01382792289375634,0.0011651037287356836,5.742762706652812,6
BNB,short,-1,2024-11-14 04:00:00+00:00,2024-11-14 08:00:00+00:00,2024-11-15 08:00:00+00:00,635.6616380715087,615.3,684.8549824726514,635.6616380715087,0.03309221204535806,0.031759160113058904,0.0013330519322991563,6.455921962584254,6
BTC,short,-1,2024-11-14 08:00:00+00:00,2024-11-14 12:00:00+00:00,2024-11-15 12:00:00+00:00,88794.74128349757,89741.9,94287.4721970272,88794.74128349757,-0.010554252991104796,-0.01154576618521752,0.0009915131941127253,5.012959217987713,6
ETH,short,-1,2024-11-14 08:00:00+00:00,2024-11-14 12:00:00+00:00,2024-11-15 12:00:00+00:00,3086.785650449338,3104.6,3286.75204205486,3086.785650449338,-0.0057380498456038875,-0.006740143247997987,0.0010020934023940997,5.041924062981029,6
DOT,short,-1,2024-11-14 16:00:00+00:00,2024-11-14 20:00:00+00:00,2024-11-15 20:00:00+00:00,4.696189285096838,5.05,5.158668556414553,4.696189285096838,-0.07006152770359642,-0.07174257704433562,0.0016810493407392046,9.046674492363598,6
SOL,short,-1,2024-11-14 16:00:00+00:00,2024-11-14 20:00:00+00:00,2024-11-15 20:00:00+00:00,207.93439612077213,212.42,223.5482001400173,207.93439612077213,-0.021116673944204134,-0.022290810606215516,0.0011741366620113824,6.000925858297193,6
XRP,long,1,2024-11-14 16:00:00+00:00,2024-11-14 20:00:00+00:00,2024-11-15 20:00:00+00:00,0.8407496979724758,0.8981,0.8407496979724758,0.7425016167183172,0.06821328888470402,0.0669870939717141,0.0012261949129899197,5.742762706652812,6
ADA,long,1,2024-11-15 04:00:00+00:00,2024-11-15 08:00:00+00:00,2024-11-16 08:00:00+00:00,0.6246535866625195,0.7253,0.6246535866625195,0.5570799838983452,0.16112356590350707,0.15880624015933686,0.0023173257441702066,9.988775255673833,6
LINK,long,1,2024-11-15 16:00:00+00:00,2024-11-15 20:00:00+00:00,2024-11-16 20:00:00+00:00,13.890629458869611,14.737,13.890629458869611,13.06792680184069,0.06093104301979313,0.05954495386756231,0.0013860891522308183,6.536688716426203,6
XRP,long,1,2024-11-16 00:00:00+00:00,2024-11-16 04:00:00+00:00,2024-11-17 04:00:00+00:00,0.964496179630569,1.0612,0.964496179630569,0.8550014270827532,0.1002635597856607,0.09900057458036904,0.0012629852052916668,5.742762706652812,6
DOT,long,1,2024-11-16 04:00:00+00:00,2024-11-16 08:00:00+00:00,2024-11-17 08:00:00+00:00,5.419983170092581,5.672,5.419983170092581,5.071796006984732,0.04649771447594997,0.044605961047725184,0.001891753428224785,9.046674492363598,6
ADA,short,-1,2024-11-16 20:00:00+00:00,2024-11-17 00:00:00+00:00,2024-11-18 00:00:00+00:00,0.7091517622370148,0.7026,0.7757421179701415,0.7091517622370148,0.009325024533183512,0.007310652478159652,0.002014372055023861,9.988775255673833,6
AVAX,short,-1,2024-11-16 20:00:00+00:00,2024-11-17 00:00:00+00:00,2024-11-18 00:00:00+00:00,34.02471730514601,34.722,36.30630044391779,34.02471730514601,-0.02008187013576379,-0.021591883167278225,0.0015100130315144344,7.710732744665526,6
BNB,short,-1,2024-11-16 20:00:00+00:00,2024-11-17 00:00:00+00:00,2024-11-18 00:00:00+00:00,610.1696384321517,618.7,635.4876833864568,610.1696384321517,-0.01378755708396373,-0.015060117642796689,0.001272560558832958,6.455921962584254,6
ETH,short,-1,2024-11-16 20:00:00+00:00,2024-11-17 00:00:00+00:00,2024-11-18 00:00:00+00:00,3049.2017640238364,3076.79,3220.169851089999,3049.2017640238364,-0.008966564496167617,-0.00996540395403478,0.0009988394578671622,5.041924062981029,6
SOL,long,1,2024-11-16 20:00:00+00:00,2024-11-17 00:00:00+00:00,2024-11-18 00:00:00+00:00,221.05833491972422,237.46,221.05833491972422,210.647221770262,0.0741960943758666,0.072907633347852,0.0012884610280146092,6.000925858297193,6
XRP,long,1,2024-11-17 08:00:00+00:00,2024-11-17 12:00:00+00:00,2024-11-18 12:00:00+00:00,1.1138916931316916,1.1195,1.1138916931316916,0.9663473178201899,0.005034876283654288,0.003881203449305648,0.0011536728343486402,5.742762706652812,6
BTC,short,-1,2024-11-17 16:00:00+00:00,2024-11-17 20:00:00+00:00,2024-11-18 20:00:00+00:00,89439.43017561609,90621.4,90738.85553949526,89439.43017561609,-0.013042943768071469,-0.01403196307128729,0.0009890193032158212,5.012959217987713,6
DOT,long,1,2024-11-17 20:00:00+00:00,2024-11-18 00:00:00+00:00,2024-11-19 00:00:00+00:00,5.622735340018464,6.009,5.622735340018464,5.228431043297773,0.06869693069712723,0.06676504775613856,0.0019318829409886717,9.046674492363598,6
LINK,long,1,2024-11-17 20:00:00+00:00,2024-11-18 00:00:00+00:00,2024-11-19 00:00:00+00:00,14.2964489789099,15.266,14.2964489789099,13.293776397227525,0.0678176113887008,0.0664225250469026,0.0013950863417981907,6.536688716426203,6
ADA,short,-1,2024-11-18 04:00:00+00:00,2024-11-18 08:00:00+00:00,2024-11-19 08:00:00+00:00,0.731043038989463,0.7555,0.7934342153121309,0.731043038989463,-0.032371887505674324,-0.03430304246773985,0.0019311549620655288,9.988775255673833,6
ETH,short,-1,2024-11-18 04:00:00+00:00,2024-11-18 08:00:00+00:00,2024-11-19 08:00:00+00:00,3064.2802967247376,3119.26,3200.6643789678824,3064.2802967247376,-0.017625880264954707,-0.018615992200663567,0.0009901119357088595,5.041924062981029,6
SOL,short,-1,2024-11-18 12:00:00+00:00,2024-11-18 16:00:00+00:00,2024-11-19 16:00:00+00:00,235.57289156493746,240.6,251.59050392545842,235.57289156493746,-0.020894050021041277,-0.022068453712741465,0.0011744036917001877,6.000925858297193,6
AVAX,short,-1,2024-11-19 08:00:00+00:00,2024-11-19 12:00:00+00:00,2024-11-20 12:00:00+00:00,33.82537446171305,34.811,35.95719616871327,33.82537446171305,-0.028313623230787788,-0.029810951473576708,0.00149732824278892,7.710732744665526,6
BNB,short,-1,2024-11-19 16:00:00+00:00,2024-11-19 20:00:00+00:00,2024-11-20 20:00:00+00:00,607.9633941957123,604.4,624.953679164586,607.9633941957123,0.005895754791052976,0.004597795844134778,0.0012979589469181985,6.455921962584254,6
BTC,short,-1,2024-11-19 16:00:00+00:00,2024-11-19 20:00:00+00:00,2024-11-20 20:00:00+00:00,91608.37311853537,94019.9,94900.68761237482,91608.37311853537,-0.02564911132073766,-0.026625498115811164,0.0009763867950735028,5.012959217987713,6
ADA,long,1,2024-11-19 20:00:00+00:00,2024-11-20 00:00:00+00:00,2024-11-21 00:00:00+00:00,0.7722713917598129,0.8,0.7722713917598129,0.7063966965769303,0.03590526405102312,0.033837844176516585,0.0020674198745065375,9.988775255673833,6
SOL,short,-1,2024-11-19 20:00:00+00:00,2024-11-20 00:00:00+00:00,2024-11-21 00:00:00+00:00,231.32493312714584,235.51,244.08637511186672,231.32493312714584,-0.017770230023583466,-0.018948380629228323,0.0011781506056448565,6.000925858297193,6
DOT,long,1,2024-11-20 04:00:00+00:00,2024-11-20 08:00:00+00:00,2024-11-21 08:00:00+00:00,5.975083224021974,5.704,5.975083224021974,5.651422705585367,-0.04536894531144309,-0.047094631421805255,0.001725686110362168,9.046674492363598,6
XRP,long,1,2024-11-20 04:00:00+00:00,2024-11-20 08:00:00+00:00,2024-11-21 08:00:00+00:00,1.1336174888978665,1.1097,1.1336174888978665,1.033114654166663,-0.02109837677356219,-0.022222051420945577,0.001123674647383388,5.742762706652812,6
LINK,long,1,2024-11-20 08:00:00+00:00,2024-11-20 12:00:00+00:00,2024-11-21 12:00:00+00:00,15.168594301211815,14.622,15.168594301211815,14.20327287564071,-0.03603460481292908,-0.037294009923360516,0.001259405110431433,6.536688716426203,6
ETH,short,-1,2024-11-20 12:00:00+00:00,2024-11-20 16:00:00+00:00,2024-11-21 16:00:00+00:00,3078.716712497617,3277.71,3182.1375315990795,3078.716712497617,-0.06071107190763758,-0.06165775928477901,0.0009466873771414308,5.041924062981029,6
AVAX,long,1,2024-11-20 16:00:00+00:00,2024-11-20 20:00:00+00:00,2024-11-21 20:00:00+00:00,34.18709641637637,35.73,34.18709641637637,32.22586822179661,0.045131167760843915,0.04352066415358902,0.0016105036072548984,7.710732744665526,6
BNB,long,1,2024-11-21 00:00:00+00:00,2024-11-21 04:00:00+00:00,2024-11-22 04:00:00+00:00,607.3392274519896,635.7,607.3392274519896,596.311292981037,0.04669675737395429,0.04534615079820048,0.00135060657575381,6.455921962584254,6
BTC,long,1,2024-11-21 00:00:00+00:00,2024-11-21 04:00:00+00:00,2024-11-22 04:00:00+00:00,96941.99491287059,98872.9,96941.99491287059,94671.6556458188,0.019918148877221542,0.018896099609150063,0.0010220492680714788,5.012959217987713,6
SOL,long,1,2024-11-21 08:00:00+00:00,2024-11-21 12:00:00+00:00,2024-11-22 12:00:00+00:00,245.9790359797608,259.32,245.9790359797608,234.3614762550061,0.05423618304340749,0.05297166323805169,0.0012645198053558016,6.000925858297193,6
ADA,long,1,2024-11-21 12:00:00+00:00,2024-11-21 16:00:00+00:00,2024-11-22 16:00:00+00:00,0.8112742155045137,0.9263,0.8112742155045137,0.7482017774009025,0.1417840999962685,0.13950537121416295,0.0022787287821055546,9.988775255673833,6
XRP,long,1,2024-11-21 12:00:00+00:00,2024-11-21 16:00:00+00:00,2024-11-22 16:00:00+00:00,1.1335952805367737,1.4416,1.1335952805367737,1.0740090232410813,0.2717060707216261,0.2702462878009648,0.00145978292066129,5.742762706652812,6
