instrument,side,signal_time,entry_time,exit_time,gross,net,side_cost_bps
ADA,long,2023-02-21 00:00:00+00:00,2023-02-21 04:00:00+00:00,2023-02-21 08:00:00+00:00,0.005301804604853855,0.0032954619373888328,9.988775255673833
DOT,short,2023-02-21 04:00:00+00:00,2023-02-21 08:00:00+00:00,2023-02-21 12:00:00+00:00,0.027053007415545283,0.025196404175164666,9.046674492363598
XRP,short,2023-02-21 16:00:00+00:00,2023-02-21 20:00:00+00:00,2023-02-22 00:00:00+00:00,0.00520527672169635,0.004051408285820957,5.742762706652812
XRP,long,2023-02-22 12:00:00+00:00,2023-02-22 16:00:00+00:00,2023-02-22 20:00:00+00:00,0.011819843947158404,0.010658382693661261,5.742762706652812
AVAX,short,2023-02-25 04:00:00+00:00,2023-02-25 08:00:00+00:00,2023-02-25 12:00:00+00:00,0.0027442371020856005,0.0011990499898624218,7.710732744665526
SOL,short,2023-02-25 04:00:00+00:00,2023-02-25 08:00:00+00:00,2023-02-25 12:00:00+00:00,0.008033009964444116,0.006823909265706085,6.000925858297193
ADA,long,2023-02-27 00:00:00+00:00,2023-02-27 04:00:00+00:00,2023-02-27 08:00:00+00:00,-0.010366369315546908,-0.012341442044259465,9.988775255673833
DOT,long,2023-02-27 00:00:00+00:00,2023-02-27 04:00:00+00:00,2023-02-27 08:00:00+00:00,-0.008547008547008517,-0.010339257655210377,9.046674492363598
ADA,long,2023-02-27 12:00:00+00:00,2023-02-27 16:00:00+00:00,2023-02-27 20:00:00+00:00,-0.017071371992024242,-0.019033063134337946,9.988775255673833
SOL,short,2023-02-27 16:00:00+00:00,2023-02-27 20:00:00+00:00,2023-02-28 00:00:00+00:00,-0.006394425824660432,-0.007586221313627184,6.000925858297193
ETH,short,2023-02-28 20:00:00+00:00,2023-03-01 00:00:00+00:00,2023-03-01 04:00:00+00:00,-0.01978021978021982,-0.020768160407437675,5.041924062981029
XRP,long,2023-03-01 20:00:00+00:00,2023-03-02 00:00:00+00:00,2023-03-02 04:00:00+00:00,-0.015431535594192414,-0.016561715170787306,5.742762706652812
ETH,long,2023-03-03 00:00:00+00:00,2023-03-03 04:00:00+00:00,2023-03-03 08:00:00+00:00,0.00168032865439538,0.0006707584415388546,5.041924062981029
ADA,short,2023-03-03 16:00:00+00:00,2023-03-03 20:00:00+00:00,2023-03-04 00:00:00+00:00,-0.009799346710219425,-0.01177555108083439,9.988775255673833
DOT,long,2023-03-04 12:00:00+00:00,2023-03-04 16:00:00+00:00,2023-03-04 20:00:00+00:00,-0.013404825737265424,-0.015188293371608208,9.046674492363598
AVAX,short,2023-03-05 12:00:00+00:00,2023-03-05 16:00:00+00:00,2023-03-05 20:00:00+00:00,0.0024494794856093627,0.0009047465825986478,7.710732744665526
LINK,short,2023-03-05 20:00:00+00:00,2023-03-06 00:00:00+00:00,2023-03-06 04:00:00+00:00,0.011057762258111392,0.00973683173603379,6.536688716426203
ETH,short,2023-03-06 16:00:00+00:00,2023-03-06 20:00:00+00:00,2023-03-07 00:00:00+00:00,0.00021708316839252895,-0.0007910122735070857,5.041924062981029
SOL,long,2023-03-07 12:00:00+00:00,2023-03-07 16:00:00+00:00,2023-03-07 20:00:00+00:00,-0.020270270270270174,-0.02144542216418699,6.000925858297193
AVAX,short,2023-03-09 00:00:00+00:00,2023-03-09 04:00:00+00:00,2023-03-09 08:00:00+00:00,0.004575163398692794,0.0030271549052913738,7.710732744665526
XRP,long,2023-03-09 00:00:00+00:00,2023-03-09 04:00:00+00:00,2023-03-09 08:00:00+00:00,0.005043487211157327,0.0038898044923825204,5.742762706652812
ETH,long,2023-03-10 20:00:00+00:00,2023-03-11 00:00:00+00:00,2023-03-11 04:00:00+00:00,0.022491203969777995,0.02146065896164928,5.041924062981029
XRP,long,2023-03-10 20:00:00+00:00,2023-03-11 00:00:00+00:00,2023-03-11 04:00:00+00:00,-0.0023518598615918096,-0.0034970535107635703,5.742762706652812
AVAX,long,2023-03-11 00:00:00+00:00,2023-03-11 04:00:00+00:00,2023-03-11 08:00:00+00:00,-0.03809523809523796,-0.039577493276855336,7.710732744665526
DOT,long,2023-03-11 00:00:00+00:00,2023-03-11 04:00:00+00:00,2023-03-11 08:00:00+00:00,-0.04828326180257503,-0.05000367970438124,9.046674492363598
SOL,long,2023-03-11 00:00:00+00:00,2023-03-11 04:00:00+00:00,2023-03-11 08:00:00+00:00,-0.061002418113871304,-0.06212871320654079,6.000925858297193
ADA,short,2023-03-11 08:00:00+00:00,2023-03-11 12:00:00+00:00,2023-03-11 16:00:00+00:00,0.015473251028806478,0.013446608579866126,9.988775255673833
ETH,short,2023-03-11 08:00:00+00:00,2023-03-11 12:00:00+00:00,2023-03-11 16:00:00+00:00,-0.0009511819834940871,-0.0019580999582274883,5.041924062981029
LINK,short,2023-03-11 08:00:00+00:00,2023-03-11 12:00:00+00:00,2023-03-11 16:00:00+00:00,0.009049773755656076,0.007731466637898032,6.536688716426203
XRP,short,2023-03-11 08:00:00+00:00,2023-03-11 12:00:00+00:00,2023-03-11 16:00:00+00:00,0.00033165662484102576,-0.0008166174150154859,5.742762706652812
AVAX,long,2023-03-11 12:00:00+00:00,2023-03-11 16:00:00+00:00,2023-03-11 20:00:00+00:00,0.01783166904422262,0.0162632328276604,7.710732744665526
DOT,long,2023-03-11 12:00:00+00:00,2023-03-11 16:00:00+00:00,2023-03-11 20:00:00+00:00,0.02127255460588806,0.019426400687343692,9.046674492363598
ETH,short,2023-03-11 20:00:00+00:00,2023-03-12 00:00:00+00:00,2023-03-12 04:00:00+00:00,0.0038925360110708684,0.0028807361660772024,5.041924062981029
LINK,short,2023-03-11 20:00:00+00:00,2023-03-12 00:00:00+00:00,2023-03-12 04:00:00+00:00,0.0006480881399870686,-0.0006592423121628554,6.536688716426203
XRP,short,2023-03-11 20:00:00+00:00,2023-03-12 00:00:00+00:00,2023-03-12 04:00:00+00:00,0.0020913593835993893,0.0009410653926771317,5.742762706652812
ADA,short,2023-03-12 08:00:00+00:00,2023-03-12 12:00:00+00:00,2023-03-12 16:00:00+00:00,0.012322493492801012,0.010302139204540595,9.988775255673833
XRP,long,2023-03-12 12:00:00+00:00,2023-03-12 16:00:00+00:00,2023-03-12 20:00:00+00:00,0.010517363571934668,0.009357397426977165,5.742762706652812
ETH,long,2023-03-12 16:00:00+00:00,2023-03-12 20:00:00+00:00,2023-03-13 00:00:00+00:00,0.04225435737752492,0.041203893548569015,5.041924062981029
SOL,long,2023-03-12 16:00:00+00:00,2023-03-12 20:00:00+00:00,2023-03-13 00:00:00+00:00,0.09705579352599902,0.09573991308022523,6.000925858297193
ADA,short,2023-03-12 20:00:00+00:00,2023-03-13 00:00:00+00:00,2023-03-13 04:00:00+00:00,-0.019367659271562587,-0.021324767572062475,9.988775255673833
AVAX,short,2023-03-12 20:00:00+00:00,2023-03-13 00:00:00+00:00,2023-03-13 04:00:00+00:00,0.011235955056179803,0.009677682560208734,7.710732744665526
DOT,short,2023-03-12 20:00:00+00:00,2023-03-13 00:00:00+00:00,2023-03-13 04:00:00+00:00,0.004593399115345287,0.0027773960983676904,9.046674492363598
LINK,short,2023-03-12 20:00:00+00:00,2023-03-13 00:00:00+00:00,2023-03-13 04:00:00+00:00,-0.0025831940434585254,-0.003886302877990855,6.536688716426203
XRP,short,2023-03-13 00:00:00+00:00,2023-03-13 04:00:00+00:00,2023-03-13 08:00:00+00:00,-0.003018436939141833,-0.004162865428929963,5.742762706652812
ETH,short,2023-03-13 08:00:00+00:00,2023-03-13 12:00:00+00:00,2023-03-13 16:00:00+00:00,-0.05167534118437156,-0.052631135463514056,5.041924062981029
DOT,short,2023-03-13 20:00:00+00:00,2023-03-14 00:00:00+00:00,2023-03-14 04:00:00+00:00,-0.0073254110369526115,-0.009119868426401334,9.046674492363598
LINK,long,2023-03-13 20:00:00+00:00,2023-03-14 00:00:00+00:00,2023-03-14 04:00:00+00:00,-0.0010350436196953083,-0.002340175087576668,6.536688716426203
LINK,short,2023-03-14 12:00:00+00:00,2023-03-14 16:00:00+00:00,2023-03-14 20:00:00+00:00,0.02186338953986855,0.020528341641494974,6.536688716426203
AVAX,long,2023-03-15 20:00:00+00:00,2023-03-16 00:00:00+00:00,2023-03-16 04:00:00+00:00,-0.0006430868167203174,-0.0021830542038426826,7.710732744665526
ADA,long,2023-03-17 04:00:00+00:00,2023-03-17 08:00:00+00:00,2023-03-17 12:00:00+00:00,0.04111812443642937,0.03904030093570543,9.988775255673833
ETH,long,2023-03-17 04:00:00+00:00,2023-03-17 08:00:00+00:00,2023-03-17 12:00:00+00:00,0.02645610559132905,0.025421564451440837,5.041924062981029
XRP,long,2023-03-17 20:00:00+00:00,2023-03-18 00:00:00+00:00,2023-03-18 04:00:00+00:00,0.010664349474682089,0.009504214605586592,5.742762706652812
LINK,short,2023-03-18 08:00:00+00:00,2023-03-18 12:00:00+00:00,2023-03-18 16:00:00+00:00,0.02846164792941508,0.027117979513772816,6.536688716426203
DOT,short,2023-03-18 20:00:00+00:00,2023-03-19 00:00:00+00:00,2023-03-19 04:00:00+00:00,-0.024258343634116164,-0.02602219136924111,9.046674492363598
LINK,short,2023-03-19 04:00:00+00:00,2023-03-19 08:00:00+00:00,2023-03-19 12:00:00+00:00,-0.007321881160236576,-0.008618798977123143,6.536688716426203
XRP,long,2023-03-19 08:00:00+00:00,2023-03-19 12:00:00+00:00,2023-03-19 16:00:00+00:00,-0.004168890922494284,-0.005311998813824603,5.742762706652812
SOL,long,2023-03-20 08:00:00+00:00,2023-03-20 12:00:00+00:00,2023-03-20 16:00:00+00:00,-0.006476239492194225,-0.007667936848499091,6.000925858297193
ETH,short,2023-03-21 00:00:00+00:00,2023-03-21 04:00:00+00:00,2023-03-21 08:00:00+00:00,0.009462044888357113,0.008444631665420754,5.041924062981029
SOL,short,2023-03-21 08:00:00+00:00,2023-03-21 12:00:00+00:00,2023-03-21 16:00:00+00:00,-0.02046515687044559,-0.021640075004632164,6.000925858297193
ADA,long,2023-03-21 12:00:00+00:00,2023-03-21 16:00:00+00:00,2023-03-21 20:00:00+00:00,0.03544217104699943,0.03337567539569508,9.988775255673833
XRP,short,2023-03-21 20:00:00+00:00,2023-03-22 00:00:00+00:00,2023-03-22 04:00:00+00:00,0.02341808032794024,0.022243305536222113,5.742762706652812
DOT,long,2023-03-23 00:00:00+00:00,2023-03-23 04:00:00+00:00,2023-03-23 08:00:00+00:00,0.017147568013190284,0.015308870830977206,9.046674492363598
DOT,long,2023-03-23 12:00:00+00:00,2023-03-23 16:00:00+00:00,2023-03-23 20:00:00+00:00,-0.009090909090909038,-0.0108821749903526,9.046674492363598
DOT,short,2023-03-24 04:00:00+00:00,2023-03-24 08:00:00+00:00,2023-03-24 12:00:00+00:00,0.03777923784494086,0.035903244802837575,9.046674492363598
LINK,long,2023-03-25 04:00:00+00:00,2023-03-25 08:00:00+00:00,2023-03-25 12:00:00+00:00,-0.004756575265808638,-0.006056844613122947,6.536688716426203
LINK,long,2023-03-28 04:00:00+00:00,2023-03-28 08:00:00+00:00,2023-03-28 12:00:00+00:00,-0.0011656709893632655,-0.0024706317947106315,6.536688716426203
LINK,short,2023-03-31 12:00:00+00:00,2023-03-31 16:00:00+00:00,2023-03-31 20:00:00+00:00,-0.004073587385019839,-0.005374749044891991,6.536688716426203
XRP,long,2023-04-01 08:00:00+00:00,2023-04-01 12:00:00+00:00,2023-04-01 16:00:00+00:00,-0.006562979359624022,-0.007703339092797523,5.742762706652812
LINK,long,2023-04-04 00:00:00+00:00,2023-04-04 04:00:00+00:00,2023-04-04 08:00:00+00:00,0.0008274720728174145,-0.00048009274152338577,6.536688716426203
DOT,long,2023-04-04 12:00:00+00:00,2023-04-04 16:00:00+00:00,2023-04-04 20:00:00+00:00,0.013217229046804446,0.011385636736499727,9.046674492363598
SOL,short,2023-04-04 16:00:00+00:00,2023-04-04 20:00:00+00:00,2023-04-05 00:00:00+00:00,0.001482048094850974,0.00028080504809047113,6.000925858297193
LINK,short,2023-04-05 00:00:00+00:00,2023-04-05 04:00:00+00:00,2023-04-05 08:00:00+00:00,0.0064892067275856835,0.005174244949003537,6.536688716426203
DOT,short,2023-04-09 04:00:00+00:00,2023-04-09 08:00:00+00:00,2023-04-09 12:00:00+00:00,-0.0008144648965628942,-0.0026206921202993616,9.046674492363598
AVAX,short,2023-04-12 16:00:00+00:00,2023-04-12 20:00:00+00:00,2023-04-13 00:00:00+00:00,-0.014794520547945167,-0.01631268116499418,7.710732744665526
ETH,long,2023-04-13 00:00:00+00:00,2023-04-13 04:00:00+00:00,2023-04-13 08:00:00+00:00,0.00464812297396211,0.0036355615905123706,5.041924062981029
SOL,long,2023-04-13 00:00:00+00:00,2023-04-13 04:00:00+00:00,2023-04-13 08:00:00+00:00,0.0053342223703951586,0.004128358773948015,6.000925858297193
ETH,short,2023-04-14 00:00:00+00:00,2023-04-14 04:00:00+00:00,2023-04-14 08:00:00+00:00,0.0010631229235880113,5.4174777975202204e-05,5.041924062981029
ADA,short,2023-04-14 16:00:00+00:00,2023-04-14 20:00:00+00:00,2023-04-15 00:00:00+00:00,-0.009500536688971661,-0.011477337413131505,9.988775255673833
ETH,short,2023-04-14 16:00:00+00:00,2023-04-14 20:00:00+00:00,2023-04-15 00:00:00+00:00,-0.004067189591042686,-0.005070967014470629,5.041924062981029
AVAX,long,2023-04-14 20:00:00+00:00,2023-04-15 00:00:00+00:00,2023-04-15 04:00:00+00:00,0.0,-0.0015409583571267538,7.710732744665526
AVAX,short,2023-04-15 08:00:00+00:00,2023-04-15 12:00:00+00:00,2023-04-15 16:00:00+00:00,0.01354872329338197,0.011986886917867645,7.710732744665526
SOL,short,2023-04-15 08:00:00+00:00,2023-04-15 12:00:00+00:00,2023-04-15 16:00:00+00:00,0.0009452961242859548,-0.00025530310706756154,6.000925858297193
ADA,long,2023-04-15 20:00:00+00:00,2023-04-16 00:00:00+00:00,2023-04-16 04:00:00+00:00,-0.007558512166552456,-0.0095391887085442,9.988775255673833
AVAX,long,2023-04-16 08:00:00+00:00,2023-04-16 12:00:00+00:00,2023-04-16 16:00:00+00:00,0.005768222338751849,0.004218375391206397,7.710732744665526
ETH,short,2023-04-16 08:00:00+00:00,2023-04-16 12:00:00+00:00,2023-04-16 16:00:00+00:00,-0.003275964164963452,-0.004280539046022436,5.041924062981029
ADA,long,2023-04-17 00:00:00+00:00,2023-04-17 04:00:00+00:00,2023-04-17 08:00:00+00:00,-0.013426592299388251,-0.015395557552797201,9.988775255673833
AVAX,short,2023-04-17 04:00:00+00:00,2023-04-17 08:00:00+00:00,2023-04-17 12:00:00+00:00,0.011291114383897849,0.009732756889699878,7.710732744665526
AVAX,long,2023-04-17 16:00:00+00:00,2023-04-17 20:00:00+00:00,2023-04-18 00:00:00+00:00,-0.007733204446592534,-0.009262246257700113,7.710732744665526
ETH,long,2023-04-17 16:00:00+00:00,2023-04-17 20:00:00+00:00,2023-04-18 00:00:00+00:00,-0.0015157347704742863,-0.002522083745636561,5.041924062981029
AVAX,long,2023-04-18 04:00:00+00:00,2023-04-18 08:00:00+00:00,2023-04-18 12:00:00+00:00,0.0013999066728884735,-0.0001432088821252675,7.710732744665526
ADA,long,2023-04-18 20:00:00+00:00,2023-04-19 00:00:00+00:00,2023-04-19 04:00:00+00:00,-0.014586198345244328,-0.016552849301517014,9.988775255673833
XRP,long,2023-04-19 20:00:00+00:00,2023-04-20 00:00:00+00:00,2023-04-20 04:00:00+00:00,0.006781110635958321,0.0056254333108378685,5.742762706652812
LINK,short,2023-04-20 00:00:00+00:00,2023-04-20 04:00:00+00:00,2023-04-20 08:00:00+00:00,0.005787781350482302,0.004473735972747139,6.536688716426203
ETH,long,2023-04-20 04:00:00+00:00,2023-04-20 08:00:00+00:00,2023-04-20 12:00:00+00:00,-0.004570754354015327,-0.005574024246277731,5.041924062981029
SOL,short,2023-04-21 00:00:00+00:00,2023-04-21 04:00:00+00:00,2023-04-21 08:00:00+00:00,0.001616524472384473,0.00041512012586442104,6.000925858297193
LINK,short,2023-04-23 04:00:00+00:00,2023-04-23 08:00:00+00:00,2023-04-23 12:00:00+00:00,0.0019673974142777606,0.0006583433060185495,6.536688716426203
SOL,short,2023-04-23 08:00:00+00:00,2023-04-23 12:00:00+00:00,2023-04-23 16:00:00+00:00,0.022827041264267045,0.021600195637134112,6.000925858297193
LINK,long,2023-04-23 16:00:00+00:00,2023-04-23 20:00:00+00:00,2023-04-24 00:00:00+00:00,0.018992805755395636,0.017661508228048017,6.536688716426203
XRP,long,2023-04-23 16:00:00+00:00,2023-04-23 20:00:00+00:00,2023-04-24 00:00:00+00:00,0.009012530675179597,0.007854291917872347,5.742762706652812
ETH,short,2023-04-24 12:00:00+00:00,2023-04-24 16:00:00+00:00,2023-04-24 20:00:00+00:00,0.0015285761858747637,0.0005191589207877989,5.041924062981029
AVAX,long,2023-04-24 20:00:00+00:00,2023-04-25 00:00:00+00:00,2023-04-25 04:00:00+00:00,-0.005910165484633634,-0.007442016522865136,7.710732744665526
XRP,short,2023-04-25 00:00:00+00:00,2023-04-25 04:00:00+00:00,2023-04-25 08:00:00+00:00,0.009228335384074526,0.008069848905980503,5.742762706652812
ADA,short,2023-04-26 20:00:00+00:00,2023-04-27 00:00:00+00:00,2023-04-27 04:00:00+00:00,-0.00724906603330111,-0.009230360155981221,9.988775255673833
ETH,short,2023-04-27 00:00:00+00:00,2023-04-27 04:00:00+00:00,2023-04-27 08:00:00+00:00,0.007416445623342094,0.0064010941121375176,5.041924062981029
LINK,long,2023-04-27 00:00:00+00:00,2023-04-27 04:00:00+00:00,2023-04-27 08:00:00+00:00,0.0008509431286343183,-0.00045665235025915685,6.536688716426203
ADA,short,2023-04-27 08:00:00+00:00,2023-04-27 12:00:00+00:00,2023-04-27 16:00:00+00:00,-0.021376408569908634,-0.023329507885835876,9.988775255673833
ADA,short,2023-04-27 20:00:00+00:00,2023-04-28 00:00:00+00:00,2023-04-28 04:00:00+00:00,0.004558488346445122,0.0025536291609729034,9.988775255673833
ADA,long,2023-04-28 08:00:00+00:00,2023-04-28 12:00:00+00:00,2023-04-28 16:00:00+00:00,-0.0019884174682475164,-0.003980210590955324,9.988775255673833
AVAX,long,2023-04-28 16:00:00+00:00,2023-04-28 20:00:00+00:00,2023-04-29 00:00:00+00:00,0.0005701254275942702,-0.0009717114690750428,7.710732744665526
XRP,long,2023-04-28 20:00:00+00:00,2023-04-29 00:00:00+00:00,2023-04-29 04:00:00+00:00,0.002669391670663712,0.0015184341603327045,5.742762706652812
DOT,long,2023-04-29 00:00:00+00:00,2023-04-29 04:00:00+00:00,2023-04-29 08:00:00+00:00,-0.004680708793045829,-0.006479947009501941,9.046674492363598
ADA,short,2023-04-29 16:00:00+00:00,2023-04-29 20:00:00+00:00,2023-04-30 00:00:00+00:00,0.003973773097556199,0.001970080864283519,9.988775255673833
AVAX,short,2023-04-29 20:00:00+00:00,2023-04-30 00:00:00+00:00,2023-04-30 04:00:00+00:00,0.010404624277456698,0.008847632827596597,7.710732744665526
ADA,long,2023-04-30 04:00:00+00:00,2023-04-30 08:00:00+00:00,2023-04-30 12:00:00+00:00,-0.00538586211195613,-0.007370874745344591,9.988775255673833
DOT,short,2023-04-30 16:00:00+00:00,2023-04-30 20:00:00+00:00,2023-05-01 00:00:00+00:00,0.010553191489361735,0.008726414958501572,9.046674492363598
AVAX,long,2023-04-30 20:00:00+00:00,2023-05-01 00:00:00+00:00,2023-05-01 04:00:00+00:00,-0.008771929824561542,-0.010299371003117175,7.710732744665526
ETH,long,2023-05-02 16:00:00+00:00,2023-05-02 20:00:00+00:00,2023-05-03 00:00:00+00:00,0.0006047728890481441,-0.00040371329626787134,5.041924062981029
LINK,long,2023-05-03 04:00:00+00:00,2023-05-03 08:00:00+00:00,2023-05-03 12:00:00+00:00,-0.009463722397476282,-0.01075784193362228,6.536688716426203
SOL,long,2023-05-03 12:00:00+00:00,2023-05-03 16:00:00+00:00,2023-05-03 20:00:00+00:00,0.0035161744022504937,0.0023124914914030015,6.000925858297193
LINK,long,2023-05-03 16:00:00+00:00,2023-05-03 20:00:00+00:00,2023-05-04 00:00:00+00:00,0.019593821510297316,0.01826173876564141,6.536688716426203
ADA,long,2023-05-04 04:00:00+00:00,2023-05-04 08:00:00+00:00,2023-05-04 12:00:00+00:00,0.00211438033371536,0.00011439900498988465,9.988775255673833
DOT,long,2023-05-04 12:00:00+00:00,2023-05-04 16:00:00+00:00,2023-05-04 20:00:00+00:00,-0.005118249205789072,-0.006916696480645856,9.046674492363598
DOT,long,2023-05-05 00:00:00+00:00,2023-05-05 04:00:00+00:00,2023-05-05 08:00:00+00:00,0.0031391698639693377,0.0013257956565282392,9.046674492363598
ETH,short,2023-05-05 08:00:00+00:00,2023-05-05 12:00:00+00:00,2023-05-05 16:00:00+00:00,-0.021257314881656386,-0.02224376677921336,5.041924062981029
DOT,long,2023-05-06 12:00:00+00:00,2023-05-06 16:00:00+00:00,2023-05-06 20:00:00+00:00,0.010710460549803624,0.00888339972373653,9.046674492363598
ETH,short,2023-05-07 00:00:00+00:00,2023-05-07 04:00:00+00:00,2023-05-07 08:00:00+00:00,-0.006527750812033384,-0.007529048293263729,5.041924062981029
DOT,long,2023-05-08 12:00:00+00:00,2023-05-08 16:00:00+00:00,2023-05-08 20:00:00+00:00,-0.02123730378578026,-0.0230066126532239,9.046674492363598
ETH,short,2023-05-08 16:00:00+00:00,2023-05-08 20:00:00+00:00,2023-05-09 00:00:00+00:00,-0.009706320205711272,-0.010704414081073033,5.041924062981029
SOL,long,2023-05-08 20:00:00+00:00,2023-05-09 00:00:00+00:00,2023-05-09 04:00:00+00:00,0.0004363636363635681,-0.0007636251480891421,6.000925858297193
DOT,short,2023-05-09 00:00:00+00:00,2023-05-09 04:00:00+00:00,2023-05-09 08:00:00+00:00,0.00037188545927846484,-0.0014364863294404895,9.046674492363598
XRP,short,2023-05-09 00:00:00+00:00,2023-05-09 04:00:00+00:00,2023-05-09 08:00:00+00:00,-0.005071017725085114,-0.0062130900710727355,5.742762706652812
DOT,short,2023-05-10 08:00:00+00:00,2023-05-10 12:00:00+00:00,2023-05-10 16:00:00+00:00,-0.027002371829958016,-0.028761259186598775,9.046674492363598
AVAX,long,2023-05-11 20:00:00+00:00,2023-05-12 00:00:00+00:00,2023-05-12 04:00:00+00:00,-0.018048128342246117,-0.019561275285173596,7.710732744665526
SOL,long,2023-05-11 20:00:00+00:00,2023-05-12 00:00:00+00:00,2023-05-12 04:00:00+00:00,-0.009267978391237608,-0.010456327153379297,6.000925858297193
XRP,short,2023-05-12 20:00:00+00:00,2023-05-13 00:00:00+00:00,2023-05-13 04:00:00+00:00,0.009614482693931059,0.008455552959914403,5.742762706652812
ETH,short,2023-05-13 08:00:00+00:00,2023-05-13 12:00:00+00:00,2023-05-13 16:00:00+00:00,0.00445434298440972,0.003441976907286426,5.041924062981029
ADA,short,2023-05-14 20:00:00+00:00,2023-05-15 00:00:00+00:00,2023-05-15 04:00:00+00:00,-0.0016953713670612158,-0.003687749339904456,9.988775255673833
AVAX,long,2023-05-15 00:00:00+00:00,2023-05-15 04:00:00+00:00,2023-05-15 08:00:00+00:00,0.010582010582010692,0.009024745787242106,7.710732744665526
DOT,short,2023-05-17 20:00:00+00:00,2023-05-18 00:00:00+00:00,2023-05-18 04:00:00+00:00,-0.007148093841642389,-0.008942871767301797,9.046674492363598
ADA,short,2023-05-18 08:00:00+00:00,2023-05-18 12:00:00+00:00,2023-05-18 16:00:00+00:00,0.013934207007221255,0.011910636123131813,9.988775255673833
XRP,short,2023-05-18 12:00:00+00:00,2023-05-18 16:00:00+00:00,2023-05-18 20:00:00+00:00,0.007676661636375481,0.006519956314231967,5.742762706652812
AVAX,short,2023-05-19 12:00:00+00:00,2023-05-19 16:00:00+00:00,2023-05-19 20:00:00+00:00,0.000680735194009463,-0.0008612721477035956,7.710732744665526
SOL,short,2023-05-21 12:00:00+00:00,2023-05-21 16:00:00+00:00,2023-05-21 20:00:00+00:00,-0.0029026123511159962,-0.004098596149462619,6.000925858297193
SOL,long,2023-05-22 00:00:00+00:00,2023-05-22 04:00:00+00:00,2023-05-22 08:00:00+00:00,0.008086391319924058,0.00687722659209844,6.000925858297193
XRP,short,2023-05-22 16:00:00+00:00,2023-05-22 20:00:00+00:00,2023-05-23 00:00:00+00:00,-0.00229675853700817,-0.003442015436622925,5.742762706652812
AVAX,long,2023-05-23 08:00:00+00:00,2023-05-23 12:00:00+00:00,2023-05-23 16:00:00+00:00,0.0020338983050847137,0.0004898057953670598,7.710732744665526
AVAX,long,2023-05-24 16:00:00+00:00,2023-05-24 20:00:00+00:00,2023-05-25 00:00:00+00:00,0.0014174344436570507,-0.00012570812092138617,7.710732744665526
XRP,long,2023-05-24 20:00:00+00:00,2023-05-25 00:00:00+00:00,2023-05-25 04:00:00+00:00,0.0004416083375653468,-0.0007067919151292346,5.742762706652812
AVAX,short,2023-05-28 12:00:00+00:00,2023-05-28 16:00:00+00:00,2023-05-28 20:00:00+00:00,-0.007518796992481258,-0.009048169196547162,7.710732744665526
SOL,short,2023-05-28 12:00:00+00:00,2023-05-28 16:00:00+00:00,2023-05-28 20:00:00+00:00,-0.012425950007224462,-0.01361051089173737,6.000925858297193
XRP,short,2023-05-28 12:00:00+00:00,2023-05-28 16:00:00+00:00,2023-05-28 20:00:00+00:00,-0.009728279100972737,-0.010865005407674988,5.742762706652812
AVAX,short,2023-05-30 08:00:00+00:00,2023-05-30 12:00:00+00:00,2023-05-30 16:00:00+00:00,0.01730103806228378,0.01573341952596774,7.710732744665526
ETH,short,2023-05-30 20:00:00+00:00,2023-05-31 00:00:00+00:00,2023-05-31 04:00:00+00:00,0.0020713645707057804,0.0010614002418805057,5.041924062981029
LINK,long,2023-05-31 04:00:00+00:00,2023-05-31 08:00:00+00:00,2023-05-31 12:00:00+00:00,-0.0037014188772362955,-0.005003066769210807,6.536688716426203
ADA,short,2023-06-02 00:00:00+00:00,2023-06-02 04:00:00+00:00,2023-06-02 08:00:00+00:00,0.00040329085336332504,-0.0015932755488031747,9.988775255673833
AVAX,short,2023-06-02 00:00:00+00:00,2023-06-02 04:00:00+00:00,2023-06-02 08:00:00+00:00,-0.00557880055788007,-0.007111162215664546,7.710732744665526
XRP,long,2023-06-02 20:00:00+00:00,2023-06-03 00:00:00+00:00,2023-06-03 04:00:00+00:00,-0.002154884723202355,-0.003300304478822347,5.742762706652812
DOT,short,2023-06-03 12:00:00+00:00,2023-06-03 16:00:00+00:00,2023-06-03 20:00:00+00:00,0.006660323501427312,0.004840584106205137,9.046674492363598
ADA,short,2023-06-05 08:00:00+00:00,2023-06-05 12:00:00+00:00,2023-06-05 16:00:00+00:00,0.04894888994919877,0.04685543810791559,9.988775255673833
AVAX,long,2023-06-05 12:00:00+00:00,2023-06-05 16:00:00+00:00,2023-06-05 20:00:00+00:00,-0.005007153075822668,-0.0065403956185718926,7.710732744665526
DOT,long,2023-06-05 12:00:00+00:00,2023-06-05 16:00:00+00:00,2023-06-05 20:00:00+00:00,0.0061777600637704655,0.0043588929982487645,9.046674492363598
LINK,short,2023-06-05 16:00:00+00:00,2023-06-05 20:00:00+00:00,2023-06-06 00:00:00+00:00,-0.00033041467041128314,-0.0016364667245543085,6.536688716426203
XRP,short,2023-06-05 16:00:00+00:00,2023-06-05 20:00:00+00:00,2023-06-06 00:00:00+00:00,-0.008804166257246782,-0.009941953346921828,5.742762706652812
DOT,short,2023-06-06 00:00:00+00:00,2023-06-06 04:00:00+00:00,2023-06-06 08:00:00+00:00,0.00039455513908071005,-0.0014138576296078842,9.046674492363598
LINK,long,2023-06-06 04:00:00+00:00,2023-06-06 08:00:00+00:00,2023-06-06 12:00:00+00:00,0.0041084634346755244,0.002796612058484138,6.536688716426203
LINK,long,2023-06-06 16:00:00+00:00,2023-06-06 20:00:00+00:00,2023-06-07 00:00:00+00:00,-0.004926891290527591,-0.006226938122725678,6.536688716426203
SOL,long,2023-06-06 16:00:00+00:00,2023-06-06 20:00:00+00:00,2023-06-07 00:00:00+00:00,-0.009569610414845053,-0.010757597379816297,6.000925858297193
XRP,long,2023-06-06 16:00:00+00:00,2023-06-06 20:00:00+00:00,2023-06-07 00:00:00+00:00,0.003180492976411431,0.002028948776298556,5.742762706652812
DOT,short,2023-06-07 00:00:00+00:00,2023-06-07 04:00:00+00:00,2023-06-07 08:00:00+00:00,-0.000773245698820868,-0.0025795474344817437,9.046674492363598
AVAX,long,2023-06-07 12:00:00+00:00,2023-06-07 16:00:00+00:00,2023-06-07 20:00:00+00:00,0.0028409090909089496,0.001295573011176554,7.710732744665526
ADA,short,2023-06-07 20:00:00+00:00,2023-06-08 00:00:00+00:00,2023-06-08 04:00:00+00:00,0.001149568135214274,-0.000848487658442254,9.988775255673833
AVAX,short,2023-06-08 00:00:00+00:00,2023-06-08 04:00:00+00:00,2023-06-08 08:00:00+00:00,-0.0007194244604316058,-0.0022592742144239564,7.710732744665526
DOT,long,2023-06-08 04:00:00+00:00,2023-06-08 08:00:00+00:00,2023-06-08 12:00:00+00:00,-0.002189926338841408,-0.003993667141573121,9.046674492363598
DOT,long,2023-06-08 20:00:00+00:00,2023-06-09 00:00:00+00:00,2023-06-09 04:00:00+00:00,-0.0031859816806053542,-0.004987921914562432,9.046674492363598
ADA,short,2023-06-10 00:00:00+00:00,2023-06-10 04:00:00+00:00,2023-06-10 08:00:00+00:00,0.15091431665764143,0.14861736614036447,9.988775255673833
SOL,short,2023-06-10 00:00:00+00:00,2023-06-10 04:00:00+00:00,2023-06-10 08:00:00+00:00,0.13117144642733147,0.12981464543693955,6.000925858297193
LINK,short,2023-06-10 04:00:00+00:00,2023-06-10 08:00:00+00:00,2023-06-10 12:00:00+00:00,0.007500986971969992,0.006184703318954821,6.536688716426203
XRP,short,2023-06-10 04:00:00+00:00,2023-06-10 08:00:00+00:00,2023-06-10 12:00:00+00:00,-0.011729317236645498,-0.012863746565011991,5.742762706652812
SOL,short,2023-06-10 12:00:00+00:00,2023-06-10 16:00:00+00:00,2023-06-10 20:00:00+00:00,-0.03608012004958572,-0.03723630857600757,6.000925858297193
DOT,long,2023-06-10 20:00:00+00:00,2023-06-11 00:00:00+00:00,2023-06-11 04:00:00+00:00,-0.006423034330011013,-0.008219122945410162,9.046674492363598
XRP,short,2023-06-11 12:00:00+00:00,2023-06-11 16:00:00+00:00,2023-06-11 20:00:00+00:00,-0.03177958033436157,-0.03289099409938456,5.742762706652812
DOT,long,2023-06-12 04:00:00+00:00,2023-06-12 08:00:00+00:00,2023-06-12 12:00:00+00:00,0.012768817204301008,0.010938035487873643,9.046674492363598
ADA,long,2023-06-12 16:00:00+00:00,2023-06-12 20:00:00+00:00,2023-06-13 00:00:00+00:00,0.0012754637221676912,-0.0007228433290581426,9.988775255673833
DOT,long,2023-06-13 04:00:00+00:00,2023-06-13 08:00:00+00:00,2023-06-13 12:00:00+00:00,0.00975292587776333,0.007927595986674252,9.046674492363598
XRP,long,2023-06-13 12:00:00+00:00,2023-06-13 16:00:00+00:00,2023-06-13 20:00:00+00:00,0.018803654406552628,0.017634176483587227,5.742762706652812
ADA,long,2023-06-14 08:00:00+00:00,2023-06-14 12:00:00+00:00,2023-06-14 16:00:00+00:00,-0.005345454545454653,-0.007330547822709699,9.988775255673833
DOT,long,2023-06-14 08:00:00+00:00,2023-06-14 12:00:00+00:00,2023-06-14 16:00:00+00:00,-0.00042780748663096,-0.002234733670786304,9.046674492363598
LINK,long,2023-06-14 12:00:00+00:00,2023-06-14 16:00:00+00:00,2023-06-14 20:00:00+00:00,0.010385756676557945,0.009065704118842888,6.536688716426203
DOT,short,2023-06-14 20:00:00+00:00,2023-06-15 00:00:00+00:00,2023-06-15 04:00:00+00:00,-0.009321482766095901,-0.011112331857614843,9.046674492363598
ETH,short,2023-06-15 04:00:00+00:00,2023-06-15 08:00:00+00:00,2023-06-15 12:00:00+00:00,-0.0016311724356204982,-0.00263740506385568,5.041924062981029
XRP,short,2023-06-15 04:00:00+00:00,2023-06-15 08:00:00+00:00,2023-06-15 12:00:00+00:00,-0.012903631900295864,-0.014036713240688337,5.742762706652812
LINK,short,2023-06-16 16:00:00+00:00,2023-06-16 20:00:00+00:00,2023-06-17 00:00:00+00:00,0.009768927296637253,0.008449680616474442,6.536688716426203
AVAX,long,2023-06-17 16:00:00+00:00,2023-06-17 20:00:00+00:00,2023-06-18 00:00:00+00:00,-0.002577319587628968,-0.0041143064025983556,7.710732744665526
ADA,short,2023-06-18 00:00:00+00:00,2023-06-18 04:00:00+00:00,2023-06-18 08:00:00+00:00,0.002137072585483013,0.000137045968434224,9.988775255673833
SOL,short,2023-06-18 16:00:00+00:00,2023-06-18 20:00:00+00:00,2023-06-19 00:00:00+00:00,0.024156466550093958,0.022928026323353334,6.000925858297193
ETH,long,2023-06-19 04:00:00+00:00,2023-06-19 08:00:00+00:00,2023-06-19 12:00:00+00:00,0.0006262285386262612,-0.0003822792713380485,5.041924062981029
LINK,short,2023-06-21 16:00:00+00:00,2023-06-21 20:00:00+00:00,2023-06-22 00:00:00+00:00,-0.006478315637934218,-0.0077763355594556716,6.536688716426203
ADA,long,2023-06-22 04:00:00+00:00,2023-06-22 08:00:00+00:00,2023-06-22 12:00:00+00:00,-0.031011087208340227,-0.03294495800328878,9.988775255673833
DOT,short,2023-06-22 04:00:00+00:00,2023-06-22 08:00:00+00:00,2023-06-22 12:00:00+00:00,0.017623885548413876,0.015784327327215575,9.046674492363598
AVAX,long,2023-06-22 08:00:00+00:00,2023-06-22 12:00:00+00:00,2023-06-22 16:00:00+00:00,-0.00391236306729259,-0.005447292635854861,7.710732744665526
ADA,short,2023-06-23 00:00:00+00:00,2023-06-23 04:00:00+00:00,2023-06-23 08:00:00+00:00,-0.0030998773674886237,-0.005089452281287765,9.988775255673833
DOT,long,2023-06-23 12:00:00+00:00,2023-06-23 16:00:00+00:00,2023-06-23 20:00:00+00:00,0.0027515723270441494,0.0009388987794889392,9.046674492363598
AVAX,short,2023-06-23 16:00:00+00:00,2023-06-23 20:00:00+00:00,2023-06-24 00:00:00+00:00,-0.0007530120481927804,-0.00229281004511106,7.710732744665526
XRP,long,2023-06-23 16:00:00+00:00,2023-06-23 20:00:00+00:00,2023-06-24 00:00:00+00:00,-0.009302882695839787,-0.010440097312239383,5.742762706652812
LINK,long,2023-06-24 00:00:00+00:00,2023-06-24 04:00:00+00:00,2023-06-24 08:00:00+00:00,-0.009703947368421062,-0.010997753054549753,6.536688716426203
DOT,long,2023-06-24 04:00:00+00:00,2023-06-24 08:00:00+00:00,2023-06-24 12:00:00+00:00,0.0007931786634938209,-0.0010159546967529742,9.046674492363598
XRP,short,2023-06-24 04:00:00+00:00,2023-06-24 08:00:00+00:00,2023-06-24 12:00:00+00:00,-0.004894494201750588,-0.006036769177913848,5.742762706652812
ETH,short,2023-06-24 16:00:00+00:00,2023-06-24 20:00:00+00:00,2023-06-25 00:00:00+00:00,0.006712196578325891,0.005697554863288712,5.041924062981029
LINK,short,2023-06-25 04:00:00+00:00,2023-06-25 08:00:00+00:00,2023-06-25 12:00:00+00:00,-0.004274857504749874,-0.005575756208484051,6.536688716426203
DOT,short,2023-06-25 16:00:00+00:00,2023-06-25 20:00:00+00:00,2023-06-26 00:00:00+00:00,-0.011939148854226755,-0.013725265991984426,9.046674492363598
LINK,long,2023-06-26 20:00:00+00:00,2023-06-27 00:00:00+00:00,2023-06-27 04:00:00+00:00,0.021617161716171562,0.02028243551044495,6.536688716426203
DOT,short,2023-06-27 04:00:00+00:00,2023-06-27 08:00:00+00:00,2023-06-27 12:00:00+00:00,-0.003126221180148492,-0.004928269443133959,9.046674492363598
SOL,long,2023-06-27 08:00:00+00:00,2023-06-27 12:00:00+00:00,2023-06-27 16:00:00+00:00,-0.0172610128858256,-0.018439774279798704,6.000925858297193
LINK,short,2023-06-27 12:00:00+00:00,2023-06-27 16:00:00+00:00,2023-06-27 20:00:00+00:00,-0.017019910083493905,-0.018304157583325376,6.536688716426203
ADA,short,2023-06-27 20:00:00+00:00,2023-06-28 00:00:00+00:00,2023-06-28 04:00:00+00:00,0.022904848549716528,0.02086337440433894,9.988775255673833
LINK,long,2023-06-28 04:00:00+00:00,2023-06-28 08:00:00+00:00,2023-06-28 12:00:00+00:00,0.00351640991292701,0.002205332045032371,6.536688716426203
ETH,long,2023-06-28 16:00:00+00:00,2023-06-28 20:00:00+00:00,2023-06-29 00:00:00+00:00,-0.001997434987857094,-0.003003298468618465,5.041924062981029
SOL,long,2023-06-29 04:00:00+00:00,2023-06-29 08:00:00+00:00,2023-06-29 12:00:00+00:00,0.11055059981544146,0.10921853281669525,6.000925858297193
AVAX,long,2023-06-29 12:00:00+00:00,2023-06-29 16:00:00+00:00,2023-06-29 20:00:00+00:00,0.007120253164556889,0.005568322793811253,7.710732744665526
LINK,short,2023-06-29 16:00:00+00:00,2023-06-29 20:00:00+00:00,2023-06-30 00:00:00+00:00,0.008314949940607663,0.006997602858212382,6.536688716426203
SOL,short,2023-06-29 20:00:00+00:00,2023-06-30 00:00:00+00:00,2023-06-30 04:00:00+00:00,-0.05064092419686661,-0.05177964754278874,6.000925858297193
XRP,short,2023-06-30 00:00:00+00:00,2023-06-30 04:00:00+00:00,2023-06-30 08:00:00+00:00,0.008093676421123464,0.006936492410488659,5.742762706652812
AVAX,short,2023-06-30 04:00:00+00:00,2023-06-30 08:00:00+00:00,2023-06-30 12:00:00+00:00,-0.0113378684807256,-0.012861355654665174,7.710732744665526
DOT,short,2023-06-30 08:00:00+00:00,2023-06-30 12:00:00+00:00,2023-06-30 16:00:00+00:00,0.039010657550774264,0.037132438471845663,9.046674492363598
LINK,short,2023-06-30 08:00:00+00:00,2023-06-30 12:00:00+00:00,2023-06-30 16:00:00+00:00,0.024334100624794575,0.02299582478257345,6.536688716426203
SOL,short,2023-06-30 12:00:00+00:00,2023-06-30 16:00:00+00:00,2023-06-30 20:00:00+00:00,-0.042888563049853334,-0.04403658508459529,6.000925858297193
XRP,short,2023-06-30 12:00:00+00:00,2023-06-30 16:00:00+00:00,2023-06-30 20:00:00+00:00,-0.02599035841542663,-0.027108417589696066,5.742762706652812
ADA,long,2023-06-30 20:00:00+00:00,2023-07-01 00:00:00+00:00,2023-07-01 04:00:00+00:00,-0.0035877251036261493,-0.0055763263896810855,9.988775255673833
DOT,short,2023-06-30 20:00:00+00:00,2023-07-01 00:00:00+00:00,2023-07-01 04:00:00+00:00,-0.003079291762894565,-0.0048814248601656285,9.046674492363598
XRP,long,2023-07-01 08:00:00+00:00,2023-07-01 12:00:00+00:00,2023-07-01 16:00:00+00:00,0.0031022246775598283,0.0019507703211056882,5.742762706652812
ADA,long,2023-07-02 12:00:00+00:00,2023-07-02 16:00:00+00:00,2023-07-02 20:00:00+00:00,0.0007955449482897059,-0.0012018042995096678,9.988775255673833
ADA,short,2023-07-03 08:00:00+00:00,2023-07-03 12:00:00+00:00,2023-07-03 16:00:00+00:00,-0.002503806462527347,-0.0044945709917076915,9.988775255673833
ADA,short,2023-07-03 20:00:00+00:00,2023-07-04 00:00:00+00:00,2023-07-04 04:00:00+00:00,-0.010272487743054337,-0.012247747836997669,9.988775255673833
LINK,long,2023-07-04 04:00:00+00:00,2023-07-04 08:00:00+00:00,2023-07-04 12:00:00+00:00,0.009435421500386676,0.00811661054012247,6.536688716426203
DOT,short,2023-07-05 12:00:00+00:00,2023-07-05 16:00:00+00:00,2023-07-05 20:00:00+00:00,-0.00327805630543776,-0.005079830096138549,9.046674492363598
DOT,long,2023-07-06 04:00:00+00:00,2023-07-06 08:00:00+00:00,2023-07-06 12:00:00+00:00,-0.005700171005130206,-0.0074975663402230275,9.046674492363598
SOL,long,2023-07-06 12:00:00+00:00,2023-07-06 16:00:00+00:00,2023-07-06 20:00:00+00:00,0.06119236238066206,0.059919498879004385,6.000925858297193
ETH,long,2023-07-08 00:00:00+00:00,2023-07-08 04:00:00+00:00,2023-07-08 08:00:00+00:00,-0.0013088443548041617,-0.0023154018499852436,5.041924062981029
SOL,long,2023-07-08 00:00:00+00:00,2023-07-08 04:00:00+00:00,2023-07-08 08:00:00+00:00,0.014024727809559101,0.012808440252691122,6.000925858297193
ETH,long,2023-07-09 00:00:00+00:00,2023-07-09 04:00:00+00:00,2023-07-09 08:00:00+00:00,-0.00028379883481832735,-0.00129138944944307,5.041924062981029
ADA,long,2023-07-09 20:00:00+00:00,2023-07-10 00:00:00+00:00,2023-07-10 04:00:00+00:00,-0.0007387343018961934,-0.0027330214941918562,9.988775255673833
ETH,long,2023-07-10 08:00:00+00:00,2023-07-10 12:00:00+00:00,2023-07-10 16:00:00+00:00,0.003422177642130375,0.0024108518603533913,5.041924062981029
ADA,long,2023-07-11 04:00:00+00:00,2023-07-11 08:00:00+00:00,2023-07-11 12:00:00+00:00,-0.0013029315960914056,-0.0032960927851320987,9.988775255673833
AVAX,short,2023-07-11 16:00:00+00:00,2023-07-11 20:00:00+00:00,2023-07-12 00:00:00+00:00,-0.0007535795026375469,-0.002293376625132071,7.710732744665526
SOL,long,2023-07-13 04:00:00+00:00,2023-07-13 08:00:00+00:00,2023-07-13 12:00:00+00:00,0.030386613340688706,0.029150700268552043,6.000925858297193
ETH,long,2023-07-13 16:00:00+00:00,2023-07-13 20:00:00+00:00,2023-07-14 00:00:00+00:00,0.004835759565032349,0.0038230090670439143,5.041924062981029
SOL,long,2023-07-13 16:00:00+00:00,2023-07-13 20:00:00+00:00,2023-07-14 00:00:00+00:00,-0.007552351527634782,-0.008742758124806627,6.000925858297193
XRP,long,2023-07-13 16:00:00+00:00,2023-07-13 20:00:00+00:00,2023-07-14 00:00:00+00:00,-0.007015321657369733,-0.00815516214983536,5.742762706652812
LINK,long,2023-07-13 20:00:00+00:00,2023-07-14 00:00:00+00:00,2023-07-14 04:00:00+00:00,0.011500701262272095,0.010179192047589769,6.536688716426203
ADA,long,2023-07-14 00:00:00+00:00,2023-07-14 04:00:00+00:00,2023-07-14 08:00:00+00:00,-0.023942648361381713,-0.025890626074656975,9.988775255673833
XRP,short,2023-07-14 08:00:00+00:00,2023-07-14 12:00:00+00:00,2023-07-14 16:00:00+00:00,0.026207215660064564,0.025029239238492762,5.742762706652812
ETH,short,2023-07-15 00:00:00+00:00,2023-07-15 04:00:00+00:00,2023-07-15 08:00:00+00:00,-0.005820481915299158,-0.0068224922363350204,5.041924062981029
LINK,long,2023-07-15 08:00:00+00:00,2023-07-15 12:00:00+00:00,2023-07-15 16:00:00+00:00,0.00201207243460777,0.0007029599591612534,6.536688716426203
DOT,short,2023-07-16 20:00:00+00:00,2023-07-17 00:00:00+00:00,2023-07-17 04:00:00+00:00,-0.015210536078649528,-0.016990739531254184,9.046674492363598
ETH,long,2023-07-17 00:00:00+00:00,2023-07-17 04:00:00+00:00,2023-07-17 08:00:00+00:00,-0.001015107492632672,-0.0020219610383380715,5.041924062981029
SOL,long,2023-07-17 00:00:00+00:00,2023-07-17 04:00:00+00:00,2023-07-17 08:00:00+00:00,-0.013384252980227052,-0.014567664413498771,6.000925858297193
XRP,long,2023-07-17 00:00:00+00:00,2023-07-17 04:00:00+00:00,2023-07-17 08:00:00+00:00,-0.009631391200951245,-0.010768228724628015,5.742762706652812
ETH,long,2023-07-17 16:00:00+00:00,2023-07-17 20:00:00+00:00,2023-07-18 00:00:00+00:00,0.01287894848420601,0.011858091443923913,5.041924062981029
ETH,short,2023-07-19 12:00:00+00:00,2023-07-19 16:00:00+00:00,2023-07-19 20:00:00+00:00,-0.001764591918483105,-0.0027706900763369013,5.041924062981029
ADA,short,2023-07-20 00:00:00+00:00,2023-07-20 04:00:00+00:00,2023-07-20 08:00:00+00:00,0.006786635548458486,0.004777329512517747,9.988775255673833
LINK,long,2023-07-21 20:00:00+00:00,2023-07-22 00:00:00+00:00,2023-07-22 04:00:00+00:00,0.003198818897637734,0.0018881559572390127,6.536688716426203
ETH,short,2023-07-22 16:00:00+00:00,2023-07-22 20:00:00+00:00,2023-07-23 00:00:00+00:00,0.011240771101895586,0.010221565142343625,5.041924062981029
ETH,short,2023-07-24 12:00:00+00:00,2023-07-24 16:00:00+00:00,2023-07-24 20:00:00+00:00,-0.0030065592740997626,-0.0040114056820573785,5.041924062981029
ADA,short,2023-07-25 04:00:00+00:00,2023-07-25 08:00:00+00:00,2023-07-25 12:00:00+00:00,0.0006595218466611819,-0.0013375559314646734,9.988775255673833
DOT,long,2023-07-31 04:00:00+00:00,2023-07-31 08:00:00+00:00,2023-07-31 12:00:00+00:00,-0.0011587485515643925,-0.0029643534138990013,9.046674492363598
LINK,long,2023-07-31 04:00:00+00:00,2023-07-31 08:00:00+00:00,2023-07-31 12:00:00+00:00,0.003814283835328114,0.0025028167999985307,6.536688716426203
SOL,short,2023-08-02 00:00:00+00:00,2023-08-02 04:00:00+00:00,2023-08-02 08:00:00+00:00,0.0018199517501165108,0.0006183033996192133,6.000925858297193
AVAX,long,2023-08-05 20:00:00+00:00,2023-08-06 00:00:00+00:00,2023-08-06 04:00:00+00:00,0.012057877813504758,0.010498338768792026,7.710732744665526
AVAX,long,2023-08-07 12:00:00+00:00,2023-08-07 16:00:00+00:00,2023-08-07 20:00:00+00:00,0.0032206119162641045,0.0016746907302898073,7.710732744665526
LINK,long,2023-08-11 04:00:00+00:00,2023-08-11 08:00:00+00:00,2023-08-11 12:00:00+00:00,0.0022480825178523567,0.000938661699070753,6.536688716426203
ETH,short,2023-08-14 16:00:00+00:00,2023-08-14 20:00:00+00:00,2023-08-15 00:00:00+00:00,-0.0013110988308465688,-0.002317654053793916,5.041924062981029
ADA,short,2023-08-16 20:00:00+00:00,2023-08-17 00:00:00+00:00,2023-08-17 04:00:00+00:00,-0.0071567989590112235,-0.009138277224768565,9.988775255673833
XRP,long,2023-08-17 00:00:00+00:00,2023-08-17 04:00:00+00:00,2023-08-17 08:00:00+00:00,-0.001472280511744417,-0.002618483824188167,5.742762706652812
SOL,long,2023-08-17 12:00:00+00:00,2023-08-17 16:00:00+00:00,2023-08-17 20:00:00+00:00,0.010017059621188817,0.008805579123572826,6.000925858297193
ETH,long,2023-08-17 20:00:00+00:00,2023-08-18 00:00:00+00:00,2023-08-18 04:00:00+00:00,-0.0018507498214711537,-0.002856761142786657,5.041924062981029
ETH,long,2023-08-18 20:00:00+00:00,2023-08-19 00:00:00+00:00,2023-08-19 04:00:00+00:00,-0.0011013348419012248,-0.0021081014810747645,5.041924062981029
LINK,short,2023-08-19 04:00:00+00:00,2023-08-19 08:00:00+00:00,2023-08-19 12:00:00+00:00,0.004878048780487809,0.003565191953558866,6.536688716426203
DOT,short,2023-08-19 12:00:00+00:00,2023-08-19 16:00:00+00:00,2023-08-19 20:00:00+00:00,-0.00044130626654892424,-0.0022482080489661938,9.046674492363598
XRP,short,2023-08-19 16:00:00+00:00,2023-08-19 20:00:00+00:00,2023-08-20 00:00:00+00:00,-0.0007307832842937678,-0.0018778377564615534,5.742762706652812
XRP,short,2023-08-20 08:00:00+00:00,2023-08-20 12:00:00+00:00,2023-08-20 16:00:00+00:00,0.011742445322499684,0.010581072914367828,5.742762706652812
AVAX,short,2023-08-21 00:00:00+00:00,2023-08-21 04:00:00+00:00,2023-08-21 08:00:00+00:00,0.003731343283581934,0.0021846350818390814,7.710732744665526
ADA,long,2023-08-21 12:00:00+00:00,2023-08-21 16:00:00+00:00,2023-08-21 20:00:00+00:00,0.01250812837088322,0.010487403599674705,9.988775255673833
XRP,short,2023-08-21 16:00:00+00:00,2023-08-21 20:00:00+00:00,2023-08-22 00:00:00+00:00,-0.004539991988249281,-0.005682673895140211,5.742762706652812
DOT,long,2023-08-21 20:00:00+00:00,2023-08-22 00:00:00+00:00,2023-08-22 04:00:00+00:00,0.0009041591320071429,-0.0009051748475805699,9.046674492363598
AVAX,long,2023-08-22 04:00:00+00:00,2023-08-22 08:00:00+00:00,2023-08-22 12:00:00+00:00,-0.010689990281826933,-0.012214475809091518,7.710732744665526
DOT,long,2023-08-22 12:00:00+00:00,2023-08-22 16:00:00+00:00,2023-08-22 20:00:00+00:00,-0.01098901098901095,-0.012776845690542382,9.046674492363598
LINK,long,2023-08-22 16:00:00+00:00,2023-08-22 20:00:00+00:00,2023-08-23 00:00:00+00:00,0.015277316506144167,0.013950873205070158,6.536688716426203
XRP,long,2023-08-23 20:00:00+00:00,2023-08-24 00:00:00+00:00,2023-08-24 04:00:00+00:00,-0.002566086152568814,-0.0037110338928091346,5.742762706652812
DOT,long,2023-08-24 08:00:00+00:00,2023-08-24 12:00:00+00:00,2023-08-24 16:00:00+00:00,-0.018564079624245222,-0.020338220877753388,9.046674492363598
SOL,long,2023-08-24 08:00:00+00:00,2023-08-24 12:00:00+00:00,2023-08-24 16:00:00+00:00,-0.03329812152666156,-0.034457646964002664,6.000925858297193
XRP,long,2023-08-25 08:00:00+00:00,2023-08-25 12:00:00+00:00,2023-08-25 16:00:00+00:00,0.004104100210067685,0.0029514958073686426,5.742762706652812
AVAX,long,2023-08-25 20:00:00+00:00,2023-08-26 00:00:00+00:00,2023-08-26 04:00:00+00:00,0.002886433761321694,0.0013410275299681196,7.710732744665526
AVAX,long,2023-08-27 00:00:00+00:00,2023-08-27 04:00:00+00:00,2023-08-27 08:00:00+00:00,0.0042688374863495415,0.002721301028422829,7.710732744665526
XRP,long,2023-08-27 20:00:00+00:00,2023-08-28 00:00:00+00:00,2023-08-28 04:00:00+00:00,-0.007218562016613972,-0.008358169210826105,5.742762706652812
LINK,long,2023-08-28 04:00:00+00:00,2023-08-28 08:00:00+00:00,2023-08-28 12:00:00+00:00,0.002705444707473692,0.0013954263524302846,6.536688716426203
ETH,long,2023-08-29 16:00:00+00:00,2023-08-29 20:00:00+00:00,2023-08-30 00:00:00+00:00,-0.0031934701030095214,-0.004198128127907319,5.041924062981029
DOT,long,2023-08-30 08:00:00+00:00,2023-08-30 12:00:00+00:00,2023-08-30 16:00:00+00:00,-0.005035026269702203,-0.006833623986621573,9.046674492363598
AVAX,short,2023-08-31 16:00:00+00:00,2023-08-31 20:00:00+00:00,2023-09-01 00:00:00+00:00,0.0042067307692308376,0.002659290015168736,7.710732744665526
AVAX,short,2023-09-01 16:00:00+00:00,2023-09-01 20:00:00+00:00,2023-09-02 00:00:00+00:00,-0.003022365504735003,-0.004558666522479049,7.710732744665526
ADA,long,2023-09-01 20:00:00+00:00,2023-09-02 00:00:00+00:00,2023-09-02 04:00:00+00:00,0.005605864596809118,0.003598915098109501,9.988775255673833
DOT,short,2023-09-02 00:00:00+00:00,2023-09-02 04:00:00+00:00,2023-09-02 08:00:00+00:00,-0.0004723665564477786,-0.002279212191193536,9.046674492363598
ADA,short,2023-09-02 20:00:00+00:00,2023-09-03 00:00:00+00:00,2023-09-03 04:00:00+00:00,0.002269525747378154,0.0002692347854045263,9.988775255673833
SOL,short,2023-09-03 16:00:00+00:00,2023-09-03 20:00:00+00:00,2023-09-04 00:00:00+00:00,-0.004190943473372011,-0.005385381963137537,6.000925858297193
XRP,short,2023-09-04 00:00:00+00:00,2023-09-04 04:00:00+00:00,2023-09-04 08:00:00+00:00,0.011391375101708956,0.010230405684742871,5.742762706652812
AVAX,long,2023-09-04 08:00:00+00:00,2023-09-04 12:00:00+00:00,2023-09-04 16:00:00+00:00,-0.0024298876176978013,-0.003967101619193225,7.710732744665526
DOT,long,2023-09-04 08:00:00+00:00,2023-09-04 12:00:00+00:00,2023-09-04 16:00:00+00:00,-0.0070372976776917895,-0.008832275889524954,9.046674492363598
AVAX,short,2023-09-05 00:00:00+00:00,2023-09-05 04:00:00+00:00,2023-09-05 08:00:00+00:00,-0.007249336328364331,-0.008779123760092378,7.710732744665526
DOT,long,2023-09-05 16:00:00+00:00,2023-09-05 20:00:00+00:00,2023-09-06 00:00:00+00:00,0.004248288883644147,0.0024329097222706153,9.046674492363598
ADA,short,2023-09-06 00:00:00+00:00,2023-09-06 04:00:00+00:00,2023-09-06 08:00:00+00:00,0.010940919037199182,0.0089233220420879,9.988775255673833
ETH,long,2023-09-06 20:00:00+00:00,2023-09-07 00:00:00+00:00,2023-09-07 04:00:00+00:00,0.004212898327087489,0.0032007755963963103,5.041924062981029
AVAX,short,2023-09-07 00:00:00+00:00,2023-09-07 04:00:00+00:00,2023-09-07 08:00:00+00:00,0.004819761020182778,0.003271375612032612,7.710732744665526
ADA,long,2023-09-07 04:00:00+00:00,2023-09-07 08:00:00+00:00,2023-09-07 12:00:00+00:00,-0.010287584755669932,-0.012262814719576354,9.988775255673833
XRP,short,2023-09-07 04:00:00+00:00,2023-09-07 08:00:00+00:00,2023-09-07 12:00:00+00:00,0.003914955128591302,0.002762567844270647,5.742762706652812
ETH,short,2023-09-08 04:00:00+00:00,2023-09-08 08:00:00+00:00,2023-09-08 12:00:00+00:00,0.012835178351783494,0.011814365426395801,5.041924062981029
AVAX,short,2023-09-10 08:00:00+00:00,2023-09-10 12:00:00+00:00,2023-09-10 16:00:00+00:00,-0.004186728072011814,-0.005721234855527002,7.710732744665526
AVAX,short,2023-09-10 20:00:00+00:00,2023-09-11 00:00:00+00:00,2023-09-11 04:00:00+00:00,0.0012698412698413097,-0.00027307385980257504,7.710732744665526
ADA,short,2023-09-11 12:00:00+00:00,2023-09-11 16:00:00+00:00,2023-09-11 20:00:00+00:00,0.018692766529446292,0.016659698695325353,9.988775255673833
LINK,short,2023-09-12 08:00:00+00:00,2023-09-12 12:00:00+00:00,2023-09-12 16:00:00+00:00,0.005173564753004012,0.0038603218392634364,6.536688716426203
XRP,long,2023-09-12 16:00:00+00:00,2023-09-12 20:00:00+00:00,2023-09-13 00:00:00+00:00,-0.0031549015131073777,-0.0042991733561208445,5.742762706652812
AVAX,long,2023-09-12 20:00:00+00:00,2023-09-13 00:00:00+00:00,2023-09-13 04:00:00+00:00,-0.0009768804949525922,-0.002516333519916869,7.710732744665526
DOT,short,2023-09-13 08:00:00+00:00,2023-09-13 12:00:00+00:00,2023-09-13 16:00:00+00:00,-0.001986590514030273,-0.0037906988868372515,9.046674492363598
AVAX,long,2023-09-13 12:00:00+00:00,2023-09-13 16:00:00+00:00,2023-09-13 20:00:00+00:00,-0.0029041626331075543,-0.004440645796554565,7.710732744665526
SOL,long,2023-09-14 00:00:00+00:00,2023-09-14 04:00:00+00:00,2023-09-14 08:00:00+00:00,-0.007447707585041097,-0.008638239698999572,6.000925858297193
SOL,short,2023-09-15 04:00:00+00:00,2023-09-15 08:00:00+00:00,2023-09-15 12:00:00+00:00,0.004367501578614874,0.0031627975302910283,6.000925858297193
SOL,short,2023-09-16 04:00:00+00:00,2023-09-16 08:00:00+00:00,2023-09-16 12:00:00+00:00,-0.002402465138141685,-0.0035990488457556813,6.000925858297193
XRP,short,2023-09-16 04:00:00+00:00,2023-09-16 08:00:00+00:00,2023-09-16 12:00:00+00:00,-0.0030355680706168897,-0.0041799768956934935,5.742762706652812
AVAX,long,2023-09-16 16:00:00+00:00,2023-09-16 20:00:00+00:00,2023-09-17 00:00:00+00:00,-0.0006395224898742002,-0.0021794953694759256,7.710732744665526
SOL,short,2023-09-16 16:00:00+00:00,2023-09-16 20:00:00+00:00,2023-09-17 00:00:00+00:00,-0.008838449871868437,-0.010027313838599339,6.000925858297193
AVAX,long,2023-09-18 20:00:00+00:00,2023-09-19 00:00:00+00:00,2023-09-19 04:00:00+00:00,0.0042838312829527325,0.0027362717202097375,7.710732744665526
ETH,short,2023-09-19 12:00:00+00:00,2023-09-19 16:00:00+00:00,2023-09-19 20:00:00+00:00,0.007602157796468889,0.0065866191103016725,5.041924062981029
ADA,long,2023-09-19 20:00:00+00:00,2023-09-20 00:00:00+00:00,2023-09-20 04:00:00+00:00,-0.005259233093920512,-0.007244498448631731,9.988775255673833
LINK,short,2023-09-20 00:00:00+00:00,2023-09-20 04:00:00+00:00,2023-09-20 08:00:00+00:00,0.017340191036002928,0.016011052622907362,6.536688716426203
ETH,long,2023-09-20 12:00:00+00:00,2023-09-20 16:00:00+00:00,2023-09-20 20:00:00+00:00,-0.007956484903552052,-0.008956342397054229,5.041924062981029
ADA,long,2023-09-20 16:00:00+00:00,2023-09-20 20:00:00+00:00,2023-09-21 00:00:00+00:00,0.002189751960823383,0.00018962020830404214,9.988775255673833
ETH,short,2023-09-21 00:00:00+00:00,2023-09-21 04:00:00+00:00,2023-09-21 08:00:00+00:00,0.0030649068169459337,0.002053941120091052,5.041924062981029
LINK,short,2023-09-21 00:00:00+00:00,2023-09-21 04:00:00+00:00,2023-09-21 08:00:00+00:00,0.011768167107973015,0.010446308453513353,6.536688716426203
DOT,long,2023-09-21 12:00:00+00:00,2023-09-21 16:00:00+00:00,2023-09-21 20:00:00+00:00,-0.0027247956403270157,-0.0045275695600728305,9.046674492363598
LINK,short,2023-09-22 20:00:00+00:00,2023-09-23 00:00:00+00:00,2023-09-23 04:00:00+00:00,-0.005004289390906469,-0.006304235103745337,6.536688716426203
XRP,long,2023-09-23 00:00:00+00:00,2023-09-23 04:00:00+00:00,2023-09-23 08:00:00+00:00,0.0014083129584352427,0.00025880303195102705,5.742762706652812
DOT,long,2023-09-24 16:00:00+00:00,2023-09-24 20:00:00+00:00,2023-09-25 00:00:00+00:00,-0.0062266500622664145,-0.008023093681414184,9.046674492363598
XRP,short,2023-09-25 00:00:00+00:00,2023-09-25 04:00:00+00:00,2023-09-25 08:00:00+00:00,0.011568149297648045,0.01040697696276105,5.742762706652812
DOT,short,2023-09-25 04:00:00+00:00,2023-09-25 08:00:00+00:00,2023-09-25 12:00:00+00:00,0.00819265143992065,0.006370142056202122,9.046674492363598
DOT,long,2023-09-26 00:00:00+00:00,2023-09-26 04:00:00+00:00,2023-09-26 08:00:00+00:00,-0.00418719211822649,-0.0059873224645442535,9.046674492363598
XRP,long,2023-09-26 12:00:00+00:00,2023-09-26 16:00:00+00:00,2023-09-26 20:00:00+00:00,0.009133789023463956,0.007975411074506944,5.742762706652812
LINK,long,2023-09-26 16:00:00+00:00,2023-09-26 20:00:00+00:00,2023-09-27 00:00:00+00:00,-0.004870788797185721,-0.0061709089263789485,6.536688716426203
ETH,short,2023-09-27 08:00:00+00:00,2023-09-27 12:00:00+00:00,2023-09-27 16:00:00+00:00,0.017397763947238465,0.016372352498370768,5.041924062981029
SOL,short,2023-09-27 08:00:00+00:00,2023-09-27 12:00:00+00:00,2023-09-27 16:00:00+00:00,0.024126280223841334,0.02289787620455419,6.000925858297193
XRP,short,2023-09-27 08:00:00+00:00,2023-09-27 12:00:00+00:00,2023-09-27 16:00:00+00:00,0.009747832153891967,0.0085887493489194,5.742762706652812
ETH,long,2023-09-28 12:00:00+00:00,2023-09-28 16:00:00+00:00,2023-09-28 20:00:00+00:00,0.0034607519270095644,0.0024493872671116357,5.041924062981029
LINK,short,2023-09-29 00:00:00+00:00,2023-09-29 04:00:00+00:00,2023-09-29 08:00:00+00:00,-0.004881181759794462,-0.006181288310751154,6.536688716426203
AVAX,short,2023-09-29 20:00:00+00:00,2023-09-30 00:00:00+00:00,2023-09-30 04:00:00+00:00,0.004049469191200528,0.0025022707706814362,7.710732744665526
ADA,short,2023-09-30 08:00:00+00:00,2023-09-30 12:00:00+00:00,2023-09-30 16:00:00+00:00,-0.006803259235819925,-0.008785443082556244,9.988775255673833
ADA,long,2023-10-01 04:00:00+00:00,2023-10-01 08:00:00+00:00,2023-10-01 12:00:00+00:00,0.025932879605726544,0.023885362232456187,9.988775255673833
ETH,short,2023-10-01 12:00:00+00:00,2023-10-01 16:00:00+00:00,2023-10-01 20:00:00+00:00,0.004300421095325024,0.003288210152479598,5.041924062981029
LINK,long,2023-10-02 00:00:00+00:00,2023-10-02 04:00:00+00:00,2023-10-02 08:00:00+00:00,0.01954066742799143,0.018208654128279322,6.536688716426203
ETH,long,2023-10-02 08:00:00+00:00,2023-10-02 12:00:00+00:00,2023-10-02 16:00:00+00:00,-0.019352034310884503,-0.02034040649623825,5.041924062981029
DOT,short,2023-10-02 12:00:00+00:00,2023-10-02 16:00:00+00:00,2023-10-02 20:00:00+00:00,0.00240615976900882,0.0005941106235729521,9.046674492363598
XRP,short,2023-10-02 16:00:00+00:00,2023-10-02 20:00:00+00:00,2023-10-03 00:00:00+00:00,0.008376779333372442,0.007219270350792284,5.742762706652812
SOL,long,2023-10-03 04:00:00+00:00,2023-10-03 08:00:00+00:00,2023-10-03 12:00:00+00:00,0.004492023509655718,0.003287170101586412,6.000925858297193
SOL,long,2023-10-04 04:00:00+00:00,2023-10-04 08:00:00+00:00,2023-10-04 12:00:00+00:00,0.017784684451351174,0.016563886956655782,6.000925858297193
ETH,long,2023-10-04 20:00:00+00:00,2023-10-05 00:00:00+00:00,2023-10-05 04:00:00+00:00,-0.0023687615021592556,-0.0033742507315978054,5.041924062981029
ADA,short,2023-10-05 00:00:00+00:00,2023-10-05 04:00:00+00:00,2023-10-05 08:00:00+00:00,7.754342431764982e-05,-0.0019183728636615882,9.988775255673833
AVAX,long,2023-10-05 00:00:00+00:00,2023-10-05 04:00:00+00:00,2023-10-05 08:00:00+00:00,-0.0028861464968152895,-0.004422657422378018,7.710732744665526
XRP,short,2023-10-05 00:00:00+00:00,2023-10-05 04:00:00+00:00,2023-10-05 08:00:00+00:00,0.011868585516885632,0.010707068313265511,5.742762706652812
LINK,short,2023-10-05 04:00:00+00:00,2023-10-05 08:00:00+00:00,2023-10-05 12:00:00+00:00,0.004427659851543142,0.0031153914504247204,6.536688716426203
ETH,long,2023-10-06 16:00:00+00:00,2023-10-06 20:00:00+00:00,2023-10-07 00:00:00+00:00,-0.0008018271940907207,-0.0018088957000287342,5.041924062981029
SOL,long,2023-10-07 04:00:00+00:00,2023-10-07 08:00:00+00:00,2023-10-07 12:00:00+00:00,-0.0020408163265305257,-0.0032378338193743694,6.000925858297193
ETH,long,2023-10-07 12:00:00+00:00,2023-10-07 16:00:00+00:00,2023-10-07 20:00:00+00:00,-0.004565429687499956,-0.005568704946369296,5.041924062981029
DOT,long,2023-10-08 12:00:00+00:00,2023-10-08 16:00:00+00:00,2023-10-08 20:00:00+00:00,-0.000746454341876146,-0.0025528045082605644,9.046674492363598
ETH,short,2023-10-09 12:00:00+00:00,2023-10-09 16:00:00+00:00,2023-10-09 20:00:00+00:00,0.0029339605938740743,0.0019231268746595642,5.041924062981029
ETH,long,2023-10-10 00:00:00+00:00,2023-10-10 04:00:00+00:00,2023-10-10 08:00:00+00:00,0.003363051859143207,0.002351785668862183,5.041924062981029
ETH,short,2023-10-10 20:00:00+00:00,2023-10-11 00:00:00+00:00,2023-10-11 04:00:00+00:00,0.007427587447634387,0.0064122247068454374,5.041924062981029
SOL,long,2023-10-11 00:00:00+00:00,2023-10-11 04:00:00+00:00,2023-10-11 08:00:00+00:00,0.0016382998088650957,0.00043686934358277973,6.000925858297193
XRP,short,2023-10-11 00:00:00+00:00,2023-10-11 04:00:00+00:00,2023-10-11 08:00:00+00:00,0.014852715747607492,0.013687773080789611,5.742762706652812
LINK,long,2023-10-12 04:00:00+00:00,2023-10-12 08:00:00+00:00,2023-10-12 12:00:00+00:00,-0.01089621356578585,-0.012188461575519227,6.536688716426203
ETH,short,2023-10-13 00:00:00+00:00,2023-10-13 04:00:00+00:00,2023-10-13 08:00:00+00:00,-0.0067772542438521155,-0.007778300256399695,5.041924062981029
ADA,long,2023-10-13 20:00:00+00:00,2023-10-14 00:00:00+00:00,2023-10-14 04:00:00+00:00,0.0016266775111832832,-0.00037233047901119587,9.988775255673833
DOT,short,2023-10-14 12:00:00+00:00,2023-10-14 16:00:00+00:00,2023-10-14 20:00:00+00:00,0.005081572612998242,0.0032646871250174847,9.046674492363598
DOT,short,2023-10-15 04:00:00+00:00,2023-10-15 08:00:00+00:00,2023-10-15 12:00:00+00:00,-0.006415396952686447,-0.008211499374168985,9.046674492363598
LINK,short,2023-10-16 08:00:00+00:00,2023-10-16 12:00:00+00:00,2023-10-16 16:00:00+00:00,0.0174825174825175,0.01615319312223429,6.536688716426203
SOL,short,2023-10-16 12:00:00+00:00,2023-10-16 16:00:00+00:00,2023-10-16 20:00:00+00:00,-0.029622491305987375,-0.030786425534532813,6.000925858297193
XRP,long,2023-10-16 12:00:00+00:00,2023-10-16 16:00:00+00:00,2023-10-16 20:00:00+00:00,0.008432559840695797,0.00727498682804284,5.742762706652812
ADA,long,2023-10-16 20:00:00+00:00,2023-10-17 00:00:00+00:00,2023-10-17 04:00:00+00:00,-0.005134737093499986,-0.007120250912539539,9.988775255673833
XRP,long,2023-10-17 12:00:00+00:00,2023-10-17 16:00:00+00:00,2023-10-17 20:00:00+00:00,0.005896755764129846,0.004742093584071405,5.742762706652812
ETH,short,2023-10-17 16:00:00+00:00,2023-10-17 20:00:00+00:00,2023-10-18 00:00:00+00:00,-0.0002939879464942674,-0.0013015682917512095,5.041924062981029
ADA,short,2023-10-20 12:00:00+00:00,2023-10-20 16:00:00+00:00,2023-10-20 20:00:00+00:00,-0.002228500935174571,-0.004219814908535291,9.988775255673833
AVAX,short,2023-10-20 12:00:00+00:00,2023-10-20 16:00:00+00:00,2023-10-20 20:00:00+00:00,-0.0049859093865164406,-0.006519184664906419,7.710732744665526
AVAX,short,2023-10-21 04:00:00+00:00,2023-10-21 08:00:00+00:00,2023-10-21 12:00:00+00:00,-0.01119715362076179,-0.01272085763044073,7.710732744665526
AVAX,long,2023-10-22 00:00:00+00:00,2023-10-22 04:00:00+00:00,2023-10-22 08:00:00+00:00,0.02781250000000024,0.02622868373856546,7.710732744665526
ADA,long,2023-10-22 04:00:00+00:00,2023-10-22 08:00:00+00:00,2023-10-22 12:00:00+00:00,-0.0020584922515243242,-0.004050145521675708,9.988775255673833
SOL,short,2023-10-23 04:00:00+00:00,2023-10-23 08:00:00+00:00,2023-10-23 12:00:00+00:00,0.013904319429013823,0.012688176297829923,6.000925858297193
ETH,long,2023-10-23 08:00:00+00:00,2023-10-23 12:00:00+00:00,2023-10-23 16:00:00+00:00,-0.0002206176100553181,-0.0012282719035611178,5.041924062981029
XRP,long,2023-10-23 12:00:00+00:00,2023-10-23 16:00:00+00:00,2023-10-23 20:00:00+00:00,0.00659625648350004,0.00544079135122888,5.742762706652812
AVAX,short,2023-10-23 20:00:00+00:00,2023-10-24 00:00:00+00:00,2023-10-24 04:00:00+00:00,0.01504263677301898,0.013478498339043687,7.710732744665526
ETH,short,2023-10-23 20:00:00+00:00,2023-10-24 00:00:00+00:00,2023-10-24 04:00:00+00:00,-0.02360586168025991,-0.024589946532339813,5.041924062981029
DOT,long,2023-10-24 00:00:00+00:00,2023-10-24 04:00:00+00:00,2023-10-24 08:00:00+00:00,-0.010000000000000009,-0.011789622536233058,9.046674492363598
ADA,short,2023-10-24 04:00:00+00:00,2023-10-24 08:00:00+00:00,2023-10-24 12:00:00+00:00,-0.0230189732142857,-0.02496879436288546,9.988775255673833
XRP,long,2023-10-24 12:00:00+00:00,2023-10-24 16:00:00+00:00,2023-10-24 20:00:00+00:00,0.011178935201907159,0.010018209643286147,5.742762706652812
AVAX,long,2023-10-24 20:00:00+00:00,2023-10-25 00:00:00+00:00,2023-10-25 04:00:00+00:00,0.006586594343277685,0.005035486318552662,7.710732744665526
DOT,short,2023-10-25 04:00:00+00:00,2023-10-25 08:00:00+00:00,2023-10-25 12:00:00+00:00,-0.0042887776983558945,-0.0060887244084681935,9.046674492363598
SOL,long,2023-10-25 04:00:00+00:00,2023-10-25 08:00:00+00:00,2023-10-25 12:00:00+00:00,0.040767541025972465,0.03951917639045077,6.000925858297193
XRP,short,2023-10-25 08:00:00+00:00,2023-10-25 12:00:00+00:00,2023-10-25 16:00:00+00:00,-0.011795027831970062,-0.012929381731582201,5.742762706652812
ETH,long,2023-10-25 12:00:00+00:00,2023-10-25 16:00:00+00:00,2023-10-25 20:00:00+00:00,-0.008830743166555077,-0.00982971951556888,5.041924062981029
LINK,long,2023-10-25 12:00:00+00:00,2023-10-25 16:00:00+00:00,2023-10-25 20:00:00+00:00,-0.015516177378118723,-0.01680238948027246,6.536688716426203
ADA,short,2023-10-26 04:00:00+00:00,2023-10-26 08:00:00+00:00,2023-10-26 12:00:00+00:00,0.021500172830971387,0.019461502083355064,9.988775255673833
ETH,short,2023-10-26 08:00:00+00:00,2023-10-26 12:00:00+00:00,2023-10-26 16:00:00+00:00,0.020023510751387752,0.018995452873630247,5.041924062981029
AVAX,short,2023-10-26 12:00:00+00:00,2023-10-26 16:00:00+00:00,2023-10-26 20:00:00+00:00,-0.022651318232454476,-0.02415737185145128,7.710732744665526
DOT,short,2023-10-26 16:00:00+00:00,2023-10-26 20:00:00+00:00,2023-10-27 00:00:00+00:00,0.0,-0.0018076995315483568,9.046674492363598
SOL,long,2023-10-27 08:00:00+00:00,2023-10-27 12:00:00+00:00,2023-10-27 16:00:00+00:00,-0.01233507210800866,-0.013519741997415458,6.000925858297193
ETH,long,2023-10-27 20:00:00+00:00,2023-10-28 00:00:00+00:00,2023-10-28 04:00:00+00:00,0.005928331806764664,0.004914480130726595,5.041924062981029
ADA,long,2023-10-28 04:00:00+00:00,2023-10-28 08:00:00+00:00,2023-10-28 12:00:00+00:00,-0.003919163003101356,-0.005907102818146992,9.988775255673833
DOT,long,2023-10-28 08:00:00+00:00,2023-10-28 12:00:00+00:00,2023-10-28 16:00:00+00:00,-0.0014292520247737306,-0.003234367898106494,9.046674492363598
SOL,short,2023-10-29 00:00:00+00:00,2023-10-29 04:00:00+00:00,2023-10-29 08:00:00+00:00,-0.02174990705167934,-0.022923284172500002,6.000925858297193
ADA,long,2023-10-29 04:00:00+00:00,2023-10-29 08:00:00+00:00,2023-10-29 12:00:00+00:00,0.011195179567941471,0.009177075129444212,9.988775255673833
ADA,long,2023-10-29 16:00:00+00:00,2023-10-29 20:00:00+00:00,2023-10-30 00:00:00+00:00,-0.003507943468141761,-0.005496703979315454,9.988775255673833
DOT,short,2023-10-29 16:00:00+00:00,2023-10-29 20:00:00+00:00,2023-10-30 00:00:00+00:00,-0.005100857871551012,-0.006899336584714422,9.046674492363598
XRP,long,2023-10-30 20:00:00+00:00,2023-10-31 00:00:00+00:00,2023-10-31 04:00:00+00:00,-0.006522378505562254,-0.007662784844185699,5.742762706652812
SOL,short,2023-10-31 04:00:00+00:00,2023-10-31 08:00:00+00:00,2023-10-31 12:00:00+00:00,-0.023157894736842155,-0.02432958302517685,6.000925858297193
DOT,short,2023-10-31 12:00:00+00:00,2023-10-31 16:00:00+00:00,2023-10-31 20:00:00+00:00,-0.01446654611211573,-0.01624809447503428,9.046674492363598
SOL,long,2023-10-31 16:00:00+00:00,2023-10-31 20:00:00+00:00,2023-11-01 00:00:00+00:00,0.05913340872107464,0.057863014863053674,6.000925858297193
AVAX,short,2023-10-31 20:00:00+00:00,2023-11-01 00:00:00+00:00,2023-11-01 04:00:00+00:00,0.008822743071027483,0.007268189234232558,7.710732744665526
XRP,long,2023-10-31 20:00:00+00:00,2023-11-01 00:00:00+00:00,2023-11-01 04:00:00+00:00,-0.011709758131776549,-0.012844209911909155,5.742762706652812
ETH,long,2023-11-03 00:00:00+00:00,2023-11-03 04:00:00+00:00,2023-11-03 08:00:00+00:00,0.00038373839052341374,-0.0006245250192830065,5.041924062981029
XRP,long,2023-11-03 08:00:00+00:00,2023-11-03 12:00:00+00:00,2023-11-03 16:00:00+00:00,0.015221432839784832,0.014056066925074884,5.742762706652812
XRP,long,2023-11-03 20:00:00+00:00,2023-11-04 00:00:00+00:00,2023-11-04 04:00:00+00:00,-0.0005065690568010206,-0.0016538809029856827,5.742762706652812
ADA,short,2023-11-05 08:00:00+00:00,2023-11-05 12:00:00+00:00,2023-11-05 16:00:00+00:00,0.004947596463493298,0.002941960711010161,9.988775255673833
XRP,long,2023-11-05 20:00:00+00:00,2023-11-06 00:00:00+00:00,2023-11-06 04:00:00+00:00,0.03150071145287758,0.030316658662774554,5.742762706652812
AVAX,short,2023-11-06 04:00:00+00:00,2023-11-06 08:00:00+00:00,2023-11-06 12:00:00+00:00,-0.031377061756808655,-0.0328696693683993,7.710732744665526
LINK,short,2023-11-06 04:00:00+00:00,2023-11-06 08:00:00+00:00,2023-11-06 12:00:00+00:00,-0.005511622334052335,-0.0068109052246524415,6.536688716426203
XRP,short,2023-11-06 08:00:00+00:00,2023-11-06 12:00:00+00:00,2023-11-06 16:00:00+00:00,-0.021085638631454184,-0.02220932790086605,5.742762706652812
SOL,short,2023-11-06 16:00:00+00:00,2023-11-06 20:00:00+00:00,2023-11-07 00:00:00+00:00,-0.03941470818412496,-0.04056689698751825,6.000925858297193
LINK,long,2023-11-07 20:00:00+00:00,2023-11-08 00:00:00+00:00,2023-11-08 04:00:00+00:00,0.01618346372142976,0.014855836553756996,6.536688716426203
XRP,short,2023-11-08 00:00:00+00:00,2023-11-08 04:00:00+00:00,2023-11-08 08:00:00+00:00,0.015668312061783762,0.01450243317739397,5.742762706652812
DOT,long,2023-11-08 20:00:00+00:00,2023-11-09 00:00:00+00:00,2023-11-09 04:00:00+00:00,0.014700039729837133,0.012865766943355172,9.046674492363598
ADA,short,2023-11-09 00:00:00+00:00,2023-11-09 04:00:00+00:00,2023-11-09 08:00:00+00:00,-0.0005735197727768648,-0.0025681366938741235,9.988775255673833
ETH,long,2023-11-09 16:00:00+00:00,2023-11-09 20:00:00+00:00,2023-11-10 00:00:00+00:00,0.050805304955684694,0.049746222826339004,5.041924062981029
DOT,long,2023-11-10 00:00:00+00:00,2023-11-10 04:00:00+00:00,2023-11-10 08:00:00+00:00,-0.005280657148445167,-0.007078810838540117,9.046674492363598
LINK,short,2023-11-10 00:00:00+00:00,2023-11-10 04:00:00+00:00,2023-11-10 08:00:00+00:00,-0.010088446655610817,-0.01138174999967434,6.536688716426203
ADA,short,2023-11-10 04:00:00+00:00,2023-11-10 08:00:00+00:00,2023-11-10 12:00:00+00:00,-0.007399577167019111,-0.009380570905368701,9.988775255673833
XRP,short,2023-11-10 16:00:00+00:00,2023-11-10 20:00:00+00:00,2023-11-11 00:00:00+00:00,-0.00045482110369921003,-0.00160219235101422,5.742762706652812
XRP,long,2023-11-11 04:00:00+00:00,2023-11-11 08:00:00+00:00,2023-11-11 12:00:00+00:00,0.01166489925768821,0.010503615864167148,5.742762706652812
SOL,long,2023-11-11 08:00:00+00:00,2023-11-11 12:00:00+00:00,2023-11-11 16:00:00+00:00,0.10296778863554112,0.10164481695629868,6.000925858297193
ETH,short,2023-11-11 16:00:00+00:00,2023-11-11 20:00:00+00:00,2023-11-12 00:00:00+00:00,0.010882955878987355,0.009864110553043037,5.041924062981029
ADA,long,2023-11-12 04:00:00+00:00,2023-11-12 08:00:00+00:00,2023-11-12 12:00:00+00:00,-0.0033496521515073985,-0.00533872857440143,9.988775255673833
ETH,long,2023-11-12 04:00:00+00:00,2023-11-12 08:00:00+00:00,2023-11-12 12:00:00+00:00,-0.004562948276867651,-0.005566226036692767,5.041924062981029
SOL,long,2023-11-12 04:00:00+00:00,2023-11-12 08:00:00+00:00,2023-11-12 12:00:00+00:00,-0.018172888015717037,-0.019350555647039802,6.000925858297193
AVAX,long,2023-11-12 20:00:00+00:00,2023-11-13 00:00:00+00:00,2023-11-13 04:00:00+00:00,-0.0401771591268586,-0.04165620615486343,7.710732744665526
ETH,short,2023-11-13 00:00:00+00:00,2023-11-13 04:00:00+00:00,2023-11-13 08:00:00+00:00,-0.004008123651346951,-0.005011960605956323,5.041924062981029
XRP,short,2023-11-13 00:00:00+00:00,2023-11-13 04:00:00+00:00,2023-11-13 08:00:00+00:00,-0.0033531473860691774,-0.004497191663966671,5.742762706652812
AVAX,short,2023-11-13 12:00:00+00:00,2023-11-13 16:00:00+00:00,2023-11-13 20:00:00+00:00,0.018407038666357955,0.016837715829168376,7.710732744665526
ETH,long,2023-11-13 12:00:00+00:00,2023-11-13 16:00:00+00:00,2023-11-13 20:00:00+00:00,-0.002280274202972943,-0.003285852616694007,5.041924062981029
SOL,long,2023-11-13 12:00:00+00:00,2023-11-13 16:00:00+00:00,2023-11-13 20:00:00+00:00,-0.017074047447879326,-0.01825303310042281,6.000925858297193
SOL,long,2023-11-14 04:00:00+00:00,2023-11-14 08:00:00+00:00,2023-11-14 12:00:00+00:00,-0.04425902412479599,-0.045405402338921985,6.000925858297193
ETH,short,2023-11-14 08:00:00+00:00,2023-11-14 12:00:00+00:00,2023-11-14 16:00:00+00:00,-0.0026983799907764894,-0.0037035370054373518,5.041924062981029
AVAX,long,2023-11-14 20:00:00+00:00,2023-11-15 00:00:00+00:00,2023-11-15 04:00:00+00:00,0.020587717754706913,0.01901503458185183,7.710732744665526
ADA,short,2023-11-15 04:00:00+00:00,2023-11-15 08:00:00+00:00,2023-11-15 12:00:00+00:00,-0.02472453641494221,-0.02667095366611949,9.988775255673833
XRP,long,2023-11-15 08:00:00+00:00,2023-11-15 12:00:00+00:00,2023-11-15 16:00:00+00:00,-0.00031245117950318146,-0.0014599858523052234,5.742762706652812
LINK,short,2023-11-16 16:00:00+00:00,2023-11-16 20:00:00+00:00,2023-11-17 00:00:00+00:00,0.011828344752975006,0.010506407477401059,6.536688716426203
SOL,long,2023-11-16 20:00:00+00:00,2023-11-17 00:00:00+00:00,2023-11-17 04:00:00+00:00,0.019906525878483627,0.018683183308451534,6.000925858297193
AVAX,short,2023-11-17 04:00:00+00:00,2023-11-17 08:00:00+00:00,2023-11-17 12:00:00+00:00,0.042424242424242475,0.040817910076207164,7.710732744665526
ETH,short,2023-11-17 04:00:00+00:00,2023-11-17 08:00:00+00:00,2023-11-17 12:00:00+00:00,0.002573845457366275,0.0015633746897887324,5.041924062981029
LINK,long,2023-11-17 16:00:00+00:00,2023-11-17 20:00:00+00:00,2023-11-18 00:00:00+00:00,0.012931352988989842,0.01160797465109531,6.536688716426203
ADA,short,2023-11-17 20:00:00+00:00,2023-11-18 00:00:00+00:00,2023-11-18 04:00:00+00:00,0.020856507230255783,0.01881912108568362,9.988775255673833
DOT,long,2023-11-18 00:00:00+00:00,2023-11-18 04:00:00+00:00,2023-11-18 08:00:00+00:00,-0.005455962587684993,-0.007253799378219683,9.046674492363598
ETH,long,2023-11-19 00:00:00+00:00,2023-11-19 04:00:00+00:00,2023-11-19 08:00:00+00:00,0.0030418600846608967,0.0020309176160693276,5.041924062981029
ADA,short,2023-11-20 20:00:00+00:00,2023-11-21 00:00:00+00:00,2023-11-21 04:00:00+00:00,-0.011434511434511352,-0.013407452406274611,9.988775255673833
DOT,long,2023-11-21 12:00:00+00:00,2023-11-21 16:00:00+00:00,2023-11-21 20:00:00+00:00,-0.02139661544446614,-0.02316563632429891,9.046674492363598
LINK,long,2023-11-21 16:00:00+00:00,2023-11-21 20:00:00+00:00,2023-11-22 00:00:00+00:00,-0.044401544401544424,-0.04565001824148718,6.536688716426203
XRP,long,2023-11-21 20:00:00+00:00,2023-11-22 00:00:00+00:00,2023-11-22 04:00:00+00:00,0.025069156293222594,0.023892486242411026,5.742762706652812
AVAX,short,2023-11-22 00:00:00+00:00,2023-11-22 04:00:00+00:00,2023-11-22 08:00:00+00:00,-0.013977695167286197,-0.015497114478231766,7.710732744665526
SOL,short,2023-11-22 08:00:00+00:00,2023-11-22 12:00:00+00:00,2023-11-22 16:00:00+00:00,-0.007459970887918499,-0.008650488292469505,6.000925858297193
SOL,long,2023-11-23 00:00:00+00:00,2023-11-23 04:00:00+00:00,2023-11-23 08:00:00+00:00,0.00242760534073172,0.0012252281307887358,6.000925858297193
ADA,short,2023-11-24 20:00:00+00:00,2023-11-25 00:00:00+00:00,2023-11-25 04:00:00+00:00,-0.012029690299462437,-0.014001443436143624,9.988775255673833
ETH,long,2023-11-25 16:00:00+00:00,2023-11-25 20:00:00+00:00,2023-11-26 00:00:00+00:00,0.00011044948136773591,-0.0008975384869286396,5.041924062981029
ADA,short,2023-11-27 00:00:00+00:00,2023-11-27 04:00:00+00:00,2023-11-27 08:00:00+00:00,0.0023498694516972396,0.00034941814284916717,9.988775255673833
AVAX,long,2023-11-27 08:00:00+00:00,2023-11-27 12:00:00+00:00,2023-11-27 16:00:00+00:00,-0.01930483108272807,-0.02081604149906524,7.710732744665526
ETH,long,2023-11-27 12:00:00+00:00,2023-11-27 16:00:00+00:00,2023-11-27 20:00:00+00:00,-0.004163401009400158,-0.005167081463586243,5.041924062981029
ADA,short,2023-11-27 16:00:00+00:00,2023-11-27 20:00:00+00:00,2023-11-28 00:00:00+00:00,-0.009793541556379126,-0.01176975751269671,9.988775255673833
AVAX,short,2023-11-28 12:00:00+00:00,2023-11-28 16:00:00+00:00,2023-11-28 20:00:00+00:00,-0.016238944468609517,-0.017754879288546577,7.710732744665526
DOT,short,2023-11-30 00:00:00+00:00,2023-11-30 04:00:00+00:00,2023-11-30 08:00:00+00:00,0.0015470895378069116,-0.0002634066667742685,9.046674492363598
AVAX,long,2023-12-02 04:00:00+00:00,2023-12-02 08:00:00+00:00,2023-12-02 12:00:00+00:00,-0.004345071060016248,-0.0058793338435809694,7.710732744665526
ADA,long,2023-12-04 00:00:00+00:00,2023-12-04 04:00:00+00:00,2023-12-04 08:00:00+00:00,0.013892334408335483,0.011868847091967893,9.988775255673833
ETH,short,2023-12-05 00:00:00+00:00,2023-12-05 04:00:00+00:00,2023-12-05 08:00:00+00:00,0.01411619271829867,0.013094088688444083,5.041924062981029
DOT,short,2023-12-05 04:00:00+00:00,2023-12-05 08:00:00+00:00,2023-12-05 12:00:00+00:00,0.017711910356045468,0.01587219301244369,9.046674492363598
XRP,short,2023-12-05 04:00:00+00:00,2023-12-05 08:00:00+00:00,2023-12-05 12:00:00+00:00,0.0021273114056621356,0.0009769761456532855,5.742762706652812
AVAX,long,2023-12-06 04:00:00+00:00,2023-12-06 08:00:00+00:00,2023-12-06 12:00:00+00:00,-0.011859234364739124,-0.013381918135562554,7.710732744665526
ETH,long,2023-12-09 04:00:00+00:00,2023-12-09 08:00:00+00:00,2023-12-09 12:00:00+00:00,-0.010983112259233319,-0.01197991928569897,5.041924062981029
LINK,long,2023-12-09 04:00:00+00:00,2023-12-09 08:00:00+00:00,2023-12-09 12:00:00+00:00,-0.012438967681934532,-0.01372920010850709,6.536688716426203
ETH,short,2023-12-11 04:00:00+00:00,2023-12-11 08:00:00+00:00,2023-12-11 12:00:00+00:00,-0.005366161616161658,-0.006368629836018158,5.041924062981029
SOL,long,2023-12-11 20:00:00+00:00,2023-12-12 00:00:00+00:00,2023-12-12 04:00:00+00:00,0.01338459347857035,0.012169073740671665,6.000925858297193
ADA,short,2023-12-12 00:00:00+00:00,2023-12-12 04:00:00+00:00,2023-12-12 08:00:00+00:00,-0.051761928848423455,-0.05365438591191585,9.988775255673833
SOL,short,2023-12-12 08:00:00+00:00,2023-12-12 12:00:00+00:00,2023-12-12 16:00:00+00:00,0.03125,0.03001305132545462,6.000925858297193
ETH,short,2023-12-15 00:00:00+00:00,2023-12-15 04:00:00+00:00,2023-12-15 08:00:00+00:00,0.003722624846540734,0.002710996251042097,5.041924062981029
ADA,short,2023-12-15 12:00:00+00:00,2023-12-15 16:00:00+00:00,2023-12-15 20:00:00+00:00,0.012026653664878983,0.010006889802366192,9.988775255673833
XRP,short,2023-12-16 08:00:00+00:00,2023-12-16 12:00:00+00:00,2023-12-16 16:00:00+00:00,-0.0016010246557797148,-0.0027470801836786407,5.742762706652812
SOL,long,2023-12-16 20:00:00+00:00,2023-12-17 00:00:00+00:00,2023-12-17 04:00:00+00:00,-0.0025769700257696204,-0.00377334442081223,6.000925858297193
ADA,short,2023-12-17 00:00:00+00:00,2023-12-17 04:00:00+00:00,2023-12-17 08:00:00+00:00,0.03469181542606936,0.03262681730564698,9.988775255673833
ETH,short,2023-12-17 00:00:00+00:00,2023-12-17 04:00:00+00:00,2023-12-17 08:00:00+00:00,0.0036215318174204203,0.002610005111225222,5.041924062981029
LINK,long,2023-12-17 08:00:00+00:00,2023-12-17 12:00:00+00:00,2023-12-17 16:00:00+00:00,0.002745318879346703,0.0014352484293460588,6.536688716426203
ADA,long,2023-12-18 20:00:00+00:00,2023-12-19 00:00:00+00:00,2023-12-19 04:00:00+00:00,0.014288087722213128,0.012263810576606637,9.988775255673833
XRP,long,2023-12-21 04:00:00+00:00,2023-12-21 08:00:00+00:00,2023-12-21 12:00:00+00:00,0.003405773597145556,0.00225397079891021,5.742762706652812
AVAX,short,2023-12-21 12:00:00+00:00,2023-12-21 16:00:00+00:00,2023-12-21 20:00:00+00:00,-0.021341329947905274,-0.022849402204296654,7.710732744665526
LINK,short,2023-12-22 00:00:00+00:00,2023-12-22 04:00:00+00:00,2023-12-22 08:00:00+00:00,0.00836847654190831,0.007051059527879211,6.536688716426203
SOL,short,2023-12-23 16:00:00+00:00,2023-12-23 20:00:00+00:00,2023-12-24 00:00:00+00:00,-0.046578386887674794,-0.04772198310645992,6.000925858297193
AVAX,long,2023-12-24 00:00:00+00:00,2023-12-24 04:00:00+00:00,2023-12-24 08:00:00+00:00,-0.007023831592823715,-0.0085539665179587,7.710732744665526
AVAX,long,2023-12-25 00:00:00+00:00,2023-12-25 04:00:00+00:00,2023-12-25 08:00:00+00:00,-0.008605597857037406,-0.010133295346228532,7.710732744665526
SOL,long,2023-12-25 12:00:00+00:00,2023-12-25 16:00:00+00:00,2023-12-25 20:00:00+00:00,-0.01469155844155845,-0.015873401807186438,6.000925858297193
ETH,short,2023-12-26 08:00:00+00:00,2023-12-26 12:00:00+00:00,2023-12-26 16:00:00+00:00,0.006360969307650288,0.005346681586377633,5.041924062981029
ETH,long,2023-12-26 20:00:00+00:00,2023-12-27 00:00:00+00:00,2023-12-27 04:00:00+00:00,-0.005710085427180656,-0.006712207014258897,5.041924062981029
XRP,long,2023-12-26 20:00:00+00:00,2023-12-27 00:00:00+00:00,2023-12-27 04:00:00+00:00,-0.008842443729903504,-0.009980186881122677,5.742762706652812
DOT,short,2023-12-27 00:00:00+00:00,2023-12-27 04:00:00+00:00,2023-12-27 08:00:00+00:00,-0.024196335983408312,-0.025960295809734468,9.046674492363598
LINK,short,2023-12-27 12:00:00+00:00,2023-12-27 16:00:00+00:00,2023-12-27 20:00:00+00:00,-0.010350952410118186,-0.01164391279468302,6.536688716426203
ETH,short,2023-12-28 12:00:00+00:00,2023-12-28 16:00:00+00:00,2023-12-28 20:00:00+00:00,-0.0014600826110510168,-0.002466487676725193,5.041924062981029
AVAX,long,2023-12-28 16:00:00+00:00,2023-12-28 20:00:00+00:00,2023-12-29 00:00:00+00:00,-0.0036541108747341067,-0.005189438399170521,7.710732744665526
DOT,long,2023-12-28 20:00:00+00:00,2023-12-29 00:00:00+00:00,2023-12-29 04:00:00+00:00,0.0005929791271346296,-0.0012157923325042397,9.046674492363598
LINK,short,2023-12-29 00:00:00+00:00,2023-12-29 04:00:00+00:00,2023-12-29 08:00:00+00:00,0.01354014366537415,0.012215969952362515,6.536688716426203
XRP,short,2023-12-29 12:00:00+00:00,2023-12-29 16:00:00+00:00,2023-12-29 20:00:00+00:00,0.001764234161988787,0.0006143156759277346,5.742762706652812
LINK,short,2023-12-30 04:00:00+00:00,2023-12-30 08:00:00+00:00,2023-12-30 12:00:00+00:00,0.010826511750726242,0.009505883353675193,6.536688716426203
XRP,long,2023-12-30 12:00:00+00:00,2023-12-30 16:00:00+00:00,2023-12-30 20:00:00+00:00,-0.004777830864787336,-0.005920239758017476,5.742762706652812
XRP,short,2023-12-31 00:00:00+00:00,2023-12-31 04:00:00+00:00,2023-12-31 08:00:00+00:00,-0.005290157101635051,-0.006431977898993302,5.742762706652812
DOT,long,2023-12-31 04:00:00+00:00,2023-12-31 08:00:00+00:00,2023-12-31 12:00:00+00:00,-0.010164738871363488,-0.011954063609215804,9.046674492363598
XRP,short,2023-12-31 12:00:00+00:00,2023-12-31 16:00:00+00:00,2023-12-31 20:00:00+00:00,0.003061060093442869,0.001909652989540378,5.742762706652812
XRP,short,2024-01-01 04:00:00+00:00,2024-01-01 08:00:00+00:00,2024-01-01 12:00:00+00:00,-0.00854287556415212,-0.009680962587671593,5.742762706652812
ETH,long,2024-01-01 20:00:00+00:00,2024-01-02 00:00:00+00:00,2024-01-02 04:00:00+00:00,0.01435917049124602,0.013336821569767565,5.041924062981029
DOT,short,2024-01-02 00:00:00+00:00,2024-01-02 04:00:00+00:00,2024-01-02 08:00:00+00:00,-0.0029857602204869105,-0.004788062394683434,9.046674492363598
LINK,long,2024-01-03 04:00:00+00:00,2024-01-03 08:00:00+00:00,2024-01-03 12:00:00+00:00,-0.02526934378060719,-0.026542813529486065,6.536688716426203
XRP,long,2024-01-03 04:00:00+00:00,2024-01-03 08:00:00+00:00,2024-01-03 12:00:00+00:00,-0.021986713065485608,-0.02310936799756169,5.742762706652812
SOL,short,2024-01-03 12:00:00+00:00,2024-01-03 16:00:00+00:00,2024-01-03 20:00:00+00:00,0.04815195071868583,0.046894728739375724,6.000925858297193
XRP,short,2024-01-03 20:00:00+00:00,2024-01-04 00:00:00+00:00,2024-01-04 04:00:00+00:00,0.0017202821262687351,0.0005704140924562839,5.742762706652812
LINK,short,2024-01-05 00:00:00+00:00,2024-01-05 04:00:00+00:00,2024-01-05 08:00:00+00:00,-0.02200235245277793,-0.023280090472690862,6.536688716426203
LINK,long,2024-01-05 16:00:00+00:00,2024-01-05 20:00:00+00:00,2024-01-06 00:00:00+00:00,0.02041555056830524,0.019082394247999623,6.536688716426203
DOT,long,2024-01-08 12:00:00+00:00,2024-01-08 16:00:00+00:00,2024-01-08 20:00:00+00:00,0.03528923332410727,0.033417741462010264,9.046674492363598
LINK,long,2024-01-10 08:00:00+00:00,2024-01-10 12:00:00+00:00,2024-01-10 16:00:00+00:00,0.0024613220815752346,0.001151622668771779,6.536688716426203
XRP,short,2024-01-11 00:00:00+00:00,2024-01-11 04:00:00+00:00,2024-01-11 08:00:00+00:00,0.009378663540445586,0.008220004501663158,5.742762706652812
AVAX,long,2024-01-11 04:00:00+00:00,2024-01-11 08:00:00+00:00,2024-01-11 12:00:00+00:00,0.033822840181221725,0.03222976223585561,7.710732744665526
LINK,short,2024-01-11 16:00:00+00:00,2024-01-11 20:00:00+00:00,2024-01-12 00:00:00+00:00,0.006856610304886157,0.0055411685195061455,6.536688716426203
ADA,long,2024-01-12 00:00:00+00:00,2024-01-12 04:00:00+00:00,2024-01-12 08:00:00+00:00,0.0027724831051811893,0.0007711883602616876,9.988775255673833
AVAX,long,2024-01-12 00:00:00+00:00,2024-01-12 04:00:00+00:00,2024-01-12 08:00:00+00:00,-0.002165339107570885,-0.003702960767303809,7.710732744665526
XRP,long,2024-01-12 00:00:00+00:00,2024-01-12 04:00:00+00:00,2024-01-12 08:00:00+00:00,-0.005352065562803099,-0.006493815295851357,5.742762706652812
DOT,short,2024-01-12 04:00:00+00:00,2024-01-12 08:00:00+00:00,2024-01-12 12:00:00+00:00,0.0,-0.0018076995315483568,9.046674492363598
LINK,short,2024-01-12 04:00:00+00:00,2024-01-12 08:00:00+00:00,2024-01-12 12:00:00+00:00,-0.014285714285714346,-0.015573533967885411,6.536688716426203
ETH,long,2024-01-12 08:00:00+00:00,2024-01-12 12:00:00+00:00,2024-01-12 16:00:00+00:00,0.00027203379264206795,-0.0007361170327084832,5.041924062981029
XRP,short,2024-01-12 16:00:00+00:00,2024-01-12 20:00:00+00:00,2024-01-13 00:00:00+00:00,0.018258426966291985,0.0170895749062705,5.742762706652812
ETH,long,2024-01-13 04:00:00+00:00,2024-01-13 08:00:00+00:00,2024-01-13 12:00:00+00:00,-0.0029288719334082947,-0.003933796640622322,5.041924062981029
ADA,long,2024-01-14 00:00:00+00:00,2024-01-14 04:00:00+00:00,2024-01-14 08:00:00+00:00,0.0051470588235291714,0.0031410249917414035,9.988775255673833
ETH,long,2024-01-14 08:00:00+00:00,2024-01-14 12:00:00+00:00,2024-01-14 16:00:00+00:00,1.1821914677412337e-05,-0.0009960666491978243,5.041924062981029
SOL,long,2024-01-15 12:00:00+00:00,2024-01-15 16:00:00+00:00,2024-01-15 20:00:00+00:00,0.026729391639046307,0.0254978652777329,6.000925858297193
ADA,short,2024-01-16 00:00:00+00:00,2024-01-16 04:00:00+00:00,2024-01-16 08:00:00+00:00,0.006007133470997017,0.0039993831353151155,9.988775255673833
LINK,long,2024-01-16 12:00:00+00:00,2024-01-16 16:00:00+00:00,2024-01-16 20:00:00+00:00,0.0021903624054160353,0.0008810169970225878,6.536688716426203
ADA,short,2024-01-17 20:00:00+00:00,2024-01-18 00:00:00+00:00,2024-01-18 04:00:00+00:00,0.013433122241412354,0.011410551403021607,9.988775255673833
DOT,short,2024-01-17 20:00:00+00:00,2024-01-18 00:00:00+00:00,2024-01-18 04:00:00+00:00,0.00013610997686130943,-0.0016718356006285573,9.046674492363598
LINK,short,2024-01-18 16:00:00+00:00,2024-01-18 20:00:00+00:00,2024-01-19 00:00:00+00:00,-0.02279241162822432,-0.02406911744867446,6.536688716426203
ADA,short,2024-01-19 00:00:00+00:00,2024-01-19 04:00:00+00:00,2024-01-19 08:00:00+00:00,-0.009809809809809833,-0.011785993298572994,9.988775255673833
SOL,long,2024-01-19 16:00:00+00:00,2024-01-19 20:00:00+00:00,2024-01-20 00:00:00+00:00,-0.00520722635494153,-0.006400445848573022,6.000925858297193
SOL,short,2024-01-20 04:00:00+00:00,2024-01-20 08:00:00+00:00,2024-01-20 12:00:00+00:00,-0.0009780482503802812,-0.0021763404967397593,6.000925858297193
AVAX,long,2024-01-23 12:00:00+00:00,2024-01-23 16:00:00+00:00,2024-01-23 20:00:00+00:00,-0.007118539151965364,-0.008648528136695477,7.710732744665526
SOL,short,2024-01-25 20:00:00+00:00,2024-01-26 00:00:00+00:00,2024-01-26 04:00:00+00:00,-0.011712531271321325,-0.012897947876910343,6.000925858297193
ETH,long,2024-01-26 08:00:00+00:00,2024-01-26 12:00:00+00:00,2024-01-26 16:00:00+00:00,0.0016818282671400286,0.0006722565428589622,5.041924062981029
ETH,short,2024-01-26 20:00:00+00:00,2024-01-27 00:00:00+00:00,2024-01-27 04:00:00+00:00,-0.0028230203679601162,-0.003828051760495166,5.041924062981029
AVAX,short,2024-01-28 08:00:00+00:00,2024-01-28 12:00:00+00:00,2024-01-28 16:00:00+00:00,0.014728986645718756,0.01316533153352828,7.710732744665526
DOT,short,2024-01-31 08:00:00+00:00,2024-01-31 12:00:00+00:00,2024-01-31 16:00:00+00:00,-0.004712118981004321,-0.00651130041727821,9.046674492363598
XRP,short,2024-01-31 16:00:00+00:00,2024-01-31 20:00:00+00:00,2024-02-01 00:00:00+00:00,0.01530206677265511,0.014136608298791042,5.742762706652812
AVAX,long,2024-02-02 12:00:00+00:00,2024-02-02 16:00:00+00:00,2024-02-02 20:00:00+00:00,-0.009727839108099046,-0.01125380727025549,7.710732744665526
ADA,short,2024-02-03 04:00:00+00:00,2024-02-03 08:00:00+00:00,2024-02-03 12:00:00+00:00,-0.008433965880774497,-0.01041289522592237,9.988775255673833
LINK,short,2024-02-05 00:00:00+00:00,2024-02-05 04:00:00+00:00,2024-02-05 08:00:00+00:00,-0.013041851515313452,-0.014331296283963346,6.536688716426203
XRP,short,2024-02-05 04:00:00+00:00,2024-02-05 08:00:00+00:00,2024-02-05 12:00:00+00:00,-0.0021760633036597143,-0.0033214587485281832,5.742762706652812
SOL,short,2024-02-05 16:00:00+00:00,2024-02-05 20:00:00+00:00,2024-02-06 00:00:00+00:00,0.003136434918975306,0.0019332074924920395,6.000925858297193
ADA,short,2024-02-07 00:00:00+00:00,2024-02-07 04:00:00+00:00,2024-02-07 08:00:00+00:00,0.011995863495346537,0.009976161082669632,9.988775255673833
ETH,short,2024-02-07 04:00:00+00:00,2024-02-07 08:00:00+00:00,2024-02-07 12:00:00+00:00,0.0005799653714106956,-0.0004284958109875836,5.041924062981029
LINK,long,2024-02-07 08:00:00+00:00,2024-02-07 12:00:00+00:00,2024-02-07 16:00:00+00:00,0.007543456871105247,0.006227117731857357,6.536688716426203
DOT,long,2024-02-08 12:00:00+00:00,2024-02-08 16:00:00+00:00,2024-02-08 20:00:00+00:00,-0.004401533437455751,-0.006201276319071192,9.046674492363598
XRP,long,2024-02-08 12:00:00+00:00,2024-02-08 16:00:00+00:00,2024-02-08 20:00:00+00:00,-0.003674337652291637,-0.004818013238023777,5.742762706652812
SOL,short,2024-02-09 00:00:00+00:00,2024-02-09 04:00:00+00:00,2024-02-09 08:00:00+00:00,-0.008547820305822018,-0.00973703287265626,6.000925858297193
SOL,long,2024-02-12 12:00:00+00:00,2024-02-12 16:00:00+00:00,2024-02-12 20:00:00+00:00,0.009281382098878854,0.008070784020982602,6.000925858297193
AVAX,long,2024-02-12 20:00:00+00:00,2024-02-13 00:00:00+00:00,2024-02-13 04:00:00+00:00,-0.010248651814255383,-0.011773817425719812,7.710732744665526
DOT,long,2024-02-12 20:00:00+00:00,2024-02-13 00:00:00+00:00,2024-02-13 04:00:00+00:00,-0.005585070153930061,-0.007382673556777575,9.046674492363598
ADA,long,2024-02-14 08:00:00+00:00,2024-02-14 12:00:00+00:00,2024-02-14 16:00:00+00:00,0.0019177126917713228,-8.187613524046622e-05,9.988775255673833
SOL,long,2024-02-14 12:00:00+00:00,2024-02-14 16:00:00+00:00,2024-02-14 20:00:00+00:00,-0.006500171057133075,-0.007691839708354298,6.000925858297193
DOT,long,2024-02-15 08:00:00+00:00,2024-02-15 12:00:00+00:00,2024-02-15 16:00:00+00:00,-0.013535736875395332,-0.015318967861735033,9.046674492363598
AVAX,short,2024-02-15 12:00:00+00:00,2024-02-15 16:00:00+00:00,2024-02-15 20:00:00+00:00,0.004629851748788605,0.003081758982917071,7.710732744665526
DOT,short,2024-02-16 00:00:00+00:00,2024-02-16 04:00:00+00:00,2024-02-16 08:00:00+00:00,0.011906302575384942,0.010077080026248408,9.046674492363598
XRP,short,2024-02-16 00:00:00+00:00,2024-02-16 04:00:00+00:00,2024-02-16 08:00:00+00:00,0.022964140611199335,0.021789886893855748,5.742762706652812
AVAX,short,2024-02-16 12:00:00+00:00,2024-02-16 16:00:00+00:00,2024-02-16 20:00:00+00:00,0.0063267304360923315,0.004776022850826678,7.710732744665526
DOT,short,2024-02-16 12:00:00+00:00,2024-02-16 16:00:00+00:00,2024-02-16 20:00:00+00:00,0.00897334389020843,0.007149423249113385,9.046674492363598
LINK,short,2024-02-16 12:00:00+00:00,2024-02-16 16:00:00+00:00,2024-02-16 20:00:00+00:00,0.010048169057854883,0.008728557552872829,6.536688716426203
SOL,short,2024-02-16 16:00:00+00:00,2024-02-16 20:00:00+00:00,2024-02-17 00:00:00+00:00,-0.01576515357434094,-0.016945709199773562,6.000925858297193
DOT,long,2024-02-17 20:00:00+00:00,2024-02-18 00:00:00+00:00,2024-02-18 04:00:00+00:00,0.004931862426995393,0.0031152475700479965,9.046674492363598
AVAX,long,2024-02-18 16:00:00+00:00,2024-02-18 20:00:00+00:00,2024-02-19 00:00:00+00:00,0.004086107235399483,0.002538852357180099,7.710732744665526
ADA,short,2024-02-20 04:00:00+00:00,2024-02-20 08:00:00+00:00,2024-02-20 12:00:00+00:00,-0.0011112875059533511,-0.0031048311708966603,9.988775255673833
SOL,long,2024-02-20 08:00:00+00:00,2024-02-20 12:00:00+00:00,2024-02-20 16:00:00+00:00,-0.03432971014492758,-0.035487998227433204,6.000925858297193
ETH,long,2024-02-20 20:00:00+00:00,2024-02-21 00:00:00+00:00,2024-02-21 04:00:00+00:00,-0.0031009551605200025,-0.004105706429067935,5.041924062981029
AVAX,short,2024-02-21 00:00:00+00:00,2024-02-21 04:00:00+00:00,2024-02-21 08:00:00+00:00,0.017829415859078157,0.016260983114580352,7.710732744665526
ETH,long,2024-02-23 12:00:00+00:00,2024-02-23 16:00:00+00:00,2024-02-23 20:00:00+00:00,0.01019799332021143,0.009179838352035619,5.041924062981029
AVAX,short,2024-02-23 16:00:00+00:00,2024-02-23 20:00:00+00:00,2024-02-24 00:00:00+00:00,0.01349884494419551,0.011937085429140293,7.710732744665526
LINK,long,2024-02-23 20:00:00+00:00,2024-02-24 00:00:00+00:00,2024-02-24 04:00:00+00:00,0.01253970907874935,0.011216842417253403,6.536688716426203
LINK,long,2024-02-26 04:00:00+00:00,2024-02-26 08:00:00+00:00,2024-02-26 12:00:00+00:00,-0.012183235867446518,-0.013473802403475399,6.536688716426203
SOL,long,2024-02-26 04:00:00+00:00,2024-02-26 08:00:00+00:00,2024-02-26 12:00:00+00:00,-0.022936223749153273,-0.024108177924163754,6.000925858297193
XRP,long,2024-02-26 12:00:00+00:00,2024-02-26 16:00:00+00:00,2024-02-26 20:00:00+00:00,0.01662663957140209,0.01545966062925297,5.742762706652812
ETH,long,2024-02-26 16:00:00+00:00,2024-02-26 20:00:00+00:00,2024-02-27 00:00:00+00:00,-0.0012606891348089233,-0.002267295164511851,5.041924062981029
AVAX,long,2024-02-26 20:00:00+00:00,2024-02-27 00:00:00+00:00,2024-02-27 04:00:00+00:00,-0.0027214690846198986,-0.004258233771217257,7.710732744665526
ADA,short,2024-02-27 00:00:00+00:00,2024-02-27 04:00:00+00:00,2024-02-27 08:00:00+00:00,0.010235580828594548,0.008219391520345454,9.988775255673833
SOL,short,2024-02-27 08:00:00+00:00,2024-02-27 12:00:00+00:00,2024-02-27 16:00:00+00:00,0.04485018726591772,0.043596925637566786,6.000925858297193
XRP,short,2024-02-27 08:00:00+00:00,2024-02-27 12:00:00+00:00,2024-02-27 16:00:00+00:00,-0.002139037433155244,-0.0032844753797737214,5.742762706652812
DOT,long,2024-02-28 00:00:00+00:00,2024-02-28 04:00:00+00:00,2024-02-28 08:00:00+00:00,0.012354651162790775,0.010524618134122754,9.046674492363598
ADA,long,2024-02-28 08:00:00+00:00,2024-02-28 12:00:00+00:00,2024-02-28 16:00:00+00:00,0.023359999999999825,0.02131761748086758,9.988775255673833
SOL,long,2024-02-28 08:00:00+00:00,2024-02-28 12:00:00+00:00,2024-02-28 16:00:00+00:00,0.014800861141011756,0.013583642639081184,6.000925858297193
XRP,short,2024-02-28 08:00:00+00:00,2024-02-28 12:00:00+00:00,2024-02-28 16:00:00+00:00,-0.01191489361702125,-0.013049109923497837,5.742762706652812
LINK,short,2024-02-28 16:00:00+00:00,2024-02-28 20:00:00+00:00,2024-02-29 00:00:00+00:00,-0.02875218598909579,-0.0300211054612759,6.536688716426203
ETH,long,2024-02-28 20:00:00+00:00,2024-02-29 00:00:00+00:00,2024-02-29 04:00:00+00:00,0.007133590820303848,0.006118524391850233,5.041924062981029
SOL,short,2024-02-29 00:00:00+00:00,2024-02-29 04:00:00+00:00,2024-02-29 08:00:00+00:00,-0.015523005890781705,-0.016703851963978056,6.000925858297193
XRP,short,2024-02-29 04:00:00+00:00,2024-02-29 08:00:00+00:00,2024-02-29 12:00:00+00:00,-0.005359236308825954,-0.0065009778106227545,5.742762706652812
SOL,long,2024-02-29 12:00:00+00:00,2024-02-29 16:00:00+00:00,2024-02-29 20:00:00+00:00,-0.015485722918869738,-0.016666613711700307,6.000925858297193
XRP,short,2024-02-29 16:00:00+00:00,2024-02-29 20:00:00+00:00,2024-03-01 00:00:00+00:00,0.039877300613496924,0.03868363239253947,5.742762706652812
ADA,long,2024-03-01 00:00:00+00:00,2024-03-01 04:00:00+00:00,2024-03-01 08:00:00+00:00,-0.012340172465060917,-0.014311305953380482,9.988775255673833
SOL,short,2024-03-01 12:00:00+00:00,2024-03-01 16:00:00+00:00,2024-03-01 20:00:00+00:00,0.002673592544496284,0.0014709202814180422,6.000925858297193
AVAX,long,2024-03-02 04:00:00+00:00,2024-03-02 08:00:00+00:00,2024-03-02 12:00:00+00:00,-0.007204205190782242,-0.008734062167713885,7.710732744665526
LINK,long,2024-03-02 08:00:00+00:00,2024-03-02 12:00:00+00:00,2024-03-02 16:00:00+00:00,0.017534563321932595,0.01620517096460672,6.536688716426203
ETH,short,2024-03-02 16:00:00+00:00,2024-03-02 20:00:00+00:00,2024-03-03 00:00:00+00:00,0.0015224391754866673,0.0005130280957492683,5.041924062981029
ADA,short,2024-03-03 08:00:00+00:00,2024-03-03 12:00:00+00:00,2024-03-03 16:00:00+00:00,0.006224066390041472,0.004215883107985041,9.988775255673833
XRP,short,2024-03-03 08:00:00+00:00,2024-03-03 12:00:00+00:00,2024-03-03 16:00:00+00:00,0.0022471910112358273,0.0010967181422270045,5.742762706652812
LINK,long,2024-03-04 04:00:00+00:00,2024-03-04 08:00:00+00:00,2024-03-04 12:00:00+00:00,0.0058402041617588996,0.004526090294473484,6.536688716426203
ETH,short,2024-03-04 08:00:00+00:00,2024-03-04 12:00:00+00:00,2024-03-04 16:00:00+00:00,-0.014403823795375303,-0.015397183166561135,5.041924062981029
XRP,long,2024-03-04 12:00:00+00:00,2024-03-04 16:00:00+00:00,2024-03-04 20:00:00+00:00,-0.009214501510574014,-0.01035181757914716,5.742762706652812
ETH,long,2024-03-04 20:00:00+00:00,2024-03-05 00:00:00+00:00,2024-03-05 04:00:00+00:00,0.018058721858193127,0.017032644245280837,5.041924062981029
ADA,long,2024-03-05 00:00:00+00:00,2024-03-05 04:00:00+00:00,2024-03-05 08:00:00+00:00,-0.017836219242286178,-0.019796383931881656,9.988775255673833
ADA,long,2024-03-05 12:00:00+00:00,2024-03-05 16:00:00+00:00,2024-03-05 20:00:00+00:00,-0.16266737372398243,-0.1643384899671474,9.988775255673833
AVAX,long,2024-03-05 12:00:00+00:00,2024-03-05 16:00:00+00:00,2024-03-05 20:00:00+00:00,-0.14796438523754518,-0.14927733663868303,7.710732744665526
ETH,long,2024-03-05 12:00:00+00:00,2024-03-05 16:00:00+00:00,2024-03-05 20:00:00+00:00,-0.10818024226793221,-0.10907908657672749,5.041924062981029
DOT,short,2024-03-05 16:00:00+00:00,2024-03-05 20:00:00+00:00,2024-03-06 00:00:00+00:00,-0.04358093602404467,-0.0453098543179582,9.046674492363598
LINK,long,2024-03-05 16:00:00+00:00,2024-03-05 20:00:00+00:00,2024-03-06 00:00:00+00:00,0.06940685611186281,0.06800969344768193,6.536688716426203
SOL,short,2024-03-05 16:00:00+00:00,2024-03-05 20:00:00+00:00,2024-03-06 00:00:00+00:00,-0.051005747126436796,-0.05214403287988456,6.000925858297193
XRP,short,2024-03-05 16:00:00+00:00,2024-03-05 20:00:00+00:00,2024-03-06 00:00:00+00:00,-0.03890392422192135,-0.04000716000009086,5.742762706652812
ETH,short,2024-03-06 00:00:00+00:00,2024-03-06 04:00:00+00:00,2024-03-06 08:00:00+00:00,-0.06577752673754445,-0.06671910775317036,5.041924062981029
ADA,short,2024-03-06 12:00:00+00:00,2024-03-06 16:00:00+00:00,2024-03-06 20:00:00+00:00,-0.012928070416723947,-0.01489803060092787,9.988775255673833
AVAX,short,2024-03-06 12:00:00+00:00,2024-03-06 16:00:00+00:00,2024-03-06 20:00:00+00:00,-0.024743985496594623,-0.02624681440248189,7.710732744665526
XRP,long,2024-03-06 16:00:00+00:00,2024-03-06 20:00:00+00:00,2024-03-07 00:00:00+00:00,0.0004901960784313708,-0.000658259947807105,5.742762706652812
ETH,long,2024-03-07 04:00:00+00:00,2024-03-07 08:00:00+00:00,2024-03-07 12:00:00+00:00,-0.00011873256939920473,-0.0011264895504584649,5.041924062981029
XRP,short,2024-03-08 00:00:00+00:00,2024-03-08 04:00:00+00:00,2024-03-08 08:00:00+00:00,0.012071463061323229,0.010909712975922359,5.742762706652812
LINK,long,2024-03-08 12:00:00+00:00,2024-03-08 16:00:00+00:00,2024-03-08 20:00:00+00:00,0.003046613181679758,0.0017361490955736247,6.536688716426203
LINK,long,2024-03-09 00:00:00+00:00,2024-03-09 04:00:00+00:00,2024-03-09 08:00:00+00:00,-0.003938578123442005,-0.005239916170718617,6.536688716426203
ADA,short,2024-03-09 08:00:00+00:00,2024-03-09 12:00:00+00:00,2024-03-09 16:00:00+00:00,-0.00773930753564156,-0.009719623253190979,9.988775255673833
LINK,long,2024-03-10 20:00:00+00:00,2024-03-11 00:00:00+00:00,2024-03-11 04:00:00+00:00,-0.020795868492645364,-0.022075182764229373,6.536688716426203
ETH,short,2024-03-11 00:00:00+00:00,2024-03-11 04:00:00+00:00,2024-03-11 08:00:00+00:00,-0.03531946623042059,-0.03629174521400058,5.041924062981029
AVAX,long,2024-03-11 04:00:00+00:00,2024-03-11 08:00:00+00:00,2024-03-11 12:00:00+00:00,0.07852608979744247,0.07686412600598969,7.710732744665526
DOT,short,2024-03-11 16:00:00+00:00,2024-03-11 20:00:00+00:00,2024-03-12 00:00:00+00:00,-0.0013566066745048788,-0.0031618538688032993,9.046674492363598
SOL,long,2024-03-11 20:00:00+00:00,2024-03-12 00:00:00+00:00,2024-03-12 04:00:00+00:00,0.01389541518426518,0.012679282733414787,6.000925858297193
AVAX,long,2024-03-12 04:00:00+00:00,2024-03-12 08:00:00+00:00,2024-03-12 12:00:00+00:00,0.0031889895938235213,0.0016431171365312025,7.710732744665526
ADA,short,2024-03-12 12:00:00+00:00,2024-03-12 16:00:00+00:00,2024-03-12 20:00:00+00:00,0.0,-0.0019957615297964137,9.988775255673833
XRP,short,2024-03-12 12:00:00+00:00,2024-03-12 16:00:00+00:00,2024-03-12 20:00:00+00:00,0.017508320069454575,0.016340329052139335,5.742762706652812
XRP,long,2024-03-13 04:00:00+00:00,2024-03-13 08:00:00+00:00,2024-03-13 12:00:00+00:00,-0.010056026432983756,-0.011192376520708591,5.742762706652812
AVAX,short,2024-03-13 12:00:00+00:00,2024-03-13 16:00:00+00:00,2024-03-13 20:00:00+00:00,-0.010624145449170452,-0.012148732440580123,7.710732744665526
AVAX,long,2024-03-14 00:00:00+00:00,2024-03-14 04:00:00+00:00,2024-03-14 08:00:00+00:00,-0.031341499332975364,-0.032834161744780155,7.710732744665526
XRP,long,2024-03-14 04:00:00+00:00,2024-03-14 08:00:00+00:00,2024-03-14 12:00:00+00:00,0.007197414806110469,0.006041259608208671,5.742762706652812
DOT,short,2024-03-14 16:00:00+00:00,2024-03-14 20:00:00+00:00,2024-03-15 00:00:00+00:00,-0.0507785467128028,-0.052494453889245674,9.046674492363598
XRP,short,2024-03-14 16:00:00+00:00,2024-03-14 20:00:00+00:00,2024-03-15 00:00:00+00:00,-0.026590976994323334,-0.027708346722530197,5.742762706652812
ETH,short,2024-03-15 00:00:00+00:00,2024-03-15 04:00:00+00:00,2024-03-15 08:00:00+00:00,-0.00816678786329017,-0.009166433397350016,5.041924062981029
SOL,short,2024-03-15 00:00:00+00:00,2024-03-15 04:00:00+00:00,2024-03-15 08:00:00+00:00,-0.00039725327733963756,-0.0015962421671630311,6.000925858297193
XRP,long,2024-03-15 04:00:00+00:00,2024-03-15 08:00:00+00:00,2024-03-15 12:00:00+00:00,-0.021233092167348366,-0.022356612175829405,5.742762706652812
ADA,short,2024-03-15 16:00:00+00:00,2024-03-15 20:00:00+00:00,2024-03-16 00:00:00+00:00,-0.011405799093032853,-0.013378797367782691,9.988775255673833
DOT,long,2024-03-16 00:00:00+00:00,2024-03-16 04:00:00+00:00,2024-03-16 08:00:00+00:00,-0.002057805630904519,-0.003861785268178153,9.046674492363598
SOL,long,2024-03-16 00:00:00+00:00,2024-03-16 04:00:00+00:00,2024-03-16 08:00:00+00:00,0.02809018709024036,0.02685702850189209,6.000925858297193
XRP,long,2024-03-16 00:00:00+00:00,2024-03-16 04:00:00+00:00,2024-03-16 08:00:00+00:00,-0.00109187334269234,-0.0022385133219892106,5.742762706652812
AVAX,short,2024-03-17 00:00:00+00:00,2024-03-17 04:00:00+00:00,2024-03-17 08:00:00+00:00,0.04065451436122669,0.039050909090439845,7.710732744665526
ETH,long,2024-03-17 08:00:00+00:00,2024-03-17 12:00:00+00:00,2024-03-17 16:00:00+00:00,0.013780693617068795,0.012758927728923952,5.041924062981029
AVAX,short,2024-03-17 20:00:00+00:00,2024-03-18 00:00:00+00:00,2024-03-18 04:00:00+00:00,-0.034512952683055764,-0.036000728017316574,7.710732744665526
DOT,long,2024-03-18 04:00:00+00:00,2024-03-18 08:00:00+00:00,2024-03-18 12:00:00+00:00,-0.015929716161421248,-0.017708619552527005,9.046674492363598
ETH,long,2024-03-18 04:00:00+00:00,2024-03-18 08:00:00+00:00,2024-03-18 12:00:00+00:00,-0.007667578357632876,-0.008667727033296213,5.041924062981029
DOT,long,2024-03-18 16:00:00+00:00,2024-03-18 20:00:00+00:00,2024-03-19 00:00:00+00:00,0.016211779191463105,0.01437477363426476,9.046674492363598
AVAX,long,2024-03-20 08:00:00+00:00,2024-03-20 12:00:00+00:00,2024-03-20 16:00:00+00:00,-0.014661274014155734,-0.016179639958564418,7.710732744665526
ETH,long,2024-03-20 16:00:00+00:00,2024-03-20 20:00:00+00:00,2024-03-21 00:00:00+00:00,0.040325993353476086,0.03927747307759044,5.041924062981029
ADA,long,2024-03-21 00:00:00+00:00,2024-03-21 04:00:00+00:00,2024-03-21 08:00:00+00:00,-0.007237256135934622,-0.009218573828353671,9.988775255673833
AVAX,short,2024-03-21 12:00:00+00:00,2024-03-21 16:00:00+00:00,2024-03-21 20:00:00+00:00,0.018044356715889887,0.016475592756482582,7.710732744665526
ETH,short,2024-03-21 12:00:00+00:00,2024-03-21 16:00:00+00:00,2024-03-21 20:00:00+00:00,0.01655399221979792,0.015529431188751275,5.041924062981029
ADA,long,2024-03-21 16:00:00+00:00,2024-03-21 20:00:00+00:00,2024-03-22 00:00:00+00:00,-0.001106719367588771,-0.003100272149447081,9.988775255673833
DOT,long,2024-03-21 16:00:00+00:00,2024-03-21 20:00:00+00:00,2024-03-22 00:00:00+00:00,-0.004229934924078305,-0.006029988004245812,9.046674492363598
ADA,short,2024-03-22 08:00:00+00:00,2024-03-22 12:00:00+00:00,2024-03-22 16:00:00+00:00,0.0004852798447105844,-0.0015114501879308628,9.988775255673833
AVAX,long,2024-03-22 16:00:00+00:00,2024-03-22 20:00:00+00:00,2024-03-23 00:00:00+00:00,-0.0075021819464818895,-0.009031579753641661,7.710732744665526
LINK,short,2024-03-24 04:00:00+00:00,2024-03-24 08:00:00+00:00,2024-03-24 12:00:00+00:00,-0.012194458054330726,-0.01348500992875501,6.536688716426203
DOT,long,2024-03-25 12:00:00+00:00,2024-03-25 16:00:00+00:00,2024-03-25 20:00:00+00:00,0.0067852369692606995,0.004965271768021529,9.046674492363598
ETH,long,2024-03-25 12:00:00+00:00,2024-03-25 16:00:00+00:00,2024-03-25 20:00:00+00:00,0.016360403413325564,0.015336037495916388,5.041924062981029
SOL,short,2024-03-27 16:00:00+00:00,2024-03-27 20:00:00+00:00,2024-03-28 00:00:00+00:00,-0.01921013092938406,-0.02038655442373971,6.000925858297193
LINK,long,2024-03-29 08:00:00+00:00,2024-03-29 12:00:00+00:00,2024-03-29 16:00:00+00:00,0.0007908889591901058,-0.0005166280599077089,6.536688716426203
XRP,long,2024-04-02 04:00:00+00:00,2024-04-02 08:00:00+00:00,2024-04-02 12:00:00+00:00,-0.018509254627313676,-0.019635901310748216,5.742762706652812
DOT,long,2024-04-02 16:00:00+00:00,2024-04-02 20:00:00+00:00,2024-04-03 00:00:00+00:00,-0.0013959981386691966,-0.003201174125036399,9.046674492363598
SOL,short,2024-04-02 20:00:00+00:00,2024-04-03 00:00:00+00:00,2024-04-03 04:00:00+00:00,-0.03656142212788527,-0.03771703334912635,6.000925858297193
AVAX,long,2024-04-03 08:00:00+00:00,2024-04-03 12:00:00+00:00,2024-04-03 16:00:00+00:00,-0.021445339762705462,-0.022953251744303516,7.710732744665526
ADA,short,2024-04-03 12:00:00+00:00,2024-04-03 16:00:00+00:00,2024-04-03 20:00:00+00:00,0.007800312012480548,0.005788982920049479,9.988775255673833
DOT,long,2024-04-04 12:00:00+00:00,2024-04-04 16:00:00+00:00,2024-04-04 20:00:00+00:00,-0.011376828418853124,-0.013163962062998191,9.046674492363598
ADA,long,2024-04-04 20:00:00+00:00,2024-04-05 00:00:00+00:00,2024-04-05 04:00:00+00:00,-0.009946835877207905,-0.01192274589461717,9.988775255673833
ETH,long,2024-04-05 12:00:00+00:00,2024-04-05 16:00:00+00:00,2024-04-05 20:00:00+00:00,-0.0018754902874249524,-0.002881476673402328,5.041924062981029
SOL,short,2024-04-09 20:00:00+00:00,2024-04-10 00:00:00+00:00,2024-04-10 04:00:00+00:00,0.005950644653170745,0.004744041679535238,6.000925858297193
ADA,long,2024-04-12 00:00:00+00:00,2024-04-12 04:00:00+00:00,2024-04-12 08:00:00+00:00,-0.015736040609137025,-0.01770039675445423,9.988775255673833
XRP,short,2024-04-12 20:00:00+00:00,2024-04-13 00:00:00+00:00,2024-04-13 04:00:00+00:00,0.006998158379373676,0.005842231906595607,5.742762706652812
ETH,short,2024-04-13 16:00:00+00:00,2024-04-13 20:00:00+00:00,2024-04-14 00:00:00+00:00,0.026076135528027677,0.02504197735109348,5.041924062981029
AVAX,short,2024-04-13 20:00:00+00:00,2024-04-14 00:00:00+00:00,2024-04-14 04:00:00+00:00,0.006799085537840366,0.005247650073032961,7.710732744665526
DOT,short,2024-04-13 20:00:00+00:00,2024-04-14 00:00:00+00:00,2024-04-14 04:00:00+00:00,0.00015651901706048577,-0.0016514634538418171,9.046674492363598
XRP,short,2024-04-14 04:00:00+00:00,2024-04-14 08:00:00+00:00,2024-04-14 12:00:00+00:00,0.027161517727555484,0.025982445869002335,5.742762706652812
SOL,short,2024-04-14 08:00:00+00:00,2024-04-14 12:00:00+00:00,2024-04-14 16:00:00+00:00,0.006087397637509984,0.004880630633403937,6.000925858297193
XRP,short,2024-04-15 08:00:00+00:00,2024-04-15 12:00:00+00:00,2024-04-15 16:00:00+00:00,0.028565680949507177,0.02738499726135224,5.742762706652812
ADA,short,2024-04-16 04:00:00+00:00,2024-04-16 08:00:00+00:00,2024-04-16 12:00:00+00:00,0.01913978494623647,0.01710582496995605,9.988775255673833
DOT,long,2024-04-16 08:00:00+00:00,2024-04-16 12:00:00+00:00,2024-04-16 16:00:00+00:00,-0.04241338112305848,-0.044144410005419465,9.046674492363598
AVAX,long,2024-04-16 20:00:00+00:00,2024-04-17 00:00:00+00:00,2024-04-17 04:00:00+00:00,-0.0007769113457831711,-0.0023166725148789924,7.710732744665526
ADA,short,2024-04-17 00:00:00+00:00,2024-04-17 04:00:00+00:00,2024-04-17 08:00:00+00:00,0.0024070021881836823,0.00040643685601815527,9.988775255673833
DOT,short,2024-04-17 00:00:00+00:00,2024-04-17 04:00:00+00:00,2024-04-17 08:00:00+00:00,0.00646908379720168,0.004649690105903659,9.046674492363598
LINK,long,2024-04-17 12:00:00+00:00,2024-04-17 16:00:00+00:00,2024-04-17 20:00:00+00:00,0.028653517626960667,0.027309598536679136,6.536688716426203
AVAX,short,2024-04-17 20:00:00+00:00,2024-04-18 00:00:00+00:00,2024-04-18 04:00:00+00:00,-0.021767637031208986,-0.023275052366137805,7.710732744665526
LINK,long,2024-04-18 08:00:00+00:00,2024-04-18 12:00:00+00:00,2024-04-18 16:00:00+00:00,0.018364440446743124,0.01703396386845135,6.536688716426203
LINK,long,2024-04-19 00:00:00+00:00,2024-04-19 04:00:00+00:00,2024-04-19 08:00:00+00:00,0.025641025641025772,0.02430104232252739,6.536688716426203
AVAX,short,2024-04-19 12:00:00+00:00,2024-04-19 16:00:00+00:00,2024-04-19 20:00:00+00:00,0.0008208553879247571,-0.0007213678731721185,7.710732744665526
XRP,long,2024-04-20 00:00:00+00:00,2024-04-20 04:00:00+00:00,2024-04-20 08:00:00+00:00,0.004493942946463436,0.0033408910458865293,5.742762706652812
LINK,long,2024-04-20 04:00:00+00:00,2024-04-20 08:00:00+00:00,2024-04-20 12:00:00+00:00,0.008897430422094121,0.007579322338423511,6.536688716426203
ETH,short,2024-04-21 04:00:00+00:00,2024-04-21 08:00:00+00:00,2024-04-21 12:00:00+00:00,0.003595010541997512,0.00258351056597661,5.041924062981029
AVAX,short,2024-04-21 20:00:00+00:00,2024-04-22 00:00:00+00:00,2024-04-22 04:00:00+00:00,-0.024193548387096753,-0.025697225493648057,7.710732744665526
AVAX,long,2024-04-23 00:00:00+00:00,2024-04-23 04:00:00+00:00,2024-04-23 08:00:00+00:00,-0.015539775650921017,-0.01705678786089071,7.710732744665526
XRP,short,2024-04-23 04:00:00+00:00,2024-04-23 08:00:00+00:00,2024-04-23 12:00:00+00:00,0.009930121368150191,0.008770829314603601,5.742762706652812
SOL,short,2024-04-23 12:00:00+00:00,2024-04-23 16:00:00+00:00,2024-04-23 20:00:00+00:00,0.0026670053340107636,0.0014643409720636047,6.000925858297193
ADA,short,2024-04-24 04:00:00+00:00,2024-04-24 08:00:00+00:00,2024-04-24 12:00:00+00:00,0.012040939193256994,0.010021146820236027,9.988775255673833
LINK,long,2024-04-26 04:00:00+00:00,2024-04-26 08:00:00+00:00,2024-04-26 12:00:00+00:00,-0.01545417735186927,-0.016740470456048873,6.536688716426203
LINK,long,2024-04-30 00:00:00+00:00,2024-04-30 04:00:00+00:00,2024-04-30 08:00:00+00:00,-0.005505899177690399,-0.0068051895455011335,6.536688716426203
ETH,short,2024-04-30 16:00:00+00:00,2024-04-30 20:00:00+00:00,2024-05-01 00:00:00+00:00,-0.028573229265833167,-0.029552307624117424,5.041924062981029
SOL,short,2024-04-30 16:00:00+00:00,2024-04-30 20:00:00+00:00,2024-05-01 00:00:00+00:00,-0.029191321499013823,-0.03035577290081637,6.000925858297193
ADA,long,2024-04-30 20:00:00+00:00,2024-05-01 00:00:00+00:00,2024-05-01 04:00:00+00:00,-0.0013599274705349274,-0.0033529749094020067,9.988775255673833
LINK,long,2024-04-30 20:00:00+00:00,2024-05-01 00:00:00+00:00,2024-05-01 04:00:00+00:00,0.0015233452662044566,0.0002148713048546469,6.536688716426203
LINK,long,2024-05-01 20:00:00+00:00,2024-05-02 00:00:00+00:00,2024-05-02 04:00:00+00:00,-0.013934671860952985,-0.015222950174342498,6.536688716426203
XRP,short,2024-05-02 16:00:00+00:00,2024-05-02 20:00:00+00:00,2024-05-03 00:00:00+00:00,0.010424710424710382,0.009264850635682942,5.742762706652812
ETH,long,2024-05-03 04:00:00+00:00,2024-05-03 08:00:00+00:00,2024-05-03 12:00:00+00:00,0.003739262253663389,0.0027276168897107933,5.041924062981029
SOL,long,2024-05-03 16:00:00+00:00,2024-05-03 20:00:00+00:00,2024-05-04 00:00:00+00:00,0.006655457475129634,0.0054480091029136535,6.000925858297193
ETH,long,2024-05-05 12:00:00+00:00,2024-05-05 16:00:00+00:00,2024-05-05 20:00:00+00:00,-0.005351435171999208,-0.006353918234294875,5.041924062981029
ETH,long,2024-05-06 04:00:00+00:00,2024-05-06 08:00:00+00:00,2024-05-06 12:00:00+00:00,-0.009599149816537644,-0.010597351706432168,5.041924062981029
AVAX,short,2024-05-06 16:00:00+00:00,2024-05-06 20:00:00+00:00,2024-05-07 00:00:00+00:00,0.0022355698009535185,0.0006911665238586995,7.710732744665526
ADA,long,2024-05-08 16:00:00+00:00,2024-05-08 20:00:00+00:00,2024-05-09 00:00:00+00:00,-0.026706870557828943,-0.028649331542784595,9.988775255673833
LINK,long,2024-05-10 12:00:00+00:00,2024-05-10 16:00:00+00:00,2024-05-10 20:00:00+00:00,-0.014101822389354979,-0.015389882323297854,6.536688716426203
AVAX,long,2024-05-11 00:00:00+00:00,2024-05-11 04:00:00+00:00,2024-05-11 08:00:00+00:00,0.0034893084011811126,0.0019429731651130489,7.710732744665526
LINK,long,2024-05-13 04:00:00+00:00,2024-05-13 08:00:00+00:00,2024-05-13 12:00:00+00:00,-0.0030399644101727352,-0.004342476481650315,6.536688716426203
DOT,long,2024-05-14 00:00:00+00:00,2024-05-14 04:00:00+00:00,2024-05-14 08:00:00+00:00,-0.004816375677302864,-0.00661536864879575,9.046674492363598
SOL,short,2024-05-14 12:00:00+00:00,2024-05-14 16:00:00+00:00,2024-05-14 20:00:00+00:00,-0.006190012519126542,-0.007382053194776694,6.000925858297193
ETH,long,2024-05-15 04:00:00+00:00,2024-05-15 08:00:00+00:00,2024-05-15 12:00:00+00:00,-0.005692729766803795,-0.006694868846246926,5.041924062981029
SOL,long,2024-05-15 16:00:00+00:00,2024-05-15 20:00:00+00:00,2024-05-16 00:00:00+00:00,0.022979602375419628,0.02175257375651518,6.000925858297193
ETH,short,2024-05-16 00:00:00+00:00,2024-05-16 04:00:00+00:00,2024-05-16 08:00:00+00:00,-0.0006894631468689072,-0.0016966449019063523,5.041924062981029
DOT,short,2024-05-18 20:00:00+00:00,2024-05-19 00:00:00+00:00,2024-05-19 04:00:00+00:00,0.0005590496156533398,-0.0012496605096233848,9.046674492363598
DOT,short,2024-05-19 12:00:00+00:00,2024-05-19 16:00:00+00:00,2024-05-19 20:00:00+00:00,0.014427932477276029,0.012594151578946944,9.046674492363598
ETH,short,2024-05-20 08:00:00+00:00,2024-05-20 12:00:00+00:00,2024-05-20 16:00:00+00:00,-0.007571797379856693,-0.00857204259093114,5.041924062981029
SOL,long,2024-05-20 12:00:00+00:00,2024-05-20 16:00:00+00:00,2024-05-20 20:00:00+00:00,0.04649863074945504,0.045243391870212424,6.000925858297193
XRP,long,2024-05-20 16:00:00+00:00,2024-05-20 20:00:00+00:00,2024-05-21 00:00:00+00:00,0.007116104868913675,0.005960043006146831,5.742762706652812
ETH,short,2024-05-20 20:00:00+00:00,2024-05-21 00:00:00+00:00,2024-05-21 04:00:00+00:00,-0.009009813391342436,-0.010008609259657963,5.041924062981029
ETH,long,2024-05-21 08:00:00+00:00,2024-05-21 12:00:00+00:00,2024-05-21 16:00:00+00:00,0.00014295093076932552,-0.0008650697949790231,5.041924062981029
ADA,short,2024-05-21 12:00:00+00:00,2024-05-21 16:00:00+00:00,2024-05-21 20:00:00+00:00,0.0042381432896063664,0.002233923436474994,9.988775255673833
DOT,long,2024-05-21 16:00:00+00:00,2024-05-21 20:00:00+00:00,2024-05-22 00:00:00+00:00,0.009819532908704964,0.007994082612117426,9.046674492363598
XRP,short,2024-05-22 00:00:00+00:00,2024-05-22 04:00:00+00:00,2024-05-22 08:00:00+00:00,0.004116766467065824,0.0029641475248549654,5.742762706652812
SOL,long,2024-05-22 04:00:00+00:00,2024-05-22 08:00:00+00:00,2024-05-22 12:00:00+00:00,-0.010285777827199083,-0.011472905774152053,6.000925858297193
ADA,long,2024-05-22 08:00:00+00:00,2024-05-22 12:00:00+00:00,2024-05-22 16:00:00+00:00,0.0041519618019514315,0.002147913946517699,9.988775255673833
AVAX,short,2024-05-23 12:00:00+00:00,2024-05-23 16:00:00+00:00,2024-05-23 20:00:00+00:00,0.022004955110957125,0.020430088034353977,7.710732744665526
DOT,short,2024-05-23 16:00:00+00:00,2024-05-23 20:00:00+00:00,2024-05-24 00:00:00+00:00,-0.00972357271843316,-0.011513694952133502,9.046674492363598
SOL,short,2024-05-24 00:00:00+00:00,2024-05-24 04:00:00+00:00,2024-05-24 08:00:00+00:00,0.035374804475995614,0.03413290824127646,6.000925858297193
SOL,short,2024-05-26 00:00:00+00:00,2024-05-26 04:00:00+00:00,2024-05-26 08:00:00+00:00,0.005745736059029838,0.004539378866159183,6.000925858297193
XRP,short,2024-05-28 04:00:00+00:00,2024-05-28 08:00:00+00:00,2024-05-28 12:00:00+00:00,-0.008104033169996194,-0.009242623937774419,5.742762706652812
SOL,long,2024-05-28 20:00:00+00:00,2024-05-29 00:00:00+00:00,2024-05-29 04:00:00+00:00,0.02187444424684326,0.020648741226855227,6.000925858297193
DOT,short,2024-05-29 08:00:00+00:00,2024-05-29 12:00:00+00:00,2024-05-29 16:00:00+00:00,0.020758372543592696,0.01891314811172151,9.046674492363598
XRP,short,2024-05-29 08:00:00+00:00,2024-05-29 12:00:00+00:00,2024-05-29 16:00:00+00:00,0.0020829388373413416,0.0009326545123080621,5.742762706652812
LINK,short,2024-05-31 04:00:00+00:00,2024-05-31 08:00:00+00:00,2024-05-31 12:00:00+00:00,-0.009034475113623763,-0.010329155454364747,6.536688716426203
LINK,short,2024-05-31 16:00:00+00:00,2024-05-31 20:00:00+00:00,2024-06-01 00:00:00+00:00,-0.009883784077332591,-0.011177354809726037,6.536688716426203
ADA,long,2024-05-31 20:00:00+00:00,2024-06-01 00:00:00+00:00,2024-06-01 04:00:00+00:00,0.0013422818791946067,-0.0006561585251383395,9.988775255673833
SOL,long,2024-06-02 20:00:00+00:00,2024-06-03 00:00:00+00:00,2024-06-03 04:00:00+00:00,0.0025735294117648078,0.0013709771709502494,6.000925858297193
AVAX,short,2024-06-05 20:00:00+00:00,2024-06-06 00:00:00+00:00,2024-06-06 04:00:00+00:00,0.005746810382754042,0.004196996430141153,7.710732744665526
LINK,long,2024-06-06 20:00:00+00:00,2024-06-07 00:00:00+00:00,2024-06-07 04:00:00+00:00,0.006721909949585658,0.005406644148028716,6.536688716426203
SOL,long,2024-06-08 16:00:00+00:00,2024-06-08 20:00:00+00:00,2024-06-09 00:00:00+00:00,-0.01220198986296217,-0.013386819379914927,6.000925858297193
XRP,short,2024-06-09 04:00:00+00:00,2024-06-09 08:00:00+00:00,2024-06-09 12:00:00+00:00,-0.0008092251669027384,-0.001956189596156288,5.742762706652812
XRP,short,2024-06-10 04:00:00+00:00,2024-06-10 08:00:00+00:00,2024-06-10 12:00:00+00:00,-0.006441223832528209,-0.00758172332805962,5.742762706652812
LINK,short,2024-06-11 04:00:00+00:00,2024-06-11 08:00:00+00:00,2024-06-11 12:00:00+00:00,0.005120891942697936,0.0038077178451274563,6.536688716426203
DOT,long,2024-06-11 16:00:00+00:00,2024-06-11 20:00:00+00:00,2024-06-12 00:00:00+00:00,-0.007626459143968756,-0.009420372328895255,9.046674492363598
ADA,short,2024-06-12 16:00:00+00:00,2024-06-12 20:00:00+00:00,2024-06-13 00:00:00+00:00,-0.010735495660118888,-0.012709831700673302,9.988775255673833
ETH,short,2024-06-12 20:00:00+00:00,2024-06-13 00:00:00+00:00,2024-06-13 04:00:00+00:00,0.01625714603746342,0.015232884190752083,5.041924062981029
LINK,short,2024-06-14 00:00:00+00:00,2024-06-14 04:00:00+00:00,2024-06-14 08:00:00+00:00,-0.003976531942633588,-0.00527782040386271,6.536688716426203
XRP,short,2024-06-14 00:00:00+00:00,2024-06-14 04:00:00+00:00,2024-06-14 08:00:00+00:00,0.0008364700961940308,-0.0003123834156809613,5.742762706652812
LINK,short,2024-06-14 12:00:00+00:00,2024-06-14 16:00:00+00:00,2024-06-14 20:00:00+00:00,0.04711717296962181,0.04574913141393688,6.536688716426203
XRP,long,2024-06-15 16:00:00+00:00,2024-06-15 20:00:00+00:00,2024-06-16 00:00:00+00:00,-0.006881198138028677,-0.008021192589988013,5.742762706652812
AVAX,short,2024-06-16 00:00:00+00:00,2024-06-16 04:00:00+00:00,2024-06-16 08:00:00+00:00,-0.012614452275871102,-0.01413597228734298,7.710732744665526
DOT,short,2024-06-16 16:00:00+00:00,2024-06-16 20:00:00+00:00,2024-06-17 00:00:00+00:00,-0.005002344849148077,-0.006801001644256122,9.046674492363598
ADA,short,2024-06-17 12:00:00+00:00,2024-06-17 16:00:00+00:00,2024-06-17 20:00:00+00:00,-0.029347562454523413,-0.0312847532481797,9.988775255673833
AVAX,short,2024-06-17 12:00:00+00:00,2024-06-17 16:00:00+00:00,2024-06-17 20:00:00+00:00,-0.03263829053937617,-0.03412895464993404,7.710732744665526
LINK,long,2024-06-17 20:00:00+00:00,2024-06-18 00:00:00+00:00,2024-06-18 04:00:00+00:00,-0.054128503546587825,-0.05536426927261129,6.536688716426203
SOL,long,2024-06-17 20:00:00+00:00,2024-06-18 00:00:00+00:00,2024-06-18 04:00:00+00:00,-0.05375593409662116,-0.054890921096005685,6.000925858297193
AVAX,short,2024-06-18 12:00:00+00:00,2024-06-18 16:00:00+00:00,2024-06-18 20:00:00+00:00,0.0015627977892129774,1.9431225772414962e-05,7.710732744665526
DOT,short,2024-06-18 12:00:00+00:00,2024-06-18 16:00:00+00:00,2024-06-18 20:00:00+00:00,0.02130656805775666,0.01946035265311097,9.046674492363598
ETH,long,2024-06-18 20:00:00+00:00,2024-06-19 00:00:00+00:00,2024-06-19 04:00:00+00:00,0.023582373223929087,0.02255072845178918,5.041924062981029
LINK,long,2024-06-19 00:00:00+00:00,2024-06-19 04:00:00+00:00,2024-06-19 08:00:00+00:00,0.013513513513513598,0.012189374592362245,6.536688716426203
SOL,long,2024-06-19 00:00:00+00:00,2024-06-19 04:00:00+00:00,2024-06-19 08:00:00+00:00,-0.0004997144488865235,-0.001698580440081754,6.000925858297193
AVAX,short,2024-06-19 04:00:00+00:00,2024-06-19 08:00:00+00:00,2024-06-19 12:00:00+00:00,0.006554238161867509,0.005003179996670548,7.710732744665526
ADA,long,2024-06-19 16:00:00+00:00,2024-06-19 20:00:00+00:00,2024-06-20 00:00:00+00:00,-0.004918457157649381,-0.006904402619864469,9.988775255673833
SOL,long,2024-06-19 16:00:00+00:00,2024-06-19 20:00:00+00:00,2024-06-20 00:00:00+00:00,-0.007900512070226684,-0.009090501060880607,6.000925858297193
AVAX,long,2024-06-20 00:00:00+00:00,2024-06-20 04:00:00+00:00,2024-06-20 08:00:00+00:00,0.04681341563173946,0.04520031975056926,7.710732744665526
AVAX,short,2024-06-20 16:00:00+00:00,2024-06-20 20:00:00+00:00,2024-06-21 00:00:00+00:00,0.0077215878194669685,0.006168730817059265,7.710732744665526
DOT,short,2024-06-20 16:00:00+00:00,2024-06-20 20:00:00+00:00,2024-06-21 00:00:00+00:00,0.014890976777166998,0.013056358833874127,9.046674492363598
LINK,short,2024-06-20 16:00:00+00:00,2024-06-20 20:00:00+00:00,2024-06-21 00:00:00+00:00,0.017885950761029834,0.016556099321729745,6.536688716426203
DOT,long,2024-06-21 16:00:00+00:00,2024-06-21 20:00:00+00:00,2024-06-22 00:00:00+00:00,-0.0012462168417304298,-0.003051663587677833,9.046674492363598
AVAX,short,2024-06-22 00:00:00+00:00,2024-06-22 04:00:00+00:00,2024-06-22 08:00:00+00:00,0.04129653756563623,0.039691942963827165,7.710732744665526
ADA,short,2024-06-23 12:00:00+00:00,2024-06-23 16:00:00+00:00,2024-06-23 20:00:00+00:00,0.0018130018130018133,-0.00018637803606635917,9.988775255673833
SOL,long,2024-06-24 08:00:00+00:00,2024-06-24 12:00:00+00:00,2024-06-24 16:00:00+00:00,-0.005666168253718462,-0.006858837262430306,6.000925858297193
XRP,long,2024-06-24 08:00:00+00:00,2024-06-24 12:00:00+00:00,2024-06-24 16:00:00+00:00,-0.005466778805719219,-0.00660839686020076,5.742762706652812
ADA,short,2024-06-24 12:00:00+00:00,2024-06-24 16:00:00+00:00,2024-06-24 20:00:00+00:00,0.005966910767561728,0.003959240706803868,9.988775255673833
DOT,short,2024-06-24 16:00:00+00:00,2024-06-24 20:00:00+00:00,2024-06-25 00:00:00+00:00,-0.024270997031604735,-0.026034821893188953,9.046674492363598
SOL,long,2024-06-24 20:00:00+00:00,2024-06-25 00:00:00+00:00,2024-06-25 04:00:00+00:00,0.026385423754441417,0.025154309970697675,6.000925858297193
ETH,short,2024-06-25 04:00:00+00:00,2024-06-25 08:00:00+00:00,2024-06-25 12:00:00+00:00,-0.004348985335505762,-0.005352478743583244,5.041924062981029
ETH,short,2024-06-26 00:00:00+00:00,2024-06-26 04:00:00+00:00,2024-06-26 08:00:00+00:00,-0.0018755383353569188,-0.0028815246729080313,5.041924062981029
LINK,short,2024-06-26 16:00:00+00:00,2024-06-26 20:00:00+00:00,2024-06-27 00:00:00+00:00,0.011495078669444547,0.01017357680058839,6.536688716426203
SOL,short,2024-06-27 12:00:00+00:00,2024-06-27 16:00:00+00:00,2024-06-27 20:00:00+00:00,-0.0047144396551723755,-0.005908250229390566,6.000925858297193
LINK,long,2024-06-28 12:00:00+00:00,2024-06-28 16:00:00+00:00,2024-06-28 20:00:00+00:00,-0.019276270006958862,-0.020557569609248927,6.536688716426203
ADA,short,2024-06-28 16:00:00+00:00,2024-06-28 20:00:00+00:00,2024-06-29 00:00:00+00:00,0.021260046668394983,0.019221855155336476,9.988775255673833
AVAX,short,2024-06-28 16:00:00+00:00,2024-06-28 20:00:00+00:00,2024-06-29 00:00:00+00:00,0.005615164520743843,0.004065553428922231,7.710732744665526
DOT,short,2024-06-28 16:00:00+00:00,2024-06-28 20:00:00+00:00,2024-06-29 00:00:00+00:00,0.01195669736629501,0.010127383718518512,9.046674492363598
ETH,short,2024-06-28 16:00:00+00:00,2024-06-28 20:00:00+00:00,2024-06-29 00:00:00+00:00,4.437357819653265e-05,-0.0009635477937398607,5.041924062981029
DOT,short,2024-06-29 04:00:00+00:00,2024-06-29 08:00:00+00:00,2024-06-29 12:00:00+00:00,0.01303568518820275,0.01120442105464603,9.046674492363598
DOT,short,2024-07-02 00:00:00+00:00,2024-07-02 04:00:00+00:00,2024-07-02 08:00:00+00:00,0.0117647058823529,0.009935739297492141,9.046674492363598
LINK,short,2024-07-04 04:00:00+00:00,2024-07-04 08:00:00+00:00,2024-07-04 12:00:00+00:00,0.007120980091883666,0.005805192911676471,6.536688716426203
AVAX,long,2024-07-04 08:00:00+00:00,2024-07-04 12:00:00+00:00,2024-07-04 16:00:00+00:00,-0.01005025125628145,-0.01157572259474382,7.710732744665526
LINK,short,2024-07-05 04:00:00+00:00,2024-07-05 08:00:00+00:00,2024-07-05 12:00:00+00:00,-0.03981303730907271,-0.04106750595890207,6.536688716426203
LINK,long,2024-07-06 20:00:00+00:00,2024-07-07 00:00:00+00:00,2024-07-07 04:00:00+00:00,-0.009863429438543125,-0.011157026763941147,6.536688716426203
ADA,short,2024-07-07 20:00:00+00:00,2024-07-08 00:00:00+00:00,2024-07-08 04:00:00+00:00,0.008435136707388047,0.006422540656252584,9.988775255673833
LINK,long,2024-07-08 00:00:00+00:00,2024-07-08 04:00:00+00:00,2024-07-08 08:00:00+00:00,0.026736224323443025,0.025394810145678903,6.536688716426203
SOL,long,2024-07-08 00:00:00+00:00,2024-07-08 04:00:00+00:00,2024-07-08 08:00:00+00:00,0.014692378328741817,0.013475289948189362,6.000925858297193
AVAX,short,2024-07-09 04:00:00+00:00,2024-07-09 08:00:00+00:00,2024-07-09 12:00:00+00:00,7.796359100309402e-05,-0.0014631149047708014,7.710732744665526
DOT,long,2024-07-09 08:00:00+00:00,2024-07-09 12:00:00+00:00,2024-07-09 16:00:00+00:00,0.0068728522336769515,0.0050527286503652125,9.046674492363598
DOT,short,2024-07-10 16:00:00+00:00,2024-07-10 20:00:00+00:00,2024-07-11 00:00:00+00:00,0.0013121207151058911,-0.0004979507364446523,9.046674492363598
XRP,long,2024-07-12 04:00:00+00:00,2024-07-12 08:00:00+00:00,2024-07-12 12:00:00+00:00,0.018806744487678273,0.01763726301762958,5.742762706652812
LINK,short,2024-07-12 16:00:00+00:00,2024-07-12 20:00:00+00:00,2024-07-13 00:00:00+00:00,-0.0040809919949773565,-0.005382143980847021,6.536688716426203
ADA,short,2024-07-13 04:00:00+00:00,2024-07-13 08:00:00+00:00,2024-07-13 12:00:00+00:00,0.010714285714285676,0.008697141025241661,9.988775255673833
LINK,short,2024-07-13 04:00:00+00:00,2024-07-13 08:00:00+00:00,2024-07-13 12:00:00+00:00,0.00023039705091765228,-0.0010763876946180417,6.536688716426203
DOT,long,2024-07-13 08:00:00+00:00,2024-07-13 12:00:00+00:00,2024-07-13 16:00:00+00:00,0.007389558232931748,0.005568500600427351,9.046674492363598
ETH,short,2024-07-15 08:00:00+00:00,2024-07-15 12:00:00+00:00,2024-07-15 16:00:00+00:00,-0.00823928670045515,-0.009238859164629964,5.041924062981029
XRP,long,2024-07-15 16:00:00+00:00,2024-07-15 20:00:00+00:00,2024-07-16 00:00:00+00:00,0.003362600410984573,0.0022108471709618716,5.742762706652812
ETH,long,2024-07-17 12:00:00+00:00,2024-07-17 16:00:00+00:00,2024-07-17 20:00:00+00:00,-0.005858857959057939,-0.0068608296017753645,5.041924062981029
SOL,long,2024-07-19 12:00:00+00:00,2024-07-19 16:00:00+00:00,2024-07-19 20:00:00+00:00,0.009655826076654161,0.008444778866169456,6.000925858297193
ETH,long,2024-07-19 16:00:00+00:00,2024-07-19 20:00:00+00:00,2024-07-20 00:00:00+00:00,-0.005347365911393842,-0.006349853075002243,5.041924062981029
AVAX,long,2024-07-23 16:00:00+00:00,2024-07-23 20:00:00+00:00,2024-07-24 00:00:00+00:00,-0.0027435760171306,-0.004280306637865605,7.710732744665526
DOT,short,2024-07-24 16:00:00+00:00,2024-07-24 20:00:00+00:00,2024-07-25 00:00:00+00:00,0.015143603133159322,0.013308528517320894,9.046674492363598
SOL,long,2024-07-25 00:00:00+00:00,2024-07-25 04:00:00+00:00,2024-07-25 08:00:00+00:00,-0.0069761988509792205,-0.008167296523341028,6.000925858297193
ETH,long,2024-07-25 08:00:00+00:00,2024-07-25 12:00:00+00:00,2024-07-25 16:00:00+00:00,-0.009564129156723777,-0.010562366343123464,5.041924062981029
AVAX,short,2024-07-25 12:00:00+00:00,2024-07-25 16:00:00+00:00,2024-07-25 20:00:00+00:00,0.01024528866287766,0.008688542742564476,7.710732744665526
ETH,long,2024-07-26 20:00:00+00:00,2024-07-27 00:00:00+00:00,2024-07-27 04:00:00+00:00,-0.009006202644140426,-0.010005002151643794,5.041924062981029
AVAX,short,2024-07-29 04:00:00+00:00,2024-07-29 08:00:00+00:00,2024-07-29 12:00:00+00:00,0.004831763593711846,0.003283359690095411,7.710732744665526
ETH,short,2024-07-29 16:00:00+00:00,2024-07-29 20:00:00+00:00,2024-07-30 00:00:00+00:00,-0.001988922305462326,-0.0029947943659575094,5.041924062981029
XRP,long,2024-07-31 00:00:00+00:00,2024-07-31 04:00:00+00:00,2024-07-31 08:00:00+00:00,-0.004619648906683094,-0.005762239375928346,5.742762706652812
ADA,short,2024-07-31 08:00:00+00:00,2024-07-31 12:00:00+00:00,2024-07-31 16:00:00+00:00,0.00273631840796007,0.0007350958391521001,9.988775255673833
LINK,long,2024-08-01 00:00:00+00:00,2024-08-01 04:00:00+00:00,2024-08-01 08:00:00+00:00,0.0010147529466864036,-0.00029305654706990314,6.536688716426203
XRP,long,2024-08-01 08:00:00+00:00,2024-08-01 12:00:00+00:00,2024-08-01 16:00:00+00:00,-0.039999999999999925,-0.04110197760009082,5.742762706652812
ETH,short,2024-08-01 12:00:00+00:00,2024-08-01 16:00:00+00:00,2024-08-01 20:00:00+00:00,-0.004767515750684237,-0.005770587331729304,5.041924062981029
LINK,long,2024-08-01 12:00:00+00:00,2024-08-01 16:00:00+00:00,2024-08-01 20:00:00+00:00,-0.007433458556470263,-0.008730230599303446,6.536688716426203
ADA,short,2024-08-02 00:00:00+00:00,2024-08-02 04:00:00+00:00,2024-08-02 08:00:00+00:00,0.003908285565398684,0.0019047240296234946,9.988775255673833
XRP,short,2024-08-02 12:00:00+00:00,2024-08-02 16:00:00+00:00,2024-08-02 20:00:00+00:00,-0.002131817374311562,-0.0032772636087874396,5.742762706652812
ETH,short,2024-08-02 16:00:00+00:00,2024-08-02 20:00:00+00:00,2024-08-03 00:00:00+00:00,0.007481580329162796,0.006466163170209205,5.041924062981029
SOL,short,2024-08-03 00:00:00+00:00,2024-08-03 04:00:00+00:00,2024-08-03 08:00:00+00:00,0.012465373961218829,0.011250956795308964,6.000925858297193
ETH,short,2024-08-03 16:00:00+00:00,2024-08-03 20:00:00+00:00,2024-08-04 00:00:00+00:00,-0.003333849942312117,-0.004338366481647649,5.041924062981029
AVAX,short,2024-08-03 20:00:00+00:00,2024-08-04 00:00:00+00:00,2024-08-04 04:00:00+00:00,-0.006617872638821964,-0.008148633129799632,7.710732744665526
XRP,short,2024-08-04 04:00:00+00:00,2024-08-04 08:00:00+00:00,2024-08-04 12:00:00+00:00,0.007171754321441792,0.006015628579039367,5.742762706652812
ETH,short,2024-08-04 12:00:00+00:00,2024-08-04 16:00:00+00:00,2024-08-04 20:00:00+00:00,0.02560931379660536,0.02457562611839359,5.041924062981029
DOT,long,2024-08-04 16:00:00+00:00,2024-08-04 20:00:00+00:00,2024-08-05 00:00:00+00:00,-0.016359060402684422,-0.01813718766840644,9.046674492363598
ADA,short,2024-08-04 20:00:00+00:00,2024-08-05 00:00:00+00:00,2024-08-05 04:00:00+00:00,0.11862203444913888,0.11638953162640298,9.988775255673833
AVAX,long,2024-08-05 00:00:00+00:00,2024-08-05 04:00:00+00:00,2024-08-05 08:00:00+00:00,0.02124919510624612,0.019675492624337876,7.710732744665526
LINK,long,2024-08-05 00:00:00+00:00,2024-08-05 04:00:00+00:00,2024-08-05 08:00:00+00:00,-0.028243127147766334,-0.029512711697042948,6.536688716426203
ADA,long,2024-08-05 08:00:00+00:00,2024-08-05 12:00:00+00:00,2024-08-05 16:00:00+00:00,0.08014879945891096,0.07799308003849514,9.988775255673833
ETH,long,2024-08-05 12:00:00+00:00,2024-08-05 16:00:00+00:00,2024-08-05 20:00:00+00:00,-0.018460094279941996,-0.019449365430825205,5.041924062981029
SOL,short,2024-08-05 16:00:00+00:00,2024-08-05 20:00:00+00:00,2024-08-06 00:00:00+00:00,-0.0077035667514059325,-0.008893791971151699,6.000925858297193
XRP,short,2024-08-05 20:00:00+00:00,2024-08-06 00:00:00+00:00,2024-08-06 04:00:00+00:00,-0.04343572686362751,-0.04453376061575598,5.742762706652812
ADA,long,2024-08-06 00:00:00+00:00,2024-08-06 04:00:00+00:00,2024-08-06 08:00:00+00:00,0.024585125998770607,0.02254029842030092,9.988775255673833
SOL,long,2024-08-06 04:00:00+00:00,2024-08-06 08:00:00+00:00,2024-08-06 12:00:00+00:00,-0.017545095828635726,-0.018723516474953628,6.000925858297193
LINK,short,2024-08-06 12:00:00+00:00,2024-08-06 16:00:00+00:00,2024-08-06 20:00:00+00:00,0.02581091772151889,0.02447071244178045,6.536688716426203
ADA,short,2024-08-07 20:00:00+00:00,2024-08-08 00:00:00+00:00,2024-08-08 04:00:00+00:00,-0.032258064516129004,-0.034189446641738175,9.988775255673833
DOT,short,2024-08-07 20:00:00+00:00,2024-08-08 00:00:00+00:00,2024-08-08 04:00:00+00:00,-0.03275570583262899,-0.0345041928900881,9.046674492363598
ADA,short,2024-08-08 16:00:00+00:00,2024-08-08 20:00:00+00:00,2024-08-09 00:00:00+00:00,-0.03328591749644383,-0.035215248272616684,9.988775255673833
DOT,short,2024-08-09 04:00:00+00:00,2024-08-09 08:00:00+00:00,2024-08-09 12:00:00+00:00,0.005851619644722916,0.004033342143083818,9.046674492363598
ADA,long,2024-08-09 12:00:00+00:00,2024-08-09 16:00:00+00:00,2024-08-09 20:00:00+00:00,0.020545934840035196,0.018509168523891395,9.988775255673833
DOT,short,2024-08-09 16:00:00+00:00,2024-08-09 20:00:00+00:00,2024-08-10 00:00:00+00:00,0.002927033242734467,0.0011140425145643729,9.046674492363598
ADA,long,2024-08-10 12:00:00+00:00,2024-08-10 16:00:00+00:00,2024-08-10 20:00:00+00:00,0.00665509259259256,0.004646049085022641,9.988775255673833
XRP,short,2024-08-10 16:00:00+00:00,2024-08-10 20:00:00+00:00,2024-08-11 00:00:00+00:00,0.012328767123287676,0.011166721680269553,5.742762706652812
AVAX,long,2024-08-11 00:00:00+00:00,2024-08-11 04:00:00+00:00,2024-08-11 08:00:00+00:00,0.00377478624704386,0.002228011101503391,7.710732744665526
DOT,short,2024-08-11 04:00:00+00:00,2024-08-11 08:00:00+00:00,2024-08-11 12:00:00+00:00,0.015061518879932123,0.013226592647759716,9.046674492363598
LINK,long,2024-08-11 08:00:00+00:00,2024-08-11 12:00:00+00:00,2024-08-11 16:00:00+00:00,-0.016643026004728112,-0.01792776589747891,6.536688716426203
AVAX,long,2024-08-11 16:00:00+00:00,2024-08-11 20:00:00+00:00,2024-08-12 00:00:00+00:00,-0.020876325766664983,-0.0223851145751357,7.710732744665526
XRP,long,2024-08-12 08:00:00+00:00,2024-08-12 12:00:00+00:00,2024-08-12 16:00:00+00:00,-0.008158305849678693,-0.009296834318209823,5.742762706652812
ETH,short,2024-08-12 16:00:00+00:00,2024-08-12 20:00:00+00:00,2024-08-13 00:00:00+00:00,-0.02281342285823429,-0.02379830639089875,5.041924062981029
XRP,short,2024-08-14 08:00:00+00:00,2024-08-14 12:00:00+00:00,2024-08-14 16:00:00+00:00,0.009759498082955842,0.008600401886740716,5.742762706652812
ETH,short,2024-08-15 00:00:00+00:00,2024-08-15 04:00:00+00:00,2024-08-15 08:00:00+00:00,0.014479229610139255,0.013456759683878605,5.041924062981029
SOL,short,2024-08-16 04:00:00+00:00,2024-08-16 08:00:00+00:00,2024-08-16 12:00:00+00:00,0.018099866187759606,0.016878690643482797,6.000925858297193
AVAX,short,2024-08-16 08:00:00+00:00,2024-08-16 12:00:00+00:00,2024-08-16 16:00:00+00:00,0.018194576712946775,0.01662558127077962,7.710732744665526
AVAX,short,2024-08-17 00:00:00+00:00,2024-08-17 04:00:00+00:00,2024-08-17 08:00:00+00:00,-0.006806028196402525,-0.008336498747501309,7.710732744665526
DOT,short,2024-08-17 08:00:00+00:00,2024-08-17 12:00:00+00:00,2024-08-17 16:00:00+00:00,-0.004392048081368283,-0.006191808109657471,9.046674492363598
AVAX,short,2024-08-18 04:00:00+00:00,2024-08-18 08:00:00+00:00,2024-08-18 12:00:00+00:00,-0.013224241271049264,-0.01474482162307289,7.710732744665526
XRP,short,2024-08-20 20:00:00+00:00,2024-08-21 00:00:00+00:00,2024-08-21 04:00:00+00:00,-0.003524081221681463,-0.004667929285768646,5.742762706652812
SOL,long,2024-08-21 16:00:00+00:00,2024-08-21 20:00:00+00:00,2024-08-22 00:00:00+00:00,-0.004114652346746461,-0.00530918234507749,6.000925858297193
LINK,long,2024-08-22 04:00:00+00:00,2024-08-22 08:00:00+00:00,2024-08-22 12:00:00+00:00,-0.0011471937875043858,-0.0024521787330155087,6.536688716426203
XRP,short,2024-08-24 08:00:00+00:00,2024-08-24 12:00:00+00:00,2024-08-24 16:00:00+00:00,-0.015650209745079136,-0.016780138307073922,5.742762706652812
XRP,long,2024-08-24 20:00:00+00:00,2024-08-25 00:00:00+00:00,2024-08-25 04:00:00+00:00,-0.007346938775510292,-0.008486398606896706,5.742762706652812
ETH,short,2024-08-26 16:00:00+00:00,2024-08-26 20:00:00+00:00,2024-08-27 00:00:00+00:00,0.00019769701626715097,-0.0008103788867824813,5.041924062981029
AVAX,short,2024-08-28 12:00:00+00:00,2024-08-28 16:00:00+00:00,2024-08-28 20:00:00+00:00,0.002857503046602483,0.0013121413962753348,7.710732744665526
ETH,long,2024-08-29 04:00:00+00:00,2024-08-29 08:00:00+00:00,2024-08-29 12:00:00+00:00,0.00304254458800024,0.002031601429513641,5.041924062981029
DOT,short,2024-08-29 12:00:00+00:00,2024-08-29 16:00:00+00:00,2024-08-29 20:00:00+00:00,0.03956408434020364,0.037684864831927234,9.046674492363598
DOT,long,2024-08-30 04:00:00+00:00,2024-08-30 08:00:00+00:00,2024-08-30 12:00:00+00:00,-0.006279069767441858,-0.008075418627513375,9.046674492363598
ADA,short,2024-08-30 12:00:00+00:00,2024-08-30 16:00:00+00:00,2024-08-30 20:00:00+00:00,-0.016208393632416773,-0.018171807073741553,9.988775255673833
SOL,short,2024-08-31 04:00:00+00:00,2024-08-31 08:00:00+00:00,2024-08-31 12:00:00+00:00,0.004233267644697669,0.003028724605330435,6.000925858297193
XRP,long,2024-08-31 12:00:00+00:00,2024-08-31 16:00:00+00:00,2024-08-31 20:00:00+00:00,0.002295603037259397,0.0011450745964087794,5.742762706652812
AVAX,long,2024-09-01 16:00:00+00:00,2024-09-01 20:00:00+00:00,2024-09-02 00:00:00+00:00,-0.03315416233795554,-0.03464403151155415,7.710732744665526
DOT,long,2024-09-01 20:00:00+00:00,2024-09-02 00:00:00+00:00,2024-09-02 04:00:00+00:00,0.011059228311624425,0.009231537018237868,9.046674492363598
ETH,short,2024-09-02 04:00:00+00:00,2024-09-02 08:00:00+00:00,2024-09-02 12:00:00+00:00,-0.02954012480623247,-0.030518228653079515,5.041924062981029
DOT,long,2024-09-02 08:00:00+00:00,2024-09-02 12:00:00+00:00,2024-09-02 16:00:00+00:00,-0.007639054666985001,-0.00943294508299064,9.046674492363598
SOL,short,2024-09-03 16:00:00+00:00,2024-09-03 20:00:00+00:00,2024-09-04 00:00:00+00:00,0.027050337149129744,0.02581842582478755,6.000925858297193
AVAX,long,2024-09-04 16:00:00+00:00,2024-09-04 20:00:00+00:00,2024-09-05 00:00:00+00:00,0.0008222932846049247,-0.0007199321922309876,7.710732744665526
LINK,short,2024-09-04 20:00:00+00:00,2024-09-05 00:00:00+00:00,2024-09-05 04:00:00+00:00,0.016825740430975067,0.015497274139227635,6.536688716426203
SOL,long,2024-09-05 12:00:00+00:00,2024-09-05 16:00:00+00:00,2024-09-05 20:00:00+00:00,-0.016232771822358383,-0.01741276655589097,6.000925858297193
LINK,short,2024-09-05 16:00:00+00:00,2024-09-05 20:00:00+00:00,2024-09-06 00:00:00+00:00,-0.007182044887780625,-0.008479145398482713,6.536688716426203
ADA,long,2024-09-05 20:00:00+00:00,2024-09-06 00:00:00+00:00,2024-09-06 04:00:00+00:00,0.00830769230769235,0.0062953506051870445,9.988775255673833
ETH,long,2024-09-06 00:00:00+00:00,2024-09-06 04:00:00+00:00,2024-09-06 08:00:00+00:00,-0.020298225524694735,-0.021285644066018627,5.041924062981029
ADA,short,2024-09-06 12:00:00+00:00,2024-09-06 16:00:00+00:00,2024-09-06 20:00:00+00:00,0.013414244650271634,0.011391711487050982,9.988775255673833
AVAX,short,2024-09-06 12:00:00+00:00,2024-09-06 16:00:00+00:00,2024-09-06 20:00:00+00:00,0.017736244874606566,0.01616795570271612,7.710732744665526
ETH,long,2024-09-06 20:00:00+00:00,2024-09-07 00:00:00+00:00,2024-09-07 04:00:00+00:00,0.005756785906884998,0.004743107127953783,5.041924062981029
SOL,long,2024-09-06 20:00:00+00:00,2024-09-07 00:00:00+00:00,2024-09-07 04:00:00+00:00,0.0013600000000000279,0.00015890334570412001,6.000925858297193
SOL,short,2024-09-08 00:00:00+00:00,2024-09-08 04:00:00+00:00,2024-09-08 08:00:00+00:00,-0.009800895199876591,-0.010988604746755115,6.000925858297193
XRP,long,2024-09-08 04:00:00+00:00,2024-09-08 08:00:00+00:00,2024-09-08 12:00:00+00:00,-0.0005670005670005418,-0.0017142430442576018,5.742762706652812
ADA,long,2024-09-08 08:00:00+00:00,2024-09-08 12:00:00+00:00,2024-09-08 16:00:00+00:00,-0.019769843611684768,-0.02172614924815086,9.988775255673833
XRP,long,2024-09-08 16:00:00+00:00,2024-09-08 20:00:00+00:00,2024-09-09 00:00:00+00:00,0.007805063773081988,0.0066482110589820564,5.742762706652812
DOT,long,2024-09-09 00:00:00+00:00,2024-09-09 04:00:00+00:00,2024-09-09 08:00:00+00:00,0.011838608359507008,0.010009508181172855,9.046674492363598
XRP,short,2024-09-09 16:00:00+00:00,2024-09-09 20:00:00+00:00,2024-09-10 00:00:00+00:00,-0.0014831294030404063,-0.0026293202621141543,5.742762706652812
LINK,short,2024-09-11 00:00:00+00:00,2024-09-11 04:00:00+00:00,2024-09-11 08:00:00+00:00,-0.004292664313650718,-0.005593539753078747,6.536688716426203
ETH,short,2024-09-11 08:00:00+00:00,2024-09-11 12:00:00+00:00,2024-09-11 16:00:00+00:00,0.0006146915580926837,-0.0003938046240182791,5.041924062981029
ADA,long,2024-09-11 16:00:00+00:00,2024-09-11 20:00:00+00:00,2024-09-12 00:00:00+00:00,0.016402877697841767,0.014374379935758297,9.988775255673833
LINK,long,2024-09-11 16:00:00+00:00,2024-09-11 20:00:00+00:00,2024-09-12 00:00:00+00:00,-0.00421375215475972,-0.005514730691639769,6.536688716426203
SOL,short,2024-09-11 20:00:00+00:00,2024-09-12 00:00:00+00:00,2024-09-12 04:00:00+00:00,-0.023818302485067555,-0.02498919863717075,6.000925858297193
DOT,short,2024-09-12 00:00:00+00:00,2024-09-12 04:00:00+00:00,2024-09-12 08:00:00+00:00,0.007365169874079536,0.005544156328399774,9.046674492363598
ETH,long,2024-09-12 00:00:00+00:00,2024-09-12 04:00:00+00:00,2024-09-12 08:00:00+00:00,-0.0033827013467457867,-0.004387168649891637,5.041924062981029
AVAX,long,2024-09-12 12:00:00+00:00,2024-09-12 16:00:00+00:00,2024-09-12 20:00:00+00:00,0.017347939133029344,0.015780248324116508,7.710732744665526
ADA,long,2024-09-13 00:00:00+00:00,2024-09-13 04:00:00+00:00,2024-09-13 08:00:00+00:00,0.008476970895733293,0.006464291353533991,9.988775255673833
SOL,short,2024-09-14 20:00:00+00:00,2024-09-15 00:00:00+00:00,2024-09-15 04:00:00+00:00,-0.002182611858857597,-0.003379459272869312,6.000925858297193
LINK,short,2024-09-15 12:00:00+00:00,2024-09-15 16:00:00+00:00,2024-09-15 20:00:00+00:00,0.012261089073205778,0.010938586424215746,6.536688716426203
AVAX,long,2024-09-15 20:00:00+00:00,2024-09-16 00:00:00+00:00,2024-09-16 04:00:00+00:00,-0.005212712291911892,-0.006745638076469218,7.710732744665526
XRP,short,2024-09-16 00:00:00+00:00,2024-09-16 04:00:00+00:00,2024-09-16 08:00:00+00:00,-0.0064685314685313244,-0.007608999617809475,5.742762706652812
DOT,short,2024-09-17 04:00:00+00:00,2024-09-17 08:00:00+00:00,2024-09-17 12:00:00+00:00,0.007192519779429141,0.005371818333244738,9.046674492363598
ADA,long,2024-09-17 08:00:00+00:00,2024-09-17 12:00:00+00:00,2024-09-17 16:00:00+00:00,0.028683574879227125,0.02663056777414985,9.988775255673833
ADA,long,2024-09-18 08:00:00+00:00,2024-09-18 12:00:00+00:00,2024-09-18 16:00:00+00:00,-0.007557436517533267,-0.00953811520626402,9.988775255673833
AVAX,long,2024-09-19 04:00:00+00:00,2024-09-19 08:00:00+00:00,2024-09-19 12:00:00+00:00,0.01297147048604419,0.011410523633067493,7.710732744665526
LINK,long,2024-09-19 16:00:00+00:00,2024-09-19 20:00:00+00:00,2024-09-20 00:00:00+00:00,-0.0023158457290460843,-0.003619303849803024,6.536688716426203
ETH,long,2024-09-20 00:00:00+00:00,2024-09-20 04:00:00+00:00,2024-09-20 08:00:00+00:00,0.0157673023831435,0.014743534238412792,5.041924062981029
SOL,short,2024-09-21 16:00:00+00:00,2024-09-21 20:00:00+00:00,2024-09-22 00:00:00+00:00,-0.013982739011172862,-0.015165432581169203,6.000925858297193
LINK,short,2024-09-23 00:00:00+00:00,2024-09-23 04:00:00+00:00,2024-09-23 08:00:00+00:00,0.010163499779054286,0.008843737596361034,6.536688716426203
SOL,long,2024-09-24 00:00:00+00:00,2024-09-24 04:00:00+00:00,2024-09-24 08:00:00+00:00,0.003955804119492479,0.0027515938880182667,6.000925858297193
SOL,long,2024-09-24 16:00:00+00:00,2024-09-24 20:00:00+00:00,2024-09-25 00:00:00+00:00,0.030286677908937687,0.029050884705891677,6.000925858297193
ETH,short,2024-09-25 16:00:00+00:00,2024-09-25 20:00:00+00:00,2024-09-26 00:00:00+00:00,-0.0038126235034291467,-0.004816657498072363,5.041924062981029
ETH,long,2024-09-26 04:00:00+00:00,2024-09-26 08:00:00+00:00,2024-09-26 12:00:00+00:00,-0.00012170076823614373,-0.0011294547577169745,5.041924062981029
DOT,short,2024-09-26 20:00:00+00:00,2024-09-27 00:00:00+00:00,2024-09-27 04:00:00+00:00,-0.023128423615337734,-0.02489431390635133,9.046674492363598
ADA,short,2024-09-27 00:00:00+00:00,2024-09-27 04:00:00+00:00,2024-09-27 08:00:00+00:00,0.004413928396272748,0.002409357717987781,9.988775255673833
LINK,long,2024-09-29 00:00:00+00:00,2024-09-29 04:00:00+00:00,2024-09-29 08:00:00+00:00,-0.01678826390523258,-0.01807281404702843,6.536688716426203
XRP,short,2024-09-29 00:00:00+00:00,2024-09-29 04:00:00+00:00,2024-09-29 08:00:00+00:00,-0.024506683640992954,-0.02562644591564489,5.742762706652812
ADA,short,2024-09-29 04:00:00+00:00,2024-09-29 08:00:00+00:00,2024-09-29 12:00:00+00:00,-0.007301107754279945,-0.009282298014095303,9.988775255673833
LINK,long,2024-09-29 20:00:00+00:00,2024-09-30 00:00:00+00:00,2024-09-30 04:00:00+00:00,-0.015805519897304277,-0.01709135397816275,6.536688716426203
SOL,short,2024-09-30 00:00:00+00:00,2024-09-30 04:00:00+00:00,2024-09-30 08:00:00+00:00,-0.004270780214176373,-0.0054651229425353165,6.000925858297193
LINK,short,2024-10-01 00:00:00+00:00,2024-10-01 04:00:00+00:00,2024-10-01 08:00:00+00:00,-0.008757570797184422,-0.01005261290891113,6.536688716426203
DOT,short,2024-10-01 16:00:00+00:00,2024-10-01 20:00:00+00:00,2024-10-02 00:00:00+00:00,0.003130267276667764,0.001316909162429658,9.046674492363598
LINK,short,2024-10-01 16:00:00+00:00,2024-10-01 20:00:00+00:00,2024-10-02 00:00:00+00:00,0.0030872605103060557,0.0017767433191260285,6.536688716426203
ETH,long,2024-10-02 04:00:00+00:00,2024-10-02 08:00:00+00:00,2024-10-02 12:00:00+00:00,-0.0108261212912375,-0.011823086545233674,5.041924062981029
ADA,long,2024-10-02 16:00:00+00:00,2024-10-02 20:00:00+00:00,2024-10-03 00:00:00+00:00,0.011497641509434109,0.009478933429029945,9.988775255673833
ADA,long,2024-10-03 04:00:00+00:00,2024-10-03 08:00:00+00:00,2024-10-03 12:00:00+00:00,-0.009635036496350446,-0.01161156879096914,9.988775255673833
LINK,long,2024-10-03 04:00:00+00:00,2024-10-03 08:00:00+00:00,2024-10-03 12:00:00+00:00,-0.009685913108895994,-0.01097974235649124,6.536688716426203
AVAX,long,2024-10-05 00:00:00+00:00,2024-10-05 04:00:00+00:00,2024-10-05 08:00:00+00:00,0.006499284305002018,0.004948310821410118,7.710732744665526
ETH,short,2024-10-05 16:00:00+00:00,2024-10-05 20:00:00+00:00,2024-10-06 00:00:00+00:00,-0.007358726530341753,-0.008359186490549786,5.041924062981029
AVAX,short,2024-10-06 08:00:00+00:00,2024-10-06 12:00:00+00:00,2024-10-06 16:00:00+00:00,-0.021463052357965084,-0.022970937045191375,7.710732744665526
DOT,long,2024-10-06 16:00:00+00:00,2024-10-06 20:00:00+00:00,2024-10-07 00:00:00+00:00,0.008421559191530426,0.006598636011376557,9.046674492363598
LINK,short,2024-10-07 00:00:00+00:00,2024-10-07 04:00:00+00:00,2024-10-07 08:00:00+00:00,0.004761904761904745,0.003449199675247039,6.536688716426203
SOL,short,2024-10-08 00:00:00+00:00,2024-10-08 04:00:00+00:00,2024-10-08 08:00:00+00:00,0.011603522997343685,0.010390139591829328,6.000925858297193
AVAX,long,2024-10-08 04:00:00+00:00,2024-10-08 08:00:00+00:00,2024-10-08 12:00:00+00:00,0.007316889190616349,0.005764655811942854,7.710732744665526
SOL,long,2024-10-09 00:00:00+00:00,2024-10-09 04:00:00+00:00,2024-10-09 08:00:00+00:00,-0.005141030985132744,-0.0063343298778187895,6.000925858297193
ETH,long,2024-10-09 12:00:00+00:00,2024-10-09 16:00:00+00:00,2024-10-09 20:00:00+00:00,-0.017401231859327626,-0.018391570212918817,5.041924062981029
DOT,short,2024-10-10 08:00:00+00:00,2024-10-10 12:00:00+00:00,2024-10-10 16:00:00+00:00,0.0032051282051281937,0.001391634764824845,9.046674492363598
XRP,short,2024-10-10 08:00:00+00:00,2024-10-10 12:00:00+00:00,2024-10-10 16:00:00+00:00,-0.010826955385476844,-0.011962420528996431,5.742762706652812
ADA,short,2024-10-10 12:00:00+00:00,2024-10-10 16:00:00+00:00,2024-10-10 20:00:00+00:00,0.00326894502228825,0.001266659457773489,9.988775255673833
DOT,short,2024-10-10 20:00:00+00:00,2024-10-11 00:00:00+00:00,2024-10-11 04:00:00+00:00,-0.007067999025103577,-0.008862921738125418,9.046674492363598
LINK,short,2024-10-10 20:00:00+00:00,2024-10-11 00:00:00+00:00,2024-10-11 04:00:00+00:00,-0.006305882352941161,-0.007604127555744911,6.536688716426203
SOL,long,2024-10-13 04:00:00+00:00,2024-10-13 08:00:00+00:00,2024-10-13 12:00:00+00:00,0.00040972411909323547,-0.0007902327121809272,6.000925858297193
XRP,long,2024-10-13 04:00:00+00:00,2024-10-13 08:00:00+00:00,2024-10-13 12:00:00+00:00,-0.010249720462169098,-0.011385848209809035,5.742762706652812
AVAX,long,2024-10-13 12:00:00+00:00,2024-10-13 16:00:00+00:00,2024-10-13 20:00:00+00:00,0.005797203288595343,0.004247311682612942,7.710732744665526
AVAX,short,2024-10-14 08:00:00+00:00,2024-10-14 12:00:00+00:00,2024-10-14 16:00:00+00:00,-0.0064976818166435635,-0.008028627516673104,7.710732744665526
ADA,long,2024-10-14 12:00:00+00:00,2024-10-14 16:00:00+00:00,2024-10-14 20:00:00+00:00,0.0011007154650524154,-0.0008972428303242186,9.988775255673833
XRP,long,2024-10-14 16:00:00+00:00,2024-10-14 20:00:00+00:00,2024-10-15 00:00:00+00:00,0.002192982456140413,0.0010425718127704542,5.742762706652812
DOT,short,2024-10-15 08:00:00+00:00,2024-10-15 12:00:00+00:00,2024-10-15 16:00:00+00:00,0.0032058621479276184,0.001392367380876225,9.046674492363598
LINK,short,2024-10-15 08:00:00+00:00,2024-10-15 12:00:00+00:00,2024-10-15 16:00:00+00:00,0.021007271747912837,0.019673342353510037,6.536688716426203
XRP,short,2024-10-15 12:00:00+00:00,2024-10-15 16:00:00+00:00,2024-10-15 20:00:00+00:00,-0.008825151682294585,-0.009962914682940083,5.742762706652812
AVAX,short,2024-10-16 04:00:00+00:00,2024-10-16 08:00:00+00:00,2024-10-16 12:00:00+00:00,-0.01901891125704247,-0.020530562263924246,7.710732744665526
DOT,long,2024-10-16 08:00:00+00:00,2024-10-16 12:00:00+00:00,2024-10-16 16:00:00+00:00,-0.010311640696608615,-0.012100699880100318,9.046674492363598
SOL,long,2024-10-16 16:00:00+00:00,2024-10-16 20:00:00+00:00,2024-10-17 00:00:00+00:00,-0.0007125736865972732,-0.0019111843605056356,6.000925858297193
ADA,long,2024-10-17 08:00:00+00:00,2024-10-17 12:00:00+00:00,2024-10-17 16:00:00+00:00,0.015429403202328773,0.013402848263193823,9.988775255673833
SOL,short,2024-10-18 08:00:00+00:00,2024-10-18 12:00:00+00:00,2024-10-18 16:00:00+00:00,-0.01111541941320926,-0.012301552233800916,6.000925858297193
ADA,short,2024-10-19 04:00:00+00:00,2024-10-19 08:00:00+00:00,2024-10-19 12:00:00+00:00,0.010583524027459879,0.008566640307559936,9.988775255673833
SOL,short,2024-10-19 04:00:00+00:00,2024-10-19 08:00:00+00:00,2024-10-19 12:00:00+00:00,0.004614584687377965,0.0034095842714190194,6.000925858297193
AVAX,long,2024-10-19 16:00:00+00:00,2024-10-19 20:00:00+00:00,2024-10-20 00:00:00+00:00,0.007058654914185558,0.005506819463778623,7.710732744665526
AVAX,long,2024-10-20 04:00:00+00:00,2024-10-20 08:00:00+00:00,2024-10-20 12:00:00+00:00,0.007049057143879489,0.005497236483236856,7.710732744665526
AVAX,short,2024-10-21 12:00:00+00:00,2024-10-21 16:00:00+00:00,2024-10-21 20:00:00+00:00,-0.008393156898460652,-0.009921181750322194,7.710732744665526
SOL,long,2024-10-21 12:00:00+00:00,2024-10-21 16:00:00+00:00,2024-10-21 20:00:00+00:00,0.01518635043562444,0.013968669552630208,6.000925858297193
XRP,long,2024-10-21 12:00:00+00:00,2024-10-21 16:00:00+00:00,2024-10-21 20:00:00+00:00,0.002379209370424462,0.0012285849584214859,5.742762706652812
XRP,short,2024-10-22 00:00:00+00:00,2024-10-22 04:00:00+00:00,2024-10-22 08:00:00+00:00,-0.007308605883427743,-0.008448109716885477,5.742762706652812
ETH,short,2024-10-22 20:00:00+00:00,2024-10-23 00:00:00+00:00,2024-10-23 04:00:00+00:00,0.0023193699872758877,0.0013091556995823428,5.041924062981029
XRP,short,2024-10-22 20:00:00+00:00,2024-10-23 00:00:00+00:00,2024-10-23 04:00:00+00:00,0.004327375352775276,0.0031745146540287372,5.742762706652812
XRP,short,2024-10-23 12:00:00+00:00,2024-10-23 16:00:00+00:00,2024-10-23 20:00:00+00:00,0.004215366928530306,0.0030626348035072137,5.742762706652812
ADA,long,2024-10-23 20:00:00+00:00,2024-10-24 00:00:00+00:00,2024-10-24 04:00:00+00:00,0.0045753503002572415,0.0025704574623464094,9.988775255673833
AVAX,short,2024-10-25 04:00:00+00:00,2024-10-25 08:00:00+00:00,2024-10-25 12:00:00+00:00,-0.011715071382830455,-0.013237977302805626,7.710732744665526
ETH,long,2024-10-25 08:00:00+00:00,2024-10-25 12:00:00+00:00,2024-10-25 16:00:00+00:00,-0.007928712311113473,-0.008928597795963,5.041924062981029
LINK,short,2024-10-25 16:00:00+00:00,2024-10-25 20:00:00+00:00,2024-10-26 00:00:00+00:00,0.04258760107816695,0.04122547733448689,6.536688716426203
SOL,short,2024-10-25 16:00:00+00:00,2024-10-25 20:00:00+00:00,2024-10-26 00:00:00+00:00,0.019170104343605887,0.017947645085711228,6.000925858297193
XRP,short,2024-10-25 16:00:00+00:00,2024-10-25 20:00:00+00:00,2024-10-26 00:00:00+00:00,0.02589641434262946,0.024718794687818013,5.742762706652812
XRP,long,2024-10-27 20:00:00+00:00,2024-10-28 00:00:00+00:00,2024-10-28 04:00:00+00:00,-0.007158057651383332,-0.008297734298152948,5.742762706652812
ADA,short,2024-10-28 08:00:00+00:00,2024-10-28 12:00:00+00:00,2024-10-28 16:00:00+00:00,0.01618705035971235,0.014158983337527076,9.988775255673833
ADA,short,2024-10-29 20:00:00+00:00,2024-10-30 00:00:00+00:00,2024-10-30 04:00:00+00:00,-0.0077972709551655806,-0.009777470991552129,9.988775255673833
AVAX,short,2024-10-29 20:00:00+00:00,2024-10-30 00:00:00+00:00,2024-10-30 04:00:00+00:00,0.01052789893217021,0.008970717521200822,7.710732744665526
DOT,short,2024-10-29 20:00:00+00:00,2024-10-30 00:00:00+00:00,2024-10-30 04:00:00+00:00,-0.0021413276231264655,-0.00394515627773373,9.046674492363598
LINK,short,2024-10-31 16:00:00+00:00,2024-10-31 20:00:00+00:00,2024-11-01 00:00:00+00:00,-0.001313830253131365,-0.0026185974908101706,6.536688716426203
ETH,short,2024-11-01 00:00:00+00:00,2024-11-01 04:00:00+00:00,2024-11-01 08:00:00+00:00,-0.00024361995287358607,-0.0012512510628551743,5.041924062981029
DOT,short,2024-11-01 04:00:00+00:00,2024-11-01 08:00:00+00:00,2024-11-01 12:00:00+00:00,-0.0020366598778004397,-0.0038406777402418824,9.046674492363598
ETH,long,2024-11-01 12:00:00+00:00,2024-11-01 16:00:00+00:00,2024-11-01 20:00:00+00:00,0.005823883522329432,0.004810137117278401,5.041924062981029
LINK,short,2024-11-01 12:00:00+00:00,2024-11-01 16:00:00+00:00,2024-11-01 20:00:00+00:00,-0.0018511988716500838,-0.0031552640459691084,6.536688716426203
XRP,long,2024-11-01 12:00:00+00:00,2024-11-01 16:00:00+00:00,2024-11-01 20:00:00+00:00,0.00019372336303757898,-0.0009543923441475144,5.742762706652812
DOT,long,2024-11-02 00:00:00+00:00,2024-11-02 04:00:00+00:00,2024-11-02 08:00:00+00:00,0.001533350370559683,-0.00027712099773535837,9.046674492363598
DOT,short,2024-11-02 20:00:00+00:00,2024-11-03 00:00:00+00:00,2024-11-03 04:00:00+00:00,0.03113456464379949,0.0292705831743294,9.046674492363598
SOL,short,2024-11-04 16:00:00+00:00,2024-11-04 20:00:00+00:00,2024-11-05 00:00:00+00:00,0.010572966128521877,0.009360818840294938,6.000925858297193
ADA,short,2024-11-06 00:00:00+00:00,2024-11-06 04:00:00+00:00,2024-11-06 08:00:00+00:00,-0.0033351862145637456,-0.005324291508018164,9.988775255673833
LINK,long,2024-11-06 08:00:00+00:00,2024-11-06 12:00:00+00:00,2024-11-06 16:00:00+00:00,-0.0023658639628221234,-0.00366925673557017,6.536688716426203
ADA,long,2024-11-06 12:00:00+00:00,2024-11-06 16:00:00+00:00,2024-11-06 20:00:00+00:00,0.011891279728199367,0.00987178603978145,9.988775255673833
AVAX,long,2024-11-06 12:00:00+00:00,2024-11-06 16:00:00+00:00,2024-11-06 20:00:00+00:00,0.017628388971741016,0.01606026600130539,7.710732744665526
XRP,long,2024-11-06 12:00:00+00:00,2024-11-06 16:00:00+00:00,2024-11-06 20:00:00+00:00,0.010742555597436976,0.009582330956054541,5.742762706652812
ETH,long,2024-11-06 16:00:00+00:00,2024-11-06 20:00:00+00:00,2024-11-07 00:00:00+00:00,0.012805107161857121,0.011784324544519276,5.041924062981029
ETH,long,2024-11-07 12:00:00+00:00,2024-11-07 16:00:00+00:00,2024-11-07 20:00:00+00:00,0.013224986304448683,0.012203780500728012,5.041924062981029
LINK,long,2024-11-07 20:00:00+00:00,2024-11-08 00:00:00+00:00,2024-11-08 04:00:00+00:00,0.003096958627809121,0.0017864287661961686,6.536688716426203
ETH,long,2024-11-08 04:00:00+00:00,2024-11-08 08:00:00+00:00,2024-11-08 12:00:00+00:00,0.0007072475709823944,-0.00030134189617270213,5.041924062981029
ADA,short,2024-11-08 20:00:00+00:00,2024-11-09 00:00:00+00:00,2024-11-09 04:00:00+00:00,0.034908075401442806,0.03284264567768114,9.988775255673833
ETH,short,2024-11-08 20:00:00+00:00,2024-11-09 00:00:00+00:00,2024-11-09 04:00:00+00:00,-0.0012812731809292988,-0.0022878584644527855,5.041924062981029
SOL,short,2024-11-08 20:00:00+00:00,2024-11-09 00:00:00+00:00,2024-11-09 04:00:00+00:00,0.004371639616099765,0.0031669306043431433,6.000925858297193
XRP,short,2024-11-08 20:00:00+00:00,2024-11-09 00:00:00+00:00,2024-11-09 04:00:00+00:00,0.013357731015553487,0.012194504431742859,5.742762706652812
AVAX,long,2024-11-09 04:00:00+00:00,2024-11-09 08:00:00+00:00,2024-11-09 12:00:00+00:00,0.008098134353857755,0.006544697108921138,7.710732744665526
LINK,long,2024-11-09 16:00:00+00:00,2024-11-09 20:00:00+00:00,2024-11-10 00:00:00+00:00,0.017126827107633247,0.015797967451039785,6.536688716426203
XRP,long,2024-11-10 00:00:00+00:00,2024-11-10 04:00:00+00:00,2024-11-10 08:00:00+00:00,0.024671916010498673,0.02349570194915951,5.742762706652812
LINK,short,2024-11-10 04:00:00+00:00,2024-11-10 08:00:00+00:00,2024-11-10 12:00:00+00:00,-0.005422472372846543,-0.006721871736420915,6.536688716426203
AVAX,short,2024-11-10 16:00:00+00:00,2024-11-10 20:00:00+00:00,2024-11-11 00:00:00+00:00,0.004483883105480979,0.002936015271210124,7.710732744665526
XRP,long,2024-11-11 16:00:00+00:00,2024-11-11 20:00:00+00:00,2024-11-12 00:00:00+00:00,0.03773584905660399,0.0365446389936126,5.742762706652812
XRP,long,2024-11-12 04:00:00+00:00,2024-11-12 08:00:00+00:00,2024-11-12 12:00:00+00:00,0.05147775251705089,0.05027076821468879,5.742762706652812
SOL,long,2024-11-12 08:00:00+00:00,2024-11-12 12:00:00+00:00,2024-11-12 16:00:00+00:00,-0.003925649151019339,-0.005120405852140464,6.000925858297193
XRP,long,2024-11-12 16:00:00+00:00,2024-11-12 20:00:00+00:00,2024-11-13 00:00:00+00:00,0.01689286745596319,0.015725582912599956,5.742762706652812
SOL,long,2024-11-13 04:00:00+00:00,2024-11-13 08:00:00+00:00,2024-11-13 12:00:00+00:00,0.012084003313355796,0.010870043588335765,6.000925858297193
ETH,long,2024-11-13 12:00:00+00:00,2024-11-13 16:00:00+00:00,2024-11-13 20:00:00+00:00,-0.04573726071839601,-0.046699039850179314,5.041924062981029
XRP,long,2024-11-13 12:00:00+00:00,2024-11-13 16:00:00+00:00,2024-11-13 20:00:00+00:00,-0.044874491656149096,-0.04597087385976395,5.742762706652812
ADA,short,2024-11-13 16:00:00+00:00,2024-11-13 20:00:00+00:00,2024-11-14 00:00:00+00:00,-0.014006570983918332,-0.01597437873818064,9.988775255673833
AVAX,short,2024-11-13 20:00:00+00:00,2024-11-14 00:00:00+00:00,2024-11-14 04:00:00+00:00,-0.006927367600311762,-0.008457651172442127,7.710732744665526
XRP,short,2024-11-14 00:00:00+00:00,2024-11-14 04:00:00+00:00,2024-11-14 08:00:00+00:00,-0.0020042949176807268,-0.003149887534334539,5.742762706652812
ETH,short,2024-11-14 12:00:00+00:00,2024-11-14 16:00:00+00:00,2024-11-14 20:00:00+00:00,-0.02172323693395306,-0.02270921923955327,5.041924062981029
LINK,long,2024-11-14 12:00:00+00:00,2024-11-14 16:00:00+00:00,2024-11-14 20:00:00+00:00,0.026234567901234573,0.024893809129426847,6.536688716426203
SOL,short,2024-11-14 12:00:00+00:00,2024-11-14 16:00:00+00:00,2024-11-14 20:00:00+00:00,-0.02189239332096471,-0.023065599534437986,6.000925858297193
AVAX,short,2024-11-15 12:00:00+00:00,2024-11-15 16:00:00+00:00,2024-11-15 20:00:00+00:00,-0.03250254166795041,-0.03399341496186625,7.710732744665526
LINK,short,2024-11-15 12:00:00+00:00,2024-11-15 16:00:00+00:00,2024-11-15 20:00:00+00:00,-0.021153417947005093,-0.022432265086042347,6.536688716426203
SOL,long,2024-11-16 00:00:00+00:00,2024-11-16 04:00:00+00:00,2024-11-16 08:00:00+00:00,-0.011111612990649888,-0.012297750376913608,6.000925858297193
ETH,short,2024-11-16 08:00:00+00:00,2024-11-16 12:00:00+00:00,2024-11-16 16:00:00+00:00,0.017081422401583612,0.016056329785972823,5.041924062981029
XRP,short,2024-11-16 08:00:00+00:00,2024-11-16 12:00:00+00:00,2024-11-16 16:00:00+00:00,-0.0546846846846849,-0.05576980583312263,5.742762706652812
ETH,short,2024-11-17 16:00:00+00:00,2024-11-17 20:00:00+00:00,2024-11-18 00:00:00+00:00,0.0074623227454586605,0.00644692499577415,5.041924062981029
SOL,long,2024-11-18 04:00:00+00:00,2024-11-18 08:00:00+00:00,2024-11-18 12:00:00+00:00,0.0022722577979754632,0.0010700669220322645,6.000925858297193
XRP,short,2024-11-18 08:00:00+00:00,2024-11-18 12:00:00+00:00,2024-11-18 16:00:00+00:00,-0.04070265638389037,-0.04180382740940247,5.742762706652812
ETH,long,2024-11-18 12:00:00+00:00,2024-11-18 16:00:00+00:00,2024-11-18 20:00:00+00:00,-0.0052034795884289275,-0.006206111771702494,5.041924062981029
LINK,long,2024-11-18 12:00:00+00:00,2024-11-18 16:00:00+00:00,2024-11-18 20:00:00+00:00,-0.014317761942465035,-0.015605539754893871,6.536688716426203
XRP,short,2024-11-18 20:00:00+00:00,2024-11-19 00:00:00+00:00,2024-11-19 04:00:00+00:00,-0.021085925144965767,-0.022209614085490492,5.742762706652812
ADA,short,2024-11-19 00:00:00+00:00,2024-11-19 04:00:00+00:00,2024-11-19 08:00:00+00:00,-0.0030443414956982107,-0.005034027245853667,9.988775255673833
LINK,long,2024-11-19 00:00:00+00:00,2024-11-19 04:00:00+00:00,2024-11-19 08:00:00+00:00,-0.015645717316361663,-0.016931760176692956,6.536688716426203
ADA,long,2024-11-19 12:00:00+00:00,2024-11-19 16:00:00+00:00,2024-11-19 20:00:00+00:00,0.0228829816388052,0.020841551134567204,9.988775255673833
LINK,long,2024-11-19 20:00:00+00:00,2024-11-20 00:00:00+00:00,2024-11-20 04:00:00+00:00,-0.014090287277701785,-0.015378362282080338,6.536688716426203
XRP,short,2024-11-20 00:00:00+00:00,2024-11-20 04:00:00+00:00,2024-11-20 08:00:00+00:00,-0.0034199094186154744,-0.004563877060820842,5.742762706652812
SOL,long,2024-11-20 04:00:00+00:00,2024-11-20 08:00:00+00:00,2024-11-20 12:00:00+00:00,0.007035388853570801,0.005827484766819158,6.000925858297193
ADA,short,2024-11-20 12:00:00+00:00,2024-11-20 16:00:00+00:00,2024-11-20 20:00:00+00:00,0.04608641202254238,0.043998673004585154,9.988775255673833
LINK,short,2024-11-21 00:00:00+00:00,2024-11-21 04:00:00+00:00,2024-11-21 08:00:00+00:00,-0.035249198881843524,-0.036509630112349756,6.536688716426203
ADA,short,2024-11-21 16:00:00+00:00,2024-11-21 20:00:00+00:00,2024-11-22 00:00:00+00:00,-0.03162247628314285,-0.03355512689129625,9.988775255673833
ETH,long,2024-11-21 20:00:00+00:00,2024-11-22 00:00:00+00:00,2024-11-22 04:00:00+00:00,0.002996964307525385,0.0019860670883391496,5.041924062981029
SOL,long,2024-11-21 20:00:00+00:00,2024-11-22 00:00:00+00:00,2024-11-22 04:00:00+00:00,0.023626652111193414,0.022398847378530817,6.000925858297193
XRP,long,2024-11-21 20:00:00+00:00,2024-11-22 00:00:00+00:00,2024-11-22 04:00:00+00:00,0.1100865939704938,0.10881233296974746,5.742762706652812
ADA,long,2024-11-22 04:00:00+00:00,2024-11-22 08:00:00+00:00,2024-11-22 12:00:00+00:00,0.06788969385370414,0.0657584406846452,9.988775255673833
